serial,pdb_id,gdt_ts,lddt,lddt_coverage,pred_dope,pred_molpdf,rmsd,tm_score
1,1A11,97.00,0.852400,1.00,-1918.901,35.175,0.136181,0.745140
2,1A3P,46.67,0.415900,1.00,-3204.911,239.025,0.853159,0.379530
3,1ACW,78.45,0.645300,1.00,-1941.132,138.387,0.194550,0.434220
4,1ADX,48.12,0.500500,1.00,-2444.184,225.135,0.695843,0.347880
5,1AG7,75.74,0.575400,1.00,-1866.251,157.451,0.313158,0.605250
6,1AGG,39.58,0.427700,1.00,-2945.276,406.475,0.991079,0.311850
7,1AGT,96.05,0.781700,1.00,-2883.333,164.796,0.077456,0.867070
8,1AHL,43.88,0.418500,1.00,-3931.835,350.188,0.577313,0.354830
9,1ALE,93.06,0.733400,1.00,-1365.337,34.899,0.169063,0.530410
10,1ALF,89.47,0.737100,1.00,-1650.914,42.447,0.161315,0.507790
11,1ALG,68.75,0.635200,1.00,-1461.695,36.029,0.654298,0.534710
12,1AMB,16.96,0.352000,1.00,-909.914,138.152,0.951858,0.230200
13,1AMC,17.86,0.353900,1.00,-909.914,138.152,0.938406,0.203170
14,1AML,18.12,0.312400,1.00,-1557.023,200.827,1.352654,0.160050
15,1ANP,24.11,0.399100,1.00,-1259.633,159.360,1.295670,0.153330
16,1ANS,38.89,0.380700,1.00,-1680.184,139.297,0.806866,0.181940
17,1AOO,43.75,0.431300,1.00,-2738.205,211.733,0.611676,0.339950
18,1APF,55.10,0.480700,1.00,-3665.328,315.992,0.462651,0.402050
19,1APO,38.69,0.373000,1.00,-2451.151,358.131,0.867004,0.238510
20,1AQG,38.64,0.456600,1.00,-344.173,49.236,0.562969,0.211420
21,1AQQ,46.25,0.431200,1.00,-2738.205,211.733,0.618403,0.334530
22,1AQR,47.50,0.447100,1.00,-2738.205,211.733,0.601104,0.344630
23,1ARD,51.72,0.532100,1.00,-2234.928,93.413,0.809817,0.372180
24,1ARE,51.72,0.546400,1.00,-2171.698,76.395,0.811671,0.427740
25,1ARF,50.00,0.503200,1.00,-2331.159,88.329,0.897256,0.353410
26,1ATX,55.98,0.468600,1.00,-2954.774,236.424,0.468971,0.448700
27,1AV3,97.22,0.728900,1.00,-1450.949,232.615,0.082190,0.698670
28,1AW6,36.63,0.407900,1.00,-2619.672,259.308,0.931815,0.306260
29,1AXH,91.89,0.745000,1.00,-2301.972,202.546,0.172758,0.800810
30,1AZ6,77.78,0.667300,1.00,-2113.942,206.166,0.232256,0.583370
31,1AZH,54.17,0.542600,1.00,-2113.942,206.166,0.485418,0.357670
32,1AZJ,84.72,0.668200,1.00,-2242.837,202.377,0.160722,0.668340
33,1AZK,70.14,0.629900,1.00,-2310.598,188.414,0.274663,0.476950
34,1B03,62.50,0.475800,1.00,-740.758,85.408,0.325411,0.313150
35,1B1V,83.70,0.609400,1.00,-1170.590,116.504,0.354316,0.472880
36,1B4G,28.33,0.329800,1.00,-1157.117,178.880,1.537918,0.174010
37,1B4I,25.00,0.310500,1.00,-1157.117,178.880,1.204074,0.204010
38,1B5N,79.35,0.615500,1.00,-1170.590,116.504,0.341084,0.434980
39,1B8W,32.14,0.342000,1.00,-2531.067,272.703,0.883594,0.233880
40,1B9P,75.74,0.652000,1.00,-2110.050,166.432,0.340431,0.547670
41,1B9Q,67.65,0.626800,1.00,-2110.050,166.432,0.337158,0.457570
42,1B9U,80.88,0.767800,1.00,-2847.441,93.735,0.249589,0.580780
43,1BA4,20.00,0.315600,1.00,-1557.023,200.827,1.686987,0.214130
44,1BA6,20.62,0.330800,1.00,-1557.023,200.827,1.478630,0.158070
45,1BAH,82.43,0.626900,1.00,-2688.659,175.405,0.161960,0.667720
46,1BBA,79.17,0.689900,1.00,-2691.007,126.533,0.206361,0.591410
47,1BBG,33.75,0.364700,1.00,-2832.383,220.440,0.831853,0.358810
48,1BDS,33.14,0.345400,1.00,-3258.776,216.155,0.975349,0.295860
49,1BEI,48.57,0.461900,1.00,-2577.197,158.098,0.562917,0.312970
50,1BF9,38.41,0.355300,1.00,-2726.920,198.828,0.876166,0.312100
51,1BGK,54.05,0.504700,1.00,-2880.314,121.980,0.602557,0.391790
52,1BH4,72.50,0.617400,1.00,-2017.750,179.153,0.293071,0.456060
53,1BH7,40.15,0.536500,1.00,-2083.147,123.521,1.143103,0.264780
54,1BHI,82.24,0.720500,1.00,-2269.024,172.075,0.259849,0.683150
55,1BIG,85.81,0.722200,1.00,-2940.036,198.174,0.128332,0.701400
56,1BJB,30.36,0.409600,1.00,-1027.304,121.932,0.956339,0.192680
57,1BJC,52.68,0.445500,1.00,-1895.962,161.332,0.652537,0.377260
58,1BL1,51.61,0.639400,1.00,-2556.608,50.533,0.639455,0.364120
59,1BM4,56.25,0.424200,1.00,-2419.071,102.304,0.896160,0.423300
60,1BMX,66.94,0.608400,1.00,-2330.792,103.908,0.376009,0.560780
61,1BNB,55.26,0.480900,1.00,-2534.914,234.758,0.773109,0.469720
62,1BOE,79.79,0.649000,1.00,-3437.914,214.929,0.221104,0.709090
63,1BQF,75.00,0.552600,1.00,-1424.483,96.141,0.355560,0.371480
64,1BRV,64.06,0.624200,1.00,-1946.843,248.673,0.588389,0.456690
65,1BWX,51.28,0.584500,1.00,-3143.757,81.453,0.602021,0.431540
66,1BY0,80.56,0.647300,1.00,-1781.156,59.016,0.330042,0.553440
67,1BY6,50.69,0.463500,1.00,-2624.212,56.505,0.521126,0.354040
68,1BZG,52.94,0.559400,1.00,-2423.275,69.846,0.575808,0.388820
69,1C2U,40.00,0.430200,1.00,-2696.865,143.129,0.715458,0.267900
70,1C49,89.29,0.717800,1.00,-2412.801,142.069,0.123418,0.719300
71,1C4B,53.85,0.472200,1.00,-399.653,72.242,0.471519,0.230750
72,1C4E,80.00,0.670100,1.00,-1933.588,215.520,0.196678,0.602270
73,1C55,75.62,0.636000,1.00,-3314.059,205.736,0.307914,0.618520
74,1C56,75.62,0.640900,1.00,-3314.059,205.736,0.311808,0.598810
75,1C6W,46.97,0.394200,1.00,-1597.550,282.356,0.634783,0.249880
76,1CBH,89.58,0.757000,1.00,-2406.392,184.541,0.129145,0.776580
77,1CCF,36.31,0.373800,1.00,-2451.151,358.131,0.904548,0.226470
78,1CCM,47.28,0.435600,1.00,-3729.358,260.360,0.541160,0.403600
79,1CCN,47.83,0.434400,1.00,-3729.358,260.360,0.492478,0.425330
80,1CE4,55.00,0.518300,1.00,-1673.003,170.458,0.510739,0.422270
81,1CFG,76.14,0.569500,1.00,-1620.530,57.338,0.401140,0.296630
82,1CFH,32.98,0.466400,1.00,-3161.549,168.674,0.877008,0.277540
83,1CFI,31.91,0.518200,1.00,-3161.549,168.674,1.178032,0.238050
84,1CHL,82.64,0.631000,1.00,-2615.909,165.247,0.189095,0.639800
85,1CIX,78.41,0.623200,1.00,-3206.542,248.633,0.196941,0.641470
86,1CKW,28.00,0.276700,1.00,-1298.360,154.452,0.998665,0.137800
87,1CKX,85.58,0.725500,1.00,-1847.308,81.440,0.150517,0.498550
88,1CKY,56.73,0.506500,1.00,-1847.308,81.440,0.552867,0.295020
89,1CKZ,31.00,0.327900,1.00,-1298.360,154.452,0.874872,0.143140
90,1CMR,81.45,0.624800,1.00,-2413.547,121.331,0.159807,0.521300
91,1CO4,72.62,0.630000,1.00,-2566.503,294.230,0.345327,0.555450
92,1CQ0,58.93,0.635600,1.00,-1549.107,90.306,0.463829,0.371320
93,1CR8,32.14,0.347300,1.00,-2497.292,255.376,1.100266,0.298840
94,1CSA,43.18,0.302900,1.00,-566.103,11.229,0.495755,0.121230
95,1CTI,87.93,0.748300,1.00,-1979.401,148.035,0.117534,0.632600
96,1CW5,52.08,0.537600,1.00,-2742.376,209.557,0.974676,0.472180
97,1CW6,71.62,0.596300,1.00,-2271.634,143.738,0.551292,0.546070
98,1CWX,23.86,0.444300,1.00,-1631.598,258.920,1.111254,0.184790
99,1CXR,38.59,0.378900,1.00,-3668.296,311.228,0.651999,0.332680
100,1CYA,40.91,0.445300,1.00,-566.103,11.229,0.476192,0.093990
101,1CYB,43.18,0.394500,1.00,-566.103,11.229,0.442653,0.152040
102,1CZ6,88.00,0.701500,1.00,-1105.248,120.516,0.196771,0.529820
103,1D0R,77.50,0.716800,1.00,-1990.087,76.714,0.255108,0.494680
104,1D1H,50.00,0.403000,1.00,-2761.502,193.399,0.469883,0.355690
105,1D2J,30.00,0.345000,1.00,-2390.670,342.838,0.995946,0.256420
106,1D2L,42.22,0.428300,1.00,-2340.243,268.252,0.946295,0.365640
107,1D5Q,100.00,0.868100,1.00,-1908.106,91.839,0.035370,0.903710
108,1D6B,52.38,0.507200,1.00,-2795.485,248.224,0.648813,0.414110
109,1D6X,75.00,0.569200,1.00,-551.068,95.438,0.324297,0.399330
110,1DEC,52.56,0.452800,1.00,-2481.378,290.456,0.661002,0.448920
111,1DEP,86.67,0.677000,1.00,-945.732,54.980,0.235850,0.593910
112,1DF6,50.00,0.412600,1.00,-2352.462,141.314,0.503877,0.287490
113,1DFE,51.35,0.460800,1.00,-2496.509,188.037,1.015293,0.429800
114,1DFS,40.32,0.416000,1.00,-2115.556,164.565,0.504185,0.234010
115,1DFT,43.33,0.380300,1.00,-1956.727,143.679,0.621942,0.218590
116,1DGZ,52.03,0.462200,1.00,-2496.509,188.037,1.012853,0.403360
117,1DJF,86.67,0.788600,1.00,-685.100,50.257,0.144856,0.446780
118,1DKC,71.05,0.581600,1.00,-2372.785,193.271,0.259264,0.526460
119,1DL0,89.19,0.770500,1.00,-2381.479,147.362,0.169637,0.750550
120,1DMC,67.74,0.573000,1.00,-2044.602,125.267,0.309609,0.352510
121,1DMD,64.52,0.571700,1.00,-2044.602,125.267,0.326333,0.337640
122,1DME,45.54,0.440300,1.00,-1904.640,135.875,0.666158,0.204930
123,1DMF,48.21,0.448100,1.00,-1904.640,135.875,0.654488,0.211610
124,1DN3,88.33,0.725300,1.00,-685.100,50.257,0.213620,0.489030
125,1DNG,83.33,0.712100,1.00,-700.559,41.626,0.192772,0.487780
126,1DPK,35.00,0.473200,1.00,-198.245,155.223,0.968321,0.095570
127,1DPQ,65.00,0.550300,1.00,-544.985,60.559,0.396327,0.327450
128,1DSK,64.29,0.655000,1.00,-2110.633,57.413,0.534798,0.492250
129,1DSQ,88.10,0.714100,1.00,-930.887,88.842,0.210031,0.474370
130,1DSV,75.81,0.679200,1.00,-1362.930,184.996,0.224000,0.496160
131,1DTC,89.42,0.736300,1.00,-1788.928,58.014,0.245164,0.606430
132,1DU1,62.50,0.548000,1.00,-1253.202,66.613,0.494581,0.288630
133,1DU9,85.71,0.672900,1.00,-1575.929,148.634,0.160007,0.530580
134,1DV0,85.11,0.735400,1.00,-4742.561,202.984,0.291109,0.774990
135,1DVW,33.33,0.527000,1.00,-472.458,141.144,0.963988,0.149590
136,1DX7,53.65,0.625400,1.00,-3800.625,150.831,0.522548,0.531450
137,1E0G,82.81,0.672100,1.00,-4259.054,194.849,0.188593,0.729610
138,1E0L,77.03,0.723000,1.00,-2425.766,189.471,0.444839,0.630160
139,1E0M,67.57,0.600500,1.00,-2207.259,222.387,0.474213,0.497200
140,1E0N,88.89,0.700200,1.00,-1803.443,130.913,0.134237,0.574360
141,1E0Q,73.53,0.551400,1.00,-1003.758,69.519,0.249983,0.250900
142,1E4Q,81.08,0.693900,1.00,-2615.330,179.142,0.196253,0.641870
143,1E4R,29.29,0.329500,1.00,-2028.145,189.082,0.909178,0.196740
144,1E4S,42.36,0.435100,1.00,-2168.279,254.112,0.829832,0.283440
145,1E4T,40.54,0.351900,1.00,-2699.575,194.178,0.651616,0.313540
146,1E8P,83.70,0.707100,1.00,-3266.373,246.026,0.345452,0.738220
147,1E8Q,81.52,0.695200,1.00,-3266.373,246.026,0.397308,0.733690
148,1E9K,43.42,0.557000,1.00,-2113.220,171.012,0.670291,0.338550
149,1ED0,57.07,0.569400,1.00,-3374.992,138.585,0.584185,0.438610
150,1ED7,91.67,0.721100,1.00,-4154.662,215.760,0.126740,0.810170
151,1EDP,70.59,0.581500,1.00,-1281.240,53.706,0.317698,0.281760
152,1EDS,26.61,0.326100,1.00,-1728.236,193.932,0.841124,0.197710
153,1EDV,22.06,0.416300,1.00,-1192.264,184.222,1.495169,0.170530
154,1EDW,34.62,0.378500,1.00,-1720.254,161.068,0.826311,0.145900
155,1EDX,26.25,0.378400,1.00,-2308.202,219.888,1.098316,0.188950
156,1EGT,86.76,0.678000,1.00,-739.703,116.125,0.161615,0.318660
157,1EHS,57.29,0.607100,1.00,-3587.039,119.561,0.487904,0.503340
158,1EI0,80.92,0.704300,1.00,-3268.534,108.694,0.222500,0.710250
159,1EMX,38.33,0.395900,1.00,-2016.856,164.969,0.801270,0.270360
160,1EMZ,79.76,0.712000,1.00,-1475.397,23.791,0.279637,0.421030
161,1EQX,55.56,0.530500,1.00,-571.950,123.313,0.474660,0.216720
162,1ERC,92.50,0.777400,1.00,-3368.479,154.898,0.096854,0.791980
163,1ERD,43.12,0.438700,1.00,-2693.623,185.531,0.611975,0.293030
164,1ERP,34.87,0.373300,1.00,-2384.941,320.235,0.674877,0.321440
165,1ERY,87.82,0.763300,1.00,-3236.211,147.902,0.458756,0.785050
166,1ESK,29.76,0.302400,1.00,-2337.424,240.145,0.954710,0.278320
167,1EWS,46.88,0.403800,1.00,-2080.466,166.833,0.851632,0.294260
168,1EYO,86.67,0.736400,1.00,-1992.195,160.152,0.156160,0.621660
169,1EZE,67.76,0.648000,1.00,-2671.292,116.022,0.297374,0.444960
170,1F3K,84.62,0.664300,1.00,-1820.475,147.304,0.146117,0.530570
171,1F4I,87.78,0.705700,1.00,-4481.917,201.461,0.169381,0.784850
172,1F7E,32.61,0.348800,1.00,-2952.969,269.771,1.120082,0.340190
173,1F7M,30.43,0.350600,1.00,-2952.969,269.771,1.151221,0.324620
174,1F8Z,32.05,0.366000,1.00,-2555.412,210.054,0.951664,0.293070
175,1FAC,69.05,0.598500,1.00,-1478.819,48.904,0.344830,0.252030
176,1FCT,57.03,0.480500,1.00,-1929.040,103.086,0.504372,0.391040
177,1FDF,55.00,0.571000,1.00,-1864.797,65.209,0.466782,0.259120
178,1FEO,86.54,0.678800,1.00,-1423.190,175.485,0.177003,0.541180
179,1FF7,32.61,0.331400,1.00,-2952.969,269.771,1.199295,0.302230
180,1FFM,32.07,0.338200,1.00,-2952.969,269.771,1.210210,0.340700
181,1FGD,72.22,0.618100,1.00,-776.866,146.204,0.228899,0.218550
182,1FGE,52.50,0.459100,1.00,-968.145,88.125,0.575449,0.182200
183,1FJN,30.13,0.338200,1.00,-2885.520,247.287,0.916489,0.292720
184,1FME,76.79,0.652600,1.00,-2145.779,136.270,0.235931,0.455960
185,1FMY,46.88,0.455300,1.00,-2568.800,213.221,0.622894,0.351650
186,1FQQ,72.56,0.612200,1.00,-2972.463,242.200,0.257466,0.576640
187,1FRE,35.12,0.407500,1.00,-2476.695,311.457,0.984387,0.243860
188,1FRY,35.34,0.491700,1.00,-1338.705,189.426,0.646024,0.222230
189,1FSB,29.38,0.337600,1.00,-2928.940,212.603,0.991821,0.303620
190,1FSD,78.57,0.625300,1.00,-2154.656,167.881,0.281780,0.494740
191,1FSV,79.46,0.653000,1.00,-2154.656,167.881,0.239808,0.501310
192,1FU3,89.81,0.687400,1.00,-1771.922,140.399,0.112473,0.608050
193,1FU9,22.92,0.291000,1.00,-2334.313,226.354,0.957529,0.251490
194,1FUL,50.00,0.509000,1.00,-393.106,50.167,0.459893,0.156030
195,1FUV,56.82,0.515500,1.00,-393.106,50.167,0.330445,0.296140
196,1FV5,70.14,0.613700,1.00,-2446.737,133.648,0.683527,0.572690
197,1FVY,46.77,0.596200,1.00,-2501.755,55.701,0.941165,0.352140
198,1FW5,76.25,0.708900,1.00,-1349.103,62.649,0.336573,0.396660
199,1FWO,54.29,0.533800,1.00,-2235.849,171.855,0.554782,0.359750
200,1FYG,83.00,0.637700,1.00,-1245.984,126.662,0.175587,0.427710
201,1G04,36.54,0.313300,1.00,-2039.858,97.496,0.641322,0.231900
202,1G26,75.81,0.669600,1.00,-2223.129,198.280,0.237205,0.464410
203,1G92,87.00,0.727600,1.00,-1657.214,97.038,0.163536,0.497000
204,1G9P,65.00,0.609800,1.00,-2373.798,269.367,0.533263,0.543150
205,1GEA,69.05,0.620400,1.00,-1321.685,66.703,0.372203,0.344830
206,1GIB,45.45,0.411800,1.00,-946.627,144.119,0.464939,0.145880
207,1GK5,70.41,0.579900,1.00,-3615.814,286.354,0.491192,0.602120
208,1GM2,86.36,0.717300,1.00,-385.884,42.177,0.156402,0.497650
209,1GNA,67.31,0.618600,1.00,-595.971,78.265,0.337110,0.313510
210,1GNB,53.85,0.534700,1.00,-595.971,78.265,0.400461,0.194810
211,1GNF,42.93,0.404800,1.00,-3453.314,257.273,0.816308,0.317610
212,1GP8,78.75,0.688300,1.00,-2912.660,68.382,0.248162,0.630250
213,1GPS,71.28,0.556600,1.00,-2848.782,196.916,0.399962,0.693390
214,1GPT,68.09,0.540900,1.00,-2813.774,206.277,0.431368,0.660380
215,1GUR,77.14,0.623900,1.00,-1935.685,192.489,0.172935,0.549650
216,1GW3,54.35,0.634900,1.00,-3476.448,116.509,0.440323,0.405600
217,1GW4,39.13,0.582100,1.00,-3476.448,116.509,0.997354,0.361670
218,1H20,89.74,0.735900,1.00,-2643.002,247.215,0.168116,0.759280
219,1H5O,32.14,0.381200,1.00,-1921.587,340.223,1.275241,0.273600
220,1H7D,28.06,0.459900,1.00,-2171.466,305.157,1.481915,0.267250
221,1H7J,48.08,0.583100,1.00,-1130.574,98.728,0.656204,0.218850
222,1HA9,87.50,0.771200,1.00,-1747.703,162.908,0.347133,0.749270
223,1HD6,52.70,0.470400,1.00,-2899.251,148.169,0.464100,0.329120
224,1HD9,93.18,0.665400,1.00,-404.412,38.477,0.088068,0.533990
225,1HEV,39.53,0.396900,1.00,-3075.717,207.567,0.896795,0.296340
226,1HFF,70.00,0.595800,1.00,-328.719,57.236,0.247735,0.290620
227,1HJ0,32.32,0.508800,1.00,-1765.112,263.340,0.875821,0.267490
228,1HLL,66.41,0.664800,1.00,-2391.166,90.753,0.333724,0.591540
229,1HLY,87.18,0.709400,1.00,-3012.410,187.652,0.143724,0.734720
230,1HN3,25.62,0.310800,1.00,-2196.075,230.638,1.168272,0.261630
231,1HNR,61.70,0.567500,1.00,-3309.361,213.059,0.355985,0.474920
232,1HNS,58.51,0.502800,1.00,-3309.361,213.059,0.398012,0.460120
233,1HO0,40.00,0.456000,1.00,-1842.418,124.931,1.244780,0.241370
234,1HO2,91.25,0.766800,1.00,-1353.139,32.514,0.128548,0.462930
235,1HO7,83.75,0.719900,1.00,-1353.139,32.514,0.174754,0.446530
236,1HO9,67.19,0.592200,1.00,-2425.094,104.207,0.397160,0.452690
237,1HOD,63.28,0.595300,1.00,-2425.094,104.207,0.414908,0.387310
238,1HOF,66.41,0.594400,1.00,-2391.166,90.753,0.312763,0.511550
239,1HP2,94.59,0.764700,1.00,-2804.910,182.979,0.091262,0.820660
240,1HP3,82.81,0.661000,1.00,-1981.491,169.743,0.252500,0.664580
241,1HP9,82.95,0.645300,1.00,-1784.365,45.853,0.194623,0.332410
242,1HPH,47.97,0.578200,1.00,-3095.486,87.342,0.816402,0.397800
243,1HPY,59.56,0.637000,1.00,-2717.767,81.114,0.368332,0.371120
244,1HRL,75.00,0.632500,1.00,-1049.939,107.125,0.435399,0.330750
245,1HTH,47.79,0.557100,1.00,-2713.780,73.524,0.945726,0.343060
246,1HTX,85.94,0.709700,1.00,-2280.909,177.520,0.125553,0.616230
247,1HU5,79.17,0.674100,1.00,-1047.964,30.937,0.215344,0.330930
248,1HU6,65.28,0.580300,1.00,-849.904,31.078,0.366228,0.318620
249,1HU7,80.56,0.613400,1.00,-872.292,40.963,0.252682,0.445080
250,1HVW,85.00,0.692500,1.00,-1373.954,127.158,0.164578,0.473860
251,1HVZ,81.94,0.699400,1.00,-1014.873,77.899,0.222592,0.260150
252,1HY9,76.22,0.636800,1.00,-2777.823,208.865,0.366369,0.639380
253,1HYK,32.61,0.313400,1.00,-3830.079,281.645,0.926715,0.348260
254,1HZ3,32.69,0.459200,1.00,-1152.512,165.981,1.078224,0.145130
255,1I25,47.30,0.392900,1.00,-1596.634,290.065,0.847374,0.440280
256,1I26,80.88,0.659100,1.00,-2104.218,231.605,0.309844,0.627230
257,1I2U,77.27,0.620400,1.00,-3281.772,235.058,0.386218,0.640500
258,1I2V,72.73,0.610000,1.00,-3300.898,282.908,0.433677,0.620000
259,1I6C,69.23,0.617600,1.00,-2268.602,190.917,0.521127,0.553840
260,1I8X,65.00,0.536200,1.00,-2116.387,162.466,0.526277,0.482690
261,1I8Y,70.54,0.570000,1.00,-1694.728,129.352,0.363954,0.429770
262,1IB9,78.68,0.684800,1.00,-1747.703,162.908,0.369735,0.618430
263,1IBN,73.75,0.653600,1.00,-1314.449,27.231,0.360542,0.414380
264,1IBO,73.75,0.627700,1.00,-1314.449,27.231,0.405746,0.341680
265,1IC9,82.76,0.669100,1.00,-2095.462,152.671,0.205415,0.530660
266,1ICA,74.38,0.594500,1.00,-2772.211,172.963,0.556900,0.597400
267,1ICL,71.55,0.583800,1.00,-2027.350,156.553,0.237384,0.497180
268,1ICO,83.62,0.703300,1.00,-2040.699,177.972,0.168182,0.544180
269,1ID6,40.00,0.448000,1.00,-857.000,42.271,0.569177,0.170430
270,1ID7,43.33,0.450000,1.00,-857.000,42.271,0.545328,0.178950
271,1IE6,78.79,0.635400,1.00,-1299.212,183.620,0.342336,0.570730
272,1IFY,78.57,0.666000,1.00,-4861.301,137.327,0.273604,0.726120
273,1IIJ,75.00,0.746100,1.00,-2572.952,85.138,0.255838,0.676010
274,1IM1,68.75,0.487800,1.00,-600.670,42.684,0.326171,0.333220
275,1IRR,75.00,0.567600,1.00,-1088.789,81.484,0.465601,0.421990
276,1IVA,42.19,0.406700,1.00,-2625.495,269.952,0.765502,0.323840
277,1IWC,24.26,0.446900,1.00,-788.981,170.120,0.840859,0.223910
278,1IWF,26.47,0.481900,1.00,-788.981,170.120,1.166327,0.214220
279,1IXA,81.41,0.673000,1.00,-2209.257,187.971,0.219569,0.663400
280,1IXT,83.33,0.666900,1.00,-1800.948,108.023,0.167001,0.480300
281,1IXU,43.75,0.520300,1.00,-410.049,57.406,0.590633,0.190180
282,1IYC,30.56,0.446600,1.00,-1912.841,290.803,1.088335,0.214460
283,1IYT,16.07,0.260000,1.00,-1866.698,268.480,1.326596,0.207520
284,1J4M,89.29,0.757700,1.00,-690.641,47.353,0.166146,0.488370
285,1J5J,86.11,0.698700,1.00,-2885.597,184.392,0.167715,0.694320
286,1J5L,48.33,0.515500,1.00,-2165.339,257.473,0.774252,0.255590
287,1J5M,50.89,0.466500,1.00,-1741.663,117.370,0.667282,0.268450
288,1JBL,98.21,0.823400,1.00,-605.307,97.335,0.061935,0.503810
289,1JBN,96.43,0.730400,1.00,-605.307,97.335,0.082015,0.443580
290,1JDM,66.94,0.616500,1.00,-3066.689,55.873,0.482992,0.520490
291,1JI9,47.97,0.468500,1.00,-2499.465,278.493,0.484834,0.330670
292,1JJZ,69.83,0.569300,1.00,-1970.333,190.712,0.681450,0.459530
293,1JKZ,84.78,0.704300,1.00,-3636.577,229.796,0.168763,0.748210
294,1JLZ,86.96,0.694300,1.00,-1189.937,101.645,0.172144,0.449610
295,1JMN,26.09,0.330700,1.00,-2670.145,309.679,0.942359,0.253050
296,1JMP,56.52,0.586300,1.00,-3076.312,274.831,0.623901,0.469950
297,1JN7,69.44,0.625300,1.00,-2421.398,207.627,0.741247,0.552630
298,1JO5,44.27,0.615100,1.00,-3938.486,138.799,0.903190,0.477170
299,1JO6,39.44,0.451600,1.00,-2940.875,178.061,1.086003,0.368270
300,1JRF,25.53,0.323900,1.00,-2674.820,369.954,0.893504,0.239000
301,1JRJ,83.33,0.767800,1.00,-2498.538,149.970,0.251793,0.686690
302,1JU8,79.05,0.642300,1.00,-2816.510,161.555,0.262549,0.555350
303,1JY9,73.75,0.602300,1.00,-548.786,90.464,0.269704,0.210650
304,1K0P,33.87,0.381800,1.00,-1847.976,197.882,0.721050,0.193980
305,1K18,34.68,0.380000,1.00,-1847.976,197.882,0.704147,0.220300
306,1K1V,86.59,0.701600,1.00,-3385.738,110.359,0.126513,0.749120
307,1K36,67.39,0.517000,1.00,-3449.302,337.563,0.567112,0.564770
308,1K37,65.22,0.524600,1.00,-3449.302,337.563,0.593556,0.538740
309,1K43,85.71,0.728600,1.00,-690.641,47.353,0.182569,0.382940
310,1K48,70.69,0.561600,1.00,-1970.333,190.712,0.685062,0.449820
311,1K7B,55.32,0.492000,1.00,-2678.214,276.683,0.573780,0.476140
312,1K81,62.50,0.512300,1.00,-2525.718,205.639,0.366484,0.424880
313,1K91,34.46,0.453900,1.00,-1474.459,206.904,1.992395,0.252130
314,1KAL,85.34,0.736700,1.00,-1928.381,184.986,0.232112,0.597100
315,1KBE,31.12,0.355400,1.00,-3571.230,246.749,0.911723,0.279330
316,1KBF,30.10,0.358400,1.00,-3571.230,246.749,0.912186,0.276880
317,1KDL,73.91,0.655400,1.00,-1813.184,38.970,0.315615,0.381200
318,1KGM,87.14,0.708500,1.00,-1887.076,190.797,0.216682,0.685180
319,1KIO,77.14,0.682300,1.00,-1871.412,160.226,0.462918,0.601290
320,1KJ0,74.29,0.633500,1.00,-1848.294,153.087,0.295645,0.520580
321,1KJ5,41.67,0.445000,1.00,-2164.451,239.098,0.791282,0.315410
322,1KJ6,70.56,0.581900,1.00,-2992.444,188.481,0.614567,0.601830
323,1KLR,90.83,0.779500,1.00,-1875.791,155.961,0.170348,0.703020
324,1KLS,90.83,0.722700,1.00,-1881.948,135.781,0.150600,0.707580
325,1KMR,81.67,0.647800,1.00,-949.922,42.436,0.291036,0.469700
326,1KOZ,75.69,0.620600,1.00,-2562.646,232.234,0.259638,0.566750
327,1KQH,83.55,0.690100,1.00,-2674.741,310.275,0.204450,0.678620
328,1KQI,78.29,0.651300,1.00,-2674.741,310.275,0.269782,0.618050
329,1KUW,47.50,0.493900,1.00,-195.081,39.942,0.487766,0.299940
330,1KV4,75.00,0.686400,1.00,-2650.412,118.028,0.502232,0.648830
331,1KWD,81.25,0.543000,1.00,-1030.045,89.011,0.204425,0.311260
332,1KWE,75.00,0.537100,1.00,-1030.045,89.011,0.222654,0.259200
333,1KX6,45.69,0.426200,1.00,-2183.705,78.248,0.584147,0.273010
334,1KZ0,81.25,0.610100,1.00,-1093.423,41.512,0.224786,0.299660
335,1KZ2,82.81,0.644300,1.00,-844.695,31.688,0.180004,0.338970
336,1KZ5,79.17,0.559200,1.00,-681.197,37.098,0.312795,0.397740
337,1L1K,33.75,0.298800,1.00,-1039.863,74.892,0.866094,0.112200
338,1L2Y,97.50,0.811800,1.00,-1066.117,113.399,0.063574,0.545590
339,1L3Q,43.75,0.608900,1.00,-379.301,38.328,0.702671,0.219020
340,1L3Y,47.56,0.451500,1.00,-2587.828,216.921,0.589312,0.326400
341,1L4V,78.75,0.672000,1.00,-2794.101,192.925,0.327853,0.682220
342,1LA4,86.76,0.701400,1.00,-2158.750,210.234,0.172693,0.669300
343,1LB0,76.92,0.569400,1.00,-796.101,26.839,0.240986,0.360480
344,1LB7,95.31,0.749200,1.00,-909.605,64.194,0.125921,0.642180
345,1LBJ,77.27,0.651600,1.00,-1533.164,74.175,0.433579,0.463160
346,1LCX,78.85,0.586700,1.00,-796.101,26.839,0.240467,0.386210
347,1LDL,25.52,0.301100,1.00,-2802.173,280.323,1.262623,0.311130
348,1LDR,32.56,0.353300,1.00,-2744.208,215.358,0.856718,0.278380
349,1LFC,50.00,0.412400,1.00,-942.692,217.282,0.485862,0.297820
350,1LGL,86.11,0.692400,1.00,-2885.597,184.392,0.167429,0.709210
351,1LIQ,56.48,0.477000,1.00,-1847.332,98.378,0.606508,0.354430
352,1LIR,93.92,0.739500,1.00,-2681.182,207.298,0.093255,0.814440
353,1LMM,61.25,0.491900,1.00,-2227.485,217.983,0.482269,0.467170
354,1LMR,73.57,0.674900,1.00,-1943.815,133.014,0.237394,0.557390
355,1LUP,33.87,0.361100,1.00,-2468.632,147.794,0.844818,0.304070
356,1LV4,29.76,0.429500,1.00,-1151.010,108.431,0.908422,0.075700
357,1LVZ,95.45,0.733700,1.00,-559.317,23.546,0.068304,0.483980
358,1LYP,89.06,0.716800,1.00,-2186.742,75.163,0.126494,0.655480
359,1M02,52.08,0.565100,1.00,-462.462,66.264,0.405580,0.371630
360,1M0G,50.83,0.440200,1.00,-2190.040,132.262,0.451397,0.242740
361,1M0J,45.54,0.452100,1.00,-1766.868,132.339,0.647421,0.254400
362,1M23,96.15,0.647500,1.00,-670.644,40.514,0.106776,0.585660
363,1M25,56.73,0.416100,1.00,-2039.858,97.496,0.800806,0.369660
364,1M2S,79.73,0.596900,1.00,-2824.254,130.003,0.229730,0.604620
365,1M36,50.76,0.433100,1.00,-2846.922,106.148,0.809611,0.425030
366,1M4E,42.50,0.458300,1.00,-1223.820,92.406,0.542610,0.183260
367,1M4F,35.00,0.339700,1.00,-1801.016,141.273,0.813609,0.178210
368,1MA2,70.59,0.522300,1.00,-941.872,79.954,0.299358,0.261900
369,1MA4,36.76,0.392700,1.00,-1196.556,66.559,0.795386,0.185390
370,1MA5,55.88,0.474400,1.00,-941.872,79.954,0.586716,0.118100
371,1MA6,44.12,0.414200,1.00,-1196.556,66.559,0.558739,0.192590
372,1MB6,93.57,0.742300,1.00,-2479.735,172.000,0.088723,0.797100
373,1MEA,47.32,0.471900,1.00,-1331.438,166.884,0.578906,0.209890
374,1MED,45.54,0.463200,1.00,-1331.438,166.884,0.640594,0.207870
375,1MEQ,60.87,0.578200,1.00,-1053.266,67.588,0.391290,0.256490
376,1MF6,75.00,0.599400,1.00,-423.340,54.040,0.264363,0.392250
377,1MGX,30.85,0.467700,1.00,-3161.549,168.674,1.144095,0.289780
378,1MHU,53.23,0.513900,1.00,-2274.208,157.679,0.430797,0.273610
379,1MKC,47.09,0.559600,1.00,-2272.447,221.345,0.807298,0.353450
380,1MM0,93.75,0.799400,1.00,-3017.795,203.323,0.111207,0.810810
381,1MMC,85.00,0.698300,1.00,-1944.113,150.424,0.148281,0.582150
382,1MOT,63.39,0.632000,1.00,-1364.682,100.716,0.506005,0.570790
383,1MPZ,35.98,0.429900,1.00,-2873.314,185.182,0.650131,0.292190
384,1MR0,63.24,0.500800,1.00,-2746.567,269.228,0.308668,0.387190
385,1MR4,67.02,0.556900,1.00,-3476.506,252.051,0.500104,0.609490
386,1MRB,74.19,0.610500,1.00,-2306.915,199.057,0.204380,0.430620
387,1MRT,55.65,0.475200,1.00,-2408.235,198.530,0.419223,0.303410
388,1MTQ,81.58,0.570800,1.00,-1177.055,56.038,0.348704,0.366830
389,1MTX,80.13,0.696600,1.00,-2868.667,191.907,0.182333,0.667030
390,1MXQ,88.64,0.733100,1.00,-637.893,23.499,0.229814,0.589690
391,1MYN,75.57,0.552600,1.00,-3107.000,166.694,0.425273,0.685320
392,1MYU,43.75,0.447800,1.00,-401.966,56.487,0.476087,0.193150
393,1MZI,51.92,0.491200,1.00,-796.101,26.839,0.376976,0.081660
394,1N0Z,40.00,0.391800,1.00,-2830.970,273.021,0.810706,0.300610
395,1N1U,89.66,0.753000,1.00,-1721.275,135.642,0.152224,0.640900
396,1N2Y,43.33,0.441400,1.00,-564.362,66.045,0.555028,0.149660
397,1N4N,87.77,0.666600,1.00,-3595.164,210.427,0.218984,0.815950
398,1N5G,32.89,0.343600,1.00,-2323.981,343.028,0.754460,0.248630
399,1N6T,47.50,0.460500,1.00,-249.523,51.055,0.391017,0.298050
400,1N8M,84.87,0.651100,1.00,-2855.003,226.171,0.203360,0.704120
401,1N9U,62.50,0.548200,1.00,-393.518,48.852,0.354757,0.318570
402,1NB1,89.66,0.722200,1.00,-1962.474,322.786,0.135552,0.655210
403,1NBJ,76.67,0.665200,1.00,-2063.416,161.499,0.278176,0.561720
404,1NBL,52.72,0.519000,1.00,-3038.192,336.484,0.500346,0.363770
405,1NC8,75.00,0.691400,1.00,-1305.574,135.854,0.449800,0.570880
406,1NCS,85.11,0.683500,1.00,-3997.253,264.049,0.202618,0.769660
407,1ND9,53.57,0.504700,1.00,-4271.166,136.071,0.397261,0.456260
408,1NE5,75.60,0.540600,1.00,-2926.991,378.780,0.328973,0.644570
409,1NIZ,78.12,0.587700,1.00,-652.078,63.195,0.278645,0.311220
410,1NJ0,79.69,0.622000,1.00,-652.078,63.195,0.213225,0.254200
411,1NJ3,43.55,0.450900,1.00,-1700.379,181.231,0.976869,0.260830
412,1NMJ,65.18,0.537600,1.00,-1753.915,80.095,0.379923,0.385250
413,1NZS,36.84,0.517800,1.00,-447.516,93.001,0.833209,0.155010
414,1O53,85.00,0.673900,1.00,-882.486,30.769,0.211315,0.515070
415,1O8Y,92.86,0.723300,1.00,-605.307,97.335,0.095409,0.374990
416,1O8Z,92.86,0.732800,1.00,-605.307,97.335,0.106015,0.348500
417,1OAV,43.75,0.419900,1.00,-2625.495,269.952,0.827946,0.354030
418,1OAW,41.15,0.421900,1.00,-2625.495,269.952,0.869669,0.337180
419,1ODP,93.75,0.666300,1.00,-1515.916,59.591,0.120458,0.482060
420,1ODQ,88.75,0.685300,1.00,-1515.916,59.591,0.192406,0.489110
421,1ODR,85.00,0.628500,1.00,-1515.916,59.591,0.210343,0.437540
422,1OEF,87.50,0.733300,1.00,-1780.559,59.808,0.127356,0.494360
423,1OEG,81.52,0.739100,1.00,-1659.830,29.236,0.240945,0.434850
424,1OEI,36.46,0.425500,1.00,-508.903,201.885,0.891199,0.165590
425,1OG7,43.60,0.536400,1.00,-2357.990,167.666,0.859107,0.383110
426,1OHM,53.41,0.492600,1.00,-2483.541,204.517,0.652077,0.432890
427,1OHN,43.02,0.526200,1.00,-2357.990,167.666,0.854940,0.395850
428,1OIG,89.58,0.753900,1.00,-1353.892,176.858,0.128690,0.456260
429,1OMA,43.75,0.453600,1.00,-2945.276,406.475,0.824656,0.348660
430,1OMB,41.15,0.438200,1.00,-2945.276,406.475,0.879554,0.286070
431,1OMQ,89.06,0.673000,1.00,-1093.423,41.512,0.140635,0.567350
432,1OPP,58.55,0.631000,1.00,-2946.465,104.966,0.484686,0.550880
433,1ORL,57.07,0.559400,1.00,-3274.935,159.965,0.607606,0.479090
434,1ORX,88.54,0.712300,1.00,-1675.800,139.094,0.177616,0.549210
435,1OZZ,79.55,0.687800,1.00,-3405.924,221.093,0.400578,0.696840
436,1P00,79.55,0.674800,1.00,-3381.788,215.631,0.396511,0.702610
437,1P0A,75.57,0.647100,1.00,-3440.554,227.549,0.418663,0.630240
438,1P7A,48.65,0.486300,1.00,-2299.914,196.436,0.884790,0.466540
439,1P82,80.00,0.677600,1.00,-1397.653,81.358,0.286337,0.430950
440,1P83,55.00,0.581900,1.00,-1397.653,81.358,0.753615,0.320990
441,1P8B,80.41,0.681500,1.00,-2777.605,188.595,0.270099,0.665750
442,1P9C,52.78,0.562200,1.00,-2542.963,213.873,0.553038,0.348540
443,1P9F,75.00,0.594500,1.00,-555.295,18.983,0.355178,0.447310
444,1P9Z,62.20,0.551800,1.00,-3261.725,221.693,0.510187,0.491670
445,1PAA,56.67,0.574800,1.00,-1809.359,106.707,0.482391,0.391960
446,1PB5,37.86,0.373400,1.00,-1822.861,210.485,0.703927,0.289770
447,1PDC,41.11,0.369400,1.00,-3766.578,242.901,0.903611,0.348050
448,1PGY,71.81,0.628100,1.00,-4949.688,110.279,0.386927,0.603160
449,1PJV,92.19,0.728900,1.00,-2448.604,136.244,0.117754,0.733540
450,1PLP,58.00,0.651900,1.00,-1471.245,82.646,0.714409,0.375810
451,1PMC,86.81,0.680400,1.00,-1890.299,204.475,0.203520,0.665590
452,1PNH,93.55,0.748000,1.00,-2176.640,127.875,0.090511,0.733870
453,1PP5,53.57,0.560200,1.00,-892.700,122.580,0.608078,0.138890
454,1PSM,64.47,0.606700,1.00,-2682.401,63.756,0.486401,0.474680
455,1PSV,72.32,0.643000,1.00,-2135.970,106.896,0.299110,0.445150
456,1PT4,91.38,0.768000,1.00,-2038.837,219.373,0.118967,0.673990
457,1PV0,91.30,0.733400,1.00,-4542.044,169.585,0.202599,0.809830
458,1PVZ,81.45,0.654600,1.00,-2179.905,131.238,0.350556,0.586620
459,1PX9,73.81,0.539900,1.00,-2926.991,378.780,0.333583,0.591450
460,1PXQ,37.86,0.397900,1.00,-1683.375,199.566,1.087438,0.240870
461,1Q01,28.95,0.398600,1.00,-1391.546,188.662,1.323556,0.197730
462,1Q2F,59.38,0.624500,1.00,-1856.601,148.202,0.465996,0.426520
463,1Q2I,45.31,0.458100,1.00,-1856.601,148.202,0.553871,0.357820
464,1Q2J,65.91,0.538300,1.00,-1359.656,103.756,0.332547,0.230470
465,1Q2K,94.35,0.799800,1.00,-2004.552,154.966,0.090034,0.792910
466,1Q3J,68.75,0.571400,1.00,-2108.168,238.894,0.300020,0.512680
467,1Q3M,55.10,0.541300,1.00,-3657.463,236.976,1.027486,0.482730
468,1Q3Y,49.40,0.503200,1.00,-1753.302,292.215,0.763107,0.354400
469,1Q3Z,50.00,0.546700,1.00,-1753.302,292.215,0.761015,0.377660
470,1Q71,65.48,0.554800,1.00,-892.700,122.580,0.618939,0.270540
471,1QCM,43.18,0.461200,1.00,-272.193,45.303,0.470079,0.317990
472,1QDP,67.86,0.574100,1.00,-2213.791,245.536,0.301405,0.515910
473,1QFD,89.06,0.707500,1.00,-2280.909,177.520,0.110937,0.694870
474,1QG9,83.33,0.716300,1.00,-1643.369,39.607,0.325338,0.462440
475,1QGM,65.00,0.538800,1.00,-2116.387,162.466,0.532121,0.470310
476,1QHK,75.53,0.633100,1.00,-4173.073,183.213,0.272978,0.592300
477,1QJK,36.11,0.413600,1.00,-2445.175,262.465,0.977135,0.250620
478,1QJL,50.89,0.497600,1.00,-1488.619,124.241,0.460805,0.286890
479,1QK6,90.15,0.734300,1.00,-2060.985,222.034,0.119095,0.712290
480,1QK7,75.78,0.593800,1.00,-2099.951,201.108,0.369654,0.502770
481,1QKY,71.71,0.565000,1.00,-2870.569,272.122,0.292185,0.540350
482,1QLO,51.47,0.445800,1.00,-2585.518,103.441,0.587629,0.332930
483,1QWP,50.00,0.456100,1.00,-272.193,45.303,0.436518,0.247210
484,1QXC,54.55,0.545200,1.00,-272.193,45.303,0.556675,0.230610
485,1QYT,50.00,0.470900,1.00,-272.193,45.303,0.451511,0.265140
486,1R02,45.45,0.459000,1.00,-2052.340,169.949,0.820770,0.312030
487,1R1F,69.59,0.553800,1.00,-2602.963,201.320,0.384692,0.488930
488,1R7C,75.00,0.729900,1.00,-2660.810,85.822,0.322265,0.559960
489,1R7D,71.77,0.704100,1.00,-2660.810,85.822,0.277663,0.499380
490,1R7E,79.84,0.694200,1.00,-2660.810,85.822,0.301879,0.588550
491,1R7F,71.77,0.616000,1.00,-2660.810,85.822,0.304334,0.456990
492,1R7G,74.19,0.665100,1.00,-2660.810,85.822,0.352654,0.535770
493,1R8T,63.33,0.521100,1.00,-592.661,94.275,0.369835,0.229770
494,1R9I,38.64,0.403100,1.00,-1274.559,140.313,0.672041,0.130850
495,1RES,75.00,0.607100,1.00,-3898.458,118.984,0.575639,0.639480
496,1RET,69.77,0.576600,1.00,-3898.458,118.984,0.529085,0.560820
497,1RG3,75.00,0.677000,1.00,-1104.539,36.031,0.378135,0.334860
498,1RG4,78.12,0.692300,1.00,-1104.539,36.031,0.285310,0.450300
499,1RIJ,91.30,0.710700,1.00,-1203.599,61.241,0.116839,0.478180
500,1RIK,86.21,0.655200,1.00,-2040.178,125.856,0.201745,0.611480
501,1RIM,72.73,0.602100,1.00,-1895.885,151.633,0.402150,0.547310
502,1RJI,78.23,0.638600,1.00,-2146.040,195.240,0.247482,0.490030
503,1RKL,59.03,0.625300,1.00,-2878.370,73.932,0.608888,0.435310
504,1RMK,51.61,0.480000,1.00,-2693.100,147.581,0.639342,0.321730
505,1RO3,30.61,0.354500,1.00,-2608.830,382.044,1.190916,0.277770
506,1ROO,49.29,0.447200,1.00,-2662.539,181.680,0.593256,0.275650
507,1RPB,33.33,0.462700,1.00,-1107.692,107.036,0.926854,0.141880
508,1RPC,33.33,0.454300,1.00,-1107.692,107.036,0.896106,0.156930
509,1RSW,33.33,0.463500,1.00,-218.338,33.321,0.734204,0.066300
510,1RSX,41.67,0.529700,1.00,-218.338,33.321,0.747090,0.302580
511,1RT0,33.33,0.501200,1.00,-218.338,33.321,0.760904,0.166610
512,1S4H,50.00,0.537000,1.00,-167.844,84.598,0.487364,0.308700
513,1S4J,34.62,0.461600,1.00,-105.398,87.010,0.637065,0.217030
514,1S4T,47.62,0.534300,1.00,-1419.988,83.726,0.703245,0.187300
515,1S4W,38.75,0.472800,1.00,-194.933,153.577,0.911624,0.124070
516,1S6W,55.95,0.480000,1.00,-1331.037,158.217,0.432519,0.145850
517,1S6X,86.03,0.696700,1.00,-2366.296,187.397,0.186466,0.667460
518,1SBU,63.64,0.667400,1.00,-394.809,33.466,0.672999,0.415560
519,1SCO,82.24,0.658800,1.00,-2826.948,203.273,0.158427,0.641240
520,1SH1,29.69,0.330900,1.00,-3087.001,251.266,0.906477,0.283880
521,1SKH,72.50,0.636100,1.00,-1978.653,103.819,0.371554,0.504140
522,1SMZ,73.15,0.707600,1.00,-1800.385,40.328,0.331578,0.462120
523,1SOL,73.75,0.592500,1.00,-943.710,63.758,0.381208,0.327400
524,1SP1,78.45,0.598200,1.00,-1805.922,103.924,0.307029,0.529220
525,1SP2,88.71,0.677700,1.00,-2132.155,127.339,0.181473,0.691480
526,1SP7,89.58,0.690500,1.00,-1821.336,95.709,0.216536,0.620700
527,1SPF,72.86,0.763300,1.00,-2236.274,129.474,0.551123,0.660110
528,1SPW,83.97,0.670400,1.00,-3209.318,241.172,0.241590,0.708740
529,1SRB,79.76,0.630100,1.00,-1487.864,194.080,0.254370,0.345440
530,1SRK,74.29,0.709200,1.00,-2375.120,105.447,0.402294,0.544330
531,1SSL,61.46,0.536000,1.00,-3644.275,330.156,0.406315,0.460500
532,1SUT,18.18,0.424900,1.00,-719.522,124.594,1.024339,0.131680
533,1SX0,90.91,0.716600,1.00,-1059.887,79.620,0.121604,0.485100
534,1SX1,87.50,0.726900,1.00,-1059.887,79.620,0.157346,0.440490
535,1T0C,24.19,0.501400,1.00,-826.700,163.959,1.207851,0.164680
536,1T2Y,40.00,0.475700,1.00,-1187.019,176.547,0.719325,0.158770
537,1T5M,53.85,0.549800,1.00,-333.648,71.100,0.336236,0.225750
538,1T5N,44.23,0.552700,1.00,-333.648,71.100,0.496825,0.215560
539,1T5Q,70.83,0.635200,1.00,-2159.939,118.918,0.616673,0.500870
540,1T9E,53.57,0.679700,1.00,-391.143,49.257,1.071869,0.274730
541,1TI5,88.04,0.721700,1.00,-3365.393,344.417,0.163411,0.783300
542,1TM6,65.91,0.582100,1.00,-1026.286,93.768,0.510185,0.244410
543,1TMR,92.11,0.754500,1.00,-1159.743,74.335,0.107960,0.382930
544,1TOR,62.50,0.506200,1.00,-359.575,40.499,0.349466,0.348220
545,1TOS,70.00,0.573900,1.00,-330.482,42.357,0.404929,0.447420
546,1TSK,90.71,0.723700,1.00,-2541.615,185.947,0.097774,0.754720
547,1TV0,64.84,0.464800,1.00,-2074.116,196.249,0.290735,0.494470
548,1TYK,63.24,0.538700,1.00,-2185.844,171.288,0.343620,0.391230
549,1U0P,53.70,0.453900,1.00,-1653.525,186.356,0.646012,0.353400
550,1U57,66.15,0.703700,1.00,-3098.931,99.256,0.390180,0.564630
551,1U6U,67.65,0.551200,1.00,-743.065,85.363,0.319987,0.230590
552,1U6V,70.59,0.574700,1.00,-743.065,85.363,0.310908,0.236080
553,1U85,36.36,0.454100,1.00,-1723.644,175.349,0.696911,0.255020
554,1U86,48.57,0.489600,1.00,-2094.763,226.752,0.966886,0.389090
555,1UAO,77.50,0.700600,1.00,-409.003,27.419,0.270260,0.366020
556,1UJL,39.88,0.530700,1.00,-2046.908,187.035,0.744276,0.293630
557,1UT3,42.76,0.381500,1.00,-2367.566,278.330,0.564009,0.299900
558,1UYA,48.44,0.494900,1.00,-456.720,87.357,0.494841,0.115610
559,1UYB,43.75,0.477000,1.00,-456.720,87.357,0.554685,0.152740
560,1V1D,83.06,0.719000,1.00,-2423.484,133.308,0.176141,0.577880
561,1V28,78.26,0.668700,1.00,-1002.996,123.817,0.494326,0.474740
562,1V4Z,72.37,0.663100,1.00,-981.471,46.924,0.406609,0.384300
563,1V50,73.68,0.642600,1.00,-981.471,46.924,0.291640,0.351450
564,1V5A,89.29,0.730200,1.00,-1767.026,140.515,0.142360,0.582840
565,1V6R,63.10,0.481300,1.00,-1595.102,71.345,0.478253,0.214090
566,1V92,79.35,0.715700,1.00,-4804.177,138.780,0.167718,0.697060
567,1VA1,80.41,0.627600,1.00,-2282.566,165.937,0.324919,0.612100
568,1VA2,82.26,0.665900,1.00,-2132.155,127.339,0.169439,0.588250
569,1VA3,82.76,0.599100,1.00,-1805.922,103.924,0.233029,0.589470
570,1VB8,32.50,0.429100,1.00,-1507.446,122.730,1.016304,0.203410
571,1VD7,65.22,0.524600,1.00,-1635.208,42.190,0.423527,0.342710
572,1VD8,63.04,0.464800,1.00,-1723.903,48.395,0.439078,0.293310
573,1VD9,72.83,0.608900,1.00,-1756.767,49.107,0.414844,0.435990
574,1VDA,59.78,0.532800,1.00,-1641.802,41.814,0.706425,0.305970
575,1VDB,84.78,0.734900,1.00,-1635.208,42.190,0.172683,0.516620
576,1VII,82.64,0.699500,1.00,-3004.263,91.294,0.228993,0.612580
577,1VPC,62.78,0.620600,1.00,-3253.062,111.505,0.499130,0.537590
578,1VPU,38.89,0.552000,1.00,-2658.493,134.636,0.946480,0.307560
579,1VQX,35.53,0.562500,1.00,-447.516,93.001,0.799936,0.138150
580,1VTP,72.12,0.691100,1.00,-1778.125,46.029,0.350725,0.487450
581,1VTX,30.95,0.299100,1.00,-3097.577,283.762,0.715801,0.286070
582,1W1N,72.73,0.586400,1.00,-2586.788,119.447,0.339540,0.534440
583,1W4E,93.09,0.755400,1.00,-3804.097,197.278,0.158969,0.851160
584,1W4F,91.49,0.745500,1.00,-3804.097,197.278,0.160288,0.817760
585,1W4G,89.89,0.758000,1.00,-3786.905,206.874,0.317759,0.806270
586,1W4H,86.70,0.714400,1.00,-3698.132,136.537,0.420954,0.794630
587,1WAZ,47.83,0.611800,1.00,-3944.761,81.696,1.709812,0.441420
588,1WCT,55.77,0.499000,1.00,-291.807,61.640,0.423454,0.218220
589,1WM7,70.69,0.620100,1.00,-1833.294,134.491,0.295236,0.366380
590,1WM8,66.96,0.511400,1.00,-1629.981,140.795,0.303282,0.325080
591,1WMT,86.59,0.707300,1.00,-3158.026,226.191,0.188131,0.747690
592,1WN4,63.39,0.619800,1.00,-1298.907,183.428,0.553867,0.367200
593,1WN8,84.09,0.662000,1.00,-1375.886,66.207,0.258785,0.515830
594,1WNK,90.22,0.756100,1.00,-1756.767,49.107,0.160386,0.526420
595,1WNM,85.87,0.714200,1.00,-1723.903,48.395,0.151516,0.493500
596,1WNN,90.22,0.687000,1.00,-1641.802,41.814,0.269599,0.590060
597,1WO3,67.00,0.574800,1.00,-1228.372,168.694,0.327642,0.316450
598,1WO4,67.00,0.565100,1.00,-1318.077,131.897,0.385565,0.406330
599,1WO5,44.00,0.581100,1.00,-1600.745,57.200,0.909830,0.249080
600,1WO6,62.00,0.499700,1.00,-1522.604,104.332,0.389212,0.314270
601,1WO7,68.00,0.514400,1.00,-1418.316,117.766,0.328414,0.333630
602,1WO9,74.29,0.667000,1.00,-1674.828,141.347,0.364764,0.556470
603,1WPD,60.29,0.539300,1.00,-2355.126,147.859,0.491397,0.401110
604,1WQB,84.38,0.681200,1.00,-1929.259,136.446,0.220588,0.629530
605,1WQC,77.88,0.568700,1.00,-1752.401,101.705,0.525130,0.466320
606,1WQD,80.56,0.664500,1.00,-1983.239,100.582,0.188650,0.448240
607,1WQE,97.83,0.810100,1.00,-1341.152,79.202,0.060029,0.680930
608,1WQK,45.83,0.422500,1.00,-3685.446,255.287,0.819191,0.417060
609,1WR3,78.47,0.684300,1.00,-2078.987,174.321,0.331424,0.636860
610,1WR4,82.64,0.742700,1.00,-1990.942,197.869,0.433722,0.684170
611,1WR7,83.54,0.767400,1.00,-2577.874,242.991,0.346924,0.712360
612,1WT7,67.07,0.554000,1.00,-3287.440,172.393,0.393920,0.530160
613,1WT8,83.87,0.637300,1.00,-2223.236,156.448,0.199704,0.578910
614,1WXN,36.31,0.381600,1.00,-3405.816,327.188,0.725166,0.310600
615,1WZ4,51.09,0.552400,1.00,-1507.653,81.509,0.522660,0.279360
616,1WZ5,66.43,0.507400,1.00,-2201.775,184.352,0.336975,0.455450
617,1X22,69.05,0.748000,1.00,-2238.109,129.243,0.538271,0.577510
618,1X32,38.30,0.429800,1.00,-3304.334,217.463,0.757882,0.301040
619,1X5V,79.41,0.628600,1.00,-2397.426,152.126,0.216001,0.549690
620,1X7K,77.63,0.587000,1.00,-1079.180,116.742,0.215019,0.272900
621,1XBH,57.69,0.494800,1.00,-573.152,67.983,0.341276,0.193900
622,1XC0,64.39,0.624200,1.00,-1796.079,109.765,0.447589,0.433120
623,1XF7,75.00,0.573800,1.00,-1797.028,134.386,0.242485,0.448290
624,1XOO,78.75,0.715400,1.00,-1341.680,29.702,0.271629,0.325480
625,1XOP,78.75,0.682500,1.00,-1239.867,34.852,0.242429,0.337670
626,1XRZ,87.50,0.686900,1.00,-1699.212,138.363,0.277214,0.673830
627,1XT7,44.23,0.508500,1.00,-333.648,71.100,0.641806,0.183950
628,1XUT,25.00,0.317600,1.00,-4334.990,166.684,1.017949,0.368030
629,1XV3,37.23,0.516100,1.00,-3025.370,232.481,0.952769,0.247380
630,1XXZ,59.09,0.528000,1.00,-380.881,69.992,0.329840,0.366670
631,1XY4,79.17,0.567100,1.00,-476.654,65.794,0.189291,0.199360
632,1XY6,62.50,0.603500,1.00,-633.551,47.250,0.335568,0.221210
633,1XY8,69.23,0.507900,1.00,-713.960,79.409,0.253914,0.315990
634,1XY9,61.36,0.440000,1.00,-464.770,57.831,0.288816,0.311900
635,1Y03,78.57,0.788600,1.00,-1270.645,48.997,0.332363,0.659650
636,1Y04,60.71,0.760800,1.00,-1270.645,48.997,0.682895,0.458240
637,1Y1B,41.15,0.433200,1.00,-3195.107,193.913,0.792236,0.324010
638,1Y1C,29.17,0.398000,1.00,-3152.015,202.737,1.196717,0.209270
639,1Y29,90.18,0.699500,1.00,-1666.212,204.273,0.118660,0.611160
640,1Y2P,87.50,0.725500,1.00,-2075.749,198.965,0.151032,0.691980
641,1Y32,73.96,0.668500,1.00,-1249.182,184.282,0.379602,0.417880
642,1Y4E,50.93,0.532100,1.00,-1836.956,84.243,0.492505,0.159980
643,1Y5C,52.27,0.502000,1.00,-308.360,49.830,0.369763,0.208660
644,1YIU,75.68,0.697500,1.00,-2437.792,163.431,0.358174,0.573010
645,1YMZ,81.40,0.707800,1.00,-2538.759,226.509,0.227687,0.708280
646,1YP8,79.55,0.668300,1.00,-2176.979,190.485,0.223160,0.548950
647,1YT6,82.50,0.607700,1.00,-414.035,43.946,0.221154,0.389360
648,1YTR,72.12,0.626700,1.00,-1373.212,146.704,0.287987,0.366920
649,1YV8,47.28,0.439900,1.00,-3729.358,260.360,0.523815,0.382880
650,1YVA,46.74,0.439200,1.00,-3729.358,260.360,0.554130,0.390590
651,1YWJ,64.63,0.612100,1.00,-2065.361,244.342,0.776511,0.540450
652,1YYB,82.41,0.715200,1.00,-1746.602,70.917,0.242805,0.496210
653,1Z0Q,16.07,0.264200,1.00,-1815.230,224.724,1.563766,0.241830
654,1Z2T,77.17,0.613200,1.00,-1693.903,81.201,0.366086,0.442780
655,1Z65,70.00,0.633400,1.00,-2047.008,75.724,0.363946,0.498310
656,1Z6V,45.92,0.415800,1.00,-3650.758,213.522,0.808595,0.391710
657,1Z6W,26.53,0.319700,1.00,-3650.758,213.522,1.051157,0.253170
658,1Z99,33.33,0.400800,1.00,-1914.742,300.898,1.231548,0.233740
659,1ZA8,50.00,0.445000,1.00,-2245.806,177.125,0.593137,0.402670
660,1ZAQ,32.39,0.346100,1.00,-3620.832,298.921,0.961638,0.284560
661,1ZDA,78.29,0.625000,1.00,-2697.813,187.694,0.401217,0.655290
662,1ZDB,80.26,0.673000,1.00,-2697.813,187.694,0.249590,0.650980
663,1ZFD,60.16,0.461300,1.00,-1871.242,163.749,0.373347,0.295670
664,1ZFU,81.88,0.655700,1.00,-2572.193,267.728,0.234678,0.675410
665,1ZJQ,74.26,0.639400,1.00,-2226.435,204.160,0.383296,0.562270
666,1ZNM,37.50,0.391300,1.00,-1680.460,147.189,0.641657,0.353850
667,1ZNU,90.52,0.724500,1.00,-1956.038,252.844,0.123683,0.633660
668,1ZR7,94.17,0.766600,1.00,-1730.648,238.605,0.177068,0.779480
669,1ZRV,74.00,0.704700,1.00,-1671.237,54.813,0.269446,0.422200
670,1ZRW,72.00,0.623000,1.00,-1671.237,54.813,0.348197,0.351550
671,1ZRX,55.36,0.675100,1.00,-2417.714,142.519,0.508305,0.454710
672,1ZTA,85.00,0.700900,1.00,-2793.694,76.030,0.247591,0.691180
673,1ZTN,29.17,0.409500,1.00,-1157.117,178.880,1.025768,0.158450
674,1ZTO,50.68,0.652000,1.00,-1858.772,147.181,1.374962,0.395950
675,1ZUE,51.19,0.472200,1.00,-2696.195,292.770,0.643346,0.402380
676,1ZUF,52.38,0.472600,1.00,-2696.195,292.770,0.642497,0.376990
677,1ZUV,81.67,0.664400,1.00,-1975.021,166.659,0.279716,0.583220
678,1ZWA,39.71,0.556400,1.00,-2673.106,87.216,0.938127,0.305090
679,1ZWB,46.53,0.578400,1.00,-3027.957,60.463,1.014758,0.397580
680,1ZWC,47.97,0.596800,1.00,-2983.724,71.542,0.666947,0.350560
681,1ZWD,41.43,0.563100,1.00,-2957.012,69.778,0.708195,0.301850
682,1ZWE,48.53,0.536300,1.00,-2818.899,58.310,0.700244,0.430550
683,1ZWU,90.83,0.766300,1.00,-1890.702,176.959,0.117337,0.680290
684,2A1C,73.53,0.554800,1.00,-1246.101,44.924,0.334968,0.366930
685,2A2B,39.02,0.494500,1.00,-2337.613,160.638,1.011413,0.298360
686,2A2V,45.59,0.414900,1.00,-2203.787,171.869,0.469515,0.375560
687,2A51,68.59,0.610400,1.00,-2355.728,259.099,0.369850,0.495610
688,2AAP,73.53,0.620800,1.00,-2226.435,204.160,0.413257,0.568910
689,2AB3,85.34,0.707900,1.00,-1858.196,125.899,0.165284,0.610530
690,2AB7,93.10,0.717800,1.00,-1946.273,120.278,0.101739,0.709420
691,2AB9,37.10,0.508800,1.00,-1277.453,194.334,0.860352,0.218980
692,2ADX,44.38,0.489500,1.00,-2444.184,225.135,0.736173,0.346910
693,2AJJ,83.93,0.702200,1.00,-2088.884,59.932,0.153819,0.560190
694,2AJM,83.04,0.714300,1.00,-2088.884,59.932,0.218439,0.582230
695,2AJN,83.93,0.703900,1.00,-2088.884,59.932,0.179785,0.586590
696,2AJO,83.04,0.714300,1.00,-2088.884,59.932,0.218439,0.582230
697,2AJW,76.14,0.689300,1.00,-1188.047,118.216,0.375231,0.324680
698,2AK0,80.43,0.687500,1.00,-1251.545,103.281,0.258427,0.400140
699,2AMN,63.46,0.619800,1.00,-1877.884,58.083,0.482346,0.368010
700,2AP7,86.25,0.787300,1.00,-992.542,30.538,0.191344,0.501580
701,2AP8,88.75,0.752800,1.00,-992.542,30.538,0.216290,0.513790
702,2ARI,54.49,0.572600,1.00,-2136.886,65.362,0.438267,0.465360
703,2ATG,84.72,0.674500,1.00,-953.603,71.274,0.178245,0.362210
704,2AXK,84.87,0.687500,1.00,-3065.554,193.650,0.126867,0.716560
705,2B0Y,75.00,0.543000,1.00,-1046.021,48.476,0.334919,0.339830
706,2B19,53.47,0.481400,1.00,-2255.877,145.455,0.962831,0.397240
707,2B38,81.45,0.672700,1.00,-2023.192,134.798,0.373312,0.638330
708,2B4N,40.48,0.497900,1.00,-2858.515,148.613,1.132995,0.470720
709,2B5B,29.86,0.406900,1.00,-2293.060,217.217,0.938414,0.253340
710,2B5P,59.09,0.503000,1.00,-485.657,60.399,0.268661,0.172530
711,2B5Q,63.64,0.501100,1.00,-485.657,60.399,0.370816,0.190750
712,2B68,27.33,0.308900,1.00,-2771.057,300.021,1.095379,0.255680
713,2B9K,44.15,0.463400,1.00,-3631.100,247.427,0.902859,0.291210
714,2BAI,39.06,0.335300,1.00,-2414.091,97.783,0.847580,0.215950
715,2BAO,90.00,0.695700,1.00,-523.141,20.230,0.233760,0.496410
716,2BAU,85.00,0.637500,1.00,-523.141,20.230,0.144448,0.376590
717,2BBG,33.12,0.365700,1.00,-2832.383,220.440,0.837489,0.330360
718,2BBL,39.77,0.493100,1.00,-639.196,141.557,0.789231,0.141090
719,2BBP,42.05,0.534000,1.00,-639.196,141.557,0.892050,0.203150
720,2BBX,20.41,0.243800,1.00,-3214.689,287.064,1.292901,0.220340
723,2BDS,30.23,0.344600,1.00,-3258.776,216.155,0.985688,0.281500
724,2BEY,70.31,0.663500,1.00,-513.803,70.781,0.548839,0.267930
725,2BL6,47.30,0.431600,1.00,-2237.062,164.210,0.613410,0.282560
726,2BMT,97.97,0.741800,1.00,-2921.614,177.881,0.068890,0.876210
727,2BN6,75.00,0.641900,1.00,-2752.479,78.826,0.323295,0.549200
728,2BP4,34.38,0.347400,1.00,-520.755,103.239,0.742454,0.100210
729,2BTG,83.51,0.697400,1.00,-3947.964,160.414,0.392006,0.737260
730,2BTH,83.51,0.688600,1.00,-3947.964,160.414,0.455947,0.779280
731,2C6A,60.33,0.592000,1.00,-2835.439,267.954,1.025958,0.531390
732,2C6B,59.78,0.599600,1.00,-2835.439,267.954,1.103861,0.514570
733,2CBH,90.28,0.752100,1.00,-2406.392,184.541,0.123353,0.769300
734,2CEF,42.11,0.483400,1.00,-557.369,121.153,0.574320,0.114960
735,2CEH,43.42,0.504400,1.00,-557.369,121.153,0.574175,0.109620
736,2CEZ,43.42,0.521800,1.00,-557.369,121.153,0.634309,0.175400
737,2CFJ,42.11,0.526400,1.00,-557.369,121.153,0.664097,0.208830
738,2CK4,83.55,0.704100,1.00,-2803.655,198.966,0.138352,0.670810
739,2CK5,87.90,0.691800,1.00,-2018.746,144.870,0.149047,0.619460
740,2CQ7,35.20,0.447100,1.00,-2903.250,329.921,0.837206,0.261000
741,2CRD,89.19,0.678200,1.00,-2916.561,180.364,0.130683,0.740180
742,2CSA,35.53,0.557400,1.00,-492.333,89.788,1.095154,0.138180
743,2CTI,93.97,0.767800,1.00,-1979.401,148.035,0.103964,0.714060
744,2CYU,75.62,0.587700,1.00,-3158.817,196.508,0.408645,0.604740
745,2DCI,62.50,0.613200,1.00,-1245.098,21.311,0.422953,0.278340
746,2DCO,44.85,0.387100,1.00,-2593.913,173.642,0.860228,0.286700
747,2DCV,86.31,0.699300,1.00,-2863.118,234.075,0.195040,0.737770
748,2DCW,84.52,0.653900,1.00,-3030.720,277.675,0.160909,0.701300
749,2DDL,70.45,0.625600,1.00,-2622.803,120.141,0.345064,0.433490
750,2DI2,75.00,0.645200,1.00,-1361.244,152.077,0.406307,0.518540
751,2DJ9,73.91,0.582200,1.00,-1216.559,86.706,0.491399,0.395750
752,2DJC,83.70,0.705600,1.00,-1124.883,93.789,0.248285,0.432210
753,2DMV,70.35,0.689500,1.00,-2389.849,220.759,0.643383,0.599920
754,2DQ5,27.66,0.295300,1.00,-3688.886,212.541,1.112744,0.222890
755,2DTB,80.77,0.728600,1.00,-1887.517,51.611,0.196629,0.512690
756,2DWF,73.53,0.580500,1.00,-2610.768,162.279,0.255591,0.506730
757,2DX2,84.09,0.676800,1.00,-615.118,31.186,0.183379,0.397310
758,2DX3,79.17,0.677900,1.00,-1060.374,61.343,0.184774,0.299470
759,2DX4,34.72,0.360300,1.00,-1060.374,61.343,0.841902,0.080280
760,2E1X,71.30,0.614000,1.00,-1325.797,177.585,0.461598,0.394730
761,2E2F,85.98,0.700700,1.00,-3145.085,194.600,0.143872,0.726410
762,2E3E,48.33,0.459600,1.00,-3224.186,247.142,0.707029,0.359410
763,2E3F,60.47,0.469600,1.00,-3314.385,195.381,0.693743,0.446880
764,2E3G,64.38,0.539500,1.00,-3355.444,199.685,0.662138,0.520410
765,2E4E,97.50,0.788500,1.00,-402.299,31.274,0.064957,0.556270
766,2E5T,76.09,0.580700,1.00,-3707.003,103.075,0.211224,0.624860
767,2E5U,50.62,0.609400,1.00,-2939.255,92.626,0.612324,0.465850
768,2E72,47.96,0.472600,1.00,-2525.419,448.887,0.784445,0.393680
769,2EBQ,24.47,0.316500,1.00,-3155.035,226.143,1.019244,0.228170
770,2EBR,69.68,0.688200,1.00,-2205.972,322.499,0.685205,0.585100
771,2EC7,42.35,0.519300,1.00,-2456.973,232.302,0.866596,0.366440
772,2EEM,92.65,0.787800,1.00,-2811.112,112.703,0.092883,0.765590
773,2EFZ,65.62,0.513300,1.00,-934.764,89.483,0.316353,0.276240
774,2EKK,87.77,0.772900,1.00,-4040.098,123.065,0.331854,0.774490
775,2EL4,60.87,0.694900,1.00,-2286.432,221.606,0.940428,0.524440
776,2EL5,69.64,0.684000,1.00,-2170.622,218.885,0.594567,0.593370
777,2EL6,69.02,0.698300,1.00,-2332.628,231.003,0.493380,0.591550
778,2ELM,41.22,0.488900,1.00,-1841.668,211.836,0.987029,0.282950
779,2ELN,80.26,0.815000,1.00,-2270.653,149.423,0.351210,0.663940
780,2ELO,78.38,0.725500,1.00,-2106.496,196.783,0.439223,0.620840
781,2ELP,68.92,0.624600,1.00,-2472.041,254.726,0.616020,0.541500
782,2ELQ,75.69,0.717800,1.00,-1979.308,142.956,0.476591,0.626240
783,2ELR,77.78,0.786800,1.00,-1655.127,115.242,0.784546,0.656350
784,2ELS,82.64,0.732100,1.00,-2357.470,140.851,0.295663,0.706540
785,2ELT,38.19,0.526900,1.00,-1985.570,97.973,0.991132,0.339690
786,2ELU,36.49,0.497400,1.00,-2160.216,126.627,1.028898,0.318300
787,2ELV,72.92,0.664800,1.00,-1930.827,203.253,0.853798,0.637020
788,2ELW,39.86,0.498800,1.00,-2232.566,112.505,0.912052,0.319400
789,2ELX,44.29,0.525400,1.00,-2008.130,125.303,0.874845,0.347350
790,2ELY,64.13,0.698600,1.00,-2065.482,179.096,0.592129,0.561190
791,2ELZ,65.76,0.708100,1.00,-2184.130,260.033,0.650138,0.553070
792,2EM0,64.67,0.673400,1.00,-2277.433,216.693,0.692610,0.518490
793,2EM1,62.50,0.619600,1.00,-2239.020,191.665,0.870583,0.530950
794,2EM2,57.61,0.714600,1.00,-2221.411,206.243,1.096601,0.529390
795,2EM3,58.15,0.688900,1.00,-2144.073,235.049,0.957812,0.519940
796,2EM4,60.33,0.672700,1.00,-2018.731,210.983,0.917359,0.525770
797,2EM5,59.24,0.710000,1.00,-2075.321,192.590,1.002958,0.529720
798,2EM6,64.13,0.752500,1.00,-2081.292,183.103,0.899438,0.569750
799,2EM7,57.07,0.604200,1.00,-2228.623,209.257,0.941821,0.510410
800,2EM8,73.37,0.717400,1.00,-2333.647,165.192,0.389116,0.600520
801,2EM9,60.87,0.678500,1.00,-2271.052,204.522,0.806799,0.527910
802,2EMA,67.39,0.695700,1.00,-2129.191,216.679,0.757285,0.586740
803,2EMB,61.93,0.687300,1.00,-2251.678,194.851,0.892435,0.514470
804,2EMC,64.67,0.582100,1.00,-2221.595,292.581,0.959164,0.567180
805,2EME,63.59,0.760400,1.00,-2307.198,257.911,0.642746,0.569990
806,2EMF,64.67,0.755200,1.00,-1956.116,197.237,0.819915,0.560340
807,2EMG,57.61,0.700200,1.00,-2324.777,193.636,1.013249,0.532630
808,2EMH,60.87,0.720300,1.00,-2385.630,203.757,0.887167,0.545380
809,2EMI,59.78,0.678200,1.00,-2220.319,202.224,0.935614,0.491940
810,2EMJ,57.07,0.686000,1.00,-2098.864,179.693,0.784281,0.485660
811,2EMK,60.87,0.692700,1.00,-2092.601,221.855,0.885984,0.506050
812,2EML,63.59,0.700000,1.00,-2161.359,211.403,0.742548,0.546410
813,2EMM,61.41,0.694700,1.00,-2072.341,203.418,0.726354,0.537070
814,2EMP,60.87,0.657900,1.00,-2232.904,209.698,0.988259,0.536210
815,2EMV,62.50,0.726100,1.00,-2149.335,176.429,0.714887,0.539440
816,2EMW,65.34,0.656100,1.00,-2144.051,204.550,0.663303,0.529350
817,2EMX,66.48,0.737200,1.00,-2016.185,179.237,0.562144,0.563190
818,2EMY,64.67,0.725800,1.00,-2294.662,237.622,0.694997,0.574080
819,2EMZ,64.13,0.647700,1.00,-1936.573,275.205,0.940214,0.558230
820,2EN0,67.26,0.749500,1.00,-2214.575,154.813,0.786140,0.587990
821,2EN1,63.59,0.729700,1.00,-1934.744,262.494,0.767441,0.534290
822,2EN2,68.45,0.774300,1.00,-2083.796,170.148,0.990530,0.597430
823,2EN3,49.46,0.552700,1.00,-2740.481,238.865,0.954639,0.401330
824,2EN4,61.41,0.667700,1.00,-2176.603,198.435,0.957137,0.527920
825,2EN6,64.13,0.709600,1.00,-1930.623,269.257,0.587815,0.539910
826,2EN7,63.64,0.675900,1.00,-2282.431,174.153,0.641474,0.502350
827,2EN8,58.70,0.719100,1.00,-2290.945,222.596,0.931499,0.538080
828,2EN9,55.98,0.686400,1.00,-1925.414,203.540,0.966194,0.504600
829,2ENA,58.70,0.751600,1.00,-2204.720,215.712,1.350919,0.535480
830,2ENC,59.24,0.698900,1.00,-1995.936,203.209,0.968006,0.515820
831,2ENE,61.41,0.672000,1.00,-2348.597,185.526,1.043121,0.523850
832,2ENF,56.52,0.644000,1.00,-2061.804,258.494,0.954534,0.505260
833,2ENH,65.76,0.708100,1.00,-2156.323,213.714,0.501975,0.511280
834,2ENT,65.10,0.683800,1.00,-2528.927,332.211,0.837831,0.570940
835,2EOE,58.15,0.701900,1.00,-2116.153,308.551,0.881160,0.521450
836,2EOF,65.34,0.678500,1.00,-2002.324,211.009,0.571204,0.525590
837,2EOG,62.50,0.691800,1.00,-2155.308,220.713,0.878962,0.521930
838,2EOH,61.41,0.650100,1.00,-2074.008,219.219,0.554387,0.488050
839,2EOI,65.91,0.678700,1.00,-2273.198,191.232,0.870273,0.573230
840,2EOJ,59.09,0.676300,1.00,-2071.330,251.227,0.755923,0.491940
841,2EOK,65.48,0.658700,1.00,-2333.281,161.958,0.724455,0.564320
842,2EOL,69.64,0.785900,1.00,-2078.940,175.444,0.502624,0.595410
843,2EOM,64.67,0.735500,1.00,-2091.340,246.670,0.854720,0.566490
844,2EON,60.87,0.637700,1.00,-2046.772,298.203,0.874436,0.523430
845,2EOO,63.59,0.652200,1.00,-2520.129,205.142,0.647140,0.516910
846,2EOP,58.15,0.703300,1.00,-2205.182,208.614,1.245344,0.535560
847,2EOQ,63.59,0.706000,1.00,-2119.120,220.389,0.879785,0.560610
848,2EOR,59.24,0.694200,1.00,-2193.013,214.717,0.852401,0.531980
849,2EOS,63.69,0.675500,1.00,-2255.123,175.749,0.673965,0.540310
850,2EOU,61.36,0.737300,1.00,-1887.437,197.899,1.175370,0.552270
851,2EOV,60.33,0.637500,1.00,-2329.815,176.188,0.689262,0.509110
852,2EOW,61.41,0.692900,1.00,-2145.221,199.093,0.669638,0.523960
853,2EOX,61.93,0.667500,1.00,-2200.365,169.757,0.894425,0.546680
854,2EOY,61.96,0.693700,1.00,-2237.863,237.024,0.773557,0.560960
855,2EOZ,63.04,0.716000,1.00,-2549.110,199.686,0.649938,0.568110
856,2EP0,61.96,0.708900,1.00,-2271.237,210.100,1.030718,0.528650
857,2EP1,60.87,0.672300,1.00,-2231.088,178.843,1.021810,0.509950
858,2EP2,59.24,0.692300,1.00,-2148.503,173.078,1.107993,0.516800
859,2EP3,58.70,0.709200,1.00,-2272.638,222.433,1.151114,0.540730
860,2EPC,62.50,0.608700,1.00,-2103.589,211.418,1.033348,0.553260
861,2EPQ,60.00,0.663500,1.00,-2454.568,211.415,0.860148,0.476580
862,2EPR,56.25,0.656800,1.00,-2196.434,275.934,1.027950,0.476150
863,2EPT,65.85,0.685700,1.00,-1953.630,164.597,0.936709,0.545300
864,2EPU,66.11,0.720200,1.00,-2172.250,201.802,0.637939,0.560520
865,2EPV,67.61,0.724800,1.00,-2371.699,150.684,0.506637,0.575490
866,2EPW,60.33,0.662200,1.00,-2347.550,224.443,0.673348,0.503040
867,2EPX,60.11,0.661200,1.00,-2586.584,227.561,0.927742,0.534380
868,2EPY,70.24,0.754800,1.00,-1960.298,203.389,0.777005,0.590950
869,2EPZ,60.33,0.691600,1.00,-1835.794,303.902,0.887829,0.532860
870,2EQ0,63.59,0.721700,1.00,-2254.240,195.898,0.805356,0.548820
871,2EQ1,60.33,0.657500,1.00,-2061.608,172.717,0.671645,0.507520
872,2EQ2,52.17,0.635900,1.00,-2109.924,231.910,0.887438,0.455270
873,2EQ3,58.70,0.690800,1.00,-1958.180,207.421,0.844351,0.489720
874,2EQ4,58.70,0.640100,1.00,-2188.119,202.149,0.606826,0.426370
875,2EQE,20.83,0.376400,1.00,-2184.738,321.020,1.562378,0.236550
876,2EQF,25.00,0.361400,1.00,-2115.974,302.058,1.009406,0.197840
877,2EQG,62.76,0.603400,1.00,-2465.846,346.585,0.601044,0.534030
878,2EQH,77.17,0.660100,1.00,-1101.016,90.349,0.267326,0.369090
879,2EQQ,72.32,0.586000,1.00,-1678.628,124.180,0.352392,0.446060
880,2EQT,73.21,0.595000,1.00,-1678.628,124.180,0.428317,0.467460
881,2EQW,45.24,0.532400,1.00,-1790.869,276.249,0.793059,0.344170
882,2ERI,86.29,0.736300,1.00,-2243.794,196.526,0.336157,0.701350
883,2ESX,60.53,0.470200,1.00,-687.697,96.597,0.325198,0.256620
884,2ESZ,64.47,0.460800,1.00,-687.697,96.597,0.324765,0.216300
885,2ETI,79.46,0.656100,1.00,-1932.323,210.659,0.225479,0.497520
886,2EVQ,93.75,0.741700,1.00,-526.179,52.297,0.118757,0.527230
887,2EYA,48.91,0.427300,1.00,-3692.927,272.911,0.522263,0.415540
888,2EYB,48.37,0.414300,1.00,-3692.927,272.911,0.540247,0.397250
889,2EYC,47.28,0.415400,1.00,-3692.927,272.911,0.526190,0.371290
890,2EYD,48.37,0.428300,1.00,-3692.927,272.911,0.507582,0.393300
891,2F2I,90.52,0.723400,1.00,-1823.664,216.107,0.128096,0.628440
892,2F2J,79.31,0.681900,1.00,-1602.589,184.545,0.367847,0.546920
893,2F5H,51.35,0.459800,1.00,-2112.887,300.152,0.415145,0.322160
896,2FJ4,49.32,0.458300,1.00,-2112.887,300.152,0.495891,0.332460
897,2FJ5,50.00,0.479200,1.00,-2112.887,300.152,0.515538,0.349150
898,2FQA,69.44,0.557900,1.00,-1825.320,200.161,0.349676,0.373140
899,2FR9,75.00,0.628700,1.00,-552.713,63.259,0.175819,0.313860
900,2FRB,57.69,0.499900,1.00,-518.677,97.992,0.463073,0.202730
901,2FXY,84.72,0.723200,1.00,-1178.147,31.319,0.239729,0.416880
902,2FXZ,86.54,0.654200,1.00,-752.735,20.203,0.221674,0.478250
903,2G6U,73.33,0.529600,1.00,-723.832,70.504,0.263993,0.309320
904,2G9L,62.16,0.660000,1.00,-2426.889,97.701,0.484358,0.541090
905,2G9P,75.96,0.705800,1.00,-1714.745,79.568,0.232236,0.416270
906,2GD3,63.54,0.537200,1.00,-1109.806,94.557,0.457862,0.314140
907,2GDL,51.61,0.489900,1.00,-1714.456,171.577,0.378983,0.338100
908,2GFR,56.82,0.550700,1.00,-452.388,61.749,0.344322,0.279490
909,2GJ0,73.39,0.616600,1.00,-1880.311,187.269,0.430363,0.525610
910,2GL1,73.94,0.631100,1.00,-3362.315,235.916,0.421449,0.743970
911,2GOF,58.57,0.565800,1.00,-2332.626,100.657,0.499974,0.531020
912,2GOH,63.57,0.572100,1.00,-2332.626,100.657,0.503280,0.487230
913,2GP8,80.62,0.696000,1.00,-2912.660,68.382,0.231108,0.649040
914,2GQE,29.69,0.348000,1.00,-2392.213,188.206,0.973502,0.273550
915,2GW9,71.88,0.526600,1.00,-2074.116,196.249,0.267195,0.584930
916,2GWP,70.31,0.534100,1.00,-2082.170,185.175,0.288729,0.578690
917,2GX1,85.34,0.683700,1.00,-1884.411,151.525,0.154687,0.534150
918,2H1Z,89.74,0.785400,1.00,-2619.136,214.364,0.139266,0.757560
919,2H9X,32.45,0.351600,1.00,-2821.033,304.761,1.157966,0.324570
920,2HFR,68.52,0.634500,1.00,-1743.836,82.614,0.269989,0.308770
921,2HGO,65.74,0.571700,1.00,-1775.785,154.129,0.355339,0.354540
922,2HLG,87.18,0.680400,1.00,-2682.316,297.991,0.178233,0.775750
923,2HM3,57.26,0.510300,1.00,-1744.106,279.744,0.501331,0.344220
924,2HM4,41.94,0.473300,1.00,-1694.956,258.177,0.775712,0.221090
925,2HM5,62.10,0.608500,1.00,-1694.956,258.177,0.466267,0.356720
926,2HM6,62.10,0.554500,1.00,-1831.799,218.481,0.854103,0.450050
927,2HN8,58.55,0.661000,1.00,-3188.568,107.267,0.800813,0.505600
928,2I1P,31.25,0.351500,1.00,-2597.151,320.772,1.019256,0.272360
929,2I1T,76.39,0.666900,1.00,-2274.153,170.230,0.240881,0.551430
930,2I5O,88.46,0.836300,1.00,-2842.237,159.359,0.304994,0.783040
931,2I9M,95.59,0.783400,1.00,-1151.721,35.224,0.090753,0.566300
932,2I9N,51.52,0.622100,1.00,-1775.043,129.658,0.666404,0.362130
933,2I9O,68.92,0.667500,1.00,-1591.277,151.696,0.276605,0.489180
934,2IFJ,64.58,0.494700,1.00,-542.842,52.025,0.307389,0.221580
935,2IGU,75.00,0.580300,1.00,-600.670,42.684,0.315791,0.322730
936,2IH6,54.55,0.494600,1.00,-491.672,63.266,0.401851,0.173520
937,2IMU,45.65,0.701100,1.00,-2762.591,116.399,0.696265,0.373020
938,2IT7,98.21,0.810000,1.00,-1971.642,203.304,0.064814,0.804610
939,2IV4,26.56,0.437900,1.00,-353.512,72.595,0.780138,0.118660
940,2IV5,19.57,0.407600,1.00,-463.995,103.317,0.900366,0.156160
941,2IV6,23.91,0.439100,1.00,-539.134,127.468,1.085130,0.143840
942,2IWJ,44.44,0.450500,1.00,-1325.402,120.510,0.721604,0.260070
943,2J15,68.33,0.573800,1.00,-638.890,73.090,0.310276,0.203500
944,2J8P,44.39,0.522500,1.00,-4590.733,109.314,1.073661,0.373140
945,2JM0,80.00,0.711100,1.00,-2946.954,146.337,0.194220,0.576370
946,2JM2,27.22,0.242700,1.00,-2322.977,272.691,1.721704,0.197740
947,2JM4,38.95,0.460400,1.00,-2022.940,345.214,0.778845,0.274430
948,2JMY,93.33,0.713300,1.00,-893.311,30.401,0.131190,0.534400
949,2JN5,43.75,0.498000,1.00,-704.815,27.848,0.558152,0.215390
950,2JNH,50.00,0.632700,1.00,-3745.865,104.082,1.117491,0.385730
951,2JNI,90.48,0.718600,1.00,-1410.834,98.648,0.162516,0.370050
952,2JOC,59.46,0.537100,1.00,-2342.446,173.583,0.521268,0.411750
953,2JOF,90.00,0.763500,1.00,-1019.938,108.959,0.147743,0.543600
954,2JOS,78.41,0.660000,1.00,-1409.317,25.761,0.224692,0.474940
955,2JOU,45.59,0.335400,1.00,-2666.969,183.148,1.009115,0.340930
956,2JP6,60.14,0.588700,1.00,-2110.594,153.431,0.809302,0.400350
957,2JPJ,51.92,0.675800,1.00,-2484.871,50.186,0.598208,0.418150
958,2JPK,50.00,0.631600,1.00,-2541.180,107.221,0.961378,0.415060
959,2JPL,52.56,0.636600,1.00,-2484.871,50.186,0.572099,0.393960
960,2JPM,51.43,0.641800,1.00,-2541.180,107.221,0.520773,0.409910
961,2JPW,36.72,0.451700,1.00,-952.512,188.098,1.129971,0.209240
962,2JPX,60.71,0.688900,1.00,-2266.607,84.991,0.690189,0.481870
963,2JQ2,52.08,0.448400,1.00,-462.462,66.264,0.430914,0.128510
964,2JQB,56.67,0.559400,1.00,-562.838,105.228,0.538557,0.253920
965,2JQC,51.67,0.469000,1.00,-562.838,105.228,0.422347,0.186600
966,2JQW,48.53,0.450900,1.00,-892.400,112.038,0.556856,0.141320
967,2JR3,40.48,0.406800,1.00,-2977.699,213.996,0.914540,0.324850
968,2JR8,48.81,0.604800,1.00,-2111.075,134.362,0.645962,0.449230
969,2JRD,63.89,0.606700,1.00,-997.098,167.507,0.767563,0.368560
970,2JRV,56.67,0.544100,1.00,-823.912,58.197,0.525880,0.194980
971,2JRW,57.61,0.500400,1.00,-1123.388,181.236,0.365179,0.196760
972,2JRY,43.48,0.423800,1.00,-2948.492,529.376,0.594958,0.344700
973,2JSB,78.57,0.670000,1.00,-1405.185,130.596,0.244371,0.258590
974,2JTA,45.00,0.460900,1.00,-289.582,33.957,0.563531,0.288590
975,2JTB,91.67,0.705700,1.00,-2181.740,165.059,0.103331,0.723710
976,2JTU,46.71,0.424700,1.00,-2455.417,231.122,0.817853,0.389750
977,2JTW,74.00,0.679900,1.00,-1566.136,60.834,0.346704,0.407770
978,2JUE,34.48,0.296900,1.00,-1962.474,322.786,0.807512,0.206110
979,2JUI,65.15,0.672300,1.00,-1986.818,81.737,0.561043,0.409940
980,2JUQ,80.77,0.601500,1.00,-700.920,43.207,0.166736,0.342820
981,2JUR,63.46,0.494300,1.00,-674.121,63.457,0.422924,0.326250
982,2JUS,92.31,0.716500,1.00,-713.542,52.785,0.102167,0.449410
983,2JUT,63.46,0.510000,1.00,-635.046,54.263,0.420045,0.323370
984,2JUY,61.61,0.559700,1.00,-2180.292,156.306,0.415549,0.312070
985,2JVX,92.86,0.787000,1.00,-1854.982,116.432,0.123302,0.720520
986,2JVY,86.61,0.707600,1.00,-1917.807,148.737,0.269505,0.681840
987,2JWG,75.54,0.621800,1.00,-2784.102,194.305,0.269936,0.691150
988,2JWH,53.12,0.641100,1.00,-1781.204,308.567,0.822077,0.454080
989,2JWM,81.90,0.676000,1.00,-1956.604,131.095,0.364441,0.600870
990,2JXF,86.67,0.744600,1.00,-2698.703,69.190,0.144077,0.708810
991,2JY0,65.74,0.669800,1.00,-1628.646,62.717,0.341782,0.345760
992,2JYD,29.35,0.411100,1.00,-1885.016,442.932,0.907898,0.219390
993,2JYP,43.06,0.440600,1.00,-2710.448,176.246,0.569540,0.299820
994,2K10,52.34,0.665300,1.00,-1935.616,61.667,0.561815,0.258470
995,2K1A,65.48,0.681300,1.00,-2977.590,109.986,0.518002,0.574460
996,2K1I,90.62,0.709700,1.00,-1922.837,142.520,0.111630,0.677520
997,2K1P,43.18,0.405400,1.00,-1972.560,182.589,0.624052,0.275150
998,2K2Y,83.97,0.669900,1.00,-3126.906,177.363,0.184157,0.685640
999,2K2Z,41.67,0.349000,1.00,-2359.760,147.808,0.699426,0.412430
1000,2K44,52.68,0.647200,1.00,-2456.670,53.835,0.880391,0.384720
1001,2K4U,90.54,0.708300,1.00,-2740.965,173.980,0.111589,0.763960
1004,2K6O,70.95,0.729900,1.00,-2902.920,145.357,0.268876,0.592150
1005,2K6R,75.00,0.598700,1.00,-2004.867,168.188,0.307878,0.522070
1006,2K72,32.43,0.352400,1.00,-2917.104,203.075,0.786548,0.236450
1007,2K76,65.83,0.624200,1.00,-1983.934,91.455,0.517855,0.433010
1008,2K7G,94.83,0.822900,1.00,-2042.143,158.654,0.087150,0.734370
1009,2K7Y,31.67,0.549300,1.00,-2463.984,126.231,1.168239,0.284200
1010,2K84,70.83,0.695600,1.00,-2113.348,90.931,0.462955,0.486090
1012,2K98,59.37,0.625400,1.00,-1295.839,75.202,0.587016,0.364990
1013,2K9D,75.57,0.656600,1.00,-4811.728,111.113,0.168820,0.639010
1014,2K9O,54.86,0.466300,1.00,-2332.143,206.531,0.652829,0.383030
1015,2KAM,85.58,0.727600,1.00,-1804.888,53.350,0.170782,0.548410
1016,2KB8,65.54,0.694500,1.00,-2287.394,102.980,0.508267,0.501410
1017,2KB9,33.52,0.348000,1.00,-3322.144,290.781,0.791995,0.332990
1018,2KBL,62.07,0.632100,1.00,-1718.108,178.636,0.461680,0.343560
1019,2KCF,72.22,0.664000,1.00,-2157.853,201.595,0.368189,0.546770
1020,2KCG,95.83,0.821300,1.00,-2034.006,222.710,0.081658,0.767870
1021,2KCH,91.38,0.763200,1.00,-2015.090,241.886,0.132655,0.663520
1023,2KDT,37.78,0.426900,1.00,-2688.143,241.869,1.217735,0.279650
1024,2KE3,40.70,0.506300,1.00,-2739.468,196.425,0.758027,0.310060
1025,2KEF,34.00,0.335400,1.00,-1793.279,136.526,0.886349,0.224580
1026,2KEG,65.62,0.596600,1.00,-1798.193,71.808,0.393219,0.424370
1027,2KEH,59.38,0.556800,1.00,-1798.193,71.808,0.488302,0.388430
1028,2KES,61.46,0.769000,1.00,-3988.680,90.301,0.506896,0.589100
1029,2KFE,67.71,0.702800,1.00,-1660.310,44.734,0.264196,0.315150
1030,2KFQ,38.28,0.408400,1.00,-2156.066,197.236,0.716435,0.363250
1031,2KGH,32.05,0.367700,1.00,-2164.434,220.469,1.004251,0.225840
1032,2KGN,65.62,0.573200,1.00,-1334.746,80.148,0.406484,0.329280
1033,2KGU,47.86,0.452000,1.00,-2364.995,159.916,0.694420,0.368960
1034,2KHB,77.59,0.603500,1.00,-2081.186,123.444,0.545860,0.537340
1035,2KHF,74.00,0.660000,1.00,-1699.265,62.754,0.234653,0.462080
1036,2KHG,71.00,0.599500,1.00,-1699.265,62.754,0.317345,0.409610
1037,2KI0,66.67,0.595000,1.00,-2377.109,124.100,0.390450,0.433330
1038,2KI9,56.06,0.612400,1.00,-2838.422,56.307,0.535139,0.394470
1039,2KIO,53.79,0.583500,1.00,-2505.881,91.698,0.713191,0.346410
1040,2KIR,67.65,0.572000,1.00,-2437.807,159.789,0.261954,0.449150
1041,2KIT,71.21,0.652200,1.00,-2505.881,91.698,0.468477,0.528660
1042,2KJM,41.67,0.544800,1.00,-2323.904,72.401,1.206933,0.313280
1043,2KJN,75.96,0.676600,1.00,-1823.412,45.845,0.322914,0.478190
1044,2KJO,66.35,0.617900,1.00,-1823.412,45.845,0.335549,0.421950
1045,2KLV,47.28,0.572800,1.00,-3381.628,86.528,0.728552,0.420720
1046,2KM9,86.00,0.627800,1.00,-1263.179,105.867,0.170415,0.472770
1047,2KMO,40.34,0.474400,1.00,-2325.618,200.990,0.859419,0.279440
1048,2KMP,37.50,0.467500,1.00,-2325.618,200.990,0.881324,0.275930
1049,2KMQ,40.91,0.478500,1.00,-2325.618,200.990,0.849239,0.279150
1050,2KMR,32.39,0.409500,1.00,-2325.618,200.990,1.284951,0.216710
1051,2KNI,63.41,0.501200,1.00,-2383.445,257.963,0.465776,0.500480
1052,2KNM,92.50,0.801000,1.00,-2034.006,222.710,0.122628,0.733360
1053,2KNP,84.09,0.710600,1.00,-1961.041,140.811,0.193514,0.632130
1054,2KNS,58.33,0.613800,1.00,-1817.414,126.753,0.589050,0.401500
1055,2KNU,56.90,0.474100,1.00,-2079.103,72.605,0.468614,0.394970
1056,2KOE,40.00,0.606000,1.00,-3019.913,105.477,0.985769,0.340740
1057,2KOZ,93.18,0.789800,1.00,-2216.951,117.567,0.117290,0.775400
1058,2KP0,90.15,0.729500,1.00,-2290.863,106.918,0.129096,0.703630
1059,2KPA,50.96,0.550600,1.00,-1501.393,81.658,0.464103,0.273740
1060,2KPB,54.81,0.564100,1.00,-1501.393,81.658,0.546192,0.285030
1061,2KSG,32.29,0.611200,1.00,-2945.331,63.161,1.465637,0.274740
1062,2KSJ,47.83,0.701400,1.00,-3381.628,86.528,0.636724,0.468820
1063,2KTC,66.18,0.576600,1.00,-1849.822,183.867,0.539522,0.452900
1064,2KTX,92.11,0.703100,1.00,-2878.010,156.407,0.157047,0.788960
1065,2KUK,82.50,0.689300,1.00,-2044.056,276.874,0.149733,0.548500
1066,2KUS,86.43,0.761600,1.00,-2262.350,167.249,0.121605,0.693020
1067,2KUX,83.33,0.676100,1.00,-2238.186,176.505,0.246238,0.626770
1068,2KUY,54.65,0.478200,1.00,-3267.584,217.870,0.810354,0.385260
1069,2KV5,75.76,0.692900,1.00,-2677.978,72.152,0.413586,0.664630
1070,2KVF,85.71,0.637300,1.00,-2129.554,78.628,0.211777,0.550940
1071,2KVG,80.56,0.692200,1.00,-1802.479,118.144,0.211292,0.466630
1072,2KVH,82.41,0.672500,1.00,-1842.597,98.116,0.231377,0.523520
1073,2KVX,91.96,0.779700,1.00,-2046.227,99.413,0.142503,0.665620
1074,2KWT,65.15,0.556200,1.00,-2873.876,121.940,0.388720,0.478350
1075,2KWY,73.26,0.779900,1.00,-2657.303,89.360,0.431998,0.666900
1076,2KWZ,65.62,0.682000,1.00,-3476.484,71.821,0.346276,0.530160
1077,2KXA,47.50,0.625400,1.00,-1444.944,118.094,1.075536,0.343300
1078,2KY3,87.88,0.754200,1.00,-2220.065,136.721,0.211852,0.671060
1079,2KYA,47.79,0.530100,1.00,-1590.321,119.026,0.729940,0.436370
1080,2KYJ,77.78,0.628700,1.00,-1958.834,245.990,0.551521,0.638030
1081,2KYK,64.74,0.505700,1.00,-2282.576,168.264,0.647475,0.486930
1082,2KZQ,53.47,0.410200,1.00,-2663.722,90.472,1.345960,0.419600
1083,2L07,84.72,0.594600,1.00,-950.411,85.783,0.183454,0.316840
1084,2L0G,85.16,0.668500,1.00,-2845.015,99.472,0.329708,0.686170
1085,2L0L,54.63,0.629300,1.00,-1585.436,64.918,0.635318,0.319820
1086,2L0M,66.67,0.623500,1.00,-1585.436,64.918,0.343894,0.370400
1087,2L0N,75.83,0.646100,1.00,-2411.091,63.182,0.243357,0.494980
1088,2L0O,63.33,0.617800,1.00,-2411.091,63.182,0.390963,0.405770
1089,2L1J,41.91,0.435000,1.00,-2235.876,223.660,0.755629,0.254180
1090,2L1Q,70.62,0.683600,1.00,-1998.889,281.780,0.650000,0.602610
1091,2L1X,46.15,0.437300,1.00,-2906.559,123.169,0.709685,0.328190
1092,2L2R,79.05,0.664400,1.00,-1960.204,160.775,0.457109,0.667590
1093,2L36,60.42,0.675400,1.00,-1130.709,76.581,0.444940,0.361220
1094,2L37,78.49,0.601200,1.00,-3535.938,127.929,0.268603,0.622550
1095,2L3H,37.18,0.452600,1.00,-2643.986,93.893,0.863554,0.291370
1096,2L3I,62.50,0.567600,1.00,-2304.834,84.981,0.482820,0.492140
1097,2L44,82.89,0.617200,1.00,-848.130,83.643,0.211331,0.282160
1098,2L4G,66.67,0.658000,1.00,-1239.715,93.331,0.509064,0.337650
1099,2L4J,64.67,0.603700,1.00,-2740.668,257.537,0.616799,0.533200
1100,2L4U,61.46,0.515300,1.00,-1334.746,80.148,0.388069,0.306790
1101,2L5I,35.71,0.443400,1.00,-1299.687,109.345,0.702409,0.171840
1102,2L5J,47.62,0.448800,1.00,-1299.687,109.345,0.522595,0.118210
1103,2L5R,88.04,0.799200,1.00,-1477.326,27.212,0.146339,0.457060
1104,2L61,64.42,0.492600,1.00,-1217.305,194.753,0.410408,0.300680
1105,2L62,58.65,0.487600,1.00,-1217.305,194.753,0.574408,0.281590
1106,2L63,66.67,0.660600,1.00,-2494.322,100.090,0.437427,0.409840
1107,2L64,64.39,0.656000,1.00,-2494.322,100.090,0.359230,0.451880
1108,2L6S,47.50,0.498800,1.00,-918.387,87.326,0.591871,0.142420
1109,2L6T,57.50,0.549600,1.00,-918.387,87.326,0.631992,0.189730
1110,2L70,40.48,0.532700,1.00,-2858.515,148.613,1.216238,0.501880
1111,2L71,49.40,0.577800,1.00,-2858.515,148.613,1.013554,0.518380
1112,2L77,60.26,0.627600,1.00,-2735.335,97.813,0.701072,0.457820
1113,2L79,50.64,0.484900,1.00,-2735.335,97.813,0.657597,0.366320
1114,2L7C,76.32,0.594000,1.00,-1136.370,46.536,0.305785,0.315940
1115,2L7T,63.64,0.545900,1.00,-419.387,42.019,0.326898,0.296470
1116,2L87,40.74,0.438300,1.00,-1049.885,146.131,0.758321,0.196360
1117,2L8E,64.80,0.653000,1.00,-2961.382,310.169,0.915301,0.563420
1118,2L91,73.84,0.727600,1.00,-3426.685,107.820,0.286865,0.617530
1122,2L9G,78.95,0.647700,1.00,-1182.964,41.761,0.341785,0.308810
1123,2L9X,63.33,0.583600,1.00,-2140.934,80.939,0.360100,0.391740
1124,2L9Z,64.10,0.667300,1.00,-2326.697,325.091,0.645552,0.521700
1125,2LA0,68.33,0.668600,1.00,-2082.430,33.646,0.313129,0.399430
1126,2LAM,75.86,0.628400,1.00,-2254.728,138.663,0.545248,0.540690
1127,2LAQ,39.58,0.464100,1.00,-1737.942,385.479,0.654034,0.222280
1128,2LAT,69.59,0.708200,1.00,-2944.964,93.348,0.459806,0.605890
1129,2LB7,56.82,0.495200,1.00,-3053.448,251.410,0.524238,0.407040
1130,2LBG,84.26,0.789900,1.00,-1189.319,48.864,0.128831,0.534640
1131,2LBZ,45.97,0.486200,1.00,-2246.755,75.338,0.544498,0.316170
1132,2LCM,60.71,0.645500,1.00,-1745.462,102.000,0.520652,0.434370
1133,2LDE,74.00,0.676900,1.00,-1569.530,154.432,0.427194,0.480980
1134,2LDF,47.92,0.466700,1.00,-1283.556,183.541,0.546733,0.184170
1135,2LDJ,87.50,0.633800,1.00,-1101.719,112.559,0.156563,0.311580
1136,2LDS,73.61,0.558900,1.00,-2151.802,230.166,0.268486,0.522340
1137,2LE3,63.69,0.614800,1.00,-2511.705,257.125,0.503424,0.483810
1138,2LE7,60.00,0.574800,1.00,-1499.658,30.667,0.494424,0.259360
1139,2LER,52.27,0.546500,1.00,-452.760,76.088,0.283828,0.216820
1140,2LET,90.18,0.728400,1.00,-1925.450,112.249,0.122974,0.598270
1141,2LEU,73.65,0.586500,1.00,-2271.634,143.738,0.484037,0.591120
1142,2LEW,51.56,0.465200,1.00,-2003.915,179.704,0.582462,0.315150
1143,2LEY,64.84,0.480400,1.00,-2053.675,164.274,0.330465,0.485170
1144,2LFM,20.00,0.360300,1.00,-1557.023,200.827,1.563246,0.219960
1145,2LG4,42.50,0.473100,1.00,-2890.790,190.158,0.614077,0.394740
1146,2LG5,75.69,0.633200,1.00,-2576.206,173.225,0.299378,0.564690
1147,2LG6,88.89,0.705000,1.00,-2711.633,182.688,0.234113,0.728320
1148,2LI3,80.83,0.686900,1.00,-2242.577,125.657,0.206954,0.516650
1149,2LIC,34.29,0.438800,1.00,-1689.001,151.181,0.704638,0.232130
1150,2LID,27.86,0.398900,1.00,-1307.042,236.986,0.891569,0.190270
1151,2LIF,83.33,0.766100,1.00,-1773.542,94.034,0.194352,0.492710
1152,2LIX,68.52,0.511100,1.00,-1887.209,107.877,0.349629,0.456990
1153,2LIY,63.89,0.564500,1.00,-2753.985,246.381,0.348182,0.510150
1154,2LJ7,78.19,0.666500,1.00,-3512.957,223.406,0.264714,0.696980
1155,2LJQ,44.59,0.561300,1.00,-1550.965,139.571,1.467487,0.333190
1156,2LJS,93.33,0.788900,1.00,-1759.264,152.802,0.114151,0.756240
1157,2LJT,47.30,0.631100,1.00,-1680.745,192.682,0.924515,0.422590
1158,2LK9,59.29,0.543800,1.00,-2270.804,76.586,0.519973,0.508340
1159,2LKE,67.71,0.615400,1.00,-1109.449,133.297,0.601917,0.367690
1160,2LKJ,70.83,0.585200,1.00,-1109.449,133.297,0.555138,0.398710
1161,2LKQ,62.50,0.565700,1.00,-1562.256,84.248,0.508584,0.254210
1162,2LL1,84.09,0.655200,1.00,-2298.078,200.664,0.233293,0.651490
1163,2LL2,43.27,0.507000,1.00,-950.582,222.168,0.655241,0.206750
1164,2LL5,95.45,0.839800,1.00,-1190.801,53.126,0.097128,0.526040
1165,2LLD,76.25,0.636900,1.00,-2659.037,267.515,0.337444,0.622030
1166,2LLM,74.42,0.721900,1.00,-2893.886,74.302,0.269719,0.596560
1167,2LLR,80.68,0.697000,1.00,-1211.361,89.835,0.210656,0.302840
1168,2LM8,40.38,0.409100,1.00,-551.757,42.901,0.704397,0.192870
1169,2LMA,78.41,0.655000,1.00,-1412.798,80.191,0.207704,0.263070
1170,2LMB,26.16,0.321700,1.00,-1740.131,242.962,1.085587,0.194150
1171,2LMF,85.87,0.711800,1.00,-1628.006,83.716,0.152793,0.520630
1172,2LMZ,83.33,0.646700,1.00,-3911.459,239.056,0.237336,0.701100
1173,2LNE,65.38,0.494500,1.00,-459.621,60.373,0.366949,0.340950
1174,2LNF,46.15,0.466500,1.00,-459.621,60.373,0.402435,0.237810
1175,2LNG,53.85,0.495500,1.00,-459.621,60.373,0.380555,0.167390
1176,2LO2,80.26,0.674400,1.00,-2278.398,172.732,0.345182,0.635070
1177,2LO3,65.34,0.657700,1.00,-2748.147,200.978,0.547037,0.534880
1178,2LO7,61.29,0.471800,1.00,-2447.570,154.709,0.667553,0.401340
1179,2LQ0,82.00,0.708200,1.00,-1706.691,104.772,0.337675,0.532880
1180,2LQ1,61.00,0.613000,1.00,-1365.971,91.655,0.484237,0.391090
1181,2LQ2,57.50,0.666200,1.00,-1388.026,111.306,0.751024,0.470410
1182,2LQA,85.14,0.709800,1.00,-2789.444,262.055,0.225015,0.710190
1183,2LQX,86.59,0.642200,1.00,-3174.994,145.623,0.269609,0.752670
1184,2LQY,73.75,0.652600,1.00,-1588.745,20.410,0.313421,0.315370
1185,2LR3,79.26,0.622200,1.00,-3260.977,214.596,0.204908,0.663910
1186,2LR5,73.03,0.589400,1.00,-2688.023,163.759,0.373694,0.548050
1187,2LR7,31.90,0.454800,1.00,-1994.307,68.409,0.921893,0.202330
1188,2LRX,42.22,0.494600,1.00,-3337.189,140.775,0.996559,0.361440
1189,2LS1,46.25,0.428300,1.00,-1022.746,95.928,0.460277,0.167350
1190,2LS2,73.00,0.669600,1.00,-2030.485,42.186,0.313549,0.536510
1191,2LS3,70.69,0.714000,1.00,-2602.815,58.639,0.319793,0.487420
1192,2LS4,26.04,0.285900,1.00,-1378.821,133.060,1.196687,0.125610
1193,2LS9,61.00,0.604300,1.00,-1318.708,36.474,0.410032,0.266230
1194,2LSA,61.96,0.688400,1.00,-1563.445,29.516,0.433840,0.244650
1195,2LSQ,58.00,0.457500,1.00,-1675.106,120.110,0.457300,0.243620
1196,2LSW,38.75,0.389900,1.00,-2044.923,232.604,1.171143,0.240570
1197,2LT8,82.14,0.681000,1.00,-3186.941,236.048,0.274148,0.681890
1198,2LTI,28.26,0.540700,1.00,-714.366,115.824,1.453307,0.175280
1200,2LU9,79.84,0.665900,1.00,-2050.947,127.273,0.235043,0.501470
1201,2LUF,83.75,0.633600,1.00,-1139.645,52.246,0.213436,0.438740
1202,2LUG,52.08,0.558500,1.00,-1457.740,198.845,1.208554,0.420980
1203,2LUR,68.10,0.562500,1.00,-1866.215,202.989,0.434547,0.370380
1204,2LUV,57.86,0.563000,1.00,-1745.888,176.238,0.601002,0.491460
1205,2LVG,71.88,0.744000,1.00,-2820.380,88.625,0.306480,0.533940
1206,2LWB,68.75,0.492800,1.00,-1756.065,94.788,0.342022,0.194000
1207,2LWL,70.92,0.646400,1.00,-2970.961,263.152,0.479855,0.607570
1208,2LWQ,92.19,0.755500,1.00,-823.873,61.994,0.147412,0.544630
1209,2LWS,72.92,0.548300,1.00,-512.694,42.166,0.286954,0.277460
1210,2LWT,94.44,0.715000,1.00,-1039.187,61.720,0.147762,0.422880
1211,2LWU,95.00,0.823600,1.00,-734.136,41.819,0.112850,0.477990
1212,2LWV,79.41,0.681600,1.00,-820.079,90.200,0.197349,0.263340
1213,2LX0,58.59,0.644600,1.00,-2673.913,68.196,0.422235,0.450520
1214,2LX4,89.71,0.741400,1.00,-1125.717,32.619,0.200935,0.527870
1215,2LX5,81.94,0.595000,1.00,-963.227,32.937,0.302092,0.406460
1216,2LX6,35.53,0.469400,1.00,-655.783,69.874,0.801728,0.123460
1217,2LXO,47.16,0.460700,1.00,-3384.860,186.237,0.635977,0.376350
1218,2LXZ,46.88,0.412800,1.00,-2446.918,164.908,0.794562,0.355070
1219,2LYE,87.50,0.712700,1.00,-961.563,81.184,0.141238,0.295440
1220,2LYF,94.44,0.733300,1.00,-1014.873,77.899,0.118225,0.420870
1221,2LZI,86.11,0.701300,1.00,-884.394,78.764,0.170826,0.287780
1222,2LZO,72.41,0.675500,1.00,-1573.993,177.664,0.335220,0.438340
1223,2LZP,73.39,0.593900,1.00,-1772.992,107.168,0.626968,0.569310
1224,2LZQ,75.96,0.768100,1.00,-2423.746,86.133,0.228781,0.536510
1225,2LZX,87.16,0.743600,1.00,-2770.699,364.802,0.195450,0.723390
1226,2LZY,82.86,0.708100,1.00,-2425.925,161.729,0.240473,0.644440
1227,2M0H,64.77,0.665200,1.00,-1480.452,57.231,0.570333,0.364520
1228,2M0S,60.71,0.643900,1.00,-1745.106,43.912,0.363162,0.372030
1229,2M0W,55.43,0.633200,1.00,-1426.973,39.997,0.707226,0.264110
1230,2M1A,86.54,0.669900,1.00,-1433.351,48.442,0.135006,0.552790
1231,2M1J,65.83,0.625900,1.00,-2038.547,75.569,0.550662,0.477080
1232,2M1P,75.00,0.609600,1.00,-746.094,96.637,0.415766,0.170270
1233,2M1T,62.50,0.632800,1.00,-1654.051,44.735,0.479205,0.261370
1234,2M2G,91.67,0.710900,1.00,-844.167,84.095,0.162916,0.494250
1235,2M2H,86.11,0.666400,1.00,-631.868,86.183,0.145795,0.245070
1236,2M2Q,96.88,0.838100,1.00,-2508.657,114.561,0.072740,0.818200
1237,2M2R,84.09,0.687700,1.00,-2202.870,148.549,0.175332,0.604030
1238,2M2S,66.67,0.617600,1.00,-602.435,62.860,0.395869,0.229690
1239,2M2X,27.78,0.289400,1.00,-912.228,18.729,1.001669,0.092700
1240,2M2Y,73.61,0.655600,1.00,-804.729,75.416,0.267940,0.282510
1241,2M36,55.26,0.446000,1.00,-2222.935,195.484,0.520150,0.444230
1242,2M37,42.11,0.577400,1.00,-587.613,102.809,1.265302,0.107090
1243,2M3F,86.36,0.697800,1.00,-1605.186,62.842,0.122336,0.571600
1244,2M3J,78.79,0.642000,1.00,-2282.429,169.654,0.255100,0.590420
1245,2M3N,70.83,0.598300,1.00,-844.857,129.955,0.255066,0.255940
1246,2M4X,76.43,0.588400,1.00,-2479.735,172.000,0.220005,0.526560
1247,2M4Z,69.29,0.576900,1.00,-2276.672,209.329,0.267747,0.453020
1248,2M50,80.71,0.676200,1.00,-2618.292,177.430,0.190981,0.608590
1249,2M5L,56.25,0.555900,1.00,-1028.913,99.601,0.549599,0.186350
1250,2M5X,59.38,0.517900,1.00,-2281.598,220.821,0.431023,0.417860
1251,2M5Z,94.32,0.762300,1.00,-5432.300,124.916,0.110095,0.862030
1252,2M60,86.05,0.718800,1.00,-5759.256,111.222,0.143144,0.771350
1253,2M62,85.42,0.628700,1.00,-683.290,45.525,0.187084,0.290340
1254,2M6A,72.32,0.639500,1.00,-2019.300,87.940,0.249908,0.427440
1255,2M6O,78.65,0.712500,1.00,-3072.493,293.609,0.414384,0.701640
1256,2M6P,82.07,0.643800,1.00,-3398.758,238.834,0.563694,0.725180
1257,2M73,67.00,0.646900,1.00,-1856.273,42.573,0.301073,0.370460
1258,2M77,95.83,0.697200,1.00,-988.973,70.761,0.085288,0.436640
1259,2M78,91.67,0.701400,1.00,-949.853,85.061,0.115905,0.442670
1260,2M79,79.17,0.721200,1.00,-931.524,97.919,0.220816,0.290740
1261,2M7C,90.48,0.698300,1.00,-1234.364,66.170,0.153626,0.409830
1262,2M7D,80.00,0.733100,1.00,-1142.912,68.482,0.161583,0.396210
1263,2M7E,61.54,0.492700,1.00,-1524.479,92.497,0.454861,0.316070
1264,2M7I,41.07,0.444300,1.00,-606.536,50.284,0.695826,0.154730
1265,2M7J,39.29,0.496600,1.00,-180.683,83.444,0.949370,0.149580
1266,2M7P,29.17,0.349800,1.00,-2881.651,297.985,1.069649,0.284190
1267,2M7T,86.36,0.731100,1.00,-1974.233,237.240,0.170543,0.697080
1268,2M7X,50.00,0.583000,1.00,-2068.866,247.671,0.797645,0.326090
1269,2M8F,48.96,0.479700,1.00,-1143.822,140.174,0.690497,0.184740
1270,2M8I,78.49,0.723000,1.00,-2424.207,342.476,0.450970,0.648680
1271,2M8J,80.23,0.720900,1.00,-2503.033,267.269,0.278635,0.684450
1272,2M8M,77.68,0.750300,1.00,-2650.427,73.487,0.235071,0.500070
1273,2M8O,74.11,0.684100,1.00,-2650.427,73.487,0.247131,0.344770
1274,2M96,46.59,0.475000,1.00,-2417.480,334.770,0.690419,0.367530
1275,2M9E,70.45,0.625700,1.00,-2013.252,185.566,0.545530,0.510670
1276,2M9F,65.91,0.619500,1.00,-2013.252,185.566,0.547165,0.436790
1277,2M9I,81.62,0.732400,1.00,-2287.522,145.533,0.279124,0.645560
1278,2M9J,86.03,0.733700,1.00,-2287.522,145.533,0.285133,0.699300
1279,2M9L,85.00,0.671400,1.00,-2562.028,207.373,0.317085,0.683970
1280,2M9O,75.86,0.578900,1.00,-2169.865,147.079,0.546235,0.506090
1281,2M9R,28.75,0.361500,1.00,-1561.406,220.865,1.822661,0.232320
1282,2M9S,26.88,0.368900,1.00,-1561.406,220.865,2.112823,0.223800
1283,2MAA,80.77,0.669100,1.00,-716.610,43.590,0.181282,0.434160
1284,2MAE,50.00,0.506000,1.00,-1066.062,143.348,0.599948,0.314980
1285,2MAU,94.17,0.764900,1.00,-2110.711,123.259,0.095256,0.715050
1286,2MBD,99.07,0.826000,1.00,-1742.955,60.936,0.049458,0.843820
1287,2MBY,52.17,0.607000,1.00,-3630.031,126.937,0.598832,0.462500
1288,2MCE,39.29,0.458400,1.00,-589.295,136.220,0.621616,0.133830
1289,2MD1,73.53,0.651000,1.00,-996.975,59.558,0.275025,0.368270
1290,2MD2,72.50,0.520100,1.00,-405.587,44.363,0.251982,0.418970
1291,2MD4,95.83,0.717700,1.00,-723.916,24.273,0.073478,0.493180
1292,2MD6,81.94,0.647600,1.00,-1046.377,50.258,0.187071,0.295180
1293,2MDC,38.54,0.542600,1.00,-2253.452,289.176,1.896566,0.314420
1294,2MDL,33.33,0.412800,1.00,-1201.586,175.382,0.720108,0.153860
1295,2MDU,87.07,0.667100,1.00,-1919.702,175.999,0.169951,0.611240
1296,2ME1,64.81,0.538400,1.00,-2480.310,52.484,0.397052,0.373730
1297,2ME2,57.41,0.575400,1.00,-2487.926,38.232,0.444528,0.384570
1298,2ME3,63.89,0.529800,1.00,-2417.190,76.186,0.330988,0.331570
1299,2ME4,54.63,0.591100,1.00,-2473.986,67.937,0.445484,0.362600
1300,2ME7,91.67,0.761100,1.00,-2211.854,130.686,0.165535,0.757990
1301,2MEL,87.88,0.758000,1.00,-2205.928,135.215,0.188109,0.691480
1302,2MEN,83.33,0.719800,1.00,-2054.441,135.206,0.281185,0.623410
1303,2MEO,83.33,0.705600,1.00,-2192.646,110.066,0.255222,0.613050
1304,2MF3,46.28,0.414600,1.00,-3284.011,305.604,0.584091,0.457060
1305,2MFM,36.67,0.481800,1.00,-440.298,49.454,0.867193,0.199830
1306,2MFO,35.00,0.544100,1.00,-382.280,56.935,0.932105,0.154580
1307,2MFP,48.39,0.510700,1.00,-1148.332,246.089,0.611578,0.275430
1308,2MFS,95.71,0.784200,1.00,-2326.864,189.969,0.080744,0.829250
1309,2MFV,41.07,0.580600,1.00,-78.299,67.277,0.981937,0.261390
1310,2MG1,73.15,0.766300,1.00,-1843.440,52.744,0.309100,0.563100
1311,2MG2,75.89,0.629900,1.00,-2309.920,62.101,0.175071,0.549790
1312,2MG3,66.07,0.584600,1.00,-2309.920,62.101,0.392127,0.418290
1313,2MH1,72.73,0.608600,1.00,-2073.246,234.631,0.400023,0.545190
1314,2MHU,40.83,0.413700,1.00,-1836.658,192.984,0.629955,0.186620
1315,2MHW,50.00,0.633100,1.00,-1742.393,25.288,0.680947,0.354190
1316,2MI1,64.29,0.573000,1.00,-542.387,63.246,0.324376,0.236070
1317,2MI9,68.33,0.534100,1.00,-2047.339,202.897,0.319623,0.450150
1318,2MIA,64.17,0.508600,1.00,-2047.339,202.897,0.324971,0.383580
1319,2MID,41.67,0.533900,1.00,-433.933,59.871,0.731032,0.333120
1320,2MIE,39.58,0.516700,1.00,-364.668,44.321,0.650281,0.079680
1321,2MIF,39.58,0.528700,1.00,-323.521,48.584,0.602133,0.280600
1322,2MIG,37.50,0.527200,1.00,-356.231,61.048,0.689193,0.174210
1323,2MIH,39.29,0.464600,1.00,-429.593,81.746,0.694760,0.241950
1324,2MIJ,56.76,0.512600,1.00,-2822.709,140.318,0.452480,0.394250
1325,2MIX,71.43,0.642900,1.00,-1016.809,121.233,0.576639,0.298260
1326,2MJ1,47.22,0.445100,1.00,-501.765,119.574,0.568097,0.206600
1327,2MJ2,63.89,0.677000,1.00,-2415.729,162.016,0.512643,0.461610
1328,2MJ9,69.87,0.670800,1.00,-2274.222,306.360,0.421827,0.544670
1329,2MJC,45.59,0.486300,1.00,-1899.767,191.650,0.814602,0.268660
1330,2MJK,94.51,0.760100,1.00,-4014.375,156.417,0.099471,0.851490
1331,2MKB,89.00,0.762900,1.00,-2035.550,42.655,0.140626,0.595050
1332,2ML7,83.87,0.669500,1.00,-2275.673,149.396,0.211980,0.586690
1333,2MLA,92.57,0.736900,1.00,-2517.176,171.627,0.105207,0.778050
1334,2MLD,89.19,0.755800,1.00,-2509.852,167.452,0.130063,0.747650
1335,2MLJ,41.67,0.538800,1.00,-467.775,101.484,0.893479,0.137790
1336,2MLO,85.94,0.674900,1.00,-1146.648,36.308,0.171515,0.468870
1337,2MLQ,84.38,0.652100,1.00,-1146.648,36.308,0.190775,0.327910
1338,2MLU,60.00,0.517500,1.00,-1731.145,128.493,0.499381,0.452730
1339,2MLV,58.33,0.580900,1.00,-1731.145,128.493,0.643736,0.390030
1340,2MM5,83.33,0.671600,1.00,-2243.970,164.980,0.198500,0.594870
1341,2MM6,40.00,0.432300,1.00,-2159.570,165.453,0.651714,0.238170
1342,2MMM,65.28,0.610100,1.00,-2149.665,75.916,0.482512,0.489570
1343,2MMT,33.33,0.453900,1.00,-1080.711,99.568,1.079140,0.118560
1344,2MMW,47.62,0.501000,1.00,-932.740,95.029,0.683739,0.200360
1345,2MN1,88.33,0.699300,1.00,-2155.041,137.404,0.183541,0.652260
1346,2MN3,28.41,0.357600,1.00,-2112.812,333.499,0.928623,0.218360
1347,2MOC,40.91,0.435200,1.00,-279.336,38.236,0.463293,0.245200
1348,2MOF,56.55,0.564300,1.00,-3048.400,70.968,0.562111,0.583240
1349,2MPJ,55.00,0.507600,1.00,-1288.790,114.584,0.509927,0.324320
1350,2MPQ,91.67,0.767800,1.00,-2220.504,186.927,0.122040,0.794740
1351,2MQ2,39.29,0.421000,1.00,-460.675,29.806,0.640881,0.213350
1352,2MQ4,40.91,0.505600,1.00,-136.771,66.193,0.745967,0.351800
1353,2MQ5,52.50,0.505300,1.00,-127.774,46.819,0.321651,0.243310
1354,2MQF,97.06,0.800000,1.00,-2100.943,163.939,0.073541,0.850870
1355,2MQU,87.86,0.726700,1.00,-2461.777,173.432,0.117528,0.718980
1356,2MR9,89.77,0.744900,1.00,-4319.285,145.959,0.143891,0.792880
1357,2MRB,35.48,0.384400,1.00,-2056.718,197.861,0.675177,0.212130
1358,2MRF,83.33,0.705700,1.00,-2296.872,136.765,0.186989,0.630850
1359,2MRT,47.50,0.423100,1.00,-2203.646,155.247,0.615415,0.277960
1360,2MRW,45.62,0.509600,1.00,-3080.835,101.553,1.103016,0.361210
1361,2MSF,50.00,0.438200,1.00,-1684.015,195.736,0.720163,0.446020
1362,2MSO,78.33,0.625100,1.00,-2001.211,157.488,0.270539,0.504410
1363,2MSQ,85.19,0.634300,1.00,-1895.466,130.657,0.229564,0.578080
1364,2MSU,73.75,0.606500,1.00,-1233.393,46.419,0.315080,0.392450
1365,2MT7,90.71,0.734900,1.00,-2278.936,215.629,0.146404,0.733630
1366,2MT8,71.15,0.658700,1.00,-2176.863,216.099,0.612404,0.577830
1367,2MTM,86.84,0.775500,1.00,-1163.974,92.051,0.155257,0.343180
1368,2MTO,75.00,0.518400,1.00,-641.773,47.035,0.279040,0.348590
1369,2MTT,63.46,0.483500,1.00,-714.562,41.990,0.365018,0.314490
1370,2MTU,65.38,0.452300,1.00,-714.562,41.990,0.458972,0.313160
1371,2MTW,78.75,0.640200,1.00,-1260.450,54.702,0.285710,0.403160
1372,2MTY,55.00,0.540500,1.00,-1031.842,65.670,0.412348,0.136130
1373,2MU6,85.00,0.733200,1.00,-1457.082,34.447,0.189907,0.382890
1374,2MU7,78.75,0.659300,1.00,-1244.442,34.501,0.225668,0.380460
1375,2MU8,37.50,0.417900,1.00,-1251.913,99.576,0.586078,0.119770
1376,2MU9,78.75,0.657900,1.00,-1418.333,51.726,0.325532,0.348210
1377,2MUA,76.19,0.699600,1.00,-1127.427,92.707,0.238653,0.350730
1378,2MUB,33.33,0.373800,1.00,-3405.816,327.188,0.737612,0.352310
1379,2MUE,66.25,0.567700,1.00,-1176.797,77.385,0.485428,0.348220
1380,2MUF,86.25,0.705700,1.00,-1299.345,36.299,0.190899,0.370630
1381,2MUH,85.94,0.620800,1.00,-642.335,98.309,0.158959,0.332300
1382,2MUJ,38.10,0.365100,1.00,-918.173,124.387,0.691787,0.116040
1383,2MUN,90.22,0.732800,1.00,-3954.478,220.638,0.338216,0.807750
1384,2MUQ,76.70,0.714600,1.00,-2874.859,178.684,0.454020,0.656370
1385,2MV6,64.80,0.722000,1.00,-3885.022,138.213,0.434155,0.553140
1386,2MVA,61.11,0.539700,1.00,-1478.870,131.169,0.492215,0.326520
1387,2MVH,65.38,0.603200,1.00,-1787.980,76.009,0.676344,0.420280
1388,2MVI,38.95,0.397900,1.00,-3235.021,244.348,0.945320,0.299450
1389,2MVJ,83.65,0.656200,1.00,-1969.946,55.939,0.185653,0.527050
1390,2MVK,44.23,0.466200,1.00,-1066.062,143.348,0.535819,0.284440
1391,2MVL,41.35,0.495700,1.00,-1066.062,143.348,0.603571,0.279970
1392,2MVM,53.98,0.590700,1.00,-2325.667,218.031,0.617877,0.437850
1393,2MVN,57.39,0.609000,1.00,-2325.667,218.031,0.801657,0.488990
1394,2MVT,83.51,0.644800,1.00,-4068.088,167.471,0.264992,0.734270
1395,2MW0,88.79,0.733200,1.00,-1885.927,136.551,0.221752,0.635640
1396,2MW3,44.05,0.456700,1.00,-1148.870,65.812,0.638012,0.134390
1397,2MW7,85.14,0.741900,1.00,-2306.874,157.396,0.214974,0.678620
1398,2MW9,83.11,0.725500,1.00,-2254.187,192.168,0.242026,0.658310
1399,2MWA,68.92,0.645900,1.00,-2366.068,231.839,0.452465,0.535270
1400,2MWB,74.32,0.691300,1.00,-2284.976,179.591,0.296936,0.572290
1401,2MWD,86.61,0.686300,1.00,-1787.768,151.857,0.119199,0.565740
1402,2MWE,80.36,0.675400,1.00,-1671.487,134.490,0.156450,0.487740
1403,2MWF,85.16,0.709300,1.00,-2001.493,147.569,0.122539,0.636500
1404,2MWJ,84.72,0.735900,1.00,-2315.193,187.573,0.153028,0.705440
1405,2MWK,86.81,0.743500,1.00,-2315.193,187.573,0.150525,0.728050
1406,2MWL,34.38,0.472000,1.00,-395.951,87.548,0.741950,0.185220
1407,2MWT,54.41,0.585600,1.00,-1903.123,143.201,0.576678,0.424370
1408,2MX4,85.56,0.706000,1.00,-3033.593,209.564,0.235467,0.754970
1409,2MXG,35.94,0.508600,1.00,-395.951,87.548,0.866207,0.110180
1410,2MXH,40.62,0.497600,1.00,-395.951,87.548,1.052141,0.153750
1411,2MXM,91.67,0.761600,1.00,-2085.874,234.237,0.125951,0.767850
1412,2MXO,90.44,0.692300,1.00,-2180.830,170.574,0.139458,0.706590
1413,2MXP,53.03,0.482500,1.00,-2530.864,200.848,0.535742,0.353260
1414,2MXQ,66.91,0.565100,1.00,-2155.086,163.808,0.318361,0.480920
1415,2MXV,63.95,0.572400,1.00,-2706.704,240.929,0.643180,0.540210
1416,2MYH,78.66,0.615100,1.00,-2506.402,270.036,0.371087,0.659640
1417,2MYL,96.25,0.734400,1.00,-1631.105,67.391,0.119402,0.523770
1418,2MYM,62.50,0.540400,1.00,-1349.689,71.510,0.400072,0.240390
1419,2MZ2,70.59,0.490900,1.00,-1046.021,48.476,0.364477,0.257930
1420,2MZ3,75.00,0.512500,1.00,-1046.021,48.476,0.391761,0.282930
1421,2MZ4,76.09,0.620200,1.00,-3954.478,220.638,0.447145,0.651110
1422,2MZ7,21.20,0.400900,1.00,-1588.400,240.445,1.183551,0.221650
1423,2MZA,67.65,0.536000,1.00,-1046.021,48.476,0.413104,0.268320
1424,2MZX,50.00,0.438300,1.00,-417.638,55.776,0.384703,0.214060
1426,2N0X,37.50,0.490800,1.00,-493.983,76.659,0.916247,0.222630
1427,2N16,67.50,0.483500,1.00,-1226.287,125.997,0.401348,0.252840
1428,2N1C,34.78,0.440000,1.00,-852.543,131.543,0.742851,0.204680
1429,2N1N,90.71,0.685700,1.00,-2395.306,188.190,0.153337,0.720310
1430,2N1P,56.67,0.635900,1.00,-1786.238,148.948,0.581110,0.447900
1431,2N1S,95.83,0.799800,1.00,-1908.563,96.131,0.103846,0.771010
1432,2N24,68.55,0.709000,1.00,-1694.771,179.222,0.715078,0.524530
1433,2N2C,40.70,0.589900,1.00,-2107.445,110.375,0.909577,0.355960
1434,2N2F,69.23,0.552000,1.00,-373.518,88.580,0.391515,0.205410
1435,2N2G,89.39,0.743200,1.00,-2106.027,193.885,0.158348,0.689160
1436,2N2S,84.38,0.708100,1.00,-2553.184,194.545,0.219372,0.651570
1437,2N3P,96.09,0.807900,1.00,-2006.035,154.985,0.084118,0.799470
1438,2N4K,38.95,0.483000,1.00,-1511.620,305.008,0.997264,0.288470
1439,2N4R,50.68,0.430800,1.00,-2350.041,219.445,0.919557,0.518320
1440,2N4S,79.73,0.739000,1.00,-2324.016,156.002,0.486253,0.653640
1441,2N4T,83.11,0.715400,1.00,-2400.959,186.511,0.291395,0.713950
1442,2N4U,72.30,0.666600,1.00,-2535.834,205.962,0.498556,0.566930
1443,2N4V,77.03,0.736900,1.00,-2276.490,182.974,0.537335,0.595030
1444,2N4W,73.65,0.711800,1.00,-2445.638,187.774,0.584639,0.595720
1445,2N58,45.00,0.543500,1.00,-2351.595,69.845,0.834774,0.354000
1446,2N5C,33.33,0.533500,1.00,-403.856,76.082,1.047974,0.259690
1447,2N5J,78.57,0.671200,1.00,-4860.132,129.748,0.367409,0.709410
1448,2N5K,27.59,0.384900,1.00,-1418.338,183.587,0.873700,0.160930
1449,2N5Q,78.70,0.588400,1.00,-1827.102,150.554,0.234232,0.506050
1450,2N5R,85.42,0.650800,1.00,-671.994,44.883,0.224171,0.472080
1451,2N63,32.81,0.472700,1.00,-395.951,87.548,0.904350,0.133330
1452,2N68,39.13,0.586400,1.00,-741.682,109.417,1.345574,0.172160
1453,2N6B,36.76,0.424900,1.00,-1807.081,198.019,0.926854,0.221980
1454,2N6M,77.38,0.708900,1.00,-1201.917,38.386,0.206626,0.313130
1455,2N6N,53.91,0.507100,1.00,-1953.313,130.432,0.842199,0.382820
1456,2N6O,82.14,0.644900,1.00,-2414.452,187.826,0.344069,0.660560
1457,2N6U,51.25,0.459500,1.00,-1001.962,80.250,0.694156,0.156260
1458,2N6V,35.42,0.449100,1.00,-1143.822,140.174,0.810707,0.205630
1459,2N7F,48.44,0.451500,1.00,-2776.796,180.851,0.685594,0.361030
1460,2N7I,65.54,0.676500,1.00,-3028.105,60.962,0.348514,0.544450
1461,2N85,70.73,0.722500,1.00,-2672.590,76.587,0.262317,0.570360
1462,2N8B,59.72,0.533700,1.00,-2459.448,229.688,0.442404,0.417110
1463,2N8E,69.85,0.593400,1.00,-1785.018,195.633,0.410138,0.481910
1464,2N8H,77.86,0.605500,1.00,-2302.004,168.771,0.259200,0.591790
1465,2N8S,70.51,0.683000,1.00,-2136.872,236.214,0.654983,0.586900
1466,2N8U,71.79,0.655500,1.00,-1843.030,229.144,0.433187,0.572310
1467,2N92,54.84,0.572900,1.00,-1855.825,98.161,0.731174,0.381990
1468,2N94,76.56,0.664400,1.00,-3102.856,284.976,0.356224,0.681140
1469,2N95,69.90,0.654300,1.00,-2970.531,222.837,0.345952,0.593610
1470,2N9C,41.25,0.410200,1.00,-694.239,111.462,0.610344,0.097120
1471,2N9M,39.06,0.513800,1.00,-395.951,87.548,0.915993,0.201760
1472,2N9N,46.88,0.495300,1.00,-395.951,87.548,0.820283,0.107260
1473,2N9O,78.57,0.723900,1.00,-2952.257,355.272,0.433908,0.664410
1474,2N9T,42.50,0.404900,1.00,-2063.612,163.920,0.861191,0.251480
1475,2N9Z,45.24,0.406200,1.00,-2438.356,385.578,0.619455,0.258320
1476,2NA3,89.58,0.590900,1.00,-716.601,39.222,0.168758,0.626140
1477,2NA8,55.11,0.632300,1.00,-3630.422,172.126,0.706129,0.497740
1478,2NA9,78.41,0.684900,1.00,-3891.852,97.067,0.354509,0.680790
1479,2NAB,66.46,0.610600,1.00,-2779.781,273.280,0.757323,0.546280
1480,2NAE,32.56,0.442000,1.00,-2033.128,185.069,0.773791,0.321790
1481,2NAJ,47.73,0.370600,1.00,-2343.253,181.716,0.539627,0.280850
1482,2NAL,91.67,0.673100,1.00,-874.456,28.951,0.192622,0.466410
1483,2NAT,40.18,0.480400,1.00,-2156.929,52.624,0.864505,0.223750
1484,2NAU,70.54,0.623000,1.00,-1829.594,67.731,0.297520,0.373900
1485,2NAW,60.26,0.590000,1.00,-2872.033,171.320,0.483294,0.517010
1486,2NB2,78.95,0.671900,1.00,-3571.191,93.679,0.187035,0.611670
1487,2NB5,82.35,0.721000,1.00,-805.584,94.775,0.183863,0.328460
1488,2NB6,84.38,0.645300,1.00,-855.890,95.163,0.216120,0.333280
1489,2NB7,41.18,0.473100,1.00,-493.191,81.323,0.607837,0.146150
1490,2NB8,62.04,0.526900,1.00,-1789.243,135.800,0.751627,0.477670
1491,2NB9,81.12,0.748500,1.00,-3405.950,251.904,0.286710,0.744080
1492,2NC3,68.18,0.635400,1.00,-2013.252,185.566,0.619261,0.490450
1493,2NC4,68.94,0.641700,1.00,-2013.252,185.566,0.645638,0.509430
1494,2NC5,68.94,0.612000,1.00,-2013.252,185.566,0.624081,0.481540
1495,2NC6,71.21,0.634800,1.00,-2013.252,185.566,0.555023,0.505620
1496,2NC7,79.17,0.654500,1.00,-969.590,78.374,0.212305,0.260090
1497,2NCS,69.44,0.632400,1.00,-2794.076,112.901,0.310667,0.504470
1498,2NCT,74.31,0.662500,1.00,-2794.076,112.901,0.270131,0.586710
1499,2NCU,61.90,0.608500,1.00,-1551.412,49.679,0.412980,0.242540
1500,2NCV,59.52,0.577200,1.00,-1287.345,69.444,0.483741,0.276950
1501,2NCW,62.50,0.632900,1.00,-1764.242,51.678,0.392751,0.280890
1502,2NCX,90.62,0.787300,1.00,-1723.863,53.857,0.161439,0.535000
1503,2NCY,64.58,0.679500,1.00,-1642.417,50.043,0.458955,0.429530
1504,2ND2,82.95,0.703100,1.00,-3941.480,113.754,0.175252,0.728620
1505,2ND3,95.39,0.788400,1.00,-3012.947,171.640,0.088921,0.818280
1506,2ND6,73.53,0.619500,1.00,-1060.859,52.479,0.231881,0.317170
1507,2ND7,73.53,0.650000,1.00,-1060.859,52.479,0.334377,0.258700
1508,2ND8,69.12,0.575000,1.00,-1060.859,52.479,0.395486,0.286280
1509,2NDB,44.90,0.416600,1.00,-2822.156,279.972,0.876725,0.352070
1510,2NDC,68.06,0.584300,1.00,-1186.575,33.129,0.436115,0.315230
1511,2NDE,55.56,0.508700,1.00,-910.776,44.018,0.482525,0.240800
1512,2NDI,53.26,0.475400,1.00,-2735.564,269.413,0.749107,0.397040
1513,2NDK,46.35,0.727700,1.00,-3104.960,56.339,0.954304,0.385570
1514,2NDL,81.25,0.706400,1.00,-912.060,67.547,0.173136,0.326880
1515,2NDM,59.62,0.534900,1.00,-652.807,47.663,0.372196,0.327610
1516,2NDN,84.38,0.695100,1.00,-780.193,65.669,0.163180,0.315430
1517,2NOR,47.50,0.449000,1.00,-364.762,43.993,0.386250,0.335890
1518,2NOU,47.50,0.490900,1.00,-374.980,50.462,0.377560,0.339980
1519,2NR1,82.41,0.704000,1.00,-1693.621,96.305,0.309479,0.638620
1520,2NS4,76.79,0.534700,1.00,-384.047,60.682,0.218709,0.293640
1521,2NVJ,51.00,0.531900,1.00,-1987.850,41.978,0.544476,0.257070
1522,2NX6,84.26,0.665300,1.00,-1722.099,122.304,0.218358,0.501890
1523,2NX7,50.89,0.519200,1.00,-1525.157,145.244,0.653218,0.246510
1526,2NZ3,59.38,0.534400,1.00,-3130.995,225.208,0.484885,0.486140
1527,2NZZ,35.81,0.470400,1.00,-2749.401,91.395,1.152886,0.235980
1528,2O00,35.14,0.432300,1.00,-2749.401,91.395,0.998471,0.256020
1529,2O0S,66.67,0.510500,1.00,-682.304,26.846,0.353664,0.333900
1530,2OBU,44.05,0.529400,1.00,-2736.215,151.662,0.986034,0.466460
1532,2OJM,94.32,0.775000,1.00,-1446.808,60.819,0.085861,0.519420
1533,2OJN,70.45,0.613100,1.00,-1475.721,36.443,0.391695,0.343280
1534,2OJO,82.95,0.766300,1.00,-1743.276,25.985,0.162603,0.559110
1535,2OP7,49.36,0.441200,1.00,-2424.750,267.548,0.951879,0.356910
1536,2OQ9,43.75,0.508600,1.00,-1101.255,105.116,0.718615,0.229210
1537,2ORU,71.25,0.591700,1.00,-1250.479,86.826,0.341955,0.207730
1538,2OVN,89.71,0.651600,1.00,-1108.668,40.254,0.180329,0.496480
1539,2OYV,75.00,0.566600,1.00,-433.726,82.624,0.252132,0.332920
1540,2OYW,76.92,0.620700,1.00,-433.726,82.624,0.195917,0.317380
1541,2P4L,49.46,0.402000,1.00,-2948.492,529.376,0.490168,0.376150
1542,2P5J,52.94,0.425300,1.00,-734.387,113.645,0.808033,0.189210
1543,2P81,71.02,0.578200,1.00,-3368.386,162.341,0.351617,0.578960
1544,2PCO,77.88,0.636300,1.00,-1568.759,60.589,0.423806,0.615530
1545,2PDD,82.56,0.671300,1.00,-3747.809,150.052,0.268143,0.721440
1546,2PDE,33.14,0.364600,1.00,-3747.809,150.052,0.731505,0.344330
1547,2PJV,54.03,0.576800,1.00,-940.445,88.942,0.663086,0.344140
1548,2PO8,72.79,0.652500,1.00,-1715.712,214.381,0.439202,0.556390
1549,2PPZ,72.92,0.592300,1.00,-3003.905,119.031,0.268079,0.482020
1550,2PTA,87.86,0.693500,1.00,-2419.251,145.806,0.171448,0.717390
1551,2PV6,63.64,0.558800,1.00,-2047.136,62.229,0.460494,0.271840
1552,2RLG,83.33,0.599700,1.00,-1013.123,56.014,0.289981,0.449100
1553,2RLH,86.11,0.630200,1.00,-1013.123,56.014,0.263531,0.470570
1554,2RLJ,62.50,0.586900,1.00,-854.271,34.909,0.329180,0.210860
1555,2RLW,80.88,0.731800,1.00,-2017.507,69.090,0.274465,0.602930
1556,2RME,45.39,0.569500,1.00,-3025.349,97.007,0.688439,0.284830
1557,2RMF,70.62,0.744600,1.00,-3311.824,72.064,0.298057,0.575350
1558,2RMG,53.95,0.664600,1.00,-2597.583,76.379,0.454597,0.357830
1559,2RMH,55.26,0.637100,1.00,-2415.452,92.838,0.651022,0.521720
1560,2RMI,84.17,0.749500,1.00,-2389.532,65.666,0.213724,0.607210
1561,2RMV,47.12,0.367700,1.00,-1889.077,140.881,0.796917,0.232480
1562,2RMW,40.38,0.359300,1.00,-1973.778,139.932,0.850942,0.244950
1563,2RMY,81.62,0.737000,1.00,-2406.389,62.844,0.213000,0.589580
1564,2RMZ,75.00,0.710400,1.00,-3243.659,77.067,0.407943,0.675210
1565,2RN0,68.02,0.704600,1.00,-3243.659,77.067,0.438166,0.600650
1566,2RND,73.53,0.681600,1.00,-2406.389,62.844,0.360340,0.568610
1567,2ROO,39.53,0.359700,1.00,-2815.776,241.013,0.979394,0.309400
1568,2RPS,64.84,0.663300,1.00,-1471.606,137.114,0.428763,0.378750
1570,2RQ2,73.33,0.667400,1.00,-2112.673,38.454,0.525464,0.528710
1571,2RQZ,33.55,0.356700,1.00,-2860.406,280.657,0.846963,0.393880
1572,2RR0,36.84,0.357000,1.00,-2860.406,280.657,0.839988,0.333550
1573,2RR2,34.87,0.352400,1.00,-2860.406,280.657,0.843554,0.294940
1574,2RRH,70.69,0.689700,1.00,-2263.946,66.394,0.284899,0.643820
1575,2RRI,72.41,0.687700,1.00,-2263.946,66.394,0.241596,0.510720
1576,2RRS,33.33,0.464700,1.00,-644.604,90.729,0.909293,0.140810
1577,2RSH,75.00,0.672400,1.00,-2252.129,168.234,0.494415,0.567780
1578,2RSW,34.72,0.437800,1.00,-599.669,131.938,0.664916,0.109240
1579,2RT4,53.00,0.574700,1.00,-1087.876,112.488,0.801948,0.167710
1580,2RTY,93.33,0.755900,1.00,-1905.399,138.583,0.146863,0.764140
1581,2RTZ,85.34,0.643000,1.00,-2170.101,106.036,0.231306,0.572210
1582,2RU0,77.08,0.592600,1.00,-2681.833,153.137,0.314867,0.610040
1583,2RUM,43.42,0.427300,1.00,-926.106,65.211,0.524465,0.202020
1584,2RUN,69.44,0.604100,1.00,-1506.294,52.932,0.302941,0.284700
1585,2RUO,73.44,0.612700,1.00,-846.310,39.491,0.331240,0.332190
1586,2RUT,78.47,0.771300,1.00,-2429.316,140.025,0.523398,0.673010
1587,2RUU,38.89,0.526800,1.00,-1961.561,99.058,0.936627,0.334310
1588,2RUV,79.73,0.747300,1.00,-2252.129,168.234,0.390913,0.694680
1589,2RUW,38.51,0.474200,1.00,-2100.126,104.203,1.049294,0.331900
1590,2RUX,77.78,0.649300,1.00,-2088.271,202.893,0.871511,0.675590
1591,2RUY,22.97,0.341900,1.00,-1586.128,173.263,1.276202,0.268950
1592,2RUZ,82.24,0.815200,1.00,-2256.863,169.005,0.332934,0.704700
1593,2RV0,81.08,0.791500,1.00,-2126.316,175.224,0.583332,0.712030
1594,2RV1,75.00,0.686900,1.00,-2460.038,265.440,0.401983,0.603890
1595,2RV2,77.78,0.739500,1.00,-1956.902,134.915,0.627222,0.690240
1596,2RV3,77.08,0.769100,1.00,-1613.702,101.739,0.424630,0.659210
1597,2RV4,37.84,0.489800,1.00,-2231.704,103.645,0.957664,0.306990
1598,2RV5,42.86,0.514100,1.00,-2062.900,103.745,0.996230,0.326880
1599,2RVD,92.50,0.708800,1.00,-530.598,36.218,0.089423,0.444320
1600,2SH1,28.65,0.326900,1.00,-3087.001,251.266,0.922488,0.266760
1601,2V1V,81.90,0.680800,1.00,-1878.860,150.794,0.156964,0.519560
1602,2VY4,68.24,0.578100,1.00,-2479.432,135.047,0.364747,0.526740
1603,2VY5,70.95,0.591200,1.00,-2479.432,135.047,0.329136,0.550680
1604,2W0T,50.00,0.520100,1.00,-2513.387,315.261,0.663967,0.398340
1605,2W9O,53.26,0.429200,1.00,-3128.500,248.722,0.653673,0.412300
1606,2W9U,34.78,0.349300,1.00,-2659.643,405.994,0.943490,0.277250
1607,2W9V,56.82,0.413500,1.00,-3040.847,222.220,0.746687,0.465270
1608,2W9W,61.93,0.448700,1.00,-3008.853,208.694,0.621166,0.527120
1609,2WH9,86.11,0.709800,1.00,-2597.917,204.072,0.207472,0.697820
1610,2WXC,84.04,0.659900,1.00,-3772.681,145.325,0.223680,0.748670
1611,2XL1,64.58,0.631000,1.00,-1535.094,79.023,0.848990,0.433190
1612,2YRH,66.48,0.719100,1.00,-1971.759,168.168,0.707349,0.572200
1613,2YRJ,64.13,0.757100,1.00,-2125.823,179.767,1.003986,0.587240
1614,2YRM,71.51,0.721000,1.00,-2167.476,233.821,0.465776,0.618120
1615,2YSB,78.06,0.761000,1.00,-2670.144,266.638,0.575259,0.705590
1616,2YSC,48.72,0.485200,1.00,-2046.410,213.892,0.850733,0.433660
1617,2YSF,66.88,0.604000,1.00,-2619.842,230.672,0.472003,0.497760
1618,2YSG,68.75,0.672300,1.00,-2377.116,212.345,0.614798,0.578010
1619,2YSH,71.88,0.646200,1.00,-2014.256,255.405,0.451995,0.580660
1620,2YSI,69.38,0.705500,1.00,-2135.292,172.738,0.454718,0.550260
1621,2YSO,59.24,0.540900,1.00,-2597.814,206.615,0.886737,0.494890
1622,2YSP,56.52,0.674300,1.00,-2254.610,197.158,1.097237,0.479580
1623,2YSV,58.33,0.611400,1.00,-1990.066,177.409,0.830544,0.476410
1624,2YTA,64.02,0.703200,1.00,-2048.037,166.623,0.816270,0.563520
1625,2YTB,58.93,0.702900,1.00,-2084.198,158.406,0.821188,0.502340
1626,2YTD,66.85,0.700400,1.00,-2118.581,195.540,0.764501,0.584090
1627,2YTE,60.71,0.682700,1.00,-2074.519,154.271,0.836629,0.522270
1628,2YTF,60.87,0.702800,1.00,-2124.528,239.826,1.002955,0.531930
1629,2YTG,58.15,0.689300,1.00,-2176.337,233.247,1.055600,0.519070
1630,2YTH,56.52,0.719500,1.00,-1971.858,193.214,1.437672,0.505280
1631,2YTI,57.61,0.640700,1.00,-2031.502,287.497,0.836351,0.519080
1632,2YTJ,61.96,0.663900,1.00,-2306.903,195.764,0.666575,0.529030
1633,2YTK,58.15,0.704100,1.00,-2355.370,181.240,0.897702,0.534390
1634,2YTM,52.72,0.589500,1.00,-2044.453,263.589,0.833736,0.460340
1635,2YTN,58.15,0.693000,1.00,-2005.473,188.373,0.865264,0.533670
1636,2YTO,65.76,0.710400,1.00,-1918.272,307.090,0.661042,0.599630
1637,2YTP,65.76,0.749000,1.00,-2356.840,183.895,0.645782,0.584100
1638,2YTQ,57.61,0.687600,1.00,-2224.267,216.660,0.795027,0.493700
1639,2YTR,61.96,0.751200,1.00,-2142.060,193.027,1.022406,0.553200
1640,2YTS,62.50,0.687300,1.00,-2126.699,190.645,0.782192,0.533670
1641,2YTT,54.35,0.593300,1.00,-2476.551,200.170,0.920226,0.477960
1642,2YU5,56.82,0.617600,1.00,-2364.767,200.599,0.961922,0.523980
1643,2YU8,59.24,0.693800,1.00,-1959.846,240.720,0.858263,0.536450
1644,2YYF,46.67,0.441900,1.00,-461.299,126.658,0.489987,0.242040
1645,2Z3S,71.79,0.593900,1.00,-3137.697,145.616,0.253891,0.502250
1646,2ZAJ,65.82,0.680700,1.00,-2570.284,271.288,0.766125,0.583240
1647,2ZNF,97.22,0.716400,1.00,-834.176,87.023,0.077585,0.541530
1648,3BBG,35.00,0.366300,1.00,-2828.541,200.551,0.806105,0.349250
1649,3CMH,38.33,0.471300,1.00,-548.237,60.583,0.754479,0.127920
1650,3CTI,94.83,0.773600,1.00,-2015.377,137.052,0.113241,0.747600
1651,3LEU,46.62,0.472100,1.00,-2130.113,159.082,0.841681,0.350230
1652,3MRA,78.00,0.761000,1.00,-1866.145,55.887,0.205956,0.511110
1653,3ZNF,78.33,0.673100,1.00,-2051.725,124.595,0.394866,0.558410
1654,4A24,31.38,0.344500,1.00,-3689.694,417.533,0.965835,0.256300
1655,4APD,55.65,0.570100,1.00,-2113.403,67.692,0.484315,0.398380
1656,4B19,70.00,0.706100,1.00,-2328.821,88.385,0.311251,0.462050
1658,4B2U,42.36,0.436600,1.00,-2519.191,177.026,0.994520,0.320780
1659,4B2V,82.81,0.638300,1.00,-1973.499,218.241,0.228868,0.631470
1660,4BMF,55.26,0.474200,1.00,-2358.176,249.671,0.599383,0.394850
1661,4CYK,57.32,0.485400,1.00,-2186.574,272.956,0.515428,0.433210
1662,4ZNF,77.50,0.655600,1.00,-2051.725,124.595,0.393051,0.549040
1663,5A4H,27.56,0.510400,1.00,-1258.020,313.167,1.570015,0.218180
1664,5AAY,84.17,0.728700,1.00,-1928.213,140.158,0.281637,0.650570
1665,5AAZ,83.59,0.753000,1.00,-2133.415,123.107,0.390407,0.642850
1666,5AHT,77.91,0.694500,1.00,-2707.118,228.113,0.463370,0.670860
1667,5FZV,74.22,0.654800,1.00,-2000.987,143.057,0.486551,0.595620
1668,5FZW,56.82,0.428100,1.00,-3038.014,179.611,0.596887,0.424530
1669,5FZX,64.58,0.491200,1.00,-2200.167,160.600,0.423531,0.505870
1671,5GSF,72.22,0.583400,1.00,-1936.164,161.351,0.223446,0.346010
1672,5GVO,40.28,0.503500,1.00,-721.833,128.987,0.874306,0.178270
1673,5H1H,59.38,0.557300,1.00,-520.946,107.307,0.427464,0.186760
1674,5H1I,45.83,0.486600,1.00,-575.927,106.153,0.628074,0.172480
1675,5H2S,77.00,0.628600,1.00,-1107.227,41.841,0.198436,0.412550
1676,5I1X,87.50,0.677900,1.00,-2345.073,212.746,0.155549,0.708600
1677,5I2P,90.28,0.717700,1.00,-2304.320,173.966,0.174067,0.748510
1678,5ID5,69.00,0.666700,1.00,-1469.253,77.567,0.488403,0.424800
1679,5IJ4,59.18,0.505600,1.00,-3552.100,342.416,0.503452,0.464500
1680,5ION,87.07,0.757400,1.00,-2096.030,100.448,0.156007,0.637970
1681,5IPO,54.17,0.462300,1.00,-3215.169,240.644,0.681095,0.490860
1682,5J8T,46.28,0.409700,1.00,-2896.438,253.597,0.918475,0.426000
1683,5JHI,97.86,0.800100,1.00,-2513.414,159.540,0.059845,0.891820
1684,5JI4,98.65,0.841700,1.00,-2826.927,151.432,0.054337,0.914630
1685,5JPL,32.35,0.410900,1.00,-786.768,101.008,0.857057,0.140160
1686,5JPX,76.67,0.584700,1.00,-3196.025,207.039,0.276261,0.647170
1687,5JYH,58.52,0.480400,1.00,-2756.569,269.119,0.650024,0.491140
1688,5KGY,87.50,0.680600,1.00,-1786.748,82.045,0.182701,0.427600
1689,5KGZ,46.59,0.574900,1.00,-2961.951,153.330,0.620864,0.352220
1690,5KHB,82.14,0.655000,1.00,-1509.048,36.039,0.228889,0.368620
1691,5KI0,32.89,0.455800,1.00,-165.225,100.356,0.546119,0.121620
1692,5KKM,90.91,0.800500,1.00,-1287.726,102.890,0.155081,0.468900
1693,5KVN,93.52,0.749700,1.00,-2043.661,164.856,0.105288,0.714100
1694,5KWO,95.19,0.785100,1.00,-1917.009,102.119,0.099968,0.705690
1695,5KWX,89.00,0.695900,1.00,-1288.253,110.767,0.149474,0.511650
1696,5KWZ,98.08,0.774200,1.00,-1805.573,91.469,0.059907,0.778930
1697,5KX0,63.46,0.431800,1.00,-1847.055,85.805,0.422633,0.355490
1698,5KX1,98.86,0.806800,1.00,-1292.981,71.871,0.062638,0.572150
1699,5KX2,90.28,0.653500,1.00,-973.590,83.540,0.131283,0.343640
1700,5L1C,82.64,0.670300,1.00,-2645.333,121.925,0.163891,0.658270
1701,5L82,49.32,0.474300,1.00,-2553.162,131.641,0.626294,0.373530
1702,5LAH,36.67,0.430200,1.00,-2947.125,306.961,0.957361,0.313430
1703,5LBJ,82.14,0.818300,1.00,-2894.558,59.687,0.248723,0.619540
1704,5LCS,48.94,0.444900,1.00,-3361.781,303.062,1.305653,0.376460
1705,5LM0,91.07,0.678300,1.00,-1909.257,97.207,0.130843,0.680870
1706,5LME,66.28,0.559700,1.00,-2394.308,251.693,0.507239,0.518330
1707,5M9U,95.24,0.743700,1.00,-1243.241,105.305,0.089867,0.405480
1708,5N5A,33.11,0.494300,1.00,-1097.990,223.334,0.688716,0.252870
1709,5N5B,42.86,0.600100,1.00,-932.959,167.807,0.667975,0.189340
1710,5NAM,72.40,0.707900,1.00,-3822.029,119.338,0.486271,0.646010
1711,5NAO,64.29,0.711900,1.00,-2715.065,82.049,0.529283,0.673040
1712,5NDA,81.82,0.762100,1.00,-2238.337,89.160,0.205641,0.647350
1713,5NVB,43.33,0.493500,1.00,-401.785,49.957,0.519874,0.237620
1714,5OAP,73.61,0.672500,1.00,-747.548,87.106,0.286886,0.401920
1715,5T3M,95.00,0.761400,1.00,-2522.934,158.054,0.110084,0.821980
1716,5T42,37.23,0.593400,1.00,-3552.892,95.682,0.860748,0.368500
1717,5T4R,58.57,0.513900,1.00,-2583.630,246.387,0.502706,0.415580
1718,5T7Q,77.38,0.699100,1.00,-1189.307,88.596,0.618417,0.434810
1719,5TCZ,35.16,0.377500,1.00,-2036.498,176.485,0.774821,0.211560
1720,5TJ1,42.11,0.455900,1.00,-865.346,91.273,0.755039,0.121360
1721,5TX8,95.54,0.813900,1.00,-2131.196,80.472,0.097443,0.797770
1722,5UG3,84.21,0.624500,1.00,-1187.907,66.235,0.204043,0.418880
1723,5UG5,86.84,0.660200,1.00,-1207.425,70.641,0.209037,0.426460
1724,5UI6,31.94,0.521600,1.00,-434.804,103.196,1.295774,0.141530
1725,5UI7,46.05,0.476200,1.00,-812.048,77.067,0.668325,0.167520
1726,5UJG,79.17,0.617400,1.00,-1523.177,125.020,0.235792,0.339620
1727,5UJH,64.13,0.508900,1.00,-1357.294,83.477,0.352400,0.227160
1728,5UJQ,86.21,0.689600,1.00,-1970.365,41.614,0.202005,0.607880
1729,5UJR,65.15,0.600400,1.00,-2085.957,95.791,0.615603,0.442270
1730,5UKZ,46.59,0.400900,1.00,-2318.210,267.264,0.876953,0.387540
1731,5UOI,88.95,0.688900,1.00,-3744.820,169.232,0.173953,0.803150
1732,5UP5,85.00,0.641900,1.00,-3309.113,228.331,0.172650,0.680700
1733,5UY2,48.75,0.575500,1.00,-1352.995,40.492,0.519474,0.111290
1734,5UZL,32.58,0.314200,1.00,-1668.586,168.870,1.258125,0.188940
1735,5V0Y,94.05,0.702800,1.00,-1410.002,104.997,0.093113,0.422850
1736,5V11,92.86,0.737400,1.00,-1147.745,98.576,0.105881,0.372490
1737,5V2B,55.00,0.603000,1.00,-1324.772,43.126,0.436048,0.131090
1738,5V4C,47.06,0.505800,1.00,-266.569,86.010,0.561266,0.188100
1739,5V4U,77.50,0.698100,1.00,-3060.475,69.387,0.248884,0.596330
1740,5VAV,91.07,0.728300,1.00,-574.366,82.629,0.111690,0.307350
1741,5VFW,53.00,0.423900,1.00,-1905.574,55.468,0.524153,0.292470
1742,5VL6,38.24,0.403900,1.00,-468.209,86.731,0.569440,0.219380
1743,5VR5,57.50,0.513600,1.00,-1324.560,57.856,0.390772,0.184130
1744,5W54,53.00,0.510900,1.00,-1087.614,143.288,0.576063,0.292720
1745,5W9F,90.85,0.739600,1.00,-3302.702,219.432,0.110114,0.801030
1746,5WCV,62.07,0.521100,1.00,-1940.894,157.653,0.463198,0.395800
1747,5WE3,69.85,0.551600,1.00,-2485.284,213.912,0.282801,0.459690
1748,5WOD,86.84,0.734200,1.00,-2945.438,73.734,0.132601,0.662510
1749,5WOV,80.15,0.690500,1.00,-1964.809,202.950,0.340152,0.619290
1750,5WOW,72.44,0.587700,1.00,-2606.359,222.621,0.467990,0.586940
1751,5WRX,42.31,0.488000,1.00,-364.629,67.817,0.652219,0.135740
1752,5WUZ,57.56,0.492000,1.00,-2993.166,270.015,0.432970,0.418500
1753,5WXE,73.21,0.586100,1.00,-2065.406,136.160,0.297884,0.443340
1754,5WYE,34.38,0.526300,1.00,-354.402,119.818,0.990682,0.201630
1755,5X34,90.97,0.758800,1.00,-2346.387,171.311,0.130524,0.758700
1756,5X35,93.06,0.754600,1.00,-2346.387,171.311,0.121511,0.835330
1757,5X36,92.36,0.760700,1.00,-2346.387,171.311,0.121541,0.840470
1758,5X37,90.97,0.754700,1.00,-2346.387,171.311,0.138816,0.801220
1759,5X38,92.36,0.779800,1.00,-2346.387,171.311,0.120503,0.854860
1760,5X39,95.83,0.842300,1.00,-2377.627,192.487,0.090723,0.821790
1761,5X3C,88.89,0.753200,1.00,-2050.983,227.374,0.191095,0.749350
1762,5X3L,78.75,0.653000,1.00,-1352.486,58.711,0.200218,0.298000
1763,5XA6,69.74,0.537200,1.00,-2514.795,238.924,0.364685,0.564240
1764,5XBD,64.58,0.515000,1.00,-2104.689,158.016,0.342366,0.468270
1765,5XDI,40.00,0.388500,1.00,-2848.052,307.204,0.828015,0.298350
1766,5XDJ,90.48,0.782400,1.00,-1201.232,33.281,0.096378,0.456210
1767,5XEK,35.71,0.375900,1.00,-3614.264,168.983,0.832924,0.344410
1768,5XIV,70.00,0.556600,1.00,-1219.786,89.894,0.255503,0.145170
1769,5XM4,45.59,0.593700,1.00,-592.779,61.969,1.219666,0.228320
1770,5XNG,95.59,0.746400,1.00,-1493.486,36.340,0.086803,0.482920
1771,5XO3,70.24,0.629000,1.00,-796.991,134.682,0.344375,0.235260
1772,5XO4,69.05,0.638700,1.00,-903.835,117.385,0.333523,0.258980
1773,5XO5,58.33,0.581100,1.00,-748.389,112.175,0.578224,0.203990
1774,5XRX,55.88,0.518700,1.00,-1493.486,36.340,0.568421,0.317510
1775,5Y0H,88.10,0.726600,1.00,-1191.002,88.797,0.195707,0.418180
1776,5Y0I,90.48,0.754000,1.00,-1163.555,98.186,0.117362,0.417940
1777,5Y0J,95.24,0.770900,1.00,-1201.408,115.123,0.087523,0.401240
1778,5Y22,84.09,0.704600,1.00,-1363.225,126.964,0.280181,0.431280
1779,5Y3U,77.27,0.680900,1.00,-1363.225,126.964,0.260841,0.315940
1780,5YKK,62.50,0.534600,1.00,-1031.839,39.707,0.406410,0.292270
1781,5YKL,57.89,0.554700,1.00,-1205.083,48.825,0.525595,0.239980
1782,5YKQ,63.16,0.528600,1.00,-1204.180,48.723,0.418377,0.291550
1783,5YZ6,88.78,0.697100,1.00,-4260.464,241.034,0.131856,0.803080
1784,5YZK,92.35,0.746500,1.00,-4317.808,234.425,0.100880,0.856310
1785,5Z1Y,46.43,0.471300,1.00,-1035.143,93.167,0.584989,0.281010
1786,5Z26,55.56,0.525600,1.00,-866.216,31.085,0.545195,0.253430
1787,5Z2O,93.06,0.693300,1.00,-1090.552,28.796,0.159563,0.522860
1788,5Z31,37.50,0.419800,1.00,-556.028,92.828,0.735502,0.179770
1789,5Z32,36.11,0.491800,1.00,-520.915,114.898,0.572080,0.147860
1790,5Z5W,77.08,0.616200,1.00,-713.815,32.824,0.249929,0.357800
1791,5Z5X,70.83,0.565400,1.00,-1393.212,30.284,0.387824,0.430450
1792,5ZCN,33.33,0.377300,1.00,-1110.528,59.700,0.804403,0.089890
1793,5ZNF,95.83,0.791500,1.00,-1957.934,130.036,0.124187,0.780000
1794,5ZV6,76.67,0.711000,1.00,-1861.785,102.470,0.215165,0.480710
1795,5ZYX,62.50,0.588200,1.00,-1392.042,43.570,0.531620,0.299290
1796,6A5J,80.77,0.640500,1.00,-693.111,27.555,0.240841,0.358460
1797,6A8Y,30.77,0.347800,1.00,-985.589,202.805,0.804246,0.143840
1798,6AAB,70.24,0.663100,1.00,-903.835,117.385,0.465319,0.268470
1799,6AFQ,75.00,0.695700,1.00,-796.991,134.682,0.377595,0.287120
1800,6AHZ,57.86,0.624200,1.00,-2035.445,277.824,0.538181,0.475020
1801,6AK0,45.24,0.495000,1.00,-1359.552,106.022,0.543366,0.098850
1802,6AX2,33.15,0.311800,1.00,-3579.876,247.694,0.856681,0.299790
1803,6B3U,71.88,0.717800,1.00,-3517.230,80.698,0.543077,0.656410
1804,6B5W,42.11,0.475800,1.00,-854.862,96.213,0.751035,0.114080
1805,6B9K,57.50,0.540000,1.00,-295.749,38.930,0.340639,0.293000
1806,6B9W,78.68,0.655100,1.00,-2859.355,104.124,0.319236,0.614670
1807,6BAM,80.88,0.613900,1.00,-2676.720,131.285,0.260122,0.662360
1808,6BB6,82.35,0.651100,1.00,-2855.220,146.340,0.269010,0.656400
1809,6BEQ,45.00,0.527200,1.00,-235.696,51.083,0.719027,0.303120
1810,6BET,68.75,0.602300,1.00,-391.723,69.336,0.281428,0.334460
1811,6BEU,53.57,0.466800,1.00,-720.689,97.278,0.497401,0.279860
1812,6BI5,83.06,0.683200,1.00,-2419.118,146.180,0.279055,0.639270
1813,6BJF,92.31,0.720100,1.00,-792.357,25.817,0.100494,0.507810
1814,6BUC,72.92,0.584500,1.00,-2433.172,143.319,0.372296,0.598280
1815,6BVU,80.36,0.624200,1.00,-593.589,68.868,0.358379,0.367810
1816,6BVW,76.79,0.588200,1.00,-593.589,68.868,0.412390,0.372880
1817,6BVX,58.93,0.407600,1.00,-698.725,84.917,0.405724,0.259290
1818,6BX9,51.67,0.449400,1.00,-705.492,69.024,0.541957,0.126320
1819,6CEG,94.17,0.693700,1.00,-1717.470,199.674,0.125540,0.721010
1820,6CEI,53.12,0.417200,1.00,-2090.854,157.019,0.738990,0.398570
1821,6CEJ,67.86,0.483700,1.00,-499.732,50.349,0.328617,0.218790
1822,6CFA,76.32,0.709100,1.00,-876.475,99.814,0.187070,0.303890
1823,6CFB,61.29,0.551600,1.00,-1855.910,156.415,0.355633,0.409440
1824,6CGW,31.90,0.375900,1.00,-1999.470,200.059,0.719897,0.311820
1825,6CGX,71.59,0.660200,1.00,-1101.618,126.403,0.475732,0.441490
1826,6CHC,26.67,0.413800,1.00,-1654.184,142.654,1.060073,0.174300
1829,6CJ8,77.94,0.616300,1.00,-1246.101,44.924,0.214485,0.322470
1830,6CKD,72.92,0.622100,1.00,-2647.090,144.389,0.346329,0.570070
1831,6CKF,77.78,0.624300,1.00,-2647.090,144.389,0.326805,0.618400
1832,6CMH,66.67,0.594400,1.00,-1232.593,67.261,0.428870,0.361050
1833,6COO,83.82,0.692300,1.00,-1230.739,43.761,0.175328,0.409300
1834,6COP,83.82,0.646400,1.00,-1264.725,44.331,0.150528,0.309680
1835,6COQ,86.76,0.660500,1.00,-1277.096,49.316,0.152180,0.393960
1836,6COR,82.35,0.661700,1.00,-1070.959,41.828,0.307370,0.459300
1837,6COS,67.65,0.572100,1.00,-1246.101,44.924,0.352699,0.301250
1838,6COT,70.59,0.638000,1.00,-1320.469,47.849,0.324265,0.364760
1839,6COU,83.82,0.654900,1.00,-1211.982,42.596,0.285695,0.432900
1840,6COV,72.06,0.617400,1.00,-1320.469,47.849,0.404976,0.394920
1841,6COW,85.29,0.640000,1.00,-1246.101,44.924,0.231191,0.412610
1842,6CSK,82.89,0.743800,1.00,-1099.864,27.014,0.141418,0.418270
1843,6CSZ,86.84,0.707300,1.00,-885.839,45.132,0.202429,0.517890
1844,6CT1,77.63,0.674900,1.00,-1180.413,70.333,0.275962,0.378950
1845,6CT4,80.26,0.685400,1.00,-1110.293,71.031,0.319481,0.505480
1846,6D3T,97.50,0.746900,1.00,-2014.367,116.940,0.076081,0.801330
1847,6D8H,94.53,0.779000,1.00,-2064.910,134.988,0.115199,0.810360
1848,6D8Q,95.16,0.800500,1.00,-2109.576,102.121,0.107280,0.844320
1849,6D8R,89.52,0.711000,1.00,-2132.047,139.532,0.154932,0.693620
1850,6D8S,94.35,0.719600,1.00,-2095.778,131.135,0.111595,0.718570
1851,6D8T,93.55,0.719200,1.00,-2166.231,124.491,0.119417,0.735970
1852,6D8U,94.35,0.728300,1.00,-2094.489,222.645,0.114158,0.747810
1853,6D8Y,89.52,0.706400,1.00,-2054.853,143.700,0.148965,0.692150
1854,6D93,94.35,0.753800,1.00,-1963.305,126.680,0.122376,0.758950
1855,6D9O,91.13,0.699300,1.00,-2139.606,114.774,0.156770,0.712620
1856,6D9P,91.94,0.744300,1.00,-2074.031,122.443,0.119641,0.682430
1857,6DHR,84.48,0.691600,1.00,-2044.458,197.925,0.186616,0.658540
1858,6DMZ,71.28,0.576100,1.00,-3244.919,216.220,0.391952,0.694260
1859,6DST,77.88,0.656700,1.00,-1755.416,69.093,0.217785,0.425280
1860,6DZ9,46.43,0.524100,1.00,-379.877,64.872,0.880035,0.265500
1861,6DZA,46.88,0.522600,1.00,-458.529,96.303,0.934710,0.137980
1862,6DZB,48.44,0.577000,1.00,-472.695,93.548,1.013028,0.229950
1863,6DZC,40.62,0.544900,1.00,-455.228,79.455,1.092126,0.256730
1864,6DZE,35.94,0.493900,1.00,-392.589,95.336,0.804885,0.236500
1865,6E1L,77.08,0.606000,1.00,-1434.826,81.860,0.265445,0.412840
1867,6EFE,75.00,0.640400,1.00,-2159.103,77.066,0.223011,0.396340
1868,6ENA,81.45,0.668000,1.00,-1844.794,218.383,0.229353,0.638420
1869,6F46,47.86,0.554800,1.00,-2607.210,77.169,0.784344,0.394690
1870,6F61,92.74,0.780200,1.00,-1867.011,170.530,0.148715,0.754580
1871,6FGM,95.83,0.722900,1.00,-577.882,37.066,0.070776,0.524830
1872,6FS4,70.16,0.630700,1.00,-2279.844,96.990,0.382885,0.549250
1873,6FS5,64.10,0.676600,1.00,-3170.178,131.651,0.479549,0.471750
1874,6G4I,73.96,0.680300,1.00,-1565.926,70.687,0.229909,0.358260
1875,6G4K,73.96,0.677800,1.00,-1565.926,70.687,0.308204,0.374500
1876,6G4U,62.50,0.682000,1.00,-1565.926,70.687,0.525138,0.336910
1877,6G4V,64.58,0.626700,1.00,-1548.199,66.409,0.320605,0.387750
1878,6G4X,67.71,0.628200,1.00,-1548.199,66.409,0.452206,0.349720
1880,6GIF,72.50,0.631000,1.00,-1939.027,111.330,0.394437,0.475870
1881,6GIG,69.17,0.633500,1.00,-1983.860,122.688,0.405676,0.465010
1882,6GIJ,80.00,0.617800,1.00,-757.133,28.880,0.301933,0.347750
1883,6GIK,67.31,0.549900,1.00,-688.125,38.334,0.328982,0.269020
1884,6GIL,44.23,0.523100,1.00,-593.234,19.985,0.486437,0.169160
1885,6GNZ,68.52,0.612500,1.00,-1754.687,50.149,0.432336,0.360230
1886,6GO0,77.88,0.726900,1.00,-1270.785,83.075,0.322506,0.448960
1887,6GS5,86.54,0.617500,1.00,-794.004,75.050,0.201117,0.408560
1888,6GS9,87.50,0.742900,1.00,-923.974,34.328,0.126109,0.326230
1889,6HH0,68.00,0.636600,1.00,-1566.136,60.834,0.351311,0.340420
1890,6HN9,60.61,0.626800,1.00,-2277.449,46.678,0.649456,0.462390
1891,6HT4,76.25,0.592400,1.00,-1015.274,80.676,0.281484,0.280830
1892,6HZ2,72.22,0.678400,1.00,-1776.207,16.754,0.255452,0.482470
1893,6IHA,75.83,0.731500,1.00,-1628.499,108.869,0.302277,0.490170
1894,6ITH,82.32,0.724900,1.00,-3512.157,70.740,0.320124,0.720160
1895,6J12,46.43,0.493900,1.00,-2156.929,52.624,0.887100,0.303290
1896,6J9P,93.75,0.660400,1.00,-653.213,39.081,0.139999,0.475540
1897,6JI7,75.00,0.595100,1.00,-2743.061,164.332,0.216512,0.532780
1898,6JIC,55.56,0.443900,1.00,-2082.985,157.607,0.655383,0.472810
1899,6K4V,41.88,0.343300,1.00,-2357.112,189.817,1.439109,0.262260
1900,6K4W,33.33,0.296400,1.00,-2724.083,300.259,1.351164,0.244890
1901,6K50,78.12,0.645200,1.00,-2911.255,164.443,0.278113,0.646750
1902,6K51,79.38,0.639900,1.00,-2779.899,179.323,0.265088,0.656270
1903,6KLM,75.74,0.615700,1.00,-2482.333,182.493,0.299087,0.542910
1904,6KRA,46.21,0.391800,1.00,-1830.231,308.033,0.506584,0.272810
1905,6L8R,32.58,0.434300,1.00,-670.788,199.154,0.860905,0.215800
1906,6LF5,91.91,0.749100,1.00,-2459.669,154.990,0.100338,0.752270
1907,6M0Y,81.25,0.597600,1.00,-725.545,27.793,0.245139,0.505220
1908,6M19,36.67,0.542600,1.00,-585.330,80.574,1.061371,0.199250
1909,6M56,34.17,0.236700,1.00,-2018.885,176.306,1.437879,0.199110
1910,6M5C,75.00,0.627800,1.00,-2561.212,195.343,0.256691,0.589990
1911,6MBM,87.50,0.673400,1.00,-1111.457,42.083,0.153699,0.591890
1912,6MF8,43.48,0.547100,1.00,-3514.363,106.344,1.446807,0.398920
1913,6MJV,50.00,0.451600,1.00,-1433.055,144.273,0.613507,0.295660
1914,6MK4,41.67,0.403900,1.00,-1951.627,197.931,0.889043,0.244820
1915,6MK5,65.44,0.559000,1.00,-2438.914,224.818,0.396204,0.489220
1916,6MM4,87.12,0.695000,1.00,-2068.906,150.416,0.156459,0.662210
1917,6MW6,38.16,0.435500,1.00,-856.659,100.527,0.904944,0.207490
1918,6MZT,41.89,0.385900,1.00,-2301.062,209.287,0.996733,0.405820
1919,6NK9,86.72,0.674900,1.00,-1895.828,101.764,0.315401,0.690140
1920,6NOM,50.00,0.448300,1.00,-3038.308,238.298,0.543930,0.433720
1921,6NOX,92.86,0.713600,1.00,-660.164,63.884,0.095862,0.391290
1922,6NUG,63.54,0.503900,1.00,-1533.210,94.863,0.466242,0.340670
1923,6NW8,58.33,0.508100,1.00,-1532.172,208.520,0.675880,0.420430
1924,6O3Q,80.61,0.720300,1.00,-3768.244,246.302,0.634815,0.749050
1925,6O3S,79.79,0.642700,1.00,-3655.215,131.647,0.242157,0.706200
1931,6OBK,66.28,0.552700,1.00,-4613.820,144.057,0.316758,0.567780
1932,6OBW,60.29,0.522400,1.00,-1320.105,43.272,0.497056,0.271690
1933,6OC2,54.41,0.460000,1.00,-1219.667,47.778,0.434645,0.212620
1934,6OC4,54.41,0.523800,1.00,-1191.540,54.392,0.390350,0.358390
1935,6OFA,90.91,0.752800,1.00,-2838.664,94.503,0.158009,0.747820
1936,6OLD,66.18,0.556700,1.00,-1191.540,54.392,0.375394,0.266440
1937,6OQP,73.08,0.532800,1.00,-595.629,62.132,0.233207,0.214300
1938,6OTA,67.19,0.521300,1.00,-569.706,100.917,0.343223,0.282770
1939,6OTB,55.26,0.486900,1.00,-1018.908,135.029,0.618019,0.206220
1940,6OVJ,76.92,0.576200,1.00,-687.818,63.938,0.245573,0.358820
1941,6PIN,94.44,0.776600,1.00,-1034.200,85.776,0.106937,0.421610
1942,6PIO,95.83,0.710500,1.00,-1018.143,122.943,0.118440,0.377780
1943,6PIP,93.06,0.754900,1.00,-993.675,88.908,0.131682,0.408360
1945,6POR,33.04,0.472500,1.00,-1118.358,137.927,1.458196,0.129530
1946,6PPC,80.30,0.711400,1.00,-1782.437,201.908,0.232588,0.600140
1947,6PX7,42.65,0.392400,1.00,-2116.371,246.864,0.863784,0.328440
1948,6PX8,85.14,0.689700,1.00,-2723.769,137.677,0.261102,0.747870
1949,6Q1X,31.82,0.389400,1.00,-1397.307,263.281,1.384422,0.221760
1950,6Q5Z,66.38,0.517900,1.00,-1745.695,135.148,0.445479,0.375710
1951,6QAX,75.00,0.700500,1.00,-224.836,57.531,0.310648,0.306610
1952,6QB0,65.38,0.576800,1.00,-217.283,58.075,0.322126,0.223420
1953,6QB1,59.62,0.611400,1.00,-193.787,53.841,0.374011,0.231900
1954,6QES,49.38,0.401200,1.00,-3315.889,258.489,0.416324,0.440770
1955,6QET,79.17,0.638300,1.00,-2804.822,184.074,0.314641,0.691290
1956,6QJB,82.50,0.699100,1.00,-2456.515,189.561,0.218260,0.692720
1957,6QKF,87.50,0.673900,1.00,-1012.100,78.525,0.219648,0.454160
1958,6R2X,75.00,0.618400,1.00,-2028.899,43.100,0.341051,0.477680
1959,6R95,66.67,0.672000,1.00,-1512.043,56.209,0.363254,0.365710
1960,6R96,59.38,0.624800,1.00,-1512.043,56.209,0.569713,0.318920
1961,6RRL,93.75,0.666500,1.00,-783.285,31.471,0.191265,0.493120
1962,6RRO,93.18,0.603600,1.00,-517.758,32.326,0.098614,0.470270
1963,6RSF,52.00,0.513200,1.00,-1479.718,32.784,0.431804,0.205620
1964,6RSG,42.00,0.495100,1.00,-1376.378,25.134,0.668130,0.221280
1965,6RSM,50.00,0.467300,1.00,-276.802,92.154,0.385509,0.200550
1966,6RY9,50.00,0.541500,1.00,-1174.289,52.464,0.456476,0.249960
1967,6RYQ,56.25,0.489000,1.00,-957.800,39.653,0.454145,0.151690
1968,6RZ1,43.75,0.535400,1.00,-1609.198,20.230,0.609805,0.191920
1969,6RZC,56.00,0.555700,1.00,-1421.146,95.208,0.410309,0.262470
1970,6S2D,51.04,0.539200,1.00,-1152.353,54.231,0.514546,0.225340
1971,6SAA,88.39,0.689100,1.00,-1564.971,111.082,0.233466,0.674110
1972,6SAB,64.71,0.502700,1.00,-2186.679,153.854,0.509173,0.433720
1973,6SFT,26.39,0.552200,1.00,-1138.251,197.370,1.432272,0.161690
1974,6SVC,82.86,0.741000,1.00,-2237.282,181.102,0.223413,0.628360
1975,6SVE,87.14,0.713800,1.00,-2237.282,181.102,0.178977,0.703870
1976,6SVH,88.57,0.734800,1.00,-2237.282,181.102,0.163177,0.706900
1977,6SY2,82.14,0.758200,1.00,-3613.325,203.519,0.296751,0.733970
1978,6SZF,22.02,0.270900,1.00,-1866.698,268.480,1.331828,0.227880
1979,6T33,27.27,0.336500,1.00,-2547.990,208.418,0.993641,0.273430
1980,6TVJ,42.50,0.453200,1.00,-323.702,43.149,0.534793,0.363910
1981,6TWG,90.38,0.654000,1.00,-760.109,32.001,0.262410,0.619610
1982,6U24,51.79,0.664300,1.00,-391.143,49.257,1.079475,0.293600
1983,6U6G,50.69,0.373900,1.00,-2419.101,191.886,0.885495,0.329770
1984,6U7Q,100.00,0.744100,1.00,-522.893,76.495,0.059770,0.496840
1985,6U7R,92.86,0.771900,1.00,-659.333,74.109,0.121552,0.393150
1986,6U7S,87.50,0.782100,1.00,-691.011,79.742,0.150741,0.418040
1987,6U7U,51.79,0.605700,1.00,-343.405,62.969,0.990431,0.185560
1988,6U7W,53.57,0.691000,1.00,-454.252,47.029,1.160274,0.293240
1989,6U7X,48.21,0.574900,1.00,-430.554,64.876,0.940751,0.249350
1990,6UCH,56.10,0.672600,1.00,-2219.959,178.028,0.875026,0.480400
1991,6V1N,57.35,0.531500,1.00,-1144.896,56.737,0.417291,0.222690
1992,6V6T,80.00,0.667000,1.00,-2512.160,185.385,0.295513,0.608150
1993,6VE9,28.57,0.328500,1.00,-1019.556,114.602,0.931718,0.084870
1994,6VGT,44.74,0.450600,1.00,-2193.219,78.903,1.263189,0.302980
1995,6VH8,78.47,0.655900,1.00,-3157.625,168.671,0.208537,0.587370
1996,6VLA,85.29,0.684800,1.00,-1030.782,54.698,0.209808,0.405610
1997,6VLJ,47.37,0.480900,1.00,-690.920,128.632,0.558735,0.130810
1998,6VNZ,91.13,0.726000,1.00,-2280.408,104.466,0.108903,0.697010
1999,6VPN,71.81,0.607900,1.00,-3146.486,231.748,0.452523,0.709430
2000,6VXG,29.07,0.333000,1.00,-1709.279,231.267,1.070510,0.259000
2001,6VY8,57.14,0.655000,1.00,-391.143,49.257,1.062880,0.371100
2002,6WQJ,71.43,0.613700,1.00,-2916.116,91.363,0.311961,0.456810
2003,6WQL,80.10,0.642800,1.00,-3768.281,180.279,0.344075,0.694100
2004,6X7I,77.68,0.679800,1.00,-2286.395,39.785,0.509711,0.574850
2005,6XCR,61.11,0.644200,1.00,-3533.932,93.067,0.761992,0.589830
2006,6XCU,66.67,0.661100,1.00,-3374.319,117.406,0.432158,0.539290
2007,6XN9,25.60,0.355900,1.00,-2838.020,343.821,1.089438,0.238840
2008,6XTH,52.78,0.453000,1.00,-945.026,67.074,0.807871,0.129160
2009,6XTI,32.35,0.395600,1.00,-844.873,43.920,0.822829,0.140850
2010,6XYH,90.00,0.671200,1.00,-2401.702,271.639,0.142909,0.766600
2011,6XYI,79.17,0.619600,1.00,-2429.804,293.277,0.258432,0.650050
2012,6Y1Q,48.21,0.423900,1.00,-693.886,66.686,0.426052,0.188170
2013,6YHF,67.50,0.711400,1.00,-1989.096,52.663,0.302891,0.420120
2014,6YHI,73.33,0.698700,1.00,-2094.622,54.997,0.301617,0.481060
2015,6YHO,68.33,0.697000,1.00,-2001.798,50.656,0.312599,0.432490
2016,6YHP,75.83,0.705400,1.00,-1908.561,55.400,0.334424,0.497830
2017,6YHX,75.83,0.714900,1.00,-1684.159,147.480,0.202030,0.550360
2018,6YJL,50.76,0.502000,1.00,-1763.546,180.460,0.817141,0.264650
2019,6YSE,97.83,0.773700,1.00,-4384.699,113.741,0.076055,0.909450
2020,6Z0G,52.55,0.660200,1.00,-3039.069,195.631,0.649717,0.427710
2021,6Z0H,59.69,0.694000,1.00,-3140.551,200.863,0.801467,0.484010
2022,6Z0I,52.55,0.675600,1.00,-3039.069,195.631,0.774019,0.450890
2023,7ALD,90.00,0.687700,1.00,-1060.907,105.060,0.120778,0.336790
2024,7ASY,59.09,0.654400,1.00,-2646.486,44.732,0.422497,0.424200
2025,7AT7,68.94,0.668100,1.00,-2480.788,124.013,0.529053,0.546580
2026,7ATB,68.18,0.678100,1.00,-2864.855,51.653,0.496632,0.542690
2027,7AY8,83.33,0.685500,1.00,-2251.604,228.985,0.292019,0.717150
2028,7B2F,50.81,0.532600,1.00,-2030.065,101.249,0.768203,0.403630
2029,7BW5,32.35,0.536000,1.00,-502.588,54.908,1.021234,0.110030
2030,7BWI,45.24,0.433100,1.00,-3685.446,255.287,0.832021,0.410300
2031,7BX2,91.07,0.675600,1.00,-730.745,33.702,0.127541,0.453360
2032,7BZ7,45.00,0.411700,1.00,-856.762,51.717,0.706848,0.176510
2033,7BZ8,43.33,0.385800,1.00,-881.898,30.422,0.670691,0.208790
2034,7BZ9,41.67,0.411300,1.00,-752.401,48.128,0.682405,0.139250
2035,7BZA,43.33,0.419700,1.00,-835.915,32.422,0.635137,0.185820
2036,7CCN,61.76,0.547400,1.00,-560.901,129.459,0.415116,0.288360
2037,7CCO,63.24,0.563800,1.00,-560.901,129.459,0.401593,0.230160
2038,7CK5,73.21,0.650300,1.00,-1956.364,58.597,0.371069,0.484780
2039,7CKD,24.36,0.244500,1.00,-3273.842,180.474,1.093260,0.223140
2040,7CKE,30.13,0.353300,1.00,-3273.842,180.474,0.900223,0.263340
2041,7CSS,65.38,0.537500,1.00,-636.948,106.312,0.310898,0.214860
2042,7CU6,41.67,0.425300,1.00,-921.045,76.027,0.650796,0.257840
2043,7D13,80.13,0.771700,1.00,-2604.051,67.881,0.209186,0.684550
2044,7D16,48.72,0.550600,1.00,-2604.051,67.881,1.035685,0.411020
2045,7D37,59.62,0.490200,1.00,-636.948,106.312,0.412170,0.170990
2046,7DEH,75.81,0.717700,1.00,-1855.825,98.161,0.248222,0.488790
2047,7EDK,59.21,0.487200,1.00,-917.261,96.807,0.438693,0.157680
2048,7EES,40.00,0.544300,1.00,-563.307,100.577,1.243544,0.120440
2049,7ELY,45.19,0.447300,1.00,-1906.426,166.248,0.535170,0.187380
2050,7F32,72.22,0.677300,1.00,-1050.072,90.424,0.246322,0.258500
2051,7JIA,79.17,0.662700,1.00,-1264.407,185.398,0.231056,0.415280
2052,7JIY,93.75,0.719800,1.00,-1484.686,125.476,0.112021,0.556270
2053,7JNN,37.50,0.344400,1.00,-3578.474,233.595,0.827889,0.314600
2054,7JPM,75.60,0.646100,1.00,-2504.339,212.072,0.365082,0.610100
2055,7JS6,33.33,0.543800,1.00,-424.393,63.512,1.063976,0.263730
2056,7K1M,97.92,0.710700,1.00,-722.395,37.010,0.062531,0.615960
2057,7K7X,66.38,0.567200,1.00,-2105.185,135.476,0.589631,0.403720
2058,7KNN,70.31,0.573000,1.00,-950.379,57.925,0.344372,0.291470
2059,7KPD,75.86,0.629400,1.00,-2335.240,159.825,0.457657,0.536390
2060,7L53,48.21,0.395300,1.00,-2044.460,197.790,0.432747,0.213530
2061,7L54,46.43,0.368100,1.00,-2044.460,197.790,0.469573,0.190270
2062,7L55,43.75,0.315600,1.00,-2044.460,197.790,0.675904,0.160980
2063,7L7A,57.14,0.464400,1.00,-705.608,80.165,0.336276,0.203590
2064,7L83,52.03,0.698700,1.00,-2907.435,78.883,1.156959,0.418270
2065,7LCW,33.33,0.551200,1.00,-418.880,78.131,1.042572,0.177570
2066,7LGL,50.53,0.371000,1.00,-3180.813,217.652,1.134628,0.412680
2067,7LGV,56.77,0.603700,1.00,-2854.040,338.815,0.665270,0.503690
2068,7LHC,77.59,0.668600,1.00,-1812.996,178.115,0.389058,0.522520
2069,7LI2,45.45,0.557600,1.00,-796.008,125.603,0.994419,0.143460
2070,7LIF,44.32,0.519500,1.00,-796.008,125.603,0.886228,0.165190
2071,7LP4,65.96,0.582900,1.00,-2950.795,315.126,0.603338,0.569620
2072,7LQR,78.57,0.648100,1.00,-1299.125,82.202,0.207159,0.346860
2073,7LQS,65.00,0.494100,1.00,-780.718,75.238,0.343141,0.251230
2074,7LRW,42.86,0.474900,1.00,-1441.789,99.596,0.560041,0.194200
2075,7LSO,94.44,0.766900,1.00,-1191.151,24.556,0.063731,0.657120
2076,7LSP,90.28,0.712500,1.00,-1191.151,24.556,0.100079,0.452030
2077,7LT7,22.86,0.223100,1.00,-2038.592,120.725,1.745727,0.197020
2078,7LVE,67.55,0.596600,1.00,-3751.256,181.255,0.300250,0.545110
2079,7LVG,53.89,0.516700,1.00,-3497.113,135.945,0.634797,0.447130
2080,7LX4,46.95,0.387100,1.00,-3072.674,261.501,0.551646,0.372590
2081,7LZL,48.65,0.447900,1.00,-2531.402,175.364,0.651759,0.289380
2082,7M1D,46.35,0.461200,1.00,-3204.748,263.904,0.873838,0.375530
2083,7M1E,73.21,0.729900,1.00,-1767.727,53.925,0.290786,0.480890
2084,7M3U,45.37,0.328500,1.00,-1886.358,247.337,0.541327,0.204960
2085,7MJ3,29.55,0.357900,1.00,-3258.109,303.258,0.973942,0.317920
2086,7MY8,35.71,0.469300,1.00,-3170.617,188.345,1.041918,0.325720
2087,7N0T,62.50,0.512000,1.00,-831.420,67.449,0.431626,0.354870
2088,7N21,67.65,0.484400,1.00,-645.438,84.635,0.373629,0.236790
2089,7N23,63.24,0.503000,1.00,-645.438,84.635,0.368278,0.254630
2090,7N25,64.06,0.527200,1.00,-831.420,67.449,0.418316,0.264180
2091,7NIP,64.02,0.614200,1.00,-3752.863,210.881,0.416261,0.471460
2092,7NS1,87.90,0.783100,1.00,-2771.938,68.998,0.142861,0.672910
2093,7OB2,85.00,0.561700,1.00,-546.170,42.458,0.208936,0.449170
2094,7OD2,52.94,0.447700,1.00,-2461.012,128.520,0.513649,0.294170
2095,7OFM,68.33,0.699700,1.00,-1844.877,162.862,0.427521,0.562900
2096,7OFO,74.17,0.704400,1.00,-1844.877,162.862,0.341787,0.572740
2097,7OSC,80.21,0.702200,1.00,-1606.617,104.799,0.204160,0.366710
2099,7P3M,96.15,0.767500,1.00,-713.012,25.434,0.075278,0.538650
2100,7P4X,82.26,0.704300,1.00,-1876.883,101.695,0.232560,0.627220
2101,7P55,80.68,0.648000,1.00,-1838.927,46.674,0.181637,0.296610
2102,7P5G,30.00,0.532200,1.00,-854.600,145.105,0.689892,0.172420
2103,7P5Q,31.00,0.477700,1.00,-852.606,166.756,1.104618,0.173250
2104,7P5S,30.00,0.319300,1.00,-1443.877,127.263,1.172307,0.190070
2105,7PH8,82.26,0.761800,1.00,-2560.821,66.326,0.193719,0.629780
2106,7PHT,80.83,0.756300,1.00,-2557.960,47.500,0.176353,0.576820
2107,7PL4,71.77,0.739700,1.00,-2112.292,59.355,0.398732,0.525970
2108,7PVB,54.35,0.565200,1.00,-3237.302,149.682,0.606664,0.446420
2109,7PVM,66.13,0.565500,1.00,-1441.226,104.822,0.437632,0.408270
2110,7QAL,48.57,0.710800,1.00,-2004.743,66.333,1.085370,0.358470
2111,7QAM,48.57,0.687500,1.00,-1869.781,99.877,0.718605,0.378310
2112,7QAO,56.43,0.670100,1.00,-1914.824,94.023,0.562699,0.398740
2113,7QAP,47.14,0.692100,1.00,-2100.818,88.600,0.700388,0.414840
2114,7QLF,60.29,0.441700,1.00,-756.686,100.387,0.340663,0.187360
2115,7QXJ,83.04,0.588900,1.00,-1894.214,86.048,0.210663,0.549990
2116,7RC7,69.53,0.532200,1.00,-2074.008,155.893,0.277806,0.577090
2117,7RC8,72.66,0.530500,1.00,-2074.008,155.893,0.284741,0.603700
2118,7RFA,82.76,0.689200,1.00,-1868.883,141.469,0.223548,0.493610
2119,7RN3,91.67,0.755300,1.00,-1935.652,208.580,0.194612,0.714320
2120,7S55,68.55,0.595700,1.00,-2214.346,195.525,0.501875,0.481140
2121,7S7P,46.43,0.520600,1.00,-2992.654,115.465,0.710836,0.434000
2122,7SAG,69.35,0.558700,1.00,-1920.913,139.146,0.455327,0.503100
2123,7SKC,83.82,0.679900,1.00,-2707.910,173.013,0.165521,0.625530
2124,7T6G,55.00,0.440200,1.00,-1055.239,53.872,0.461005,0.310060
2125,7T7W,86.36,0.650700,1.00,-524.651,39.732,0.144246,0.390860
2126,7TB9,32.50,0.436600,1.00,-375.012,104.135,0.689569,0.130880
2127,7TH8,57.58,0.478500,1.00,-2109.103,148.895,0.626745,0.356630
2128,7UNX,72.92,0.540600,1.00,-2804.566,182.285,0.865131,0.568130
2129,7UV3,67.19,0.568900,1.00,-3668.066,122.775,0.579269,0.566050
2130,7V5E,63.89,0.520100,1.00,-1049.319,93.805,0.397737,0.212050
2131,7V5F,66.94,0.571500,1.00,-2849.377,164.022,0.418455,0.420140
2132,7VOZ,70.69,0.727200,1.00,-1971.115,47.315,0.304158,0.499840
2133,7VQH,38.89,0.447900,1.00,-500.835,127.053,0.726645,0.138220
2134,7VQI,37.50,0.483900,1.00,-500.835,127.053,0.641785,0.135400
2135,7W8K,46.00,0.396300,1.00,-1706.310,160.799,0.507545,0.247000
2136,7W8O,45.19,0.412400,1.00,-1728.236,176.370,0.630459,0.236620
2137,7W8R,39.42,0.379700,1.00,-1728.236,176.370,0.810357,0.148720
2138,7W8T,48.08,0.420600,1.00,-1319.776,122.999,0.628647,0.194830
2139,7W8Z,59.87,0.572500,1.00,-2359.902,200.310,0.558949,0.423020
2140,7W96,43.52,0.368600,1.00,-1434.834,122.123,0.874625,0.220410
2141,7WE3,29.84,0.366800,1.00,-2012.080,188.658,0.923469,0.221830
2142,7WEI,32.26,0.364700,1.00,-2012.080,188.658,1.015578,0.242910
2143,7Y7L,64.44,0.554500,1.00,-3025.682,287.221,0.333688,0.514630
2144,7YAB,43.75,0.388500,1.00,-3476.852,195.477,0.971873,0.340790
2145,7YFS,57.81,0.552700,1.00,-922.262,14.229,0.568189,0.250970
2146,7YHF,50.00,0.467200,1.00,-2497.435,170.881,0.602111,0.359220
2147,7YHG,50.69,0.469400,1.00,-2497.435,170.881,0.609535,0.367250
2148,7YHH,49.31,0.471300,1.00,-2497.435,170.881,0.603131,0.360550
2149,7YHI,94.44,0.762800,1.00,-2406.392,184.541,0.113439,0.820540
2150,7YRV,50.89,0.550100,1.00,-2330.287,143.243,0.492499,0.265250
2151,7YRW,36.29,0.342400,1.00,-1955.292,185.964,0.801372,0.289410
2152,7YRX,70.16,0.592400,1.00,-2218.758,137.167,0.289749,0.437980
2153,7YSS,69.64,0.552900,1.00,-845.597,42.098,0.428637,0.435200
2154,7YYI,84.48,0.677500,1.00,-2113.200,63.586,0.140718,0.537030
2155,7Z07,79.31,0.674600,1.00,-2067.494,80.228,0.214064,0.473860
2156,7Z08,68.10,0.698200,1.00,-2268.216,60.813,0.314011,0.496790
2157,7Z0B,93.97,0.699200,1.00,-2395.495,99.463,0.103912,0.687250
2159,7ZNF,85.83,0.703700,1.00,-1845.194,135.114,0.221688,0.565970
2160,7ZRF,47.22,0.436000,1.00,-892.050,57.172,0.742296,0.134240
2161,7ZRO,21.25,0.488300,1.00,-1205.320,287.665,1.767483,0.186750
2162,7ZRU,68.75,0.585400,1.00,-1777.644,114.793,0.268961,0.391830
2163,7ZWJ,30.88,0.512900,1.00,-348.320,80.036,1.092151,0.172310
2164,7ZZV,32.64,0.453100,1.00,-2914.892,88.882,1.337755,0.274870
2165,8A6I,31.55,0.372600,1.00,-2149.152,139.177,1.300363,0.261670
2166,8AHK,78.05,0.676600,1.00,-3191.687,224.838,0.273835,0.623580
2167,8B1L,83.33,0.669200,1.00,-1670.474,51.835,0.235106,0.548360
2168,8B1X,65.00,0.604300,1.00,-1440.592,55.178,0.710870,0.501450
2169,8B4R,78.75,0.675700,1.00,-1105.891,110.472,0.256992,0.258380
2170,8B6X,78.00,0.591700,1.00,-1918.154,53.087,0.247778,0.418420
2171,8B6Y,89.00,0.716200,1.00,-1918.154,53.087,0.129240,0.531310
2172,8B9Q,26.25,0.360400,1.00,-1557.023,200.827,1.508147,0.193570
2173,8B9R,25.62,0.426000,1.00,-1557.023,200.827,1.435790,0.213740
2174,8BOO,27.17,0.496500,1.00,-664.255,108.613,1.060568,0.168730
2175,8BVC,86.31,0.788700,1.00,-2897.468,240.551,0.156740,0.732120
2176,8BVZ,40.79,0.567800,1.00,-514.662,109.265,1.037803,0.169660
2177,8BWW,59.72,0.535800,1.00,-1379.440,32.795,0.440115,0.275520
2178,8CIQ,61.43,0.529500,1.00,-2058.875,200.829,0.452317,0.445620
2183,8CJT,60.00,0.544000,1.00,-2040.342,201.749,0.434369,0.447090
2184,8CM3,90.22,0.706500,1.00,-1554.136,102.340,0.180182,0.474390
2185,8DFZ,59.88,0.561500,1.00,-3134.477,226.472,1.038612,0.479050
2186,8DYM,35.34,0.429000,1.00,-950.610,220.379,0.995908,0.189620
2187,8DYN,40.62,0.489100,1.00,-913.060,121.633,1.125259,0.167270
2188,8EB1,69.79,0.536300,1.00,-1559.393,78.753,0.527320,0.391540
2189,8EF4,45.00,0.636300,1.00,-391.725,80.343,1.159175,0.186670
2190,8F04,36.84,0.399500,1.00,-855.045,87.045,0.802370,0.206930
2191,8FD4,81.62,0.616100,1.00,-2311.910,167.894,0.198315,0.599620
2192,8FEY,89.58,0.724700,1.00,-2361.688,189.968,0.168656,0.734140
2193,8G21,70.31,0.658400,1.00,-2218.078,65.410,0.394895,0.774040
2194,8GUC,43.06,0.386500,1.00,-2534.868,266.466,0.594938,0.300720
2195,8GVN,82.14,0.597600,1.00,-845.597,42.098,0.254424,0.388400
2196,8H0G,66.13,0.703400,1.00,-2034.609,66.705,0.377066,0.583740
2197,8H0U,76.61,0.733200,1.00,-2034.609,66.705,0.203195,0.620300
2198,8HJC,49.24,0.424200,1.00,-2574.129,226.600,0.594165,0.220370
2199,8HJD,50.00,0.419200,1.00,-2574.129,226.600,0.602191,0.311760
2200,8HR3,53.85,0.574300,1.00,-634.921,55.557,0.472893,0.283530
2201,8HR4,65.38,0.581600,1.00,-509.377,95.515,0.387459,0.283350
2202,8HVS,80.00,0.537400,1.00,-309.455,45.417,0.269692,0.399580
2203,8HZW,56.25,0.567900,1.00,-1027.282,28.570,0.640922,0.241070
2204,8IKQ,85.71,0.557500,1.00,-617.758,43.805,0.258226,0.398240
2205,8IL1,80.36,0.558200,1.00,-617.758,43.805,0.291131,0.186670
2206,8IL2,83.33,0.647100,1.00,-552.385,64.823,0.193046,0.415170
2207,8IL6,88.33,0.624500,1.00,-552.385,64.823,0.215646,0.518680
2208,8JB4,26.04,0.368400,1.00,-1558.342,155.175,0.912803,0.157040
2209,8K3M,32.35,0.498200,1.00,-464.616,82.941,0.861498,0.257580
2210,8K3N,38.24,0.514500,1.00,-464.616,82.941,1.095273,0.194130
2211,8OR5,66.67,0.659500,1.00,-1842.921,60.603,0.306189,0.394720
2212,8ORY,80.00,0.707000,1.00,-2270.168,64.975,0.162506,0.586130
2213,8ORZ,67.50,0.707200,1.00,-1473.547,50.309,0.431399,0.546420
2214,8OS0,63.33,0.754000,1.00,-1780.607,71.409,0.427297,0.490470
2215,8OSQ,32.14,0.513700,1.00,-808.989,195.512,1.066763,0.230590
2216,8PWT,36.03,0.495100,1.00,-2745.010,56.324,1.264738,0.263940
2221,8QNT,29.08,0.586200,1.00,-3748.011,187.409,1.655683,0.278510
2222,8QTQ,69.85,0.620700,1.00,-2285.879,167.261,0.335591,0.473630
2223,8R89,61.11,0.567400,1.00,-1256.971,64.248,0.516563,0.225090
2224,8RHS,30.73,0.349200,1.00,-3700.738,193.863,0.919531,0.282920
2225,8RPQ,70.83,0.766100,1.00,-2782.339,47.155,0.290216,0.484770
2226,8RQ6,69.35,0.690200,1.00,-2480.585,70.475,0.343520,0.495490
2227,8S9Y,25.64,0.414000,1.00,-1546.505,227.347,1.272836,0.170350
2228,8SED,52.70,0.461200,1.00,-2042.833,199.266,0.464635,0.344110
2229,8SEM,78.21,0.661800,1.00,-1949.231,244.524,0.374715,0.663910
2230,8SVB,31.67,0.504300,1.00,-1336.587,106.989,1.622712,0.152900
2231,8T01,94.23,0.749200,1.00,-745.600,26.935,0.093699,0.450460
2232,8T61,82.81,0.561400,1.00,-719.359,63.067,0.212604,0.302340
2233,8T62,78.12,0.656700,1.00,-620.114,66.392,0.200892,0.270770
2234,8T63,57.81,0.619900,1.00,-556.423,74.157,0.367468,0.232680
2235,8TFV,78.57,0.687200,1.00,-855.046,109.868,0.250316,0.355150
2236,8TV4,44.23,0.443600,1.00,-794.004,75.050,0.598246,0.180990
2237,8TXS,90.62,0.748000,1.00,-702.295,84.682,0.122742,0.371800
2238,8TYI,88.79,0.737000,1.00,-1893.916,148.421,0.224370,0.629520
2239,8UKC,31.67,0.431100,1.00,-604.452,69.656,0.999430,0.226870
2240,8ULM,77.27,0.615900,1.00,-2104.577,143.404,0.267808,0.524090
2241,8UM1,59.52,0.637900,1.00,-3344.316,74.444,0.488731,0.484230
2242,8UM2,59.52,0.617800,1.00,-3344.316,74.444,0.998416,0.411830
2243,8UNG,67.68,0.547800,1.00,-3206.899,169.906,0.334237,0.537450
2244,8UWF,84.62,0.697200,1.00,-2432.099,199.039,0.237071,0.712490
2245,8UXR,54.35,0.422000,1.00,-1657.683,98.963,0.641800,0.254320
2246,8V2M,81.25,0.642400,1.00,-1927.385,125.909,0.346728,0.567780
2247,8V2V,34.76,0.357100,1.00,-3533.598,313.225,0.920593,0.374040
2248,8VU6,38.04,0.409200,1.00,-2866.139,262.026,0.885443,0.262300
2249,8VU7,67.22,0.578700,1.00,-3031.204,194.288,0.396538,0.541720
2250,8VU8,36.05,0.386200,1.00,-2383.749,208.095,0.899873,0.243590
2251,8VYC,45.45,0.523900,1.00,-916.358,102.432,1.058624,0.173000
2252,8W0Q,61.25,0.617300,1.00,-1240.496,81.030,0.383995,0.311600
2253,8W16,75.00,0.547600,1.00,-927.549,46.905,0.305377,0.335390
2254,8W17,76.67,0.562600,1.00,-959.916,41.419,0.242645,0.349760
2255,8W2V,28.85,0.576600,1.00,-1260.287,230.228,1.215243,0.251510
2256,8WGI,68.00,0.586900,1.00,-1552.218,131.932,0.274994,0.336180
2257,8WGJ,39.58,0.378500,1.00,-1408.791,176.577,0.592990,0.168030
2258,8WW0,71.09,0.662400,1.00,-1864.229,196.422,0.368558,0.474440
2259,8WW1,57.50,0.516200,1.00,-2599.181,139.079,0.533262,0.335870
2260,8X3N,70.31,0.510800,1.00,-714.807,73.318,0.310509,0.277010
2261,8X40,78.12,0.570800,1.00,-714.807,73.318,0.230334,0.274310
2262,8XTH,71.67,0.560400,1.00,-735.633,62.319,0.339631,0.249670
2263,8XTN,34.85,0.385600,1.00,-1226.273,234.188,1.080341,0.211620
2264,8XTO,41.67,0.424800,1.00,-671.355,93.158,0.722161,0.173590
2265,8Y3S,52.27,0.562400,1.00,-308.166,38.867,0.446456,0.330120
2266,8YD6,26.67,0.355700,1.00,-1827.438,147.642,0.839733,0.184640
2267,8ZG2,45.45,0.530400,1.00,-220.279,33.572,0.569461,0.271580
2268,8ZG3,47.73,0.579900,1.00,-161.955,37.733,0.626580,0.214940
2269,8ZG4,43.18,0.524100,1.00,-289.549,44.013,0.658951,0.233150
2270,8ZP3,31.82,0.314100,1.00,-1245.510,173.149,1.258596,0.157190
2271,8ZUG,39.13,0.583600,1.00,-390.059,108.084,0.825658,0.167020
2272,9AZI,93.52,0.810300,1.00,-1975.655,78.882,0.142617,0.769170
2273,9BET,55.36,0.689700,1.00,-2765.145,62.094,0.507395,0.548460
2274,9BF4,55.65,0.460900,1.00,-2646.048,129.782,0.587714,0.380510
2275,9BHN,36.36,0.456900,1.00,-495.573,41.236,0.521420,0.279020
2276,9BV0,52.78,0.596700,1.00,-1686.293,125.741,0.935572,0.399210
2277,9BV4,75.69,0.634000,1.00,-3157.625,168.671,0.181632,0.528600
2278,9BVS,38.46,0.479200,1.00,-1046.341,23.956,0.535611,0.236310
2279,9BVU,46.67,0.449700,1.00,-1207.779,26.853,0.692993,0.255650
2280,9BVV,44.23,0.443500,1.00,-1002.818,42.837,0.518550,0.211340
2281,9CRB,96.43,0.800500,1.00,-1636.921,120.199,0.084038,0.731330
2282,9F1E,67.86,0.481600,1.00,-1652.640,95.011,0.709432,0.464720
2283,9F1F,60.26,0.549800,1.00,-2603.104,121.966,0.540165,0.549330
2284,9F1G,70.92,0.624800,1.00,-3506.051,167.923,0.432474,0.626960
2285,9FJN,87.50,0.747400,1.00,-1190.612,33.961,0.113800,0.460820
2286,9FJW,50.71,0.590400,1.00,-1879.237,179.293,0.824437,0.348020
2287,9G0M,93.00,0.791200,1.00,-1570.067,90.273,0.120307,0.622860
2288,9G0N,86.00,0.761700,1.00,-1570.067,90.273,0.182746,0.525230
2289,9G20,96.00,0.805300,1.00,-1570.067,90.273,0.149458,0.682950
2290,9G21,72.00,0.618100,1.00,-1570.067,90.273,0.297536,0.366430
2291,9G22,89.00,0.746200,1.00,-1497.849,60.097,0.154950,0.571600
2292,9G2N,86.00,0.755000,1.00,-1497.849,60.097,0.173020,0.540430
2293,9G2O,88.00,0.744400,1.00,-1497.849,60.097,0.159382,0.539340
2294,9G31,83.00,0.693700,1.00,-1497.849,60.097,0.181798,0.442510
2295,9G32,81.00,0.675600,1.00,-1497.849,60.097,0.200120,0.424700
2296,9G5P,93.00,0.761400,1.00,-1570.067,90.273,0.135784,0.545580
2297,9GDL,75.00,0.618200,1.00,-1500.548,97.358,0.301491,0.476560
2298,9GDN,80.00,0.673300,1.00,-1500.548,97.358,0.219704,0.496390
2299,9GDT,77.00,0.664400,1.00,-1500.548,97.358,0.261409,0.472470
2300,9GDU,78.00,0.660600,1.00,-1500.548,97.358,0.282386,0.503200
2301,9GE1,77.00,0.675200,1.00,-1470.945,80.935,0.250929,0.480140
2302,9GE9,82.00,0.675600,1.00,-1531.512,89.635,0.267416,0.457940
2303,9GEB,84.00,0.706200,1.00,-1531.512,89.635,0.151736,0.514060
2304,9GEC,81.00,0.703800,1.00,-1531.512,89.635,0.212035,0.479610
2305,9IKO,76.56,0.535700,1.00,-619.407,103.277,0.239992,0.284830
2306,9ILX,78.12,0.531600,1.00,-619.407,103.277,0.277558,0.289070
2307,9J5F,28.12,0.304900,1.00,-2032.181,190.078,0.863774,0.156860
2308,9J5H,66.43,0.637500,1.00,-2725.956,130.810,0.465972,0.503070
2309,9KAR,36.67,0.403600,1.00,-548.237,95.683,0.852599,0.126050
2310,9KK0,64.00,0.527000,1.00,-1050.062,244.528,0.343718,0.255700
2311,9L1M,45.83,0.527900,1.00,-119.045,59.883,0.695406,0.265860
2312,9NVH,75.00,0.552900,1.00,-1575.327,246.149,0.317663,0.541460
2313,9NWZ,32.50,0.425200,1.00,-1026.932,61.298,1.024609,0.096840
2314,9NY3,30.00,0.382900,1.00,-1153.973,54.432,1.055901,0.182970
2315,9UV5,55.00,0.464800,1.00,-360.354,47.188,0.348002,0.303450
