serial,pdb_id,gdt_ts,lddt,lddt_coverage,pred_dope,pred_molpdf,rmsd,tm_score
1,1A11,91.00,0.822000,1.00,-1829.294,36.319,0.159630,0.660160
2,1A3P,27.22,0.328900,1.00,-3051.847,246.657,1.054390,0.279010
3,1ACW,78.45,0.655000,1.00,-1933.400,139.737,0.195191,0.431010
4,1ADX,50.62,0.500000,1.00,-2369.304,240.253,0.591479,0.356260
5,1AG7,52.21,0.510900,1.00,-1804.053,227.499,0.725697,0.364490
6,1AGG,39.58,0.430300,1.00,-2890.765,378.262,1.027127,0.320050
7,1AGT,96.05,0.782200,1.00,-2838.567,179.050,0.078682,0.860310
8,1AHL,52.55,0.480600,1.00,-3740.779,277.497,0.429597,0.424680
9,1ALE,86.11,0.713500,1.00,-1266.760,50.268,0.217936,0.497900
10,1ALF,86.84,0.743900,1.00,-1579.707,40.460,0.161499,0.513600
11,1ALG,70.83,0.643800,1.00,-1489.828,37.832,0.605559,0.556500
12,1AMB,20.54,0.370600,1.00,-958.932,142.829,0.970297,0.272870
13,1AMC,20.54,0.373000,1.00,-958.932,142.829,0.958286,0.256750
14,1AML,19.38,0.308400,1.00,-1589.610,212.790,1.520596,0.157680
15,1ANP,25.89,0.395700,1.00,-1366.728,133.591,1.234624,0.167790
16,1ANS,37.96,0.388300,1.00,-1678.406,201.655,0.808358,0.188960
17,1AOO,45.62,0.427000,1.00,-2708.056,177.778,0.876499,0.330440
18,1APF,57.14,0.498000,1.00,-3913.529,306.797,0.421102,0.428730
19,1APO,35.71,0.344200,1.00,-2643.279,302.718,0.931559,0.274110
20,1AQG,43.18,0.438800,1.00,-355.499,43.469,0.531201,0.218520
21,1AQQ,45.00,0.430100,1.00,-2708.056,177.778,0.886563,0.333840
22,1AQR,40.00,0.424800,1.00,-2708.056,177.778,0.880684,0.321140
23,1ARD,50.86,0.525200,1.00,-2237.076,67.161,0.811985,0.385930
24,1ARE,50.86,0.546200,1.00,-2162.113,66.703,0.808819,0.414450
25,1ARF,50.86,0.527700,1.00,-2317.308,62.868,0.904280,0.358690
26,1ATX,41.30,0.439500,1.00,-2405.028,408.366,1.045992,0.403990
27,1AV3,97.22,0.727500,1.00,-1548.698,222.496,0.083798,0.707590
28,1AW6,39.53,0.429000,1.00,-2835.376,197.555,0.900334,0.351090
29,1AXH,92.57,0.744300,1.00,-2301.596,172.537,0.173495,0.779970
30,1AZ6,80.56,0.659600,1.00,-2216.598,203.166,0.203064,0.610620
31,1AZH,55.56,0.527200,1.00,-2216.598,203.166,0.489102,0.375700
32,1AZJ,85.42,0.670600,1.00,-2265.380,213.462,0.165188,0.664490
33,1AZK,70.83,0.629900,1.00,-2331.462,200.550,0.269735,0.505240
34,1B03,65.28,0.481900,1.00,-826.613,77.995,0.308508,0.273510
35,1B1V,82.61,0.625900,1.00,-1113.633,111.721,0.338379,0.462580
36,1B4G,28.33,0.326500,1.00,-1114.470,168.666,1.552276,0.155490
37,1B4I,25.00,0.317800,1.00,-1114.470,168.666,1.225334,0.214920
38,1B5N,77.17,0.594100,1.00,-1113.633,111.721,0.328226,0.418810
39,1B8W,28.57,0.351500,1.00,-2370.522,374.530,1.079466,0.236510
40,1B9P,78.68,0.668600,1.00,-2120.468,163.717,0.352482,0.595060
41,1B9Q,69.12,0.613000,1.00,-2120.468,163.717,0.343991,0.476310
42,1B9U,76.47,0.751800,1.00,-2892.361,83.168,0.317422,0.647460
43,1BA4,18.12,0.300600,1.00,-1589.610,212.790,1.831083,0.181780
44,1BA6,18.75,0.317700,1.00,-1589.610,212.790,1.636249,0.167030
45,1BAH,78.38,0.621100,1.00,-2561.023,178.850,0.199137,0.554720
46,1BBA,78.47,0.705800,1.00,-2627.092,151.954,0.222267,0.606040
47,1BBG,33.12,0.368200,1.00,-2869.542,303.978,0.833508,0.363600
48,1BDS,34.88,0.354200,1.00,-3117.729,226.652,0.963302,0.329130
49,1BEI,50.00,0.472100,1.00,-2563.141,157.289,0.567329,0.322080
50,1BF9,38.41,0.357000,1.00,-2701.573,209.788,0.882467,0.320470
51,1BGK,54.05,0.508200,1.00,-2891.366,119.848,0.611329,0.393350
52,1BH4,75.00,0.628100,1.00,-2087.355,157.727,0.296168,0.486750
53,1BH7,40.91,0.443000,1.00,-2144.567,159.436,0.831639,0.268440
54,1BHI,55.92,0.537200,1.00,-2241.177,175.513,0.444266,0.452180
55,1BIG,91.89,0.738600,1.00,-2895.953,152.072,0.103025,0.771080
56,1BJB,32.14,0.406200,1.00,-964.962,127.092,0.780952,0.180010
57,1BJC,53.57,0.468000,1.00,-1797.003,132.928,0.609940,0.357590
58,1BL1,54.03,0.612200,1.00,-2492.244,54.607,0.589320,0.323020
59,1BM4,57.03,0.432600,1.00,-2172.351,143.636,0.858646,0.464000
60,1BMX,67.74,0.609900,1.00,-2274.584,115.091,0.362515,0.510950
61,1BNB,42.11,0.381300,1.00,-2782.628,271.210,0.689461,0.250660
62,1BOE,70.74,0.598600,1.00,-3002.867,369.345,0.353536,0.589740
63,1BQF,77.00,0.596700,1.00,-1249.484,124.500,0.353207,0.409030
64,1BRV,64.84,0.632700,1.00,-2025.696,189.629,0.661471,0.483190
65,1BWX,52.56,0.609200,1.00,-3204.833,99.677,0.604668,0.476940
66,1BY0,82.41,0.645700,1.00,-1790.930,70.502,0.321903,0.562270
67,1BY6,50.00,0.469700,1.00,-2628.072,72.901,0.518671,0.344610
68,1BZG,56.62,0.572900,1.00,-2389.486,76.641,0.519890,0.411930
69,1C2U,40.00,0.430100,1.00,-2640.828,113.276,0.716949,0.258220
70,1C49,90.00,0.720100,1.00,-2433.149,216.345,0.137430,0.716330
71,1C4B,51.92,0.431700,1.00,-453.973,77.302,0.464173,0.277610
72,1C4E,82.86,0.708900,1.00,-2020.288,210.236,0.172002,0.640300
73,1C55,58.75,0.489400,1.00,-2651.360,245.673,0.512311,0.441780
74,1C56,56.88,0.473100,1.00,-2651.360,245.673,0.533022,0.424330
75,1C6W,34.09,0.366300,1.00,-1816.440,178.196,0.895347,0.303030
76,1CBH,87.50,0.733400,1.00,-2263.774,158.203,0.129483,0.710300
77,1CCF,35.71,0.350900,1.00,-2643.279,302.718,0.963820,0.298490
78,1CCM,33.70,0.353500,1.00,-3649.578,236.824,0.978712,0.415840
79,1CCN,33.70,0.359700,1.00,-3649.578,236.824,0.991267,0.437240
80,1CE4,61.43,0.559700,1.00,-1837.524,191.200,0.454742,0.476670
81,1CFG,72.73,0.542400,1.00,-1640.584,54.524,0.402693,0.274300
82,1CFH,32.45,0.474200,1.00,-3334.779,197.804,1.553384,0.228320
83,1CFI,29.26,0.511300,1.00,-3334.779,197.804,1.431973,0.247790
84,1CHL,76.39,0.572500,1.00,-2598.023,150.086,0.269776,0.560830
85,1CIX,78.98,0.637300,1.00,-3241.205,201.448,0.229447,0.653150
86,1CKW,28.00,0.272000,1.00,-1345.378,209.539,0.975722,0.146990
87,1CKX,79.81,0.711500,1.00,-1923.868,64.850,0.233263,0.491660
88,1CKY,54.81,0.493000,1.00,-1923.868,64.850,0.448136,0.253880
89,1CKZ,29.00,0.324600,1.00,-1345.378,209.539,0.877483,0.160490
90,1CMR,81.45,0.607400,1.00,-2301.517,120.285,0.160375,0.521810
91,1CO4,72.02,0.639000,1.00,-2608.095,249.449,0.389347,0.551790
92,1CQ0,66.96,0.610500,1.00,-1671.764,63.221,0.410627,0.417120
93,1CR8,30.36,0.350100,1.00,-2335.210,211.402,1.101308,0.251960
94,1CSA,43.18,0.308000,1.00,-609.663,12.323,0.502312,0.139910
95,1CTI,89.66,0.745800,1.00,-1984.051,145.321,0.120923,0.639100
96,1CW5,49.48,0.531700,1.00,-2836.567,183.525,0.944786,0.461430
97,1CW6,71.62,0.562700,1.00,-2186.688,163.533,0.547001,0.567920
98,1CWX,27.27,0.431000,1.00,-1529.401,296.611,1.105700,0.239210
99,1CXR,25.00,0.310500,1.00,-3241.622,273.237,0.984812,0.221220
100,1CYA,38.64,0.452200,1.00,-609.663,12.323,0.460283,0.157710
101,1CYB,45.45,0.407800,1.00,-609.663,12.323,0.434377,0.174250
102,1CZ6,89.00,0.711200,1.00,-1164.957,113.548,0.153241,0.543030
103,1D0R,79.17,0.714500,1.00,-2114.816,66.034,0.263185,0.505290
104,1D1H,44.29,0.406500,1.00,-2527.714,266.357,0.608088,0.377390
105,1D2J,33.12,0.337500,1.00,-2426.883,275.609,0.952768,0.243270
106,1D2L,28.33,0.362100,1.00,-2661.292,309.838,0.852728,0.326910
107,1D5Q,100.00,0.857400,1.00,-1919.560,75.170,0.037566,0.891230
108,1D6B,52.38,0.500700,1.00,-2746.619,248.714,0.649488,0.409260
109,1D6X,73.08,0.536900,1.00,-465.268,67.877,0.325417,0.333180
110,1DEC,52.56,0.463000,1.00,-2466.229,227.706,0.666849,0.417900
111,1DEP,81.67,0.687000,1.00,-987.254,54.434,0.299974,0.461250
112,1DF6,50.00,0.418200,1.00,-2362.549,166.057,0.520197,0.291290
113,1DFE,50.68,0.454800,1.00,-2497.415,201.393,0.990695,0.399510
114,1DFS,41.94,0.419300,1.00,-2136.844,174.309,0.777612,0.247550
115,1DFT,42.50,0.370500,1.00,-1964.695,177.165,0.628830,0.240960
116,1DGZ,50.68,0.462600,1.00,-2497.415,201.393,0.988120,0.384300
117,1DJF,83.33,0.704300,1.00,-734.367,27.644,0.281482,0.398750
118,1DKC,69.74,0.580600,1.00,-2377.907,242.074,0.271586,0.513570
119,1DL0,79.73,0.617100,1.00,-2415.034,240.058,0.271406,0.609710
120,1DMC,64.52,0.569500,1.00,-1975.016,164.221,0.328585,0.314570
121,1DMD,64.52,0.576100,1.00,-1975.016,164.221,0.341863,0.333000
122,1DME,47.32,0.435700,1.00,-1897.541,133.247,0.662781,0.265540
123,1DMF,48.21,0.448600,1.00,-1897.541,133.247,0.650557,0.218580
124,1DN3,85.00,0.726200,1.00,-734.367,27.644,0.247837,0.475050
125,1DNG,88.33,0.718400,1.00,-687.506,37.596,0.214960,0.449930
126,1DPK,37.50,0.462600,1.00,-274.182,167.089,0.880099,0.185370
127,1DPQ,65.00,0.565000,1.00,-640.394,74.670,0.442856,0.252940
128,1DSK,65.18,0.670600,1.00,-2161.062,43.094,0.523832,0.508980
129,1DSQ,89.29,0.695100,1.00,-949.635,81.685,0.198218,0.450610
130,1DSV,53.23,0.456500,1.00,-1580.250,189.049,0.520388,0.293620
131,1DTC,91.35,0.748600,1.00,-1869.019,50.524,0.241071,0.639740
132,1DU1,67.50,0.547500,1.00,-1206.429,54.864,0.437219,0.281210
133,1DU9,88.39,0.681600,1.00,-1554.827,154.676,0.144834,0.557240
134,1DV0,52.13,0.546700,1.00,-4164.194,125.295,0.605807,0.437630
135,1DVW,38.89,0.566900,1.00,-538.588,105.916,0.813859,0.201590
136,1DX7,55.21,0.653000,1.00,-3898.063,174.927,0.646318,0.560950
137,1E0G,70.31,0.566200,1.00,-4295.210,164.725,0.322535,0.601600
138,1E0L,79.73,0.722200,1.00,-2299.564,174.969,0.440935,0.683120
139,1E0M,66.89,0.591700,1.00,-2275.053,234.939,0.515197,0.503440
140,1E0N,89.81,0.684800,1.00,-1797.397,170.098,0.133843,0.591160
141,1E0Q,72.06,0.556900,1.00,-951.419,68.011,0.244925,0.263900
142,1E4Q,77.03,0.675400,1.00,-2496.639,260.916,0.261789,0.558030
143,1E4R,29.29,0.329500,1.00,-2015.655,183.120,0.904129,0.211200
144,1E4S,31.25,0.330800,1.00,-2500.211,204.167,0.891722,0.322120
145,1E4T,41.22,0.350700,1.00,-2750.560,235.793,0.690962,0.315230
146,1E8P,82.07,0.673300,1.00,-3342.128,240.464,0.386085,0.727100
147,1E8Q,82.61,0.664800,1.00,-3342.128,240.464,0.427372,0.727250
148,1E9K,42.76,0.558400,1.00,-2174.036,214.986,0.725585,0.294340
149,1ED0,53.80,0.568900,1.00,-3189.275,144.291,0.581111,0.437970
150,1ED7,91.11,0.709800,1.00,-4196.315,223.750,0.134017,0.799280
151,1EDP,70.59,0.580000,1.00,-1260.721,59.607,0.329918,0.272140
152,1EDS,20.16,0.287200,1.00,-1496.417,157.175,1.146488,0.140770
153,1EDV,22.79,0.428700,1.00,-1078.398,218.616,1.493239,0.156810
154,1EDW,27.88,0.342900,1.00,-1732.016,117.383,0.881545,0.145430
155,1EDX,20.62,0.324900,1.00,-2072.071,158.427,1.380403,0.180240
156,1EGT,92.65,0.690700,1.00,-747.951,101.283,0.147596,0.356030
157,1EHS,54.17,0.602000,1.00,-3497.346,150.937,0.488838,0.477780
158,1EI0,82.24,0.696300,1.00,-3243.827,107.596,0.216778,0.728400
159,1EMX,37.50,0.397100,1.00,-1852.017,176.895,0.817177,0.280700
160,1EMZ,84.52,0.712500,1.00,-1415.604,27.765,0.285448,0.404290
161,1EQX,59.72,0.523800,1.00,-543.145,95.091,0.465630,0.219250
162,1ERC,91.88,0.775800,1.00,-3448.863,136.573,0.095173,0.800230
163,1ERD,42.50,0.446300,1.00,-2676.121,178.215,0.619127,0.292340
164,1ERP,37.50,0.390700,1.00,-2599.445,262.419,0.668246,0.272400
165,1ERY,87.82,0.759000,1.00,-3160.354,172.729,0.458742,0.783110
166,1ESK,29.17,0.305100,1.00,-2271.066,185.776,0.989895,0.280330
167,1EWS,62.50,0.502400,1.00,-2191.530,217.833,0.366341,0.399440
168,1EYO,90.00,0.761200,1.00,-1915.861,156.890,0.144218,0.660820
169,1EZE,66.45,0.650200,1.00,-2552.947,120.048,0.296087,0.498920
170,1F3K,86.54,0.675700,1.00,-1875.182,153.844,0.143511,0.529350
171,1F4I,51.67,0.585900,1.00,-3781.622,146.665,0.579576,0.426160
172,1F7E,31.52,0.348100,1.00,-2920.698,289.835,1.095755,0.337210
173,1F7M,29.35,0.345400,1.00,-2920.698,289.835,1.115786,0.330450
174,1F8Z,30.77,0.358900,1.00,-2414.664,182.735,1.005700,0.290930
175,1FAC,69.05,0.597100,1.00,-1467.150,64.620,0.348938,0.258390
176,1FCT,57.81,0.491000,1.00,-1859.178,86.204,0.503457,0.389010
177,1FDF,55.00,0.571000,1.00,-1658.573,60.924,0.448052,0.258210
178,1FEO,88.46,0.653800,1.00,-1358.697,187.562,0.178339,0.541400
179,1FF7,30.98,0.329900,1.00,-2920.698,289.835,1.165910,0.297490
180,1FFM,31.52,0.336800,1.00,-2920.698,289.835,1.169589,0.296540
181,1FGD,79.17,0.636100,1.00,-877.007,91.798,0.212732,0.219190
182,1FGE,52.50,0.461800,1.00,-979.417,87.865,0.581755,0.184220
183,1FJN,29.49,0.327900,1.00,-2851.109,258.374,0.913665,0.290220
184,1FME,75.89,0.684800,1.00,-2316.719,136.087,0.236883,0.490670
185,1FMY,50.00,0.485700,1.00,-2758.159,185.098,0.664873,0.372250
186,1FQQ,73.17,0.614600,1.00,-3064.680,229.995,0.261716,0.577120
187,1FRE,30.95,0.420100,1.00,-2604.478,198.045,1.085441,0.233620
188,1FRY,37.07,0.480000,1.00,-1411.324,168.457,0.669440,0.226790
189,1FSB,29.38,0.338100,1.00,-2876.802,254.604,0.976374,0.268280
190,1FSD,77.68,0.647300,1.00,-2229.076,113.943,0.283106,0.493780
191,1FSV,77.68,0.662200,1.00,-2229.076,113.943,0.245089,0.483720
192,1FU3,89.81,0.678300,1.00,-1741.165,135.932,0.112870,0.602600
193,1FU9,36.81,0.444700,1.00,-2774.448,74.469,1.017451,0.303660
194,1FUL,47.73,0.492700,1.00,-383.305,60.795,0.473720,0.217480
195,1FUV,56.82,0.534500,1.00,-383.305,60.795,0.329062,0.293430
196,1FV5,64.58,0.590500,1.00,-2546.041,137.673,0.730267,0.501610
197,1FVY,47.58,0.590100,1.00,-2567.064,59.596,0.968320,0.341570
198,1FW5,81.25,0.733000,1.00,-1248.228,76.702,0.219691,0.463880
199,1FWO,54.29,0.537500,1.00,-2247.546,206.901,0.552505,0.331260
200,1FYG,83.00,0.635800,1.00,-1289.331,195.348,0.195977,0.409860
201,1G04,35.58,0.313600,1.00,-2011.005,160.211,0.641525,0.154500
202,1G26,54.03,0.453200,1.00,-2332.747,129.761,0.767027,0.313240
203,1G92,84.00,0.725900,1.00,-1705.084,94.783,0.170772,0.408410
204,1G9P,66.11,0.643300,1.00,-2275.302,277.985,0.466549,0.536170
205,1GEA,75.00,0.626500,1.00,-1415.146,63.713,0.343817,0.295480
206,1GIB,45.45,0.402400,1.00,-934.447,119.670,0.477357,0.160020
207,1GK5,30.61,0.316000,1.00,-3546.672,303.581,1.004637,0.288290
208,1GM2,97.73,0.763200,1.00,-401.466,41.586,0.068306,0.572880
209,1GNA,59.62,0.481400,1.00,-388.925,77.285,0.394771,0.290050
210,1GNB,53.85,0.483800,1.00,-388.925,77.285,0.467423,0.229030
211,1GNF,42.93,0.403700,1.00,-3391.764,277.808,0.832816,0.331010
212,1GP8,79.38,0.689900,1.00,-2763.792,89.317,0.213728,0.641360
213,1GPS,69.68,0.540500,1.00,-2868.278,220.389,0.465766,0.664510
214,1GPT,72.34,0.562800,1.00,-2835.058,207.970,0.373087,0.685620
215,1GUR,77.86,0.626100,1.00,-1948.334,194.948,0.170958,0.560010
216,1GW3,44.02,0.490300,1.00,-3671.674,111.017,1.346757,0.348640
217,1GW4,46.74,0.456600,1.00,-3671.674,111.017,0.745165,0.325090
218,1H20,90.38,0.741600,1.00,-2637.848,229.704,0.145459,0.770910
219,1H5O,32.74,0.384700,1.00,-1914.596,223.057,1.322100,0.266680
220,1H7D,33.67,0.469800,1.00,-2364.377,392.072,1.775830,0.307390
221,1H7J,46.15,0.591800,1.00,-1067.348,108.853,0.771151,0.228250
222,1HA9,87.50,0.773600,1.00,-1819.071,161.882,0.336570,0.741650
223,1HD6,45.95,0.454100,1.00,-2644.099,168.750,0.543782,0.406160
224,1HD9,88.64,0.709400,1.00,-327.218,44.420,0.166990,0.531910
225,1HEV,38.95,0.402000,1.00,-3056.081,311.191,0.899293,0.296380
226,1HFF,67.50,0.600000,1.00,-360.091,42.530,0.269776,0.289730
227,1HJ0,51.83,0.636800,1.00,-2583.391,127.395,0.808690,0.436200
228,1HLL,65.62,0.688000,1.00,-2352.751,82.525,0.338665,0.583560
229,1HLY,87.82,0.726800,1.00,-2950.588,190.296,0.126256,0.773810
230,1HN3,23.12,0.308700,1.00,-2065.278,234.560,1.195538,0.224460
231,1HNR,59.57,0.556900,1.00,-3506.627,270.933,0.419962,0.471510
232,1HNS,52.13,0.491000,1.00,-3506.627,270.933,0.473795,0.444670
233,1HO0,50.83,0.487900,1.00,-1704.824,178.332,0.735967,0.278450
234,1HO2,88.75,0.678700,1.00,-1258.543,35.142,0.148734,0.487260
235,1HO7,82.50,0.666900,1.00,-1258.543,35.142,0.177577,0.433670
236,1HO9,68.75,0.609600,1.00,-2465.321,103.221,0.381100,0.450770
237,1HOD,64.06,0.618700,1.00,-2465.321,103.221,0.407174,0.358770
238,1HOF,60.16,0.603800,1.00,-2352.751,82.525,0.364245,0.446270
239,1HP2,93.92,0.765200,1.00,-2576.701,176.471,0.090944,0.808140
240,1HP3,82.81,0.659200,1.00,-1891.323,148.953,0.270380,0.643770
241,1HP9,82.95,0.623200,1.00,-1672.590,54.375,0.197349,0.337200
242,1HPH,47.30,0.597700,1.00,-3088.502,63.988,0.803452,0.383710
243,1HPY,58.82,0.629600,1.00,-2703.024,77.741,0.366069,0.373170
244,1HRL,70.65,0.624900,1.00,-1046.836,102.668,0.579431,0.329220
245,1HTH,47.06,0.537400,1.00,-2746.046,61.013,0.968328,0.335000
246,1HTX,85.16,0.709500,1.00,-2277.239,189.580,0.126617,0.605380
247,1HU5,79.17,0.668100,1.00,-1086.633,36.192,0.184723,0.397740
248,1HU6,66.67,0.592100,1.00,-914.680,36.896,0.370008,0.323930
249,1HU7,84.72,0.657100,1.00,-977.644,43.819,0.229043,0.442200
250,1HVW,87.00,0.675300,1.00,-1364.027,192.380,0.157823,0.499760
251,1HVZ,75.00,0.674400,1.00,-992.991,77.231,0.316711,0.297030
252,1HY9,67.07,0.554600,1.00,-2603.011,204.140,0.471677,0.499490
253,1HYK,32.61,0.312700,1.00,-3828.862,278.036,0.925638,0.353130
254,1HZ3,28.85,0.440000,1.00,-1259.276,112.112,1.088612,0.129930
255,1I25,47.97,0.391500,1.00,-1568.518,227.371,0.832298,0.445500
256,1I26,83.09,0.662300,1.00,-2120.471,261.388,0.293839,0.632050
257,1I2U,79.55,0.606700,1.00,-3286.467,269.644,0.295715,0.701410
258,1I2V,74.43,0.636800,1.00,-3435.409,251.332,0.395251,0.619470
259,1I6C,67.95,0.607000,1.00,-2233.900,204.477,0.530850,0.541380
260,1I8X,64.17,0.540900,1.00,-2058.329,158.986,0.519921,0.479190
261,1I8Y,74.11,0.588100,1.00,-1755.039,106.880,0.359380,0.447470
262,1IB9,78.68,0.682400,1.00,-1819.071,161.882,0.356816,0.617780
263,1IBN,71.25,0.659300,1.00,-1333.849,19.550,0.383040,0.440370
264,1IBO,73.75,0.618800,1.00,-1333.849,19.550,0.419470,0.317750
265,1IC9,81.90,0.675800,1.00,-2041.236,153.847,0.213822,0.529030
266,1ICA,73.75,0.606600,1.00,-2766.667,191.864,0.555030,0.586120
267,1ICL,70.69,0.597400,1.00,-2058.528,191.337,0.236843,0.465300
268,1ICO,82.76,0.701700,1.00,-2010.919,153.358,0.171139,0.540510
269,1ID6,40.00,0.463100,1.00,-907.980,31.970,0.570420,0.232340
270,1ID7,43.33,0.447700,1.00,-907.980,31.970,0.553354,0.132000
271,1IE6,78.79,0.636400,1.00,-1345.054,163.925,0.339445,0.582600
272,1IFY,78.57,0.660700,1.00,-4832.315,136.151,0.277288,0.719450
273,1IIJ,75.00,0.719500,1.00,-2478.059,71.915,0.300191,0.641830
274,1IM1,81.25,0.597800,1.00,-609.479,40.874,0.251303,0.388190
275,1IRR,72.83,0.554700,1.00,-1067.534,86.202,0.477802,0.394270
276,1IVA,42.71,0.419600,1.00,-2695.998,271.362,0.857074,0.325020
277,1IWC,38.24,0.531000,1.00,-1213.953,164.806,0.945436,0.329740
278,1IWF,27.21,0.482500,1.00,-1213.953,164.806,1.327426,0.232910
279,1IXA,69.87,0.552500,1.00,-2249.000,221.738,0.344979,0.541050
280,1IXT,83.33,0.672400,1.00,-1781.387,110.863,0.165388,0.475950
281,1IXU,52.08,0.526200,1.00,-378.047,68.122,0.582664,0.187140
282,1IYC,36.81,0.384900,1.00,-2088.304,329.410,0.895045,0.280520
283,1IYT,48.81,0.638800,1.00,-2320.290,97.922,0.768832,0.471730
284,1J4M,92.86,0.693100,1.00,-621.021,52.032,0.118131,0.425200
285,1J5J,84.72,0.697900,1.00,-2878.774,162.397,0.167205,0.696050
286,1J5L,48.33,0.505200,1.00,-2179.344,123.173,0.741260,0.245120
287,1J5M,48.21,0.461700,1.00,-1690.336,181.696,0.682648,0.250230
288,1JBL,100.00,0.838700,1.00,-593.981,62.536,0.046637,0.635780
289,1JBN,92.86,0.755800,1.00,-593.981,62.536,0.096680,0.409850
290,1JDM,69.35,0.622300,1.00,-3121.487,55.365,0.430003,0.520260
291,1JI9,33.78,0.403600,1.00,-2605.445,188.294,0.802208,0.253340
292,1JJZ,77.59,0.647000,1.00,-1869.252,240.932,0.459123,0.529560
293,1JKZ,70.65,0.599600,1.00,-3370.121,312.311,0.290934,0.621000
294,1JLZ,88.04,0.698600,1.00,-1210.629,100.541,0.171163,0.442810
295,1JMN,40.22,0.384900,1.00,-2843.271,233.354,0.646284,0.335930
296,1JMP,32.07,0.350900,1.00,-3006.163,226.989,0.968159,0.261210
297,1JN7,43.75,0.483100,1.00,-2777.431,98.715,1.143779,0.344340
298,1JO5,47.92,0.673300,1.00,-3915.339,159.210,0.798900,0.505870
299,1JO6,38.89,0.451800,1.00,-2900.889,158.100,1.064098,0.369280
300,1JRF,35.64,0.358700,1.00,-2531.052,413.003,0.777721,0.285740
301,1JRJ,83.97,0.744800,1.00,-2463.695,167.890,0.231725,0.680160
302,1JU8,78.38,0.630700,1.00,-2868.729,177.667,0.265237,0.557480
303,1JY9,76.25,0.610900,1.00,-561.938,80.438,0.258558,0.231530
304,1K0P,50.81,0.456300,1.00,-1978.425,204.626,0.488728,0.272670
305,1K18,52.42,0.448000,1.00,-1978.425,204.626,0.488525,0.261350
306,1K1V,88.41,0.697700,1.00,-3464.955,98.997,0.134680,0.733570
307,1K36,30.43,0.307900,1.00,-3781.027,252.274,1.120864,0.304720
308,1K37,29.89,0.303100,1.00,-3781.027,252.274,1.148783,0.350480
309,1K43,92.86,0.683500,1.00,-621.021,52.032,0.144369,0.450130
310,1K48,76.72,0.633700,1.00,-1869.252,240.932,0.464558,0.529730
311,1K7B,57.45,0.509500,1.00,-2514.829,353.044,0.601449,0.477610
312,1K81,64.58,0.485700,1.00,-2247.021,178.423,0.409935,0.455600
313,1K91,33.78,0.461600,1.00,-1534.053,187.810,1.985107,0.232510
314,1KAL,82.76,0.716200,1.00,-1968.980,174.679,0.217019,0.563410
315,1KBE,29.08,0.318800,1.00,-3893.319,243.991,1.146155,0.277230
316,1KBF,29.08,0.319900,1.00,-3893.319,243.991,1.138267,0.276960
317,1KDL,71.74,0.642900,1.00,-1867.523,52.488,0.314757,0.381360
318,1KGM,84.29,0.694300,1.00,-1831.671,179.903,0.252411,0.682690
319,1KIO,77.14,0.688800,1.00,-1889.480,187.278,0.442060,0.601430
320,1KJ0,75.00,0.627500,1.00,-1814.230,150.375,0.290817,0.521950
321,1KJ5,30.56,0.330400,1.00,-2504.588,242.968,0.941156,0.328280
322,1KJ6,67.22,0.567600,1.00,-2379.139,295.985,0.694605,0.572360
323,1KLR,95.00,0.779600,1.00,-1890.095,134.187,0.125135,0.760570
324,1KLS,47.50,0.605800,1.00,-1367.074,130.229,1.035977,0.322020
325,1KMR,83.33,0.637000,1.00,-964.816,34.032,0.285732,0.413640
326,1KOZ,76.39,0.624800,1.00,-2583.115,240.398,0.241635,0.566570
327,1KQH,84.87,0.688600,1.00,-2685.418,273.319,0.179664,0.693560
328,1KQI,77.63,0.656300,1.00,-2685.418,273.319,0.248217,0.627450
329,1KUW,42.50,0.478900,1.00,-166.222,36.053,0.536970,0.171260
330,1KV4,66.67,0.650400,1.00,-2606.892,108.272,0.679795,0.545620
331,1KWD,81.25,0.547400,1.00,-1027.831,82.413,0.208072,0.311330
332,1KWE,75.00,0.545100,1.00,-1027.831,82.413,0.204440,0.243450
333,1KX6,45.69,0.431600,1.00,-2257.016,58.543,0.651650,0.247450
334,1KZ0,79.69,0.594800,1.00,-958.976,44.853,0.226948,0.294880
335,1KZ2,82.81,0.653300,1.00,-831.239,29.735,0.145351,0.322390
336,1KZ5,77.08,0.537600,1.00,-708.518,40.109,0.323040,0.478330
337,1L1K,36.25,0.306400,1.00,-1079.733,70.731,0.868245,0.212970
338,1L2Y,98.75,0.819100,1.00,-1118.737,58.467,0.048212,0.667030
339,1L3Q,45.83,0.545500,1.00,-340.523,62.063,0.810319,0.318230
340,1L3Y,48.78,0.454500,1.00,-2542.677,282.828,0.581857,0.328480
341,1L4V,76.25,0.601600,1.00,-2984.400,127.132,0.491550,0.654330
342,1LA4,86.03,0.709600,1.00,-2255.618,188.548,0.181712,0.660940
343,1LB0,76.92,0.554400,1.00,-805.082,33.565,0.250910,0.374760
344,1LB7,98.44,0.738200,1.00,-967.977,58.773,0.072165,0.596230
345,1LBJ,79.55,0.664000,1.00,-1563.592,110.371,0.362171,0.498100
346,1LCX,75.00,0.561000,1.00,-805.082,33.565,0.247214,0.389510
347,1LDL,24.48,0.301400,1.00,-2732.853,296.754,1.253617,0.191890
348,1LDR,33.72,0.347900,1.00,-2557.073,267.408,1.053927,0.281220
349,1LFC,54.00,0.418900,1.00,-955.660,192.790,0.457540,0.273400
350,1LGL,86.11,0.693500,1.00,-2878.774,162.397,0.167079,0.713260
351,1LIQ,56.48,0.483900,1.00,-1838.257,123.530,0.600267,0.383060
352,1LIR,93.92,0.743200,1.00,-2897.364,181.768,0.099676,0.806880
353,1LMM,70.00,0.604600,1.00,-2338.396,314.279,0.444878,0.554090
354,1LMR,72.14,0.609100,1.00,-2055.470,148.949,0.281565,0.514730
355,1LUP,41.94,0.370500,1.00,-2336.729,185.689,0.753623,0.229120
356,1LV4,30.95,0.439800,1.00,-862.603,115.286,0.945338,0.165860
357,1LVZ,100.00,0.702300,1.00,-588.712,24.291,0.056727,0.637620
358,1LYP,84.38,0.699100,1.00,-2197.001,83.278,0.141101,0.572920
359,1M02,39.58,0.521500,1.00,-510.548,56.702,0.653503,0.182540
360,1M0G,50.83,0.440600,1.00,-2233.804,155.009,0.453895,0.273440
361,1M0J,48.21,0.417500,1.00,-1708.495,199.597,0.634851,0.264900
362,1M23,92.31,0.657500,1.00,-697.048,30.410,0.112714,0.563700
363,1M25,56.73,0.406300,1.00,-2011.005,160.211,0.786899,0.367560
364,1M2S,79.73,0.583100,1.00,-2837.929,159.522,0.232153,0.598700
365,1M36,50.76,0.433300,1.00,-2794.036,116.631,0.838082,0.424350
366,1M4E,52.50,0.442600,1.00,-892.109,139.934,0.510036,0.225290
367,1M4F,36.00,0.350300,1.00,-1691.493,147.242,0.790236,0.182060
368,1MA2,70.59,0.518700,1.00,-1001.851,92.277,0.271520,0.253480
369,1MA4,35.29,0.398700,1.00,-1070.887,91.850,0.879387,0.217700
370,1MA5,51.47,0.467300,1.00,-1001.851,92.277,0.561698,0.197580
371,1MA6,44.12,0.421700,1.00,-1070.887,91.850,0.591715,0.234710
372,1MB6,93.57,0.725800,1.00,-2367.143,206.594,0.093491,0.782850
373,1MEA,46.43,0.462700,1.00,-1364.870,163.136,0.617257,0.233090
374,1MED,47.32,0.462200,1.00,-1364.870,163.136,0.652300,0.255090
375,1MEQ,54.35,0.600600,1.00,-1065.545,84.638,0.524743,0.284690
376,1MF6,75.00,0.582900,1.00,-420.654,60.759,0.257474,0.428000
377,1MGX,29.79,0.467600,1.00,-3334.779,197.804,1.376901,0.211580
378,1MHU,38.71,0.416000,1.00,-2195.056,141.070,0.785508,0.175840
379,1MKC,26.16,0.362100,1.00,-2223.926,345.910,1.221234,0.222670
380,1MM0,95.14,0.775400,1.00,-3015.333,223.781,0.088384,0.822680
381,1MMC,85.83,0.718300,1.00,-1920.645,130.330,0.147446,0.580440
382,1MOT,69.64,0.611100,1.00,-1386.731,78.966,0.417229,0.508970
383,1MPZ,36.59,0.424100,1.00,-2966.778,203.101,0.619632,0.271860
384,1MR0,63.24,0.498200,1.00,-2899.044,182.453,0.305585,0.411750
385,1MR4,64.89,0.575700,1.00,-3524.195,222.183,0.481684,0.605040
386,1MRB,49.19,0.486600,1.00,-2169.050,124.752,0.683014,0.279260
387,1MRT,62.10,0.495400,1.00,-2360.444,140.452,0.286867,0.385030
388,1MTQ,81.58,0.574300,1.00,-1205.246,52.912,0.344191,0.383460
389,1MTX,81.41,0.692400,1.00,-2720.246,229.659,0.194791,0.673780
390,1MXQ,86.36,0.740700,1.00,-672.214,18.236,0.202380,0.573210
391,1MYN,75.00,0.562100,1.00,-3148.670,162.716,0.421996,0.684330
392,1MYU,45.83,0.436800,1.00,-392.048,65.009,0.491354,0.213620
393,1MZI,53.85,0.504100,1.00,-805.082,33.565,0.374214,0.153990
394,1N0Z,40.56,0.384400,1.00,-2820.838,267.003,0.683771,0.281460
395,1N1U,90.52,0.759400,1.00,-1702.318,193.277,0.132766,0.659130
396,1N2Y,45.00,0.443300,1.00,-550.315,62.395,0.563286,0.204100
397,1N4N,79.79,0.639000,1.00,-3202.681,269.528,0.266773,0.698390
398,1N5G,28.95,0.330100,1.00,-2781.308,260.157,0.760860,0.298780
399,1N6T,45.00,0.442700,1.00,-284.465,43.031,0.490856,0.175160
400,1N8M,86.18,0.651300,1.00,-2814.416,218.292,0.199297,0.713240
401,1N9U,60.00,0.537100,1.00,-429.461,38.892,0.407335,0.337260
402,1NB1,92.24,0.764400,1.00,-2022.106,264.279,0.120849,0.694730
403,1NBJ,55.83,0.504700,1.00,-2358.863,239.103,0.560946,0.330300
404,1NBL,42.39,0.402800,1.00,-2937.649,434.534,0.672926,0.355420
405,1NC8,75.00,0.652600,1.00,-1301.511,145.800,0.474374,0.577480
406,1NCS,84.57,0.661100,1.00,-3863.128,311.564,0.196398,0.762250
407,1ND9,28.06,0.505700,1.00,-3373.115,113.386,1.536404,0.272500
408,1NE5,73.81,0.533200,1.00,-3124.674,212.008,0.343860,0.641910
409,1NIZ,59.38,0.517500,1.00,-555.502,91.043,0.348957,0.220780
410,1NJ0,62.50,0.546500,1.00,-555.502,91.043,0.307938,0.205270
411,1NJ3,36.29,0.407700,1.00,-1714.501,112.814,1.169974,0.346310
412,1NMJ,66.07,0.543200,1.00,-1740.046,94.938,0.350445,0.391640
413,1NZS,30.26,0.552100,1.00,-400.377,94.113,1.007758,0.159520
414,1O53,85.00,0.632600,1.00,-796.171,29.952,0.216504,0.448910
415,1O8Y,96.43,0.746600,1.00,-593.981,62.536,0.077789,0.421760
416,1O8Z,94.64,0.768000,1.00,-593.981,62.536,0.091525,0.351600
417,1OAV,44.27,0.431100,1.00,-2695.998,271.362,0.780968,0.336250
418,1OAW,40.10,0.419300,1.00,-2695.998,271.362,0.857484,0.326770
419,1ODP,87.50,0.667700,1.00,-1427.286,66.374,0.139124,0.440230
420,1ODQ,86.25,0.670300,1.00,-1427.286,66.374,0.200792,0.393590
421,1ODR,83.75,0.673900,1.00,-1427.286,66.374,0.220345,0.396280
422,1OEF,87.50,0.750700,1.00,-1843.586,50.008,0.127160,0.474060
423,1OEG,80.43,0.729600,1.00,-1764.327,35.527,0.214099,0.448340
424,1OEI,29.17,0.454200,1.00,-419.464,171.496,1.022863,0.173270
425,1OG7,43.02,0.524700,1.00,-2085.381,141.318,0.899238,0.386630
426,1OHM,26.14,0.325500,1.00,-1490.620,323.964,1.253909,0.197720
427,1OHN,42.44,0.504500,1.00,-2085.381,141.318,0.824093,0.380300
428,1OIG,88.54,0.736600,1.00,-1331.524,127.381,0.134724,0.446130
429,1OMA,45.83,0.454300,1.00,-2890.765,378.262,0.850096,0.365050
430,1OMB,38.54,0.437700,1.00,-2890.765,378.262,0.868509,0.301100
431,1OMQ,90.62,0.693000,1.00,-958.976,44.853,0.128702,0.534660
432,1OPP,65.13,0.666900,1.00,-3049.091,88.815,0.425340,0.508370
433,1ORL,82.07,0.654600,1.00,-3213.222,146.601,0.198986,0.740320
434,1ORX,88.54,0.708900,1.00,-1683.879,129.380,0.178447,0.547490
435,1OZZ,80.11,0.696000,1.00,-3304.274,219.844,0.402440,0.695770
436,1P00,80.68,0.683800,1.00,-3220.325,215.845,0.400881,0.696260
437,1P0A,78.98,0.664500,1.00,-3427.899,278.990,0.339049,0.673790
438,1P7A,44.59,0.463200,1.00,-2091.397,209.031,0.803919,0.353860
439,1P82,80.00,0.700300,1.00,-1413.631,75.519,0.337294,0.446160
440,1P83,54.00,0.601400,1.00,-1413.631,75.519,0.759933,0.323540
441,1P8B,83.11,0.704700,1.00,-2660.052,190.444,0.178029,0.652600
442,1P9C,50.00,0.558600,1.00,-2399.333,220.658,0.581255,0.373760
443,1P9F,82.50,0.675000,1.00,-605.809,16.474,0.302716,0.436330
444,1P9Z,59.76,0.502000,1.00,-2988.033,184.536,0.610704,0.474900
445,1PAA,56.67,0.601200,1.00,-1795.489,84.470,0.554262,0.363690
446,1PB5,39.29,0.376200,1.00,-1827.295,197.648,0.706777,0.308400
447,1PDC,40.56,0.362400,1.00,-3712.795,311.567,0.901229,0.301610
448,1PGY,63.83,0.556600,1.00,-4662.747,147.752,0.400992,0.536150
449,1PJV,89.84,0.701500,1.00,-2381.163,129.863,0.165689,0.697680
450,1PLP,58.00,0.651700,1.00,-1464.510,85.436,0.729018,0.371640
451,1PMC,84.03,0.699200,1.00,-1950.436,176.626,0.216935,0.640600
452,1PNH,92.74,0.726400,1.00,-2122.737,133.039,0.094160,0.715960
453,1PP5,53.57,0.570300,1.00,-940.373,120.791,0.575308,0.171270
454,1PSM,61.18,0.613900,1.00,-2687.831,76.759,0.504985,0.496750
455,1PSV,69.64,0.642600,1.00,-2194.260,138.504,0.304816,0.445060
456,1PT4,93.97,0.791600,1.00,-1984.498,183.660,0.085173,0.705750
457,1PV0,87.50,0.737900,1.00,-4435.556,186.870,0.266796,0.772990
458,1PVZ,81.45,0.645400,1.00,-2159.800,170.482,0.352621,0.626890
459,1PX9,73.81,0.564000,1.00,-3124.674,212.008,0.308052,0.587770
460,1PXQ,35.71,0.359800,1.00,-1905.752,123.038,1.060295,0.228300
461,1Q01,26.32,0.393100,1.00,-1255.669,192.104,1.393026,0.222910
462,1Q2F,57.81,0.619600,1.00,-2172.878,106.142,0.477296,0.337330
463,1Q2I,42.97,0.495200,1.00,-2172.878,106.142,0.694898,0.302900
464,1Q2J,64.77,0.520100,1.00,-1357.432,87.560,0.331170,0.217780
465,1Q2K,95.16,0.776900,1.00,-1985.292,128.112,0.089024,0.789670
466,1Q3J,68.06,0.563500,1.00,-2063.871,229.382,0.300823,0.515340
467,1Q3M,55.61,0.544400,1.00,-3674.085,206.326,1.061195,0.482620
468,1Q3Y,23.21,0.254400,1.00,-2196.283,223.100,1.222349,0.179310
469,1Q3Z,22.62,0.263200,1.00,-2196.283,223.100,1.092868,0.165770
470,1Q71,66.67,0.595100,1.00,-940.373,120.791,0.564733,0.271080
471,1QCM,93.18,0.780300,1.00,-411.799,27.457,0.173806,0.465690
472,1QDP,28.57,0.358400,1.00,-2436.588,303.493,0.845894,0.272620
473,1QFD,88.28,0.711100,1.00,-2277.239,189.580,0.109021,0.692660
474,1QG9,82.14,0.712400,1.00,-1668.782,37.193,0.347578,0.475770
475,1QGM,64.17,0.543600,1.00,-2058.329,158.986,0.525530,0.457060
476,1QHK,75.00,0.636200,1.00,-4244.094,134.989,0.276950,0.594390
477,1QJK,43.75,0.446500,1.00,-2608.496,180.677,0.793350,0.252790
478,1QJL,44.64,0.464600,1.00,-1774.879,179.156,0.752603,0.209630
479,1QK6,91.67,0.739200,1.00,-2247.039,190.295,0.113084,0.727070
480,1QK7,77.34,0.584400,1.00,-2028.843,189.934,0.373219,0.520790
481,1QKY,71.71,0.554300,1.00,-2927.512,223.850,0.305148,0.531950
482,1QLO,52.21,0.457500,1.00,-2654.174,84.526,0.575456,0.336020
483,1QWP,88.64,0.712500,1.00,-411.799,27.457,0.111266,0.392390
484,1QXC,50.00,0.478500,1.00,-411.799,27.457,0.436828,0.300520
485,1QYT,75.00,0.669000,1.00,-411.799,27.457,0.220879,0.316530
486,1R02,50.00,0.512500,1.00,-2267.150,75.240,0.701976,0.314810
487,1R1F,68.24,0.547800,1.00,-2618.541,199.637,0.381079,0.495120
488,1R7C,71.77,0.731400,1.00,-2743.376,62.613,0.347659,0.565530
489,1R7D,69.35,0.699500,1.00,-2743.376,62.613,0.306179,0.509740
490,1R7E,82.26,0.718700,1.00,-2743.376,62.613,0.260971,0.615520
491,1R7F,70.16,0.618300,1.00,-2743.376,62.613,0.301342,0.438620
492,1R7G,73.39,0.691900,1.00,-2743.376,62.613,0.309870,0.501370
493,1R8T,63.33,0.531000,1.00,-640.312,100.090,0.367921,0.205540
494,1R9I,38.64,0.399800,1.00,-1214.100,143.438,0.668694,0.190090
495,1RES,32.56,0.598200,1.00,-2904.439,89.516,1.615162,0.274270
496,1RET,33.14,0.598700,1.00,-2904.439,89.516,1.632803,0.286620
497,1RG3,71.88,0.626800,1.00,-1081.318,46.847,0.410724,0.361220
498,1RG4,76.56,0.664200,1.00,-1081.318,46.847,0.320759,0.411480
499,1RIJ,92.39,0.730800,1.00,-1205.439,67.996,0.119111,0.465330
500,1RIK,50.00,0.541600,1.00,-1661.278,100.532,0.927180,0.314870
501,1RIM,35.61,0.448800,1.00,-1371.090,295.758,0.821468,0.213010
502,1RJI,79.03,0.637000,1.00,-2114.305,215.167,0.262267,0.489970
503,1RKL,57.64,0.618900,1.00,-2943.679,81.897,0.582211,0.487610
504,1RMK,52.42,0.487500,1.00,-2661.275,161.692,0.634627,0.323200
505,1RO3,31.63,0.351000,1.00,-2627.680,362.504,1.209487,0.270800
506,1ROO,42.86,0.406400,1.00,-2787.107,149.779,0.722600,0.315150
507,1RPB,34.52,0.473800,1.00,-1123.729,99.802,0.887060,0.137110
508,1RPC,33.33,0.468800,1.00,-1123.729,99.802,0.857971,0.164160
509,1RSW,37.50,0.443800,1.00,-262.183,44.711,0.670466,0.243960
510,1RSX,39.58,0.510500,1.00,-262.183,44.711,0.730483,0.280690
511,1RT0,35.42,0.470700,1.00,-262.183,44.711,0.740105,0.195070
512,1S4H,59.62,0.559500,1.00,-175.142,70.858,0.422725,0.223400
513,1S4J,34.62,0.497800,1.00,-152.464,66.112,0.705241,0.203230
514,1S4T,47.62,0.514800,1.00,-1382.674,83.875,0.672176,0.193300
515,1S4W,33.75,0.456700,1.00,-208.024,178.815,0.837503,0.168900
516,1S6W,53.57,0.480400,1.00,-1291.024,157.764,0.438061,0.155430
517,1S6X,86.76,0.695700,1.00,-2467.842,167.992,0.247309,0.683320
518,1SBU,61.36,0.604400,1.00,-382.221,35.359,0.692119,0.409300
519,1SCO,82.24,0.657200,1.00,-2838.477,222.508,0.164676,0.628320
520,1SH1,36.98,0.386000,1.00,-2102.849,438.838,0.905718,0.482130
521,1SKH,73.33,0.634600,1.00,-2100.150,66.154,0.382534,0.525910
522,1SMZ,72.22,0.709400,1.00,-1814.768,55.481,0.356391,0.459640
523,1SOL,77.50,0.580100,1.00,-760.849,77.496,0.297193,0.400640
524,1SP1,52.59,0.546500,1.00,-1379.320,112.387,1.007599,0.397000
525,1SP2,67.74,0.500600,1.00,-2082.942,131.690,0.495183,0.518420
526,1SP7,84.38,0.707700,1.00,-1788.944,188.105,0.229190,0.593100
527,1SPF,80.00,0.773500,1.00,-2160.535,128.545,0.480770,0.683050
528,1SPW,85.26,0.653700,1.00,-3335.539,242.838,0.228398,0.731840
529,1SRB,83.33,0.618200,1.00,-1469.962,132.940,0.283077,0.305860
530,1SRK,70.71,0.636000,1.00,-2439.668,113.663,0.404120,0.515620
531,1SSL,63.02,0.542000,1.00,-3759.429,312.452,0.402700,0.458330
532,1SUT,17.05,0.438600,1.00,-729.577,121.449,1.126534,0.103390
533,1SX0,44.32,0.487200,1.00,-974.367,106.483,0.590734,0.201440
534,1SX1,43.18,0.474200,1.00,-974.367,106.483,0.597780,0.136780
535,1T0C,27.42,0.497300,1.00,-816.034,180.501,1.243539,0.183780
536,1T2Y,42.00,0.474900,1.00,-1235.125,168.474,0.725650,0.142010
537,1T5M,55.77,0.554100,1.00,-300.009,102.463,0.369210,0.153320
538,1T5N,42.31,0.514200,1.00,-300.009,102.463,0.511488,0.112360
539,1T5Q,77.50,0.755400,1.00,-2393.605,44.115,0.262177,0.598050
540,1T9E,53.57,0.697700,1.00,-412.198,58.762,1.035292,0.228870
541,1TI5,89.67,0.723400,1.00,-3617.775,199.172,0.123710,0.797480
542,1TM6,53.41,0.534100,1.00,-1047.948,85.881,0.773343,0.213800
543,1TMR,92.11,0.730200,1.00,-1125.894,80.671,0.103666,0.377090
544,1TOR,67.50,0.521200,1.00,-269.256,45.403,0.293439,0.300280
545,1TOS,77.50,0.617300,1.00,-280.963,30.664,0.371088,0.448380
546,1TSK,83.57,0.651700,1.00,-2441.483,203.252,0.144898,0.648060
547,1TV0,42.19,0.395500,1.00,-2134.038,194.772,0.736548,0.301360
548,1TYK,65.44,0.548700,1.00,-2246.660,191.331,0.327875,0.396290
549,1U0P,53.70,0.461500,1.00,-1732.554,117.798,0.675808,0.347960
550,1U57,60.42,0.691700,1.00,-2850.789,189.155,0.558853,0.525710
551,1U6U,66.18,0.544300,1.00,-749.215,83.161,0.342535,0.213880
552,1U6V,67.65,0.566800,1.00,-749.215,83.161,0.336507,0.184440
553,1U85,31.06,0.438600,1.00,-1725.200,157.733,0.763722,0.283690
554,1U86,31.43,0.426100,1.00,-1874.710,228.482,1.034594,0.325470
555,1UAO,90.00,0.693500,1.00,-363.203,87.954,0.193872,0.473260
556,1UJL,39.29,0.523600,1.00,-1950.994,231.877,0.776003,0.271580
557,1UT3,40.79,0.353600,1.00,-2618.472,255.743,0.657244,0.253340
558,1UYA,48.44,0.486900,1.00,-525.452,61.837,0.536049,0.177020
559,1UYB,43.75,0.491000,1.00,-525.452,61.837,0.541986,0.144800
560,1V1D,83.87,0.720300,1.00,-2425.391,104.925,0.188761,0.584550
561,1V28,78.26,0.654200,1.00,-1076.271,96.236,0.467942,0.463840
562,1V4Z,69.74,0.672400,1.00,-988.309,56.480,0.381044,0.387890
563,1V50,71.05,0.640800,1.00,-988.309,56.480,0.328711,0.386210
564,1V5A,89.29,0.709200,1.00,-1698.816,144.735,0.141537,0.575620
565,1V6R,60.71,0.491100,1.00,-1496.438,87.194,0.490675,0.204060
566,1V92,80.98,0.703500,1.00,-4831.249,108.420,0.157892,0.695520
567,1VA1,38.51,0.560400,1.00,-1681.727,219.805,1.054107,0.329610
568,1VA2,66.13,0.517100,1.00,-2082.942,131.690,0.449386,0.487700
569,1VA3,50.86,0.547300,1.00,-1379.320,112.387,1.054949,0.367560
570,1VB8,33.33,0.423900,1.00,-1558.802,137.155,0.981098,0.204690
571,1VD7,67.39,0.542700,1.00,-1625.162,43.716,0.441293,0.344180
572,1VD8,64.13,0.469700,1.00,-1671.458,66.487,0.412716,0.272500
573,1VD9,75.00,0.598400,1.00,-1667.008,40.614,0.412924,0.425930
574,1VDA,60.87,0.536500,1.00,-1663.214,56.680,0.707550,0.338450
575,1VDB,79.35,0.718500,1.00,-1625.162,43.716,0.200327,0.447810
576,1VII,83.33,0.696600,1.00,-2946.443,116.825,0.218910,0.648000
577,1VPC,58.89,0.623600,1.00,-3191.103,131.612,0.541775,0.567480
578,1VPU,35.00,0.559200,1.00,-2592.396,121.178,1.145200,0.315620
579,1VQX,31.58,0.568700,1.00,-400.377,94.113,0.977954,0.137480
580,1VTP,73.08,0.690400,1.00,-1743.729,45.409,0.333994,0.463240
581,1VTX,32.14,0.304400,1.00,-3091.400,261.843,0.712632,0.270620
582,1W1N,72.73,0.602600,1.00,-2539.683,111.772,0.337609,0.561010
583,1W4E,93.09,0.740700,1.00,-3860.665,169.541,0.144665,0.843040
584,1W4F,89.89,0.754300,1.00,-3860.665,169.541,0.191230,0.801720
585,1W4G,51.60,0.607200,1.00,-3268.155,140.218,0.659896,0.428320
586,1W4H,87.23,0.717500,1.00,-3738.044,136.217,0.414921,0.799210
587,1WAZ,47.83,0.616000,1.00,-3924.937,88.508,1.829347,0.434140
588,1WCT,55.77,0.531200,1.00,-393.170,57.380,0.436408,0.183250
589,1WM7,68.97,0.613600,1.00,-1800.649,186.180,0.307558,0.367550
590,1WM8,67.86,0.508200,1.00,-1611.430,191.555,0.302037,0.378420
591,1WMT,82.93,0.663900,1.00,-3449.164,210.620,0.237047,0.706490
592,1WN4,60.71,0.627200,1.00,-1188.619,160.541,0.611896,0.386950
593,1WN8,87.50,0.692400,1.00,-1568.188,38.135,0.199834,0.521700
594,1WNK,91.30,0.719900,1.00,-1667.008,40.614,0.143193,0.582380
595,1WNM,95.65,0.735000,1.00,-1671.458,66.487,0.085757,0.611830
596,1WNN,90.22,0.695600,1.00,-1663.214,56.680,0.261780,0.582220
597,1WO3,68.00,0.581000,1.00,-1016.446,574.170,0.319366,0.323560
598,1WO4,64.00,0.563500,1.00,-1359.654,118.957,0.391625,0.376130
599,1WO5,41.00,0.584700,1.00,-1606.595,52.022,0.934301,0.249950
600,1WO6,67.00,0.496200,1.00,-1498.250,91.071,0.380812,0.332820
601,1WO7,65.00,0.515200,1.00,-1314.582,139.121,0.359896,0.304920
602,1WO9,76.43,0.657500,1.00,-1721.733,161.010,0.375860,0.571270
603,1WPD,61.03,0.513700,1.00,-2346.895,159.443,0.490001,0.374100
604,1WQB,82.81,0.675300,1.00,-1948.257,138.058,0.220429,0.616460
605,1WQC,79.81,0.595500,1.00,-1790.057,84.372,0.515267,0.489910
606,1WQD,82.41,0.672300,1.00,-1974.261,96.234,0.186309,0.515690
607,1WQE,98.91,0.796400,1.00,-1445.912,70.138,0.062634,0.663590
608,1WQK,42.26,0.390700,1.00,-3222.656,217.720,0.867814,0.471440
609,1WR3,77.78,0.675100,1.00,-2096.317,164.779,0.345582,0.590050
610,1WR4,77.08,0.717500,1.00,-2007.261,191.767,0.472842,0.637670
611,1WR7,81.71,0.744800,1.00,-2633.712,193.569,0.425023,0.694240
612,1WT7,67.07,0.547100,1.00,-3260.604,188.885,0.397581,0.507030
613,1WT8,83.06,0.647500,1.00,-2155.578,225.024,0.200458,0.562940
614,1WXN,31.55,0.381900,1.00,-2665.004,314.687,1.025347,0.276120
615,1WZ4,47.83,0.542100,1.00,-1487.244,96.506,0.536070,0.260500
616,1WZ5,65.71,0.513100,1.00,-2186.555,192.591,0.340867,0.451510
617,1X22,67.86,0.747500,1.00,-2241.669,113.891,0.505373,0.589490
618,1X32,37.77,0.432100,1.00,-3242.434,291.771,0.766795,0.271090
619,1X5V,79.41,0.631200,1.00,-2392.081,183.907,0.214635,0.548780
620,1X7K,76.32,0.598200,1.00,-1063.287,104.905,0.226719,0.261250
621,1XBH,57.69,0.504100,1.00,-590.389,66.372,0.342168,0.242930
622,1XC0,65.91,0.623600,1.00,-1772.969,112.892,0.397558,0.489590
623,1XF7,72.41,0.584800,1.00,-1844.319,131.011,0.263095,0.396760
624,1XOO,77.50,0.721700,1.00,-1352.208,18.372,0.285738,0.314920
625,1XOP,77.50,0.670900,1.00,-1300.735,20.471,0.264798,0.336650
626,1XRZ,61.67,0.505600,1.00,-1630.480,126.386,0.579735,0.380910
627,1XT7,44.23,0.520300,1.00,-300.009,102.463,0.521555,0.144060
628,1XUT,28.26,0.324800,1.00,-3693.434,196.559,1.023051,0.245890
629,1XV3,43.09,0.504500,1.00,-2956.176,281.193,1.029821,0.318630
630,1XXZ,63.64,0.472800,1.00,-372.696,57.807,0.242897,0.285220
631,1XY4,81.25,0.598800,1.00,-505.599,73.094,0.166990,0.237690
632,1XY6,66.67,0.575700,1.00,-587.586,50.626,0.315206,0.256430
633,1XY8,71.15,0.489900,1.00,-723.992,63.530,0.222539,0.330740
634,1XY9,56.82,0.458000,1.00,-388.871,56.337,0.301613,0.256720
635,1Y03,82.14,0.767400,1.00,-1325.138,45.749,0.194158,0.651720
636,1Y04,66.43,0.799900,1.00,-1325.138,45.749,0.603394,0.484940
637,1Y1B,31.77,0.435900,1.00,-3080.378,323.085,0.920848,0.221840
638,1Y1C,31.77,0.410000,1.00,-3570.997,250.240,0.871201,0.278480
639,1Y29,90.18,0.744500,1.00,-1760.096,126.382,0.120425,0.630900
640,1Y2P,86.76,0.713700,1.00,-2149.632,159.765,0.161990,0.681990
641,1Y32,77.08,0.681400,1.00,-1344.374,64.524,0.349601,0.434950
642,1Y4E,48.15,0.551800,1.00,-1815.953,96.162,0.542914,0.226440
643,1Y5C,75.00,0.484500,1.00,-508.644,60.438,0.326154,0.344440
644,1YIU,72.30,0.709600,1.00,-2413.951,157.797,0.393221,0.543650
645,1YMZ,78.49,0.695600,1.00,-2371.314,272.586,0.249766,0.663000
646,1YP8,80.30,0.662200,1.00,-2185.737,251.295,0.221114,0.559700
647,1YT6,80.00,0.642000,1.00,-457.782,36.328,0.184007,0.410580
648,1YTR,73.08,0.642400,1.00,-1394.769,112.732,0.261793,0.392380
649,1YV8,33.15,0.356400,1.00,-3649.578,236.824,0.970224,0.391510
650,1YVA,33.15,0.357600,1.00,-3649.578,236.824,0.962907,0.359240
651,1YWJ,60.98,0.510200,1.00,-2344.958,360.692,0.675200,0.495620
652,1YYB,79.63,0.705600,1.00,-1754.474,77.444,0.246014,0.462790
653,1Z0Q,49.40,0.599500,1.00,-2322.889,91.682,0.668603,0.406620
654,1Z2T,76.09,0.592200,1.00,-1865.969,47.085,0.423691,0.490320
655,1Z65,71.67,0.604000,1.00,-2010.824,97.415,0.360870,0.465530
656,1Z6V,41.84,0.393200,1.00,-3536.815,218.358,1.062897,0.345980
657,1Z6W,26.53,0.323300,1.00,-3536.815,218.358,0.992987,0.249550
658,1Z99,32.14,0.395000,1.00,-1877.573,222.525,1.248046,0.235580
659,1ZA8,73.39,0.598400,1.00,-2139.283,246.336,0.301853,0.513190
660,1ZAQ,32.39,0.341300,1.00,-3670.526,285.798,0.942128,0.270640
661,1ZDA,78.29,0.614800,1.00,-2722.589,117.004,0.469072,0.651460
662,1ZDB,75.00,0.646400,1.00,-2722.589,117.004,0.229986,0.579740
663,1ZFD,47.66,0.483900,1.00,-2249.461,133.347,0.984931,0.403040
664,1ZFU,80.62,0.642900,1.00,-2566.197,258.599,0.221630,0.647600
665,1ZJQ,69.12,0.614700,1.00,-2255.870,287.797,0.414885,0.515550
666,1ZNM,34.82,0.357300,1.00,-1680.557,162.300,0.735830,0.263790
667,1ZNU,93.97,0.740400,1.00,-2027.450,245.548,0.115361,0.677040
668,1ZR7,92.50,0.750100,1.00,-1697.308,144.682,0.185360,0.742120
669,1ZRV,74.00,0.688800,1.00,-1784.904,51.766,0.266168,0.355160
670,1ZRW,67.00,0.612400,1.00,-1784.904,51.766,0.400036,0.302880
671,1ZRX,58.93,0.669400,1.00,-2546.168,68.564,0.522755,0.477600
672,1ZTA,82.14,0.696800,1.00,-2762.548,56.596,0.267203,0.709940
673,1ZTN,30.00,0.416800,1.00,-1114.470,168.666,1.059368,0.159730
674,1ZTO,48.65,0.630900,1.00,-1812.657,178.000,0.888221,0.344160
675,1ZUE,47.02,0.483300,1.00,-2806.708,283.621,0.639388,0.405440
676,1ZUF,51.19,0.480100,1.00,-2806.708,283.621,0.632370,0.383700
677,1ZUV,85.00,0.683400,1.00,-1976.062,130.417,0.262256,0.627870
678,1ZWA,41.18,0.553700,1.00,-2741.532,66.674,0.927168,0.308210
679,1ZWB,47.22,0.566400,1.00,-2897.621,76.385,1.019169,0.410360
680,1ZWC,47.30,0.591000,1.00,-3035.069,67.083,0.682668,0.352690
681,1ZWD,40.71,0.558200,1.00,-2925.620,71.649,0.691210,0.308470
682,1ZWE,48.53,0.541800,1.00,-2713.735,76.604,0.718930,0.388540
683,1ZWU,90.83,0.769300,1.00,-1846.137,121.344,0.115146,0.685860
684,2A1C,72.06,0.518600,1.00,-1350.076,40.723,0.320342,0.316070
685,2A2B,40.24,0.463900,1.00,-1892.951,246.180,1.019838,0.341190
686,2A2V,46.32,0.403900,1.00,-2317.838,150.743,0.476164,0.345180
687,2A51,54.49,0.495200,1.00,-2616.481,176.161,0.650021,0.426460
688,2AAP,66.91,0.591800,1.00,-2255.870,287.797,0.451761,0.482970
689,2AB3,47.41,0.457500,1.00,-1786.692,87.856,1.062868,0.350980
690,2AB7,90.52,0.672900,1.00,-1855.642,122.280,0.109933,0.663440
691,2AB9,25.81,0.354800,1.00,-1462.137,139.321,1.070218,0.172100
692,2ADX,48.75,0.474800,1.00,-2369.304,240.253,0.618935,0.322390
693,2AJJ,83.93,0.716000,1.00,-2086.045,43.137,0.175346,0.539490
694,2AJM,83.93,0.695600,1.00,-2086.045,43.137,0.222010,0.607750
695,2AJN,85.71,0.687300,1.00,-2086.045,43.137,0.151663,0.535550
696,2AJO,83.93,0.695600,1.00,-2086.045,43.137,0.222010,0.607750
697,2AJW,75.00,0.681200,1.00,-1144.326,149.255,0.403628,0.316720
698,2AK0,81.52,0.701500,1.00,-1220.334,121.850,0.245029,0.415210
699,2AMN,61.54,0.611300,1.00,-1924.441,55.883,0.484919,0.341290
700,2AP7,87.50,0.771500,1.00,-968.460,33.826,0.173694,0.456780
701,2AP8,87.50,0.728000,1.00,-968.460,33.826,0.216203,0.543140
702,2ARI,57.69,0.578000,1.00,-2222.102,74.017,0.666497,0.461620
703,2ATG,81.94,0.664800,1.00,-952.383,73.505,0.197997,0.300480
704,2AXK,84.87,0.697100,1.00,-3092.651,183.936,0.135892,0.703590
705,2B0Y,77.94,0.544100,1.00,-1060.819,63.436,0.358521,0.362330
706,2B19,53.47,0.488800,1.00,-2227.583,171.124,0.922120,0.442650
707,2B38,81.45,0.680400,1.00,-2021.987,170.042,0.337459,0.634050
708,2B4N,42.26,0.544100,1.00,-2189.196,263.827,0.938537,0.441790
709,2B5B,29.86,0.395700,1.00,-2416.584,184.438,0.953577,0.219630
710,2B5P,59.09,0.467500,1.00,-437.156,62.647,0.268489,0.139370
711,2B5Q,65.91,0.494200,1.00,-437.156,62.647,0.433058,0.236370
712,2B68,29.07,0.338100,1.00,-2613.572,286.439,1.120898,0.255510
713,2B9K,45.74,0.460400,1.00,-3633.454,243.166,0.905370,0.326750
714,2BAI,39.06,0.331300,1.00,-2402.248,83.164,0.844621,0.211750
715,2BAO,87.50,0.654400,1.00,-524.184,25.014,0.139885,0.514290
716,2BAU,77.50,0.593400,1.00,-524.184,25.014,0.266508,0.393180
717,2BBG,35.62,0.368200,1.00,-2869.542,303.978,0.837393,0.321220
718,2BBL,35.23,0.513800,1.00,-689.889,156.614,0.960414,0.151380
719,2BBP,32.95,0.524500,1.00,-689.889,156.614,1.179779,0.100950
720,2BBX,29.59,0.293900,1.00,-3139.856,271.053,1.148272,0.349420
723,2BDS,34.88,0.350400,1.00,-3117.729,226.652,0.973599,0.298860
724,2BEY,76.56,0.694400,1.00,-495.383,61.879,0.450262,0.314980
725,2BL6,26.35,0.310600,1.00,-2166.752,170.066,0.985663,0.196780
726,2BMT,98.65,0.759300,1.00,-2987.183,191.486,0.060715,0.892540
727,2BN6,74.24,0.653100,1.00,-2727.801,78.159,0.309874,0.539830
728,2BP4,32.81,0.339300,1.00,-539.218,66.974,0.770530,0.209040
729,2BTG,65.43,0.542800,1.00,-3702.293,227.313,0.464021,0.502900
730,2BTH,63.83,0.545500,1.00,-3702.293,227.313,0.422891,0.510920
731,2C6A,29.35,0.370500,1.00,-3246.989,225.774,1.110009,0.273220
732,2C6B,29.89,0.375700,1.00,-3246.989,225.774,1.114028,0.266140
733,2CBH,89.58,0.736100,1.00,-2263.774,158.203,0.126956,0.724220
734,2CEF,38.16,0.488800,1.00,-620.379,106.298,0.712434,0.056540
735,2CEH,50.00,0.554000,1.00,-620.379,106.298,0.568139,0.130740
736,2CEZ,44.74,0.540000,1.00,-620.379,106.298,0.590078,0.235810
737,2CFJ,42.11,0.540400,1.00,-620.379,106.298,0.769808,0.139460
738,2CK4,84.87,0.715000,1.00,-2878.066,189.139,0.134923,0.678750
739,2CK5,85.48,0.688700,1.00,-2049.829,132.890,0.160285,0.595290
740,2CQ7,32.65,0.475900,1.00,-2732.649,206.825,0.851696,0.241490
741,2CRD,91.22,0.678200,1.00,-2924.522,177.799,0.126203,0.751930
742,2CSA,34.21,0.532900,1.00,-494.265,80.355,1.072702,0.175680
743,2CTI,93.97,0.757200,1.00,-1984.051,145.321,0.115838,0.715970
744,2CYU,76.25,0.579800,1.00,-3186.965,115.506,0.396333,0.602790
745,2DCI,62.50,0.596300,1.00,-1151.342,67.072,0.421428,0.232290
746,2DCO,44.85,0.388200,1.00,-2628.145,193.356,0.861582,0.277490
747,2DCV,87.50,0.717500,1.00,-2898.514,233.101,0.197654,0.748350
748,2DCW,86.31,0.667000,1.00,-2930.728,257.961,0.159683,0.725020
749,2DDL,69.70,0.616100,1.00,-2613.861,110.164,0.348031,0.426350
750,2DI2,75.00,0.656600,1.00,-1344.574,118.351,0.404098,0.526160
751,2DJ9,71.74,0.589500,1.00,-1157.231,89.599,0.486754,0.406580
752,2DJC,81.52,0.650200,1.00,-1173.663,89.809,0.269863,0.440420
753,2DMV,68.02,0.685000,1.00,-2432.721,210.400,0.672914,0.583270
754,2DQ5,26.06,0.324200,1.00,-3382.303,247.693,1.217524,0.245530
755,2DTB,79.81,0.735900,1.00,-1841.038,37.750,0.199285,0.562250
756,2DWF,74.26,0.582900,1.00,-2751.655,192.812,0.259901,0.509580
757,2DX2,43.18,0.453000,1.00,-363.645,44.180,0.417913,0.272260
758,2DX3,77.78,0.685000,1.00,-1144.903,33.433,0.179694,0.268100
759,2DX4,36.11,0.357200,1.00,-1144.903,33.433,0.840856,0.143730
760,2E1X,70.37,0.596500,1.00,-1255.215,127.937,0.405707,0.427100
761,2E2F,69.51,0.570700,1.00,-3037.680,313.428,0.280580,0.544960
762,2E3E,47.22,0.462100,1.00,-3407.367,229.353,0.702349,0.356100
763,2E3F,38.95,0.373200,1.00,-3210.193,285.867,0.854930,0.317350
764,2E3G,66.25,0.530100,1.00,-3350.617,172.522,0.671722,0.523230
765,2E4E,97.50,0.738700,1.00,-402.213,39.659,0.074302,0.530780
766,2E5T,49.46,0.665900,1.00,-3591.946,77.878,1.802223,0.488630
767,2E5U,51.25,0.615400,1.00,-3097.182,78.261,0.598170,0.453060
768,2E72,36.73,0.478400,1.00,-2185.786,357.502,0.916556,0.265890
769,2EBQ,21.81,0.315900,1.00,-3033.486,304.005,1.042953,0.229700
770,2EBR,28.19,0.351300,1.00,-2457.077,265.105,0.895817,0.253190
771,2EC7,42.35,0.522600,1.00,-2487.774,227.987,0.862222,0.321630
772,2EEM,97.06,0.795600,1.00,-2782.670,124.717,0.070349,0.837220
773,2EFZ,65.62,0.531800,1.00,-952.448,69.452,0.311869,0.258090
774,2EKK,87.77,0.770600,1.00,-3986.686,136.020,0.332504,0.770640
775,2EL4,19.57,0.547300,1.00,-1347.415,253.320,2.069960,0.225880
776,2EL5,77.38,0.764300,1.00,-2091.904,182.768,0.440971,0.626660
777,2EL6,22.83,0.532000,1.00,-1369.695,245.996,1.756743,0.205550
778,2ELM,45.27,0.463000,1.00,-2106.228,206.694,0.794926,0.307960
779,2ELN,32.89,0.428300,1.00,-1565.592,227.649,1.347631,0.223790
780,2ELO,76.35,0.735600,1.00,-2156.434,184.474,0.379466,0.600280
781,2ELP,69.59,0.650200,1.00,-2510.609,160.237,0.483124,0.560880
782,2ELQ,38.89,0.508800,1.00,-2054.615,146.578,0.973799,0.327380
783,2ELR,79.17,0.769200,1.00,-1564.086,109.390,0.470961,0.661350
784,2ELS,81.94,0.735600,1.00,-2411.047,147.392,0.382461,0.683040
785,2ELT,39.58,0.526600,1.00,-1862.311,139.714,0.930396,0.321280
786,2ELU,36.49,0.478300,1.00,-2119.201,97.938,0.969760,0.310810
787,2ELV,38.19,0.443300,1.00,-2202.817,110.236,0.835549,0.289480
788,2ELW,37.84,0.475400,1.00,-2179.702,146.350,0.844316,0.314330
789,2ELX,42.86,0.523400,1.00,-2161.214,63.000,0.894886,0.312460
790,2ELY,41.30,0.424700,1.00,-1920.354,255.590,1.269019,0.362870
791,2ELZ,29.35,0.428400,1.00,-1705.657,263.994,1.651655,0.204650
792,2EM0,21.74,0.503900,1.00,-1265.322,243.987,1.850419,0.188780
793,2EM1,23.30,0.479300,1.00,-1409.126,242.181,1.991472,0.251480
794,2EM2,60.33,0.652400,1.00,-2255.632,199.445,0.639278,0.525270
795,2EM3,58.15,0.625400,1.00,-2100.777,303.490,1.145678,0.510610
796,2EM4,38.59,0.391600,1.00,-2074.372,208.629,0.860000,0.289910
797,2EM5,26.63,0.335600,1.00,-1748.630,248.930,1.320567,0.226910
798,2EM6,64.13,0.736800,1.00,-2072.430,192.438,0.869117,0.540860
799,2EM7,28.80,0.325300,1.00,-1967.192,233.410,1.197103,0.227370
800,2EM8,65.22,0.733700,1.00,-2299.969,199.272,0.622901,0.570600
801,2EM9,39.13,0.403400,1.00,-2488.967,353.812,0.970907,0.259890
802,2EMA,67.93,0.709500,1.00,-2122.048,254.281,0.571629,0.574350
803,2EMB,32.95,0.556100,1.00,-1788.675,227.419,1.439050,0.250240
804,2EMC,59.78,0.713300,1.00,-2211.141,281.481,0.881133,0.553880
805,2EME,62.50,0.755200,1.00,-2314.473,242.808,0.678820,0.557860
806,2EMF,68.48,0.736300,1.00,-1997.278,294.780,0.656583,0.596610
807,2EMG,58.15,0.699400,1.00,-2330.038,207.626,0.888129,0.525210
808,2EMH,59.24,0.693400,1.00,-2385.361,220.140,0.804762,0.519850
809,2EMI,57.07,0.679700,1.00,-2300.663,203.300,0.854821,0.493360
810,2EMJ,57.07,0.725000,1.00,-2097.873,171.618,0.736319,0.487370
811,2EMK,59.24,0.632100,1.00,-2188.648,221.417,0.988073,0.506370
812,2EML,60.87,0.712000,1.00,-2138.613,247.236,0.816813,0.530070
813,2EMM,63.04,0.695100,1.00,-2083.018,207.935,0.693068,0.533130
814,2EMP,31.52,0.374800,1.00,-2064.969,203.177,1.175967,0.205190
815,2EMV,30.68,0.502200,1.00,-1581.176,208.278,1.302818,0.254800
816,2EMW,68.18,0.710600,1.00,-2288.157,153.763,0.655545,0.582450
817,2EMX,63.07,0.694200,1.00,-2109.666,165.103,0.748094,0.535930
818,2EMY,63.59,0.735500,1.00,-2232.688,248.111,0.755509,0.551390
819,2EMZ,58.70,0.655700,1.00,-2118.337,220.638,0.892170,0.536060
820,2EN0,66.67,0.743800,1.00,-2216.818,173.069,0.861890,0.591840
821,2EN1,64.67,0.718600,1.00,-1969.565,261.635,0.640951,0.548070
822,2EN2,63.69,0.748400,1.00,-2272.635,142.904,0.931307,0.553810
823,2EN3,49.46,0.451100,1.00,-2880.149,265.749,0.938932,0.405820
824,2EN4,60.87,0.657500,1.00,-2172.445,181.829,1.003983,0.534490
825,2EN6,65.76,0.727200,1.00,-1962.823,273.141,0.599143,0.527230
826,2EN7,63.07,0.684300,1.00,-2203.585,181.053,0.679231,0.517900
827,2EN8,28.26,0.295700,1.00,-2253.005,242.390,1.329909,0.280420
828,2EN9,45.11,0.563400,1.00,-1897.812,248.477,0.909680,0.282340
829,2ENA,26.09,0.475300,1.00,-1980.062,228.485,1.882270,0.303700
830,2ENC,41.85,0.488300,1.00,-1967.070,318.275,0.860449,0.294520
831,2ENE,58.15,0.647900,1.00,-2220.527,228.389,1.063148,0.524850
832,2ENF,57.07,0.643100,1.00,-2211.033,213.094,0.955975,0.503610
833,2ENH,57.61,0.610700,1.00,-2218.506,264.147,1.077741,0.499230
834,2ENT,61.46,0.657700,1.00,-2419.123,253.337,0.885510,0.541810
835,2EOE,60.33,0.707500,1.00,-2189.190,277.042,0.878370,0.531190
836,2EOF,26.70,0.443200,1.00,-1665.692,324.157,1.061950,0.296170
837,2EOG,63.07,0.690700,1.00,-2221.124,249.657,0.794595,0.536500
838,2EOH,55.43,0.514300,1.00,-2142.907,253.440,0.929083,0.455520
839,2EOI,50.00,0.553000,1.00,-2309.767,238.466,0.601270,0.333000
840,2EOJ,58.52,0.699700,1.00,-2102.326,217.161,0.790982,0.499220
841,2EOK,64.29,0.661000,1.00,-2316.496,149.411,0.768920,0.558570
842,2EOL,69.05,0.766700,1.00,-2095.655,154.003,0.561786,0.619070
843,2EOM,64.13,0.714200,1.00,-2112.617,241.986,0.896894,0.557300
844,2EON,34.78,0.433500,1.00,-1598.548,206.156,1.024716,0.220010
845,2EOO,63.59,0.656900,1.00,-2592.982,170.220,0.610439,0.517290
846,2EOP,57.61,0.714300,1.00,-2196.812,195.698,1.161035,0.533490
847,2EOQ,30.98,0.355400,1.00,-1882.328,254.844,1.193505,0.241500
848,2EOR,59.78,0.708200,1.00,-2092.324,272.359,0.813221,0.523440
849,2EOS,64.29,0.641700,1.00,-2327.648,185.206,0.721436,0.527680
850,2EOU,61.93,0.734700,1.00,-1934.837,175.751,1.198764,0.550870
851,2EOV,47.28,0.457200,1.00,-2432.430,194.616,0.614744,0.425290
852,2EOW,59.78,0.704800,1.00,-2133.569,172.834,0.601167,0.534660
853,2EOX,19.89,0.508200,1.00,-1378.127,229.792,1.872804,0.187680
854,2EOY,36.96,0.399600,1.00,-2180.412,189.243,1.704163,0.293730
855,2EOZ,33.70,0.550500,1.00,-2419.258,172.404,1.441063,0.320950
856,2EP0,22.83,0.493400,1.00,-1226.037,280.517,2.083354,0.208860
857,2EP1,61.41,0.677200,1.00,-2154.971,198.683,1.061266,0.530390
858,2EP2,59.24,0.688300,1.00,-2132.117,193.298,1.015125,0.524150
859,2EP3,62.50,0.729200,1.00,-2263.025,199.390,1.047889,0.541130
860,2EPC,66.07,0.629500,1.00,-2170.607,147.616,0.901836,0.571100
861,2EPQ,30.56,0.437500,1.00,-1681.480,319.941,1.257740,0.195050
862,2EPR,28.65,0.449900,1.00,-2682.355,227.897,1.097028,0.262240
863,2EPT,35.98,0.484900,1.00,-1395.812,287.271,1.458971,0.184710
864,2EPU,34.44,0.496600,1.00,-1575.145,216.459,1.173370,0.255080
865,2EPV,68.18,0.717300,1.00,-2395.077,155.652,0.446887,0.583720
866,2EPW,30.98,0.427700,1.00,-1718.291,284.060,1.054589,0.257280
867,2EPX,34.04,0.441500,1.00,-2460.542,211.239,0.914438,0.377560
868,2EPY,69.05,0.738300,1.00,-1848.864,172.791,0.836834,0.578950
869,2EPZ,60.87,0.721200,1.00,-1978.610,229.941,0.980777,0.539280
870,2EQ0,63.59,0.721000,1.00,-2162.815,172.345,0.823701,0.553960
871,2EQ1,32.61,0.465700,1.00,-1501.943,409.912,1.382051,0.267410
872,2EQ2,52.72,0.628800,1.00,-1952.452,209.275,0.836332,0.456370
873,2EQ3,58.70,0.697600,1.00,-1958.777,198.154,0.817689,0.498680
874,2EQ4,52.17,0.636400,1.00,-2210.803,182.014,0.787871,0.422730
875,2EQE,30.73,0.389800,1.00,-2525.540,290.332,1.215577,0.278950
876,2EQF,31.52,0.379700,1.00,-2820.206,280.742,0.978626,0.302910
877,2EQG,38.27,0.529400,1.00,-2784.323,227.136,1.012544,0.291000
878,2EQH,77.17,0.640500,1.00,-1174.746,84.420,0.281695,0.358650
879,2EQQ,66.96,0.558300,1.00,-1610.898,157.418,0.465244,0.423750
880,2EQT,66.07,0.602300,1.00,-1610.898,157.418,0.482995,0.485160
881,2EQW,41.67,0.442500,1.00,-2283.557,199.680,1.068385,0.235220
882,2ERI,88.71,0.725400,1.00,-2126.131,213.044,0.230517,0.699960
883,2ESX,57.89,0.454400,1.00,-736.100,112.483,0.347662,0.269500
884,2ESZ,63.16,0.422000,1.00,-736.100,112.483,0.348995,0.310520
885,2ETI,79.46,0.660200,1.00,-1950.858,113.500,0.212835,0.505010
886,2EVQ,91.67,0.717400,1.00,-519.289,56.077,0.168040,0.412000
887,2EYA,33.70,0.353100,1.00,-3484.374,308.736,1.000161,0.430320
888,2EYB,33.70,0.344700,1.00,-3484.374,308.736,1.010399,0.401180
889,2EYC,31.52,0.336800,1.00,-3484.374,308.736,1.032158,0.374200
890,2EYD,31.52,0.337700,1.00,-3484.374,308.736,1.027288,0.362300
891,2F2I,91.38,0.728100,1.00,-1806.282,210.703,0.125071,0.642250
892,2F2J,77.59,0.707700,1.00,-1654.638,170.876,0.380416,0.537290
893,2F5H,51.35,0.440400,1.00,-2046.676,242.979,0.428925,0.352780
896,2FJ4,45.95,0.443600,1.00,-2046.676,242.979,0.509779,0.308950
897,2FJ5,43.92,0.434200,1.00,-2046.676,242.979,0.552306,0.264020
898,2FQA,68.52,0.567400,1.00,-1750.130,156.529,0.349943,0.419000
899,2FR9,76.92,0.635800,1.00,-549.103,57.920,0.185791,0.278730
900,2FRB,61.54,0.495900,1.00,-605.056,116.280,0.436379,0.206300
901,2FXY,86.11,0.676600,1.00,-1186.910,26.570,0.237186,0.420060
902,2FXZ,88.46,0.678800,1.00,-805.341,21.862,0.209091,0.480420
903,2G6U,68.33,0.521300,1.00,-752.392,94.148,0.300230,0.308860
904,2G9L,64.86,0.668400,1.00,-2287.513,105.366,0.512777,0.592730
905,2G9P,60.58,0.679900,1.00,-1525.427,38.596,0.468834,0.490550
906,2GD3,66.67,0.684500,1.00,-1108.949,131.928,0.511215,0.388800
907,2GDL,54.84,0.463500,1.00,-1613.914,169.048,0.426484,0.265450
908,2GFR,77.27,0.560900,1.00,-519.661,48.331,0.228156,0.366810
909,2GJ0,79.03,0.631700,1.00,-2036.938,140.456,0.292408,0.579750
910,2GL1,73.94,0.623700,1.00,-3325.492,236.455,0.425234,0.739580
911,2GOF,56.43,0.556100,1.00,-2241.970,114.329,0.525786,0.529580
912,2GOH,62.86,0.556200,1.00,-2241.970,114.329,0.467478,0.465850
913,2GP8,80.62,0.688600,1.00,-2763.792,89.317,0.219389,0.634900
914,2GQE,37.50,0.365700,1.00,-2173.287,158.943,0.930824,0.270660
915,2GW9,53.91,0.401600,1.00,-2134.038,194.772,0.662886,0.357240
916,2GWP,56.25,0.448800,1.00,-2163.976,143.229,0.633668,0.385030
917,2GX1,86.21,0.662300,1.00,-1899.123,165.403,0.150330,0.551990
918,2H1Z,93.59,0.842200,1.00,-2669.982,166.269,0.102359,0.816040
919,2H9X,25.00,0.305200,1.00,-3264.982,304.119,1.235183,0.293960
920,2HFR,69.44,0.676700,1.00,-1743.393,74.050,0.234975,0.300920
921,2HGO,60.19,0.500900,1.00,-1821.973,220.963,0.388821,0.270050
922,2HLG,90.38,0.684700,1.00,-2632.244,205.969,0.168997,0.774130
923,2HM3,60.48,0.510100,1.00,-1741.232,227.494,0.453746,0.318000
924,2HM4,41.94,0.478000,1.00,-1730.543,215.415,0.758986,0.219270
925,2HM5,63.71,0.598700,1.00,-1730.543,215.415,0.467746,0.371070
926,2HM6,62.10,0.577200,1.00,-1884.082,193.401,0.872899,0.481900
927,2HN8,57.24,0.663300,1.00,-3335.324,112.065,0.731626,0.492140
928,2I1P,30.21,0.334000,1.00,-2615.247,385.291,0.964296,0.257070
929,2I1T,75.69,0.655000,1.00,-2384.193,123.283,0.245963,0.544860
930,2I5O,86.54,0.814800,1.00,-2722.242,157.790,0.341347,0.756460
931,2I9M,91.18,0.773900,1.00,-1214.703,25.040,0.103735,0.535900
932,2I9N,50.00,0.575700,1.00,-1836.025,157.791,0.727747,0.381090
933,2I9O,52.70,0.650000,1.00,-1607.946,162.639,0.511146,0.421840
934,2IFJ,60.42,0.518100,1.00,-484.118,56.153,0.386965,0.256190
935,2IGU,66.67,0.539900,1.00,-609.479,40.874,0.303148,0.313560
936,2IH6,56.82,0.505000,1.00,-545.648,67.230,0.374151,0.199560
937,2IMU,45.11,0.464400,1.00,-3309.942,173.575,1.098571,0.380020
938,2IT7,97.32,0.804600,1.00,-1943.542,96.651,0.064785,0.800960
939,2IV4,31.25,0.445300,1.00,-313.153,71.255,0.717961,0.098730
940,2IV5,21.74,0.405500,1.00,-533.258,111.549,0.870154,0.179490
941,2IV6,22.83,0.436400,1.00,-502.909,155.606,1.062850,0.120950
942,2IWJ,43.52,0.452900,1.00,-1276.940,122.336,0.711947,0.267020
943,2J15,65.00,0.592300,1.00,-635.878,85.462,0.339230,0.278440
944,2J8P,43.37,0.518300,1.00,-4532.385,129.241,1.097783,0.360550
945,2JM0,82.14,0.732300,1.00,-3168.854,108.565,0.186033,0.589470
946,2JM2,28.33,0.252300,1.00,-2155.532,272.199,1.716999,0.199670
947,2JM4,37.79,0.332400,1.00,-2789.141,237.959,0.743486,0.259970
948,2JMY,93.33,0.702200,1.00,-808.749,36.189,0.139509,0.559180
949,2JN5,43.75,0.489400,1.00,-727.421,24.009,0.538165,0.195340
950,2JNH,49.46,0.616900,1.00,-3635.417,94.710,1.119293,0.387840
951,2JNI,90.48,0.695900,1.00,-1357.963,97.260,0.151614,0.377780
952,2JOC,58.78,0.545200,1.00,-2437.437,140.145,0.545337,0.392560
953,2JOF,91.25,0.746000,1.00,-1079.106,54.911,0.132102,0.448780
954,2JOS,75.00,0.645200,1.00,-1485.336,46.028,0.268575,0.451480
955,2JOU,44.85,0.336400,1.00,-2654.436,219.746,1.006736,0.332800
956,2JP6,62.84,0.522400,1.00,-2316.128,149.652,0.351047,0.393140
957,2JPJ,51.92,0.668600,1.00,-2361.568,83.020,0.594233,0.406450
958,2JPK,49.29,0.641700,1.00,-2397.370,145.215,0.933510,0.415490
959,2JPL,53.21,0.643000,1.00,-2361.568,83.020,0.580958,0.394510
960,2JPM,49.29,0.654400,1.00,-2397.370,145.215,0.499170,0.394800
961,2JPW,35.16,0.468700,1.00,-924.477,188.243,1.154302,0.258220
962,2JPX,65.00,0.683700,1.00,-2307.482,85.072,0.638040,0.550790
963,2JQ2,37.50,0.469900,1.00,-510.548,56.702,0.520767,0.169940
964,2JQB,58.33,0.564500,1.00,-490.758,87.289,0.641561,0.283010
965,2JQC,55.00,0.522800,1.00,-490.758,87.289,0.479107,0.222820
966,2JQW,50.00,0.449000,1.00,-861.630,120.372,0.539475,0.184100
967,2JR3,42.26,0.400600,1.00,-2975.679,266.956,0.909498,0.332250
968,2JR8,50.60,0.502700,1.00,-2271.837,125.291,1.049000,0.475850
969,2JRD,63.89,0.618900,1.00,-1005.807,152.517,0.601652,0.377890
970,2JRV,56.67,0.555700,1.00,-834.808,60.554,0.539876,0.266610
971,2JRW,57.61,0.494800,1.00,-1115.272,159.343,0.391408,0.141740
972,2JRY,31.52,0.323700,1.00,-3286.042,223.519,1.074758,0.326360
973,2JSB,73.81,0.667700,1.00,-1457.957,116.315,0.261016,0.302050
974,2JTA,35.00,0.410000,1.00,-256.967,40.744,0.702238,0.212000
975,2JTB,92.42,0.721800,1.00,-2148.519,194.447,0.104747,0.725960
976,2JTU,55.92,0.476900,1.00,-2405.021,262.352,0.441529,0.457650
977,2JTW,76.00,0.676300,1.00,-1422.731,66.608,0.330559,0.375970
978,2JUE,35.34,0.293000,1.00,-2022.106,264.279,0.805995,0.184320
979,2JUI,62.88,0.667100,1.00,-1992.910,50.829,0.555077,0.430700
980,2JUQ,71.15,0.543500,1.00,-670.919,47.931,0.276236,0.304590
981,2JUR,65.38,0.534400,1.00,-559.234,73.962,0.365488,0.300480
982,2JUS,88.46,0.687100,1.00,-758.518,51.974,0.143633,0.377490
983,2JUT,90.38,0.708300,1.00,-759.173,60.476,0.143391,0.479030
984,2JUY,60.71,0.552000,1.00,-2154.146,147.093,0.428009,0.303610
985,2JVX,91.07,0.795900,1.00,-1941.660,143.901,0.148879,0.738100
986,2JVY,34.82,0.529100,1.00,-1090.918,112.213,1.208920,0.183450
987,2JWG,56.52,0.440200,1.00,-2823.803,273.465,0.619056,0.465650
988,2JWH,52.60,0.630700,1.00,-1878.017,301.997,0.684417,0.446880
989,2JWM,84.48,0.685900,1.00,-1916.544,194.669,0.306541,0.597100
990,2JXF,84.17,0.764400,1.00,-2746.434,41.518,0.143694,0.658640
991,2JY0,67.59,0.626700,1.00,-1630.153,50.631,0.411298,0.385090
992,2JYD,26.63,0.423800,1.00,-1819.524,272.270,1.052720,0.229240
993,2JYP,41.67,0.442200,1.00,-2740.037,148.690,0.584385,0.286870
994,2K10,54.69,0.651900,1.00,-2154.036,58.240,0.529899,0.288250
995,2K1A,57.14,0.692200,1.00,-2590.165,174.057,0.440287,0.511610
996,2K1I,89.84,0.700400,1.00,-1946.973,144.302,0.148401,0.682490
997,2K1P,29.55,0.364200,1.00,-2010.194,158.524,0.842969,0.228460
998,2K2Y,83.33,0.665200,1.00,-3140.808,185.150,0.183922,0.674110
999,2K2Z,44.23,0.377200,1.00,-2205.192,186.427,0.665746,0.411130
1000,2K44,56.25,0.668300,1.00,-2332.656,54.403,0.843199,0.387360
1001,2K4U,91.22,0.697500,1.00,-2684.420,160.660,0.107508,0.775000
1004,2K6O,68.92,0.738400,1.00,-2854.797,124.251,0.285257,0.515810
1005,2K6R,79.31,0.626600,1.00,-2090.393,139.026,0.295801,0.524610
1006,2K72,56.08,0.474100,1.00,-3299.718,185.656,0.505759,0.367370
1007,2K76,66.67,0.684600,1.00,-1665.264,148.138,0.765565,0.489100
1008,2K7G,75.86,0.581800,1.00,-2159.630,172.580,0.535840,0.531770
1009,2K7Y,33.89,0.572600,1.00,-2504.255,124.352,1.280389,0.286560
1010,2K84,73.33,0.683700,1.00,-2112.382,69.415,0.434112,0.492140
1012,2K98,59.37,0.625400,1.00,-1352.260,36.762,0.657868,0.301270
1013,2K9D,77.27,0.645600,1.00,-4729.330,147.281,0.170519,0.638380
1014,2K9O,28.47,0.362900,1.00,-2027.402,202.258,0.930419,0.302420
1015,2KAM,82.69,0.708600,1.00,-1788.057,47.289,0.177531,0.612470
1016,2KB8,73.65,0.663900,1.00,-2153.105,130.588,0.333562,0.547100
1017,2KB9,34.09,0.345800,1.00,-3265.195,296.821,0.791294,0.315750
1018,2KBL,62.07,0.605600,1.00,-1675.693,181.028,0.437425,0.332130
1019,2KCF,72.92,0.677800,1.00,-2258.543,141.382,0.372564,0.555530
1020,2KCG,96.67,0.804400,1.00,-2059.324,212.165,0.081235,0.776490
1021,2KCH,94.83,0.781000,1.00,-2011.046,175.343,0.089318,0.713640
1023,2KDT,40.00,0.483200,1.00,-2680.752,222.153,0.868950,0.291290
1024,2KE3,47.67,0.562500,1.00,-2699.434,252.829,0.663565,0.392770
1025,2KEF,34.00,0.356200,1.00,-1644.430,129.876,0.856400,0.200430
1026,2KEG,64.06,0.606300,1.00,-1790.350,79.943,0.379156,0.390760
1027,2KEH,53.91,0.546900,1.00,-1790.350,79.943,0.485091,0.380250
1028,2KES,65.62,0.747300,1.00,-3924.153,115.277,0.497452,0.544890
1029,2KFE,67.71,0.703100,1.00,-1579.602,56.952,0.250601,0.340840
1030,2KFQ,53.91,0.567800,1.00,-2074.239,103.650,0.686816,0.343690
1031,2KGH,32.05,0.370800,1.00,-2141.192,279.770,0.999363,0.229930
1032,2KGN,65.62,0.558800,1.00,-1364.002,85.487,0.411867,0.278710
1033,2KGU,48.57,0.458300,1.00,-2426.321,166.395,0.688858,0.368090
1034,2KHB,86.21,0.696200,1.00,-1980.812,151.954,0.198262,0.608580
1035,2KHF,79.00,0.657100,1.00,-1546.973,105.949,0.219105,0.451390
1036,2KHG,72.00,0.588500,1.00,-1546.973,105.949,0.331354,0.434230
1037,2KI0,70.83,0.640600,1.00,-2546.989,169.966,0.328169,0.502180
1038,2KI9,55.30,0.634400,1.00,-2743.494,55.341,0.483286,0.379430
1039,2KIO,63.64,0.630400,1.00,-2598.683,111.857,0.478343,0.384440
1040,2KIR,66.91,0.535300,1.00,-2282.345,160.407,0.319646,0.459610
1041,2KIT,78.79,0.708300,1.00,-2598.683,111.857,0.293987,0.551460
1042,2KJM,23.33,0.307600,1.00,-1579.771,132.744,0.903789,0.171360
1043,2KJN,76.92,0.675900,1.00,-1722.608,40.211,0.311821,0.490480
1044,2KJO,66.35,0.621900,1.00,-1722.608,40.211,0.324912,0.391400
1045,2KLV,46.20,0.565200,1.00,-3346.358,92.858,0.717297,0.400930
1046,2KM9,88.00,0.648400,1.00,-1296.098,122.091,0.161936,0.492670
1047,2KMO,38.64,0.475600,1.00,-2275.661,212.655,0.875572,0.278520
1048,2KMP,36.93,0.458800,1.00,-2275.661,212.655,0.899534,0.275500
1049,2KMQ,38.64,0.475100,1.00,-2275.661,212.655,0.860940,0.244370
1050,2KMR,31.82,0.415200,1.00,-2275.661,212.655,1.243234,0.245950
1051,2KNI,84.76,0.672800,1.00,-2390.796,289.599,0.213354,0.722570
1052,2KNM,92.50,0.803200,1.00,-2059.324,212.165,0.121630,0.728710
1053,2KNP,87.12,0.750900,1.00,-1949.116,152.451,0.167675,0.689860
1054,2KNS,53.79,0.622200,1.00,-1811.468,116.380,0.650638,0.397120
1055,2KNU,55.17,0.474900,1.00,-2027.336,68.618,0.463722,0.348520
1056,2KOE,40.62,0.627000,1.00,-3003.076,118.224,1.074618,0.312580
1057,2KOZ,96.21,0.808600,1.00,-2186.374,104.272,0.109587,0.817930
1058,2KP0,89.39,0.706000,1.00,-2236.647,121.844,0.155070,0.657860
1059,2KPA,54.81,0.534800,1.00,-1475.664,65.769,0.478904,0.282160
1060,2KPB,52.88,0.528100,1.00,-1475.664,65.769,0.593485,0.344200
1061,2KSG,32.29,0.596700,1.00,-3012.123,56.078,1.443194,0.273920
1062,2KSJ,47.28,0.680500,1.00,-3346.358,92.858,0.662805,0.529900
1063,2KTC,66.18,0.561800,1.00,-1918.010,154.562,0.538165,0.438990
1064,2KTX,91.45,0.711900,1.00,-2864.408,153.755,0.158225,0.773740
1065,2KUK,82.50,0.686800,1.00,-2184.597,300.535,0.151932,0.548300
1066,2KUS,83.57,0.676000,1.00,-2221.127,198.470,0.240057,0.655440
1067,2KUX,88.33,0.704400,1.00,-2285.103,223.126,0.182918,0.631110
1068,2KUY,51.16,0.460200,1.00,-3245.328,266.695,0.859942,0.394120
1069,2KV5,78.03,0.697600,1.00,-2567.284,89.180,0.433489,0.622100
1070,2KVF,86.61,0.645000,1.00,-2124.479,83.910,0.210115,0.575060
1071,2KVG,79.63,0.641300,1.00,-1841.194,94.181,0.213886,0.437430
1072,2KVH,50.00,0.629300,1.00,-1633.273,100.474,0.957027,0.359270
1073,2KVX,91.96,0.755800,1.00,-2007.041,152.176,0.142368,0.669400
1074,2KWT,65.91,0.538000,1.00,-2818.769,105.659,0.358189,0.470760
1075,2KWY,77.33,0.771300,1.00,-2549.951,121.864,0.349734,0.746980
1076,2KWZ,65.62,0.669100,1.00,-3392.003,59.309,0.346178,0.538960
1077,2KXA,45.83,0.619500,1.00,-1717.748,59.279,1.100508,0.352760
1078,2KY3,84.85,0.715300,1.00,-2221.236,121.720,0.226660,0.646960
1079,2KYA,48.53,0.520200,1.00,-1636.098,116.550,0.663068,0.416020
1080,2KYJ,77.78,0.633400,1.00,-1927.437,262.860,0.526762,0.622190
1081,2KYK,64.10,0.521300,1.00,-2300.485,184.668,0.539802,0.482100
1082,2KZQ,54.86,0.420000,1.00,-2557.476,131.310,1.321084,0.426620
1083,2L07,86.11,0.599800,1.00,-877.984,77.940,0.169746,0.282300
1084,2L0G,85.94,0.682900,1.00,-2960.085,116.806,0.337279,0.693650
1085,2L0L,56.48,0.644100,1.00,-1616.850,54.276,0.584612,0.337000
1086,2L0M,68.52,0.652800,1.00,-1616.850,54.276,0.351152,0.355460
1087,2L0N,75.00,0.648600,1.00,-2345.734,104.867,0.263614,0.493980
1088,2L0O,63.33,0.607000,1.00,-2345.734,104.867,0.397496,0.400210
1089,2L1J,43.38,0.425000,1.00,-2170.789,207.977,0.760159,0.294060
1090,2L1Q,27.50,0.451300,1.00,-1981.903,263.102,1.053880,0.235750
1091,2L1X,46.79,0.457500,1.00,-2953.292,102.998,0.698326,0.339620
1092,2L2R,79.05,0.672100,1.00,-1973.909,157.375,0.438284,0.652340
1093,2L36,66.67,0.688500,1.00,-1346.913,37.405,0.397127,0.326260
1094,2L37,77.91,0.598800,1.00,-3538.024,113.993,0.248393,0.665830
1095,2L3H,37.18,0.445000,1.00,-2634.833,186.620,0.868481,0.269490
1096,2L3I,61.67,0.547500,1.00,-2115.253,110.556,0.468499,0.468930
1097,2L44,85.53,0.610400,1.00,-865.906,79.208,0.178493,0.325710
1098,2L4G,58.33,0.663900,1.00,-1278.973,124.009,0.709321,0.414220
1099,2L4J,64.13,0.576300,1.00,-2720.534,246.850,0.629873,0.524350
1100,2L4U,63.54,0.529800,1.00,-1364.002,85.487,0.359380,0.294370
1101,2L5I,34.52,0.426700,1.00,-1115.573,80.305,0.750483,0.150800
1102,2L5J,46.43,0.441200,1.00,-1115.573,80.305,0.559813,0.131180
1103,2L5R,88.04,0.795200,1.00,-1425.612,28.447,0.150152,0.413700
1104,2L61,58.65,0.491900,1.00,-1261.371,188.658,0.443678,0.264220
1105,2L62,56.73,0.502300,1.00,-1261.371,188.658,0.591005,0.279640
1106,2L63,59.09,0.656100,1.00,-2529.033,74.783,0.483370,0.377310
1107,2L64,60.61,0.631000,1.00,-2529.033,74.783,0.388265,0.468520
1108,2L6S,45.00,0.496000,1.00,-875.771,188.209,0.540166,0.129240
1109,2L6T,52.50,0.506600,1.00,-875.771,188.209,0.611938,0.132790
1110,2L70,40.48,0.520800,1.00,-2189.196,263.827,1.209121,0.364370
1111,2L71,41.07,0.530600,1.00,-2189.196,263.827,1.105282,0.337680
1112,2L77,58.33,0.596800,1.00,-2646.990,142.869,0.660394,0.538810
1113,2L79,48.08,0.457300,1.00,-2646.990,142.869,0.690250,0.362930
1114,2L7C,77.63,0.604800,1.00,-1168.854,44.607,0.267321,0.379780
1115,2L7T,61.36,0.540800,1.00,-420.328,38.025,0.329128,0.342440
1116,2L87,38.89,0.438400,1.00,-1043.462,154.714,0.652841,0.287420
1117,2L8E,65.31,0.601100,1.00,-3027.514,301.513,0.931221,0.566010
1118,2L91,70.35,0.735800,1.00,-3279.491,111.749,0.474141,0.567000
1122,2L9G,75.00,0.648600,1.00,-1216.643,45.210,0.330760,0.260010
1123,2L9X,65.83,0.598900,1.00,-2191.466,66.231,0.343191,0.403550
1124,2L9Z,30.77,0.409300,1.00,-2908.560,176.770,0.758230,0.267770
1125,2LA0,67.50,0.660700,1.00,-2058.710,38.428,0.325082,0.390680
1126,2LAM,74.14,0.597400,1.00,-2239.249,158.007,0.541293,0.499780
1127,2LAQ,38.89,0.402400,1.00,-2042.704,249.692,0.597845,0.282750
1128,2LAT,69.59,0.693700,1.00,-2977.938,78.616,0.464845,0.577300
1129,2LB7,35.80,0.392600,1.00,-2796.923,165.130,1.074070,0.274480
1130,2LBG,76.85,0.776500,1.00,-1092.486,62.746,0.235799,0.418090
1131,2LBZ,48.39,0.484800,1.00,-2290.766,80.028,0.565675,0.306650
1132,2LCM,68.75,0.681900,1.00,-1829.026,102.459,0.481881,0.476480
1133,2LDE,76.00,0.684500,1.00,-1580.765,159.992,0.362110,0.476230
1134,2LDF,48.96,0.461000,1.00,-1341.710,148.259,0.546095,0.205090
1135,2LDJ,76.25,0.593800,1.00,-1146.174,70.248,0.264571,0.259680
1136,2LDS,72.92,0.545200,1.00,-2277.337,209.128,0.270367,0.516170
1137,2LE3,61.90,0.592400,1.00,-2608.264,172.134,0.543756,0.512140
1138,2LE7,62.50,0.586900,1.00,-1509.307,25.689,0.497094,0.260710
1139,2LER,61.36,0.520100,1.00,-439.814,66.513,0.282180,0.158970
1140,2LET,91.07,0.735800,1.00,-1891.840,116.305,0.123066,0.616790
1141,2LEU,74.32,0.587100,1.00,-2186.688,163.533,0.484164,0.595480
1142,2LEW,50.78,0.456900,1.00,-1949.987,223.216,0.583252,0.240710
1143,2LEY,57.81,0.447900,1.00,-2064.975,226.837,0.578195,0.382770
1144,2LFM,21.88,0.334900,1.00,-1589.610,212.790,1.748240,0.190880
1145,2LG4,48.75,0.467100,1.00,-2683.860,152.632,0.536604,0.487670
1146,2LG5,76.39,0.623500,1.00,-2640.076,188.940,0.326989,0.552010
1147,2LG6,45.83,0.450200,1.00,-2622.344,221.449,0.528849,0.266690
1148,2LI3,79.17,0.682800,1.00,-2300.137,178.755,0.220327,0.518170
1149,2LIC,30.00,0.421500,1.00,-1525.622,188.780,1.057444,0.229950
1150,2LID,27.86,0.404100,1.00,-1356.719,243.532,0.905033,0.200700
1151,2LIF,83.33,0.727300,1.00,-1842.626,62.589,0.179889,0.512630
1152,2LIX,70.37,0.515000,1.00,-1821.789,117.042,0.348742,0.465740
1153,2LIY,47.22,0.442200,1.00,-2775.430,268.338,0.501418,0.438330
1154,2LJ7,77.66,0.651700,1.00,-3482.814,220.332,0.259599,0.682480
1155,2LJQ,49.32,0.529800,1.00,-1680.288,140.918,1.018106,0.416090
1156,2LJS,94.17,0.764200,1.00,-1709.243,162.497,0.107833,0.751930
1157,2LJT,46.62,0.607300,1.00,-1738.160,141.688,1.084896,0.381510
1158,2LK9,53.57,0.525000,1.00,-2245.832,104.006,0.554285,0.467420
1159,2LKE,72.92,0.627500,1.00,-982.778,113.206,0.548789,0.420850
1160,2LKJ,71.88,0.617200,1.00,-982.778,113.206,0.500481,0.407730
1161,2LKQ,68.75,0.639200,1.00,-1272.716,90.345,0.333021,0.325570
1162,2LL1,82.58,0.666000,1.00,-2280.157,196.476,0.230723,0.627920
1163,2LL2,40.38,0.485900,1.00,-935.108,190.674,0.664408,0.196270
1164,2LL5,95.45,0.838600,1.00,-1195.073,58.576,0.102217,0.523100
1165,2LLD,76.88,0.649300,1.00,-2803.126,164.071,0.331860,0.623580
1166,2LLM,71.51,0.724400,1.00,-2850.438,58.740,0.271554,0.616150
1167,2LLR,71.59,0.665500,1.00,-1099.786,100.345,0.259019,0.238100
1168,2LM8,44.23,0.409900,1.00,-543.220,48.470,0.709946,0.200730
1169,2LMA,75.00,0.661800,1.00,-1372.273,85.402,0.214501,0.271100
1170,2LMB,26.16,0.336200,1.00,-1648.397,217.580,0.952981,0.218390
1171,2LMF,85.87,0.734000,1.00,-1584.602,60.668,0.144116,0.474040
1172,2LMZ,83.93,0.655100,1.00,-4000.537,181.393,0.228988,0.711340
1173,2LNE,65.38,0.546100,1.00,-430.589,60.663,0.424435,0.279260
1174,2LNF,48.08,0.482400,1.00,-430.589,60.663,0.492107,0.227120
1175,2LNG,50.00,0.514800,1.00,-430.589,60.663,0.442019,0.166500
1176,2LO2,78.95,0.697500,1.00,-2228.561,202.174,0.332430,0.635950
1177,2LO3,64.20,0.669400,1.00,-2712.630,215.646,0.606165,0.512030
1178,2LO7,60.48,0.471200,1.00,-2395.302,173.233,0.665300,0.399880
1179,2LQ0,75.00,0.666700,1.00,-1746.265,79.897,0.328816,0.567980
1180,2LQ1,54.00,0.553000,1.00,-1200.514,138.745,0.523914,0.329780
1181,2LQ2,60.83,0.667000,1.00,-1399.827,145.442,0.601461,0.512450
1182,2LQA,85.81,0.698700,1.00,-2809.486,252.120,0.217958,0.712950
1183,2LQX,85.98,0.642600,1.00,-3251.381,148.480,0.263912,0.748360
1184,2LQY,75.00,0.634400,1.00,-1559.310,25.083,0.324375,0.295640
1185,2LR3,64.36,0.502900,1.00,-3239.157,207.707,0.372267,0.611730
1186,2LR5,71.71,0.605800,1.00,-2638.182,166.617,0.378929,0.533800
1187,2LR7,33.62,0.455100,1.00,-1978.391,92.052,0.925220,0.187850
1188,2LRX,41.11,0.499500,1.00,-3056.668,221.440,1.002347,0.370490
1189,2LS1,48.75,0.425700,1.00,-935.388,82.569,0.441332,0.154390
1190,2LS2,75.00,0.694100,1.00,-1982.507,50.541,0.287909,0.513340
1191,2LS3,68.10,0.725500,1.00,-2692.207,44.835,0.310071,0.498490
1192,2LS4,26.04,0.286300,1.00,-1356.357,109.521,1.202343,0.125420
1193,2LS9,63.00,0.597800,1.00,-1248.118,50.198,0.403680,0.327050
1194,2LSA,63.04,0.686300,1.00,-1498.934,26.320,0.399189,0.230630
1195,2LSQ,59.00,0.456200,1.00,-1686.340,106.431,0.464519,0.210420
1196,2LSW,42.50,0.578700,1.00,-1798.122,187.473,0.746194,0.300450
1197,2LT8,81.55,0.678100,1.00,-3177.261,204.367,0.266561,0.684340
1198,2LTI,31.52,0.497100,1.00,-822.689,108.097,0.926177,0.140570
1200,2LU9,79.84,0.656600,1.00,-2071.384,119.335,0.247214,0.490820
1201,2LUF,85.00,0.621800,1.00,-1070.463,57.320,0.202886,0.444170
1202,2LUG,50.69,0.574000,1.00,-1434.411,191.310,1.359453,0.410170
1203,2LUR,66.38,0.568500,1.00,-1880.019,193.202,0.434871,0.368040
1204,2LUV,52.14,0.629000,1.00,-1750.812,203.221,0.615376,0.430690
1205,2LVG,59.38,0.745400,1.00,-2718.060,90.001,0.433941,0.583240
1206,2LWB,66.25,0.485600,1.00,-1738.589,105.601,0.349940,0.216260
1207,2LWL,29.08,0.361200,1.00,-2954.895,271.319,0.843756,0.284290
1208,2LWQ,89.06,0.775900,1.00,-823.067,66.060,0.145071,0.454380
1209,2LWS,75.00,0.533400,1.00,-547.999,46.146,0.281848,0.306560
1210,2LWT,88.89,0.707300,1.00,-978.146,75.186,0.173248,0.375630
1211,2LWU,90.00,0.810000,1.00,-698.648,49.776,0.105528,0.413310
1212,2LWV,82.35,0.690000,1.00,-854.246,91.728,0.171235,0.280840
1213,2LX0,58.59,0.681100,1.00,-2847.107,61.866,0.441049,0.392620
1214,2LX4,85.29,0.736300,1.00,-1049.863,55.618,0.226600,0.436010
1215,2LX5,84.72,0.611400,1.00,-1061.447,26.676,0.305973,0.378600
1216,2LX6,36.84,0.472200,1.00,-661.098,55.614,0.747031,0.127230
1217,2LXO,50.57,0.457900,1.00,-3302.602,229.819,0.696879,0.396130
1218,2LXZ,90.62,0.755700,1.00,-2281.241,157.784,0.105301,0.718870
1219,2LYE,81.94,0.769800,1.00,-953.848,89.461,0.173882,0.377410
1220,2LYF,87.50,0.709600,1.00,-992.991,77.231,0.209200,0.381690
1221,2LZI,84.72,0.708000,1.00,-911.662,68.677,0.167365,0.279170
1222,2LZO,43.10,0.412400,1.00,-1688.919,163.208,0.944347,0.223790
1223,2LZP,75.00,0.581000,1.00,-1748.251,116.512,0.599112,0.566050
1224,2LZQ,73.08,0.750500,1.00,-2409.915,107.431,0.276449,0.615880
1225,2LZX,87.84,0.739900,1.00,-2712.811,337.695,0.187964,0.724480
1226,2LZY,86.43,0.716200,1.00,-2380.587,211.895,0.220858,0.674470
1227,2M0H,64.77,0.667800,1.00,-1542.523,51.032,0.550485,0.391390
1228,2M0S,49.11,0.451800,1.00,-2052.929,71.498,0.816045,0.364720
1229,2M0W,56.52,0.635100,1.00,-1481.296,31.089,0.727933,0.310150
1230,2M1A,93.27,0.684700,1.00,-1405.486,57.985,0.096673,0.627980
1231,2M1J,66.67,0.618900,1.00,-2126.206,73.079,0.533738,0.474860
1232,2M1P,72.22,0.570000,1.00,-728.438,65.420,0.399873,0.287690
1233,2M1T,61.36,0.616200,1.00,-1558.439,55.524,0.491293,0.260350
1234,2M2G,86.11,0.678400,1.00,-800.015,73.376,0.184536,0.387090
1235,2M2H,84.72,0.619800,1.00,-662.807,76.514,0.173803,0.265370
1236,2M2Q,96.88,0.849300,1.00,-2409.578,247.606,0.084935,0.810360
1237,2M2R,82.58,0.671600,1.00,-2115.427,197.172,0.180272,0.611630
1238,2M2S,66.67,0.635900,1.00,-651.255,74.409,0.405609,0.208560
1239,2M2X,27.78,0.295200,1.00,-907.887,27.289,0.995186,0.097800
1240,2M2Y,77.78,0.671000,1.00,-802.477,80.540,0.246436,0.318580
1241,2M36,62.50,0.505900,1.00,-1965.123,213.040,0.476945,0.525730
1242,2M37,40.79,0.562200,1.00,-573.270,103.323,1.232446,0.177900
1243,2M3F,95.45,0.688300,1.00,-1665.977,68.033,0.079930,0.519490
1244,2M3J,86.36,0.702600,1.00,-2231.035,192.561,0.182507,0.652390
1245,2M3N,75.00,0.597800,1.00,-989.701,98.960,0.249183,0.226070
1246,2M4X,75.71,0.569800,1.00,-2367.143,206.594,0.220190,0.516190
1247,2M4Z,64.29,0.522900,1.00,-2329.716,231.354,0.315675,0.468020
1248,2M50,79.29,0.652200,1.00,-2389.071,234.481,0.194339,0.596750
1249,2M5L,56.25,0.538600,1.00,-984.873,103.642,0.577427,0.213720
1250,2M5X,40.62,0.416000,1.00,-2331.526,257.250,1.093816,0.353990
1251,2M5Z,94.32,0.733900,1.00,-5477.278,124.087,0.108004,0.863630
1252,2M60,86.05,0.706000,1.00,-5783.168,123.739,0.142540,0.768230
1253,2M62,85.42,0.595100,1.00,-611.956,55.422,0.176235,0.262430
1254,2M6A,71.43,0.626400,1.00,-1952.556,66.663,0.246821,0.434860
1255,2M6O,76.04,0.700100,1.00,-3111.856,289.436,0.421030,0.688710
1256,2M6P,80.43,0.627900,1.00,-3356.782,214.509,0.551400,0.697120
1257,2M73,66.00,0.640300,1.00,-1837.482,51.952,0.301056,0.332980
1258,2M77,97.22,0.713000,1.00,-978.702,73.783,0.089457,0.505270
1259,2M78,94.44,0.704600,1.00,-998.370,87.856,0.117305,0.403270
1260,2M79,83.33,0.738600,1.00,-957.209,106.463,0.182560,0.384370
1261,2M7C,90.48,0.697800,1.00,-1210.830,60.825,0.148003,0.398050
1262,2M7D,86.25,0.740600,1.00,-1181.227,59.367,0.148550,0.422290
1263,2M7E,54.81,0.446600,1.00,-1464.770,136.523,0.602360,0.312190
1264,2M7I,42.86,0.439500,1.00,-599.528,41.686,0.726653,0.193940
1265,2M7J,41.07,0.498900,1.00,-176.638,80.130,0.905525,0.207700
1266,2M7P,23.81,0.296600,1.00,-2956.692,292.838,1.128322,0.373130
1267,2M7T,89.39,0.747900,1.00,-1977.050,225.051,0.117755,0.736070
1268,2M7X,51.97,0.550000,1.00,-2063.540,152.235,0.704376,0.374120
1269,2M8F,48.96,0.484000,1.00,-1153.744,96.341,0.711924,0.131990
1270,2M8I,79.65,0.725300,1.00,-2451.232,338.620,0.276684,0.649050
1271,2M8J,79.07,0.714000,1.00,-2445.941,257.112,0.292460,0.687900
1272,2M8M,78.57,0.726600,1.00,-2574.547,63.869,0.198866,0.507900
1273,2M8O,72.32,0.682400,1.00,-2574.547,63.869,0.237871,0.409950
1274,2M96,56.25,0.514400,1.00,-2508.764,252.400,0.468048,0.481900
1275,2M9E,68.18,0.611600,1.00,-2020.493,220.701,0.503257,0.494540
1276,2M9F,63.64,0.618400,1.00,-2020.493,220.701,0.506786,0.422020
1277,2M9I,61.76,0.597700,1.00,-2216.950,177.746,0.597280,0.406680
1278,2M9J,64.71,0.610600,1.00,-2216.950,177.746,0.545734,0.434390
1279,2M9L,80.00,0.627200,1.00,-2464.052,213.856,0.353467,0.659650
1280,2M9O,76.72,0.571700,1.00,-2149.499,149.232,0.545506,0.505590
1281,2M9R,25.62,0.346600,1.00,-1655.596,195.845,1.903028,0.236350
1282,2M9S,31.88,0.377500,1.00,-1655.596,195.845,2.304413,0.254520
1283,2MAA,80.77,0.692200,1.00,-668.586,48.850,0.187876,0.394530
1284,2MAE,55.77,0.540500,1.00,-1164.449,152.409,0.539717,0.244090
1285,2MAU,50.83,0.432300,1.00,-1993.869,214.928,0.467741,0.317290
1286,2MBD,99.07,0.815800,1.00,-1769.911,70.206,0.052520,0.832730
1287,2MBY,51.09,0.602800,1.00,-3726.568,116.301,0.555671,0.528400
1288,2MCE,84.52,0.687800,1.00,-1108.674,63.367,0.147841,0.401490
1289,2MD1,77.94,0.617900,1.00,-938.246,51.742,0.301091,0.437350
1290,2MD2,72.50,0.524300,1.00,-344.848,55.966,0.307774,0.436040
1291,2MD4,97.92,0.703800,1.00,-669.647,27.082,0.068047,0.531240
1292,2MD6,84.72,0.631000,1.00,-1034.396,68.368,0.193453,0.315960
1293,2MDC,38.02,0.460000,1.00,-2809.128,313.004,0.903593,0.303510
1294,2MDL,34.38,0.414700,1.00,-1264.734,182.824,0.725144,0.135370
1295,2MDU,87.07,0.666900,1.00,-1973.565,206.596,0.176519,0.596870
1296,2ME1,62.96,0.544800,1.00,-2470.868,54.530,0.404435,0.368190
1297,2ME2,54.63,0.582600,1.00,-2413.410,67.904,0.434126,0.406650
1298,2ME3,60.19,0.535400,1.00,-2451.388,60.210,0.339956,0.301120
1299,2ME4,51.85,0.566500,1.00,-2408.311,45.159,0.450783,0.364260
1300,2ME7,92.42,0.767400,1.00,-2217.085,128.250,0.139998,0.763910
1301,2MEL,85.61,0.780200,1.00,-2211.035,121.263,0.245399,0.686550
1302,2MEN,84.09,0.709600,1.00,-2098.729,141.637,0.293867,0.633640
1303,2MEO,81.82,0.699100,1.00,-2218.406,117.960,0.245871,0.609210
1304,2MF3,38.30,0.328300,1.00,-3109.263,281.744,0.872022,0.353780
1305,2MFM,41.67,0.428400,1.00,-546.369,56.479,0.575769,0.146600
1306,2MFO,30.00,0.528700,1.00,-385.420,63.334,0.883108,0.223800
1307,2MFP,55.65,0.498700,1.00,-1184.562,294.172,0.693337,0.337800
1308,2MFS,93.57,0.793800,1.00,-2403.665,194.010,0.103472,0.779570
1309,2MFV,39.29,0.570600,1.00,-94.567,69.503,0.978345,0.201210
1310,2MG1,77.78,0.774900,1.00,-1827.453,40.692,0.290567,0.500400
1311,2MG2,83.93,0.639900,1.00,-2225.446,87.045,0.167154,0.579190
1312,2MG3,68.75,0.568900,1.00,-2225.446,87.045,0.419745,0.419730
1313,2MH1,81.82,0.722600,1.00,-1854.045,197.961,0.273197,0.617750
1314,2MHU,43.33,0.416200,1.00,-1952.424,142.567,0.683637,0.300640
1315,2MHW,49.07,0.628600,1.00,-1737.766,34.306,0.701667,0.318230
1316,2MI1,62.50,0.585500,1.00,-562.963,49.863,0.332581,0.317680
1317,2MI9,76.67,0.590000,1.00,-2012.777,200.412,0.292979,0.485560
1318,2MIA,69.17,0.572900,1.00,-2012.777,200.412,0.303981,0.428170
1319,2MID,43.75,0.550600,1.00,-419.568,54.650,0.675681,0.353140
1320,2MIE,41.67,0.533600,1.00,-370.376,63.494,0.602333,0.171040
1321,2MIF,43.75,0.540500,1.00,-327.067,45.299,0.688343,0.226770
1322,2MIG,39.58,0.473200,1.00,-425.076,59.272,0.627899,0.239380
1323,2MIH,39.29,0.535800,1.00,-369.442,52.435,0.859159,0.160800
1324,2MIJ,60.81,0.512700,1.00,-2901.345,165.695,0.452772,0.403150
1325,2MIX,71.43,0.656100,1.00,-1058.869,114.616,0.606737,0.293780
1326,2MJ1,33.33,0.438800,1.00,-477.971,81.733,0.569693,0.219870
1327,2MJ2,59.03,0.643200,1.00,-2287.176,224.773,0.641266,0.405180
1328,2MJ9,68.59,0.662000,1.00,-2219.402,275.841,0.402967,0.516510
1329,2MJC,30.15,0.435500,1.00,-1456.331,219.723,1.032399,0.168750
1330,2MJK,31.10,0.414100,1.00,-2791.381,199.400,1.131334,0.234540
1331,2MKB,85.00,0.760600,1.00,-1967.923,103.054,0.174021,0.573320
1332,2ML7,84.68,0.677900,1.00,-2270.490,167.916,0.212119,0.604550
1333,2MLA,92.57,0.721600,1.00,-2478.615,142.879,0.101024,0.784690
1334,2MLD,87.84,0.732500,1.00,-2458.834,238.592,0.150656,0.723720
1335,2MLJ,34.72,0.485200,1.00,-707.309,75.337,1.052983,0.111960
1336,2MLO,87.50,0.646600,1.00,-1188.437,31.848,0.170029,0.482470
1337,2MLQ,82.81,0.595900,1.00,-1188.437,31.848,0.210367,0.312950
1338,2MLU,62.50,0.519200,1.00,-1683.497,159.739,0.470203,0.420280
1339,2MLV,55.83,0.567300,1.00,-1683.497,159.739,0.616913,0.413660
1340,2MM5,85.83,0.678100,1.00,-2132.082,241.979,0.199194,0.619690
1341,2MM6,40.83,0.425400,1.00,-2102.371,148.837,0.649911,0.250570
1342,2MMM,67.36,0.626600,1.00,-2128.786,76.335,0.413021,0.489890
1343,2MMT,35.71,0.471500,1.00,-984.088,103.653,1.124357,0.137930
1344,2MMW,45.24,0.491200,1.00,-736.017,86.698,0.700490,0.116550
1345,2MN1,87.50,0.698800,1.00,-2081.992,146.034,0.190254,0.643090
1346,2MN3,26.70,0.350600,1.00,-1797.116,289.287,1.118502,0.239030
1347,2MOC,43.18,0.456500,1.00,-280.559,41.494,0.461845,0.189940
1348,2MOF,58.93,0.565700,1.00,-3124.656,69.479,0.571402,0.550100
1349,2MPJ,37.00,0.381400,1.00,-1122.990,113.215,1.046814,0.137780
1350,2MPQ,85.42,0.730700,1.00,-2265.521,191.839,0.205911,0.693480
1351,2MQ2,44.64,0.445600,1.00,-393.980,50.506,0.602991,0.234130
1352,2MQ4,50.00,0.508500,1.00,-125.205,69.315,0.690382,0.229030
1353,2MQ5,57.50,0.540600,1.00,-134.773,69.594,0.329726,0.178470
1354,2MQF,97.06,0.786200,1.00,-2131.631,143.462,0.082178,0.848620
1355,2MQU,88.57,0.735000,1.00,-2327.149,168.381,0.120940,0.707590
1356,2MR9,86.36,0.729600,1.00,-4319.500,167.450,0.170848,0.734570
1357,2MRB,33.87,0.381700,1.00,-1873.701,226.025,0.690178,0.184600
1358,2MRF,85.61,0.702300,1.00,-2292.143,125.571,0.207675,0.636660
1359,2MRT,47.50,0.423100,1.00,-2183.961,173.639,0.612918,0.276880
1360,2MRW,44.38,0.524100,1.00,-2946.024,119.392,1.072527,0.399680
1361,2MSF,51.72,0.454100,1.00,-1746.616,167.977,0.668378,0.422520
1362,2MSO,73.33,0.598400,1.00,-1986.344,130.221,0.297820,0.459000
1363,2MSQ,80.56,0.638300,1.00,-1839.614,151.369,0.162047,0.469520
1364,2MSU,71.25,0.609100,1.00,-1258.239,51.881,0.329780,0.319610
1365,2MT7,90.00,0.737500,1.00,-2219.632,186.398,0.161669,0.744000
1366,2MT8,70.51,0.659100,1.00,-2234.058,203.404,0.601151,0.578780
1367,2MTM,88.16,0.762300,1.00,-1107.180,113.874,0.144725,0.366100
1368,2MTO,75.00,0.525900,1.00,-654.022,49.190,0.285201,0.376460
1369,2MTT,65.38,0.479500,1.00,-665.985,38.513,0.369479,0.331900
1370,2MTU,69.23,0.469500,1.00,-665.985,38.513,0.457129,0.292750
1371,2MTW,77.50,0.581600,1.00,-1250.629,55.478,0.413666,0.364820
1372,2MTY,53.75,0.506300,1.00,-1091.073,56.613,0.475201,0.170130
1373,2MU6,87.50,0.724200,1.00,-1417.370,42.763,0.195048,0.404280
1374,2MU7,82.50,0.646100,1.00,-1215.673,44.383,0.227589,0.357910
1375,2MU8,38.75,0.412000,1.00,-1087.767,107.265,0.594810,0.110120
1376,2MU9,80.00,0.677000,1.00,-1449.930,36.015,0.332152,0.343150
1377,2MUA,77.38,0.690300,1.00,-1285.752,58.203,0.246125,0.369800
1378,2MUB,29.76,0.368100,1.00,-2665.004,314.687,1.070723,0.319780
1379,2MUE,66.25,0.594100,1.00,-1280.240,55.045,0.475345,0.340360
1380,2MUF,83.75,0.727000,1.00,-1382.014,33.163,0.192829,0.353610
1381,2MUH,90.62,0.653400,1.00,-761.294,76.952,0.158437,0.424240
1382,2MUJ,35.71,0.371400,1.00,-1038.125,92.680,0.697822,0.124620
1383,2MUN,90.76,0.734000,1.00,-3918.878,199.256,0.324000,0.809290
1384,2MUQ,61.36,0.477600,1.00,-3293.368,205.609,0.587432,0.492360
1385,2MV6,63.78,0.727700,1.00,-3938.589,138.781,0.435715,0.523220
1386,2MVA,64.81,0.540500,1.00,-1508.553,138.188,0.469949,0.329810
1387,2MVH,62.50,0.611400,1.00,-1794.300,72.423,0.672684,0.444360
1388,2MVI,37.79,0.394600,1.00,-3233.042,192.627,1.075436,0.295650
1389,2MVJ,77.88,0.657500,1.00,-1917.286,51.882,0.219335,0.515440
1390,2MVK,39.42,0.477200,1.00,-1164.449,152.409,0.738094,0.320830
1391,2MVL,43.27,0.527300,1.00,-1164.449,152.409,0.769150,0.233990
1392,2MVM,53.98,0.589100,1.00,-2271.494,222.001,0.768318,0.460670
1393,2MVN,54.55,0.603200,1.00,-2271.494,222.001,0.716585,0.463290
1394,2MVT,85.11,0.660800,1.00,-4125.112,185.201,0.255356,0.754410
1395,2MW0,87.93,0.705600,1.00,-1931.258,139.002,0.218525,0.669940
1396,2MW3,39.29,0.509800,1.00,-1011.262,92.972,1.026528,0.095560
1397,2MW7,79.05,0.697400,1.00,-2306.124,241.954,0.318627,0.617070
1398,2MW9,83.11,0.726200,1.00,-2236.048,184.208,0.240878,0.660410
1399,2MWA,70.95,0.625600,1.00,-2355.633,236.797,0.426542,0.534990
1400,2MWB,74.32,0.691500,1.00,-2327.372,190.235,0.272388,0.573730
1401,2MWD,85.71,0.676100,1.00,-1744.195,158.443,0.118328,0.574080
1402,2MWE,83.04,0.664200,1.00,-1698.836,152.857,0.143810,0.495510
1403,2MWF,89.84,0.720900,1.00,-2105.240,204.915,0.110253,0.673000
1404,2MWJ,88.19,0.739800,1.00,-2207.894,181.830,0.156964,0.713180
1405,2MWK,88.89,0.732200,1.00,-2207.894,181.830,0.147478,0.719630
1406,2MWL,39.06,0.505100,1.00,-464.081,85.462,0.714712,0.115340
1407,2MWT,55.15,0.605900,1.00,-1786.082,142.627,0.587453,0.397840
1408,2MX4,80.00,0.680500,1.00,-3025.349,176.664,0.419380,0.698190
1409,2MXG,39.06,0.529300,1.00,-464.081,85.462,0.750321,0.134730
1410,2MXH,39.06,0.495900,1.00,-464.081,85.462,0.977520,0.143350
1411,2MXM,88.64,0.738700,1.00,-2127.270,188.756,0.151771,0.704060
1412,2MXO,90.44,0.686600,1.00,-2125.594,162.559,0.148573,0.719400
1413,2MXP,45.45,0.411300,1.00,-2709.255,264.580,0.818186,0.317980
1414,2MXQ,69.12,0.551500,1.00,-2155.202,174.652,0.315068,0.472900
1415,2MXV,66.28,0.586600,1.00,-2583.382,269.806,0.609056,0.551780
1416,2MYH,73.17,0.594000,1.00,-2493.149,261.285,0.373617,0.592950
1417,2MYL,95.00,0.732800,1.00,-1539.782,65.609,0.116234,0.464910
1418,2MYM,58.75,0.543900,1.00,-1422.572,43.616,0.402647,0.254310
1419,2MZ2,69.12,0.487800,1.00,-1060.819,63.436,0.372886,0.223980
1420,2MZ3,70.59,0.486800,1.00,-1060.819,63.436,0.395172,0.274620
1421,2MZ4,76.63,0.612900,1.00,-3918.878,199.256,0.436183,0.648740
1422,2MZ7,21.74,0.406000,1.00,-1682.517,319.468,0.888271,0.245470
1423,2MZA,64.71,0.530900,1.00,-1060.819,63.436,0.432565,0.281090
1424,2MZX,42.50,0.415800,1.00,-271.634,53.449,0.449640,0.299470
1426,2N0X,35.94,0.514500,1.00,-498.695,77.353,0.968880,0.179270
1427,2N16,52.50,0.549300,1.00,-1197.754,75.855,0.549505,0.263000
1428,2N1C,29.35,0.452700,1.00,-883.607,94.861,0.746101,0.204340
1429,2N1N,78.57,0.618900,1.00,-2548.936,152.281,0.320761,0.610320
1430,2N1P,59.17,0.629900,1.00,-1870.529,134.898,0.584425,0.431860
1431,2N1S,94.17,0.790900,1.00,-1848.466,146.249,0.116516,0.730460
1432,2N24,71.77,0.714400,1.00,-1740.946,199.722,0.659860,0.545410
1433,2N2C,42.44,0.605600,1.00,-2179.305,109.046,0.868564,0.337020
1434,2N2F,65.38,0.559800,1.00,-450.149,73.613,0.399619,0.243930
1435,2N2G,84.09,0.679100,1.00,-2156.286,135.244,0.241735,0.633990
1436,2N2S,85.94,0.719500,1.00,-2564.243,148.185,0.212907,0.663850
1437,2N3P,95.31,0.770400,1.00,-2072.423,136.587,0.138369,0.797090
1438,2N4K,31.98,0.406700,1.00,-1190.384,404.984,1.093432,0.257180
1439,2N4R,51.35,0.542200,1.00,-1719.518,210.122,0.921570,0.415130
1440,2N4S,79.05,0.740200,1.00,-2278.526,190.397,0.507452,0.658830
1441,2N4T,78.38,0.706000,1.00,-2393.091,192.893,0.317913,0.634040
1442,2N4U,72.30,0.665700,1.00,-2593.945,190.524,0.604921,0.564170
1443,2N4V,48.65,0.531700,1.00,-1823.070,287.858,1.062567,0.405770
1444,2N4W,70.95,0.705300,1.00,-2571.094,181.825,0.588200,0.579160
1445,2N58,48.33,0.553300,1.00,-2400.611,97.651,0.808584,0.341500
1446,2N5C,45.00,0.491000,1.00,-390.497,82.549,0.872902,0.169030
1447,2N5J,55.10,0.533400,1.00,-4463.487,186.601,0.993501,0.461120
1448,2N5K,32.76,0.401600,1.00,-1312.251,164.573,0.849608,0.183060
1449,2N5Q,79.63,0.593200,1.00,-1816.528,155.378,0.292419,0.517670
1450,2N5R,91.67,0.647000,1.00,-644.687,38.050,0.175350,0.515820
1451,2N63,32.81,0.466700,1.00,-464.081,85.462,0.832522,0.140130
1452,2N68,39.13,0.495900,1.00,-815.342,129.338,0.893769,0.133520
1453,2N6B,52.21,0.469800,1.00,-2490.175,166.615,0.565400,0.339270
1454,2N6M,75.00,0.684500,1.00,-1221.921,32.694,0.236299,0.341450
1455,2N6N,57.03,0.520900,1.00,-2039.882,144.858,0.813622,0.382010
1456,2N6O,81.43,0.641600,1.00,-2533.834,145.948,0.375689,0.644280
1457,2N6U,48.75,0.456500,1.00,-979.397,80.501,0.686836,0.159270
1458,2N6V,37.50,0.461600,1.00,-1153.744,96.341,0.822149,0.209670
1459,2N7F,49.22,0.450200,1.00,-2885.597,160.446,0.690662,0.347350
1460,2N7I,69.59,0.683900,1.00,-3105.042,54.240,0.369318,0.556660
1461,2N85,73.17,0.701100,1.00,-2774.831,68.977,0.272882,0.607970
1462,2N8B,60.42,0.549300,1.00,-2377.202,238.542,0.444905,0.423020
1463,2N8E,71.32,0.616900,1.00,-1740.691,195.917,0.363490,0.483060
1464,2N8H,76.43,0.617800,1.00,-2191.699,150.133,0.273776,0.583990
1465,2N8S,70.51,0.670700,1.00,-2177.600,268.313,0.640794,0.552150
1466,2N8U,71.79,0.646400,1.00,-1940.590,192.516,0.402653,0.564640
1467,2N92,52.42,0.551900,1.00,-1902.211,103.104,0.720991,0.357520
1468,2N94,34.90,0.389600,1.00,-3382.798,266.904,1.071049,0.349840
1469,2N95,45.41,0.530000,1.00,-3008.093,195.873,0.976646,0.385700
1470,2N9C,41.25,0.406100,1.00,-746.531,94.070,0.627497,0.098960
1471,2N9M,40.62,0.501200,1.00,-464.081,85.462,0.814354,0.148820
1472,2N9N,46.88,0.517500,1.00,-464.081,85.462,0.761413,0.132910
1473,2N9O,77.98,0.716900,1.00,-2834.184,363.160,0.413799,0.664600
1474,2N9T,42.50,0.401300,1.00,-2013.649,162.857,0.875607,0.170140
1475,2N9Z,31.55,0.418200,1.00,-2398.382,419.062,0.855616,0.292640
1476,2NA3,89.58,0.602900,1.00,-832.842,30.986,0.170590,0.668290
1477,2NA8,54.55,0.635200,1.00,-3514.477,193.693,0.674869,0.458590
1478,2NA9,75.57,0.687600,1.00,-3826.575,132.043,0.390357,0.654610
1479,2NAB,34.15,0.394900,1.00,-2146.335,247.942,1.695259,0.283080
1480,2NAE,31.40,0.470200,1.00,-1978.298,235.549,0.755207,0.263890
1481,2NAJ,49.24,0.370800,1.00,-2299.688,203.284,0.501782,0.263210
1482,2NAL,89.58,0.668600,1.00,-786.822,25.687,0.200524,0.479440
1483,2NAT,40.18,0.488200,1.00,-2049.630,60.709,0.845853,0.245870
1484,2NAU,72.32,0.630000,1.00,-1716.528,65.443,0.321349,0.397260
1485,2NAW,58.97,0.613100,1.00,-3046.708,190.112,0.501972,0.496250
1486,2NB2,76.97,0.691600,1.00,-3436.310,109.110,0.194992,0.591100
1487,2NB5,80.88,0.732000,1.00,-801.777,88.815,0.180158,0.368900
1488,2NB6,73.44,0.641900,1.00,-753.017,112.891,0.249813,0.251980
1489,2NB7,35.29,0.455000,1.00,-482.227,77.924,0.659847,0.182560
1490,2NB8,56.48,0.514800,1.00,-1773.963,129.367,0.746706,0.480480
1491,2NB9,64.29,0.545900,1.00,-3378.383,347.022,0.509735,0.560010
1492,2NC3,67.42,0.626200,1.00,-2020.493,220.701,0.590400,0.480870
1493,2NC4,68.94,0.630000,1.00,-2020.493,220.701,0.626151,0.505910
1494,2NC5,68.18,0.609900,1.00,-2020.493,220.701,0.598116,0.482350
1495,2NC6,69.70,0.631400,1.00,-2020.493,220.701,0.534785,0.501380
1496,2NC7,76.39,0.670400,1.00,-966.997,71.714,0.220222,0.261130
1497,2NCS,70.14,0.633000,1.00,-2732.742,83.090,0.275091,0.521520
1498,2NCT,68.75,0.649600,1.00,-2732.742,83.090,0.300074,0.517180
1499,2NCU,63.10,0.603600,1.00,-1588.447,42.600,0.424169,0.245410
1500,2NCV,63.10,0.582500,1.00,-1298.745,79.242,0.479207,0.315480
1501,2NCW,63.54,0.621000,1.00,-1824.289,45.418,0.413518,0.310770
1502,2NCX,85.42,0.791200,1.00,-1687.182,26.776,0.172608,0.546940
1503,2NCY,66.67,0.675700,1.00,-1635.776,86.953,0.457357,0.439890
1504,2ND2,84.09,0.701400,1.00,-3806.229,136.410,0.166248,0.741460
1505,2ND3,95.39,0.787400,1.00,-3084.912,132.260,0.081043,0.839530
1506,2ND6,72.06,0.619300,1.00,-1060.628,41.946,0.246187,0.297980
1507,2ND7,72.06,0.644500,1.00,-1060.628,41.946,0.344177,0.271480
1508,2ND8,69.12,0.572700,1.00,-1060.628,41.946,0.403309,0.323170
1509,2NDB,46.43,0.412100,1.00,-2790.832,270.361,0.880514,0.353140
1510,2NDC,68.06,0.569300,1.00,-1067.474,35.008,0.418111,0.354330
1511,2NDE,55.56,0.525900,1.00,-857.906,49.985,0.476509,0.211770
1512,2NDI,47.83,0.451100,1.00,-2736.718,225.848,0.788141,0.318990
1513,2NDK,45.83,0.722500,1.00,-2958.402,60.174,0.871482,0.391880
1514,2NDL,82.81,0.712200,1.00,-916.320,69.923,0.177473,0.290070
1515,2NDM,57.69,0.541800,1.00,-680.284,45.701,0.357575,0.328720
1516,2NDN,79.69,0.684000,1.00,-806.680,58.235,0.209643,0.260380
1517,2NOR,60.00,0.473900,1.00,-412.541,49.622,0.368399,0.327480
1518,2NOU,87.50,0.583500,1.00,-438.107,59.977,0.138866,0.334710
1519,2NR1,82.41,0.706500,1.00,-1716.693,69.964,0.305091,0.593440
1520,2NS4,73.21,0.547500,1.00,-374.260,67.049,0.225520,0.340610
1521,2NVJ,51.00,0.533500,1.00,-1870.799,46.635,0.564144,0.237290
1522,2NX6,69.44,0.571500,1.00,-1620.792,177.576,0.332231,0.356960
1523,2NX7,49.11,0.520200,1.00,-1486.937,139.092,0.654919,0.229960
1526,2NZ3,58.75,0.529200,1.00,-3261.311,150.800,0.484162,0.492210
1527,2NZZ,36.49,0.482500,1.00,-2885.358,111.669,1.169906,0.237740
1528,2O00,35.81,0.441500,1.00,-2885.358,111.669,1.012119,0.257070
1529,2O0S,58.33,0.531900,1.00,-661.859,36.162,0.367007,0.324560
1530,2OBU,44.05,0.544000,1.00,-2161.561,229.283,0.999908,0.380330
1532,2OJM,94.32,0.758200,1.00,-1459.243,27.392,0.090250,0.510610
1533,2OJN,70.45,0.592100,1.00,-1454.961,32.816,0.388622,0.305870
1534,2OJO,82.95,0.773400,1.00,-1606.126,31.840,0.167918,0.554320
1535,2OP7,48.08,0.441800,1.00,-2412.907,250.146,0.969677,0.345290
1536,2OQ9,44.79,0.505400,1.00,-1116.026,91.595,0.731638,0.216300
1537,2ORU,73.75,0.603000,1.00,-1293.698,107.835,0.295602,0.245680
1538,2OVN,91.18,0.651500,1.00,-1141.367,40.112,0.182716,0.484760
1539,2OYV,82.69,0.636800,1.00,-456.642,61.373,0.230010,0.299270
1540,2OYW,73.08,0.657500,1.00,-456.642,61.373,0.200150,0.297500
1541,2P4L,32.61,0.300700,1.00,-3286.042,223.519,1.075436,0.333270
1542,2P5J,48.53,0.428000,1.00,-805.260,104.929,0.773947,0.184370
1543,2P81,65.34,0.555100,1.00,-3149.119,157.646,0.434101,0.527460
1544,2PCO,78.85,0.671600,1.00,-1516.656,52.350,0.392267,0.615400
1545,2PDD,81.98,0.644600,1.00,-3716.264,146.037,0.254486,0.722800
1546,2PDE,34.30,0.366800,1.00,-3716.264,146.037,0.708177,0.363340
1547,2PJV,53.23,0.583400,1.00,-964.895,257.917,0.638475,0.319680
1548,2PO8,73.53,0.651100,1.00,-1782.213,187.621,0.456849,0.568400
1549,2PPZ,73.61,0.586500,1.00,-3071.466,124.805,0.266198,0.508850
1550,2PTA,88.57,0.685300,1.00,-2389.617,256.716,0.177278,0.712150
1551,2PV6,62.50,0.553200,1.00,-2192.894,34.479,0.431221,0.261540
1552,2RLG,86.11,0.580600,1.00,-1078.213,27.928,0.290848,0.432700
1553,2RLH,88.89,0.613200,1.00,-1078.213,27.928,0.268768,0.446970
1554,2RLJ,62.50,0.595300,1.00,-888.093,38.603,0.320413,0.233630
1555,2RLW,80.15,0.741500,1.00,-2135.703,67.523,0.262429,0.620390
1556,2RME,45.39,0.573000,1.00,-2896.658,84.673,0.662903,0.285910
1557,2RMF,73.12,0.702200,1.00,-3062.882,95.064,0.284069,0.581040
1558,2RMG,52.63,0.661800,1.00,-2740.800,75.640,0.497012,0.325880
1559,2RMH,55.26,0.642000,1.00,-2401.994,126.262,0.662574,0.459800
1560,2RMI,84.17,0.744800,1.00,-2429.625,57.688,0.162800,0.601630
1561,2RMV,48.08,0.366900,1.00,-2023.841,99.677,0.781703,0.250220
1562,2RMW,40.38,0.359000,1.00,-1959.944,142.338,0.854310,0.232050
1563,2RMY,82.35,0.735000,1.00,-2454.828,50.425,0.201657,0.626730
1564,2RMZ,67.44,0.672400,1.00,-3231.838,113.869,0.446566,0.660660
1565,2RN0,67.44,0.686300,1.00,-3231.838,113.869,0.379563,0.553790
1566,2RND,72.79,0.672800,1.00,-2454.828,50.425,0.357430,0.551500
1567,2ROO,72.67,0.648100,1.00,-2551.911,412.704,0.258778,0.593220
1568,2RPS,60.94,0.661400,1.00,-1521.122,134.087,0.513010,0.389940
1570,2RQ2,70.00,0.677000,1.00,-2012.012,78.822,0.445790,0.511170
1571,2RQZ,35.53,0.382900,1.00,-2835.415,206.185,0.856361,0.243040
1572,2RR0,35.53,0.387700,1.00,-2835.415,206.185,0.809070,0.274770
1573,2RR2,36.18,0.377200,1.00,-2835.415,206.185,0.841000,0.250100
1574,2RRH,81.03,0.682400,1.00,-2085.280,77.178,0.204912,0.531430
1575,2RRI,68.10,0.684100,1.00,-2085.280,77.178,0.292007,0.402520
1576,2RRS,37.50,0.444500,1.00,-553.174,75.197,0.665930,0.145730
1577,2RSH,32.43,0.371900,1.00,-1777.856,164.854,1.087168,0.216870
1578,2RSW,33.33,0.425500,1.00,-544.398,139.268,0.702188,0.126750
1579,2RT4,53.00,0.555400,1.00,-1056.928,100.570,0.813896,0.151190
1580,2RTY,94.17,0.731600,1.00,-1841.911,139.032,0.098683,0.784480
1581,2RTZ,83.62,0.646500,1.00,-2192.069,115.627,0.236474,0.558100
1582,2RU0,77.08,0.602300,1.00,-2675.016,174.120,0.308970,0.604360
1583,2RUM,44.74,0.424100,1.00,-910.571,78.970,0.504025,0.182280
1584,2RUN,72.22,0.624900,1.00,-1243.154,84.989,0.342395,0.351560
1585,2RUO,73.44,0.626500,1.00,-863.686,40.574,0.321441,0.388690
1586,2RUT,83.33,0.760500,1.00,-2386.047,164.539,0.258482,0.660560
1587,2RUU,41.67,0.540800,1.00,-1891.060,138.003,0.912126,0.313780
1588,2RUV,33.11,0.375600,1.00,-1777.856,164.854,1.172981,0.215410
1589,2RUW,37.84,0.462800,1.00,-2090.868,91.256,0.993034,0.309820
1590,2RUX,36.81,0.421100,1.00,-2313.737,108.977,0.821259,0.353220
1591,2RUY,45.27,0.487000,1.00,-2117.777,214.470,0.722839,0.328520
1592,2RUZ,32.89,0.436800,1.00,-1600.249,212.116,1.491706,0.237210
1593,2RV0,83.11,0.786600,1.00,-2171.902,206.472,0.563129,0.734920
1594,2RV1,72.97,0.706200,1.00,-2523.922,192.915,0.403847,0.562720
1595,2RV2,42.36,0.571600,1.00,-2102.110,140.401,0.975508,0.341770
1596,2RV3,81.25,0.760700,1.00,-1575.774,157.285,0.300801,0.665180
1597,2RV4,36.49,0.485300,1.00,-2180.031,152.508,0.950093,0.339030
1598,2RV5,43.57,0.510300,1.00,-2034.900,67.542,1.008096,0.336900
1599,2RVD,95.00,0.698600,1.00,-486.318,39.630,0.080951,0.469190
1600,2SH1,34.90,0.378000,1.00,-2102.849,438.838,0.949282,0.471370
1601,2V1V,80.17,0.695400,1.00,-1951.344,135.854,0.165510,0.491370
1602,2VY4,75.68,0.624700,1.00,-2567.047,136.587,0.370135,0.567350
1603,2VY5,75.00,0.633900,1.00,-2567.047,136.587,0.343391,0.580090
1604,2W0T,54.65,0.537300,1.00,-2778.884,288.314,0.524507,0.410740
1605,2W9O,54.35,0.425200,1.00,-3196.196,261.839,0.615005,0.416090
1606,2W9U,55.43,0.445000,1.00,-3160.883,258.577,0.687277,0.492130
1607,2W9V,52.84,0.420200,1.00,-3205.219,200.252,0.722322,0.451210
1608,2W9W,61.93,0.456900,1.00,-3147.611,217.655,0.575798,0.529320
1609,2WH9,86.81,0.707400,1.00,-2539.383,187.779,0.194541,0.705090
1610,2WXC,48.94,0.529300,1.00,-3250.659,134.499,0.890025,0.422290
1611,2XL1,65.62,0.633500,1.00,-1594.439,77.657,0.729636,0.515660
1612,2YRH,64.77,0.726800,1.00,-1931.413,196.701,0.794203,0.554820
1613,2YRJ,60.33,0.742200,1.00,-2063.085,219.570,1.038128,0.538270
1614,2YRM,69.77,0.720600,1.00,-2128.262,221.108,0.537640,0.590910
1615,2YSB,78.57,0.763000,1.00,-2759.563,272.604,0.520914,0.726490
1616,2YSC,55.13,0.493400,1.00,-2301.538,183.262,0.598516,0.457520
1617,2YSF,65.62,0.616300,1.00,-2617.911,213.639,0.497491,0.492870
1618,2YSG,67.50,0.674300,1.00,-2390.149,205.834,0.734431,0.573510
1619,2YSH,71.25,0.656400,1.00,-1939.111,196.668,0.522108,0.583800
1620,2YSI,70.00,0.699400,1.00,-2125.414,169.673,0.511508,0.567550
1621,2YSO,34.78,0.447500,1.00,-2929.446,123.157,0.999699,0.246530
1622,2YSP,56.52,0.655400,1.00,-2225.455,213.826,1.160756,0.481030
1623,2YSV,57.14,0.616600,1.00,-2086.024,167.625,0.904224,0.453000
1624,2YTA,65.24,0.734200,1.00,-1950.489,205.080,0.957992,0.576760
1625,2YTB,23.21,0.389600,1.00,-1568.349,215.829,1.566476,0.216360
1626,2YTD,63.59,0.687400,1.00,-2205.063,235.011,0.797611,0.577430
1627,2YTE,61.31,0.669700,1.00,-2178.323,182.542,0.865588,0.532690
1628,2YTF,31.52,0.447800,1.00,-1938.346,328.666,1.294910,0.266850
1629,2YTG,57.61,0.648800,1.00,-2294.159,166.153,0.820218,0.523610
1630,2YTH,57.61,0.713500,1.00,-1993.131,203.771,1.433174,0.509620
1631,2YTI,57.07,0.633600,1.00,-2023.162,264.822,0.837393,0.523070
1632,2YTJ,63.59,0.701100,1.00,-2377.518,207.109,0.581671,0.546790
1633,2YTK,59.78,0.536900,1.00,-2481.702,168.483,0.926870,0.494240
1634,2YTM,53.80,0.530100,1.00,-2057.789,255.156,0.751271,0.453970
1635,2YTN,58.15,0.699200,1.00,-2055.023,200.364,0.950599,0.530250
1636,2YTO,33.15,0.500500,1.00,-1411.610,232.099,0.971791,0.279590
1637,2YTP,64.67,0.741100,1.00,-2355.511,185.962,0.749755,0.583910
1638,2YTQ,58.15,0.657900,1.00,-2168.225,180.382,0.922367,0.514590
1639,2YTR,61.41,0.755000,1.00,-2053.620,231.257,1.113367,0.533480
1640,2YTS,65.22,0.687800,1.00,-2147.444,268.026,0.537135,0.537670
1641,2YTT,27.17,0.402200,1.00,-1846.097,228.864,1.643619,0.229610
1642,2YU5,44.32,0.455300,1.00,-2394.770,290.469,0.729890,0.372910
1643,2YU8,59.24,0.665900,1.00,-1947.175,298.247,0.889866,0.528250
1644,2YYF,45.00,0.487800,1.00,-416.912,113.636,0.601480,0.212350
1645,2Z3S,70.51,0.594600,1.00,-3151.278,194.473,0.250513,0.500100
1646,2ZAJ,68.88,0.685000,1.00,-2591.670,327.212,0.624984,0.593220
1647,2ZNF,48.61,0.400100,1.00,-742.409,67.776,0.785624,0.210050
1648,3BBG,33.75,0.368600,1.00,-2936.356,304.464,0.807622,0.303070
1649,3CMH,35.00,0.454200,1.00,-524.220,74.838,0.800797,0.164880
1650,3CTI,93.97,0.773400,1.00,-2017.398,126.404,0.110425,0.746200
1651,3LEU,45.27,0.460500,1.00,-2170.920,163.955,0.835985,0.361670
1652,3MRA,80.00,0.757900,1.00,-1845.688,70.644,0.183556,0.466190
1653,3ZNF,75.83,0.670700,1.00,-1891.467,118.915,0.432885,0.523460
1654,4A24,32.45,0.338100,1.00,-3954.918,295.023,0.958127,0.268130
1655,4APD,54.03,0.574000,1.00,-2101.359,55.046,0.482288,0.392670
1656,4B19,75.00,0.760900,1.00,-2476.104,55.466,0.263687,0.417590
1658,4B2U,45.14,0.435400,1.00,-2556.603,249.539,0.897771,0.508220
1659,4B2V,83.59,0.632300,1.00,-2015.101,181.107,0.228470,0.634810
1660,4BMF,84.21,0.695500,1.00,-2441.001,207.251,0.175654,0.694070
1661,4CYK,37.80,0.402200,1.00,-2113.181,299.740,1.157898,0.292790
1662,4ZNF,73.33,0.646700,1.00,-1891.467,118.915,0.434179,0.489170
1663,5A4H,24.36,0.561700,1.00,-1191.773,226.297,2.407715,0.215280
1664,5AAY,85.83,0.744200,1.00,-2006.266,137.128,0.273358,0.680460
1665,5AAZ,84.38,0.745600,1.00,-2001.662,134.041,0.294076,0.649400
1666,5AHT,79.65,0.683500,1.00,-2695.305,217.151,0.419058,0.679840
1667,5FZV,73.44,0.651700,1.00,-1920.969,159.212,0.505939,0.589980
1668,5FZW,54.55,0.427900,1.00,-3013.095,196.246,0.596954,0.423060
1669,5FZX,77.08,0.637700,1.00,-2191.190,235.298,0.320099,0.599950
1671,5GSF,71.30,0.579400,1.00,-1925.450,159.099,0.223710,0.340890
1672,5GVO,44.44,0.437100,1.00,-951.417,111.169,0.783420,0.233610
1673,5H1H,54.69,0.549400,1.00,-561.343,72.757,0.668066,0.242620
1674,5H1I,38.89,0.448900,1.00,-544.592,124.758,0.892268,0.160900
1675,5H2S,78.00,0.664700,1.00,-1212.266,54.359,0.193100,0.428830
1676,5I1X,87.50,0.677200,1.00,-2284.592,180.194,0.172097,0.714470
1677,5I2P,90.28,0.705600,1.00,-2263.618,169.598,0.168008,0.747490
1678,5ID5,71.00,0.661900,1.00,-1475.276,71.085,0.511252,0.445780
1679,5IJ4,31.12,0.363300,1.00,-3605.664,305.037,1.064238,0.252310
1680,5ION,87.93,0.742600,1.00,-2170.423,112.872,0.155348,0.630260
1681,5IPO,52.60,0.465500,1.00,-3138.344,238.854,0.718203,0.486730
1682,5J8T,44.68,0.438100,1.00,-2973.497,213.115,0.840373,0.445250
1683,5JHI,96.43,0.782800,1.00,-2533.686,170.039,0.073833,0.856710
1684,5JI4,99.32,0.830200,1.00,-2763.211,154.002,0.054497,0.928950
1685,5JPL,33.82,0.397900,1.00,-810.774,71.008,0.865194,0.122170
1686,5JPX,78.33,0.602600,1.00,-3277.606,187.444,0.279582,0.673130
1687,5JYH,56.25,0.450100,1.00,-2792.100,209.174,0.720783,0.481450
1688,5KGY,88.64,0.682900,1.00,-1814.726,51.848,0.164505,0.367490
1689,5KGZ,43.18,0.513900,1.00,-3459.145,143.233,0.761898,0.329190
1690,5KHB,79.76,0.635300,1.00,-1462.261,37.700,0.235207,0.382580
1691,5KI0,38.16,0.468700,1.00,-167.908,144.777,0.552293,0.113840
1692,5KKM,93.18,0.824900,1.00,-1334.822,94.370,0.084313,0.512460
1693,5KVN,94.44,0.757200,1.00,-2042.022,151.522,0.095887,0.710430
1694,5KWO,94.23,0.757100,1.00,-1927.529,106.151,0.109136,0.691380
1695,5KWX,84.00,0.675900,1.00,-1307.620,142.042,0.167617,0.450410
1696,5KWZ,100.00,0.788400,1.00,-1778.137,96.707,0.054573,0.787540
1697,5KX0,64.42,0.416300,1.00,-1801.252,93.588,0.423367,0.356730
1698,5KX1,98.86,0.798300,1.00,-1244.120,81.388,0.063352,0.566970
1699,5KX2,86.11,0.649100,1.00,-977.829,82.262,0.144458,0.295170
1700,5L1C,85.42,0.679600,1.00,-2616.132,152.907,0.229948,0.673850
1701,5L82,52.03,0.475500,1.00,-2511.982,154.186,0.589036,0.313830
1702,5LAH,36.67,0.417700,1.00,-2873.958,310.995,0.975595,0.330990
1703,5LBJ,83.57,0.805500,1.00,-2812.469,97.416,0.213842,0.637000
1704,5LCS,63.83,0.548100,1.00,-3692.451,325.929,1.026197,0.549100
1705,5LM0,91.96,0.712100,1.00,-1965.133,86.722,0.128158,0.707110
1706,5LME,38.37,0.363700,1.00,-2805.538,265.142,0.749762,0.253170
1707,5M9U,95.24,0.734700,1.00,-1252.549,89.560,0.082783,0.422290
1708,5N5A,25.68,0.365600,1.00,-1072.023,218.720,1.641149,0.187890
1709,5N5B,41.96,0.634300,1.00,-889.589,143.182,0.826257,0.255180
1710,5NAM,63.02,0.697900,1.00,-3993.826,100.233,0.548324,0.577070
1711,5NAO,76.43,0.748400,1.00,-2832.306,56.330,0.544580,0.679940
1712,5NDA,88.64,0.766600,1.00,-2103.376,82.415,0.182321,0.638380
1713,5NVB,36.67,0.475900,1.00,-332.150,67.838,0.565756,0.128160
1714,5OAP,76.39,0.638300,1.00,-660.584,123.403,0.314045,0.379890
1715,5T3M,96.43,0.763400,1.00,-2457.072,182.239,0.093518,0.819790
1716,5T42,37.23,0.593500,1.00,-3543.207,115.938,0.845116,0.368390
1717,5T4R,53.57,0.505700,1.00,-2663.998,164.019,0.523170,0.383200
1718,5T7Q,76.19,0.683200,1.00,-1029.945,76.243,0.537570,0.375860
1719,5TCZ,34.38,0.382200,1.00,-2015.837,148.696,0.774009,0.208350
1720,5TJ1,43.42,0.452000,1.00,-717.857,112.572,0.777892,0.140690
1721,5TX8,95.54,0.786500,1.00,-2058.914,87.186,0.095625,0.792850
1722,5UG3,84.21,0.613400,1.00,-1217.977,52.697,0.205945,0.354490
1723,5UG5,81.58,0.647600,1.00,-1184.951,76.212,0.209043,0.332350
1724,5UI6,33.33,0.522600,1.00,-435.067,100.048,1.163994,0.214660
1725,5UI7,44.74,0.478500,1.00,-758.699,68.962,0.705600,0.140440
1726,5UJG,77.08,0.604800,1.00,-1577.876,85.442,0.244744,0.354550
1727,5UJH,64.13,0.503700,1.00,-1363.545,94.660,0.347870,0.219830
1728,5UJQ,87.93,0.696500,1.00,-1988.644,44.417,0.191817,0.634040
1729,5UJR,63.64,0.590200,1.00,-2138.973,84.979,0.663710,0.454110
1730,5UKZ,30.11,0.351100,1.00,-2037.477,275.129,0.964271,0.313570
1731,5UOI,89.53,0.697300,1.00,-3819.323,125.602,0.170493,0.808420
1732,5UP5,84.38,0.653000,1.00,-3220.551,216.223,0.159080,0.700520
1733,5UY2,46.25,0.541700,1.00,-1327.196,37.851,0.541427,0.128090
1734,5UZL,37.12,0.432300,1.00,-1552.900,197.615,0.827057,0.261720
1735,5V0Y,92.86,0.714700,1.00,-1383.434,95.329,0.104705,0.424200
1736,5V11,85.71,0.755900,1.00,-1207.653,102.107,0.149764,0.328810
1737,5V2B,53.75,0.621400,1.00,-1308.250,43.668,0.447240,0.143840
1738,5V4C,44.12,0.510000,1.00,-293.497,80.396,0.561553,0.138410
1739,5V4U,78.75,0.693100,1.00,-2822.367,132.622,0.233400,0.657760
1740,5VAV,91.07,0.732400,1.00,-620.689,55.354,0.101571,0.453410
1741,5VFW,54.00,0.450000,1.00,-1903.382,57.771,0.513048,0.319500
1742,5VL6,38.24,0.400900,1.00,-434.553,72.891,0.567141,0.106290
1743,5VR5,56.25,0.507000,1.00,-1357.894,44.746,0.383787,0.184590
1744,5W54,53.00,0.423900,1.00,-1140.509,117.048,0.612741,0.275680
1745,5W9F,91.46,0.732800,1.00,-3299.921,237.743,0.103191,0.817750
1746,5WCV,62.07,0.523800,1.00,-1893.613,159.253,0.458619,0.382150
1747,5WE3,69.85,0.538300,1.00,-2481.996,174.456,0.285889,0.468940
1748,5WOD,82.89,0.729300,1.00,-3023.969,63.472,0.153574,0.630830
1749,5WOV,79.41,0.721000,1.00,-2019.156,153.856,0.328664,0.643460
1750,5WOW,72.44,0.573100,1.00,-2614.704,262.765,0.469286,0.568560
1751,5WRX,38.46,0.492100,1.00,-443.578,51.944,0.712757,0.148140
1752,5WUZ,38.95,0.377600,1.00,-2988.549,299.290,0.820754,0.360100
1753,5WXE,72.32,0.579600,1.00,-2045.369,146.567,0.276533,0.413910
1754,5WYE,32.81,0.504600,1.00,-449.552,94.970,0.935933,0.137100
1755,5X34,84.03,0.706800,1.00,-2239.603,175.714,0.168277,0.613550
1756,5X35,84.03,0.715200,1.00,-2239.603,175.714,0.150669,0.679390
1757,5X36,83.33,0.710500,1.00,-2239.603,175.714,0.158992,0.645570
1758,5X37,86.81,0.728500,1.00,-2239.603,175.714,0.146747,0.668800
1759,5X38,84.03,0.723800,1.00,-2239.603,175.714,0.153813,0.664320
1760,5X39,93.06,0.777400,1.00,-2322.989,274.479,0.115901,0.786470
1761,5X3C,92.36,0.771000,1.00,-2153.866,218.554,0.166898,0.788220
1762,5X3L,77.50,0.677800,1.00,-1314.283,49.127,0.224816,0.302650
1763,5XA6,67.76,0.480600,1.00,-2450.479,257.323,0.394818,0.481980
1764,5XBD,65.28,0.523800,1.00,-2216.816,164.056,0.336701,0.461120
1765,5XDI,50.62,0.457700,1.00,-2766.974,176.666,0.562447,0.345480
1766,5XDJ,86.90,0.728800,1.00,-1124.138,35.898,0.135680,0.481990
1767,5XEK,37.50,0.366600,1.00,-3573.787,169.863,0.845419,0.265040
1768,5XIV,68.75,0.550100,1.00,-1234.248,115.149,0.261118,0.150220
1769,5XM4,41.18,0.563800,1.00,-553.047,66.720,1.176732,0.182050
1770,5XNG,94.12,0.737900,1.00,-1418.795,41.166,0.097711,0.468330
1771,5XO3,66.67,0.628100,1.00,-974.319,93.585,0.303629,0.226450
1772,5XO4,77.38,0.633200,1.00,-786.491,92.716,0.242053,0.243790
1773,5XO5,61.90,0.582700,1.00,-721.506,115.497,0.584385,0.216930
1774,5XRX,57.35,0.543000,1.00,-1418.795,41.166,0.573515,0.285900
1775,5Y0H,86.90,0.750900,1.00,-1218.193,73.490,0.207878,0.468050
1776,5Y0I,90.48,0.740800,1.00,-1236.229,104.519,0.095359,0.442320
1777,5Y0J,91.67,0.753400,1.00,-1156.367,107.716,0.110313,0.401120
1778,5Y22,78.41,0.685000,1.00,-1292.010,128.677,0.296502,0.371420
1779,5Y3U,81.82,0.681900,1.00,-1292.010,128.677,0.204862,0.334400
1780,5YKK,65.28,0.550200,1.00,-1145.273,50.690,0.396635,0.332990
1781,5YKL,60.53,0.549500,1.00,-1209.128,46.020,0.509729,0.234390
1782,5YKQ,64.47,0.523900,1.00,-1163.955,54.412,0.413284,0.261120
1783,5YZ6,76.53,0.635600,1.00,-4213.913,200.052,0.229203,0.675300
1784,5YZK,90.82,0.727100,1.00,-4399.128,204.006,0.123571,0.824540
1785,5Z1Y,51.19,0.471700,1.00,-1003.431,96.701,0.573933,0.277640
1786,5Z26,54.17,0.491800,1.00,-724.941,38.773,0.548231,0.249140
1787,5Z2O,90.28,0.695900,1.00,-1071.816,33.713,0.159394,0.480160
1788,5Z31,43.06,0.450200,1.00,-579.984,116.533,0.645836,0.199570
1789,5Z32,29.17,0.427100,1.00,-536.156,96.043,0.818566,0.123590
1790,5Z5W,77.08,0.597700,1.00,-733.952,35.509,0.251687,0.354290
1791,5Z5X,70.83,0.576300,1.00,-1375.446,49.841,0.432285,0.354060
1792,5ZCN,33.33,0.383300,1.00,-1113.114,69.391,0.819638,0.163530
1793,5ZNF,50.83,0.503900,1.00,-1710.893,114.045,0.777587,0.377580
1794,5ZV6,78.33,0.704900,1.00,-1809.874,163.470,0.219598,0.474630
1795,5ZYX,60.00,0.552000,1.00,-1449.730,46.481,0.551073,0.327940
1796,6A5J,78.85,0.634900,1.00,-616.197,32.869,0.253879,0.365180
1797,6A8Y,45.19,0.511700,1.00,-1230.654,225.061,0.892429,0.302520
1798,6AAB,71.43,0.655700,1.00,-786.491,92.716,0.501467,0.250550
1799,6AFQ,79.76,0.694200,1.00,-974.319,93.585,0.217926,0.371960
1800,6AHZ,60.00,0.588300,1.00,-2058.376,273.008,0.509789,0.446120
1801,6AK0,40.48,0.454800,1.00,-1073.625,87.412,0.882801,0.186110
1802,6AX2,34.78,0.337400,1.00,-2918.209,254.732,0.949411,0.268480
1803,6B3U,71.25,0.708000,1.00,-3552.146,91.666,0.443314,0.553270
1804,6B5W,43.42,0.460900,1.00,-733.221,105.349,0.778204,0.156840
1805,6B9K,60.00,0.504500,1.00,-277.070,46.542,0.286998,0.361360
1806,6B9W,77.94,0.656300,1.00,-2872.601,138.340,0.321992,0.593900
1807,6BAM,81.62,0.620800,1.00,-2687.241,142.279,0.269551,0.666520
1808,6BB6,82.35,0.646900,1.00,-2789.021,151.953,0.268816,0.647240
1809,6BEQ,55.00,0.526400,1.00,-219.769,52.599,0.503817,0.269340
1810,6BET,45.83,0.561100,1.00,-362.147,58.620,0.667735,0.186980
1811,6BEU,50.00,0.452100,1.00,-682.725,81.120,0.522329,0.211060
1812,6BI5,84.68,0.674800,1.00,-2480.531,111.070,0.271605,0.657390
1813,6BJF,92.31,0.741500,1.00,-939.463,26.749,0.090596,0.500810
1814,6BUC,61.11,0.470900,1.00,-2346.036,186.397,0.502113,0.439470
1815,6BVU,78.57,0.636200,1.00,-602.624,62.508,0.352502,0.386560
1816,6BVW,78.57,0.603300,1.00,-602.624,62.508,0.406225,0.350930
1817,6BVX,60.71,0.415100,1.00,-722.765,81.842,0.417631,0.226000
1818,6BX9,46.67,0.457500,1.00,-757.696,67.362,0.538514,0.178370
1819,6CEG,92.50,0.681600,1.00,-1748.127,172.051,0.125085,0.727170
1820,6CEI,36.72,0.413000,1.00,-1923.211,167.949,0.672168,0.248950
1821,6CEJ,62.50,0.497900,1.00,-500.192,45.024,0.365554,0.268100
1822,6CFA,77.63,0.678400,1.00,-947.839,83.238,0.180558,0.319570
1823,6CFB,63.71,0.559700,1.00,-1826.385,160.185,0.364920,0.406070
1824,6CGW,31.90,0.371700,1.00,-1743.317,143.887,1.188232,0.238330
1825,6CGX,72.73,0.677500,1.00,-1067.617,145.664,0.495434,0.387010
1826,6CHC,28.33,0.416200,1.00,-1684.318,132.705,1.069156,0.151840
1829,6CJ8,77.94,0.611700,1.00,-1350.076,40.723,0.217570,0.383210
1830,6CKD,75.69,0.637900,1.00,-2580.559,133.500,0.336606,0.584040
1831,6CKF,77.78,0.639100,1.00,-2580.559,133.500,0.314868,0.635480
1832,6CMH,57.14,0.480100,1.00,-1268.676,83.035,0.623928,0.272920
1833,6COO,83.82,0.674700,1.00,-1223.792,32.442,0.171168,0.429940
1834,6COP,82.35,0.608900,1.00,-1225.785,47.412,0.161911,0.404090
1835,6COQ,83.82,0.678200,1.00,-1279.389,47.281,0.160382,0.417080
1836,6COR,86.76,0.667000,1.00,-1150.343,76.890,0.168509,0.384820
1837,6COS,67.65,0.549600,1.00,-1350.076,40.723,0.341486,0.266910
1838,6COT,70.59,0.650600,1.00,-1298.326,29.081,0.318120,0.335690
1839,6COU,83.82,0.662400,1.00,-1162.838,43.392,0.290586,0.480630
1840,6COV,72.06,0.584000,1.00,-1298.326,29.081,0.397233,0.351760
1841,6COW,82.35,0.614500,1.00,-1350.076,40.723,0.216259,0.334030
1842,6CSK,90.79,0.750300,1.00,-1069.583,45.964,0.138657,0.384730
1843,6CSZ,86.84,0.739500,1.00,-843.649,59.939,0.199987,0.437480
1844,6CT1,75.00,0.639100,1.00,-1146.922,82.414,0.274603,0.403550
1845,6CT4,77.63,0.684200,1.00,-1050.900,61.778,0.283771,0.417850
1846,6D3T,95.83,0.744600,1.00,-2028.457,108.524,0.078539,0.804610
1847,6D8H,92.19,0.786100,1.00,-2098.935,127.147,0.128464,0.795560
1848,6D8Q,96.77,0.801000,1.00,-2086.005,94.625,0.097371,0.857840
1849,6D8R,90.32,0.706600,1.00,-2107.585,143.867,0.160705,0.688220
1850,6D8S,93.55,0.713200,1.00,-2148.259,111.150,0.107100,0.718780
1851,6D8T,94.35,0.707000,1.00,-2192.166,105.963,0.123125,0.739410
1852,6D8U,95.16,0.737600,1.00,-2157.408,121.343,0.114114,0.770670
1853,6D8Y,88.71,0.693200,1.00,-2105.598,106.779,0.159517,0.685220
1854,6D93,95.97,0.756500,1.00,-2074.451,120.113,0.106266,0.772120
1855,6D9O,93.55,0.714800,1.00,-2204.584,116.898,0.141723,0.761510
1856,6D9P,93.55,0.749000,1.00,-2048.777,153.154,0.108872,0.721180
1857,6DHR,81.90,0.705900,1.00,-1984.630,176.736,0.250882,0.650310
1858,6DMZ,61.70,0.477800,1.00,-3496.199,234.333,0.438939,0.600840
1859,6DST,75.96,0.689400,1.00,-1893.235,51.278,0.223451,0.442650
1860,6DZ9,44.64,0.543700,1.00,-405.350,70.927,1.024173,0.245720
1861,6DZA,45.31,0.536400,1.00,-450.115,91.700,1.014413,0.141720
1862,6DZB,35.94,0.532900,1.00,-470.732,78.343,1.227287,0.170340
1863,6DZC,42.19,0.560800,1.00,-505.298,74.975,1.073117,0.221660
1864,6DZE,40.62,0.504500,1.00,-471.686,84.985,0.937495,0.154140
1865,6E1L,76.04,0.604900,1.00,-1515.336,81.730,0.278172,0.394300
1867,6EFE,72.22,0.650600,1.00,-2106.057,78.182,0.230431,0.375230
1868,6ENA,54.84,0.490500,1.00,-1794.909,223.147,0.531949,0.341090
1869,6F46,47.14,0.550500,1.00,-2582.659,96.329,0.834340,0.409740
1870,6F61,92.74,0.764100,1.00,-1902.898,153.024,0.150822,0.740800
1871,6FGM,91.67,0.687100,1.00,-604.125,42.350,0.114852,0.449830
1872,6FS4,70.97,0.630400,1.00,-2157.793,102.536,0.391088,0.560600
1873,6FS5,60.26,0.669800,1.00,-3102.670,102.773,0.492578,0.450340
1874,6G4I,75.00,0.692900,1.00,-1501.192,91.147,0.217934,0.358250
1875,6G4K,75.00,0.666200,1.00,-1501.192,91.147,0.298632,0.409010
1876,6G4U,60.42,0.705800,1.00,-1501.192,91.147,0.528615,0.374100
1877,6G4V,65.62,0.628400,1.00,-1531.740,58.658,0.319274,0.364870
1878,6G4X,66.67,0.633000,1.00,-1531.740,58.658,0.466176,0.379240
1880,6GIF,65.83,0.631700,1.00,-1896.145,137.244,0.501860,0.454570
1881,6GIG,70.00,0.643500,1.00,-1889.019,115.158,0.405023,0.521260
1882,6GIJ,80.00,0.630900,1.00,-803.498,25.410,0.288392,0.320820
1883,6GIK,63.46,0.566600,1.00,-781.612,28.658,0.330715,0.285280
1884,6GIL,44.23,0.541900,1.00,-618.958,27.307,0.495865,0.177230
1885,6GNZ,72.22,0.657700,1.00,-1704.171,48.913,0.356067,0.372240
1886,6GO0,73.08,0.714400,1.00,-1228.675,93.635,0.333486,0.379910
1887,6GS5,86.54,0.680400,1.00,-984.930,29.460,0.209573,0.464760
1888,6GS9,87.50,0.711700,1.00,-906.559,36.974,0.123292,0.310720
1889,6HH0,68.00,0.646000,1.00,-1422.731,66.608,0.336561,0.312810
1890,6HN9,62.88,0.641300,1.00,-2259.736,55.977,0.638457,0.479310
1891,6HT4,75.00,0.571700,1.00,-984.911,96.342,0.310574,0.257820
1892,6HZ2,69.44,0.685100,1.00,-1665.017,90.658,0.239009,0.448840
1893,6IHA,77.50,0.798100,1.00,-1644.756,85.470,0.271552,0.495610
1894,6ITH,84.15,0.725700,1.00,-3453.794,66.179,0.337834,0.768050
1895,6J12,47.32,0.509000,1.00,-2049.630,60.709,0.866382,0.298020
1896,6J9P,91.67,0.672800,1.00,-748.278,23.690,0.152706,0.430730
1897,6JI7,73.61,0.584800,1.00,-2771.061,166.966,0.221904,0.517730
1898,6JIC,56.94,0.448200,1.00,-2086.769,175.559,0.618738,0.477380
1899,6K4V,41.25,0.345400,1.00,-2388.663,171.882,1.417537,0.295400
1900,6K4W,45.00,0.552500,1.00,-2151.187,222.197,0.889977,0.323820
1901,6K50,77.50,0.660800,1.00,-2850.831,190.070,0.279182,0.667740
1902,6K51,78.75,0.663900,1.00,-2833.558,224.532,0.278872,0.672140
1903,6KLM,76.47,0.591500,1.00,-2456.906,160.290,0.311958,0.540810
1904,6KRA,46.21,0.393200,1.00,-2089.719,297.307,0.617591,0.280340
1905,6L8R,32.58,0.452100,1.00,-737.061,205.680,1.283824,0.217450
1906,6LF5,64.71,0.660800,1.00,-2198.059,137.758,0.418583,0.426190
1907,6M0Y,85.42,0.574300,1.00,-751.891,26.869,0.248759,0.532220
1908,6M19,35.00,0.528500,1.00,-525.845,88.743,1.055261,0.257350
1909,6M56,35.83,0.234400,1.00,-2078.609,178.017,1.443067,0.224130
1910,6M5C,76.28,0.645300,1.00,-2485.579,233.102,0.220351,0.580640
1911,6MBM,89.06,0.642000,1.00,-995.531,41.006,0.125397,0.423430
1912,6MF8,50.00,0.557400,1.00,-3638.914,105.400,1.477202,0.430000
1913,6MJV,51.56,0.456100,1.00,-1474.571,147.363,0.606822,0.302100
1914,6MK4,40.83,0.410100,1.00,-1961.838,175.718,0.903826,0.240110
1915,6MK5,66.18,0.563900,1.00,-2380.049,202.463,0.371657,0.453380
1916,6MM4,84.85,0.690900,1.00,-2003.289,233.518,0.168608,0.639860
1917,6MW6,42.11,0.431800,1.00,-820.488,79.185,0.962171,0.186920
1918,6MZT,50.00,0.454200,1.00,-2326.898,191.196,0.735531,0.407940
1919,6NK9,86.72,0.682600,1.00,-1891.091,91.642,0.311425,0.693120
1920,6NOM,39.36,0.427100,1.00,-2872.233,309.083,0.687466,0.351810
1921,6NOX,94.64,0.770300,1.00,-663.771,66.476,0.080472,0.474750
1922,6NUG,62.50,0.489500,1.00,-1415.887,100.509,0.474391,0.346980
1923,6NW8,63.89,0.483000,1.00,-1417.519,186.759,0.413799,0.409540
1924,6O3Q,77.04,0.713900,1.00,-3753.768,247.063,0.553587,0.695240
1925,6O3S,81.38,0.669900,1.00,-3814.618,118.781,0.236974,0.708610
1931,6OBK,65.70,0.546300,1.00,-4552.121,147.970,0.310527,0.567120
1932,6OBW,60.29,0.519100,1.00,-1265.302,43.654,0.532052,0.247850
1933,6OC2,47.06,0.461000,1.00,-1197.121,42.319,0.442899,0.241740
1934,6OC4,55.88,0.530900,1.00,-1178.349,67.027,0.401061,0.338670
1935,6OFA,89.39,0.751900,1.00,-2859.208,105.723,0.163588,0.718720
1936,6OLD,66.18,0.595900,1.00,-1178.349,67.027,0.374205,0.285600
1937,6OQP,69.23,0.559000,1.00,-634.848,55.018,0.325804,0.225850
1938,6OTA,75.00,0.592400,1.00,-739.011,58.822,0.267186,0.272840
1939,6OTB,53.95,0.485200,1.00,-1000.657,88.384,0.631183,0.206130
1940,6OVJ,53.85,0.477900,1.00,-633.861,49.131,0.477786,0.312420
1941,6PIN,94.44,0.786900,1.00,-1016.293,77.429,0.088707,0.469160
1942,6PIO,95.83,0.751200,1.00,-981.995,90.744,0.110820,0.456860
1943,6PIP,94.44,0.793800,1.00,-1054.821,75.215,0.103490,0.519090
1945,6POR,33.04,0.470500,1.00,-1218.322,114.920,1.605333,0.169560
1946,6PPC,79.55,0.708600,1.00,-1784.296,243.992,0.223695,0.575350
1947,6PX7,25.74,0.330400,1.00,-2744.108,105.908,0.849640,0.175140
1948,6PX8,84.46,0.702600,1.00,-2725.195,145.196,0.272757,0.729120
1949,6Q1X,31.06,0.389900,1.00,-1441.506,217.726,1.420261,0.201500
1950,6Q5Z,67.24,0.509800,1.00,-1777.470,157.137,0.438418,0.366610
1951,6QAX,65.38,0.592100,1.00,-250.249,76.808,0.332828,0.302660
1952,6QB0,48.08,0.627700,1.00,-229.798,68.394,0.488748,0.223720
1953,6QB1,65.38,0.672100,1.00,-208.664,52.565,0.336610,0.282230
1954,6QES,49.38,0.404100,1.00,-3315.075,246.851,0.421130,0.434460
1955,6QET,84.52,0.710900,1.00,-2681.342,250.145,0.431126,0.734450
1956,6QJB,83.12,0.698100,1.00,-2409.659,194.478,0.206677,0.707110
1957,6QKF,84.72,0.675000,1.00,-1038.210,80.312,0.238593,0.389890
1958,6R2X,74.00,0.595800,1.00,-1893.024,71.638,0.356319,0.513860
1959,6R95,63.54,0.687600,1.00,-1539.498,59.832,0.373788,0.366940
1960,6R96,54.17,0.619700,1.00,-1539.498,59.832,0.586517,0.348860
1961,6RRL,93.75,0.665800,1.00,-814.031,28.871,0.189107,0.437400
1962,6RRO,93.18,0.606600,1.00,-593.394,46.192,0.099706,0.478770
1963,6RSF,52.00,0.515300,1.00,-1497.344,41.427,0.444706,0.238430
1964,6RSG,45.00,0.499700,1.00,-1318.295,27.383,0.640152,0.212250
1965,6RSM,54.55,0.550200,1.00,-269.042,76.213,0.347548,0.338320
1966,6RY9,51.92,0.537500,1.00,-1393.356,27.368,0.475010,0.217890
1967,6RYQ,55.00,0.469000,1.00,-1016.696,24.595,0.422778,0.161450
1968,6RZ1,43.75,0.533100,1.00,-1564.125,42.211,0.619775,0.165140
1969,6RZC,55.00,0.547600,1.00,-1531.489,40.463,0.415122,0.239360
1970,6S2D,51.04,0.571700,1.00,-1325.149,24.220,0.546520,0.201060
1971,6SAA,88.39,0.707400,1.00,-1564.401,116.801,0.230315,0.676810
1972,6SAB,47.79,0.436400,1.00,-2078.114,209.448,0.670181,0.333270
1973,6SFT,23.61,0.532200,1.00,-1296.986,200.905,1.495732,0.190680
1974,6SVC,83.57,0.741100,1.00,-2188.042,182.768,0.221297,0.616240
1975,6SVE,85.71,0.714100,1.00,-2188.042,182.768,0.172553,0.685420
1976,6SVH,87.14,0.750000,1.00,-2188.042,182.768,0.159534,0.691980
1977,6SY2,82.14,0.767900,1.00,-3699.333,248.707,0.315204,0.732380
1978,6SZF,32.14,0.527400,1.00,-2320.290,97.922,1.024152,0.293230
1979,6T33,33.52,0.349700,1.00,-2574.414,268.476,0.697415,0.275040
1980,6TVJ,37.50,0.431700,1.00,-320.020,40.143,0.559154,0.365230
1981,6TWG,88.46,0.672800,1.00,-838.054,37.468,0.274870,0.595420
1982,6U24,55.36,0.657700,1.00,-412.198,58.762,1.036883,0.265790
1983,6U6G,45.83,0.380800,1.00,-2481.159,192.245,0.908307,0.301250
1984,6U7Q,96.43,0.758500,1.00,-509.820,71.073,0.072648,0.466860
1985,6U7R,98.21,0.798800,1.00,-646.543,71.183,0.077753,0.475780
1986,6U7S,83.93,0.785000,1.00,-628.811,78.919,0.165513,0.426710
1987,6U7U,46.43,0.575200,1.00,-368.420,47.767,0.860233,0.318710
1988,6U7W,53.57,0.709200,1.00,-418.447,61.304,1.141698,0.269710
1989,6U7X,48.21,0.628500,1.00,-434.612,52.073,1.061913,0.263020
1990,6UCH,59.15,0.657100,1.00,-2158.278,151.341,0.843012,0.476330
1991,6V1N,54.41,0.528500,1.00,-1124.889,50.798,0.396337,0.225400
1992,6V6T,78.57,0.653000,1.00,-2336.282,216.441,0.286341,0.597380
1993,6VE9,29.76,0.335500,1.00,-1035.951,113.888,0.930688,0.087130
1994,6VGT,44.74,0.444700,1.00,-2265.211,118.072,1.268567,0.305120
1995,6VH8,77.08,0.629900,1.00,-3078.952,222.544,0.204351,0.581760
1996,6VLA,83.82,0.680900,1.00,-1090.371,69.069,0.208283,0.481150
1997,6VLJ,47.37,0.502400,1.00,-733.142,73.262,0.731920,0.185090
1998,6VNZ,87.90,0.698100,1.00,-2126.152,132.866,0.128928,0.650630
1999,6VPN,73.40,0.602100,1.00,-3120.653,252.265,0.428089,0.707380
2000,6VXG,28.49,0.345800,1.00,-1766.717,158.848,1.067390,0.198830
2001,6VY8,53.57,0.634700,1.00,-412.198,58.762,1.015349,0.275330
2002,6WQJ,71.43,0.625700,1.00,-2940.070,93.398,0.298803,0.483640
2003,6WQL,81.12,0.646700,1.00,-3966.221,116.720,0.332819,0.708020
2004,6X7I,75.89,0.686700,1.00,-2035.764,50.110,0.514070,0.651030
2005,6XCR,60.00,0.652600,1.00,-3533.809,100.763,0.711771,0.598530
2006,6XCU,68.89,0.638200,1.00,-3308.588,132.307,0.525263,0.613220
2007,6XN9,30.95,0.386600,1.00,-3275.911,256.186,0.880471,0.267280
2008,6XTH,44.44,0.425600,1.00,-937.032,79.535,0.783156,0.132900
2009,6XTI,30.88,0.399600,1.00,-876.862,47.694,0.869428,0.145280
2010,6XYH,89.38,0.676900,1.00,-2536.151,256.493,0.160999,0.770530
2011,6XYI,78.57,0.608200,1.00,-2359.451,297.859,0.265253,0.633560
2012,6Y1Q,48.21,0.419800,1.00,-682.619,59.056,0.435525,0.299540
2013,6YHF,70.83,0.683100,1.00,-2003.262,50.421,0.288490,0.485830
2014,6YHI,70.00,0.730800,1.00,-2206.506,58.891,0.332308,0.492210
2015,6YHO,65.83,0.686200,1.00,-2045.233,38.258,0.391694,0.407340
2016,6YHP,73.33,0.712600,1.00,-1987.420,45.294,0.370459,0.485750
2017,6YHX,79.17,0.709700,1.00,-1845.245,59.141,0.219260,0.542430
2018,6YJL,53.03,0.522800,1.00,-1779.625,126.474,0.624490,0.219880
2019,6YSE,96.74,0.758100,1.00,-4278.869,106.059,0.086340,0.886940
2020,6Z0G,48.47,0.639500,1.00,-3243.281,188.986,0.712578,0.424510
2021,6Z0H,60.20,0.691100,1.00,-3328.487,197.764,0.743434,0.537300
2022,6Z0I,51.53,0.639900,1.00,-3243.281,188.986,0.885606,0.469560
2023,7ALD,91.25,0.698200,1.00,-1027.548,98.385,0.112083,0.411610
2024,7ASY,57.58,0.638600,1.00,-2685.681,53.207,0.422148,0.413980
2025,7AT7,65.15,0.706800,1.00,-2615.149,57.693,0.546299,0.564240
2026,7ATB,68.94,0.684200,1.00,-2939.832,57.743,0.489667,0.520080
2027,7AY8,55.77,0.425000,1.00,-2644.426,191.563,0.525052,0.595050
2028,7B2F,54.03,0.555000,1.00,-2125.643,101.352,0.750590,0.421360
2029,7BW5,39.71,0.529100,1.00,-482.672,79.927,1.042557,0.111900
2030,7BWI,42.86,0.404100,1.00,-3222.656,217.720,0.895573,0.426900
2031,7BX2,92.86,0.699500,1.00,-681.253,34.319,0.106721,0.445390
2032,7BZ7,45.00,0.425500,1.00,-815.086,44.225,0.679509,0.190800
2033,7BZ8,45.00,0.405200,1.00,-916.730,48.605,0.701639,0.095230
2034,7BZ9,43.33,0.406900,1.00,-778.067,45.750,0.658329,0.174950
2035,7BZA,43.33,0.414700,1.00,-919.525,50.291,0.630660,0.166770
2036,7CCN,60.29,0.562400,1.00,-532.670,122.946,0.430307,0.264630
2037,7CCO,61.76,0.586700,1.00,-532.670,122.946,0.413370,0.256010
2038,7CK5,71.43,0.624300,1.00,-1937.450,76.215,0.371105,0.487260
2039,7CKD,25.64,0.246900,1.00,-3124.601,180.236,1.094622,0.217610
2040,7CKE,30.13,0.351000,1.00,-3124.601,180.236,0.908633,0.195860
2041,7CSS,69.23,0.545100,1.00,-609.294,96.668,0.281126,0.200730
2042,7CU6,41.67,0.430600,1.00,-924.041,67.512,0.658074,0.211200
2043,7D13,83.97,0.779100,1.00,-2774.854,55.734,0.197225,0.679060
2044,7D16,48.08,0.544300,1.00,-2774.854,55.734,1.036742,0.434050
2045,7D37,57.69,0.501700,1.00,-609.294,96.668,0.409448,0.188190
2046,7DEH,78.23,0.725400,1.00,-1902.211,103.104,0.262285,0.537950
2047,7EDK,57.89,0.479700,1.00,-954.839,94.730,0.418641,0.115870
2048,7EES,38.75,0.563000,1.00,-582.460,95.310,1.229608,0.174320
2049,7ELY,35.58,0.385100,1.00,-2018.228,151.384,0.655903,0.235780
2050,7F32,76.39,0.663700,1.00,-1019.250,93.815,0.223072,0.215120
2051,7JIA,80.21,0.665700,1.00,-1203.291,161.701,0.227007,0.422040
2052,7JIY,96.88,0.708400,1.00,-1555.831,132.045,0.094111,0.614890
2053,7JNN,37.50,0.351000,1.00,-3394.195,241.958,0.832973,0.358290
2054,7JPM,75.60,0.655400,1.00,-2551.893,214.726,0.379082,0.620540
2055,7JS6,30.00,0.562000,1.00,-379.169,70.765,1.094349,0.157830
2056,7K1M,100.00,0.693100,1.00,-693.319,44.192,0.057584,0.521670
2057,7K7X,75.86,0.637100,1.00,-2038.711,143.533,0.248885,0.476230
2058,7KNN,67.19,0.576200,1.00,-1024.292,37.364,0.359479,0.349830
2059,7KPD,76.72,0.625700,1.00,-2325.939,206.890,0.455164,0.523940
2060,7L53,48.21,0.395400,1.00,-1906.164,208.854,0.440199,0.192040
2061,7L54,47.32,0.387200,1.00,-1906.164,208.854,0.469492,0.207530
2062,7L55,43.75,0.321000,1.00,-1906.164,208.854,0.657861,0.177650
2063,7L7A,55.36,0.465100,1.00,-703.044,86.480,0.349619,0.220580
2064,7L83,54.05,0.687500,1.00,-2930.312,84.726,1.161477,0.455340
2065,7LCW,35.00,0.570600,1.00,-379.999,80.850,1.065672,0.190660
2066,7LGL,50.00,0.503500,1.00,-2916.878,208.939,0.949953,0.405190
2067,7LGV,61.98,0.582500,1.00,-3034.095,346.682,0.656083,0.516210
2068,7LHC,78.45,0.677000,1.00,-1849.175,227.103,0.374816,0.524930
2069,7LI2,40.91,0.567400,1.00,-811.515,121.642,0.955458,0.152500
2070,7LIF,46.59,0.522500,1.00,-811.515,121.642,0.838407,0.159960
2071,7LP4,70.21,0.607300,1.00,-2906.179,247.340,0.488398,0.574830
2072,7LQR,77.38,0.655100,1.00,-1233.613,97.259,0.213331,0.337640
2073,7LQS,76.67,0.580600,1.00,-876.527,70.722,0.353680,0.368020
2074,7LRW,40.48,0.473600,1.00,-1435.229,107.326,0.565297,0.187850
2075,7LSO,91.67,0.740400,1.00,-1183.478,37.693,0.090622,0.523520
2076,7LSP,84.72,0.674700,1.00,-1183.478,37.693,0.129145,0.493660
2077,7LT7,24.29,0.292400,1.00,-1628.934,224.216,1.265507,0.219580
2078,7LVE,68.62,0.594500,1.00,-3656.288,157.488,0.311588,0.541450
2079,7LVG,55.00,0.513400,1.00,-3506.755,180.803,0.640810,0.445310
2080,7LX4,46.34,0.403600,1.00,-2986.898,260.795,0.536249,0.347920
2081,7LZL,41.22,0.365100,1.00,-2398.534,226.473,0.713266,0.208150
2082,7M1D,46.35,0.470800,1.00,-3114.676,209.977,0.823913,0.385660
2083,7M1E,74.11,0.715300,1.00,-1847.241,49.760,0.285017,0.491660
2084,7M3U,43.52,0.322700,1.00,-1966.033,290.693,0.552092,0.170360
2085,7MJ3,31.82,0.358900,1.00,-3426.837,278.647,0.971605,0.301040
2086,7MY8,35.12,0.446400,1.00,-3655.170,199.879,0.915508,0.345010
2087,7N0T,64.06,0.508400,1.00,-797.951,76.035,0.440838,0.357530
2088,7N21,64.71,0.452300,1.00,-652.366,75.737,0.395575,0.292940
2089,7N23,69.12,0.470700,1.00,-652.366,75.737,0.382130,0.290230
2090,7N25,64.06,0.531600,1.00,-797.951,76.035,0.425878,0.280040
2091,7NIP,52.44,0.599800,1.00,-3477.571,128.696,0.874337,0.398740
2092,7NS1,75.00,0.765200,1.00,-2885.504,47.314,0.301352,0.658800
2093,7OB2,85.00,0.563500,1.00,-582.153,40.564,0.196857,0.526620
2094,7OD2,36.76,0.359600,1.00,-2120.742,200.039,0.924943,0.300030
2095,7OFM,75.00,0.667900,1.00,-1856.358,105.863,0.355413,0.539380
2096,7OFO,76.67,0.667400,1.00,-1856.358,105.863,0.254456,0.611060
2097,7OSC,85.42,0.725800,1.00,-1561.038,111.120,0.185415,0.435890
2099,7P3M,96.15,0.721600,1.00,-727.496,24.250,0.072044,0.545770
2100,7P4X,82.26,0.713200,1.00,-2007.704,95.297,0.223914,0.605550
2101,7P55,78.41,0.640200,1.00,-1764.801,43.807,0.188103,0.291450
2102,7P5G,29.00,0.505200,1.00,-900.884,135.281,0.664992,0.160140
2103,7P5Q,28.00,0.500600,1.00,-976.089,130.772,1.160491,0.139260
2104,7P5S,29.00,0.320900,1.00,-1473.664,124.514,1.158753,0.168720
2105,7PH8,89.52,0.778200,1.00,-2603.023,56.112,0.140858,0.727370
2106,7PHT,78.33,0.760100,1.00,-2479.681,59.019,0.179632,0.530160
2107,7PL4,74.19,0.728900,1.00,-2050.845,73.774,0.297524,0.540310
2108,7PVB,54.35,0.568000,1.00,-3300.539,149.873,0.604390,0.450030
2109,7PVM,63.71,0.566000,1.00,-1489.511,80.856,0.446156,0.388460
2110,7QAL,47.86,0.719200,1.00,-2012.203,65.418,1.094937,0.341830
2111,7QAM,47.86,0.691500,1.00,-1971.191,115.167,0.746438,0.398180
2112,7QAO,56.43,0.669200,1.00,-1863.429,94.782,0.582202,0.393370
2113,7QAP,47.14,0.700200,1.00,-2196.140,79.736,0.620749,0.383000
2114,7QLF,63.24,0.474500,1.00,-736.761,118.561,0.389768,0.149200
2115,7QXJ,80.36,0.608800,1.00,-1890.529,82.175,0.212038,0.532370
2116,7RC7,66.41,0.525400,1.00,-1862.085,173.674,0.352375,0.530390
2117,7RC8,65.62,0.529400,1.00,-1862.085,173.674,0.331058,0.510200
2118,7RFA,73.28,0.653700,1.00,-1830.905,172.392,0.511966,0.490710
2119,7RN3,75.83,0.605700,1.00,-2079.320,260.227,0.464723,0.515740
2120,7S55,92.74,0.743500,1.00,-2138.366,197.151,0.133881,0.735530
2121,7S7P,33.33,0.344100,1.00,-2468.671,270.928,0.836794,0.232560
2122,7SAG,68.55,0.535300,1.00,-1888.823,130.327,0.467114,0.493260
2123,7SKC,83.09,0.670100,1.00,-2615.198,191.394,0.178203,0.615010
2124,7T6G,57.50,0.435400,1.00,-1076.022,52.613,0.455985,0.315060
2125,7T7W,90.91,0.659000,1.00,-604.628,33.162,0.159996,0.505580
2126,7TB9,37.50,0.451600,1.00,-392.241,80.898,0.568217,0.098270
2127,7TH8,56.06,0.483800,1.00,-2067.926,168.166,0.636281,0.361300
2128,7UNX,72.92,0.549300,1.00,-2817.571,177.203,0.857288,0.574760
2129,7UV3,66.67,0.563600,1.00,-3580.490,129.620,0.589818,0.564250
2130,7V5E,63.89,0.516100,1.00,-1043.709,86.154,0.418128,0.220250
2131,7V5F,64.52,0.549000,1.00,-2836.885,176.467,0.408124,0.385680
2132,7VOZ,75.86,0.770400,1.00,-1951.852,43.041,0.259433,0.467900
2133,7VQH,27.78,0.476500,1.00,-549.968,86.489,0.859404,0.170510
2134,7VQI,33.33,0.471500,1.00,-549.968,86.489,0.843856,0.146280
2135,7W8K,47.00,0.396800,1.00,-1704.782,154.207,0.503590,0.226690
2136,7W8O,41.35,0.441300,1.00,-1780.428,126.939,0.653248,0.166140
2137,7W8R,57.69,0.496400,1.00,-1780.428,126.939,0.459523,0.242020
2138,7W8T,47.12,0.417200,1.00,-1279.490,341.193,0.629557,0.174030
2139,7W8Z,59.21,0.582900,1.00,-2342.712,227.766,0.550515,0.430740
2140,7W96,42.59,0.355900,1.00,-1385.882,129.960,0.865719,0.228830
2141,7WE3,37.10,0.408400,1.00,-2006.855,166.719,0.739247,0.183300
2142,7WEI,35.48,0.345800,1.00,-2006.855,166.719,0.790374,0.222730
2143,7Y7L,41.67,0.364500,1.00,-3746.178,217.296,1.026352,0.351230
2144,7YAB,44.89,0.397400,1.00,-3207.257,234.004,0.928274,0.350790
2145,7YFS,54.69,0.538100,1.00,-941.500,29.419,0.581946,0.247260
2146,7YHF,49.31,0.455900,1.00,-2503.196,206.543,0.614887,0.354600
2147,7YHG,47.92,0.458500,1.00,-2503.196,206.543,0.621869,0.365860
2148,7YHH,47.92,0.461700,1.00,-2503.196,206.543,0.615451,0.359100
2149,7YHI,84.72,0.718200,1.00,-2263.774,158.203,0.147881,0.667310
2150,7YRV,46.43,0.524800,1.00,-2292.956,111.837,0.658183,0.248320
2151,7YRW,35.48,0.335500,1.00,-1982.601,274.103,0.787982,0.293430
2152,7YRX,70.16,0.600700,1.00,-2145.281,145.178,0.294887,0.440990
2153,7YSS,69.64,0.540700,1.00,-884.791,39.375,0.435936,0.448950
2154,7YYI,81.90,0.687300,1.00,-2094.254,72.194,0.132221,0.523290
2155,7Z07,81.03,0.717300,1.00,-2227.415,66.966,0.178501,0.482490
2156,7Z08,71.55,0.687700,1.00,-2068.200,97.179,0.307016,0.519400
2157,7Z0B,81.03,0.729700,1.00,-2419.057,79.109,0.168661,0.644270
2159,7ZNF,85.83,0.723000,1.00,-1892.369,136.253,0.226092,0.584440
2160,7ZRF,47.22,0.416100,1.00,-915.164,57.711,0.715040,0.112160
2161,7ZRO,25.00,0.517300,1.00,-1105.524,341.173,1.779015,0.195850
2162,7ZRU,70.54,0.577700,1.00,-1780.833,95.784,0.273886,0.373440
2163,7ZWJ,33.82,0.538300,1.00,-337.020,66.726,1.010697,0.244050
2164,7ZZV,32.64,0.449400,1.00,-2957.243,92.570,1.325594,0.265020
2165,8A6I,32.14,0.408900,1.00,-2071.497,177.756,1.171548,0.268740
2166,8AHK,85.98,0.717700,1.00,-3178.852,268.356,0.201280,0.714760
2167,8B1L,81.25,0.643600,1.00,-1588.336,42.721,0.226550,0.579500
2168,8B1X,61.00,0.617600,1.00,-1435.621,65.198,0.711209,0.513710
2169,8B4R,77.50,0.648300,1.00,-1163.131,106.619,0.263091,0.275810
2170,8B6X,80.00,0.614800,1.00,-1819.632,60.027,0.226703,0.432280
2171,8B6Y,91.00,0.746600,1.00,-1819.632,60.027,0.102575,0.553500
2172,8B9Q,23.12,0.356100,1.00,-1589.610,212.790,1.679288,0.204900
2173,8B9R,28.12,0.415600,1.00,-1589.610,212.790,1.570517,0.200990
2174,8BOO,26.09,0.483700,1.00,-705.536,113.206,1.170074,0.183660
2175,8BVC,87.50,0.775000,1.00,-2854.210,231.527,0.138650,0.755660
2176,8BVZ,40.79,0.546700,1.00,-528.469,106.741,0.960743,0.155380
2177,8BWW,61.11,0.553400,1.00,-1355.712,28.819,0.440492,0.266400
2178,8CIQ,35.00,0.377800,1.00,-2269.365,222.617,0.696245,0.242500
2183,8CJT,36.43,0.366400,1.00,-2321.370,158.155,0.672907,0.233880
2184,8CM3,88.04,0.686300,1.00,-1546.786,94.818,0.172585,0.437540
2185,8DFZ,58.72,0.553100,1.00,-3268.047,217.929,1.081477,0.480430
2186,8DYM,33.62,0.418800,1.00,-968.999,212.398,1.031400,0.169910
2187,8DYN,38.54,0.495600,1.00,-1079.633,126.334,0.851278,0.142450
2188,8EB1,70.83,0.521900,1.00,-1662.961,62.044,0.504281,0.342500
2189,8EF4,43.75,0.602900,1.00,-437.467,78.459,1.050625,0.210760
2190,8F04,36.84,0.411100,1.00,-840.879,103.740,0.797901,0.168720
2191,8FD4,81.62,0.626000,1.00,-2165.202,164.697,0.206847,0.602710
2192,8FEY,89.58,0.729000,1.00,-2391.204,158.848,0.171575,0.737990
2193,8G21,75.78,0.690400,1.00,-2182.463,82.565,0.340926,0.688430
2194,8GUC,38.19,0.394300,1.00,-2374.170,308.905,0.585287,0.251420
2195,8GVN,85.71,0.625500,1.00,-884.791,39.375,0.233969,0.396310
2196,8H0G,64.52,0.724000,1.00,-2159.708,71.049,0.363975,0.571340
2197,8H0U,83.06,0.748900,1.00,-2159.708,71.049,0.188139,0.591370
2198,8HJC,49.24,0.434800,1.00,-2565.938,144.272,0.605339,0.319320
2199,8HJD,47.73,0.431800,1.00,-2565.938,144.272,0.616133,0.303010
2200,8HR3,59.62,0.566400,1.00,-630.761,59.471,0.463300,0.276580
2201,8HR4,78.85,0.571000,1.00,-587.876,96.335,0.274980,0.336220
2202,8HVS,85.00,0.555600,1.00,-246.088,37.544,0.218338,0.532930
2203,8HZW,56.25,0.568600,1.00,-858.353,84.423,0.640537,0.255060
2204,8IKQ,85.71,0.614300,1.00,-656.767,56.644,0.257155,0.378260
2205,8IL1,75.00,0.524000,1.00,-656.767,56.644,0.307801,0.174180
2206,8IL2,75.00,0.648500,1.00,-635.187,68.813,0.262387,0.372590
2207,8IL6,88.33,0.653700,1.00,-635.187,68.813,0.217713,0.551760
2208,8JB4,26.04,0.364300,1.00,-1475.528,131.793,0.910543,0.148060
2209,8K3M,42.65,0.474900,1.00,-533.256,86.952,0.778138,0.225660
2210,8K3N,32.35,0.535700,1.00,-533.256,86.952,0.933780,0.188530
2211,8OR5,61.67,0.655700,1.00,-1811.806,53.661,0.401148,0.414440
2212,8ORY,85.00,0.736900,1.00,-2217.155,71.228,0.169813,0.587620
2213,8ORZ,65.00,0.710100,1.00,-1442.883,85.647,0.453779,0.505940
2214,8OS0,65.00,0.767000,1.00,-1783.824,68.546,0.454638,0.531830
2215,8OSQ,23.57,0.421800,1.00,-798.944,274.985,1.252235,0.201270
2216,8PWT,35.29,0.494800,1.00,-2796.727,60.704,1.266592,0.273960
2221,8QNT,30.10,0.581800,1.00,-3653.541,212.343,1.659696,0.270910
2222,8QTQ,68.38,0.617900,1.00,-2232.797,181.043,0.358618,0.473460
2223,8R89,63.89,0.544000,1.00,-1241.631,41.894,0.385177,0.293060
2224,8RHS,31.25,0.353900,1.00,-3707.782,241.837,0.924067,0.283290
2225,8RPQ,69.44,0.775300,1.00,-2738.318,50.997,0.292361,0.520180
2226,8RQ6,67.74,0.696700,1.00,-2456.051,56.594,0.333317,0.483830
2227,8S9Y,26.92,0.407700,1.00,-1655.485,195.596,1.179992,0.200860
2228,8SED,50.00,0.455300,1.00,-2007.547,190.292,0.479976,0.340210
2229,8SEM,80.13,0.667700,1.00,-1921.329,210.958,0.331323,0.663890
2230,8SVB,34.17,0.510500,1.00,-1345.647,151.076,1.540846,0.189600
2231,8T01,88.46,0.744600,1.00,-668.676,19.206,0.104790,0.427370
2232,8T61,84.38,0.575000,1.00,-757.228,54.581,0.211535,0.378350
2233,8T62,78.12,0.692200,1.00,-633.087,44.201,0.191641,0.307910
2234,8T63,54.69,0.413400,1.00,-746.537,74.435,0.424517,0.237040
2235,8TFV,78.57,0.656700,1.00,-856.157,91.590,0.300328,0.337650
2236,8TV4,42.31,0.440300,1.00,-984.930,29.460,0.596426,0.202840
2237,8TXS,90.62,0.742000,1.00,-739.272,89.215,0.109812,0.454520
2238,8TYI,81.90,0.725700,1.00,-1939.215,116.058,0.247524,0.540460
2239,8UKC,35.00,0.424800,1.00,-618.988,72.775,0.954146,0.233200
2240,8ULM,78.79,0.601600,1.00,-1976.832,142.936,0.259910,0.534950
2241,8UM1,55.95,0.617700,1.00,-3327.210,104.158,0.508982,0.543500
2242,8UM2,59.52,0.587300,1.00,-3327.210,104.158,0.936759,0.417290
2243,8UNG,67.07,0.551200,1.00,-3267.354,169.469,0.333876,0.534820
2244,8UWF,76.92,0.637900,1.00,-2398.606,190.255,0.251018,0.614390
2245,8UXR,75.00,0.546200,1.00,-1475.357,178.140,0.296532,0.332100
2246,8V2M,83.04,0.652400,1.00,-1919.447,107.827,0.349264,0.592770
2247,8V2V,28.66,0.353700,1.00,-3440.658,328.389,0.985206,0.360700
2248,8VU6,57.61,0.527500,1.00,-2565.493,373.064,0.452662,0.472810
2249,8VU7,61.67,0.567100,1.00,-2899.874,399.947,0.484783,0.486430
2250,8VU8,30.23,0.334900,1.00,-2793.631,267.299,0.951796,0.282850
2251,8VYC,46.59,0.521200,1.00,-811.771,169.534,0.854058,0.194160
2252,8W0Q,58.75,0.638000,1.00,-1169.240,112.391,0.392922,0.300530
2253,8W16,76.67,0.566700,1.00,-1055.861,47.402,0.302122,0.383800
2254,8W17,78.33,0.543900,1.00,-996.729,50.736,0.243170,0.330830
2255,8W2V,28.21,0.589800,1.00,-1254.733,254.192,1.286033,0.238400
2256,8WGI,69.00,0.541400,1.00,-1531.667,132.548,0.284579,0.348300
2257,8WGJ,38.54,0.383300,1.00,-1427.656,176.950,0.601290,0.150000
2258,8WW0,70.31,0.645900,1.00,-1807.055,170.867,0.343379,0.455960
2259,8WW1,59.17,0.510700,1.00,-2541.765,155.050,0.542203,0.338660
2260,8X3N,68.75,0.518300,1.00,-720.926,62.912,0.338744,0.257700
2261,8X40,76.56,0.557900,1.00,-720.926,62.912,0.222155,0.273540
2262,8XTH,71.67,0.573700,1.00,-602.622,67.664,0.369272,0.196220
2263,8XTN,34.85,0.383700,1.00,-1226.743,240.266,1.007169,0.222500
2264,8XTO,40.48,0.429600,1.00,-770.915,101.825,0.712177,0.115100
2265,8Y3S,52.27,0.533600,1.00,-336.870,40.721,0.471066,0.258620
2266,8YD6,27.50,0.361100,1.00,-1852.310,173.421,0.833396,0.201910
2267,8ZG2,45.45,0.521900,1.00,-166.684,38.080,0.662908,0.201810
2268,8ZG3,50.00,0.572200,1.00,-155.645,52.952,0.544307,0.248700
2269,8ZG4,47.73,0.581100,1.00,-254.338,37.718,0.690165,0.326420
2270,8ZP3,31.82,0.514800,1.00,-936.988,142.016,1.200255,0.180400
2271,8ZUG,36.96,0.580400,1.00,-361.981,101.919,0.804185,0.153200
2272,9AZI,54.63,0.575400,1.00,-1883.823,42.269,0.895497,0.436430
2273,9BET,55.95,0.692200,1.00,-2812.112,60.059,0.495130,0.563590
2274,9BF4,58.06,0.462400,1.00,-2569.365,152.262,0.627696,0.414550
2275,9BHN,36.36,0.441400,1.00,-472.803,26.370,0.552205,0.313510
2276,9BV0,53.70,0.587000,1.00,-1561.534,110.293,0.850895,0.358010
2277,9BV4,72.22,0.629300,1.00,-3078.952,222.544,0.198796,0.496880
2278,9BVS,48.08,0.459800,1.00,-999.065,26.971,0.534779,0.246160
2279,9BVU,46.67,0.456900,1.00,-1195.368,33.117,0.711954,0.249060
2280,9BVV,44.23,0.439900,1.00,-992.012,29.363,0.523290,0.206500
2281,9CRB,97.32,0.809500,1.00,-1624.420,152.582,0.081189,0.735980
2282,9F1E,67.86,0.587000,1.00,-1747.906,63.264,0.603039,0.447320
2283,9F1F,63.46,0.565800,1.00,-2362.794,149.080,0.445131,0.505930
2284,9F1G,67.35,0.598800,1.00,-3394.031,190.945,0.453763,0.639790
2285,9FJN,88.89,0.755900,1.00,-1202.194,34.689,0.107609,0.447140
2286,9FJW,53.57,0.534100,1.00,-1918.047,164.021,0.593030,0.395710
2287,9G0M,91.00,0.794900,1.00,-1366.283,106.280,0.127802,0.613910
2288,9G0N,88.00,0.771600,1.00,-1366.283,106.280,0.171654,0.601820
2289,9G20,92.00,0.799500,1.00,-1366.283,106.280,0.171775,0.645030
2290,9G21,72.00,0.586800,1.00,-1366.283,106.280,0.306652,0.342700
2291,9G22,88.00,0.743400,1.00,-1516.875,90.743,0.142460,0.544640
2292,9G2N,90.00,0.752400,1.00,-1516.875,90.743,0.156423,0.546720
2293,9G2O,88.00,0.735600,1.00,-1516.875,90.743,0.151598,0.533320
2294,9G31,83.00,0.674200,1.00,-1516.875,90.743,0.175098,0.426720
2295,9G32,84.00,0.663400,1.00,-1516.875,90.743,0.186778,0.416430
2296,9G5P,88.00,0.752100,1.00,-1366.283,106.280,0.160702,0.488480
2297,9GDL,77.00,0.634900,1.00,-1411.309,90.124,0.291751,0.484200
2298,9GDN,81.00,0.662200,1.00,-1411.309,90.124,0.208264,0.510940
2299,9GDT,80.00,0.665700,1.00,-1411.309,90.124,0.250091,0.495380
2300,9GDU,79.00,0.654800,1.00,-1411.309,90.124,0.271107,0.511680
2301,9GE1,77.00,0.693000,1.00,-1570.965,75.987,0.253432,0.463820
2302,9GE9,79.00,0.678800,1.00,-1514.898,102.966,0.263747,0.430250
2303,9GEB,86.00,0.696600,1.00,-1514.898,102.966,0.145083,0.546210
2304,9GEC,83.00,0.716900,1.00,-1514.898,102.966,0.200507,0.495790
2305,9IKO,78.12,0.579400,1.00,-622.246,70.302,0.191813,0.229200
2306,9ILX,73.44,0.538600,1.00,-622.246,70.302,0.284848,0.280870
2307,9J5F,25.00,0.302800,1.00,-2064.348,220.604,0.861999,0.200570
2308,9J5H,68.57,0.646900,1.00,-2799.143,120.460,0.468024,0.507640
2309,9KAR,33.33,0.515500,1.00,-439.412,77.064,1.125806,0.214990
2310,9KK0,62.00,0.521200,1.00,-1140.754,214.275,0.325670,0.254630
2311,9L1M,45.83,0.481000,1.00,-220.247,46.791,0.556739,0.250190
2312,9NVH,71.43,0.560000,1.00,-1527.051,225.899,0.328456,0.531560
2313,9NWZ,33.75,0.434500,1.00,-1017.066,57.800,1.068956,0.089690
2314,9NY3,30.00,0.392900,1.00,-1108.134,68.168,1.039421,0.197830
2315,9UV5,57.50,0.526500,1.00,-346.215,36.895,0.451123,0.227460
