serial,pdb_id,gdt_ts,lddt,lddt_coverage,pred_dope,pred_molpdf,rmsd,tm_score
1,1A11,89.00,0.813300,1.00,-1853.199,54.711,0.113781,0.603780
2,1A3P,70.00,0.618400,1.00,-2984.013,310.196,0.426017,0.582050
3,1ACW,80.17,0.646400,1.00,-1940.090,154.781,0.185598,0.470550
4,1ADX,53.75,0.511700,1.00,-2593.479,213.411,0.504826,0.349730
5,1AG7,51.47,0.472700,1.00,-1977.016,180.287,0.685585,0.346920
6,1AGG,70.83,0.643000,1.00,-2715.585,311.140,0.613769,0.605000
7,1AGT,98.03,0.799000,1.00,-2991.434,168.735,0.067640,0.883540
8,1AHL,75.00,0.684700,1.00,-3677.312,194.072,0.311120,0.651030
9,1ALE,88.89,0.738600,1.00,-1312.382,43.898,0.197025,0.493080
10,1ALF,88.16,0.735300,1.00,-1590.522,37.950,0.159125,0.442980
11,1ALG,67.71,0.666100,1.00,-1517.961,37.479,0.584427,0.547450
12,1AMB,33.04,0.431600,1.00,-1017.073,209.166,0.807624,0.254610
13,1AMC,32.14,0.422200,1.00,-1017.073,209.166,0.820978,0.238690
14,1AML,21.25,0.375000,1.00,-1500.432,298.302,1.421712,0.169750
15,1ANP,33.04,0.469800,1.00,-1044.581,245.696,0.990008,0.189630
16,1ANS,40.74,0.395200,1.00,-1505.899,229.595,0.814206,0.159310
17,1AOO,48.75,0.464100,1.00,-2781.786,199.835,0.735249,0.326980
18,1APF,70.92,0.639400,1.00,-3615.954,219.528,0.378470,0.617720
19,1APO,86.90,0.738400,1.00,-2255.827,192.985,0.186687,0.748770
20,1AQG,50.00,0.415900,1.00,-345.052,68.894,0.420582,0.188970
21,1AQQ,48.12,0.465300,1.00,-2781.786,199.835,0.744593,0.330500
22,1AQR,42.50,0.473800,1.00,-2781.786,199.835,0.711282,0.310820
23,1ARD,91.38,0.733500,1.00,-2195.719,116.428,0.268126,0.746380
24,1ARE,89.66,0.732900,1.00,-2204.990,120.295,0.243492,0.690710
25,1ARF,93.10,0.777400,1.00,-2297.639,112.163,0.154949,0.787050
26,1ATX,81.52,0.672400,1.00,-3287.469,199.654,0.186455,0.691660
27,1AV3,98.15,0.772600,1.00,-1507.102,206.282,0.066827,0.786220
28,1AW6,81.40,0.698800,1.00,-2476.465,245.932,0.258556,0.702110
29,1AXH,89.19,0.764300,1.00,-2246.257,180.713,0.173923,0.752080
30,1AZ6,77.78,0.607800,1.00,-2288.865,154.819,0.214379,0.588890
31,1AZH,53.47,0.486400,1.00,-2288.865,154.819,0.504075,0.353890
32,1AZJ,91.67,0.772000,1.00,-2406.486,187.208,0.103801,0.757860
33,1AZK,78.47,0.671500,1.00,-2361.312,202.077,0.215177,0.542650
34,1B03,56.94,0.490200,1.00,-875.713,69.924,0.384182,0.258980
35,1B1V,85.87,0.725400,1.00,-1102.923,108.151,0.238996,0.470380
36,1B4G,29.17,0.313800,1.00,-513.893,370.061,1.339865,0.185900
37,1B4I,23.33,0.356000,1.00,-513.893,370.061,0.854266,0.185240
38,1B5N,82.61,0.683800,1.00,-1102.923,108.151,0.258704,0.425070
39,1B8W,80.36,0.664000,1.00,-2581.357,233.467,0.401546,0.680410
40,1B9P,71.32,0.644600,1.00,-2342.383,147.108,0.294186,0.564590
41,1B9Q,65.44,0.616700,1.00,-2342.383,147.108,0.320137,0.466150
42,1B9U,80.88,0.808600,1.00,-3037.058,70.437,0.232221,0.595250
43,1BA4,21.88,0.344400,1.00,-1500.432,298.302,1.437890,0.224690
44,1BA6,26.25,0.383200,1.00,-1500.432,298.302,1.370469,0.245730
45,1BAH,88.51,0.665800,1.00,-2583.611,187.504,0.137601,0.727470
46,1BBA,81.94,0.690900,1.00,-2693.958,168.170,0.235144,0.631750
47,1BBG,61.25,0.541400,1.00,-2954.248,159.485,0.644300,0.499990
48,1BDS,83.14,0.684900,1.00,-3202.621,230.047,0.170810,0.701610
49,1BEI,59.29,0.526200,1.00,-2249.920,308.310,0.449414,0.375180
50,1BF9,85.98,0.749700,1.00,-2454.809,244.367,0.207333,0.733800
51,1BGK,87.16,0.704500,1.00,-3023.149,176.117,0.120107,0.705310
52,1BH4,80.00,0.643600,1.00,-2084.218,173.840,0.195971,0.514480
53,1BH7,46.21,0.477200,1.00,-1820.200,278.198,0.587327,0.237090
54,1BHI,79.61,0.705300,1.00,-2282.027,197.038,0.320254,0.657470
55,1BIG,89.19,0.725600,1.00,-2953.209,182.058,0.115333,0.726710
56,1BJB,30.36,0.451800,1.00,-1040.246,221.223,1.055889,0.232420
57,1BJC,34.82,0.493700,1.00,-1028.415,238.648,0.865142,0.196390
58,1BL1,51.61,0.602800,1.00,-2452.836,60.886,0.576484,0.363090
59,1BM4,57.03,0.573300,1.00,-2102.494,102.149,0.744053,0.412660
60,1BMX,61.29,0.482700,1.00,-2598.017,131.519,0.727440,0.469740
61,1BNB,83.55,0.677400,1.00,-2699.985,184.547,0.197200,0.690680
62,1BOE,82.45,0.662300,1.00,-3474.283,200.157,0.203553,0.721760
63,1BQF,72.00,0.606800,1.00,-1327.748,153.412,0.363046,0.342290
64,1BRV,66.41,0.607700,1.00,-2009.597,214.643,0.536680,0.477940
65,1BWX,51.28,0.598800,1.00,-3024.050,107.287,0.575335,0.491330
66,1BY0,75.00,0.650900,1.00,-1811.196,63.424,0.327446,0.483400
67,1BY6,47.22,0.487200,1.00,-2302.048,91.965,0.448682,0.320090
68,1BZG,60.29,0.577000,1.00,-2492.953,55.008,0.483686,0.399690
69,1C2U,39.29,0.427500,1.00,-2498.610,161.156,0.848680,0.222320
70,1C49,92.14,0.735900,1.00,-2385.043,164.213,0.104652,0.761590
71,1C4B,50.00,0.451500,1.00,-527.406,75.082,0.473347,0.325040
72,1C4E,40.00,0.428600,1.00,-1870.141,268.832,0.733928,0.282140
73,1C55,86.88,0.662100,1.00,-3248.364,203.901,0.164590,0.713350
74,1C56,86.25,0.689500,1.00,-3248.364,203.901,0.151310,0.724320
75,1C6W,38.64,0.428900,1.00,-1763.773,210.478,0.701380,0.215890
76,1CBH,99.31,0.855700,1.00,-2336.224,256.477,0.054637,0.907590
77,1CCF,84.52,0.698000,1.00,-2255.827,192.985,0.149542,0.687160
78,1CCM,90.76,0.769800,1.00,-3632.342,202.883,0.144751,0.809930
79,1CCN,90.76,0.787000,1.00,-3632.342,202.883,0.136062,0.814600
80,1CE4,58.57,0.539400,1.00,-1825.896,150.476,0.382993,0.362450
81,1CFG,70.45,0.559400,1.00,-1528.929,75.047,0.408926,0.296170
82,1CFH,28.72,0.276300,1.00,-3847.504,208.348,1.085273,0.276280
83,1CFI,62.23,0.520800,1.00,-3847.504,208.348,0.362841,0.487070
84,1CHL,86.11,0.654500,1.00,-2597.121,144.479,0.149072,0.681990
85,1CIX,78.41,0.647800,1.00,-3152.162,200.905,0.175753,0.665810
86,1CKW,77.00,0.674200,1.00,-1711.972,52.177,0.331357,0.463180
87,1CKX,82.69,0.720500,1.00,-1886.425,60.383,0.156056,0.497020
88,1CKY,52.88,0.482900,1.00,-1886.425,60.383,0.536883,0.253280
89,1CKZ,35.00,0.445700,1.00,-1711.972,52.177,0.736790,0.204450
90,1CMR,85.48,0.678000,1.00,-2329.928,129.027,0.178675,0.589230
91,1CO4,74.40,0.686100,1.00,-2684.567,209.036,0.338150,0.595520
92,1CQ0,72.32,0.668900,1.00,-1514.533,73.113,0.344008,0.473680
93,1CR8,79.17,0.663400,1.00,-2329.835,236.839,0.180414,0.675030
94,1CSA,40.91,0.310300,1.00,-604.959,12.478,0.485183,0.168020
95,1CTI,93.10,0.731400,1.00,-1962.229,136.391,0.098605,0.688620
96,1CW5,56.25,0.589100,1.00,-2707.585,233.369,0.639690,0.467380
97,1CW6,56.76,0.601700,1.00,-1833.315,173.460,0.512629,0.405840
98,1CWX,30.11,0.462400,1.00,-1460.518,330.505,1.024274,0.263880
99,1CXR,65.76,0.577300,1.00,-3661.727,210.667,0.282792,0.542350
100,1CYA,40.91,0.453800,1.00,-604.959,12.478,0.463512,0.138520
101,1CYB,45.45,0.415500,1.00,-604.959,12.478,0.419722,0.180680
102,1CZ6,84.00,0.694200,1.00,-1151.116,103.664,0.218943,0.491440
103,1D0R,74.17,0.671500,1.00,-2075.021,73.962,0.252141,0.433530
104,1D1H,90.00,0.660500,1.00,-2344.213,178.795,0.172261,0.758940
105,1D2J,80.62,0.673300,1.00,-2367.545,190.118,0.224226,0.637570
106,1D2L,78.33,0.661300,1.00,-2316.515,286.699,0.294714,0.654220
107,1D5Q,100.00,0.831300,1.00,-1843.869,96.012,0.036397,0.897030
108,1D6B,84.52,0.706700,1.00,-2980.486,230.130,0.217096,0.722320
109,1D6X,73.08,0.537700,1.00,-479.932,65.266,0.338687,0.344920
110,1DEC,74.36,0.656400,1.00,-2412.875,315.573,0.529589,0.657690
111,1DEP,83.33,0.656300,1.00,-1052.698,39.787,0.215167,0.484690
112,1DF6,84.17,0.680400,1.00,-2228.250,191.903,0.153164,0.557920
113,1DFE,85.81,0.660300,1.00,-2399.520,179.168,0.354719,0.731570
114,1DFS,73.39,0.572900,1.00,-2223.651,202.025,0.228621,0.429520
115,1DFT,61.67,0.452600,1.00,-1940.247,143.218,0.331786,0.327800
116,1DGZ,84.46,0.656300,1.00,-2399.520,179.168,0.337641,0.681020
117,1DJF,85.00,0.689100,1.00,-711.121,29.392,0.292809,0.475480
118,1DKC,76.32,0.609400,1.00,-2207.510,242.667,0.212061,0.604800
119,1DL0,91.22,0.777000,1.00,-2398.070,135.404,0.119277,0.755390
120,1DMC,50.00,0.486800,1.00,-1870.224,127.068,0.629824,0.282320
121,1DMD,48.39,0.482600,1.00,-1870.224,127.068,0.623177,0.296700
122,1DME,45.54,0.466600,1.00,-1768.070,182.441,0.645617,0.243580
123,1DMF,47.32,0.465400,1.00,-1768.070,182.441,0.650629,0.235570
124,1DN3,86.67,0.710300,1.00,-711.121,29.392,0.250616,0.495770
125,1DNG,88.33,0.754300,1.00,-729.032,30.028,0.182318,0.536350
126,1DPK,37.50,0.450300,1.00,-389.635,167.108,0.579047,0.112060
127,1DPQ,45.00,0.516600,1.00,-22.389,202.843,0.523906,0.157990
128,1DSK,66.96,0.646600,1.00,-1853.896,132.521,0.352804,0.448570
129,1DSQ,92.86,0.729000,1.00,-938.763,92.364,0.173458,0.569330
130,1DSV,78.23,0.684800,1.00,-1362.610,219.375,0.188267,0.514530
131,1DTC,87.50,0.751900,1.00,-1743.818,69.162,0.231418,0.658850
132,1DU1,60.00,0.498100,1.00,-1199.581,46.504,0.488690,0.302150
133,1DU9,88.39,0.691600,1.00,-1590.526,163.048,0.152138,0.556150
134,1DV0,86.17,0.719800,1.00,-4732.614,135.440,0.251644,0.785400
135,1DVW,48.61,0.606400,1.00,-538.346,69.590,0.627475,0.228550
136,1DX7,60.42,0.640800,1.00,-3759.800,176.119,0.575224,0.569450
137,1E0G,84.90,0.685600,1.00,-4287.912,198.264,0.179365,0.746220
138,1E0L,87.16,0.757100,1.00,-2174.012,184.145,0.243621,0.716730
139,1E0M,81.76,0.724300,1.00,-2387.596,192.991,0.239435,0.647710
140,1E0N,92.59,0.708000,1.00,-1816.243,155.051,0.122329,0.597570
141,1E0Q,73.53,0.666800,1.00,-951.169,77.170,0.192693,0.285590
142,1E4Q,82.43,0.716500,1.00,-2756.613,193.023,0.222453,0.649120
143,1E4R,74.29,0.575300,1.00,-2270.788,170.825,0.305707,0.535610
144,1E4S,76.39,0.616700,1.00,-2578.688,132.932,0.239912,0.598960
145,1E4T,77.03,0.603400,1.00,-2616.110,153.541,0.365262,0.559000
146,1E8P,92.93,0.766500,1.00,-3500.771,247.735,0.106771,0.844940
147,1E8Q,90.76,0.759400,1.00,-3500.771,247.735,0.170994,0.820050
148,1E9K,42.76,0.583900,1.00,-2525.266,143.246,0.682138,0.315910
149,1ED0,94.02,0.806900,1.00,-3462.373,133.814,0.089783,0.867130
150,1ED7,90.00,0.716800,1.00,-4190.817,192.905,0.131254,0.806110
151,1EDP,85.29,0.671200,1.00,-1168.509,66.697,0.204445,0.350810
152,1EDS,46.77,0.472300,1.00,-2177.131,107.361,0.478988,0.329530
153,1EDV,26.47,0.444900,1.00,-1306.066,263.998,0.866037,0.264540
154,1EDW,41.35,0.471500,1.00,-1707.963,220.687,0.592481,0.181600
155,1EDX,23.75,0.371600,1.00,-2246.159,226.425,1.047279,0.218780
156,1EGT,92.65,0.704300,1.00,-776.217,69.019,0.160591,0.502160
157,1EHS,56.25,0.593600,1.00,-3423.478,160.354,0.498452,0.495890
158,1EI0,99.34,0.850400,1.00,-3192.623,115.266,0.057842,0.907300
159,1EMX,74.17,0.581300,1.00,-1874.243,214.380,0.282874,0.498810
160,1EMZ,85.71,0.691800,1.00,-1544.196,21.833,0.294092,0.411320
161,1EQX,56.94,0.531400,1.00,-584.067,91.632,0.423468,0.161950
162,1ERC,58.12,0.535800,1.00,-3104.042,248.119,0.391722,0.477430
163,1ERD,40.00,0.420400,1.00,-2652.458,165.988,0.670602,0.288430
164,1ERP,95.39,0.787000,1.00,-3153.826,158.550,0.081685,0.832270
165,1ERY,92.95,0.728400,1.00,-3469.939,136.649,0.132595,0.816410
166,1ESK,70.24,0.689800,1.00,-2264.162,173.158,0.297379,0.573570
167,1EWS,92.19,0.798700,1.00,-2014.886,147.053,0.141169,0.735930
168,1EYO,88.33,0.740000,1.00,-1950.977,151.365,0.200288,0.666840
169,1EZE,60.53,0.666600,1.00,-2719.916,136.380,0.445151,0.463730
170,1F3K,85.58,0.662300,1.00,-1755.535,165.004,0.144690,0.535440
171,1F4I,90.56,0.723500,1.00,-4341.565,163.329,0.197279,0.810960
172,1F7E,83.70,0.754100,1.00,-2578.653,319.152,0.164408,0.725830
173,1F7M,80.43,0.736100,1.00,-2578.653,319.152,0.265102,0.678040
174,1F8Z,87.82,0.738800,1.00,-2212.676,189.164,0.214551,0.749000
175,1FAC,65.48,0.572400,1.00,-1363.123,54.271,0.363718,0.221370
176,1FCT,57.03,0.512900,1.00,-1538.430,163.164,0.537852,0.401030
177,1FDF,54.00,0.567400,1.00,-1755.213,77.121,0.408798,0.234490
178,1FEO,88.46,0.688500,1.00,-1414.271,109.933,0.127857,0.552260
179,1FF7,76.63,0.689200,1.00,-2578.653,319.152,0.223057,0.642430
180,1FFM,82.61,0.732800,1.00,-2578.653,319.152,0.287821,0.715440
181,1FGD,79.17,0.637900,1.00,-866.075,64.957,0.217292,0.265330
182,1FGE,68.75,0.514200,1.00,-899.290,134.080,0.296807,0.251110
183,1FJN,89.74,0.757100,1.00,-2828.044,171.230,0.137979,0.770390
184,1FME,76.79,0.661500,1.00,-2170.724,123.452,0.273655,0.461640
185,1FMY,50.00,0.495400,1.00,-2732.956,207.523,0.654207,0.373880
186,1FQQ,73.78,0.611700,1.00,-3051.473,299.916,0.242337,0.599510
187,1FRE,39.88,0.380300,1.00,-2940.543,276.325,0.675756,0.274270
188,1FRY,39.66,0.510600,1.00,-1585.139,58.257,0.805277,0.239250
189,1FSB,86.88,0.739500,1.00,-2550.815,385.774,0.177925,0.732760
190,1FSD,76.79,0.612500,1.00,-2134.127,91.698,0.283513,0.455670
191,1FSV,74.11,0.639500,1.00,-2134.127,91.698,0.251187,0.446040
192,1FU3,88.89,0.697500,1.00,-1755.903,197.092,0.118778,0.596700
193,1FU9,87.50,0.690400,1.00,-2664.083,180.252,0.264744,0.742700
194,1FUL,47.73,0.446000,1.00,-410.593,39.692,0.436035,0.320970
195,1FUV,50.00,0.460600,1.00,-410.593,39.692,0.342019,0.240850
196,1FV5,75.69,0.629400,1.00,-2394.243,233.010,0.331875,0.578400
197,1FVY,48.39,0.596100,1.00,-2531.423,49.155,0.911832,0.340230
198,1FW5,65.00,0.560000,1.00,-852.430,89.283,0.429700,0.247390
199,1FWO,75.71,0.612300,1.00,-2319.731,241.263,0.268042,0.567250
200,1FYG,92.00,0.656700,1.00,-1316.687,164.912,0.116059,0.519710
201,1G04,34.62,0.328700,1.00,-1951.191,148.523,0.864809,0.148420
202,1G26,86.29,0.720900,1.00,-2130.926,191.023,0.154045,0.607970
203,1G92,59.00,0.621700,1.00,-1541.200,71.683,0.489316,0.375060
204,1G9P,60.56,0.637100,1.00,-2471.165,297.335,0.638945,0.524080
205,1GEA,76.19,0.655000,1.00,-1327.593,58.460,0.292830,0.312300
206,1GIB,48.86,0.420100,1.00,-922.008,127.928,0.465250,0.106270
207,1GK5,71.43,0.556500,1.00,-3538.408,290.378,0.412920,0.621850
208,1GM2,90.91,0.683200,1.00,-325.573,53.388,0.112901,0.419110
209,1GNA,69.23,0.493000,1.00,-468.350,68.276,0.367370,0.163790
210,1GNB,51.92,0.504800,1.00,-468.350,68.276,0.520443,0.192490
211,1GNF,80.43,0.683700,1.00,-3322.276,206.095,0.298333,0.649250
212,1GP8,77.50,0.693000,1.00,-2883.985,56.782,0.318585,0.637630
213,1GPS,94.15,0.772100,1.00,-3042.717,197.203,0.125329,0.856580
214,1GPT,93.62,0.715700,1.00,-3134.536,168.760,0.112010,0.867800
215,1GUR,40.00,0.403800,1.00,-1870.141,268.832,0.717950,0.220710
216,1GW3,52.17,0.611700,1.00,-3098.020,152.715,0.471614,0.464560
217,1GW4,43.48,0.572300,1.00,-3098.020,152.715,0.944397,0.367370
218,1H20,57.05,0.464500,1.00,-2692.788,286.441,0.429168,0.408280
219,1H5O,77.38,0.626100,1.00,-2415.599,204.521,0.283779,0.627990
220,1H7D,35.71,0.474000,1.00,-2814.146,241.288,1.080783,0.304580
221,1H7J,44.23,0.445300,1.00,-1357.688,60.158,0.674241,0.232070
222,1HA9,84.56,0.739600,1.00,-1842.553,181.114,0.316908,0.707340
223,1HD6,97.30,0.798600,1.00,-3052.483,142.078,0.074957,0.869410
224,1HD9,61.36,0.502000,1.00,-445.791,45.594,0.311577,0.340490
225,1HEV,95.35,0.768700,1.00,-3151.491,230.058,0.125716,0.887790
226,1HFF,82.50,0.562200,1.00,-348.167,35.331,0.148997,0.303730
227,1HJ0,39.63,0.569100,1.00,-2139.536,197.242,0.694000,0.432750
228,1HLL,70.31,0.693000,1.00,-2253.011,71.452,0.324341,0.573040
229,1HLY,95.51,0.743400,1.00,-2944.530,216.412,0.098219,0.830050
230,1HN3,25.00,0.295700,1.00,-2219.484,223.084,1.360805,0.230500
231,1HNR,64.89,0.555800,1.00,-3353.421,223.189,0.289650,0.512790
232,1HNS,58.51,0.494400,1.00,-3353.421,223.189,0.394116,0.479830
233,1HO0,54.17,0.515500,1.00,-1905.690,92.357,0.694984,0.343360
234,1HO2,86.25,0.748600,1.00,-1283.103,41.657,0.157961,0.347500
235,1HO7,80.00,0.687200,1.00,-1283.103,41.657,0.197612,0.351590
236,1HO9,71.09,0.631900,1.00,-2405.045,75.290,0.331945,0.422490
237,1HOD,66.41,0.640400,1.00,-2405.045,75.290,0.353085,0.369160
238,1HOF,68.75,0.633900,1.00,-2253.011,71.452,0.289183,0.444960
239,1HP2,93.24,0.787800,1.00,-2745.113,202.897,0.088141,0.810810
240,1HP3,82.81,0.689600,1.00,-1964.385,178.004,0.279900,0.646660
241,1HP9,82.95,0.622600,1.00,-1699.351,61.265,0.187759,0.333260
242,1HPH,47.30,0.564500,1.00,-3042.785,79.004,0.813100,0.373320
243,1HPY,59.56,0.628800,1.00,-2782.290,75.760,0.358791,0.354400
244,1HRL,75.00,0.672500,1.00,-1004.935,109.576,0.546741,0.392870
245,1HTH,47.79,0.542900,1.00,-2781.477,58.822,0.955586,0.338950
246,1HTX,93.75,0.763100,1.00,-2324.738,182.813,0.085887,0.750470
247,1HU5,80.56,0.695500,1.00,-964.344,34.319,0.176570,0.363850
248,1HU6,65.28,0.586600,1.00,-919.223,29.276,0.388095,0.315590
249,1HU7,83.33,0.643000,1.00,-920.268,35.922,0.238788,0.439260
250,1HVW,98.00,0.789500,1.00,-1513.807,109.813,0.070446,0.706430
251,1HVZ,84.72,0.639700,1.00,-921.961,79.810,0.214966,0.336350
252,1HY9,89.02,0.766700,1.00,-2780.022,182.430,0.164599,0.774100
253,1HYK,80.98,0.664100,1.00,-3393.397,298.258,0.200945,0.701970
254,1HZ3,35.58,0.445700,1.00,-1235.189,179.281,0.620072,0.140470
255,1I25,50.00,0.504200,1.00,-1716.879,327.375,0.804642,0.365990
256,1I26,83.09,0.664900,1.00,-2213.623,157.264,0.207888,0.633470
257,1I2U,86.93,0.706600,1.00,-3275.545,174.136,0.157855,0.746460
258,1I2V,85.80,0.717300,1.00,-3273.220,207.813,0.148947,0.755380
259,1I6C,69.23,0.654400,1.00,-2232.071,176.287,0.433988,0.547570
260,1I8X,90.00,0.796900,1.00,-2123.606,113.199,0.139855,0.678800
261,1I8Y,79.46,0.639700,1.00,-1832.516,99.467,0.223450,0.481350
262,1IB9,79.41,0.675700,1.00,-1842.553,181.114,0.345710,0.591240
263,1IBN,71.25,0.684200,1.00,-1250.375,28.493,0.307338,0.374940
264,1IBO,73.75,0.627500,1.00,-1250.375,28.493,0.366463,0.384780
265,1IC9,80.17,0.673300,1.00,-1890.833,172.335,0.202036,0.508180
266,1ICA,68.12,0.592400,1.00,-2754.177,161.943,0.541487,0.566480
267,1ICL,73.28,0.583400,1.00,-2013.147,209.670,0.243135,0.475870
268,1ICO,80.17,0.662800,1.00,-1985.816,168.416,0.202491,0.479360
269,1ID6,38.33,0.441400,1.00,-916.396,23.380,0.557361,0.197900
270,1ID7,41.67,0.454800,1.00,-916.396,23.380,0.530683,0.126350
271,1IE6,35.61,0.440200,1.00,-1604.298,191.488,0.673540,0.221450
272,1IFY,87.24,0.752800,1.00,-4460.119,188.607,0.173431,0.789800
273,1IIJ,75.00,0.720400,1.00,-2556.653,74.517,0.282138,0.631370
274,1IM1,91.67,0.775800,1.00,-658.109,50.922,0.096312,0.564010
275,1IRR,78.26,0.645300,1.00,-1032.372,91.736,0.311750,0.421000
276,1IVA,67.19,0.553900,1.00,-2916.225,313.824,0.702113,0.573060
277,1IWC,44.12,0.534900,1.00,-1290.365,125.779,0.715780,0.377780
278,1IWF,27.21,0.454700,1.00,-1290.365,125.779,1.169143,0.231550
279,1IXA,87.82,0.713000,1.00,-2253.170,170.287,0.169408,0.718680
280,1IXT,84.26,0.667700,1.00,-1803.359,114.101,0.162123,0.511020
281,1IXU,52.08,0.544500,1.00,-317.156,89.370,0.561572,0.280370
282,1IYC,47.22,0.470000,1.00,-1928.137,206.169,0.767386,0.362920
283,1IYT,19.64,0.341300,1.00,-1745.149,328.828,1.214840,0.197680
284,1J4M,94.64,0.759000,1.00,-665.012,63.518,0.115336,0.518320
285,1J5J,93.06,0.773000,1.00,-2850.067,167.050,0.102187,0.790710
286,1J5L,50.00,0.517700,1.00,-1996.461,203.677,0.607003,0.308830
287,1J5M,64.29,0.545900,1.00,-1638.722,201.656,0.302670,0.379450
288,1JBL,92.86,0.748100,1.00,-526.616,61.060,0.099793,0.468470
289,1JBN,92.86,0.779200,1.00,-526.616,61.060,0.104143,0.395890
290,1JDM,70.16,0.632400,1.00,-2961.609,53.889,0.400649,0.501570
291,1JI9,64.86,0.571700,1.00,-2515.924,226.697,0.385935,0.417590
292,1JJZ,86.21,0.701000,1.00,-1918.264,148.934,0.333418,0.620690
293,1JKZ,87.50,0.735500,1.00,-3715.247,203.761,0.127482,0.782850
294,1JLZ,90.22,0.708400,1.00,-1265.878,128.817,0.150104,0.480500
295,1JMN,85.87,0.700400,1.00,-3337.219,146.720,0.152509,0.761630
296,1JMP,78.80,0.671900,1.00,-3166.264,139.655,0.212028,0.694640
297,1JN7,76.39,0.681100,1.00,-2667.014,137.839,0.453954,0.631080
298,1JO5,42.19,0.640400,1.00,-3759.800,176.119,1.299757,0.441620
299,1JO6,39.44,0.514300,1.00,-2428.758,224.942,1.143792,0.360150
300,1JRF,54.79,0.470800,1.00,-2214.392,236.274,0.737821,0.455370
301,1JRJ,84.62,0.740700,1.00,-2489.153,117.690,0.285994,0.704660
302,1JU8,79.73,0.676400,1.00,-2833.749,188.165,0.222960,0.593870
303,1JY9,73.75,0.621900,1.00,-587.511,85.754,0.255923,0.210000
304,1K0P,35.48,0.408700,1.00,-1734.949,153.371,0.632840,0.232290
305,1K18,34.68,0.402800,1.00,-1734.949,153.371,0.617014,0.242360
306,1K1V,93.90,0.714600,1.00,-3444.448,106.760,0.097922,0.815990
307,1K36,82.07,0.655600,1.00,-3538.681,232.184,0.184174,0.700090
308,1K37,82.07,0.655000,1.00,-3538.681,232.184,0.175339,0.695470
309,1K43,91.07,0.730000,1.00,-665.012,63.518,0.142099,0.483690
310,1K48,84.48,0.702700,1.00,-1918.264,148.934,0.336034,0.589710
311,1K7B,80.85,0.740200,1.00,-2136.684,302.905,0.371631,0.733910
312,1K81,69.44,0.562800,1.00,-2548.911,162.260,0.315900,0.468370
313,1K91,82.43,0.755600,1.00,-1600.764,159.695,0.174144,0.599660
314,1KAL,85.34,0.736600,1.00,-1909.098,150.230,0.236596,0.603750
315,1KBE,70.92,0.572200,1.00,-3385.276,202.249,0.266789,0.601590
316,1KBF,72.45,0.580200,1.00,-3385.276,202.249,0.267793,0.609930
317,1KDL,72.83,0.661300,1.00,-1825.485,41.493,0.332942,0.335660
318,1KGM,89.29,0.727200,1.00,-1866.519,187.878,0.106765,0.724240
319,1KIO,80.00,0.689300,1.00,-1875.668,171.593,0.306170,0.609770
320,1KJ0,74.29,0.654800,1.00,-1824.484,167.594,0.311147,0.523210
321,1KJ5,81.25,0.662100,1.00,-2522.522,144.731,0.188167,0.606770
322,1KJ6,70.00,0.583000,1.00,-3082.092,185.499,0.615348,0.595980
323,1KLR,95.00,0.801700,1.00,-1951.375,137.094,0.112377,0.781160
324,1KLS,90.83,0.719400,1.00,-1884.065,125.168,0.172035,0.698040
325,1KMR,81.67,0.658500,1.00,-932.066,38.219,0.324775,0.481360
326,1KOZ,75.00,0.621000,1.00,-2338.519,212.581,0.259126,0.541120
327,1KQH,84.21,0.699800,1.00,-2756.908,226.403,0.185395,0.687760
328,1KQI,80.26,0.683000,1.00,-2756.908,226.403,0.236481,0.653340
329,1KUW,82.50,0.661900,1.00,-285.256,27.983,0.297167,0.512070
330,1KV4,77.98,0.704600,1.00,-2416.892,155.358,0.301591,0.649400
331,1KWD,82.81,0.526400,1.00,-1077.036,73.907,0.202529,0.301650
332,1KWE,71.88,0.538500,1.00,-1077.036,73.907,0.231307,0.218800
333,1KX6,44.83,0.410700,1.00,-2302.495,84.664,0.642805,0.223450
334,1KZ0,81.25,0.576300,1.00,-955.639,30.699,0.225149,0.302660
335,1KZ2,81.25,0.617200,1.00,-862.955,30.989,0.159725,0.362890
336,1KZ5,77.08,0.547100,1.00,-662.482,28.164,0.326974,0.387670
337,1L1K,38.75,0.379600,1.00,-683.216,96.562,0.772717,0.188770
338,1L2Y,96.25,0.804800,1.00,-1082.912,108.611,0.083273,0.475150
339,1L3Q,43.75,0.604600,1.00,-333.431,52.630,0.799145,0.277330
340,1L3Y,79.88,0.629500,1.00,-2678.201,218.860,0.242206,0.663300
341,1L4V,81.88,0.688500,1.00,-2621.584,188.794,0.208587,0.688070
342,1LA4,90.44,0.742500,1.00,-2331.096,142.596,0.140428,0.734770
343,1LB0,71.15,0.588500,1.00,-786.089,28.857,0.271164,0.335430
344,1LB7,96.88,0.754300,1.00,-915.194,50.354,0.070912,0.499200
345,1LBJ,75.00,0.668900,1.00,-1556.340,62.941,0.377330,0.444760
346,1LCX,73.08,0.579100,1.00,-786.089,28.857,0.266862,0.338940
347,1LDL,70.31,0.614600,1.00,-2755.046,238.236,0.303071,0.595270
348,1LDR,68.02,0.573700,1.00,-2308.179,271.625,0.335126,0.567190
349,1LFC,39.00,0.361700,1.00,-1494.737,101.152,0.643263,0.174400
350,1LGL,93.75,0.799600,1.00,-2827.862,159.170,0.095412,0.819620
351,1LIQ,45.37,0.548500,1.00,-1526.211,103.569,0.874317,0.311600
352,1LIR,92.57,0.731000,1.00,-2861.350,168.358,0.092487,0.798510
353,1LMM,71.25,0.598500,1.00,-2493.608,316.024,0.444255,0.571480
354,1LMR,76.43,0.640200,1.00,-2050.356,182.796,0.266495,0.565180
355,1LUP,81.45,0.574300,1.00,-2137.877,193.130,0.216556,0.534180
356,1LV4,34.52,0.397900,1.00,-987.568,158.933,0.685131,0.100810
357,1LVZ,97.73,0.715200,1.00,-506.914,28.843,0.069708,0.493290
358,1LYP,82.03,0.690100,1.00,-2181.518,85.493,0.171283,0.587450
359,1M02,47.92,0.533300,1.00,-471.323,66.720,0.651157,0.220650
360,1M0G,80.00,0.604500,1.00,-2194.647,185.507,0.252845,0.523620
361,1M0J,69.64,0.530300,1.00,-1947.293,135.864,0.344321,0.323630
362,1M23,96.15,0.664600,1.00,-820.167,44.659,0.079322,0.512890
363,1M25,57.69,0.499700,1.00,-1838.215,159.183,0.516071,0.350310
364,1M2S,88.51,0.691700,1.00,-2829.330,172.994,0.131142,0.731510
365,1M36,85.61,0.716400,1.00,-2191.781,189.553,0.302336,0.675280
366,1M4E,73.75,0.596900,1.00,-1286.037,77.259,0.266956,0.224650
367,1M4F,63.00,0.532100,1.00,-1500.433,189.360,0.395614,0.289960
368,1MA2,67.65,0.525800,1.00,-1017.141,75.313,0.307036,0.232430
369,1MA4,36.76,0.392600,1.00,-1215.296,59.607,0.822294,0.214340
370,1MA5,51.47,0.466000,1.00,-1017.141,75.313,0.587246,0.123790
371,1MA6,44.12,0.416300,1.00,-1215.296,59.607,0.552984,0.201790
372,1MB6,94.29,0.760500,1.00,-2445.854,207.735,0.092595,0.801840
373,1MEA,66.07,0.541200,1.00,-1454.029,133.725,0.393692,0.311580
374,1MED,61.61,0.527300,1.00,-1454.029,133.725,0.416492,0.310270
375,1MEQ,70.65,0.601900,1.00,-1254.977,94.057,0.341491,0.242840
376,1MF6,70.83,0.564000,1.00,-401.538,59.249,0.338571,0.416580
377,1MGX,46.28,0.382500,1.00,-3847.504,208.348,0.736625,0.347040
378,1MHU,75.00,0.620800,1.00,-2310.047,168.342,0.255141,0.470840
379,1MKC,49.42,0.563600,1.00,-2433.140,258.322,0.623337,0.359250
380,1MM0,94.44,0.803600,1.00,-3079.668,189.860,0.093822,0.818540
381,1MMC,88.33,0.710800,1.00,-1875.689,110.509,0.140031,0.613240
382,1MOT,66.07,0.615300,1.00,-1190.335,178.144,0.497064,0.519490
383,1MPZ,35.98,0.440700,1.00,-2512.859,204.634,0.669661,0.240030
384,1MR0,90.44,0.723600,1.00,-2563.763,215.301,0.101696,0.741540
385,1MR4,92.55,0.762500,1.00,-3482.689,235.210,0.132916,0.811110
386,1MRB,76.61,0.651400,1.00,-2300.673,160.196,0.231460,0.483490
387,1MRT,68.55,0.565000,1.00,-2266.062,174.462,0.262457,0.432970
388,1MTQ,71.05,0.525600,1.00,-1126.020,53.044,0.392250,0.340590
389,1MTX,92.31,0.786500,1.00,-2961.797,157.308,0.122020,0.780050
390,1MXQ,90.91,0.692600,1.00,-627.888,35.391,0.187864,0.472280
391,1MYN,98.30,0.791800,1.00,-3345.836,182.303,0.074621,0.891190
392,1MYU,50.00,0.481500,1.00,-402.260,70.397,0.444586,0.283660
393,1MZI,53.85,0.509300,1.00,-786.089,28.857,0.367338,0.153810
394,1N0Z,75.56,0.676200,1.00,-2322.438,222.216,0.404328,0.626560
395,1N1U,94.83,0.799200,1.00,-1768.924,156.836,0.126907,0.752630
396,1N2Y,51.67,0.449100,1.00,-599.177,110.886,0.493240,0.150500
397,1N4N,94.68,0.799400,1.00,-3467.121,259.113,0.090422,0.882710
398,1N5G,30.92,0.313700,1.00,-2660.968,222.863,0.804226,0.270900
399,1N6T,52.50,0.459000,1.00,-308.315,44.442,0.423454,0.214660
400,1N8M,94.74,0.786900,1.00,-2694.995,174.187,0.159256,0.847110
401,1N9U,55.00,0.562700,1.00,-413.414,40.036,0.361703,0.227130
402,1NB1,98.28,0.837500,1.00,-1956.210,164.606,0.065458,0.810990
403,1NBJ,90.83,0.782900,1.00,-2097.431,248.688,0.224466,0.745700
404,1NBL,91.30,0.790300,1.00,-3644.607,146.603,0.117563,0.835220
405,1NC8,75.00,0.634900,1.00,-1255.392,125.584,0.503952,0.531190
406,1NCS,84.57,0.692800,1.00,-3955.588,273.896,0.217031,0.755770
407,1ND9,59.18,0.538700,1.00,-4062.145,150.700,0.343474,0.448740
408,1NE5,83.33,0.621600,1.00,-2973.582,205.423,0.248532,0.724140
409,1NIZ,71.88,0.585600,1.00,-672.344,84.424,0.345629,0.235570
410,1NJ0,73.44,0.612700,1.00,-672.344,84.424,0.274314,0.245570
411,1NJ3,88.71,0.748100,1.00,-2046.510,140.742,0.277019,0.671670
412,1NMJ,25.00,0.454800,1.00,-880.267,164.260,1.064758,0.199120
413,1NZS,32.89,0.507700,1.00,-436.042,116.969,0.886318,0.114460
414,1O53,86.67,0.669200,1.00,-879.835,30.211,0.209417,0.512230
415,1O8Y,89.29,0.664700,1.00,-526.616,61.060,0.118996,0.343430
416,1O8Z,92.86,0.681300,1.00,-526.616,61.060,0.104044,0.348290
417,1OAV,76.04,0.614400,1.00,-2916.225,313.824,0.522367,0.692790
418,1OAW,77.60,0.638900,1.00,-2916.225,313.824,0.306281,0.679930
419,1ODP,90.00,0.677800,1.00,-1481.115,66.920,0.134506,0.477400
420,1ODQ,80.00,0.703300,1.00,-1481.115,66.920,0.189412,0.421750
421,1ODR,83.75,0.671600,1.00,-1481.115,66.920,0.194462,0.403560
422,1OEF,87.50,0.705000,1.00,-1894.874,71.370,0.134449,0.472680
423,1OEG,77.17,0.711900,1.00,-1653.692,51.886,0.284522,0.392700
424,1OEI,33.33,0.437500,1.00,-409.249,190.627,0.829762,0.155830
425,1OG7,40.12,0.558200,1.00,-2019.670,154.121,0.938541,0.370930
426,1OHM,52.27,0.511000,1.00,-2605.378,149.223,0.552757,0.413810
427,1OHN,52.33,0.560300,1.00,-2019.670,154.121,0.524935,0.370950
428,1OIG,91.67,0.741100,1.00,-1296.747,109.446,0.128861,0.488810
429,1OMA,73.44,0.622700,1.00,-2765.627,323.614,0.492202,0.639740
430,1OMB,74.48,0.604300,1.00,-2765.627,323.614,0.384783,0.648850
431,1OMQ,92.19,0.685800,1.00,-955.639,30.699,0.121077,0.425550
432,1OPP,60.53,0.623700,1.00,-2883.638,85.571,0.528894,0.521980
433,1ORL,95.65,0.783100,1.00,-3414.134,138.989,0.078376,0.896950
434,1ORX,98.96,0.830600,1.00,-1579.936,134.130,0.061759,0.707600
435,1OZZ,85.80,0.723800,1.00,-3250.726,287.896,0.190885,0.754340
436,1P00,82.39,0.695000,1.00,-3463.806,202.574,0.317255,0.737560
437,1P0A,90.91,0.772600,1.00,-3339.086,176.964,0.163237,0.801920
438,1P7A,77.03,0.686900,1.00,-2369.942,181.199,0.391828,0.622820
439,1P82,79.00,0.667700,1.00,-1338.301,51.700,0.292108,0.442710
440,1P83,56.00,0.599500,1.00,-1338.301,51.700,0.670272,0.320310
441,1P8B,89.86,0.765600,1.00,-2733.148,246.072,0.145583,0.755850
442,1P9C,55.00,0.582900,1.00,-2269.968,190.246,0.548974,0.414810
443,1P9F,80.00,0.611900,1.00,-557.386,16.096,0.336879,0.476550
444,1P9Z,82.93,0.671800,1.00,-3082.912,307.523,0.265597,0.718750
445,1PAA,92.50,0.709700,1.00,-2109.063,174.733,0.190051,0.751650
446,1PB5,96.43,0.810100,1.00,-1848.404,315.602,0.091290,0.817930
447,1PDC,80.56,0.678400,1.00,-4027.514,224.191,0.267635,0.674740
448,1PGY,72.34,0.622900,1.00,-4878.023,129.553,0.342939,0.616640
449,1PJV,91.41,0.726100,1.00,-2532.283,130.076,0.147272,0.703230
450,1PLP,62.00,0.710400,1.00,-1414.030,96.530,0.645893,0.340440
451,1PMC,82.64,0.695600,1.00,-2002.130,184.527,0.259063,0.651770
452,1PNH,93.55,0.758000,1.00,-2173.496,109.140,0.092663,0.728670
453,1PP5,51.19,0.537200,1.00,-969.405,113.041,0.584716,0.168130
454,1PSM,61.18,0.593600,1.00,-2724.185,60.706,0.515615,0.505260
455,1PSV,71.43,0.642300,1.00,-2146.630,113.543,0.281770,0.476400
456,1PT4,100.00,0.805400,1.00,-2004.103,227.591,0.068681,0.770450
457,1PV0,90.22,0.718600,1.00,-4679.625,144.194,0.248064,0.814780
458,1PVZ,82.26,0.658400,1.00,-2162.280,124.307,0.313870,0.591120
459,1PX9,80.95,0.616100,1.00,-2973.582,205.423,0.220534,0.661510
460,1PXQ,38.57,0.386800,1.00,-2236.094,73.205,0.642736,0.286090
461,1Q01,25.66,0.438600,1.00,-1208.137,168.208,1.060258,0.186510
462,1Q2F,47.66,0.620500,1.00,-2389.070,77.279,0.638028,0.312370
463,1Q2I,44.53,0.491200,1.00,-2389.070,77.279,0.742755,0.246100
464,1Q2J,72.73,0.556300,1.00,-1322.925,136.634,0.244594,0.241140
465,1Q2K,93.55,0.806300,1.00,-2076.929,137.200,0.087181,0.773860
466,1Q3J,74.31,0.602500,1.00,-2109.455,204.256,0.294761,0.569810
467,1Q3M,55.10,0.536100,1.00,-3649.836,261.448,0.958500,0.488670
468,1Q3Y,48.81,0.484700,1.00,-2167.254,186.977,0.837289,0.407140
469,1Q3Z,47.02,0.481700,1.00,-2167.254,186.977,0.732333,0.384580
470,1Q71,63.10,0.567400,1.00,-969.405,113.041,0.638515,0.274890
471,1QCM,81.82,0.693900,1.00,-364.935,37.639,0.208717,0.351950
472,1QDP,44.64,0.404700,1.00,-2891.719,276.091,0.560532,0.302970
473,1QFD,91.41,0.748100,1.00,-2263.217,218.358,0.107613,0.718330
474,1QG9,85.71,0.707100,1.00,-1620.755,47.101,0.287694,0.488880
475,1QGM,85.83,0.784200,1.00,-2088.926,124.438,0.144452,0.602830
476,1QHK,74.47,0.631700,1.00,-4150.889,154.362,0.248694,0.612020
477,1QJK,61.81,0.514700,1.00,-2625.436,178.208,0.631051,0.479070
478,1QJL,66.07,0.573600,1.00,-1777.111,214.222,0.277201,0.360830
479,1QK6,90.91,0.746000,1.00,-2165.132,178.502,0.113921,0.730650
480,1QK7,88.28,0.669000,1.00,-2405.862,166.231,0.219686,0.672980
481,1QKY,85.53,0.699500,1.00,-3069.468,159.002,0.150932,0.714690
482,1QLO,56.62,0.574700,1.00,-2355.080,128.616,0.473822,0.381730
483,1QWP,79.55,0.666900,1.00,-364.935,37.639,0.155699,0.440090
484,1QXC,47.73,0.509200,1.00,-364.935,37.639,0.446074,0.329160
485,1QYT,75.00,0.634300,1.00,-364.935,37.639,0.219672,0.232550
486,1R02,37.88,0.468400,1.00,-1817.389,203.047,0.658654,0.283020
487,1R1F,72.30,0.553200,1.00,-2637.091,200.944,0.378040,0.510290
488,1R7C,77.42,0.728900,1.00,-2733.364,61.633,0.337268,0.530530
489,1R7D,74.19,0.675200,1.00,-2733.364,61.633,0.338387,0.535120
490,1R7E,80.65,0.703400,1.00,-2733.364,61.633,0.222719,0.581470
491,1R7F,66.13,0.607500,1.00,-2733.364,61.633,0.324278,0.425070
492,1R7G,74.19,0.664300,1.00,-2733.364,61.633,0.315832,0.523780
493,1R8T,58.33,0.514300,1.00,-643.037,92.002,0.372230,0.266970
494,1R9I,56.82,0.460100,1.00,-1255.250,227.495,0.540199,0.221020
495,1RES,69.77,0.577300,1.00,-3880.172,146.465,0.502176,0.595460
496,1RET,66.86,0.548600,1.00,-3880.172,146.465,0.452563,0.529280
497,1RG3,76.56,0.654500,1.00,-1128.314,53.582,0.347803,0.354110
498,1RG4,81.25,0.652300,1.00,-1128.314,53.582,0.242873,0.370130
499,1RIJ,88.04,0.742200,1.00,-1245.524,57.029,0.122098,0.433030
500,1RIK,90.52,0.734000,1.00,-2134.679,95.269,0.146631,0.650480
501,1RIM,81.06,0.678800,1.00,-2154.368,144.567,0.199989,0.617770
502,1RJI,79.84,0.653100,1.00,-2271.459,122.717,0.247686,0.484060
503,1RKL,60.42,0.618700,1.00,-2851.218,71.488,0.664159,0.496950
504,1RMK,50.81,0.458800,1.00,-2781.140,165.694,0.600368,0.316440
505,1RO3,43.88,0.438200,1.00,-2689.793,294.262,0.593495,0.329740
506,1ROO,67.14,0.543900,1.00,-2563.456,169.334,0.293617,0.478620
507,1RPB,40.48,0.425000,1.00,-1298.566,78.089,0.641863,0.085340
508,1RPC,44.05,0.435300,1.00,-1298.566,78.089,0.621889,0.148860
509,1RSW,33.33,0.450200,1.00,-216.698,55.795,0.732351,0.141680
510,1RSX,41.67,0.526200,1.00,-216.698,55.795,0.747380,0.126780
511,1RT0,37.50,0.483600,1.00,-216.698,55.795,0.728209,0.219500
512,1S4H,53.85,0.541400,1.00,-172.459,94.051,0.458909,0.166000
513,1S4J,40.38,0.467800,1.00,-142.437,83.374,0.627164,0.176270
514,1S4T,46.43,0.537400,1.00,-1339.379,130.557,0.770507,0.208540
515,1S4W,35.00,0.454300,1.00,-394.626,160.349,0.593680,0.090310
516,1S6W,69.05,0.570700,1.00,-1268.995,97.355,0.278806,0.214250
517,1S6X,88.24,0.736900,1.00,-2443.512,178.641,0.171890,0.680260
518,1SBU,50.00,0.592400,1.00,-372.676,50.499,0.561444,0.257500
519,1SCO,81.58,0.663900,1.00,-2736.345,207.998,0.155444,0.646650
520,1SH1,79.17,0.682800,1.00,-2708.465,219.602,0.433602,0.688260
521,1SKH,74.17,0.626600,1.00,-2040.445,88.590,0.304537,0.501660
522,1SMZ,70.37,0.720600,1.00,-1795.646,39.438,0.306114,0.417900
523,1SOL,67.50,0.529200,1.00,-884.745,52.066,0.573597,0.352790
524,1SP1,86.21,0.692600,1.00,-1892.364,131.214,0.218022,0.649680
525,1SP2,91.94,0.688200,1.00,-2032.994,135.590,0.178026,0.752700
526,1SP7,90.62,0.672000,1.00,-1802.258,87.945,0.227039,0.601710
527,1SPF,83.57,0.786000,1.00,-2301.062,84.513,0.311483,0.681210
528,1SPW,89.10,0.729800,1.00,-3029.422,246.704,0.152721,0.767010
529,1SRB,63.10,0.473200,1.00,-1581.805,80.794,0.535401,0.226300
530,1SRK,77.14,0.683100,1.00,-2244.476,146.952,0.506723,0.606970
531,1SSL,69.79,0.602100,1.00,-3739.003,243.845,0.304144,0.586090
532,1SUT,28.41,0.415700,1.00,-932.056,150.581,0.648757,0.099790
533,1SX0,96.59,0.795200,1.00,-1097.421,107.455,0.073343,0.560400
534,1SX1,94.32,0.738600,1.00,-1097.421,107.455,0.087329,0.420540
535,1T0C,21.77,0.511800,1.00,-810.059,218.825,1.160939,0.177120
536,1T2Y,45.00,0.489200,1.00,-1284.839,133.331,0.730076,0.153660
537,1T5M,63.46,0.506600,1.00,-242.467,89.541,0.291946,0.177020
538,1T5N,53.85,0.493300,1.00,-242.467,89.541,0.506449,0.265060
539,1T5Q,80.00,0.724700,1.00,-2350.890,50.615,0.221453,0.548080
540,1T9E,50.00,0.650700,1.00,-421.934,57.781,1.011446,0.210340
541,1TI5,90.76,0.705300,1.00,-3405.232,240.325,0.124035,0.807690
542,1TM6,59.09,0.484400,1.00,-1136.450,108.969,0.430121,0.264250
543,1TMR,92.11,0.757600,1.00,-1093.618,76.792,0.100991,0.363220
544,1TOR,70.00,0.518300,1.00,-335.616,36.327,0.274770,0.342720
545,1TOS,70.00,0.604000,1.00,-266.039,32.161,0.375804,0.400060
546,1TSK,90.71,0.733500,1.00,-2496.595,164.359,0.099584,0.750270
547,1TV0,78.12,0.599600,1.00,-2049.112,161.331,0.217990,0.578750
548,1TYK,75.74,0.595500,1.00,-2501.980,180.177,0.231301,0.532330
549,1U0P,53.70,0.446600,1.00,-1636.478,147.371,0.652571,0.364310
550,1U57,58.85,0.688800,1.00,-2887.660,94.520,0.542293,0.478600
551,1U6U,75.00,0.586700,1.00,-851.834,78.486,0.236097,0.229310
552,1U6V,77.94,0.573600,1.00,-851.834,78.486,0.219582,0.306760
553,1U85,77.27,0.730400,1.00,-2299.186,127.382,0.346393,0.569650
554,1U86,80.00,0.715300,1.00,-2416.048,144.819,0.364929,0.604310
555,1UAO,92.50,0.745800,1.00,-346.775,101.594,0.179408,0.587840
556,1UJL,39.88,0.495400,1.00,-1997.729,252.579,0.681180,0.327840
557,1UT3,92.11,0.718000,1.00,-3088.462,201.939,0.120836,0.789560
558,1UYA,50.00,0.479100,1.00,-609.307,106.346,0.612532,0.154930
559,1UYB,51.56,0.497300,1.00,-609.307,106.346,0.409319,0.168830
560,1V1D,84.68,0.710800,1.00,-2426.622,85.046,0.187229,0.589640
561,1V28,76.09,0.709200,1.00,-1001.796,132.953,0.446720,0.510950
562,1V4Z,73.68,0.678100,1.00,-977.225,66.581,0.422803,0.459480
563,1V50,67.11,0.640100,1.00,-977.225,66.581,0.322392,0.359520
564,1V5A,89.29,0.723800,1.00,-1727.557,133.445,0.148288,0.578560
565,1V6R,69.05,0.538700,1.00,-1467.098,85.182,0.474710,0.211810
566,1V92,87.50,0.752600,1.00,-4670.607,110.130,0.145262,0.768190
567,1VA1,76.35,0.638800,1.00,-2355.604,167.651,0.310798,0.594520
568,1VA2,90.32,0.672500,1.00,-2032.994,135.590,0.132196,0.682220
569,1VA3,88.79,0.668600,1.00,-1892.364,131.214,0.184124,0.671270
570,1VB8,88.33,0.743100,1.00,-2142.509,215.501,0.236430,0.663200
571,1VD7,66.30,0.529200,1.00,-1687.238,33.864,0.413837,0.336280
572,1VD8,65.22,0.486500,1.00,-1726.663,51.366,0.408586,0.296900
573,1VD9,73.91,0.636700,1.00,-1705.510,49.324,0.408879,0.420680
574,1VDA,63.04,0.560600,1.00,-1714.632,42.392,0.711873,0.370840
575,1VDB,86.96,0.740600,1.00,-1687.238,33.864,0.168823,0.539050
576,1VII,80.56,0.674400,1.00,-2936.830,91.891,0.223521,0.618800
577,1VPC,60.56,0.617100,1.00,-3169.648,114.739,0.403225,0.575670
578,1VPU,41.67,0.453700,1.00,-2929.326,238.234,0.698788,0.357220
579,1VQX,35.53,0.536500,1.00,-436.042,116.969,0.868587,0.112230
580,1VTP,70.19,0.695800,1.00,-1786.082,39.088,0.344118,0.430870
581,1VTX,70.83,0.544300,1.00,-2427.185,387.518,0.301241,0.569430
582,1W1N,68.94,0.576900,1.00,-2266.964,148.123,0.353438,0.494510
583,1W4E,92.02,0.758200,1.00,-3795.033,177.548,0.142339,0.831240
584,1W4F,89.89,0.752000,1.00,-3795.033,177.548,0.197227,0.816650
585,1W4G,90.96,0.751400,1.00,-3832.948,147.249,0.248097,0.831440
586,1W4H,89.36,0.781900,1.00,-3464.221,178.023,0.214302,0.818140
587,1WAZ,66.85,0.593100,1.00,-4344.778,191.490,0.332945,0.524910
588,1WCT,55.77,0.603800,1.00,-408.774,63.458,0.442930,0.202330
589,1WM7,68.97,0.620000,1.00,-1960.393,151.595,0.312836,0.333880
590,1WM8,68.75,0.524200,1.00,-1594.022,126.386,0.299377,0.366710
591,1WMT,89.63,0.731000,1.00,-3116.249,212.664,0.160419,0.777360
592,1WN4,64.29,0.611000,1.00,-1176.650,111.998,0.577924,0.386250
593,1WN8,72.73,0.583800,1.00,-1281.299,66.171,0.395346,0.450050
594,1WNK,90.22,0.746400,1.00,-1705.510,49.324,0.159008,0.581500
595,1WNM,92.39,0.716300,1.00,-1726.663,51.366,0.102900,0.552090
596,1WNN,88.04,0.705100,1.00,-1714.632,42.392,0.301963,0.526450
597,1WO3,68.00,0.565000,1.00,-1266.542,157.552,0.327406,0.331220
598,1WO4,66.00,0.571900,1.00,-1378.500,147.134,0.366155,0.368130
599,1WO5,43.00,0.545100,1.00,-1515.835,21.530,0.921481,0.234540
600,1WO6,64.00,0.512000,1.00,-1471.479,105.278,0.381786,0.306910
601,1WO7,66.00,0.487600,1.00,-1507.185,98.467,0.428500,0.335340
602,1WO9,77.86,0.699600,1.00,-1619.508,164.002,0.352768,0.596480
603,1WPD,64.71,0.514900,1.00,-2324.409,142.062,0.472697,0.391040
604,1WQB,86.72,0.714700,1.00,-1990.014,235.590,0.193334,0.632680
605,1WQC,84.62,0.672500,1.00,-1859.596,73.732,0.196915,0.461220
606,1WQD,71.30,0.669400,1.00,-1861.078,99.110,0.564348,0.394440
607,1WQE,96.74,0.777200,1.00,-1498.117,47.454,0.070254,0.604320
608,1WQK,86.90,0.763900,1.00,-3658.435,205.773,0.246016,0.749430
609,1WR3,83.33,0.718500,1.00,-2208.315,162.095,0.252732,0.663410
610,1WR4,88.89,0.773800,1.00,-2177.746,174.292,0.166249,0.734580
611,1WR7,82.32,0.703100,1.00,-2756.368,205.137,0.416813,0.716140
612,1WT7,73.78,0.615900,1.00,-3075.004,187.241,0.401148,0.584060
613,1WT8,83.06,0.663200,1.00,-2215.548,151.137,0.188937,0.585940
614,1WXN,82.14,0.692500,1.00,-3477.170,217.087,0.211177,0.692470
615,1WZ4,57.61,0.580800,1.00,-1466.973,62.327,0.466889,0.283970
616,1WZ5,66.43,0.503900,1.00,-2252.960,203.092,0.338100,0.466880
617,1X22,75.00,0.714600,1.00,-2126.324,140.638,0.323705,0.620370
618,1X32,37.77,0.427400,1.00,-3210.417,236.768,0.768824,0.293960
619,1X5V,81.62,0.660700,1.00,-2350.152,171.660,0.175968,0.581900
620,1X7K,72.37,0.601100,1.00,-1213.025,118.613,0.289724,0.266380
621,1XBH,53.85,0.466200,1.00,-684.283,58.735,0.344131,0.175040
622,1XC0,63.64,0.637800,1.00,-1866.498,116.754,0.394566,0.430710
623,1XF7,87.93,0.748500,1.00,-1891.205,171.655,0.249554,0.654610
624,1XOO,76.25,0.734300,1.00,-1270.084,48.589,0.224951,0.364080
625,1XOP,76.25,0.673100,1.00,-1322.551,25.071,0.217853,0.370030
626,1XRZ,89.17,0.738800,1.00,-1759.620,119.164,0.270507,0.698100
627,1XT7,51.92,0.526400,1.00,-242.467,89.541,0.614761,0.172190
628,1XUT,70.65,0.576500,1.00,-3663.144,255.804,0.374555,0.623290
629,1XV3,43.09,0.532100,1.00,-3047.351,227.127,0.916457,0.325660
630,1XXZ,63.64,0.474300,1.00,-380.088,51.303,0.259165,0.264330
631,1XY4,41.67,0.432500,1.00,-729.965,40.040,0.595478,0.132540
632,1XY6,64.58,0.521200,1.00,-607.939,62.213,0.355935,0.316190
633,1XY8,71.15,0.477400,1.00,-685.106,67.766,0.274420,0.327580
634,1XY9,59.09,0.425100,1.00,-441.339,66.750,0.304008,0.358350
635,1Y03,74.29,0.755900,1.00,-1328.809,57.845,0.355257,0.627600
636,1Y04,62.14,0.790000,1.00,-1328.809,57.845,0.731396,0.458020
637,1Y1B,85.42,0.690300,1.00,-3647.166,219.280,0.203689,0.745840
638,1Y1C,82.81,0.709500,1.00,-3727.580,212.513,0.209914,0.717910
639,1Y29,89.29,0.714800,1.00,-1708.296,121.049,0.111714,0.619280
640,1Y2P,88.97,0.689800,1.00,-2209.700,170.440,0.143873,0.692840
641,1Y32,85.42,0.698500,1.00,-1369.291,53.299,0.240619,0.482470
642,1Y4E,49.07,0.553300,1.00,-1772.379,123.686,0.489420,0.215200
643,1Y5C,70.45,0.469500,1.00,-537.743,34.541,0.306944,0.361180
644,1YIU,93.92,0.785300,1.00,-2406.370,187.293,0.147094,0.815490
645,1YMZ,79.07,0.718400,1.00,-2509.719,266.899,0.328626,0.667990
646,1YP8,85.61,0.715500,1.00,-2244.166,200.885,0.140321,0.639620
647,1YT6,80.00,0.590100,1.00,-396.049,47.726,0.210652,0.417060
648,1YTR,61.54,0.552600,1.00,-1722.711,35.176,0.621550,0.310520
649,1YV8,86.96,0.715800,1.00,-3632.342,202.883,0.162515,0.764690
650,1YVA,89.13,0.740200,1.00,-3632.342,202.883,0.141240,0.804140
651,1YWJ,65.24,0.615200,1.00,-2262.249,272.730,0.747849,0.553740
652,1YYB,75.00,0.692000,1.00,-1685.750,81.515,0.287701,0.469000
653,1Z0Q,22.02,0.346900,1.00,-1745.149,328.828,1.357740,0.230480
654,1Z2T,72.83,0.594300,1.00,-1891.397,39.499,0.432454,0.432770
655,1Z65,73.33,0.607700,1.00,-2151.365,52.116,0.323808,0.497490
656,1Z6V,47.96,0.454400,1.00,-3597.719,215.920,0.881583,0.381620
657,1Z6W,26.53,0.316700,1.00,-3597.719,215.920,1.237509,0.233080
658,1Z99,75.00,0.615200,1.00,-2415.599,204.521,0.404752,0.614790
659,1ZA8,88.71,0.712200,1.00,-2267.975,195.928,0.204580,0.707540
660,1ZAQ,63.07,0.571400,1.00,-3382.083,229.768,0.623756,0.472190
661,1ZDA,81.58,0.669200,1.00,-2916.406,98.871,0.364804,0.681230
662,1ZDB,76.97,0.684200,1.00,-2916.406,98.871,0.361674,0.585580
663,1ZFD,89.06,0.774300,1.00,-2057.563,134.824,0.165321,0.695780
664,1ZFU,83.75,0.686500,1.00,-2802.490,207.423,0.172841,0.707040
665,1ZJQ,83.09,0.689600,1.00,-2481.354,175.784,0.184796,0.594320
666,1ZNM,83.04,0.695400,1.00,-2012.467,101.878,0.133837,0.506690
667,1ZNU,96.55,0.779500,1.00,-1928.742,173.047,0.071274,0.786200
668,1ZR7,90.00,0.771100,1.00,-1808.709,139.261,0.194098,0.728040
669,1ZRV,75.00,0.661000,1.00,-1808.359,54.758,0.299244,0.324410
670,1ZRW,63.00,0.603400,1.00,-1808.359,54.758,0.415222,0.340690
671,1ZRX,55.36,0.701500,1.00,-2244.265,86.968,0.591085,0.440000
672,1ZTA,82.14,0.676900,1.00,-2771.979,61.466,0.259598,0.738100
673,1ZTN,22.50,0.363400,1.00,-513.893,370.061,1.068522,0.204250
674,1ZTO,58.11,0.574100,1.00,-2108.081,173.287,0.490130,0.390140
675,1ZUE,85.71,0.711200,1.00,-2980.486,230.130,0.254769,0.747440
676,1ZUF,76.19,0.606900,1.00,-2980.486,230.130,0.306372,0.607460
677,1ZUV,83.33,0.643600,1.00,-1890.768,116.683,0.283577,0.612090
678,1ZWA,42.65,0.563600,1.00,-2782.290,75.760,0.932434,0.321200
679,1ZWB,45.83,0.571700,1.00,-3048.965,61.344,1.008000,0.399640
680,1ZWC,47.97,0.579100,1.00,-3161.475,62.918,0.682624,0.351680
681,1ZWD,46.43,0.566000,1.00,-3004.817,56.436,0.687857,0.311710
682,1ZWE,47.79,0.564800,1.00,-2787.042,77.865,0.716846,0.382610
683,1ZWU,90.00,0.732800,1.00,-1794.113,164.811,0.115529,0.676680
684,2A1C,70.59,0.552500,1.00,-1207.829,45.518,0.327962,0.321000
685,2A2B,44.51,0.539800,1.00,-2110.886,187.650,0.946725,0.363280
686,2A2V,88.97,0.715400,1.00,-2170.775,196.233,0.170316,0.704640
687,2A51,85.90,0.729700,1.00,-2502.932,202.426,0.140118,0.674450
688,2AAP,87.50,0.708100,1.00,-2481.354,175.784,0.174300,0.726660
689,2AB3,89.66,0.702500,1.00,-1835.151,113.434,0.154147,0.647890
690,2AB7,90.52,0.713400,1.00,-1787.785,154.842,0.104819,0.660150
691,2AB9,30.65,0.342600,1.00,-1443.630,190.315,1.064665,0.232710
692,2ADX,52.50,0.520400,1.00,-2598.895,215.379,0.529217,0.354850
693,2AJJ,86.61,0.684700,1.00,-2123.727,38.414,0.158343,0.603510
694,2AJM,86.61,0.681700,1.00,-2123.727,38.414,0.196893,0.617170
695,2AJN,90.18,0.696200,1.00,-2123.727,38.414,0.154959,0.657970
696,2AJO,86.61,0.681700,1.00,-2123.727,38.414,0.196893,0.617170
697,2AJW,81.82,0.703900,1.00,-1053.823,160.935,0.291953,0.338600
698,2AK0,68.48,0.653500,1.00,-1179.404,133.160,0.314860,0.361130
699,2AMN,55.77,0.600600,1.00,-1815.374,47.484,0.509567,0.308070
700,2AP7,87.50,0.805000,1.00,-1055.110,19.470,0.168362,0.530650
701,2AP8,87.50,0.773100,1.00,-1055.110,19.470,0.213368,0.528120
702,2ARI,57.69,0.566200,1.00,-2304.192,53.015,0.729332,0.478080
703,2ATG,81.94,0.680300,1.00,-924.155,85.784,0.224744,0.314830
704,2AXK,84.87,0.702300,1.00,-3071.865,172.028,0.131773,0.700660
705,2B0Y,77.94,0.615700,1.00,-1011.968,54.158,0.291987,0.325530
706,2B19,58.33,0.561500,1.00,-1846.618,214.155,0.503961,0.400550
707,2B38,90.32,0.732300,1.00,-2027.493,189.624,0.127794,0.679200
708,2B4N,55.95,0.565200,1.00,-3041.420,79.631,0.890558,0.459560
709,2B5B,29.86,0.400400,1.00,-2389.542,197.142,0.944988,0.249680
710,2B5P,63.64,0.506800,1.00,-463.026,78.342,0.233298,0.141630
711,2B5Q,68.18,0.506400,1.00,-463.026,78.342,0.338489,0.211700
712,2B68,87.79,0.732500,1.00,-3004.332,257.711,0.165638,0.762230
713,2B9K,70.74,0.595000,1.00,-3946.172,246.874,0.646615,0.539720
714,2BAI,40.62,0.337400,1.00,-2351.844,116.770,0.891177,0.218660
715,2BAO,87.50,0.700900,1.00,-576.073,16.285,0.137780,0.558780
716,2BAU,77.50,0.642500,1.00,-576.073,16.285,0.253652,0.435030
717,2BBG,62.50,0.545100,1.00,-2954.248,159.485,0.673608,0.493380
718,2BBL,32.95,0.491900,1.00,-731.095,156.154,0.875187,0.130470
719,2BBP,36.36,0.525500,1.00,-731.095,156.154,0.987465,0.125570
720,2BBX,83.67,0.732100,1.00,-2546.969,284.083,0.211784,0.731000
723,2BDS,81.98,0.653300,1.00,-3202.621,230.047,0.173141,0.681480
724,2BEY,75.00,0.656300,1.00,-510.299,76.254,0.493159,0.251970
725,2BL6,46.62,0.460800,1.00,-2137.363,178.887,0.650879,0.307630
726,2BMT,100.00,0.784700,1.00,-3110.206,176.985,0.059600,0.893550
727,2BN6,76.52,0.616600,1.00,-2665.366,82.277,0.275243,0.552160
728,2BP4,34.38,0.418100,1.00,-498.114,115.334,0.560362,0.161190
729,2BTG,87.77,0.746900,1.00,-3723.984,194.972,0.218124,0.782080
730,2BTH,85.11,0.734700,1.00,-3723.984,194.972,0.301018,0.767380
731,2C6A,82.07,0.690700,1.00,-3111.135,214.955,0.313119,0.713470
732,2C6B,86.41,0.726800,1.00,-3111.135,214.955,0.189466,0.722350
733,2CBH,99.31,0.838900,1.00,-2336.224,256.477,0.056571,0.903410
734,2CEF,36.84,0.515400,1.00,-593.069,146.234,0.636870,0.091170
735,2CEH,38.16,0.541200,1.00,-593.069,146.234,0.737241,0.199300
736,2CEZ,39.47,0.529600,1.00,-593.069,146.234,0.733371,0.123660
737,2CFJ,39.47,0.515700,1.00,-593.069,146.234,0.649556,0.178400
738,2CK4,85.53,0.752100,1.00,-2908.423,160.682,0.129287,0.699470
739,2CK5,86.29,0.713000,1.00,-2066.316,147.788,0.149074,0.606020
740,2CQ7,73.98,0.735800,1.00,-2839.519,217.901,0.372986,0.629320
741,2CRD,91.22,0.717400,1.00,-2825.697,179.403,0.122966,0.767970
742,2CSA,32.89,0.555500,1.00,-491.789,120.265,1.046702,0.143240
743,2CTI,96.55,0.752800,1.00,-1962.229,136.391,0.079240,0.764750
744,2CYU,78.12,0.574900,1.00,-3134.468,99.043,0.380173,0.635080
745,2DCI,62.50,0.586000,1.00,-1129.920,63.808,0.407722,0.256540
746,2DCO,42.65,0.404300,1.00,-2650.582,208.623,0.849729,0.280150
747,2DCV,85.71,0.699000,1.00,-2972.419,245.730,0.201422,0.722780
748,2DCW,84.52,0.653300,1.00,-2907.977,305.075,0.175545,0.713030
749,2DDL,68.94,0.605000,1.00,-2696.324,102.801,0.353125,0.405730
750,2DI2,69.83,0.647300,1.00,-1251.671,144.277,0.426367,0.512290
751,2DJ9,72.83,0.645200,1.00,-1158.221,121.377,0.322543,0.359310
752,2DJC,81.52,0.727500,1.00,-1067.324,122.795,0.340234,0.503910
753,2DMV,72.67,0.712500,1.00,-2351.652,198.926,0.625597,0.619800
754,2DQ5,82.45,0.676800,1.00,-3308.344,255.552,0.229942,0.737950
755,2DTB,85.58,0.765300,1.00,-1743.818,69.162,0.159194,0.532740
756,2DWF,75.00,0.577700,1.00,-2935.783,136.651,0.294195,0.550390
757,2DX2,81.82,0.629700,1.00,-588.990,19.267,0.245821,0.370870
758,2DX3,80.56,0.660100,1.00,-1169.908,37.822,0.174028,0.268460
759,2DX4,34.72,0.366400,1.00,-1169.908,37.822,0.845250,0.121660
760,2E1X,67.59,0.617700,1.00,-1172.595,188.057,0.531304,0.442750
761,2E2F,84.15,0.701700,1.00,-3175.856,163.952,0.148171,0.727360
762,2E3E,47.22,0.505300,1.00,-3173.408,273.445,0.741080,0.372140
763,2E3F,56.40,0.519400,1.00,-2970.007,312.472,0.715898,0.428780
764,2E3G,66.25,0.561100,1.00,-3202.665,182.032,0.502508,0.511280
765,2E4E,97.50,0.806000,1.00,-369.567,28.834,0.054028,0.644790
766,2E5T,83.70,0.622900,1.00,-3576.188,111.519,0.131009,0.737950
767,2E5U,50.62,0.580000,1.00,-2675.383,102.416,0.525805,0.446980
768,2E72,68.37,0.670900,1.00,-2495.661,266.331,0.771054,0.590310
769,2EBQ,72.87,0.665300,1.00,-2353.644,354.267,0.492708,0.624850
770,2EBR,69.68,0.707500,1.00,-2074.197,358.661,0.641398,0.606910
771,2EC7,66.84,0.580500,1.00,-2544.670,259.962,0.358690,0.523730
772,2EEM,93.38,0.784000,1.00,-2705.595,141.537,0.084272,0.790570
773,2EFZ,67.19,0.565800,1.00,-983.123,64.983,0.382271,0.247430
774,2EKK,90.96,0.787900,1.00,-3993.661,145.976,0.260063,0.819110
775,2EL4,66.85,0.771000,1.00,-2197.030,208.058,0.705125,0.545840
776,2EL5,72.02,0.760500,1.00,-2112.697,166.969,0.771367,0.636930
777,2EL6,66.85,0.699200,1.00,-2319.237,206.495,0.567658,0.544950
778,2ELM,75.00,0.727900,1.00,-2167.820,161.525,0.590201,0.619210
779,2ELN,80.26,0.805300,1.00,-2270.765,147.159,0.581154,0.709550
780,2ELO,75.00,0.733900,1.00,-2192.524,128.855,0.327062,0.572010
781,2ELP,75.00,0.728200,1.00,-2461.574,204.707,0.503463,0.626990
782,2ELQ,81.25,0.747600,1.00,-1899.857,154.068,0.431057,0.685130
783,2ELR,77.78,0.808500,1.00,-1602.320,117.347,0.551294,0.657560
784,2ELS,80.56,0.787100,1.00,-2317.721,155.703,0.440401,0.710700
785,2ELT,79.86,0.821300,1.00,-1882.031,112.924,0.459735,0.705250
786,2ELU,77.70,0.760200,1.00,-1953.673,168.605,0.494660,0.665440
787,2ELV,80.56,0.730700,1.00,-1932.461,212.063,0.356014,0.673370
788,2ELW,77.70,0.739000,1.00,-2038.359,160.073,0.359839,0.624100
789,2ELX,85.71,0.831700,1.00,-2013.060,188.635,0.307532,0.722870
790,2ELY,62.50,0.707600,1.00,-2068.105,207.256,0.947333,0.544580
791,2ELZ,61.41,0.712900,1.00,-2205.812,260.071,0.838089,0.538050
792,2EM0,63.59,0.701700,1.00,-2169.275,218.168,0.814372,0.563010
793,2EM1,70.45,0.781900,1.00,-2082.074,202.684,0.563604,0.603100
794,2EM2,64.13,0.706300,1.00,-2091.392,249.950,0.655658,0.579360
795,2EM3,63.04,0.694500,1.00,-1977.824,218.153,0.698871,0.570430
796,2EM4,63.04,0.730000,1.00,-1998.292,203.471,0.988244,0.541360
797,2EM5,67.39,0.743300,1.00,-1986.893,246.989,0.572221,0.570410
798,2EM6,70.65,0.759800,1.00,-2036.881,237.511,0.544270,0.632960
799,2EM7,68.48,0.700300,1.00,-2113.815,173.590,0.745320,0.572980
800,2EM8,66.85,0.738100,1.00,-2098.486,223.169,0.995989,0.603820
801,2EM9,66.30,0.736300,1.00,-2204.843,239.919,0.735805,0.595470
802,2EMA,64.67,0.674300,1.00,-2064.922,263.692,0.748488,0.581130
803,2EMB,65.34,0.665900,1.00,-2162.659,254.517,0.462415,0.533220
804,2EMC,68.48,0.803700,1.00,-2212.561,190.253,0.616897,0.590950
805,2EME,63.04,0.755400,1.00,-2239.298,201.316,0.676835,0.559180
806,2EMF,69.57,0.699400,1.00,-1930.738,240.721,0.512141,0.589410
807,2EMG,61.96,0.705000,1.00,-2289.918,206.829,0.820720,0.564420
808,2EMH,71.20,0.752600,1.00,-2368.283,218.322,0.505633,0.610260
809,2EMI,71.74,0.710600,1.00,-2117.616,232.202,0.641403,0.591370
810,2EMJ,67.93,0.768600,1.00,-2043.730,199.118,0.810644,0.593790
811,2EMK,68.48,0.751600,1.00,-2089.229,212.024,0.440854,0.566380
812,2EML,67.93,0.766300,1.00,-1977.345,243.627,0.562626,0.580890
813,2EMM,67.39,0.730800,1.00,-2047.964,209.308,0.594718,0.586960
814,2EMP,66.30,0.718900,1.00,-2131.023,187.128,0.836345,0.583330
815,2EMV,72.16,0.741000,1.00,-2079.950,233.378,0.447837,0.606370
816,2EMW,65.91,0.703300,1.00,-2089.065,173.776,0.733131,0.565310
817,2EMX,78.41,0.768900,1.00,-1959.012,189.339,0.379531,0.697470
818,2EMY,66.85,0.753200,1.00,-2212.657,275.259,0.705831,0.551640
819,2EMZ,79.89,0.745700,1.00,-2071.282,195.678,0.291279,0.689710
820,2EN0,72.02,0.793200,1.00,-1995.214,204.654,0.493478,0.630270
821,2EN1,65.22,0.732000,1.00,-1898.701,217.901,0.952394,0.578580
822,2EN2,75.00,0.773700,1.00,-2095.365,206.846,0.503670,0.637310
823,2EN3,71.74,0.714100,1.00,-2626.128,218.843,0.463242,0.589680
824,2EN4,65.22,0.712000,1.00,-2089.262,226.758,0.710965,0.557820
825,2EN6,68.48,0.750300,1.00,-2059.321,210.501,0.515181,0.547690
826,2EN7,63.07,0.706900,1.00,-2071.842,203.080,0.633762,0.515460
827,2EN8,67.93,0.700400,1.00,-2183.771,214.031,0.616217,0.588470
828,2EN9,66.85,0.725600,1.00,-1852.536,197.104,0.535178,0.551670
829,2ENA,59.78,0.716100,1.00,-2084.075,241.708,1.190974,0.543190
830,2ENC,64.67,0.711400,1.00,-1943.871,206.279,0.752804,0.540930
831,2ENE,61.96,0.700500,1.00,-2093.083,226.726,0.867810,0.558640
832,2ENF,65.76,0.745000,1.00,-2056.468,267.236,0.748627,0.568020
833,2ENH,61.41,0.764600,1.00,-2080.729,185.816,0.925609,0.538030
834,2ENT,65.62,0.757100,1.00,-2343.799,220.660,0.892135,0.580150
835,2EOE,65.76,0.730000,1.00,-2117.710,226.764,0.611216,0.539170
836,2EOF,72.16,0.769900,1.00,-2027.448,238.324,0.455995,0.591270
837,2EOG,67.05,0.738300,1.00,-2133.238,189.530,0.802019,0.572360
838,2EOH,63.04,0.653400,1.00,-2014.220,225.458,0.609625,0.530270
839,2EOI,66.48,0.709000,1.00,-2135.250,210.320,0.672676,0.576480
840,2EOJ,62.50,0.759400,1.00,-2000.459,275.185,0.660730,0.542700
841,2EOK,74.40,0.758100,1.00,-2227.104,138.324,0.365431,0.638450
842,2EOL,75.00,0.753100,1.00,-2003.590,174.207,0.522968,0.614730
843,2EOM,63.04,0.768900,1.00,-2222.435,232.830,0.924743,0.551120
844,2EON,63.59,0.782800,1.00,-2091.139,197.610,0.848694,0.565210
845,2EOO,71.74,0.715900,1.00,-2473.912,182.909,0.725341,0.629820
846,2EOP,71.74,0.745700,1.00,-2093.647,198.201,0.394105,0.605300
847,2EOQ,70.65,0.683900,1.00,-2046.364,229.597,0.415079,0.588830
848,2EOR,72.28,0.755100,1.00,-1969.721,217.739,0.365351,0.590950
849,2EOS,67.26,0.732900,1.00,-2209.849,189.819,0.650762,0.557090
850,2EOU,63.07,0.729000,1.00,-1924.570,185.564,0.795342,0.535560
851,2EOV,61.41,0.728100,1.00,-2146.067,271.749,1.030241,0.553280
852,2EOW,65.22,0.718500,1.00,-1967.046,236.701,0.787940,0.594480
853,2EOX,64.20,0.671800,1.00,-2281.547,242.339,0.711165,0.552400
854,2EOY,61.41,0.688000,1.00,-2282.477,243.284,1.003465,0.525900
855,2EOZ,71.74,0.763800,1.00,-2309.667,230.705,0.588777,0.637420
856,2EP0,68.48,0.743700,1.00,-2082.539,249.277,0.486279,0.604640
857,2EP1,67.39,0.755700,1.00,-2059.584,232.396,0.560786,0.586880
858,2EP2,69.57,0.781400,1.00,-2077.957,178.665,0.577759,0.610730
859,2EP3,68.48,0.739100,1.00,-2225.348,206.074,0.720534,0.627300
860,2EPC,61.90,0.668400,1.00,-2018.652,196.265,1.005508,0.550990
861,2EPQ,54.44,0.678800,1.00,-2341.831,203.306,0.958919,0.441500
862,2EPR,51.56,0.678900,1.00,-2306.612,305.115,1.027781,0.462760
863,2EPT,64.63,0.664600,1.00,-1929.018,212.172,0.663373,0.545150
864,2EPU,68.33,0.735500,1.00,-2043.558,201.042,0.797282,0.576870
865,2EPV,71.59,0.767300,1.00,-2100.135,172.693,0.501753,0.607880
866,2EPW,60.87,0.654900,1.00,-2182.636,181.417,0.723935,0.508120
867,2EPX,65.96,0.646300,1.00,-2625.457,199.401,0.954164,0.569840
868,2EPY,67.26,0.729400,1.00,-1846.696,162.123,0.722362,0.572700
869,2EPZ,68.48,0.744600,1.00,-1992.041,246.533,0.660280,0.591920
870,2EQ0,58.70,0.685900,1.00,-2170.433,218.701,0.831017,0.531800
871,2EQ1,60.33,0.656600,1.00,-1941.637,261.134,0.734074,0.511950
872,2EQ2,58.15,0.640300,1.00,-1970.746,233.859,1.035416,0.488610
873,2EQ3,60.87,0.671700,1.00,-1865.891,211.278,0.654436,0.514560
874,2EQ4,52.17,0.618900,1.00,-1997.018,255.859,0.852382,0.429050
875,2EQE,63.54,0.751500,1.00,-2557.539,400.097,0.797897,0.569900
876,2EQF,64.67,0.634500,1.00,-2462.716,224.171,0.882404,0.575510
877,2EQG,79.08,0.742600,1.00,-2727.796,233.957,0.377826,0.705830
878,2EQH,77.17,0.699400,1.00,-1084.583,147.702,0.323415,0.350300
879,2EQQ,71.43,0.607100,1.00,-1562.982,192.218,0.433177,0.433110
880,2EQT,69.64,0.634300,1.00,-1562.982,192.218,0.479613,0.517330
881,2EQW,67.26,0.682500,1.00,-2187.185,192.244,0.617692,0.568950
882,2ERI,90.32,0.763100,1.00,-2069.884,201.731,0.230897,0.752960
883,2ESX,59.21,0.478100,1.00,-815.775,84.079,0.333928,0.208320
884,2ESZ,59.21,0.463500,1.00,-815.775,84.079,0.368577,0.217240
885,2ETI,79.46,0.647300,1.00,-1962.757,111.502,0.218696,0.514740
886,2EVQ,93.75,0.792400,1.00,-570.042,47.270,0.077571,0.511930
887,2EYA,89.13,0.765500,1.00,-3673.244,182.198,0.151463,0.786780
888,2EYB,91.30,0.748600,1.00,-3673.244,182.198,0.158792,0.822270
889,2EYC,85.87,0.709000,1.00,-3673.244,182.198,0.210067,0.751030
890,2EYD,85.87,0.743500,1.00,-3673.244,182.198,0.222805,0.764460
891,2F2I,93.10,0.756800,1.00,-1801.512,177.768,0.108274,0.682270
892,2F2J,93.10,0.775300,1.00,-1732.043,166.680,0.099243,0.696580
893,2F5H,63.51,0.487000,1.00,-2324.313,343.167,0.492143,0.430180
896,2FJ4,69.59,0.570500,1.00,-2324.313,343.167,0.375312,0.489550
897,2FJ5,67.57,0.566500,1.00,-2324.313,343.167,0.309462,0.450840
898,2FQA,71.30,0.573300,1.00,-1816.611,144.775,0.309637,0.389700
899,2FR9,88.46,0.615400,1.00,-670.613,72.843,0.133771,0.420740
900,2FRB,51.92,0.510900,1.00,-542.984,101.780,0.403908,0.214320
901,2FXY,83.33,0.681100,1.00,-1135.799,27.305,0.269997,0.411140
902,2FXZ,88.46,0.656000,1.00,-785.715,23.729,0.238003,0.501040
903,2G6U,56.67,0.453300,1.00,-754.006,43.460,0.567466,0.254430
904,2G9L,68.24,0.701400,1.00,-2417.437,97.321,0.494508,0.618430
905,2G9P,71.15,0.705700,1.00,-1538.945,49.935,0.303633,0.408350
906,2GD3,66.67,0.605200,1.00,-1317.555,80.868,0.454366,0.411180
907,2GDL,54.84,0.498300,1.00,-1869.974,270.523,0.421015,0.291950
908,2GFR,88.64,0.620600,1.00,-531.738,33.999,0.209930,0.422500
909,2GJ0,83.06,0.644000,1.00,-1904.247,202.333,0.326228,0.582490
910,2GL1,98.94,0.850800,1.00,-3516.155,247.270,0.050340,0.950730
911,2GOF,65.00,0.559100,1.00,-2225.464,114.030,0.472835,0.485320
912,2GOH,65.71,0.580900,1.00,-2225.464,114.030,0.501874,0.452960
913,2GP8,90.00,0.706000,1.00,-2727.381,86.565,0.231178,0.755260
914,2GQE,89.84,0.787100,1.00,-1904.738,210.284,0.182491,0.715800
915,2GW9,92.97,0.756400,1.00,-2049.112,161.331,0.146815,0.765270
916,2GWP,85.94,0.717400,1.00,-2115.705,173.041,0.207328,0.645880
917,2GX1,84.48,0.684200,1.00,-1906.584,138.004,0.150879,0.549130
918,2H1Z,90.38,0.801900,1.00,-2642.862,206.100,0.140186,0.765840
919,2H9X,72.34,0.605900,1.00,-3107.210,203.648,0.343036,0.608210
920,2HFR,68.52,0.625400,1.00,-1874.538,40.468,0.317273,0.304000
921,2HGO,62.04,0.498400,1.00,-1741.560,229.549,0.373304,0.273840
922,2HLG,93.59,0.745600,1.00,-2710.110,224.317,0.111234,0.846630
923,2HM3,70.16,0.580000,1.00,-1903.970,276.465,0.545882,0.458670
924,2HM4,43.55,0.454100,1.00,-1800.841,255.684,0.774733,0.236030
925,2HM5,66.94,0.588800,1.00,-1800.841,255.684,0.420051,0.384520
926,2HM6,37.90,0.430100,1.00,-1904.426,251.940,0.974476,0.228090
927,2HN8,82.24,0.754900,1.00,-3357.814,98.069,0.144068,0.661410
928,2I1P,81.77,0.736000,1.00,-2530.017,237.452,0.242646,0.700190
929,2I1T,75.69,0.657900,1.00,-2290.534,177.427,0.234904,0.547120
930,2I5O,87.18,0.808100,1.00,-2829.659,182.523,0.227330,0.755180
931,2I9M,91.18,0.751300,1.00,-1182.747,23.712,0.120060,0.463230
932,2I9N,49.24,0.614600,1.00,-1756.637,167.476,0.717490,0.353490
933,2I9O,52.70,0.650800,1.00,-1697.507,166.346,0.623505,0.412260
934,2IFJ,54.17,0.515700,1.00,-572.639,49.157,0.434982,0.346920
935,2IGU,72.92,0.553700,1.00,-658.109,50.922,0.252449,0.318790
936,2IH6,59.09,0.517400,1.00,-527.707,53.727,0.393806,0.193920
937,2IMU,52.72,0.653300,1.00,-2642.623,187.860,0.635314,0.415310
938,2IT7,99.11,0.834300,1.00,-1963.048,113.027,0.059970,0.821140
939,2IV4,34.38,0.442700,1.00,-333.253,72.027,0.669640,0.111460
940,2IV5,86.96,0.741100,1.00,-1259.408,39.076,0.156349,0.409860
941,2IV6,47.83,0.590400,1.00,-1349.367,29.621,0.761263,0.246560
942,2IWJ,43.52,0.471700,1.00,-1182.594,189.031,0.742515,0.241200
943,2J15,71.67,0.607000,1.00,-701.661,85.601,0.303276,0.214940
944,2J8P,51.02,0.548900,1.00,-4318.855,118.999,0.803308,0.441090
945,2JM0,85.71,0.718700,1.00,-3073.144,132.522,0.156881,0.644410
946,2JM2,25.56,0.433300,1.00,-1194.791,315.468,1.283030,0.243010
947,2JM4,89.53,0.749900,1.00,-2376.191,236.216,0.188699,0.788090
948,2JMY,96.67,0.702300,1.00,-878.064,32.581,0.108372,0.455480
949,2JN5,43.75,0.499600,1.00,-665.831,30.399,0.572619,0.232450
950,2JNH,81.52,0.684400,1.00,-4293.133,136.484,0.278989,0.714120
951,2JNI,94.05,0.708500,1.00,-1424.431,100.218,0.089678,0.434000
952,2JOC,66.89,0.587200,1.00,-2404.923,185.329,0.380947,0.479520
953,2JOF,88.75,0.745400,1.00,-1040.753,48.657,0.162380,0.378230
954,2JOS,85.23,0.668900,1.00,-1512.883,29.191,0.189209,0.425690
955,2JOU,44.85,0.317500,1.00,-3000.406,145.554,1.020797,0.343320
956,2JP6,60.81,0.583900,1.00,-2107.732,200.665,0.880856,0.417550
957,2JPJ,55.13,0.662900,1.00,-2378.451,58.492,0.550287,0.410750
958,2JPK,58.57,0.606200,1.00,-2383.406,89.382,0.959461,0.463320
959,2JPL,50.00,0.619200,1.00,-2378.451,58.492,0.602366,0.395120
960,2JPM,50.71,0.634000,1.00,-2383.406,89.382,0.489586,0.362660
961,2JPW,42.97,0.539000,1.00,-1020.221,155.048,0.593122,0.222470
962,2JPX,64.29,0.677500,1.00,-2181.650,96.300,0.609254,0.538260
963,2JQ2,41.67,0.505000,1.00,-471.323,66.720,0.502354,0.321350
964,2JQB,46.67,0.592700,1.00,-556.589,111.804,0.563703,0.224490
965,2JQC,50.00,0.477900,1.00,-556.589,111.804,0.424278,0.192500
966,2JQW,47.06,0.440400,1.00,-889.602,94.101,0.563318,0.207470
967,2JR3,46.43,0.436700,1.00,-2897.453,214.470,0.807009,0.320390
968,2JR8,57.74,0.584800,1.00,-2190.598,158.807,0.586702,0.464780
969,2JRD,61.11,0.541600,1.00,-1239.517,40.165,0.652682,0.323680
970,2JRV,53.33,0.536800,1.00,-715.619,81.345,0.592759,0.249390
971,2JRW,59.78,0.508900,1.00,-1149.656,161.435,0.357464,0.168520
972,2JRY,53.80,0.437100,1.00,-3157.209,280.355,0.635778,0.434080
973,2JSB,79.76,0.686500,1.00,-1468.937,99.204,0.221421,0.396560
974,2JTA,37.50,0.456900,1.00,-344.983,38.379,0.566129,0.259090
975,2JTB,91.67,0.717900,1.00,-2223.670,168.450,0.106007,0.729850
976,2JTU,67.76,0.533400,1.00,-2289.718,252.657,0.344143,0.518600
977,2JTW,69.00,0.665500,1.00,-1661.421,43.749,0.379689,0.354400
978,2JUE,33.62,0.290800,1.00,-1956.210,164.606,0.795760,0.181040
979,2JUI,63.64,0.664000,1.00,-2009.227,89.929,0.580469,0.393310
980,2JUQ,69.23,0.535800,1.00,-761.437,36.462,0.287143,0.324690
981,2JUR,63.46,0.514000,1.00,-671.896,55.992,0.427715,0.328650
982,2JUS,86.54,0.672800,1.00,-711.072,46.692,0.123392,0.426760
983,2JUT,61.54,0.512500,1.00,-643.356,52.488,0.422367,0.343440
984,2JUY,61.61,0.548500,1.00,-2108.293,165.592,0.416392,0.319680
985,2JVX,90.18,0.774500,1.00,-1914.817,127.015,0.156249,0.738410
986,2JVY,84.82,0.682500,1.00,-1980.344,123.566,0.261626,0.635350
987,2JWG,88.04,0.736600,1.00,-2906.825,162.834,0.145147,0.798010
988,2JWH,60.94,0.657400,1.00,-1960.334,307.029,0.701787,0.524310
989,2JWM,90.52,0.761100,1.00,-1934.566,184.028,0.189031,0.729280
990,2JXF,91.67,0.805100,1.00,-2678.760,40.323,0.106598,0.705610
991,2JY0,68.52,0.638700,1.00,-1642.114,95.548,0.318278,0.394630
992,2JYD,73.91,0.681300,1.00,-2147.889,332.298,0.361309,0.657450
993,2JYP,40.97,0.444600,1.00,-2670.753,193.374,0.697391,0.289770
994,2K10,55.47,0.665800,1.00,-2025.879,63.071,0.465057,0.299100
995,2K1A,58.93,0.736100,1.00,-2802.042,136.599,0.655348,0.518920
996,2K1I,89.84,0.708400,1.00,-1924.408,164.313,0.147514,0.672570
997,2K1P,80.30,0.719200,1.00,-1979.298,150.394,0.306299,0.631570
998,2K2Y,83.33,0.673400,1.00,-3239.557,131.634,0.180446,0.675100
999,2K2Z,75.00,0.600900,1.00,-2244.312,246.157,0.415623,0.619930
1000,2K44,53.57,0.603300,1.00,-2133.635,78.957,0.529366,0.320690
1001,2K4U,89.19,0.707000,1.00,-2721.196,145.818,0.113025,0.754920
1004,2K6O,67.57,0.738700,1.00,-2929.256,105.603,0.290287,0.657500
1005,2K6R,81.90,0.610500,1.00,-2080.815,215.039,0.227697,0.525080
1006,2K72,92.57,0.710300,1.00,-3289.128,214.219,0.131018,0.766430
1007,2K76,91.67,0.751400,1.00,-2097.949,90.039,0.093641,0.700390
1008,2K7G,100.00,0.832100,1.00,-2021.922,161.013,0.059883,0.814330
1009,2K7Y,34.44,0.486600,1.00,-2647.633,295.120,0.942347,0.326180
1010,2K84,51.67,0.585700,1.00,-1693.772,158.377,0.477183,0.390730
1012,2K98,58.33,0.617100,1.00,-1279.060,43.937,0.692963,0.332280
1013,2K9D,77.27,0.662900,1.00,-4615.705,133.518,0.160553,0.661100
1014,2K9O,70.83,0.568400,1.00,-2291.367,141.433,0.354758,0.515850
1015,2KAM,76.92,0.718500,1.00,-1781.258,33.177,0.222620,0.631720
1016,2KB8,72.30,0.656500,1.00,-2185.808,156.915,0.382721,0.511380
1017,2KB9,78.41,0.644500,1.00,-2849.590,236.944,0.222215,0.658840
1018,2KBL,66.38,0.631800,1.00,-1761.511,147.314,0.379037,0.351520
1019,2KCF,75.69,0.668100,1.00,-2257.069,188.572,0.381909,0.578990
1020,2KCG,99.17,0.836200,1.00,-2047.492,160.144,0.063197,0.816480
1021,2KCH,97.41,0.799200,1.00,-1963.541,236.173,0.075140,0.774820
1023,2KDT,43.89,0.507200,1.00,-2763.686,209.477,0.676591,0.370180
1024,2KE3,43.60,0.536100,1.00,-2732.377,156.539,0.753474,0.324550
1025,2KEF,71.00,0.612900,1.00,-1543.518,189.399,0.424394,0.361690
1026,2KEG,64.06,0.637000,1.00,-1860.834,74.594,0.512896,0.490690
1027,2KEH,68.75,0.592100,1.00,-1860.834,74.594,0.450754,0.479910
1028,2KES,84.90,0.821900,1.00,-3683.719,94.071,0.152356,0.778030
1029,2KFE,67.71,0.716100,1.00,-1457.082,108.968,0.285260,0.346430
1030,2KFQ,35.16,0.337800,1.00,-2391.311,101.689,0.853839,0.319390
1031,2KGH,41.03,0.424900,1.00,-2445.141,259.892,0.936584,0.318690
1032,2KGN,72.92,0.644300,1.00,-1422.120,72.202,0.251554,0.297180
1033,2KGU,90.71,0.767400,1.00,-1952.953,157.023,0.143172,0.749580
1034,2KHB,91.38,0.771400,1.00,-1924.840,140.077,0.151278,0.719770
1035,2KHF,69.00,0.648400,1.00,-1644.485,72.962,0.269974,0.351200
1036,2KHG,76.00,0.639900,1.00,-1644.485,72.962,0.213642,0.405590
1037,2KI0,74.31,0.649200,1.00,-2580.481,139.991,0.345034,0.532710
1038,2KI9,56.06,0.631800,1.00,-2684.786,59.251,0.502008,0.435690
1039,2KIO,56.06,0.596100,1.00,-2071.577,154.306,0.542135,0.399900
1040,2KIR,69.85,0.580900,1.00,-2413.086,148.242,0.251820,0.465430
1041,2KIT,73.48,0.640400,1.00,-2071.577,154.306,0.313272,0.557980
1042,2KJM,55.00,0.528200,1.00,-2049.414,174.389,0.423661,0.316370
1043,2KJN,74.04,0.638900,1.00,-1795.384,48.479,0.366127,0.510850
1044,2KJO,65.38,0.581300,1.00,-1795.384,48.479,0.350879,0.429240
1045,2KLV,45.65,0.571200,1.00,-3365.580,88.167,0.544098,0.379520
1046,2KM9,91.00,0.675300,1.00,-1364.967,115.289,0.115251,0.529640
1047,2KMO,92.05,0.740700,1.00,-2780.724,229.092,0.162338,0.801540
1048,2KMP,84.66,0.714300,1.00,-2780.724,229.092,0.282108,0.748120
1049,2KMQ,79.55,0.692400,1.00,-2780.724,229.092,0.217273,0.639720
1050,2KMR,66.48,0.565500,1.00,-2780.724,229.092,0.950050,0.537080
1051,2KNI,86.59,0.691700,1.00,-2474.895,361.275,0.275717,0.752850
1052,2KNM,94.17,0.809800,1.00,-2047.492,160.144,0.090004,0.742320
1053,2KNP,82.58,0.719300,1.00,-1996.772,131.976,0.192645,0.630980
1054,2KNS,53.03,0.626000,1.00,-1916.135,107.566,0.689886,0.361330
1055,2KNU,54.31,0.577100,1.00,-1725.676,108.018,0.548509,0.305520
1056,2KOE,46.25,0.572500,1.00,-2798.750,145.410,0.658756,0.368050
1057,2KOZ,95.45,0.779900,1.00,-2219.922,126.347,0.109971,0.810660
1058,2KP0,88.64,0.699800,1.00,-2252.594,116.785,0.177846,0.681030
1059,2KPA,53.85,0.524400,1.00,-1709.874,79.310,0.463802,0.264830
1060,2KPB,52.88,0.520700,1.00,-1709.874,79.310,0.547128,0.314290
1061,2KSG,31.25,0.612200,1.00,-3004.750,162.417,1.450823,0.265760
1062,2KSJ,61.41,0.694400,1.00,-3365.580,88.167,0.491853,0.508130
1063,2KTC,66.91,0.557200,1.00,-1887.988,192.390,0.497574,0.433010
1064,2KTX,90.79,0.731200,1.00,-2873.280,169.713,0.152997,0.785930
1065,2KUK,96.67,0.782400,1.00,-2206.519,183.631,0.078779,0.745810
1066,2KUS,92.14,0.770800,1.00,-2198.674,189.035,0.103928,0.741660
1067,2KUX,94.17,0.791200,1.00,-2176.412,160.225,0.086447,0.734890
1068,2KUY,57.56,0.483100,1.00,-3215.427,276.408,0.826425,0.450370
1069,2KV5,72.73,0.697900,1.00,-2462.571,80.431,0.479972,0.563890
1070,2KVF,86.61,0.641200,1.00,-1987.007,84.432,0.169058,0.617900
1071,2KVG,81.48,0.699600,1.00,-1878.973,90.427,0.189698,0.483560
1072,2KVH,89.81,0.663900,1.00,-1765.839,89.139,0.175765,0.626000
1073,2KVX,97.32,0.806900,1.00,-1977.488,152.278,0.076221,0.746380
1074,2KWT,71.97,0.599700,1.00,-2845.037,96.331,0.307560,0.514270
1075,2KWY,75.00,0.768500,1.00,-2679.543,74.122,0.403538,0.713180
1076,2KWZ,65.62,0.658600,1.00,-3269.907,76.325,0.351732,0.542290
1077,2KXA,45.83,0.626800,1.00,-1741.831,54.464,1.111050,0.333190
1078,2KY3,87.88,0.728800,1.00,-2207.958,121.780,0.225952,0.692300
1079,2KYA,47.06,0.531900,1.00,-1653.894,133.797,0.665012,0.409840
1080,2KYJ,90.97,0.727000,1.00,-2131.152,213.092,0.134984,0.754880
1081,2KYK,63.46,0.516500,1.00,-2390.176,259.543,0.700871,0.472700
1082,2KZQ,61.11,0.638800,1.00,-2522.685,91.690,0.459845,0.459830
1083,2L07,79.17,0.580800,1.00,-888.359,127.046,0.192619,0.227090
1084,2L0G,84.38,0.693200,1.00,-3091.639,124.075,0.294997,0.684660
1085,2L0L,53.70,0.581900,1.00,-1571.986,52.406,0.569267,0.332960
1086,2L0M,67.59,0.661100,1.00,-1571.986,52.406,0.369801,0.357300
1087,2L0N,76.67,0.645500,1.00,-2372.767,91.234,0.219741,0.506920
1088,2L0O,64.17,0.592300,1.00,-2372.767,91.234,0.360001,0.410190
1089,2L1J,54.41,0.462400,1.00,-2332.083,233.540,0.394697,0.308630
1090,2L1Q,75.00,0.681800,1.00,-2312.142,265.386,0.404111,0.617340
1091,2L1X,41.67,0.531200,1.00,-2741.811,82.525,0.936447,0.360820
1092,2L2R,74.32,0.635700,1.00,-1877.945,184.786,0.547799,0.634250
1093,2L36,62.50,0.673000,1.00,-1286.129,48.055,0.429115,0.317200
1094,2L37,90.70,0.699000,1.00,-3549.529,105.149,0.205676,0.806270
1095,2L3H,39.74,0.450000,1.00,-2439.349,136.051,0.889989,0.312150
1096,2L3I,62.50,0.572800,1.00,-2225.886,102.766,0.480845,0.413990
1097,2L44,88.16,0.609600,1.00,-846.212,70.729,0.146582,0.309950
1098,2L4G,62.96,0.643800,1.00,-1345.201,53.131,0.643458,0.370800
1099,2L4J,67.93,0.624500,1.00,-2771.731,285.513,0.394624,0.562690
1100,2L4U,63.54,0.592700,1.00,-1422.120,72.202,0.403429,0.324280
1101,2L5I,36.90,0.460000,1.00,-887.355,174.758,0.736005,0.144230
1102,2L5J,41.67,0.450300,1.00,-887.355,174.758,0.503185,0.115060
1103,2L5R,83.70,0.781000,1.00,-1518.748,26.265,0.168022,0.392320
1104,2L61,61.54,0.531300,1.00,-1300.996,137.809,0.424268,0.277520
1105,2L62,65.38,0.554600,1.00,-1300.996,137.809,0.402684,0.312750
1106,2L63,62.12,0.663600,1.00,-2587.608,57.452,0.482127,0.384360
1107,2L64,68.18,0.635500,1.00,-2587.608,57.452,0.318353,0.445890
1108,2L6S,42.50,0.451400,1.00,-1009.450,101.144,0.728550,0.178250
1109,2L6T,48.75,0.428000,1.00,-1009.450,101.144,0.607563,0.189900
1110,2L70,58.33,0.690900,1.00,-3080.327,86.375,0.482837,0.466470
1111,2L71,59.52,0.618500,1.00,-3041.420,79.631,0.603064,0.519250
1112,2L77,55.13,0.597800,1.00,-2425.846,168.747,0.856889,0.441320
1113,2L79,53.21,0.512900,1.00,-2425.846,168.747,0.585528,0.381090
1114,2L7C,81.58,0.609100,1.00,-1145.793,59.373,0.221479,0.324050
1115,2L7T,63.64,0.546900,1.00,-395.008,36.314,0.320004,0.224200
1116,2L87,33.33,0.502500,1.00,-988.281,154.685,0.740090,0.223290
1117,2L8E,67.86,0.683900,1.00,-3167.151,198.964,0.544663,0.603150
1118,2L91,76.74,0.717600,1.00,-3234.428,119.556,0.242252,0.660640
1122,2L9G,89.47,0.754300,1.00,-1324.064,36.494,0.126768,0.366510
1123,2L9X,57.50,0.611800,1.00,-1826.026,123.858,0.461114,0.311570
1124,2L9Z,63.46,0.718900,1.00,-2395.345,217.924,0.589764,0.519800
1125,2LA0,71.67,0.636800,1.00,-1970.502,92.958,0.298799,0.425800
1126,2LAM,87.93,0.731900,1.00,-2088.305,166.691,0.237273,0.746730
1127,2LAQ,36.81,0.455200,1.00,-2052.867,178.976,0.671223,0.258050
1128,2LAT,67.57,0.715900,1.00,-3030.815,65.086,0.438221,0.517870
1129,2LB7,76.14,0.667100,1.00,-2996.959,211.612,0.225898,0.621660
1130,2LBG,90.74,0.878400,1.00,-1193.320,9.108,0.101800,0.636000
1131,2LBZ,50.00,0.481300,1.00,-2375.036,87.979,0.503194,0.339710
1132,2LCM,76.79,0.696500,1.00,-1884.659,122.180,0.379366,0.478930
1133,2LDE,55.00,0.474400,1.00,-1710.520,87.463,0.754482,0.248030
1134,2LDF,70.83,0.617900,1.00,-1601.224,125.985,0.358556,0.405420
1135,2LDJ,77.50,0.605300,1.00,-1245.285,79.764,0.233760,0.312790
1136,2LDS,77.08,0.608900,1.00,-2114.647,188.208,0.242581,0.545200
1137,2LE3,69.64,0.728600,1.00,-2877.014,136.237,0.327999,0.575410
1138,2LE7,61.25,0.571200,1.00,-1394.577,37.677,0.491711,0.293890
1139,2LER,63.64,0.552300,1.00,-464.498,66.384,0.271855,0.257050
1140,2LET,89.29,0.720600,1.00,-1916.317,122.424,0.121493,0.595510
1141,2LEU,59.46,0.579200,1.00,-1833.315,173.460,0.550716,0.432980
1142,2LEW,83.59,0.637800,1.00,-1846.331,197.653,0.248363,0.606860
1143,2LEY,86.72,0.728700,1.00,-2084.985,151.771,0.222868,0.670170
1144,2LFM,23.12,0.384000,1.00,-1500.432,298.302,1.471046,0.195200
1145,2LG4,97.50,0.811200,1.00,-2788.494,162.040,0.079173,0.888100
1146,2LG5,76.39,0.622800,1.00,-2633.209,187.262,0.311344,0.568290
1147,2LG6,87.50,0.690300,1.00,-2694.958,187.347,0.245589,0.725550
1148,2LI3,57.50,0.556400,1.00,-2155.892,128.170,0.551470,0.415070
1149,2LIC,30.71,0.448700,1.00,-1519.631,233.716,0.864707,0.215100
1150,2LID,30.71,0.517200,1.00,-1144.802,268.899,0.988001,0.214550
1151,2LIF,79.63,0.716200,1.00,-1795.407,107.311,0.349275,0.495150
1152,2LIX,68.52,0.545900,1.00,-1801.016,137.004,0.357294,0.414750
1153,2LIY,64.44,0.585000,1.00,-2916.733,279.303,0.354268,0.551730
1154,2LJ7,78.72,0.678100,1.00,-3432.331,262.721,0.264988,0.691320
1155,2LJQ,45.95,0.516500,1.00,-1487.753,232.299,0.824423,0.326030
1156,2LJS,91.67,0.765600,1.00,-1644.045,171.980,0.240275,0.732210
1157,2LJT,48.65,0.544400,1.00,-1512.922,273.356,0.599618,0.385590
1158,2LK9,55.71,0.535400,1.00,-2326.423,76.106,0.519401,0.510050
1159,2LKE,73.96,0.623800,1.00,-1240.421,98.936,0.410249,0.350660
1160,2LKJ,71.88,0.589700,1.00,-1240.421,98.936,0.507740,0.470320
1161,2LKQ,69.79,0.650800,1.00,-1419.567,79.464,0.348415,0.269730
1162,2LL1,86.36,0.657800,1.00,-2185.713,218.350,0.175170,0.667030
1163,2LL2,39.42,0.463500,1.00,-871.953,200.647,0.620189,0.134760
1164,2LL5,90.91,0.805400,1.00,-1017.664,133.601,0.127194,0.455560
1165,2LLD,78.12,0.648200,1.00,-2554.638,223.739,0.282667,0.664470
1166,2LLM,62.79,0.727300,1.00,-2910.879,66.575,0.352655,0.515460
1167,2LLR,76.14,0.666600,1.00,-1232.697,94.654,0.226469,0.295280
1168,2LM8,44.23,0.414500,1.00,-733.786,35.014,0.648696,0.169010
1169,2LMA,81.82,0.652900,1.00,-1311.611,94.469,0.223341,0.354450
1170,2LMB,26.16,0.321300,1.00,-2025.544,194.709,1.005844,0.257830
1171,2LMF,91.30,0.781300,1.00,-1676.489,44.129,0.117983,0.543670
1172,2LMZ,85.71,0.651100,1.00,-3951.286,385.923,0.231113,0.726660
1173,2LNE,59.62,0.484900,1.00,-407.920,88.488,0.441943,0.276350
1174,2LNF,50.00,0.499100,1.00,-407.920,88.488,0.469932,0.215000
1175,2LNG,51.92,0.525900,1.00,-407.920,88.488,0.408221,0.178760
1176,2LO2,84.87,0.698300,1.00,-2267.670,183.599,0.196988,0.698490
1177,2LO3,63.64,0.629100,1.00,-2514.816,246.852,0.489522,0.517430
1178,2LO7,54.03,0.525600,1.00,-2090.541,106.802,0.698103,0.428360
1179,2LQ0,82.00,0.667400,1.00,-1772.466,77.498,0.296505,0.530580
1180,2LQ1,46.00,0.453200,1.00,-1308.231,84.758,0.709927,0.222510
1181,2LQ2,66.67,0.669600,1.00,-1373.873,127.130,0.536813,0.479680
1182,2LQA,85.81,0.722500,1.00,-2701.293,181.421,0.207383,0.705400
1183,2LQX,85.98,0.649500,1.00,-3044.747,138.678,0.321664,0.753620
1184,2LQY,77.50,0.658900,1.00,-1550.702,24.841,0.254575,0.334190
1185,2LR3,82.45,0.614800,1.00,-3363.432,209.012,0.201410,0.712740
1186,2LR5,74.34,0.642200,1.00,-2794.445,151.520,0.288018,0.591070
1187,2LR7,31.90,0.449500,1.00,-1994.517,81.987,0.928024,0.194130
1188,2LRX,58.33,0.557200,1.00,-3262.892,168.119,0.449185,0.365990
1189,2LS1,52.50,0.432100,1.00,-960.983,114.341,0.463814,0.150730
1190,2LS2,77.00,0.732600,1.00,-1924.461,44.136,0.277239,0.445680
1191,2LS3,81.90,0.779000,1.00,-2566.054,68.625,0.213458,0.549600
1192,2LS4,64.58,0.587500,1.00,-1462.549,36.174,0.406731,0.378410
1193,2LS9,63.00,0.562800,1.00,-1325.316,26.663,0.389994,0.329500
1194,2LSA,58.70,0.676600,1.00,-1599.941,25.124,0.496037,0.232650
1195,2LSQ,68.00,0.532100,1.00,-1445.454,121.102,0.366310,0.303890
1196,2LSW,35.00,0.524200,1.00,-1337.452,245.177,1.192606,0.273090
1197,2LT8,87.50,0.772300,1.00,-3042.399,174.573,0.152992,0.758930
1198,2LTI,30.43,0.547500,1.00,-768.897,89.658,1.418612,0.135410
1200,2LU9,79.84,0.667400,1.00,-1996.789,164.025,0.246465,0.514540
1201,2LUF,81.25,0.648400,1.00,-1080.674,61.756,0.238344,0.425400
1202,2LUG,56.25,0.564200,1.00,-1421.700,253.392,1.002223,0.412330
1203,2LUR,79.31,0.658400,1.00,-1993.727,159.561,0.208372,0.500960
1204,2LUV,55.00,0.608000,1.00,-1521.269,375.763,0.735845,0.423460
1205,2LVG,68.12,0.733700,1.00,-2823.990,96.310,0.438671,0.563120
1206,2LWB,62.50,0.491200,1.00,-1585.105,70.396,0.369018,0.179380
1207,2LWL,72.45,0.670600,1.00,-2955.862,241.462,0.492906,0.619780
1208,2LWQ,93.75,0.797100,1.00,-821.841,64.576,0.095828,0.601410
1209,2LWS,70.83,0.514700,1.00,-571.902,71.112,0.282150,0.294690
1210,2LWT,94.44,0.737500,1.00,-983.880,94.648,0.088115,0.403110
1211,2LWU,95.00,0.825800,1.00,-696.091,49.102,0.088604,0.410610
1212,2LWV,76.47,0.681300,1.00,-777.678,90.519,0.194890,0.252990
1213,2LX0,64.84,0.652100,1.00,-2913.920,70.962,0.370987,0.471020
1214,2LX4,86.76,0.717700,1.00,-1197.225,37.390,0.226311,0.456940
1215,2LX5,81.94,0.642600,1.00,-1065.795,21.506,0.294514,0.454410
1216,2LX6,36.84,0.434200,1.00,-567.181,106.715,0.818708,0.143190
1217,2LXO,51.70,0.463300,1.00,-3456.853,220.949,0.607447,0.405660
1218,2LXZ,91.41,0.751200,1.00,-2217.156,142.785,0.110911,0.688230
1219,2LYE,88.89,0.649500,1.00,-831.382,69.756,0.149239,0.317980
1220,2LYF,86.11,0.737600,1.00,-921.961,79.810,0.149454,0.369270
1221,2LZI,88.89,0.698700,1.00,-833.358,93.058,0.134744,0.269940
1222,2LZO,70.69,0.682600,1.00,-1532.997,273.099,0.337003,0.416370
1223,2LZP,72.58,0.716400,1.00,-1580.088,107.422,0.336165,0.503290
1224,2LZQ,80.77,0.742000,1.00,-2426.676,76.202,0.199686,0.648710
1225,2LZX,88.51,0.751300,1.00,-2684.204,313.628,0.202633,0.709870
1226,2LZY,85.71,0.733700,1.00,-2477.789,200.050,0.214746,0.672370
1227,2M0H,62.50,0.661400,1.00,-1449.874,53.632,0.563453,0.369650
1228,2M0S,50.00,0.523600,1.00,-1942.290,58.656,0.682019,0.325780
1229,2M0W,58.70,0.633200,1.00,-1405.756,61.073,0.644780,0.306230
1230,2M1A,85.58,0.652400,1.00,-1526.673,50.848,0.134716,0.498550
1231,2M1J,65.83,0.625000,1.00,-1975.737,71.177,0.535009,0.476760
1232,2M1P,76.39,0.618500,1.00,-785.145,73.368,0.371872,0.312890
1233,2M1T,59.09,0.614300,1.00,-1577.894,48.478,0.501134,0.276190
1234,2M2G,84.72,0.686400,1.00,-813.663,77.283,0.164874,0.348170
1235,2M2H,87.50,0.612700,1.00,-659.264,76.042,0.143754,0.321420
1236,2M2Q,96.88,0.814700,1.00,-2438.060,163.999,0.080790,0.790410
1237,2M2R,75.00,0.615700,1.00,-2326.478,227.049,0.249421,0.490120
1238,2M2S,68.06,0.635100,1.00,-686.675,72.714,0.427850,0.215780
1239,2M2X,27.78,0.288800,1.00,-905.732,17.030,1.012935,0.092610
1240,2M2Y,81.94,0.677900,1.00,-869.753,76.764,0.219669,0.360110
1241,2M36,47.37,0.376200,1.00,-1937.346,204.931,0.794592,0.568500
1242,2M37,34.21,0.549000,1.00,-492.772,136.514,1.247072,0.160600
1243,2M3F,88.64,0.707500,1.00,-1685.237,66.333,0.113978,0.448110
1244,2M3J,86.36,0.715900,1.00,-2278.292,191.709,0.192240,0.656750
1245,2M3N,72.22,0.586500,1.00,-916.471,81.779,0.260275,0.218530
1246,2M4X,76.43,0.592900,1.00,-2445.854,207.735,0.225733,0.533630
1247,2M4Z,69.29,0.573900,1.00,-2358.264,174.685,0.273910,0.447100
1248,2M50,80.71,0.677300,1.00,-2565.120,180.444,0.189909,0.614080
1249,2M5L,62.50,0.641600,1.00,-790.829,106.242,0.518907,0.191940
1250,2M5X,93.12,0.855200,1.00,-2753.348,144.096,0.210160,0.837510
1251,2M5Z,94.32,0.747700,1.00,-5416.654,104.153,0.090919,0.865160
1252,2M60,85.47,0.709700,1.00,-5804.029,96.686,0.152167,0.738880
1253,2M62,83.33,0.614000,1.00,-688.755,53.324,0.183934,0.258260
1254,2M6A,82.14,0.630200,1.00,-1926.193,77.534,0.165219,0.503350
1255,2M6O,80.21,0.743600,1.00,-3169.186,295.681,0.354468,0.716910
1256,2M6P,86.41,0.682300,1.00,-3328.833,221.184,0.245142,0.761050
1257,2M73,64.00,0.631000,1.00,-1875.067,53.788,0.326464,0.322300
1258,2M77,93.06,0.733000,1.00,-973.145,85.704,0.097972,0.424190
1259,2M78,86.11,0.734800,1.00,-973.422,86.115,0.154049,0.385920
1260,2M79,80.56,0.696200,1.00,-933.276,107.089,0.199188,0.269460
1261,2M7C,86.90,0.640500,1.00,-1282.689,42.162,0.292088,0.390140
1262,2M7D,58.75,0.643800,1.00,-1265.447,38.735,0.779827,0.331240
1263,2M7E,69.23,0.586400,1.00,-1511.189,106.311,0.430373,0.410320
1264,2M7I,42.86,0.400900,1.00,-662.615,38.328,0.683316,0.147300
1265,2M7J,42.86,0.437200,1.00,-471.168,63.315,0.614737,0.226620
1266,2M7P,79.76,0.673000,1.00,-2617.375,210.868,0.275946,0.667510
1267,2M7T,84.09,0.726700,1.00,-2020.550,248.033,0.212794,0.683150
1268,2M7X,44.08,0.572900,1.00,-2145.436,164.197,0.766060,0.350340
1269,2M8F,52.08,0.493400,1.00,-1134.879,101.759,0.720348,0.254750
1270,2M8I,84.30,0.707300,1.00,-2723.530,189.353,0.231245,0.710550
1271,2M8J,76.74,0.679000,1.00,-2733.345,291.184,0.333821,0.661550
1272,2M8M,82.14,0.729700,1.00,-2575.687,47.725,0.214808,0.614610
1273,2M8O,71.43,0.691700,1.00,-2575.687,47.725,0.248584,0.379250
1274,2M96,75.57,0.650300,1.00,-2192.341,267.094,0.496203,0.647190
1275,2M9E,91.67,0.764500,1.00,-2260.983,142.434,0.186166,0.746640
1276,2M9F,74.24,0.715200,1.00,-2260.983,142.434,0.345513,0.544170
1277,2M9I,80.15,0.704900,1.00,-2337.272,231.302,0.284313,0.621990
1278,2M9J,84.56,0.728600,1.00,-2337.272,231.302,0.286475,0.683350
1279,2M9L,90.71,0.740200,1.00,-2487.997,155.863,0.342802,0.807220
1280,2M9O,91.38,0.732500,1.00,-1911.062,168.030,0.210437,0.710140
1281,2M9R,23.75,0.394700,1.00,-1459.468,322.647,1.712386,0.217390
1282,2M9S,26.25,0.417100,1.00,-1459.468,322.647,1.925436,0.228430
1283,2MAA,78.85,0.632500,1.00,-713.687,43.723,0.221132,0.438320
1284,2MAE,65.38,0.628500,1.00,-1276.143,126.627,0.473728,0.315990
1285,2MAU,46.67,0.478700,1.00,-1827.040,173.167,0.561822,0.343490
1286,2MBD,95.37,0.772200,1.00,-1595.039,89.511,0.072618,0.709410
1287,2MBY,50.54,0.599600,1.00,-3645.204,137.595,0.630918,0.500330
1288,2MCE,75.00,0.641800,1.00,-953.488,69.218,0.290230,0.286010
1289,2MD1,76.47,0.592000,1.00,-932.906,49.004,0.337260,0.393920
1290,2MD2,85.00,0.598700,1.00,-490.669,31.123,0.179136,0.430100
1291,2MD4,91.67,0.757500,1.00,-665.575,17.054,0.103324,0.497860
1292,2MD6,76.39,0.611700,1.00,-969.428,63.866,0.263916,0.285980
1293,2MDC,44.27,0.474400,1.00,-2913.196,260.433,0.781461,0.351350
1294,2MDL,41.67,0.402700,1.00,-1253.394,175.694,0.683042,0.128910
1295,2MDU,87.93,0.681600,1.00,-2018.679,195.617,0.176483,0.609680
1296,2ME1,62.04,0.545300,1.00,-2364.734,61.907,0.366552,0.364370
1297,2ME2,53.70,0.578200,1.00,-2473.269,55.066,0.460700,0.337090
1298,2ME3,63.89,0.534500,1.00,-2327.337,78.019,0.330026,0.308650
1299,2ME4,54.63,0.579600,1.00,-2391.284,54.500,0.432586,0.356110
1300,2ME7,91.67,0.772200,1.00,-2319.010,119.782,0.187968,0.785700
1301,2MEL,87.88,0.741800,1.00,-2399.510,112.389,0.148355,0.713980
1302,2MEN,80.30,0.710800,1.00,-2101.561,133.258,0.281995,0.594880
1303,2MEO,79.55,0.657700,1.00,-2282.938,123.162,0.369759,0.573360
1304,2MF3,63.30,0.464500,1.00,-3565.863,173.570,0.597435,0.543730
1305,2MFM,38.33,0.533100,1.00,-412.143,80.309,0.838230,0.125370
1306,2MFO,46.67,0.474000,1.00,-335.410,70.987,0.781238,0.255480
1307,2MFP,58.87,0.565600,1.00,-1425.400,127.407,0.524130,0.355280
1308,2MFS,83.57,0.701000,1.00,-2388.665,197.200,0.182814,0.695320
1309,2MFV,39.29,0.586200,1.00,-115.216,48.590,1.024235,0.204930
1310,2MG1,73.15,0.769000,1.00,-1886.360,55.642,0.276124,0.509730
1311,2MG2,83.93,0.712700,1.00,-2307.950,66.311,0.206894,0.584660
1312,2MG3,66.96,0.622200,1.00,-2307.950,66.311,0.423020,0.422690
1313,2MH1,81.82,0.704000,1.00,-1917.725,187.194,0.342180,0.651860
1314,2MHU,69.17,0.538800,1.00,-1900.879,163.114,0.387930,0.442790
1315,2MHW,48.15,0.626900,1.00,-1697.288,38.609,0.714415,0.328520
1316,2MI1,46.43,0.441500,1.00,-829.010,45.634,0.576125,0.140990
1317,2MI9,40.83,0.449400,1.00,-1602.539,174.559,0.631883,0.195020
1318,2MIA,42.50,0.456500,1.00,-1602.539,174.559,0.628312,0.231680
1319,2MID,45.83,0.552300,1.00,-376.863,74.272,0.648054,0.355460
1320,2MIE,37.50,0.519200,1.00,-338.470,69.204,0.627613,0.190510
1321,2MIF,43.75,0.495500,1.00,-335.556,61.239,0.496155,0.299620
1322,2MIG,41.67,0.545700,1.00,-392.353,56.128,0.668894,0.203710
1323,2MIH,42.86,0.479300,1.00,-398.148,62.381,0.744960,0.181710
1324,2MIJ,68.92,0.606700,1.00,-2713.797,158.804,0.281440,0.529620
1325,2MIX,71.43,0.666800,1.00,-1027.234,98.097,0.590543,0.326580
1326,2MJ1,34.72,0.370900,1.00,-590.853,111.829,0.668948,0.099410
1327,2MJ2,67.36,0.649000,1.00,-2345.567,133.301,0.728841,0.570410
1328,2MJ9,69.87,0.676100,1.00,-2426.572,231.706,0.420546,0.530940
1329,2MJC,67.65,0.684200,1.00,-1689.022,207.545,0.505179,0.539770
1330,2MJK,93.90,0.771300,1.00,-4089.986,207.120,0.117114,0.826120
1331,2MKB,81.00,0.736900,1.00,-2134.014,54.780,0.209034,0.481800
1332,2ML7,83.06,0.683100,1.00,-2349.857,166.132,0.161373,0.537270
1333,2MLA,90.54,0.739600,1.00,-2577.778,159.436,0.106027,0.767070
1334,2MLD,92.57,0.776200,1.00,-2622.553,136.761,0.106068,0.775470
1335,2MLJ,37.50,0.498100,1.00,-603.035,120.790,1.129497,0.173670
1336,2MLO,89.06,0.638500,1.00,-1213.032,44.260,0.136329,0.478450
1337,2MLQ,82.81,0.578700,1.00,-1213.032,44.260,0.193217,0.301530
1338,2MLU,60.83,0.506400,1.00,-1787.283,83.840,0.495979,0.442080
1339,2MLV,58.33,0.578200,1.00,-1787.283,83.840,0.611071,0.417120
1340,2MM5,85.00,0.692200,1.00,-2102.002,156.328,0.154489,0.595800
1341,2MM6,88.33,0.690300,1.00,-2166.559,192.584,0.155494,0.610790
1342,2MMM,70.14,0.758900,1.00,-2118.895,59.836,0.274676,0.496530
1343,2MMT,35.71,0.436700,1.00,-1016.878,204.897,0.976859,0.142660
1344,2MMW,41.67,0.426800,1.00,-996.260,145.130,0.638738,0.113020
1345,2MN1,95.83,0.821500,1.00,-2078.415,183.379,0.077730,0.774770
1346,2MN3,31.82,0.363400,1.00,-2034.517,319.724,0.977879,0.265830
1347,2MOC,93.18,0.754500,1.00,-456.565,29.602,0.164523,0.537080
1348,2MOF,57.74,0.631300,1.00,-2744.976,159.322,0.494133,0.532810
1349,2MPJ,80.00,0.672900,1.00,-1242.610,142.308,0.249662,0.453180
1350,2MPQ,95.14,0.806000,1.00,-2259.621,154.911,0.105957,0.835120
1351,2MQ2,41.07,0.454400,1.00,-421.469,39.625,0.679759,0.243750
1352,2MQ4,43.18,0.483500,1.00,-73.927,69.524,0.773125,0.292040
1353,2MQ5,57.50,0.499700,1.00,-176.528,86.200,0.299628,0.297640
1354,2MQF,99.26,0.822200,1.00,-2139.595,133.729,0.054770,0.892230
1355,2MQU,93.57,0.748100,1.00,-2304.638,160.597,0.087314,0.803390
1356,2MR9,90.34,0.771300,1.00,-4208.287,127.874,0.162762,0.811930
1357,2MRB,65.32,0.555300,1.00,-1864.117,181.078,0.378921,0.416120
1358,2MRF,84.85,0.723100,1.00,-2192.402,128.493,0.191151,0.633680
1359,2MRT,65.00,0.566000,1.00,-1918.087,181.876,0.314545,0.403540
1360,2MRW,41.25,0.310000,1.00,-3511.882,132.067,1.072642,0.370030
1361,2MSF,52.59,0.457400,1.00,-1662.703,207.034,0.668681,0.434820
1362,2MSO,78.33,0.609300,1.00,-1971.683,164.612,0.288191,0.514820
1363,2MSQ,85.19,0.656000,1.00,-1905.480,112.032,0.239871,0.591170
1364,2MSU,68.75,0.621800,1.00,-1220.445,51.751,0.338685,0.321470
1365,2MT7,92.86,0.772800,1.00,-2260.581,164.136,0.111483,0.784710
1366,2MT8,75.64,0.623700,1.00,-2243.667,276.374,0.298312,0.605480
1367,2MTM,53.95,0.493400,1.00,-1006.412,118.092,0.410770,0.207520
1368,2MTO,75.00,0.543400,1.00,-697.354,47.924,0.276461,0.348300
1369,2MTT,69.23,0.498900,1.00,-709.399,30.183,0.339291,0.307750
1370,2MTU,69.23,0.477100,1.00,-709.399,30.183,0.419355,0.359370
1371,2MTW,78.75,0.611300,1.00,-1288.069,61.575,0.336506,0.442130
1372,2MTY,50.00,0.550700,1.00,-1131.698,54.076,0.471518,0.107230
1373,2MU6,85.00,0.676900,1.00,-1452.114,41.568,0.211128,0.366790
1374,2MU7,75.00,0.644600,1.00,-1071.875,56.988,0.274720,0.354110
1375,2MU8,43.75,0.440600,1.00,-1254.928,73.083,0.519257,0.121630
1376,2MU9,77.50,0.645400,1.00,-1290.161,58.424,0.380659,0.317510
1377,2MUA,83.33,0.683400,1.00,-1218.320,50.801,0.237234,0.426210
1378,2MUB,91.67,0.731200,1.00,-3565.435,218.493,0.209860,0.820720
1379,2MUE,78.75,0.661100,1.00,-1422.541,51.062,0.303127,0.356120
1380,2MUF,87.50,0.703600,1.00,-1334.574,47.990,0.152385,0.404180
1381,2MUH,87.50,0.693700,1.00,-699.113,85.277,0.223433,0.400900
1382,2MUJ,73.81,0.628800,1.00,-1323.215,62.803,0.321215,0.330400
1383,2MUN,94.57,0.749900,1.00,-4063.322,153.031,0.086000,0.874070
1384,2MUQ,76.14,0.719000,1.00,-2810.719,178.890,0.440839,0.637070
1385,2MV6,62.76,0.691000,1.00,-3660.520,177.189,0.670255,0.536160
1386,2MVA,42.59,0.519400,1.00,-1112.149,115.274,0.855566,0.184100
1387,2MVH,71.15,0.598000,1.00,-1635.785,120.698,0.314805,0.438880
1388,2MVI,47.09,0.421200,1.00,-3123.102,228.570,0.439789,0.358230
1389,2MVJ,82.69,0.672500,1.00,-1925.127,47.645,0.186966,0.589010
1390,2MVK,51.92,0.547500,1.00,-1276.143,126.627,0.647231,0.315960
1391,2MVL,62.50,0.628500,1.00,-1276.143,126.627,0.544635,0.291290
1392,2MVM,51.14,0.601800,1.00,-2391.616,155.496,1.141917,0.461820
1393,2MVN,60.23,0.684300,1.00,-2391.616,155.496,0.625646,0.511480
1394,2MVT,86.70,0.656000,1.00,-4159.925,130.375,0.214468,0.762620
1395,2MW0,89.66,0.687000,1.00,-1927.469,165.056,0.151492,0.633050
1396,2MW3,38.10,0.493300,1.00,-1020.124,68.568,1.003235,0.108180
1397,2MW7,67.57,0.566000,1.00,-2420.576,264.922,0.442176,0.512840
1398,2MW9,82.43,0.697500,1.00,-2443.846,179.379,0.293830,0.676380
1399,2MWA,77.03,0.655200,1.00,-2524.974,155.175,0.381091,0.581250
1400,2MWB,79.73,0.694400,1.00,-2500.082,156.959,0.233796,0.641690
1401,2MWD,87.50,0.738100,1.00,-1724.931,127.060,0.121381,0.541740
1402,2MWE,83.93,0.678200,1.00,-1700.937,125.780,0.134864,0.517170
1403,2MWF,85.94,0.731600,1.00,-1974.716,150.374,0.126074,0.645290
1404,2MWJ,93.75,0.810800,1.00,-2250.205,260.537,0.092910,0.809770
1405,2MWK,94.44,0.822000,1.00,-2250.205,260.537,0.080420,0.823420
1406,2MWL,70.31,0.555000,1.00,-692.293,57.072,0.365928,0.239820
1407,2MWT,59.56,0.587700,1.00,-2017.131,103.502,0.547293,0.411150
1408,2MX4,42.22,0.577300,1.00,-2283.637,213.397,1.223027,0.337560
1409,2MXG,60.94,0.562200,1.00,-692.293,57.072,0.396143,0.241850
1410,2MXH,54.69,0.506600,1.00,-692.293,57.072,0.664963,0.242430
1411,2MXM,97.73,0.823000,1.00,-2224.596,164.439,0.068738,0.858490
1412,2MXO,90.44,0.688300,1.00,-2158.090,147.845,0.147164,0.713890
1413,2MXP,93.94,0.826500,1.00,-2677.615,144.837,0.191196,0.814120
1414,2MXQ,69.12,0.578900,1.00,-2129.969,153.145,0.305997,0.458440
1415,2MXV,77.91,0.657700,1.00,-2521.937,235.259,0.269475,0.603280
1416,2MYH,74.39,0.592900,1.00,-2473.968,250.921,0.362428,0.612910
1417,2MYL,92.50,0.745100,1.00,-1554.808,66.982,0.173407,0.445880
1418,2MYM,61.25,0.518100,1.00,-1456.905,59.665,0.428058,0.264870
1419,2MZ2,69.12,0.534800,1.00,-1011.968,54.158,0.349687,0.263420
1420,2MZ3,66.18,0.572800,1.00,-1011.968,54.158,0.429025,0.259270
1421,2MZ4,83.15,0.648800,1.00,-4063.322,153.031,0.179747,0.712390
1422,2MZ7,21.74,0.507400,1.00,-1325.193,305.431,1.350533,0.211230
1423,2MZA,66.18,0.587400,1.00,-1011.968,54.158,0.430160,0.350700
1424,2MZX,87.50,0.551400,1.00,-616.118,41.667,0.139247,0.436930
1426,2N0X,43.75,0.518700,1.00,-393.820,125.790,0.947866,0.164830
1427,2N16,73.75,0.566700,1.00,-1201.765,61.111,0.281304,0.260410
1428,2N1C,64.13,0.578100,1.00,-1401.064,97.752,0.410360,0.269570
1429,2N1N,90.71,0.745900,1.00,-2560.985,167.628,0.126230,0.736100
1430,2N1P,67.50,0.641900,1.00,-1829.089,145.630,0.432650,0.461310
1431,2N1S,95.83,0.765400,1.00,-1882.002,112.500,0.104240,0.745320
1432,2N24,82.26,0.665400,1.00,-2162.146,154.270,0.261702,0.641870
1433,2N2C,40.70,0.601200,1.00,-2128.287,141.835,0.726596,0.346630
1434,2N2F,57.69,0.529200,1.00,-355.949,87.477,0.496245,0.318370
1435,2N2G,89.39,0.744600,1.00,-2108.192,226.857,0.161519,0.696480
1436,2N2S,81.25,0.674200,1.00,-2581.438,155.895,0.239094,0.589300
1437,2N3P,90.62,0.759400,1.00,-2062.931,170.255,0.124851,0.702150
1438,2N4K,56.40,0.580800,1.00,-1949.217,138.084,0.453054,0.402760
1439,2N4R,83.11,0.734600,1.00,-2297.997,186.908,0.403104,0.716650
1440,2N4S,88.51,0.762200,1.00,-2301.958,180.918,0.375928,0.748310
1441,2N4T,85.14,0.764300,1.00,-2337.262,162.889,0.328929,0.710420
1442,2N4U,83.11,0.699500,1.00,-2636.880,176.729,0.194471,0.657020
1443,2N4V,79.73,0.742900,1.00,-2223.800,180.793,0.494522,0.612720
1444,2N4W,84.46,0.755600,1.00,-2609.410,177.729,0.182746,0.719340
1445,2N58,82.50,0.640500,1.00,-2505.668,78.216,0.176518,0.587520
1446,2N5C,33.33,0.446800,1.00,-723.739,54.653,0.910696,0.083890
1447,2N5J,81.12,0.699800,1.00,-4949.791,115.514,0.257942,0.743150
1448,2N5K,81.90,0.670300,1.00,-1599.640,157.792,0.276925,0.568260
1449,2N5Q,87.04,0.692000,1.00,-1797.923,145.859,0.157345,0.610150
1450,2N5R,93.75,0.706900,1.00,-707.292,29.574,0.152778,0.606080
1451,2N63,43.75,0.454300,1.00,-692.293,57.072,0.528253,0.242060
1452,2N68,42.39,0.575200,1.00,-756.845,128.423,1.152405,0.140490
1453,2N6B,72.79,0.544800,1.00,-2571.540,159.775,0.261391,0.537910
1454,2N6M,76.19,0.718700,1.00,-1232.912,55.472,0.215004,0.349110
1455,2N6N,87.50,0.718800,1.00,-1939.297,162.643,0.125115,0.649160
1456,2N6O,82.86,0.649100,1.00,-2493.147,164.111,0.367970,0.668900
1457,2N6U,28.75,0.390200,1.00,-1334.890,32.253,0.909400,0.195300
1458,2N6V,41.67,0.473500,1.00,-1134.879,101.759,0.672252,0.207370
1459,2N7F,75.78,0.614700,1.00,-2650.822,260.655,0.230731,0.494170
1460,2N7I,68.24,0.712200,1.00,-3036.778,59.204,0.363717,0.547910
1461,2N85,71.34,0.701200,1.00,-2582.354,126.937,0.266471,0.644510
1462,2N8B,60.42,0.536400,1.00,-2217.044,281.539,0.450102,0.408180
1463,2N8E,72.79,0.604100,1.00,-1694.683,205.460,0.356507,0.491870
1464,2N8H,77.86,0.621800,1.00,-2220.637,222.732,0.249728,0.570520
1465,2N8S,85.90,0.734000,1.00,-2395.067,168.107,0.313212,0.731960
1466,2N8U,72.44,0.675500,1.00,-1890.769,214.874,0.390994,0.578020
1467,2N92,51.61,0.510500,1.00,-1844.379,89.989,0.735418,0.369490
1468,2N94,85.94,0.761600,1.00,-3126.927,204.802,0.234620,0.785130
1469,2N95,84.18,0.786700,1.00,-3078.806,266.155,0.327428,0.744390
1470,2N9C,42.50,0.440300,1.00,-457.308,125.279,0.580706,0.109080
1471,2N9M,62.50,0.564000,1.00,-692.293,57.072,0.472663,0.214050
1472,2N9N,56.25,0.486100,1.00,-692.293,57.072,0.481385,0.255130
1473,2N9O,81.55,0.773100,1.00,-2976.779,320.820,0.470803,0.739370
1474,2N9T,77.50,0.625400,1.00,-1867.364,188.018,0.256087,0.489350
1475,2N9Z,30.95,0.398300,1.00,-2675.176,249.390,0.840246,0.252750
1476,2NA3,87.50,0.574600,1.00,-800.694,39.272,0.181688,0.524020
1477,2NA8,57.95,0.647100,1.00,-3392.805,214.922,0.592567,0.500260
1478,2NA9,70.45,0.705700,1.00,-3966.079,92.245,0.363920,0.634940
1479,2NAB,74.39,0.685000,1.00,-2759.956,296.146,0.459834,0.635500
1480,2NAE,37.79,0.500700,1.00,-2072.571,167.297,0.675891,0.263190
1481,2NAJ,84.85,0.709400,1.00,-2121.318,133.149,0.185131,0.666930
1482,2NAL,87.50,0.654800,1.00,-771.786,32.626,0.204789,0.441680
1483,2NAT,42.86,0.498000,1.00,-1992.344,77.321,0.873454,0.231470
1484,2NAU,69.64,0.595800,1.00,-1701.286,59.632,0.364180,0.349360
1485,2NAW,57.69,0.565300,1.00,-3004.459,167.043,0.493455,0.441060
1486,2NB2,90.13,0.737600,1.00,-3262.903,101.194,0.121217,0.768300
1487,2NB5,64.71,0.443000,1.00,-835.420,86.741,0.323203,0.272790
1488,2NB6,90.62,0.805100,1.00,-896.403,71.764,0.154493,0.512210
1489,2NB7,70.59,0.609600,1.00,-1000.785,25.484,0.501707,0.415230
1490,2NB8,62.96,0.569600,1.00,-1715.901,160.764,0.829865,0.469520
1491,2NB9,82.14,0.732500,1.00,-3383.157,261.429,0.306393,0.744540
1492,2NC3,91.67,0.802700,1.00,-2260.983,142.434,0.101797,0.725810
1493,2NC4,88.64,0.792300,1.00,-2260.983,142.434,0.143894,0.653370
1494,2NC5,93.18,0.797800,1.00,-2260.983,142.434,0.098853,0.765830
1495,2NC6,93.94,0.811400,1.00,-2260.983,142.434,0.144626,0.765400
1496,2NC7,81.94,0.651400,1.00,-927.634,83.886,0.167995,0.317040
1497,2NCS,68.06,0.658400,1.00,-2739.291,67.320,0.284979,0.516570
1498,2NCT,80.56,0.688100,1.00,-2739.291,67.320,0.327953,0.700720
1499,2NCU,63.10,0.596200,1.00,-1539.077,49.265,0.404050,0.245810
1500,2NCV,61.90,0.582800,1.00,-1550.821,47.493,0.585433,0.303180
1501,2NCW,59.37,0.648200,1.00,-1698.855,62.862,0.454690,0.292800
1502,2NCX,81.25,0.797700,1.00,-1692.338,27.577,0.195777,0.609540
1503,2NCY,67.71,0.660300,1.00,-1658.155,52.992,0.483111,0.417640
1504,2ND2,85.80,0.730700,1.00,-3911.710,112.906,0.164552,0.750520
1505,2ND3,96.05,0.801600,1.00,-3025.108,143.689,0.075212,0.857880
1506,2ND6,72.06,0.628700,1.00,-1162.723,37.389,0.260546,0.294450
1507,2ND7,70.59,0.631000,1.00,-1162.723,37.389,0.359216,0.236390
1508,2ND8,69.12,0.547600,1.00,-1162.723,37.389,0.417461,0.255780
1509,2NDB,62.76,0.511800,1.00,-2912.463,287.425,0.468517,0.528570
1510,2NDC,68.06,0.582700,1.00,-1122.870,25.883,0.412884,0.369070
1511,2NDE,56.94,0.527200,1.00,-1067.631,25.649,0.455359,0.254180
1512,2NDI,49.46,0.510300,1.00,-2516.593,282.765,0.578689,0.315760
1513,2NDK,50.52,0.732400,1.00,-3004.750,162.417,0.814693,0.401540
1514,2NDL,73.44,0.678800,1.00,-892.764,82.676,0.214262,0.253690
1515,2NDM,63.46,0.578500,1.00,-601.565,78.922,0.277038,0.257900
1516,2NDN,87.50,0.723600,1.00,-791.245,72.213,0.170293,0.379340
1517,2NOR,55.00,0.564500,1.00,-407.264,53.196,0.348926,0.355580
1518,2NOU,92.50,0.712800,1.00,-474.133,31.799,0.090552,0.490680
1519,2NR1,80.56,0.674700,1.00,-1587.443,98.893,0.289345,0.575120
1520,2NS4,73.21,0.530800,1.00,-435.228,67.248,0.230436,0.322320
1521,2NVJ,58.00,0.544400,1.00,-1754.691,82.630,0.404378,0.226040
1522,2NX6,70.37,0.580100,1.00,-1477.613,195.668,0.344775,0.360320
1523,2NX7,49.11,0.523300,1.00,-1731.370,105.947,0.652377,0.244540
1526,2NZ3,61.25,0.574800,1.00,-3085.288,170.571,0.487877,0.393920
1527,2NZZ,37.16,0.482900,1.00,-2830.248,106.619,1.173730,0.231280
1528,2O00,37.84,0.457300,1.00,-2830.248,106.619,0.991759,0.236690
1529,2O0S,68.75,0.514900,1.00,-662.809,39.027,0.379599,0.298660
1530,2OBU,55.95,0.729300,1.00,-3156.991,102.606,0.710786,0.542570
1532,2OJM,98.86,0.758800,1.00,-1523.077,33.775,0.068635,0.627640
1533,2OJN,70.45,0.600700,1.00,-1506.711,34.907,0.376624,0.325660
1534,2OJO,82.95,0.763000,1.00,-1730.882,24.060,0.149867,0.457290
1535,2OP7,49.36,0.461900,1.00,-2465.923,176.058,0.992908,0.341710
1536,2OQ9,41.67,0.558700,1.00,-1024.913,96.119,0.738888,0.215870
1537,2ORU,77.50,0.648100,1.00,-1305.009,90.849,0.287424,0.257680
1538,2OVN,92.65,0.677500,1.00,-1069.415,42.960,0.163072,0.496140
1539,2OYV,73.08,0.563000,1.00,-501.880,63.913,0.258653,0.293530
1540,2OYW,82.69,0.594600,1.00,-501.880,63.913,0.175219,0.260740
1541,2P4L,59.24,0.419500,1.00,-3034.973,277.096,0.527892,0.515250
1542,2P5J,45.59,0.432600,1.00,-795.392,74.908,0.796828,0.220190
1543,2P81,64.77,0.589500,1.00,-3237.735,144.225,0.458371,0.527680
1544,2PCO,78.85,0.671400,1.00,-1558.928,62.491,0.396325,0.597650
1545,2PDD,84.30,0.684700,1.00,-3643.504,148.875,0.266877,0.744090
1546,2PDE,31.98,0.369200,1.00,-3643.504,148.875,0.729437,0.358340
1547,2PJV,56.45,0.569400,1.00,-1103.622,128.118,0.636050,0.333910
1548,2PO8,73.53,0.655800,1.00,-1827.931,229.627,0.368205,0.555830
1549,2PPZ,69.44,0.599300,1.00,-2978.082,131.761,0.245185,0.543900
1550,2PTA,89.29,0.732400,1.00,-2428.405,192.444,0.162575,0.741790
1551,2PV6,68.18,0.640500,1.00,-1980.721,49.927,0.357424,0.339150
1552,2RLG,86.11,0.593600,1.00,-962.686,39.812,0.291187,0.437200
1553,2RLH,87.50,0.612200,1.00,-962.686,39.812,0.276301,0.577860
1554,2RLJ,60.94,0.543500,1.00,-668.289,57.242,0.501920,0.197880
1555,2RLW,77.94,0.716400,1.00,-2144.039,64.779,0.272746,0.569320
1556,2RME,42.76,0.576200,1.00,-3016.637,79.272,0.737268,0.271620
1557,2RMF,69.38,0.704700,1.00,-3102.801,116.481,0.304143,0.602660
1558,2RMG,50.00,0.663800,1.00,-2690.122,98.130,0.657111,0.343230
1559,2RMH,63.16,0.637200,1.00,-2569.766,106.658,0.696898,0.570840
1560,2RMI,78.33,0.709700,1.00,-2351.609,51.357,0.211063,0.591200
1561,2RMV,48.08,0.494000,1.00,-1802.745,142.836,0.522074,0.264650
1562,2RMW,43.27,0.412800,1.00,-1776.092,164.742,0.600891,0.249700
1563,2RMY,71.32,0.717400,1.00,-2157.797,103.860,0.375481,0.565710
1564,2RMZ,74.42,0.739700,1.00,-3311.283,131.348,0.347494,0.655760
1565,2RN0,77.33,0.713100,1.00,-3311.283,131.348,0.426473,0.675440
1566,2RND,67.65,0.712400,1.00,-2157.797,103.860,0.440120,0.514530
1567,2ROO,76.74,0.670300,1.00,-2803.507,205.434,0.293252,0.621990
1568,2RPS,61.72,0.652900,1.00,-1480.903,178.562,0.526002,0.376970
1570,2RQ2,69.17,0.662600,1.00,-2056.597,18.476,0.530739,0.535170
1571,2RQZ,82.89,0.712800,1.00,-2567.368,181.440,0.188654,0.663020
1572,2RR0,75.66,0.653400,1.00,-2567.368,181.440,0.248141,0.567730
1573,2RR2,79.61,0.664500,1.00,-2567.368,181.440,0.177488,0.633360
1574,2RRH,78.45,0.704400,1.00,-2157.729,57.999,0.199465,0.528360
1575,2RRI,71.55,0.688500,1.00,-2157.729,57.999,0.287637,0.459330
1576,2RRS,69.44,0.584500,1.00,-1076.465,45.574,0.302220,0.360840
1577,2RSH,71.62,0.669400,1.00,-2181.684,171.123,0.517926,0.572610
1578,2RSW,47.22,0.468300,1.00,-742.860,117.936,0.525504,0.193620
1579,2RT4,54.00,0.553500,1.00,-1084.656,102.740,0.830687,0.172590
1580,2RTY,95.83,0.750800,1.00,-1863.592,105.253,0.086654,0.781230
1581,2RTZ,88.79,0.689900,1.00,-2129.369,121.714,0.152397,0.634850
1582,2RU0,80.56,0.614900,1.00,-2622.896,145.052,0.218735,0.652710
1583,2RUM,39.47,0.459800,1.00,-683.386,156.903,0.653954,0.214820
1584,2RUN,73.61,0.648400,1.00,-1417.596,64.052,0.267067,0.342610
1585,2RUO,84.38,0.709300,1.00,-1066.056,44.491,0.126079,0.421370
1586,2RUT,85.42,0.817400,1.00,-2290.257,136.359,0.247381,0.721940
1587,2RUU,84.72,0.818600,1.00,-1913.984,102.437,0.207822,0.691290
1588,2RUV,82.43,0.773100,1.00,-2181.684,171.123,0.397606,0.737480
1589,2RUW,79.05,0.780200,1.00,-1952.987,171.503,0.461734,0.672440
1590,2RUX,80.56,0.712700,1.00,-1955.188,209.237,0.423768,0.686780
1591,2RUY,81.08,0.786600,1.00,-2218.534,164.225,0.378901,0.656090
1592,2RUZ,84.87,0.822700,1.00,-2243.296,149.019,0.365503,0.756270
1593,2RV0,79.73,0.774300,1.00,-2149.934,143.641,0.699708,0.706130
1594,2RV1,83.11,0.751100,1.00,-2408.380,237.369,0.294948,0.709050
1595,2RV2,86.81,0.834000,1.00,-2024.784,142.540,0.313724,0.766920
1596,2RV3,79.86,0.772700,1.00,-1577.618,115.398,0.386323,0.638490
1597,2RV4,87.16,0.761400,1.00,-2004.685,172.281,0.210137,0.717990
1598,2RV5,83.57,0.810800,1.00,-1949.011,172.865,0.416245,0.699180
1599,2RVD,90.00,0.676900,1.00,-545.820,32.025,0.109110,0.425180
1600,2SH1,72.92,0.624000,1.00,-2708.465,219.602,0.464103,0.649810
1601,2V1V,85.34,0.676000,1.00,-1830.829,150.040,0.147629,0.559820
1602,2VY4,77.70,0.684400,1.00,-2480.247,117.966,0.315165,0.617050
1603,2VY5,78.38,0.690000,1.00,-2480.247,117.966,0.296622,0.615040
1604,2W0T,81.98,0.717400,1.00,-2707.937,153.118,0.294888,0.695120
1605,2W9O,67.93,0.603900,1.00,-2788.325,228.261,0.484798,0.572050
1606,2W9U,68.48,0.627500,1.00,-2706.646,267.742,0.560526,0.585550
1607,2W9V,81.82,0.660000,1.00,-2649.507,230.951,0.368777,0.701770
1608,2W9W,77.27,0.655600,1.00,-2644.643,213.047,0.403708,0.653400
1609,2WH9,86.11,0.741300,1.00,-2463.482,151.056,0.197500,0.720980
1610,2WXC,84.57,0.739000,1.00,-3712.644,183.488,0.265444,0.743620
1611,2XL1,65.62,0.601300,1.00,-1486.692,100.491,0.804417,0.507310
1612,2YRH,64.20,0.720400,1.00,-1895.959,173.973,0.501370,0.526680
1613,2YRJ,65.22,0.743900,1.00,-2097.103,246.405,0.657936,0.548100
1614,2YRM,68.02,0.704900,1.00,-2020.382,210.117,0.577112,0.598820
1615,2YSB,82.65,0.792800,1.00,-2835.082,283.320,0.369700,0.729070
1616,2YSC,80.13,0.771500,1.00,-2258.472,209.624,0.383192,0.640630
1617,2YSF,80.62,0.774400,1.00,-2391.856,176.998,0.465973,0.687370
1618,2YSG,80.00,0.732400,1.00,-2506.633,161.311,0.331777,0.643000
1619,2YSH,71.25,0.688600,1.00,-1941.636,196.285,0.600815,0.597450
1620,2YSI,68.12,0.729600,1.00,-2121.531,197.316,0.764077,0.579440
1621,2YSO,58.15,0.644000,1.00,-2500.417,225.795,1.036863,0.496530
1622,2YSP,63.04,0.705300,1.00,-2183.130,204.935,0.664225,0.516980
1623,2YSV,59.52,0.613100,1.00,-1826.362,161.313,0.557824,0.454810
1624,2YTA,71.95,0.731400,1.00,-1916.231,181.063,0.576847,0.621150
1625,2YTB,70.24,0.750400,1.00,-2010.411,171.808,0.444937,0.590220
1626,2YTD,69.02,0.718400,1.00,-2046.937,197.003,0.667560,0.589080
1627,2YTE,72.02,0.731400,1.00,-2073.984,210.934,0.616796,0.612700
1628,2YTF,73.37,0.756800,1.00,-2157.653,260.647,0.365989,0.648680
1629,2YTG,69.57,0.725300,1.00,-2103.857,227.127,0.680836,0.591310
1630,2YTH,62.50,0.731400,1.00,-1960.874,247.047,0.575791,0.559550
1631,2YTI,67.93,0.747600,1.00,-2094.212,229.419,0.512691,0.574420
1632,2YTJ,67.39,0.709300,1.00,-2371.568,221.082,0.586223,0.607470
1633,2YTK,65.76,0.718900,1.00,-2193.424,239.740,0.853541,0.556560
1634,2YTM,59.78,0.643000,1.00,-1963.799,185.916,0.676010,0.492120
1635,2YTN,61.41,0.715100,1.00,-1892.165,248.312,0.742181,0.533460
1636,2YTO,62.50,0.731800,1.00,-2097.326,212.991,1.019421,0.569150
1637,2YTP,61.96,0.711700,1.00,-2253.462,208.924,0.814537,0.530590
1638,2YTQ,60.33,0.713700,1.00,-2141.991,230.534,0.825303,0.514830
1639,2YTR,67.93,0.717400,1.00,-2000.727,226.133,0.611440,0.559150
1640,2YTS,79.35,0.752500,1.00,-2040.866,263.481,0.266162,0.635960
1641,2YTT,65.22,0.658900,1.00,-2354.758,219.000,0.582577,0.529720
1642,2YU5,67.61,0.687200,1.00,-2237.010,238.947,0.770216,0.570730
1643,2YU8,69.57,0.734500,1.00,-1999.336,221.397,0.712409,0.599840
1644,2YYF,36.67,0.463800,1.00,-556.286,104.741,0.766104,0.213830
1645,2Z3S,76.92,0.640800,1.00,-3077.127,182.038,0.215343,0.572470
1646,2ZAJ,69.90,0.710000,1.00,-2729.156,250.238,0.541581,0.615140
1647,2ZNF,95.83,0.765400,1.00,-886.615,77.355,0.093116,0.486930
1648,3BBG,60.00,0.529600,1.00,-2902.276,162.744,0.654982,0.445580
1649,3CMH,71.67,0.549400,1.00,-963.413,50.124,0.410812,0.342460
1650,3CTI,97.41,0.754900,1.00,-2013.186,125.363,0.074293,0.798990
1651,3LEU,52.03,0.582000,1.00,-1848.243,187.821,0.774550,0.429780
1652,3MRA,84.00,0.790000,1.00,-1909.240,37.284,0.182993,0.566570
1653,3ZNF,91.67,0.720600,1.00,-1976.513,100.021,0.133151,0.697440
1654,4A24,87.77,0.738900,1.00,-3215.526,285.698,0.199517,0.791690
1655,4APD,56.45,0.546200,1.00,-2084.275,58.889,0.461034,0.404750
1656,4B19,74.17,0.755100,1.00,-2384.050,79.859,0.260419,0.510230
1658,4B2U,90.28,0.738400,1.00,-2458.348,203.288,0.196269,0.770200
1659,4B2V,90.62,0.742400,1.00,-1981.754,158.381,0.105783,0.683180
1660,4BMF,86.18,0.712400,1.00,-2375.037,185.799,0.155912,0.708290
1661,4CYK,70.73,0.686000,1.00,-2432.611,188.792,0.447826,0.569470
1662,4ZNF,90.00,0.699300,1.00,-1976.513,100.021,0.149906,0.672460
1663,5A4H,34.62,0.394000,1.00,-1901.706,310.135,1.205748,0.241800
1664,5AAY,88.33,0.746600,1.00,-2096.199,123.749,0.209637,0.744810
1665,5AAZ,85.94,0.754000,1.00,-2081.388,131.650,0.277957,0.639490
1666,5AHT,80.23,0.679800,1.00,-2881.472,278.956,0.351210,0.669070
1667,5FZV,74.22,0.644800,1.00,-1898.069,235.645,0.518326,0.573390
1668,5FZW,82.58,0.724800,1.00,-2190.653,208.763,0.427549,0.699590
1669,5FZX,86.11,0.718100,1.00,-2298.400,198.542,0.200674,0.722810
1671,5GSF,71.30,0.575700,1.00,-1996.182,148.377,0.235215,0.336990
1672,5GVO,36.11,0.517000,1.00,-735.292,121.271,1.176500,0.207550
1673,5H1H,51.56,0.562800,1.00,-534.637,91.411,0.611116,0.228110
1674,5H1I,38.89,0.375200,1.00,-728.581,87.466,0.641752,0.149940
1675,5H2S,78.00,0.655000,1.00,-1206.535,47.703,0.245732,0.431420
1676,5I1X,88.19,0.677800,1.00,-2564.513,167.452,0.149630,0.703490
1677,5I2P,91.67,0.699100,1.00,-2557.606,173.825,0.171993,0.779850
1678,5ID5,75.00,0.689000,1.00,-1670.311,72.474,0.474010,0.524930
1679,5IJ4,92.35,0.806300,1.00,-3434.000,289.688,0.184119,0.825220
1680,5ION,93.10,0.789600,1.00,-2081.146,112.153,0.103880,0.706700
1681,5IPO,73.44,0.586900,1.00,-3260.576,215.670,0.601086,0.659170
1682,5J8T,77.66,0.651000,1.00,-2882.037,306.196,0.205266,0.676310
1683,5JHI,96.43,0.793600,1.00,-2577.042,136.064,0.071715,0.853410
1684,5JI4,98.65,0.835800,1.00,-2953.419,138.199,0.065629,0.911510
1685,5JPL,33.82,0.479400,1.00,-640.813,142.282,0.922805,0.179200
1686,5JPX,81.67,0.623400,1.00,-3270.621,231.621,0.215826,0.692600
1687,5JYH,73.86,0.603900,1.00,-2985.337,190.422,0.658271,0.655110
1688,5KGY,84.09,0.675000,1.00,-1773.134,46.216,0.155798,0.398260
1689,5KGZ,47.16,0.542800,1.00,-3502.770,104.562,0.567011,0.364000
1690,5KHB,86.90,0.660500,1.00,-1453.500,47.060,0.215408,0.472000
1691,5KI0,43.42,0.455000,1.00,-178.252,75.585,0.530267,0.184780
1692,5KKM,89.77,0.782600,1.00,-1341.300,126.598,0.143292,0.462410
1693,5KVN,93.52,0.758600,1.00,-2051.433,162.238,0.102585,0.710620
1694,5KWO,95.19,0.755000,1.00,-1912.442,116.446,0.122068,0.707940
1695,5KWX,81.00,0.675700,1.00,-1401.418,123.435,0.167373,0.410360
1696,5KWZ,98.08,0.795300,1.00,-1887.289,67.357,0.054681,0.798530
1697,5KX0,65.38,0.440700,1.00,-1874.412,74.613,0.423407,0.341410
1698,5KX1,89.77,0.744100,1.00,-1199.500,69.109,0.107048,0.433810
1699,5KX2,88.89,0.700400,1.00,-845.129,113.139,0.123769,0.356240
1700,5L1C,81.25,0.680100,1.00,-2622.848,158.983,0.203806,0.633680
1701,5L82,48.65,0.446600,1.00,-2513.448,163.171,0.640328,0.300710
1702,5LAH,28.89,0.357500,1.00,-3054.311,352.401,0.964218,0.334230
1703,5LBJ,81.43,0.811200,1.00,-2940.444,55.500,0.169918,0.615370
1704,5LCS,62.77,0.596900,1.00,-3196.386,460.377,1.108479,0.554470
1705,5LM0,86.61,0.684700,1.00,-1856.468,108.805,0.216556,0.598510
1706,5LME,80.81,0.698200,1.00,-2417.691,225.935,0.361708,0.698920
1707,5M9U,94.05,0.698900,1.00,-1334.771,101.045,0.096866,0.417080
1708,5N5A,37.16,0.510800,1.00,-931.514,290.354,0.827142,0.250440
1709,5N5B,49.11,0.574000,1.00,-840.099,254.464,0.482350,0.221930
1710,5NAM,61.46,0.703300,1.00,-3793.691,88.978,0.488130,0.555720
1711,5NAO,74.29,0.725800,1.00,-2714.110,65.516,0.505530,0.634680
1712,5NDA,87.88,0.773100,1.00,-2301.911,66.946,0.186738,0.655660
1713,5NVB,40.00,0.511400,1.00,-413.332,68.558,0.543475,0.234960
1714,5OAP,76.39,0.663600,1.00,-731.924,105.933,0.290976,0.389350
1715,5T3M,85.71,0.658200,1.00,-2344.519,186.831,0.176454,0.716060
1716,5T42,42.55,0.613000,1.00,-3332.872,159.787,0.922145,0.414430
1717,5T4R,87.86,0.707200,1.00,-2303.675,184.063,0.339305,0.745580
1718,5T7Q,73.81,0.670500,1.00,-1140.418,68.525,0.529490,0.473450
1719,5TCZ,71.09,0.504800,1.00,-1914.737,185.902,0.326166,0.476030
1720,5TJ1,36.84,0.483000,1.00,-657.507,123.736,0.909389,0.141750
1721,5TX8,93.75,0.769900,1.00,-2125.180,90.616,0.116952,0.781370
1722,5UG3,75.00,0.610200,1.00,-997.824,62.165,0.305036,0.311130
1723,5UG5,72.37,0.595700,1.00,-1079.631,79.327,0.455050,0.308550
1724,5UI6,37.50,0.402400,1.00,-964.883,35.655,0.859370,0.117110
1725,5UI7,51.32,0.477400,1.00,-840.153,97.467,0.655141,0.183030
1726,5UJG,76.04,0.644000,1.00,-1444.348,97.764,0.195869,0.310420
1727,5UJH,61.96,0.510200,1.00,-1326.867,87.645,0.370599,0.216710
1728,5UJQ,81.90,0.710000,1.00,-1969.397,55.206,0.220614,0.575510
1729,5UJR,63.64,0.600800,1.00,-2059.001,77.308,0.638014,0.431930
1730,5UKZ,50.57,0.542500,1.00,-2302.929,261.073,0.892793,0.448560
1731,5UOI,88.37,0.666300,1.00,-3716.664,147.399,0.176919,0.796110
1732,5UP5,84.38,0.618100,1.00,-3356.345,205.816,0.171641,0.685570
1733,5UY2,45.00,0.534500,1.00,-1379.023,50.240,0.526019,0.139380
1734,5UZL,34.09,0.538500,1.00,-1265.412,234.465,1.170079,0.176940
1735,5V0Y,96.43,0.742200,1.00,-1471.821,94.535,0.078525,0.456250
1736,5V11,84.52,0.732900,1.00,-1152.639,130.412,0.163899,0.319350
1737,5V2B,57.50,0.582600,1.00,-1345.000,62.104,0.443191,0.143340
1738,5V4C,41.18,0.484400,1.00,-352.173,105.180,0.712385,0.139180
1739,5V4U,75.62,0.706000,1.00,-2915.606,105.253,0.270036,0.591110
1740,5VAV,83.93,0.688700,1.00,-605.736,61.721,0.161860,0.293750
1741,5VFW,55.00,0.447200,1.00,-2028.587,52.298,0.458671,0.316690
1742,5VL6,32.35,0.418900,1.00,-299.335,96.733,0.769721,0.139330
1743,5VR5,53.75,0.505400,1.00,-1228.694,55.096,0.389194,0.154190
1744,5W54,59.00,0.535600,1.00,-888.409,194.212,0.405416,0.237240
1745,5W9F,92.68,0.747500,1.00,-3392.702,194.836,0.109650,0.818210
1746,5WCV,41.38,0.431800,1.00,-1740.112,183.210,0.680387,0.241850
1747,5WE3,85.29,0.704300,1.00,-2581.404,227.523,0.154384,0.632020
1748,5WOD,82.89,0.722300,1.00,-2987.214,60.818,0.152442,0.621200
1749,5WOV,77.94,0.680900,1.00,-2002.824,209.732,0.317753,0.598600
1750,5WOW,69.87,0.558100,1.00,-2491.073,254.577,0.555787,0.565010
1751,5WRX,44.23,0.520000,1.00,-368.270,76.065,0.565829,0.124350
1752,5WUZ,65.70,0.568400,1.00,-3121.953,213.765,0.303275,0.489910
1753,5WXE,83.93,0.683600,1.00,-2244.751,133.791,0.195830,0.563450
1754,5WYE,53.12,0.475400,1.00,-692.293,57.072,0.506931,0.264700
1755,5X34,95.14,0.833900,1.00,-2250.205,260.537,0.085176,0.811730
1756,5X35,98.61,0.837800,1.00,-2250.205,260.537,0.059395,0.890170
1757,5X36,97.92,0.844100,1.00,-2250.205,260.537,0.065443,0.874020
1758,5X37,97.22,0.832200,1.00,-2250.205,260.537,0.068318,0.863410
1759,5X38,97.92,0.863300,1.00,-2250.205,260.537,0.057013,0.900820
1760,5X39,98.61,0.850100,1.00,-2419.553,197.482,0.066290,0.866650
1761,5X3C,97.92,0.833100,1.00,-2221.643,169.120,0.076988,0.850720
1762,5X3L,81.25,0.669200,1.00,-1219.801,82.457,0.205026,0.339600
1763,5XA6,73.03,0.568700,1.00,-2695.510,170.690,0.306282,0.531220
1764,5XBD,67.36,0.547200,1.00,-2212.244,166.911,0.308724,0.467490
1765,5XDI,66.88,0.554100,1.00,-3019.932,173.471,0.295738,0.482480
1766,5XDJ,92.86,0.817300,1.00,-1232.912,55.472,0.108851,0.439140
1767,5XEK,75.00,0.635100,1.00,-3377.382,202.812,0.276185,0.609830
1768,5XIV,70.00,0.544800,1.00,-1255.185,116.296,0.271698,0.146390
1769,5XM4,32.35,0.396400,1.00,-866.546,63.356,0.756950,0.157650
1770,5XNG,91.18,0.723900,1.00,-1407.904,31.253,0.102038,0.452670
1771,5XO3,66.67,0.655900,1.00,-944.322,85.655,0.400291,0.242320
1772,5XO4,65.48,0.650300,1.00,-824.382,118.901,0.332870,0.254080
1773,5XO5,67.86,0.586300,1.00,-742.029,105.104,0.365316,0.208500
1774,5XRX,57.35,0.539100,1.00,-1407.904,31.253,0.575086,0.280520
1775,5Y0H,85.71,0.749400,1.00,-1186.063,68.582,0.207008,0.415410
1776,5Y0I,90.48,0.737000,1.00,-1236.569,87.843,0.118607,0.451750
1777,5Y0J,91.67,0.744500,1.00,-1192.555,107.086,0.111260,0.377310
1778,5Y22,78.41,0.664000,1.00,-1418.214,175.124,0.361835,0.374690
1779,5Y3U,79.55,0.649700,1.00,-1418.214,175.124,0.200340,0.319760
1780,5YKK,66.67,0.526100,1.00,-1065.617,47.564,0.382245,0.285510
1781,5YKL,60.53,0.535300,1.00,-1195.495,55.822,0.516208,0.297040
1782,5YKQ,64.47,0.516100,1.00,-1156.353,57.546,0.405258,0.289450
1783,5YZ6,89.29,0.711000,1.00,-4290.814,199.378,0.123978,0.809510
1784,5YZK,91.84,0.755900,1.00,-4438.698,189.914,0.110938,0.831030
1785,5Z1Y,48.81,0.500100,1.00,-848.275,128.026,0.709438,0.254430
1786,5Z26,56.94,0.508300,1.00,-667.344,60.472,0.561988,0.258890
1787,5Z2O,93.06,0.685600,1.00,-1073.331,31.274,0.166047,0.559160
1788,5Z31,34.72,0.472200,1.00,-589.207,116.295,0.815885,0.161460
1789,5Z32,34.72,0.471000,1.00,-572.465,113.127,0.694345,0.128160
1790,5Z5W,75.00,0.586400,1.00,-798.372,22.448,0.266612,0.381290
1791,5Z5X,65.28,0.562000,1.00,-1275.619,52.564,0.424026,0.303860
1792,5ZCN,30.95,0.384000,1.00,-1143.101,84.477,0.815007,0.187110
1793,5ZNF,96.67,0.790100,1.00,-1927.128,135.071,0.101313,0.788680
1794,5ZV6,82.50,0.692600,1.00,-1843.807,119.934,0.216567,0.490150
1795,5ZYX,63.75,0.544000,1.00,-1335.249,59.996,0.536349,0.271090
1796,6A5J,80.77,0.673400,1.00,-722.183,22.148,0.230973,0.335980
1797,6A8Y,32.69,0.435500,1.00,-885.552,160.731,0.926183,0.202200
1798,6AAB,65.48,0.673400,1.00,-824.382,118.901,0.690474,0.303430
1799,6AFQ,80.95,0.701800,1.00,-944.322,85.655,0.256805,0.345470
1800,6AHZ,50.71,0.615600,1.00,-1994.662,167.893,0.648990,0.374340
1801,6AK0,47.62,0.383900,1.00,-1387.409,95.968,0.543916,0.142450
1802,6AX2,78.26,0.661700,1.00,-3001.007,235.564,0.216891,0.675440
1803,6B3U,70.00,0.733700,1.00,-3492.677,101.818,0.539998,0.570160
1804,6B5W,38.16,0.533800,1.00,-657.507,123.736,0.992543,0.148480
1805,6B9K,55.00,0.563000,1.00,-313.772,35.959,0.348165,0.246850
1806,6B9W,79.41,0.664000,1.00,-2868.588,112.901,0.299515,0.613670
1807,6BAM,81.62,0.622200,1.00,-2634.210,141.963,0.252113,0.644410
1808,6BB6,83.82,0.642600,1.00,-2748.160,131.609,0.250587,0.663030
1809,6BEQ,60.00,0.495900,1.00,-271.859,43.171,0.510404,0.218420
1810,6BET,41.67,0.579700,1.00,-331.825,65.975,0.728119,0.145180
1811,6BEU,53.57,0.517200,1.00,-646.182,96.238,0.507005,0.248130
1812,6BI5,82.26,0.680400,1.00,-2591.057,87.200,0.298201,0.639010
1813,6BJF,94.23,0.713500,1.00,-947.743,31.006,0.089933,0.522380
1814,6BUC,93.75,0.824900,1.00,-2415.643,133.198,0.111547,0.841970
1815,6BVU,46.43,0.390000,1.00,-827.291,69.221,0.372266,0.153190
1816,6BVW,48.21,0.410100,1.00,-827.291,69.221,0.411094,0.182150
1817,6BVX,57.14,0.378300,1.00,-711.034,68.857,0.443084,0.259850
1818,6BX9,50.00,0.458800,1.00,-721.887,62.228,0.540446,0.250720
1819,6CEG,94.17,0.711800,1.00,-1655.817,190.576,0.117687,0.752970
1820,6CEI,76.56,0.656100,1.00,-1832.420,177.892,0.307259,0.662060
1821,6CEJ,66.07,0.493000,1.00,-509.836,66.280,0.345990,0.268630
1822,6CFA,77.63,0.716000,1.00,-1125.624,57.411,0.188682,0.282840
1823,6CFB,63.71,0.523500,1.00,-1769.537,124.861,0.467321,0.425260
1824,6CGW,74.14,0.560300,1.00,-1953.484,196.686,0.280967,0.407400
1825,6CGX,69.32,0.666900,1.00,-1159.919,151.567,0.714811,0.401040
1826,6CHC,63.33,0.485300,1.00,-2025.543,164.263,0.421312,0.315350
1829,6CJ8,80.88,0.620800,1.00,-1215.418,51.626,0.196093,0.314930
1830,6CKD,89.58,0.731300,1.00,-2612.780,146.934,0.105606,0.740940
1831,6CKF,86.81,0.726900,1.00,-2612.780,146.934,0.145037,0.724040
1832,6CMH,58.33,0.516300,1.00,-1333.239,97.825,0.553282,0.354210
1833,6COO,83.82,0.684900,1.00,-1291.345,39.171,0.132424,0.293570
1834,6COP,88.24,0.612500,1.00,-1291.181,45.628,0.141190,0.368730
1835,6COQ,83.82,0.653700,1.00,-1229.097,36.765,0.164251,0.408760
1836,6COR,85.29,0.678400,1.00,-1188.466,34.130,0.234239,0.460830
1837,6COS,67.65,0.573000,1.00,-1215.418,51.626,0.350217,0.280990
1838,6COT,72.06,0.628400,1.00,-1270.214,38.885,0.311042,0.365480
1839,6COU,82.35,0.654100,1.00,-1128.442,32.237,0.302402,0.490940
1840,6COV,72.06,0.626600,1.00,-1270.214,38.885,0.398077,0.353150
1841,6COW,88.24,0.683900,1.00,-1215.418,51.626,0.207618,0.406770
1842,6CSK,92.11,0.747900,1.00,-1146.457,24.842,0.077412,0.426200
1843,6CSZ,85.53,0.728400,1.00,-1008.116,42.465,0.208994,0.510550
1844,6CT1,75.00,0.640300,1.00,-1263.310,92.646,0.277688,0.340880
1845,6CT4,81.58,0.673200,1.00,-984.251,89.941,0.305814,0.399040
1846,6D3T,96.67,0.759700,1.00,-2094.732,95.348,0.077903,0.824450
1847,6D8H,93.75,0.755800,1.00,-2131.124,140.415,0.121845,0.800130
1848,6D8Q,95.97,0.803600,1.00,-2162.067,113.851,0.096738,0.845810
1849,6D8R,91.13,0.709000,1.00,-2096.439,136.391,0.146290,0.714670
1850,6D8S,92.74,0.707100,1.00,-2107.634,142.869,0.106366,0.717510
1851,6D8T,91.94,0.705000,1.00,-2139.746,129.754,0.119378,0.723480
1852,6D8U,95.97,0.717800,1.00,-2103.524,128.808,0.102790,0.787030
1853,6D8Y,92.74,0.709200,1.00,-1974.009,134.535,0.135394,0.721400
1854,6D93,96.77,0.732000,1.00,-2120.702,131.237,0.110355,0.789530
1855,6D9O,91.13,0.689000,1.00,-2158.490,110.399,0.172347,0.731580
1856,6D9P,91.13,0.751700,1.00,-2187.066,115.479,0.105924,0.712520
1857,6DHR,88.79,0.749700,1.00,-1901.128,154.438,0.220406,0.743550
1858,6DMZ,86.70,0.719900,1.00,-3370.900,210.873,0.127145,0.788250
1859,6DST,65.38,0.685800,1.00,-1733.018,84.406,0.342194,0.454320
1860,6DZ9,50.00,0.519300,1.00,-374.235,74.876,1.004302,0.257040
1861,6DZA,42.19,0.507800,1.00,-471.696,76.134,1.160977,0.184000
1862,6DZB,40.62,0.530700,1.00,-496.752,87.107,0.881737,0.242100
1863,6DZC,40.62,0.565600,1.00,-448.892,85.956,1.029776,0.220030
1864,6DZE,42.19,0.511400,1.00,-416.283,85.194,0.931066,0.182380
1865,6E1L,75.00,0.592200,1.00,-1438.306,89.037,0.286043,0.412590
1867,6EFE,75.93,0.641100,1.00,-2127.316,107.448,0.225523,0.402890
1868,6ENA,96.77,0.819700,1.00,-2012.669,116.262,0.069596,0.826330
1869,6F46,45.00,0.541800,1.00,-2709.870,49.403,0.807524,0.407850
1870,6F61,92.74,0.783200,1.00,-2022.519,194.094,0.132016,0.752600
1871,6FGM,95.83,0.766800,1.00,-652.204,46.768,0.095442,0.447350
1872,6FS4,70.16,0.643500,1.00,-2482.990,72.700,0.565503,0.547270
1873,6FS5,57.05,0.655600,1.00,-2772.144,155.742,0.605359,0.477060
1874,6G4I,79.17,0.710000,1.00,-1517.757,83.398,0.182321,0.416730
1875,6G4K,71.88,0.691600,1.00,-1517.757,83.398,0.279141,0.345320
1876,6G4U,60.42,0.699600,1.00,-1517.757,83.398,0.470255,0.364270
1877,6G4V,63.54,0.620100,1.00,-1635.661,61.865,0.412567,0.346550
1878,6G4X,62.50,0.655500,1.00,-1635.661,61.865,0.503652,0.346510
1880,6GIF,76.67,0.681400,1.00,-2102.588,100.363,0.311634,0.537960
1881,6GIG,68.33,0.689000,1.00,-2125.197,91.289,0.435116,0.487680
1882,6GIJ,78.33,0.642200,1.00,-740.788,39.014,0.308168,0.353290
1883,6GIK,67.31,0.572900,1.00,-747.337,32.733,0.335583,0.282790
1884,6GIL,44.23,0.535700,1.00,-625.101,29.029,0.487398,0.175070
1885,6GNZ,73.15,0.685300,1.00,-1667.314,56.569,0.360089,0.425490
1886,6GO0,75.00,0.720800,1.00,-1395.150,57.058,0.394291,0.485630
1887,6GS5,86.54,0.688600,1.00,-967.193,36.677,0.203298,0.418050
1888,6GS9,89.06,0.723800,1.00,-959.347,20.051,0.113847,0.393590
1889,6HH0,70.00,0.662800,1.00,-1673.500,46.214,0.318729,0.309430
1890,6HN9,61.36,0.665000,1.00,-2313.909,49.968,0.626906,0.490970
1891,6HT4,76.25,0.667300,1.00,-866.001,120.557,0.334817,0.233960
1892,6HZ2,69.44,0.687600,1.00,-1746.483,22.389,0.254581,0.445760
1893,6IHA,73.33,0.762100,1.00,-1814.464,53.451,0.307272,0.453730
1894,6ITH,64.63,0.744100,1.00,-3376.975,77.975,0.478589,0.662530
1895,6J12,47.32,0.515000,1.00,-2015.084,111.165,0.908683,0.306720
1896,6J9P,91.67,0.652000,1.00,-769.910,30.901,0.135493,0.422380
1897,6JI7,64.58,0.554000,1.00,-2651.883,176.235,0.358378,0.416040
1898,6JIC,87.50,0.697600,1.00,-2482.945,212.645,0.125188,0.712220
1899,6K4V,40.62,0.356600,1.00,-2352.006,285.757,1.427187,0.346870
1900,6K4W,42.22,0.615900,1.00,-2510.827,221.260,1.472721,0.334270
1901,6K50,93.12,0.765800,1.00,-2956.850,154.141,0.109258,0.808150
1902,6K51,91.88,0.784400,1.00,-2762.778,218.178,0.115970,0.793570
1903,6KLM,77.94,0.606500,1.00,-2492.315,148.894,0.275398,0.545730
1904,6KRA,88.64,0.745800,1.00,-2193.225,144.226,0.159677,0.685280
1905,6L8R,35.61,0.550300,1.00,-679.124,308.644,0.868111,0.241440
1906,6LF5,92.65,0.758300,1.00,-2552.122,165.365,0.098157,0.769460
1907,6M0Y,85.42,0.610100,1.00,-703.055,19.434,0.244663,0.432970
1908,6M19,43.33,0.427100,1.00,-834.584,54.778,0.663653,0.213760
1909,6M56,33.33,0.229000,1.00,-2091.064,201.843,1.346511,0.202870
1910,6M5C,74.36,0.650800,1.00,-2568.222,186.267,0.243804,0.572700
1911,6MBM,85.94,0.657500,1.00,-1131.756,33.057,0.140376,0.479080
1912,6MF8,47.28,0.584900,1.00,-3417.560,107.668,1.262176,0.410610
1913,6MJV,76.56,0.656000,1.00,-1649.087,141.490,0.215090,0.554360
1914,6MK4,95.00,0.686500,1.00,-1889.443,169.734,0.090905,0.772890
1915,6MK5,86.76,0.701700,1.00,-2406.997,195.134,0.192549,0.708880
1916,6MM4,88.64,0.704800,1.00,-2037.746,157.140,0.155116,0.673700
1917,6MW6,43.42,0.422200,1.00,-876.810,44.371,0.950156,0.197730
1918,6MZT,91.22,0.738100,1.00,-2390.279,234.907,0.118487,0.761250
1919,6NK9,82.81,0.718900,1.00,-1919.075,171.736,0.294471,0.667220
1920,6NOM,55.85,0.499700,1.00,-3439.673,201.859,0.555350,0.475550
1921,6NOX,94.64,0.724200,1.00,-623.765,72.239,0.101561,0.455600
1922,6NUG,78.12,0.634500,1.00,-1569.363,82.828,0.188861,0.372750
1923,6NW8,61.11,0.493000,1.00,-1637.831,192.664,0.662561,0.435410
1924,6O3Q,84.69,0.747000,1.00,-3837.121,179.591,0.303594,0.757080
1925,6O3S,79.26,0.639000,1.00,-3712.483,130.819,0.230854,0.714190
1931,6OBK,66.86,0.553400,1.00,-4675.535,118.618,0.304356,0.581040
1932,6OBW,60.29,0.537800,1.00,-1320.211,34.700,0.492250,0.275150
1933,6OC2,51.47,0.473600,1.00,-1233.878,35.035,0.435495,0.203120
1934,6OC4,63.24,0.548300,1.00,-1215.698,46.606,0.403969,0.407740
1935,6OFA,88.64,0.774000,1.00,-2881.520,106.606,0.156197,0.726850
1936,6OLD,70.59,0.540500,1.00,-1215.698,46.606,0.469390,0.309920
1937,6OQP,73.08,0.589700,1.00,-642.747,69.980,0.271728,0.292460
1938,6OTA,56.25,0.487700,1.00,-629.682,144.138,0.377588,0.190080
1939,6OTB,55.26,0.460300,1.00,-1009.495,59.985,0.650491,0.202570
1940,6OVJ,78.85,0.595600,1.00,-727.392,54.656,0.225521,0.359800
1941,6PIN,91.67,0.755100,1.00,-1081.636,79.991,0.110269,0.399520
1942,6PIO,94.44,0.833400,1.00,-1072.220,103.023,0.082216,0.475090
1943,6PIP,94.44,0.798700,1.00,-1032.300,81.620,0.105105,0.459520
1945,6POR,33.04,0.466600,1.00,-1594.283,145.703,1.049964,0.204250
1946,6PPC,77.27,0.710700,1.00,-1763.254,151.064,0.288774,0.562640
1947,6PX7,77.94,0.645500,1.00,-1977.473,199.246,0.346264,0.559940
1948,6PX8,84.46,0.694200,1.00,-2588.090,156.365,0.280478,0.716740
1949,6Q1X,28.03,0.531200,1.00,-1034.381,219.317,1.216597,0.188340
1950,6Q5Z,63.79,0.519800,1.00,-1516.927,213.669,0.441829,0.407260
1951,6QAX,71.15,0.642500,1.00,-239.738,65.528,0.269487,0.298890
1952,6QB0,57.69,0.631700,1.00,-224.982,56.436,0.344114,0.278530
1953,6QB1,57.69,0.599500,1.00,-168.088,53.554,0.359607,0.252900
1954,6QES,93.12,0.765000,1.00,-3395.752,187.174,0.106758,0.806790
1955,6QET,78.57,0.696600,1.00,-2644.112,192.653,0.307270,0.659100
1956,6QJB,85.62,0.706500,1.00,-2532.458,182.092,0.192918,0.711190
1957,6QKF,90.28,0.688700,1.00,-1038.127,87.734,0.247542,0.447500
1958,6R2X,72.00,0.589100,1.00,-1906.903,53.126,0.349575,0.527740
1959,6R95,65.62,0.642600,1.00,-1508.321,54.261,0.383711,0.341410
1960,6R96,54.17,0.629800,1.00,-1508.321,54.261,0.574451,0.302470
1961,6RRL,95.83,0.672200,1.00,-775.907,27.412,0.175118,0.478510
1962,6RRO,95.45,0.749600,1.00,-648.880,19.413,0.073556,0.636830
1963,6RSF,55.00,0.476700,1.00,-1406.638,33.056,0.394036,0.183740
1964,6RSG,44.00,0.494500,1.00,-1331.313,37.743,0.613799,0.201800
1965,6RSM,77.27,0.510600,1.00,-483.698,30.480,0.264617,0.461490
1966,6RY9,50.00,0.519700,1.00,-1442.388,29.903,0.463862,0.224080
1967,6RYQ,56.25,0.478600,1.00,-995.968,25.749,0.447289,0.162930
1968,6RZ1,42.71,0.522500,1.00,-1543.868,33.834,0.602022,0.157120
1969,6RZC,57.00,0.546000,1.00,-1492.686,52.481,0.390739,0.235290
1970,6S2D,51.04,0.550500,1.00,-1245.004,53.339,0.508954,0.193470
1971,6SAA,89.29,0.722500,1.00,-1606.964,108.080,0.186905,0.674120
1972,6SAB,63.97,0.523800,1.00,-2372.591,161.358,0.574625,0.440690
1973,6SFT,60.42,0.632500,1.00,-1571.854,168.837,0.432227,0.411640
1974,6SVC,84.29,0.752300,1.00,-2223.934,169.836,0.204335,0.640720
1975,6SVE,87.14,0.728100,1.00,-2223.934,169.836,0.167383,0.716660
1976,6SVH,91.43,0.754200,1.00,-2223.934,169.836,0.144980,0.737550
1977,6SY2,85.20,0.798300,1.00,-3863.961,225.218,0.241392,0.754700
1978,6SZF,23.21,0.340200,1.00,-1763.372,318.724,1.225671,0.192840
1979,6T33,60.80,0.445600,1.00,-3303.110,192.389,0.452871,0.502560
1980,6TVJ,47.50,0.434200,1.00,-291.245,53.153,0.552734,0.285340
1981,6TWG,88.46,0.694400,1.00,-710.049,28.403,0.235354,0.518890
1982,6U24,51.79,0.629800,1.00,-421.934,57.781,1.014966,0.269170
1983,6U6G,52.78,0.432800,1.00,-2066.687,194.519,0.544232,0.337610
1984,6U7Q,94.64,0.738600,1.00,-502.989,66.657,0.085928,0.475290
1985,6U7R,92.86,0.718900,1.00,-653.249,86.172,0.103669,0.353840
1986,6U7S,91.07,0.791900,1.00,-647.163,52.654,0.107115,0.535360
1987,6U7U,46.43,0.577200,1.00,-356.542,54.876,0.784479,0.151500
1988,6U7W,53.57,0.608700,1.00,-447.000,63.096,0.930629,0.247190
1989,6U7X,48.21,0.639400,1.00,-314.370,84.339,0.900027,0.240600
1990,6UCH,59.76,0.656800,1.00,-2294.636,105.661,0.816618,0.475380
1991,6V1N,58.82,0.528500,1.00,-1230.525,53.084,0.418068,0.235190
1992,6V6T,78.57,0.662700,1.00,-2345.792,183.406,0.272426,0.607870
1993,6VE9,61.90,0.607600,1.00,-1420.180,26.251,0.472277,0.255050
1994,6VGT,45.39,0.442000,1.00,-2154.785,75.610,1.284538,0.356730
1995,6VH8,79.86,0.670500,1.00,-3196.875,239.147,0.208921,0.596540
1996,6VLA,86.76,0.716600,1.00,-1070.368,53.183,0.150495,0.602880
1997,6VLJ,40.79,0.469900,1.00,-694.259,103.021,0.707653,0.194080
1998,6VNZ,89.52,0.716400,1.00,-2255.875,100.890,0.124078,0.647390
1999,6VPN,96.28,0.787500,1.00,-3369.917,219.782,0.079518,0.890750
2000,6VXG,26.74,0.322000,1.00,-1989.332,184.344,0.967320,0.188030
2001,6VY8,51.79,0.648900,1.00,-421.934,57.781,0.995996,0.288320
2002,6WQJ,77.86,0.638800,1.00,-2939.274,107.396,0.234121,0.598360
2003,6WQL,76.02,0.641600,1.00,-3840.273,138.541,0.289688,0.672840
2004,6X7I,75.89,0.672200,1.00,-2087.766,39.429,0.503963,0.665420
2005,6XCR,63.33,0.726400,1.00,-3084.053,211.489,0.446347,0.523340
2006,6XCU,73.33,0.700100,1.00,-3022.882,159.779,0.493783,0.624770
2007,6XN9,32.74,0.375400,1.00,-3457.175,248.500,0.840481,0.280450
2008,6XTH,44.44,0.434500,1.00,-862.556,72.583,0.786002,0.156050
2009,6XTI,32.35,0.411200,1.00,-825.327,48.399,0.846664,0.147780
2010,6XYH,90.62,0.733200,1.00,-2539.305,264.506,0.125776,0.785680
2011,6XYI,82.14,0.648400,1.00,-2523.084,230.894,0.212352,0.672800
2012,6Y1Q,44.64,0.399100,1.00,-899.975,48.228,0.799386,0.247910
2013,6YHF,65.00,0.688200,1.00,-2014.710,48.329,0.361066,0.471990
2014,6YHI,68.33,0.730700,1.00,-2330.336,28.659,0.322598,0.457600
2015,6YHO,63.33,0.749900,1.00,-1982.892,60.023,0.383819,0.464740
2016,6YHP,69.17,0.743900,1.00,-1984.897,48.129,0.316061,0.471140
2017,6YHX,75.83,0.737900,1.00,-1944.215,64.684,0.235071,0.490580
2018,6YJL,46.97,0.430100,1.00,-2091.390,164.775,0.748127,0.285590
2019,6YSE,94.57,0.795600,1.00,-4466.861,97.379,0.084218,0.875300
2020,6Z0G,50.00,0.665100,1.00,-3029.823,227.282,0.652814,0.419640
2021,6Z0H,51.02,0.691200,1.00,-2927.434,207.087,0.706724,0.460540
2022,6Z0I,58.16,0.634500,1.00,-3029.823,227.282,0.738327,0.462250
2023,7ALD,88.75,0.658100,1.00,-1152.125,81.589,0.163330,0.391540
2024,7ASY,62.12,0.633400,1.00,-2520.753,74.772,0.455245,0.387920
2025,7AT7,63.64,0.663900,1.00,-2402.440,70.011,0.491856,0.563260
2026,7ATB,61.36,0.663700,1.00,-2694.821,119.652,0.479720,0.582570
2027,7AY8,86.54,0.738800,1.00,-2312.092,181.228,0.264774,0.738740
2028,7B2F,53.23,0.526300,1.00,-2213.349,80.133,0.815680,0.403980
2029,7BW5,36.76,0.507700,1.00,-499.663,78.077,0.985982,0.178200
2030,7BWI,91.67,0.807800,1.00,-3666.258,206.587,0.240499,0.811520
2031,7BX2,91.07,0.695100,1.00,-765.370,35.688,0.100341,0.503830
2032,7BZ7,45.00,0.419800,1.00,-794.193,48.963,0.730327,0.085200
2033,7BZ8,48.33,0.423400,1.00,-984.388,40.260,0.680710,0.189640
2034,7BZ9,41.67,0.404400,1.00,-856.222,46.597,0.669964,0.162480
2035,7BZA,45.00,0.425900,1.00,-907.796,43.872,0.655377,0.146810
2036,7CCN,58.82,0.597100,1.00,-601.347,63.876,0.573700,0.254670
2037,7CCO,57.35,0.591300,1.00,-601.347,63.876,0.568190,0.232140
2038,7CK5,71.43,0.627700,1.00,-1923.516,80.827,0.354527,0.495950
2039,7CKD,34.62,0.334600,1.00,-2763.756,259.520,0.821355,0.272880
2040,7CKE,61.54,0.533900,1.00,-2763.756,259.520,0.481419,0.456370
2041,7CSS,57.69,0.567000,1.00,-602.152,115.281,0.432053,0.140940
2042,7CU6,40.00,0.377700,1.00,-959.245,88.083,0.678288,0.149530
2043,7D13,85.26,0.781300,1.00,-2622.438,63.521,0.190692,0.709490
2044,7D16,46.79,0.537400,1.00,-2622.438,63.521,1.058559,0.392580
2045,7D37,69.23,0.510300,1.00,-602.152,115.281,0.260587,0.286850
2046,7DEH,81.45,0.669600,1.00,-1844.379,89.989,0.222563,0.556990
2047,7EDK,52.63,0.483500,1.00,-989.339,95.981,0.465510,0.129050
2048,7EES,41.25,0.553200,1.00,-607.776,106.394,1.191972,0.105600
2049,7ELY,47.12,0.458800,1.00,-1867.726,144.557,0.532983,0.218520
2050,7F32,72.22,0.662200,1.00,-1011.871,78.564,0.270437,0.237320
2051,7JIA,78.12,0.674900,1.00,-1307.546,157.456,0.195176,0.357120
2052,7JIY,92.71,0.717900,1.00,-1480.990,103.260,0.107251,0.592650
2053,7JNN,90.22,0.691000,1.00,-3770.225,204.243,0.149011,0.814580
2054,7JPM,75.60,0.650800,1.00,-2338.535,258.135,0.368046,0.623720
2055,7JS6,33.33,0.530300,1.00,-415.480,82.870,0.998880,0.158180
2056,7K1M,91.67,0.682700,1.00,-731.890,51.538,0.095148,0.416790
2057,7K7X,82.76,0.663600,1.00,-1925.859,154.368,0.247896,0.530840
2058,7KNN,65.62,0.568300,1.00,-959.906,46.248,0.346193,0.281960
2059,7KPD,97.41,0.815000,1.00,-2043.110,182.537,0.071268,0.766620
2060,7L53,49.11,0.391100,1.00,-2184.809,143.351,0.439879,0.223150
2061,7L54,49.11,0.366600,1.00,-2184.809,143.351,0.482256,0.218630
2062,7L55,45.54,0.309500,1.00,-2184.809,143.351,0.676037,0.265870
2063,7L7A,48.21,0.464400,1.00,-690.683,86.795,0.459733,0.240960
2064,7L83,52.70,0.647900,1.00,-2882.701,93.453,1.108445,0.443680
2065,7LCW,35.00,0.526800,1.00,-457.408,105.721,1.018809,0.231780
2066,7LGL,47.87,0.459800,1.00,-3286.005,221.503,0.986574,0.401010
2067,7LGV,59.90,0.551800,1.00,-3349.480,299.154,0.687495,0.493900
2068,7LHC,86.21,0.736700,1.00,-1814.876,155.924,0.228680,0.660280
2069,7LI2,39.77,0.579900,1.00,-831.026,102.947,1.070903,0.147190
2070,7LIF,50.00,0.540100,1.00,-831.026,102.947,0.937697,0.170120
2071,7LP4,65.96,0.533000,1.00,-3305.981,262.363,0.610465,0.562490
2072,7LQR,79.76,0.653100,1.00,-1285.830,84.973,0.266943,0.385410
2073,7LQS,75.00,0.585500,1.00,-830.957,62.349,0.322824,0.331160
2074,7LRW,40.48,0.469900,1.00,-1448.868,112.859,0.562036,0.200450
2075,7LSO,100.00,0.739800,1.00,-1140.402,22.747,0.051249,0.623460
2076,7LSP,95.83,0.745000,1.00,-1140.402,22.747,0.086160,0.492500
2077,7LT7,28.57,0.243300,1.00,-1808.795,201.203,1.493223,0.183380
2078,7LVE,70.74,0.614500,1.00,-3688.659,161.747,0.302999,0.565660
2079,7LVG,52.78,0.520500,1.00,-3397.397,151.654,0.651178,0.431890
2080,7LX4,48.17,0.400500,1.00,-2842.235,349.345,0.529097,0.340420
2081,7LZL,93.24,0.748700,1.00,-2498.387,159.238,0.124835,0.813640
2082,7M1D,46.35,0.427100,1.00,-3124.938,206.391,0.823780,0.390990
2083,7M1E,68.75,0.705400,1.00,-1391.530,171.199,0.346191,0.389260
2084,7M3U,50.00,0.348200,1.00,-1930.304,256.329,0.515571,0.177260
2085,7MJ3,35.23,0.412100,1.00,-3028.198,291.913,0.974446,0.252530
2086,7MY8,33.93,0.544100,1.00,-3162.004,122.439,1.028249,0.356380
2087,7N0T,59.38,0.513300,1.00,-869.132,65.372,0.424673,0.336270
2088,7N21,75.00,0.601900,1.00,-819.282,66.443,0.314855,0.296440
2089,7N23,75.00,0.628200,1.00,-819.282,66.443,0.250636,0.342740
2090,7N25,60.94,0.527000,1.00,-869.132,65.372,0.431170,0.306110
2091,7NIP,77.44,0.644800,1.00,-4309.637,165.248,0.175493,0.624680
2092,7NS1,86.29,0.790400,1.00,-2819.597,65.159,0.156536,0.699940
2093,7OB2,87.50,0.555300,1.00,-495.436,33.306,0.194157,0.517560
2094,7OD2,74.26,0.545600,1.00,-2237.754,241.252,0.330342,0.518590
2095,7OFM,68.33,0.704900,1.00,-1766.517,102.900,0.479096,0.558820
2096,7OFO,70.00,0.708600,1.00,-1766.517,102.900,0.379874,0.519250
2097,7OSC,86.46,0.712000,1.00,-1513.322,122.861,0.217673,0.422260
2099,7P3M,96.15,0.792000,1.00,-787.154,21.294,0.067120,0.490710
2100,7P4X,76.61,0.693100,1.00,-1915.859,96.918,0.304186,0.554530
2101,7P55,78.41,0.626200,1.00,-1755.037,49.891,0.190841,0.272190
2102,7P5G,42.00,0.428900,1.00,-1257.533,156.807,0.656350,0.166390
2103,7P5Q,41.00,0.429900,1.00,-1337.114,148.923,0.589378,0.200320
2104,7P5S,44.00,0.501700,1.00,-1160.616,148.772,0.610308,0.205270
2105,7PH8,87.10,0.784600,1.00,-2667.944,40.409,0.153456,0.710940
2106,7PHT,77.50,0.790500,1.00,-2556.884,44.287,0.197910,0.544440
2107,7PL4,71.77,0.692900,1.00,-1951.755,79.761,0.361247,0.533580
2108,7PVB,97.28,0.821200,1.00,-3462.373,133.814,0.074768,0.905910
2109,7PVM,61.29,0.605600,1.00,-1257.066,138.006,0.728601,0.426460
2110,7QAL,45.71,0.703800,1.00,-1974.258,66.520,1.100537,0.363110
2111,7QAM,47.86,0.659700,1.00,-1905.675,57.110,0.830768,0.360080
2112,7QAO,55.00,0.659800,1.00,-1976.480,77.210,0.436864,0.442020
2113,7QAP,47.14,0.679300,1.00,-2125.696,82.666,0.710407,0.362290
2114,7QLF,45.59,0.536200,1.00,-610.054,84.461,1.084507,0.189440
2115,7QXJ,87.50,0.686000,1.00,-1764.033,128.150,0.172181,0.601530
2116,7RC7,92.97,0.804100,1.00,-2089.735,188.967,0.151039,0.788400
2117,7RC8,92.19,0.804800,1.00,-2089.735,188.967,0.198776,0.767770
2118,7RFA,79.31,0.662800,1.00,-1789.520,209.060,0.341236,0.534230
2119,7RN3,93.33,0.803300,1.00,-2100.436,181.724,0.092078,0.724000
2120,7S55,98.39,0.828500,1.00,-2168.958,168.428,0.062719,0.840780
2121,7S7P,94.05,0.813000,1.00,-3017.909,110.820,0.116747,0.840510
2122,7SAG,70.16,0.536600,1.00,-1767.696,138.916,0.555553,0.515580
2123,7SKC,85.29,0.674400,1.00,-2560.832,176.548,0.166661,0.672430
2124,7T6G,52.50,0.520400,1.00,-1030.123,49.167,0.522551,0.327870
2125,7T7W,90.91,0.653900,1.00,-608.739,27.941,0.147918,0.515270
2126,7TB9,38.75,0.472000,1.00,-368.725,144.998,0.584430,0.139820
2127,7TH8,57.58,0.483900,1.00,-1883.015,183.392,0.649434,0.368950
2128,7UNX,77.08,0.635400,1.00,-2550.143,224.671,0.556385,0.620430
2129,7UV3,67.71,0.561900,1.00,-3735.082,131.421,0.581367,0.585620
2130,7V5E,73.61,0.572500,1.00,-1003.303,157.714,0.359048,0.222390
2131,7V5F,63.71,0.568300,1.00,-2733.253,166.054,0.480716,0.396170
2132,7VOZ,72.41,0.727900,1.00,-1842.813,75.343,0.321519,0.493960
2133,7VQH,34.72,0.497400,1.00,-572.465,113.127,0.685059,0.225120
2134,7VQI,34.72,0.500700,1.00,-572.465,113.127,0.685612,0.184450
2135,7W8K,44.00,0.433900,1.00,-1579.230,142.348,0.717807,0.179690
2136,7W8O,44.23,0.457200,1.00,-1834.399,107.391,0.662938,0.199160
2137,7W8R,52.88,0.495000,1.00,-1834.399,107.391,0.481645,0.209180
2138,7W8T,43.27,0.497800,1.00,-1215.330,143.361,0.645182,0.210150
2139,7W8Z,59.87,0.564600,1.00,-2376.918,271.149,0.539464,0.415900
2140,7W96,83.33,0.780700,1.00,-1122.568,110.924,0.161768,0.478650
2141,7WE3,33.06,0.460400,1.00,-1626.891,220.893,0.826831,0.252440
2142,7WEI,38.71,0.478500,1.00,-1626.891,220.893,0.744362,0.195990
2143,7Y7L,68.89,0.596000,1.00,-3106.030,237.108,0.307230,0.545810
2144,7YAB,65.91,0.530100,1.00,-2953.227,226.245,0.344013,0.517290
2145,7YFS,53.12,0.539200,1.00,-878.219,39.921,0.627705,0.250590
2146,7YHF,95.83,0.838100,1.00,-2415.623,257.227,0.083396,0.830680
2147,7YHG,97.92,0.860700,1.00,-2415.623,257.227,0.066408,0.878590
2148,7YHH,97.22,0.867800,1.00,-2415.623,257.227,0.065127,0.879660
2149,7YHI,96.53,0.855000,1.00,-2405.881,178.358,0.073701,0.840500
2150,7YRV,47.32,0.523800,1.00,-2161.507,128.123,0.676657,0.271560
2151,7YRW,37.10,0.358400,1.00,-1995.621,172.262,0.896190,0.237160
2152,7YRX,67.74,0.561900,1.00,-2127.391,184.636,0.336574,0.417100
2153,7YSS,67.86,0.583100,1.00,-882.742,30.428,0.453318,0.436250
2154,7YYI,74.14,0.709000,1.00,-2145.361,84.765,0.209211,0.545210
2155,7Z07,77.59,0.710000,1.00,-2114.555,74.912,0.186912,0.488280
2156,7Z08,68.97,0.705800,1.00,-2307.995,62.427,0.298275,0.517100
2157,7Z0B,86.21,0.764900,1.00,-2502.379,64.046,0.142591,0.566510
2159,7ZNF,83.33,0.694800,1.00,-1862.323,144.418,0.249123,0.551720
2160,7ZRF,38.89,0.424700,1.00,-849.282,88.905,0.939309,0.141870
2161,7ZRO,29.38,0.400900,1.00,-2359.930,153.941,1.132774,0.207950
2162,7ZRU,88.39,0.755400,1.00,-1932.768,67.417,0.232883,0.677740
2163,7ZWJ,33.82,0.532500,1.00,-372.206,79.135,1.153864,0.230720
2164,7ZZV,31.94,0.444800,1.00,-2396.279,134.002,1.201914,0.273660
2165,8A6I,30.36,0.361200,1.00,-1869.472,171.573,1.321163,0.251990
2166,8AHK,81.10,0.694000,1.00,-3241.424,306.463,0.225896,0.670670
2167,8B1L,86.46,0.677100,1.00,-1563.963,40.736,0.216619,0.496380
2168,8B1X,64.00,0.612200,1.00,-1473.272,46.776,0.683770,0.512230
2169,8B4R,76.25,0.628300,1.00,-1152.125,81.589,0.258302,0.296480
2170,8B6X,77.00,0.603100,1.00,-1938.314,54.560,0.255613,0.406280
2171,8B6Y,82.00,0.685800,1.00,-1938.314,54.560,0.174451,0.438820
2172,8B9Q,28.12,0.412000,1.00,-1538.330,312.935,1.356910,0.203160
2173,8B9R,27.50,0.458100,1.00,-1538.330,312.935,1.388416,0.199570
2174,8BOO,29.35,0.505700,1.00,-712.790,150.088,1.258029,0.175670
2175,8BVC,86.31,0.735400,1.00,-2928.044,246.541,0.148807,0.734590
2176,8BVZ,47.37,0.628300,1.00,-518.020,99.640,1.166363,0.201480
2177,8BWW,65.28,0.531500,1.00,-1492.233,32.800,0.378087,0.261140
2178,8CIQ,84.29,0.696700,1.00,-2161.814,158.004,0.286773,0.679000
2183,8CJT,79.29,0.695500,1.00,-1997.479,150.080,0.211308,0.585610
2184,8CM3,90.22,0.705100,1.00,-1595.311,86.927,0.179612,0.472080
2185,8DFZ,61.05,0.579000,1.00,-3240.343,290.318,1.117154,0.511680
2186,8DYM,40.52,0.557900,1.00,-874.494,214.554,2.012189,0.232840
2187,8DYN,36.46,0.478600,1.00,-1083.092,145.174,0.813654,0.148410
2188,8EB1,68.75,0.532800,1.00,-1681.353,37.087,0.563309,0.376310
2189,8EF4,46.25,0.556900,1.00,-375.921,176.130,0.772331,0.125380
2190,8F04,81.58,0.701500,1.00,-993.151,128.971,0.342343,0.361600
2191,8FD4,84.56,0.628400,1.00,-2195.993,153.372,0.186556,0.638300
2192,8FEY,88.19,0.715100,1.00,-2425.512,189.011,0.170134,0.730660
2193,8G21,76.56,0.668500,1.00,-2024.113,106.061,0.277440,0.465030
2194,8GUC,45.14,0.388200,1.00,-2466.260,225.226,0.589796,0.299040
2195,8GVN,85.71,0.629000,1.00,-882.742,30.428,0.213206,0.444020
2196,8H0G,72.58,0.702100,1.00,-2151.122,85.153,0.301331,0.563070
2197,8H0U,83.06,0.721000,1.00,-2151.122,85.153,0.189180,0.569110
2198,8HJC,87.12,0.715300,1.00,-2677.701,179.955,0.211071,0.733720
2199,8HJD,87.12,0.704800,1.00,-2677.701,179.955,0.199246,0.718000
2200,8HR3,59.62,0.566300,1.00,-617.522,67.096,0.449703,0.273560
2201,8HR4,65.38,0.573800,1.00,-698.068,100.477,0.374915,0.265020
2202,8HVS,92.50,0.582100,1.00,-294.911,33.994,0.197166,0.505680
2203,8HZW,57.81,0.570400,1.00,-1000.030,28.803,0.657377,0.281100
2204,8IKQ,85.71,0.621200,1.00,-684.151,64.944,0.248290,0.447670
2205,8IL1,78.57,0.526300,1.00,-684.151,64.944,0.293727,0.208120
2206,8IL2,80.00,0.593400,1.00,-703.905,60.237,0.258661,0.392160
2207,8IL6,91.67,0.659700,1.00,-703.905,60.237,0.224414,0.488420
2208,8JB4,26.04,0.369700,1.00,-1523.052,138.910,0.894562,0.154630
2209,8K3M,39.71,0.508400,1.00,-524.203,111.229,0.898245,0.199120
2210,8K3N,35.29,0.516500,1.00,-524.203,111.229,0.941281,0.184970
2211,8OR5,64.17,0.663700,1.00,-1959.428,48.418,0.373252,0.354190
2212,8ORY,84.17,0.746100,1.00,-2150.385,91.071,0.138081,0.574750
2213,8ORZ,70.83,0.693800,1.00,-1567.684,60.343,0.303299,0.482480
2214,8OS0,69.17,0.754100,1.00,-1905.581,83.094,0.305675,0.485410
2215,8OSQ,30.71,0.502200,1.00,-767.845,213.011,0.876837,0.206880
2216,8PWT,34.56,0.507000,1.00,-2754.439,63.775,1.274921,0.254940
2221,8QNT,29.59,0.587900,1.00,-3719.987,154.293,1.699562,0.254400
2222,8QTQ,68.38,0.622800,1.00,-2321.147,180.479,0.345787,0.472540
2223,8R89,59.72,0.578000,1.00,-1281.683,57.221,0.498457,0.243920
2224,8RHS,50.52,0.440600,1.00,-3285.948,204.153,0.649464,0.438450
2225,8RPQ,70.14,0.770300,1.00,-2689.017,77.514,0.291891,0.475970
2226,8RQ6,74.19,0.705400,1.00,-2339.136,52.177,0.295164,0.460370
2227,8S9Y,26.92,0.442600,1.00,-1591.902,340.628,0.865881,0.201440
2228,8SED,77.70,0.639000,1.00,-2416.442,195.699,0.246569,0.574650
2229,8SEM,85.26,0.701200,1.00,-2021.155,164.248,0.295257,0.721840
2230,8SVB,31.67,0.498000,1.00,-1413.611,124.048,1.485298,0.179840
2231,8T01,92.31,0.759300,1.00,-794.908,13.916,0.105063,0.502110
2232,8T61,90.62,0.655300,1.00,-779.845,71.004,0.189938,0.356480
2233,8T62,81.25,0.710900,1.00,-648.828,58.672,0.197281,0.304570
2234,8T63,62.50,0.448800,1.00,-544.287,94.118,0.350338,0.258540
2235,8TFV,80.95,0.698400,1.00,-911.663,133.688,0.277582,0.332960
2236,8TV4,46.15,0.428500,1.00,-1022.688,31.596,0.554584,0.185420
2237,8TXS,90.62,0.757000,1.00,-708.756,80.312,0.122443,0.387240
2238,8TYI,80.17,0.712900,1.00,-1855.563,150.045,0.213980,0.529080
2239,8UKC,36.67,0.393100,1.00,-723.352,58.198,0.844288,0.190800
2240,8ULM,77.27,0.621300,1.00,-1995.721,159.899,0.231385,0.513480
2241,8UM1,60.12,0.627000,1.00,-2977.063,112.871,0.492430,0.519900
2242,8UM2,60.12,0.604000,1.00,-2977.063,112.871,0.942500,0.502470
2243,8UNG,82.32,0.674200,1.00,-2884.856,162.390,0.204714,0.657710
2244,8UWF,89.10,0.781700,1.00,-2506.638,230.205,0.227170,0.780920
2245,8UXR,58.70,0.456200,1.00,-1599.497,114.806,0.617273,0.249310
2246,8V2M,82.14,0.640900,1.00,-1854.855,170.182,0.351759,0.549860
2247,8V2V,29.88,0.370600,1.00,-3284.013,251.317,0.947702,0.287580
2248,8VU6,88.59,0.754200,1.00,-2898.434,264.685,0.183427,0.794100
2249,8VU7,93.33,0.769100,1.00,-3209.523,235.940,0.127635,0.839910
2250,8VU8,83.72,0.682200,1.00,-2829.024,243.429,0.153621,0.715590
2251,8VYC,45.45,0.509300,1.00,-885.222,129.945,0.930852,0.102410
2252,8W0Q,68.75,0.604000,1.00,-1263.900,101.082,0.379664,0.314850
2253,8W16,75.00,0.569000,1.00,-1056.582,40.029,0.300554,0.235070
2254,8W17,75.00,0.552700,1.00,-1021.981,47.502,0.283120,0.352530
2255,8W2V,30.13,0.558600,1.00,-1271.675,274.498,1.169289,0.203730
2256,8WGI,72.00,0.582700,1.00,-1502.151,128.290,0.267054,0.364440
2257,8WGJ,43.75,0.404000,1.00,-1258.482,203.545,0.556963,0.160050
2258,8WW0,71.09,0.690600,1.00,-1989.724,162.910,0.384322,0.479130
2259,8WW1,58.33,0.512700,1.00,-2474.931,134.289,0.595710,0.362680
2260,8X3N,67.19,0.509800,1.00,-725.960,83.670,0.331559,0.179060
2261,8X40,76.56,0.561800,1.00,-725.960,83.670,0.254741,0.250620
2262,8XTH,68.33,0.582900,1.00,-743.944,54.391,0.342450,0.256440
2263,8XTN,31.06,0.436500,1.00,-1160.366,204.917,1.361713,0.180240
2264,8XTO,39.29,0.422000,1.00,-851.690,85.993,0.712367,0.156070
2265,8Y3S,54.55,0.579100,1.00,-312.098,38.790,0.412192,0.244760
2266,8YD6,28.33,0.368400,1.00,-1886.323,187.725,0.842519,0.195250
2267,8ZG2,52.27,0.533200,1.00,-208.259,48.908,0.572283,0.336630
2268,8ZG3,45.45,0.505900,1.00,-160.581,27.273,0.707767,0.354390
2269,8ZG4,54.55,0.568600,1.00,-262.460,55.819,0.649448,0.235990
2270,8ZP3,31.82,0.335600,1.00,-1120.208,196.886,1.201151,0.210440
2271,8ZUG,35.87,0.542600,1.00,-354.807,128.603,0.764318,0.170350
2272,9AZI,97.22,0.835700,1.00,-1857.203,70.739,0.112850,0.826360
2273,9BET,52.98,0.650600,1.00,-2697.486,63.215,0.579049,0.558260
2274,9BF4,54.84,0.470800,1.00,-2410.522,266.729,0.633546,0.355720
2275,9BHN,52.27,0.433800,1.00,-567.033,38.978,0.474759,0.318730
2276,9BV0,83.33,0.675300,1.00,-2187.252,142.988,0.133640,0.477090
2277,9BV4,75.69,0.632500,1.00,-3141.948,267.020,0.186838,0.546520
2278,9BVS,34.62,0.464200,1.00,-1085.359,27.547,0.528939,0.227150
2279,9BVU,46.67,0.438500,1.00,-1272.007,31.033,0.690215,0.265620
2280,9BVV,48.08,0.437100,1.00,-1164.015,30.796,0.484060,0.179900
2281,9CRB,97.32,0.812900,1.00,-1701.807,131.369,0.070395,0.776950
2282,9F1E,66.96,0.674200,1.00,-1313.661,108.336,0.487591,0.463830
2283,9F1F,62.82,0.661700,1.00,-2344.495,161.419,0.562438,0.545920
2284,9F1G,58.16,0.679300,1.00,-3097.406,172.131,0.502010,0.539190
2285,9FJN,93.06,0.751500,1.00,-1306.660,35.728,0.096147,0.444470
2286,9FJW,50.71,0.607600,1.00,-1996.619,163.384,0.984129,0.389750
2287,9G0M,91.00,0.791500,1.00,-1543.893,103.495,0.117567,0.604830
2288,9G0N,88.00,0.757200,1.00,-1543.893,103.495,0.162078,0.587640
2289,9G20,94.00,0.802800,1.00,-1543.893,103.495,0.160492,0.640470
2290,9G21,72.00,0.599400,1.00,-1543.893,103.495,0.304430,0.332360
2291,9G22,88.00,0.747100,1.00,-1460.749,117.395,0.159754,0.538530
2292,9G2N,88.00,0.737900,1.00,-1460.749,117.395,0.174463,0.522980
2293,9G2O,85.00,0.763400,1.00,-1460.749,117.395,0.169449,0.519850
2294,9G31,79.00,0.675400,1.00,-1460.749,117.395,0.199129,0.374760
2295,9G32,81.00,0.706200,1.00,-1460.749,117.395,0.207782,0.436270
2296,9G5P,88.00,0.748400,1.00,-1543.893,103.495,0.148709,0.502220
2297,9GDL,76.00,0.629500,1.00,-1565.788,82.549,0.278670,0.460990
2298,9GDN,77.00,0.679300,1.00,-1565.788,82.549,0.211908,0.509220
2299,9GDT,76.00,0.678600,1.00,-1565.788,82.549,0.242267,0.500090
2300,9GDU,76.00,0.665300,1.00,-1565.788,82.549,0.264757,0.496000
2301,9GE1,76.00,0.687300,1.00,-1565.788,82.549,0.259945,0.437090
2302,9GE9,79.00,0.648600,1.00,-1522.766,142.786,0.293408,0.421150
2303,9GEB,84.00,0.712500,1.00,-1522.766,142.786,0.166909,0.482960
2304,9GEC,80.00,0.688300,1.00,-1522.766,142.786,0.232243,0.430020
2305,9IKO,65.62,0.567200,1.00,-661.639,84.184,0.352337,0.247110
2306,9ILX,76.56,0.551500,1.00,-661.639,84.184,0.298485,0.289000
2307,9J5F,60.94,0.587800,1.00,-2477.010,216.310,0.421288,0.343160
2308,9J5H,74.29,0.670200,1.00,-2766.192,166.320,0.369513,0.552210
2309,9KAR,35.00,0.421600,1.00,-702.953,62.601,0.881849,0.175050
2310,9KK0,68.00,0.550200,1.00,-1216.852,208.940,0.299500,0.278230
2311,9L1M,45.83,0.536000,1.00,-139.793,59.939,0.655727,0.219440
2312,9NVH,75.00,0.614600,1.00,-1667.986,161.597,0.367675,0.560930
2313,9NWZ,35.00,0.418300,1.00,-1135.940,42.308,1.034139,0.170400
2314,9NY3,27.50,0.372700,1.00,-1170.187,61.047,1.043407,0.105780
2315,9UV5,45.00,0.473700,1.00,-316.652,53.054,0.452372,0.311230
