serial,pdb_id,gdt_ts,lddt,lddt_coverage,pred_dope,pred_molpdf,rmsd,tm_score
1,1A11,87.00,0.801200,1.00,-1801.591,56.526,0.167681,0.613620
2,1A3P,68.89,0.603700,1.00,-3018.776,181.235,0.417615,0.565410
3,1ACW,81.90,0.674000,1.00,-1720.876,170.587,0.176046,0.486110
4,1ADX,48.12,0.472200,1.00,-2551.220,252.319,0.481274,0.339680
5,1AG7,85.29,0.667400,1.00,-1813.529,183.682,0.229161,0.644820
6,1AGG,65.10,0.564900,1.00,-3086.853,306.857,0.576642,0.573990
7,1AGT,97.37,0.797400,1.00,-2899.026,133.550,0.072449,0.873730
8,1AHL,48.98,0.404800,1.00,-3498.645,313.307,0.561632,0.437080
9,1ALE,90.28,0.742900,1.00,-1421.317,38.437,0.175605,0.521380
10,1ALF,89.47,0.732200,1.00,-1589.056,43.598,0.156707,0.491060
11,1ALG,70.83,0.648300,1.00,-1305.755,70.115,0.536473,0.496940
12,1AMB,42.86,0.509000,1.00,-1032.536,181.868,0.685274,0.321580
13,1AMC,41.07,0.515500,1.00,-1032.536,181.868,0.688724,0.323800
14,1AML,20.00,0.293900,1.00,-1616.216,314.493,1.305733,0.154600
15,1ANP,37.50,0.428500,1.00,-1220.451,195.491,0.891931,0.216080
16,1ANS,38.89,0.380100,1.00,-1544.089,168.154,0.778667,0.133840
17,1AOO,40.00,0.422800,1.00,-2093.073,349.607,0.686569,0.254680
18,1APF,37.76,0.392100,1.00,-3308.772,363.808,0.874953,0.384710
19,1APO,86.31,0.727100,1.00,-2378.703,210.726,0.205969,0.725630
20,1AQG,50.00,0.504600,1.00,-348.339,69.822,0.401070,0.287820
21,1AQQ,38.12,0.428000,1.00,-2093.073,349.607,0.698391,0.252060
22,1AQR,40.00,0.421500,1.00,-2093.073,349.607,0.721591,0.251010
23,1ARD,89.66,0.747100,1.00,-2182.775,114.073,0.308871,0.725850
24,1ARE,89.66,0.746300,1.00,-2156.123,134.102,0.258931,0.679450
25,1ARF,91.38,0.755400,1.00,-2255.071,124.821,0.194816,0.725040
26,1ATX,34.78,0.367100,1.00,-2871.941,334.522,1.048981,0.374550
27,1AV3,90.74,0.691100,1.00,-1593.651,147.215,0.154714,0.675400
28,1AW6,79.65,0.652100,1.00,-2574.847,250.357,0.437810,0.681630
29,1AXH,94.59,0.768200,1.00,-2202.650,181.622,0.144268,0.829660
30,1AZ6,77.78,0.625200,1.00,-2281.130,201.618,0.213098,0.579990
31,1AZH,54.17,0.493600,1.00,-2281.130,201.618,0.514235,0.339200
32,1AZJ,90.28,0.769800,1.00,-2345.119,219.985,0.106574,0.763250
33,1AZK,75.69,0.682200,1.00,-2242.247,170.877,0.219463,0.540460
34,1B03,56.94,0.488400,1.00,-926.513,68.072,0.375750,0.226920
35,1B1V,82.61,0.620500,1.00,-1001.826,125.351,0.379085,0.448530
36,1B4G,37.50,0.368600,1.00,-1252.664,209.481,1.086845,0.204400
37,1B4I,30.83,0.393100,1.00,-1252.664,209.481,0.680398,0.186770
38,1B5N,79.35,0.600100,1.00,-1001.826,125.351,0.367153,0.412690
39,1B8W,75.00,0.578800,1.00,-2745.974,273.439,0.418205,0.631630
40,1B9P,72.79,0.652200,1.00,-2309.789,75.668,0.301696,0.554630
41,1B9Q,63.97,0.620300,1.00,-2309.789,75.668,0.358412,0.418780
42,1B9U,88.97,0.819100,1.00,-2966.573,77.397,0.163639,0.721250
43,1BA4,21.25,0.284500,1.00,-1616.216,314.493,1.471887,0.247890
44,1BA6,21.88,0.317500,1.00,-1616.216,314.493,1.267713,0.240610
45,1BAH,83.78,0.627200,1.00,-2612.461,179.210,0.147288,0.666120
46,1BBA,80.56,0.694600,1.00,-2706.380,148.659,0.250807,0.621820
47,1BBG,70.62,0.623800,1.00,-3002.185,276.952,0.349296,0.555440
48,1BDS,47.67,0.408500,1.00,-3314.692,235.629,0.645384,0.444530
49,1BEI,83.57,0.668800,1.00,-2668.604,213.599,0.150482,0.629440
50,1BF9,84.15,0.729300,1.00,-2386.667,201.249,0.241725,0.722170
51,1BGK,89.19,0.725500,1.00,-2936.100,142.170,0.110637,0.741280
52,1BH4,74.17,0.620300,1.00,-1991.192,258.056,0.330324,0.465650
53,1BH7,43.94,0.437300,1.00,-2646.443,171.282,0.690613,0.268220
54,1BHI,79.61,0.723800,1.00,-2401.060,131.073,0.439463,0.680600
55,1BIG,87.84,0.737300,1.00,-3047.535,176.887,0.134776,0.687830
56,1BJB,24.11,0.428500,1.00,-1007.321,184.500,1.219332,0.179040
57,1BJC,35.71,0.439600,1.00,-1257.458,202.138,0.702497,0.264630
58,1BL1,51.61,0.608000,1.00,-2527.856,64.454,0.607072,0.356910
59,1BM4,53.91,0.469400,1.00,-2455.845,116.823,1.035649,0.437240
60,1BMX,60.48,0.471000,1.00,-2613.867,104.609,0.731902,0.461700
61,1BNB,83.55,0.676300,1.00,-2866.623,228.079,0.202182,0.677350
62,1BOE,80.85,0.667900,1.00,-3440.125,256.501,0.218511,0.699630
63,1BQF,75.00,0.573500,1.00,-1333.766,156.432,0.324856,0.377170
64,1BRV,72.66,0.580600,1.00,-2063.005,178.901,0.314999,0.496410
65,1BWX,52.56,0.600800,1.00,-3101.165,80.654,0.590613,0.427790
66,1BY0,79.63,0.635700,1.00,-1747.875,82.021,0.302488,0.519180
67,1BY6,50.69,0.471800,1.00,-2621.920,65.699,0.506885,0.363140
68,1BZG,55.15,0.570700,1.00,-2347.090,63.055,0.552591,0.409050
69,1C2U,38.57,0.434300,1.00,-2503.597,216.635,0.785539,0.270710
70,1C49,92.86,0.727000,1.00,-2346.063,188.570,0.108936,0.757410
71,1C4B,61.54,0.431600,1.00,-587.950,57.343,0.444735,0.291830
72,1C4E,82.14,0.679500,1.00,-1982.696,250.082,0.191182,0.629990
73,1C55,83.12,0.632800,1.00,-3240.552,202.184,0.293298,0.671010
74,1C56,81.88,0.634900,1.00,-3240.552,202.184,0.290880,0.675370
75,1C6W,83.33,0.638900,1.00,-1568.367,183.891,0.184659,0.564760
76,1CBH,99.31,0.860600,1.00,-2432.378,209.950,0.053650,0.910280
77,1CCF,81.55,0.699100,1.00,-2378.703,210.726,0.168998,0.651570
78,1CCM,48.91,0.418700,1.00,-2788.810,367.402,0.719632,0.383960
79,1CCN,51.63,0.414200,1.00,-2788.810,367.402,0.665842,0.367560
80,1CE4,30.71,0.386500,1.00,-1557.819,171.310,0.723726,0.197930
81,1CFG,59.09,0.453600,1.00,-1546.909,91.234,0.696045,0.300350
82,1CFH,29.79,0.294300,1.00,-3967.068,178.072,1.151191,0.278760
83,1CFI,61.70,0.525000,1.00,-3967.068,178.072,0.484385,0.504320
84,1CHL,78.47,0.612600,1.00,-2344.900,169.490,0.222222,0.585810
85,1CIX,77.84,0.627600,1.00,-3206.257,179.825,0.204511,0.624810
86,1CKW,61.00,0.609200,1.00,-1409.900,121.097,0.330270,0.339140
87,1CKX,44.23,0.432600,1.00,-1895.312,87.032,0.842337,0.369550
88,1CKY,40.38,0.366000,1.00,-1895.312,87.032,0.738456,0.193400
89,1CKZ,44.00,0.486000,1.00,-1409.900,121.097,0.579685,0.177270
90,1CMR,87.10,0.668100,1.00,-2377.734,116.897,0.126466,0.593410
91,1CO4,73.81,0.660100,1.00,-2633.461,274.099,0.239752,0.583520
92,1CQ0,57.14,0.645200,1.00,-1579.878,63.791,0.484518,0.380080
93,1CR8,76.79,0.639600,1.00,-2390.091,201.562,0.266657,0.649720
94,1CSA,40.91,0.314500,1.00,-552.315,23.005,0.484595,0.144590
95,1CTI,87.93,0.737900,1.00,-1838.586,170.979,0.155818,0.605640
96,1CW5,54.17,0.548900,1.00,-2788.670,206.373,0.782258,0.506750
97,1CW6,67.57,0.590000,1.00,-2095.765,196.968,0.412789,0.488360
98,1CWX,27.84,0.426200,1.00,-1615.051,262.502,0.907209,0.236420
99,1CXR,28.80,0.324300,1.00,-2947.239,350.254,1.147903,0.235260
100,1CYA,40.91,0.464500,1.00,-552.315,23.005,0.499798,0.154020
101,1CYB,47.73,0.419000,1.00,-552.315,23.005,0.454549,0.190630
102,1CZ6,75.00,0.709200,1.00,-1173.635,116.442,0.266455,0.390780
103,1D0R,72.50,0.650200,1.00,-1876.922,59.828,0.273917,0.514660
104,1D1H,89.29,0.650700,1.00,-2561.113,141.219,0.196375,0.736150
105,1D2J,78.12,0.648000,1.00,-2309.260,221.928,0.252907,0.630560
106,1D2L,75.00,0.633100,1.00,-2546.691,294.291,0.377773,0.636130
107,1D5Q,99.07,0.855700,1.00,-1952.460,65.316,0.051151,0.834650
108,1D6B,86.90,0.705500,1.00,-2947.553,214.620,0.203343,0.742130
109,1D6X,71.15,0.503800,1.00,-365.016,118.562,0.360905,0.310170
110,1DEC,56.41,0.470500,1.00,-2232.424,304.350,0.606023,0.451680
111,1DEP,86.67,0.661100,1.00,-1011.776,59.212,0.189423,0.480590
112,1DF6,50.00,0.429200,1.00,-2180.129,132.842,0.648559,0.282740
113,1DFE,75.68,0.569200,1.00,-2283.083,189.629,0.359476,0.616170
114,1DFS,53.23,0.499500,1.00,-2074.219,128.680,0.388673,0.347660
115,1DFT,57.50,0.463900,1.00,-1778.194,321.588,0.367384,0.301700
116,1DGZ,75.00,0.583800,1.00,-2283.083,189.629,0.366092,0.567770
117,1DJF,68.33,0.553200,1.00,-457.974,98.032,0.290682,0.232350
118,1DKC,75.66,0.599800,1.00,-2393.342,163.796,0.202176,0.593810
119,1DL0,91.89,0.753400,1.00,-2378.521,204.787,0.107043,0.784950
120,1DMC,44.35,0.455400,1.00,-1776.336,200.057,0.767714,0.236810
121,1DMD,42.74,0.450200,1.00,-1776.336,200.057,0.762978,0.241840
122,1DME,47.32,0.448000,1.00,-1638.907,169.622,0.709098,0.221560
123,1DMF,47.32,0.448700,1.00,-1638.907,169.622,0.700731,0.258550
124,1DN3,68.33,0.521200,1.00,-457.974,98.032,0.324396,0.280540
125,1DNG,86.67,0.715600,1.00,-697.611,30.811,0.203164,0.433280
126,1DPK,53.75,0.497300,1.00,-374.679,103.078,0.629698,0.243320
127,1DPQ,62.50,0.574100,1.00,-648.383,65.506,0.448992,0.321970
128,1DSK,71.43,0.668200,1.00,-2028.508,60.952,0.534407,0.477950
129,1DSQ,90.48,0.674400,1.00,-926.490,93.229,0.212879,0.466070
130,1DSV,86.29,0.758800,1.00,-1267.628,184.088,0.159078,0.614190
131,1DTC,83.65,0.743000,1.00,-1744.326,55.024,0.213697,0.495800
132,1DU1,65.00,0.537400,1.00,-1317.189,43.345,0.498863,0.278640
133,1DU9,85.71,0.686500,1.00,-1511.069,168.069,0.164508,0.570900
134,1DV0,84.04,0.723400,1.00,-4632.170,187.358,0.353445,0.771640
135,1DVW,54.17,0.513900,1.00,-676.010,145.193,0.640669,0.220080
136,1DX7,50.00,0.593500,1.00,-3836.250,154.532,0.591703,0.515320
137,1E0G,82.81,0.658200,1.00,-4215.559,184.340,0.198348,0.716690
138,1E0L,79.73,0.721500,1.00,-2469.895,187.450,0.362222,0.651850
139,1E0M,85.14,0.747000,1.00,-2301.018,182.244,0.238260,0.678920
140,1E0N,88.89,0.697000,1.00,-1785.130,123.667,0.128975,0.555650
141,1E0Q,80.88,0.680400,1.00,-1085.021,50.485,0.170340,0.277000
142,1E4Q,81.08,0.719600,1.00,-2705.043,178.483,0.212136,0.643750
143,1E4R,73.57,0.591100,1.00,-2239.055,231.421,0.289807,0.549990
144,1E4S,77.78,0.608500,1.00,-2565.675,160.864,0.239354,0.618040
145,1E4T,73.65,0.606400,1.00,-2600.090,158.592,0.378073,0.540690
146,1E8P,90.22,0.753600,1.00,-3493.933,216.034,0.124969,0.815730
147,1E8Q,90.22,0.739100,1.00,-3493.933,216.034,0.187744,0.803310
148,1E9K,46.71,0.518500,1.00,-2344.697,146.164,0.788446,0.317840
149,1ED0,88.59,0.747100,1.00,-3325.196,152.636,0.204310,0.807110
150,1ED7,90.00,0.720500,1.00,-4112.777,346.208,0.136944,0.796860
151,1EDP,79.41,0.648700,1.00,-1084.672,48.827,0.253992,0.308780
152,1EDS,37.10,0.387900,1.00,-1871.282,201.402,0.660749,0.251650
153,1EDV,36.03,0.373700,1.00,-1503.591,326.762,0.597576,0.272290
154,1EDW,44.23,0.455900,1.00,-2145.834,129.380,0.472594,0.203760
155,1EDX,23.12,0.395400,1.00,-1909.324,235.342,1.112323,0.240280
156,1EGT,80.88,0.672200,1.00,-765.131,69.083,0.192022,0.355600
157,1EHS,52.08,0.566600,1.00,-3339.823,126.307,0.524188,0.443050
158,1EI0,97.37,0.827600,1.00,-3165.878,117.429,0.069082,0.875300
159,1EMX,75.00,0.568800,1.00,-1974.566,199.794,0.295570,0.482100
160,1EMZ,86.90,0.688100,1.00,-1492.898,24.053,0.262635,0.407490
161,1EQX,66.67,0.576600,1.00,-713.162,73.003,0.380728,0.241250
162,1ERC,51.25,0.527200,1.00,-3150.957,124.635,0.792982,0.455630
163,1ERD,39.38,0.417000,1.00,-2871.486,227.729,0.871069,0.358670
164,1ERP,43.42,0.399900,1.00,-2259.069,349.046,0.830816,0.293360
165,1ERY,46.15,0.539600,1.00,-3008.868,98.196,0.849166,0.440540
166,1ESK,66.07,0.627200,1.00,-2218.681,309.525,0.355994,0.513620
167,1EWS,78.12,0.605500,1.00,-2070.748,152.515,0.217489,0.667230
168,1EYO,87.50,0.719000,1.00,-1936.226,158.808,0.200203,0.625610
169,1EZE,60.53,0.669600,1.00,-2582.131,143.893,0.393100,0.478410
170,1F3K,88.46,0.683600,1.00,-1848.197,158.900,0.139139,0.565470
171,1F4I,88.89,0.692300,1.00,-4560.789,142.335,0.202163,0.814230
172,1F7E,81.52,0.766900,1.00,-2494.486,236.440,0.250241,0.727000
173,1F7M,80.98,0.756500,1.00,-2494.486,236.440,0.234537,0.692630
174,1F8Z,89.74,0.735900,1.00,-2112.938,210.374,0.196420,0.751990
175,1FAC,73.81,0.606200,1.00,-1519.677,61.208,0.257123,0.217070
176,1FCT,57.81,0.538400,1.00,-1572.198,161.527,0.550496,0.386140
177,1FDF,51.00,0.508200,1.00,-1599.116,54.216,0.669238,0.251010
178,1FEO,86.54,0.664800,1.00,-1424.451,107.824,0.145942,0.557710
179,1FF7,76.09,0.712600,1.00,-2494.486,236.440,0.257405,0.628110
180,1FFM,83.15,0.767700,1.00,-2494.486,236.440,0.195222,0.726460
181,1FGD,55.56,0.497300,1.00,-760.725,91.343,0.410388,0.183490
182,1FGE,63.75,0.517000,1.00,-819.170,121.376,0.383546,0.174980
183,1FJN,82.05,0.705700,1.00,-2755.066,186.255,0.220141,0.676530
184,1FME,78.57,0.635800,1.00,-1944.440,149.633,0.252445,0.486980
185,1FMY,38.75,0.426500,1.00,-2093.073,349.607,0.755745,0.286530
186,1FQQ,74.39,0.622600,1.00,-3059.530,271.120,0.237303,0.599410
187,1FRE,38.10,0.374800,1.00,-3128.658,194.296,0.691229,0.316980
188,1FRY,37.07,0.500700,1.00,-1654.696,74.132,0.809967,0.202460
189,1FSB,87.50,0.775000,1.00,-2669.629,200.454,0.183380,0.742720
190,1FSD,77.68,0.633600,1.00,-2045.502,170.488,0.287018,0.499160
191,1FSV,75.00,0.637300,1.00,-2045.502,170.488,0.267785,0.488110
192,1FU3,93.52,0.691200,1.00,-1798.063,154.324,0.121296,0.620830
193,1FU9,81.25,0.690200,1.00,-2334.447,200.071,0.429706,0.684870
194,1FUL,45.45,0.417300,1.00,-425.412,40.498,0.455349,0.188100
195,1FUV,59.09,0.480000,1.00,-425.412,40.498,0.299118,0.290560
196,1FV5,74.31,0.594300,1.00,-2539.096,166.332,0.370389,0.562710
197,1FVY,50.81,0.612200,1.00,-2367.134,51.438,0.933902,0.366780
198,1FW5,83.75,0.744700,1.00,-1351.310,61.859,0.298160,0.369330
199,1FWO,75.71,0.650700,1.00,-2183.745,189.558,0.262569,0.563050
200,1FYG,91.00,0.710100,1.00,-1339.299,101.390,0.109056,0.550080
201,1G04,37.50,0.320900,1.00,-1916.813,114.887,0.626927,0.153520
202,1G26,83.06,0.737500,1.00,-2252.771,200.280,0.197157,0.598460
203,1G92,53.00,0.641900,1.00,-1728.094,57.845,0.708679,0.393880
204,1G9P,70.00,0.670800,1.00,-2256.906,309.319,0.484295,0.568210
205,1GEA,75.00,0.632500,1.00,-1391.537,56.851,0.334300,0.292670
206,1GIB,59.09,0.455300,1.00,-868.759,141.606,0.408467,0.175410
207,1GK5,77.04,0.623000,1.00,-3554.972,215.651,0.225514,0.634740
208,1GM2,43.18,0.549300,1.00,-295.023,37.520,0.804056,0.300080
209,1GNA,75.00,0.620700,1.00,-547.690,91.395,0.304059,0.275950
210,1GNB,55.77,0.541900,1.00,-547.690,91.395,0.460766,0.221440
211,1GNF,82.61,0.667700,1.00,-3344.856,198.478,0.278497,0.679280
212,1GP8,80.00,0.704700,1.00,-2820.914,103.287,0.237297,0.659590
213,1GPS,93.09,0.760700,1.00,-3103.584,187.406,0.133333,0.844300
214,1GPT,90.43,0.713500,1.00,-3190.879,201.552,0.131164,0.831950
215,1GUR,77.86,0.612800,1.00,-1982.696,250.082,0.195387,0.545960
216,1GW3,48.91,0.600000,1.00,-3201.656,107.690,0.547662,0.422550
217,1GW4,51.09,0.536900,1.00,-3201.656,107.690,0.567155,0.462370
218,1H20,51.92,0.441400,1.00,-2332.231,214.205,0.675746,0.439890
219,1H5O,80.95,0.622800,1.00,-2156.664,308.494,0.186743,0.644730
220,1H7D,34.18,0.346900,1.00,-3150.551,227.333,1.700398,0.304360
221,1H7J,44.23,0.463600,1.00,-1340.948,49.289,0.642779,0.250960
222,1HA9,84.56,0.767500,1.00,-1705.951,256.261,0.399388,0.702430
223,1HD6,37.84,0.461500,1.00,-2626.557,163.957,0.894492,0.290420
224,1HD9,47.73,0.590700,1.00,-327.255,45.280,0.722279,0.301840
225,1HEV,93.60,0.769100,1.00,-3004.963,245.818,0.130145,0.869980
226,1HFF,75.00,0.541300,1.00,-365.687,36.097,0.220823,0.336040
227,1HJ0,35.98,0.542800,1.00,-2018.045,227.180,0.897122,0.295560
228,1HLL,72.66,0.672700,1.00,-2214.025,127.890,0.296772,0.506520
229,1HLY,96.79,0.780300,1.00,-3021.344,191.912,0.089114,0.850830
230,1HN3,22.50,0.290000,1.00,-2217.200,195.337,1.241072,0.269610
231,1HNR,67.55,0.565000,1.00,-3476.756,139.083,0.303208,0.556780
232,1HNS,58.51,0.506100,1.00,-3476.756,139.083,0.417747,0.458170
233,1HO0,47.50,0.418900,1.00,-1936.481,105.938,0.673978,0.261060
234,1HO2,91.25,0.723300,1.00,-1381.318,29.340,0.152568,0.479570
235,1HO7,82.50,0.690500,1.00,-1381.318,29.340,0.173867,0.495350
236,1HO9,70.31,0.620900,1.00,-2443.839,83.676,0.341658,0.463360
237,1HOD,70.31,0.624100,1.00,-2443.839,83.676,0.347874,0.407980
238,1HOF,66.41,0.579700,1.00,-2214.025,127.890,0.397078,0.445580
239,1HP2,88.51,0.730900,1.00,-2597.409,180.440,0.132059,0.767210
240,1HP3,81.25,0.679500,1.00,-1894.040,166.660,0.315477,0.631430
241,1HP9,82.95,0.654500,1.00,-1723.533,45.869,0.172590,0.313150
242,1HPH,46.62,0.573100,1.00,-3056.137,58.630,0.834593,0.391550
243,1HPY,60.29,0.640000,1.00,-2583.949,75.997,0.423952,0.371480
244,1HRL,73.91,0.609400,1.00,-1054.560,106.228,0.432214,0.341870
245,1HTH,49.26,0.567800,1.00,-2675.059,85.705,0.943494,0.372280
246,1HTX,89.06,0.703000,1.00,-2115.804,191.630,0.163642,0.665260
247,1HU5,80.56,0.690000,1.00,-1017.847,31.200,0.181208,0.392130
248,1HU6,68.06,0.595500,1.00,-867.856,41.002,0.382314,0.266770
249,1HU7,84.72,0.690100,1.00,-1004.091,30.495,0.245866,0.489910
250,1HVW,98.00,0.794100,1.00,-1459.352,113.263,0.067077,0.715220
251,1HVZ,79.17,0.651900,1.00,-1030.171,83.098,0.330353,0.310670
252,1HY9,89.63,0.784500,1.00,-2697.015,207.583,0.166426,0.794050
253,1HYK,83.15,0.680400,1.00,-3512.552,303.554,0.234018,0.716680
254,1HZ3,26.92,0.450600,1.00,-1049.197,151.205,0.977260,0.131600
255,1I25,44.59,0.424100,1.00,-1642.654,205.384,0.940067,0.399290
256,1I26,80.88,0.675100,1.00,-2212.200,168.432,0.261370,0.596570
257,1I2U,84.09,0.650500,1.00,-3242.082,331.960,0.189391,0.757930
258,1I2V,77.84,0.665800,1.00,-3247.729,220.168,0.326177,0.663490
259,1I6C,69.87,0.648200,1.00,-2285.115,194.690,0.542546,0.550660
260,1I8X,69.17,0.560200,1.00,-2131.014,126.008,0.469749,0.511210
261,1I8Y,83.04,0.690600,1.00,-1714.031,183.223,0.188345,0.511220
262,1IB9,80.15,0.718200,1.00,-1705.951,256.261,0.414114,0.627080
263,1IBN,75.00,0.660900,1.00,-1182.245,38.656,0.290708,0.345080
264,1IBO,73.75,0.628200,1.00,-1182.245,38.656,0.343156,0.314700
265,1IC9,34.48,0.460000,1.00,-1612.611,164.636,1.327946,0.272350
266,1ICA,68.12,0.572800,1.00,-2969.937,148.455,0.606289,0.557290
267,1ICL,37.93,0.498500,1.00,-1382.629,207.878,1.226019,0.224510
268,1ICO,37.07,0.481300,1.00,-1672.733,135.386,1.157560,0.332470
269,1ID6,36.67,0.475100,1.00,-849.140,49.892,0.610649,0.162630
270,1ID7,43.33,0.457600,1.00,-849.140,49.892,0.548431,0.104350
271,1IE6,78.03,0.645000,1.00,-1299.623,161.529,0.341629,0.581180
272,1IFY,94.39,0.756600,1.00,-4415.459,177.616,0.098229,0.858900
273,1IIJ,80.00,0.716900,1.00,-2591.248,68.959,0.239080,0.701360
274,1IM1,72.92,0.553100,1.00,-575.063,55.859,0.260818,0.352250
275,1IRR,77.17,0.584600,1.00,-980.428,106.821,0.339995,0.415630
276,1IVA,67.19,0.563000,1.00,-3138.616,222.960,0.645281,0.555780
277,1IWC,22.06,0.286700,1.00,-1244.048,176.436,1.377811,0.185550
278,1IWF,27.94,0.343300,1.00,-1244.048,176.436,0.875573,0.182790
279,1IXA,86.54,0.709400,1.00,-2275.012,198.094,0.170039,0.708630
280,1IXT,85.19,0.700800,1.00,-1791.209,100.609,0.144160,0.520170
281,1IXU,47.92,0.536100,1.00,-402.337,51.969,0.626485,0.216600
282,1IYC,45.83,0.478800,1.00,-1667.687,255.885,0.960155,0.332210
283,1IYT,25.00,0.333300,1.00,-1523.048,387.472,1.209778,0.231940
284,1J4M,89.29,0.705500,1.00,-696.683,85.605,0.179451,0.434950
285,1J5J,92.36,0.793000,1.00,-2880.927,144.825,0.098392,0.805380
286,1J5L,40.83,0.491100,1.00,-1621.331,171.249,0.785483,0.264000
287,1J5M,60.71,0.520600,1.00,-1407.109,168.872,0.718051,0.360440
288,1JBL,55.36,0.634900,1.00,-431.757,56.770,1.065135,0.254210
289,1JBN,57.14,0.691000,1.00,-431.757,56.770,1.046957,0.297320
290,1JDM,63.71,0.612100,1.00,-3070.721,67.769,0.471167,0.487790
291,1JI9,58.78,0.547900,1.00,-2228.168,278.974,0.399134,0.366340
292,1JJZ,82.76,0.677300,1.00,-1838.478,163.335,0.292990,0.582380
293,1JKZ,85.87,0.710900,1.00,-3628.116,201.842,0.139257,0.760680
294,1JLZ,93.48,0.729200,1.00,-1218.048,86.685,0.136890,0.507810
295,1JMN,35.33,0.354900,1.00,-3313.304,235.197,0.776498,0.288240
296,1JMP,82.07,0.682000,1.00,-3217.130,154.370,0.217643,0.719430
297,1JN7,72.92,0.627900,1.00,-2453.969,203.018,0.584721,0.589600
298,1JO5,43.75,0.613600,1.00,-3836.250,154.532,0.988827,0.427320
299,1JO6,42.22,0.506700,1.00,-2736.673,125.449,1.125914,0.357570
300,1JRF,52.66,0.483200,1.00,-2257.307,254.522,0.763184,0.442670
301,1JRJ,82.05,0.775800,1.00,-2641.419,117.444,0.244223,0.637460
302,1JU8,77.70,0.665900,1.00,-2770.395,220.041,0.226676,0.574210
303,1JY9,78.75,0.634500,1.00,-509.942,87.142,0.217657,0.233340
304,1K0P,41.94,0.408800,1.00,-1870.858,170.748,0.606324,0.230660
305,1K18,41.13,0.417700,1.00,-1870.858,170.748,0.581911,0.229450
306,1K1V,89.02,0.696700,1.00,-3375.478,104.176,0.113929,0.774650
307,1K36,79.89,0.651000,1.00,-3584.767,256.845,0.179515,0.679290
308,1K37,78.26,0.642300,1.00,-3584.767,256.845,0.179555,0.655900
309,1K43,89.29,0.668400,1.00,-696.683,85.605,0.179444,0.407230
310,1K48,81.90,0.669100,1.00,-1838.478,163.335,0.295593,0.575090
311,1K7B,77.66,0.705700,1.00,-2381.612,258.676,0.344350,0.668990
312,1K81,64.58,0.544300,1.00,-2350.069,194.561,0.312196,0.432650
313,1K91,81.76,0.732700,1.00,-1587.120,168.985,0.168586,0.593760
314,1KAL,89.66,0.727000,1.00,-1943.925,215.096,0.232570,0.617640
315,1KBE,67.35,0.567100,1.00,-3361.601,233.980,0.278409,0.554880
316,1KBF,67.35,0.572900,1.00,-3361.601,233.980,0.279827,0.563400
317,1KDL,68.48,0.629300,1.00,-1822.059,49.017,0.405369,0.390140
318,1KGM,87.14,0.710200,1.00,-1918.388,163.932,0.185766,0.683720
319,1KIO,79.29,0.693200,1.00,-1969.793,170.038,0.359073,0.598200
320,1KJ0,73.57,0.653100,1.00,-1779.437,218.372,0.281720,0.532860
321,1KJ5,82.64,0.676300,1.00,-2565.675,160.864,0.177544,0.654220
322,1KJ6,72.22,0.577000,1.00,-2898.311,200.578,0.618569,0.603210
323,1KLR,93.33,0.808600,1.00,-1915.489,132.196,0.130997,0.761770
324,1KLS,90.83,0.734000,1.00,-1878.745,137.851,0.178166,0.705520
325,1KMR,83.33,0.651600,1.00,-933.079,31.563,0.307248,0.471500
326,1KOZ,75.69,0.625200,1.00,-2609.935,192.083,0.220128,0.554420
327,1KQH,83.55,0.658800,1.00,-2776.365,261.834,0.202812,0.689470
328,1KQI,77.63,0.650200,1.00,-2776.365,261.834,0.253736,0.610780
329,1KUW,55.00,0.550500,1.00,-185.354,44.102,0.396318,0.364270
330,1KV4,47.62,0.645300,1.00,-2469.125,141.435,1.007669,0.399580
331,1KWD,75.00,0.518300,1.00,-952.319,123.605,0.245799,0.265770
332,1KWE,75.00,0.518000,1.00,-952.319,123.605,0.283943,0.262560
333,1KX6,45.69,0.440200,1.00,-2130.284,82.141,0.632154,0.226930
334,1KZ0,81.25,0.590100,1.00,-1078.909,27.442,0.233935,0.307190
335,1KZ2,81.25,0.624100,1.00,-868.957,32.516,0.175845,0.331290
336,1KZ5,54.17,0.485500,1.00,-547.109,51.439,0.424295,0.341490
337,1L1K,37.50,0.413200,1.00,-767.547,171.380,0.667084,0.162590
338,1L2Y,71.25,0.647000,1.00,-1067.271,65.299,0.322329,0.325330
339,1L3Q,50.00,0.591800,1.00,-337.079,62.362,0.729967,0.148780
340,1L3Y,76.83,0.616800,1.00,-2668.143,246.047,0.262069,0.638570
341,1L4V,85.62,0.679200,1.00,-2940.428,155.264,0.193104,0.719470
342,1LA4,85.29,0.693000,1.00,-2254.941,181.263,0.184647,0.662700
343,1LB0,75.00,0.584900,1.00,-789.686,18.703,0.251360,0.368150
344,1LB7,90.62,0.702200,1.00,-873.329,53.389,0.165010,0.481570
345,1LBJ,78.41,0.647800,1.00,-1637.282,62.987,0.385147,0.396720
346,1LCX,73.08,0.595500,1.00,-789.686,18.703,0.241702,0.329820
347,1LDL,68.23,0.589600,1.00,-2699.674,265.287,0.417130,0.584110
348,1LDR,68.60,0.570900,1.00,-2400.241,252.390,0.297045,0.567410
349,1LFC,37.00,0.297000,1.00,-1670.200,75.366,0.734456,0.162840
350,1LGL,94.44,0.804400,1.00,-2880.927,144.825,0.094262,0.828960
351,1LIQ,63.89,0.531000,1.00,-1649.859,128.485,0.420120,0.340290
352,1LIR,91.22,0.741200,1.00,-2865.773,178.816,0.101797,0.783240
353,1LMM,68.12,0.574300,1.00,-2419.278,256.578,0.468049,0.519650
354,1LMR,72.14,0.609200,1.00,-1952.868,163.610,0.281090,0.502520
355,1LUP,79.84,0.597900,1.00,-2062.812,177.320,0.177208,0.526690
356,1LV4,38.10,0.413300,1.00,-1132.659,80.335,0.691227,0.124450
357,1LVZ,52.27,0.475200,1.00,-323.580,57.304,0.465996,0.261380
358,1LYP,85.16,0.688100,1.00,-2206.481,90.301,0.150843,0.594580
359,1M02,56.25,0.482200,1.00,-439.257,80.602,0.465429,0.341330
360,1M0G,53.33,0.465500,1.00,-2095.282,125.380,0.444876,0.274700
361,1M0J,47.32,0.493000,1.00,-1563.908,171.655,0.722285,0.192170
362,1M23,88.46,0.626600,1.00,-650.665,25.189,0.142317,0.384900
363,1M25,55.77,0.433600,1.00,-1916.813,114.887,0.779844,0.353280
364,1M2S,85.81,0.649600,1.00,-2770.521,221.057,0.147536,0.672970
365,1M36,93.94,0.785400,1.00,-2438.209,119.386,0.100933,0.780600
366,1M4E,72.50,0.597300,1.00,-1040.910,128.374,0.250730,0.210130
367,1M4F,40.00,0.350600,1.00,-1817.265,163.976,0.589809,0.172310
368,1MA2,70.59,0.523300,1.00,-982.529,69.284,0.307483,0.277740
369,1MA4,36.76,0.399700,1.00,-1189.394,47.585,0.839741,0.217950
370,1MA5,52.94,0.453400,1.00,-982.529,69.284,0.591973,0.123070
371,1MA6,42.65,0.424100,1.00,-1189.394,47.585,0.559060,0.192240
372,1MB6,93.57,0.734200,1.00,-2510.953,168.660,0.098769,0.773570
373,1MEA,58.04,0.517400,1.00,-1313.555,157.353,0.454646,0.293300
374,1MED,58.04,0.506600,1.00,-1313.555,157.353,0.505907,0.297840
375,1MEQ,70.65,0.590700,1.00,-1122.851,81.323,0.322428,0.276030
376,1MF6,68.75,0.554300,1.00,-456.398,60.015,0.327598,0.335180
377,1MGX,47.87,0.406900,1.00,-3967.068,178.072,0.736754,0.352070
378,1MHU,52.42,0.533900,1.00,-2069.700,149.887,0.404337,0.344500
379,1MKC,48.84,0.568800,1.00,-2292.147,222.424,0.646195,0.375440
380,1MM0,93.06,0.812200,1.00,-3123.559,214.235,0.093279,0.823010
381,1MMC,87.50,0.715700,1.00,-1967.401,114.290,0.150132,0.593040
382,1MOT,66.07,0.602000,1.00,-1506.882,98.967,0.456875,0.533290
383,1MPZ,35.98,0.429100,1.00,-2372.629,250.409,0.749024,0.281830
384,1MR0,87.50,0.690400,1.00,-2688.874,261.893,0.137046,0.698850
385,1MR4,90.96,0.756400,1.00,-3506.260,265.908,0.136961,0.809690
386,1MRB,73.39,0.619800,1.00,-2009.787,175.010,0.227384,0.448230
387,1MRT,70.16,0.577100,1.00,-2246.312,191.239,0.236530,0.382040
388,1MTQ,75.00,0.587200,1.00,-992.699,123.789,0.361463,0.278640
389,1MTX,92.31,0.785500,1.00,-2943.672,236.590,0.121101,0.778870
390,1MXQ,79.55,0.599500,1.00,-499.557,48.046,0.279004,0.362360
391,1MYN,77.84,0.583500,1.00,-3051.375,199.034,0.332534,0.691250
392,1MYU,41.67,0.464800,1.00,-403.988,81.382,0.459393,0.146390
393,1MZI,50.00,0.511100,1.00,-789.686,18.703,0.365900,0.155850
394,1N0Z,71.11,0.674800,1.00,-2381.643,228.339,0.549781,0.592510
395,1N1U,93.97,0.761800,1.00,-1688.345,180.624,0.124551,0.721940
396,1N2Y,46.67,0.392500,1.00,-583.437,112.107,0.491038,0.197840
397,1N4N,95.74,0.791500,1.00,-3505.664,260.575,0.079927,0.900600
398,1N5G,38.82,0.359900,1.00,-2784.802,202.205,0.787248,0.288230
399,1N6T,52.50,0.502800,1.00,-389.688,51.469,0.410274,0.394560
400,1N8M,94.74,0.801800,1.00,-2714.324,180.902,0.107008,0.859130
401,1N9U,65.00,0.554400,1.00,-375.167,48.222,0.304188,0.230680
402,1NB1,93.10,0.770400,1.00,-1931.034,234.926,0.104139,0.708460
403,1NBJ,85.83,0.748700,1.00,-2106.785,180.507,0.232596,0.627740
404,1NBL,79.35,0.694700,1.00,-3456.352,200.185,0.272239,0.673090
405,1NC8,75.00,0.633100,1.00,-1215.941,161.222,0.448280,0.540240
406,1NCS,85.64,0.686700,1.00,-4068.105,210.287,0.200317,0.749490
407,1ND9,59.69,0.539400,1.00,-3854.037,170.941,0.332535,0.473100
408,1NE5,82.74,0.602900,1.00,-2964.608,234.223,0.274228,0.705740
409,1NIZ,60.94,0.470000,1.00,-660.230,71.360,0.363577,0.180730
410,1NJ0,67.19,0.507600,1.00,-660.230,71.360,0.301186,0.188190
411,1NJ3,88.71,0.756200,1.00,-2107.115,152.449,0.190549,0.703430
412,1NMJ,30.36,0.451300,1.00,-912.491,217.008,1.119661,0.222140
413,1NZS,35.53,0.519200,1.00,-428.020,153.786,0.777563,0.108310
414,1O53,88.33,0.673200,1.00,-786.591,29.656,0.231684,0.476320
415,1O8Y,53.57,0.675300,1.00,-431.757,56.770,1.075036,0.241500
416,1O8Z,58.93,0.654100,1.00,-431.757,56.770,1.050089,0.300810
417,1OAV,75.00,0.584300,1.00,-3138.616,222.960,0.486711,0.669120
418,1OAW,77.08,0.646500,1.00,-3138.616,222.960,0.289239,0.667950
419,1ODP,90.00,0.713800,1.00,-1628.469,49.836,0.133963,0.437680
420,1ODQ,78.75,0.699300,1.00,-1628.469,49.836,0.207455,0.398700
421,1ODR,87.50,0.641700,1.00,-1628.469,49.836,0.143587,0.387680
422,1OEF,88.54,0.697200,1.00,-1877.879,46.163,0.116125,0.461540
423,1OEG,81.52,0.708500,1.00,-1731.316,43.062,0.262158,0.453640
424,1OEI,42.71,0.442600,1.00,-398.646,319.283,0.626383,0.164520
425,1OG7,38.37,0.359200,1.00,-2657.602,220.933,1.094651,0.298710
426,1OHM,46.02,0.437400,1.00,-2771.518,172.552,0.727634,0.379520
427,1OHN,27.91,0.309900,1.00,-2657.602,220.933,1.220168,0.316130
428,1OIG,89.58,0.780100,1.00,-1308.633,162.607,0.125946,0.512310
429,1OMA,66.15,0.564300,1.00,-3086.853,306.857,0.609454,0.591710
430,1OMB,67.19,0.535600,1.00,-3086.853,306.857,0.493784,0.578970
431,1OMQ,93.75,0.678800,1.00,-1078.909,27.442,0.122352,0.473300
432,1OPP,66.45,0.657000,1.00,-3094.577,70.550,0.421700,0.540520
433,1ORL,40.22,0.388600,1.00,-3325.189,264.795,0.645315,0.363160
434,1ORX,89.58,0.702000,1.00,-1632.427,124.082,0.160983,0.480280
435,1OZZ,85.23,0.708800,1.00,-3321.104,241.325,0.270744,0.775010
436,1P00,78.41,0.669100,1.00,-3240.732,285.084,0.386968,0.675700
437,1P0A,80.11,0.664200,1.00,-3345.764,233.552,0.297229,0.683510
438,1P7A,79.05,0.714600,1.00,-2249.469,202.176,0.481956,0.639430
439,1P82,39.00,0.402900,1.00,-908.608,169.470,0.882380,0.188680
440,1P83,31.00,0.385500,1.00,-908.608,169.470,0.789124,0.150950
441,1P8B,91.22,0.767400,1.00,-2761.288,213.130,0.112361,0.773970
442,1P9C,52.78,0.567400,1.00,-2516.327,196.692,0.699664,0.374910
443,1P9F,82.50,0.633500,1.00,-465.033,17.884,0.341422,0.544490
444,1P9Z,70.12,0.542300,1.00,-3023.601,257.085,0.439196,0.607000
445,1PAA,86.67,0.775400,1.00,-2023.233,140.358,0.293370,0.703940
446,1PB5,97.14,0.783700,1.00,-1878.357,173.144,0.078486,0.831970
447,1PDC,80.00,0.665000,1.00,-3934.582,284.020,0.273007,0.672650
448,1PGY,63.83,0.550600,1.00,-4541.676,205.383,0.388004,0.537330
449,1PJV,92.19,0.736000,1.00,-2476.006,98.829,0.110973,0.713280
450,1PLP,62.00,0.630600,1.00,-1429.337,98.663,0.808234,0.358340
451,1PMC,82.64,0.683000,1.00,-2024.631,179.513,0.230322,0.646180
452,1PNH,93.55,0.754300,1.00,-2200.193,104.275,0.099946,0.723150
453,1PP5,55.95,0.512400,1.00,-823.350,176.182,0.542603,0.155580
454,1PSM,54.61,0.565600,1.00,-2195.652,436.198,0.467968,0.406380
455,1PSV,71.43,0.627500,1.00,-2135.721,94.319,0.280746,0.460760
456,1PT4,87.07,0.747100,1.00,-1855.047,217.545,0.270500,0.652290
457,1PV0,87.50,0.729600,1.00,-4674.033,140.028,0.225460,0.780220
458,1PVZ,82.26,0.664700,1.00,-2098.481,127.775,0.335428,0.607450
459,1PX9,76.79,0.586400,1.00,-2964.608,234.223,0.266534,0.624760
460,1PXQ,35.71,0.314400,1.00,-2106.068,226.275,0.866137,0.269910
461,1Q01,26.97,0.425000,1.00,-1273.979,200.932,1.257800,0.231960
462,1Q2F,48.44,0.605300,1.00,-2466.687,62.399,0.659545,0.325500
463,1Q2I,44.53,0.455400,1.00,-2466.687,62.399,0.748817,0.259810
464,1Q2J,63.64,0.525800,1.00,-1336.862,77.660,0.334638,0.207930
465,1Q2K,91.94,0.756000,1.00,-2033.695,169.349,0.100823,0.723540
466,1Q3J,74.31,0.592700,1.00,-2182.862,137.610,0.306948,0.592380
467,1Q3M,57.14,0.546800,1.00,-3747.791,210.435,0.973702,0.492080
468,1Q3Y,47.62,0.448800,1.00,-2191.787,266.809,0.792524,0.393960
469,1Q3Z,44.05,0.453900,1.00,-2191.787,266.809,0.743834,0.366380
470,1Q71,47.62,0.479300,1.00,-823.350,176.182,0.590942,0.119680
471,1QCM,63.64,0.496100,1.00,-309.709,47.408,0.356282,0.402280
472,1QDP,80.95,0.629200,1.00,-2341.627,196.163,0.203651,0.664730
473,1QFD,85.94,0.688400,1.00,-2115.804,191.630,0.177665,0.648810
474,1QG9,83.33,0.702700,1.00,-1806.851,41.424,0.313241,0.359220
475,1QGM,68.33,0.553800,1.00,-2131.014,126.008,0.474407,0.486400
476,1QHK,73.94,0.618200,1.00,-4042.013,266.664,0.246157,0.594050
477,1QJK,75.69,0.610700,1.00,-2489.464,137.358,0.367768,0.557750
478,1QJL,67.86,0.608000,1.00,-1718.929,146.765,0.284181,0.369160
479,1QK6,87.12,0.712300,1.00,-2043.377,154.729,0.138606,0.660090
480,1QK7,88.28,0.697100,1.00,-2315.039,173.961,0.202933,0.693910
481,1QKY,86.18,0.704900,1.00,-2983.722,174.190,0.135966,0.704260
482,1QLO,60.29,0.486500,1.00,-2516.730,105.276,0.479154,0.374550
483,1QWP,68.18,0.503600,1.00,-309.709,47.408,0.324480,0.376190
484,1QXC,54.55,0.627300,1.00,-309.709,47.408,0.440966,0.314270
485,1QYT,54.55,0.523800,1.00,-309.709,47.408,0.432306,0.260420
486,1R02,47.73,0.502600,1.00,-1932.644,117.994,0.802956,0.274850
487,1R1F,72.97,0.561700,1.00,-2524.952,201.039,0.377838,0.514220
488,1R7C,81.45,0.744300,1.00,-2770.080,66.677,0.329819,0.607500
489,1R7D,77.42,0.698000,1.00,-2770.080,66.677,0.302396,0.610700
490,1R7E,80.65,0.705300,1.00,-2770.080,66.677,0.232472,0.601570
491,1R7F,69.35,0.611800,1.00,-2770.080,66.677,0.304825,0.435530
492,1R7G,67.74,0.665000,1.00,-2770.080,66.677,0.306386,0.610130
493,1R8T,61.67,0.508600,1.00,-628.426,67.513,0.345936,0.194060
494,1R9I,65.91,0.495600,1.00,-1277.369,194.308,0.408882,0.219840
495,1RES,74.42,0.623900,1.00,-3975.672,93.869,0.508544,0.637930
496,1RET,69.19,0.581900,1.00,-3975.672,93.869,0.475709,0.544980
497,1RG3,75.00,0.637200,1.00,-1075.977,37.444,0.371430,0.343970
498,1RG4,79.69,0.667700,1.00,-1075.977,37.444,0.277064,0.436260
499,1RIJ,59.78,0.667500,1.00,-1029.035,106.907,0.843453,0.324130
500,1RIK,89.66,0.715900,1.00,-2102.117,100.406,0.176774,0.658920
501,1RIM,81.82,0.652600,1.00,-2068.920,233.174,0.367313,0.627990
502,1RJI,78.23,0.647400,1.00,-2188.129,114.213,0.256552,0.498290
503,1RKL,54.86,0.611700,1.00,-2918.872,60.969,0.681097,0.486370
504,1RMK,81.45,0.669400,1.00,-2716.770,175.286,0.265635,0.561720
505,1RO3,42.35,0.409500,1.00,-2615.924,229.608,0.650835,0.319890
506,1ROO,82.86,0.673300,1.00,-2685.808,198.134,0.179613,0.634980
507,1RPB,34.52,0.396500,1.00,-852.251,235.153,0.697411,0.126180
508,1RPC,33.33,0.364700,1.00,-852.251,235.153,0.686147,0.137880
509,1RSW,54.17,0.418400,1.00,-265.826,65.688,0.409718,0.170310
510,1RSX,75.00,0.541200,1.00,-265.826,65.688,0.373349,0.342750
511,1RT0,52.08,0.478500,1.00,-265.826,65.688,0.477088,0.213250
512,1S4H,51.92,0.549800,1.00,-173.692,56.556,0.467073,0.193150
513,1S4J,32.69,0.492700,1.00,-116.376,76.628,0.694293,0.225960
514,1S4T,52.38,0.431500,1.00,-1462.114,76.366,0.523708,0.206120
515,1S4W,50.00,0.551700,1.00,-374.679,103.078,0.545810,0.206960
516,1S6W,47.62,0.375600,1.00,-1489.558,101.048,0.561087,0.137210
517,1S6X,86.76,0.699200,1.00,-2250.862,296.973,0.235041,0.683280
518,1SBU,61.36,0.558300,1.00,-420.847,52.824,0.448637,0.339260
519,1SCO,81.58,0.669000,1.00,-2857.081,186.057,0.156793,0.627730
520,1SH1,37.50,0.376600,1.00,-2613.523,339.659,0.931243,0.477640
521,1SKH,71.67,0.619000,1.00,-2214.895,65.103,0.315941,0.481860
522,1SMZ,64.81,0.681600,1.00,-1705.737,74.836,0.407369,0.404230
523,1SOL,77.50,0.624800,1.00,-860.252,62.337,0.340043,0.289730
524,1SP1,85.34,0.667900,1.00,-1570.943,109.931,0.233362,0.615000
525,1SP2,91.13,0.734000,1.00,-2041.354,134.549,0.150546,0.761200
526,1SP7,56.25,0.484700,1.00,-1400.271,127.032,0.397181,0.254780
527,1SPF,72.14,0.750500,1.00,-2216.461,126.360,0.444739,0.578500
528,1SPW,87.18,0.666500,1.00,-3183.045,221.792,0.187239,0.758960
529,1SRB,75.00,0.587000,1.00,-1295.729,92.660,0.241572,0.260120
530,1SRK,76.43,0.713300,1.00,-2237.586,145.897,0.485682,0.621970
531,1SSL,67.71,0.585500,1.00,-3639.296,265.640,0.298514,0.569570
532,1SUT,20.45,0.431000,1.00,-714.568,168.384,0.936720,0.136120
533,1SX0,96.59,0.795100,1.00,-1165.439,86.360,0.077498,0.560600
534,1SX1,93.18,0.737000,1.00,-1165.439,86.360,0.106340,0.518080
535,1T0C,30.65,0.496300,1.00,-826.003,289.601,0.858266,0.199530
536,1T2Y,41.00,0.458000,1.00,-942.763,304.964,0.685541,0.151970
537,1T5M,53.85,0.362300,1.00,-406.034,54.830,0.557029,0.261340
538,1T5N,50.00,0.375100,1.00,-406.034,54.830,0.527917,0.252280
539,1T5Q,79.17,0.747500,1.00,-2364.093,61.035,0.231962,0.538260
540,1T9E,58.93,0.582100,1.00,-405.046,63.710,0.629033,0.221470
541,1TI5,86.41,0.688500,1.00,-3594.864,180.590,0.134663,0.774630
542,1TM6,61.36,0.526600,1.00,-1072.986,124.305,0.403146,0.292340
543,1TMR,90.79,0.702800,1.00,-1092.114,75.871,0.109041,0.342970
544,1TOR,62.50,0.529900,1.00,-331.742,35.061,0.259092,0.303020
545,1TOS,72.50,0.627800,1.00,-332.357,31.513,0.353992,0.406990
546,1TSK,92.14,0.701900,1.00,-2308.198,180.076,0.095794,0.760770
547,1TV0,64.06,0.472400,1.00,-2086.365,170.901,0.301198,0.506030
548,1TYK,77.21,0.623600,1.00,-2422.330,266.916,0.234070,0.564400
549,1U0P,55.56,0.468400,1.00,-1786.839,112.884,0.635280,0.336990
550,1U57,53.12,0.586100,1.00,-2709.370,219.096,0.887998,0.457500
551,1U6U,69.12,0.574100,1.00,-791.525,76.617,0.252459,0.272600
552,1U6V,72.06,0.572900,1.00,-791.525,76.617,0.238650,0.265510
553,1U85,82.58,0.737400,1.00,-2263.042,130.903,0.274547,0.632610
554,1U86,83.57,0.735000,1.00,-2351.256,145.385,0.210938,0.649370
555,1UAO,65.00,0.559500,1.00,-291.047,132.760,0.270020,0.252320
556,1UJL,41.07,0.535800,1.00,-1871.909,274.923,0.846353,0.319380
557,1UT3,92.11,0.687300,1.00,-3073.445,192.358,0.131437,0.788090
558,1UYA,56.25,0.529200,1.00,-713.346,86.315,0.462216,0.251830
559,1UYB,60.94,0.527200,1.00,-713.346,86.315,0.454594,0.252880
560,1V1D,83.87,0.706200,1.00,-2397.051,128.224,0.179767,0.596690
561,1V28,78.26,0.653200,1.00,-1096.221,106.643,0.467472,0.452200
562,1V4Z,81.58,0.699500,1.00,-982.616,59.668,0.296519,0.404400
563,1V50,67.11,0.590300,1.00,-982.616,59.668,0.383084,0.371550
564,1V5A,88.39,0.731500,1.00,-1679.155,140.430,0.157707,0.589630
565,1V6R,66.67,0.540000,1.00,-1401.476,69.581,0.419787,0.198450
566,1V92,86.96,0.726900,1.00,-4764.352,98.712,0.147703,0.735160
567,1VA1,79.05,0.666500,1.00,-2371.300,178.633,0.273473,0.613020
568,1VA2,87.10,0.692700,1.00,-2041.354,134.549,0.160747,0.619880
569,1VA3,91.38,0.678700,1.00,-1570.943,109.931,0.161557,0.697550
570,1VB8,80.00,0.666900,1.00,-2058.472,206.795,0.237574,0.507870
571,1VD7,66.30,0.529400,1.00,-1498.488,52.706,0.416439,0.351930
572,1VD8,63.04,0.474100,1.00,-1601.599,63.092,0.391804,0.278390
573,1VD9,72.83,0.605900,1.00,-1634.337,44.058,0.432274,0.423770
574,1VDA,57.61,0.528900,1.00,-1596.365,40.025,0.661342,0.281880
575,1VDB,75.00,0.698900,1.00,-1498.488,52.706,0.248156,0.485280
576,1VII,81.25,0.680500,1.00,-3179.881,96.382,0.218527,0.639060
577,1VPC,67.78,0.629500,1.00,-3232.845,98.083,0.554931,0.545500
578,1VPU,40.00,0.485000,1.00,-2874.690,239.204,0.869199,0.376540
579,1VQX,38.16,0.541300,1.00,-428.020,153.786,0.719310,0.099930
580,1VTP,68.27,0.689800,1.00,-1837.808,33.468,0.356872,0.434320
581,1VTX,78.57,0.619200,1.00,-2487.399,187.984,0.210037,0.658710
582,1W1N,70.45,0.587900,1.00,-2535.243,104.529,0.461116,0.500060
583,1W4E,93.09,0.757900,1.00,-3731.473,164.890,0.135801,0.844870
584,1W4F,89.89,0.743600,1.00,-3731.473,164.890,0.168104,0.815610
585,1W4G,93.09,0.762400,1.00,-3637.380,222.579,0.172833,0.850940
586,1W4H,88.83,0.745000,1.00,-3568.048,141.038,0.413967,0.813690
587,1WAZ,63.59,0.554400,1.00,-4295.397,132.491,0.440527,0.489940
588,1WCT,51.92,0.521800,1.00,-305.280,48.322,0.366246,0.181500
589,1WM7,68.10,0.627600,1.00,-1776.382,197.785,0.272883,0.325190
590,1WM8,68.75,0.554800,1.00,-1470.049,231.342,0.238044,0.372460
591,1WMT,84.76,0.672100,1.00,-3047.135,236.793,0.191236,0.700010
592,1WN4,63.39,0.593700,1.00,-1351.504,171.376,0.519401,0.462700
593,1WN8,82.95,0.658300,1.00,-1580.653,40.246,0.264890,0.621540
594,1WNK,85.87,0.746400,1.00,-1634.337,44.058,0.158126,0.528750
595,1WNM,88.04,0.742700,1.00,-1601.599,63.092,0.135873,0.569720
596,1WNN,84.78,0.705900,1.00,-1596.365,40.025,0.292741,0.522620
597,1WO3,77.00,0.642500,1.00,-1285.875,146.545,0.216324,0.352510
598,1WO4,62.00,0.555100,1.00,-1255.810,111.776,0.470556,0.366110
599,1WO5,62.00,0.532200,1.00,-1578.058,71.246,0.448013,0.304200
600,1WO6,68.00,0.519200,1.00,-1276.810,151.814,0.334217,0.350580
601,1WO7,51.00,0.500400,1.00,-1546.661,89.876,0.548418,0.318690
602,1WO9,79.29,0.705400,1.00,-1726.188,183.525,0.339987,0.585360
603,1WPD,61.76,0.525000,1.00,-2414.870,140.757,0.480817,0.385700
604,1WQB,84.38,0.691700,1.00,-1851.463,258.475,0.227079,0.623800
605,1WQC,82.69,0.659100,1.00,-1839.411,75.636,0.338303,0.441160
606,1WQD,75.00,0.667800,1.00,-1848.032,87.764,0.391229,0.471450
607,1WQE,98.91,0.769500,1.00,-1521.644,51.062,0.068118,0.586670
608,1WQK,36.90,0.383300,1.00,-2773.105,263.430,0.930902,0.445900
609,1WR3,82.64,0.722200,1.00,-2232.132,135.757,0.249854,0.654550
610,1WR4,91.67,0.796200,1.00,-2157.276,185.538,0.140552,0.781040
611,1WR7,81.71,0.703400,1.00,-2799.134,188.289,0.423821,0.718630
612,1WT7,71.34,0.586400,1.00,-3281.343,181.140,0.507379,0.580670
613,1WT8,83.87,0.649800,1.00,-2188.129,114.213,0.199154,0.589600
614,1WXN,60.12,0.504900,1.00,-3357.497,231.506,0.631304,0.507840
615,1WZ4,51.09,0.557400,1.00,-1178.551,84.783,0.618361,0.269060
616,1WZ5,65.71,0.502600,1.00,-2201.254,167.379,0.338527,0.445320
617,1X22,58.93,0.706400,1.00,-2240.438,130.213,0.608044,0.611580
618,1X32,38.30,0.422800,1.00,-3442.741,209.812,0.751299,0.278240
619,1X5V,83.82,0.652400,1.00,-2355.823,180.272,0.187353,0.590470
620,1X7K,76.32,0.590700,1.00,-1029.453,122.376,0.271476,0.264960
621,1XBH,61.54,0.472500,1.00,-687.112,66.577,0.330031,0.237650
622,1XC0,64.39,0.640000,1.00,-1914.764,101.501,0.437276,0.452060
623,1XF7,90.52,0.764200,1.00,-1875.059,105.232,0.161047,0.672100
624,1XOO,78.75,0.668600,1.00,-1235.389,29.457,0.225618,0.379900
625,1XOP,71.25,0.581700,1.00,-1288.245,32.915,0.246270,0.295910
626,1XRZ,87.50,0.737800,1.00,-1798.775,130.418,0.306831,0.683080
627,1XT7,51.92,0.447400,1.00,-406.034,54.830,0.415492,0.227960
628,1XUT,50.54,0.450100,1.00,-3594.988,180.416,0.644191,0.431200
629,1XV3,43.62,0.539600,1.00,-2977.740,299.874,1.110334,0.357010
630,1XXZ,40.91,0.450300,1.00,-523.111,41.703,0.552526,0.230000
631,1XY4,41.67,0.426800,1.00,-757.779,38.347,0.603796,0.167120
632,1XY6,43.75,0.480200,1.00,-456.281,50.980,0.724777,0.316200
633,1XY8,55.77,0.468000,1.00,-677.020,48.710,0.596510,0.229370
634,1XY9,45.45,0.461900,1.00,-481.815,36.011,0.482994,0.221990
635,1Y03,67.14,0.796100,1.00,-1161.416,56.358,0.346970,0.597740
636,1Y04,56.43,0.765700,1.00,-1161.416,56.358,0.783730,0.522810
637,1Y1B,84.90,0.709800,1.00,-3660.819,200.376,0.237347,0.740050
638,1Y1C,82.29,0.721300,1.00,-3651.417,220.375,0.295017,0.719040
639,1Y29,84.82,0.683700,1.00,-1712.302,179.017,0.195071,0.557200
640,1Y2P,88.97,0.716600,1.00,-2181.197,157.858,0.130465,0.709170
641,1Y32,69.79,0.689900,1.00,-1181.557,67.556,0.520724,0.383770
642,1Y4E,50.00,0.526400,1.00,-1774.950,83.148,0.437942,0.186090
643,1Y5C,61.36,0.523700,1.00,-293.884,65.137,0.318814,0.359310
644,1YIU,90.54,0.786700,1.00,-2415.132,174.240,0.116019,0.759700
645,1YMZ,77.91,0.706900,1.00,-2577.579,224.300,0.266774,0.645940
646,1YP8,68.94,0.587200,1.00,-2060.598,251.883,0.553217,0.478270
647,1YT6,62.50,0.596000,1.00,-421.938,39.823,0.297379,0.413240
648,1YTR,60.58,0.543500,1.00,-1802.439,36.420,0.615824,0.310110
649,1YV8,50.00,0.421500,1.00,-2788.810,367.402,0.694187,0.375680
650,1YVA,51.63,0.418100,1.00,-2788.810,367.402,0.720298,0.358350
651,1YWJ,67.07,0.603400,1.00,-2008.907,387.654,0.628509,0.563080
652,1YYB,70.37,0.639800,1.00,-1684.579,79.308,0.355566,0.384900
653,1Z0Q,17.26,0.307300,1.00,-1523.048,387.472,1.514046,0.254160
654,1Z2T,73.91,0.601000,1.00,-2001.848,45.069,0.418763,0.504960
655,1Z65,72.50,0.637900,1.00,-2029.671,71.039,0.356597,0.529090
656,1Z6V,46.43,0.482100,1.00,-2872.270,295.175,0.878504,0.326380
657,1Z6W,26.53,0.370300,1.00,-2872.270,295.175,0.847726,0.242890
658,1Z99,74.40,0.618200,1.00,-2156.664,308.494,0.306300,0.621780
659,1ZA8,74.19,0.641200,1.00,-2254.834,247.430,0.374311,0.505040
660,1ZAQ,61.36,0.562000,1.00,-3179.758,267.342,0.657606,0.448000
661,1ZDA,80.26,0.685400,1.00,-2959.180,108.126,0.389738,0.686730
662,1ZDB,74.34,0.702200,1.00,-2959.180,108.126,0.366212,0.540670
663,1ZFD,87.50,0.735800,1.00,-2163.082,129.337,0.181736,0.663550
664,1ZFU,78.75,0.616000,1.00,-2876.948,135.819,0.277178,0.637350
665,1ZJQ,81.62,0.704600,1.00,-2481.846,158.581,0.217372,0.600110
666,1ZNM,83.93,0.702400,1.00,-2020.302,70.507,0.134548,0.494450
667,1ZNU,93.97,0.763100,1.00,-1931.034,234.926,0.094955,0.690240
668,1ZR7,92.50,0.772900,1.00,-1870.286,126.642,0.158972,0.762090
669,1ZRV,76.00,0.676600,1.00,-1837.219,51.856,0.223705,0.340260
670,1ZRW,63.00,0.603900,1.00,-1837.219,51.856,0.441107,0.310220
671,1ZRX,44.64,0.447200,1.00,-2760.155,143.531,1.245689,0.398330
672,1ZTA,80.71,0.672700,1.00,-2803.794,71.701,0.263945,0.694680
673,1ZTN,31.67,0.415900,1.00,-1252.664,209.481,0.736176,0.157540
674,1ZTO,52.03,0.614900,1.00,-1799.670,216.178,0.797184,0.333950
675,1ZUE,85.71,0.694200,1.00,-2947.553,214.620,0.330798,0.750710
676,1ZUF,76.19,0.607300,1.00,-2947.553,214.620,0.306572,0.626260
677,1ZUV,82.50,0.671200,1.00,-1906.644,131.361,0.250133,0.594200
678,1ZWA,40.44,0.535500,1.00,-2583.949,75.997,0.925270,0.333730
679,1ZWB,44.44,0.562900,1.00,-2842.363,70.703,1.035637,0.410450
680,1ZWC,47.30,0.599200,1.00,-3116.388,43.467,0.695293,0.358530
681,1ZWD,41.43,0.569800,1.00,-2837.940,51.743,0.688002,0.306450
682,1ZWE,50.00,0.537700,1.00,-2766.751,64.794,0.698965,0.395250
683,1ZWU,89.17,0.763500,1.00,-1839.820,111.513,0.139499,0.654990
684,2A1C,76.47,0.543400,1.00,-1183.116,47.617,0.333602,0.361460
685,2A2B,40.85,0.506100,1.00,-2238.960,131.699,0.979043,0.381210
686,2A2V,88.97,0.691100,1.00,-2097.370,263.011,0.163393,0.676120
687,2A51,75.64,0.682300,1.00,-2507.596,224.357,0.196433,0.553070
688,2AAP,88.97,0.712400,1.00,-2481.846,158.581,0.239837,0.710670
689,2AB3,85.34,0.704400,1.00,-1888.535,117.291,0.169144,0.617010
690,2AB7,91.38,0.741200,1.00,-1863.966,113.956,0.113560,0.683280
691,2AB9,23.39,0.368000,1.00,-1448.720,190.482,1.108608,0.206800
692,2ADX,48.75,0.469400,1.00,-2551.220,252.319,0.502738,0.323970
693,2AJJ,80.36,0.676700,1.00,-2154.588,55.367,0.193605,0.510120
694,2AJM,79.46,0.680900,1.00,-2154.588,55.367,0.232991,0.526410
695,2AJN,79.46,0.678900,1.00,-2154.588,55.367,0.181186,0.507430
696,2AJO,79.46,0.680900,1.00,-2154.588,55.367,0.232991,0.526410
697,2AJW,67.05,0.694400,1.00,-1081.107,143.335,0.562292,0.269920
698,2AK0,73.91,0.716000,1.00,-1118.388,174.120,0.471217,0.339260
699,2AMN,56.73,0.616200,1.00,-1859.141,73.784,0.507083,0.314680
700,2AP7,86.25,0.757400,1.00,-937.633,36.440,0.191358,0.547100
701,2AP8,86.25,0.748100,1.00,-937.633,36.440,0.216485,0.501650
702,2ARI,53.85,0.566300,1.00,-2306.052,53.769,0.777357,0.465210
703,2ATG,83.33,0.730800,1.00,-962.021,91.839,0.227398,0.317510
704,2AXK,87.50,0.696700,1.00,-3219.268,158.297,0.127638,0.717260
705,2B0Y,76.47,0.604600,1.00,-998.135,51.203,0.277923,0.343660
706,2B19,51.39,0.621100,1.00,-2174.431,128.692,0.582406,0.411540
707,2B38,79.84,0.698700,1.00,-1841.868,160.041,0.417965,0.648010
708,2B4N,52.98,0.573200,1.00,-2798.961,108.647,0.797512,0.459510
709,2B5B,31.94,0.416000,1.00,-2246.413,200.453,0.875297,0.244340
710,2B5P,45.45,0.533400,1.00,-340.872,45.154,0.638687,0.265360
711,2B5Q,34.09,0.507900,1.00,-340.872,45.154,0.659534,0.197790
712,2B68,78.49,0.652500,1.00,-2723.336,282.642,0.285798,0.669100
713,2B9K,47.34,0.459900,1.00,-3701.722,286.314,0.878443,0.348590
714,2BAI,36.72,0.382500,1.00,-1886.223,219.180,0.839555,0.271030
715,2BAO,95.00,0.693400,1.00,-525.929,21.591,0.103397,0.493190
716,2BAU,80.00,0.632200,1.00,-525.929,21.591,0.267059,0.415780
717,2BBG,75.00,0.631000,1.00,-3002.185,276.952,0.302013,0.568510
718,2BBL,35.23,0.519500,1.00,-752.654,160.428,0.857173,0.178780
719,2BBP,29.55,0.502200,1.00,-752.654,160.428,0.936588,0.129110
720,2BBX,80.10,0.713500,1.00,-2541.393,216.959,0.240291,0.694550
723,2BDS,45.35,0.405200,1.00,-3314.692,235.629,0.656425,0.426850
724,2BEY,51.56,0.533600,1.00,-425.343,81.278,0.763774,0.205750
725,2BL6,44.59,0.435400,1.00,-2179.687,164.136,0.677388,0.292270
726,2BMT,100.00,0.776500,1.00,-3106.294,169.916,0.056470,0.903270
727,2BN6,77.27,0.634800,1.00,-2738.897,86.178,0.281460,0.542900
728,2BP4,43.75,0.493600,1.00,-518.541,137.076,0.492761,0.229150
729,2BTG,88.30,0.727400,1.00,-3838.323,141.400,0.370796,0.806530
730,2BTH,81.91,0.712900,1.00,-3838.323,141.400,0.479974,0.755420
731,2C6A,75.54,0.690400,1.00,-2852.912,296.922,0.444515,0.661030
732,2C6B,73.91,0.669200,1.00,-2852.912,296.922,0.425208,0.614830
733,2CBH,99.31,0.861300,1.00,-2432.378,209.950,0.054106,0.907710
734,2CEF,40.79,0.524300,1.00,-620.979,163.790,0.740631,0.187440
735,2CEH,40.79,0.529200,1.00,-620.979,163.790,0.727878,0.157400
736,2CEZ,32.89,0.511600,1.00,-620.979,163.790,0.633280,0.156520
737,2CFJ,34.21,0.517800,1.00,-620.979,163.790,0.941270,0.170410
738,2CK4,88.16,0.747900,1.00,-2867.546,176.682,0.123404,0.721720
739,2CK5,85.48,0.704400,1.00,-2026.021,104.524,0.155405,0.613200
740,2CQ7,72.45,0.723300,1.00,-2648.003,269.386,0.428780,0.605060
741,2CRD,89.86,0.670200,1.00,-2881.163,190.642,0.126079,0.753010
742,2CSA,36.84,0.528000,1.00,-469.545,115.948,0.989334,0.154620
743,2CTI,93.10,0.761600,1.00,-1838.586,170.979,0.109270,0.701560
744,2CYU,75.62,0.571100,1.00,-3093.709,144.693,0.414525,0.614650
745,2DCI,63.75,0.596800,1.00,-1046.326,47.895,0.394171,0.243670
746,2DCO,36.76,0.526900,1.00,-1342.782,228.651,1.245765,0.240510
747,2DCV,80.36,0.677200,1.00,-2908.700,186.945,0.195383,0.673290
748,2DCW,84.52,0.656100,1.00,-2862.564,268.154,0.170365,0.716990
749,2DDL,71.21,0.609900,1.00,-2490.844,156.534,0.317431,0.449530
750,2DI2,75.00,0.647100,1.00,-1366.550,153.697,0.377176,0.527920
751,2DJ9,72.83,0.611800,1.00,-1125.393,182.981,0.420798,0.315150
752,2DJC,79.35,0.655800,1.00,-1214.787,95.478,0.375686,0.431310
753,2DMV,68.60,0.718300,1.00,-2234.312,261.716,0.641439,0.582490
754,2DQ5,77.13,0.668800,1.00,-3384.770,262.470,0.273166,0.670010
755,2DTB,83.65,0.717600,1.00,-1744.326,55.024,0.144927,0.448900
756,2DWF,67.65,0.562100,1.00,-2672.706,187.297,0.289153,0.444760
757,2DX2,90.91,0.697700,1.00,-551.532,31.275,0.103831,0.446840
758,2DX3,80.56,0.702600,1.00,-1335.537,20.482,0.205643,0.282030
759,2DX4,34.72,0.355800,1.00,-1335.537,20.482,0.870462,0.113900
760,2E1X,73.15,0.583000,1.00,-1289.536,116.197,0.369243,0.422820
761,2E2F,76.22,0.580400,1.00,-3063.165,168.694,0.251372,0.598690
762,2E3E,47.78,0.486400,1.00,-3277.617,330.809,0.746576,0.355160
763,2E3F,56.98,0.527300,1.00,-3124.987,270.868,0.725612,0.430880
764,2E3G,66.25,0.538600,1.00,-3109.745,149.459,0.484516,0.523240
765,2E4E,42.50,0.550800,1.00,-271.648,32.320,0.627381,0.352050
766,2E5T,84.78,0.604000,1.00,-3891.161,105.221,0.146017,0.702600
767,2E5U,50.00,0.394100,1.00,-3242.927,128.804,1.340391,0.417980
768,2E72,53.06,0.644100,1.00,-2448.180,277.697,0.949440,0.464610
769,2EBQ,72.34,0.664100,1.00,-2351.452,310.630,0.446713,0.564930
770,2EBR,65.96,0.712900,1.00,-2112.375,287.624,0.786029,0.581840
771,2EC7,47.45,0.498700,1.00,-2335.940,240.911,0.724287,0.394370
772,2EEM,84.56,0.683800,1.00,-2520.191,171.839,0.170837,0.624580
773,2EFZ,68.75,0.583000,1.00,-819.779,77.303,0.288530,0.228620
774,2EKK,88.83,0.767100,1.00,-3840.974,157.414,0.223956,0.803830
775,2EL4,61.96,0.761400,1.00,-2163.512,205.816,0.932166,0.525030
776,2EL5,72.62,0.763500,1.00,-1974.566,227.869,0.659789,0.634180
777,2EL6,73.37,0.753600,1.00,-2222.539,183.407,0.432848,0.605740
778,2ELM,73.65,0.716300,1.00,-2097.421,161.056,0.470716,0.616440
779,2ELN,80.26,0.839800,1.00,-2218.033,148.090,0.501746,0.704280
780,2ELO,80.41,0.749700,1.00,-2199.846,156.259,0.322323,0.647320
781,2ELP,78.38,0.745800,1.00,-2308.588,234.682,0.495076,0.660430
782,2ELQ,83.33,0.780700,1.00,-1913.529,151.291,0.325598,0.693930
783,2ELR,75.69,0.790700,1.00,-1450.749,149.736,0.848976,0.644390
784,2ELS,86.11,0.791700,1.00,-2271.754,176.430,0.272710,0.728680
785,2ELT,78.47,0.794700,1.00,-1999.503,145.301,0.576427,0.705640
786,2ELU,82.43,0.758300,1.00,-1969.154,205.016,0.300197,0.703670
787,2ELV,75.00,0.686500,1.00,-2062.702,192.975,0.449647,0.612010
788,2ELW,79.05,0.764600,1.00,-1953.077,159.287,0.416513,0.657900
789,2ELX,84.29,0.795000,1.00,-2032.131,132.047,0.435096,0.742970
790,2ELY,68.48,0.762400,1.00,-2027.294,247.291,0.556685,0.576170
791,2ELZ,65.22,0.720500,1.00,-2150.930,286.817,0.537664,0.540840
792,2EM0,65.76,0.746800,1.00,-2180.596,221.556,0.797368,0.555400
793,2EM1,72.16,0.769500,1.00,-2033.632,200.429,0.507353,0.615280
794,2EM2,64.13,0.744700,1.00,-1917.723,288.166,0.890462,0.570870
795,2EM3,63.59,0.713900,1.00,-2032.964,271.047,1.075077,0.568160
796,2EM4,65.76,0.753100,1.00,-1932.512,203.606,0.808252,0.580100
797,2EM5,66.85,0.730500,1.00,-2001.342,238.138,0.565032,0.543150
798,2EM6,63.59,0.742900,1.00,-1875.943,225.346,0.577221,0.551470
799,2EM7,63.04,0.712200,1.00,-2131.728,241.175,0.780639,0.564930
800,2EM8,64.13,0.766600,1.00,-2049.148,255.387,0.689019,0.550650
801,2EM9,64.67,0.753800,1.00,-2112.447,264.262,1.079685,0.560330
802,2EMA,69.57,0.693800,1.00,-2056.588,273.177,0.502650,0.568600
803,2EMB,63.07,0.726700,1.00,-2143.959,209.134,0.722106,0.542040
804,2EMC,71.20,0.814700,1.00,-2157.825,233.630,0.677414,0.650460
805,2EME,61.96,0.726300,1.00,-2373.011,221.419,0.862054,0.550730
806,2EMF,71.74,0.807400,1.00,-1898.365,213.066,0.773750,0.624710
807,2EMG,61.41,0.756200,1.00,-2208.687,213.873,0.788677,0.547490
808,2EMH,70.11,0.741400,1.00,-2281.334,230.675,0.579535,0.582610
809,2EMI,66.85,0.728300,1.00,-2204.332,261.795,0.507905,0.532330
810,2EMJ,60.33,0.720100,1.00,-2102.851,211.084,0.967578,0.529620
811,2EMK,66.30,0.741700,1.00,-2017.663,234.013,0.766186,0.592370
812,2EML,69.57,0.738000,1.00,-2019.135,214.390,0.770176,0.612980
813,2EMM,66.85,0.759300,1.00,-1981.664,248.239,0.821978,0.578030
814,2EMP,63.59,0.761300,1.00,-2076.885,247.255,0.784717,0.580210
815,2EMV,68.18,0.759000,1.00,-2019.866,248.360,0.665793,0.571060
816,2EMW,68.18,0.753700,1.00,-1991.216,195.969,0.539147,0.578890
817,2EMX,69.32,0.768000,1.00,-1903.968,192.058,0.637618,0.619750
818,2EMY,65.22,0.761900,1.00,-2152.589,230.538,0.661134,0.541780
819,2EMZ,74.46,0.744300,1.00,-1988.486,251.549,0.599842,0.658330
820,2EN0,71.43,0.789100,1.00,-1974.576,207.127,0.625411,0.627020
821,2EN1,69.57,0.766700,1.00,-1932.106,201.561,0.600058,0.622160
822,2EN2,71.43,0.772700,1.00,-2178.154,156.295,0.802444,0.610840
823,2EN3,67.39,0.735200,1.00,-2416.890,219.926,0.728061,0.581760
824,2EN4,67.93,0.710600,1.00,-2076.506,218.618,0.649224,0.558060
825,2EN6,67.93,0.725400,1.00,-2078.055,203.797,0.528027,0.528310
826,2EN7,64.77,0.690200,1.00,-2081.216,233.279,0.559709,0.521770
827,2EN8,64.67,0.754900,1.00,-2069.427,239.273,0.829986,0.542210
828,2EN9,58.15,0.709100,1.00,-1872.311,214.623,0.884153,0.510160
829,2ENA,61.41,0.721800,1.00,-2063.622,274.291,0.944976,0.565790
830,2ENC,61.96,0.728400,1.00,-2089.483,209.892,0.767009,0.541160
831,2ENE,64.67,0.739800,1.00,-2106.495,245.015,0.548888,0.563640
832,2ENF,66.30,0.704500,1.00,-2091.480,301.816,0.711727,0.583500
833,2ENH,59.24,0.728100,1.00,-2023.692,270.515,0.990185,0.519240
834,2ENT,65.10,0.692300,1.00,-2473.261,259.721,0.840676,0.534850
835,2EOE,61.96,0.723400,1.00,-2031.115,233.448,0.646859,0.542820
836,2EOF,67.05,0.697800,1.00,-1952.806,282.811,0.641704,0.572680
837,2EOG,69.89,0.766400,1.00,-2090.581,238.373,0.810633,0.598790
838,2EOH,67.93,0.686800,1.00,-1923.130,239.772,0.432437,0.555240
839,2EOI,69.89,0.773900,1.00,-2103.604,223.364,0.764600,0.607190
840,2EOJ,67.61,0.778500,1.00,-2086.246,208.707,0.543804,0.557030
841,2EOK,68.45,0.765400,1.00,-2217.424,165.497,0.902374,0.612960
842,2EOL,75.00,0.750300,1.00,-1989.148,283.987,0.452863,0.614110
843,2EOM,64.13,0.719100,1.00,-2141.389,238.694,0.894946,0.555640
844,2EON,63.04,0.768200,1.00,-2098.839,220.997,1.173545,0.563710
845,2EOO,70.11,0.726300,1.00,-2309.714,181.771,0.670833,0.600610
846,2EOP,61.41,0.713900,1.00,-2109.021,229.496,1.062828,0.579220
847,2EOQ,75.00,0.763400,1.00,-2003.682,225.993,0.457855,0.648230
848,2EOR,63.59,0.743000,1.00,-2074.436,231.415,0.855639,0.546800
849,2EOS,66.67,0.739400,1.00,-2091.104,179.775,0.706147,0.565180
850,2EOU,64.20,0.760700,1.00,-1814.118,196.316,1.035458,0.548340
851,2EOV,61.96,0.747100,1.00,-2128.380,247.891,1.203708,0.556690
852,2EOW,65.76,0.733000,1.00,-1975.566,279.241,0.576188,0.563800
853,2EOX,63.07,0.683300,1.00,-2111.424,176.414,0.964936,0.549880
854,2EOY,64.67,0.732800,1.00,-2174.993,235.630,0.698746,0.533450
855,2EOZ,66.85,0.764200,1.00,-2295.188,218.588,0.790619,0.593220
856,2EP0,62.50,0.774500,1.00,-2118.796,189.738,1.076859,0.555830
857,2EP1,66.85,0.719100,1.00,-2052.890,213.486,0.814984,0.581810
858,2EP2,66.30,0.720500,1.00,-2051.062,214.363,0.701251,0.590700
859,2EP3,63.59,0.748800,1.00,-2253.195,193.423,0.993737,0.569110
860,2EPC,67.86,0.735900,1.00,-1983.217,196.789,0.586364,0.592630
861,2EPQ,56.11,0.691000,1.00,-2402.006,218.448,0.673240,0.453440
862,2EPR,57.29,0.677900,1.00,-2223.861,247.934,0.809048,0.483020
863,2EPT,69.51,0.711800,1.00,-2003.433,151.172,0.694531,0.555120
864,2EPU,68.89,0.758900,1.00,-2129.870,179.072,0.588875,0.566500
865,2EPV,68.18,0.749700,1.00,-2173.063,194.156,0.751279,0.564600
866,2EPW,68.48,0.668700,1.00,-2098.881,211.080,0.342028,0.439580
867,2EPX,62.77,0.694200,1.00,-2599.868,218.979,1.022100,0.563190
868,2EPY,67.86,0.758100,1.00,-1778.481,204.824,0.668154,0.569870
869,2EPZ,66.30,0.716100,1.00,-1976.867,217.094,0.925504,0.591820
870,2EQ0,59.78,0.689500,1.00,-2104.455,210.305,0.771528,0.522330
871,2EQ1,59.24,0.667300,1.00,-2007.363,266.685,0.681278,0.510850
872,2EQ2,56.52,0.655000,1.00,-1990.964,192.239,0.858573,0.484270
873,2EQ3,56.52,0.658600,1.00,-1839.319,250.093,0.728828,0.497020
874,2EQ4,55.43,0.666200,1.00,-2127.066,224.419,0.797997,0.426490
875,2EQE,68.75,0.739600,1.00,-2549.210,331.939,0.491275,0.588170
876,2EQF,64.13,0.647700,1.00,-2527.450,218.438,0.908562,0.555620
877,2EQG,73.47,0.672700,1.00,-2655.925,247.560,0.596982,0.657740
878,2EQH,76.09,0.624500,1.00,-1197.644,115.915,0.326404,0.359210
879,2EQQ,74.11,0.573200,1.00,-1648.918,114.371,0.358576,0.466400
880,2EQT,72.32,0.622200,1.00,-1648.918,114.371,0.442895,0.460080
881,2EQW,66.67,0.705800,1.00,-2133.044,230.883,0.602248,0.570470
882,2ERI,83.87,0.706700,1.00,-2089.800,285.746,0.281274,0.638690
883,2ESX,61.84,0.486000,1.00,-826.503,80.578,0.337421,0.243190
884,2ESZ,61.84,0.489200,1.00,-826.503,80.578,0.361228,0.258890
885,2ETI,80.36,0.656900,1.00,-2011.196,95.800,0.211683,0.496650
886,2EVQ,89.58,0.750600,1.00,-569.692,49.886,0.123695,0.459260
887,2EYA,49.46,0.411700,1.00,-2788.810,367.402,0.694835,0.385680
888,2EYB,50.54,0.417500,1.00,-2788.810,367.402,0.710674,0.372540
889,2EYC,47.28,0.407700,1.00,-2788.810,367.402,0.663838,0.350430
890,2EYD,48.37,0.409700,1.00,-2788.810,367.402,0.651778,0.333270
891,2F2I,81.03,0.671600,1.00,-1703.099,221.189,0.298914,0.561900
892,2F2J,82.76,0.720500,1.00,-1692.712,164.839,0.340369,0.622640
893,2F5H,64.19,0.570700,1.00,-1894.869,363.445,0.336064,0.427160
896,2FJ4,62.84,0.559300,1.00,-1894.869,363.445,0.406100,0.411910
897,2FJ5,61.49,0.539100,1.00,-1894.869,363.445,0.432508,0.442100
898,2FQA,69.44,0.559300,1.00,-1838.755,143.148,0.337577,0.400120
899,2FR9,69.23,0.538600,1.00,-567.367,79.687,0.340686,0.258580
900,2FRB,65.38,0.513900,1.00,-571.064,43.363,0.382221,0.258100
901,2FXY,83.33,0.690500,1.00,-1228.371,25.546,0.251378,0.399950
902,2FXZ,88.46,0.703400,1.00,-654.970,65.180,0.183932,0.553550
903,2G6U,56.67,0.472900,1.00,-724.758,52.544,0.412704,0.256520
904,2G9L,52.03,0.663900,1.00,-2262.807,94.969,0.530769,0.463900
905,2G9P,68.27,0.702500,1.00,-1584.443,50.866,0.385926,0.472550
906,2GD3,65.62,0.601200,1.00,-1244.870,48.334,0.443766,0.353940
907,2GDL,45.16,0.532000,1.00,-1883.925,100.491,0.763578,0.349090
908,2GFR,68.18,0.542700,1.00,-488.976,58.090,0.355150,0.327160
909,2GJ0,79.84,0.632000,1.00,-1960.314,215.303,0.237218,0.560170
910,2GL1,98.94,0.840000,1.00,-3541.358,235.257,0.055922,0.941430
911,2GOF,57.14,0.532500,1.00,-2271.457,103.788,0.506611,0.462390
912,2GOH,63.57,0.536000,1.00,-2271.457,103.788,0.526373,0.515730
913,2GP8,87.50,0.726300,1.00,-2820.914,103.287,0.200918,0.686830
914,2GQE,85.94,0.747300,1.00,-2022.932,153.598,0.421596,0.720600
915,2GW9,73.44,0.534500,1.00,-2086.365,170.901,0.275862,0.590920
916,2GWP,71.09,0.554300,1.00,-2128.347,139.029,0.290602,0.585560
917,2GX1,87.07,0.678500,1.00,-1847.701,141.848,0.144888,0.570870
918,2H1Z,94.23,0.832600,1.00,-2718.648,181.993,0.103406,0.821100
919,2H9X,35.64,0.338400,1.00,-3034.731,204.371,0.917355,0.356170
920,2HFR,68.52,0.643100,1.00,-1798.525,82.749,0.250652,0.303140
921,2HGO,47.22,0.435600,1.00,-1694.598,152.008,0.487677,0.192090
922,2HLG,92.95,0.733000,1.00,-2659.141,197.706,0.126758,0.807460
923,2HM3,48.39,0.432400,1.00,-1499.940,221.408,0.731921,0.255780
924,2HM4,41.13,0.445700,1.00,-1713.274,238.739,0.753280,0.242550
925,2HM5,59.68,0.554600,1.00,-1713.274,238.739,0.516615,0.392390
926,2HM6,61.29,0.541500,1.00,-1822.360,236.268,0.825645,0.438740
927,2HN8,55.26,0.651600,1.00,-3358.653,110.551,0.957557,0.484950
928,2I1P,80.21,0.747500,1.00,-2526.993,192.769,0.242320,0.693870
929,2I1T,79.17,0.661100,1.00,-2305.829,152.008,0.217470,0.571030
930,2I5O,85.90,0.830300,1.00,-2747.405,125.898,0.252171,0.719820
931,2I9M,92.65,0.755700,1.00,-1204.910,28.356,0.109550,0.609470
932,2I9N,47.73,0.424600,1.00,-2154.922,128.128,0.711345,0.324700
933,2I9O,53.38,0.451700,1.00,-1960.729,141.745,0.557853,0.347340
934,2IFJ,72.92,0.534100,1.00,-587.884,42.339,0.350720,0.305990
935,2IGU,81.25,0.581600,1.00,-575.063,55.859,0.185194,0.324370
936,2IH6,47.73,0.535300,1.00,-345.193,58.098,0.684020,0.274950
937,2IMU,53.80,0.677300,1.00,-2716.844,127.328,0.591185,0.384030
938,2IT7,99.11,0.846200,1.00,-2011.196,95.800,0.049705,0.853600
939,2IV4,34.38,0.413200,1.00,-377.516,95.916,0.624808,0.210310
940,2IV5,76.09,0.686500,1.00,-1119.405,59.790,0.380870,0.464200
941,2IV6,28.26,0.376400,1.00,-801.973,123.263,0.786503,0.101860
942,2IWJ,46.30,0.463700,1.00,-1289.536,116.197,0.581802,0.282620
943,2J15,70.00,0.584200,1.00,-677.492,92.323,0.347777,0.237770
944,2J8P,50.00,0.542400,1.00,-4355.261,152.301,0.860045,0.423440
945,2JM0,82.86,0.738000,1.00,-3157.845,90.642,0.163531,0.633350
946,2JM2,27.22,0.438600,1.00,-1341.618,429.787,0.903900,0.268190
947,2JM4,84.88,0.734300,1.00,-2411.390,225.571,0.290273,0.735840
948,2JMY,93.33,0.754000,1.00,-959.448,23.101,0.105336,0.457710
949,2JN5,43.75,0.482200,1.00,-690.903,28.001,0.578319,0.212110
950,2JNH,81.52,0.676900,1.00,-4465.036,149.098,0.349423,0.718870
951,2JNI,85.71,0.696300,1.00,-1409.272,135.051,0.168802,0.364290
952,2JOC,66.89,0.583700,1.00,-2415.132,174.240,0.338955,0.491430
953,2JOF,73.75,0.674800,1.00,-986.951,64.034,0.324405,0.354150
954,2JOS,90.91,0.674100,1.00,-1468.304,40.348,0.146895,0.415930
955,2JOU,46.32,0.326100,1.00,-2672.706,187.297,0.974385,0.335520
956,2JP6,60.14,0.580600,1.00,-2072.750,195.680,0.771081,0.416440
957,2JPJ,51.28,0.635700,1.00,-2278.417,66.246,0.552133,0.387680
958,2JPK,54.29,0.606200,1.00,-2411.834,101.134,0.967342,0.418340
959,2JPL,51.92,0.627400,1.00,-2278.417,66.246,0.592400,0.387720
960,2JPM,52.86,0.642700,1.00,-2411.834,101.134,0.507328,0.399410
961,2JPW,46.09,0.539600,1.00,-847.446,199.703,0.630478,0.218180
962,2JPX,60.00,0.635300,1.00,-2184.606,111.376,0.582673,0.457280
963,2JQ2,50.00,0.482900,1.00,-439.257,80.602,0.404663,0.319780
964,2JQB,55.00,0.579100,1.00,-630.632,73.553,0.466662,0.338630
965,2JQC,56.67,0.474500,1.00,-630.632,73.553,0.350009,0.204160
966,2JQW,55.88,0.475100,1.00,-835.387,71.996,0.508725,0.181840
967,2JR3,32.74,0.386800,1.00,-2618.028,304.975,0.856019,0.251410
968,2JR8,58.93,0.692600,1.00,-2182.497,115.290,0.491561,0.508910
969,2JRD,65.74,0.489300,1.00,-1056.789,150.480,0.534675,0.390910
970,2JRV,51.67,0.543200,1.00,-796.129,66.233,0.690224,0.217900
971,2JRW,40.22,0.529600,1.00,-942.515,114.166,1.161246,0.167850
972,2JRY,67.93,0.571600,1.00,-2704.615,359.765,0.333904,0.561880
973,2JSB,75.00,0.665900,1.00,-1475.155,114.844,0.261815,0.243130
974,2JTA,35.00,0.464900,1.00,-218.774,42.518,0.551705,0.253420
975,2JTB,93.94,0.732800,1.00,-2065.174,167.641,0.108653,0.737390
976,2JTU,76.32,0.635500,1.00,-2446.732,204.073,0.310876,0.564870
977,2JTW,74.00,0.640100,1.00,-1589.377,60.465,0.348448,0.341980
978,2JUE,32.76,0.298600,1.00,-1931.034,234.926,0.795537,0.172990
979,2JUI,46.21,0.443600,1.00,-2284.953,78.904,0.814491,0.389740
980,2JUQ,65.38,0.529500,1.00,-521.584,70.870,0.311959,0.277270
981,2JUR,69.23,0.533300,1.00,-592.851,46.963,0.348514,0.272980
982,2JUS,82.69,0.656000,1.00,-613.868,57.373,0.140432,0.352960
983,2JUT,69.23,0.516200,1.00,-635.900,49.129,0.362118,0.340030
984,2JUY,57.14,0.541100,1.00,-1936.567,163.635,0.473385,0.296200
985,2JVX,88.39,0.746900,1.00,-1849.530,124.168,0.220456,0.683810
986,2JVY,83.93,0.662300,1.00,-2007.657,112.491,0.257117,0.621830
987,2JWG,84.78,0.718000,1.00,-2792.785,178.908,0.171350,0.749220
988,2JWH,57.81,0.674400,1.00,-1928.571,328.737,0.876694,0.500440
989,2JWM,87.93,0.724700,1.00,-1818.741,129.336,0.321045,0.668330
990,2JXF,87.50,0.774500,1.00,-2788.340,33.470,0.120240,0.632840
991,2JY0,66.67,0.620600,1.00,-1689.151,50.462,0.418850,0.415140
992,2JYD,71.74,0.616300,1.00,-2177.881,371.575,0.375579,0.589090
993,2JYP,43.06,0.451600,1.00,-2521.355,190.117,0.725968,0.294510
994,2K10,53.12,0.661800,1.00,-1967.374,52.257,0.469962,0.295770
995,2K1A,60.12,0.736500,1.00,-2700.275,186.543,0.730492,0.563400
996,2K1I,70.31,0.577000,1.00,-1966.728,131.948,0.295507,0.590060
997,2K1P,77.27,0.714200,1.00,-1873.127,167.879,0.339754,0.593890
998,2K2Y,80.77,0.683600,1.00,-3192.956,137.448,0.202002,0.676370
999,2K2Z,75.00,0.608600,1.00,-2351.662,191.576,0.418033,0.613490
1000,2K44,54.46,0.660300,1.00,-2359.071,59.662,0.903360,0.374080
1001,2K4U,91.22,0.712300,1.00,-2784.696,147.223,0.109803,0.778190
1004,2K6O,58.11,0.663700,1.00,-2562.159,157.310,0.595049,0.495280
1005,2K6R,79.31,0.655800,1.00,-2041.880,182.850,0.225326,0.536310
1006,2K72,91.22,0.741400,1.00,-3322.164,198.787,0.133706,0.771830
1007,2K76,79.17,0.722500,1.00,-2095.350,136.701,0.203215,0.525240
1008,2K7G,79.31,0.701300,1.00,-2028.056,144.488,0.356515,0.556670
1009,2K7Y,37.78,0.557300,1.00,-2773.700,216.934,0.803814,0.260900
1010,2K84,55.00,0.625500,1.00,-1874.588,104.371,0.531627,0.456520
1012,2K98,59.38,0.637900,1.00,-1303.745,54.093,0.755949,0.355610
1013,2K9D,76.70,0.633800,1.00,-4682.134,129.596,0.173359,0.626820
1014,2K9O,71.53,0.587700,1.00,-2370.187,152.400,0.336585,0.515550
1015,2KAM,75.96,0.682600,1.00,-1744.326,55.024,0.228614,0.597060
1016,2KB8,52.03,0.547400,1.00,-2220.214,251.115,1.005408,0.446080
1017,2KB9,77.84,0.652800,1.00,-2995.344,278.926,0.235092,0.663810
1018,2KBL,65.52,0.598400,1.00,-1908.221,181.474,0.325981,0.361430
1019,2KCF,72.22,0.668300,1.00,-2187.961,175.327,0.379741,0.538480
1020,2KCG,95.00,0.773700,1.00,-2151.547,183.113,0.098405,0.745570
1021,2KCH,89.66,0.760900,1.00,-1855.047,217.545,0.247435,0.705990
1023,2KDT,41.67,0.598100,1.00,-2663.973,192.357,0.789365,0.305910
1024,2KE3,41.28,0.593800,1.00,-2671.525,206.026,0.812504,0.423340
1025,2KEF,38.00,0.340500,1.00,-1817.265,163.976,0.640641,0.124150
1026,2KEG,62.50,0.572600,1.00,-1619.944,138.130,0.396116,0.557780
1027,2KEH,60.16,0.574700,1.00,-1619.944,138.130,0.411250,0.419990
1028,2KES,56.77,0.740400,1.00,-3984.775,145.964,0.505624,0.585240
1029,2KFE,69.79,0.709800,1.00,-1677.087,43.731,0.240481,0.347910
1030,2KFQ,33.59,0.316400,1.00,-2294.987,148.717,0.867865,0.325400
1031,2KGH,42.31,0.432400,1.00,-1820.716,336.869,0.946914,0.314280
1032,2KGN,79.17,0.631900,1.00,-1355.831,54.942,0.215132,0.378200
1033,2KGU,90.71,0.769400,1.00,-1978.733,185.883,0.127108,0.773360
1034,2KHB,91.38,0.763600,1.00,-2010.928,134.204,0.153731,0.697190
1035,2KHF,75.00,0.673500,1.00,-1728.509,88.643,0.218306,0.512420
1036,2KHG,70.00,0.611500,1.00,-1728.509,88.643,0.335095,0.395390
1037,2KI0,73.61,0.648800,1.00,-2410.015,130.663,0.311305,0.495480
1038,2KI9,59.85,0.613000,1.00,-2753.714,65.117,0.466122,0.431480
1039,2KIO,63.64,0.657700,1.00,-2535.243,104.529,0.360396,0.407640
1040,2KIR,72.06,0.588100,1.00,-2387.465,161.413,0.245570,0.490070
1041,2KIT,81.06,0.707000,1.00,-2535.243,104.529,0.301063,0.573420
1042,2KJM,44.17,0.519600,1.00,-2175.905,74.897,1.120504,0.277920
1043,2KJN,75.00,0.658800,1.00,-1802.236,31.645,0.367264,0.529990
1044,2KJO,68.27,0.618200,1.00,-1802.236,31.645,0.344878,0.413030
1045,2KLV,48.37,0.582700,1.00,-3331.895,87.604,0.588012,0.414370
1046,2KM9,88.00,0.647500,1.00,-1347.713,115.940,0.129289,0.489380
1047,2KMO,92.05,0.732500,1.00,-2792.555,183.966,0.129858,0.824050
1048,2KMP,85.23,0.705500,1.00,-2792.555,183.966,0.293927,0.750180
1049,2KMQ,80.11,0.700800,1.00,-2792.555,183.966,0.208022,0.656590
1050,2KMR,66.48,0.578800,1.00,-2792.555,183.966,0.965743,0.541440
1051,2KNI,82.32,0.663100,1.00,-2395.622,260.232,0.257881,0.704450
1052,2KNM,92.50,0.793600,1.00,-2151.547,183.113,0.118426,0.729580
1053,2KNP,85.61,0.717300,1.00,-1957.758,117.146,0.168661,0.667220
1054,2KNS,51.52,0.615600,1.00,-1914.764,101.501,0.635635,0.364880
1055,2KNU,57.76,0.489200,1.00,-1954.095,82.980,0.472439,0.293350
1056,2KOE,43.75,0.466700,1.00,-3383.979,174.921,0.734219,0.404010
1057,2KOZ,96.21,0.803300,1.00,-2245.334,103.590,0.115336,0.824070
1058,2KP0,90.91,0.709100,1.00,-2278.693,114.081,0.120703,0.717710
1059,2KPA,53.85,0.562900,1.00,-1494.035,85.887,0.483137,0.257360
1060,2KPB,51.92,0.542300,1.00,-1494.035,85.887,0.616924,0.325420
1061,2KSG,33.33,0.573500,1.00,-2756.206,112.395,1.413799,0.262700
1062,2KSJ,50.54,0.701500,1.00,-3331.895,87.604,0.568323,0.486960
1063,2KTC,65.44,0.558700,1.00,-1738.575,190.186,0.546666,0.440110
1064,2KTX,92.11,0.745300,1.00,-2850.329,209.624,0.147984,0.810460
1065,2KUK,85.83,0.638800,1.00,-2069.512,168.228,0.172592,0.612210
1066,2KUS,89.29,0.766100,1.00,-2146.006,239.931,0.121435,0.706130
1067,2KUX,55.83,0.466000,1.00,-2227.950,300.677,0.566192,0.432670
1068,2KUY,52.33,0.416100,1.00,-3503.654,217.998,0.994338,0.413310
1069,2KV5,60.61,0.654500,1.00,-2460.154,70.156,0.502295,0.528580
1070,2KVF,88.39,0.637100,1.00,-1912.563,105.627,0.154068,0.607700
1071,2KVG,84.26,0.739400,1.00,-1843.924,83.986,0.192237,0.494150
1072,2KVH,87.96,0.678900,1.00,-1843.896,92.628,0.194573,0.595010
1073,2KVX,85.71,0.721200,1.00,-1913.463,149.903,0.174834,0.598030
1074,2KWT,69.70,0.584000,1.00,-2765.696,116.125,0.400474,0.531860
1075,2KWY,82.56,0.774200,1.00,-2537.281,100.771,0.332831,0.706610
1076,2KWZ,55.00,0.548500,1.00,-3178.371,97.723,0.512119,0.408510
1077,2KXA,46.67,0.633000,1.00,-1395.057,156.616,0.960976,0.401870
1078,2KY3,88.64,0.727800,1.00,-2199.319,160.686,0.260930,0.670370
1079,2KYA,46.32,0.532400,1.00,-1656.343,160.961,0.779287,0.395710
1080,2KYJ,93.06,0.742000,1.00,-2119.322,222.651,0.141442,0.773970
1081,2KYK,66.03,0.520300,1.00,-2442.847,178.228,0.638086,0.499380
1082,2KZQ,56.25,0.505600,1.00,-2883.662,64.931,0.999577,0.414750
1083,2L07,80.56,0.593200,1.00,-885.877,113.097,0.210924,0.259870
1084,2L0G,85.94,0.704400,1.00,-3045.980,101.178,0.326904,0.676900
1085,2L0L,58.33,0.640400,1.00,-1678.113,55.971,0.557405,0.333560
1086,2L0M,68.52,0.653700,1.00,-1678.113,55.971,0.345843,0.354150
1087,2L0N,67.50,0.642400,1.00,-2489.438,56.497,0.337704,0.408070
1088,2L0O,65.00,0.605500,1.00,-2489.438,56.497,0.418551,0.368400
1089,2L1J,63.97,0.536800,1.00,-2260.143,151.442,0.402612,0.459670
1090,2L1Q,69.38,0.665900,1.00,-2260.351,212.446,0.643364,0.592460
1091,2L1X,42.31,0.531200,1.00,-2707.986,113.630,0.968709,0.343140
1092,2L2R,77.70,0.678100,1.00,-2051.338,190.852,0.429142,0.643110
1093,2L36,60.42,0.663000,1.00,-1218.771,35.932,0.435691,0.319730
1094,2L37,88.95,0.692700,1.00,-3564.842,96.190,0.210999,0.769490
1095,2L3H,39.74,0.456100,1.00,-2410.223,148.397,1.007351,0.307240
1096,2L3I,63.33,0.583100,1.00,-2181.330,92.453,0.463865,0.426270
1097,2L44,84.21,0.632500,1.00,-854.148,98.892,0.171935,0.253270
1098,2L4G,68.52,0.650200,1.00,-1217.466,59.934,0.477347,0.360360
1099,2L4J,66.85,0.633900,1.00,-2824.091,189.500,0.391767,0.536840
1100,2L4U,57.29,0.601500,1.00,-1355.831,54.942,0.483561,0.300890
1101,2L5I,38.10,0.462000,1.00,-1205.683,86.621,0.698797,0.124170
1102,2L5J,40.48,0.464700,1.00,-1205.683,86.621,0.517299,0.094270
1103,2L5R,82.61,0.763600,1.00,-1449.065,33.876,0.191278,0.404330
1104,2L61,55.77,0.472900,1.00,-1303.676,114.173,0.415102,0.200250
1105,2L62,46.15,0.437700,1.00,-1303.676,114.173,0.621261,0.218710
1106,2L63,62.88,0.670200,1.00,-2653.559,45.128,0.468197,0.369170
1107,2L64,64.39,0.650100,1.00,-2653.559,45.128,0.345283,0.400410
1108,2L6S,40.00,0.493100,1.00,-976.764,95.600,0.653532,0.190350
1109,2L6T,51.25,0.496100,1.00,-976.764,95.600,0.639677,0.184390
1110,2L70,64.29,0.697100,1.00,-2798.961,108.647,0.426463,0.506570
1111,2L71,57.74,0.619900,1.00,-2798.961,108.647,0.646704,0.520220
1112,2L77,51.92,0.588200,1.00,-2410.223,148.397,0.893047,0.409440
1113,2L79,45.51,0.466300,1.00,-2410.223,148.397,0.591289,0.359810
1114,2L7C,80.26,0.553200,1.00,-1171.225,39.600,0.257103,0.441100
1115,2L7T,70.45,0.560200,1.00,-323.923,60.359,0.260174,0.222960
1116,2L87,41.67,0.455200,1.00,-1027.033,202.061,0.589525,0.188390
1117,2L8E,66.84,0.658200,1.00,-3059.869,271.777,0.764383,0.567460
1118,2L91,77.91,0.709100,1.00,-3246.252,127.728,0.268792,0.648840
1122,2L9G,78.95,0.645200,1.00,-1219.154,45.413,0.354065,0.301840
1123,2L9X,60.00,0.548400,1.00,-1995.287,70.716,0.555686,0.403720
1124,2L9Z,69.23,0.699300,1.00,-2412.146,219.590,0.505301,0.556200
1125,2LA0,63.33,0.571800,1.00,-1809.877,106.855,0.334924,0.332920
1126,2LAM,88.79,0.747100,1.00,-2076.392,182.053,0.256115,0.742310
1127,2LAQ,34.72,0.509100,1.00,-1761.942,231.826,0.818605,0.234410
1128,2LAT,70.27,0.705700,1.00,-2840.221,64.782,0.460588,0.513770
1129,2LB7,80.11,0.691300,1.00,-2944.845,285.798,0.171972,0.679820
1130,2LBG,87.04,0.820700,1.00,-1105.918,45.992,0.123891,0.556620
1131,2LBZ,52.42,0.492400,1.00,-2326.841,50.739,0.413945,0.339180
1132,2LCM,75.89,0.678500,1.00,-1920.688,89.473,0.413331,0.468530
1133,2LDE,76.00,0.654000,1.00,-1460.240,152.231,0.293924,0.500750
1134,2LDF,52.08,0.482500,1.00,-1661.274,162.463,0.699984,0.178740
1135,2LDJ,73.75,0.568000,1.00,-1024.822,137.643,0.283436,0.366430
1136,2LDS,78.47,0.624800,1.00,-2180.271,223.973,0.246086,0.561000
1137,2LE3,54.76,0.540900,1.00,-2660.400,244.972,0.721515,0.375140
1138,2LE7,61.25,0.612100,1.00,-1364.848,39.750,0.485901,0.271780
1139,2LER,40.91,0.505900,1.00,-288.695,62.923,0.674134,0.226020
1140,2LET,91.07,0.739800,1.00,-1959.103,118.419,0.119107,0.621560
1141,2LEU,74.32,0.622600,1.00,-2095.765,196.968,0.405662,0.569030
1142,2LEW,65.62,0.513600,1.00,-1921.598,196.385,0.300408,0.496420
1143,2LEY,65.62,0.528700,1.00,-2026.361,170.975,0.342400,0.571140
1144,2LFM,23.12,0.324200,1.00,-1616.216,314.493,1.289309,0.206530
1145,2LG4,93.75,0.779100,1.00,-2739.139,152.149,0.110915,0.832010
1146,2LG5,73.61,0.620800,1.00,-2609.707,140.164,0.316042,0.556180
1147,2LG6,87.50,0.709800,1.00,-2644.788,147.521,0.232515,0.698100
1148,2LI3,56.67,0.524900,1.00,-2133.622,138.581,0.541561,0.407740
1149,2LIC,33.57,0.427700,1.00,-1689.073,183.252,0.617515,0.222880
1150,2LID,32.86,0.495600,1.00,-1381.003,232.967,0.735379,0.278670
1151,2LIF,68.52,0.614600,1.00,-1480.690,115.356,0.475739,0.471410
1152,2LIX,64.81,0.516700,1.00,-1864.197,191.447,0.362399,0.416660
1153,2LIY,66.67,0.586800,1.00,-2906.270,201.697,0.314692,0.545860
1154,2LJ7,78.19,0.669300,1.00,-3545.374,224.273,0.268545,0.685420
1155,2LJQ,47.97,0.538400,1.00,-1683.155,197.314,0.734252,0.397030
1156,2LJS,90.00,0.769700,1.00,-1745.097,123.972,0.252422,0.753800
1157,2LJT,49.32,0.426500,1.00,-1938.788,167.595,0.682573,0.377810
1158,2LK9,60.00,0.541000,1.00,-2310.468,65.326,0.514481,0.491150
1159,2LKE,75.00,0.588500,1.00,-1252.216,123.668,0.297753,0.416710
1160,2LKJ,64.58,0.540700,1.00,-1252.216,123.668,0.554582,0.357580
1161,2LKQ,65.62,0.620300,1.00,-1291.023,87.632,0.407677,0.304950
1162,2LL1,81.82,0.644500,1.00,-2148.278,178.997,0.248989,0.629290
1163,2LL2,42.31,0.561800,1.00,-931.773,196.147,0.841608,0.211760
1164,2LL5,70.45,0.660600,1.00,-987.334,143.580,0.315640,0.264770
1165,2LLD,83.75,0.665900,1.00,-2753.786,251.546,0.233032,0.741750
1166,2LLM,68.02,0.692900,1.00,-2814.883,79.786,0.531053,0.550310
1167,2LLR,78.41,0.674900,1.00,-1230.132,88.704,0.218910,0.303290
1168,2LM8,36.54,0.456300,1.00,-447.830,96.315,0.754516,0.236920
1169,2LMA,67.05,0.615700,1.00,-1038.871,121.217,0.515320,0.310890
1170,2LMB,27.91,0.354000,1.00,-1464.696,281.769,1.076687,0.199160
1171,2LMF,84.78,0.734600,1.00,-1707.118,45.729,0.157191,0.424220
1172,2LMZ,83.93,0.658600,1.00,-3877.597,365.251,0.273957,0.721640
1173,2LNE,57.69,0.522800,1.00,-402.167,85.003,0.393022,0.269800
1174,2LNF,51.92,0.494400,1.00,-402.167,85.003,0.431465,0.293070
1175,2LNG,50.00,0.509800,1.00,-402.167,85.003,0.403986,0.168300
1176,2LO2,82.24,0.698500,1.00,-2241.023,171.897,0.348603,0.694480
1177,2LO3,60.80,0.666300,1.00,-2559.756,219.157,0.682779,0.522500
1178,2LO7,52.42,0.520100,1.00,-2189.921,163.610,0.687805,0.436980
1179,2LQ0,84.00,0.691900,1.00,-1764.652,60.514,0.367576,0.551120
1180,2LQ1,57.00,0.555100,1.00,-1217.237,147.297,0.502618,0.283960
1181,2LQ2,65.00,0.635300,1.00,-1378.634,128.307,0.500310,0.476070
1182,2LQA,84.46,0.729400,1.00,-2733.178,168.906,0.198307,0.694550
1183,2LQX,86.59,0.671500,1.00,-3217.901,120.873,0.258678,0.769600
1184,2LQY,80.00,0.624600,1.00,-1518.854,38.596,0.273937,0.365310
1185,2LR3,81.38,0.632900,1.00,-3280.928,186.696,0.195642,0.721350
1186,2LR5,74.34,0.638500,1.00,-2683.005,187.138,0.297496,0.585660
1187,2LR7,31.90,0.454700,1.00,-2071.244,64.535,0.951872,0.191460
1188,2LRX,55.00,0.572100,1.00,-3246.979,156.271,0.534232,0.442830
1189,2LS1,36.25,0.353800,1.00,-1099.821,138.820,0.684606,0.133140
1190,2LS2,77.00,0.687500,1.00,-1946.786,41.971,0.394486,0.459730
1191,2LS3,72.41,0.691600,1.00,-2656.348,47.109,0.339709,0.465890
1192,2LS4,66.67,0.562300,1.00,-1449.424,48.494,0.386421,0.412140
1193,2LS9,62.00,0.562400,1.00,-1248.418,71.367,0.407418,0.258650
1194,2LSA,59.78,0.673500,1.00,-1469.469,80.833,0.475622,0.221440
1195,2LSQ,58.00,0.491000,1.00,-1509.111,137.740,0.527135,0.300000
1196,2LSW,47.50,0.610400,1.00,-1939.579,200.605,0.887398,0.337440
1197,2LT8,82.74,0.707100,1.00,-3094.667,190.104,0.230455,0.700970
1198,2LTI,28.26,0.474500,1.00,-1107.860,99.467,1.037435,0.151820
1200,2LU9,81.45,0.698100,1.00,-2136.417,115.615,0.223184,0.510230
1201,2LUF,80.00,0.570200,1.00,-974.232,101.792,0.318962,0.352000
1202,2LUG,45.83,0.562200,1.00,-1438.174,179.001,1.518034,0.348040
1203,2LUR,72.41,0.583800,1.00,-1882.935,210.347,0.380744,0.401070
1204,2LUV,64.29,0.531300,1.00,-1907.004,195.738,0.537683,0.440120
1205,2LVG,75.62,0.703800,1.00,-2683.253,99.732,0.282612,0.610330
1206,2LWB,60.00,0.473200,1.00,-1587.472,104.504,0.335731,0.205690
1207,2LWL,72.96,0.662400,1.00,-3052.159,201.854,0.352176,0.605710
1208,2LWQ,62.50,0.468400,1.00,-713.006,92.822,0.363939,0.185130
1209,2LWS,47.92,0.533300,1.00,-339.405,76.213,0.642113,0.291360
1210,2LWT,59.72,0.386700,1.00,-1040.073,87.222,0.371733,0.201500
1211,2LWU,91.67,0.788400,1.00,-670.899,45.555,0.120550,0.438260
1212,2LWV,70.59,0.539800,1.00,-735.184,78.651,0.267719,0.228510
1213,2LX0,65.62,0.658900,1.00,-2907.995,74.480,0.335737,0.454170
1214,2LX4,86.76,0.723300,1.00,-1195.190,32.997,0.218487,0.495310
1215,2LX5,90.28,0.713700,1.00,-1004.964,32.546,0.076704,0.476000
1216,2LX6,38.16,0.491600,1.00,-575.258,125.800,0.865763,0.109170
1217,2LXO,50.00,0.466200,1.00,-3124.123,247.692,0.696196,0.407650
1218,2LXZ,78.91,0.571900,1.00,-2191.559,162.664,0.226095,0.638570
1219,2LYE,97.22,0.772100,1.00,-951.843,85.041,0.075952,0.455240
1220,2LYF,88.89,0.720500,1.00,-1030.171,83.098,0.150765,0.425850
1221,2LZI,90.28,0.700700,1.00,-922.599,95.516,0.139960,0.407610
1222,2LZO,70.69,0.681000,1.00,-1629.094,156.585,0.390384,0.418720
1223,2LZP,62.10,0.569900,1.00,-1846.151,73.952,0.493909,0.449050
1224,2LZQ,75.96,0.747300,1.00,-2425.582,83.110,0.277013,0.481870
1225,2LZX,89.19,0.738800,1.00,-2687.186,156.477,0.177943,0.731640
1226,2LZY,83.57,0.690800,1.00,-2381.373,200.794,0.224448,0.633810
1227,2M0H,64.77,0.649200,1.00,-1579.184,30.897,0.532808,0.330870
1228,2M0S,50.00,0.472200,1.00,-2051.983,73.070,0.751041,0.353510
1229,2M0W,58.70,0.606500,1.00,-1419.927,35.312,0.700482,0.285410
1230,2M1A,88.46,0.648900,1.00,-1453.019,53.963,0.123579,0.529380
1231,2M1J,60.83,0.620700,1.00,-2055.223,51.513,0.497386,0.465610
1232,2M1P,75.00,0.670600,1.00,-636.412,102.974,0.361492,0.378510
1233,2M1T,62.50,0.534800,1.00,-1554.833,80.664,0.421056,0.248420
1234,2M2G,88.89,0.741600,1.00,-789.034,67.260,0.140855,0.395180
1235,2M2H,33.33,0.294600,1.00,-1005.874,47.207,0.558314,0.124590
1236,2M2Q,96.09,0.823900,1.00,-2457.587,157.121,0.076236,0.801260
1237,2M2R,81.82,0.666200,1.00,-2281.076,195.008,0.224688,0.596180
1238,2M2S,47.22,0.311600,1.00,-881.180,52.593,0.525335,0.181290
1239,2M2X,27.78,0.291600,1.00,-868.955,26.121,1.037778,0.087900
1240,2M2Y,90.28,0.741500,1.00,-836.081,111.375,0.129413,0.343610
1241,2M36,82.24,0.694200,1.00,-2014.609,173.939,0.248072,0.692360
1242,2M37,35.53,0.403500,1.00,-737.761,100.190,0.870262,0.115720
1243,2M3F,94.32,0.731500,1.00,-1726.358,46.281,0.088800,0.501830
1244,2M3J,87.12,0.706600,1.00,-2246.983,230.329,0.181651,0.653400
1245,2M3N,45.83,0.448000,1.00,-662.165,127.929,0.686153,0.148840
1246,2M4X,74.29,0.584800,1.00,-2510.953,168.660,0.232758,0.511350
1247,2M4Z,69.29,0.574200,1.00,-2247.681,202.148,0.275533,0.460760
1248,2M50,81.43,0.673100,1.00,-2562.938,215.791,0.189082,0.607760
1249,2M5L,62.50,0.623000,1.00,-818.057,106.759,0.445794,0.172960
1250,2M5X,93.12,0.841800,1.00,-2770.489,125.127,0.205146,0.838290
1251,2M5Z,96.02,0.740300,1.00,-5620.098,117.461,0.083824,0.879410
1252,2M60,84.30,0.706500,1.00,-5614.561,142.768,0.149168,0.747310
1253,2M62,77.08,0.575100,1.00,-657.443,53.826,0.200265,0.196420
1254,2M6A,74.11,0.638000,1.00,-1876.700,74.403,0.252204,0.430950
1255,2M6O,80.73,0.728200,1.00,-3152.276,225.174,0.435050,0.735840
1256,2M6P,81.52,0.682700,1.00,-3228.691,276.648,0.490581,0.727480
1257,2M73,66.00,0.654700,1.00,-1760.869,40.055,0.323598,0.322360
1258,2M77,88.89,0.724600,1.00,-931.811,95.227,0.154835,0.498720
1259,2M78,97.22,0.756500,1.00,-1045.869,81.670,0.080082,0.480410
1260,2M79,81.94,0.729100,1.00,-997.140,107.342,0.184780,0.340120
1261,2M7C,80.95,0.642400,1.00,-1248.367,55.022,0.402782,0.356080
1262,2M7D,57.50,0.671400,1.00,-1039.343,59.579,0.841483,0.256020
1263,2M7E,66.35,0.603000,1.00,-1467.910,89.361,0.425244,0.351750
1264,2M7I,39.29,0.410200,1.00,-689.970,37.520,0.678844,0.145020
1265,2M7J,41.07,0.430900,1.00,-544.100,57.599,0.644695,0.233390
1266,2M7P,83.93,0.725900,1.00,-2605.656,193.744,0.238079,0.713070
1267,2M7T,87.88,0.770200,1.00,-1892.410,223.113,0.163824,0.723470
1268,2M7X,44.08,0.542100,1.00,-2153.269,160.656,0.763101,0.379360
1269,2M8F,51.04,0.476200,1.00,-1068.406,115.112,0.629209,0.260630
1270,2M8I,81.98,0.721800,1.00,-2626.322,298.568,0.249175,0.698360
1271,2M8J,76.16,0.700900,1.00,-2669.376,223.352,0.314266,0.645130
1272,2M8M,84.82,0.711700,1.00,-2559.725,50.217,0.224987,0.571620
1273,2M8O,74.11,0.710100,1.00,-2559.725,50.217,0.185104,0.397330
1274,2M96,75.57,0.634500,1.00,-2301.118,251.239,0.301320,0.628730
1275,2M9E,87.88,0.758700,1.00,-2150.062,187.852,0.208790,0.713350
1276,2M9F,80.30,0.722100,1.00,-2150.062,187.852,0.350720,0.620780
1277,2M9I,80.15,0.719200,1.00,-2207.207,184.420,0.287011,0.621000
1278,2M9J,83.82,0.713100,1.00,-2207.207,184.420,0.289614,0.684320
1279,2M9L,87.14,0.742900,1.00,-2424.034,163.079,0.294473,0.725650
1280,2M9O,81.90,0.701600,1.00,-1970.449,190.189,0.321730,0.576640
1281,2M9R,25.62,0.322600,1.00,-1616.216,314.493,1.861924,0.162590
1282,2M9S,26.25,0.320100,1.00,-1616.216,314.493,1.913904,0.268430
1283,2MAA,80.77,0.676000,1.00,-759.299,27.681,0.206709,0.355050
1284,2MAE,76.92,0.667000,1.00,-1381.775,87.288,0.295842,0.454130
1285,2MAU,94.17,0.764500,1.00,-2142.928,176.824,0.084278,0.728790
1286,2MBD,85.19,0.716900,1.00,-1645.675,99.178,0.154733,0.547600
1287,2MBY,48.91,0.621200,1.00,-3566.775,137.074,0.619635,0.492250
1288,2MCE,88.10,0.753000,1.00,-1059.813,69.322,0.111639,0.340670
1289,2MD1,72.06,0.615300,1.00,-980.684,61.819,0.323923,0.456180
1290,2MD2,85.00,0.648000,1.00,-471.382,30.078,0.146054,0.407480
1291,2MD4,95.83,0.769600,1.00,-681.623,19.482,0.099622,0.543070
1292,2MD6,80.56,0.636200,1.00,-953.517,71.482,0.172687,0.297680
1293,2MDC,45.31,0.475700,1.00,-3011.527,300.297,0.670655,0.362980
1294,2MDL,32.29,0.424900,1.00,-1287.474,120.057,1.194747,0.139480
1295,2MDU,86.21,0.655800,1.00,-1911.064,154.457,0.189443,0.627040
1296,2ME1,60.19,0.539800,1.00,-2595.733,39.978,0.452658,0.407520
1297,2ME2,54.63,0.599500,1.00,-2518.914,46.538,0.438540,0.378920
1298,2ME3,63.89,0.563800,1.00,-2528.417,45.268,0.340570,0.347050
1299,2ME4,54.63,0.589000,1.00,-2430.953,61.217,0.445618,0.351280
1300,2ME7,91.67,0.809800,1.00,-2273.233,135.440,0.203069,0.767130
1301,2MEL,86.36,0.766100,1.00,-2212.115,143.920,0.188029,0.667510
1302,2MEN,81.82,0.689400,1.00,-2133.925,133.322,0.317450,0.614930
1303,2MEO,83.33,0.692300,1.00,-2223.233,125.044,0.270809,0.634000
1304,2MF3,46.28,0.402400,1.00,-3169.021,267.520,0.550153,0.471430
1305,2MFM,38.33,0.516600,1.00,-444.957,81.425,0.729335,0.155340
1306,2MFO,36.67,0.480500,1.00,-368.572,70.490,0.889678,0.138300
1307,2MFP,47.58,0.497500,1.00,-1257.898,316.145,0.581885,0.242770
1308,2MFS,95.71,0.811200,1.00,-2304.655,189.708,0.081864,0.829960
1309,2MFV,39.29,0.538100,1.00,-75.717,72.484,0.915306,0.166750
1310,2MG1,74.07,0.762400,1.00,-1911.822,32.280,0.299298,0.479390
1311,2MG2,82.14,0.684900,1.00,-2217.058,63.691,0.186876,0.548490
1312,2MG3,69.64,0.620400,1.00,-2217.058,63.691,0.434663,0.401320
1313,2MH1,82.58,0.743200,1.00,-1714.942,230.479,0.256178,0.631750
1314,2MHU,66.67,0.567700,1.00,-1744.185,177.934,0.351706,0.419460
1315,2MHW,50.00,0.613000,1.00,-1574.608,62.325,0.685818,0.306130
1316,2MI1,46.43,0.436700,1.00,-720.202,50.630,0.620284,0.131110
1317,2MI9,76.67,0.589200,1.00,-2029.112,201.266,0.204526,0.493040
1318,2MIA,75.00,0.566100,1.00,-2029.112,201.266,0.206549,0.492220
1319,2MID,45.83,0.500400,1.00,-381.026,51.159,0.565325,0.179820
1320,2MIE,41.67,0.537300,1.00,-372.658,46.097,0.629437,0.207340
1321,2MIF,37.50,0.539500,1.00,-303.460,54.830,0.693175,0.255710
1322,2MIG,52.08,0.493700,1.00,-364.779,57.054,0.539263,0.229260
1323,2MIH,44.64,0.476000,1.00,-417.325,68.961,0.713438,0.155620
1324,2MIJ,68.24,0.613400,1.00,-2854.394,153.877,0.342749,0.456410
1325,2MIX,70.24,0.647000,1.00,-914.839,109.459,0.596288,0.304470
1326,2MJ1,37.50,0.332200,1.00,-682.670,121.514,0.742164,0.132300
1327,2MJ2,60.42,0.656900,1.00,-2287.828,147.006,0.836979,0.458870
1328,2MJ9,67.31,0.610000,1.00,-2621.761,99.402,0.370235,0.509500
1329,2MJC,66.18,0.665800,1.00,-1688.902,205.284,0.702242,0.504700
1330,2MJK,92.68,0.757000,1.00,-3948.688,251.639,0.122952,0.818120
1331,2MKB,81.00,0.658800,1.00,-2074.922,58.317,0.222052,0.505530
1332,2ML7,79.84,0.643000,1.00,-2203.602,147.728,0.231031,0.544330
1333,2MLA,92.57,0.743600,1.00,-2509.383,226.583,0.102894,0.777060
1334,2MLD,91.22,0.784700,1.00,-2550.899,160.896,0.103429,0.779230
1335,2MLJ,44.44,0.484500,1.00,-948.868,54.061,1.031790,0.165750
1336,2MLO,93.75,0.753800,1.00,-1206.828,44.130,0.133386,0.461870
1337,2MLQ,81.25,0.599900,1.00,-1206.828,44.130,0.206858,0.314610
1338,2MLU,46.67,0.505800,1.00,-1469.853,112.444,0.811124,0.323740
1339,2MLV,49.17,0.536000,1.00,-1469.853,112.444,0.811189,0.240400
1340,2MM5,83.33,0.653300,1.00,-2048.234,232.872,0.208059,0.574750
1341,2MM6,84.17,0.638400,1.00,-2072.038,200.445,0.237295,0.580650
1342,2MMM,63.19,0.723000,1.00,-2167.425,40.237,0.436502,0.468670
1343,2MMT,32.14,0.386200,1.00,-1259.047,81.685,0.990562,0.154880
1344,2MMW,42.86,0.478000,1.00,-886.148,144.164,0.727226,0.087440
1345,2MN1,85.00,0.665300,1.00,-1942.368,184.975,0.352550,0.623650
1346,2MN3,66.48,0.583500,1.00,-2087.816,267.559,0.446452,0.517770
1347,2MOC,45.45,0.433400,1.00,-229.426,45.890,0.457575,0.183320
1348,2MOF,60.71,0.589400,1.00,-2853.779,85.306,0.604989,0.526190
1349,2MPJ,74.00,0.598800,1.00,-1269.849,187.631,0.414611,0.404070
1350,2MPQ,83.33,0.681200,1.00,-2209.598,149.780,0.218624,0.699930
1351,2MQ2,39.29,0.485300,1.00,-216.038,55.604,1.010812,0.139570
1352,2MQ4,34.09,0.504500,1.00,-138.695,61.878,0.864238,0.241480
1353,2MQ5,55.00,0.465700,1.00,-137.733,48.632,0.351611,0.158820
1354,2MQF,99.26,0.779500,1.00,-2047.653,120.744,0.059350,0.875830
1355,2MQU,92.86,0.744400,1.00,-2436.416,154.471,0.094824,0.765540
1356,2MR9,89.77,0.754400,1.00,-4308.460,106.225,0.143760,0.806290
1357,2MRB,57.26,0.515400,1.00,-1927.238,181.388,0.404290,0.359060
1358,2MRF,78.79,0.692500,1.00,-2241.453,159.732,0.255829,0.546820
1359,2MRT,70.00,0.590600,1.00,-1891.425,191.464,0.275279,0.416450
1360,2MRW,41.25,0.306600,1.00,-3314.987,117.482,1.085785,0.382070
1361,2MSF,48.28,0.447300,1.00,-1643.496,218.481,0.756049,0.335370
1362,2MSO,78.33,0.626900,1.00,-1950.225,165.255,0.309144,0.516240
1363,2MSQ,76.85,0.625300,1.00,-1774.372,138.923,0.325677,0.440440
1364,2MSU,72.50,0.637000,1.00,-1260.497,41.052,0.322587,0.333840
1365,2MT7,86.43,0.708800,1.00,-2278.801,197.847,0.150239,0.702000
1366,2MT8,70.51,0.641000,1.00,-2228.910,220.548,0.587423,0.584770
1367,2MTM,46.05,0.374400,1.00,-1281.283,73.592,0.473460,0.118390
1368,2MTO,78.85,0.549400,1.00,-685.150,55.767,0.234054,0.426890
1369,2MTT,65.38,0.525500,1.00,-650.700,53.266,0.289443,0.201950
1370,2MTU,75.00,0.502600,1.00,-650.700,53.266,0.335701,0.346550
1371,2MTW,77.50,0.614700,1.00,-1223.622,61.729,0.394883,0.429020
1372,2MTY,47.50,0.566300,1.00,-1162.937,47.542,0.515610,0.148930
1373,2MU6,87.50,0.690100,1.00,-1459.332,45.386,0.150478,0.403630
1374,2MU7,82.50,0.651900,1.00,-1093.594,52.709,0.201583,0.289740
1375,2MU8,41.25,0.427900,1.00,-1272.745,46.273,0.530532,0.114110
1376,2MU9,72.50,0.657300,1.00,-1416.119,51.777,0.410656,0.427800
1377,2MUA,83.33,0.719800,1.00,-1281.417,37.218,0.233425,0.445790
1378,2MUB,61.31,0.506600,1.00,-3357.497,231.506,0.624223,0.545770
1379,2MUE,80.00,0.670600,1.00,-1373.721,41.807,0.302289,0.395190
1380,2MUF,85.00,0.688600,1.00,-1182.318,50.894,0.185002,0.327720
1381,2MUH,89.06,0.633000,1.00,-709.248,74.453,0.105966,0.357880
1382,2MUJ,69.05,0.598100,1.00,-1377.260,46.369,0.322328,0.310830
1383,2MUN,93.48,0.758200,1.00,-4018.109,118.948,0.086446,0.869280
1384,2MUQ,75.00,0.678700,1.00,-2993.072,178.304,0.486877,0.660500
1385,2MV6,68.37,0.749300,1.00,-3676.088,141.176,0.555914,0.599030
1386,2MVA,62.04,0.536500,1.00,-1534.096,137.295,0.483212,0.303970
1387,2MVH,61.54,0.679200,1.00,-1639.196,76.466,0.578748,0.356340
1388,2MVI,39.53,0.351800,1.00,-3686.666,229.715,0.851092,0.309350
1389,2MVJ,68.27,0.560100,1.00,-1457.852,104.252,0.412329,0.490960
1390,2MVK,56.73,0.589700,1.00,-1381.775,87.288,0.550184,0.331760
1391,2MVL,58.65,0.589700,1.00,-1381.775,87.288,0.632643,0.329650
1392,2MVM,48.30,0.604800,1.00,-2375.346,196.337,1.124981,0.411300
1393,2MVN,58.52,0.676300,1.00,-2375.346,196.337,0.697464,0.509160
1394,2MVT,84.57,0.659800,1.00,-4155.935,187.707,0.237298,0.753460
1395,2MW0,62.07,0.523400,1.00,-1643.113,145.080,0.441035,0.369670
1396,2MW3,41.67,0.487700,1.00,-940.202,133.401,0.905738,0.123170
1397,2MW7,84.46,0.738400,1.00,-2266.526,231.676,0.230674,0.697640
1398,2MW9,77.70,0.673000,1.00,-2503.060,174.662,0.290398,0.615540
1399,2MWA,75.00,0.662100,1.00,-2420.502,190.586,0.517382,0.581320
1400,2MWB,72.30,0.661000,1.00,-2421.305,222.168,0.424957,0.535730
1401,2MWD,85.71,0.697400,1.00,-1835.040,124.505,0.124270,0.523260
1402,2MWE,81.25,0.679600,1.00,-1780.942,137.453,0.148508,0.471970
1403,2MWF,85.16,0.699400,1.00,-2163.811,146.478,0.140161,0.620510
1404,2MWJ,93.75,0.807400,1.00,-2432.378,209.950,0.102437,0.787650
1405,2MWK,93.06,0.827700,1.00,-2432.378,209.950,0.088782,0.798410
1406,2MWL,46.88,0.497300,1.00,-419.826,87.274,0.697762,0.171460
1407,2MWT,69.12,0.652800,1.00,-1552.829,121.284,0.702086,0.520240
1408,2MX4,88.33,0.703700,1.00,-3210.315,163.129,0.204759,0.761360
1409,2MXG,40.62,0.512500,1.00,-419.826,87.274,0.810648,0.222860
1410,2MXH,42.19,0.547600,1.00,-419.826,87.274,1.027286,0.192250
1411,2MXM,93.94,0.778800,1.00,-2134.340,148.097,0.100874,0.812110
1412,2MXO,88.24,0.697200,1.00,-2093.243,175.186,0.163200,0.709020
1413,2MXP,93.94,0.803200,1.00,-2640.126,140.107,0.219269,0.816080
1414,2MXQ,70.59,0.583100,1.00,-1989.130,221.116,0.294125,0.451550
1415,2MXV,64.53,0.603200,1.00,-2732.679,219.347,0.628531,0.537110
1416,2MYH,93.29,0.786900,1.00,-2670.942,165.868,0.144659,0.834010
1417,2MYL,88.75,0.698100,1.00,-1481.451,59.586,0.189881,0.476560
1418,2MYM,57.50,0.538300,1.00,-1499.181,52.186,0.437368,0.258570
1419,2MZ2,73.53,0.589100,1.00,-998.135,51.203,0.305535,0.280700
1420,2MZ3,66.18,0.610100,1.00,-998.135,51.203,0.389933,0.233350
1421,2MZ4,82.61,0.653200,1.00,-4018.109,118.948,0.181523,0.718590
1422,2MZ7,18.48,0.503900,1.00,-1263.521,296.805,1.137823,0.199340
1423,2MZA,66.18,0.558500,1.00,-998.135,51.203,0.428437,0.289540
1424,2MZX,45.00,0.425200,1.00,-446.305,45.633,0.405771,0.380480
1426,2N0X,31.25,0.527300,1.00,-523.263,87.715,1.047936,0.178550
1427,2N16,68.75,0.491400,1.00,-1224.319,123.220,0.359829,0.263080
1428,2N1C,64.13,0.586400,1.00,-1170.057,77.872,0.571845,0.377550
1429,2N1N,89.29,0.716500,1.00,-2544.260,160.008,0.133090,0.715800
1430,2N1P,62.50,0.644300,1.00,-1744.048,110.521,0.569396,0.449130
1431,2N1S,95.83,0.778500,1.00,-1859.638,92.806,0.120078,0.782040
1432,2N24,69.35,0.691400,1.00,-1789.090,212.697,0.667882,0.514620
1433,2N2C,38.95,0.654200,1.00,-1910.990,159.575,0.954820,0.354670
1434,2N2F,48.08,0.482800,1.00,-309.289,80.431,0.526152,0.150640
1435,2N2G,87.88,0.736400,1.00,-2171.803,277.986,0.162633,0.681800
1436,2N2S,80.47,0.665900,1.00,-2544.271,138.801,0.205962,0.552430
1437,2N3P,90.62,0.768900,1.00,-2083.044,136.734,0.163247,0.730680
1438,2N4K,41.86,0.370400,1.00,-2374.908,200.911,1.031247,0.340470
1439,2N4R,85.81,0.756300,1.00,-2401.822,185.702,0.325210,0.708200
1440,2N4S,81.08,0.730000,1.00,-2336.651,263.128,0.271548,0.675620
1441,2N4T,83.78,0.719000,1.00,-2527.572,194.278,0.346918,0.699330
1442,2N4U,75.68,0.665700,1.00,-2459.580,261.314,0.389342,0.592160
1443,2N4V,78.38,0.733900,1.00,-2392.079,199.338,0.372463,0.633020
1444,2N4W,81.76,0.746600,1.00,-2670.415,208.361,0.411148,0.677900
1445,2N58,48.33,0.582800,1.00,-2440.365,56.433,0.934323,0.339300
1446,2N5C,35.00,0.444500,1.00,-590.082,50.650,0.826226,0.144660
1447,2N5J,82.65,0.723200,1.00,-4672.404,146.597,0.186335,0.753280
1448,2N5K,77.59,0.644900,1.00,-1803.690,128.318,0.268194,0.515540
1449,2N5Q,81.48,0.601200,1.00,-1866.805,147.393,0.186761,0.478840
1450,2N5R,93.75,0.659000,1.00,-650.689,33.962,0.143629,0.517330
1451,2N63,32.81,0.469200,1.00,-419.826,87.274,0.841699,0.070710
1452,2N68,33.70,0.374800,1.00,-1107.860,99.467,0.966896,0.149280
1453,2N6B,83.82,0.704700,1.00,-2569.806,195.694,0.155756,0.646220
1454,2N6M,78.57,0.758200,1.00,-1286.672,31.759,0.171635,0.392030
1455,2N6N,85.94,0.736700,1.00,-1960.921,153.066,0.127945,0.622080
1456,2N6O,82.14,0.654500,1.00,-2439.244,217.847,0.316985,0.656970
1457,2N6U,27.50,0.378400,1.00,-1153.816,56.061,0.837220,0.191040
1458,2N6V,37.50,0.451300,1.00,-1068.406,115.112,0.793054,0.187900
1459,2N7F,71.09,0.589100,1.00,-2843.467,172.070,0.301630,0.491320
1460,2N7I,66.89,0.673400,1.00,-2930.233,100.529,0.314116,0.531210
1461,2N85,67.07,0.752400,1.00,-2548.260,109.913,0.345948,0.518730
1462,2N8B,59.72,0.538400,1.00,-2612.000,160.471,0.423520,0.410210
1463,2N8E,72.79,0.598800,1.00,-1781.420,191.436,0.387869,0.521670
1464,2N8H,79.29,0.609700,1.00,-2149.235,140.978,0.239764,0.553990
1465,2N8S,82.69,0.728100,1.00,-2381.830,150.024,0.338452,0.687090
1466,2N8U,71.79,0.647200,1.00,-1884.340,181.181,0.410806,0.571420
1467,2N92,53.23,0.501500,1.00,-1829.076,73.583,0.699894,0.423360
1468,2N94,79.69,0.726700,1.00,-2967.181,223.803,0.305523,0.693390
1469,2N95,71.94,0.631000,1.00,-3223.172,227.172,0.390516,0.622720
1470,2N9C,41.25,0.412400,1.00,-723.228,113.856,0.627528,0.154110
1471,2N9M,40.62,0.515400,1.00,-419.826,87.274,0.863473,0.136260
1472,2N9N,45.31,0.514900,1.00,-419.826,87.274,0.801290,0.217320
1473,2N9O,82.14,0.744500,1.00,-2988.994,269.788,0.275250,0.760540
1474,2N9T,78.33,0.616900,1.00,-1883.570,171.940,0.251787,0.491190
1475,2N9Z,77.38,0.715600,1.00,-2236.418,287.003,0.594010,0.641480
1476,2NA3,87.50,0.612200,1.00,-769.703,42.830,0.199390,0.501090
1477,2NA8,56.25,0.635000,1.00,-3546.124,182.728,0.565840,0.475920
1478,2NA9,61.93,0.664500,1.00,-4053.008,73.240,0.604343,0.627700
1479,2NAB,70.12,0.704800,1.00,-2737.669,200.674,0.787164,0.613080
1480,2NAE,27.33,0.485500,1.00,-1885.704,261.749,0.716846,0.277770
1481,2NAJ,88.64,0.719900,1.00,-2136.461,120.160,0.171878,0.714590
1482,2NAL,91.67,0.684000,1.00,-858.583,27.103,0.184338,0.450870
1483,2NAT,42.86,0.529300,1.00,-2160.067,69.727,0.766496,0.254700
1484,2NAU,64.29,0.609100,1.00,-1774.646,72.745,0.420321,0.376160
1485,2NAW,43.59,0.498900,1.00,-2758.239,203.361,0.671949,0.359450
1486,2NB2,84.87,0.701900,1.00,-3269.227,111.358,0.188959,0.720760
1487,2NB5,60.29,0.483200,1.00,-740.752,120.636,0.292975,0.155270
1488,2NB6,76.56,0.612100,1.00,-778.613,89.699,0.216954,0.240340
1489,2NB7,77.94,0.631400,1.00,-1005.903,39.028,0.453511,0.433200
1490,2NB8,62.04,0.541400,1.00,-1680.759,132.137,0.577007,0.438460
1491,2NB9,81.12,0.695300,1.00,-3272.160,228.812,0.339592,0.727740
1492,2NC3,92.42,0.821600,1.00,-2150.062,187.852,0.098611,0.791170
1493,2NC4,93.18,0.818600,1.00,-2150.062,187.852,0.121183,0.746810
1494,2NC5,95.45,0.816700,1.00,-2150.062,187.852,0.087189,0.820930
1495,2NC6,93.94,0.822400,1.00,-2150.062,187.852,0.138910,0.785370
1496,2NC7,76.39,0.683700,1.00,-928.393,79.357,0.229444,0.296310
1497,2NCS,72.22,0.690000,1.00,-2688.094,85.777,0.247660,0.548270
1498,2NCT,77.78,0.660100,1.00,-2688.094,85.777,0.334544,0.619240
1499,2NCU,60.71,0.593200,1.00,-1519.080,40.436,0.466584,0.251890
1500,2NCV,57.14,0.545500,1.00,-1476.925,56.927,0.620485,0.271410
1501,2NCW,58.33,0.627300,1.00,-1814.039,52.416,0.495859,0.275350
1502,2NCX,87.50,0.794400,1.00,-1778.840,25.978,0.187476,0.479090
1503,2NCY,66.67,0.677000,1.00,-1665.386,59.126,0.491718,0.430390
1504,2ND2,84.66,0.696000,1.00,-3923.889,130.430,0.148040,0.746010
1505,2ND3,91.45,0.731200,1.00,-3103.281,153.101,0.112894,0.762780
1506,2ND6,72.06,0.621000,1.00,-1067.426,28.170,0.234189,0.295100
1507,2ND7,70.59,0.628400,1.00,-1067.426,28.170,0.330658,0.237690
1508,2ND8,69.12,0.561500,1.00,-1067.426,28.170,0.404428,0.255500
1509,2NDB,60.71,0.474600,1.00,-3199.964,216.949,0.427103,0.558540
1510,2NDC,70.83,0.591800,1.00,-1110.476,43.224,0.411450,0.386360
1511,2NDE,55.56,0.521300,1.00,-1113.792,25.688,0.486730,0.210600
1512,2NDI,48.37,0.483700,1.00,-2652.418,200.876,0.543401,0.305750
1513,2NDK,49.48,0.692300,1.00,-2756.206,112.395,0.870823,0.365230
1514,2NDL,84.38,0.723600,1.00,-850.558,69.988,0.137388,0.296490
1515,2NDM,53.85,0.517900,1.00,-671.086,51.429,0.442199,0.290990
1516,2NDN,85.94,0.739400,1.00,-796.786,60.607,0.172737,0.341240
1517,2NOR,47.50,0.463800,1.00,-395.808,49.226,0.405665,0.263010
1518,2NOU,50.00,0.469300,1.00,-394.232,50.468,0.371935,0.311850
1519,2NR1,77.78,0.687100,1.00,-1634.605,79.911,0.208950,0.519450
1520,2NS4,67.86,0.529000,1.00,-379.122,75.893,0.301676,0.313730
1521,2NVJ,53.00,0.528100,1.00,-1657.788,98.488,0.493809,0.205980
1522,2NX6,40.74,0.511100,1.00,-1442.226,168.699,0.694388,0.200260
1523,2NX7,48.21,0.508700,1.00,-1548.719,117.488,0.625689,0.272950
1526,2NZ3,61.88,0.571200,1.00,-2975.387,245.996,0.511396,0.415720
1527,2NZZ,37.84,0.477500,1.00,-3076.494,66.775,1.168106,0.250200
1528,2O00,37.84,0.450900,1.00,-3076.494,66.775,0.971182,0.237690
1529,2O0S,62.50,0.540500,1.00,-829.455,22.780,0.319275,0.331150
1530,2OBU,62.50,0.707100,1.00,-2798.961,108.647,0.620397,0.550170
1532,2OJM,89.77,0.742100,1.00,-1468.304,40.348,0.107672,0.532280
1533,2OJN,71.59,0.602800,1.00,-1500.944,51.087,0.370316,0.315060
1534,2OJO,84.09,0.786900,1.00,-1743.970,35.812,0.137819,0.466260
1535,2OP7,48.08,0.458400,1.00,-2449.609,180.679,0.967339,0.340210
1536,2OQ9,45.83,0.543200,1.00,-887.701,137.762,0.645722,0.195390
1537,2ORU,76.25,0.653400,1.00,-1272.587,92.991,0.287598,0.244710
1538,2OVN,89.71,0.640900,1.00,-1105.953,31.903,0.193765,0.443090
1539,2OYV,71.15,0.572900,1.00,-435.148,96.263,0.234858,0.175920
1540,2OYW,69.23,0.586200,1.00,-435.148,96.263,0.277042,0.297560
1541,2P4L,67.39,0.533800,1.00,-2704.615,359.765,0.359348,0.554350
1542,2P5J,50.00,0.541100,1.00,-578.226,92.632,0.519297,0.159340
1543,2P81,64.20,0.561800,1.00,-3282.772,149.681,0.566527,0.556620
1544,2PCO,79.81,0.650200,1.00,-1508.785,89.298,0.367842,0.572480
1545,2PDD,83.72,0.695400,1.00,-3654.143,113.037,0.267720,0.726980
1546,2PDE,31.98,0.364800,1.00,-3654.143,113.037,0.726969,0.360900
1547,2PJV,51.61,0.552900,1.00,-1097.250,102.284,0.709739,0.313690
1548,2PO8,72.06,0.666400,1.00,-1755.465,154.528,0.458018,0.557730
1549,2PPZ,75.00,0.614600,1.00,-3220.477,106.243,0.218695,0.579920
1550,2PTA,90.71,0.700000,1.00,-2378.342,187.728,0.160261,0.744320
1551,2PV6,62.50,0.558300,1.00,-2075.057,36.326,0.448644,0.296210
1552,2RLG,80.56,0.643600,1.00,-1041.700,44.893,0.274600,0.366150
1553,2RLH,84.72,0.658700,1.00,-1041.700,44.893,0.259867,0.412300
1554,2RLJ,64.06,0.581700,1.00,-868.464,54.053,0.316282,0.253740
1555,2RLW,64.71,0.652900,1.00,-1890.324,119.469,0.298713,0.414650
1556,2RME,43.42,0.579400,1.00,-2946.360,88.997,0.728736,0.319400
1557,2RMF,70.00,0.741300,1.00,-3167.105,86.275,0.368260,0.646810
1558,2RMG,50.00,0.668900,1.00,-2849.153,87.528,0.684486,0.346960
1559,2RMH,58.55,0.655100,1.00,-2721.807,63.483,0.748950,0.512090
1560,2RMI,87.50,0.722800,1.00,-2398.731,56.815,0.150869,0.601230
1561,2RMV,50.00,0.377400,1.00,-2053.968,91.070,0.814504,0.260190
1562,2RMW,40.38,0.368100,1.00,-1849.079,173.071,0.839958,0.178900
1563,2RMY,82.35,0.760400,1.00,-2408.682,53.022,0.283902,0.623020
1564,2RMZ,66.86,0.732300,1.00,-3243.259,101.195,0.471247,0.634290
1565,2RN0,75.00,0.719400,1.00,-3243.259,101.195,0.422751,0.649180
1566,2RND,65.44,0.705600,1.00,-2408.682,53.022,0.462024,0.523420
1567,2ROO,72.67,0.628500,1.00,-2739.730,181.811,0.356801,0.558500
1568,2RPS,56.25,0.612400,1.00,-1456.781,215.692,0.800608,0.400660
1570,2RQ2,73.33,0.601400,1.00,-2159.505,41.879,0.385683,0.515030
1571,2RQZ,82.89,0.700000,1.00,-2583.128,184.717,0.193307,0.661090
1572,2RR0,75.66,0.638000,1.00,-2583.128,184.717,0.240373,0.557280
1573,2RR2,80.92,0.644200,1.00,-2583.128,184.717,0.186395,0.628970
1574,2RRH,79.31,0.712900,1.00,-2177.881,70.049,0.199748,0.548860
1575,2RRI,66.38,0.695400,1.00,-2177.881,70.049,0.318538,0.416090
1576,2RRS,70.83,0.570600,1.00,-1061.277,67.312,0.324602,0.366410
1577,2RSH,76.35,0.688800,1.00,-2162.759,200.327,0.410410,0.571790
1578,2RSW,58.33,0.521700,1.00,-996.018,98.225,0.444911,0.210030
1579,2RT4,53.00,0.560400,1.00,-1086.383,103.146,0.827689,0.243250
1580,2RTY,92.50,0.788900,1.00,-1826.941,128.578,0.093927,0.744670
1581,2RTZ,84.48,0.670100,1.00,-2103.672,117.481,0.166525,0.595110
1582,2RU0,76.39,0.606600,1.00,-2802.122,148.836,0.276158,0.590320
1583,2RUM,44.74,0.463600,1.00,-872.924,113.596,0.531503,0.211130
1584,2RUN,59.72,0.550900,1.00,-1286.527,63.858,0.452566,0.288060
1585,2RUO,75.00,0.662900,1.00,-919.401,37.062,0.355173,0.405720
1586,2RUT,79.86,0.810400,1.00,-2271.754,176.430,0.548768,0.690000
1587,2RUU,84.72,0.790200,1.00,-1999.503,145.301,0.283287,0.676830
1588,2RUV,83.11,0.816300,1.00,-2162.759,200.327,0.414336,0.722470
1589,2RUW,81.76,0.783500,1.00,-1969.154,205.016,0.396167,0.683730
1590,2RUX,77.78,0.671300,1.00,-2062.702,192.975,0.381515,0.632710
1591,2RUY,77.70,0.750400,1.00,-2097.421,161.056,0.452985,0.623990
1592,2RUZ,82.24,0.840500,1.00,-2218.033,148.090,0.329001,0.712350
1593,2RV0,79.73,0.792600,1.00,-2199.846,156.259,0.594162,0.688070
1594,2RV1,79.05,0.731600,1.00,-2308.588,234.682,0.313874,0.657790
1595,2RV2,86.11,0.821200,1.00,-1913.529,151.291,0.333805,0.742460
1596,2RV3,74.31,0.785500,1.00,-1450.749,149.736,0.591677,0.654800
1597,2RV4,82.43,0.775400,1.00,-1953.077,159.287,0.332238,0.671490
1598,2RV5,83.57,0.808300,1.00,-2032.131,132.047,0.364610,0.739470
1599,2RVD,90.00,0.696600,1.00,-514.490,34.635,0.107418,0.429970
1600,2SH1,35.94,0.375700,1.00,-2613.523,339.659,0.970091,0.482100
1601,2V1V,87.93,0.709000,1.00,-1901.162,176.421,0.135498,0.574660
1602,2VY4,77.70,0.673300,1.00,-2589.658,121.745,0.347168,0.609140
1603,2VY5,78.38,0.683000,1.00,-2589.658,121.745,0.326826,0.624950
1604,2W0T,70.35,0.559900,1.00,-2890.541,224.520,0.385772,0.597810
1605,2W9O,57.07,0.475300,1.00,-2734.445,276.651,0.450634,0.478820
1606,2W9U,63.04,0.502300,1.00,-2631.047,281.396,0.449307,0.524130
1607,2W9V,50.00,0.441400,1.00,-2662.711,289.436,0.583807,0.425880
1608,2W9W,64.20,0.506600,1.00,-2552.995,265.607,0.399314,0.511990
1609,2WH9,84.72,0.731600,1.00,-2537.582,144.730,0.253331,0.692230
1610,2WXC,82.45,0.683500,1.00,-3653.425,174.002,0.212376,0.723310
1611,2XL1,65.62,0.604600,1.00,-1584.128,97.448,0.557649,0.470230
1612,2YRH,64.20,0.727800,1.00,-1901.899,263.775,0.836999,0.549330
1613,2YRJ,68.48,0.772000,1.00,-1987.725,250.704,0.558506,0.584230
1614,2YRM,71.51,0.735400,1.00,-2122.612,242.825,0.388447,0.605330
1615,2YSB,75.51,0.817300,1.00,-2820.514,201.278,0.617276,0.710550
1616,2YSC,78.85,0.765000,1.00,-2282.509,202.259,0.359939,0.636510
1617,2YSF,86.88,0.781400,1.00,-2485.339,175.793,0.328600,0.725550
1618,2YSG,76.88,0.718400,1.00,-2504.537,228.511,0.519635,0.653290
1619,2YSH,71.88,0.681700,1.00,-1987.721,173.152,0.562957,0.608810
1620,2YSI,73.75,0.749400,1.00,-2158.093,199.422,0.519143,0.605890
1621,2YSO,59.78,0.687200,1.00,-2397.872,233.433,0.775445,0.498990
1622,2YSP,60.87,0.709400,1.00,-2186.984,237.034,0.930768,0.532790
1623,2YSV,57.14,0.614400,1.00,-1943.772,218.192,0.665238,0.464450
1624,2YTA,70.73,0.762800,1.00,-1894.928,163.886,0.711789,0.624440
1625,2YTB,70.24,0.745400,1.00,-1918.218,188.370,0.666335,0.593700
1626,2YTD,76.63,0.759800,1.00,-2136.838,218.442,0.344497,0.634690
1627,2YTE,69.64,0.767700,1.00,-2075.679,196.967,0.745135,0.600670
1628,2YTF,66.30,0.744000,1.00,-2066.044,248.847,0.596357,0.580640
1629,2YTG,64.13,0.767600,1.00,-2154.392,201.121,0.953925,0.565610
1630,2YTH,59.24,0.738200,1.00,-1775.779,232.460,1.354627,0.534610
1631,2YTI,65.76,0.744100,1.00,-1990.549,227.205,0.521326,0.524950
1632,2YTJ,65.76,0.749900,1.00,-2227.363,218.086,0.689317,0.575720
1633,2YTK,65.76,0.718900,1.00,-2195.502,208.089,0.891599,0.582620
1634,2YTM,54.35,0.631100,1.00,-1967.989,245.392,1.025936,0.470230
1635,2YTN,65.22,0.702000,1.00,-1941.162,262.074,0.771441,0.583530
1636,2YTO,69.02,0.725500,1.00,-1915.175,221.105,0.867984,0.602550
1637,2YTP,64.13,0.754400,1.00,-2094.592,246.811,0.886058,0.577440
1638,2YTQ,63.04,0.740400,1.00,-2033.531,234.386,0.796936,0.549090
1639,2YTR,64.67,0.756400,1.00,-2005.318,225.761,1.049275,0.567300
1640,2YTS,74.46,0.762500,1.00,-1968.451,227.419,0.367185,0.606680
1641,2YTT,63.04,0.698200,1.00,-2325.802,229.740,0.868077,0.541150
1642,2YU5,69.32,0.733000,1.00,-2175.374,189.291,0.488997,0.545090
1643,2YU8,71.20,0.765900,1.00,-1879.612,259.554,0.672110,0.631670
1644,2YYF,35.00,0.479600,1.00,-630.632,73.553,0.710765,0.245730
1645,2Z3S,77.56,0.633600,1.00,-2963.360,194.741,0.211051,0.606300
1646,2ZAJ,67.35,0.689600,1.00,-2698.890,221.299,1.036791,0.593960
1647,2ZNF,93.06,0.737300,1.00,-904.231,74.713,0.106094,0.487180
1648,3BBG,70.00,0.603000,1.00,-3002.185,276.952,0.326263,0.526010
1649,3CMH,76.67,0.566900,1.00,-1032.114,34.425,0.360033,0.378600
1650,3CTI,94.83,0.770200,1.00,-1838.586,170.979,0.110381,0.769480
1651,3LEU,43.92,0.479700,1.00,-2095.765,196.968,0.874390,0.343270
1652,3MRA,82.00,0.748500,1.00,-1979.317,56.973,0.173459,0.597400
1653,3ZNF,84.17,0.711900,1.00,-2031.556,116.017,0.246807,0.611360
1654,4A24,86.70,0.723200,1.00,-3394.843,202.344,0.220867,0.782250
1655,4APD,44.35,0.558400,1.00,-1830.016,136.176,0.540215,0.340490
1656,4B19,70.00,0.739500,1.00,-2418.731,70.391,0.309692,0.495440
1658,4B2U,89.58,0.758700,1.00,-2523.740,199.356,0.199868,0.753870
1659,4B2V,91.41,0.758500,1.00,-1998.401,200.973,0.098428,0.720730
1660,4BMF,87.50,0.710500,1.00,-2392.259,196.203,0.170585,0.717980
1661,4CYK,67.68,0.627300,1.00,-2408.370,207.264,0.456579,0.534340
1662,4ZNF,85.83,0.698900,1.00,-2031.556,116.017,0.245811,0.591540
1663,5A4H,29.49,0.577200,1.00,-1281.034,224.913,1.758173,0.163210
1664,5AAY,89.17,0.766300,1.00,-1991.065,152.487,0.183814,0.753450
1665,5AAZ,85.94,0.764400,1.00,-2019.619,142.398,0.188194,0.643810
1666,5AHT,82.56,0.716400,1.00,-2767.593,226.521,0.303561,0.695570
1667,5FZV,82.81,0.756000,1.00,-1836.960,192.118,0.432009,0.707260
1668,5FZW,81.06,0.699700,1.00,-2291.521,173.186,0.398369,0.649000
1669,5FZX,76.39,0.638100,1.00,-2255.251,280.022,0.331396,0.588580
1671,5GSF,74.07,0.604400,1.00,-1814.571,191.079,0.226741,0.367560
1672,5GVO,33.33,0.413200,1.00,-853.331,81.120,0.931190,0.188750
1673,5H1H,57.81,0.540100,1.00,-573.172,117.972,0.546897,0.237380
1674,5H1I,38.89,0.407200,1.00,-577.738,114.748,0.563261,0.218260
1675,5H2S,83.00,0.692900,1.00,-1324.165,33.519,0.185434,0.530290
1676,5I1X,88.89,0.671800,1.00,-2241.083,170.127,0.160538,0.725660
1677,5I2P,92.36,0.714200,1.00,-2316.304,184.201,0.159220,0.776830
1678,5ID5,62.00,0.563400,1.00,-1417.392,102.723,0.472352,0.415420
1679,5IJ4,90.31,0.787000,1.00,-3497.634,259.095,0.177368,0.811100
1680,5ION,90.52,0.758800,1.00,-2149.562,90.693,0.144934,0.660120
1681,5IPO,77.08,0.650200,1.00,-3119.773,298.061,0.319123,0.678630
1682,5J8T,73.40,0.632000,1.00,-2728.529,364.193,0.350786,0.629010
1683,5JHI,96.43,0.767800,1.00,-2548.450,157.421,0.083571,0.840670
1684,5JI4,97.30,0.812700,1.00,-2842.320,187.608,0.097318,0.862570
1685,5JPL,35.29,0.434800,1.00,-601.366,148.750,0.976833,0.148320
1686,5JPX,77.78,0.611600,1.00,-3184.102,239.037,0.215734,0.667170
1687,5JYH,75.00,0.617000,1.00,-3024.047,197.807,0.350633,0.660980
1688,5KGY,87.50,0.681400,1.00,-1623.982,51.375,0.174624,0.391790
1689,5KGZ,47.73,0.579000,1.00,-3152.486,127.525,0.638722,0.355670
1690,5KHB,78.57,0.673200,1.00,-1525.602,39.570,0.236679,0.443330
1691,5KI0,39.47,0.339100,1.00,-253.481,160.010,0.597603,0.129690
1692,5KKM,90.91,0.774900,1.00,-1375.055,107.671,0.122545,0.452470
1693,5KVN,93.52,0.747300,1.00,-2086.549,154.790,0.104704,0.719400
1694,5KWO,91.35,0.743400,1.00,-1885.526,104.486,0.145501,0.643070
1695,5KWX,47.00,0.434200,1.00,-1190.845,172.689,0.660433,0.224100
1696,5KWZ,97.12,0.756400,1.00,-1904.993,85.331,0.070251,0.752260
1697,5KX0,68.27,0.481500,1.00,-1957.333,72.147,0.391878,0.446090
1698,5KX1,71.59,0.597100,1.00,-1193.014,100.661,0.226363,0.233260
1699,5KX2,54.17,0.412200,1.00,-1078.809,70.204,0.413774,0.210750
1700,5L1C,79.86,0.630300,1.00,-2344.900,169.490,0.259493,0.609950
1701,5L82,45.95,0.408000,1.00,-2750.965,182.220,0.784520,0.351330
1702,5LAH,36.11,0.375100,1.00,-2773.731,517.269,0.732870,0.322800
1703,5LBJ,90.71,0.796100,1.00,-2877.532,52.401,0.149928,0.763510
1704,5LCS,63.30,0.579900,1.00,-3396.904,278.495,1.145748,0.547450
1705,5LM0,91.96,0.716100,1.00,-2019.786,68.665,0.128978,0.704980
1706,5LME,75.00,0.645000,1.00,-2424.821,245.418,0.426677,0.600790
1707,5M9U,86.90,0.726300,1.00,-1324.662,108.321,0.126601,0.361330
1708,5N5A,29.73,0.527200,1.00,-1037.159,254.839,0.764848,0.306880
1709,5N5B,37.50,0.571100,1.00,-1018.185,161.677,0.559105,0.197840
1710,5NAM,61.98,0.675500,1.00,-3604.455,106.423,0.509739,0.554250
1711,5NAO,72.14,0.765400,1.00,-2776.915,68.695,0.520048,0.709740
1712,5NDA,80.30,0.780100,1.00,-2402.292,63.568,0.150413,0.646750
1713,5NVB,41.67,0.492400,1.00,-441.425,75.685,0.504539,0.246080
1714,5OAP,73.61,0.708600,1.00,-735.872,66.830,0.359854,0.398830
1715,5T3M,91.43,0.728700,1.00,-2371.574,180.682,0.109484,0.778680
1716,5T42,37.23,0.610600,1.00,-3533.179,97.958,1.135149,0.359590
1717,5T4R,88.57,0.701300,1.00,-2415.971,229.205,0.199000,0.718370
1718,5T7Q,76.19,0.695500,1.00,-1055.105,98.676,0.543503,0.415910
1719,5TCZ,70.31,0.500200,1.00,-1802.330,176.646,0.323809,0.444540
1720,5TJ1,36.84,0.446300,1.00,-771.003,98.472,0.990675,0.153390
1721,5TX8,91.07,0.725600,1.00,-2307.217,64.169,0.206405,0.773550
1722,5UG3,82.89,0.660000,1.00,-1016.950,93.651,0.219100,0.349210
1723,5UG5,80.26,0.651200,1.00,-1039.656,112.895,0.368025,0.457000
1724,5UI6,36.11,0.506400,1.00,-442.137,95.329,1.136285,0.154300
1725,5UI7,44.74,0.476200,1.00,-741.441,96.753,0.647724,0.166430
1726,5UJG,76.04,0.609500,1.00,-1500.971,87.619,0.256970,0.362660
1727,5UJH,59.78,0.505800,1.00,-1270.505,108.968,0.384512,0.177710
1728,5UJQ,63.79,0.643200,1.00,-1951.062,34.398,0.552356,0.439440
1729,5UJR,64.39,0.605200,1.00,-2163.893,55.001,0.483546,0.425430
1730,5UKZ,53.98,0.420900,1.00,-2959.201,155.017,0.506392,0.406370
1731,5UOI,87.79,0.659800,1.00,-3804.301,118.737,0.178045,0.783520
1732,5UP5,85.00,0.647000,1.00,-3395.823,151.670,0.169812,0.702920
1733,5UY2,46.25,0.537300,1.00,-1317.971,36.290,0.551408,0.128480
1734,5UZL,34.09,0.539700,1.00,-1468.610,199.150,1.384667,0.236390
1735,5V0Y,96.43,0.811100,1.00,-1461.828,113.748,0.071352,0.494250
1736,5V11,95.24,0.729900,1.00,-1208.185,111.767,0.089357,0.391720
1737,5V2B,55.00,0.590100,1.00,-1251.905,46.090,0.443999,0.187820
1738,5V4C,50.00,0.510200,1.00,-342.464,139.651,0.402998,0.109430
1739,5V4U,58.12,0.615000,1.00,-2679.711,85.896,0.444968,0.562690
1740,5VAV,46.43,0.559700,1.00,-452.466,70.689,0.807880,0.250970
1741,5VFW,55.00,0.436800,1.00,-2034.163,57.231,0.502272,0.260860
1742,5VL6,36.76,0.457500,1.00,-376.109,123.515,0.590180,0.211650
1743,5VR5,55.00,0.517200,1.00,-1350.432,51.498,0.399796,0.185050
1744,5W54,50.00,0.493700,1.00,-1050.690,214.427,0.636178,0.285380
1745,5W9F,93.90,0.773200,1.00,-3302.321,195.138,0.108540,0.825560
1746,5WCV,92.24,0.788000,1.00,-1845.885,113.181,0.079404,0.718400
1747,5WE3,80.88,0.652800,1.00,-2451.917,195.130,0.190610,0.609020
1748,5WOD,83.55,0.745900,1.00,-3089.366,67.971,0.140097,0.663590
1749,5WOV,78.68,0.690100,1.00,-2033.560,134.116,0.349669,0.624020
1750,5WOW,73.08,0.611100,1.00,-2382.280,232.597,0.552011,0.588620
1751,5WRX,44.23,0.464000,1.00,-452.279,45.252,0.555644,0.231110
1752,5WUZ,65.70,0.568800,1.00,-3050.429,209.066,0.316866,0.477710
1753,5WXE,73.21,0.585400,1.00,-2053.324,147.336,0.249065,0.408390
1754,5WYE,34.38,0.507100,1.00,-419.826,87.274,0.907619,0.214650
1755,5X34,95.14,0.815400,1.00,-2432.378,209.950,0.088673,0.798030
1756,5X35,99.31,0.846200,1.00,-2432.378,209.950,0.062483,0.882260
1757,5X36,97.92,0.854600,1.00,-2432.378,209.950,0.066421,0.870360
1758,5X37,97.92,0.845800,1.00,-2432.378,209.950,0.069470,0.865070
1759,5X38,99.31,0.867600,1.00,-2432.378,209.950,0.052455,0.912190
1760,5X39,97.22,0.845900,1.00,-2384.294,185.356,0.071044,0.855950
1761,5X3C,96.53,0.832700,1.00,-2281.130,201.618,0.074518,0.845630
1762,5X3L,75.00,0.651100,1.00,-1347.933,35.900,0.278574,0.311940
1763,5XA6,73.68,0.577500,1.00,-2326.697,231.469,0.311795,0.557210
1764,5XBD,68.06,0.563900,1.00,-2199.282,162.070,0.294912,0.448270
1765,5XDI,61.88,0.578800,1.00,-2727.429,197.816,0.315445,0.478000
1766,5XDJ,84.52,0.791200,1.00,-1286.672,31.759,0.132538,0.485340
1767,5XEK,82.14,0.640100,1.00,-3339.320,189.177,0.257281,0.698190
1768,5XIV,52.50,0.538600,1.00,-968.279,78.628,0.736668,0.146530
1769,5XM4,44.12,0.546100,1.00,-520.828,97.613,1.075738,0.205370
1770,5XNG,91.18,0.718100,1.00,-1462.875,32.354,0.102218,0.460780
1771,5XO3,67.86,0.650900,1.00,-965.613,80.275,0.339090,0.255640
1772,5XO4,65.48,0.612500,1.00,-795.358,127.700,0.473863,0.253370
1773,5XO5,71.43,0.629100,1.00,-777.122,158.783,0.260079,0.216480
1774,5XRX,57.35,0.538600,1.00,-1462.875,32.354,0.577644,0.286410
1775,5Y0H,86.90,0.671300,1.00,-1152.470,106.214,0.202218,0.352280
1776,5Y0I,83.33,0.728300,1.00,-1207.046,114.347,0.159459,0.346650
1777,5Y0J,90.48,0.768900,1.00,-1237.524,102.434,0.108543,0.393450
1778,5Y22,79.55,0.722300,1.00,-1360.903,71.876,0.344817,0.394850
1779,5Y3U,81.82,0.720800,1.00,-1360.903,71.876,0.286406,0.384270
1780,5YKK,68.06,0.550400,1.00,-1181.160,40.476,0.424075,0.325990
1781,5YKL,63.16,0.546300,1.00,-1231.254,43.592,0.443467,0.254450
1782,5YKQ,63.16,0.533200,1.00,-1327.442,46.404,0.459844,0.306510
1783,5YZ6,87.24,0.719500,1.00,-4378.519,158.013,0.140134,0.779990
1784,5YZK,87.76,0.728300,1.00,-4322.709,229.576,0.135402,0.788790
1785,5Z1Y,48.81,0.532100,1.00,-905.351,59.415,0.663438,0.278500
1786,5Z26,55.56,0.518900,1.00,-908.782,29.913,0.591197,0.266440
1787,5Z2O,91.67,0.742600,1.00,-1089.756,34.777,0.158684,0.505100
1788,5Z31,44.44,0.524200,1.00,-623.880,110.605,0.779812,0.209540
1789,5Z32,40.28,0.483400,1.00,-597.814,113.909,0.752176,0.191690
1790,5Z5W,75.00,0.576100,1.00,-850.133,24.495,0.278227,0.436050
1791,5Z5X,73.61,0.556000,1.00,-1278.269,46.199,0.418343,0.434390
1792,5ZCN,34.52,0.425600,1.00,-971.653,78.002,0.859161,0.194220
1793,5ZNF,95.00,0.780800,1.00,-1943.958,137.602,0.117730,0.793070
1794,5ZV6,77.50,0.689600,1.00,-1734.371,181.069,0.196506,0.483330
1795,5ZYX,60.00,0.540000,1.00,-1365.011,48.983,0.577305,0.283330
1796,6A5J,80.77,0.670100,1.00,-719.127,23.056,0.222912,0.391510
1797,6A8Y,32.69,0.451900,1.00,-892.113,294.912,0.677018,0.176220
1798,6AAB,66.67,0.644400,1.00,-795.358,127.700,0.517831,0.249950
1799,6AFQ,76.19,0.698000,1.00,-965.613,80.275,0.323791,0.302850
1800,6AHZ,56.43,0.672300,1.00,-2177.181,114.608,0.591378,0.372650
1801,6AK0,41.67,0.453300,1.00,-1344.154,110.858,0.678059,0.153880
1802,6AX2,70.65,0.564900,1.00,-3209.742,312.315,0.287832,0.559950
1803,6B3U,65.00,0.734600,1.00,-3399.438,117.404,0.523551,0.539980
1804,6B5W,30.26,0.430600,1.00,-771.003,98.472,1.062834,0.123520
1805,6B9K,62.50,0.549000,1.00,-343.665,52.594,0.305772,0.238940
1806,6B9W,78.68,0.650800,1.00,-2735.747,126.578,0.346542,0.590360
1807,6BAM,83.82,0.622700,1.00,-2554.871,115.448,0.264174,0.678760
1808,6BB6,81.62,0.657200,1.00,-2776.592,126.181,0.287128,0.653830
1809,6BEQ,45.00,0.529800,1.00,-231.286,45.562,0.656501,0.199490
1810,6BET,43.75,0.554300,1.00,-351.622,50.413,0.765390,0.254710
1811,6BEU,53.57,0.497000,1.00,-704.085,68.532,0.475186,0.256170
1812,6BI5,83.06,0.685100,1.00,-2510.407,123.327,0.343123,0.644820
1813,6BJF,98.08,0.706700,1.00,-946.830,26.196,0.065867,0.478770
1814,6BUC,93.06,0.790600,1.00,-2374.387,145.394,0.116521,0.797960
1815,6BVU,39.29,0.456200,1.00,-544.734,78.818,0.659808,0.182350
1816,6BVW,35.71,0.427300,1.00,-544.734,78.818,0.735900,0.148900
1817,6BVX,48.21,0.548300,1.00,-599.885,76.509,0.713599,0.181610
1818,6BX9,50.00,0.468000,1.00,-786.424,87.375,0.469676,0.182970
1819,6CEG,92.50,0.690700,1.00,-1723.042,183.086,0.138013,0.733870
1820,6CEI,92.97,0.791200,1.00,-1890.366,240.660,0.118950,0.768800
1821,6CEJ,66.07,0.507300,1.00,-491.478,70.540,0.273543,0.276350
1822,6CFA,78.95,0.735900,1.00,-1181.446,28.892,0.209737,0.278770
1823,6CFB,62.90,0.564300,1.00,-1696.540,131.236,0.385112,0.404290
1824,6CGW,73.28,0.574100,1.00,-1883.408,172.387,0.288499,0.404460
1825,6CGX,70.45,0.674500,1.00,-1160.872,82.280,0.699237,0.411950
1826,6CHC,61.67,0.480200,1.00,-1924.927,145.851,0.407006,0.302780
1829,6CJ8,80.88,0.615900,1.00,-1183.116,47.617,0.180505,0.300980
1830,6CKD,88.19,0.716000,1.00,-2673.841,127.693,0.115036,0.712900
1831,6CKF,86.81,0.729800,1.00,-2673.841,127.693,0.148913,0.703330
1832,6CMH,60.71,0.502400,1.00,-1114.691,89.678,0.544707,0.278730
1833,6COO,72.06,0.591100,1.00,-1058.491,57.052,0.285779,0.328160
1834,6COP,82.35,0.620400,1.00,-1283.320,40.649,0.169937,0.360480
1835,6COQ,85.29,0.652600,1.00,-1228.425,38.188,0.147287,0.384530
1836,6COR,85.29,0.682400,1.00,-1188.956,34.530,0.219594,0.481150
1837,6COS,70.59,0.569100,1.00,-1183.116,47.617,0.360688,0.302560
1838,6COT,72.06,0.612200,1.00,-1262.276,45.091,0.300132,0.363940
1839,6COU,80.88,0.626300,1.00,-1259.050,39.404,0.299136,0.412100
1840,6COV,69.12,0.532900,1.00,-1262.276,45.091,0.431398,0.319990
1841,6COW,85.29,0.624300,1.00,-1183.116,47.617,0.205784,0.413960
1842,6CSK,86.84,0.742200,1.00,-1064.102,38.738,0.130455,0.417280
1843,6CSZ,88.16,0.749400,1.00,-998.998,32.872,0.216219,0.517490
1844,6CT1,73.68,0.648700,1.00,-1275.309,77.322,0.320037,0.364120
1845,6CT4,82.89,0.626900,1.00,-1259.775,34.001,0.277147,0.523310
1846,6D3T,97.50,0.724300,1.00,-2004.197,131.218,0.077495,0.811140
1847,6D8H,93.75,0.777900,1.00,-2124.135,154.257,0.124550,0.788520
1848,6D8Q,95.97,0.786500,1.00,-2118.975,111.605,0.128101,0.827760
1849,6D8R,91.13,0.744600,1.00,-2190.375,125.836,0.140150,0.693120
1850,6D8S,95.16,0.732400,1.00,-2054.303,182.495,0.088100,0.743500
1851,6D8T,94.35,0.730700,1.00,-2190.676,106.197,0.105540,0.763180
1852,6D8U,95.16,0.751700,1.00,-2102.825,125.835,0.115652,0.782110
1853,6D8Y,90.32,0.711400,1.00,-1998.609,129.006,0.137294,0.703950
1854,6D93,95.97,0.761800,1.00,-2073.064,115.016,0.123382,0.778520
1855,6D9O,93.55,0.742800,1.00,-2166.729,128.021,0.133335,0.747160
1856,6D9P,92.74,0.772100,1.00,-2205.476,106.137,0.104402,0.730560
1857,6DHR,87.93,0.752700,1.00,-1843.997,168.917,0.227116,0.720420
1858,6DMZ,90.96,0.722100,1.00,-3363.367,206.477,0.119347,0.823270
1859,6DST,71.15,0.722500,1.00,-1908.603,54.271,0.305900,0.392250
1860,6DZ9,48.21,0.569100,1.00,-398.933,62.847,1.071296,0.294310
1861,6DZA,42.19,0.552800,1.00,-432.472,78.541,0.985500,0.155720
1862,6DZB,40.62,0.517100,1.00,-461.133,101.119,0.637835,0.208010
1863,6DZC,43.75,0.549700,1.00,-483.315,90.776,0.624666,0.187330
1864,6DZE,43.75,0.516500,1.00,-394.454,108.655,0.970441,0.226950
1865,6E1L,72.92,0.591600,1.00,-1395.868,131.645,0.300076,0.385580
1867,6EFE,75.00,0.639800,1.00,-2137.503,83.757,0.234876,0.397200
1868,6ENA,87.10,0.750100,1.00,-2012.667,123.789,0.239651,0.733190
1869,6F46,45.00,0.555400,1.00,-2590.327,68.524,0.822282,0.386350
1870,6F61,94.35,0.779800,1.00,-1973.750,131.987,0.121580,0.756210
1871,6FGM,91.67,0.706500,1.00,-663.161,40.396,0.101856,0.384350
1872,6FS4,69.35,0.623300,1.00,-2259.623,92.667,0.398516,0.556650
1873,6FS5,50.64,0.645300,1.00,-2845.191,126.199,0.679683,0.391740
1874,6G4I,75.00,0.698900,1.00,-1534.149,75.434,0.240855,0.386140
1875,6G4K,70.83,0.682700,1.00,-1534.149,75.434,0.329091,0.382290
1876,6G4U,63.54,0.725400,1.00,-1534.149,75.434,0.526981,0.398260
1877,6G4V,59.38,0.644200,1.00,-1527.196,89.626,0.495440,0.347610
1878,6G4X,60.42,0.637800,1.00,-1527.196,89.626,0.576855,0.329500
1880,6GIF,72.50,0.696600,1.00,-1968.429,95.770,0.385922,0.522470
1881,6GIG,65.83,0.676200,1.00,-2063.557,86.233,0.503147,0.496390
1882,6GIJ,76.67,0.629000,1.00,-822.260,23.117,0.306323,0.346050
1883,6GIK,67.31,0.542400,1.00,-733.855,19.864,0.331935,0.259340
1884,6GIL,48.08,0.519200,1.00,-680.597,25.225,0.473211,0.169730
1885,6GNZ,71.30,0.691900,1.00,-1813.716,25.869,0.404107,0.457620
1886,6GO0,74.04,0.690800,1.00,-1355.032,42.899,0.367404,0.471170
1887,6GS5,82.69,0.646000,1.00,-1140.020,26.984,0.239213,0.489590
1888,6GS9,90.62,0.715500,1.00,-930.709,35.774,0.115450,0.416120
1889,6HH0,65.00,0.659700,1.00,-1589.377,60.465,0.383115,0.313010
1890,6HN9,67.42,0.633200,1.00,-2122.538,75.236,0.303952,0.468250
1891,6HT4,78.75,0.675600,1.00,-958.721,94.819,0.311897,0.286150
1892,6HZ2,70.37,0.706600,1.00,-1717.831,28.011,0.258098,0.470360
1893,6IHA,73.33,0.774200,1.00,-1668.358,65.656,0.240467,0.452580
1894,6ITH,60.37,0.707500,1.00,-3180.362,165.499,0.510630,0.639820
1895,6J12,41.96,0.484400,1.00,-2160.067,69.727,0.802139,0.313420
1896,6J9P,91.67,0.656400,1.00,-803.431,17.564,0.123785,0.559190
1897,6JI7,73.61,0.606200,1.00,-2840.440,167.469,0.266873,0.535200
1898,6JIC,56.94,0.438000,1.00,-2046.197,192.754,0.666880,0.486490
1899,6K4V,52.50,0.616800,1.00,-1605.081,400.015,0.619146,0.389970
1900,6K4W,39.44,0.357700,1.00,-2933.342,193.959,1.007215,0.266040
1901,6K50,80.00,0.659600,1.00,-3019.307,152.032,0.280218,0.673650
1902,6K51,82.50,0.666200,1.00,-3043.714,155.833,0.268822,0.705200
1903,6KLM,79.41,0.611100,1.00,-2393.148,217.059,0.260848,0.559610
1904,6KRA,68.94,0.547700,1.00,-2166.278,186.783,0.317097,0.501380
1905,6L8R,39.39,0.446300,1.00,-968.512,238.190,0.626565,0.222890
1906,6LF5,94.85,0.773600,1.00,-2531.245,131.340,0.088322,0.810960
1907,6M0Y,85.42,0.614300,1.00,-675.090,32.131,0.234313,0.550160
1908,6M19,38.33,0.458300,1.00,-701.298,66.287,0.708909,0.130380
1909,6M56,33.33,0.243300,1.00,-1991.819,188.271,1.354721,0.226790
1910,6M5C,76.28,0.658900,1.00,-2573.104,158.740,0.238672,0.586880
1911,6MBM,92.19,0.729400,1.00,-1040.743,49.502,0.137233,0.428070
1912,6MF8,46.74,0.551400,1.00,-3434.454,95.739,1.420145,0.408650
1913,6MJV,75.00,0.607900,1.00,-1678.140,138.770,0.248605,0.521950
1914,6MK4,95.83,0.714200,1.00,-1921.031,183.608,0.089144,0.786570
1915,6MK5,82.35,0.663300,1.00,-2403.079,192.892,0.242335,0.651720
1916,6MM4,86.36,0.716100,1.00,-2012.033,144.254,0.168700,0.674930
1917,6MW6,43.42,0.433500,1.00,-816.311,79.729,0.884741,0.197050
1918,6MZT,89.19,0.678300,1.00,-2419.314,199.865,0.167645,0.726470
1919,6NK9,82.81,0.646300,1.00,-1781.933,138.262,0.331874,0.644850
1920,6NOM,54.79,0.510700,1.00,-3238.684,299.002,0.560479,0.452740
1921,6NOX,57.14,0.420300,1.00,-616.720,80.940,0.365522,0.265420
1922,6NUG,81.25,0.643700,1.00,-1541.331,80.605,0.163396,0.374990
1923,6NW8,63.89,0.467600,1.00,-1301.195,191.561,0.493931,0.431060
1924,6O3Q,77.04,0.687200,1.00,-3958.031,171.903,0.309309,0.674080
1925,6O3S,78.19,0.658300,1.00,-3755.894,123.961,0.259787,0.687960
1931,6OBK,68.60,0.566000,1.00,-4582.579,134.250,0.275341,0.589440
1932,6OBW,60.29,0.522900,1.00,-1148.211,40.868,0.495634,0.248390
1933,6OC2,54.41,0.464500,1.00,-1188.938,41.029,0.427202,0.215970
1934,6OC4,63.24,0.558700,1.00,-1299.175,42.298,0.412669,0.331260
1935,6OFA,90.15,0.766400,1.00,-2800.550,154.732,0.151124,0.722420
1936,6OLD,66.18,0.536000,1.00,-1299.175,42.298,0.465356,0.289360
1937,6OQP,75.00,0.605000,1.00,-605.223,58.673,0.198214,0.293390
1938,6OTA,59.38,0.539100,1.00,-738.028,51.651,0.329257,0.195100
1939,6OTB,59.21,0.454700,1.00,-994.532,64.044,0.483981,0.272970
1940,6OVJ,51.92,0.470700,1.00,-577.752,45.432,0.447006,0.339900
1941,6PIN,93.06,0.756300,1.00,-995.818,108.138,0.131931,0.436890
1942,6PIO,94.44,0.736700,1.00,-990.403,80.379,0.096944,0.482260
1943,6PIP,88.89,0.750600,1.00,-940.216,118.467,0.155409,0.441490
1945,6POR,32.14,0.479700,1.00,-1448.582,132.483,1.192148,0.190200
1946,6PPC,79.55,0.719800,1.00,-1754.846,187.355,0.271243,0.582910
1947,6PX7,76.47,0.689500,1.00,-1894.505,211.183,0.313045,0.561850
1948,6PX8,85.81,0.707700,1.00,-2673.832,127.026,0.275389,0.741790
1949,6Q1X,26.52,0.378900,1.00,-1448.636,256.862,1.084487,0.195130
1950,6Q5Z,62.93,0.481000,1.00,-1643.221,226.814,0.530699,0.365800
1951,6QAX,69.23,0.651500,1.00,-256.358,52.252,0.440276,0.392800
1952,6QB0,48.08,0.598700,1.00,-168.699,65.548,0.465532,0.292370
1953,6QB1,63.46,0.642100,1.00,-238.167,62.824,0.406617,0.253550
1954,6QES,85.62,0.709300,1.00,-3223.795,237.371,0.256326,0.727740
1955,6QET,80.95,0.674500,1.00,-2567.153,175.827,0.476564,0.694670
1956,6QJB,81.88,0.667400,1.00,-2375.461,282.368,0.191783,0.662470
1957,6QKF,86.11,0.643400,1.00,-1032.262,62.517,0.195827,0.425670
1958,6R2X,72.00,0.604000,1.00,-1921.667,58.605,0.366636,0.506720
1959,6R95,61.46,0.665300,1.00,-1625.678,51.826,0.459815,0.340960
1960,6R96,55.21,0.649200,1.00,-1625.678,51.826,0.666266,0.313250
1961,6RRL,89.58,0.647100,1.00,-897.850,31.184,0.193589,0.444630
1962,6RRO,97.73,0.639100,1.00,-600.151,24.719,0.061251,0.473360
1963,6RSF,54.00,0.466700,1.00,-1487.037,72.267,0.404845,0.215010
1964,6RSG,46.00,0.477000,1.00,-1249.682,64.958,0.615785,0.202220
1965,6RSM,75.00,0.505500,1.00,-593.325,20.751,0.284576,0.403740
1966,6RY9,50.96,0.523600,1.00,-1194.798,38.806,0.468072,0.218620
1967,6RYQ,53.75,0.478900,1.00,-1020.855,19.962,0.440550,0.119070
1968,6RZ1,43.75,0.536100,1.00,-1457.660,27.608,0.610231,0.172090
1969,6RZC,54.00,0.540300,1.00,-1267.406,48.419,0.400213,0.258910
1970,6S2D,50.00,0.573100,1.00,-1287.824,26.311,0.568109,0.211900
1971,6SAA,91.07,0.749600,1.00,-1521.625,187.528,0.131659,0.615420
1972,6SAB,62.50,0.529600,1.00,-2329.313,179.156,0.589115,0.430500
1973,6SFT,31.25,0.459400,1.00,-1366.143,254.970,1.112866,0.217990
1974,6SVC,82.86,0.735900,1.00,-2240.026,157.554,0.201728,0.621420
1975,6SVE,87.86,0.722100,1.00,-2240.026,157.554,0.153966,0.706490
1976,6SVH,90.71,0.747700,1.00,-2240.026,157.554,0.140013,0.717650
1977,6SY2,83.67,0.768400,1.00,-3718.403,293.825,0.261348,0.733590
1978,6SZF,23.21,0.327500,1.00,-1523.048,387.472,1.549691,0.219100
1979,6T33,35.80,0.359100,1.00,-2661.478,244.294,0.654994,0.265900
1980,6TVJ,42.50,0.448400,1.00,-333.434,49.103,0.577669,0.217280
1981,6TWG,94.23,0.682900,1.00,-880.267,42.022,0.182153,0.601970
1982,6U24,53.57,0.574000,1.00,-405.046,63.710,0.620134,0.174270
1983,6U6G,50.00,0.384300,1.00,-2525.299,170.384,0.890351,0.311280
1984,6U7Q,46.43,0.557100,1.00,-370.843,74.139,0.802117,0.229330
1985,6U7R,92.86,0.745300,1.00,-664.923,59.275,0.081413,0.359920
1986,6U7S,53.57,0.711000,1.00,-432.656,52.159,1.017048,0.307610
1987,6U7U,46.43,0.558800,1.00,-355.365,67.239,0.775616,0.250800
1988,6U7W,58.93,0.693500,1.00,-437.362,63.685,1.101251,0.343980
1989,6U7X,50.00,0.613000,1.00,-421.017,64.485,0.984979,0.198580
1990,6UCH,58.54,0.602800,1.00,-2574.831,131.379,0.666015,0.485890
1991,6V1N,55.88,0.507900,1.00,-1333.343,27.738,0.444795,0.257160
1992,6V6T,77.86,0.665700,1.00,-2538.712,159.420,0.284521,0.591530
1993,6VE9,47.62,0.451700,1.00,-1424.928,75.005,0.621780,0.232660
1994,6VGT,37.50,0.418500,1.00,-1836.948,215.422,1.077636,0.301850
1995,6VH8,75.00,0.658700,1.00,-3144.309,190.363,0.224558,0.547310
1996,6VLA,86.76,0.694600,1.00,-1135.837,39.846,0.146038,0.373880
1997,6VLJ,40.79,0.433100,1.00,-704.985,80.442,0.646000,0.181000
1998,6VNZ,91.94,0.739900,1.00,-2166.827,113.880,0.125585,0.701870
1999,6VPN,95.74,0.782200,1.00,-3316.250,222.650,0.086033,0.882810
2000,6VXG,24.42,0.351900,1.00,-1464.696,281.769,1.169465,0.242100
2001,6VY8,58.93,0.605400,1.00,-405.046,63.710,0.590913,0.291050
2002,6WQJ,80.71,0.627100,1.00,-2885.050,125.386,0.237338,0.576350
2003,6WQL,78.57,0.663700,1.00,-3803.872,164.476,0.301147,0.696500
2004,6X7I,80.36,0.687700,1.00,-2179.168,26.014,0.460694,0.679290
2005,6XCR,60.00,0.712900,1.00,-3356.741,111.529,0.534923,0.564110
2006,6XCU,64.44,0.671500,1.00,-3122.221,122.606,0.765920,0.563340
2007,6XN9,29.76,0.437000,1.00,-2240.358,376.730,0.947407,0.214410
2008,6XTH,34.72,0.428800,1.00,-781.833,144.788,0.788933,0.127590
2009,6XTI,36.76,0.480000,1.00,-410.503,117.511,0.915549,0.093790
2010,6XYH,91.88,0.711600,1.00,-2538.533,249.586,0.151938,0.790460
2011,6XYI,83.93,0.659500,1.00,-2506.632,278.632,0.194561,0.692020
2012,6Y1Q,41.07,0.393000,1.00,-998.276,37.698,0.754751,0.252880
2013,6YHF,72.50,0.669200,1.00,-1863.822,61.047,0.275851,0.464780
2014,6YHI,62.50,0.714300,1.00,-2251.427,52.935,0.457011,0.519260
2015,6YHO,62.50,0.727400,1.00,-2083.797,64.227,0.378680,0.444830
2016,6YHP,67.50,0.721600,1.00,-1967.643,43.185,0.325191,0.480200
2017,6YHX,75.83,0.732200,1.00,-1957.739,50.523,0.202974,0.488690
2018,6YJL,44.70,0.479800,1.00,-1872.041,140.987,0.704518,0.230470
2019,6YSE,94.57,0.779400,1.00,-4497.969,108.256,0.081245,0.880700
2020,6Z0G,47.45,0.607400,1.00,-3118.576,164.543,0.936935,0.459020
2021,6Z0H,63.78,0.677900,1.00,-3035.594,174.265,0.553880,0.539710
2022,6Z0I,50.00,0.571900,1.00,-3118.576,164.543,1.090144,0.418720
2023,7ALD,93.75,0.664700,1.00,-1173.643,124.383,0.107498,0.458150
2024,7ASY,58.33,0.626900,1.00,-2657.265,79.474,0.473653,0.409410
2025,7AT7,63.64,0.699600,1.00,-2484.388,127.280,0.551703,0.544600
2026,7ATB,63.64,0.675500,1.00,-2865.746,84.072,0.515174,0.515480
2027,7AY8,83.33,0.719600,1.00,-2296.540,176.404,0.260277,0.677130
2028,7B2F,58.87,0.590500,1.00,-2012.157,81.425,0.498943,0.460430
2029,7BW5,39.71,0.504400,1.00,-560.747,60.906,0.984285,0.088700
2030,7BWI,36.31,0.375400,1.00,-2773.105,263.430,0.941516,0.436420
2031,7BX2,94.64,0.691200,1.00,-798.799,24.437,0.102478,0.504580
2032,7BZ7,36.67,0.406100,1.00,-847.776,43.943,0.662589,0.224090
2033,7BZ8,43.33,0.402000,1.00,-943.729,40.580,0.726251,0.179320
2034,7BZ9,36.67,0.523700,1.00,-598.779,58.117,0.957202,0.171990
2035,7BZA,45.00,0.420600,1.00,-850.718,53.012,0.636077,0.117220
2036,7CCN,92.65,0.780200,1.00,-619.085,94.786,0.091735,0.469200
2037,7CCO,97.06,0.741900,1.00,-619.085,94.786,0.065526,0.589380
2038,7CK5,66.07,0.656600,1.00,-1831.670,61.707,0.349893,0.514920
2039,7CKD,36.54,0.315200,1.00,-2667.154,328.951,0.827894,0.260560
2040,7CKE,61.54,0.515300,1.00,-2667.154,328.951,0.478437,0.451080
2041,7CSS,51.92,0.509400,1.00,-606.143,44.169,0.458599,0.159040
2042,7CU6,43.33,0.388500,1.00,-859.978,67.395,0.647217,0.119100
2043,7D13,67.95,0.694600,1.00,-2615.722,44.323,0.496864,0.593080
2044,7D16,46.15,0.555400,1.00,-2615.722,44.323,0.900474,0.426370
2045,7D37,65.38,0.592500,1.00,-606.143,44.169,0.359431,0.309110
2046,7DEH,78.23,0.667500,1.00,-1829.076,73.583,0.200739,0.505540
2047,7EDK,61.84,0.484600,1.00,-947.492,83.471,0.429212,0.158240
2048,7EES,32.50,0.465200,1.00,-740.785,107.354,1.065163,0.191920
2049,7ELY,46.15,0.493700,1.00,-1512.395,245.879,0.580239,0.202280
2050,7F32,76.39,0.690000,1.00,-1012.044,81.632,0.195906,0.259040
2051,7JIA,77.08,0.611300,1.00,-1062.585,102.721,0.251018,0.392170
2052,7JIY,95.83,0.776000,1.00,-1529.930,112.009,0.085478,0.560080
2053,7JNN,89.67,0.697100,1.00,-3747.448,194.424,0.155081,0.808530
2054,7JPM,75.60,0.658300,1.00,-2452.633,204.955,0.377332,0.618300
2055,7JS6,35.00,0.486200,1.00,-410.653,88.117,0.893731,0.133400
2056,7K1M,93.75,0.767700,1.00,-652.994,45.122,0.080049,0.547100
2057,7K7X,77.59,0.660100,1.00,-1986.582,158.216,0.261124,0.493580
2058,7KNN,79.69,0.646300,1.00,-834.192,74.483,0.215254,0.291910
2059,7KPD,79.31,0.646800,1.00,-2341.252,156.682,0.409492,0.522140
2060,7L53,42.86,0.376900,1.00,-1921.557,157.694,0.580425,0.196170
2061,7L54,38.39,0.375400,1.00,-1921.557,157.694,0.604714,0.254230
2062,7L55,36.61,0.309300,1.00,-1921.557,157.694,0.717390,0.154940
2063,7L7A,48.21,0.465100,1.00,-655.458,100.057,0.474852,0.217090
2064,7L83,53.38,0.664500,1.00,-2805.278,80.899,1.324981,0.466530
2065,7LCW,31.67,0.483000,1.00,-414.672,97.148,0.932184,0.153590
2066,7LGL,49.47,0.396300,1.00,-3254.714,342.814,0.941809,0.402270
2067,7LGV,53.65,0.530400,1.00,-3227.600,308.907,0.795533,0.460440
2068,7LHC,87.93,0.746200,1.00,-1893.259,154.038,0.232395,0.680140
2069,7LI2,45.45,0.487600,1.00,-935.768,149.048,0.816737,0.172300
2070,7LIF,48.86,0.487500,1.00,-935.768,149.048,0.775674,0.197280
2071,7LP4,67.55,0.524000,1.00,-3308.596,226.570,0.529503,0.567790
2072,7LQR,79.76,0.688900,1.00,-1266.979,79.658,0.265605,0.369850
2073,7LQS,75.00,0.552400,1.00,-889.563,64.652,0.322722,0.360510
2074,7LRW,64.29,0.518400,1.00,-1548.874,76.821,0.476074,0.255280
2075,7LSO,93.06,0.777700,1.00,-1232.623,20.616,0.079286,0.657940
2076,7LSP,84.72,0.711500,1.00,-1232.623,20.616,0.120319,0.541890
2077,7LT7,29.29,0.271600,1.00,-1827.621,228.740,1.578073,0.195410
2078,7LVE,68.62,0.610300,1.00,-3798.798,157.246,0.331270,0.524260
2079,7LVG,52.78,0.515500,1.00,-3519.064,126.434,0.674695,0.438170
2080,7LX4,72.56,0.582900,1.00,-2891.750,284.353,0.363888,0.565070
2081,7LZL,90.54,0.736500,1.00,-2489.068,146.907,0.160714,0.748900
2082,7M1D,48.96,0.438800,1.00,-2997.485,215.417,0.761730,0.389600
2083,7M1E,69.64,0.706600,1.00,-1896.143,34.481,0.323903,0.450630
2084,7M3U,38.89,0.325800,1.00,-1803.239,191.794,0.777822,0.272270
2085,7MJ3,27.84,0.345800,1.00,-3175.546,337.057,0.870603,0.304520
2086,7MY8,36.31,0.529700,1.00,-2714.500,137.552,1.193647,0.287580
2087,7N0T,81.25,0.640400,1.00,-791.497,89.873,0.241246,0.287040
2088,7N21,72.06,0.574100,1.00,-697.649,45.236,0.243576,0.310520
2089,7N23,85.29,0.669200,1.00,-697.649,45.236,0.204686,0.333930
2090,7N25,82.81,0.645500,1.00,-791.497,89.873,0.252371,0.276140
2091,7NIP,67.68,0.619000,1.00,-3725.872,128.333,0.301166,0.504450
2092,7NS1,81.45,0.797600,1.00,-2731.909,60.119,0.198104,0.728860
2093,7OB2,47.50,0.444100,1.00,-301.494,56.662,0.344071,0.188810
2094,7OD2,86.03,0.664600,1.00,-2428.419,195.575,0.143973,0.654160
2095,7OFM,76.67,0.732400,1.00,-1906.999,85.648,0.328075,0.570490
2096,7OFO,79.17,0.722500,1.00,-1906.999,85.648,0.248562,0.563380
2097,7OSC,72.92,0.717700,1.00,-1518.742,150.012,0.275492,0.353380
2099,7P3M,96.15,0.754300,1.00,-737.351,42.341,0.093833,0.578330
2100,7P4X,80.65,0.709000,1.00,-1891.210,114.683,0.195728,0.584010
2101,7P55,77.27,0.658200,1.00,-1604.348,41.271,0.222298,0.278350
2102,7P5G,41.00,0.525000,1.00,-900.113,178.803,0.558527,0.146730
2103,7P5Q,30.00,0.520700,1.00,-988.152,187.677,0.919148,0.155630
2104,7P5S,31.00,0.383500,1.00,-1085.188,227.239,0.874851,0.137490
2105,7PH8,87.90,0.799300,1.00,-2597.030,76.427,0.140727,0.666240
2106,7PHT,80.00,0.782200,1.00,-2597.273,55.060,0.226196,0.575190
2107,7PL4,73.39,0.743700,1.00,-2122.087,42.985,0.387591,0.566880
2108,7PVB,90.76,0.763400,1.00,-3325.196,152.636,0.158697,0.842610
2109,7PVM,57.26,0.556200,1.00,-1235.185,169.598,0.792734,0.401020
2110,7QAL,46.43,0.707200,1.00,-1772.764,182.121,0.854952,0.332970
2111,7QAM,49.29,0.550700,1.00,-1938.936,142.894,0.768571,0.366850
2112,7QAO,49.29,0.689700,1.00,-1771.512,94.943,0.651856,0.387030
2113,7QAP,50.71,0.675900,1.00,-2061.438,92.796,0.709824,0.385470
2114,7QLF,57.35,0.446500,1.00,-702.701,57.722,0.451240,0.219770
2115,7QXJ,82.14,0.638800,1.00,-1915.143,111.632,0.194787,0.561960
2116,7RC7,72.66,0.566200,1.00,-2092.150,230.226,0.240508,0.569690
2117,7RC8,78.91,0.560800,1.00,-2092.150,230.226,0.240580,0.625980
2118,7RFA,76.72,0.650900,1.00,-1798.116,164.069,0.361625,0.484420
2119,7RN3,94.17,0.802300,1.00,-2082.318,171.524,0.096948,0.724230
2120,7S55,98.39,0.818400,1.00,-2150.251,213.370,0.062469,0.849070
2121,7S7P,91.67,0.802200,1.00,-2938.148,136.670,0.136600,0.810150
2122,7SAG,75.00,0.631300,1.00,-1675.517,214.741,0.345129,0.513780
2123,7SKC,83.09,0.642400,1.00,-2420.891,187.941,0.174016,0.633010
2124,7T6G,53.75,0.520100,1.00,-1023.463,73.781,0.540597,0.353710
2125,7T7W,88.64,0.654900,1.00,-680.643,37.613,0.147054,0.496230
2126,7TB9,33.75,0.478300,1.00,-430.448,165.691,0.820376,0.153360
2127,7TH8,57.58,0.484900,1.00,-2032.948,200.189,0.628166,0.362350
2128,7UNX,69.44,0.584500,1.00,-2610.293,194.534,0.660302,0.543930
2129,7UV3,61.98,0.535000,1.00,-3624.193,161.396,0.648021,0.543010
2130,7V5E,52.78,0.464600,1.00,-1135.942,89.283,0.523843,0.180550
2131,7V5F,59.68,0.547300,1.00,-2624.596,180.133,0.520497,0.353590
2132,7VOZ,69.83,0.702600,1.00,-1798.998,39.222,0.307386,0.412110
2133,7VQH,38.89,0.514600,1.00,-597.814,113.909,0.731764,0.197990
2134,7VQI,41.67,0.510000,1.00,-597.814,113.909,0.667316,0.264640
2135,7W8K,41.00,0.418000,1.00,-1180.436,119.689,0.746943,0.189190
2136,7W8O,44.23,0.473600,1.00,-1721.346,109.565,0.693748,0.199380
2137,7W8R,50.00,0.467300,1.00,-1721.346,109.565,0.520497,0.154830
2138,7W8T,44.23,0.486500,1.00,-1104.491,132.814,0.659642,0.219920
2139,7W8Z,55.92,0.543400,1.00,-2443.430,169.723,0.670311,0.386810
2140,7W96,87.04,0.764800,1.00,-1057.939,135.249,0.151714,0.477750
2141,7WE3,33.87,0.429100,1.00,-1676.115,151.575,0.742767,0.256000
2142,7WEI,39.52,0.465600,1.00,-1676.115,151.575,0.671534,0.263920
2143,7Y7L,70.00,0.597300,1.00,-2919.898,261.081,0.334805,0.558510
2144,7YAB,66.48,0.517000,1.00,-2801.755,268.097,0.335009,0.521200
2145,7YFS,57.81,0.542100,1.00,-910.291,24.949,0.568905,0.261300
2146,7YHF,95.14,0.846200,1.00,-2395.129,256.825,0.087428,0.818660
2147,7YHG,97.22,0.852700,1.00,-2395.129,256.825,0.075477,0.845110
2148,7YHH,95.14,0.838600,1.00,-2395.129,256.825,0.076366,0.843200
2149,7YHI,97.92,0.845900,1.00,-2432.378,209.950,0.074806,0.833700
2150,7YRV,45.54,0.498900,1.00,-2364.135,91.160,0.722896,0.240430
2151,7YRW,37.90,0.432400,1.00,-1457.534,285.880,0.679909,0.228940
2152,7YRX,45.16,0.520200,1.00,-1458.524,231.969,0.898489,0.287030
2153,7YSS,67.86,0.552100,1.00,-1002.032,25.244,0.439596,0.473910
2154,7YYI,81.90,0.703400,1.00,-2137.481,57.368,0.174277,0.554920
2155,7Z07,73.28,0.678600,1.00,-2222.925,62.472,0.227251,0.645480
2156,7Z08,77.59,0.745100,1.00,-2522.928,59.024,0.189323,0.451530
2157,7Z0B,81.90,0.757600,1.00,-2607.250,68.676,0.176362,0.567800
2159,7ZNF,85.83,0.727400,1.00,-1930.663,134.834,0.206383,0.578870
2160,7ZRF,43.06,0.432500,1.00,-923.511,56.309,0.923275,0.153000
2161,7ZRO,25.00,0.427000,1.00,-2101.064,138.283,1.274247,0.213880
2162,7ZRU,86.61,0.704100,1.00,-1842.244,77.018,0.212831,0.665040
2163,7ZWJ,36.76,0.499200,1.00,-324.773,87.005,0.944817,0.102900
2164,7ZZV,22.22,0.433600,1.00,-2135.929,208.199,0.935933,0.254910
2165,8A6I,32.74,0.409400,1.00,-2013.489,143.507,1.428374,0.269880
2166,8AHK,78.05,0.694200,1.00,-3161.511,220.269,0.214757,0.637200
2167,8B1L,81.25,0.667900,1.00,-1526.264,25.197,0.231768,0.470630
2168,8B1X,63.00,0.624300,1.00,-1329.837,61.544,0.746921,0.448280
2169,8B4R,81.25,0.676400,1.00,-1173.643,124.383,0.180375,0.285530
2170,8B6X,71.00,0.600900,1.00,-1935.997,61.840,0.297464,0.423790
2171,8B6Y,79.00,0.711600,1.00,-1935.997,61.840,0.180948,0.476030
2172,8B9Q,24.38,0.362500,1.00,-1616.216,314.493,1.467251,0.186270
2173,8B9R,26.25,0.411000,1.00,-1616.216,314.493,1.296002,0.236350
2174,8BOO,29.35,0.499100,1.00,-693.294,152.936,1.243387,0.183800
2175,8BVC,81.55,0.675400,1.00,-2949.705,208.893,0.198556,0.648080
2176,8BVZ,44.74,0.565300,1.00,-573.996,102.303,0.899228,0.205590
2177,8BWW,63.89,0.524400,1.00,-1450.492,54.851,0.405342,0.265500
2178,8CIQ,83.57,0.687100,1.00,-2360.775,178.947,0.258400,0.667850
2183,8CJT,84.29,0.699500,1.00,-2208.801,192.349,0.188056,0.635250
2184,8CM3,81.52,0.670600,1.00,-1437.098,84.579,0.244981,0.422580
2185,8DFZ,68.60,0.521400,1.00,-3503.654,217.998,0.439129,0.546910
2186,8DYM,29.31,0.453700,1.00,-901.053,293.527,1.860661,0.167970
2187,8DYN,38.54,0.517000,1.00,-895.864,172.616,1.149497,0.128810
2188,8EB1,66.67,0.530700,1.00,-1842.692,32.174,0.581573,0.358900
2189,8EF4,40.00,0.585400,1.00,-387.885,119.514,0.873723,0.250350
2190,8F04,38.16,0.523400,1.00,-578.754,109.267,0.939890,0.154000
2191,8FD4,80.88,0.626800,1.00,-2169.422,169.714,0.203508,0.606500
2192,8FEY,82.64,0.641900,1.00,-2270.530,177.100,0.200740,0.622380
2193,8G21,63.28,0.646100,1.00,-2075.164,75.874,0.461347,0.437110
2194,8GUC,30.56,0.429900,1.00,-1877.333,277.819,0.994246,0.210370
2195,8GVN,87.50,0.617700,1.00,-1002.032,25.244,0.207663,0.394020
2196,8H0G,76.61,0.677800,1.00,-2038.718,97.395,0.247592,0.602710
2197,8H0U,75.00,0.700300,1.00,-2038.718,97.395,0.270520,0.603130
2198,8HJC,87.88,0.717000,1.00,-2667.275,187.379,0.148436,0.694480
2199,8HJD,90.91,0.712700,1.00,-2667.275,187.379,0.129898,0.723040
2200,8HR3,53.85,0.488000,1.00,-540.314,55.252,0.435703,0.246370
2201,8HR4,75.00,0.583500,1.00,-575.511,62.492,0.346001,0.295810
2202,8HVS,60.00,0.487300,1.00,-335.963,52.069,0.378096,0.405220
2203,8HZW,56.25,0.586400,1.00,-983.106,29.136,0.620952,0.252980
2204,8IKQ,83.93,0.579300,1.00,-643.918,61.652,0.249026,0.368830
2205,8IL1,76.79,0.535900,1.00,-643.918,61.652,0.299804,0.209430
2206,8IL2,80.00,0.647600,1.00,-712.909,54.210,0.245293,0.401640
2207,8IL6,88.33,0.676600,1.00,-712.909,54.210,0.217967,0.507640
2208,8JB4,25.00,0.361600,1.00,-1501.503,145.512,0.941681,0.149290
2209,8K3M,39.71,0.501100,1.00,-505.191,107.769,0.714885,0.243370
2210,8K3N,41.18,0.524900,1.00,-505.191,107.769,0.775355,0.216090
2211,8OR5,66.67,0.659000,1.00,-1999.147,47.319,0.281737,0.431100
2212,8ORY,77.50,0.709400,1.00,-2175.044,68.640,0.176023,0.539530
2213,8ORZ,65.83,0.638400,1.00,-1530.482,53.707,0.381157,0.492830
2214,8OS0,78.33,0.721700,1.00,-1860.007,95.102,0.287890,0.514810
2215,8OSQ,28.57,0.448800,1.00,-777.089,371.583,1.241026,0.248580
2216,8PWT,36.03,0.494300,1.00,-2582.498,90.817,1.222597,0.272180
2221,8QNT,29.59,0.629900,1.00,-3649.910,122.746,1.780019,0.242560
2222,8QTQ,69.85,0.633300,1.00,-2315.601,171.162,0.329968,0.485260
2223,8R89,40.28,0.390600,1.00,-838.324,94.521,0.573773,0.163870
2224,8RHS,51.04,0.470400,1.00,-3259.828,216.198,0.669983,0.433470
2225,8RPQ,68.75,0.787500,1.00,-2756.635,49.005,0.316330,0.508630
2226,8RQ6,72.58,0.679300,1.00,-2403.969,62.062,0.299630,0.532850
2227,8S9Y,25.00,0.541000,1.00,-1275.868,335.995,1.793759,0.149270
2228,8SED,80.41,0.649400,1.00,-2450.778,164.805,0.223972,0.614230
2229,8SEM,87.18,0.724700,1.00,-2004.416,193.926,0.218763,0.751450
2230,8SVB,31.67,0.478500,1.00,-1369.666,185.434,1.475531,0.222120
2231,8T01,86.54,0.713300,1.00,-678.945,33.427,0.148846,0.382600
2232,8T61,79.69,0.545600,1.00,-747.552,70.432,0.270355,0.328960
2233,8T62,56.25,0.527000,1.00,-478.687,101.530,0.449659,0.180910
2234,8T63,54.69,0.555100,1.00,-636.768,109.800,0.355790,0.110930
2235,8TFV,77.38,0.719800,1.00,-795.358,127.700,0.466349,0.311720
2236,8TV4,42.31,0.424700,1.00,-1140.020,26.984,0.572770,0.133210
2237,8TXS,54.69,0.567800,1.00,-564.056,96.070,0.833591,0.215620
2238,8TYI,87.07,0.752400,1.00,-1813.420,120.161,0.144334,0.591220
2239,8UKC,35.00,0.392500,1.00,-739.480,59.812,0.864119,0.216230
2240,8ULM,76.52,0.619600,1.00,-2032.948,200.189,0.258397,0.500510
2241,8UM1,47.02,0.544300,1.00,-3163.218,99.820,0.706091,0.469690
2242,8UM2,48.21,0.517400,1.00,-3163.218,99.820,0.696900,0.413380
2243,8UNG,81.10,0.644200,1.00,-3018.509,168.841,0.217015,0.655520
2244,8UWF,83.97,0.687800,1.00,-2355.383,204.052,0.245036,0.693450
2245,8UXR,46.74,0.406100,1.00,-1601.313,105.903,0.613112,0.208890
2246,8V2M,80.36,0.619900,1.00,-1774.743,154.749,0.363835,0.559220
2247,8V2V,29.27,0.406900,1.00,-2387.038,297.339,1.001665,0.256240
2248,8VU6,89.13,0.770900,1.00,-2969.540,236.748,0.240781,0.803550
2249,8VU7,92.78,0.779100,1.00,-3108.122,215.276,0.121565,0.832690
2250,8VU8,81.98,0.666000,1.00,-2718.701,272.171,0.178638,0.697160
2251,8VYC,48.86,0.420400,1.00,-928.481,112.165,0.544533,0.101910
2252,8W0Q,72.50,0.612900,1.00,-1182.144,104.566,0.358853,0.276460
2253,8W16,58.33,0.452000,1.00,-767.064,60.477,0.422360,0.144970
2254,8W17,56.67,0.458300,1.00,-729.441,72.427,0.438660,0.267550
2255,8W2V,27.56,0.377300,1.00,-1533.253,253.503,1.078590,0.208120
2256,8WGI,67.00,0.583200,1.00,-1393.675,153.455,0.335548,0.315890
2257,8WGJ,63.54,0.543600,1.00,-1391.602,120.797,0.331639,0.236950
2258,8WW0,35.16,0.319400,1.00,-1603.300,274.306,0.815790,0.266410
2259,8WW1,59.17,0.531600,1.00,-2372.468,123.474,0.544953,0.369220
2260,8X3N,68.75,0.532000,1.00,-771.775,71.787,0.315497,0.212810
2261,8X40,79.69,0.571200,1.00,-771.775,71.787,0.267262,0.278320
2262,8XTH,71.67,0.563300,1.00,-773.372,47.364,0.324101,0.238910
2263,8XTN,32.58,0.373900,1.00,-1100.998,230.455,1.028931,0.199420
2264,8XTO,40.48,0.443200,1.00,-783.824,76.750,0.625325,0.158820
2265,8Y3S,50.00,0.551100,1.00,-318.547,31.963,0.512715,0.350730
2266,8YD6,28.33,0.363800,1.00,-1964.636,145.586,0.842080,0.195520
2267,8ZG2,47.73,0.505300,1.00,-192.278,46.322,0.615738,0.176900
2268,8ZG3,47.73,0.551500,1.00,-175.998,37.706,0.695758,0.389260
2269,8ZG4,47.73,0.558900,1.00,-258.731,37.708,0.667346,0.176370
2270,8ZP3,31.06,0.339700,1.00,-1151.161,194.177,1.101899,0.204340
2271,8ZUG,41.30,0.524200,1.00,-360.535,171.863,0.632455,0.196620
2272,9AZI,96.30,0.801600,1.00,-1722.117,100.908,0.083238,0.734570
2273,9BET,51.19,0.641500,1.00,-2395.825,174.723,0.697691,0.507980
2274,9BF4,62.90,0.503300,1.00,-2565.966,129.401,0.448089,0.380250
2275,9BHN,38.64,0.437500,1.00,-420.674,56.517,0.505290,0.295030
2276,9BV0,85.19,0.690800,1.00,-2217.317,188.077,0.128093,0.483890
2277,9BV4,75.69,0.629800,1.00,-3144.309,190.363,0.189187,0.531550
2278,9BVS,38.46,0.456400,1.00,-1002.773,25.286,0.517791,0.280020
2279,9BVU,46.67,0.438400,1.00,-1239.493,26.326,0.686870,0.226830
2280,9BVV,40.38,0.437900,1.00,-1013.799,33.569,0.502600,0.198250
2281,9CRB,73.21,0.547900,1.00,-1592.798,136.425,0.329993,0.472930
2282,9F1E,68.75,0.571100,1.00,-1980.442,74.935,0.600418,0.437790
2283,9F1F,65.38,0.670500,1.00,-2327.827,112.375,0.452891,0.516100
2284,9F1G,73.98,0.693700,1.00,-3226.514,95.242,0.397788,0.650460
2285,9FJN,87.50,0.778600,1.00,-1269.465,38.146,0.133215,0.504730
2286,9FJW,47.86,0.602300,1.00,-2045.503,146.200,0.822532,0.406060
2287,9G0M,69.00,0.637400,1.00,-1480.533,132.877,0.295494,0.365170
2288,9G0N,68.00,0.617100,1.00,-1480.533,132.877,0.349407,0.428280
2289,9G20,71.00,0.633500,1.00,-1480.533,132.877,0.319387,0.417740
2290,9G21,64.00,0.535300,1.00,-1480.533,132.877,0.300054,0.330210
2291,9G22,87.00,0.728200,1.00,-1564.977,90.612,0.151837,0.500770
2292,9G2N,89.00,0.737300,1.00,-1564.977,90.612,0.160465,0.547660
2293,9G2O,88.00,0.757600,1.00,-1564.977,90.612,0.139483,0.553630
2294,9G31,81.00,0.657000,1.00,-1564.977,90.612,0.186398,0.371310
2295,9G32,82.00,0.683500,1.00,-1564.977,90.612,0.181019,0.430790
2296,9G5P,71.00,0.621200,1.00,-1480.533,132.877,0.310846,0.384850
2297,9GDL,75.00,0.611500,1.00,-1525.426,90.914,0.268150,0.448580
2298,9GDN,81.00,0.665300,1.00,-1525.426,90.914,0.200958,0.521940
2299,9GDT,81.00,0.676800,1.00,-1525.426,90.914,0.229174,0.500660
2300,9GDU,79.00,0.653900,1.00,-1525.426,90.914,0.256487,0.522410
2301,9GE1,78.00,0.673700,1.00,-1525.426,90.914,0.255475,0.425340
2302,9GE9,78.00,0.665700,1.00,-1589.073,117.883,0.283925,0.407400
2303,9GEB,85.00,0.732200,1.00,-1589.073,117.883,0.150469,0.495350
2304,9GEC,84.00,0.701600,1.00,-1589.073,117.883,0.207258,0.456210
2305,9IKO,68.75,0.578600,1.00,-667.628,78.565,0.325090,0.287980
2306,9ILX,78.12,0.582200,1.00,-667.628,78.565,0.258033,0.341280
2307,9J5F,50.78,0.514500,1.00,-2326.865,170.248,0.541013,0.304880
2308,9J5H,81.43,0.692200,1.00,-2732.656,135.445,0.221895,0.616800
2309,9KAR,38.33,0.450200,1.00,-634.818,65.537,0.941983,0.074690
2310,9KK0,61.00,0.515800,1.00,-1220.165,226.621,0.329875,0.196320
2311,9L1M,50.00,0.481600,1.00,-234.295,62.935,0.566978,0.272440
2312,9NVH,72.86,0.640100,1.00,-1604.670,180.585,0.352374,0.537720
2313,9NWZ,33.75,0.415000,1.00,-865.771,111.040,0.942873,0.120520
2314,9NY3,31.25,0.448500,1.00,-762.675,100.403,1.350164,0.105520
2315,9UV5,47.50,0.498000,1.00,-360.052,48.685,0.478676,0.228180
