serial,pdb_id,gdt_ts,lddt,lddt_coverage,pred_dope,pred_molpdf,rmsd,tm_score
1,1A11,92.00,0.790100,1.00,-1866.454,42.080,0.133832,0.632180
2,1A3P,68.33,0.602200,1.00,-3049.249,191.728,0.419740,0.561600
3,1ACW,81.90,0.673300,1.00,-1777.814,161.639,0.175454,0.496610
4,1ADX,48.75,0.474600,1.00,-2522.253,198.883,0.477414,0.345950
5,1AG7,86.76,0.670500,1.00,-1809.521,210.535,0.233173,0.660480
6,1AGG,65.10,0.559300,1.00,-3138.413,265.835,0.584059,0.568500
7,1AGT,98.68,0.790400,1.00,-2902.905,176.874,0.067876,0.886040
8,1AHL,48.47,0.406500,1.00,-3563.492,279.823,0.551260,0.440320
9,1ALE,88.89,0.741000,1.00,-1413.730,41.130,0.198053,0.497870
10,1ALF,92.11,0.755800,1.00,-1663.773,33.163,0.137645,0.575500
11,1ALG,70.83,0.664100,1.00,-1343.808,74.983,0.543774,0.477290
12,1AMB,25.00,0.414100,1.00,-848.140,248.075,0.882493,0.221540
13,1AMC,25.89,0.413400,1.00,-848.140,248.075,0.870332,0.223540
14,1AML,21.88,0.300400,1.00,-1648.085,252.217,1.290727,0.180990
15,1ANP,37.50,0.451500,1.00,-1085.369,192.920,0.954982,0.179040
16,1ANS,38.89,0.379100,1.00,-1432.964,252.614,0.781532,0.177550
17,1AOO,38.75,0.420800,1.00,-2101.663,292.515,0.685286,0.242390
18,1APF,37.76,0.393000,1.00,-3304.228,356.631,0.879751,0.383190
19,1APO,86.31,0.723700,1.00,-2343.711,182.660,0.182240,0.749110
20,1AQG,40.91,0.498600,1.00,-374.358,41.184,0.494350,0.271310
21,1AQQ,38.75,0.425700,1.00,-2101.663,292.515,0.697196,0.241780
22,1AQR,40.00,0.427400,1.00,-2101.663,292.515,0.696898,0.242450
23,1ARD,89.66,0.734800,1.00,-2264.023,103.282,0.304891,0.708350
24,1ARE,91.38,0.758400,1.00,-2120.602,138.272,0.258436,0.724900
25,1ARF,92.24,0.788700,1.00,-2353.171,106.502,0.208375,0.748450
26,1ATX,39.67,0.408600,1.00,-2992.472,303.358,0.896576,0.349320
27,1AV3,90.74,0.669900,1.00,-1506.976,182.168,0.149479,0.673910
28,1AW6,79.65,0.668000,1.00,-2573.052,244.411,0.425676,0.678390
29,1AXH,92.57,0.760500,1.00,-2271.115,187.518,0.137895,0.814400
30,1AZ6,77.78,0.619000,1.00,-2273.916,191.371,0.213154,0.586250
31,1AZH,55.56,0.490200,1.00,-2273.916,191.371,0.509636,0.345650
32,1AZJ,90.97,0.760100,1.00,-2274.468,178.249,0.107980,0.757860
33,1AZK,75.00,0.682800,1.00,-2291.517,187.150,0.221628,0.552260
34,1B03,63.89,0.504400,1.00,-845.444,66.863,0.316922,0.309410
35,1B1V,82.61,0.642200,1.00,-1108.665,93.662,0.348555,0.474070
36,1B4G,33.33,0.366600,1.00,-1264.665,159.939,1.115992,0.214130
37,1B4I,30.83,0.387400,1.00,-1264.665,159.939,0.694663,0.203960
38,1B5N,78.26,0.613500,1.00,-1108.665,93.662,0.340757,0.473470
39,1B8W,75.60,0.597100,1.00,-2695.122,257.242,0.423103,0.607950
40,1B9P,73.53,0.676600,1.00,-2276.744,89.215,0.296658,0.516570
41,1B9Q,66.91,0.616700,1.00,-2276.744,89.215,0.339137,0.446260
42,1B9U,83.82,0.808200,1.00,-2923.344,85.434,0.179640,0.641560
43,1BA4,20.00,0.293400,1.00,-1648.085,252.217,1.493156,0.247280
44,1BA6,20.62,0.316500,1.00,-1648.085,252.217,1.297422,0.244120
45,1BAH,83.78,0.633800,1.00,-2704.896,181.230,0.143940,0.674640
46,1BBA,75.69,0.689700,1.00,-2633.115,145.061,0.248651,0.552090
47,1BBG,73.12,0.616000,1.00,-3019.524,176.606,0.335523,0.557540
48,1BDS,47.67,0.408500,1.00,-3268.502,237.428,0.655706,0.444530
49,1BEI,84.29,0.664000,1.00,-2771.912,191.066,0.149887,0.620740
50,1BF9,85.37,0.744800,1.00,-2391.308,220.932,0.235147,0.716770
51,1BGK,88.51,0.722900,1.00,-2941.566,150.655,0.113199,0.740840
52,1BH4,73.33,0.620700,1.00,-2034.257,144.659,0.320821,0.475230
53,1BH7,45.45,0.440800,1.00,-2510.079,169.783,0.700528,0.250390
54,1BHI,79.61,0.713600,1.00,-2416.815,165.379,0.446798,0.683630
55,1BIG,87.84,0.727800,1.00,-3055.340,163.277,0.135329,0.683920
56,1BJB,22.32,0.436900,1.00,-876.098,188.808,1.162225,0.169350
57,1BJC,40.18,0.441600,1.00,-1280.700,221.083,0.503275,0.292590
58,1BL1,52.42,0.615200,1.00,-2563.308,62.288,0.608131,0.345440
59,1BM4,51.56,0.472700,1.00,-2457.668,88.156,1.043199,0.454280
60,1BMX,60.48,0.465100,1.00,-2640.810,98.595,0.738822,0.470800
61,1BNB,80.26,0.656800,1.00,-2728.858,162.418,0.219285,0.643740
62,1BOE,81.91,0.660400,1.00,-3505.687,179.276,0.207620,0.705110
63,1BQF,74.00,0.596900,1.00,-1358.735,147.884,0.275298,0.393050
64,1BRV,69.53,0.582100,1.00,-2074.435,184.150,0.344357,0.453750
65,1BWX,54.49,0.614800,1.00,-3002.931,92.395,0.591263,0.425960
66,1BY0,83.33,0.662200,1.00,-1748.125,67.625,0.320559,0.566580
67,1BY6,50.00,0.470900,1.00,-2518.272,78.821,0.500406,0.367420
68,1BZG,55.15,0.566300,1.00,-2373.937,68.308,0.549557,0.393770
69,1C2U,38.57,0.424000,1.00,-2517.735,246.121,0.782691,0.273580
70,1C49,90.71,0.733300,1.00,-2459.449,151.766,0.111559,0.751660
71,1C4B,63.46,0.433000,1.00,-568.257,47.573,0.431219,0.298530
72,1C4E,82.14,0.674400,1.00,-1930.775,199.875,0.184153,0.633080
73,1C55,78.12,0.640800,1.00,-3331.597,198.827,0.267426,0.625940
74,1C56,75.62,0.631200,1.00,-3331.597,198.827,0.265216,0.619370
75,1C6W,82.58,0.630400,1.00,-1505.313,166.981,0.185219,0.574870
76,1CBH,100.00,0.846800,1.00,-2396.857,262.689,0.046687,0.928010
77,1CCF,82.74,0.704000,1.00,-2343.711,182.660,0.157897,0.674940
78,1CCM,47.83,0.418000,1.00,-2862.743,411.996,0.732969,0.372550
79,1CCN,52.17,0.419700,1.00,-2862.743,411.996,0.678568,0.374420
80,1CE4,30.71,0.398800,1.00,-1523.476,186.680,0.708776,0.254190
81,1CFG,60.23,0.445700,1.00,-1505.820,78.497,0.648279,0.267800
82,1CFH,31.38,0.291800,1.00,-3992.509,169.970,1.159116,0.280980
83,1CFI,60.11,0.523300,1.00,-3992.509,169.970,0.501540,0.489560
84,1CHL,77.78,0.606900,1.00,-2369.461,172.941,0.220583,0.593580
85,1CIX,78.98,0.631100,1.00,-3281.175,303.729,0.200032,0.639330
86,1CKW,61.00,0.620200,1.00,-1419.390,131.666,0.333281,0.343850
87,1CKX,46.15,0.438000,1.00,-1987.202,95.101,0.837551,0.367030
88,1CKY,41.35,0.367800,1.00,-1987.202,95.101,0.731954,0.166140
89,1CKZ,43.00,0.475100,1.00,-1419.390,131.666,0.586169,0.182110
90,1CMR,85.48,0.684600,1.00,-2389.981,120.596,0.130408,0.582290
91,1CO4,70.83,0.655400,1.00,-2624.764,277.885,0.382901,0.545330
92,1CQ0,59.82,0.657600,1.00,-1526.918,48.235,0.442205,0.380120
93,1CR8,79.76,0.655500,1.00,-2295.659,243.322,0.199922,0.661190
94,1CSA,40.91,0.326500,1.00,-589.885,12.059,0.480156,0.161080
95,1CTI,90.52,0.731300,1.00,-1923.992,142.885,0.148809,0.632960
96,1CW5,55.21,0.547700,1.00,-2749.494,216.423,0.789960,0.476270
97,1CW6,67.57,0.593000,1.00,-2122.638,207.858,0.400686,0.512890
98,1CWX,26.14,0.434400,1.00,-1596.478,283.797,0.891474,0.251660
99,1CXR,29.35,0.327100,1.00,-2924.359,334.210,1.149243,0.225710
100,1CYA,38.64,0.479200,1.00,-589.885,12.059,0.482681,0.147190
101,1CYB,45.45,0.419100,1.00,-589.885,12.059,0.439887,0.164330
102,1CZ6,77.00,0.710400,1.00,-1115.868,134.711,0.214224,0.391610
103,1D0R,71.67,0.639400,1.00,-1916.299,66.318,0.295762,0.511270
104,1D1H,88.57,0.655900,1.00,-2529.251,153.358,0.194872,0.736500
105,1D2J,79.38,0.656100,1.00,-2248.476,220.184,0.252089,0.643010
106,1D2L,74.44,0.645300,1.00,-2432.626,295.931,0.357003,0.633590
107,1D5Q,99.07,0.844600,1.00,-1890.403,89.676,0.051000,0.832910
108,1D6B,86.31,0.699500,1.00,-2952.592,217.058,0.190879,0.743690
109,1D6X,51.92,0.483200,1.00,-370.600,110.161,0.436869,0.202220
110,1DEC,57.69,0.485700,1.00,-2256.082,210.411,0.600437,0.465350
111,1DEP,91.67,0.709600,1.00,-1073.205,49.882,0.100700,0.391960
112,1DF6,50.00,0.424200,1.00,-2162.583,141.292,0.652141,0.282920
113,1DFE,75.68,0.567500,1.00,-2255.642,191.631,0.385836,0.622370
114,1DFS,53.23,0.498700,1.00,-2081.911,170.464,0.404884,0.273520
115,1DFT,55.83,0.452500,1.00,-1827.882,191.068,0.391068,0.289610
116,1DGZ,74.32,0.586000,1.00,-2255.642,191.631,0.392993,0.578650
117,1DJF,66.67,0.564300,1.00,-376.705,111.934,0.311960,0.262850
118,1DKC,76.32,0.609600,1.00,-2437.870,145.848,0.197484,0.597210
119,1DL0,91.89,0.771000,1.00,-2370.019,150.474,0.099280,0.790640
120,1DMC,44.35,0.464000,1.00,-1803.781,185.500,0.772007,0.242090
121,1DMD,41.13,0.461000,1.00,-1803.781,185.500,0.766869,0.224460
122,1DME,60.71,0.526200,1.00,-1703.700,148.088,0.359737,0.305110
123,1DMF,58.93,0.535600,1.00,-1703.700,148.088,0.351595,0.287540
124,1DN3,66.67,0.520600,1.00,-376.705,111.934,0.335652,0.256020
125,1DNG,83.33,0.689500,1.00,-760.822,40.601,0.219372,0.543940
126,1DPK,51.25,0.495300,1.00,-234.129,125.905,0.586520,0.264840
127,1DPQ,66.25,0.567300,1.00,-612.723,91.362,0.430599,0.314870
128,1DSK,69.64,0.639800,1.00,-2048.401,67.275,0.534108,0.462320
129,1DSQ,89.29,0.695100,1.00,-959.599,85.995,0.203011,0.466920
130,1DSV,85.48,0.727600,1.00,-1328.235,185.525,0.164341,0.604080
131,1DTC,89.42,0.780200,1.00,-1733.619,63.896,0.214459,0.621090
132,1DU1,67.50,0.533400,1.00,-1181.426,58.358,0.473857,0.281310
133,1DU9,85.71,0.697400,1.00,-1495.879,171.115,0.197906,0.554980
134,1DV0,84.57,0.739700,1.00,-4752.393,164.671,0.321509,0.775490
135,1DVW,52.78,0.498600,1.00,-744.927,147.160,0.638184,0.143860
136,1DX7,50.00,0.609500,1.00,-3721.092,176.864,0.595061,0.478050
137,1E0G,82.81,0.656300,1.00,-4141.082,219.653,0.199220,0.719140
138,1E0L,78.38,0.735700,1.00,-2392.000,197.979,0.373497,0.655570
139,1E0M,85.81,0.730200,1.00,-2296.236,180.990,0.206004,0.682290
140,1E0N,87.04,0.690600,1.00,-1824.764,131.714,0.152051,0.490130
141,1E0Q,85.29,0.686800,1.00,-1009.193,63.335,0.158667,0.275470
142,1E4Q,81.76,0.719000,1.00,-2663.375,203.835,0.212173,0.642680
143,1E4R,73.57,0.591800,1.00,-2267.072,220.962,0.286149,0.561190
144,1E4S,77.78,0.609000,1.00,-2512.862,161.953,0.241290,0.627150
145,1E4T,74.32,0.602000,1.00,-2587.754,163.287,0.373401,0.544600
146,1E8P,91.30,0.767000,1.00,-3586.248,197.668,0.122948,0.818910
147,1E8Q,88.04,0.752500,1.00,-3586.248,197.668,0.185777,0.799660
148,1E9K,45.39,0.517500,1.00,-2305.544,138.454,0.758275,0.289460
149,1ED0,41.85,0.390900,1.00,-3065.914,348.055,0.902339,0.326870
150,1ED7,91.11,0.731200,1.00,-4178.272,207.033,0.129243,0.807650
151,1EDP,80.88,0.657700,1.00,-1086.580,55.751,0.240536,0.309090
152,1EDS,35.48,0.390900,1.00,-1768.964,200.323,0.685881,0.240820
153,1EDV,36.03,0.367800,1.00,-1649.745,323.540,0.603060,0.292810
154,1EDW,43.27,0.457700,1.00,-2189.766,110.313,0.479877,0.225200
155,1EDX,22.50,0.412600,1.00,-1786.321,267.377,1.114108,0.203140
156,1EGT,85.29,0.673000,1.00,-808.774,53.471,0.190596,0.328790
157,1EHS,52.08,0.558900,1.00,-3463.435,138.016,0.516182,0.435350
158,1EI0,96.71,0.836900,1.00,-3141.337,118.657,0.070271,0.871660
159,1EMX,73.33,0.571300,1.00,-1922.367,181.781,0.303639,0.483560
160,1EMZ,86.90,0.689300,1.00,-1505.139,24.558,0.275106,0.479080
161,1EQX,66.67,0.564900,1.00,-755.099,78.384,0.378593,0.318360
162,1ERC,50.62,0.520300,1.00,-3103.437,166.715,0.797071,0.451010
163,1ERD,38.75,0.416700,1.00,-2853.197,209.906,0.870491,0.352530
164,1ERP,39.47,0.411700,1.00,-2405.930,288.622,0.748284,0.324390
165,1ERY,47.44,0.541600,1.00,-3055.904,94.000,0.853658,0.445560
166,1ESK,67.86,0.644000,1.00,-2238.279,321.654,0.276371,0.545410
167,1EWS,78.12,0.595100,1.00,-1987.728,176.142,0.214514,0.667170
168,1EYO,87.50,0.765100,1.00,-1986.042,130.094,0.197547,0.636230
169,1EZE,64.47,0.674200,1.00,-2774.394,129.090,0.359365,0.477810
170,1F3K,87.50,0.668200,1.00,-1771.230,197.543,0.142720,0.541150
171,1F4I,88.33,0.704500,1.00,-4541.893,120.445,0.203286,0.805310
172,1F7E,81.52,0.751500,1.00,-2432.881,240.380,0.249855,0.722690
173,1F7M,79.35,0.751700,1.00,-2432.881,240.380,0.242510,0.687320
174,1F8Z,90.38,0.742300,1.00,-2054.687,211.133,0.193447,0.779200
175,1FAC,75.00,0.597000,1.00,-1533.909,69.125,0.261139,0.296050
176,1FCT,55.47,0.536900,1.00,-1701.845,161.756,0.555679,0.380540
177,1FDF,51.00,0.509000,1.00,-1616.731,87.251,0.661863,0.251710
178,1FEO,86.54,0.641200,1.00,-1380.093,108.466,0.146148,0.557750
179,1FF7,77.17,0.710600,1.00,-2432.881,240.380,0.251323,0.641670
180,1FFM,82.07,0.758900,1.00,-2432.881,240.380,0.196255,0.726690
181,1FGD,58.33,0.514400,1.00,-711.284,112.079,0.504767,0.164790
182,1FGE,52.50,0.504000,1.00,-778.757,158.771,0.459668,0.184500
183,1FJN,83.97,0.717300,1.00,-2836.336,175.085,0.218389,0.671450
184,1FME,79.46,0.634700,1.00,-2021.438,164.169,0.241007,0.479160
185,1FMY,40.00,0.434800,1.00,-2101.663,292.515,0.719980,0.266140
186,1FQQ,75.00,0.617400,1.00,-3052.590,267.612,0.239366,0.610710
187,1FRE,36.90,0.371600,1.00,-3109.318,215.719,0.695306,0.314110
188,1FRY,38.79,0.494700,1.00,-1534.474,91.549,0.832326,0.213190
189,1FSB,87.50,0.753000,1.00,-2605.108,230.000,0.173999,0.754200
190,1FSD,77.68,0.624100,1.00,-2048.112,149.193,0.303534,0.476630
191,1FSV,75.00,0.627700,1.00,-2048.112,149.193,0.283959,0.472290
192,1FU3,90.74,0.698700,1.00,-1817.454,156.779,0.128915,0.625300
193,1FU9,79.86,0.684100,1.00,-2337.073,212.326,0.480350,0.679550
194,1FUL,43.18,0.418600,1.00,-407.192,46.278,0.467398,0.344830
195,1FUV,54.55,0.498400,1.00,-407.192,46.278,0.357311,0.158490
196,1FV5,75.00,0.616700,1.00,-2574.073,152.904,0.373921,0.571620
197,1FVY,48.39,0.624100,1.00,-2402.900,46.316,0.949715,0.360280
198,1FW5,77.50,0.755000,1.00,-1367.448,72.549,0.289069,0.353220
199,1FWO,75.71,0.653600,1.00,-2098.929,173.296,0.275938,0.561850
200,1FYG,91.00,0.678600,1.00,-1361.511,109.749,0.111679,0.527510
201,1G04,38.46,0.320900,1.00,-1912.673,134.694,0.644968,0.193460
202,1G26,83.87,0.725000,1.00,-2265.591,180.618,0.181882,0.604190
203,1G92,53.00,0.623800,1.00,-1769.405,59.044,0.706551,0.402290
204,1G9P,71.11,0.669800,1.00,-2249.904,295.215,0.429532,0.567010
205,1GEA,72.62,0.604300,1.00,-1361.993,66.602,0.339279,0.315290
206,1GIB,60.23,0.488800,1.00,-788.389,154.871,0.335496,0.194360
207,1GK5,78.06,0.631700,1.00,-3526.884,222.310,0.213659,0.662460
208,1GM2,47.73,0.571100,1.00,-304.824,39.832,0.824251,0.286400
209,1GNA,69.23,0.617700,1.00,-539.946,85.814,0.379448,0.268770
210,1GNB,55.77,0.536600,1.00,-539.946,85.814,0.384256,0.146700
211,1GNF,81.52,0.667600,1.00,-3307.020,228.939,0.234850,0.682370
212,1GP8,80.62,0.704500,1.00,-2870.388,97.220,0.248781,0.680750
213,1GPS,93.09,0.766200,1.00,-3102.304,187.355,0.127984,0.853030
214,1GPT,91.49,0.715100,1.00,-3143.886,171.634,0.129220,0.844180
215,1GUR,76.43,0.608500,1.00,-1930.775,199.875,0.191514,0.560950
216,1GW3,49.46,0.605000,1.00,-3281.254,125.293,0.572022,0.433360
217,1GW4,52.17,0.548900,1.00,-3281.254,125.293,0.561527,0.439410
218,1H20,51.92,0.440700,1.00,-2391.952,233.630,0.675637,0.444190
219,1H5O,79.17,0.617100,1.00,-2317.245,312.159,0.188889,0.632940
220,1H7D,33.16,0.348600,1.00,-3174.624,218.049,1.705480,0.266420
221,1H7J,46.15,0.470300,1.00,-1400.164,54.476,0.626522,0.247520
222,1HA9,84.56,0.778000,1.00,-1802.570,170.327,0.393462,0.710550
223,1HD6,37.84,0.460800,1.00,-2724.583,136.148,0.901684,0.280350
224,1HD9,40.91,0.446400,1.00,-413.626,30.651,0.686539,0.217090
225,1HEV,94.19,0.771600,1.00,-3082.257,222.856,0.130681,0.873180
226,1HFF,75.00,0.541200,1.00,-376.405,32.271,0.261342,0.267070
227,1HJ0,32.93,0.531700,1.00,-2067.185,166.092,0.977012,0.317520
228,1HLL,73.44,0.673600,1.00,-2198.605,108.716,0.286739,0.582280
229,1HLY,96.15,0.774900,1.00,-2928.855,195.606,0.093474,0.843860
230,1HN3,23.12,0.289700,1.00,-2165.043,201.836,1.255397,0.265790
231,1HNR,67.02,0.578400,1.00,-3442.305,152.898,0.287536,0.573730
232,1HNS,57.45,0.506200,1.00,-3442.305,152.898,0.400122,0.454680
233,1HO0,48.33,0.446100,1.00,-1838.951,95.656,0.638201,0.286280
234,1HO2,92.50,0.763000,1.00,-1307.732,30.834,0.139035,0.485590
235,1HO7,83.75,0.683400,1.00,-1307.732,30.834,0.169163,0.397720
236,1HO9,70.31,0.612500,1.00,-2438.766,72.682,0.345807,0.515600
237,1HOD,70.31,0.623000,1.00,-2438.766,72.682,0.357664,0.378990
238,1HOF,66.41,0.598800,1.00,-2198.605,108.716,0.318338,0.420780
239,1HP2,88.51,0.727000,1.00,-2620.486,164.633,0.134030,0.756970
240,1HP3,81.25,0.680100,1.00,-1849.748,149.313,0.320631,0.627310
241,1HP9,82.95,0.635500,1.00,-1665.834,57.297,0.173436,0.332890
242,1HPH,45.95,0.574000,1.00,-3096.867,52.226,0.823176,0.369360
243,1HPY,60.29,0.644600,1.00,-2504.495,79.477,0.412661,0.339120
244,1HRL,73.91,0.614900,1.00,-1084.858,109.492,0.445030,0.338710
245,1HTH,50.74,0.570500,1.00,-2620.420,101.649,0.930439,0.360060
246,1HTX,88.28,0.698300,1.00,-2171.550,176.569,0.169801,0.667280
247,1HU5,80.56,0.674600,1.00,-954.668,52.972,0.161663,0.323640
248,1HU6,66.67,0.596300,1.00,-894.052,38.904,0.382294,0.269430
249,1HU7,87.50,0.667800,1.00,-989.213,38.558,0.238166,0.490390
250,1HVW,98.00,0.800300,1.00,-1517.348,112.036,0.064567,0.729450
251,1HVZ,75.00,0.630600,1.00,-978.605,75.416,0.320374,0.334400
252,1HY9,88.41,0.780400,1.00,-2709.719,207.624,0.171399,0.777710
253,1HYK,82.61,0.681600,1.00,-3450.725,274.289,0.226763,0.716700
254,1HZ3,27.88,0.444700,1.00,-982.819,210.083,1.001825,0.173390
255,1I25,43.92,0.404700,1.00,-1452.017,298.105,0.911970,0.391700
256,1I26,79.41,0.668300,1.00,-2271.391,170.163,0.299834,0.592420
257,1I2U,83.52,0.637000,1.00,-3347.759,319.039,0.193325,0.753390
258,1I2V,77.84,0.657600,1.00,-3342.120,212.342,0.327355,0.656770
259,1I6C,68.59,0.647400,1.00,-2184.174,212.133,0.472529,0.536940
260,1I8X,69.17,0.560500,1.00,-2141.610,127.609,0.470148,0.507960
261,1I8Y,83.04,0.687600,1.00,-1714.948,179.809,0.189801,0.497260
262,1IB9,80.15,0.723100,1.00,-1802.570,170.327,0.406981,0.651330
263,1IBN,76.25,0.662300,1.00,-1199.928,35.807,0.301942,0.341610
264,1IBO,75.00,0.645200,1.00,-1199.928,35.807,0.335163,0.353300
265,1IC9,35.34,0.466300,1.00,-1622.138,139.950,1.322518,0.319180
266,1ICA,68.75,0.572600,1.00,-2973.237,142.933,0.608208,0.557870
267,1ICL,36.21,0.477000,1.00,-1342.382,231.310,1.245106,0.210120
268,1ICO,34.48,0.492100,1.00,-1622.532,153.560,1.130252,0.323670
269,1ID6,38.33,0.473600,1.00,-792.979,45.507,0.599030,0.198100
270,1ID7,38.33,0.455700,1.00,-792.979,45.507,0.543022,0.144930
271,1IE6,78.03,0.616100,1.00,-1202.824,159.924,0.348231,0.581740
272,1IFY,94.90,0.773500,1.00,-4435.058,154.252,0.096211,0.864310
273,1IIJ,79.29,0.713400,1.00,-2529.978,85.637,0.235908,0.601170
274,1IM1,77.08,0.587300,1.00,-573.639,45.884,0.251534,0.341560
275,1IRR,77.17,0.585300,1.00,-1057.579,109.829,0.357601,0.417530
276,1IVA,67.71,0.559400,1.00,-3159.689,203.546,0.638206,0.559310
277,1IWC,21.32,0.294500,1.00,-1281.447,167.316,1.324643,0.195150
278,1IWF,29.41,0.350500,1.00,-1281.447,167.316,0.837763,0.175880
279,1IXA,87.18,0.716000,1.00,-2240.940,207.077,0.160140,0.729630
280,1IXT,86.11,0.688200,1.00,-1833.373,106.029,0.141946,0.530580
281,1IXU,45.83,0.511400,1.00,-406.272,54.017,0.601851,0.238760
282,1IYC,46.53,0.475400,1.00,-1673.495,334.478,1.020565,0.338580
283,1IYT,26.79,0.350600,1.00,-1491.776,427.462,1.218729,0.230130
284,1J4M,83.93,0.671500,1.00,-583.408,79.539,0.168380,0.313330
285,1J5J,93.06,0.770200,1.00,-2807.877,175.856,0.100274,0.796790
286,1J5L,41.67,0.489600,1.00,-1610.154,155.070,0.787209,0.261550
287,1J5M,70.54,0.587900,1.00,-1482.019,205.923,0.233979,0.388020
288,1JBL,57.14,0.606800,1.00,-417.526,63.851,1.061200,0.306260
289,1JBN,57.14,0.657700,1.00,-417.526,63.851,1.044090,0.352440
290,1JDM,63.71,0.621900,1.00,-3057.017,79.773,0.484537,0.492240
291,1JI9,65.54,0.595500,1.00,-2398.436,189.029,0.288113,0.473730
292,1JJZ,83.62,0.688600,1.00,-1866.307,155.456,0.315476,0.601030
293,1JKZ,86.41,0.718500,1.00,-3674.711,238.439,0.136986,0.761700
294,1JLZ,92.39,0.732000,1.00,-1289.292,96.641,0.145089,0.503720
295,1JMN,34.78,0.347900,1.00,-3219.607,214.650,0.827144,0.276820
296,1JMP,83.70,0.683600,1.00,-3194.286,166.766,0.211829,0.739030
297,1JN7,72.92,0.648500,1.00,-2455.097,177.911,0.586792,0.600840
298,1JO5,42.71,0.606200,1.00,-3721.092,176.864,1.004526,0.436550
299,1JO6,40.56,0.524700,1.00,-2911.653,122.915,1.132498,0.381820
300,1JRF,52.13,0.477400,1.00,-2266.277,260.174,0.766514,0.440870
301,1JRJ,76.28,0.734100,1.00,-2619.476,129.219,0.243185,0.570540
302,1JU8,76.35,0.661900,1.00,-2814.492,202.755,0.214123,0.571180
303,1JY9,75.00,0.628800,1.00,-572.447,85.882,0.262710,0.214670
304,1K0P,37.10,0.406400,1.00,-1934.749,193.016,0.625742,0.204330
305,1K18,38.71,0.412900,1.00,-1934.749,193.016,0.603702,0.232480
306,1K1V,89.63,0.711600,1.00,-3293.545,117.945,0.107499,0.792160
307,1K36,78.80,0.659900,1.00,-3605.344,295.457,0.190693,0.657330
308,1K37,76.63,0.642000,1.00,-3605.344,295.457,0.184558,0.644450
309,1K43,91.07,0.678200,1.00,-583.408,79.539,0.129710,0.371140
310,1K48,84.48,0.674700,1.00,-1866.307,155.456,0.316995,0.597310
311,1K7B,79.26,0.685700,1.00,-2416.352,227.168,0.338558,0.679980
312,1K81,65.97,0.554300,1.00,-2476.279,181.347,0.304141,0.451800
313,1K91,81.76,0.729100,1.00,-1610.554,200.744,0.189951,0.581500
314,1KAL,87.07,0.741500,1.00,-1976.524,143.800,0.233460,0.579620
315,1KBE,67.86,0.561800,1.00,-3329.084,215.479,0.276293,0.561840
316,1KBF,69.90,0.571000,1.00,-3329.084,215.479,0.281217,0.570680
317,1KDL,69.57,0.639000,1.00,-1723.687,59.688,0.391280,0.374570
318,1KGM,89.29,0.729800,1.00,-1894.709,189.869,0.160930,0.707860
319,1KIO,79.29,0.679400,1.00,-1921.397,154.219,0.357847,0.595990
320,1KJ0,72.86,0.656500,1.00,-1764.162,209.749,0.372283,0.507530
321,1KJ5,82.64,0.673100,1.00,-2512.862,161.953,0.183741,0.645020
322,1KJ6,71.11,0.575500,1.00,-2873.134,168.479,0.620667,0.595840
323,1KLR,95.00,0.787100,1.00,-1922.676,151.172,0.141667,0.773840
324,1KLS,90.83,0.711500,1.00,-1830.304,135.082,0.180876,0.704460
325,1KMR,83.33,0.666000,1.00,-904.214,37.331,0.315160,0.559960
326,1KOZ,76.39,0.616000,1.00,-2460.269,181.495,0.227931,0.546110
327,1KQH,82.24,0.657000,1.00,-2698.344,239.476,0.206328,0.685310
328,1KQI,76.97,0.641800,1.00,-2698.344,239.476,0.262340,0.604580
329,1KUW,50.00,0.519100,1.00,-181.616,48.960,0.385556,0.235930
330,1KV4,50.00,0.633800,1.00,-2569.088,116.234,0.969500,0.419650
331,1KWD,76.56,0.537200,1.00,-1113.301,60.975,0.232910,0.250050
332,1KWE,76.56,0.518200,1.00,-1113.301,60.975,0.262723,0.226070
333,1KX6,46.55,0.436600,1.00,-2083.763,51.342,0.600526,0.241920
334,1KZ0,81.25,0.561500,1.00,-896.302,40.023,0.225844,0.301210
335,1KZ2,82.81,0.624500,1.00,-853.477,45.123,0.169367,0.378490
336,1KZ5,54.17,0.496400,1.00,-550.974,56.285,0.414733,0.377860
337,1L1K,38.75,0.404400,1.00,-806.160,154.071,0.716189,0.206330
338,1L2Y,85.00,0.675800,1.00,-1073.460,66.437,0.200945,0.440170
339,1L3Q,39.58,0.622100,1.00,-348.750,66.948,0.768756,0.226610
340,1L3Y,75.61,0.622000,1.00,-2717.165,253.818,0.263323,0.628160
341,1L4V,85.00,0.681400,1.00,-3053.530,168.673,0.190505,0.712050
342,1LA4,86.76,0.710500,1.00,-2335.410,189.855,0.175038,0.679990
343,1LB0,76.92,0.553300,1.00,-765.575,24.506,0.263368,0.332080
344,1LB7,90.62,0.708500,1.00,-832.660,60.676,0.141690,0.479790
345,1LBJ,79.55,0.663100,1.00,-1608.663,52.832,0.411341,0.437490
346,1LCX,78.85,0.550100,1.00,-765.575,24.506,0.259686,0.335260
347,1LDL,67.71,0.587900,1.00,-2625.085,248.355,0.407826,0.585510
348,1LDR,70.35,0.574700,1.00,-2450.897,290.842,0.302552,0.578660
349,1LFC,35.00,0.301900,1.00,-1607.558,67.895,0.747277,0.150390
350,1LGL,93.75,0.779900,1.00,-2807.877,175.856,0.095972,0.823590
351,1LIQ,67.59,0.542100,1.00,-1759.978,92.112,0.411793,0.367620
352,1LIR,92.57,0.757100,1.00,-2892.730,182.137,0.101910,0.785780
353,1LMM,67.50,0.577000,1.00,-2330.573,249.218,0.452978,0.518710
354,1LMR,72.14,0.604300,1.00,-1995.026,168.337,0.280292,0.503790
355,1LUP,79.84,0.587400,1.00,-2061.069,181.821,0.192176,0.512730
356,1LV4,39.29,0.404400,1.00,-1175.419,61.747,0.681071,0.138460
357,1LVZ,47.73,0.455500,1.00,-341.554,64.140,0.441619,0.189020
358,1LYP,85.94,0.697500,1.00,-2195.703,72.470,0.144259,0.596800
359,1M02,52.08,0.528800,1.00,-512.025,74.791,0.593606,0.305230
360,1M0G,52.50,0.470900,1.00,-2083.670,121.460,0.441034,0.279450
361,1M0J,46.43,0.486300,1.00,-1663.192,179.417,0.724010,0.244880
362,1M23,90.38,0.635400,1.00,-597.150,22.527,0.122280,0.465700
363,1M25,56.73,0.426100,1.00,-1912.673,134.694,0.765446,0.347420
364,1M2S,86.49,0.662200,1.00,-2743.966,193.252,0.137429,0.695050
365,1M36,92.42,0.780200,1.00,-2385.742,127.265,0.122986,0.774810
366,1M4E,71.25,0.588000,1.00,-1024.295,138.771,0.262512,0.248080
367,1M4F,38.00,0.345500,1.00,-1847.044,191.078,0.600768,0.214690
368,1MA2,69.12,0.551300,1.00,-935.183,76.651,0.292030,0.223980
369,1MA4,36.76,0.393100,1.00,-1167.622,30.965,0.833005,0.219060
370,1MA5,54.41,0.463800,1.00,-935.183,76.651,0.559964,0.139130
371,1MA6,42.65,0.409800,1.00,-1167.622,30.965,0.557642,0.196890
372,1MB6,93.57,0.739200,1.00,-2494.487,175.669,0.097126,0.781480
373,1MEA,58.93,0.522000,1.00,-1323.801,152.393,0.440576,0.296160
374,1MED,58.04,0.513800,1.00,-1323.801,152.393,0.492682,0.297710
375,1MEQ,69.57,0.574600,1.00,-1190.200,69.844,0.312923,0.264550
376,1MF6,70.83,0.564800,1.00,-442.238,61.395,0.354390,0.407760
377,1MGX,46.81,0.406700,1.00,-3992.509,169.970,0.738491,0.346500
378,1MHU,52.42,0.527500,1.00,-2128.447,150.677,0.402439,0.339250
379,1MKC,49.42,0.564900,1.00,-2418.592,219.737,0.628067,0.379350
380,1MM0,91.67,0.793300,1.00,-3075.306,218.430,0.107078,0.797180
381,1MMC,86.67,0.718900,1.00,-1966.828,105.091,0.151819,0.581080
382,1MOT,67.86,0.616100,1.00,-1497.939,91.869,0.466992,0.559710
383,1MPZ,36.59,0.429000,1.00,-2357.594,259.162,0.751611,0.283630
384,1MR0,88.97,0.705500,1.00,-2697.448,225.495,0.129991,0.715210
385,1MR4,88.83,0.758400,1.00,-3537.924,238.431,0.140960,0.803750
386,1MRB,74.19,0.635100,1.00,-2124.342,142.880,0.220334,0.453920
387,1MRT,66.94,0.568400,1.00,-2251.593,186.810,0.238355,0.388930
388,1MTQ,77.63,0.578600,1.00,-1029.141,108.491,0.365332,0.285050
389,1MTX,91.03,0.750000,1.00,-2865.963,240.340,0.122308,0.774150
390,1MXQ,81.82,0.614700,1.00,-523.079,44.816,0.264919,0.336180
391,1MYN,77.84,0.575600,1.00,-3067.661,229.220,0.340586,0.688280
392,1MYU,50.00,0.465700,1.00,-353.127,70.012,0.456221,0.214510
393,1MZI,48.08,0.490200,1.00,-765.575,24.506,0.376658,0.120590
394,1N0Z,71.11,0.684700,1.00,-2352.389,246.921,0.466313,0.597160
395,1N1U,92.24,0.763900,1.00,-1725.936,156.664,0.128929,0.713000
396,1N2Y,46.67,0.409000,1.00,-612.506,112.385,0.513679,0.265450
397,1N4N,96.28,0.795300,1.00,-3446.480,278.241,0.076101,0.905760
398,1N5G,38.82,0.360800,1.00,-2547.665,266.149,0.777643,0.282350
399,1N6T,60.00,0.513100,1.00,-342.340,54.623,0.363833,0.393480
400,1N8M,94.08,0.780400,1.00,-2654.394,158.436,0.110538,0.847250
401,1N9U,70.00,0.551000,1.00,-393.754,50.977,0.295767,0.182220
402,1NB1,94.83,0.757500,1.00,-1911.510,232.962,0.087667,0.743090
403,1NBJ,85.00,0.749300,1.00,-2070.314,183.360,0.224173,0.614600
404,1NBL,82.07,0.717100,1.00,-3491.623,158.246,0.245963,0.703970
405,1NC8,73.28,0.627300,1.00,-1234.833,208.677,0.461228,0.525610
406,1NCS,84.57,0.688100,1.00,-4019.881,202.639,0.197308,0.754410
407,1ND9,61.73,0.539700,1.00,-3799.690,187.510,0.332020,0.471090
408,1NE5,82.14,0.607600,1.00,-2942.320,231.632,0.277123,0.698060
409,1NIZ,60.94,0.495600,1.00,-653.776,54.486,0.367713,0.195420
410,1NJ0,64.06,0.511400,1.00,-653.776,54.486,0.317580,0.175990
411,1NJ3,89.52,0.755600,1.00,-2095.116,163.144,0.190966,0.699280
412,1NMJ,30.36,0.440900,1.00,-921.646,222.657,1.041416,0.207500
413,1NZS,31.58,0.533400,1.00,-464.730,154.530,0.905849,0.192510
414,1O53,88.33,0.657400,1.00,-870.883,35.825,0.224738,0.509030
415,1O8Y,55.36,0.632800,1.00,-417.526,63.851,1.071138,0.271320
416,1O8Z,58.93,0.624400,1.00,-417.526,63.851,1.046140,0.308980
417,1OAV,75.52,0.594300,1.00,-3159.689,203.546,0.488207,0.672920
418,1OAW,77.60,0.642600,1.00,-3159.689,203.546,0.284088,0.667200
419,1ODP,91.25,0.668100,1.00,-1490.409,52.311,0.172411,0.464260
420,1ODQ,77.50,0.688600,1.00,-1490.409,52.311,0.203422,0.404250
421,1ODR,87.50,0.639500,1.00,-1490.409,52.311,0.180131,0.404960
422,1OEF,91.67,0.724200,1.00,-1869.899,53.078,0.100797,0.500500
423,1OEG,78.26,0.719300,1.00,-1629.219,33.613,0.285424,0.404950
424,1OEI,41.67,0.467600,1.00,-361.914,228.727,0.643059,0.160690
425,1OG7,37.79,0.361500,1.00,-2580.312,189.081,1.085828,0.303500
426,1OHM,46.59,0.443000,1.00,-2787.693,173.963,0.710205,0.377860
427,1OHN,27.91,0.317700,1.00,-2580.312,189.081,1.218641,0.300190
428,1OIG,91.67,0.750700,1.00,-1281.639,174.552,0.127141,0.493920
429,1OMA,66.67,0.558500,1.00,-3138.413,265.835,0.590117,0.589570
430,1OMB,68.23,0.537400,1.00,-3138.413,265.835,0.473265,0.577810
431,1OMQ,87.50,0.676400,1.00,-896.302,40.023,0.149565,0.478910
432,1OPP,66.45,0.657400,1.00,-3180.017,73.731,0.422890,0.542550
433,1ORL,47.28,0.433300,1.00,-3236.998,246.375,0.538462,0.333850
434,1ORX,87.50,0.698600,1.00,-1661.085,112.635,0.165780,0.473880
435,1OZZ,85.23,0.723500,1.00,-3360.303,238.205,0.273587,0.775600
436,1P00,78.98,0.663700,1.00,-3257.993,300.106,0.384977,0.666480
437,1P0A,80.11,0.661400,1.00,-3418.327,225.492,0.291058,0.697910
438,1P7A,77.03,0.695200,1.00,-2259.723,191.514,0.394232,0.630970
439,1P82,37.00,0.394800,1.00,-924.003,201.155,0.858759,0.156750
440,1P83,30.00,0.382200,1.00,-924.003,201.155,0.752348,0.137630
441,1P8B,91.89,0.776800,1.00,-2745.861,206.378,0.103972,0.793000
442,1P9C,53.89,0.572700,1.00,-2374.687,157.856,0.644676,0.392380
443,1P9F,85.00,0.633900,1.00,-445.611,26.739,0.316807,0.461100
444,1P9Z,69.51,0.543200,1.00,-3035.638,219.871,0.436480,0.606580
445,1PAA,88.33,0.750300,1.00,-1970.432,164.177,0.271496,0.733720
446,1PB5,95.71,0.784800,1.00,-1845.484,180.560,0.083174,0.819390
447,1PDC,80.56,0.669400,1.00,-3970.410,231.872,0.263587,0.676380
448,1PGY,62.23,0.558200,1.00,-4744.477,174.884,0.395014,0.521730
449,1PJV,92.19,0.732100,1.00,-2450.826,92.683,0.107267,0.720320
450,1PLP,63.00,0.647100,1.00,-1445.053,82.101,0.636599,0.369830
451,1PMC,80.56,0.691600,1.00,-2055.239,181.767,0.226514,0.640070
452,1PNH,91.13,0.761300,1.00,-2206.670,116.388,0.090062,0.735090
453,1PP5,53.57,0.508700,1.00,-914.543,154.705,0.529632,0.151330
454,1PSM,59.21,0.563800,1.00,-2581.942,55.048,0.521706,0.475580
455,1PSV,71.43,0.619000,1.00,-2047.834,99.049,0.285254,0.453020
456,1PT4,88.79,0.744000,1.00,-1888.688,166.589,0.287579,0.662650
457,1PV0,88.59,0.712100,1.00,-4697.346,159.467,0.223074,0.787000
458,1PVZ,83.06,0.674600,1.00,-2067.039,146.886,0.314116,0.608880
459,1PX9,77.38,0.586500,1.00,-2942.320,231.632,0.268272,0.622540
460,1PXQ,37.14,0.316500,1.00,-2139.122,254.506,0.859229,0.257150
461,1Q01,27.63,0.395400,1.00,-1235.816,308.571,1.386778,0.223360
462,1Q2F,47.66,0.608600,1.00,-2331.028,80.183,0.669712,0.303390
463,1Q2I,42.97,0.473500,1.00,-2331.028,80.183,0.762588,0.260750
464,1Q2J,64.77,0.513100,1.00,-1291.467,86.978,0.333020,0.216590
465,1Q2K,93.55,0.797600,1.00,-2144.660,111.862,0.089005,0.768850
466,1Q3J,73.61,0.587200,1.00,-2241.067,307.939,0.305124,0.576050
467,1Q3M,55.61,0.529200,1.00,-3692.676,229.509,0.850799,0.493460
468,1Q3Y,46.43,0.458300,1.00,-2026.974,267.981,0.776233,0.396910
469,1Q3Z,43.45,0.458200,1.00,-2026.974,267.981,0.731963,0.360210
470,1Q71,58.33,0.512000,1.00,-914.543,154.705,0.567935,0.172390
471,1QCM,59.09,0.502200,1.00,-301.729,62.232,0.351422,0.257960
472,1QDP,80.95,0.624900,1.00,-2306.002,199.616,0.205064,0.655490
473,1QFD,85.16,0.686200,1.00,-2171.550,176.569,0.187218,0.626520
474,1QG9,84.52,0.716000,1.00,-1651.565,29.669,0.302173,0.429850
475,1QGM,67.50,0.547100,1.00,-2141.610,127.609,0.475620,0.476470
476,1QHK,73.94,0.618100,1.00,-4033.777,229.396,0.251237,0.593500
477,1QJK,70.83,0.607500,1.00,-2567.853,142.554,0.372635,0.536310
478,1QJL,67.86,0.603800,1.00,-1683.049,169.294,0.283443,0.375450
479,1QK6,87.88,0.695600,1.00,-2021.721,147.461,0.135260,0.671410
480,1QK7,87.50,0.675100,1.00,-2393.114,153.675,0.210925,0.688710
481,1QKY,84.21,0.691900,1.00,-2983.715,187.289,0.150445,0.688590
482,1QLO,59.56,0.439000,1.00,-2652.028,68.144,0.462003,0.395450
483,1QWP,54.55,0.491500,1.00,-301.729,62.232,0.349025,0.198080
484,1QXC,59.09,0.608200,1.00,-301.729,62.232,0.448879,0.219690
485,1QYT,50.00,0.516000,1.00,-301.729,62.232,0.396359,0.299790
486,1R02,50.76,0.524300,1.00,-2049.339,92.219,0.758776,0.324500
487,1R1F,72.97,0.558300,1.00,-2592.626,239.596,0.379887,0.513370
488,1R7C,72.58,0.729200,1.00,-2770.654,67.128,0.373933,0.591170
489,1R7D,68.55,0.683900,1.00,-2770.654,67.128,0.341958,0.573890
490,1R7E,80.65,0.738600,1.00,-2770.654,67.128,0.231807,0.625430
491,1R7F,70.16,0.628200,1.00,-2770.654,67.128,0.309578,0.432250
492,1R7G,74.19,0.689700,1.00,-2770.654,67.128,0.278747,0.561370
493,1R8T,63.33,0.527900,1.00,-682.994,55.513,0.352553,0.280740
494,1R9I,68.18,0.503800,1.00,-1202.570,171.409,0.379109,0.235690
495,1RES,75.00,0.620500,1.00,-3948.542,103.133,0.534031,0.640480
496,1RET,70.93,0.583300,1.00,-3948.542,103.133,0.504136,0.543640
497,1RG3,70.31,0.636700,1.00,-1102.229,42.405,0.371051,0.361220
498,1RG4,78.12,0.665900,1.00,-1102.229,42.405,0.280913,0.362280
499,1RIJ,58.70,0.663400,1.00,-1026.018,100.389,0.828315,0.336360
500,1RIK,85.34,0.714300,1.00,-2015.573,94.494,0.170356,0.638870
501,1RIM,80.30,0.667200,1.00,-2165.791,213.381,0.355578,0.621150
502,1RJI,81.45,0.640900,1.00,-2101.914,212.689,0.213700,0.521820
503,1RKL,55.56,0.606600,1.00,-2917.986,68.733,0.684982,0.487310
504,1RMK,82.26,0.663700,1.00,-2760.587,147.442,0.269795,0.564750
505,1RO3,42.35,0.409300,1.00,-2602.712,218.675,0.656774,0.319230
506,1ROO,82.86,0.681200,1.00,-2762.473,177.403,0.180462,0.631290
507,1RPB,38.10,0.377100,1.00,-1183.869,162.986,0.786346,0.102710
508,1RPC,38.10,0.366800,1.00,-1183.869,162.986,0.770697,0.136230
509,1RSW,50.00,0.428600,1.00,-284.432,76.351,0.411107,0.246010
510,1RSX,77.08,0.559800,1.00,-284.432,76.351,0.353304,0.406450
511,1RT0,47.92,0.473400,1.00,-284.432,76.351,0.476356,0.161440
512,1S4H,51.92,0.551900,1.00,-141.659,72.858,0.472753,0.194870
513,1S4J,34.62,0.502900,1.00,-167.800,73.150,0.698273,0.236290
514,1S4T,47.62,0.436400,1.00,-1455.578,76.060,0.513664,0.143710
515,1S4W,50.00,0.534000,1.00,-234.129,125.905,0.517949,0.168270
516,1S6W,47.62,0.373200,1.00,-1575.290,52.925,0.568542,0.091870
517,1S6X,88.24,0.702100,1.00,-2445.898,183.397,0.230082,0.693120
518,1SBU,54.55,0.590900,1.00,-356.450,50.669,0.570962,0.330410
519,1SCO,80.26,0.665100,1.00,-2762.750,184.546,0.163702,0.618090
520,1SH1,38.54,0.377600,1.00,-2438.940,351.288,0.932545,0.474150
521,1SKH,70.00,0.635300,1.00,-2266.842,57.485,0.320528,0.501920
522,1SMZ,64.81,0.682000,1.00,-1731.077,62.378,0.391503,0.381440
523,1SOL,73.75,0.601200,1.00,-893.597,75.876,0.352275,0.327890
524,1SP1,84.48,0.685500,1.00,-1856.633,98.588,0.236318,0.618490
525,1SP2,91.13,0.755000,1.00,-2065.398,128.142,0.161982,0.748470
526,1SP7,56.25,0.481200,1.00,-1427.167,122.338,0.396635,0.255200
527,1SPF,73.57,0.768500,1.00,-2225.217,99.887,0.476505,0.598890
528,1SPW,87.18,0.688300,1.00,-3141.290,220.159,0.178246,0.759620
529,1SRB,72.62,0.560200,1.00,-1450.514,84.404,0.245072,0.233620
530,1SRK,75.00,0.712100,1.00,-2235.014,143.502,0.510396,0.600110
531,1SSL,68.23,0.587800,1.00,-3608.093,254.162,0.288270,0.572230
532,1SUT,20.45,0.403200,1.00,-659.094,207.158,0.926391,0.085560
533,1SX0,97.73,0.751300,1.00,-1067.969,79.452,0.081749,0.523440
534,1SX1,93.18,0.740400,1.00,-1067.969,79.452,0.108650,0.505350
535,1T0C,33.06,0.485200,1.00,-948.602,332.584,0.754654,0.175540
536,1T2Y,47.00,0.464800,1.00,-931.076,279.195,0.697674,0.201410
537,1T5M,55.77,0.356500,1.00,-370.039,62.601,0.537099,0.291240
538,1T5N,51.92,0.362900,1.00,-370.039,62.601,0.505609,0.218050
539,1T5Q,80.83,0.762200,1.00,-2342.968,47.582,0.223995,0.540160
540,1T9E,53.57,0.645100,1.00,-395.057,60.401,0.935305,0.183400
541,1TI5,86.41,0.689100,1.00,-3565.315,206.804,0.138165,0.767030
542,1TM6,61.36,0.555600,1.00,-1060.777,116.290,0.416000,0.297610
543,1TMR,92.11,0.717600,1.00,-1067.511,85.799,0.116135,0.354430
544,1TOR,67.50,0.534500,1.00,-340.617,34.060,0.269250,0.291230
545,1TOS,72.50,0.601500,1.00,-358.365,31.796,0.322223,0.399600
546,1TSK,90.00,0.701000,1.00,-2476.794,132.553,0.100700,0.745910
547,1TV0,62.50,0.468800,1.00,-2169.923,169.142,0.306513,0.516010
548,1TYK,77.94,0.609600,1.00,-2498.953,175.980,0.212109,0.548640
549,1U0P,56.48,0.468900,1.00,-1750.529,136.512,0.656741,0.339980
550,1U57,53.65,0.574300,1.00,-2597.336,270.201,0.898527,0.447660
551,1U6U,70.59,0.588200,1.00,-846.396,93.615,0.238865,0.220790
552,1U6V,73.53,0.597100,1.00,-846.396,93.615,0.219229,0.256070
553,1U85,83.33,0.742700,1.00,-2287.006,115.239,0.249108,0.627960
554,1U86,82.86,0.732200,1.00,-2358.706,158.991,0.225752,0.622040
555,1UAO,92.50,0.729900,1.00,-339.873,102.672,0.167981,0.548170
556,1UJL,41.07,0.529600,1.00,-1901.294,240.879,0.839340,0.323870
557,1UT3,92.11,0.682000,1.00,-2974.341,190.062,0.132017,0.783350
558,1UYA,64.06,0.544500,1.00,-657.763,79.511,0.407392,0.175320
559,1UYB,54.69,0.516100,1.00,-657.763,79.511,0.502165,0.242670
560,1V1D,82.26,0.701300,1.00,-2471.517,127.594,0.185861,0.571120
561,1V28,79.35,0.665400,1.00,-1128.921,82.565,0.447242,0.450550
562,1V4Z,84.21,0.701500,1.00,-1028.464,53.131,0.231508,0.461700
563,1V50,67.11,0.590400,1.00,-1028.464,53.131,0.384686,0.416250
564,1V5A,87.50,0.707300,1.00,-1562.323,144.039,0.158187,0.574930
565,1V6R,69.05,0.562300,1.00,-1448.127,84.555,0.398031,0.193650
566,1V92,85.87,0.722700,1.00,-4717.855,117.277,0.150822,0.733980
567,1VA1,80.41,0.688800,1.00,-2429.438,174.458,0.242819,0.626450
568,1VA2,87.90,0.690000,1.00,-2065.398,128.142,0.169907,0.651630
569,1VA3,91.38,0.692100,1.00,-1856.633,98.588,0.166952,0.709220
570,1VB8,80.83,0.676500,1.00,-2047.660,188.070,0.232853,0.525300
571,1VD7,67.39,0.523700,1.00,-1617.483,40.578,0.416999,0.349820
572,1VD8,63.04,0.467400,1.00,-1573.309,66.406,0.410519,0.262980
573,1VD9,72.83,0.625500,1.00,-1733.804,43.596,0.410582,0.487640
574,1VDA,61.96,0.555100,1.00,-1586.080,49.958,0.692582,0.315460
575,1VDB,79.35,0.730300,1.00,-1617.483,40.578,0.193273,0.509010
576,1VII,79.86,0.674400,1.00,-3165.559,98.886,0.218145,0.628880
577,1VPC,65.56,0.630800,1.00,-3305.750,79.363,0.550158,0.562780
578,1VPU,40.56,0.479000,1.00,-3094.545,238.220,0.811398,0.385330
579,1VQX,39.47,0.541100,1.00,-464.730,154.530,0.873629,0.183590
580,1VTP,66.35,0.699100,1.00,-1674.970,57.168,0.373350,0.405380
581,1VTX,79.76,0.617900,1.00,-2562.084,210.589,0.217297,0.665140
582,1W1N,66.67,0.594700,1.00,-2528.577,109.578,0.446958,0.475440
583,1W4E,93.09,0.759900,1.00,-3829.853,214.445,0.129624,0.850020
584,1W4F,88.83,0.760900,1.00,-3829.853,214.445,0.198078,0.813320
585,1W4G,91.49,0.775100,1.00,-3846.792,226.057,0.199830,0.842620
586,1W4H,88.30,0.739100,1.00,-3546.561,152.345,0.400509,0.807660
587,1WAZ,64.13,0.557400,1.00,-4281.679,157.243,0.432380,0.510010
588,1WCT,55.77,0.523900,1.00,-269.668,59.849,0.355334,0.177190
589,1WM7,68.10,0.619300,1.00,-1864.166,134.803,0.281429,0.345270
590,1WM8,71.43,0.555000,1.00,-1571.946,170.833,0.236873,0.388530
591,1WMT,85.98,0.681500,1.00,-3076.583,204.381,0.158887,0.715320
592,1WN4,63.39,0.584200,1.00,-1385.281,135.449,0.494365,0.443260
593,1WN8,79.55,0.660500,1.00,-1555.232,46.423,0.264191,0.545850
594,1WNK,90.22,0.706800,1.00,-1733.804,43.596,0.162704,0.516240
595,1WNM,94.57,0.768400,1.00,-1573.309,66.406,0.074011,0.574380
596,1WNN,91.30,0.715000,1.00,-1586.080,49.958,0.248633,0.608410
597,1WO3,76.00,0.639700,1.00,-1325.106,139.417,0.213544,0.357730
598,1WO4,62.00,0.561000,1.00,-1281.659,97.710,0.493505,0.368600
599,1WO5,64.00,0.534900,1.00,-1606.453,80.114,0.458686,0.317660
600,1WO6,66.00,0.516400,1.00,-1299.489,149.923,0.335990,0.341950
601,1WO7,51.00,0.500700,1.00,-1521.946,82.625,0.528352,0.296650
602,1WO9,80.00,0.716900,1.00,-1755.919,209.202,0.321642,0.598700
603,1WPD,63.24,0.524900,1.00,-2324.562,149.477,0.481443,0.408820
604,1WQB,83.59,0.701100,1.00,-2038.566,202.819,0.221023,0.626990
605,1WQC,81.73,0.650000,1.00,-1817.200,91.311,0.338420,0.445080
606,1WQD,75.00,0.677400,1.00,-1881.692,115.976,0.403753,0.469010
607,1WQE,98.91,0.759900,1.00,-1442.339,53.049,0.064748,0.595130
608,1WQK,42.26,0.393600,1.00,-3143.062,245.564,0.928217,0.491500
609,1WR3,83.33,0.718900,1.00,-2179.495,157.619,0.260658,0.656410
610,1WR4,90.97,0.801500,1.00,-2220.162,174.373,0.138060,0.771650
611,1WR7,80.49,0.700800,1.00,-2733.822,186.612,0.416086,0.708340
612,1WT7,71.34,0.573900,1.00,-3347.471,183.382,0.504135,0.571480
613,1WT8,75.81,0.620400,1.00,-2101.914,212.689,0.265251,0.498050
614,1WXN,60.12,0.508400,1.00,-3389.923,201.144,0.626897,0.505100
615,1WZ4,51.09,0.550700,1.00,-1131.769,91.054,0.614357,0.251360
616,1WZ5,65.71,0.510900,1.00,-2283.446,167.711,0.340877,0.444960
617,1X22,59.52,0.688200,1.00,-1940.306,155.951,0.582337,0.563420
618,1X32,40.96,0.417000,1.00,-3361.653,315.529,0.753214,0.283380
619,1X5V,82.35,0.653400,1.00,-2383.108,192.176,0.179853,0.588970
620,1X7K,77.63,0.592800,1.00,-1106.229,119.226,0.269293,0.272880
621,1XBH,59.62,0.484800,1.00,-611.571,54.855,0.333290,0.234600
622,1XC0,64.39,0.637300,1.00,-1890.676,64.707,0.423922,0.472980
623,1XF7,90.52,0.762800,1.00,-1886.058,100.876,0.144524,0.687590
624,1XOO,80.00,0.676500,1.00,-1303.648,24.098,0.231132,0.346740
625,1XOP,67.50,0.548300,1.00,-1289.728,35.244,0.268567,0.289120
626,1XRZ,87.50,0.725300,1.00,-1743.992,129.273,0.269612,0.688670
627,1XT7,57.69,0.467100,1.00,-370.039,62.601,0.422054,0.236210
628,1XUT,51.09,0.444800,1.00,-3633.926,199.129,0.646579,0.434880
629,1XV3,44.15,0.534500,1.00,-3013.264,229.500,1.103361,0.355430
630,1XXZ,43.18,0.431000,1.00,-584.245,28.178,0.549987,0.246400
631,1XY4,39.58,0.398800,1.00,-736.317,42.796,0.604957,0.238430
632,1XY6,41.67,0.480800,1.00,-487.153,57.137,0.757509,0.249170
633,1XY8,59.62,0.466500,1.00,-738.203,31.512,0.573636,0.256550
634,1XY9,50.00,0.423400,1.00,-518.378,35.041,0.519533,0.132280
635,1Y03,70.00,0.787500,1.00,-1150.121,60.219,0.312431,0.625030
636,1Y04,59.29,0.772500,1.00,-1150.121,60.219,0.747442,0.527990
637,1Y1B,85.42,0.700100,1.00,-3646.696,187.720,0.246652,0.739350
638,1Y1C,82.81,0.716900,1.00,-3696.743,206.761,0.305345,0.717890
639,1Y29,87.50,0.712800,1.00,-1733.651,191.388,0.184189,0.583650
640,1Y2P,88.97,0.728900,1.00,-2305.063,163.784,0.131663,0.700350
641,1Y32,70.83,0.677700,1.00,-1096.446,78.336,0.509209,0.363610
642,1Y4E,50.00,0.551000,1.00,-1855.735,89.816,0.449986,0.200190
643,1Y5C,56.82,0.494300,1.00,-301.045,72.544,0.358254,0.347290
644,1YIU,89.86,0.780800,1.00,-2431.408,157.573,0.126713,0.758120
645,1YMZ,78.49,0.699900,1.00,-2588.163,243.336,0.276924,0.665550
646,1YP8,69.70,0.589200,1.00,-2079.322,230.362,0.559177,0.483110
647,1YT6,72.50,0.612500,1.00,-400.951,46.470,0.239647,0.388310
648,1YTR,58.65,0.552600,1.00,-1738.145,48.314,0.612744,0.308960
649,1YV8,48.37,0.425600,1.00,-2862.743,411.996,0.709468,0.373900
650,1YVA,49.46,0.417100,1.00,-2862.743,411.996,0.734281,0.340950
651,1YWJ,62.20,0.599400,1.00,-2125.460,309.348,0.665303,0.523810
652,1YYB,69.44,0.637100,1.00,-1664.290,64.150,0.324360,0.473910
653,1Z0Q,21.43,0.323300,1.00,-1491.776,427.462,1.504516,0.215940
654,1Z2T,76.09,0.603200,1.00,-2009.227,39.515,0.418721,0.424210
655,1Z65,72.50,0.631300,1.00,-2031.022,69.244,0.370033,0.510230
656,1Z6V,46.94,0.480900,1.00,-2708.937,265.242,0.911740,0.338470
657,1Z6W,26.02,0.371200,1.00,-2708.937,265.242,0.866343,0.256650
658,1Z99,75.60,0.620600,1.00,-2317.245,312.159,0.305654,0.621860
659,1ZA8,75.00,0.646000,1.00,-2213.158,221.258,0.382821,0.501900
660,1ZAQ,58.52,0.566200,1.00,-3245.756,218.853,0.667063,0.447370
661,1ZDA,80.92,0.680200,1.00,-2952.255,105.974,0.392648,0.687660
662,1ZDB,75.00,0.705100,1.00,-2952.255,105.974,0.365543,0.542300
663,1ZFD,88.28,0.724800,1.00,-1937.418,154.618,0.181599,0.694830
664,1ZFU,76.88,0.623200,1.00,-2903.216,138.243,0.280129,0.614130
665,1ZJQ,82.35,0.703800,1.00,-2448.979,173.479,0.218203,0.593550
666,1ZNM,85.71,0.704600,1.00,-1968.271,77.765,0.134622,0.487900
667,1ZNU,95.69,0.766500,1.00,-1911.510,232.962,0.080273,0.736950
668,1ZR7,94.17,0.776300,1.00,-1853.645,134.607,0.158727,0.767870
669,1ZRV,74.00,0.685900,1.00,-1811.433,60.634,0.236275,0.350200
670,1ZRW,66.00,0.615700,1.00,-1811.433,60.634,0.412305,0.327670
671,1ZRX,45.24,0.464200,1.00,-2779.266,114.995,1.244405,0.381810
672,1ZTA,80.00,0.671800,1.00,-2613.953,107.573,0.286060,0.638350
673,1ZTN,35.00,0.421300,1.00,-1264.665,159.939,0.726932,0.191920
674,1ZTO,52.03,0.601300,1.00,-1925.206,190.711,0.595069,0.376030
675,1ZUE,86.90,0.690800,1.00,-2952.592,217.058,0.303310,0.758760
676,1ZUF,77.98,0.606600,1.00,-2952.592,217.058,0.290694,0.632260
677,1ZUV,85.83,0.687200,1.00,-1956.474,124.660,0.243303,0.613570
678,1ZWA,40.44,0.548100,1.00,-2504.495,79.477,0.914583,0.321160
679,1ZWB,45.83,0.575800,1.00,-2896.197,71.361,1.023046,0.403920
680,1ZWC,47.97,0.596500,1.00,-3014.808,63.590,0.695232,0.365030
681,1ZWD,43.57,0.560900,1.00,-2824.545,61.442,0.688053,0.330630
682,1ZWE,48.53,0.556300,1.00,-2779.256,67.394,0.716547,0.394170
683,1ZWU,87.50,0.749700,1.00,-1861.241,113.415,0.143046,0.623580
684,2A1C,77.94,0.548100,1.00,-1155.437,57.891,0.321155,0.330750
685,2A2B,40.24,0.510800,1.00,-2242.065,149.454,0.960572,0.347790
686,2A2V,89.71,0.685100,1.00,-2109.995,232.511,0.156607,0.669130
687,2A51,78.21,0.683900,1.00,-2462.366,177.583,0.190114,0.557150
688,2AAP,87.50,0.701800,1.00,-2448.979,173.479,0.239925,0.711190
689,2AB3,87.07,0.703500,1.00,-1815.215,136.134,0.160819,0.607110
690,2AB7,93.10,0.720100,1.00,-1840.698,99.870,0.102027,0.689820
691,2AB9,24.19,0.370400,1.00,-1424.732,192.297,1.123179,0.194160
692,2ADX,48.75,0.473300,1.00,-2522.253,198.883,0.499958,0.323850
693,2AJJ,81.25,0.695300,1.00,-2252.714,38.108,0.190059,0.555230
694,2AJM,83.04,0.701600,1.00,-2252.714,38.108,0.249687,0.546450
695,2AJN,83.04,0.693800,1.00,-2252.714,38.108,0.202944,0.544330
696,2AJO,83.04,0.701600,1.00,-2252.714,38.108,0.249687,0.546450
697,2AJW,70.45,0.701500,1.00,-1095.503,131.548,0.564269,0.273310
698,2AK0,73.91,0.719900,1.00,-1143.400,150.030,0.571451,0.395690
699,2AMN,57.69,0.608000,1.00,-1854.467,60.124,0.530339,0.297760
700,2AP7,88.75,0.768800,1.00,-1018.283,28.426,0.187142,0.525180
701,2AP8,90.00,0.737100,1.00,-1018.283,28.426,0.212378,0.547670
702,2ARI,52.56,0.559800,1.00,-2355.518,39.522,0.759172,0.474230
703,2ATG,84.72,0.662900,1.00,-937.111,79.068,0.183693,0.297120
704,2AXK,87.50,0.708400,1.00,-3182.138,150.686,0.124459,0.727630
705,2B0Y,75.00,0.596600,1.00,-1037.390,52.684,0.306833,0.347760
706,2B19,52.08,0.622500,1.00,-2161.166,139.445,0.553862,0.426450
707,2B38,79.84,0.696800,1.00,-1795.577,159.590,0.353589,0.640030
708,2B4N,54.76,0.576600,1.00,-2913.857,107.680,0.808408,0.468120
709,2B5B,32.64,0.425900,1.00,-2286.571,231.900,0.886883,0.246860
710,2B5P,50.00,0.541600,1.00,-321.007,32.941,0.661771,0.237370
711,2B5Q,38.64,0.514600,1.00,-321.007,32.941,0.658103,0.231490
712,2B68,77.33,0.653200,1.00,-2695.076,298.376,0.294323,0.657310
713,2B9K,47.34,0.455900,1.00,-3584.453,240.840,0.866748,0.372230
714,2BAI,36.72,0.377100,1.00,-1872.772,195.080,0.863763,0.231670
715,2BAO,87.50,0.642800,1.00,-557.298,20.997,0.168955,0.428470
716,2BAU,85.00,0.621000,1.00,-557.298,20.997,0.253221,0.366360
717,2BBG,74.38,0.630300,1.00,-3019.524,176.606,0.285796,0.577270
718,2BBL,38.64,0.514400,1.00,-678.798,162.649,0.878003,0.107470
719,2BBP,30.68,0.519600,1.00,-678.798,162.649,0.981104,0.143150
720,2BBX,76.02,0.709600,1.00,-2516.915,280.866,0.306310,0.652670
723,2BDS,45.35,0.405200,1.00,-3268.502,237.428,0.667054,0.429930
724,2BEY,50.00,0.582800,1.00,-458.004,80.064,0.910328,0.206350
725,2BL6,43.92,0.435000,1.00,-2086.902,177.488,0.675496,0.290300
726,2BMT,99.32,0.771600,1.00,-3096.891,175.306,0.058294,0.897830
727,2BN6,78.03,0.629000,1.00,-2686.553,82.827,0.270695,0.549680
728,2BP4,48.44,0.479500,1.00,-454.075,158.835,0.478107,0.253660
729,2BTG,87.77,0.728800,1.00,-3836.620,149.743,0.366595,0.809290
730,2BTH,82.98,0.697800,1.00,-3836.620,149.743,0.475467,0.745590
731,2C6A,74.46,0.690600,1.00,-2796.289,320.630,0.509846,0.654260
732,2C6B,71.74,0.662600,1.00,-2796.289,320.630,0.490303,0.601160
733,2CBH,100.00,0.846700,1.00,-2396.857,262.689,0.046803,0.926890
734,2CEF,48.68,0.511200,1.00,-586.780,149.210,0.530065,0.083320
735,2CEH,44.74,0.526700,1.00,-586.780,149.210,0.585443,0.164970
736,2CEZ,44.74,0.523500,1.00,-586.780,149.210,0.615083,0.197260
737,2CFJ,42.11,0.501300,1.00,-586.780,149.210,0.590582,0.187770
738,2CK4,88.16,0.742200,1.00,-2859.109,164.908,0.125571,0.712700
739,2CK5,84.68,0.708100,1.00,-2046.459,108.366,0.158591,0.595870
740,2CQ7,72.96,0.716500,1.00,-2686.834,256.728,0.390532,0.613860
741,2CRD,87.84,0.684800,1.00,-2945.728,175.847,0.132039,0.735220
742,2CSA,36.84,0.514200,1.00,-494.547,106.572,0.931507,0.111320
743,2CTI,93.97,0.763900,1.00,-1923.992,142.885,0.101562,0.725100
744,2CYU,76.25,0.575400,1.00,-3152.975,124.534,0.414980,0.613410
745,2DCI,63.75,0.595000,1.00,-1083.662,36.435,0.411181,0.218230
746,2DCO,35.29,0.527000,1.00,-1443.552,262.231,1.380528,0.243230
747,2DCV,80.36,0.682700,1.00,-2815.694,208.279,0.201290,0.668570
748,2DCW,83.33,0.654900,1.00,-2862.100,230.757,0.194037,0.693720
749,2DDL,73.48,0.615900,1.00,-2458.340,140.849,0.324143,0.455240
750,2DI2,74.14,0.662500,1.00,-1293.318,153.081,0.403399,0.530540
751,2DJ9,71.74,0.634300,1.00,-1078.761,186.340,0.435974,0.328880
752,2DJC,80.43,0.633700,1.00,-1188.502,90.185,0.364884,0.430670
753,2DMV,69.19,0.717500,1.00,-2355.934,183.737,0.587331,0.587690
754,2DQ5,77.13,0.658500,1.00,-3388.685,264.003,0.295343,0.672690
755,2DTB,82.69,0.722600,1.00,-1733.619,63.896,0.185347,0.517340
756,2DWF,66.91,0.569900,1.00,-2780.422,182.634,0.301645,0.441980
757,2DX2,90.91,0.695900,1.00,-583.810,26.122,0.104924,0.396780
758,2DX3,80.56,0.652300,1.00,-1268.267,26.504,0.210698,0.318240
759,2DX4,36.11,0.363100,1.00,-1268.267,26.504,0.864282,0.102970
760,2E1X,75.93,0.596000,1.00,-1316.488,126.067,0.355029,0.431220
761,2E2F,75.61,0.578800,1.00,-3024.515,185.666,0.251827,0.602770
762,2E3E,48.33,0.485900,1.00,-3259.633,349.748,0.747186,0.358150
763,2E3F,56.98,0.530900,1.00,-3110.424,329.086,0.723090,0.436290
764,2E3G,66.88,0.539900,1.00,-3074.196,160.031,0.490079,0.514450
765,2E4E,50.00,0.577300,1.00,-278.268,33.994,0.729424,0.375680
766,2E5T,83.15,0.608000,1.00,-3871.605,117.858,0.147594,0.708000
767,2E5U,48.12,0.386200,1.00,-3301.240,115.685,1.350803,0.408300
768,2E72,54.59,0.650800,1.00,-2401.318,299.171,0.889654,0.458880
769,2EBQ,72.34,0.672500,1.00,-2414.407,262.275,0.452890,0.583180
770,2EBR,68.09,0.711200,1.00,-2246.135,259.102,0.761407,0.593470
771,2EC7,45.92,0.503600,1.00,-2442.352,227.059,0.745733,0.311710
772,2EEM,82.35,0.698000,1.00,-2557.894,163.189,0.173483,0.597220
773,2EFZ,67.19,0.537900,1.00,-733.352,101.135,0.291497,0.288830
774,2EKK,89.36,0.771500,1.00,-3882.717,165.094,0.207668,0.813460
775,2EL4,62.50,0.780900,1.00,-2127.724,212.718,0.885394,0.536400
776,2EL5,74.40,0.786500,1.00,-1899.407,225.649,0.465451,0.639930
777,2EL6,71.74,0.739800,1.00,-2235.227,176.514,0.457877,0.608140
778,2ELM,73.65,0.719900,1.00,-2198.782,155.341,0.424591,0.607330
779,2ELN,80.92,0.817700,1.00,-2128.775,189.950,0.497513,0.723140
780,2ELO,79.05,0.755600,1.00,-2213.938,145.950,0.369838,0.628240
781,2ELP,78.38,0.745200,1.00,-2403.975,189.593,0.543140,0.669130
782,2ELQ,83.33,0.777900,1.00,-1937.252,170.289,0.289084,0.703450
783,2ELR,76.39,0.780000,1.00,-1522.310,148.716,0.883085,0.660390
784,2ELS,84.03,0.790500,1.00,-2260.194,151.724,0.230160,0.724360
785,2ELT,79.17,0.805900,1.00,-1999.429,136.365,0.660591,0.717310
786,2ELU,80.41,0.758500,1.00,-1895.304,204.448,0.350580,0.670430
787,2ELV,73.61,0.686300,1.00,-1954.826,213.613,0.417127,0.598010
788,2ELW,75.68,0.778900,1.00,-2058.204,147.770,0.563618,0.661000
789,2ELX,85.00,0.777200,1.00,-2050.407,116.160,0.433899,0.733420
790,2ELY,66.85,0.759100,1.00,-2004.894,246.604,0.543434,0.574630
791,2ELZ,65.76,0.711200,1.00,-2072.220,208.029,0.588746,0.559880
792,2EM0,68.48,0.725400,1.00,-2199.007,244.998,0.554522,0.566210
793,2EM1,73.30,0.768200,1.00,-2117.919,222.804,0.603577,0.628930
794,2EM2,64.67,0.746100,1.00,-1960.901,254.765,0.688676,0.588460
795,2EM3,63.59,0.703900,1.00,-2025.218,242.047,1.080950,0.562870
796,2EM4,66.30,0.736500,1.00,-1917.422,205.044,0.733963,0.573640
797,2EM5,65.76,0.721800,1.00,-2043.948,264.632,0.603200,0.559660
798,2EM6,61.41,0.714000,1.00,-1869.357,258.494,0.597266,0.515440
799,2EM7,65.22,0.700200,1.00,-2145.350,203.835,0.830140,0.573760
800,2EM8,68.48,0.757900,1.00,-1996.728,229.443,0.645546,0.583090
801,2EM9,66.85,0.762000,1.00,-2095.743,238.982,1.018388,0.562690
802,2EMA,75.00,0.727300,1.00,-2133.893,234.991,0.338071,0.616110
803,2EMB,64.20,0.694300,1.00,-2145.420,209.835,0.651844,0.550050
804,2EMC,68.48,0.819700,1.00,-2147.384,223.934,0.687944,0.622050
805,2EME,63.59,0.700000,1.00,-2387.063,240.202,0.779692,0.545620
806,2EMF,70.65,0.776300,1.00,-1918.802,257.525,0.810924,0.624350
807,2EMG,63.04,0.745100,1.00,-2082.645,231.732,0.796629,0.553410
808,2EMH,70.65,0.774400,1.00,-2311.464,221.389,0.599492,0.583780
809,2EMI,65.22,0.720400,1.00,-2111.389,222.908,0.543447,0.518190
810,2EMJ,63.04,0.739400,1.00,-2046.491,196.319,0.680182,0.515530
811,2EMK,65.76,0.736900,1.00,-2096.903,210.255,0.760086,0.594430
812,2EML,69.02,0.749200,1.00,-2022.301,199.559,0.809808,0.593130
813,2EMM,66.85,0.778500,1.00,-2041.746,234.229,0.801891,0.587550
814,2EMP,64.67,0.748000,1.00,-2180.543,238.979,0.771083,0.575130
815,2EMV,66.48,0.735000,1.00,-1994.951,211.401,0.727144,0.557920
816,2EMW,65.34,0.747200,1.00,-2012.456,198.695,0.634048,0.558880
817,2EMX,68.75,0.778300,1.00,-1880.674,219.320,0.623562,0.612140
818,2EMY,65.22,0.769100,1.00,-2173.031,220.450,0.779841,0.556870
819,2EMZ,74.46,0.750400,1.00,-2030.730,225.391,0.595488,0.659910
820,2EN0,69.64,0.790000,1.00,-2030.966,215.981,0.744183,0.617080
821,2EN1,69.57,0.757600,1.00,-1835.246,232.351,0.714333,0.598110
822,2EN2,71.43,0.786500,1.00,-2161.567,179.327,0.939918,0.614550
823,2EN3,66.30,0.729700,1.00,-2435.938,206.698,0.696188,0.575260
824,2EN4,66.85,0.691500,1.00,-2126.226,220.973,0.685419,0.575610
825,2EN6,67.39,0.738800,1.00,-1978.711,206.328,0.603909,0.533740
826,2EN7,63.64,0.692200,1.00,-2090.011,218.173,0.573719,0.507970
827,2EN8,64.13,0.738600,1.00,-2105.783,276.075,0.879665,0.535640
828,2EN9,57.07,0.713600,1.00,-1806.120,238.224,0.927904,0.507710
829,2ENA,61.41,0.723400,1.00,-2071.082,258.040,1.037671,0.569460
830,2ENC,64.13,0.731400,1.00,-2024.824,185.432,0.743194,0.535810
831,2ENE,65.22,0.717000,1.00,-2034.878,239.214,0.611751,0.552140
832,2ENF,66.85,0.698100,1.00,-1992.246,265.269,0.665012,0.582620
833,2ENH,59.24,0.721900,1.00,-2001.956,257.559,0.975511,0.526280
834,2ENT,60.94,0.716600,1.00,-2350.483,243.071,0.820180,0.516960
835,2EOE,61.41,0.737300,1.00,-1987.667,213.358,0.760360,0.541170
836,2EOF,62.50,0.707600,1.00,-1978.827,240.264,0.770230,0.549870
837,2EOG,69.32,0.751600,1.00,-2094.708,232.212,0.746496,0.600510
838,2EOH,69.02,0.691800,1.00,-1977.516,218.888,0.392843,0.567230
839,2EOI,74.43,0.756300,1.00,-2153.315,261.883,0.659010,0.660080
840,2EOJ,68.75,0.746100,1.00,-2032.740,212.739,0.587099,0.557470
841,2EOK,69.05,0.769900,1.00,-2201.643,184.191,0.941995,0.618650
842,2EOL,75.60,0.764100,1.00,-1888.865,256.228,0.438164,0.625260
843,2EOM,65.76,0.758400,1.00,-2125.830,223.171,0.918038,0.562510
844,2EON,61.96,0.768500,1.00,-2110.095,247.392,1.208072,0.565600
845,2EOO,68.48,0.749800,1.00,-2411.668,184.979,0.664708,0.606970
846,2EOP,62.50,0.769300,1.00,-2098.745,226.660,0.949031,0.576900
847,2EOQ,73.91,0.771900,1.00,-2048.554,231.417,0.477127,0.647570
848,2EOR,63.04,0.745600,1.00,-2092.755,267.856,0.851489,0.530990
849,2EOS,66.67,0.752500,1.00,-2137.652,211.027,0.692435,0.557700
850,2EOU,62.50,0.752100,1.00,-1780.433,195.080,0.967880,0.556230
851,2EOV,62.50,0.755300,1.00,-2102.187,234.983,0.979960,0.549550
852,2EOW,65.76,0.745900,1.00,-1989.790,262.596,0.752287,0.562970
853,2EOX,63.07,0.697400,1.00,-2205.820,185.484,0.825337,0.544320
854,2EOY,61.96,0.702800,1.00,-2115.590,279.921,0.660577,0.513570
855,2EOZ,65.22,0.757800,1.00,-2299.190,224.065,0.752434,0.582490
856,2EP0,62.50,0.779600,1.00,-2065.283,206.234,1.040634,0.554630
857,2EP1,63.04,0.745800,1.00,-2004.161,291.078,0.838306,0.561200
858,2EP2,64.67,0.738300,1.00,-1991.872,234.697,0.757096,0.594840
859,2EP3,64.13,0.760400,1.00,-2250.312,218.986,1.007595,0.571910
860,2EPC,69.64,0.730500,1.00,-1991.803,182.712,0.558045,0.611900
861,2EPQ,52.78,0.681800,1.00,-2356.827,213.249,0.720929,0.446050
862,2EPR,58.33,0.696800,1.00,-2233.101,251.518,0.760341,0.485450
863,2EPT,67.68,0.716700,1.00,-1883.334,168.184,0.714792,0.540060
864,2EPU,66.11,0.743400,1.00,-2237.137,201.830,0.730837,0.584790
865,2EPV,69.32,0.785400,1.00,-2201.819,182.242,0.793262,0.584960
866,2EPW,70.65,0.684600,1.00,-2116.854,206.165,0.340612,0.532940
867,2EPX,64.36,0.703700,1.00,-2536.003,192.712,1.068216,0.565670
868,2EPY,67.26,0.735300,1.00,-1768.278,187.032,0.713481,0.563020
869,2EPZ,65.76,0.740400,1.00,-1955.541,239.968,0.941360,0.574670
870,2EQ0,58.70,0.673000,1.00,-2111.155,204.391,0.883518,0.524340
871,2EQ1,66.30,0.692200,1.00,-2023.730,227.304,0.605777,0.518390
872,2EQ2,55.43,0.644400,1.00,-1987.129,192.103,0.956425,0.470120
873,2EQ3,61.41,0.687700,1.00,-1804.346,301.203,0.946347,0.512130
874,2EQ4,52.72,0.657400,1.00,-2115.924,208.535,0.798788,0.427470
875,2EQE,69.27,0.728200,1.00,-2565.042,308.061,0.494310,0.602950
876,2EQF,64.13,0.653900,1.00,-2486.703,214.899,0.891938,0.559660
877,2EQG,72.45,0.679100,1.00,-2754.781,249.203,0.629504,0.655620
878,2EQH,76.09,0.625000,1.00,-1201.379,83.102,0.322522,0.363670
879,2EQQ,75.00,0.587300,1.00,-1579.494,111.252,0.355934,0.457130
880,2EQT,72.32,0.637000,1.00,-1579.494,111.252,0.438853,0.443040
881,2EQW,67.26,0.702200,1.00,-2052.701,299.668,0.746462,0.568740
882,2ERI,85.48,0.720000,1.00,-2133.355,228.320,0.239363,0.668160
883,2ESX,59.21,0.480200,1.00,-804.020,97.669,0.322196,0.229750
884,2ESZ,63.16,0.498300,1.00,-804.020,97.669,0.295126,0.238710
885,2ETI,80.36,0.659800,1.00,-2007.145,97.900,0.211826,0.489690
886,2EVQ,87.50,0.739400,1.00,-503.941,44.344,0.129959,0.447320
887,2EYA,48.91,0.409400,1.00,-2862.743,411.996,0.709252,0.365050
888,2EYB,50.54,0.417600,1.00,-2862.743,411.996,0.726576,0.367200
889,2EYC,46.74,0.412700,1.00,-2862.743,411.996,0.681508,0.335650
890,2EYD,49.46,0.410600,1.00,-2862.743,411.996,0.668707,0.337700
891,2F2I,81.90,0.672100,1.00,-1728.391,186.468,0.310138,0.575340
892,2F2J,87.93,0.706200,1.00,-1620.372,134.279,0.301432,0.622260
893,2F5H,64.19,0.555900,1.00,-1856.383,370.860,0.337134,0.404140
896,2FJ4,61.49,0.558900,1.00,-1856.383,370.860,0.403240,0.395410
897,2FJ5,62.16,0.545400,1.00,-1856.383,370.860,0.420931,0.439570
898,2FQA,70.37,0.556900,1.00,-1819.434,128.304,0.338278,0.404940
899,2FR9,69.23,0.518600,1.00,-555.072,46.405,0.332452,0.281690
900,2FRB,67.31,0.511000,1.00,-613.083,46.004,0.395063,0.241190
901,2FXY,83.33,0.681400,1.00,-1128.329,40.139,0.256483,0.450270
902,2FXZ,84.62,0.668400,1.00,-787.177,37.704,0.265102,0.467420
903,2G6U,51.67,0.465200,1.00,-656.897,54.767,0.427807,0.283400
904,2G9L,54.05,0.664800,1.00,-2243.456,97.579,0.527041,0.441180
905,2G9P,68.27,0.697200,1.00,-1559.637,34.046,0.390326,0.441210
906,2GD3,65.62,0.610000,1.00,-1290.008,55.739,0.449787,0.326420
907,2GDL,44.35,0.538600,1.00,-1875.252,144.627,0.837898,0.352450
908,2GFR,75.00,0.583400,1.00,-501.360,57.774,0.330397,0.312370
909,2GJ0,78.23,0.637500,1.00,-1949.708,204.832,0.233067,0.546270
910,2GL1,98.94,0.842200,1.00,-3548.204,216.878,0.057840,0.938340
911,2GOF,56.43,0.529700,1.00,-2319.325,88.577,0.498606,0.454560
912,2GOH,62.86,0.529000,1.00,-2319.325,88.577,0.528254,0.520950
913,2GP8,83.12,0.718200,1.00,-2870.388,97.220,0.208881,0.697210
914,2GQE,85.94,0.743700,1.00,-1960.642,161.994,0.430066,0.707810
915,2GW9,72.66,0.532800,1.00,-2169.923,169.142,0.285253,0.601740
916,2GWP,71.09,0.544300,1.00,-2025.973,159.552,0.281712,0.580100
917,2GX1,87.93,0.673300,1.00,-1862.311,152.022,0.144153,0.566340
918,2H1Z,93.59,0.831100,1.00,-2695.353,177.149,0.097389,0.832300
919,2H9X,35.64,0.341300,1.00,-2963.920,220.093,0.916471,0.366360
920,2HFR,71.30,0.662400,1.00,-1834.600,73.619,0.237652,0.307180
921,2HGO,48.15,0.441600,1.00,-1750.816,165.511,0.481907,0.193700
922,2HLG,92.95,0.739900,1.00,-2698.754,187.681,0.133194,0.816690
923,2HM3,42.74,0.453300,1.00,-1553.938,254.191,0.996379,0.306060
924,2HM4,41.13,0.430200,1.00,-1715.228,229.121,0.762309,0.241260
925,2HM5,60.48,0.540600,1.00,-1715.228,229.121,0.507970,0.401590
926,2HM6,59.68,0.542600,1.00,-1861.344,204.425,0.819341,0.440150
927,2HN8,56.58,0.652000,1.00,-3460.135,110.577,0.923983,0.482410
928,2I1P,82.29,0.745200,1.00,-2544.767,206.360,0.214134,0.710780
929,2I1T,79.17,0.644000,1.00,-2206.165,180.701,0.215582,0.561810
930,2I5O,86.54,0.829800,1.00,-2777.038,153.665,0.184313,0.723150
931,2I9M,91.18,0.796400,1.00,-1237.128,15.744,0.104663,0.553990
932,2I9N,47.73,0.406200,1.00,-2097.290,144.537,0.741219,0.331770
933,2I9O,54.05,0.465400,1.00,-1924.137,159.860,0.551947,0.345360
934,2IFJ,70.83,0.539000,1.00,-653.230,39.127,0.353117,0.294190
935,2IGU,77.08,0.561700,1.00,-573.639,45.884,0.245647,0.332940
936,2IH6,34.09,0.521900,1.00,-363.976,37.883,0.797420,0.203920
937,2IMU,52.17,0.689700,1.00,-2621.723,147.320,0.601217,0.392780
938,2IT7,99.11,0.859300,1.00,-2007.145,97.900,0.050570,0.847000
939,2IV4,32.81,0.417500,1.00,-388.753,76.813,0.636733,0.186390
940,2IV5,73.91,0.677000,1.00,-1057.303,71.272,0.409291,0.426250
941,2IV6,28.26,0.362500,1.00,-768.231,129.702,0.809308,0.112770
942,2IWJ,46.30,0.462900,1.00,-1316.488,126.067,0.570806,0.282540
943,2J15,71.67,0.589300,1.00,-700.528,57.567,0.322260,0.245320
944,2J8P,46.94,0.539900,1.00,-4216.206,177.591,0.862618,0.397030
945,2JM0,83.57,0.747300,1.00,-3178.027,88.500,0.165253,0.636000
946,2JM2,30.00,0.447100,1.00,-1292.727,451.232,1.013858,0.272030
947,2JM4,85.47,0.712200,1.00,-2422.060,221.311,0.284527,0.748930
948,2JMY,93.33,0.710500,1.00,-982.720,22.531,0.121500,0.524780
949,2JN5,45.83,0.469000,1.00,-774.201,23.869,0.545364,0.186680
950,2JNH,82.07,0.677800,1.00,-4368.308,152.745,0.351172,0.716100
951,2JNI,90.48,0.707700,1.00,-1378.100,137.841,0.136439,0.425080
952,2JOC,67.57,0.580500,1.00,-2431.408,157.573,0.351102,0.497530
953,2JOF,72.50,0.674500,1.00,-962.096,62.084,0.342715,0.408610
954,2JOS,89.77,0.650400,1.00,-1480.997,39.575,0.141983,0.423530
955,2JOU,46.32,0.328100,1.00,-2780.422,182.634,0.980667,0.335400
956,2JP6,60.14,0.576100,1.00,-2004.820,224.648,0.711952,0.409490
957,2JPJ,48.72,0.629400,1.00,-2325.146,71.959,0.559386,0.360990
958,2JPK,52.14,0.595200,1.00,-2373.942,116.046,0.968408,0.425730
959,2JPL,52.56,0.620300,1.00,-2325.146,71.959,0.581685,0.370690
960,2JPM,51.43,0.637200,1.00,-2373.942,116.046,0.524965,0.392830
961,2JPW,43.75,0.547200,1.00,-952.550,234.497,0.733263,0.243930
962,2JPX,59.29,0.627300,1.00,-2086.697,128.028,0.632833,0.448860
963,2JQ2,54.17,0.497100,1.00,-512.025,74.791,0.474485,0.299550
964,2JQB,53.33,0.586900,1.00,-634.325,76.665,0.450367,0.354800
965,2JQC,58.33,0.479100,1.00,-634.325,76.665,0.329094,0.225180
966,2JQW,55.88,0.459400,1.00,-840.987,64.383,0.504725,0.240880
967,2JR3,32.14,0.382000,1.00,-2469.461,328.640,0.864203,0.267960
968,2JR8,55.36,0.665500,1.00,-2061.997,88.301,0.533636,0.455100
969,2JRD,62.96,0.486800,1.00,-1020.968,136.486,0.501446,0.388020
970,2JRV,50.00,0.531100,1.00,-733.400,66.598,0.693032,0.248380
971,2JRW,55.43,0.478300,1.00,-1070.848,171.295,0.366437,0.239710
972,2JRY,68.48,0.577700,1.00,-2666.268,286.814,0.337543,0.560680
973,2JSB,73.81,0.648400,1.00,-1444.564,127.085,0.268001,0.298390
974,2JTA,45.00,0.455500,1.00,-309.602,38.588,0.552570,0.209810
975,2JTB,93.94,0.753700,1.00,-2181.997,140.300,0.102950,0.745570
976,2JTU,76.32,0.637100,1.00,-2481.928,204.096,0.307452,0.570100
977,2JTW,72.00,0.622600,1.00,-1519.794,60.625,0.342374,0.340410
978,2JUE,33.62,0.295200,1.00,-1911.510,232.962,0.798217,0.169660
979,2JUI,46.21,0.452400,1.00,-2310.165,82.892,0.804843,0.374330
980,2JUQ,69.23,0.535100,1.00,-580.282,58.541,0.255079,0.267550
981,2JUR,65.38,0.533100,1.00,-574.606,47.436,0.382789,0.316480
982,2JUS,86.54,0.622900,1.00,-584.780,57.680,0.129252,0.365390
983,2JUT,67.31,0.506200,1.00,-591.122,57.038,0.372766,0.342470
984,2JUY,55.36,0.537500,1.00,-1965.890,175.037,0.470551,0.287100
985,2JVX,88.39,0.746600,1.00,-1892.239,123.454,0.215270,0.717990
986,2JVY,83.04,0.638000,1.00,-1868.412,134.331,0.253663,0.610630
987,2JWG,85.87,0.727200,1.00,-2881.657,176.105,0.167588,0.759460
988,2JWH,59.38,0.690900,1.00,-2012.408,289.107,0.833153,0.514850
989,2JWM,88.79,0.735100,1.00,-1899.293,138.171,0.298472,0.686220
990,2JXF,86.67,0.767100,1.00,-2682.458,57.320,0.126104,0.628270
991,2JY0,70.37,0.620900,1.00,-1694.124,41.603,0.423159,0.453390
992,2JYD,71.20,0.607900,1.00,-2126.133,442.203,0.372687,0.593540
993,2JYP,43.06,0.452600,1.00,-2658.306,158.927,0.725121,0.301890
994,2K10,53.12,0.668100,1.00,-1995.268,48.491,0.504809,0.266800
995,2K1A,60.12,0.725900,1.00,-2751.993,181.529,0.556927,0.532390
996,2K1I,71.09,0.573700,1.00,-1956.556,150.583,0.284404,0.586440
997,2K1P,78.79,0.678700,1.00,-1703.044,180.436,0.346944,0.578410
998,2K2Y,82.05,0.673200,1.00,-3042.818,193.738,0.198817,0.672110
999,2K2Z,75.00,0.624500,1.00,-2400.791,171.870,0.410805,0.613770
1000,2K44,53.57,0.658500,1.00,-2486.296,41.341,0.914185,0.382310
1001,2K4U,91.89,0.725600,1.00,-2705.945,143.373,0.103784,0.786570
1004,2K6O,59.46,0.629000,1.00,-2526.252,177.618,0.868632,0.492950
1005,2K6R,80.17,0.653000,1.00,-2097.707,168.663,0.207709,0.550880
1006,2K72,91.89,0.719700,1.00,-3356.692,209.969,0.133765,0.771470
1007,2K76,78.33,0.705000,1.00,-2109.959,144.052,0.215645,0.499890
1008,2K7G,79.31,0.706300,1.00,-2012.609,163.368,0.325101,0.562030
1009,2K7Y,38.89,0.555300,1.00,-2670.791,240.484,0.845643,0.257000
1010,2K84,55.00,0.612300,1.00,-1931.237,104.987,0.527399,0.477370
1012,2K98,57.29,0.622700,1.00,-1366.061,48.257,0.738205,0.370660
1013,2K9D,75.00,0.646800,1.00,-4607.964,168.699,0.169176,0.640150
1014,2K9O,70.83,0.588700,1.00,-2346.391,181.296,0.334103,0.508240
1015,2KAM,81.73,0.700600,1.00,-1733.619,63.896,0.187468,0.615890
1016,2KB8,51.35,0.527700,1.00,-2216.510,212.136,1.079628,0.409140
1017,2KB9,75.57,0.647200,1.00,-3026.714,264.045,0.223301,0.641260
1018,2KBL,65.52,0.600900,1.00,-1900.131,176.069,0.284831,0.353220
1019,2KCF,74.31,0.669400,1.00,-2292.644,160.914,0.369293,0.562120
1020,2KCG,95.00,0.767100,1.00,-2162.243,175.037,0.097756,0.737400
1021,2KCH,90.52,0.743300,1.00,-1888.688,166.589,0.263550,0.738310
1023,2KDT,42.22,0.595000,1.00,-2539.765,237.282,0.841582,0.318100
1024,2KE3,43.02,0.600400,1.00,-2572.114,187.070,0.756442,0.375040
1025,2KEF,35.00,0.332300,1.00,-1847.044,191.078,0.651432,0.142710
1026,2KEG,60.94,0.576300,1.00,-1626.488,143.030,0.426701,0.519520
1027,2KEH,62.50,0.565800,1.00,-1626.488,143.030,0.410394,0.392280
1028,2KES,57.29,0.759000,1.00,-4023.472,90.963,0.516444,0.589790
1029,2KFE,62.50,0.707700,1.00,-1581.448,57.823,0.292552,0.383740
1030,2KFQ,33.59,0.316000,1.00,-2179.659,151.356,0.867729,0.303940
1031,2KGH,41.67,0.434900,1.00,-1821.578,264.638,0.917209,0.314480
1032,2KGN,75.00,0.587900,1.00,-1277.344,73.948,0.257924,0.299060
1033,2KGU,91.43,0.769200,1.00,-1932.425,208.715,0.124002,0.767190
1034,2KHB,90.52,0.749900,1.00,-1945.025,126.484,0.148661,0.697440
1035,2KHF,76.00,0.691900,1.00,-1721.525,109.571,0.205751,0.435180
1036,2KHG,67.00,0.626700,1.00,-1721.525,109.571,0.334007,0.395340
1037,2KI0,72.22,0.632300,1.00,-2445.061,126.692,0.323102,0.499860
1038,2KI9,58.33,0.616800,1.00,-2724.195,76.054,0.468436,0.422970
1039,2KIO,65.15,0.654800,1.00,-2528.577,109.578,0.333936,0.377150
1040,2KIR,70.59,0.582400,1.00,-2546.053,150.606,0.256123,0.480020
1041,2KIT,80.30,0.698900,1.00,-2528.577,109.578,0.282637,0.595410
1042,2KJM,44.17,0.531200,1.00,-2208.975,74.892,1.126125,0.246940
1043,2KJN,75.00,0.648400,1.00,-1744.977,61.209,0.343414,0.491770
1044,2KJO,68.27,0.609600,1.00,-1744.977,61.209,0.332867,0.447530
1045,2KLV,49.46,0.582500,1.00,-3482.734,60.844,0.591803,0.447300
1046,2KM9,89.00,0.652600,1.00,-1413.676,108.321,0.125161,0.506480
1047,2KMO,91.48,0.738500,1.00,-2851.689,169.087,0.134231,0.799970
1048,2KMP,85.80,0.729200,1.00,-2851.689,169.087,0.286255,0.756370
1049,2KMQ,78.98,0.712500,1.00,-2851.689,169.087,0.225054,0.652440
1050,2KMR,65.91,0.576500,1.00,-2851.689,169.087,0.963705,0.536170
1051,2KNI,82.93,0.641300,1.00,-2391.633,239.776,0.243651,0.706470
1052,2KNM,91.67,0.795200,1.00,-2162.243,175.037,0.121304,0.702840
1053,2KNP,84.09,0.698900,1.00,-2039.402,141.683,0.178870,0.634870
1054,2KNS,51.52,0.638300,1.00,-1890.676,64.707,0.650541,0.359930
1055,2KNU,56.03,0.488900,1.00,-1913.320,83.048,0.446888,0.306050
1056,2KOE,44.38,0.468200,1.00,-3409.835,152.551,0.736677,0.387080
1057,2KOZ,95.45,0.805600,1.00,-2268.065,104.881,0.111793,0.809060
1058,2KP0,93.18,0.721900,1.00,-2248.749,111.738,0.110957,0.731240
1059,2KPA,52.88,0.541700,1.00,-1492.962,64.670,0.479765,0.287910
1060,2KPB,50.96,0.528600,1.00,-1492.962,64.670,0.597501,0.325560
1061,2KSG,32.29,0.573700,1.00,-2705.882,81.837,1.313404,0.258190
1062,2KSJ,52.17,0.710100,1.00,-3482.734,60.844,0.566680,0.482460
1063,2KTC,65.44,0.560400,1.00,-1778.357,213.092,0.550050,0.441980
1064,2KTX,91.45,0.727700,1.00,-2937.789,166.205,0.157975,0.780250
1065,2KUK,87.50,0.641000,1.00,-2051.582,259.755,0.164329,0.624090
1066,2KUS,90.00,0.771800,1.00,-2144.488,180.089,0.111711,0.740380
1067,2KUX,55.83,0.471800,1.00,-2157.576,302.011,0.563873,0.402810
1068,2KUY,51.16,0.419600,1.00,-3455.023,202.798,1.000536,0.407960
1069,2KV5,61.36,0.655200,1.00,-2569.892,67.912,0.514781,0.507300
1070,2KVF,87.50,0.648600,1.00,-1920.862,98.156,0.161827,0.598980
1071,2KVG,81.48,0.715000,1.00,-1796.072,90.329,0.189791,0.481110
1072,2KVH,85.19,0.692100,1.00,-1819.532,105.608,0.209926,0.574420
1073,2KVX,85.71,0.721700,1.00,-1923.369,145.736,0.163918,0.588650
1074,2KWT,70.45,0.591400,1.00,-2929.542,87.112,0.410028,0.571740
1075,2KWY,80.23,0.765000,1.00,-2527.443,94.221,0.365625,0.694740
1076,2KWZ,56.25,0.541200,1.00,-3173.533,94.398,0.518385,0.404240
1077,2KXA,48.33,0.634100,1.00,-1483.815,102.708,0.886847,0.323500
1078,2KY3,88.64,0.726700,1.00,-2262.694,155.072,0.266209,0.681710
1079,2KYA,44.85,0.525500,1.00,-1589.003,164.155,0.792671,0.394650
1080,2KYJ,89.58,0.732900,1.00,-2043.396,215.518,0.165124,0.750280
1081,2KYK,63.46,0.513800,1.00,-2469.137,158.769,0.644650,0.490730
1082,2KZQ,54.17,0.503900,1.00,-2683.285,106.179,0.973480,0.420170
1083,2L07,83.33,0.602000,1.00,-877.013,126.610,0.178661,0.304110
1084,2L0G,85.16,0.679000,1.00,-2997.227,111.973,0.330492,0.654820
1085,2L0L,57.41,0.638500,1.00,-1586.210,71.377,0.566995,0.344240
1086,2L0M,67.59,0.650700,1.00,-1586.210,71.377,0.347838,0.332180
1087,2L0N,67.50,0.623000,1.00,-2345.626,80.492,0.331641,0.412130
1088,2L0O,59.17,0.582500,1.00,-2345.626,80.492,0.443583,0.385160
1089,2L1J,63.97,0.540600,1.00,-2256.843,154.067,0.406420,0.469050
1090,2L1Q,70.00,0.667400,1.00,-2188.101,284.878,0.624645,0.598800
1091,2L1X,42.31,0.534700,1.00,-2675.034,100.609,0.980619,0.336430
1092,2L2R,78.38,0.661400,1.00,-2024.359,192.542,0.439315,0.644750
1093,2L36,60.42,0.660400,1.00,-1331.654,26.407,0.496796,0.313990
1094,2L37,89.53,0.692500,1.00,-3644.596,94.505,0.206411,0.786730
1095,2L3H,37.82,0.460800,1.00,-2602.400,117.227,1.012787,0.243630
1096,2L3I,63.33,0.563300,1.00,-2214.687,90.695,0.490724,0.461690
1097,2L44,82.89,0.613000,1.00,-828.764,107.437,0.170341,0.294900
1098,2L4G,65.74,0.615000,1.00,-1256.744,101.847,0.455392,0.350850
1099,2L4J,66.85,0.630100,1.00,-2876.073,255.715,0.405991,0.525400
1100,2L4U,57.29,0.578700,1.00,-1277.344,73.948,0.446019,0.326390
1101,2L5I,34.52,0.440600,1.00,-1056.060,136.952,0.711159,0.125400
1102,2L5J,42.86,0.468800,1.00,-1056.060,136.952,0.531877,0.085600
1103,2L5R,82.61,0.769700,1.00,-1450.513,47.865,0.206327,0.410580
1104,2L61,56.73,0.451100,1.00,-1249.043,130.496,0.413747,0.208570
1105,2L62,48.08,0.432800,1.00,-1249.043,130.496,0.619585,0.222560
1106,2L63,63.64,0.650700,1.00,-2695.965,57.112,0.472125,0.376760
1107,2L64,65.91,0.647000,1.00,-2695.965,57.112,0.338886,0.406070
1108,2L6S,38.75,0.504100,1.00,-962.218,80.057,0.641900,0.158340
1109,2L6T,51.25,0.519400,1.00,-962.218,80.057,0.661263,0.166960
1110,2L70,63.10,0.702400,1.00,-2913.857,107.680,0.445098,0.501580
1111,2L71,57.14,0.633400,1.00,-2913.857,107.680,0.643751,0.497830
1112,2L77,51.28,0.606200,1.00,-2602.400,117.227,0.923282,0.434860
1113,2L79,48.72,0.477100,1.00,-2602.400,117.227,0.561345,0.363270
1114,2L7C,82.89,0.600800,1.00,-1218.473,33.126,0.251833,0.334030
1115,2L7T,65.91,0.537300,1.00,-405.796,68.094,0.338660,0.281360
1116,2L87,39.81,0.470800,1.00,-1045.904,194.441,0.633365,0.258460
1117,2L8E,65.82,0.668000,1.00,-2968.803,258.781,0.818734,0.563320
1118,2L91,76.16,0.714000,1.00,-3201.811,107.500,0.264067,0.621420
1122,2L9G,73.68,0.650800,1.00,-1241.071,46.125,0.380127,0.332760
1123,2L9X,60.00,0.541800,1.00,-2023.370,59.650,0.541376,0.389960
1124,2L9Z,65.38,0.687200,1.00,-2465.111,226.025,0.516360,0.549050
1125,2LA0,63.33,0.570300,1.00,-1772.254,104.200,0.346588,0.349360
1126,2LAM,88.79,0.752200,1.00,-2063.347,184.591,0.252945,0.750450
1127,2LAQ,34.03,0.503300,1.00,-1830.571,174.382,0.841871,0.227460
1128,2LAT,74.32,0.697600,1.00,-2851.567,72.501,0.433358,0.539530
1129,2LB7,78.98,0.679400,1.00,-2986.200,292.738,0.186881,0.677920
1130,2LBG,86.11,0.846800,1.00,-1130.599,38.189,0.127368,0.561960
1131,2LBZ,52.42,0.490400,1.00,-2303.795,70.696,0.415682,0.330000
1132,2LCM,75.00,0.683200,1.00,-1953.877,85.477,0.427648,0.457010
1133,2LDE,77.00,0.648100,1.00,-1451.263,163.444,0.286453,0.468260
1134,2LDF,53.12,0.498100,1.00,-1712.642,137.406,0.685066,0.275530
1135,2LDJ,71.25,0.567300,1.00,-1040.324,168.785,0.294959,0.322130
1136,2LDS,77.08,0.629900,1.00,-2140.381,278.240,0.245669,0.562500
1137,2LE3,54.76,0.559600,1.00,-2653.220,188.146,0.680532,0.415580
1138,2LE7,62.50,0.588200,1.00,-1455.903,28.898,0.494934,0.300740
1139,2LER,34.09,0.518200,1.00,-301.375,51.039,0.693269,0.206720
1140,2LET,90.18,0.728200,1.00,-1889.383,168.788,0.117388,0.597490
1141,2LEU,70.27,0.619000,1.00,-2122.638,207.858,0.403698,0.546490
1142,2LEW,65.62,0.502700,1.00,-1923.151,157.867,0.305065,0.501550
1143,2LEY,67.97,0.546500,1.00,-2047.427,166.363,0.337477,0.581040
1144,2LFM,22.50,0.326100,1.00,-1648.085,252.217,1.314396,0.215860
1145,2LG4,93.12,0.783200,1.00,-2750.668,161.098,0.129780,0.832950
1146,2LG5,76.39,0.616800,1.00,-2571.529,147.173,0.319148,0.549930
1147,2LG6,87.50,0.699400,1.00,-2602.266,152.965,0.225597,0.699030
1148,2LI3,55.83,0.520800,1.00,-2128.546,104.354,0.571282,0.387980
1149,2LIC,35.00,0.448000,1.00,-1738.864,144.159,0.603027,0.221370
1150,2LID,27.14,0.485500,1.00,-1358.001,225.071,0.813270,0.287790
1151,2LIF,68.52,0.618300,1.00,-1523.171,118.179,0.460391,0.498450
1152,2LIX,63.89,0.511200,1.00,-1817.506,187.982,0.367140,0.400570
1153,2LIY,69.44,0.588900,1.00,-2932.167,187.558,0.294195,0.563340
1154,2LJ7,78.19,0.661100,1.00,-3457.040,241.348,0.276544,0.690490
1155,2LJQ,48.65,0.527700,1.00,-1634.413,201.024,0.684991,0.380580
1156,2LJS,90.83,0.775000,1.00,-1764.676,156.349,0.247627,0.748740
1157,2LJT,50.00,0.420400,1.00,-1937.287,205.323,0.674911,0.363600
1158,2LK9,61.43,0.553800,1.00,-2207.361,80.897,0.520154,0.499520
1159,2LKE,76.04,0.559600,1.00,-1150.143,144.427,0.306078,0.408880
1160,2LKJ,63.54,0.525600,1.00,-1150.143,144.427,0.546266,0.482180
1161,2LKQ,67.71,0.609900,1.00,-1179.496,97.863,0.350061,0.280570
1162,2LL1,81.06,0.657000,1.00,-2174.653,157.849,0.251903,0.625920
1163,2LL2,43.27,0.555600,1.00,-909.925,223.954,0.865937,0.164320
1164,2LL5,70.45,0.657800,1.00,-1055.805,63.191,0.316998,0.362090
1165,2LLD,83.75,0.666000,1.00,-2734.415,248.756,0.232048,0.733030
1166,2LLM,70.93,0.695100,1.00,-2712.390,80.487,0.537501,0.579020
1167,2LLR,72.73,0.696400,1.00,-1173.713,136.106,0.249948,0.267040
1168,2LM8,42.31,0.440400,1.00,-542.197,64.174,0.725021,0.165680
1169,2LMA,65.91,0.614600,1.00,-1060.575,116.617,0.536132,0.339600
1170,2LMB,27.33,0.334700,1.00,-1532.559,241.752,1.307849,0.199800
1171,2LMF,85.87,0.741700,1.00,-1790.776,35.780,0.143105,0.490800
1172,2LMZ,83.93,0.670400,1.00,-4007.423,167.145,0.269662,0.723940
1173,2LNE,55.77,0.545100,1.00,-425.304,95.742,0.403103,0.268750
1174,2LNF,48.08,0.544400,1.00,-425.304,95.742,0.444295,0.233630
1175,2LNG,51.92,0.511800,1.00,-425.304,95.742,0.401049,0.295960
1176,2LO2,82.24,0.690700,1.00,-2350.216,161.008,0.317312,0.674060
1177,2LO3,61.93,0.671400,1.00,-2568.662,249.612,0.652856,0.495290
1178,2LO7,54.84,0.511400,1.00,-2097.470,171.601,0.661460,0.451970
1179,2LQ0,82.00,0.723000,1.00,-1700.008,60.356,0.360821,0.557210
1180,2LQ1,56.00,0.587400,1.00,-1199.576,154.333,0.527544,0.280130
1181,2LQ2,68.33,0.639000,1.00,-1380.033,133.261,0.478599,0.540060
1182,2LQA,83.11,0.716800,1.00,-2672.787,231.675,0.198175,0.681210
1183,2LQX,85.98,0.684900,1.00,-3241.108,123.804,0.252353,0.750410
1184,2LQY,77.50,0.612500,1.00,-1593.207,23.755,0.278991,0.350770
1185,2LR3,82.98,0.624700,1.00,-3290.073,213.229,0.187665,0.733660
1186,2LR5,76.32,0.640400,1.00,-2567.340,182.302,0.299508,0.588240
1187,2LR7,34.48,0.465000,1.00,-2053.303,74.591,0.942200,0.203710
1188,2LRX,55.00,0.546200,1.00,-2972.785,316.967,0.535985,0.438150
1189,2LS1,48.75,0.419100,1.00,-1065.631,152.830,0.656053,0.184430
1190,2LS2,76.00,0.702700,1.00,-2050.016,38.495,0.375750,0.501610
1191,2LS3,69.83,0.696000,1.00,-2641.609,36.936,0.364422,0.499020
1192,2LS4,64.58,0.569100,1.00,-1482.851,52.449,0.376982,0.404960
1193,2LS9,64.00,0.566600,1.00,-1356.938,69.634,0.404336,0.328050
1194,2LSA,60.87,0.679000,1.00,-1440.854,70.844,0.415702,0.229090
1195,2LSQ,58.00,0.498600,1.00,-1479.214,160.008,0.524718,0.290600
1196,2LSW,45.62,0.600100,1.00,-1841.688,196.181,0.914593,0.333620
1197,2LT8,84.52,0.713500,1.00,-3073.566,220.967,0.219040,0.713060
1198,2LTI,29.35,0.481700,1.00,-1102.501,87.473,1.016448,0.151900
1200,2LU9,81.45,0.709400,1.00,-2143.585,127.961,0.237062,0.517220
1201,2LUF,78.75,0.563400,1.00,-1000.072,88.476,0.344135,0.339680
1202,2LUG,46.53,0.568900,1.00,-1421.705,186.193,1.587737,0.344690
1203,2LUR,75.00,0.562600,1.00,-1961.513,166.372,0.361273,0.427270
1204,2LUV,64.29,0.543500,1.00,-1949.415,185.413,0.521850,0.441440
1205,2LVG,74.38,0.734300,1.00,-2863.462,67.773,0.296232,0.588330
1206,2LWB,61.25,0.473000,1.00,-1603.942,89.454,0.341970,0.200900
1207,2LWL,71.94,0.662700,1.00,-2955.386,226.878,0.441282,0.608870
1208,2LWQ,60.94,0.444400,1.00,-706.801,70.858,0.387379,0.147220
1209,2LWS,52.08,0.505600,1.00,-396.187,79.608,0.644871,0.190900
1210,2LWT,58.33,0.371100,1.00,-1010.024,63.078,0.367936,0.183120
1211,2LWU,90.00,0.787400,1.00,-675.006,57.962,0.148277,0.448030
1212,2LWV,66.18,0.543500,1.00,-695.409,77.563,0.266758,0.222860
1213,2LX0,66.41,0.659000,1.00,-2967.826,64.440,0.344003,0.444690
1214,2LX4,83.82,0.713000,1.00,-1194.820,26.271,0.240597,0.497060
1215,2LX5,94.44,0.675200,1.00,-946.531,38.866,0.089743,0.519380
1216,2LX6,43.42,0.524100,1.00,-583.638,124.092,0.943793,0.089900
1217,2LXO,52.27,0.472800,1.00,-3217.059,224.984,0.701387,0.398250
1218,2LXZ,78.12,0.586300,1.00,-2198.110,171.844,0.219955,0.646480
1219,2LYE,88.89,0.671900,1.00,-889.907,91.215,0.180415,0.493480
1220,2LYF,86.11,0.702300,1.00,-978.605,75.416,0.171570,0.389460
1221,2LZI,88.89,0.726100,1.00,-909.084,72.989,0.158400,0.383320
1222,2LZO,71.55,0.699200,1.00,-1647.794,149.553,0.400707,0.457500
1223,2LZP,62.90,0.566500,1.00,-1739.175,101.535,0.471301,0.449270
1224,2LZQ,77.88,0.754600,1.00,-2391.482,99.574,0.253683,0.474660
1225,2LZX,89.19,0.744300,1.00,-2556.606,157.831,0.177580,0.741230
1226,2LZY,81.43,0.702600,1.00,-2454.084,175.193,0.228670,0.617860
1227,2M0H,65.91,0.642400,1.00,-1530.148,41.964,0.518904,0.380030
1228,2M0S,50.00,0.460900,1.00,-2049.962,56.360,0.732674,0.336810
1229,2M0W,56.52,0.627900,1.00,-1421.208,31.884,0.713918,0.311620
1230,2M1A,86.54,0.666800,1.00,-1396.654,53.606,0.131156,0.496160
1231,2M1J,60.00,0.610600,1.00,-2081.366,41.033,0.491388,0.454550
1232,2M1P,76.39,0.679500,1.00,-643.998,120.747,0.360622,0.250200
1233,2M1T,61.36,0.534200,1.00,-1562.453,86.620,0.430863,0.270670
1234,2M2G,86.11,0.696600,1.00,-818.965,63.007,0.199026,0.396540
1235,2M2H,31.94,0.293800,1.00,-1034.562,40.200,0.564178,0.114320
1236,2M2Q,97.66,0.827500,1.00,-2490.910,153.966,0.074713,0.802810
1237,2M2R,81.82,0.657200,1.00,-2275.683,196.830,0.221767,0.587150
1238,2M2S,45.83,0.315900,1.00,-912.330,45.239,0.528024,0.182510
1239,2M2X,31.94,0.292900,1.00,-927.480,16.408,1.029942,0.115600
1240,2M2Y,93.06,0.724700,1.00,-771.394,89.454,0.111740,0.429670
1241,2M36,82.89,0.695900,1.00,-2009.490,161.733,0.251141,0.683940
1242,2M37,34.21,0.417200,1.00,-713.029,106.745,0.912582,0.136030
1243,2M3F,94.32,0.699000,1.00,-1662.394,51.310,0.094367,0.442070
1244,2M3J,87.88,0.713900,1.00,-2315.340,214.390,0.178404,0.647760
1245,2M3N,47.22,0.444300,1.00,-685.121,127.589,0.626263,0.093490
1246,2M4X,73.57,0.580600,1.00,-2494.487,175.669,0.237326,0.501540
1247,2M4Z,69.29,0.576500,1.00,-2423.312,187.928,0.270777,0.458610
1248,2M50,82.14,0.681200,1.00,-2578.962,231.642,0.186671,0.621230
1249,2M5L,62.50,0.615600,1.00,-867.494,120.773,0.374965,0.180550
1250,2M5X,91.25,0.835000,1.00,-2771.523,129.590,0.211960,0.820130
1251,2M5Z,96.02,0.748200,1.00,-5552.546,119.914,0.082950,0.880680
1252,2M60,84.88,0.708500,1.00,-5641.585,146.177,0.149892,0.752180
1253,2M62,77.08,0.567900,1.00,-611.689,53.360,0.203456,0.200470
1254,2M6A,73.21,0.617000,1.00,-1941.222,87.559,0.264723,0.415370
1255,2M6O,78.12,0.728800,1.00,-3085.122,239.436,0.452622,0.721190
1256,2M6P,81.52,0.670200,1.00,-3198.783,300.578,0.501200,0.733680
1257,2M73,65.00,0.679900,1.00,-1787.339,46.288,0.312054,0.363360
1258,2M77,98.61,0.715800,1.00,-969.606,60.733,0.061137,0.544370
1259,2M78,94.44,0.750100,1.00,-1028.068,116.175,0.110832,0.428410
1260,2M79,79.17,0.743300,1.00,-942.466,120.942,0.192115,0.295670
1261,2M7C,83.33,0.643300,1.00,-1262.292,55.873,0.394277,0.365350
1262,2M7D,58.75,0.659500,1.00,-949.220,63.618,0.905886,0.274600
1263,2M7E,66.35,0.592500,1.00,-1459.829,103.195,0.413172,0.338180
1264,2M7I,39.29,0.398000,1.00,-673.677,34.542,0.700653,0.177850
1265,2M7J,53.57,0.450800,1.00,-374.159,71.915,0.664188,0.247220
1266,2M7P,82.74,0.702200,1.00,-2611.042,182.164,0.257790,0.701380
1267,2M7T,87.88,0.748900,1.00,-1942.290,173.551,0.166635,0.721680
1268,2M7X,43.42,0.528600,1.00,-2095.542,151.467,0.771904,0.322010
1269,2M8F,48.96,0.476500,1.00,-1106.864,132.326,0.684168,0.134790
1270,2M8I,82.56,0.715400,1.00,-2644.220,277.482,0.268306,0.698440
1271,2M8J,76.74,0.707200,1.00,-2682.251,212.512,0.312123,0.656140
1272,2M8M,83.04,0.698100,1.00,-2491.262,74.004,0.206335,0.528050
1273,2M8O,73.21,0.696700,1.00,-2491.262,74.004,0.198722,0.388800
1274,2M96,76.70,0.639000,1.00,-2312.771,214.037,0.292336,0.628820
1275,2M9E,87.88,0.752500,1.00,-2193.884,182.662,0.213970,0.717280
1276,2M9F,81.06,0.719100,1.00,-2193.884,182.662,0.348955,0.637320
1277,2M9I,80.88,0.717700,1.00,-2273.382,189.785,0.289912,0.629350
1278,2M9J,83.09,0.725500,1.00,-2273.382,189.785,0.291789,0.669730
1279,2M9L,85.00,0.718100,1.00,-2371.844,173.541,0.302910,0.718810
1280,2M9O,81.03,0.690300,1.00,-1909.730,300.136,0.342437,0.562710
1281,2M9R,25.62,0.333400,1.00,-1648.085,252.217,1.869914,0.213060
1282,2M9S,27.50,0.339800,1.00,-1648.085,252.217,1.956413,0.245450
1283,2MAA,80.77,0.664500,1.00,-808.348,16.979,0.179438,0.363440
1284,2MAE,80.77,0.670300,1.00,-1445.234,78.367,0.269685,0.510740
1285,2MAU,95.83,0.774000,1.00,-2186.319,188.826,0.082139,0.736500
1286,2MBD,85.19,0.723100,1.00,-1616.277,109.459,0.158244,0.544800
1287,2MBY,50.00,0.618900,1.00,-3652.370,136.141,0.629686,0.483310
1288,2MCE,89.29,0.755700,1.00,-1079.548,49.672,0.099694,0.374880
1289,2MD1,72.06,0.585200,1.00,-1019.402,61.388,0.326788,0.395960
1290,2MD2,85.00,0.635500,1.00,-502.262,20.519,0.149671,0.422140
1291,2MD4,97.92,0.745200,1.00,-733.721,20.234,0.069176,0.419230
1292,2MD6,81.94,0.662400,1.00,-954.945,70.578,0.151831,0.302200
1293,2MDC,45.83,0.476600,1.00,-2943.491,307.040,0.674880,0.362580
1294,2MDL,31.25,0.434000,1.00,-1299.870,124.030,1.189300,0.135870
1295,2MDU,88.79,0.683300,1.00,-1962.695,151.816,0.185192,0.645070
1296,2ME1,60.19,0.542600,1.00,-2495.896,46.948,0.460953,0.376160
1297,2ME2,53.70,0.573800,1.00,-2454.764,49.748,0.458975,0.392800
1298,2ME3,65.74,0.566200,1.00,-2450.326,47.468,0.335866,0.361500
1299,2ME4,54.63,0.575900,1.00,-2414.805,48.552,0.446932,0.370780
1300,2ME7,91.67,0.802000,1.00,-2165.695,164.486,0.206712,0.766390
1301,2MEL,88.64,0.759800,1.00,-2197.345,151.714,0.152534,0.713060
1302,2MEN,82.58,0.693200,1.00,-2144.063,140.576,0.284300,0.628380
1303,2MEO,84.09,0.685500,1.00,-2103.633,121.704,0.221794,0.639550
1304,2MF3,46.28,0.400500,1.00,-3284.856,225.501,0.544414,0.472720
1305,2MFM,40.00,0.506800,1.00,-378.733,75.258,0.742158,0.176410
1306,2MFO,36.67,0.481000,1.00,-388.126,73.424,0.850785,0.192610
1307,2MFP,46.77,0.491000,1.00,-1222.273,244.732,0.575792,0.243950
1308,2MFS,95.71,0.804600,1.00,-2340.540,206.723,0.088500,0.818510
1309,2MFV,42.86,0.538800,1.00,-105.832,79.373,0.957606,0.178190
1310,2MG1,74.07,0.780800,1.00,-1961.631,27.439,0.323677,0.517340
1311,2MG2,79.46,0.679800,1.00,-2286.139,74.097,0.204804,0.521300
1312,2MG3,65.18,0.623700,1.00,-2286.139,74.097,0.440909,0.402510
1313,2MH1,81.82,0.746400,1.00,-1752.332,215.092,0.302444,0.615690
1314,2MHU,67.50,0.566200,1.00,-1687.628,207.692,0.358142,0.415420
1315,2MHW,49.07,0.632600,1.00,-1641.372,51.470,0.693391,0.295890
1316,2MI1,41.07,0.446700,1.00,-757.319,49.907,0.630283,0.219050
1317,2MI9,77.50,0.603600,1.00,-2084.289,187.747,0.198035,0.504400
1318,2MIA,76.67,0.585100,1.00,-2084.289,187.747,0.201216,0.502980
1319,2MID,41.67,0.553100,1.00,-402.036,50.544,0.697188,0.298440
1320,2MIE,45.83,0.497700,1.00,-361.539,59.470,0.588449,0.215930
1321,2MIF,37.50,0.531700,1.00,-307.026,58.087,0.680073,0.253540
1322,2MIG,39.58,0.482500,1.00,-408.506,56.502,0.633185,0.240050
1323,2MIH,44.64,0.465200,1.00,-413.953,57.976,0.706052,0.172030
1324,2MIJ,68.24,0.603900,1.00,-2724.438,196.535,0.336945,0.476970
1325,2MIX,70.24,0.623700,1.00,-935.563,91.635,0.553089,0.262310
1326,2MJ1,36.11,0.318000,1.00,-699.290,116.861,0.768552,0.088000
1327,2MJ2,54.17,0.635000,1.00,-2224.762,164.497,0.833144,0.462460
1328,2MJ9,69.23,0.626700,1.00,-2652.879,99.385,0.373012,0.522850
1329,2MJC,67.65,0.626400,1.00,-1722.401,217.665,0.740995,0.508670
1330,2MJK,91.46,0.760500,1.00,-3985.154,237.228,0.127146,0.811570
1331,2MKB,79.00,0.690200,1.00,-1930.293,72.590,0.232720,0.494920
1332,2ML7,79.84,0.639400,1.00,-2206.255,163.895,0.231361,0.537820
1333,2MLA,91.22,0.745000,1.00,-2596.410,146.177,0.106373,0.765290
1334,2MLD,90.54,0.773000,1.00,-2570.666,134.474,0.103987,0.775720
1335,2MLJ,40.28,0.448800,1.00,-905.546,66.123,1.032098,0.112380
1336,2MLO,90.62,0.749300,1.00,-1218.515,48.944,0.150836,0.415680
1337,2MLQ,81.25,0.609500,1.00,-1218.515,48.944,0.203241,0.337830
1338,2MLU,45.83,0.503600,1.00,-1536.351,79.726,0.658020,0.336220
1339,2MLV,50.00,0.533300,1.00,-1536.351,79.726,0.667785,0.290130
1340,2MM5,83.33,0.661400,1.00,-1962.808,199.419,0.213116,0.582260
1341,2MM6,83.33,0.641400,1.00,-2171.534,213.037,0.238412,0.587250
1342,2MMM,64.58,0.754600,1.00,-2138.725,40.161,0.445180,0.465420
1343,2MMT,33.33,0.388400,1.00,-1234.226,70.980,0.997975,0.128320
1344,2MMW,42.86,0.439300,1.00,-970.938,122.920,0.657593,0.140210
1345,2MN1,85.00,0.669200,1.00,-1935.703,189.292,0.366355,0.636450
1346,2MN3,65.34,0.567800,1.00,-2093.702,313.307,0.431079,0.502650
1347,2MOC,43.18,0.453400,1.00,-275.226,44.641,0.468961,0.178870
1348,2MOF,60.12,0.573600,1.00,-2786.929,73.116,0.606756,0.535580
1349,2MPJ,75.00,0.598700,1.00,-1323.567,115.354,0.409246,0.416880
1350,2MPQ,93.75,0.808400,1.00,-2272.669,160.784,0.106006,0.812810
1351,2MQ2,35.71,0.481000,1.00,-170.208,82.326,1.017139,0.220090
1352,2MQ4,34.09,0.496800,1.00,-171.790,57.891,0.860048,0.271050
1353,2MQ5,57.50,0.481100,1.00,-128.068,45.365,0.317780,0.150720
1354,2MQF,98.53,0.787100,1.00,-2098.917,155.822,0.064254,0.860190
1355,2MQU,92.86,0.730500,1.00,-2240.972,155.991,0.095862,0.760340
1356,2MR9,89.77,0.749200,1.00,-4277.859,131.131,0.139777,0.817070
1357,2MRB,58.06,0.516100,1.00,-1934.101,170.231,0.405822,0.362500
1358,2MRF,83.33,0.698800,1.00,-2208.848,120.976,0.192437,0.609310
1359,2MRT,68.33,0.602200,1.00,-1931.103,163.106,0.272460,0.408770
1360,2MRW,37.50,0.307800,1.00,-3378.658,132.591,1.082311,0.372700
1361,2MSF,49.14,0.460000,1.00,-1708.493,191.375,0.750150,0.346620
1362,2MSO,77.50,0.627300,1.00,-1987.518,152.505,0.293040,0.502900
1363,2MSQ,75.00,0.608300,1.00,-1764.402,133.617,0.314904,0.423720
1364,2MSU,75.00,0.628800,1.00,-1182.707,63.111,0.318677,0.437790
1365,2MT7,86.43,0.721300,1.00,-2235.082,189.037,0.141342,0.705910
1366,2MT8,70.51,0.625700,1.00,-2178.787,218.602,0.601695,0.587740
1367,2MTM,47.37,0.368100,1.00,-1305.616,62.772,0.483845,0.129250
1368,2MTO,76.92,0.506600,1.00,-677.708,44.922,0.293398,0.374360
1369,2MTT,71.15,0.534400,1.00,-682.876,40.050,0.286966,0.231530
1370,2MTU,73.08,0.490800,1.00,-682.876,40.050,0.352330,0.421420
1371,2MTW,77.50,0.630700,1.00,-1283.399,51.950,0.376312,0.442730
1372,2MTY,52.50,0.573000,1.00,-1013.554,66.777,0.440395,0.123900
1373,2MU6,85.00,0.694400,1.00,-1470.077,45.139,0.191226,0.351850
1374,2MU7,81.25,0.637600,1.00,-1171.423,41.502,0.216433,0.338130
1375,2MU8,41.25,0.439900,1.00,-1326.985,36.428,0.535682,0.090200
1376,2MU9,72.50,0.635700,1.00,-1411.021,55.053,0.411149,0.339020
1377,2MUA,84.52,0.711700,1.00,-1308.300,44.649,0.217028,0.408650
1378,2MUB,63.69,0.509200,1.00,-3389.923,201.144,0.619052,0.551700
1379,2MUE,80.00,0.693900,1.00,-1480.987,51.004,0.302678,0.372850
1380,2MUF,83.75,0.712700,1.00,-1196.763,48.970,0.179172,0.321480
1381,2MUH,92.19,0.640600,1.00,-680.700,77.128,0.127519,0.374000
1382,2MUJ,69.05,0.627000,1.00,-1366.084,47.874,0.311092,0.279840
1383,2MUN,87.50,0.723400,1.00,-3971.590,145.688,0.195819,0.796370
1384,2MUQ,75.00,0.684000,1.00,-2958.526,187.796,0.488013,0.653890
1385,2MV6,66.84,0.721600,1.00,-3542.053,155.752,0.521158,0.579900
1386,2MVA,62.96,0.545000,1.00,-1569.314,125.753,0.486868,0.287440
1387,2MVH,63.46,0.677900,1.00,-1665.838,80.554,0.637813,0.416900
1388,2MVI,39.53,0.353300,1.00,-3744.186,244.829,0.855438,0.307150
1389,2MVJ,66.35,0.563300,1.00,-1641.841,86.893,0.486759,0.531080
1390,2MVK,61.54,0.581900,1.00,-1445.234,78.367,0.588344,0.268300
1391,2MVL,58.65,0.583400,1.00,-1445.234,78.367,0.646157,0.295420
1392,2MVM,49.43,0.606700,1.00,-2372.318,194.673,1.152724,0.406590
1393,2MVN,57.95,0.659000,1.00,-2372.318,194.673,0.716946,0.497880
1394,2MVT,84.04,0.651500,1.00,-4056.049,191.325,0.232508,0.748010
1395,2MW0,42.24,0.458200,1.00,-1866.917,161.063,0.736281,0.264490
1396,2MW3,39.29,0.472500,1.00,-975.850,148.602,0.894406,0.142460
1397,2MW7,83.78,0.740800,1.00,-2279.448,272.687,0.231306,0.682860
1398,2MW9,80.41,0.666100,1.00,-2494.585,165.206,0.280081,0.648150
1399,2MWA,73.65,0.667200,1.00,-2415.914,195.676,0.417003,0.565930
1400,2MWB,72.97,0.655500,1.00,-2422.112,223.126,0.420934,0.553790
1401,2MWD,87.50,0.694200,1.00,-1769.153,149.944,0.112544,0.572300
1402,2MWE,81.25,0.675000,1.00,-1732.579,125.669,0.146168,0.485120
1403,2MWF,85.16,0.691400,1.00,-2135.872,163.763,0.137729,0.626490
1404,2MWJ,93.75,0.802800,1.00,-2396.857,262.689,0.096537,0.792590
1405,2MWK,94.44,0.831000,1.00,-2396.857,262.689,0.084180,0.813170
1406,2MWL,45.31,0.495800,1.00,-496.831,80.631,0.718410,0.171190
1407,2MWT,68.38,0.646900,1.00,-1742.155,116.252,0.711148,0.517800
1408,2MX4,83.89,0.684200,1.00,-3182.816,173.082,0.214646,0.732280
1409,2MXG,37.50,0.522400,1.00,-496.831,80.631,0.833750,0.210850
1410,2MXH,40.62,0.553100,1.00,-496.831,80.631,1.042533,0.208840
1411,2MXM,93.94,0.776800,1.00,-2103.399,153.223,0.101304,0.796410
1412,2MXO,88.97,0.668700,1.00,-1905.199,282.769,0.166724,0.695520
1413,2MXP,93.94,0.804300,1.00,-2623.067,149.825,0.217982,0.824120
1414,2MXQ,69.12,0.566600,1.00,-2104.044,173.961,0.290436,0.467220
1415,2MXV,64.53,0.616300,1.00,-2708.340,187.156,0.595702,0.542730
1416,2MYH,93.90,0.765700,1.00,-2618.546,156.299,0.140477,0.839040
1417,2MYL,91.25,0.727000,1.00,-1561.927,66.553,0.158613,0.457380
1418,2MYM,58.75,0.524700,1.00,-1481.785,53.801,0.454497,0.224050
1419,2MZ2,69.12,0.583500,1.00,-1037.390,52.684,0.316756,0.246240
1420,2MZ3,69.12,0.604400,1.00,-1037.390,52.684,0.393620,0.247850
1421,2MZ4,82.07,0.638400,1.00,-3971.590,145.688,0.300755,0.700630
1422,2MZ7,17.93,0.508900,1.00,-1232.017,311.469,1.230271,0.194840
1423,2MZA,69.12,0.558300,1.00,-1037.390,52.684,0.415967,0.327750
1424,2MZX,45.00,0.401300,1.00,-390.625,50.658,0.449916,0.230490
1426,2N0X,34.38,0.542800,1.00,-546.390,64.440,1.072383,0.148980
1427,2N16,71.25,0.506100,1.00,-1169.461,112.301,0.356132,0.250660
1428,2N1C,38.04,0.443300,1.00,-873.225,150.843,0.689042,0.116870
1429,2N1N,90.00,0.724100,1.00,-2512.439,163.665,0.135626,0.710680
1430,2N1P,65.00,0.659400,1.00,-1718.057,123.030,0.518036,0.403430
1431,2N1S,95.83,0.793500,1.00,-1907.303,113.138,0.114238,0.800820
1432,2N24,68.55,0.659800,1.00,-1754.502,210.135,0.623538,0.532210
1433,2N2C,40.12,0.646400,1.00,-2030.390,138.581,0.984385,0.351620
1434,2N2F,46.15,0.496500,1.00,-331.034,77.080,0.696733,0.113860
1435,2N2G,88.64,0.736500,1.00,-2188.018,268.872,0.158515,0.689350
1436,2N2S,80.47,0.670900,1.00,-2571.877,139.251,0.205951,0.552420
1437,2N3P,90.62,0.763900,1.00,-2122.810,142.613,0.153104,0.741200
1438,2N4K,42.44,0.370400,1.00,-2465.879,213.733,1.034701,0.343960
1439,2N4R,85.81,0.760800,1.00,-2501.559,209.366,0.354134,0.715710
1440,2N4S,80.41,0.724600,1.00,-2334.467,219.971,0.267394,0.661720
1441,2N4T,84.46,0.732000,1.00,-2563.714,195.796,0.357100,0.694580
1442,2N4U,76.35,0.683700,1.00,-2497.026,195.557,0.387518,0.610340
1443,2N4V,79.05,0.733700,1.00,-2435.705,206.121,0.345131,0.631190
1444,2N4W,81.08,0.735700,1.00,-2613.427,217.807,0.409587,0.676720
1445,2N58,47.50,0.569900,1.00,-2467.314,41.646,0.942812,0.342180
1446,2N5C,40.00,0.440200,1.00,-584.745,57.228,0.822713,0.135710
1447,2N5J,83.67,0.716100,1.00,-4631.453,141.880,0.187203,0.746270
1448,2N5K,77.59,0.635300,1.00,-1780.319,134.989,0.271227,0.520990
1449,2N5Q,80.56,0.592300,1.00,-1818.045,215.160,0.187227,0.464910
1450,2N5R,91.67,0.678000,1.00,-784.984,19.289,0.164789,0.537760
1451,2N63,31.25,0.466900,1.00,-496.831,80.631,0.876942,0.161320
1452,2N68,33.70,0.376900,1.00,-1102.501,87.473,0.947336,0.132290
1453,2N6B,86.76,0.717400,1.00,-2566.348,183.308,0.158579,0.666620
1454,2N6M,79.76,0.731100,1.00,-1315.456,23.098,0.192768,0.324330
1455,2N6N,85.94,0.750500,1.00,-2044.741,128.297,0.128971,0.621410
1456,2N6O,82.86,0.667600,1.00,-2480.450,207.171,0.309955,0.669570
1457,2N6U,26.25,0.371000,1.00,-1130.082,61.905,0.838367,0.192140
1458,2N6V,40.62,0.446700,1.00,-1106.864,132.326,0.801890,0.208050
1459,2N7F,72.66,0.599500,1.00,-2775.439,177.907,0.302649,0.498740
1460,2N7I,66.22,0.676800,1.00,-2806.920,108.522,0.338228,0.526570
1461,2N85,68.90,0.746200,1.00,-2683.062,87.936,0.365353,0.501070
1462,2N8B,60.42,0.527800,1.00,-2596.749,156.563,0.423623,0.409150
1463,2N8E,72.06,0.608600,1.00,-1839.971,208.139,0.358727,0.518230
1464,2N8H,79.29,0.622300,1.00,-2124.538,142.424,0.243205,0.565130
1465,2N8S,85.90,0.731900,1.00,-2296.897,188.052,0.341017,0.719920
1466,2N8U,71.15,0.663500,1.00,-1949.388,167.283,0.381793,0.558790
1467,2N92,53.23,0.512500,1.00,-1875.379,44.879,0.712870,0.408110
1468,2N94,78.12,0.717900,1.00,-3038.554,242.048,0.309537,0.681990
1469,2N95,72.96,0.628500,1.00,-3199.717,223.818,0.330391,0.642570
1470,2N9C,41.25,0.404400,1.00,-616.460,99.840,0.613701,0.085960
1471,2N9M,37.50,0.516900,1.00,-496.831,80.631,0.893317,0.201120
1472,2N9N,45.31,0.510100,1.00,-496.831,80.631,0.808351,0.231550
1473,2N9O,83.33,0.741900,1.00,-2957.683,275.417,0.300899,0.730810
1474,2N9T,79.17,0.626600,1.00,-1918.669,178.337,0.256395,0.482520
1475,2N9Z,77.38,0.722600,1.00,-2425.520,203.071,0.592673,0.654850
1476,2NA3,87.50,0.638500,1.00,-955.315,19.133,0.179590,0.530010
1477,2NA8,55.68,0.623100,1.00,-3588.230,184.796,0.588373,0.485520
1478,2NA9,64.77,0.675600,1.00,-3899.247,99.755,0.605994,0.601560
1479,2NAB,70.73,0.703300,1.00,-2739.318,239.099,0.765007,0.606390
1480,2NAE,30.81,0.498400,1.00,-1774.105,237.546,0.725820,0.327600
1481,2NAJ,89.39,0.695300,1.00,-2128.912,130.552,0.167780,0.710120
1482,2NAL,91.67,0.718700,1.00,-814.349,32.817,0.188620,0.479610
1483,2NAT,44.64,0.485500,1.00,-2165.423,78.305,0.625492,0.278490
1484,2NAU,66.96,0.577400,1.00,-1832.740,60.002,0.387920,0.367670
1485,2NAW,42.31,0.479200,1.00,-2668.853,234.563,0.691097,0.358770
1486,2NB2,87.50,0.705100,1.00,-3213.418,105.894,0.169321,0.745790
1487,2NB5,67.65,0.520700,1.00,-738.370,120.961,0.301875,0.178940
1488,2NB6,65.62,0.558400,1.00,-765.688,81.457,0.275700,0.244210
1489,2NB7,76.47,0.621200,1.00,-973.015,37.368,0.488565,0.396010
1490,2NB8,62.04,0.557300,1.00,-1768.349,117.853,0.718402,0.453350
1491,2NB9,81.12,0.704300,1.00,-3305.581,237.399,0.359574,0.724810
1492,2NC3,94.70,0.824300,1.00,-2193.884,182.662,0.098002,0.814910
1493,2NC4,94.70,0.811800,1.00,-2193.884,182.662,0.114608,0.776030
1494,2NC5,95.45,0.804500,1.00,-2193.884,182.662,0.080240,0.839630
1495,2NC6,93.94,0.812600,1.00,-2193.884,182.662,0.148693,0.792370
1496,2NC7,80.56,0.654200,1.00,-880.559,76.090,0.206305,0.263550
1497,2NCS,75.00,0.704400,1.00,-2737.911,90.469,0.224919,0.568500
1498,2NCT,76.39,0.682800,1.00,-2737.911,90.469,0.336197,0.582700
1499,2NCU,59.52,0.597300,1.00,-1559.030,41.018,0.458334,0.258280
1500,2NCV,57.14,0.551700,1.00,-1519.157,48.324,0.603259,0.265700
1501,2NCW,61.46,0.611700,1.00,-1748.974,63.649,0.492744,0.310890
1502,2NCX,80.21,0.762900,1.00,-1745.671,28.727,0.198753,0.479610
1503,2NCY,65.62,0.678500,1.00,-1625.697,58.249,0.494850,0.379610
1504,2ND2,84.09,0.704900,1.00,-3793.299,141.872,0.159876,0.727150
1505,2ND3,90.79,0.730400,1.00,-3061.252,153.715,0.115308,0.755430
1506,2ND6,72.06,0.636300,1.00,-1195.634,54.121,0.239180,0.289400
1507,2ND7,73.53,0.641000,1.00,-1195.634,54.121,0.334636,0.264160
1508,2ND8,67.65,0.540400,1.00,-1195.634,54.121,0.404669,0.253030
1509,2NDB,61.22,0.475500,1.00,-3175.836,243.146,0.432322,0.550520
1510,2NDC,69.44,0.581800,1.00,-1022.488,28.344,0.413968,0.350060
1511,2NDE,54.17,0.526400,1.00,-1002.354,34.501,0.499422,0.200760
1512,2NDI,48.91,0.482700,1.00,-2599.901,228.664,0.541453,0.306770
1513,2NDK,50.00,0.705100,1.00,-2705.882,81.837,0.676865,0.372050
1514,2NDL,85.94,0.715500,1.00,-819.165,62.807,0.140726,0.319550
1515,2NDM,53.85,0.532000,1.00,-650.074,63.159,0.461617,0.285500
1516,2NDN,85.94,0.716200,1.00,-784.959,67.734,0.179891,0.313920
1517,2NOR,45.00,0.460500,1.00,-362.490,54.045,0.391857,0.298500
1518,2NOU,45.00,0.435900,1.00,-276.050,65.648,0.405484,0.295690
1519,2NR1,82.41,0.734300,1.00,-1645.598,69.605,0.210080,0.537670
1520,2NS4,69.64,0.524200,1.00,-376.145,74.783,0.284194,0.337960
1521,2NVJ,56.00,0.528600,1.00,-1771.049,130.211,0.487682,0.210850
1522,2NX6,42.59,0.517400,1.00,-1465.098,168.132,0.691169,0.204780
1523,2NX7,45.54,0.505900,1.00,-1550.212,123.032,0.628060,0.261940
1526,2NZ3,61.25,0.569600,1.00,-2969.774,240.236,0.507969,0.423260
1527,2NZZ,37.16,0.487000,1.00,-2886.852,91.875,1.144204,0.264280
1528,2O00,37.84,0.461700,1.00,-2886.852,91.875,0.947304,0.248450
1529,2O0S,60.42,0.516000,1.00,-823.576,26.387,0.342918,0.318190
1530,2OBU,61.90,0.713900,1.00,-2913.857,107.680,0.632681,0.549300
1532,2OJM,88.64,0.733000,1.00,-1480.997,39.575,0.110680,0.538680
1533,2OJN,70.45,0.600700,1.00,-1465.595,47.556,0.375638,0.381250
1534,2OJO,86.36,0.775500,1.00,-1756.361,32.231,0.135084,0.427160
1535,2OP7,46.79,0.473200,1.00,-2413.877,161.535,0.979224,0.354160
1536,2OQ9,48.96,0.522500,1.00,-921.894,127.715,0.601463,0.191190
1537,2ORU,75.00,0.651200,1.00,-1279.626,93.110,0.288817,0.265430
1538,2OVN,85.29,0.642800,1.00,-1069.545,35.255,0.197047,0.451850
1539,2OYV,65.38,0.535600,1.00,-436.141,70.926,0.295871,0.328750
1540,2OYW,71.15,0.567100,1.00,-436.141,70.926,0.215886,0.303640
1541,2P4L,67.39,0.541300,1.00,-2666.268,286.814,0.349704,0.554340
1542,2P5J,48.53,0.540900,1.00,-613.995,105.629,0.591829,0.127790
1543,2P81,65.91,0.583400,1.00,-3318.143,123.945,0.517752,0.569800
1544,2PCO,79.81,0.670900,1.00,-1649.568,106.565,0.368930,0.582770
1545,2PDD,83.14,0.693200,1.00,-3684.196,202.056,0.268162,0.725140
1546,2PDE,31.40,0.368800,1.00,-3684.196,202.056,0.728296,0.367090
1547,2PJV,52.42,0.548300,1.00,-1071.932,105.639,0.696148,0.346050
1548,2PO8,72.79,0.667500,1.00,-1827.997,171.347,0.382435,0.556910
1549,2PPZ,78.47,0.598900,1.00,-3281.443,102.994,0.202811,0.584020
1550,2PTA,88.57,0.694400,1.00,-2428.256,171.653,0.171254,0.731690
1551,2PV6,62.50,0.559400,1.00,-2100.461,39.854,0.443990,0.292500
1552,2RLG,77.78,0.629700,1.00,-1057.057,41.624,0.271825,0.467370
1553,2RLH,81.94,0.671900,1.00,-1057.057,41.624,0.237724,0.428410
1554,2RLJ,65.62,0.572700,1.00,-899.563,36.142,0.316751,0.244740
1555,2RLW,66.91,0.647400,1.00,-1985.184,115.407,0.291527,0.451400
1556,2RME,42.76,0.587100,1.00,-2997.590,69.523,0.740517,0.281180
1557,2RMF,72.50,0.725700,1.00,-3279.213,78.062,0.364914,0.650670
1558,2RMG,51.97,0.647400,1.00,-2800.554,79.185,0.689135,0.318610
1559,2RMH,60.53,0.662500,1.00,-2647.362,89.771,0.459908,0.501780
1560,2RMI,86.67,0.725300,1.00,-2388.969,59.074,0.164587,0.629810
1561,2RMV,50.00,0.379100,1.00,-2009.589,82.684,0.803951,0.316140
1562,2RMW,39.42,0.366700,1.00,-1856.357,137.434,0.839687,0.198250
1563,2RMY,76.47,0.750000,1.00,-2307.805,75.861,0.320487,0.625870
1564,2RMZ,62.21,0.717100,1.00,-3389.052,103.780,0.498636,0.584300
1565,2RN0,77.33,0.735800,1.00,-3389.052,103.780,0.353891,0.652280
1566,2RND,65.44,0.700800,1.00,-2307.805,75.861,0.489608,0.512180
1567,2ROO,72.67,0.637900,1.00,-2689.405,163.431,0.350362,0.565380
1568,2RPS,56.25,0.580100,1.00,-1513.805,162.469,0.791838,0.398080
1570,2RQ2,75.00,0.600900,1.00,-2151.537,44.536,0.378689,0.535470
1571,2RQZ,82.24,0.702900,1.00,-2565.319,170.404,0.192800,0.664460
1572,2RR0,75.00,0.643400,1.00,-2565.319,170.404,0.245643,0.553890
1573,2RR2,80.26,0.646700,1.00,-2565.319,170.404,0.187894,0.626310
1574,2RRH,77.59,0.706800,1.00,-2195.475,48.834,0.228277,0.566590
1575,2RRI,66.38,0.682000,1.00,-2195.475,48.834,0.308781,0.487470
1576,2RRS,69.44,0.557600,1.00,-1084.820,46.448,0.313155,0.460940
1577,2RSH,74.32,0.670500,1.00,-2207.257,159.676,0.532871,0.558460
1578,2RSW,51.39,0.520300,1.00,-895.559,120.487,0.479769,0.235760
1579,2RT4,54.00,0.552700,1.00,-1136.288,100.313,0.839208,0.159870
1580,2RTY,95.83,0.786700,1.00,-1917.889,118.755,0.090064,0.781790
1581,2RTZ,86.21,0.685500,1.00,-2182.574,106.128,0.160987,0.604950
1582,2RU0,78.47,0.603200,1.00,-2770.634,163.200,0.274811,0.599250
1583,2RUM,42.11,0.470200,1.00,-838.590,117.073,0.575772,0.207050
1584,2RUN,59.72,0.547900,1.00,-1293.694,80.433,0.449891,0.258630
1585,2RUO,73.44,0.633100,1.00,-923.475,36.712,0.341361,0.337500
1586,2RUT,79.86,0.805900,1.00,-2260.194,151.724,0.520595,0.698060
1587,2RUU,80.56,0.792300,1.00,-1999.429,136.365,0.411197,0.677320
1588,2RUV,82.43,0.804600,1.00,-2207.257,159.676,0.313550,0.722920
1589,2RUW,79.73,0.784400,1.00,-1895.304,204.448,0.522753,0.654740
1590,2RUX,78.47,0.679800,1.00,-1954.826,213.613,0.341045,0.610260
1591,2RUY,76.35,0.752400,1.00,-2198.782,155.341,0.418200,0.598190
1592,2RUZ,82.89,0.823600,1.00,-2128.775,189.950,0.351255,0.722940
1593,2RV0,81.08,0.793400,1.00,-2213.938,145.950,0.597743,0.712540
1594,2RV1,80.41,0.744400,1.00,-2403.975,189.593,0.273122,0.666590
1595,2RV2,88.19,0.808500,1.00,-1937.252,170.289,0.347541,0.778780
1596,2RV3,75.69,0.791000,1.00,-1522.310,148.716,0.625205,0.665720
1597,2RV4,80.41,0.770700,1.00,-2058.204,147.770,0.388932,0.660500
1598,2RV5,82.86,0.781400,1.00,-2050.407,116.160,0.361236,0.730870
1599,2RVD,85.00,0.691300,1.00,-541.275,38.111,0.120125,0.466570
1600,2SH1,36.46,0.377300,1.00,-2438.940,351.288,0.971206,0.483730
1601,2V1V,86.21,0.700700,1.00,-1821.989,164.815,0.139062,0.560720
1602,2VY4,79.05,0.670200,1.00,-2515.940,117.844,0.335446,0.610750
1603,2VY5,80.41,0.690300,1.00,-2515.940,117.844,0.319155,0.627940
1604,2W0T,69.77,0.561200,1.00,-2816.072,216.508,0.402592,0.600740
1605,2W9O,57.61,0.476400,1.00,-2702.662,244.390,0.428708,0.480840
1606,2W9U,54.35,0.480000,1.00,-2201.873,337.747,0.603145,0.418870
1607,2W9V,53.41,0.456300,1.00,-2572.998,221.035,0.452703,0.407230
1608,2W9W,67.05,0.513200,1.00,-2395.439,256.472,0.373351,0.536120
1609,2WH9,84.72,0.714800,1.00,-2550.238,142.766,0.257411,0.696070
1610,2WXC,80.85,0.679600,1.00,-3676.645,173.155,0.214315,0.718560
1611,2XL1,68.75,0.574200,1.00,-1510.422,123.128,0.566403,0.464340
1612,2YRH,63.64,0.727600,1.00,-1883.938,212.787,0.754857,0.531010
1613,2YRJ,64.67,0.774100,1.00,-2037.005,215.682,0.897978,0.576290
1614,2YRM,71.51,0.710300,1.00,-2099.625,229.491,0.422092,0.612190
1615,2YSB,76.53,0.828200,1.00,-2781.892,206.808,0.571519,0.717680
1616,2YSC,78.21,0.767400,1.00,-2274.873,161.633,0.302976,0.630570
1617,2YSF,86.25,0.779700,1.00,-2431.420,157.857,0.365460,0.742920
1618,2YSG,79.38,0.705800,1.00,-2405.670,247.040,0.432772,0.667860
1619,2YSH,72.50,0.687200,1.00,-2018.720,179.972,0.589242,0.608100
1620,2YSI,73.12,0.753500,1.00,-2119.026,200.763,0.508844,0.598080
1621,2YSO,58.15,0.678300,1.00,-2429.163,228.253,0.792760,0.492680
1622,2YSP,62.50,0.706000,1.00,-2207.714,215.924,0.841777,0.535880
1623,2YSV,58.33,0.626800,1.00,-1913.696,199.398,0.704386,0.458640
1624,2YTA,70.12,0.755500,1.00,-1932.226,180.894,0.819938,0.626280
1625,2YTB,67.86,0.731500,1.00,-2017.588,243.523,0.748976,0.580100
1626,2YTD,73.91,0.755400,1.00,-2019.227,236.786,0.343887,0.625040
1627,2YTE,73.21,0.771600,1.00,-2013.413,213.822,0.705853,0.624380
1628,2YTF,66.30,0.745300,1.00,-2014.328,273.170,0.768066,0.576460
1629,2YTG,64.13,0.754600,1.00,-2104.266,217.135,0.819564,0.566730
1630,2YTH,58.70,0.730600,1.00,-1858.297,234.319,1.427266,0.536570
1631,2YTI,67.93,0.753000,1.00,-1971.598,241.977,0.535895,0.552370
1632,2YTJ,66.85,0.731600,1.00,-2202.817,206.788,0.667734,0.568620
1633,2YTK,65.22,0.737200,1.00,-2188.768,207.838,0.928671,0.582470
1634,2YTM,55.98,0.645500,1.00,-1940.770,248.871,1.056147,0.493080
1635,2YTN,67.93,0.736800,1.00,-1985.020,201.088,0.634106,0.589500
1636,2YTO,68.48,0.742600,1.00,-1931.541,267.124,0.863052,0.612400
1637,2YTP,63.04,0.735300,1.00,-2046.546,265.312,0.937149,0.563840
1638,2YTQ,63.59,0.749000,1.00,-1992.505,226.584,0.813990,0.540860
1639,2YTR,65.22,0.751600,1.00,-1979.430,232.599,0.855457,0.568290
1640,2YTS,71.74,0.753700,1.00,-1933.556,235.581,0.451325,0.602690
1641,2YTT,64.67,0.698300,1.00,-2349.213,209.857,0.800131,0.536220
1642,2YU5,67.61,0.728200,1.00,-2158.895,209.247,0.505162,0.538840
1643,2YU8,72.28,0.774900,1.00,-1831.140,202.129,0.509528,0.620460
1644,2YYF,35.00,0.467600,1.00,-634.325,76.665,0.664968,0.242020
1645,2Z3S,78.21,0.641600,1.00,-2985.870,160.280,0.207637,0.610100
1646,2ZAJ,67.35,0.695100,1.00,-2762.466,252.835,0.986190,0.595450
1647,2ZNF,93.06,0.724800,1.00,-929.777,59.381,0.104919,0.510320
1648,3BBG,69.38,0.605600,1.00,-3019.524,176.606,0.313140,0.526580
1649,3CMH,76.67,0.571600,1.00,-1065.870,29.706,0.364345,0.361750
1650,3CTI,95.69,0.776400,1.00,-1923.992,142.885,0.105477,0.788020
1651,3LEU,43.92,0.471100,1.00,-2122.638,207.858,0.863150,0.374330
1652,3MRA,84.00,0.753000,1.00,-1954.668,54.343,0.163130,0.569910
1653,3ZNF,84.17,0.710500,1.00,-1983.088,134.007,0.235953,0.626690
1654,4A24,87.77,0.712400,1.00,-3312.449,213.635,0.236845,0.778910
1655,4APD,47.58,0.562200,1.00,-1863.980,120.437,0.543325,0.358930
1656,4B19,71.67,0.731100,1.00,-2399.163,62.035,0.291146,0.486770
1658,4B2U,90.28,0.755200,1.00,-2647.329,166.315,0.191681,0.757330
1659,4B2V,92.19,0.770900,1.00,-2054.058,188.493,0.093303,0.733810
1660,4BMF,86.18,0.713200,1.00,-2404.077,206.234,0.174072,0.710570
1661,4CYK,69.51,0.649200,1.00,-2405.129,229.653,0.441155,0.532920
1662,4ZNF,85.83,0.709800,1.00,-1983.088,134.007,0.234507,0.604880
1663,5A4H,28.85,0.586900,1.00,-1244.958,268.396,1.718934,0.175550
1664,5AAY,90.83,0.775600,1.00,-1971.587,153.986,0.195876,0.723300
1665,5AAZ,85.94,0.758100,1.00,-1969.747,155.979,0.169537,0.668940
1666,5AHT,81.98,0.716100,1.00,-2799.795,227.532,0.308244,0.688130
1667,5FZV,84.38,0.768100,1.00,-1892.816,196.432,0.383312,0.709540
1668,5FZW,81.06,0.682000,1.00,-1974.876,209.745,0.481171,0.651840
1669,5FZX,75.69,0.639600,1.00,-2222.746,287.663,0.338088,0.604770
1671,5GSF,75.00,0.601300,1.00,-1906.514,167.257,0.227643,0.376660
1672,5GVO,31.94,0.410200,1.00,-919.926,108.347,0.926042,0.192800
1673,5H1H,51.56,0.557000,1.00,-601.004,62.241,0.632455,0.229660
1674,5H1I,37.50,0.415100,1.00,-563.634,111.220,0.684488,0.142190
1675,5H2S,83.00,0.681100,1.00,-1315.896,34.128,0.196997,0.515270
1676,5I1X,87.50,0.663700,1.00,-2226.601,169.861,0.150538,0.720730
1677,5I2P,90.97,0.693500,1.00,-2216.596,215.553,0.145390,0.770080
1678,5ID5,64.00,0.580200,1.00,-1504.549,65.798,0.481448,0.383830
1679,5IJ4,92.35,0.789900,1.00,-3392.300,284.172,0.130379,0.838180
1680,5ION,87.93,0.723600,1.00,-2065.433,89.103,0.154360,0.632910
1681,5IPO,76.04,0.647000,1.00,-3125.940,267.676,0.312636,0.671170
1682,5J8T,73.94,0.632400,1.00,-2791.860,367.008,0.340883,0.638200
1683,5JHI,97.14,0.791000,1.00,-2556.850,166.290,0.080584,0.856080
1684,5JI4,96.62,0.809200,1.00,-2890.021,201.916,0.098593,0.857760
1685,5JPL,35.29,0.437600,1.00,-538.803,177.496,0.797760,0.129440
1686,5JPX,77.22,0.621400,1.00,-3196.385,211.657,0.211817,0.659370
1687,5JYH,75.00,0.620200,1.00,-3013.391,199.248,0.353724,0.652350
1688,5KGY,85.23,0.650800,1.00,-1659.529,50.014,0.205110,0.440700
1689,5KGZ,46.02,0.582900,1.00,-3198.026,118.477,0.634100,0.358850
1690,5KHB,80.95,0.690400,1.00,-1547.494,27.855,0.249777,0.399850
1691,5KI0,44.74,0.351800,1.00,-225.916,198.003,0.669166,0.185330
1692,5KKM,90.91,0.766600,1.00,-1303.630,118.227,0.119261,0.461970
1693,5KVN,94.44,0.756100,1.00,-2070.295,157.068,0.093921,0.724110
1694,5KWO,94.23,0.719000,1.00,-1864.521,95.972,0.127485,0.681570
1695,5KWX,47.00,0.418000,1.00,-1134.558,167.090,0.672332,0.212270
1696,5KWZ,96.15,0.738300,1.00,-1798.926,81.715,0.074779,0.730510
1697,5KX0,65.38,0.488400,1.00,-1989.381,76.873,0.399101,0.368670
1698,5KX1,71.59,0.552400,1.00,-1102.300,97.867,0.236815,0.230970
1699,5KX2,55.56,0.407200,1.00,-1013.486,87.425,0.427871,0.215930
1700,5L1C,80.56,0.627900,1.00,-2369.461,172.941,0.261236,0.630270
1701,5L82,47.30,0.419700,1.00,-2867.768,208.150,0.785800,0.342260
1702,5LAH,36.67,0.383800,1.00,-2673.532,498.009,0.730046,0.320470
1703,5LBJ,91.43,0.810700,1.00,-2896.928,67.122,0.142502,0.747890
1704,5LCS,63.83,0.584900,1.00,-3351.198,395.226,1.146748,0.562240
1705,5LM0,91.07,0.715000,1.00,-1978.509,80.160,0.132189,0.710670
1706,5LME,73.84,0.641700,1.00,-2494.865,283.366,0.384560,0.587160
1707,5M9U,90.48,0.712200,1.00,-1280.723,143.287,0.115828,0.385550
1708,5N5A,29.05,0.528700,1.00,-1110.730,272.306,0.787385,0.264440
1709,5N5B,36.61,0.582300,1.00,-1007.160,151.257,0.665960,0.198860
1710,5NAM,61.46,0.688200,1.00,-3698.391,110.922,0.513450,0.608020
1711,5NAO,71.43,0.761600,1.00,-2786.353,67.469,0.482205,0.630310
1712,5NDA,84.09,0.779500,1.00,-2355.597,70.732,0.149247,0.624010
1713,5NVB,38.33,0.520600,1.00,-422.849,100.439,0.539383,0.125110
1714,5OAP,77.78,0.695600,1.00,-795.714,54.607,0.282440,0.371760
1715,5T3M,95.00,0.736400,1.00,-2392.403,190.206,0.096168,0.795750
1716,5T42,36.70,0.600600,1.00,-3445.490,134.072,1.127966,0.363480
1717,5T4R,90.71,0.711800,1.00,-2329.613,195.724,0.193086,0.740250
1718,5T7Q,76.19,0.695600,1.00,-1183.993,83.285,0.554636,0.406450
1719,5TCZ,71.88,0.504800,1.00,-1879.072,207.098,0.325314,0.453820
1720,5TJ1,36.84,0.445100,1.00,-760.623,109.900,0.947901,0.184780
1721,5TX8,91.07,0.704600,1.00,-2273.564,70.930,0.194601,0.767930
1722,5UG3,85.53,0.666500,1.00,-948.678,118.517,0.198103,0.325660
1723,5UG5,78.95,0.654400,1.00,-1155.716,113.596,0.354890,0.443730
1724,5UI6,31.94,0.519100,1.00,-462.685,85.159,1.263807,0.202270
1725,5UI7,46.05,0.490700,1.00,-801.329,67.449,0.659613,0.157530
1726,5UJG,77.08,0.607400,1.00,-1449.752,111.486,0.252855,0.371130
1727,5UJH,60.87,0.504200,1.00,-1265.429,107.108,0.391715,0.207470
1728,5UJQ,62.93,0.645600,1.00,-1974.309,54.550,0.566775,0.443520
1729,5UJR,64.39,0.595500,1.00,-2110.906,49.734,0.507202,0.409560
1730,5UKZ,53.41,0.418200,1.00,-2886.806,175.960,0.509348,0.402250
1731,5UOI,87.79,0.657700,1.00,-3855.349,123.962,0.179766,0.785240
1732,5UP5,85.00,0.645300,1.00,-3306.925,183.122,0.167195,0.707010
1733,5UY2,45.00,0.548100,1.00,-1335.979,51.667,0.539795,0.123050
1734,5UZL,33.33,0.545500,1.00,-1413.232,214.098,1.356657,0.244410
1735,5V0Y,95.24,0.759200,1.00,-1494.388,105.076,0.129048,0.450990
1736,5V11,92.86,0.757500,1.00,-1144.853,99.653,0.090535,0.416700
1737,5V2B,56.25,0.586400,1.00,-1262.916,44.413,0.455903,0.128700
1738,5V4C,47.06,0.489400,1.00,-318.883,148.493,0.479644,0.228430
1739,5V4U,56.88,0.640900,1.00,-2741.175,77.843,0.459745,0.549250
1740,5VAV,48.21,0.544300,1.00,-412.761,68.002,0.803837,0.255130
1741,5VFW,54.00,0.424300,1.00,-2061.197,48.032,0.517620,0.310910
1742,5VL6,41.18,0.446000,1.00,-377.081,152.583,0.514100,0.154360
1743,5VR5,53.75,0.518700,1.00,-1308.017,46.461,0.399909,0.184780
1744,5W54,52.00,0.512100,1.00,-1069.784,169.450,0.628361,0.277490
1745,5W9F,93.90,0.764800,1.00,-3331.300,196.547,0.101523,0.834680
1746,5WCV,92.24,0.789000,1.00,-1905.284,95.259,0.084332,0.707880
1747,5WE3,80.88,0.641500,1.00,-2497.703,182.429,0.191239,0.613240
1748,5WOD,83.55,0.714800,1.00,-3049.324,67.783,0.142957,0.651820
1749,5WOV,78.68,0.707300,1.00,-2008.441,159.909,0.367970,0.630490
1750,5WOW,70.51,0.620000,1.00,-2389.353,218.443,0.549621,0.583910
1751,5WRX,42.31,0.529500,1.00,-416.349,72.646,0.599633,0.279860
1752,5WUZ,64.53,0.572300,1.00,-3087.416,295.266,0.317353,0.475580
1753,5WXE,74.11,0.586200,1.00,-2072.509,150.364,0.248006,0.423260
1754,5WYE,34.38,0.512900,1.00,-496.831,80.631,0.933609,0.217980
1755,5X34,94.44,0.814700,1.00,-2396.857,262.689,0.087136,0.801620
1756,5X35,98.61,0.845900,1.00,-2396.857,262.689,0.063348,0.882180
1757,5X36,97.22,0.836000,1.00,-2396.857,262.689,0.067518,0.866340
1758,5X37,97.92,0.839200,1.00,-2396.857,262.689,0.064358,0.874370
1759,5X38,99.31,0.842800,1.00,-2396.857,262.689,0.056550,0.904540
1760,5X39,97.22,0.844700,1.00,-2334.051,182.855,0.073230,0.848210
1761,5X3C,97.22,0.839100,1.00,-2273.916,191.371,0.072870,0.855540
1762,5X3L,83.75,0.667700,1.00,-1307.392,36.114,0.241955,0.318710
1763,5XA6,74.34,0.583100,1.00,-2458.748,176.139,0.311928,0.567660
1764,5XBD,68.75,0.556000,1.00,-2127.936,175.720,0.288060,0.460440
1765,5XDI,63.75,0.576600,1.00,-2763.531,242.202,0.316085,0.477430
1766,5XDJ,89.29,0.797100,1.00,-1315.456,23.098,0.113353,0.487510
1767,5XEK,82.14,0.641900,1.00,-3273.909,217.850,0.254785,0.710650
1768,5XIV,50.00,0.532900,1.00,-994.656,95.135,0.736402,0.154510
1769,5XM4,42.65,0.554200,1.00,-554.813,94.889,1.069344,0.136950
1770,5XNG,91.18,0.739100,1.00,-1407.858,37.437,0.095762,0.407750
1771,5XO3,73.81,0.638900,1.00,-942.981,124.389,0.217110,0.207950
1772,5XO4,71.43,0.611000,1.00,-916.211,110.583,0.281849,0.227340
1773,5XO5,76.19,0.592800,1.00,-780.688,88.081,0.204172,0.243190
1774,5XRX,57.35,0.517100,1.00,-1407.858,37.437,0.575342,0.287630
1775,5Y0H,84.52,0.680700,1.00,-1074.203,94.599,0.176077,0.343810
1776,5Y0I,86.90,0.763900,1.00,-1210.596,112.488,0.144535,0.346880
1777,5Y0J,94.05,0.743800,1.00,-1246.824,95.849,0.096982,0.391950
1778,5Y22,78.41,0.730800,1.00,-1336.638,74.044,0.378405,0.445460
1779,5Y3U,87.50,0.740500,1.00,-1336.638,74.044,0.259447,0.467360
1780,5YKK,62.50,0.530400,1.00,-1157.530,58.363,0.453508,0.291870
1781,5YKL,60.53,0.562500,1.00,-1283.383,34.758,0.477864,0.309630
1782,5YKQ,60.53,0.511200,1.00,-1184.461,42.533,0.462672,0.267240
1783,5YZ6,87.76,0.725100,1.00,-4279.639,242.822,0.142616,0.775520
1784,5YZK,88.27,0.725900,1.00,-4344.583,200.761,0.138571,0.789030
1785,5Z1Y,51.19,0.540800,1.00,-928.182,65.744,0.654195,0.283340
1786,5Z26,56.94,0.544000,1.00,-942.616,20.948,0.568308,0.273740
1787,5Z2O,93.06,0.760500,1.00,-1164.009,35.053,0.151015,0.662980
1788,5Z31,44.44,0.509700,1.00,-565.635,101.227,0.677814,0.213850
1789,5Z32,37.50,0.463800,1.00,-610.512,108.993,0.625096,0.194100
1790,5Z5W,77.08,0.548700,1.00,-872.917,16.436,0.256409,0.357390
1791,5Z5X,70.83,0.560000,1.00,-1407.151,38.611,0.447743,0.363910
1792,5ZCN,33.33,0.410500,1.00,-1017.235,60.465,0.881127,0.151470
1793,5ZNF,94.17,0.765000,1.00,-1871.295,132.702,0.128376,0.775740
1794,5ZV6,78.33,0.685300,1.00,-1824.199,158.371,0.195402,0.486180
1795,5ZYX,60.00,0.572400,1.00,-1286.309,45.405,0.588974,0.279340
1796,6A5J,80.77,0.650200,1.00,-703.326,21.231,0.218321,0.388010
1797,6A8Y,30.77,0.464600,1.00,-942.807,269.704,0.934336,0.197700
1798,6AAB,70.24,0.642000,1.00,-916.211,110.583,0.471085,0.296020
1799,6AFQ,78.57,0.706200,1.00,-942.981,124.389,0.227027,0.312130
1800,6AHZ,55.71,0.662300,1.00,-2214.006,114.828,0.589911,0.361740
1801,6AK0,42.86,0.451600,1.00,-1228.101,155.785,0.662986,0.100240
1802,6AX2,77.17,0.603400,1.00,-3034.396,310.451,0.231571,0.640190
1803,6B3U,65.62,0.743700,1.00,-3305.389,115.768,0.510015,0.547690
1804,6B5W,32.89,0.438600,1.00,-760.623,109.900,1.014949,0.148560
1805,6B9K,62.50,0.500700,1.00,-321.503,54.302,0.261333,0.398510
1806,6B9W,77.94,0.641000,1.00,-2753.927,151.138,0.332042,0.578780
1807,6BAM,82.35,0.616500,1.00,-2532.844,161.541,0.261950,0.669720
1808,6BB6,81.62,0.645900,1.00,-2794.726,146.508,0.275893,0.653620
1809,6BEQ,50.00,0.530200,1.00,-292.286,45.747,0.632852,0.231590
1810,6BET,43.75,0.563700,1.00,-352.956,51.094,0.780449,0.155730
1811,6BEU,51.79,0.506600,1.00,-722.153,75.751,0.477734,0.216800
1812,6BI5,82.26,0.673200,1.00,-2592.718,91.702,0.345410,0.644190
1813,6BJF,98.08,0.742400,1.00,-962.561,28.996,0.071452,0.448480
1814,6BUC,93.75,0.792300,1.00,-2316.414,147.514,0.114872,0.806590
1815,6BVU,41.07,0.467100,1.00,-571.204,64.250,0.666431,0.161850
1816,6BVW,37.50,0.452300,1.00,-571.204,64.250,0.744959,0.126420
1817,6BVX,55.36,0.516000,1.00,-539.095,109.125,0.648108,0.196520
1818,6BX9,53.33,0.478100,1.00,-763.830,73.034,0.498497,0.160590
1819,6CEG,92.50,0.703000,1.00,-1743.166,176.621,0.131435,0.740530
1820,6CEI,92.19,0.784800,1.00,-1846.557,238.908,0.123191,0.768520
1821,6CEJ,60.71,0.521300,1.00,-467.015,61.054,0.366099,0.234600
1822,6CFA,80.26,0.717900,1.00,-1090.790,56.924,0.202071,0.347600
1823,6CFB,62.90,0.562100,1.00,-1721.321,125.532,0.384603,0.406610
1824,6CGW,74.14,0.584000,1.00,-1980.711,212.843,0.257310,0.418850
1825,6CGX,70.45,0.663200,1.00,-1147.108,99.774,0.692749,0.368760
1826,6CHC,62.50,0.475500,1.00,-1897.083,173.344,0.416084,0.303710
1829,6CJ8,79.41,0.609000,1.00,-1155.437,57.891,0.185522,0.329310
1830,6CKD,86.81,0.723900,1.00,-2579.270,146.218,0.115966,0.724270
1831,6CKF,85.42,0.727100,1.00,-2579.270,146.218,0.145878,0.699790
1832,6CMH,59.52,0.545800,1.00,-1147.383,84.446,0.540092,0.302760
1833,6COO,77.94,0.591500,1.00,-1132.182,50.169,0.258879,0.317180
1834,6COP,82.35,0.616000,1.00,-1180.654,65.919,0.168757,0.297930
1835,6COQ,88.24,0.667000,1.00,-1251.482,40.830,0.142115,0.376300
1836,6COR,89.71,0.675400,1.00,-1122.017,31.354,0.188812,0.418350
1837,6COS,69.12,0.579900,1.00,-1155.437,57.891,0.354391,0.294220
1838,6COT,69.12,0.636700,1.00,-1186.107,49.023,0.317315,0.336400
1839,6COU,82.35,0.656200,1.00,-1288.142,30.618,0.283225,0.421460
1840,6COV,69.12,0.572100,1.00,-1186.107,49.023,0.399828,0.307760
1841,6COW,89.71,0.628900,1.00,-1155.437,57.891,0.198405,0.412680
1842,6CSK,92.11,0.768500,1.00,-1070.976,35.510,0.094025,0.499700
1843,6CSZ,89.47,0.710000,1.00,-1043.853,34.829,0.219871,0.526200
1844,6CT1,73.68,0.649600,1.00,-1260.128,56.148,0.304930,0.370920
1845,6CT4,81.58,0.633100,1.00,-1243.705,38.685,0.284894,0.477180
1846,6D3T,96.67,0.733500,1.00,-2030.912,127.564,0.079253,0.799760
1847,6D8H,95.31,0.785200,1.00,-2207.731,129.291,0.107836,0.824040
1848,6D8Q,95.97,0.803100,1.00,-2128.529,134.013,0.103185,0.853310
1849,6D8R,91.13,0.713200,1.00,-2222.111,114.871,0.138794,0.690350
1850,6D8S,93.55,0.734100,1.00,-2003.951,117.444,0.102693,0.726390
1851,6D8T,92.74,0.720700,1.00,-2155.678,125.419,0.107673,0.742170
1852,6D8U,95.16,0.757700,1.00,-2079.487,126.660,0.103953,0.772860
1853,6D8Y,89.52,0.740000,1.00,-2035.036,118.685,0.152552,0.710060
1854,6D93,95.16,0.755500,1.00,-2028.452,110.252,0.125198,0.770580
1855,6D9O,92.74,0.713400,1.00,-2148.754,162.673,0.136480,0.734220
1856,6D9P,95.16,0.759500,1.00,-2158.925,106.711,0.098171,0.749590
1857,6DHR,88.79,0.755900,1.00,-1916.128,162.108,0.225366,0.726460
1858,6DMZ,90.43,0.732800,1.00,-3298.276,241.586,0.118279,0.823650
1859,6DST,74.04,0.703500,1.00,-1947.546,46.768,0.312261,0.404660
1860,6DZ9,46.43,0.555300,1.00,-397.455,56.286,1.066515,0.299240
1861,6DZA,40.62,0.549400,1.00,-509.848,82.931,1.092025,0.132930
1862,6DZB,45.31,0.517500,1.00,-417.016,91.489,0.602282,0.131010
1863,6DZC,45.31,0.549400,1.00,-418.069,104.943,0.728023,0.196780
1864,6DZE,35.94,0.516600,1.00,-429.999,90.789,1.092166,0.242570
1865,6E1L,72.92,0.563500,1.00,-1309.774,145.374,0.302778,0.385860
1867,6EFE,73.15,0.655500,1.00,-2090.125,106.158,0.235825,0.403320
1868,6ENA,87.90,0.743900,1.00,-1993.866,120.327,0.232552,0.730620
1869,6F46,46.43,0.546500,1.00,-2540.382,63.129,0.821415,0.401920
1870,6F61,94.35,0.786000,1.00,-1896.206,127.836,0.120106,0.764910
1871,6FGM,95.83,0.748100,1.00,-602.419,44.356,0.078704,0.438940
1872,6FS4,70.16,0.613700,1.00,-2279.140,110.922,0.398467,0.617910
1873,6FS5,49.36,0.633700,1.00,-2808.981,124.266,0.720422,0.470210
1874,6G4I,69.79,0.705000,1.00,-1524.619,67.443,0.257223,0.330590
1875,6G4K,73.96,0.706100,1.00,-1524.619,67.443,0.323100,0.385720
1876,6G4U,59.38,0.705600,1.00,-1524.619,67.443,0.551134,0.393080
1877,6G4V,59.38,0.621700,1.00,-1553.226,71.738,0.495148,0.368720
1878,6G4X,55.21,0.622500,1.00,-1553.226,71.738,0.585723,0.348330
1880,6GIF,69.17,0.687300,1.00,-1967.857,89.466,0.432808,0.562620
1881,6GIG,68.33,0.691200,1.00,-2126.300,81.498,0.496845,0.498180
1882,6GIJ,78.33,0.646800,1.00,-736.090,33.932,0.301615,0.351200
1883,6GIK,59.62,0.551000,1.00,-781.961,22.145,0.342757,0.348380
1884,6GIL,48.08,0.527200,1.00,-659.063,21.703,0.460808,0.158050
1885,6GNZ,73.15,0.699300,1.00,-1835.025,39.916,0.396421,0.468450
1886,6GO0,77.88,0.689400,1.00,-1383.382,42.773,0.358975,0.488940
1887,6GS5,82.69,0.641100,1.00,-1023.550,28.520,0.228637,0.401190
1888,6GS9,89.06,0.722000,1.00,-966.927,15.847,0.130066,0.362890
1889,6HH0,70.00,0.660100,1.00,-1519.794,60.625,0.337783,0.318050
1890,6HN9,65.15,0.661200,1.00,-1967.852,159.139,0.403477,0.475580
1891,6HT4,80.00,0.668500,1.00,-937.134,83.649,0.296609,0.296880
1892,6HZ2,68.52,0.674300,1.00,-1670.620,33.633,0.261224,0.408510
1893,6IHA,77.50,0.826200,1.00,-1739.323,76.754,0.209198,0.481490
1894,6ITH,58.54,0.708000,1.00,-3167.420,169.663,0.495441,0.652530
1895,6J12,39.29,0.425400,1.00,-2165.423,78.305,0.724252,0.322980
1896,6J9P,93.75,0.694000,1.00,-883.465,26.010,0.112307,0.631930
1897,6JI7,72.92,0.605800,1.00,-2837.916,160.636,0.261395,0.526900
1898,6JIC,55.56,0.442800,1.00,-2062.979,179.275,0.668228,0.486700
1899,6K4V,58.12,0.608200,1.00,-1486.268,280.637,0.453385,0.410700
1900,6K4W,37.78,0.361100,1.00,-2834.097,310.954,1.002086,0.277390
1901,6K50,79.38,0.653500,1.00,-2999.317,146.497,0.283722,0.675960
1902,6K51,81.88,0.662500,1.00,-2990.956,199.298,0.266604,0.715930
1903,6KLM,77.94,0.602400,1.00,-2459.660,181.815,0.277432,0.562880
1904,6KRA,67.42,0.570800,1.00,-2175.722,157.936,0.322985,0.496020
1905,6L8R,37.88,0.457600,1.00,-966.538,264.963,0.634226,0.216980
1906,6LF5,94.12,0.772800,1.00,-2563.270,131.272,0.096334,0.805010
1907,6M0Y,81.25,0.568700,1.00,-534.181,37.585,0.259812,0.446470
1908,6M19,38.33,0.465200,1.00,-773.279,62.398,0.699605,0.211280
1909,6M56,33.33,0.240200,1.00,-2108.633,158.907,1.350838,0.221020
1910,6M5C,76.92,0.666200,1.00,-2514.324,239.486,0.235597,0.593100
1911,6MBM,89.06,0.705200,1.00,-1109.280,23.643,0.126851,0.418510
1912,6MF8,47.28,0.555000,1.00,-3369.790,99.382,1.439951,0.418520
1913,6MJV,75.00,0.611900,1.00,-1688.814,143.786,0.251484,0.518250
1914,6MK4,95.00,0.716100,1.00,-1833.201,197.064,0.095067,0.752840
1915,6MK5,83.82,0.665500,1.00,-2482.754,191.888,0.239691,0.648570
1916,6MM4,85.61,0.709300,1.00,-2087.775,120.817,0.167020,0.670490
1917,6MW6,43.42,0.436900,1.00,-825.611,91.746,0.859641,0.158290
1918,6MZT,89.19,0.706100,1.00,-2550.312,180.765,0.166424,0.729220
1919,6NK9,82.81,0.650400,1.00,-1778.127,126.826,0.330052,0.650270
1920,6NOM,55.85,0.509800,1.00,-3274.794,311.085,0.561252,0.462800
1921,6NOX,58.93,0.421900,1.00,-645.664,72.847,0.327616,0.275880
1922,6NUG,80.21,0.635200,1.00,-1518.889,84.494,0.170772,0.379170
1923,6NW8,62.96,0.485600,1.00,-1333.473,221.817,0.485894,0.422320
1924,6O3Q,77.55,0.669600,1.00,-4032.997,170.945,0.290588,0.682280
1925,6O3S,79.79,0.648500,1.00,-3910.899,114.186,0.251462,0.710590
1931,6OBK,68.60,0.564700,1.00,-4603.516,127.298,0.275893,0.591040
1932,6OBW,63.24,0.521800,1.00,-1184.023,42.447,0.463801,0.231390
1933,6OC2,47.06,0.453800,1.00,-1140.675,48.034,0.431294,0.215290
1934,6OC4,63.24,0.539800,1.00,-1335.643,35.984,0.432223,0.370290
1935,6OFA,91.67,0.759000,1.00,-2871.366,103.745,0.154070,0.718750
1936,6OLD,64.71,0.528200,1.00,-1335.643,35.984,0.444101,0.279610
1937,6OQP,69.23,0.627900,1.00,-671.782,45.239,0.258784,0.261940
1938,6OTA,64.06,0.541000,1.00,-771.174,45.395,0.333650,0.165100
1939,6OTB,56.58,0.452800,1.00,-990.446,58.014,0.492725,0.251850
1940,6OVJ,55.77,0.473900,1.00,-548.991,81.918,0.428138,0.263980
1941,6PIN,91.67,0.771900,1.00,-1049.113,80.064,0.132372,0.444390
1942,6PIO,95.83,0.779100,1.00,-1000.637,86.772,0.094542,0.599970
1943,6PIP,88.89,0.740700,1.00,-879.195,97.195,0.188374,0.481970
1945,6POR,34.82,0.473800,1.00,-1376.632,145.576,1.123119,0.149410
1946,6PPC,79.55,0.727000,1.00,-1773.205,187.501,0.277962,0.584700
1947,6PX7,78.68,0.676600,1.00,-1931.334,193.037,0.369613,0.579630
1948,6PX8,85.81,0.697300,1.00,-2739.664,141.212,0.273607,0.740410
1949,6Q1X,29.55,0.383700,1.00,-1464.854,237.793,1.103036,0.209760
1950,6Q5Z,62.93,0.483900,1.00,-1639.642,220.290,0.521636,0.359950
1951,6QAX,76.92,0.653000,1.00,-213.004,59.752,0.353254,0.372290
1952,6QB0,55.77,0.642800,1.00,-227.468,49.683,0.455090,0.248750
1953,6QB1,69.23,0.676100,1.00,-242.933,58.237,0.309956,0.210170
1954,6QES,88.12,0.703400,1.00,-3014.648,256.954,0.241281,0.730460
1955,6QET,79.17,0.660500,1.00,-2585.098,225.966,0.477106,0.679120
1956,6QJB,83.75,0.674300,1.00,-2374.684,261.319,0.210238,0.691660
1957,6QKF,87.50,0.657000,1.00,-960.388,77.753,0.188568,0.415580
1958,6R2X,73.00,0.577300,1.00,-1797.295,115.799,0.381824,0.478610
1959,6R95,59.38,0.647100,1.00,-1681.469,44.480,0.461496,0.338180
1960,6R96,54.17,0.646100,1.00,-1681.469,44.480,0.664136,0.300430
1961,6RRL,93.75,0.655500,1.00,-816.769,35.177,0.193097,0.452030
1962,6RRO,93.18,0.666000,1.00,-551.273,21.628,0.075339,0.481290
1963,6RSF,53.00,0.465200,1.00,-1566.903,31.203,0.415844,0.198810
1964,6RSG,45.00,0.486800,1.00,-1220.813,61.604,0.620664,0.234690
1965,6RSM,75.00,0.515100,1.00,-570.041,35.458,0.282246,0.412690
1966,6RY9,50.96,0.538900,1.00,-1269.068,36.117,0.465887,0.209660
1967,6RYQ,52.50,0.471700,1.00,-974.306,21.730,0.437240,0.157190
1968,6RZ1,42.71,0.515500,1.00,-1456.549,26.484,0.614737,0.138450
1969,6RZC,53.00,0.539900,1.00,-1350.779,24.616,0.397707,0.236550
1970,6S2D,52.08,0.555200,1.00,-1205.139,63.205,0.537543,0.185740
1971,6SAA,90.18,0.731900,1.00,-1469.984,206.280,0.134054,0.602710
1972,6SAB,64.71,0.528300,1.00,-2283.136,154.379,0.515360,0.437860
1973,6SFT,22.92,0.476500,1.00,-1410.817,213.546,1.442520,0.168140
1974,6SVC,84.29,0.740800,1.00,-2230.195,175.765,0.190965,0.642170
1975,6SVE,88.57,0.719400,1.00,-2230.195,175.765,0.152313,0.734960
1976,6SVH,92.14,0.741000,1.00,-2230.195,175.765,0.133416,0.738690
1977,6SY2,83.67,0.758200,1.00,-3746.353,303.890,0.308545,0.734320
1978,6SZF,23.81,0.343600,1.00,-1491.776,427.462,1.519653,0.204390
1979,6T33,34.66,0.350200,1.00,-2673.969,244.224,0.669666,0.263980
1980,6TVJ,42.50,0.434000,1.00,-304.993,50.860,0.474575,0.289650
1981,6TWG,94.23,0.692200,1.00,-964.329,24.222,0.179700,0.627810
1982,6U24,48.21,0.627500,1.00,-395.057,60.401,0.936459,0.209090
1983,6U6G,49.31,0.368100,1.00,-2475.123,178.710,0.913603,0.296470
1984,6U7Q,51.79,0.596100,1.00,-351.305,79.279,0.931560,0.191090
1985,6U7R,98.21,0.750400,1.00,-645.550,59.815,0.069018,0.485640
1986,6U7S,48.21,0.647100,1.00,-433.465,61.587,1.035723,0.226330
1987,6U7U,44.64,0.592000,1.00,-370.072,52.599,1.005121,0.261290
1988,6U7W,51.79,0.601300,1.00,-453.979,65.206,0.889232,0.223400
1989,6U7X,53.57,0.615700,1.00,-374.309,56.266,0.946949,0.247810
1990,6UCH,60.98,0.607600,1.00,-2459.214,115.924,0.677217,0.495940
1991,6V1N,55.88,0.508700,1.00,-1200.009,47.709,0.428784,0.271340
1992,6V6T,78.57,0.671500,1.00,-2542.780,150.395,0.274545,0.593880
1993,6VE9,48.81,0.448700,1.00,-1486.410,94.183,0.619835,0.248420
1994,6VGT,36.18,0.417300,1.00,-1886.435,216.968,1.083657,0.310060
1995,6VH8,75.69,0.652600,1.00,-3179.468,182.194,0.216203,0.548860
1996,6VLA,88.24,0.712700,1.00,-1182.670,34.694,0.131547,0.458190
1997,6VLJ,38.16,0.429600,1.00,-725.235,75.010,0.646279,0.177880
1998,6VNZ,90.32,0.740500,1.00,-2178.972,110.779,0.120981,0.692380
1999,6VPN,95.74,0.781100,1.00,-3435.462,205.124,0.082799,0.886330
2000,6VXG,25.58,0.335000,1.00,-1532.559,241.752,1.117150,0.254320
2001,6VY8,51.79,0.627400,1.00,-395.057,60.401,0.915246,0.273920
2002,6WQJ,79.29,0.642400,1.00,-2976.689,82.452,0.230256,0.564620
2003,6WQL,80.10,0.651200,1.00,-3764.364,135.333,0.289267,0.703550
2004,6X7I,75.89,0.682800,1.00,-2120.680,58.942,0.494765,0.599180
2005,6XCR,60.00,0.689000,1.00,-3240.106,142.561,0.551845,0.539890
2006,6XCU,64.44,0.664400,1.00,-3215.126,114.539,0.766910,0.600430
2007,6XN9,30.95,0.448300,1.00,-2173.022,342.341,0.926794,0.208690
2008,6XTH,38.89,0.448600,1.00,-776.346,129.890,0.767706,0.160430
2009,6XTI,33.82,0.495800,1.00,-359.009,114.142,1.161692,0.147360
2010,6XYH,91.88,0.715800,1.00,-2510.835,250.653,0.139917,0.787130
2011,6XYI,85.71,0.673500,1.00,-2567.119,258.220,0.184004,0.724990
2012,6Y1Q,42.86,0.391100,1.00,-964.414,26.342,0.733756,0.270930
2013,6YHF,73.33,0.671500,1.00,-1854.085,56.998,0.238238,0.448400
2014,6YHI,64.17,0.717000,1.00,-2302.992,48.750,0.461350,0.521600
2015,6YHO,60.00,0.720200,1.00,-2154.345,48.270,0.426493,0.428650
2016,6YHP,70.00,0.747200,1.00,-2104.954,41.700,0.291448,0.438370
2017,6YHX,71.67,0.743000,1.00,-1944.843,50.401,0.236272,0.534610
2018,6YJL,49.24,0.485100,1.00,-1802.639,197.222,0.635763,0.240330
2019,6YSE,92.93,0.767500,1.00,-4313.080,127.172,0.093436,0.848960
2020,6Z0G,47.96,0.593300,1.00,-3209.790,176.013,0.914947,0.450490
2021,6Z0H,58.16,0.698400,1.00,-3185.446,145.259,0.601167,0.467710
2022,6Z0I,50.00,0.571100,1.00,-3209.790,176.013,1.078216,0.437900
2023,7ALD,92.50,0.691900,1.00,-1203.340,73.796,0.150450,0.434800
2024,7ASY,65.15,0.632100,1.00,-2572.091,90.373,0.399885,0.402000
2025,7AT7,68.18,0.701400,1.00,-2431.343,119.151,0.575399,0.532960
2026,7ATB,65.91,0.684100,1.00,-2886.534,74.234,0.524130,0.513270
2027,7AY8,82.69,0.719300,1.00,-2317.761,169.952,0.261055,0.688580
2028,7B2F,56.45,0.598100,1.00,-2016.223,87.735,0.561217,0.463800
2029,7BW5,33.82,0.512100,1.00,-502.983,59.886,1.014842,0.112920
2030,7BWI,41.67,0.391800,1.00,-3143.062,245.564,0.933478,0.462180
2031,7BX2,94.64,0.730400,1.00,-831.922,18.133,0.109423,0.543910
2032,7BZ7,41.67,0.413100,1.00,-868.191,46.701,0.660664,0.181680
2033,7BZ8,43.33,0.400100,1.00,-1002.916,29.905,0.737315,0.193990
2034,7BZ9,35.00,0.524300,1.00,-572.036,66.505,0.952643,0.172170
2035,7BZA,41.67,0.419300,1.00,-857.635,43.965,0.676552,0.149110
2036,7CCN,89.71,0.768300,1.00,-579.317,80.043,0.104222,0.415570
2037,7CCO,98.53,0.768000,1.00,-579.317,80.043,0.067384,0.531970
2038,7CK5,66.96,0.672100,1.00,-1925.061,87.861,0.387007,0.507500
2039,7CKD,35.90,0.325700,1.00,-2666.148,279.908,0.826268,0.267730
2040,7CKE,61.54,0.528100,1.00,-2666.148,279.908,0.479726,0.453480
2041,7CSS,51.92,0.518400,1.00,-588.992,45.701,0.454417,0.169870
2042,7CU6,46.67,0.399700,1.00,-865.644,43.663,0.640732,0.225680
2043,7D13,65.38,0.678500,1.00,-2543.070,61.744,0.489999,0.638580
2044,7D16,47.44,0.551800,1.00,-2543.070,61.744,0.908320,0.388360
2045,7D37,63.46,0.590100,1.00,-588.992,45.701,0.335562,0.306320
2046,7DEH,80.65,0.665200,1.00,-1875.379,44.879,0.182700,0.506690
2047,7EDK,57.89,0.494900,1.00,-899.223,97.227,0.454066,0.211380
2048,7EES,33.75,0.457800,1.00,-778.016,133.526,1.163167,0.151390
2049,7ELY,47.12,0.488100,1.00,-1529.659,225.601,0.568972,0.201240
2050,7F32,76.39,0.644900,1.00,-937.127,98.277,0.199787,0.215050
2051,7JIA,75.00,0.616200,1.00,-1127.949,128.016,0.232119,0.360380
2052,7JIY,88.54,0.768800,1.00,-1562.667,116.669,0.119613,0.472730
2053,7JNN,89.67,0.692200,1.00,-3728.015,203.428,0.161323,0.814250
2054,7JPM,76.19,0.646400,1.00,-2364.090,244.823,0.371544,0.615990
2055,7JS6,36.67,0.486200,1.00,-414.356,111.044,0.967016,0.198340
2056,7K1M,91.67,0.742800,1.00,-626.992,45.113,0.086364,0.462830
2057,7K7X,78.45,0.641100,1.00,-1898.968,146.653,0.280833,0.497820
2058,7KNN,76.56,0.641600,1.00,-844.601,65.161,0.224985,0.294410
2059,7KPD,85.34,0.718600,1.00,-2114.091,210.390,0.342251,0.609410
2060,7L53,44.64,0.367000,1.00,-1723.503,233.744,0.660078,0.193760
2061,7L54,41.96,0.348800,1.00,-1723.503,233.744,0.711811,0.159090
2062,7L55,40.18,0.298900,1.00,-1723.503,233.744,0.995634,0.207510
2063,7L7A,50.00,0.462700,1.00,-707.300,59.382,0.508387,0.284040
2064,7L83,54.05,0.663500,1.00,-2868.633,73.221,1.325806,0.460550
2065,7LCW,31.67,0.508000,1.00,-329.279,106.144,0.950894,0.128650
2066,7LGL,49.47,0.385500,1.00,-3211.141,325.849,0.971419,0.407800
2067,7LGV,54.69,0.518000,1.00,-3382.623,259.294,0.772565,0.461330
2068,7LHC,87.07,0.736600,1.00,-1803.240,161.492,0.228457,0.676410
2069,7LI2,47.73,0.475300,1.00,-928.504,154.094,0.852042,0.170300
2070,7LIF,50.00,0.471100,1.00,-928.504,154.094,0.801476,0.240600
2071,7LP4,66.49,0.511500,1.00,-3280.993,219.531,0.539525,0.565410
2072,7LQR,78.57,0.690200,1.00,-1314.372,83.644,0.272636,0.347820
2073,7LQS,73.33,0.531100,1.00,-881.017,67.864,0.326934,0.334570
2074,7LRW,65.48,0.530300,1.00,-1550.565,102.631,0.473987,0.268010
2075,7LSO,93.06,0.791600,1.00,-1196.772,20.804,0.066461,0.658080
2076,7LSP,90.28,0.733700,1.00,-1196.772,20.804,0.099815,0.550370
2077,7LT7,28.57,0.282500,1.00,-1737.198,280.512,1.573926,0.163500
2078,7LVE,69.15,0.615400,1.00,-3735.965,173.561,0.318829,0.541600
2079,7LVG,51.11,0.517000,1.00,-3327.982,182.566,0.661531,0.447030
2080,7LX4,73.78,0.595200,1.00,-2874.946,258.229,0.367525,0.574540
2081,7LZL,90.54,0.749300,1.00,-2504.240,155.389,0.150228,0.771700
2082,7M1D,49.48,0.445900,1.00,-3032.497,243.844,0.745869,0.390030
2083,7M1E,73.21,0.700100,1.00,-1782.269,55.440,0.309493,0.465250
2084,7M3U,38.89,0.324100,1.00,-1857.077,202.265,0.784077,0.300860
2085,7MJ3,28.41,0.345600,1.00,-3098.550,273.939,0.873186,0.307950
2086,7MY8,36.90,0.537900,1.00,-2761.186,136.087,1.197726,0.302420
2087,7N0T,81.25,0.640900,1.00,-793.472,85.454,0.204113,0.280560
2088,7N21,76.47,0.593900,1.00,-688.756,50.860,0.231429,0.297520
2089,7N23,85.29,0.658200,1.00,-688.756,50.860,0.191842,0.356710
2090,7N25,82.81,0.637900,1.00,-793.472,85.454,0.206863,0.264430
2091,7NIP,66.46,0.611000,1.00,-3734.763,140.488,0.327037,0.478410
2092,7NS1,88.71,0.788500,1.00,-2832.144,65.628,0.169730,0.697170
2093,7OB2,50.00,0.439000,1.00,-322.335,60.314,0.345327,0.365140
2094,7OD2,85.29,0.666400,1.00,-2401.553,211.636,0.139686,0.653930
2095,7OFM,75.00,0.707200,1.00,-1884.147,107.406,0.340003,0.562650
2096,7OFO,79.17,0.722400,1.00,-1884.147,107.406,0.270011,0.552180
2097,7OSC,70.83,0.699400,1.00,-1502.602,144.256,0.309927,0.306450
2099,7P3M,96.15,0.711100,1.00,-682.596,34.172,0.067884,0.548200
2100,7P4X,85.48,0.720000,1.00,-1728.303,108.156,0.197506,0.643870
2101,7P55,73.86,0.668500,1.00,-1615.078,60.029,0.237300,0.317040
2102,7P5G,35.00,0.521100,1.00,-853.313,160.147,0.689162,0.132460
2103,7P5Q,29.00,0.523600,1.00,-997.011,216.214,1.140383,0.151890
2104,7P5S,30.00,0.395900,1.00,-1121.435,168.263,0.808210,0.147260
2105,7PH8,91.94,0.790000,1.00,-2628.668,71.576,0.127481,0.692910
2106,7PHT,84.17,0.782100,1.00,-2629.866,52.517,0.187717,0.593230
2107,7PL4,74.19,0.731900,1.00,-2056.205,53.472,0.378083,0.543420
2108,7PVB,40.76,0.401100,1.00,-3065.914,348.055,0.892745,0.327000
2109,7PVM,58.06,0.564100,1.00,-1254.046,151.250,0.793510,0.414280
2110,7QAL,44.29,0.719200,1.00,-1891.321,79.911,0.867430,0.382110
2111,7QAM,49.29,0.568400,1.00,-2000.825,111.314,0.719221,0.366290
2112,7QAO,50.00,0.682000,1.00,-1476.130,174.957,0.535358,0.330620
2113,7QAP,49.29,0.690900,1.00,-1996.193,89.981,0.702215,0.360590
2114,7QLF,57.35,0.441800,1.00,-735.771,52.496,0.407808,0.225310
2115,7QXJ,83.93,0.624000,1.00,-1942.641,92.585,0.200739,0.565760
2116,7RC7,71.88,0.553000,1.00,-2151.488,171.630,0.242110,0.582040
2117,7RC8,78.12,0.545000,1.00,-2151.488,171.630,0.241326,0.645580
2118,7RFA,76.72,0.658700,1.00,-1815.084,167.969,0.325273,0.473010
2119,7RN3,94.17,0.804500,1.00,-2041.190,189.733,0.099276,0.731220
2120,7S55,98.39,0.826600,1.00,-2157.389,194.767,0.063990,0.841610
2121,7S7P,92.26,0.786100,1.00,-2966.213,164.719,0.138363,0.816680
2122,7SAG,78.23,0.618600,1.00,-1684.716,193.775,0.325138,0.566600
2123,7SKC,84.56,0.658800,1.00,-2467.782,181.493,0.176642,0.635100
2124,7T6G,55.00,0.515400,1.00,-995.790,59.855,0.527888,0.358750
2125,7T7W,88.64,0.666000,1.00,-717.319,30.480,0.150296,0.446120
2126,7TB9,32.50,0.470300,1.00,-417.291,192.946,0.877389,0.177290
2127,7TH8,57.58,0.479900,1.00,-2031.837,169.266,0.630295,0.374490
2128,7UNX,70.14,0.589100,1.00,-2618.229,253.908,0.650762,0.553450
2129,7UV3,61.46,0.526400,1.00,-3700.956,142.148,0.661280,0.534330
2130,7V5E,54.17,0.454800,1.00,-1154.769,95.892,0.494353,0.146230
2131,7V5F,58.87,0.551200,1.00,-2661.361,182.586,0.517371,0.362060
2132,7VOZ,70.69,0.702500,1.00,-1696.003,52.035,0.307347,0.437130
2133,7VQH,41.67,0.478400,1.00,-610.512,108.993,0.687779,0.179740
2134,7VQI,44.44,0.510700,1.00,-610.512,108.993,0.591563,0.310590
2135,7W8K,39.00,0.422300,1.00,-1222.491,118.943,0.749703,0.185900
2136,7W8O,46.15,0.486800,1.00,-1710.585,113.583,0.693025,0.178390
2137,7W8R,50.00,0.469700,1.00,-1710.585,113.583,0.508268,0.216630
2138,7W8T,45.19,0.487100,1.00,-1063.414,119.599,0.663599,0.203510
2139,7W8Z,56.58,0.541900,1.00,-2376.253,189.083,0.650902,0.408050
2140,7W96,89.81,0.807000,1.00,-1100.794,115.862,0.119829,0.591390
2141,7WE3,34.68,0.430700,1.00,-1680.530,148.095,0.738834,0.254190
2142,7WEI,40.32,0.465500,1.00,-1680.530,148.095,0.665233,0.225440
2143,7Y7L,70.56,0.601600,1.00,-2926.091,261.479,0.299823,0.560250
2144,7YAB,65.91,0.521400,1.00,-2876.297,265.468,0.332296,0.525050
2145,7YFS,56.25,0.575300,1.00,-951.309,33.188,0.601948,0.256580
2146,7YHF,95.14,0.860800,1.00,-2456.719,231.277,0.092541,0.806990
2147,7YHG,95.14,0.862700,1.00,-2456.719,231.277,0.080069,0.834880
2148,7YHH,94.44,0.860400,1.00,-2456.719,231.277,0.078630,0.837380
2149,7YHI,96.53,0.823900,1.00,-2396.857,262.689,0.078108,0.830030
2150,7YRV,45.54,0.490900,1.00,-2367.698,94.218,0.727238,0.242520
2151,7YRW,37.90,0.439700,1.00,-1475.052,295.299,0.686333,0.221140
2152,7YRX,45.97,0.521900,1.00,-1442.267,204.288,0.897032,0.262480
2153,7YSS,67.86,0.576200,1.00,-1014.597,36.871,0.432918,0.453450
2154,7YYI,80.17,0.702300,1.00,-2221.971,42.037,0.157614,0.506300
2155,7Z07,72.41,0.661900,1.00,-2262.836,77.738,0.238029,0.637130
2156,7Z08,82.76,0.727500,1.00,-2396.023,60.668,0.197938,0.521440
2157,7Z0B,87.07,0.723000,1.00,-2701.784,47.878,0.138530,0.689620
2159,7ZNF,87.50,0.725900,1.00,-1831.423,130.182,0.202525,0.602870
2160,7ZRF,44.44,0.425600,1.00,-962.635,45.812,0.888201,0.117270
2161,7ZRO,25.62,0.429700,1.00,-2089.375,129.025,1.265011,0.198790
2162,7ZRU,86.61,0.688500,1.00,-1804.199,99.580,0.219664,0.634480
2163,7ZWJ,36.76,0.548400,1.00,-334.571,73.751,1.152110,0.213990
2164,7ZZV,23.61,0.430700,1.00,-2134.176,182.199,1.010169,0.261390
2165,8A6I,33.33,0.411700,1.00,-2083.614,118.040,1.455893,0.254830
2166,8AHK,78.05,0.694900,1.00,-3185.948,225.235,0.215002,0.638700
2167,8B1L,77.08,0.653600,1.00,-1544.298,38.543,0.243445,0.439010
2168,8B1X,61.00,0.606000,1.00,-1292.806,56.507,0.719299,0.461140
2169,8B4R,81.25,0.653400,1.00,-1203.340,73.796,0.228211,0.316970
2170,8B6X,72.00,0.610400,1.00,-1939.924,39.984,0.277054,0.405240
2171,8B6Y,82.00,0.711100,1.00,-1939.924,39.984,0.162311,0.411180
2172,8B9Q,25.00,0.369800,1.00,-1648.085,252.217,1.452387,0.211000
2173,8B9R,25.00,0.410400,1.00,-1648.085,252.217,1.274102,0.205210
2174,8BOO,27.17,0.498300,1.00,-730.378,146.420,1.203183,0.183360
2175,8BVC,80.36,0.661200,1.00,-2927.482,233.647,0.197153,0.650310
2176,8BVZ,40.79,0.596700,1.00,-577.339,97.296,0.909710,0.174090
2177,8BWW,62.50,0.537300,1.00,-1424.795,39.619,0.417422,0.268700
2178,8CIQ,83.57,0.707100,1.00,-2380.483,188.785,0.263887,0.667760
2183,8CJT,84.29,0.700800,1.00,-2260.158,174.769,0.194403,0.634300
2184,8CM3,82.61,0.670600,1.00,-1505.255,89.414,0.259077,0.439840
2185,8DFZ,69.19,0.519300,1.00,-3455.023,202.798,0.442534,0.543600
2186,8DYM,36.21,0.503600,1.00,-848.285,240.896,1.696743,0.186760
2187,8DYN,38.54,0.493600,1.00,-942.645,165.437,1.085970,0.162560
2188,8EB1,65.62,0.536000,1.00,-1732.021,34.806,0.602349,0.350630
2189,8EF4,42.50,0.598800,1.00,-430.627,133.345,0.931251,0.194130
2190,8F04,34.21,0.513900,1.00,-664.530,129.670,0.812137,0.118750
2191,8FD4,80.15,0.621700,1.00,-2233.744,151.452,0.201085,0.605660
2192,8FEY,81.25,0.631600,1.00,-2292.668,187.962,0.205196,0.603080
2193,8G21,64.06,0.646300,1.00,-2021.238,96.963,0.458552,0.441730
2194,8GUC,31.94,0.436300,1.00,-1914.738,239.899,1.017816,0.230080
2195,8GVN,85.71,0.625700,1.00,-1014.597,36.871,0.204999,0.474410
2196,8H0G,73.39,0.698800,1.00,-2024.084,126.138,0.256152,0.592180
2197,8H0U,75.00,0.703800,1.00,-2024.084,126.138,0.286277,0.537040
2198,8HJC,88.64,0.718500,1.00,-2697.177,170.730,0.151341,0.701170
2199,8HJD,91.67,0.716100,1.00,-2697.177,170.730,0.130771,0.725700
2200,8HR3,53.85,0.493100,1.00,-510.409,51.117,0.440564,0.292700
2201,8HR4,73.08,0.582500,1.00,-576.406,58.446,0.352163,0.287140
2202,8HVS,52.50,0.436000,1.00,-247.360,40.473,0.392584,0.322750
2203,8HZW,56.25,0.591200,1.00,-1036.579,28.078,0.617429,0.287140
2204,8IKQ,83.93,0.585200,1.00,-715.076,44.170,0.266844,0.405550
2205,8IL1,78.57,0.515400,1.00,-715.076,44.170,0.320639,0.406320
2206,8IL2,76.67,0.618800,1.00,-718.733,49.693,0.286664,0.348030
2207,8IL6,88.33,0.662100,1.00,-718.733,49.693,0.237131,0.531480
2208,8JB4,26.04,0.362600,1.00,-1517.533,149.699,0.948397,0.148190
2209,8K3M,33.82,0.519400,1.00,-495.301,86.160,0.845664,0.234130
2210,8K3N,35.29,0.522400,1.00,-495.301,86.160,1.046506,0.185260
2211,8OR5,64.17,0.638300,1.00,-1932.078,60.764,0.336839,0.395890
2212,8ORY,85.83,0.722700,1.00,-2205.812,73.077,0.187120,0.625580
2213,8ORZ,63.33,0.640700,1.00,-1488.784,58.237,0.392226,0.484380
2214,8OS0,76.67,0.771200,1.00,-1907.298,78.381,0.246994,0.465680
2215,8OSQ,25.71,0.417800,1.00,-775.067,388.152,1.089390,0.201610
2216,8PWT,36.03,0.499600,1.00,-2640.881,77.626,1.227288,0.284330
2221,8QNT,30.10,0.627200,1.00,-3677.536,131.601,1.781317,0.252360
2222,8QTQ,69.85,0.631500,1.00,-2322.332,181.465,0.324888,0.471440
2223,8R89,40.28,0.393000,1.00,-822.802,112.911,0.580263,0.125760
2224,8RHS,49.48,0.465300,1.00,-3209.983,200.430,0.649316,0.412360
2225,8RPQ,68.75,0.796400,1.00,-2781.526,49.360,0.306940,0.509750
2226,8RQ6,72.58,0.686900,1.00,-2455.182,57.851,0.304456,0.519190
2227,8S9Y,26.28,0.533600,1.00,-1221.658,323.213,1.679209,0.181740
2228,8SED,79.05,0.644200,1.00,-2439.538,174.105,0.218493,0.608390
2229,8SEM,87.18,0.739400,1.00,-1933.710,219.486,0.216210,0.745250
2230,8SVB,33.33,0.486100,1.00,-1402.650,129.431,1.376172,0.181010
2231,8T01,88.46,0.762100,1.00,-710.909,19.129,0.121843,0.424110
2232,8T61,76.56,0.558800,1.00,-721.440,66.412,0.217313,0.356010
2233,8T62,56.25,0.503100,1.00,-540.855,81.872,0.466734,0.215540
2234,8T63,48.44,0.556200,1.00,-612.345,87.753,0.454682,0.127380
2235,8TFV,82.14,0.701400,1.00,-916.211,110.583,0.326597,0.382620
2236,8TV4,44.23,0.439800,1.00,-1023.550,28.520,0.572204,0.226410
2237,8TXS,89.06,0.714300,1.00,-648.192,80.109,0.131088,0.314120
2238,8TYI,87.93,0.770000,1.00,-1815.284,121.427,0.141359,0.595690
2239,8UKC,36.67,0.405900,1.00,-745.170,70.487,0.847694,0.183630
2240,8ULM,76.52,0.613500,1.00,-2031.837,169.266,0.266551,0.492540
2241,8UM1,45.83,0.558400,1.00,-3167.864,107.470,0.703288,0.468790
2242,8UM2,50.00,0.546000,1.00,-3167.864,107.470,0.703854,0.413700
2243,8UNG,82.32,0.649900,1.00,-3038.536,164.468,0.214789,0.673020
2244,8UWF,83.33,0.690000,1.00,-2319.948,235.032,0.243804,0.695620
2245,8UXR,43.48,0.398400,1.00,-1585.085,154.786,0.626010,0.122750
2246,8V2M,79.46,0.667500,1.00,-1882.820,151.399,0.367489,0.550510
2247,8V2V,29.88,0.431200,1.00,-2331.616,416.040,0.885069,0.224150
2248,8VU6,88.59,0.764600,1.00,-2886.858,259.184,0.249261,0.803460
2249,8VU7,92.78,0.771100,1.00,-3095.721,229.687,0.130132,0.825590
2250,8VU8,81.98,0.666900,1.00,-2738.544,281.563,0.180326,0.693830
2251,8VYC,48.86,0.414500,1.00,-959.683,135.943,0.522054,0.104860
2252,8W0Q,65.00,0.600000,1.00,-1235.614,76.977,0.382602,0.264440
2253,8W16,60.00,0.446900,1.00,-813.353,55.562,0.398934,0.122500
2254,8W17,56.67,0.464000,1.00,-729.124,59.679,0.433087,0.164550
2255,8W2V,28.21,0.386000,1.00,-1543.115,247.269,1.059586,0.219330
2256,8WGI,67.00,0.590600,1.00,-1495.406,151.908,0.279313,0.374120
2257,8WGJ,62.50,0.561000,1.00,-1371.361,101.798,0.300449,0.214960
2258,8WW0,35.16,0.322500,1.00,-1621.301,254.498,0.840447,0.290290
2259,8WW1,59.17,0.530200,1.00,-2419.882,121.049,0.532954,0.362350
2260,8X3N,67.19,0.529100,1.00,-777.372,68.386,0.341566,0.224530
2261,8X40,78.12,0.580500,1.00,-777.372,68.386,0.257767,0.293720
2262,8XTH,71.67,0.553800,1.00,-764.841,53.007,0.351215,0.269460
2263,8XTN,31.06,0.368600,1.00,-1146.849,203.783,1.031262,0.201810
2264,8XTO,40.48,0.427800,1.00,-750.203,88.653,0.630624,0.204560
2265,8Y3S,47.73,0.592400,1.00,-339.244,38.215,0.463638,0.339120
2266,8YD6,29.17,0.361500,1.00,-1945.889,161.683,0.847382,0.185880
2267,8ZG2,54.55,0.486000,1.00,-147.057,43.238,0.558457,0.203310
2268,8ZG3,52.27,0.554700,1.00,-161.431,31.796,0.623893,0.315760
2269,8ZG4,50.00,0.518000,1.00,-252.210,41.176,0.679797,0.248690
2270,8ZP3,31.06,0.342300,1.00,-1161.393,205.589,1.093080,0.202970
2271,8ZUG,42.39,0.539900,1.00,-384.903,172.090,0.630392,0.168060
2272,9AZI,94.44,0.760900,1.00,-1642.879,116.965,0.144281,0.732270
2273,9BET,50.00,0.618600,1.00,-2325.691,207.425,0.726156,0.493270
2274,9BF4,62.10,0.503000,1.00,-2660.143,150.491,0.444397,0.383270
2275,9BHN,36.36,0.416700,1.00,-451.950,49.847,0.510099,0.332000
2276,9BV0,85.19,0.693400,1.00,-2248.832,168.605,0.126631,0.496630
2277,9BV4,74.31,0.619100,1.00,-3179.468,182.194,0.190707,0.527530
2278,9BVS,38.46,0.453700,1.00,-1013.453,25.135,0.533213,0.195700
2279,9BVU,45.00,0.445000,1.00,-1238.732,27.373,0.689596,0.259820
2280,9BVV,40.38,0.429300,1.00,-1099.594,38.053,0.488936,0.192800
2281,9CRB,73.21,0.561500,1.00,-1535.978,150.155,0.327831,0.472160
2282,9F1E,66.96,0.576900,1.00,-1890.182,76.009,0.592636,0.412380
2283,9F1F,66.03,0.656200,1.00,-2369.385,97.373,0.454759,0.511370
2284,9F1G,72.96,0.703100,1.00,-3147.387,115.927,0.453068,0.662360
2285,9FJN,87.50,0.770600,1.00,-1291.811,23.061,0.123407,0.559850
2286,9FJW,50.71,0.596400,1.00,-1978.516,148.355,0.806073,0.408540
2287,9G0M,72.00,0.643800,1.00,-1460.683,189.123,0.271969,0.424430
2288,9G0N,71.00,0.635500,1.00,-1460.683,189.123,0.312569,0.432350
2289,9G20,73.00,0.645400,1.00,-1460.683,189.123,0.302085,0.426810
2290,9G21,63.00,0.564300,1.00,-1460.683,189.123,0.284726,0.301850
2291,9G22,84.00,0.714100,1.00,-1463.619,128.668,0.165947,0.490300
2292,9G2N,87.00,0.723200,1.00,-1463.619,128.668,0.176212,0.509230
2293,9G2O,85.00,0.762400,1.00,-1463.619,128.668,0.165023,0.521080
2294,9G31,80.00,0.644600,1.00,-1463.619,128.668,0.192495,0.361520
2295,9G32,80.00,0.681300,1.00,-1463.619,128.668,0.204733,0.415330
2296,9G5P,73.00,0.631600,1.00,-1460.683,189.123,0.288536,0.440400
2297,9GDL,77.00,0.626800,1.00,-1584.349,88.441,0.245726,0.423820
2298,9GDN,77.00,0.673600,1.00,-1584.349,88.441,0.200967,0.488410
2299,9GDT,76.00,0.671300,1.00,-1584.349,88.441,0.222802,0.469160
2300,9GDU,76.00,0.659300,1.00,-1584.349,88.441,0.253650,0.479270
2301,9GE1,73.00,0.668800,1.00,-1584.349,88.441,0.261405,0.420760
2302,9GE9,77.00,0.681500,1.00,-1527.147,115.355,0.288402,0.413350
2303,9GEB,84.00,0.721300,1.00,-1527.147,115.355,0.157072,0.473330
2304,9GEC,80.00,0.686400,1.00,-1527.147,115.355,0.214403,0.421960
2305,9IKO,68.75,0.572900,1.00,-621.225,87.140,0.337894,0.150230
2306,9ILX,78.12,0.578600,1.00,-621.225,87.140,0.240926,0.338470
2307,9J5F,51.56,0.524100,1.00,-2315.552,167.513,0.532641,0.299110
2308,9J5H,79.29,0.699400,1.00,-2598.236,150.984,0.228103,0.610620
2309,9KAR,36.67,0.436000,1.00,-674.478,73.616,0.896922,0.137070
2310,9KK0,62.00,0.512300,1.00,-1131.786,204.856,0.331643,0.192580
2311,9L1M,43.75,0.480500,1.00,-181.084,64.929,0.568645,0.235380
2312,9NVH,72.14,0.644800,1.00,-1588.334,166.589,0.354877,0.538030
2313,9NWZ,36.25,0.414000,1.00,-841.440,120.612,0.966817,0.154280
2314,9NY3,30.00,0.448100,1.00,-770.057,103.924,1.274082,0.193880
2315,9UV5,55.00,0.479600,1.00,-269.217,84.136,0.413853,0.266360
