serial,pdb_id,gdt_ts,lddt,lddt_coverage,pred_dope,pred_molpdf,rmsd,tm_score
1,1A11,92.00,0.763200,1.00,-1868.767,42.415,0.146679,0.624360
2,1A3P,68.89,0.649000,1.00,-2776.597,281.567,0.494415,0.546850
3,1ACW,75.00,0.629400,1.00,-1952.867,136.969,0.194876,0.387760
4,1ADX,55.62,0.532600,1.00,-2421.191,221.827,0.513508,0.349590
5,1AG7,68.38,0.547500,1.00,-1777.329,198.922,0.325281,0.479060
6,1AGG,34.38,0.382600,1.00,-3092.477,261.805,0.924233,0.335090
7,1AGT,94.74,0.764600,1.00,-2664.911,196.480,0.089380,0.817060
8,1AHL,56.12,0.512200,1.00,-3573.947,238.075,0.434497,0.486310
9,1ALE,69.44,0.618800,1.00,-1102.638,83.219,0.308115,0.362560
10,1ALF,90.79,0.784400,1.00,-1611.323,45.071,0.143386,0.605610
11,1ALG,69.79,0.701100,1.00,-1196.832,91.414,0.618208,0.453050
12,1AMB,25.89,0.401900,1.00,-939.645,123.376,0.888311,0.226430
13,1AMC,24.11,0.395900,1.00,-939.645,123.376,0.896001,0.197100
14,1AML,31.88,0.428800,1.00,-1324.871,271.109,1.366132,0.232300
15,1ANP,42.86,0.474200,1.00,-1183.697,246.527,0.729538,0.210330
16,1ANS,34.26,0.409400,1.00,-1475.706,272.089,0.798490,0.238870
17,1AOO,36.25,0.401700,1.00,-2380.257,229.165,0.706576,0.239050
18,1APF,44.90,0.397800,1.00,-3633.523,245.391,0.545792,0.414710
19,1APO,85.12,0.733500,1.00,-2305.834,221.744,0.209920,0.726340
20,1AQG,81.82,0.587900,1.00,-554.340,27.003,0.328557,0.443190
21,1AQQ,36.25,0.411300,1.00,-2380.257,229.165,0.713876,0.249270
22,1AQR,37.50,0.405700,1.00,-2380.257,229.165,0.674727,0.239280
23,1ARD,83.62,0.728300,1.00,-2132.765,145.588,0.397940,0.645130
24,1ARE,88.79,0.745700,1.00,-2160.999,159.567,0.280089,0.679560
25,1ARF,94.83,0.756700,1.00,-2278.814,141.369,0.117037,0.723970
26,1ATX,61.96,0.519200,1.00,-2972.611,180.377,0.388492,0.486220
27,1AV3,52.78,0.483700,1.00,-1400.735,213.822,0.685295,0.313910
28,1AW6,78.49,0.699200,1.00,-2616.138,205.653,0.498788,0.672820
29,1AXH,85.14,0.712400,1.00,-2229.618,204.583,0.208331,0.673590
30,1AZ6,78.47,0.618200,1.00,-2227.411,222.197,0.212143,0.567580
31,1AZH,52.08,0.491100,1.00,-2227.411,222.197,0.511219,0.335340
32,1AZJ,92.36,0.784500,1.00,-2441.925,181.268,0.091687,0.791130
33,1AZK,78.47,0.671300,1.00,-2293.804,181.743,0.209506,0.530390
34,1B03,54.17,0.501900,1.00,-820.292,105.560,0.433201,0.221330
35,1B1V,88.04,0.689400,1.00,-1102.622,145.738,0.235856,0.445950
36,1B4G,37.50,0.471600,1.00,-945.335,258.100,0.587021,0.218710
37,1B4I,35.83,0.456600,1.00,-945.335,258.100,0.999497,0.202700
38,1B5N,83.70,0.658800,1.00,-1102.622,145.738,0.253805,0.405080
39,1B8W,82.74,0.685400,1.00,-2645.229,230.326,0.460159,0.704920
40,1B9P,43.38,0.479500,1.00,-1621.047,151.202,0.666028,0.283660
41,1B9Q,41.91,0.473100,1.00,-1621.047,151.202,0.617063,0.266170
42,1B9U,86.03,0.790100,1.00,-2940.311,87.343,0.179576,0.704390
43,1BA4,18.75,0.386200,1.00,-1324.871,271.109,1.345811,0.316240
44,1BA6,23.75,0.430700,1.00,-1324.871,271.109,1.313644,0.233570
45,1BAH,85.14,0.632600,1.00,-2530.527,212.152,0.157146,0.691150
46,1BBA,77.78,0.640500,1.00,-2586.102,163.641,0.281140,0.619780
47,1BBG,40.62,0.389200,1.00,-3053.996,196.320,0.768246,0.311090
48,1BDS,81.98,0.669200,1.00,-3209.321,241.606,0.169168,0.691480
49,1BEI,83.57,0.689300,1.00,-2719.247,176.129,0.196357,0.657050
50,1BF9,85.98,0.740700,1.00,-2401.309,263.571,0.201064,0.730350
51,1BGK,83.78,0.698300,1.00,-3069.023,158.672,0.125434,0.698780
52,1BH4,64.17,0.558900,1.00,-1979.012,216.639,0.412346,0.341320
53,1BH7,36.36,0.350600,1.00,-2623.014,159.112,0.649019,0.286380
54,1BHI,73.03,0.681000,1.00,-2249.396,168.833,0.505125,0.617090
55,1BIG,90.54,0.767700,1.00,-2939.015,150.997,0.096785,0.782440
56,1BJB,28.57,0.452400,1.00,-842.233,183.193,1.044595,0.203200
57,1BJC,31.25,0.476700,1.00,-987.390,155.235,0.816963,0.212390
58,1BL1,49.19,0.589500,1.00,-2562.937,77.131,0.571270,0.334980
59,1BM4,57.03,0.457000,1.00,-2398.705,115.234,1.114465,0.427240
60,1BMX,58.87,0.624100,1.00,-2101.766,121.899,0.506701,0.401960
61,1BNB,83.55,0.671700,1.00,-2757.426,266.590,0.232734,0.679430
62,1BOE,80.85,0.675300,1.00,-3292.788,264.591,0.209051,0.692490
63,1BQF,68.00,0.574600,1.00,-1237.205,120.613,0.725028,0.353030
64,1BRV,52.34,0.549000,1.00,-1896.970,167.974,0.629438,0.303410
65,1BWX,58.33,0.609700,1.00,-3152.551,60.303,0.576511,0.455810
66,1BY0,81.48,0.622700,1.00,-1593.812,82.559,0.287854,0.530500
67,1BY6,50.69,0.475000,1.00,-2596.598,80.583,0.556472,0.327800
68,1BZG,58.09,0.583100,1.00,-2490.119,64.826,0.482235,0.399330
69,1C2U,38.57,0.435300,1.00,-2414.194,193.616,0.886113,0.258270
70,1C49,95.71,0.747200,1.00,-2305.538,235.562,0.104790,0.805600
71,1C4B,50.00,0.433300,1.00,-573.116,81.339,0.513603,0.244570
72,1C4E,72.86,0.632600,1.00,-1804.176,294.130,0.232951,0.540980
73,1C55,80.00,0.642700,1.00,-3130.197,218.135,0.306228,0.644380
74,1C56,78.12,0.627400,1.00,-3130.197,218.135,0.302430,0.652940
75,1C6W,38.64,0.380100,1.00,-1762.166,146.188,0.675499,0.221720
76,1CBH,99.31,0.848200,1.00,-2345.299,197.182,0.053628,0.910090
77,1CCF,80.36,0.710000,1.00,-2305.834,221.744,0.176322,0.637660
78,1CCM,82.61,0.724700,1.00,-3575.756,154.505,0.256193,0.719690
79,1CCN,86.41,0.747300,1.00,-3575.756,154.505,0.203457,0.762400
80,1CE4,32.14,0.389600,1.00,-1585.423,187.995,0.649515,0.208190
81,1CFG,28.41,0.292900,1.00,-1054.430,143.945,1.034239,0.101710
82,1CFH,28.19,0.276600,1.00,-3463.700,281.153,1.097433,0.272770
83,1CFI,59.57,0.483500,1.00,-3463.700,281.153,0.398301,0.504640
84,1CHL,75.69,0.589100,1.00,-2582.354,169.483,0.230291,0.553090
85,1CIX,50.00,0.405400,1.00,-3248.532,269.646,0.790188,0.448260
86,1CKW,42.00,0.388400,1.00,-1505.117,145.599,0.906951,0.291090
87,1CKX,47.12,0.473500,1.00,-1574.295,110.936,0.689364,0.323780
88,1CKY,41.35,0.425700,1.00,-1574.295,110.936,0.604566,0.186360
89,1CKZ,40.00,0.352200,1.00,-1505.117,145.599,0.584727,0.160270
90,1CMR,83.87,0.664000,1.00,-2206.799,170.000,0.175130,0.578250
91,1CO4,68.45,0.618500,1.00,-2770.417,280.710,0.301140,0.535420
92,1CQ0,56.25,0.546200,1.00,-1336.560,142.805,0.480791,0.352750
93,1CR8,82.14,0.675000,1.00,-2265.448,291.612,0.173615,0.687370
94,1CSA,43.18,0.392900,1.00,-382.229,90.852,0.684478,0.237040
95,1CTI,90.52,0.728400,1.00,-2052.010,182.756,0.107245,0.664690
96,1CW5,36.46,0.388100,1.00,-2207.660,489.139,0.878500,0.289410
97,1CW6,43.92,0.534400,1.00,-2049.350,178.190,0.846205,0.339410
98,1CWX,23.86,0.381600,1.00,-1557.889,301.952,0.972127,0.183360
99,1CXR,63.59,0.525500,1.00,-3618.504,151.783,0.398037,0.497790
100,1CYA,52.27,0.461500,1.00,-382.229,90.852,0.389998,0.234930
101,1CYB,50.00,0.450300,1.00,-382.229,90.852,0.557264,0.241110
102,1CZ6,74.00,0.668400,1.00,-1139.441,128.384,0.292286,0.393420
103,1D0R,72.50,0.616700,1.00,-1834.451,105.394,0.368611,0.479160
104,1D1H,89.29,0.699600,1.00,-2370.009,197.817,0.169391,0.733480
105,1D2J,75.62,0.643300,1.00,-2283.320,249.527,0.244644,0.617990
106,1D2L,76.67,0.626200,1.00,-2306.697,344.817,0.324331,0.640340
107,1D5Q,99.07,0.836400,1.00,-1834.135,90.407,0.059438,0.831590
108,1D6B,71.43,0.598700,1.00,-2786.608,227.781,0.950157,0.619350
109,1D6X,59.62,0.478600,1.00,-400.831,132.499,0.325464,0.318440
110,1DEC,85.26,0.699300,1.00,-2391.086,249.906,0.187731,0.712450
111,1DEP,78.33,0.614600,1.00,-865.765,52.538,0.346127,0.418540
112,1DF6,47.50,0.417300,1.00,-1984.416,253.947,0.620814,0.230120
113,1DFE,81.08,0.591500,1.00,-2257.220,203.864,0.346907,0.679030
114,1DFS,40.32,0.413300,1.00,-2119.573,157.723,0.776242,0.220570
115,1DFT,42.50,0.409000,1.00,-1796.776,178.155,0.696116,0.226250
116,1DGZ,80.41,0.599100,1.00,-2257.220,203.864,0.331029,0.632020
117,1DJF,33.33,0.446000,1.00,-153.421,90.282,0.534051,0.267890
118,1DKC,74.34,0.580700,1.00,-2084.747,240.026,0.207306,0.577960
119,1DL0,66.89,0.535200,1.00,-2345.651,153.615,0.534515,0.513890
120,1DMC,54.03,0.474000,1.00,-1800.052,160.192,0.712079,0.315340
121,1DMD,50.81,0.472500,1.00,-1800.052,160.192,0.699698,0.339220
122,1DME,47.32,0.440100,1.00,-1717.178,197.506,0.793731,0.227770
123,1DMF,44.64,0.443600,1.00,-1717.178,197.506,0.793124,0.237400
124,1DN3,30.00,0.403400,1.00,-153.421,90.282,0.556748,0.108800
125,1DNG,66.67,0.553200,1.00,-422.393,57.185,0.398346,0.393080
126,1DPK,46.25,0.421000,1.00,-393.198,133.830,0.428076,0.193220
127,1DPQ,37.50,0.381000,1.00,-302.804,201.806,0.614418,0.085010
128,1DSK,47.32,0.489400,1.00,-1862.220,129.141,0.629757,0.352640
129,1DSQ,83.33,0.628100,1.00,-865.537,169.968,0.240521,0.324180
130,1DSV,77.42,0.676900,1.00,-1453.854,172.866,0.230070,0.486540
131,1DTC,88.46,0.763900,1.00,-1830.681,43.117,0.299538,0.732540
132,1DU1,63.75,0.534600,1.00,-1215.139,47.197,0.487232,0.274980
133,1DU9,83.04,0.649400,1.00,-1622.209,134.476,0.176126,0.511670
134,1DV0,84.57,0.714200,1.00,-4898.467,133.453,0.279696,0.777780
135,1DVW,50.00,0.564100,1.00,-640.063,97.445,0.677986,0.204390
136,1DX7,59.90,0.610200,1.00,-3900.095,149.722,0.480044,0.533350
137,1E0G,78.12,0.647900,1.00,-4132.397,212.264,0.204288,0.684970
138,1E0L,83.11,0.750900,1.00,-2328.771,185.982,0.264377,0.678570
139,1E0M,79.73,0.715800,1.00,-2303.312,185.348,0.331601,0.631210
140,1E0N,88.89,0.705200,1.00,-1900.114,124.479,0.142786,0.566610
141,1E0Q,48.53,0.558000,1.00,-650.463,70.611,0.727455,0.148820
142,1E4Q,81.08,0.693100,1.00,-2583.419,232.116,0.179336,0.635900
143,1E4R,71.43,0.574300,1.00,-2188.621,177.401,0.389444,0.511720
144,1E4S,81.25,0.619000,1.00,-2565.051,138.401,0.227502,0.641780
145,1E4T,72.97,0.592600,1.00,-2411.931,207.676,0.401626,0.538380
146,1E8P,81.52,0.696600,1.00,-3285.232,261.030,0.387705,0.723670
147,1E8Q,79.89,0.695100,1.00,-3285.232,261.030,0.418226,0.719450
148,1E9K,43.42,0.555700,1.00,-2043.034,216.584,0.670923,0.303900
149,1ED0,91.85,0.752700,1.00,-3283.659,166.827,0.116485,0.833560
150,1ED7,87.78,0.692100,1.00,-3976.045,269.090,0.138207,0.776880
151,1EDP,86.76,0.674600,1.00,-1144.367,69.456,0.190305,0.394830
152,1EDS,40.32,0.428600,1.00,-1912.864,112.965,0.601365,0.306800
153,1EDV,33.09,0.386200,1.00,-1817.181,235.465,0.741371,0.223510
154,1EDW,48.08,0.450200,1.00,-2137.208,89.348,0.497117,0.226180
155,1EDX,29.38,0.387900,1.00,-2366.768,225.535,0.963036,0.285150
156,1EGT,85.29,0.678800,1.00,-761.605,94.568,0.172395,0.362060
157,1EHS,55.21,0.542000,1.00,-3742.310,119.903,0.531314,0.451950
158,1EI0,98.03,0.853200,1.00,-3223.868,125.722,0.070351,0.873040
159,1EMX,70.00,0.516200,1.00,-1819.913,178.624,0.333625,0.389220
160,1EMZ,76.19,0.592200,1.00,-1433.348,52.929,0.356854,0.414620
161,1EQX,70.83,0.627200,1.00,-750.584,69.336,0.388459,0.418910
162,1ERC,58.12,0.456900,1.00,-3053.945,273.434,0.664190,0.504050
163,1ERD,35.62,0.369400,1.00,-2796.390,210.375,0.744610,0.295390
164,1ERP,97.37,0.811300,1.00,-3021.659,187.731,0.071439,0.868680
165,1ERY,52.56,0.460900,1.00,-2573.077,307.971,0.541482,0.393150
166,1ESK,69.05,0.669400,1.00,-2054.113,218.137,0.297765,0.507300
167,1EWS,64.06,0.508400,1.00,-1866.422,234.782,0.373497,0.499790
168,1EYO,71.67,0.585800,1.00,-1889.144,199.729,0.250089,0.454880
169,1EZE,55.26,0.622900,1.00,-2396.498,138.337,0.526366,0.465280
170,1F3K,49.04,0.462700,1.00,-1661.422,182.093,0.602730,0.273710
171,1F4I,87.78,0.686300,1.00,-4554.367,146.757,0.279843,0.779130
172,1F7E,80.43,0.737100,1.00,-2527.323,276.629,0.342234,0.704720
173,1F7M,79.89,0.727000,1.00,-2527.323,276.629,0.304651,0.687240
174,1F8Z,86.54,0.730600,1.00,-2280.959,284.828,0.222982,0.708030
175,1FAC,38.10,0.352200,1.00,-1122.605,151.358,0.816403,0.176180
176,1FCT,28.12,0.375300,1.00,-1144.123,216.471,0.693152,0.207300
177,1FDF,53.00,0.552400,1.00,-1578.401,88.661,0.422685,0.252740
178,1FEO,78.85,0.616600,1.00,-1119.086,188.737,0.183888,0.400840
179,1FF7,74.46,0.687000,1.00,-2527.323,276.629,0.332699,0.605910
180,1FFM,83.70,0.735600,1.00,-2527.323,276.629,0.234039,0.724940
181,1FGD,79.17,0.644300,1.00,-884.352,85.109,0.219905,0.242140
182,1FGE,65.00,0.489500,1.00,-834.996,105.749,0.377517,0.248400
183,1FJN,94.87,0.805000,1.00,-2943.826,179.300,0.106105,0.814310
184,1FME,72.32,0.594700,1.00,-2007.956,114.682,0.302674,0.462180
185,1FMY,41.25,0.414300,1.00,-2380.257,229.165,0.665434,0.252960
186,1FQQ,68.90,0.610400,1.00,-2949.644,254.989,0.263063,0.558570
187,1FRE,38.10,0.377700,1.00,-3008.254,221.541,0.728159,0.334860
188,1FRY,42.24,0.507400,1.00,-1529.892,89.296,0.580540,0.217730
189,1FSB,78.12,0.690700,1.00,-2482.548,234.145,0.271311,0.611460
190,1FSD,77.68,0.628800,1.00,-2055.955,154.511,0.256791,0.442140
191,1FSV,77.68,0.642500,1.00,-2055.955,154.511,0.221271,0.473470
192,1FU3,50.00,0.399500,1.00,-1706.307,164.911,0.755012,0.379980
193,1FU9,77.78,0.658200,1.00,-2606.377,173.048,0.391179,0.650500
194,1FUL,52.27,0.484600,1.00,-375.672,87.735,0.485343,0.202180
195,1FUV,65.91,0.561700,1.00,-375.672,87.735,0.281974,0.220620
196,1FV5,64.58,0.607600,1.00,-2388.816,169.959,0.729709,0.506120
197,1FVY,47.58,0.596700,1.00,-2467.128,61.128,0.908250,0.340040
198,1FW5,53.75,0.470000,1.00,-1061.179,68.371,0.651987,0.319390
199,1FWO,70.00,0.576400,1.00,-2316.264,240.964,0.291381,0.500920
200,1FYG,77.00,0.602200,1.00,-1215.410,176.304,0.193258,0.345980
201,1G04,32.69,0.303800,1.00,-1989.890,137.963,0.694863,0.179250
202,1G26,55.65,0.500500,1.00,-2080.689,196.315,0.591952,0.331380
203,1G92,52.00,0.563400,1.00,-1519.166,105.045,0.609503,0.361950
204,1G9P,43.89,0.410300,1.00,-2426.410,550.469,0.958109,0.346950
205,1GEA,71.43,0.658900,1.00,-1106.520,91.242,0.371067,0.295450
206,1GIB,35.23,0.434900,1.00,-667.355,157.040,0.833726,0.094390
207,1GK5,72.96,0.568500,1.00,-3534.001,343.067,0.428029,0.619740
208,1GM2,56.82,0.494100,1.00,-324.775,60.778,0.300083,0.342150
209,1GNA,53.85,0.517000,1.00,-585.299,83.104,0.433281,0.223790
210,1GNB,50.00,0.469400,1.00,-585.299,83.104,0.438088,0.220520
211,1GNF,76.09,0.647500,1.00,-3205.911,248.630,0.303676,0.624310
212,1GP8,73.12,0.622500,1.00,-2684.272,103.624,0.397959,0.583680
213,1GPS,88.30,0.730500,1.00,-2927.672,192.787,0.146111,0.787690
214,1GPT,87.23,0.697500,1.00,-2898.904,210.034,0.144955,0.793940
215,1GUR,75.00,0.600700,1.00,-1804.176,294.130,0.212383,0.555210
216,1GW3,54.89,0.637700,1.00,-3141.234,180.417,0.419291,0.424180
217,1GW4,51.63,0.600000,1.00,-3141.234,180.417,0.659289,0.409890
218,1H20,33.97,0.376000,1.00,-2421.004,368.077,0.875653,0.216520
219,1H5O,58.93,0.453600,1.00,-2409.059,317.961,0.413265,0.450460
220,1H7D,21.43,0.264400,1.00,-2250.603,465.047,1.866958,0.206770
221,1H7J,40.38,0.340000,1.00,-1691.370,122.742,0.733109,0.242500
222,1HA9,86.76,0.765500,1.00,-1774.285,229.658,0.369279,0.731410
223,1HD6,45.27,0.508200,1.00,-2752.116,248.913,0.677506,0.284410
225,1HEV,95.93,0.775700,1.00,-3080.800,234.879,0.078775,0.876030
226,1HFF,57.50,0.479300,1.00,-358.310,63.970,0.316127,0.227260
227,1HJ0,34.76,0.543900,1.00,-2040.325,183.388,0.824813,0.246830
228,1HLL,75.78,0.659100,1.00,-2364.630,87.996,0.262907,0.538760
229,1HLY,89.10,0.724000,1.00,-3048.603,200.640,0.124924,0.748610
230,1HN3,23.75,0.304600,1.00,-2157.894,181.447,1.264065,0.237320
231,1HNR,63.30,0.565100,1.00,-3383.591,210.910,0.356411,0.479280
232,1HNS,56.38,0.499700,1.00,-3383.591,210.910,0.406281,0.479380
233,1HO0,49.17,0.526100,1.00,-1641.806,148.644,0.722590,0.276090
234,1HO2,95.00,0.772200,1.00,-1365.321,35.863,0.086274,0.541530
235,1HO7,83.75,0.748900,1.00,-1365.321,35.863,0.158150,0.460890
236,1HO9,64.84,0.608300,1.00,-2334.333,88.832,0.339710,0.445030
237,1HOD,60.94,0.613300,1.00,-2334.333,88.832,0.352540,0.426590
238,1HOF,60.16,0.568800,1.00,-2364.630,87.996,0.452753,0.424240
239,1HP2,93.92,0.780100,1.00,-2775.065,225.882,0.093818,0.800360
240,1HP3,82.81,0.685300,1.00,-1840.004,217.168,0.237633,0.643510
241,1HP9,82.95,0.640400,1.00,-1774.118,64.889,0.201084,0.311990
242,1HPH,47.30,0.566400,1.00,-2867.795,120.919,0.759809,0.385230
243,1HPY,61.76,0.649600,1.00,-2784.946,83.582,0.379075,0.356750
244,1HRL,75.00,0.585000,1.00,-1160.102,92.978,0.489558,0.407280
246,1HTX,52.34,0.449200,1.00,-1708.549,219.615,0.424180,0.305420
247,1HU5,76.39,0.633300,1.00,-829.208,55.758,0.234003,0.327960
248,1HU6,56.94,0.448100,1.00,-788.484,65.849,0.503174,0.291800
249,1HU7,84.72,0.661500,1.00,-859.181,49.510,0.176544,0.406860
250,1HVW,96.00,0.794600,1.00,-1542.018,93.661,0.075470,0.672940
251,1HVZ,38.89,0.351800,1.00,-777.909,174.146,0.679558,0.134070
252,1HY9,70.73,0.573700,1.00,-2474.458,197.563,0.470059,0.550470
253,1HYK,70.65,0.571700,1.00,-3457.008,264.698,0.303169,0.594010
254,1HZ3,29.81,0.499700,1.00,-1039.201,158.101,0.915914,0.157810
255,1I25,46.62,0.501700,1.00,-1426.745,284.355,1.432758,0.388780
256,1I26,47.79,0.450400,1.00,-2179.655,209.180,0.842523,0.310580
257,1I2U,73.30,0.596200,1.00,-3217.506,218.486,0.438193,0.619810
258,1I2V,73.30,0.620000,1.00,-3280.040,186.847,0.479151,0.601180
259,1I6C,70.51,0.594400,1.00,-2319.181,261.312,0.547340,0.554480
260,1I8X,80.00,0.711600,1.00,-2151.484,110.639,0.208126,0.539040
261,1I8Y,69.64,0.612600,1.00,-1760.995,189.388,0.346880,0.401280
262,1IB9,82.35,0.709000,1.00,-1774.285,229.658,0.381352,0.623970
263,1IBN,66.25,0.491300,1.00,-991.681,101.490,0.432097,0.207950
264,1IBO,63.75,0.485300,1.00,-991.681,101.490,0.532222,0.208440
265,1IC9,38.79,0.482000,1.00,-1408.077,183.682,1.308417,0.208610
266,1ICA,72.50,0.618700,1.00,-2660.828,164.294,0.487242,0.562950
267,1ICL,31.90,0.484800,1.00,-1685.388,149.148,1.182584,0.322490
268,1ICO,37.93,0.505400,1.00,-1685.334,157.925,1.277136,0.289630
269,1ID6,36.67,0.472500,1.00,-830.754,40.283,0.607744,0.147020
270,1ID7,43.33,0.448900,1.00,-830.754,40.283,0.585619,0.203600
271,1IE6,37.88,0.381100,1.00,-1707.188,187.639,0.618968,0.223300
272,1IFY,79.08,0.678600,1.00,-4920.247,140.082,0.198813,0.711080
273,1IIJ,73.57,0.699900,1.00,-2474.774,73.437,0.289171,0.629250
274,1IM1,77.08,0.596000,1.00,-566.561,57.591,0.264526,0.348570
275,1IRR,77.17,0.651900,1.00,-1048.287,106.397,0.283283,0.410100
276,1IVA,42.19,0.393100,1.00,-2979.139,358.575,0.743901,0.343710
277,1IWC,21.32,0.342500,1.00,-922.912,254.335,0.965460,0.198100
278,1IWF,31.62,0.431200,1.00,-922.912,254.335,0.733467,0.203110
279,1IXA,84.62,0.682300,1.00,-2229.441,225.135,0.174019,0.699030
280,1IXT,65.74,0.581500,1.00,-1607.388,166.631,0.247410,0.321290
281,1IXU,58.33,0.459800,1.00,-403.421,74.614,0.383385,0.201980
282,1IYC,43.75,0.509200,1.00,-1781.986,197.956,0.853127,0.334810
283,1IYT,18.45,0.337400,1.00,-1685.467,288.452,1.097455,0.212680
284,1J4M,42.86,0.380000,1.00,-522.068,97.462,0.570826,0.228780
285,1J5J,97.22,0.784500,1.00,-2806.196,177.895,0.076652,0.842760
286,1J5L,52.50,0.453000,1.00,-1880.267,157.867,0.691256,0.249960
287,1J5M,47.32,0.458500,1.00,-1396.965,210.250,0.805813,0.236970
288,1JBL,64.29,0.517300,1.00,-447.394,97.159,0.440622,0.282270
289,1JBN,58.93,0.520700,1.00,-447.394,97.159,0.428340,0.326730
290,1JDM,66.94,0.611400,1.00,-2864.004,89.247,0.479883,0.458690
291,1JI9,38.51,0.403200,1.00,-2272.671,209.164,0.666935,0.260280
292,1JJZ,84.48,0.678300,1.00,-1904.704,130.407,0.315962,0.575580
293,1JKZ,85.87,0.726200,1.00,-3719.614,215.901,0.138079,0.757880
294,1JLZ,88.04,0.702000,1.00,-1202.908,99.756,0.158139,0.432670
295,1JMN,83.70,0.703100,1.00,-3244.746,147.493,0.155146,0.733800
296,1JMP,80.98,0.694600,1.00,-3155.294,136.487,0.205479,0.708020
297,1JN7,66.67,0.586100,1.00,-2631.033,162.259,0.643632,0.565380
298,1JO5,43.75,0.618600,1.00,-3900.095,149.722,1.029581,0.422230
299,1JO6,33.89,0.405100,1.00,-2438.610,273.655,1.451640,0.299210
300,1JRF,52.66,0.464300,1.00,-2312.128,239.440,0.774426,0.433480
301,1JRJ,55.13,0.582700,1.00,-2206.628,169.840,1.082573,0.456300
302,1JU8,73.65,0.669000,1.00,-2675.924,197.086,0.236722,0.552960
303,1JY9,43.75,0.501700,1.00,-400.123,96.109,0.775732,0.179350
304,1K0P,33.06,0.376900,1.00,-1795.641,186.810,0.666965,0.206550
305,1K18,33.06,0.380800,1.00,-1795.641,186.810,0.653087,0.188690
306,1K1V,88.41,0.712200,1.00,-3299.809,119.117,0.119645,0.775190
307,1K36,78.80,0.629000,1.00,-3523.472,251.064,0.216750,0.679380
308,1K37,76.63,0.631800,1.00,-3523.472,251.064,0.218128,0.646650
309,1K43,44.64,0.397900,1.00,-522.068,97.462,0.570018,0.215830
310,1K48,82.76,0.681000,1.00,-1904.704,130.407,0.320568,0.541850
311,1K7B,78.19,0.669100,1.00,-2315.175,333.329,0.460272,0.670440
312,1K81,63.19,0.532400,1.00,-2313.136,174.435,0.355908,0.422360
313,1K91,85.81,0.752000,1.00,-1595.030,180.194,0.159443,0.694030
314,1KAL,82.76,0.638200,1.00,-1788.314,261.620,0.254409,0.511920
315,1KBE,69.90,0.569600,1.00,-3361.215,265.330,0.267551,0.577960
316,1KBF,70.41,0.577200,1.00,-3361.215,265.330,0.272900,0.585720
317,1KDL,71.74,0.655700,1.00,-1766.664,40.027,0.323215,0.386800
318,1KGM,87.14,0.721000,1.00,-1870.009,185.330,0.134305,0.659460
319,1KIO,77.14,0.670100,1.00,-1799.740,221.711,0.321484,0.564250
320,1KJ0,77.86,0.661600,1.00,-1670.119,193.720,0.211909,0.547220
321,1KJ5,78.47,0.662000,1.00,-2565.051,138.401,0.196320,0.592830
322,1KJ6,69.44,0.570800,1.00,-2911.433,183.869,0.618976,0.558930
323,1KLR,90.00,0.767800,1.00,-1855.161,145.855,0.185023,0.703540
324,1KLS,88.33,0.739500,1.00,-1772.290,143.265,0.234608,0.676430
325,1KMR,76.67,0.651200,1.00,-915.517,62.579,0.383475,0.410230
326,1KOZ,75.69,0.612800,1.00,-2574.986,218.899,0.234344,0.565060
327,1KQH,80.26,0.648400,1.00,-2828.759,215.628,0.262759,0.649490
328,1KQI,76.97,0.634200,1.00,-2828.759,215.628,0.291259,0.616890
329,1KUW,42.50,0.525700,1.00,-146.135,49.566,0.484879,0.176950
330,1KV4,28.57,0.364400,1.00,-2073.860,285.447,1.084726,0.266350
331,1KWD,78.12,0.515900,1.00,-989.452,68.662,0.226729,0.250180
332,1KWE,70.31,0.498500,1.00,-989.452,68.662,0.267886,0.240060
333,1KX6,43.10,0.415100,1.00,-2280.254,63.448,0.552493,0.224860
334,1KZ0,84.38,0.585600,1.00,-801.944,85.578,0.191127,0.258210
335,1KZ2,65.62,0.567100,1.00,-551.891,77.855,0.365709,0.353740
336,1KZ5,75.00,0.500300,1.00,-530.528,84.965,0.359840,0.328300
337,1L1K,35.00,0.324200,1.00,-1195.702,42.977,0.642969,0.124320
338,1L2Y,56.25,0.553300,1.00,-673.458,119.511,0.475963,0.241310
339,1L3Q,64.58,0.431500,1.00,-359.104,54.814,0.371696,0.189540
340,1L3Y,74.39,0.605300,1.00,-2715.827,239.434,0.286684,0.602760
341,1L4V,72.50,0.605700,1.00,-2571.848,178.053,0.429288,0.585460
342,1LA4,88.97,0.726300,1.00,-2223.369,251.814,0.166965,0.733030
343,1LB0,84.62,0.622800,1.00,-689.587,45.432,0.168727,0.345600
344,1LB7,85.94,0.661300,1.00,-762.757,98.172,0.211442,0.479440
345,1LBJ,79.55,0.594000,1.00,-1699.357,70.597,0.390699,0.519680
346,1LCX,88.46,0.629700,1.00,-689.587,45.432,0.166029,0.408030
347,1LDL,69.79,0.597500,1.00,-2835.575,305.170,0.292418,0.588270
348,1LDR,68.02,0.557400,1.00,-2312.618,228.647,0.353153,0.568540
349,1LFC,32.00,0.282800,1.00,-1781.633,86.535,0.734573,0.190820
350,1LGL,97.22,0.787000,1.00,-2806.196,177.895,0.069450,0.867690
351,1LIQ,44.44,0.564600,1.00,-1573.377,102.084,0.929150,0.285040
352,1LIR,89.86,0.733700,1.00,-2788.141,162.410,0.111244,0.753210
353,1LMM,68.12,0.587900,1.00,-2383.805,270.518,0.439100,0.533040
354,1LMR,72.86,0.622200,1.00,-1925.185,186.967,0.339593,0.524010
355,1LUP,74.19,0.517800,1.00,-1948.303,263.772,0.320237,0.492200
356,1LV4,38.10,0.466400,1.00,-732.919,107.543,0.710024,0.112820
357,1LVZ,86.36,0.604200,1.00,-581.833,55.154,0.147871,0.464120
358,1LYP,82.03,0.711800,1.00,-2281.615,76.619,0.204845,0.666730
359,1M02,60.42,0.471100,1.00,-507.074,69.139,0.316384,0.247250
360,1M0G,51.67,0.431900,1.00,-2035.575,179.213,0.437687,0.254240
361,1M0J,43.75,0.473200,1.00,-1498.566,174.965,0.722471,0.217090
362,1M23,73.08,0.524800,1.00,-472.188,101.722,0.332452,0.334240
363,1M25,56.73,0.429500,1.00,-1989.890,137.963,0.755191,0.321160
364,1M2S,84.46,0.667100,1.00,-2560.315,184.985,0.134083,0.688020
365,1M36,80.30,0.637500,1.00,-2455.227,152.810,0.341443,0.665990
366,1M4E,58.75,0.476000,1.00,-1142.844,97.046,0.333908,0.203640
367,1M4F,44.00,0.423700,1.00,-1387.622,178.573,0.633422,0.187640
368,1MA2,52.94,0.431100,1.00,-824.640,175.788,0.598912,0.084700
369,1MA4,50.00,0.415100,1.00,-1037.474,133.968,0.490669,0.207440
370,1MA5,47.06,0.412600,1.00,-824.640,175.788,0.491912,0.142420
371,1MA6,47.06,0.379100,1.00,-1037.474,133.968,0.477982,0.215450
372,1MB6,71.43,0.554900,1.00,-2125.932,212.819,0.264409,0.499970
373,1MEA,60.71,0.501700,1.00,-1487.372,140.617,0.459518,0.335060
374,1MED,58.04,0.478400,1.00,-1487.372,140.617,0.503150,0.317840
375,1MEQ,39.13,0.430800,1.00,-724.473,128.823,0.805557,0.164080
376,1MF6,54.17,0.529700,1.00,-430.261,43.414,0.412568,0.284420
377,1MGX,47.87,0.396800,1.00,-3463.700,281.153,0.687145,0.385670
378,1MHU,37.10,0.420000,1.00,-2251.365,177.660,0.724196,0.209100
379,1MKC,51.16,0.565900,1.00,-2327.046,161.054,0.633815,0.369580
380,1MM0,92.36,0.784900,1.00,-3055.816,195.722,0.109079,0.789590
381,1MMC,85.00,0.725700,1.00,-1889.505,142.241,0.165192,0.604950
382,1MOT,56.25,0.599200,1.00,-1229.823,132.317,0.648090,0.454080
383,1MPZ,35.37,0.448800,1.00,-2533.147,208.912,0.716083,0.241660
384,1MR0,62.50,0.540500,1.00,-2650.503,202.583,0.313616,0.413180
385,1MR4,89.89,0.724500,1.00,-3467.798,252.417,0.146272,0.788410
386,1MRB,42.74,0.446300,1.00,-2008.060,194.056,0.796905,0.227300
387,1MRT,39.52,0.404000,1.00,-1997.858,204.597,0.755994,0.227660
388,1MTQ,71.05,0.524300,1.00,-971.066,89.983,0.423217,0.269470
389,1MTX,90.38,0.753800,1.00,-2877.297,239.834,0.126042,0.769940
390,1MXQ,47.73,0.502000,1.00,-366.671,57.531,0.399886,0.267020
391,1MYN,93.75,0.713600,1.00,-3173.181,174.429,0.119869,0.852300
392,1MYU,39.58,0.468400,1.00,-372.660,51.784,0.484104,0.304250
393,1MZI,50.00,0.498200,1.00,-689.587,45.432,0.333758,0.157130
394,1N0Z,65.00,0.677600,1.00,-2221.169,267.614,0.721256,0.552150
395,1N1U,81.90,0.659700,1.00,-1686.965,205.921,0.209437,0.549700
396,1N2Y,36.67,0.418700,1.00,-529.370,105.587,0.555337,0.225840
397,1N4N,94.15,0.774900,1.00,-3601.081,236.617,0.097844,0.859370
398,1N5G,30.26,0.311200,1.00,-2753.275,218.321,0.822639,0.236110
399,1N6T,77.50,0.528900,1.00,-361.656,42.821,0.322486,0.414250
400,1N8M,92.76,0.775000,1.00,-2600.734,176.468,0.133736,0.806310
401,1N9U,70.00,0.458700,1.00,-398.160,59.369,0.306364,0.330560
402,1NB1,90.52,0.765800,1.00,-1748.176,154.962,0.175316,0.695680
403,1NBJ,64.17,0.564200,1.00,-2017.235,277.383,0.375848,0.355460
404,1NBL,89.67,0.753400,1.00,-3421.066,157.416,0.130315,0.798110
405,1NC8,73.28,0.631800,1.00,-1297.162,111.597,0.495228,0.551050
406,1NCS,79.26,0.668800,1.00,-4065.852,238.326,0.289882,0.705370
407,1ND9,53.06,0.508500,1.00,-4167.807,150.697,0.419211,0.406240
408,1NE5,70.24,0.517500,1.00,-2922.690,240.066,0.301035,0.599970
409,1NIZ,60.94,0.542100,1.00,-566.755,76.624,0.354436,0.257510
410,1NJ0,65.62,0.574300,1.00,-566.755,76.624,0.294721,0.210400
411,1NJ3,87.90,0.741800,1.00,-1933.324,151.139,0.267233,0.670670
412,1NMJ,28.57,0.449200,1.00,-981.684,139.356,0.889853,0.215340
413,1NZS,39.47,0.522000,1.00,-428.827,114.505,0.779257,0.190190
414,1O53,81.67,0.685300,1.00,-627.429,78.457,0.292275,0.403220
415,1O8Y,67.86,0.542100,1.00,-447.394,97.159,0.434200,0.311980
416,1O8Z,66.07,0.511500,1.00,-447.394,97.159,0.415128,0.332390
417,1OAV,38.54,0.397400,1.00,-2979.139,358.575,0.809745,0.320520
418,1OAW,38.02,0.408800,1.00,-2979.139,358.575,0.881543,0.335460
419,1ODP,92.50,0.688500,1.00,-1490.937,50.911,0.094780,0.457060
420,1ODQ,83.75,0.637600,1.00,-1490.937,50.911,0.227902,0.365110
421,1ODR,85.00,0.577400,1.00,-1490.937,50.911,0.200689,0.416630
422,1OEF,88.54,0.679700,1.00,-1730.674,40.566,0.135921,0.443290
423,1OEG,73.91,0.673600,1.00,-1574.134,48.079,0.341923,0.386880
424,1OEI,31.25,0.341400,1.00,-594.806,174.837,0.696053,0.155460
425,1OG7,42.44,0.492500,1.00,-2213.872,218.881,0.939881,0.351790
426,1OHM,49.43,0.487500,1.00,-2653.252,185.811,0.631929,0.407310
427,1OHN,44.19,0.473900,1.00,-2213.872,218.881,0.795954,0.346510
428,1OIG,86.46,0.717300,1.00,-1330.744,154.496,0.161188,0.418420
429,1OMA,38.54,0.400700,1.00,-3092.477,261.805,0.898703,0.367130
430,1OMB,34.90,0.399200,1.00,-3092.477,261.805,0.910494,0.297400
431,1OMQ,82.81,0.673300,1.00,-801.944,85.578,0.145248,0.378650
432,1OPP,63.82,0.634700,1.00,-2958.725,63.105,0.512218,0.506320
433,1ORL,92.93,0.780600,1.00,-3270.078,171.684,0.097372,0.861260
434,1ORX,88.54,0.733300,1.00,-1649.262,107.711,0.158238,0.542040
435,1OZZ,78.41,0.677400,1.00,-3508.003,158.031,0.426308,0.688450
436,1P00,74.43,0.648500,1.00,-3410.843,169.052,0.431293,0.646040
437,1P0A,72.73,0.634800,1.00,-3360.956,225.812,0.482637,0.589110
438,1P7A,68.92,0.701300,1.00,-2199.520,147.947,0.802993,0.577410
439,1P82,28.00,0.381000,1.00,-924.031,114.727,1.010589,0.174120
440,1P83,27.00,0.379300,1.00,-924.031,114.727,0.871906,0.125260
441,1P8B,89.86,0.757000,1.00,-2679.036,215.011,0.147073,0.776470
442,1P9C,48.89,0.460700,1.00,-2566.360,240.952,0.734233,0.372380
443,1P9F,82.50,0.620700,1.00,-511.569,41.292,0.293256,0.430760
444,1P9Z,76.83,0.659400,1.00,-2919.091,176.696,0.393713,0.651980
445,1PAA,88.33,0.681600,1.00,-2173.401,170.657,0.208855,0.676860
446,1PB5,95.00,0.771600,1.00,-1794.936,212.178,0.092107,0.784500
447,1PDC,79.44,0.643500,1.00,-3839.006,284.612,0.280839,0.658030
448,1PGY,72.34,0.627400,1.00,-4759.094,171.117,0.370405,0.603600
449,1PJV,89.84,0.695200,1.00,-2388.112,123.594,0.118783,0.676580
450,1PLP,63.00,0.653000,1.00,-1452.636,107.638,0.548663,0.368770
451,1PMC,84.72,0.709500,1.00,-1937.079,203.945,0.249066,0.660320
452,1PNH,90.32,0.763100,1.00,-2182.089,109.504,0.112987,0.689890
453,1PP5,48.81,0.453300,1.00,-866.434,138.573,0.467689,0.161610
454,1PSM,60.53,0.591900,1.00,-2635.687,68.385,0.515016,0.474640
455,1PSV,57.14,0.608500,1.00,-1972.336,106.465,0.747861,0.362350
456,1PT4,94.83,0.767600,1.00,-1937.022,150.147,0.089510,0.697820
457,1PV0,88.04,0.717800,1.00,-4273.273,161.903,0.274885,0.802160
458,1PVZ,77.42,0.613000,1.00,-2034.322,198.389,0.375431,0.562070
459,1PX9,64.88,0.520300,1.00,-2922.690,240.066,0.307154,0.498880
460,1PXQ,37.86,0.356500,1.00,-2299.597,189.362,0.713186,0.216420
461,1Q01,24.34,0.475300,1.00,-1238.907,183.261,1.220007,0.216390
462,1Q2F,47.66,0.600600,1.00,-2536.679,84.931,0.557754,0.302370
463,1Q2I,41.41,0.468800,1.00,-2536.679,84.931,0.738795,0.242710
464,1Q2J,47.73,0.432100,1.00,-822.953,188.500,0.498884,0.131270
465,1Q2K,93.55,0.794700,1.00,-2065.525,86.409,0.092491,0.743960
466,1Q3J,72.92,0.591000,1.00,-2138.981,158.959,0.317722,0.535700
467,1Q3M,58.67,0.527600,1.00,-3660.422,239.255,0.850109,0.493560
468,1Q3Y,47.62,0.487300,1.00,-2025.732,183.480,0.775330,0.372880
469,1Q3Z,50.60,0.501600,1.00,-2025.732,183.480,0.662702,0.387840
470,1Q71,50.00,0.486800,1.00,-866.434,138.573,0.492090,0.175710
471,1QCM,86.36,0.682700,1.00,-349.599,43.442,0.223109,0.482250
472,1QDP,33.33,0.364300,1.00,-2785.938,280.376,0.756735,0.261270
473,1QFD,54.69,0.461300,1.00,-1708.549,219.615,0.409844,0.320620
474,1QG9,82.14,0.717200,1.00,-1570.530,26.310,0.307574,0.435550
475,1QGM,79.17,0.685100,1.00,-2151.484,110.639,0.215146,0.518360
476,1QHK,72.87,0.624300,1.00,-4089.482,212.950,0.252319,0.588970
477,1QJK,33.33,0.391100,1.00,-2230.743,210.298,0.983204,0.241750
478,1QJL,42.86,0.437800,1.00,-1852.911,193.772,0.837268,0.213920
479,1QK6,87.88,0.706300,1.00,-2104.064,195.387,0.144416,0.676610
480,1QK7,82.81,0.628900,1.00,-2273.150,201.659,0.245486,0.616590
481,1QKY,83.55,0.644200,1.00,-2969.986,188.156,0.193072,0.668270
482,1QLO,50.00,0.414900,1.00,-2591.198,168.741,0.683274,0.327090
483,1QWP,88.64,0.619700,1.00,-349.599,43.442,0.153623,0.413450
484,1QXC,52.27,0.472700,1.00,-349.599,43.442,0.425178,0.312350
485,1QYT,75.00,0.593900,1.00,-349.599,43.442,0.230751,0.234890
486,1R02,53.79,0.501300,1.00,-1571.621,193.227,0.503316,0.387740
487,1R1F,58.78,0.481700,1.00,-2352.695,215.365,0.417100,0.356280
488,1R7C,71.77,0.731800,1.00,-2676.089,66.753,0.273318,0.543990
489,1R7D,69.35,0.693000,1.00,-2676.089,66.753,0.267302,0.517430
490,1R7E,79.84,0.706100,1.00,-2676.089,66.753,0.273440,0.548480
491,1R7F,70.97,0.652700,1.00,-2676.089,66.753,0.297220,0.435040
492,1R7G,74.19,0.697100,1.00,-2676.089,66.753,0.389141,0.495390
493,1R8T,75.00,0.529800,1.00,-634.372,89.742,0.268838,0.346210
494,1R9I,47.73,0.445700,1.00,-1107.159,150.312,0.747606,0.201960
495,1RES,69.77,0.583000,1.00,-3895.175,126.564,0.513557,0.592790
496,1RET,68.02,0.547300,1.00,-3895.175,126.564,0.462257,0.523430
497,1RG3,43.75,0.466200,1.00,-734.770,92.329,0.468209,0.269420
498,1RG4,51.56,0.478400,1.00,-734.770,92.329,0.426157,0.158050
499,1RIJ,54.35,0.626500,1.00,-1093.893,66.602,1.003150,0.270830
500,1RIK,91.38,0.756800,1.00,-2063.573,125.622,0.119763,0.710810
501,1RIM,81.82,0.656700,1.00,-2170.340,130.082,0.303528,0.621580
502,1RJI,70.97,0.608900,1.00,-2144.216,190.144,0.567660,0.491100
503,1RKL,54.86,0.610900,1.00,-2729.553,88.432,0.727612,0.507530
504,1RMK,79.84,0.610400,1.00,-2565.246,224.131,0.251260,0.563090
505,1RO3,44.39,0.430500,1.00,-2671.730,255.308,0.637083,0.330280
506,1ROO,81.43,0.651200,1.00,-2622.609,161.438,0.179302,0.612190
507,1RPB,36.90,0.403000,1.00,-1278.430,111.790,0.648638,0.130420
508,1RPC,39.29,0.379700,1.00,-1278.430,111.790,0.632479,0.161640
509,1RSW,31.25,0.437900,1.00,-237.226,50.548,0.707717,0.153120
510,1RSX,37.50,0.491100,1.00,-237.226,50.548,0.748955,0.137800
511,1RT0,31.25,0.510200,1.00,-237.226,50.548,0.746614,0.179610
512,1S4H,46.15,0.472900,1.00,-156.256,51.256,0.436810,0.338540
513,1S4J,53.85,0.470300,1.00,-131.406,58.346,0.608848,0.127810
514,1S4T,48.81,0.478300,1.00,-1134.301,118.247,0.803759,0.191640
515,1S4W,38.75,0.407800,1.00,-393.198,133.830,0.467232,0.144500
516,1S6W,76.19,0.564300,1.00,-1356.849,132.233,0.213341,0.242960
517,1S6X,84.56,0.686900,1.00,-2478.644,192.209,0.241781,0.649840
518,1SBU,63.64,0.570400,1.00,-379.380,49.094,0.466970,0.342890
519,1SCO,77.63,0.641800,1.00,-2654.030,198.892,0.183753,0.568930
520,1SH1,77.60,0.665000,1.00,-2704.319,331.420,0.457959,0.677060
521,1SKH,65.83,0.607800,1.00,-2029.207,148.251,0.429280,0.525700
522,1SMZ,57.41,0.595400,1.00,-1463.833,141.631,0.601920,0.362150
523,1SOL,32.50,0.375400,1.00,-429.757,132.017,0.805942,0.128700
524,1SP1,82.76,0.687000,1.00,-1682.957,134.750,0.258904,0.605910
525,1SP2,91.94,0.723400,1.00,-1937.937,146.740,0.145815,0.706210
526,1SP7,84.38,0.781100,1.00,-1685.424,107.152,0.183333,0.462480
527,1SPF,72.14,0.782000,1.00,-2028.676,150.070,0.484236,0.717300
528,1SPW,85.26,0.640500,1.00,-3273.624,259.469,0.219075,0.726260
529,1SRB,66.67,0.474700,1.00,-1481.253,97.837,0.459891,0.244770
530,1SRK,77.14,0.700700,1.00,-2269.325,120.769,0.500790,0.592620
531,1SSL,70.31,0.591800,1.00,-3637.817,273.434,0.306063,0.596680
532,1SUT,34.09,0.420000,1.00,-905.453,134.684,0.659643,0.142010
533,1SX0,95.45,0.780400,1.00,-1122.752,87.333,0.091548,0.517240
534,1SX1,93.18,0.711400,1.00,-1122.752,87.333,0.121284,0.503340
535,1T0C,25.81,0.483900,1.00,-804.111,174.383,1.240296,0.201350
536,1T2Y,43.00,0.441000,1.00,-1238.974,136.077,0.679589,0.137620
537,1T5M,50.00,0.339300,1.00,-360.213,63.262,0.581329,0.165900
538,1T5N,59.62,0.421100,1.00,-360.213,63.262,0.593079,0.342060
539,1T5Q,70.83,0.700200,1.00,-2120.630,85.319,0.301317,0.505250
540,1T9E,55.36,0.623800,1.00,-415.452,54.273,0.986062,0.284900
541,1TI5,91.30,0.751700,1.00,-3533.903,176.448,0.107744,0.824630
542,1TM6,56.82,0.479600,1.00,-1011.042,97.429,0.409718,0.228410
543,1TMR,81.58,0.679900,1.00,-1068.927,99.258,0.173832,0.321740
544,1TOR,60.00,0.546700,1.00,-317.415,57.396,0.299565,0.360400
545,1TOS,67.50,0.500100,1.00,-338.152,55.239,0.229403,0.243850
546,1TSK,82.86,0.675400,1.00,-2470.687,157.468,0.143241,0.649450
547,1TV0,78.91,0.580900,1.00,-1999.432,172.459,0.261599,0.554900
548,1TYK,61.76,0.511000,1.00,-2314.287,254.597,0.406529,0.456580
549,1U0P,55.56,0.435000,1.00,-1789.474,154.595,0.661882,0.360100
550,1U57,40.62,0.529100,1.00,-2672.167,189.616,0.954009,0.366660
551,1U6U,73.53,0.603000,1.00,-644.673,102.813,0.229716,0.263130
552,1U6V,82.35,0.613900,1.00,-644.673,102.813,0.175067,0.301360
553,1U85,72.73,0.732700,1.00,-2260.320,152.666,0.445092,0.539840
554,1U86,75.71,0.688000,1.00,-2372.644,197.651,0.416842,0.557310
555,1UAO,57.50,0.497400,1.00,-314.669,57.014,0.280258,0.300310
556,1UJL,35.71,0.338500,1.00,-2325.390,150.095,1.112201,0.296280
557,1UT3,89.47,0.695600,1.00,-2991.119,227.293,0.132323,0.758920
558,1UYA,60.94,0.512200,1.00,-781.469,101.924,0.464456,0.261860
559,1UYB,51.56,0.528300,1.00,-781.469,101.924,0.463673,0.208470
560,1V1D,86.29,0.667600,1.00,-2183.733,121.797,0.185098,0.608110
561,1V28,82.61,0.652600,1.00,-1022.561,246.820,0.201710,0.370540
562,1V4Z,69.74,0.690400,1.00,-966.545,55.164,0.455307,0.368810
563,1V50,76.32,0.679100,1.00,-966.545,55.164,0.228239,0.343480
564,1V5A,72.32,0.606300,1.00,-1602.847,166.972,0.299758,0.409930
565,1V6R,69.05,0.516700,1.00,-1610.308,88.951,0.495270,0.280360
566,1V92,78.26,0.697900,1.00,-4752.903,139.323,0.165630,0.688660
567,1VA1,81.76,0.655700,1.00,-2289.089,156.613,0.210924,0.646870
568,1VA2,86.29,0.692200,1.00,-1937.937,146.740,0.154933,0.625850
569,1VA3,82.76,0.658400,1.00,-1682.957,134.750,0.198631,0.571340
570,1VB8,60.00,0.552400,1.00,-2050.988,254.854,0.382735,0.353890
571,1VD7,65.22,0.522600,1.00,-1453.482,50.731,0.446240,0.324330
572,1VD8,63.04,0.489500,1.00,-1719.222,45.215,0.417618,0.277050
573,1VD9,71.74,0.605300,1.00,-1715.245,40.509,0.418963,0.456610
574,1VDA,59.78,0.556200,1.00,-1515.513,64.454,0.696139,0.283920
575,1VDB,86.96,0.727700,1.00,-1453.482,50.731,0.131876,0.486700
576,1VII,78.47,0.677500,1.00,-2920.150,119.219,0.243611,0.607800
577,1VPC,56.11,0.592700,1.00,-2698.589,227.852,0.545700,0.441300
578,1VPU,30.00,0.544600,1.00,-2326.301,238.229,1.685507,0.257860
579,1VQX,39.47,0.522500,1.00,-428.827,114.505,0.793462,0.177750
580,1VTP,65.38,0.675100,1.00,-1778.554,44.190,0.400764,0.474170
581,1VTX,32.14,0.362600,1.00,-2904.152,312.374,0.741487,0.211620
582,1W1N,53.79,0.511200,1.00,-1985.482,145.296,0.478263,0.403660
583,1W4E,90.43,0.721500,1.00,-3675.781,173.798,0.246629,0.836710
584,1W4F,89.36,0.725400,1.00,-3675.781,173.798,0.254480,0.804430
585,1W4G,87.23,0.724000,1.00,-3786.636,246.953,0.309754,0.791650
586,1W4H,86.70,0.709300,1.00,-3496.222,163.413,0.482794,0.788420
587,1WAZ,48.37,0.555300,1.00,-3803.376,112.132,0.752603,0.488790
588,1WCT,57.69,0.502700,1.00,-357.499,66.013,0.280668,0.195040
589,1WM7,72.41,0.626900,1.00,-1840.168,173.635,0.275191,0.383520
590,1WM8,64.29,0.522600,1.00,-1728.057,121.575,0.309171,0.314950
591,1WMT,87.80,0.664900,1.00,-3094.878,230.298,0.187215,0.696120
592,1WN4,63.39,0.635600,1.00,-1308.866,71.040,0.545349,0.410530
593,1WN8,85.23,0.633700,1.00,-1362.355,40.523,0.295029,0.510750
594,1WNK,84.78,0.771500,1.00,-1715.245,40.509,0.171207,0.485770
595,1WNM,90.22,0.707800,1.00,-1719.222,45.215,0.126284,0.469170
596,1WNN,81.52,0.669200,1.00,-1515.513,64.454,0.269131,0.435730
597,1WO3,43.00,0.534300,1.00,-1182.935,54.713,0.818280,0.214390
598,1WO4,50.00,0.474500,1.00,-1297.635,109.642,0.518956,0.291080
599,1WO5,62.00,0.556100,1.00,-1714.305,86.861,0.472455,0.264960
600,1WO6,62.00,0.507100,1.00,-1291.907,133.707,0.326391,0.263830
601,1WO7,59.00,0.508500,1.00,-1553.048,102.000,0.543061,0.346160
602,1WO9,80.00,0.698700,1.00,-1661.787,248.872,0.330371,0.624640
603,1WPD,61.76,0.519400,1.00,-2338.583,156.106,0.488991,0.339530
604,1WQB,71.88,0.531600,1.00,-2016.385,263.663,0.345424,0.491970
605,1WQC,76.92,0.600700,1.00,-1828.828,104.725,0.314056,0.405440
606,1WQD,75.00,0.641300,1.00,-1846.848,133.708,0.525227,0.448970
607,1WQE,89.13,0.726600,1.00,-1455.441,80.156,0.144474,0.438430
608,1WQK,86.31,0.736700,1.00,-3646.489,227.770,0.215514,0.744590
609,1WR3,80.56,0.703700,1.00,-2170.445,195.153,0.276969,0.643320
610,1WR4,88.19,0.763100,1.00,-2133.076,182.740,0.228214,0.744900
611,1WR7,74.39,0.723300,1.00,-2474.407,218.476,0.506637,0.648090
612,1WT7,70.12,0.577000,1.00,-3215.958,178.431,0.490521,0.569780
613,1WT8,69.35,0.588600,1.00,-2144.216,190.144,0.461877,0.435060
614,1WXN,83.33,0.698200,1.00,-3595.101,277.350,0.195325,0.687380
615,1WZ4,55.43,0.518000,1.00,-1176.626,106.642,0.485480,0.295540
616,1WZ5,63.57,0.506800,1.00,-2268.363,152.916,0.362525,0.412920
617,1X22,32.14,0.417000,1.00,-2010.497,275.248,1.123688,0.264830
618,1X32,39.36,0.413400,1.00,-3646.147,211.347,0.778656,0.306330
619,1X5V,75.00,0.613300,1.00,-2380.792,207.038,0.232588,0.545110
620,1X7K,43.42,0.308000,1.00,-1271.201,108.439,0.575264,0.186430
621,1XBH,53.85,0.426300,1.00,-428.090,101.322,0.418491,0.174910
622,1XC0,59.85,0.600600,1.00,-1674.488,102.917,0.393363,0.369650
623,1XF7,88.79,0.766200,1.00,-1863.596,112.193,0.240878,0.680750
624,1XOO,31.25,0.367100,1.00,-649.385,118.980,0.651167,0.111100
625,1XOP,61.25,0.471800,1.00,-870.925,126.907,0.577283,0.283140
626,1XRZ,85.00,0.690800,1.00,-1767.917,132.303,0.290024,0.662730
627,1XT7,57.69,0.461900,1.00,-360.213,63.262,0.387654,0.294500
628,1XUT,61.41,0.571500,1.00,-3176.750,309.687,0.490205,0.497630
629,1XV3,43.62,0.528600,1.00,-2743.213,350.253,1.216809,0.372520
630,1XXZ,45.45,0.456400,1.00,-347.889,90.110,0.540914,0.248210
631,1XY4,47.92,0.410400,1.00,-558.258,87.208,0.412449,0.197950
632,1XY6,60.42,0.474500,1.00,-543.447,66.664,0.379966,0.165980
633,1XY8,44.23,0.447300,1.00,-634.232,85.715,0.415161,0.259440
634,1XY9,54.55,0.498200,1.00,-394.736,56.260,0.333320,0.201210
635,1Y03,73.57,0.784200,1.00,-1331.548,49.910,0.387411,0.647440
636,1Y04,57.86,0.783600,1.00,-1331.548,49.910,0.776150,0.472100
637,1Y1B,82.29,0.709400,1.00,-3681.048,184.529,0.287824,0.727360
638,1Y1C,83.85,0.699000,1.00,-3709.033,201.314,0.225288,0.715450
639,1Y29,75.00,0.614000,1.00,-1654.841,185.119,0.281493,0.498560
640,1Y2P,84.56,0.694500,1.00,-2180.485,203.029,0.203414,0.664900
641,1Y32,44.79,0.542800,1.00,-776.728,117.182,0.599058,0.204440
642,1Y4E,44.44,0.524100,1.00,-1903.110,107.289,0.585799,0.220040
643,1Y5C,61.36,0.451000,1.00,-348.810,96.736,0.331304,0.336530
644,1YIU,89.86,0.788700,1.00,-2400.242,183.547,0.154383,0.740230
645,1YMZ,80.81,0.707800,1.00,-2491.414,301.810,0.297132,0.688910
646,1YP8,75.00,0.612300,1.00,-2082.308,164.427,0.326616,0.513070
647,1YT6,75.00,0.594400,1.00,-346.113,53.795,0.226698,0.323580
648,1YTR,61.54,0.536800,1.00,-1590.271,70.329,0.582698,0.324020
649,1YV8,83.15,0.702500,1.00,-3575.756,154.505,0.230997,0.697760
650,1YVA,81.52,0.683600,1.00,-3575.756,154.505,0.277850,0.690620
651,1YWJ,61.59,0.611700,1.00,-2067.983,218.531,0.819442,0.496770
652,1YYB,76.85,0.632800,1.00,-1772.690,61.314,0.559448,0.481420
653,1Z0Q,20.83,0.332900,1.00,-1685.467,288.452,1.299702,0.240910
654,1Z2T,79.35,0.602000,1.00,-1616.801,73.972,0.471972,0.536040
655,1Z65,77.50,0.637400,1.00,-2128.980,83.531,0.239594,0.498560
656,1Z6V,47.45,0.467400,1.00,-3567.656,172.979,0.801604,0.394290
657,1Z6W,26.53,0.319200,1.00,-3567.656,172.979,1.209754,0.268900
658,1Z99,59.52,0.489000,1.00,-2409.059,317.961,0.362912,0.479350
659,1ZA8,64.52,0.528300,1.00,-2309.521,217.536,0.374619,0.370370
660,1ZAQ,59.66,0.567500,1.00,-3110.931,274.360,0.681004,0.437230
661,1ZDA,80.92,0.658500,1.00,-2730.282,164.329,0.379446,0.686000
662,1ZDB,76.32,0.677800,1.00,-2730.282,164.329,0.418635,0.587520
663,1ZFD,86.72,0.722900,1.00,-1885.392,135.618,0.162477,0.642530
664,1ZFU,80.62,0.677900,1.00,-2662.795,207.307,0.207155,0.658760
665,1ZJQ,76.47,0.618600,1.00,-2432.516,146.244,0.220274,0.550100
666,1ZNM,81.25,0.688600,1.00,-1798.830,128.497,0.176801,0.452110
667,1ZNU,91.38,0.735000,1.00,-1748.176,154.962,0.179751,0.701210
668,1ZR7,90.00,0.745700,1.00,-1815.465,161.363,0.192834,0.722080
669,1ZRV,74.00,0.672500,1.00,-1702.814,53.846,0.221796,0.331850
670,1ZRW,62.00,0.590500,1.00,-1702.814,53.846,0.481203,0.286070
671,1ZRX,50.00,0.568800,1.00,-2185.024,203.346,0.715576,0.434070
672,1ZTA,80.00,0.621300,1.00,-2649.044,75.530,0.362252,0.710970
673,1ZTN,29.17,0.485800,1.00,-945.335,258.100,1.315177,0.183950
674,1ZTO,41.22,0.386200,1.00,-1844.880,209.892,0.952796,0.338880
675,1ZUE,73.81,0.595000,1.00,-2786.608,227.781,0.898793,0.636960
676,1ZUF,66.07,0.552200,1.00,-2786.608,227.781,0.851428,0.528500
677,1ZUV,80.00,0.626000,1.00,-1927.280,143.520,0.249076,0.528100
678,1ZWA,41.18,0.537500,1.00,-2784.946,83.582,0.926580,0.312170
679,1ZWB,45.83,0.541700,1.00,-2809.776,126.995,0.979713,0.409300
680,1ZWC,46.62,0.575600,1.00,-2822.465,115.962,0.710147,0.346280
681,1ZWD,42.14,0.558700,1.00,-2864.002,94.217,0.683292,0.308210
682,1ZWE,48.53,0.554900,1.00,-2673.896,92.014,0.697734,0.430100
683,1ZWU,75.00,0.622200,1.00,-1862.301,122.035,0.303020,0.484010
684,2A1C,72.06,0.576700,1.00,-920.672,103.344,0.311796,0.334600
685,2A2B,35.98,0.484700,1.00,-2060.536,262.303,0.921785,0.339110
686,2A2V,88.24,0.723500,1.00,-2135.712,194.598,0.174414,0.697110
687,2A51,63.46,0.672000,1.00,-2385.307,180.833,0.387378,0.408120
688,2AAP,85.29,0.651300,1.00,-2432.516,146.244,0.199456,0.672850
689,2AB3,87.93,0.687700,1.00,-1670.351,158.163,0.151863,0.611360
690,2AB7,90.52,0.722800,1.00,-1745.236,128.632,0.109517,0.671880
691,2AB9,37.90,0.510600,1.00,-1324.066,253.784,0.984477,0.171310
692,2ADX,51.25,0.536100,1.00,-2421.191,221.827,0.544581,0.362270
693,2AJJ,78.57,0.730900,1.00,-2152.127,52.174,0.206692,0.562800
694,2AJM,80.36,0.697400,1.00,-2152.127,52.174,0.180575,0.543220
695,2AJN,79.46,0.708000,1.00,-2152.127,52.174,0.230148,0.564360
696,2AJO,80.36,0.697400,1.00,-2152.127,52.174,0.180575,0.543220
697,2AJW,51.14,0.505500,1.00,-852.971,110.551,0.552739,0.170230
698,2AK0,44.57,0.470900,1.00,-1021.678,102.927,0.648734,0.125340
699,2AMN,51.92,0.600500,1.00,-1674.569,85.037,0.521960,0.258430
700,2AP7,87.50,0.796300,1.00,-940.534,111.815,0.224053,0.473080
701,2AP8,80.00,0.725200,1.00,-940.534,111.815,0.300665,0.364850
702,2ARI,52.56,0.572300,1.00,-2013.937,104.678,0.564773,0.440710
703,2ATG,51.39,0.386000,1.00,-746.056,136.146,0.483531,0.085020
704,2AXK,84.21,0.668600,1.00,-3050.398,171.497,0.142851,0.676680
705,2B0Y,67.65,0.546900,1.00,-834.656,82.944,0.352131,0.316130
706,2B19,48.61,0.630500,1.00,-1977.321,175.512,0.566038,0.357870
707,2B38,76.61,0.644600,1.00,-1998.233,219.560,0.496773,0.600690
708,2B4N,47.02,0.545200,1.00,-2717.175,169.492,0.787215,0.429500
709,2B5B,43.75,0.413300,1.00,-1698.094,252.484,0.893074,0.279350
710,2B5P,61.36,0.450600,1.00,-354.482,51.683,0.315822,0.247910
711,2B5Q,56.82,0.506100,1.00,-354.482,51.683,0.449879,0.170290
712,2B68,87.21,0.748900,1.00,-3026.137,251.493,0.175565,0.746230
713,2B9K,67.02,0.577400,1.00,-3895.526,250.512,0.641166,0.508980
714,2BAI,29.69,0.339200,1.00,-1664.495,128.812,0.837350,0.226860
715,2BAO,50.00,0.450400,1.00,-246.570,50.683,0.389059,0.183930
716,2BAU,40.00,0.454300,1.00,-246.570,50.683,0.577502,0.289610
717,2BBG,41.88,0.389800,1.00,-3053.996,196.320,0.797654,0.308840
718,2BBL,36.36,0.531500,1.00,-729.208,133.483,0.921092,0.148970
719,2BBP,38.64,0.535600,1.00,-729.208,133.483,1.006177,0.109510
720,2BBX,77.04,0.682800,1.00,-2547.197,189.168,0.252463,0.678240
723,2BDS,81.40,0.640600,1.00,-3209.321,241.606,0.172886,0.680930
724,2BEY,35.94,0.479600,1.00,-449.241,65.379,0.684533,0.202370
725,2BL6,47.97,0.484100,1.00,-2053.469,192.389,0.696095,0.307970
726,2BMT,97.97,0.781300,1.00,-2978.043,186.791,0.061233,0.894460
727,2BN6,72.73,0.631100,1.00,-2484.363,124.587,0.337620,0.501340
728,2BP4,35.94,0.432200,1.00,-447.235,82.140,0.603153,0.222140
729,2BTG,82.98,0.717900,1.00,-3783.416,134.084,0.540241,0.757590
730,2BTH,80.32,0.679900,1.00,-3783.416,134.084,0.517601,0.723920
731,2C6A,78.26,0.701400,1.00,-2851.973,247.634,0.324498,0.676960
732,2C6B,80.98,0.725900,1.00,-2851.973,247.634,0.294672,0.680220
733,2CBH,100.00,0.841000,1.00,-2345.299,197.182,0.052737,0.912340
734,2CEF,38.16,0.475800,1.00,-710.709,88.766,0.662482,0.121190
735,2CEH,40.79,0.499700,1.00,-710.709,88.766,0.646690,0.172420
736,2CEZ,42.11,0.506300,1.00,-710.709,88.766,0.602537,0.108040
737,2CFJ,42.11,0.517300,1.00,-710.709,88.766,0.897833,0.207650
738,2CK4,78.95,0.704300,1.00,-2768.863,190.463,0.170747,0.623150
739,2CK5,80.65,0.681500,1.00,-1983.549,125.828,0.192875,0.511240
740,2CQ7,70.41,0.676600,1.00,-2849.092,302.569,0.528213,0.620360
741,2CRD,91.22,0.693600,1.00,-2731.795,173.150,0.126489,0.755120
742,2CSA,32.89,0.506600,1.00,-470.387,114.374,0.921646,0.204220
743,2CTI,93.97,0.748000,1.00,-2052.010,182.756,0.102166,0.722650
744,2CYU,75.00,0.579500,1.00,-3137.152,127.206,0.411743,0.615030
745,2DCI,66.25,0.548500,1.00,-885.477,113.305,0.380315,0.225550
746,2DCO,27.94,0.345900,1.00,-1701.682,326.892,0.896801,0.206750
747,2DCV,66.67,0.495400,1.00,-3267.998,257.833,0.351730,0.538080
748,2DCW,75.00,0.584700,1.00,-3127.244,282.012,0.293438,0.628890
749,2DDL,78.03,0.635300,1.00,-2603.212,123.672,0.325094,0.521420
750,2DI2,70.69,0.631300,1.00,-1297.941,116.324,0.490081,0.506420
751,2DJ9,79.35,0.658600,1.00,-1117.930,157.934,0.287657,0.392930
752,2DJC,79.35,0.652700,1.00,-1102.443,151.861,0.406814,0.426550
753,2DMV,69.19,0.642600,1.00,-2371.191,301.024,0.636702,0.591200
754,2DQ5,75.00,0.642400,1.00,-3391.183,242.011,0.337370,0.665430
755,2DTB,78.85,0.743700,1.00,-1830.681,43.117,0.234758,0.590910
756,2DWF,66.18,0.565800,1.00,-3224.925,108.795,0.327670,0.496930
757,2DX2,84.09,0.605100,1.00,-473.923,46.981,0.299321,0.361010
758,2DX3,43.06,0.460600,1.00,-867.258,95.066,0.672067,0.181150
759,2DX4,52.78,0.489600,1.00,-867.258,95.066,0.505544,0.156210
760,2E1X,72.22,0.650400,1.00,-1203.668,121.684,0.464103,0.415110
761,2E2F,85.37,0.694600,1.00,-3209.148,183.208,0.157010,0.736130
762,2E3E,46.67,0.464900,1.00,-3602.875,197.917,0.811864,0.354860
763,2E3F,54.65,0.540400,1.00,-2817.040,289.871,0.731826,0.424770
764,2E3G,66.25,0.558500,1.00,-3013.584,265.146,0.517918,0.497670
765,2E4E,80.00,0.557400,1.00,-303.485,43.344,0.220384,0.390360
766,2E5T,69.57,0.577500,1.00,-3649.144,133.447,0.208560,0.573800
767,2E5U,48.75,0.376200,1.00,-3159.476,120.479,1.327898,0.390860
768,2E72,63.78,0.628000,1.00,-2591.042,335.520,0.995912,0.566750
769,2EBQ,63.30,0.614700,1.00,-2385.837,226.092,0.633451,0.587850
770,2EBR,67.02,0.704200,1.00,-2338.713,239.129,0.577143,0.590600
771,2EC7,59.69,0.571600,1.00,-2366.781,223.898,0.484944,0.454610
772,2EEM,81.62,0.711700,1.00,-2612.721,119.458,0.177759,0.586460
773,2EFZ,59.38,0.522100,1.00,-896.882,105.814,0.382740,0.163010
774,2EKK,82.45,0.715700,1.00,-4189.014,155.333,0.603206,0.756220
775,2EL4,55.43,0.673800,1.00,-2249.027,236.783,0.913335,0.489600
776,2EL5,62.50,0.680100,1.00,-1932.459,421.384,0.856039,0.543810
777,2EL6,59.24,0.603000,1.00,-2488.598,255.317,1.011792,0.510490
778,2ELM,81.08,0.694400,1.00,-2258.113,156.221,0.364931,0.628690
779,2ELN,84.21,0.746900,1.00,-2246.836,186.897,0.451543,0.753720
780,2ELO,77.03,0.726700,1.00,-2287.835,154.593,0.297059,0.591510
781,2ELP,74.32,0.617000,1.00,-2342.155,182.948,0.759614,0.610720
782,2ELQ,74.31,0.745800,1.00,-1971.491,137.553,0.560982,0.624260
783,2ELR,70.83,0.757400,1.00,-1551.174,115.786,0.789214,0.583580
784,2ELS,79.17,0.704100,1.00,-2314.420,128.530,0.636528,0.693460
785,2ELT,77.08,0.781700,1.00,-2059.503,134.120,0.792763,0.688950
786,2ELU,72.30,0.700800,1.00,-2030.676,173.625,0.580955,0.583150
787,2ELV,73.61,0.733800,1.00,-1970.026,193.771,0.441296,0.579140
788,2ELW,72.97,0.662000,1.00,-2098.380,200.837,0.603648,0.620110
789,2ELX,79.29,0.763600,1.00,-2042.229,149.546,0.554676,0.693660
790,2ELY,64.67,0.707200,1.00,-2145.681,204.635,0.685696,0.541070
791,2ELZ,61.96,0.651500,1.00,-2168.170,238.413,0.776166,0.541920
792,2EM0,67.39,0.622900,1.00,-2438.334,201.132,0.738226,0.574770
793,2EM1,67.05,0.713200,1.00,-1930.454,310.989,0.639589,0.538650
794,2EM2,61.96,0.663100,1.00,-2399.479,230.402,0.680003,0.539320
795,2EM3,58.70,0.708500,1.00,-2026.193,231.044,1.147091,0.521980
796,2EM4,58.70,0.705100,1.00,-2096.801,279.049,1.067568,0.518740
797,2EM5,58.70,0.678200,1.00,-2138.737,194.927,0.966804,0.532760
798,2EM6,64.67,0.726100,1.00,-2147.843,214.545,0.902051,0.572590
799,2EM7,59.24,0.646600,1.00,-2266.253,190.334,0.850662,0.532960
800,2EM8,69.57,0.709700,1.00,-2261.045,210.222,0.413090,0.576940
801,2EM9,63.04,0.667200,1.00,-2199.306,238.158,0.976889,0.575080
802,2EMA,66.30,0.714500,1.00,-2122.185,238.156,0.652956,0.565930
803,2EMB,59.66,0.676700,1.00,-2145.151,181.931,0.932843,0.507560
804,2EMC,63.59,0.728700,1.00,-2266.530,206.985,0.799133,0.572320
805,2EME,66.85,0.695900,1.00,-2383.876,180.356,0.659842,0.597130
806,2EMF,65.76,0.691500,1.00,-2046.965,254.559,0.907099,0.568290
807,2EMG,58.70,0.657500,1.00,-2309.984,188.013,0.921421,0.528640
808,2EMH,64.13,0.750400,1.00,-2298.971,198.727,0.613432,0.557020
809,2EMI,58.15,0.647800,1.00,-2289.516,214.147,0.910483,0.501480
810,2EMJ,59.78,0.669500,1.00,-2096.845,187.536,0.977321,0.494000
811,2EMK,59.78,0.627700,1.00,-2215.109,208.093,1.034839,0.517250
812,2EML,60.33,0.662700,1.00,-2151.183,232.124,1.121648,0.532650
813,2EMM,63.04,0.648900,1.00,-2231.600,240.996,0.829653,0.554130
814,2EMP,67.39,0.758800,1.00,-2184.492,238.767,0.707424,0.575220
815,2EMV,64.77,0.649300,1.00,-2046.141,257.698,0.738591,0.575720
816,2EMW,63.07,0.663000,1.00,-2233.002,190.103,0.815760,0.521470
817,2EMX,67.61,0.726600,1.00,-1945.455,193.672,0.703931,0.598120
818,2EMY,60.33,0.677800,1.00,-2341.038,223.563,0.959915,0.548220
819,2EMZ,72.28,0.701000,1.00,-2036.452,203.685,0.498871,0.601730
820,2EN0,69.05,0.710100,1.00,-2087.381,249.151,0.587615,0.613970
821,2EN1,60.33,0.648300,1.00,-1883.823,214.406,0.692544,0.513760
822,2EN2,73.81,0.681900,1.00,-2176.407,235.925,0.438956,0.588590
823,2EN3,59.78,0.613100,1.00,-2698.830,206.590,0.626196,0.502610
824,2EN4,61.41,0.671400,1.00,-2195.182,214.332,0.876745,0.557150
825,2EN6,59.78,0.730300,1.00,-2086.098,239.500,0.841303,0.536360
826,2EN7,60.23,0.632800,1.00,-2179.503,236.645,0.777756,0.527440
827,2EN8,58.15,0.727000,1.00,-2218.146,259.376,0.914402,0.519490
828,2EN9,57.07,0.690500,1.00,-1974.868,193.440,0.860807,0.515520
829,2ENA,56.52,0.679300,1.00,-2167.328,205.033,1.201806,0.493660
830,2ENC,63.04,0.692500,1.00,-2131.433,276.846,0.849832,0.535050
831,2ENE,61.41,0.695100,1.00,-2198.412,267.423,0.971816,0.550630
832,2ENF,59.78,0.656200,1.00,-2005.098,237.675,0.863243,0.526190
833,2ENH,57.61,0.706800,1.00,-2223.989,249.632,0.783956,0.527680
834,2ENT,69.79,0.690100,1.00,-2405.021,245.114,0.763636,0.595440
835,2EOE,68.48,0.651500,1.00,-2194.371,241.914,0.889943,0.609450
836,2EOF,61.93,0.620500,1.00,-2019.779,269.854,0.914798,0.522260
837,2EOG,59.66,0.653100,1.00,-2254.541,186.542,0.823656,0.509260
838,2EOH,56.52,0.604900,1.00,-2142.411,209.473,0.752409,0.458260
839,2EOI,66.48,0.677800,1.00,-2291.228,205.570,0.855130,0.557050
840,2EOJ,56.82,0.595800,1.00,-2098.955,254.236,1.001053,0.478390
841,2EOK,75.60,0.677500,1.00,-2233.999,142.443,0.442836,0.650220
842,2EOL,68.45,0.690300,1.00,-2013.924,239.279,0.793676,0.593980
843,2EOM,59.24,0.678300,1.00,-2216.055,200.907,0.964716,0.524710
844,2EON,63.59,0.682800,1.00,-2142.726,247.933,0.868432,0.546260
845,2EOO,68.48,0.675700,1.00,-2392.528,217.159,0.912869,0.587480
846,2EOP,60.33,0.669100,1.00,-2213.768,220.435,0.868291,0.552750
847,2EOQ,63.59,0.677200,1.00,-2105.033,213.178,0.650279,0.531300
848,2EOR,63.04,0.715800,1.00,-1963.350,258.859,0.831941,0.555650
849,2EOS,71.43,0.750900,1.00,-2220.208,195.450,0.707133,0.604490
850,2EOU,61.93,0.704700,1.00,-1785.396,201.075,1.103391,0.530020
851,2EOV,60.87,0.680000,1.00,-2148.141,362.483,0.963729,0.505590
852,2EOW,68.48,0.670900,1.00,-2062.756,248.758,0.708942,0.569900
853,2EOX,55.68,0.615800,1.00,-2114.794,210.930,1.120521,0.480100
854,2EOY,65.76,0.709600,1.00,-2266.508,247.632,0.649692,0.532820
855,2EOZ,60.33,0.727000,1.00,-2354.542,213.826,0.683024,0.506950
856,2EP0,60.33,0.682800,1.00,-2274.939,204.361,0.762374,0.532430
857,2EP1,60.87,0.662000,1.00,-2270.296,188.198,0.951465,0.524850
858,2EP2,57.61,0.685000,1.00,-2212.036,172.968,0.923032,0.520020
859,2EP3,60.87,0.695800,1.00,-2371.291,202.350,0.827746,0.566120
860,2EPC,61.90,0.576500,1.00,-1977.625,215.687,0.864404,0.548910
861,2EPQ,52.78,0.595000,1.00,-2378.138,235.398,0.848941,0.441270
862,2EPR,55.73,0.655800,1.00,-2427.874,197.522,0.865922,0.472540
863,2EPT,61.59,0.576400,1.00,-2014.185,209.681,0.953380,0.527230
864,2EPU,65.00,0.682600,1.00,-2189.687,188.043,0.731897,0.569610
865,2EPV,63.64,0.654700,1.00,-2279.577,175.028,0.681119,0.562790
866,2EPW,57.07,0.589000,1.00,-2202.931,218.025,0.595950,0.503690
867,2EPX,64.36,0.631100,1.00,-2626.630,253.942,0.627294,0.529950
868,2EPY,63.69,0.662100,1.00,-1908.533,221.196,0.779105,0.563320
869,2EPZ,62.50,0.676900,1.00,-2105.181,205.801,0.834068,0.556730
870,2EQ0,65.22,0.681300,1.00,-2202.618,251.808,0.761014,0.550620
871,2EQ1,59.24,0.681500,1.00,-2078.250,210.251,0.614770,0.498230
872,2EQ2,53.26,0.552500,1.00,-1955.455,245.063,1.036398,0.455370
873,2EQ3,55.98,0.605800,1.00,-2107.848,226.310,0.940042,0.491420
874,2EQ4,53.26,0.589500,1.00,-2180.254,179.086,0.630777,0.409890
875,2EQE,68.75,0.711500,1.00,-2704.456,256.495,0.554097,0.579670
876,2EQF,60.87,0.582300,1.00,-2546.243,219.543,1.002395,0.537490
877,2EQG,66.33,0.662200,1.00,-2573.804,254.820,0.814285,0.600990
878,2EQH,76.09,0.669100,1.00,-1149.922,108.505,0.297713,0.339160
879,2EQQ,68.75,0.585600,1.00,-1341.433,164.239,0.538687,0.440630
880,2EQT,64.29,0.572400,1.00,-1341.433,164.239,0.563897,0.480840
881,2EQW,61.31,0.627300,1.00,-2265.412,217.262,0.878074,0.528640
882,2ERI,70.97,0.612300,1.00,-2057.864,187.219,0.387786,0.429450
883,2ESX,44.74,0.448000,1.00,-610.463,77.256,0.881594,0.223180
884,2ESZ,44.74,0.396400,1.00,-610.463,77.256,0.916162,0.179940
885,2ETI,81.25,0.666500,1.00,-1960.474,116.897,0.217067,0.480230
886,2EVQ,79.17,0.584300,1.00,-455.154,72.014,0.264988,0.436240
887,2EYA,79.89,0.695200,1.00,-3575.756,154.505,0.229554,0.702590
888,2EYB,84.78,0.706400,1.00,-3575.756,154.505,0.202199,0.739340
889,2EYC,84.24,0.689700,1.00,-3575.756,154.505,0.159920,0.736510
890,2EYD,91.85,0.721700,1.00,-3575.756,154.505,0.140821,0.802330
891,2F2I,83.62,0.675300,1.00,-1719.430,157.227,0.222152,0.588670
892,2F2J,85.34,0.717900,1.00,-1533.174,200.148,0.222579,0.602990
893,2F5H,36.49,0.355400,1.00,-2143.081,158.037,0.773312,0.287450
896,2FJ4,41.89,0.411300,1.00,-2143.081,158.037,0.704955,0.308470
897,2FJ5,43.24,0.413900,1.00,-2143.081,158.037,0.725080,0.310860
898,2FQA,70.37,0.585100,1.00,-1863.092,160.799,0.335271,0.415360
899,2FR9,75.00,0.503800,1.00,-527.805,55.943,0.307618,0.319280
900,2FRB,67.31,0.548400,1.00,-458.837,66.704,0.620950,0.341690
901,2FXY,75.00,0.652000,1.00,-934.901,41.028,0.322670,0.312600
902,2FXZ,88.46,0.702900,1.00,-695.484,38.437,0.191338,0.528920
903,2G6U,61.67,0.500700,1.00,-617.502,87.257,0.485989,0.285340
904,2G9L,46.62,0.635500,1.00,-2576.017,135.813,0.581048,0.529040
905,2G9P,71.15,0.652800,1.00,-1764.072,50.836,0.275864,0.355220
906,2GD3,32.29,0.519300,1.00,-688.357,191.171,0.914149,0.212120
907,2GDL,32.26,0.415200,1.00,-1387.238,177.160,0.874649,0.308900
908,2GFR,79.55,0.535700,1.00,-460.757,100.880,0.266942,0.287940
909,2GJ0,78.23,0.651100,1.00,-2044.078,178.870,0.529030,0.578730
910,2GL1,100.00,0.859100,1.00,-3500.253,224.975,0.046996,0.956880
911,2GOF,53.57,0.564000,1.00,-1997.165,103.800,0.582810,0.445710
912,2GOH,61.43,0.578700,1.00,-1997.165,103.800,0.489890,0.477310
913,2GP8,77.50,0.643100,1.00,-2684.272,103.624,0.445011,0.652520
914,2GQE,86.72,0.751100,1.00,-1975.907,179.297,0.399199,0.708940
915,2GW9,91.41,0.701200,1.00,-1999.432,172.459,0.136359,0.720920
916,2GWP,89.84,0.719100,1.00,-2046.171,166.274,0.137819,0.675810
917,2GX1,62.93,0.500200,1.00,-1763.210,218.023,0.341650,0.382940
918,2H1Z,88.46,0.771500,1.00,-2672.575,305.994,0.172596,0.742870
919,2H9X,59.04,0.517600,1.00,-3037.065,216.349,0.388004,0.512150
920,2HFR,68.52,0.618900,1.00,-1978.482,57.166,0.297213,0.350940
921,2HGO,37.96,0.383200,1.00,-1706.900,210.447,0.573640,0.229100
922,2HLG,88.46,0.722100,1.00,-2528.850,220.408,0.195259,0.752050
923,2HM3,60.48,0.515700,1.00,-1780.917,227.351,0.669399,0.384260
924,2HM4,42.74,0.408100,1.00,-1462.392,270.123,0.806082,0.204830
925,2HM5,42.74,0.422300,1.00,-1462.392,270.123,0.638197,0.237530
926,2HM6,50.00,0.484900,1.00,-1657.985,161.424,0.724079,0.284140
927,2HN8,65.79,0.718500,1.00,-3347.726,130.570,0.435845,0.543590
928,2I1P,76.04,0.747500,1.00,-2587.788,265.684,0.287234,0.682740
929,2I1T,76.39,0.634900,1.00,-2328.609,182.357,0.251130,0.541860
930,2I5O,91.67,0.774000,1.00,-2839.969,171.764,0.116716,0.803660
931,2I9M,91.18,0.789600,1.00,-1205.355,34.698,0.102526,0.470980
932,2I9N,50.76,0.621200,1.00,-1550.242,111.152,0.678649,0.323870
933,2I9O,47.97,0.458600,1.00,-1791.447,121.031,0.730032,0.368080
934,2IFJ,58.33,0.496300,1.00,-461.936,74.003,0.292584,0.298080
935,2IGU,68.75,0.540600,1.00,-566.561,57.591,0.258602,0.303290
936,2IH6,54.55,0.508500,1.00,-446.316,67.815,0.392991,0.228120
937,2IMU,51.63,0.622400,1.00,-2700.056,168.746,0.565691,0.417170
938,2IT7,91.96,0.731800,1.00,-1960.474,116.897,0.110572,0.678260
939,2IV4,39.06,0.457600,1.00,-325.032,84.472,0.556475,0.247390
940,2IV5,64.13,0.608300,1.00,-889.435,89.273,0.634931,0.376840
941,2IV6,38.04,0.539100,1.00,-713.448,98.963,1.178062,0.185510
942,2IWJ,45.37,0.451000,1.00,-1203.668,121.684,0.737307,0.262500
943,2J15,45.00,0.449600,1.00,-678.782,128.712,0.560080,0.233030
944,2J8P,41.33,0.507000,1.00,-4603.465,127.829,1.114820,0.328740
945,2JM0,83.57,0.733800,1.00,-3120.323,128.172,0.172124,0.579970
946,2JM2,27.78,0.387700,1.00,-1171.345,359.797,0.848858,0.220700
947,2JM4,80.23,0.720400,1.00,-2338.632,222.947,0.220530,0.687930
948,2JMY,88.33,0.687000,1.00,-1008.328,73.733,0.129187,0.480330
949,2JN5,58.33,0.540900,1.00,-352.272,98.663,0.558323,0.260600
950,2JNH,80.98,0.668900,1.00,-4567.886,120.555,0.275723,0.711330
951,2JNI,71.43,0.484600,1.00,-1264.453,154.093,0.391360,0.298490
952,2JOC,66.89,0.591800,1.00,-2400.242,183.547,0.377079,0.508300
953,2JOF,61.25,0.670200,1.00,-890.276,75.867,0.901994,0.310120
954,2JOS,34.09,0.344700,1.00,-974.660,94.653,0.883366,0.160160
955,2JOU,47.06,0.353800,1.00,-3224.925,108.795,1.053136,0.354650
956,2JP6,58.78,0.543800,1.00,-2127.654,144.130,0.814299,0.388730
957,2JPJ,52.56,0.579100,1.00,-1916.379,171.358,0.833185,0.420250
958,2JPK,45.00,0.522100,1.00,-2119.496,150.214,0.824372,0.394930
959,2JPL,42.95,0.544800,1.00,-1916.379,171.358,0.751266,0.332410
960,2JPM,46.43,0.533700,1.00,-2119.496,150.214,0.557940,0.351810
961,2JPW,35.94,0.534400,1.00,-814.325,221.975,0.728592,0.235790
962,2JPX,65.71,0.632700,1.00,-2254.029,148.838,0.502601,0.539170
963,2JQ2,54.17,0.442400,1.00,-507.074,69.139,0.303810,0.189720
964,2JQB,50.00,0.480800,1.00,-595.901,97.760,0.444371,0.248090
965,2JQC,61.67,0.435600,1.00,-595.901,97.760,0.449702,0.261180
966,2JQW,47.06,0.429200,1.00,-896.199,108.908,0.510099,0.228410
967,2JR3,38.69,0.409000,1.00,-2643.639,304.329,0.751646,0.280120
968,2JR8,54.17,0.631300,1.00,-1837.849,303.457,0.424728,0.467220
969,2JRD,53.70,0.384500,1.00,-758.361,174.466,0.620095,0.304020
970,2JRV,65.00,0.595600,1.00,-728.935,64.681,0.584231,0.280550
971,2JRW,46.74,0.528500,1.00,-786.320,113.991,0.794278,0.180400
972,2JRY,29.89,0.344900,1.00,-3390.326,229.986,1.007100,0.251510
973,2JSB,69.05,0.474800,1.00,-1363.688,138.435,0.448838,0.237590
974,2JTA,52.50,0.476900,1.00,-400.998,47.266,0.504598,0.373700
975,2JTB,92.42,0.698800,1.00,-2042.813,194.903,0.136384,0.734380
976,2JTU,36.18,0.360300,1.00,-2608.914,199.543,0.940557,0.271330
977,2JTW,65.00,0.653000,1.00,-1590.338,62.828,0.430645,0.376520
978,2JUE,33.62,0.300800,1.00,-1748.176,154.962,0.840251,0.224080
979,2JUI,56.82,0.649100,1.00,-1799.571,85.754,0.643841,0.430750
980,2JUQ,67.31,0.550600,1.00,-629.283,63.164,0.325208,0.312240
981,2JUR,82.69,0.603900,1.00,-583.947,94.470,0.207946,0.310150
982,2JUS,76.92,0.568900,1.00,-605.442,79.529,0.276403,0.284920
983,2JUT,57.69,0.528700,1.00,-497.642,79.434,0.382129,0.127460
984,2JUY,54.46,0.528300,1.00,-1749.453,177.961,0.454080,0.259810
985,2JVX,89.29,0.735400,1.00,-1767.953,165.589,0.166562,0.700960
986,2JVY,82.14,0.655300,1.00,-1831.028,161.827,0.277258,0.604260
987,2JWG,90.22,0.724200,1.00,-2730.247,185.994,0.148681,0.816280
988,2JWH,47.40,0.625200,1.00,-1970.868,375.571,0.895094,0.413790
989,2JWM,92.24,0.759400,1.00,-1931.214,163.620,0.170242,0.733080
990,2JXF,72.50,0.709200,1.00,-2396.402,128.807,0.312674,0.500510
991,2JY0,66.67,0.587700,1.00,-1689.834,45.525,0.398705,0.386040
992,2JYD,65.76,0.698900,1.00,-2044.185,258.488,0.722815,0.569930
993,2JYP,42.36,0.408000,1.00,-2707.010,143.019,0.796772,0.285400
994,2K10,48.44,0.634400,1.00,-1781.617,133.422,0.582609,0.276320
995,2K1A,76.19,0.756600,1.00,-2952.528,107.835,0.333870,0.649870
996,2K1I,89.84,0.715400,1.00,-1769.443,185.797,0.140698,0.670430
997,2K1P,78.03,0.695000,1.00,-1939.627,159.346,0.305247,0.609230
998,2K2Y,78.85,0.650400,1.00,-3080.822,188.987,0.285127,0.628890
999,2K2Z,59.62,0.497800,1.00,-2138.618,257.704,0.414677,0.421440
1000,2K44,49.11,0.500300,1.00,-1981.757,160.727,0.661516,0.375010
1001,2K4U,91.22,0.721400,1.00,-2665.891,241.783,0.112333,0.771440
1004,2K6O,72.97,0.756600,1.00,-3164.657,108.482,0.313472,0.547620
1005,2K6R,62.93,0.534500,1.00,-2099.528,112.962,0.636338,0.444670
1006,2K72,89.19,0.717100,1.00,-3510.773,194.027,0.130979,0.751100
1007,2K76,91.67,0.743000,1.00,-1937.407,162.140,0.110615,0.675640
1008,2K7G,85.34,0.710500,1.00,-2048.902,167.103,0.241098,0.671560
1009,2K7Y,28.89,0.594400,1.00,-2311.071,211.842,1.386436,0.262840
1010,2K84,34.17,0.515000,1.00,-1380.691,165.351,0.831903,0.276420
1012,2K98,57.29,0.624500,1.00,-1255.798,58.681,0.719296,0.339020
1013,2K9D,55.68,0.662900,1.00,-3293.399,94.101,0.994262,0.466410
1014,2K9O,70.83,0.565200,1.00,-2212.189,194.823,0.317473,0.479850
1015,2KAM,85.58,0.722800,1.00,-1830.681,43.117,0.203568,0.687380
1016,2KB8,45.95,0.586500,1.00,-1692.891,250.108,0.933405,0.328350
1017,2KB9,75.00,0.638700,1.00,-2983.815,301.727,0.252763,0.608300
1018,2KBL,68.97,0.628900,1.00,-1706.626,136.552,0.327626,0.358890
1019,2KCF,72.92,0.638400,1.00,-2219.759,228.301,0.381028,0.526740
1020,2KCG,68.33,0.589500,1.00,-1932.607,179.420,0.325301,0.360450
1021,2KCH,95.69,0.777100,1.00,-1937.022,150.147,0.080553,0.730040
1023,2KDT,43.89,0.562700,1.00,-2418.107,241.962,0.687958,0.475530
1024,2KE3,38.37,0.527900,1.00,-2439.276,267.215,0.876950,0.327410
1025,2KEF,49.00,0.431000,1.00,-1387.622,178.573,0.448422,0.167110
1026,2KEG,57.03,0.482000,1.00,-1809.952,104.619,0.775533,0.422900
1027,2KEH,57.81,0.477800,1.00,-1809.952,104.619,0.879525,0.438530
1028,2KES,47.92,0.756200,1.00,-3813.793,116.501,0.457501,0.753060
1029,2KFE,64.58,0.670600,1.00,-1614.239,60.542,0.301473,0.377240
1030,2KFQ,34.38,0.332000,1.00,-2462.530,118.367,0.846517,0.323980
1031,2KGH,35.26,0.423000,1.00,-2139.610,247.842,1.077159,0.310760
1032,2KGN,77.08,0.597900,1.00,-1265.737,65.259,0.247207,0.297030
1033,2KGU,82.86,0.680600,1.00,-1818.416,172.860,0.209725,0.644620
1034,2KHB,81.03,0.700600,1.00,-1879.307,135.369,0.231760,0.578640
1035,2KHF,69.00,0.529600,1.00,-1542.876,79.275,0.647679,0.385890
1036,2KHG,65.00,0.513600,1.00,-1542.876,79.275,0.678650,0.421350
1037,2KI0,65.97,0.596200,1.00,-2298.899,162.935,0.411482,0.422710
1038,2KI9,55.30,0.614200,1.00,-2767.615,57.940,0.509901,0.394410
1039,2KIO,50.76,0.509000,1.00,-1985.482,145.296,0.611292,0.372260
1040,2KIR,72.79,0.580800,1.00,-2282.239,173.577,0.243077,0.486040
1041,2KIT,53.03,0.513100,1.00,-1985.482,145.296,0.610009,0.361930
1042,2KJM,43.33,0.511900,1.00,-1855.234,96.957,0.988719,0.316200
1043,2KJN,76.92,0.623200,1.00,-1841.847,33.418,0.455336,0.564140
1044,2KJO,64.42,0.595200,1.00,-1841.847,33.418,0.416835,0.384490
1045,2KLV,46.74,0.574500,1.00,-3000.087,162.956,0.584093,0.385750
1046,2KM9,48.00,0.476300,1.00,-1219.346,193.039,0.670499,0.246800
1047,2KMO,86.93,0.718500,1.00,-2805.566,172.971,0.231776,0.758260
1048,2KMP,85.80,0.723000,1.00,-2805.566,172.971,0.258379,0.754350
1049,2KMQ,75.00,0.668100,1.00,-2805.566,172.971,0.302338,0.590470
1050,2KMR,68.75,0.570500,1.00,-2805.566,172.971,0.932997,0.571210
1051,2KNI,87.80,0.703700,1.00,-2216.151,300.028,0.188899,0.754670
1052,2KNM,63.33,0.593400,1.00,-1932.607,179.420,0.329243,0.363350
1053,2KNP,46.97,0.454600,1.00,-1440.493,339.665,0.729067,0.267470
1054,2KNS,46.97,0.613800,1.00,-1674.488,102.917,0.972261,0.310420
1055,2KNU,47.41,0.409800,1.00,-1322.968,247.658,0.643073,0.309430
1056,2KOE,38.75,0.587700,1.00,-3035.495,101.154,1.016420,0.322370
1057,2KOZ,96.21,0.790700,1.00,-2182.270,116.113,0.098176,0.816930
1058,2KP0,87.12,0.695300,1.00,-2237.189,108.178,0.127909,0.678370
1059,2KPA,54.81,0.515000,1.00,-1381.161,101.116,0.392133,0.251110
1060,2KPB,53.85,0.515600,1.00,-1381.161,101.116,0.493771,0.273390
1061,2KSG,33.33,0.611100,1.00,-3054.273,86.260,1.530411,0.272520
1062,2KSJ,58.70,0.696400,1.00,-3000.087,162.956,0.520429,0.472120
1063,2KTC,67.65,0.587700,1.00,-1889.191,169.828,0.608607,0.412550
1064,2KTX,87.50,0.696200,1.00,-2628.003,189.078,0.166982,0.714920
1065,2KUK,89.17,0.737000,1.00,-2051.106,210.545,0.115590,0.653940
1066,2KUS,80.00,0.721400,1.00,-2185.956,175.600,0.160250,0.625510
1067,2KUX,65.83,0.585100,1.00,-2168.497,168.963,0.341463,0.374820
1068,2KUY,51.16,0.404600,1.00,-3305.281,304.092,0.765481,0.366200
1069,2KV5,69.70,0.631800,1.00,-2393.860,161.735,0.516440,0.591760
1070,2KVF,90.18,0.673100,1.00,-1875.009,109.281,0.184866,0.669550
1071,2KVG,80.56,0.678600,1.00,-1861.419,90.665,0.174800,0.474130
1072,2KVH,89.81,0.679700,1.00,-1851.577,102.139,0.207523,0.638270
1073,2KVX,93.75,0.773800,1.00,-1938.289,211.432,0.108108,0.681380
1074,2KWT,68.18,0.538400,1.00,-2639.471,106.997,0.395803,0.480560
1075,2KWY,59.30,0.732500,1.00,-2631.005,100.913,0.481965,0.641890
1076,2KWZ,60.00,0.642400,1.00,-3268.199,84.162,0.398515,0.488240
1077,2KXA,41.67,0.459300,1.00,-1196.850,137.755,1.006966,0.298990
1078,2KY3,84.85,0.684200,1.00,-2148.974,152.493,0.287800,0.640200
1079,2KYA,33.82,0.476500,1.00,-1408.457,131.649,0.897194,0.264310
1080,2KYJ,86.81,0.646100,1.00,-2003.148,293.603,0.224050,0.702200
1081,2KYK,67.31,0.506400,1.00,-2357.103,193.667,0.651226,0.478540
1082,2KZQ,39.58,0.435600,1.00,-1996.295,225.828,1.316437,0.287780
1083,2L07,76.39,0.580500,1.00,-916.426,165.343,0.208632,0.251440
1084,2L0G,82.81,0.673500,1.00,-2780.882,163.128,0.379697,0.638850
1085,2L0L,57.41,0.638100,1.00,-1556.972,52.864,0.588795,0.355530
1086,2L0M,63.89,0.646700,1.00,-1556.972,52.864,0.363300,0.316430
1087,2L0N,68.33,0.661200,1.00,-2311.256,72.421,0.308468,0.433530
1088,2L0O,57.50,0.577900,1.00,-2311.256,72.421,0.424313,0.461050
1089,2L1J,47.06,0.430800,1.00,-2211.934,198.520,0.646310,0.284110
1090,2L1Q,73.12,0.699800,1.00,-2187.276,254.700,0.648454,0.624590
1091,2L1X,40.38,0.532100,1.00,-2650.374,167.563,0.928081,0.327350
1092,2L2R,77.03,0.594100,1.00,-1945.701,185.961,0.602506,0.661970
1093,2L36,62.50,0.716600,1.00,-1200.595,47.822,0.365703,0.310330
1094,2L37,87.79,0.631800,1.00,-3478.906,159.004,0.283257,0.767180
1095,2L3H,35.90,0.376500,1.00,-2630.547,134.790,0.933270,0.303290
1096,2L3I,60.00,0.521300,1.00,-2214.021,87.715,0.559809,0.408070
1097,2L44,88.16,0.639800,1.00,-924.040,83.599,0.155918,0.411980
1098,2L4G,60.19,0.513900,1.00,-1120.473,116.729,0.421911,0.378980
1099,2L4J,64.67,0.617100,1.00,-2840.565,212.426,0.422948,0.528590
1100,2L4U,56.25,0.559300,1.00,-1265.737,65.259,0.501393,0.306370
1101,2L5I,40.48,0.443600,1.00,-1284.643,95.750,0.654150,0.135320
1102,2L5J,44.05,0.450600,1.00,-1284.643,95.750,0.527537,0.159960
1103,2L5R,59.78,0.662100,1.00,-1386.976,34.843,0.514802,0.344290
1104,2L61,45.19,0.471800,1.00,-1021.768,152.084,0.544663,0.171730
1105,2L62,38.46,0.448100,1.00,-1021.768,152.084,0.554211,0.193670
1106,2L63,61.36,0.624100,1.00,-2436.508,90.457,0.543859,0.383750
1107,2L64,71.21,0.623600,1.00,-2436.508,90.457,0.299850,0.402650
1108,2L6S,47.50,0.644200,1.00,-763.174,72.680,0.843383,0.187450
1109,2L6T,47.50,0.607100,1.00,-763.174,72.680,0.673679,0.171640
1110,2L70,40.48,0.613800,1.00,-2717.175,169.492,0.667483,0.520790
1111,2L71,57.14,0.617400,1.00,-2717.175,169.492,0.466377,0.505050
1112,2L77,60.90,0.503500,1.00,-2630.547,134.790,0.746663,0.480550
1113,2L79,49.36,0.423400,1.00,-2630.547,134.790,1.008595,0.383840
1114,2L7C,34.21,0.351200,1.00,-948.194,97.306,0.700176,0.114710
1115,2L7T,63.64,0.551900,1.00,-310.319,63.520,0.417873,0.204770
1116,2L87,39.81,0.525000,1.00,-912.375,143.818,0.705538,0.218760
1117,2L8E,62.24,0.668300,1.00,-2828.245,329.203,0.817475,0.532580
1118,2L91,79.07,0.722000,1.00,-3471.419,82.612,0.245994,0.682740
1122,2L9G,75.00,0.590000,1.00,-1218.098,62.820,0.415008,0.273360
1123,2L9X,34.17,0.356100,1.00,-1702.679,126.720,0.760824,0.200520
1124,2L9Z,57.05,0.677600,1.00,-2135.379,162.374,0.819726,0.435390
1125,2LA0,36.67,0.383300,1.00,-1784.035,249.094,0.676988,0.183270
1126,2LAM,88.79,0.710500,1.00,-1977.218,215.090,0.241158,0.662240
1127,2LAQ,35.42,0.442800,1.00,-1718.835,203.953,0.706204,0.261810
1128,2LAT,65.54,0.709400,1.00,-2687.204,96.259,0.521367,0.535890
1129,2LB7,81.25,0.672200,1.00,-3119.217,239.169,0.202962,0.662510
1130,2LBG,80.56,0.843800,1.00,-1108.057,40.719,0.180359,0.560790
1131,2LBZ,36.29,0.403700,1.00,-2195.968,119.804,0.866852,0.253780
1132,2LCM,43.75,0.388500,1.00,-2050.636,142.528,0.917936,0.301700
1133,2LDE,62.00,0.533100,1.00,-1691.178,84.708,0.373730,0.303680
1134,2LDF,64.58,0.564200,1.00,-1738.630,94.866,0.550461,0.346080
1135,2LDJ,52.50,0.599100,1.00,-829.144,96.514,0.613039,0.258830
1136,2LDS,70.14,0.530200,1.00,-2185.840,215.143,0.347580,0.504110
1137,2LE3,71.43,0.642300,1.00,-2814.645,199.941,0.280445,0.550860
1138,2LE7,42.50,0.496000,1.00,-1258.654,76.448,0.537820,0.222620
1139,2LER,59.09,0.586200,1.00,-392.372,75.721,0.292871,0.347310
1140,2LET,86.61,0.696000,1.00,-1881.148,108.776,0.141542,0.576140
1141,2LEU,44.59,0.525500,1.00,-2049.350,178.190,0.777166,0.383010
1142,2LEW,57.81,0.448000,1.00,-2032.905,188.443,0.371908,0.388040
1143,2LEY,92.97,0.748000,1.00,-1997.091,150.051,0.132296,0.749880
1144,2LFM,28.12,0.451500,1.00,-1324.871,271.109,1.378885,0.206190
1145,2LG4,93.75,0.756700,1.00,-2742.898,180.654,0.137976,0.783490
1146,2LG5,70.14,0.605500,1.00,-2467.489,207.739,0.390294,0.503960
1147,2LG6,80.56,0.662100,1.00,-2663.257,189.506,0.248988,0.624920
1148,2LI3,68.33,0.553000,1.00,-2309.527,178.392,0.467032,0.393260
1149,2LIC,25.00,0.529100,1.00,-936.735,240.180,1.001125,0.203400
1150,2LID,27.14,0.498400,1.00,-1021.335,227.297,1.178536,0.201640
1151,2LIF,60.19,0.637500,1.00,-1448.387,80.746,0.460914,0.432860
1152,2LIX,62.96,0.515600,1.00,-1865.363,126.292,0.376770,0.426900
1153,2LIY,66.11,0.573000,1.00,-2893.384,262.483,0.372278,0.545050
1154,2LJ7,77.66,0.677000,1.00,-3363.914,277.540,0.263901,0.659360
1155,2LJQ,48.65,0.467700,1.00,-1697.597,202.280,0.578367,0.360160
1156,2LJS,87.50,0.702400,1.00,-1694.091,167.624,0.234024,0.625020
1157,2LJT,50.00,0.481300,1.00,-1799.068,248.179,0.709117,0.383050
1158,2LK9,60.71,0.596900,1.00,-2093.840,76.548,0.470841,0.487800
1159,2LKE,33.33,0.457600,1.00,-500.720,180.314,0.850518,0.164360
1160,2LKJ,29.17,0.441800,1.00,-500.720,180.314,0.810190,0.120350
1161,2LKQ,50.00,0.492700,1.00,-1201.657,133.029,0.444316,0.243460
1162,2LL1,81.82,0.644400,1.00,-2321.356,174.779,0.240714,0.619760
1163,2LL2,31.73,0.487900,1.00,-894.469,132.366,0.789256,0.173100
1164,2LL5,48.86,0.618900,1.00,-611.446,110.449,0.882532,0.303330
1165,2LLD,77.50,0.639500,1.00,-2461.831,197.057,0.326190,0.647110
1166,2LLM,60.47,0.721400,1.00,-2393.282,225.211,0.553039,0.482940
1167,2LLR,60.23,0.440200,1.00,-1189.994,125.284,0.526149,0.254680
1168,2LM8,48.08,0.400200,1.00,-456.917,102.451,0.470550,0.184630
1169,2LMA,53.41,0.509500,1.00,-1037.449,183.796,0.494051,0.215800
1170,2LMB,25.00,0.459300,1.00,-835.578,303.944,1.249481,0.240880
1171,2LMF,71.74,0.729700,1.00,-1599.918,47.647,0.264825,0.402220
1172,2LMZ,43.45,0.462400,1.00,-3201.230,340.112,0.679738,0.297290
1173,2LNE,61.54,0.515600,1.00,-473.742,81.383,0.381842,0.245190
1174,2LNF,57.69,0.500700,1.00,-473.742,81.383,0.356597,0.265760
1175,2LNG,51.92,0.481200,1.00,-473.742,81.383,0.400480,0.220910
1176,2LO2,75.66,0.667000,1.00,-2042.320,168.317,0.354115,0.609910
1177,2LO3,63.07,0.662000,1.00,-2714.388,196.355,0.506897,0.488070
1178,2LO7,70.16,0.558200,1.00,-2313.726,136.756,0.607488,0.487780
1179,2LQ0,75.00,0.533500,1.00,-1598.890,95.277,0.441873,0.537060
1180,2LQ1,36.00,0.475200,1.00,-1062.127,114.550,0.645698,0.153350
1181,2LQ2,56.67,0.584200,1.00,-1125.731,129.680,0.470462,0.316010
1182,2LQA,68.24,0.548400,1.00,-2723.541,210.760,0.252301,0.472510
1183,2LQX,85.37,0.656700,1.00,-3109.742,164.720,0.317037,0.742230
1184,2LQY,70.00,0.590200,1.00,-1264.776,45.439,0.413309,0.313650
1185,2LR3,78.72,0.615000,1.00,-3266.493,235.811,0.195388,0.686110
1186,2LR5,78.95,0.639200,1.00,-2753.006,195.148,0.274131,0.620940
1187,2LR7,31.90,0.446600,1.00,-2020.554,85.245,0.939222,0.201630
1188,2LRX,56.11,0.588400,1.00,-3300.577,168.075,0.494509,0.434590
1189,2LS1,37.50,0.398500,1.00,-974.924,226.861,0.594360,0.184740
1190,2LS2,74.00,0.668700,1.00,-1961.573,31.611,0.409680,0.533430
1191,2LS3,68.97,0.701600,1.00,-2551.807,55.981,0.350626,0.519040
1192,2LS4,65.62,0.589300,1.00,-1527.199,45.071,0.356214,0.341370
1193,2LS9,62.00,0.596000,1.00,-1328.550,61.341,0.397079,0.235180
1194,2LSA,56.52,0.547400,1.00,-1326.459,147.458,0.385219,0.269910
1195,2LSQ,55.00,0.433700,1.00,-1730.932,124.308,0.518286,0.246430
1196,2LSW,26.88,0.545900,1.00,-1357.523,233.434,1.175690,0.231130
1197,2LT8,83.33,0.738600,1.00,-3087.204,177.159,0.203290,0.695240
1198,2LTI,27.17,0.518800,1.00,-673.894,150.134,1.254620,0.162380
1200,2LU9,83.06,0.676300,1.00,-2038.852,134.906,0.227575,0.532720
1201,2LUF,61.25,0.509700,1.00,-843.255,104.220,0.464922,0.301320
1202,2LUG,37.50,0.491600,1.00,-1423.033,239.386,1.456717,0.283680
1203,2LUR,68.97,0.577800,1.00,-1888.490,143.185,0.436779,0.404390
1204,2LUV,25.71,0.468900,1.00,-979.151,351.970,1.160067,0.236560
1205,2LVG,70.00,0.704900,1.00,-2791.085,70.866,0.329759,0.498140
1206,2LWB,60.00,0.474400,1.00,-1520.540,87.904,0.397995,0.189150
1207,2LWL,45.92,0.498300,1.00,-2790.767,268.069,0.554595,0.404880
1208,2LWQ,70.31,0.553300,1.00,-636.411,104.049,0.267945,0.247730
1209,2LWS,66.67,0.591600,1.00,-499.404,68.351,0.280475,0.326960
1210,2LWT,44.44,0.392400,1.00,-772.069,124.768,0.471168,0.231030
1211,2LWU,83.33,0.722700,1.00,-646.577,58.018,0.240816,0.381560
1212,2LWV,73.53,0.662500,1.00,-653.884,126.947,0.240887,0.318650
1213,2LX0,60.16,0.659900,1.00,-2944.625,50.958,0.449868,0.401710
1214,2LX4,67.65,0.488500,1.00,-1145.526,59.198,0.491928,0.411130
1215,2LX5,83.33,0.677000,1.00,-813.124,45.724,0.270311,0.402770
1216,2LX6,39.47,0.582300,1.00,-598.319,98.759,0.952773,0.165080
1217,2LXO,47.73,0.458900,1.00,-3170.057,204.244,0.610672,0.347790
1218,2LXZ,91.41,0.731200,1.00,-2208.170,137.299,0.104171,0.705950
1219,2LYE,36.11,0.321800,1.00,-594.565,140.546,0.671645,0.207140
1220,2LYF,38.89,0.341800,1.00,-777.909,174.146,0.681332,0.164880
1221,2LZI,37.50,0.346000,1.00,-673.967,151.504,0.564627,0.117850
1222,2LZO,41.38,0.401400,1.00,-1560.197,210.596,0.881847,0.233650
1223,2LZP,53.23,0.469600,1.00,-1847.584,114.986,0.624106,0.470400
1224,2LZQ,74.04,0.659700,1.00,-2151.700,121.548,0.308760,0.527950
1225,2LZX,72.97,0.596700,1.00,-2673.752,166.559,0.242251,0.538140
1226,2LZY,80.00,0.669000,1.00,-2361.270,220.284,0.268230,0.613220
1227,2M0H,69.32,0.643700,1.00,-1445.165,65.224,0.334714,0.357320
1228,2M0S,43.75,0.523900,1.00,-1603.533,110.098,0.616499,0.274060
1229,2M0W,50.00,0.580600,1.00,-944.088,141.146,0.831592,0.238070
1230,2M1A,83.65,0.661400,1.00,-1434.290,53.960,0.152338,0.518820
1231,2M1J,65.83,0.620900,1.00,-2093.460,57.378,0.540727,0.471240
1232,2M1P,44.44,0.359000,1.00,-842.976,63.304,0.503245,0.149060
1233,2M1T,61.36,0.559200,1.00,-1388.371,83.159,0.456354,0.233830
1234,2M2G,34.72,0.325400,1.00,-444.942,153.940,0.783279,0.213260
1235,2M2H,33.33,0.306600,1.00,-888.391,99.842,0.554736,0.139670
1236,2M2Q,85.94,0.715200,1.00,-2383.006,142.774,0.203068,0.645310
1237,2M2R,78.03,0.646500,1.00,-2305.771,216.583,0.242528,0.574430
1238,2M2S,47.22,0.349700,1.00,-804.788,62.385,0.462503,0.144680
1239,2M2X,29.17,0.288500,1.00,-863.150,27.002,1.019131,0.132280
1240,2M2Y,30.56,0.397500,1.00,-613.937,130.430,0.615931,0.171120
1241,2M36,40.13,0.353100,1.00,-1920.723,370.443,0.928024,0.294740
1242,2M37,39.47,0.540000,1.00,-617.758,134.784,1.057817,0.153020
1243,2M3F,80.68,0.725000,1.00,-1598.655,49.350,0.162452,0.531980
1244,2M3J,78.79,0.652400,1.00,-2303.137,143.551,0.227064,0.561370
1245,2M3N,56.94,0.490000,1.00,-727.100,130.731,0.474780,0.185420
1246,2M4X,64.29,0.504200,1.00,-2125.932,212.819,0.313706,0.372050
1247,2M4Z,55.00,0.489900,1.00,-2085.341,237.250,0.431551,0.325350
1248,2M50,67.14,0.528200,1.00,-2238.077,208.599,0.326753,0.436130
1249,2M5L,48.75,0.578300,1.00,-806.927,95.030,0.508886,0.177590
1250,2M5X,91.88,0.835400,1.00,-2682.243,170.375,0.164744,0.818130
1251,2M5Z,93.75,0.735700,1.00,-5287.151,158.596,0.106578,0.863950
1252,2M60,84.88,0.704100,1.00,-5488.116,150.064,0.163491,0.711160
1253,2M62,52.08,0.500400,1.00,-473.007,128.780,0.392163,0.194330
1254,2M6A,80.36,0.675700,1.00,-1757.841,105.077,0.153817,0.485770
1255,2M6O,78.12,0.676800,1.00,-3024.167,262.772,0.365101,0.710920
1256,2M6P,80.43,0.648800,1.00,-3347.983,304.813,0.444026,0.705380
1257,2M73,62.00,0.544400,1.00,-1656.158,59.373,0.514907,0.293610
1258,2M77,87.50,0.717000,1.00,-970.921,86.227,0.196333,0.383750
1259,2M78,43.06,0.378900,1.00,-836.572,97.556,0.480886,0.176480
1260,2M79,81.94,0.689400,1.00,-920.328,98.996,0.156220,0.246520
1261,2M7C,76.19,0.629200,1.00,-1132.111,75.678,0.341643,0.285330
1262,2M7D,62.50,0.600400,1.00,-1065.612,89.013,0.569517,0.374620
1263,2M7E,42.31,0.384000,1.00,-1473.599,136.535,0.684773,0.310520
1264,2M7I,48.21,0.558400,1.00,-161.172,104.388,0.790020,0.178560
1265,2M7J,48.21,0.447100,1.00,-346.513,88.995,0.586342,0.231920
1266,2M7P,75.60,0.680100,1.00,-2519.378,248.167,0.248484,0.629400
1267,2M7T,78.79,0.607900,1.00,-2047.892,190.612,0.269394,0.641950
1268,2M7X,38.16,0.497700,1.00,-1975.592,178.568,0.801368,0.286550
1269,2M8F,28.12,0.436200,1.00,-1025.099,103.782,1.091627,0.192840
1270,2M8I,75.00,0.690700,1.00,-2618.232,197.606,0.456496,0.620390
1271,2M8J,75.58,0.692100,1.00,-2603.011,288.706,0.353799,0.642230
1272,2M8M,71.43,0.680500,1.00,-2249.510,144.856,0.303533,0.573720
1273,2M8O,72.32,0.670500,1.00,-2249.510,144.856,0.217938,0.408910
1274,2M96,69.89,0.618900,1.00,-2207.585,315.363,0.355032,0.548070
1275,2M9E,90.15,0.758600,1.00,-2124.812,247.861,0.186376,0.739400
1276,2M9F,75.00,0.703200,1.00,-2124.812,247.861,0.333126,0.540620
1277,2M9I,80.88,0.694400,1.00,-2244.618,186.085,0.300377,0.611240
1278,2M9J,83.09,0.718400,1.00,-2244.618,186.085,0.288880,0.647260
1279,2M9L,81.43,0.635400,1.00,-2427.474,262.458,0.350508,0.633970
1280,2M9O,89.66,0.720200,1.00,-1953.539,175.383,0.217669,0.705060
1281,2M9R,24.38,0.458600,1.00,-1324.871,271.109,1.639846,0.181260
1282,2M9S,28.75,0.477600,1.00,-1324.871,271.109,1.607667,0.280880
1283,2MAA,75.00,0.647700,1.00,-648.216,91.197,0.237626,0.448050
1284,2MAE,48.08,0.481800,1.00,-916.508,240.926,1.007303,0.270440
1285,2MAU,55.83,0.503100,1.00,-1767.112,383.546,0.453879,0.329760
1286,2MBD,73.15,0.667700,1.00,-1455.124,72.492,0.341629,0.501550
1287,2MBY,54.89,0.573200,1.00,-3471.709,188.845,0.683295,0.469450
1288,2MCE,57.14,0.522700,1.00,-778.570,131.063,0.467050,0.216570
1289,2MD1,72.06,0.532700,1.00,-765.789,73.680,0.337579,0.281200
1290,2MD2,65.00,0.523500,1.00,-382.510,43.975,0.322164,0.430770
1291,2MD4,81.25,0.634600,1.00,-505.854,77.492,0.144113,0.369390
1292,2MD6,75.00,0.596700,1.00,-966.961,59.426,0.267395,0.272920
1293,2MDC,43.75,0.489000,1.00,-2969.487,272.237,0.954519,0.374960
1294,2MDL,31.25,0.406000,1.00,-1299.232,133.748,0.745252,0.137850
1295,2MDU,42.24,0.460300,1.00,-1310.781,202.800,1.303797,0.310420
1296,2ME1,60.19,0.553500,1.00,-2347.881,67.654,0.458969,0.389200
1297,2ME2,59.26,0.598700,1.00,-2138.968,100.401,0.398374,0.395130
1298,2ME3,61.11,0.568800,1.00,-2453.987,86.261,0.341981,0.372660
1299,2ME4,55.56,0.568300,1.00,-2378.765,57.516,0.444532,0.337590
1300,2ME7,90.91,0.769500,1.00,-2188.660,138.166,0.244386,0.768890
1301,2MEL,87.88,0.763800,1.00,-2263.441,122.368,0.183346,0.700300
1302,2MEN,81.06,0.669500,1.00,-2087.706,136.490,0.351863,0.612860
1303,2MEO,78.79,0.640200,1.00,-2186.504,112.225,0.361080,0.582190
1304,2MF3,26.06,0.288600,1.00,-3207.287,408.297,0.926812,0.241530
1305,2MFM,46.67,0.493600,1.00,-467.899,59.940,0.662036,0.106500
1306,2MFO,43.33,0.460700,1.00,-394.190,59.872,0.660028,0.217760
1307,2MFP,31.45,0.428200,1.00,-1238.959,300.115,0.860060,0.202050
1308,2MFS,83.57,0.710100,1.00,-2435.724,186.128,0.180215,0.661800
1309,2MFV,35.71,0.588100,1.00,-120.141,75.621,0.972560,0.233160
1310,2MG1,72.22,0.697200,1.00,-1634.145,60.952,0.262200,0.459990
1311,2MG2,74.11,0.661800,1.00,-1970.192,159.889,0.335292,0.469660
1312,2MG3,73.21,0.667000,1.00,-1970.192,159.889,0.303904,0.446970
1313,2MH1,74.24,0.639000,1.00,-2105.851,162.097,0.407615,0.543910
1314,2MHU,40.00,0.425400,1.00,-1768.899,202.026,0.640410,0.203100
1315,2MHW,49.07,0.631200,1.00,-1694.348,44.032,0.708344,0.353220
1316,2MI1,50.00,0.461400,1.00,-528.398,92.172,0.467020,0.187070
1317,2MI9,43.33,0.443000,1.00,-1855.984,193.991,0.609566,0.272310
1318,2MIA,41.67,0.447200,1.00,-1855.984,193.991,0.596625,0.301750
1319,2MID,56.25,0.463100,1.00,-372.229,71.764,0.402124,0.338600
1320,2MIE,39.58,0.507100,1.00,-363.111,56.310,0.657936,0.195050
1321,2MIF,45.83,0.481500,1.00,-323.681,65.045,0.521290,0.283560
1322,2MIG,70.83,0.552400,1.00,-398.809,65.360,0.352915,0.277900
1323,2MIH,37.50,0.502700,1.00,-352.912,74.063,0.860021,0.212120
1324,2MIJ,70.27,0.591800,1.00,-2813.479,78.064,0.306056,0.521270
1325,2MIX,52.38,0.467200,1.00,-1050.830,116.348,0.613136,0.209650
1326,2MJ1,41.67,0.365500,1.00,-709.301,101.211,0.647248,0.207620
1327,2MJ2,61.11,0.617000,1.00,-2620.587,127.049,0.766985,0.498770
1328,2MJ9,67.95,0.697200,1.00,-2510.963,146.193,0.381474,0.512300
1329,2MJC,61.76,0.611500,1.00,-1730.615,227.620,0.796920,0.449160
1330,2MJK,86.59,0.724300,1.00,-3581.095,180.242,0.235609,0.738390
1331,2MKB,70.00,0.599200,1.00,-1790.848,73.085,0.358080,0.486420
1332,2ML7,67.74,0.605300,1.00,-2179.036,212.258,0.275660,0.373300
1333,2MLA,92.57,0.727100,1.00,-2431.363,244.979,0.103315,0.777240
1334,2MLD,92.57,0.745900,1.00,-2401.879,188.928,0.105347,0.786890
1335,2MLJ,45.83,0.505200,1.00,-538.610,67.962,1.069467,0.132180
1336,2MLO,76.56,0.558600,1.00,-968.168,90.486,0.256423,0.331150
1337,2MLQ,71.88,0.538100,1.00,-968.168,90.486,0.286246,0.293890
1338,2MLU,46.67,0.449100,1.00,-1193.825,275.931,0.511892,0.237180
1339,2MLV,45.00,0.454000,1.00,-1193.825,275.931,0.548198,0.218560
1340,2MM5,55.83,0.507700,1.00,-1685.641,286.806,0.417826,0.233720
1341,2MM6,81.67,0.647800,1.00,-2119.781,241.922,0.197169,0.559680
1342,2MMM,62.50,0.657400,1.00,-1499.983,323.465,0.314229,0.476440
1343,2MMT,36.90,0.384200,1.00,-973.892,167.373,0.619102,0.192620
1344,2MMW,48.81,0.454800,1.00,-963.933,165.749,0.545546,0.106890
1345,2MN1,85.83,0.696200,1.00,-2029.615,134.342,0.200899,0.645760
1346,2MN3,55.68,0.472500,1.00,-2323.383,346.086,0.375074,0.401840
1347,2MOC,90.91,0.679400,1.00,-463.396,38.417,0.205619,0.493060
1348,2MOF,61.90,0.585300,1.00,-2730.736,170.989,0.589323,0.513340
1349,2MPJ,72.00,0.595800,1.00,-1341.884,138.291,0.355693,0.395350
1350,2MPQ,82.64,0.688800,1.00,-2149.072,269.909,0.233655,0.653110
1351,2MQ2,50.00,0.464800,1.00,-279.941,93.265,0.465373,0.274530
1352,2MQ4,59.09,0.470000,1.00,-252.938,102.663,0.426324,0.246940
1353,2MQ5,60.00,0.422700,1.00,-121.508,69.061,0.384018,0.345780
1354,2MQF,97.79,0.782800,1.00,-2057.866,189.487,0.073699,0.852090
1355,2MQU,55.00,0.483900,1.00,-2485.641,192.906,0.445647,0.364190
1356,2MR9,86.93,0.714800,1.00,-4323.130,121.212,0.167806,0.772860
1357,2MRB,41.94,0.422200,1.00,-1770.641,152.292,0.621938,0.255230
1358,2MRF,79.55,0.689800,1.00,-2189.787,139.398,0.272252,0.547720
1359,2MRT,44.17,0.436000,1.00,-1750.092,187.915,0.629397,0.265830
1360,2MRW,36.88,0.309400,1.00,-3438.127,143.610,1.082485,0.362850
1361,2MSF,43.97,0.435700,1.00,-1728.839,238.168,0.674323,0.317460
1362,2MSO,72.50,0.582100,1.00,-1786.792,244.221,0.370299,0.451320
1363,2MSQ,69.44,0.567700,1.00,-1692.458,152.662,0.280161,0.344620
1364,2MSU,66.25,0.615900,1.00,-1170.455,57.612,0.367432,0.328960
1365,2MT7,94.29,0.782400,1.00,-2310.577,182.092,0.126459,0.811410
1366,2MT8,65.38,0.591900,1.00,-2281.129,230.887,0.565709,0.562970
1367,2MTM,52.63,0.436200,1.00,-1028.295,309.208,0.376434,0.173110
1368,2MTO,69.23,0.521200,1.00,-561.425,114.370,0.449087,0.243850
1369,2MTT,73.08,0.574600,1.00,-483.325,90.826,0.264146,0.329070
1370,2MTU,71.15,0.561400,1.00,-483.325,90.826,0.360654,0.269610
1371,2MTW,63.75,0.526800,1.00,-1067.335,92.393,0.504913,0.399260
1372,2MTY,45.00,0.557600,1.00,-811.904,61.367,0.540338,0.106840
1373,2MU6,73.75,0.613500,1.00,-1248.920,54.952,0.437974,0.306060
1374,2MU7,50.00,0.473400,1.00,-704.704,97.414,0.538168,0.221230
1375,2MU8,41.25,0.490200,1.00,-784.914,138.585,0.653267,0.127600
1376,2MU9,65.00,0.602500,1.00,-1329.340,88.169,0.455558,0.303750
1377,2MUA,82.14,0.691800,1.00,-1220.675,57.473,0.187843,0.392820
1378,2MUB,88.10,0.711200,1.00,-3595.101,277.350,0.207820,0.772100
1379,2MUE,73.75,0.638700,1.00,-1386.205,57.302,0.314225,0.241600
1380,2MUF,63.75,0.574500,1.00,-936.869,109.670,0.387595,0.305010
1381,2MUH,56.25,0.393600,1.00,-517.499,102.099,0.502877,0.181880
1382,2MUJ,30.95,0.445900,1.00,-780.235,139.000,0.751949,0.105100
1383,2MUN,45.11,0.451500,1.00,-3540.595,168.415,0.878052,0.356270
1384,2MUQ,72.16,0.706900,1.00,-2835.616,147.588,0.436965,0.606530
1385,2MV6,54.59,0.689500,1.00,-3517.738,212.616,0.511871,0.562720
1386,2MVA,64.81,0.547700,1.00,-1387.602,166.305,0.445365,0.303920
1387,2MVH,58.65,0.621600,1.00,-1450.221,110.149,0.707474,0.358060
1388,2MVI,41.28,0.390600,1.00,-2988.994,343.020,0.783416,0.323160
1389,2MVJ,79.81,0.628100,1.00,-1853.825,64.730,0.207698,0.526320
1390,2MVK,34.62,0.457300,1.00,-916.508,240.926,0.763499,0.183690
1391,2MVL,32.69,0.465700,1.00,-916.508,240.926,0.771463,0.183510
1392,2MVM,52.84,0.618600,1.00,-2349.872,223.742,1.192985,0.416740
1393,2MVN,57.39,0.646200,1.00,-2349.872,223.742,0.778914,0.512050
1394,2MVT,44.15,0.454800,1.00,-3714.359,228.305,0.942087,0.359940
1395,2MW0,79.31,0.642200,1.00,-1867.102,128.275,0.269244,0.513820
1396,2MW3,35.71,0.489900,1.00,-924.780,113.761,1.005669,0.190490
1397,2MW7,80.41,0.688100,1.00,-1969.005,315.448,0.262149,0.607550
1398,2MW9,82.43,0.725700,1.00,-2253.305,186.515,0.322102,0.664740
1399,2MWA,72.30,0.632900,1.00,-2305.484,252.889,0.615711,0.553650
1400,2MWB,77.03,0.682900,1.00,-2348.227,216.090,0.362138,0.605010
1401,2MWD,85.71,0.670800,1.00,-1583.211,151.740,0.174329,0.515640
1402,2MWE,83.04,0.655300,1.00,-1671.826,155.576,0.202438,0.497720
1403,2MWF,78.12,0.634000,1.00,-2033.354,131.456,0.265934,0.535200
1404,2MWJ,93.75,0.818900,1.00,-2345.299,197.182,0.096557,0.798000
1405,2MWK,95.14,0.826300,1.00,-2345.299,197.182,0.085097,0.807330
1406,2MWL,50.00,0.439200,1.00,-516.272,77.277,0.479239,0.191950
1407,2MWT,50.00,0.502700,1.00,-1762.315,231.717,0.787273,0.314010
1408,2MX4,43.33,0.446100,1.00,-2294.867,217.243,0.956915,0.358170
1409,2MXG,60.94,0.469300,1.00,-516.272,77.277,0.326244,0.215360
1410,2MXH,46.88,0.501300,1.00,-516.272,77.277,0.521009,0.247600
1411,2MXM,96.21,0.794400,1.00,-2225.082,198.013,0.070367,0.844160
1412,2MXO,88.24,0.678900,1.00,-2222.472,165.689,0.154397,0.707510
1413,2MXP,90.91,0.788000,1.00,-2527.941,155.728,0.216695,0.783180
1414,2MXQ,69.12,0.575100,1.00,-2101.602,153.409,0.291976,0.453160
1415,2MXV,65.70,0.591900,1.00,-2574.484,194.577,0.656474,0.536620
1416,2MYH,61.59,0.524000,1.00,-2569.863,190.640,0.431894,0.429930
1417,2MYL,83.75,0.656500,1.00,-1440.196,54.921,0.285190,0.332040
1418,2MYM,58.75,0.563300,1.00,-1478.260,64.470,0.462584,0.251730
1419,2MZ2,69.12,0.624200,1.00,-834.656,82.944,0.342099,0.291340
1420,2MZ3,66.18,0.603400,1.00,-834.656,82.944,0.372641,0.290080
1421,2MZ4,44.57,0.457300,1.00,-3540.595,168.415,0.824964,0.347520
1422,2MZ7,20.11,0.503300,1.00,-1247.668,290.307,1.437980,0.192100
1423,2MZA,57.35,0.541200,1.00,-834.656,82.944,0.471202,0.263760
1424,2MZX,65.00,0.502900,1.00,-364.267,69.517,0.229804,0.370180
1426,2N0X,34.38,0.546900,1.00,-526.471,95.508,0.965293,0.224160
1427,2N16,71.25,0.546000,1.00,-1192.635,47.628,0.282382,0.240970
1428,2N1C,36.96,0.414600,1.00,-816.354,126.950,0.688098,0.127790
1429,2N1N,87.86,0.683300,1.00,-2539.257,189.972,0.148874,0.684780
1430,2N1P,70.83,0.633200,1.00,-1717.077,117.932,0.364700,0.456400
1431,2N1S,85.00,0.712800,1.00,-1879.214,164.641,0.331773,0.604310
1432,2N24,58.87,0.505100,1.00,-1650.973,241.719,0.866229,0.496990
1433,2N2C,37.79,0.616600,1.00,-1813.597,229.923,0.837925,0.395700
1434,2N2F,67.31,0.570000,1.00,-290.402,81.983,0.291642,0.321260
1435,2N2G,89.39,0.722700,1.00,-2183.156,207.557,0.155290,0.677230
1436,2N2S,39.84,0.443000,1.00,-2171.736,246.579,0.802041,0.293570
1437,2N3P,87.50,0.731300,1.00,-1924.732,255.103,0.201239,0.637700
1438,2N4K,64.53,0.575400,1.00,-1936.268,205.506,0.352764,0.478110
1439,2N4R,85.81,0.748800,1.00,-2379.096,172.247,0.557328,0.768180
1440,2N4S,83.11,0.731200,1.00,-2281.467,175.845,0.469341,0.693950
1441,2N4T,87.16,0.733500,1.00,-2311.982,172.430,0.309087,0.738410
1442,2N4U,83.11,0.702500,1.00,-2483.155,188.903,0.345360,0.688160
1443,2N4V,77.03,0.735400,1.00,-2242.603,244.762,0.643978,0.635740
1444,2N4W,81.08,0.734100,1.00,-2541.937,175.572,0.350084,0.688010
1445,2N58,71.67,0.580300,1.00,-2381.752,130.420,0.275749,0.446420
1446,2N5C,45.00,0.423800,1.00,-572.383,93.954,0.583723,0.194980
1447,2N5J,79.59,0.688500,1.00,-4497.516,179.423,0.214226,0.694200
1448,2N5K,72.41,0.573100,1.00,-1394.152,228.560,0.401036,0.487660
1449,2N5Q,87.96,0.689700,1.00,-1757.391,174.943,0.200007,0.598440
1450,2N5R,91.67,0.639400,1.00,-600.005,45.399,0.165922,0.494900
1451,2N63,45.31,0.404200,1.00,-516.272,77.277,0.480647,0.224400
1452,2N68,41.30,0.570600,1.00,-673.894,150.134,1.061479,0.153240
1453,2N6B,83.09,0.689400,1.00,-2510.268,149.420,0.149171,0.635460
1454,2N6M,69.05,0.593900,1.00,-1161.059,78.707,0.395858,0.330310
1455,2N6N,65.62,0.527900,1.00,-2003.042,142.137,0.509817,0.443350
1456,2N6O,81.43,0.639800,1.00,-2432.300,204.376,0.369329,0.652670
1457,2N6U,35.00,0.507900,1.00,-756.937,113.894,1.061749,0.109680
1458,2N6V,30.21,0.455700,1.00,-1025.099,103.782,0.943784,0.211570
1459,2N7F,66.41,0.573400,1.00,-2823.127,155.082,0.372521,0.423460
1460,2N7I,62.84,0.624600,1.00,-3062.693,90.305,0.498769,0.577450
1461,2N85,46.95,0.398200,1.00,-3058.056,130.225,1.178102,0.433330
1462,2N8B,59.72,0.505000,1.00,-2396.737,174.216,0.607346,0.403330
1463,2N8E,61.03,0.518100,1.00,-1621.803,243.700,0.526567,0.396360
1464,2N8H,77.86,0.610200,1.00,-2146.537,184.052,0.260925,0.569080
1465,2N8S,83.97,0.755800,1.00,-2370.103,188.590,0.363631,0.718780
1466,2N8U,74.36,0.667300,1.00,-1895.922,187.435,0.320645,0.638870
1467,2N92,52.42,0.508500,1.00,-1888.550,88.139,0.704322,0.390690
1468,2N94,85.94,0.748800,1.00,-3167.710,282.921,0.197613,0.780710
1469,2N95,80.10,0.706200,1.00,-3168.707,232.943,0.292651,0.709940
1470,2N9C,53.75,0.459200,1.00,-653.544,75.365,0.538259,0.213760
1471,2N9M,54.69,0.478700,1.00,-516.272,77.277,0.354924,0.259600
1472,2N9N,46.88,0.436100,1.00,-516.272,77.277,0.498725,0.281810
1473,2N9O,76.19,0.723800,1.00,-3056.198,247.036,0.663261,0.669030
1474,2N9T,68.33,0.536600,1.00,-1845.217,163.282,0.366242,0.435180
1475,2N9Z,73.81,0.638300,1.00,-2714.139,223.889,0.507159,0.636600
1476,2NA3,89.58,0.639100,1.00,-811.790,39.270,0.172625,0.555710
1477,2NA8,57.39,0.661200,1.00,-3223.944,197.366,0.785377,0.488590
1478,2NA9,56.82,0.659300,1.00,-3326.688,192.919,0.662892,0.496720
1479,2NAB,67.68,0.650800,1.00,-2710.225,201.307,0.888524,0.568020
1480,2NAE,27.33,0.424800,1.00,-1618.756,296.585,1.237397,0.217520
1481,2NAJ,86.36,0.711500,1.00,-2204.958,222.802,0.172339,0.647030
1482,2NAL,89.58,0.671000,1.00,-823.950,30.081,0.202469,0.444890
1483,2NAT,41.96,0.502400,1.00,-1669.158,101.456,0.683164,0.279760
1484,2NAU,58.04,0.520600,1.00,-1760.479,61.408,0.508685,0.358800
1485,2NAW,39.10,0.532400,1.00,-2324.335,150.109,0.909140,0.327360
1486,2NB2,82.24,0.713000,1.00,-3253.350,131.536,0.205252,0.677180
1487,2NB5,75.00,0.577600,1.00,-680.019,163.025,0.242162,0.242880
1488,2NB6,62.50,0.559500,1.00,-676.443,117.556,0.281929,0.204740
1489,2NB7,42.65,0.461800,1.00,-490.735,86.549,0.619414,0.199330
1490,2NB8,48.15,0.534100,1.00,-1421.034,118.306,1.003600,0.346350
1491,2NB9,69.90,0.572400,1.00,-3554.663,374.610,0.658168,0.634400
1492,2NC3,88.64,0.774600,1.00,-2124.812,247.861,0.164131,0.696930
1493,2NC4,85.61,0.767500,1.00,-2124.812,247.861,0.210354,0.654410
1494,2NC5,91.67,0.761600,1.00,-2124.812,247.861,0.174307,0.745960
1495,2NC6,93.18,0.786600,1.00,-2124.812,247.861,0.109940,0.753210
1496,2NC7,76.39,0.576100,1.00,-836.315,120.316,0.208664,0.188380
1497,2NCS,59.72,0.610600,1.00,-2644.151,141.220,0.646043,0.563270
1498,2NCT,63.19,0.596100,1.00,-2644.151,141.220,0.611561,0.569540
1499,2NCU,64.29,0.566900,1.00,-1390.174,74.685,0.405937,0.264740
1500,2NCV,58.33,0.582100,1.00,-1441.284,54.360,0.606172,0.289090
1501,2NCW,59.38,0.613200,1.00,-1471.797,82.835,0.446666,0.360400
1502,2NCX,85.42,0.749800,1.00,-1682.615,39.774,0.196502,0.452370
1503,2NCY,63.54,0.630000,1.00,-1499.059,58.291,0.514342,0.368990
1504,2ND2,86.36,0.686100,1.00,-3751.308,180.230,0.168059,0.756430
1505,2ND3,85.53,0.681300,1.00,-2989.639,158.926,0.140981,0.683790
1506,2ND6,72.06,0.633900,1.00,-1142.832,43.653,0.267908,0.286520
1507,2ND7,70.59,0.649000,1.00,-1142.832,43.653,0.355721,0.299660
1508,2ND8,67.65,0.542900,1.00,-1142.832,43.653,0.416572,0.316640
1509,2NDB,44.90,0.404400,1.00,-2765.328,348.736,0.768241,0.362810
1510,2NDC,59.72,0.511800,1.00,-910.531,77.065,0.374024,0.340500
1511,2NDE,48.61,0.497000,1.00,-648.939,112.240,0.592748,0.175920
1512,2NDI,46.20,0.499300,1.00,-2421.568,253.345,0.825077,0.351790
1513,2NDK,46.88,0.714600,1.00,-3054.273,86.260,0.990062,0.410470
1514,2NDL,68.75,0.581800,1.00,-700.082,81.101,0.280321,0.259230
1515,2NDM,71.15,0.611500,1.00,-570.554,85.837,0.217139,0.308400
1516,2NDN,76.56,0.675200,1.00,-750.430,58.661,0.181003,0.197910
1517,2NOR,60.00,0.527500,1.00,-388.387,46.608,0.311669,0.288190
1518,2NOU,75.00,0.559200,1.00,-338.248,72.901,0.331555,0.386820
1519,2NR1,63.89,0.615000,1.00,-1505.098,98.703,0.653574,0.480850
1520,2NS4,42.86,0.445700,1.00,-298.390,106.979,0.664997,0.278020
1521,2NVJ,51.00,0.548000,1.00,-1961.211,45.010,0.566801,0.230590
1522,2NX6,43.52,0.485500,1.00,-1465.770,175.548,0.730005,0.198120
1523,2NX7,42.86,0.479400,1.00,-1782.987,162.878,0.643953,0.193760
1526,2NZ3,58.12,0.558300,1.00,-2955.970,172.545,0.528216,0.509680
1527,2NZZ,35.81,0.470400,1.00,-2954.171,90.955,1.171789,0.239470
1528,2O00,37.16,0.442900,1.00,-2954.171,90.955,0.990101,0.244710
1529,2O0S,52.08,0.461300,1.00,-636.769,103.881,0.360593,0.256890
1530,2OBU,46.43,0.648100,1.00,-2717.175,169.492,0.687972,0.499840
1532,2OJM,31.82,0.336100,1.00,-974.660,94.653,0.898495,0.147300
1533,2OJN,40.91,0.431100,1.00,-871.190,132.641,0.596750,0.129930
1534,2OJO,79.55,0.712100,1.00,-1511.774,58.978,0.183006,0.388050
1535,2OP7,48.72,0.435400,1.00,-2497.444,246.877,1.044892,0.342640
1536,2OQ9,45.83,0.580500,1.00,-977.154,107.829,0.668765,0.172540
1537,2ORU,67.50,0.600700,1.00,-1105.787,81.081,0.319425,0.173060
1538,2OVN,86.76,0.663600,1.00,-968.655,41.225,0.208099,0.432540
1539,2OYV,59.62,0.455400,1.00,-436.822,82.253,0.598314,0.253260
1540,2OYW,65.38,0.466900,1.00,-436.822,82.253,0.615543,0.263700
1541,2P4L,27.17,0.317000,1.00,-3390.326,229.986,1.021487,0.258610
1542,2P5J,58.82,0.523100,1.00,-761.925,126.470,0.435176,0.178730
1543,2P81,60.80,0.451900,1.00,-3562.351,174.241,0.860718,0.505750
1544,2PCO,83.65,0.651400,1.00,-1413.223,101.691,0.276092,0.585290
1545,2PDD,81.40,0.652800,1.00,-3649.831,167.316,0.299910,0.723210
1546,2PDE,32.56,0.361300,1.00,-3649.831,167.316,0.701527,0.364880
1547,2PJV,45.97,0.517300,1.00,-955.047,90.962,0.607870,0.294880
1548,2PO8,71.32,0.607600,1.00,-1860.940,196.652,0.408598,0.526120
1549,2PPZ,73.61,0.593100,1.00,-3071.774,122.628,0.230796,0.526580
1550,2PTA,86.43,0.719500,1.00,-2360.195,189.080,0.191635,0.699920
1551,2PV6,65.91,0.594800,1.00,-1797.194,78.675,0.354612,0.257150
1552,2RLG,83.33,0.611100,1.00,-955.112,53.737,0.279294,0.403440
1553,2RLH,86.11,0.632700,1.00,-955.112,53.737,0.248696,0.403400
1554,2RLJ,53.12,0.481400,1.00,-613.470,87.088,0.408856,0.217100
1555,2RLW,57.35,0.590800,1.00,-1830.047,171.629,0.892862,0.416850
1557,2RMF,75.00,0.735100,1.00,-3009.561,83.148,0.255368,0.609490
1558,2RMG,55.26,0.663000,1.00,-2788.988,82.548,0.453336,0.359470
1559,2RMH,59.87,0.662800,1.00,-2544.673,89.214,0.713601,0.510930
1561,2RMV,48.08,0.403800,1.00,-1804.414,199.111,0.713154,0.254270
1562,2RMW,41.35,0.373800,1.00,-1833.918,158.478,0.834130,0.175040
1563,2RMY,63.24,0.603000,1.00,-2048.480,110.255,0.846462,0.509220
1564,2RMZ,73.26,0.707900,1.00,-3447.601,78.409,0.407542,0.730080
1565,2RN0,71.51,0.711300,1.00,-3447.601,78.409,0.414102,0.619960
1566,2RND,61.76,0.587700,1.00,-2048.480,110.255,0.793823,0.554140
1567,2ROO,32.56,0.336100,1.00,-3091.180,303.066,0.748482,0.233130
1568,2RPS,66.41,0.586000,1.00,-1484.505,192.089,0.490125,0.399480
1570,2RQ2,54.17,0.449100,1.00,-1988.941,130.118,0.873939,0.370350
1571,2RQZ,82.24,0.701300,1.00,-2586.453,237.856,0.213421,0.641880
1572,2RR0,76.97,0.642200,1.00,-2586.453,237.856,0.229608,0.577470
1573,2RR2,76.97,0.651900,1.00,-2586.453,237.856,0.204629,0.599830
1574,2RRH,68.97,0.680100,1.00,-2139.916,72.514,0.318388,0.632150
1575,2RRI,72.41,0.689100,1.00,-2139.916,72.514,0.259613,0.490780
1576,2RRS,41.67,0.475500,1.00,-763.657,111.492,0.582525,0.200370
1577,2RSH,68.92,0.589900,1.00,-2373.920,118.949,0.672697,0.556300
1578,2RSW,54.17,0.519900,1.00,-793.696,111.676,0.481361,0.185720
1579,2RT4,49.00,0.544500,1.00,-1028.404,100.859,0.833866,0.235010
1580,2RTY,93.33,0.731200,1.00,-1835.669,137.412,0.098865,0.714100
1581,2RTZ,82.76,0.632400,1.00,-2085.854,108.792,0.224412,0.538420
1582,2RU0,79.17,0.590300,1.00,-2642.248,131.535,0.212487,0.608920
1583,2RUM,27.63,0.443500,1.00,-690.351,99.707,0.749593,0.095170
1584,2RUN,51.39,0.454100,1.00,-1072.521,138.949,0.553999,0.245620
1585,2RUO,32.81,0.334500,1.00,-666.181,99.278,0.755856,0.238010
1586,2RUT,81.25,0.715100,1.00,-2314.420,128.530,0.418257,0.711830
1587,2RUU,76.39,0.771900,1.00,-2059.503,134.120,0.610850,0.623270
1588,2RUV,79.05,0.707400,1.00,-2373.920,118.949,0.605709,0.701560
1589,2RUW,75.68,0.735900,1.00,-2030.676,173.625,0.351439,0.611440
1590,2RUX,77.08,0.706300,1.00,-1970.026,193.771,0.472010,0.614080
1591,2RUY,70.95,0.695800,1.00,-2258.113,156.221,0.598728,0.588320
1592,2RUZ,80.92,0.757700,1.00,-2246.836,186.897,0.642996,0.733440
1593,2RV0,79.73,0.793300,1.00,-2287.835,154.593,0.489519,0.718760
1594,2RV1,77.03,0.664400,1.00,-2342.155,182.948,0.368745,0.632470
1595,2RV2,77.78,0.809100,1.00,-1971.491,137.553,0.727947,0.666190
1596,2RV3,74.31,0.750700,1.00,-1551.174,115.786,0.549636,0.615060
1597,2RV4,76.35,0.673300,1.00,-2098.380,200.837,0.615792,0.670780
1598,2RV5,84.29,0.771300,1.00,-2042.229,149.546,0.347882,0.699090
1599,2RVD,80.00,0.577500,1.00,-390.843,52.620,0.144162,0.393540
1600,2SH1,72.92,0.625700,1.00,-2704.319,331.420,0.471692,0.640080
1601,2V1V,79.31,0.661300,1.00,-1982.367,170.221,0.187171,0.479840
1602,2VY4,72.97,0.640900,1.00,-2403.698,174.286,0.420251,0.531900
1603,2VY5,73.65,0.656100,1.00,-2403.698,174.286,0.377850,0.549340
1604,2W0T,77.33,0.677500,1.00,-2636.656,248.235,0.237148,0.652130
1605,2W9O,71.20,0.607100,1.00,-2752.720,231.178,0.431412,0.592920
1606,2W9U,73.37,0.651900,1.00,-2557.277,284.508,0.341415,0.612910
1607,2W9V,33.52,0.366200,1.00,-2351.294,305.642,0.895025,0.331040
1608,2W9W,75.00,0.638700,1.00,-2595.876,321.404,0.319221,0.612620
1609,2WH9,84.72,0.708800,1.00,-2550.420,220.543,0.239396,0.679900
1610,2WXC,80.85,0.673100,1.00,-3677.045,154.371,0.389215,0.715920
1611,2XL1,56.25,0.550600,1.00,-1438.858,122.823,0.895019,0.314600
1612,2YRH,63.07,0.687600,1.00,-1965.820,216.615,0.698126,0.525900
1613,2YRJ,69.02,0.692200,1.00,-2136.750,260.136,0.577114,0.614760
1614,2YRM,71.51,0.680200,1.00,-2089.656,241.088,0.744700,0.594990
1615,2YSB,75.00,0.765900,1.00,-2800.308,277.345,0.511281,0.674920
1616,2YSC,75.64,0.706800,1.00,-2336.319,199.010,0.393435,0.600890
1617,2YSF,77.50,0.781100,1.00,-2371.396,170.417,0.544969,0.664600
1618,2YSG,79.38,0.738300,1.00,-2466.693,215.273,0.242997,0.633220
1619,2YSH,73.12,0.678400,1.00,-1975.249,243.896,0.323439,0.576300
1620,2YSI,62.50,0.642700,1.00,-2014.576,228.496,0.680996,0.501920
1621,2YSO,58.15,0.614000,1.00,-2349.181,264.339,0.882624,0.488630
1622,2YSP,53.26,0.655900,1.00,-2316.837,185.500,0.889308,0.439570
1623,2YSV,57.74,0.578600,1.00,-2019.771,233.559,0.796100,0.469980
1624,2YTA,68.29,0.684900,1.00,-2058.995,170.348,0.653670,0.585790
1625,2YTB,68.45,0.700400,1.00,-2034.275,170.248,0.427408,0.512890
1626,2YTD,58.15,0.639300,1.00,-2159.936,236.604,0.891804,0.503490
1627,2YTE,70.24,0.724900,1.00,-2113.862,225.468,0.367368,0.580650
1628,2YTF,57.61,0.646100,1.00,-2141.493,249.068,0.788921,0.527550
1629,2YTG,57.07,0.698800,1.00,-2148.295,215.173,0.940226,0.503230
1630,2YTH,59.78,0.690000,1.00,-2106.487,253.611,1.184475,0.524210
1631,2YTI,56.52,0.660800,1.00,-2130.454,184.634,0.914220,0.496880
1632,2YTJ,60.87,0.634700,1.00,-2323.750,190.493,0.735585,0.525500
1633,2YTK,59.78,0.640400,1.00,-2425.708,213.842,0.884332,0.520970
1634,2YTM,51.09,0.564300,1.00,-2215.572,207.114,0.878309,0.448160
1635,2YTN,63.59,0.681900,1.00,-2070.237,235.870,0.985015,0.561940
1636,2YTO,64.67,0.667700,1.00,-2218.074,183.642,0.787567,0.554990
1637,2YTP,63.59,0.686600,1.00,-2202.011,240.613,0.992620,0.574070
1638,2YTQ,55.43,0.646400,1.00,-2177.101,249.494,0.861805,0.489850
1639,2YTR,63.04,0.710100,1.00,-2098.731,223.941,0.667603,0.523180
1640,2YTS,62.50,0.659500,1.00,-2224.934,199.019,0.814214,0.547320
1641,2YTT,54.89,0.625900,1.00,-2413.423,195.296,0.934090,0.485250
1642,2YU5,63.07,0.567200,1.00,-2234.706,258.866,0.921768,0.530430
1643,2YU8,62.50,0.651100,1.00,-2009.656,217.129,0.914036,0.561480
1644,2YYF,65.00,0.455200,1.00,-595.901,97.760,0.381310,0.301230
1645,2Z3S,75.64,0.612000,1.00,-2969.511,190.558,0.221763,0.575120
1646,2ZAJ,65.31,0.688800,1.00,-2750.979,299.357,0.887735,0.584720
1647,2ZNF,75.00,0.614600,1.00,-825.340,78.331,0.316365,0.325930
1648,3BBG,40.00,0.393500,1.00,-3053.996,196.320,0.762364,0.312950
1649,3CMH,38.33,0.410000,1.00,-669.098,85.762,0.500356,0.225440
1650,3CTI,95.69,0.750100,1.00,-2052.010,182.756,0.091636,0.754450
1651,3LEU,49.32,0.491900,1.00,-2049.350,178.190,0.691419,0.362350
1652,3MRA,81.00,0.747500,1.00,-1839.322,80.662,0.174418,0.539570
1653,3ZNF,80.83,0.656600,1.00,-1903.694,118.134,0.290556,0.545050
1654,4A24,82.98,0.690000,1.00,-3299.250,250.207,0.277204,0.734870
1655,4APD,58.06,0.590200,1.00,-1812.365,86.607,0.433832,0.397460
1656,4B19,71.67,0.700300,1.00,-2346.035,80.780,0.271871,0.452810
1658,4B2U,34.03,0.357500,1.00,-2255.336,222.557,0.910835,0.292820
1659,4B2V,53.91,0.527100,1.00,-1700.328,212.839,0.555182,0.342320
1660,4BMF,86.84,0.703600,1.00,-2173.362,230.595,0.162857,0.733440
1661,4CYK,62.20,0.603600,1.00,-2445.420,263.287,0.500304,0.465260
1662,4ZNF,80.00,0.663700,1.00,-1903.694,118.134,0.287051,0.558530
1663,5A4H,27.56,0.474500,1.00,-1480.049,227.342,1.230855,0.200320
1664,5AAY,89.17,0.756100,1.00,-1990.387,130.320,0.224631,0.748700
1665,5AAZ,82.81,0.753300,1.00,-1999.417,155.857,0.277242,0.628790
1666,5AHT,75.00,0.658100,1.00,-2573.578,269.633,0.553409,0.691030
1667,5FZV,82.81,0.766000,1.00,-1851.690,216.800,0.495014,0.727400
1668,5FZW,69.70,0.636300,1.00,-2218.249,222.263,0.557624,0.526590
1669,5FZX,54.17,0.463500,1.00,-2254.764,217.578,0.687352,0.414480
1671,5GSF,38.89,0.424200,1.00,-1483.740,227.090,0.824613,0.240870
1672,5GVO,55.56,0.431300,1.00,-1042.398,119.857,0.652344,0.191590
1673,5H1H,57.81,0.606500,1.00,-545.967,88.856,0.595741,0.184740
1674,5H1I,40.28,0.496600,1.00,-524.274,117.407,0.732027,0.209100
1675,5H2S,76.00,0.638400,1.00,-989.072,51.727,0.273877,0.406200
1676,5I1X,88.89,0.692000,1.00,-2479.059,218.078,0.174802,0.724390
1677,5I2P,66.67,0.539100,1.00,-2275.009,240.818,0.407230,0.524890
1678,5ID5,39.00,0.383700,1.00,-1104.936,159.369,0.908764,0.253480
1679,5IJ4,88.27,0.722200,1.00,-3478.209,286.691,0.234342,0.775830
1680,5ION,85.34,0.718900,1.00,-1927.597,114.222,0.172994,0.596280
1681,5IPO,71.88,0.590900,1.00,-3017.696,229.591,0.593296,0.645160
1682,5J8T,71.81,0.637300,1.00,-2691.978,309.955,0.341044,0.595060
1683,5JHI,95.71,0.756900,1.00,-2490.663,144.692,0.074794,0.856150
1684,5JI4,64.19,0.550400,1.00,-2758.387,281.287,0.463863,0.468640
1685,5JPL,45.59,0.480100,1.00,-846.125,120.190,0.575571,0.221020
1686,5JPX,75.56,0.631000,1.00,-3098.957,228.465,0.314128,0.645490
1687,5JYH,75.57,0.571100,1.00,-2836.588,405.439,0.665952,0.648160
1688,5KGY,84.09,0.698100,1.00,-1627.008,55.868,0.198846,0.408360
1689,5KGZ,44.32,0.518500,1.00,-3347.773,84.411,0.593071,0.407520
1690,5KHB,77.38,0.658900,1.00,-1414.469,56.623,0.267601,0.453520
1691,5KI0,43.42,0.526800,1.00,-186.518,103.683,0.509928,0.195450
1692,5KKM,86.36,0.628400,1.00,-1433.640,113.492,0.220785,0.529360
1693,5KVN,94.44,0.761800,1.00,-2092.510,170.319,0.096765,0.683680
1694,5KWO,79.81,0.574400,1.00,-1690.529,116.426,0.316054,0.512370
1695,5KWX,45.00,0.450600,1.00,-1033.410,165.614,0.929445,0.227400
1696,5KWZ,89.42,0.701300,1.00,-1739.784,88.688,0.131713,0.553000
1697,5KX0,57.69,0.447200,1.00,-1954.853,107.326,0.477732,0.357760
1698,5KX1,59.09,0.484700,1.00,-1065.928,111.980,0.384658,0.288200
1699,5KX2,31.94,0.428300,1.00,-648.398,135.046,1.052052,0.243030
1700,5L1C,84.03,0.702400,1.00,-2582.354,169.483,0.169246,0.679240
1701,5L82,50.68,0.392400,1.00,-2717.260,163.748,0.611784,0.372200
1702,5LAH,31.67,0.373700,1.00,-2940.550,309.809,0.973929,0.358630
1703,5LBJ,76.43,0.747400,1.00,-2827.682,105.873,0.226015,0.696390
1704,5LCS,64.89,0.622100,1.00,-3270.012,279.114,1.133838,0.561020
1705,5LM0,88.39,0.696500,1.00,-1882.857,94.457,0.164978,0.632120
1706,5LME,77.91,0.663900,1.00,-2435.693,248.486,0.432342,0.666640
1707,5M9U,69.05,0.518300,1.00,-1130.514,120.772,0.444683,0.258300
1708,5N5A,41.89,0.520500,1.00,-1227.219,268.894,0.678067,0.257490
1709,5N5B,49.11,0.529900,1.00,-998.984,154.930,0.507652,0.202600
1710,5NAM,66.15,0.700800,1.00,-3813.592,111.515,0.516396,0.558650
1711,5NAO,75.00,0.724200,1.00,-2743.375,71.215,0.521626,0.694650
1712,5NDA,90.91,0.813900,1.00,-2286.292,67.421,0.104243,0.726930
1713,5NVB,60.00,0.541200,1.00,-649.838,76.412,0.321461,0.318630
1714,5OAP,73.61,0.659000,1.00,-697.687,69.151,0.432625,0.388160
1715,5T3M,73.57,0.586000,1.00,-2281.833,241.812,0.307539,0.516800
1716,5T42,39.89,0.485200,1.00,-3179.500,175.669,0.689393,0.373270
1717,5T4R,87.14,0.724200,1.00,-2397.808,194.620,0.321029,0.733300
1718,5T7Q,69.05,0.603400,1.00,-1035.091,116.581,0.527069,0.402870
1719,5TCZ,69.53,0.495800,1.00,-1911.602,182.057,0.315262,0.446920
1720,5TJ1,32.89,0.447100,1.00,-851.052,74.801,1.195656,0.190200
1721,5TX8,91.96,0.691900,1.00,-2197.437,99.438,0.177219,0.747030
1722,5UG3,69.74,0.569400,1.00,-1038.577,84.866,0.334589,0.306470
1723,5UG5,65.79,0.589200,1.00,-1161.052,76.958,0.490451,0.274530
1724,5UI6,48.61,0.453900,1.00,-675.107,121.181,0.554664,0.229790
1725,5UI7,47.37,0.450200,1.00,-742.373,93.995,0.653739,0.164660
1726,5UJG,72.92,0.597000,1.00,-1452.871,111.321,0.254011,0.320210
1727,5UJH,57.61,0.467900,1.00,-1257.976,141.426,0.435667,0.201910
1728,5UJQ,50.00,0.507800,1.00,-1769.539,111.135,0.656624,0.335080
1729,5UJR,34.85,0.373100,1.00,-1415.661,185.138,1.337704,0.253510
1730,5UKZ,36.93,0.422300,1.00,-1864.575,281.005,1.383308,0.321140
1731,5UOI,87.21,0.661900,1.00,-3958.771,134.976,0.186762,0.786500
1732,5UP5,82.50,0.632300,1.00,-3210.634,176.231,0.174220,0.684990
1733,5UY2,36.25,0.485300,1.00,-706.130,168.848,0.728609,0.086740
1734,5UZL,33.33,0.475800,1.00,-1460.822,157.645,0.873637,0.222520
1735,5V0Y,69.05,0.535000,1.00,-1417.849,121.120,0.551720,0.332600
1736,5V11,65.48,0.538600,1.00,-1179.703,127.702,0.628265,0.319230
1737,5V2B,45.00,0.505400,1.00,-757.636,127.317,0.472120,0.142930
1738,5V4C,44.12,0.449700,1.00,-327.908,102.918,0.485048,0.169580
1739,5V4U,72.50,0.651400,1.00,-2791.978,123.603,0.329384,0.564630
1740,5VAV,82.14,0.680600,1.00,-599.430,59.903,0.145469,0.309990
1741,5VFW,57.00,0.516000,1.00,-1592.511,128.032,0.448178,0.284820
1742,5VL6,33.82,0.430800,1.00,-297.176,120.505,0.605717,0.178100
1743,5VR5,47.50,0.490800,1.00,-773.601,142.400,0.477782,0.180270
1744,5W54,53.00,0.508100,1.00,-1008.254,102.516,0.659157,0.292040
1745,5W9F,68.90,0.544100,1.00,-2707.644,213.852,0.401321,0.593930
1746,5WCV,42.24,0.449700,1.00,-1673.967,158.945,0.813289,0.237950
1747,5WE3,69.85,0.544700,1.00,-2347.500,274.449,0.373451,0.486930
1748,5WOD,82.89,0.730700,1.00,-2926.068,77.500,0.135238,0.657260
1749,5WOV,74.26,0.609200,1.00,-1996.422,157.267,0.330373,0.566300
1750,5WOW,72.44,0.616300,1.00,-2478.944,183.536,0.484858,0.584260
1751,5WRX,57.69,0.456100,1.00,-483.948,59.647,0.377340,0.261520
1752,5WUZ,65.12,0.574900,1.00,-3118.450,247.894,0.315944,0.479170
1753,5WXE,81.25,0.659800,1.00,-2010.557,165.456,0.261007,0.546140
1754,5WYE,54.69,0.436200,1.00,-516.272,77.277,0.347446,0.251240
1755,5X34,94.44,0.839100,1.00,-2345.299,197.182,0.086965,0.810450
1756,5X35,98.61,0.850000,1.00,-2345.299,197.182,0.058666,0.896430
1757,5X36,97.92,0.866200,1.00,-2345.299,197.182,0.063792,0.881160
1758,5X37,97.92,0.863200,1.00,-2345.299,197.182,0.065366,0.879610
1759,5X38,99.31,0.878100,1.00,-2345.299,197.182,0.051132,0.917220
1760,5X39,97.22,0.835600,1.00,-2404.020,236.929,0.072062,0.848460
1761,5X3C,96.53,0.834400,1.00,-2227.411,222.197,0.078255,0.844730
1762,5X3L,78.75,0.637000,1.00,-1095.621,58.048,0.349905,0.286060
1763,5XA6,73.03,0.573600,1.00,-2550.930,179.301,0.290571,0.566680
1764,5XBD,65.28,0.529300,1.00,-2053.418,198.273,0.318834,0.460530
1765,5XDI,65.00,0.572700,1.00,-2847.752,262.590,0.291114,0.459170
1766,5XDJ,72.62,0.636000,1.00,-1161.059,78.707,0.436081,0.374610
1767,5XEK,71.43,0.587400,1.00,-3226.128,294.555,0.259440,0.545540
1768,5XIV,47.50,0.469700,1.00,-1013.609,121.404,0.635717,0.190280
1769,5XM4,35.29,0.520800,1.00,-522.441,75.170,1.283874,0.204480
1770,5XNG,85.29,0.743600,1.00,-1412.353,53.940,0.137679,0.449690
1771,5XO3,35.71,0.346100,1.00,-571.320,128.977,0.762282,0.153980
1772,5XO4,41.67,0.485200,1.00,-697.711,148.370,0.551048,0.183070
1773,5XO5,50.00,0.476200,1.00,-638.558,161.540,0.536786,0.164280
1774,5XRX,48.53,0.520000,1.00,-1412.353,53.940,0.576061,0.274760
1775,5Y0H,84.52,0.679300,1.00,-1052.726,110.737,0.286641,0.459570
1776,5Y0I,65.48,0.475300,1.00,-1296.616,106.532,0.636104,0.361400
1777,5Y0J,48.81,0.389500,1.00,-1303.853,145.412,0.624708,0.188380
1778,5Y22,71.59,0.615700,1.00,-1544.569,76.077,0.471262,0.489840
1779,5Y3U,69.32,0.613500,1.00,-1544.569,76.077,0.501945,0.372990
1780,5YKK,63.89,0.530100,1.00,-817.758,98.463,0.362449,0.298050
1781,5YKL,61.84,0.465800,1.00,-1290.460,123.978,0.326926,0.289410
1782,5YKQ,56.58,0.518700,1.00,-864.162,151.041,0.498586,0.273050
1783,5YZ6,86.22,0.694700,1.00,-4321.407,183.580,0.153476,0.756530
1784,5YZK,87.76,0.725900,1.00,-4333.427,186.783,0.137576,0.789950
1785,5Z1Y,77.38,0.578900,1.00,-1235.764,80.089,0.224498,0.273890
1786,5Z26,62.50,0.488000,1.00,-710.096,133.587,0.423537,0.196130
1787,5Z2O,93.06,0.768100,1.00,-1122.913,40.017,0.174364,0.616830
1788,5Z31,52.78,0.540300,1.00,-685.715,114.843,0.564481,0.231750
1789,5Z32,45.83,0.424300,1.00,-679.812,81.220,0.522110,0.199490
1790,5Z5W,50.00,0.436900,1.00,-445.232,120.479,0.464154,0.270260
1791,5Z5X,72.22,0.585800,1.00,-1144.414,70.102,0.436218,0.376740
1792,5ZCN,29.76,0.398500,1.00,-981.700,90.843,0.862682,0.218600
1793,5ZNF,92.50,0.763300,1.00,-1906.330,150.511,0.167882,0.757230
1794,5ZV6,85.00,0.728900,1.00,-1827.619,131.619,0.155543,0.553200
1795,5ZYX,61.25,0.568400,1.00,-1484.949,54.525,0.548926,0.295040
1796,6A5J,80.77,0.599500,1.00,-533.841,32.719,0.273010,0.406540
1797,6A8Y,41.35,0.477600,1.00,-1044.957,123.292,0.707643,0.236160
1798,6AAB,42.86,0.502500,1.00,-697.711,148.370,0.649145,0.125840
1799,6AFQ,33.33,0.341700,1.00,-571.320,128.977,0.848615,0.158820
1800,6AHZ,47.86,0.591500,1.00,-2029.434,151.639,0.799426,0.362830
1801,6AK0,38.10,0.354700,1.00,-1235.910,138.493,0.650997,0.175490
1802,6AX2,43.48,0.454000,1.00,-3025.148,291.258,0.820977,0.328670
1803,6B3U,84.38,0.745500,1.00,-3377.462,85.705,0.325633,0.725880
1804,6B5W,30.26,0.458600,1.00,-851.052,74.801,1.203418,0.121250
1805,6B9K,57.50,0.504900,1.00,-317.866,45.064,0.322597,0.355790
1806,6B9W,78.68,0.620300,1.00,-2521.491,167.989,0.323092,0.634680
1807,6BAM,75.00,0.587200,1.00,-2391.965,150.757,0.285577,0.569540
1808,6BB6,80.15,0.649900,1.00,-2308.943,184.378,0.226530,0.611780
1809,6BEQ,57.50,0.521100,1.00,-304.292,38.841,0.468130,0.382230
1810,6BET,66.67,0.532500,1.00,-441.627,62.619,0.306553,0.325550
1811,6BEU,55.36,0.523000,1.00,-535.034,136.121,0.390009,0.268050
1812,6BI5,82.26,0.694300,1.00,-2484.542,101.628,0.346461,0.624040
1813,6BJF,76.92,0.601400,1.00,-738.628,59.406,0.331078,0.534760
1814,6BUC,90.28,0.760400,1.00,-2344.562,199.742,0.139486,0.759680
1815,6BVU,44.64,0.399900,1.00,-598.503,83.794,0.473790,0.200000
1816,6BVW,42.86,0.372900,1.00,-598.503,83.794,0.513461,0.214310
1817,6BVX,48.21,0.508100,1.00,-647.154,102.634,0.589375,0.218420
1818,6BX9,53.33,0.460400,1.00,-779.832,84.434,0.464602,0.242870
1819,6CEG,45.83,0.465800,1.00,-1697.063,153.916,0.871726,0.311380
1820,6CEI,64.84,0.498800,1.00,-1773.620,191.986,0.370008,0.342640
1821,6CEJ,53.57,0.386200,1.00,-415.518,114.665,0.426123,0.234130
1822,6CFA,76.32,0.607700,1.00,-954.503,61.651,0.278400,0.374610
1823,6CFB,58.06,0.468200,1.00,-1647.093,258.474,0.681399,0.369780
1825,6CGX,47.73,0.475400,1.00,-845.687,179.046,0.544037,0.200850
1829,6CJ8,73.53,0.589700,1.00,-920.672,103.344,0.265209,0.289450
1830,6CKD,88.89,0.730900,1.00,-2697.938,188.806,0.102712,0.752400
1831,6CKF,89.58,0.752500,1.00,-2697.938,188.806,0.142202,0.747760
1832,6CMH,57.14,0.435600,1.00,-1407.450,85.546,0.667707,0.264940
1833,6COO,76.47,0.605000,1.00,-1116.451,57.364,0.290734,0.332080
1834,6COP,80.88,0.576400,1.00,-1080.968,57.083,0.293366,0.363730
1835,6COQ,61.76,0.506500,1.00,-908.863,72.792,0.451829,0.337730
1836,6COR,77.94,0.624900,1.00,-953.479,69.929,0.243854,0.459490
1837,6COS,64.71,0.542800,1.00,-920.672,103.344,0.401435,0.286940
1838,6COT,70.59,0.629500,1.00,-1160.757,40.870,0.324036,0.329340
1839,6COU,67.65,0.507600,1.00,-946.064,65.794,0.451915,0.332230
1840,6COV,73.53,0.643100,1.00,-1160.757,40.870,0.408540,0.348430
1841,6COW,73.53,0.576500,1.00,-920.672,103.344,0.258181,0.321700
1842,6CSK,63.16,0.531800,1.00,-944.700,67.718,0.553399,0.332540
1843,6CSZ,85.53,0.712500,1.00,-959.472,55.475,0.240849,0.492610
1844,6CT1,65.79,0.590200,1.00,-1022.140,94.976,0.358359,0.337320
1845,6CT4,75.00,0.609100,1.00,-992.018,55.607,0.395872,0.437660
1846,6D3T,95.00,0.735600,1.00,-1959.826,126.184,0.093778,0.750910
1847,6D8H,93.75,0.777700,1.00,-2043.737,167.898,0.106338,0.750460
1848,6D8Q,97.58,0.792200,1.00,-2033.267,112.630,0.075366,0.831800
1849,6D8R,86.29,0.692900,1.00,-2070.842,119.671,0.171026,0.594010
1850,6D8S,93.55,0.722000,1.00,-2023.557,140.585,0.099027,0.711480
1851,6D8T,95.16,0.730400,1.00,-2164.326,114.619,0.121838,0.737300
1852,6D8U,95.16,0.708800,1.00,-2096.798,140.436,0.100733,0.725370
1853,6D8Y,87.90,0.711000,1.00,-1985.362,144.908,0.151833,0.644730
1854,6D93,88.71,0.747200,1.00,-2000.453,124.994,0.126066,0.681640
1855,6D9O,81.45,0.644000,1.00,-2123.258,114.329,0.229106,0.536260
1856,6D9P,94.35,0.767800,1.00,-2106.632,105.149,0.087163,0.753300
1857,6DHR,88.79,0.723400,1.00,-1930.456,176.232,0.222169,0.701740
1858,6DMZ,85.64,0.698600,1.00,-3132.130,215.753,0.141254,0.766750
1859,6DST,61.54,0.593900,1.00,-1800.996,47.595,0.388269,0.317160
1860,6DZ9,39.29,0.386200,1.00,-552.949,73.910,0.659676,0.162810
1861,6DZA,42.19,0.388700,1.00,-487.433,96.587,0.639185,0.160410
1862,6DZB,37.50,0.393500,1.00,-538.519,95.831,0.817162,0.261760
1863,6DZC,35.94,0.350300,1.00,-555.115,137.065,0.893113,0.191840
1864,6DZE,42.19,0.477500,1.00,-381.887,110.732,0.624572,0.177600
1865,6E1L,73.96,0.623300,1.00,-1207.924,117.446,0.305028,0.341800
1867,6EFE,73.15,0.650800,1.00,-1993.613,84.354,0.235466,0.381030
1868,6ENA,86.29,0.720900,1.00,-1894.832,161.252,0.190006,0.645820
1869,6F46,52.86,0.566700,1.00,-2603.100,54.489,0.801593,0.396660
1870,6F61,94.35,0.772800,1.00,-2037.717,145.840,0.106549,0.761130
1871,6FGM,81.25,0.657200,1.00,-629.748,63.296,0.143999,0.292310
1872,6FS4,63.71,0.646100,1.00,-2116.760,121.572,0.629114,0.419110
1873,6FS5,60.26,0.649600,1.00,-2632.535,147.234,0.416520,0.507060
1874,6G4I,73.96,0.699000,1.00,-1502.339,76.082,0.276967,0.344330
1875,6G4K,64.58,0.699500,1.00,-1502.339,76.082,0.426127,0.322270
1876,6G4U,65.62,0.669100,1.00,-1502.339,76.082,0.432742,0.389730
1877,6G4V,65.62,0.574300,1.00,-1557.666,61.993,0.283974,0.333410
1878,6G4X,68.75,0.587200,1.00,-1557.666,61.993,0.399453,0.454790
1880,6GIF,70.83,0.631900,1.00,-1869.463,93.434,0.424530,0.549840
1881,6GIG,68.33,0.632900,1.00,-1863.037,72.336,0.382598,0.578780
1882,6GIJ,73.33,0.636200,1.00,-705.663,37.734,0.304339,0.294980
1883,6GIK,61.54,0.549500,1.00,-654.909,31.280,0.349604,0.281140
1884,6GIL,46.15,0.516800,1.00,-544.767,23.798,0.493071,0.185610
1885,6GNZ,68.52,0.639200,1.00,-1643.715,63.672,0.351024,0.390330
1886,6GO0,47.12,0.538400,1.00,-755.220,204.058,0.568033,0.320810
1887,6GS5,75.00,0.549900,1.00,-888.302,64.100,0.327301,0.318720
1888,6GS9,81.25,0.746600,1.00,-732.819,40.219,0.191435,0.480440
1889,6HH0,67.00,0.630500,1.00,-1590.338,62.828,0.436385,0.325960
1890,6HN9,25.76,0.279400,1.00,-1726.910,178.810,1.234501,0.211360
1891,6HT4,56.25,0.643700,1.00,-923.921,94.103,0.460301,0.194770
1892,6HZ2,70.37,0.706400,1.00,-1682.285,46.525,0.267123,0.492840
1893,6IHA,66.67,0.625800,1.00,-1458.205,190.665,0.270775,0.386000
1894,6ITH,70.73,0.717900,1.00,-3362.238,80.129,0.492692,0.777740
1895,6J12,36.61,0.441200,1.00,-1669.158,101.456,0.697479,0.317150
1896,6J9P,91.67,0.692900,1.00,-732.045,38.790,0.121893,0.483980
1897,6JI7,57.64,0.496000,1.00,-2453.653,216.853,0.690413,0.447230
1898,6JIC,65.28,0.479200,1.00,-2374.582,279.960,0.423445,0.554570
1899,6K4V,35.00,0.371300,1.00,-1679.673,352.783,1.202017,0.277140
1900,6K4W,32.78,0.461000,1.00,-2408.714,222.755,1.302259,0.273200
1901,6K50,91.88,0.735300,1.00,-2824.962,192.719,0.134858,0.818040
1902,6K51,91.25,0.765400,1.00,-2873.734,215.978,0.160560,0.826480
1903,6KLM,54.41,0.506000,1.00,-2192.217,199.174,0.616381,0.356230
1904,6KRA,84.09,0.710400,1.00,-2153.934,177.692,0.167581,0.644750
1905,6L8R,37.88,0.537800,1.00,-909.117,195.506,0.689829,0.216880
1906,6LF5,94.12,0.779900,1.00,-2526.741,178.871,0.090224,0.802010
1907,6M0Y,85.42,0.630200,1.00,-641.345,42.610,0.217344,0.460880
1908,6M19,40.00,0.440500,1.00,-545.334,106.998,0.716751,0.146850
1909,6M56,30.83,0.237900,1.00,-2092.581,160.681,1.365152,0.201510
1910,6M5C,75.64,0.655000,1.00,-2601.705,155.375,0.229829,0.570930
1911,6MBM,78.12,0.629900,1.00,-879.269,58.477,0.216039,0.333560
1912,6MF8,46.74,0.586200,1.00,-3199.669,185.667,1.538942,0.403430
1913,6MJV,79.69,0.623100,1.00,-1765.533,164.289,0.198201,0.559760
1914,6MK4,82.50,0.601100,1.00,-1801.278,162.287,0.288814,0.630590
1915,6MK5,72.06,0.566500,1.00,-2314.424,201.739,0.360778,0.539210
1916,6MM4,79.55,0.664600,1.00,-2047.568,113.555,0.247034,0.557490
1917,6MW6,59.21,0.498400,1.00,-548.027,134.264,0.603432,0.117290
1918,6MZT,89.86,0.697900,1.00,-2303.731,183.039,0.124596,0.742140
1919,6NK9,85.94,0.678800,1.00,-1952.621,203.715,0.309609,0.702950
1920,6NOM,55.85,0.518000,1.00,-3317.715,243.014,0.556239,0.465750
1921,6NOX,62.50,0.452500,1.00,-676.599,77.185,0.357552,0.172620
1922,6NUG,78.12,0.655700,1.00,-1454.610,192.571,0.205215,0.357250
1923,6NW8,55.56,0.500700,1.00,-1367.566,254.611,0.676210,0.370190
1924,6O3Q,71.94,0.636900,1.00,-3847.083,190.720,0.359304,0.624850
1925,6O3S,72.34,0.603000,1.00,-3622.627,166.879,0.464934,0.630230
1931,6OBK,51.74,0.635300,1.00,-3295.947,160.818,0.943246,0.389100
1932,6OBW,55.88,0.512200,1.00,-875.231,83.339,0.518013,0.253740
1933,6OC2,51.47,0.500700,1.00,-838.783,99.563,0.387384,0.231220
1934,6OC4,58.82,0.494900,1.00,-798.865,97.759,0.460913,0.200120
1935,6OFA,68.94,0.621500,1.00,-2661.264,215.199,0.329186,0.466760
1936,6OLD,60.29,0.507900,1.00,-798.865,97.759,0.372805,0.188360
1937,6OQP,69.23,0.552700,1.00,-574.006,94.726,0.324633,0.192380
1938,6OTA,60.94,0.531900,1.00,-616.151,107.402,0.329025,0.258500
1939,6OTB,51.32,0.512500,1.00,-964.826,157.008,0.514504,0.186770
1940,6OVJ,63.46,0.547900,1.00,-547.471,94.616,0.352723,0.200040
1941,6PIN,48.61,0.417400,1.00,-1053.332,119.283,0.669217,0.191860
1942,6PIO,52.78,0.415400,1.00,-1086.754,170.690,0.631274,0.161690
1943,6PIP,44.44,0.391600,1.00,-1033.368,120.960,0.679557,0.194570
1945,6POR,42.86,0.416100,1.00,-1660.280,113.180,0.578618,0.213230
1946,6PPC,71.97,0.641700,1.00,-1730.247,190.823,0.446188,0.526770
1947,6PX7,79.41,0.639200,1.00,-2108.958,197.078,0.349499,0.573690
1948,6PX8,79.73,0.643000,1.00,-2368.170,208.303,0.256576,0.656940
1949,6Q1X,30.30,0.552500,1.00,-1114.257,168.660,1.390444,0.207320
1950,6Q5Z,65.52,0.505600,1.00,-1526.256,209.650,0.292256,0.399620
1951,6QAX,69.23,0.633400,1.00,-218.462,62.006,0.397966,0.337980
1952,6QB0,48.08,0.610000,1.00,-196.486,65.418,0.513966,0.238110
1953,6QB1,61.54,0.672900,1.00,-187.566,81.797,0.424722,0.273420
1954,6QES,61.88,0.521000,1.00,-2856.501,222.730,0.302377,0.485760
1955,6QET,48.81,0.424200,1.00,-2706.800,263.334,0.648767,0.350300
1956,6QJB,86.88,0.714000,1.00,-2626.410,184.308,0.170356,0.740650
1957,6QKF,76.39,0.620400,1.00,-972.176,84.495,0.355444,0.359910
1958,6R2X,69.00,0.549700,1.00,-1800.274,70.664,0.472579,0.497600
1959,6R95,65.62,0.667300,1.00,-1556.705,55.291,0.379348,0.365470
1960,6R96,61.46,0.629900,1.00,-1556.705,55.291,0.534711,0.276840
1961,6RRL,79.17,0.571800,1.00,-749.471,61.304,0.282182,0.405090
1962,6RRO,40.91,0.426600,1.00,-467.137,73.773,0.525104,0.244720
1963,6RSF,49.00,0.462100,1.00,-1220.357,97.454,0.459487,0.232810
1964,6RSG,39.00,0.475700,1.00,-1156.259,57.129,0.695520,0.209840
1965,6RSM,65.91,0.524500,1.00,-543.090,45.022,0.313519,0.443870
1966,6RY9,50.96,0.553200,1.00,-1392.067,35.134,0.462809,0.237360
1967,6RYQ,53.75,0.497400,1.00,-754.650,54.666,0.399542,0.142890
1968,6RZ1,43.75,0.531200,1.00,-1424.458,57.527,0.597694,0.195680
1969,6RZC,43.00,0.453400,1.00,-1378.408,52.316,0.605811,0.222950
1970,6S2D,52.08,0.568700,1.00,-1223.650,51.221,0.607242,0.279190
1971,6SAA,78.57,0.595200,1.00,-1469.489,145.856,0.329316,0.564070
1972,6SAB,66.91,0.514900,1.00,-2106.105,161.462,0.554305,0.442880
1973,6SFT,40.28,0.459900,1.00,-1426.079,177.846,0.990461,0.251480
1974,6SVC,81.43,0.699700,1.00,-2242.628,182.838,0.209238,0.599750
1975,6SVE,88.57,0.683900,1.00,-2242.628,182.838,0.146589,0.684370
1976,6SVH,86.43,0.700300,1.00,-2242.628,182.838,0.159375,0.679670
1977,6SY2,85.20,0.745400,1.00,-3794.335,197.529,0.223510,0.742950
1978,6SZF,21.43,0.349100,1.00,-1685.467,288.452,1.052857,0.232540
1979,6T33,51.14,0.394900,1.00,-3161.062,199.242,0.535066,0.459110
1980,6TVJ,60.00,0.492600,1.00,-353.051,49.130,0.370791,0.301040
1981,6TWG,92.31,0.697400,1.00,-788.119,63.891,0.135999,0.550830
1982,6U24,53.57,0.649000,1.00,-415.452,54.273,0.993486,0.217210
1983,6U6G,52.78,0.452300,1.00,-2080.614,175.231,0.670246,0.342710
1984,6U7Q,55.36,0.498400,1.00,-444.524,130.973,0.474626,0.182320
1985,6U7R,58.93,0.478600,1.00,-586.257,100.372,0.331796,0.271330
1986,6U7S,53.57,0.558900,1.00,-442.101,92.776,0.894045,0.272550
1987,6U7U,48.21,0.590200,1.00,-389.429,48.412,1.000427,0.230060
1988,6U7W,53.57,0.606000,1.00,-452.641,69.164,1.016763,0.212620
1989,6U7X,50.00,0.516000,1.00,-545.489,52.507,0.797716,0.184590
1990,6UCH,55.49,0.615600,1.00,-2030.473,187.938,0.880957,0.420350
1991,6V1N,54.41,0.512400,1.00,-911.548,91.291,0.415507,0.244240
1992,6V6T,80.00,0.670600,1.00,-2345.558,214.528,0.255232,0.603160
1993,6VE9,54.76,0.463500,1.00,-1395.011,64.853,0.555047,0.244950
1994,6VGT,18.42,0.254700,1.00,-1389.419,159.152,1.798021,0.248520
1995,6VH8,52.78,0.454500,1.00,-3392.167,196.242,0.802196,0.380140
1996,6VLA,85.29,0.723000,1.00,-1064.408,52.715,0.135969,0.347380
1997,6VLJ,40.79,0.502800,1.00,-566.167,127.267,0.807476,0.213700
1998,6VNZ,87.90,0.698800,1.00,-2185.226,132.983,0.131258,0.610420
1999,6VPN,92.55,0.771700,1.00,-3381.935,229.426,0.090631,0.869750
2000,6VXG,33.14,0.469200,1.00,-835.578,303.944,1.191986,0.222260
2001,6VY8,51.79,0.606000,1.00,-415.452,54.273,0.974007,0.242950
2002,6WQJ,73.57,0.605700,1.00,-2968.779,128.982,0.256426,0.514050
2003,6WQL,77.04,0.600300,1.00,-3611.187,193.735,0.296346,0.641870
2004,6X7I,74.11,0.695200,1.00,-1990.241,52.435,0.520333,0.680500
2005,6XCR,60.00,0.693500,1.00,-2976.660,163.172,0.878655,0.545860
2006,6XCU,67.78,0.645900,1.00,-3025.921,151.241,0.811249,0.611350
2007,6XN9,30.95,0.356100,1.00,-2557.474,350.590,0.945907,0.237000
2008,6XTH,41.67,0.467500,1.00,-780.379,105.063,0.694047,0.179250
2009,6XTI,50.00,0.479000,1.00,-555.805,113.505,0.618553,0.158970
2010,6XYH,72.50,0.552500,1.00,-2708.876,278.392,0.284165,0.620100
2011,6XYI,61.31,0.468900,1.00,-2857.186,221.843,0.348276,0.487210
2012,6Y1Q,50.00,0.412000,1.00,-681.138,108.738,0.430940,0.308420
2013,6YHF,65.83,0.664000,1.00,-1951.627,48.042,0.393558,0.455790
2014,6YHI,67.50,0.712500,1.00,-2217.074,50.025,0.384774,0.438720
2015,6YHO,64.17,0.698400,1.00,-1876.905,82.949,0.370853,0.506430
2016,6YHP,64.17,0.702100,1.00,-1816.911,54.682,0.358823,0.440110
2017,6YHX,76.67,0.715300,1.00,-1814.713,47.095,0.236395,0.516660
2018,6YJL,54.55,0.610600,1.00,-1704.781,149.931,0.613002,0.301300
2019,6YSE,94.02,0.783500,1.00,-4185.999,129.444,0.088576,0.870160
2020,6Z0G,47.45,0.595600,1.00,-2715.485,192.998,0.594428,0.451410
2021,6Z0H,44.39,0.631200,1.00,-2834.160,231.816,0.864680,0.387790
2022,6Z0I,49.49,0.633100,1.00,-2715.485,192.998,0.668997,0.437090
2023,7ALD,51.25,0.408900,1.00,-1095.664,144.992,0.665904,0.219490
2024,7ASY,66.67,0.624000,1.00,-2488.507,94.863,0.328785,0.428280
2025,7AT7,64.39,0.690200,1.00,-2596.325,67.463,0.472448,0.558220
2026,7ATB,65.91,0.651300,1.00,-2758.258,76.384,0.404400,0.564230
2027,7AY8,55.13,0.479700,1.00,-2277.374,199.392,0.538154,0.406530
2028,7B2F,51.61,0.535700,1.00,-2074.909,111.226,0.701682,0.442980
2029,7BW5,45.59,0.467400,1.00,-642.603,74.267,0.856640,0.244320
2030,7BWI,89.88,0.770900,1.00,-3646.489,227.770,0.206064,0.815610
2031,7BX2,76.79,0.615500,1.00,-532.637,71.662,0.234105,0.338740
2032,7BZ7,45.00,0.426800,1.00,-771.532,108.180,0.637245,0.195430
2033,7BZ8,45.00,0.400900,1.00,-726.190,93.740,0.643141,0.211440
2034,7BZ9,48.33,0.406600,1.00,-644.143,98.063,0.678171,0.191980
2035,7BZA,38.33,0.443900,1.00,-633.274,74.761,0.816451,0.202740
2036,7CCN,50.00,0.510300,1.00,-451.524,149.218,0.573910,0.237180
2037,7CCO,48.53,0.485700,1.00,-451.524,149.218,0.561307,0.208260
2038,7CK5,74.11,0.669500,1.00,-1781.148,102.620,0.344429,0.443600
2039,7CKD,33.97,0.331100,1.00,-2601.598,373.412,0.809576,0.262390
2040,7CKE,59.62,0.508300,1.00,-2601.598,373.412,0.467686,0.407620
2041,7CSS,59.62,0.545700,1.00,-584.669,62.020,0.463114,0.169580
2042,7CU6,43.33,0.440100,1.00,-626.192,89.822,0.775189,0.241490
2043,7D13,76.28,0.750900,1.00,-2511.534,77.219,0.304337,0.626710
2044,7D16,50.64,0.581400,1.00,-2511.534,77.219,1.012255,0.406600
2045,7D37,61.54,0.525100,1.00,-584.669,62.020,0.403149,0.297990
2046,7DEH,79.03,0.649300,1.00,-1888.550,88.139,0.270568,0.570780
2047,7EDK,61.84,0.479700,1.00,-934.048,150.760,0.479740,0.169370
2048,7EES,36.25,0.534400,1.00,-535.791,129.988,1.300689,0.173030
2049,7ELY,39.42,0.441600,1.00,-1640.424,168.009,0.580634,0.144830
2050,7F32,66.67,0.631500,1.00,-1048.387,76.456,0.299841,0.217240
2051,7JIA,71.88,0.699000,1.00,-1273.873,121.717,0.283307,0.330690
2052,7JIY,83.33,0.687100,1.00,-1561.729,134.849,0.231028,0.474680
2053,7JNN,88.04,0.675200,1.00,-3806.283,229.072,0.161248,0.782590
2054,7JPM,77.38,0.643700,1.00,-2455.421,240.872,0.316488,0.640160
2055,7JS6,35.00,0.448900,1.00,-591.315,54.550,0.722595,0.161180
2056,7K1M,79.17,0.649300,1.00,-539.685,89.342,0.162128,0.422010
2057,7K7X,72.41,0.628400,1.00,-1987.235,138.386,0.277983,0.471370
2058,7KNN,67.19,0.566200,1.00,-778.818,95.806,0.265333,0.226040
2059,7KPD,55.17,0.471200,1.00,-2010.567,245.286,0.490435,0.377240
2060,7L53,50.89,0.398100,1.00,-2037.445,164.907,0.394284,0.231600
2061,7L54,45.54,0.369600,1.00,-2037.445,164.907,0.436045,0.196340
2062,7L55,44.64,0.326700,1.00,-2037.445,164.907,0.668651,0.205010
2063,7L7A,57.14,0.495800,1.00,-652.055,101.757,0.324366,0.188410
2064,7L83,54.05,0.635000,1.00,-2612.915,130.382,1.042867,0.444110
2065,7LCW,38.33,0.467000,1.00,-581.436,113.239,0.748558,0.165360
2066,7LGL,50.53,0.461400,1.00,-2954.602,296.553,0.895046,0.407450
2067,7LGV,59.38,0.549500,1.00,-3004.551,372.565,0.719905,0.494920
2068,7LHC,81.03,0.689500,1.00,-1874.599,133.242,0.240915,0.601680
2069,7LI2,46.59,0.560400,1.00,-730.619,117.058,1.285813,0.167990
2070,7LIF,46.59,0.546400,1.00,-730.619,117.058,1.139788,0.153760
2071,7LP4,66.49,0.550200,1.00,-2992.975,308.108,0.684208,0.565000
2072,7LQR,46.43,0.492800,1.00,-889.484,129.458,0.549660,0.187080
2073,7LQS,75.00,0.582100,1.00,-754.083,94.517,0.312022,0.309610
2074,7LRW,63.10,0.517900,1.00,-1498.317,73.508,0.484821,0.252980
2075,7LSO,93.06,0.711700,1.00,-1006.969,41.311,0.103215,0.509780
2076,7LSP,81.94,0.696700,1.00,-1006.969,41.311,0.174184,0.417040
2077,7LT7,27.14,0.235300,1.00,-1857.511,173.877,1.566120,0.179040
2078,7LVE,73.40,0.614800,1.00,-3488.696,179.120,0.318017,0.604040
2079,7LVG,52.78,0.513000,1.00,-3577.471,180.154,0.680572,0.454560
2080,7LX4,46.34,0.420900,1.00,-2483.594,381.699,0.506525,0.355840
2081,7LZL,86.49,0.716300,1.00,-2427.772,161.877,0.171829,0.700850
2082,7M1D,45.31,0.414100,1.00,-2815.876,235.666,0.862396,0.381750
2083,7M1E,60.71,0.563700,1.00,-1383.112,156.862,0.450455,0.426500
2084,7M3U,46.30,0.359200,1.00,-1870.818,145.273,0.486284,0.166490
2085,7MJ3,32.95,0.355900,1.00,-3044.177,290.955,0.921174,0.272450
2086,7MY8,33.93,0.506800,1.00,-2924.780,186.994,0.934205,0.361490
2087,7N0T,59.38,0.489200,1.00,-495.391,143.357,0.526988,0.270820
2088,7N21,66.18,0.537600,1.00,-703.038,122.713,0.351382,0.175230
2089,7N23,66.18,0.598300,1.00,-703.038,122.713,0.318951,0.317960
2090,7N25,56.25,0.523300,1.00,-495.391,143.357,0.517919,0.242440
2091,7NIP,78.05,0.629300,1.00,-4429.778,163.580,0.186013,0.616560
2092,7NS1,83.87,0.774200,1.00,-2869.181,64.270,0.167356,0.728980
2093,7OB2,50.00,0.442000,1.00,-277.680,114.519,0.433636,0.262030
2094,7OD2,88.97,0.663500,1.00,-2523.576,159.737,0.120520,0.712120
2095,7OFM,76.67,0.680300,1.00,-1982.191,90.466,0.355496,0.587880
2096,7OFO,83.33,0.702600,1.00,-1982.191,90.466,0.267620,0.670100
2097,7OSC,59.38,0.537200,1.00,-1382.448,116.420,0.363582,0.268740
2099,7P3M,86.54,0.688200,1.00,-667.211,53.919,0.199672,0.545150
2100,7P4X,83.87,0.714400,1.00,-1933.087,74.244,0.233142,0.637220
2101,7P55,73.86,0.684600,1.00,-1622.534,46.020,0.207417,0.326950
2102,7P5G,38.00,0.379500,1.00,-1147.971,166.764,0.757792,0.145110
2103,7P5Q,42.00,0.454900,1.00,-1086.144,223.064,0.656023,0.149320
2104,7P5S,50.00,0.486400,1.00,-1079.769,157.032,0.432295,0.198660
2105,7PH8,82.26,0.688200,1.00,-2417.863,107.316,0.262654,0.594980
2106,7PHT,76.67,0.751500,1.00,-2475.804,66.450,0.218658,0.546130
2107,7PL4,67.74,0.702500,1.00,-2014.146,91.574,0.402074,0.528070
2108,7PVB,96.74,0.788300,1.00,-3283.659,166.827,0.079451,0.898040
2109,7PVM,57.26,0.537600,1.00,-1325.906,143.863,0.797148,0.382060
2110,7QAL,25.71,0.294100,1.00,-1258.977,198.805,1.037543,0.174720
2111,7QAM,27.14,0.378800,1.00,-1168.607,170.053,0.989934,0.194480
2112,7QAO,27.14,0.359900,1.00,-1099.785,203.843,1.259181,0.282440
2113,7QAP,47.86,0.644800,1.00,-2179.449,90.906,0.644857,0.376200
2114,7QLF,42.65,0.460400,1.00,-598.716,70.810,0.774583,0.215650
2115,7QXJ,55.36,0.403600,1.00,-1731.620,165.374,0.563140,0.356090
2116,7RC7,89.06,0.719500,1.00,-2129.588,194.753,0.215126,0.708700
2117,7RC8,89.06,0.701300,1.00,-2129.588,194.753,0.255305,0.704560
2118,7RFA,78.45,0.658400,1.00,-1849.303,149.010,0.362595,0.520250
2119,7RN3,68.33,0.561900,1.00,-2096.409,215.664,0.339202,0.396840
2120,7S55,66.94,0.588300,1.00,-2263.312,180.574,0.288935,0.404050
2121,7S7P,89.29,0.766700,1.00,-2816.842,136.576,0.152730,0.790530
2122,7SAG,62.90,0.492800,1.00,-1631.124,178.896,0.663978,0.424260
2123,7SKC,88.97,0.683200,1.00,-2610.199,191.939,0.120300,0.690210
2124,7T6G,60.00,0.449300,1.00,-881.802,70.277,0.459617,0.277210
2125,7T7W,88.64,0.631500,1.00,-594.083,45.412,0.141430,0.477010
2126,7TB9,41.25,0.465100,1.00,-429.765,123.894,0.496361,0.083600
2127,7TH8,58.33,0.473600,1.00,-1812.739,210.384,0.649877,0.349320
2128,7UNX,71.53,0.601700,1.00,-2305.609,200.398,0.386106,0.539430
2129,7UV3,67.71,0.582900,1.00,-3676.740,151.183,0.517726,0.575610
2130,7V5E,50.00,0.430700,1.00,-1135.210,154.277,0.554161,0.143420
2131,7V5F,41.94,0.485400,1.00,-2127.894,302.371,0.787263,0.266970
2132,7VOZ,74.14,0.745600,1.00,-2005.027,39.163,0.322862,0.492690
2133,7VQH,45.83,0.441500,1.00,-679.812,81.220,0.578095,0.126820
2134,7VQI,47.22,0.439200,1.00,-679.812,81.220,0.529898,0.183640
2135,7W8K,38.00,0.433300,1.00,-886.302,171.436,0.853690,0.159610
2136,7W8O,34.62,0.405000,1.00,-1664.225,144.205,0.755760,0.167310
2137,7W8R,45.19,0.386200,1.00,-1664.225,144.205,0.659380,0.240040
2138,7W8T,50.96,0.507500,1.00,-1170.107,172.028,0.595750,0.197860
2139,7W8Z,53.95,0.518900,1.00,-2453.653,217.308,0.590805,0.343210
2140,7W96,69.44,0.744600,1.00,-1049.895,126.710,0.271720,0.328340
2141,7WE3,31.45,0.452000,1.00,-1471.846,152.357,0.728896,0.184410
2142,7WEI,36.29,0.436200,1.00,-1471.846,152.357,0.674732,0.242090
2143,7Y7L,71.11,0.601000,1.00,-3056.479,246.948,0.406334,0.572050
2144,7YAB,64.77,0.523500,1.00,-2779.906,245.900,0.337864,0.519010
2145,7YFS,62.50,0.529200,1.00,-678.779,65.339,0.486223,0.249610
2146,7YHF,95.14,0.835400,1.00,-2490.958,234.666,0.088567,0.823780
2147,7YHG,95.83,0.831200,1.00,-2490.958,234.666,0.075891,0.848990
2148,7YHH,96.53,0.849000,1.00,-2490.958,234.666,0.068711,0.874590
2149,7YHI,95.83,0.831700,1.00,-2345.299,197.182,0.076355,0.832850
2150,7YRV,40.18,0.475000,1.00,-1675.447,186.820,0.690069,0.199850
2151,7YRW,31.45,0.364300,1.00,-1456.019,204.910,0.697072,0.205990
2152,7YRX,46.77,0.432900,1.00,-1314.502,231.487,0.492000,0.260610
2153,7YSS,73.21,0.594400,1.00,-873.440,39.165,0.431710,0.515630
2154,7YYI,75.86,0.696900,1.00,-2106.381,64.302,0.180925,0.557540
2155,7Z07,84.48,0.724400,1.00,-2098.735,83.025,0.149764,0.564910
2156,7Z08,72.41,0.686100,1.00,-2278.584,71.425,0.234685,0.516780
2157,7Z0B,75.86,0.759000,1.00,-2406.487,60.591,0.215732,0.553170
2159,7ZNF,86.67,0.732900,1.00,-1819.638,140.414,0.177490,0.596400
2160,7ZRF,44.44,0.600600,1.00,-532.752,137.182,1.337937,0.176040
2161,7ZRO,28.12,0.451600,1.00,-1605.009,184.236,1.373791,0.223140
2162,7ZRU,87.50,0.715000,1.00,-1901.269,91.499,0.212247,0.623620
2163,7ZWJ,36.76,0.454900,1.00,-378.622,77.599,0.755109,0.172600
2164,7ZZV,25.69,0.396000,1.00,-1961.435,244.276,1.273912,0.279210
2165,8A6I,30.36,0.434000,1.00,-1582.308,385.033,1.453973,0.217450
2166,8AHK,76.83,0.701800,1.00,-3038.726,306.180,0.246062,0.633000
2167,8B1L,79.17,0.691500,1.00,-1407.989,77.749,0.383304,0.426050
2168,8B1X,66.00,0.608600,1.00,-1482.566,47.390,0.620202,0.511470
2169,8B4R,51.25,0.439700,1.00,-1095.664,144.992,0.604134,0.210040
2170,8B6X,74.00,0.655200,1.00,-1543.205,113.995,0.321925,0.446520
2171,8B6Y,71.00,0.644600,1.00,-1543.205,113.995,0.307472,0.408540
2172,8B9Q,25.00,0.433400,1.00,-1324.871,271.109,1.346985,0.195970
2173,8B9R,27.50,0.462100,1.00,-1324.871,271.109,1.339567,0.277330
2174,8BOO,26.09,0.518900,1.00,-647.047,100.008,1.313154,0.201480
2175,8BVC,46.43,0.428100,1.00,-2732.085,288.994,0.449352,0.356820
2176,8BVZ,46.05,0.552000,1.00,-556.313,104.372,0.722070,0.203860
2177,8BWW,65.28,0.565300,1.00,-1314.583,58.608,0.426112,0.295400
2178,8CIQ,83.57,0.684500,1.00,-2296.889,221.845,0.310410,0.682530
2183,8CJT,79.29,0.665800,1.00,-2188.740,181.983,0.233848,0.585310
2184,8CM3,77.17,0.582600,1.00,-1365.742,151.723,0.429011,0.452680
2185,8DFZ,55.23,0.480100,1.00,-3305.281,304.092,0.674969,0.437640
2186,8DYM,50.86,0.405300,1.00,-1079.829,154.462,0.505219,0.315760
2187,8DYN,44.79,0.450500,1.00,-1021.497,112.369,0.652138,0.199240
2188,8EB1,54.17,0.416700,1.00,-1329.379,184.335,0.517107,0.399050
2189,8EF4,38.75,0.605200,1.00,-473.305,98.978,1.168706,0.194570
2190,8F04,82.89,0.694000,1.00,-1036.275,72.623,0.362301,0.436440
2191,8FD4,86.76,0.655400,1.00,-2253.855,179.218,0.183762,0.659130
2192,8FEY,88.19,0.724400,1.00,-2511.262,182.987,0.194037,0.740640
2193,8G21,48.44,0.531000,1.00,-1858.494,114.275,0.771588,0.427310
2194,8GUC,27.78,0.387600,1.00,-1959.726,237.657,1.055372,0.235240
2195,8GVN,82.14,0.573700,1.00,-873.440,39.165,0.277847,0.393660
2196,8H0G,79.03,0.680400,1.00,-1879.269,109.523,0.236569,0.561280
2197,8H0U,70.16,0.684300,1.00,-1879.269,109.523,0.363043,0.525620
2198,8HJC,83.33,0.666300,1.00,-2425.720,233.838,0.236174,0.644820
2199,8HJD,82.58,0.650500,1.00,-2425.720,233.838,0.225681,0.622880
2200,8HR3,67.31,0.586600,1.00,-503.741,71.472,0.358632,0.348350
2201,8HR4,67.31,0.574800,1.00,-622.308,73.494,0.391160,0.274720
2202,8HVS,72.50,0.540500,1.00,-467.083,64.326,0.339954,0.371680
2203,8HZW,45.31,0.466000,1.00,-476.473,107.552,0.631372,0.209690
2204,8IKQ,55.36,0.462800,1.00,-565.096,95.561,0.320865,0.255290
2205,8IL1,57.14,0.466900,1.00,-565.096,95.561,0.307470,0.182840
2206,8IL2,70.00,0.474500,1.00,-461.234,101.949,0.300786,0.257650
2207,8IL6,63.33,0.477000,1.00,-461.234,101.949,0.391034,0.215920
2208,8JB4,27.08,0.366100,1.00,-1443.655,121.439,0.885387,0.154250
2209,8K3M,44.12,0.455100,1.00,-593.209,116.785,0.571401,0.220960
2210,8K3N,36.76,0.425900,1.00,-593.209,116.785,0.709650,0.137940
2211,8OR5,60.00,0.666800,1.00,-1789.677,62.107,0.405010,0.387840
2212,8ORY,82.50,0.670600,1.00,-2078.356,64.886,0.295878,0.586130
2213,8ORZ,65.83,0.677600,1.00,-1550.059,31.874,0.319327,0.450070
2214,8OS0,74.17,0.733700,1.00,-1802.358,81.630,0.251942,0.445460
2216,8PWT,36.76,0.430700,1.00,-2835.868,88.864,0.694870,0.282430
2221,8QNT,29.59,0.607700,1.00,-3605.642,130.650,1.783561,0.257350
2222,8QTQ,71.32,0.601900,1.00,-2093.473,213.158,0.337191,0.488190
2223,8R89,51.39,0.515500,1.00,-917.403,85.793,0.516816,0.256410
2224,8RHS,52.08,0.472700,1.00,-3222.206,211.471,0.568599,0.428440
2225,8RPQ,66.67,0.761800,1.00,-2753.941,60.028,0.307150,0.578220
2226,8RQ6,70.97,0.674700,1.00,-2568.324,30.384,0.306538,0.488370
2227,8S9Y,26.28,0.483100,1.00,-1276.511,220.650,1.284950,0.235110
2228,8SED,80.41,0.640400,1.00,-2373.380,181.751,0.213427,0.619200
2229,8SEM,82.69,0.680100,1.00,-1896.619,200.260,0.308115,0.670300
2230,8SVB,35.83,0.455900,1.00,-1522.695,158.613,0.939969,0.184510
2231,8T01,86.54,0.697200,1.00,-671.477,36.715,0.121828,0.428510
2232,8T61,37.50,0.410700,1.00,-578.455,133.592,1.039774,0.106430
2233,8T62,42.19,0.498900,1.00,-422.220,114.886,0.913825,0.217020
2234,8T63,48.44,0.426500,1.00,-692.020,84.048,0.721791,0.227500
2235,8TFV,47.62,0.510000,1.00,-697.711,148.370,0.492780,0.150750
2236,8TV4,59.62,0.463800,1.00,-888.302,64.100,0.422474,0.174470
2237,8TXS,53.12,0.536500,1.00,-540.888,72.682,0.928540,0.265000
2238,8TYI,79.31,0.712400,1.00,-1860.620,115.485,0.197056,0.518510
2239,8UKC,48.33,0.419400,1.00,-699.622,93.927,0.485374,0.225520
2240,8ULM,75.76,0.567300,1.00,-1812.739,210.384,0.232481,0.483580
2241,8UM1,49.40,0.477200,1.00,-3433.219,153.951,0.780786,0.466100
2242,8UM2,57.14,0.483400,1.00,-3433.219,153.951,0.861593,0.410450
2243,8UNG,83.54,0.698800,1.00,-2832.424,156.412,0.193835,0.688070
2244,8UWF,87.82,0.755100,1.00,-2436.882,229.172,0.169015,0.756130
2245,8UXR,64.13,0.539900,1.00,-1263.959,233.804,0.476598,0.229390
2246,8V2M,78.57,0.636700,1.00,-1814.375,104.925,0.362514,0.575280
2247,8V2V,28.66,0.342600,1.00,-2659.542,414.716,0.844958,0.307200
2248,8VU6,86.41,0.728800,1.00,-2981.413,212.813,0.292654,0.776720
2249,8VU7,88.33,0.725900,1.00,-3098.240,216.524,0.207416,0.783100
2250,8VU8,84.30,0.684300,1.00,-2707.298,267.392,0.165872,0.702780
2251,8VYC,40.91,0.485900,1.00,-800.392,106.548,1.005640,0.146190
2252,8W0Q,68.75,0.600300,1.00,-1121.234,111.462,0.384707,0.248720
2253,8W16,61.67,0.487900,1.00,-640.163,92.240,0.323107,0.213670
2254,8W17,63.33,0.494300,1.00,-691.500,70.243,0.398168,0.282570
2255,8W2V,32.05,0.545200,1.00,-1372.166,233.780,0.963817,0.235800
2256,8WGI,58.00,0.542200,1.00,-1389.034,143.938,0.605821,0.273130
2257,8WGJ,70.83,0.564100,1.00,-1232.027,101.045,0.296340,0.374330
2258,8WW0,37.50,0.331800,1.00,-1934.970,263.118,1.000178,0.336560
2259,8WW1,31.67,0.391100,1.00,-1858.286,171.553,0.865578,0.220460
2260,8X3N,45.31,0.450200,1.00,-423.439,120.380,0.467498,0.201080
2261,8X40,51.56,0.442200,1.00,-423.439,120.380,0.390627,0.173360
2262,8XTH,51.67,0.395300,1.00,-635.065,95.771,0.380250,0.261640
2263,8XTN,35.61,0.455800,1.00,-1075.263,176.242,1.003823,0.175010
2264,8XTO,46.43,0.473700,1.00,-641.403,100.930,0.563574,0.119800
2265,8Y3S,54.55,0.502400,1.00,-368.877,47.676,0.350610,0.403780
2266,8YD6,27.50,0.366500,1.00,-1799.902,177.170,0.836130,0.213860
2267,8ZG2,50.00,0.513400,1.00,-238.655,51.868,0.522557,0.294680
2268,8ZG3,43.18,0.539600,1.00,-138.635,64.449,0.645873,0.341630
2269,8ZG4,63.64,0.561400,1.00,-261.589,46.322,0.428083,0.225730
2270,8ZP3,33.33,0.451400,1.00,-1020.329,187.707,0.862811,0.197040
2271,8ZUG,35.87,0.465900,1.00,-376.428,113.818,1.136154,0.177410
2272,9AZI,94.44,0.795000,1.00,-1892.781,74.135,0.112392,0.769420
2273,9BET,57.14,0.690200,1.00,-2761.802,77.991,0.515074,0.534430
2274,9BF4,54.84,0.407900,1.00,-2381.670,183.767,0.573950,0.319270
2275,9BHN,56.82,0.512400,1.00,-443.555,89.244,0.404414,0.195990
2276,9BV0,86.11,0.681700,1.00,-2119.615,133.770,0.117176,0.523560
2277,9BV4,48.61,0.448600,1.00,-3392.167,196.242,0.819884,0.359660
2278,9BVS,42.31,0.475000,1.00,-960.125,41.435,0.552777,0.266130
2279,9BVU,48.33,0.437400,1.00,-1238.129,35.437,0.643966,0.254910
2280,9BVV,46.15,0.436400,1.00,-857.633,80.383,0.496096,0.228260
2281,9CRB,83.04,0.694400,1.00,-1546.252,133.157,0.226405,0.542950
2282,9F1E,60.71,0.655400,1.00,-1385.649,80.589,0.619119,0.442990
2283,9F1F,62.82,0.659300,1.00,-2359.814,155.844,0.511568,0.489990
2284,9F1G,70.92,0.734200,1.00,-3195.781,179.443,0.693322,0.619820
2285,9FJN,91.67,0.765000,1.00,-1300.599,21.379,0.091878,0.480380
2286,9FJW,50.00,0.561100,1.00,-1840.122,162.472,0.958742,0.381680
2287,9G0M,64.00,0.645900,1.00,-1319.407,99.719,0.466363,0.354910
2288,9G0N,64.00,0.651900,1.00,-1319.407,99.719,0.517209,0.388510
2289,9G20,66.00,0.628300,1.00,-1319.407,99.719,0.462665,0.383590
2290,9G21,60.00,0.540300,1.00,-1319.407,99.719,0.442520,0.283560
2291,9G22,67.00,0.638800,1.00,-1238.249,93.420,0.477130,0.407690
2292,9G2N,64.00,0.627000,1.00,-1238.249,93.420,0.491002,0.377560
2293,9G2O,63.00,0.615500,1.00,-1238.249,93.420,0.478966,0.381390
2294,9G31,61.00,0.586300,1.00,-1238.249,93.420,0.493020,0.305040
2295,9G32,62.00,0.585100,1.00,-1238.249,93.420,0.501808,0.317790
2296,9G5P,66.00,0.626900,1.00,-1319.407,99.719,0.462851,0.413840
2297,9GDL,71.00,0.591100,1.00,-1513.677,147.449,0.292479,0.405880
2298,9GDN,72.00,0.622700,1.00,-1513.677,147.449,0.253279,0.407560
2299,9GDT,73.00,0.618500,1.00,-1513.677,147.449,0.274389,0.383560
2300,9GDU,75.00,0.609600,1.00,-1513.677,147.449,0.297864,0.421260
2301,9GE1,72.00,0.626600,1.00,-1513.677,147.449,0.302246,0.364590
2302,9GE9,62.00,0.559400,1.00,-1419.175,90.709,0.409491,0.319740
2303,9GEB,71.00,0.591300,1.00,-1419.175,90.709,0.330062,0.350280
2304,9GEC,66.00,0.615300,1.00,-1419.175,90.709,0.373807,0.357510
2305,9IKO,45.31,0.381400,1.00,-506.838,103.968,0.443161,0.201360
2306,9ILX,50.00,0.368000,1.00,-506.838,103.968,0.509079,0.164820
2307,9J5F,30.47,0.336300,1.00,-1814.531,263.585,0.961014,0.226790
2308,9J5H,60.71,0.566500,1.00,-2526.522,224.940,0.537562,0.431680
2309,9KAR,40.00,0.412200,1.00,-736.383,99.363,0.650090,0.208430
2310,9KK0,65.00,0.563400,1.00,-1035.889,155.693,0.406531,0.258060
2311,9L1M,45.83,0.515600,1.00,-175.860,59.226,0.705725,0.217520
2312,9NVH,76.43,0.659700,1.00,-1789.504,181.280,0.278162,0.573710
2313,9NWZ,41.25,0.493500,1.00,-697.928,100.343,0.791367,0.174640
2314,9NY3,41.25,0.372200,1.00,-1073.778,73.137,0.770923,0.121520
2315,9UV5,55.00,0.506300,1.00,-353.624,65.300,0.442782,0.370250
