serial,pdb_id,gdt_ts,lddt,lddt_coverage,pred_dope,pred_molpdf,rmsd,tm_score
1,1A11,89.00,0.779700,1.00,-1842.221,42.976,0.148276,0.565870
2,1A3P,68.89,0.619700,1.00,-2831.442,232.915,0.422753,0.550540
3,1ACW,80.17,0.653800,1.00,-1795.045,171.671,0.205571,0.438700
4,1ADX,47.50,0.496900,1.00,-2549.198,315.308,0.708020,0.337930
5,1AG7,83.09,0.656300,1.00,-1841.012,163.189,0.266686,0.644520
6,1AGG,68.23,0.608300,1.00,-2605.489,370.208,0.617370,0.581870
7,1AGT,97.37,0.780800,1.00,-2916.540,170.687,0.073864,0.860300
8,1AHL,45.41,0.419100,1.00,-3590.727,421.960,0.672964,0.433410
9,1ALE,87.50,0.745900,1.00,-1377.581,34.297,0.186837,0.514610
10,1ALF,92.11,0.775600,1.00,-1683.518,41.307,0.155890,0.502020
11,1ALG,68.75,0.701400,1.00,-1352.089,66.442,0.628932,0.520260
12,1AMB,25.00,0.412300,1.00,-884.170,211.014,0.867352,0.216770
13,1AMC,25.00,0.412800,1.00,-884.170,211.014,0.851086,0.206870
14,1AML,25.62,0.315000,1.00,-1627.801,241.610,1.257416,0.183240
15,1ANP,35.71,0.420100,1.00,-1282.376,145.287,0.910360,0.184110
16,1ANS,39.81,0.395300,1.00,-1634.774,176.286,0.890287,0.168930
17,1AOO,37.50,0.420900,1.00,-1825.988,277.622,0.775650,0.321550
18,1APF,40.31,0.413800,1.00,-3192.836,386.934,0.914433,0.357930
19,1APO,88.10,0.747200,1.00,-2369.513,174.716,0.181369,0.762130
20,1AQG,43.18,0.482500,1.00,-346.939,65.786,0.515742,0.178310
21,1AQQ,36.88,0.423400,1.00,-1825.988,277.622,0.789654,0.267810
22,1AQR,38.75,0.423600,1.00,-1825.988,277.622,0.837453,0.288890
23,1ARD,90.52,0.763700,1.00,-2246.635,112.551,0.301306,0.752810
24,1ARE,91.38,0.747000,1.00,-2193.076,123.547,0.231503,0.707750
25,1ARF,91.38,0.774100,1.00,-2331.619,141.666,0.242811,0.723530
26,1ATX,34.78,0.358400,1.00,-2779.725,327.889,1.060096,0.383330
27,1AV3,97.22,0.753400,1.00,-1547.603,176.558,0.073292,0.768580
28,1AW6,83.72,0.708500,1.00,-2760.548,171.351,0.246983,0.698630
29,1AXH,91.22,0.781300,1.00,-2266.575,166.425,0.186243,0.752680
30,1AZ6,79.17,0.629700,1.00,-2334.251,219.657,0.208261,0.579920
31,1AZH,57.64,0.497300,1.00,-2334.251,219.657,0.505245,0.359830
32,1AZJ,92.36,0.780800,1.00,-2380.131,238.258,0.096988,0.781490
33,1AZK,74.31,0.674600,1.00,-2242.854,257.230,0.225419,0.536970
34,1B03,62.50,0.498800,1.00,-833.108,93.158,0.305278,0.325570
35,1B1V,82.61,0.624000,1.00,-1016.262,71.470,0.371229,0.498840
36,1B4G,32.50,0.352700,1.00,-1373.557,133.017,1.109493,0.181320
37,1B4I,30.00,0.386700,1.00,-1373.557,133.017,0.735907,0.144140
38,1B5N,80.43,0.614500,1.00,-1016.262,71.470,0.359797,0.450840
39,1B8W,75.00,0.619900,1.00,-2844.966,221.712,0.335584,0.616340
40,1B9P,75.00,0.663400,1.00,-2297.096,108.471,0.305294,0.567620
41,1B9Q,66.18,0.610400,1.00,-2297.096,108.471,0.402001,0.427750
42,1B9U,85.29,0.796100,1.00,-2922.443,100.532,0.188556,0.668770
43,1BA4,19.38,0.299500,1.00,-1627.801,241.610,1.573559,0.208730
44,1BA6,20.62,0.312500,1.00,-1627.801,241.610,1.364105,0.211920
45,1BAH,84.46,0.651800,1.00,-2633.716,154.905,0.142821,0.682530
46,1BBA,75.69,0.683500,1.00,-2637.840,153.596,0.234895,0.587130
47,1BBG,70.62,0.618800,1.00,-3002.267,299.154,0.321380,0.550140
48,1BDS,51.16,0.431200,1.00,-3214.199,345.814,0.573404,0.461710
49,1BEI,85.71,0.668700,1.00,-2752.107,169.077,0.141501,0.644290
50,1BF9,87.20,0.746100,1.00,-2476.660,216.301,0.232482,0.740940
51,1BGK,89.86,0.738900,1.00,-2950.538,153.303,0.109828,0.745590
52,1BH4,72.50,0.625900,1.00,-2006.236,177.215,0.339526,0.456180
53,1BH7,40.15,0.497900,1.00,-1989.316,163.609,0.896135,0.260900
54,1BHI,79.61,0.733000,1.00,-2346.615,118.833,0.357137,0.689310
55,1BIG,92.57,0.726900,1.00,-3053.652,230.125,0.099042,0.779880
56,1BJB,26.79,0.446700,1.00,-902.070,172.984,1.162582,0.158820
57,1BJC,45.54,0.458900,1.00,-1479.229,98.353,0.613185,0.276730
58,1BL1,53.23,0.590000,1.00,-2436.627,83.041,0.654411,0.320980
59,1BM4,57.81,0.511500,1.00,-2224.812,138.617,0.807883,0.441680
60,1BMX,60.48,0.453300,1.00,-2542.431,91.510,0.735697,0.474380
61,1BNB,85.53,0.680300,1.00,-2899.423,252.524,0.202512,0.706600
62,1BOE,80.85,0.675700,1.00,-3500.162,226.278,0.211338,0.714990
63,1BQF,74.00,0.546700,1.00,-1400.670,86.378,0.342710,0.377680
64,1BRV,66.41,0.561000,1.00,-2019.329,208.048,0.505139,0.431040
65,1BWX,53.21,0.610500,1.00,-3052.534,69.723,0.578510,0.514690
66,1BY0,79.63,0.669200,1.00,-1636.555,69.959,0.308566,0.541140
67,1BY6,50.00,0.473700,1.00,-2352.753,58.684,0.475208,0.343160
68,1BZG,55.88,0.570500,1.00,-2571.119,69.355,0.565576,0.410860
69,1C2U,37.14,0.426500,1.00,-2626.801,123.096,0.760506,0.255200
70,1C49,88.57,0.708600,1.00,-2433.681,169.627,0.131675,0.708440
71,1C4B,51.92,0.431600,1.00,-422.594,82.155,0.506484,0.345920
72,1C4E,81.43,0.675800,1.00,-1987.078,210.985,0.196057,0.629130
73,1C55,75.62,0.616700,1.00,-3324.326,229.843,0.306353,0.611020
74,1C56,76.25,0.619000,1.00,-3324.326,229.843,0.306288,0.607370
75,1C6W,82.58,0.639500,1.00,-1573.895,164.569,0.194218,0.562880
76,1CBH,99.31,0.861800,1.00,-2404.231,244.752,0.056730,0.902290
77,1CCF,83.33,0.711600,1.00,-2369.513,174.716,0.164875,0.658840
78,1CCM,44.02,0.396100,1.00,-2868.404,429.960,0.769250,0.322070
79,1CCN,44.02,0.383800,1.00,-2868.404,429.960,0.722606,0.361160
80,1CE4,33.57,0.380600,1.00,-1799.725,231.997,0.701763,0.247310
81,1CFG,72.73,0.647500,1.00,-1532.376,108.603,0.414844,0.321880
82,1CFH,28.72,0.293400,1.00,-3595.516,248.170,1.224439,0.241050
83,1CFI,55.32,0.511600,1.00,-3595.516,248.170,0.655960,0.439120
84,1CHL,73.61,0.591200,1.00,-2177.548,231.681,0.220335,0.538350
85,1CIX,78.41,0.626800,1.00,-3280.340,240.801,0.224133,0.648150
86,1CKW,52.00,0.572500,1.00,-1317.460,129.921,0.529295,0.463730
87,1CKX,44.23,0.432800,1.00,-1902.405,90.077,0.846225,0.354440
88,1CKY,41.35,0.365100,1.00,-1902.405,90.077,0.740876,0.167800
89,1CKZ,41.00,0.486900,1.00,-1317.460,129.921,0.612504,0.237910
90,1CMR,82.26,0.656800,1.00,-2300.266,129.827,0.150931,0.549070
91,1CO4,66.07,0.647100,1.00,-2622.177,241.667,0.597274,0.509530
92,1CQ0,60.71,0.640100,1.00,-1449.717,58.089,0.403239,0.342920
93,1CR8,76.79,0.644400,1.00,-2419.633,232.219,0.280918,0.648960
94,1CSA,43.18,0.319600,1.00,-577.732,19.473,0.489783,0.141920
95,1CTI,92.24,0.728400,1.00,-1957.422,157.047,0.149330,0.668080
96,1CW5,60.42,0.531300,1.00,-2540.234,274.638,0.720372,0.466280
97,1CW6,63.51,0.569800,1.00,-2028.037,166.294,0.586439,0.510320
98,1CWX,27.84,0.483900,1.00,-1431.615,260.259,1.030099,0.303200
99,1CXR,31.52,0.331900,1.00,-2882.151,442.821,0.960816,0.232650
100,1CYA,40.91,0.461900,1.00,-577.732,19.473,0.479942,0.160640
101,1CYB,45.45,0.418200,1.00,-577.732,19.473,0.445211,0.188690
102,1CZ6,82.00,0.704200,1.00,-1210.061,121.947,0.206001,0.429610
103,1D0R,52.50,0.575700,1.00,-1835.104,111.320,0.569217,0.342720
104,1D1H,87.14,0.639000,1.00,-2625.636,181.365,0.210514,0.708960
105,1D2J,78.12,0.680100,1.00,-2288.938,168.425,0.255815,0.630900
106,1D2L,72.22,0.638600,1.00,-2480.507,238.372,0.485420,0.618500
107,1D5Q,100.00,0.860100,1.00,-1904.531,76.109,0.047872,0.844270
108,1D6B,85.12,0.695100,1.00,-2899.454,193.612,0.265421,0.726450
109,1D6X,59.62,0.501400,1.00,-318.592,112.269,0.373975,0.273020
110,1DEC,56.41,0.505500,1.00,-2013.457,271.556,0.625566,0.462240
111,1DEP,85.00,0.623300,1.00,-944.351,58.147,0.223829,0.528940
112,1DF6,50.00,0.438900,1.00,-2261.598,134.710,0.628641,0.305850
113,1DFE,75.00,0.547300,1.00,-2392.771,165.412,0.397208,0.602940
114,1DFS,52.42,0.513000,1.00,-2072.991,163.994,0.381963,0.343260
115,1DFT,58.33,0.458800,1.00,-1897.840,154.056,0.352560,0.302490
116,1DGZ,74.32,0.553500,1.00,-2392.771,165.412,0.400563,0.595110
117,1DJF,93.33,0.761100,1.00,-683.808,49.131,0.111911,0.507460
118,1DKC,77.63,0.604300,1.00,-2393.659,207.350,0.203716,0.584250
119,1DL0,90.54,0.757400,1.00,-2356.843,159.744,0.122825,0.756110
120,1DMC,41.13,0.460700,1.00,-1773.551,455.129,0.674236,0.323650
121,1DMD,41.94,0.456900,1.00,-1773.551,455.129,0.665238,0.215050
122,1DME,49.11,0.465800,1.00,-1603.079,166.791,0.632526,0.249100
123,1DMF,50.00,0.469600,1.00,-1603.079,166.791,0.637543,0.235020
124,1DN3,90.00,0.734000,1.00,-683.808,49.131,0.192591,0.499390
125,1DNG,91.67,0.752900,1.00,-748.152,30.531,0.102061,0.514080
126,1DPK,53.75,0.492500,1.00,-362.901,125.106,0.527448,0.210750
127,1DPQ,66.25,0.551400,1.00,-719.452,56.247,0.411610,0.277840
128,1DSK,69.64,0.688800,1.00,-2081.994,62.878,0.534820,0.488170
129,1DSQ,91.67,0.690200,1.00,-962.246,71.051,0.200252,0.513200
130,1DSV,60.48,0.574300,1.00,-1070.009,208.490,0.480555,0.360890
131,1DTC,84.62,0.757700,1.00,-1772.591,51.195,0.226554,0.629480
132,1DU1,66.25,0.539200,1.00,-1234.010,47.157,0.481014,0.297530
133,1DU9,81.25,0.693600,1.00,-1492.256,203.269,0.181307,0.528220
134,1DV0,84.57,0.731800,1.00,-4702.490,168.455,0.375524,0.775590
135,1DVW,55.56,0.539500,1.00,-729.468,149.311,0.534086,0.195330
136,1DX7,54.17,0.608600,1.00,-3790.555,118.103,0.559776,0.557030
137,1E0G,84.90,0.662200,1.00,-4214.006,180.540,0.187541,0.740560
138,1E0L,81.76,0.721700,1.00,-2413.403,182.196,0.223128,0.675880
139,1E0M,85.81,0.743000,1.00,-2333.937,144.000,0.211055,0.696120
140,1E0N,89.81,0.684700,1.00,-1816.446,134.245,0.150855,0.559730
141,1E0Q,80.88,0.664600,1.00,-1059.627,76.464,0.198112,0.276270
142,1E4Q,79.73,0.701100,1.00,-2658.704,184.136,0.221825,0.623250
143,1E4R,72.86,0.579300,1.00,-2120.541,322.951,0.287138,0.517740
144,1E4S,78.47,0.617100,1.00,-2623.275,123.548,0.232443,0.621980
145,1E4T,75.00,0.615100,1.00,-2636.856,150.904,0.374676,0.547410
146,1E8P,91.30,0.773800,1.00,-3564.726,189.277,0.122026,0.824490
147,1E8Q,88.59,0.771300,1.00,-3564.726,189.277,0.191375,0.805680
148,1E9K,41.45,0.586600,1.00,-2243.551,226.228,0.632299,0.342880
149,1ED0,60.87,0.501800,1.00,-3178.567,209.916,0.418650,0.450160
150,1ED7,92.22,0.736800,1.00,-4111.772,259.665,0.116964,0.835270
151,1EDP,70.59,0.626200,1.00,-1038.085,76.733,0.300480,0.273570
152,1EDS,43.55,0.410500,1.00,-2410.910,118.345,0.583480,0.347260
153,1EDV,33.82,0.367000,1.00,-1653.642,299.117,0.741987,0.236340
154,1EDW,42.31,0.460300,1.00,-2119.148,123.387,0.489419,0.174840
155,1EDX,22.50,0.396300,1.00,-1927.582,246.955,1.132406,0.223450
156,1EGT,82.35,0.636100,1.00,-798.423,78.086,0.240560,0.322310
157,1EHS,57.29,0.582200,1.00,-3421.676,122.188,0.458589,0.480830
158,1EI0,99.34,0.842700,1.00,-3045.951,151.296,0.048531,0.933650
159,1EMX,75.83,0.576500,1.00,-1848.664,196.723,0.295436,0.498730
160,1EMZ,83.33,0.668300,1.00,-1419.285,27.351,0.281311,0.452540
161,1EQX,68.06,0.601200,1.00,-706.890,61.327,0.374535,0.333050
162,1ERC,50.00,0.555600,1.00,-3062.008,151.119,0.782650,0.371490
163,1ERD,39.38,0.397300,1.00,-2667.325,261.226,0.921727,0.297900
164,1ERP,44.08,0.420300,1.00,-2459.899,320.050,0.573185,0.385940
165,1ERY,47.44,0.545300,1.00,-2964.342,127.665,0.839556,0.441550
166,1ESK,63.69,0.653100,1.00,-1994.453,190.088,0.351295,0.461010
167,1EWS,78.91,0.602300,1.00,-2071.516,164.292,0.225258,0.679760
168,1EYO,86.67,0.734900,1.00,-1942.817,199.129,0.215656,0.634140
169,1EZE,57.24,0.689600,1.00,-2675.219,94.273,0.409324,0.512910
170,1F3K,64.42,0.510200,1.00,-1729.428,140.774,0.384443,0.312590
171,1F4I,87.22,0.697200,1.00,-4658.632,115.304,0.209077,0.787110
172,1F7E,82.07,0.765900,1.00,-2642.660,310.008,0.213972,0.730040
173,1F7M,80.43,0.753800,1.00,-2642.660,310.008,0.209226,0.685470
174,1F8Z,90.38,0.750700,1.00,-2115.812,198.861,0.200387,0.769140
175,1FAC,67.86,0.582100,1.00,-1321.589,65.360,0.315683,0.204340
176,1FCT,56.25,0.516900,1.00,-1550.918,166.926,0.520015,0.412010
177,1FDF,52.00,0.575800,1.00,-1593.159,75.047,0.422528,0.311610
178,1FEO,87.50,0.679100,1.00,-1466.462,100.081,0.142506,0.573580
179,1FF7,80.43,0.714400,1.00,-2642.660,310.008,0.224356,0.669290
180,1FFM,84.78,0.771800,1.00,-2642.660,310.008,0.176702,0.748600
181,1FGD,54.17,0.472500,1.00,-725.058,88.315,0.402080,0.153010
182,1FGE,50.00,0.477400,1.00,-842.237,175.022,0.636902,0.138970
183,1FJN,85.26,0.737100,1.00,-2890.579,167.253,0.209298,0.703610
184,1FME,71.43,0.576300,1.00,-2032.386,179.250,0.273348,0.456910
185,1FMY,38.12,0.419200,1.00,-1825.988,277.622,0.883606,0.286880
186,1FQQ,70.73,0.608700,1.00,-2939.172,201.541,0.367888,0.559040
187,1FRE,37.50,0.380700,1.00,-3099.633,210.858,0.688378,0.315890
188,1FRY,37.93,0.507400,1.00,-1524.939,82.024,0.783322,0.200130
189,1FSB,88.75,0.763900,1.00,-2648.389,264.065,0.175935,0.753840
190,1FSD,70.54,0.614500,1.00,-2001.472,165.970,0.305360,0.435630
191,1FSV,71.43,0.620600,1.00,-2001.472,165.970,0.297734,0.437330
192,1FU3,92.59,0.706300,1.00,-1857.272,179.631,0.115820,0.642670
193,1FU9,79.86,0.675600,1.00,-2507.416,198.525,0.461417,0.675960
194,1FUL,47.73,0.428200,1.00,-407.871,43.239,0.456784,0.198180
195,1FUV,54.55,0.476200,1.00,-407.871,43.239,0.313525,0.246750
196,1FV5,75.69,0.614200,1.00,-2528.591,174.232,0.344381,0.583180
197,1FVY,50.00,0.609200,1.00,-2450.336,64.783,0.940527,0.353630
198,1FW5,78.75,0.722600,1.00,-1381.606,72.110,0.329470,0.345860
199,1FWO,78.57,0.649000,1.00,-2137.043,227.771,0.282175,0.579790
200,1FYG,89.00,0.680800,1.00,-1343.663,101.558,0.123561,0.469500
201,1G04,33.65,0.368600,1.00,-1720.396,132.909,1.241158,0.159950
202,1G26,84.68,0.716900,1.00,-2259.934,154.095,0.160352,0.597540
203,1G92,53.00,0.610000,1.00,-1732.761,64.149,0.686624,0.374430
204,1G9P,61.67,0.595300,1.00,-2563.956,261.221,0.700725,0.522130
205,1GEA,76.19,0.682500,1.00,-1392.914,58.506,0.327861,0.296380
206,1GIB,68.18,0.534900,1.00,-847.158,148.253,0.264326,0.190300
207,1GK5,74.49,0.624200,1.00,-3503.180,259.833,0.234933,0.639440
208,1GM2,43.18,0.556700,1.00,-266.568,64.766,0.800188,0.311470
209,1GNA,78.85,0.621700,1.00,-573.779,83.230,0.340689,0.366710
210,1GNB,55.77,0.530400,1.00,-573.779,83.230,0.428037,0.268410
211,1GNF,81.52,0.670800,1.00,-3247.471,198.153,0.254271,0.669540
212,1GP8,78.12,0.701600,1.00,-2998.903,70.457,0.265940,0.653560
213,1GPS,92.55,0.762100,1.00,-3116.568,163.010,0.130491,0.847120
214,1GPT,90.43,0.720700,1.00,-3063.628,193.339,0.123599,0.846000
215,1GUR,77.14,0.610600,1.00,-1987.078,210.985,0.187278,0.558570
216,1GW3,53.80,0.610700,1.00,-3419.756,107.491,0.417870,0.492880
217,1GW4,49.46,0.572200,1.00,-3419.756,107.491,0.714345,0.397370
218,1H20,83.97,0.711400,1.00,-2715.493,198.507,0.280809,0.699410
219,1H5O,81.55,0.630100,1.00,-2229.788,256.015,0.176666,0.670480
220,1H7D,31.12,0.266600,1.00,-3796.512,239.557,1.769891,0.230680
221,1H7J,51.92,0.482900,1.00,-1302.719,73.135,0.486038,0.283800
222,1HA9,86.03,0.780400,1.00,-1806.348,208.249,0.379707,0.728190
223,1HD6,45.27,0.502300,1.00,-2726.916,181.109,0.804766,0.314030
225,1HEV,94.77,0.773300,1.00,-3087.022,228.622,0.128006,0.878930
226,1HFF,70.00,0.571700,1.00,-337.065,38.523,0.258647,0.368730
227,1HJ0,34.15,0.544500,1.00,-2112.080,152.915,0.814003,0.235010
228,1HLL,81.25,0.669600,1.00,-2224.423,88.895,0.281661,0.590930
229,1HLY,90.38,0.730800,1.00,-2791.367,235.254,0.146838,0.781780
230,1HN3,24.38,0.292800,1.00,-2024.346,245.718,1.336672,0.180240
231,1HNR,65.96,0.576800,1.00,-3362.883,202.467,0.320613,0.557920
232,1HNS,57.45,0.517600,1.00,-3362.883,202.467,0.406337,0.453520
233,1HO0,47.50,0.419200,1.00,-2045.720,120.142,0.608340,0.252730
234,1HO2,85.00,0.711100,1.00,-1247.716,34.777,0.178336,0.435700
235,1HO7,80.00,0.690600,1.00,-1247.716,34.777,0.195321,0.415550
236,1HO9,68.75,0.621300,1.00,-2453.045,90.169,0.350873,0.437830
237,1HOD,68.75,0.633700,1.00,-2453.045,90.169,0.365818,0.378570
238,1HOF,66.41,0.576400,1.00,-2224.423,88.895,0.331954,0.439570
239,1HP2,90.54,0.734400,1.00,-2641.942,158.270,0.139577,0.784720
240,1HP3,82.81,0.671800,1.00,-1911.031,150.913,0.296472,0.642290
241,1HP9,84.09,0.637600,1.00,-1613.848,71.437,0.167947,0.337810
242,1HPH,47.30,0.582000,1.00,-3039.509,73.827,0.836029,0.395670
243,1HPY,58.82,0.626900,1.00,-2720.380,67.466,0.446147,0.356020
244,1HRL,72.83,0.595800,1.00,-1102.670,104.040,0.489229,0.329100
246,1HTX,89.06,0.703400,1.00,-2188.203,204.448,0.151942,0.657320
247,1HU5,79.17,0.669300,1.00,-865.653,43.978,0.194459,0.354450
248,1HU6,65.28,0.587400,1.00,-870.295,39.627,0.422212,0.279210
249,1HU7,80.56,0.657100,1.00,-1037.790,26.525,0.247927,0.419110
250,1HVW,98.00,0.801400,1.00,-1496.543,137.130,0.063462,0.730630
251,1HVZ,77.78,0.632400,1.00,-1006.247,78.252,0.246545,0.297370
252,1HY9,89.63,0.773200,1.00,-2696.299,243.173,0.139514,0.784200
253,1HYK,80.98,0.661300,1.00,-3342.978,390.527,0.251681,0.681660
254,1HZ3,31.73,0.505900,1.00,-848.618,191.385,0.994138,0.169270
255,1I25,44.59,0.409700,1.00,-1685.593,167.690,0.903421,0.406110
256,1I26,77.21,0.654700,1.00,-2258.301,214.453,0.345477,0.571540
257,1I2U,81.25,0.651300,1.00,-3075.432,308.623,0.228513,0.676220
258,1I2V,80.68,0.646500,1.00,-3438.805,234.857,0.323074,0.674850
259,1I6C,69.23,0.648500,1.00,-2194.747,167.118,0.559289,0.554700
260,1I8X,68.33,0.560600,1.00,-2122.133,115.391,0.476114,0.491710
261,1I8Y,84.82,0.684600,1.00,-1788.385,86.905,0.202278,0.517260
262,1IB9,80.88,0.695500,1.00,-1806.348,208.249,0.402458,0.641420
263,1IBN,73.75,0.655800,1.00,-1315.322,19.114,0.331828,0.384180
264,1IBO,73.75,0.640200,1.00,-1315.322,19.114,0.377612,0.357850
265,1IC9,37.93,0.487100,1.00,-1657.409,143.359,1.278038,0.232120
266,1ICA,68.75,0.589600,1.00,-2876.323,153.343,0.596736,0.562480
267,1ICL,39.66,0.475200,1.00,-1458.904,198.738,1.098933,0.192710
268,1ICO,35.34,0.477500,1.00,-1606.959,194.886,1.211695,0.328060
269,1ID6,35.00,0.445500,1.00,-794.560,65.311,0.629480,0.143590
270,1ID7,40.00,0.420500,1.00,-794.560,65.311,0.597730,0.186750
271,1IE6,77.27,0.636300,1.00,-1316.245,180.068,0.380471,0.568760
272,1IFY,91.84,0.750800,1.00,-4683.517,134.288,0.099623,0.845090
273,1IIJ,75.00,0.715000,1.00,-2502.947,74.048,0.265963,0.644120
274,1IM1,72.92,0.523700,1.00,-508.813,63.558,0.252196,0.346430
275,1IRR,79.35,0.573500,1.00,-966.794,99.358,0.374610,0.419420
276,1IVA,66.67,0.552500,1.00,-3186.329,195.151,0.620116,0.544770
277,1IWC,40.44,0.499700,1.00,-1202.903,176.227,0.817004,0.323720
278,1IWF,29.41,0.419900,1.00,-1202.903,176.227,0.938843,0.243560
279,1IXA,88.46,0.723600,1.00,-2301.977,186.517,0.162282,0.731450
280,1IXT,86.11,0.691100,1.00,-1750.160,128.454,0.138444,0.523410
281,1IXU,45.83,0.499900,1.00,-434.635,89.409,0.491540,0.252840
282,1IYC,45.14,0.477300,1.00,-1738.889,271.019,1.043975,0.345270
283,1IYT,23.81,0.307300,1.00,-2145.538,203.227,1.388489,0.199330
284,1J4M,91.07,0.722100,1.00,-633.431,62.036,0.129902,0.533970
285,1J5J,91.67,0.774400,1.00,-2812.574,182.320,0.126749,0.780370
286,1J5L,45.83,0.518100,1.00,-1858.115,173.831,0.671340,0.293110
287,1J5M,75.00,0.597900,1.00,-1466.650,193.466,0.227087,0.408600
288,1JBL,57.14,0.724000,1.00,-443.689,48.936,0.998896,0.334100
289,1JBN,55.36,0.671200,1.00,-443.689,48.936,0.983263,0.291380
290,1JDM,66.94,0.599700,1.00,-2962.099,49.697,0.477523,0.515290
291,1JI9,68.24,0.581600,1.00,-2423.992,191.541,0.272727,0.472710
292,1JJZ,87.07,0.704000,1.00,-1902.393,194.057,0.215468,0.613870
293,1JKZ,85.87,0.712000,1.00,-3613.229,202.291,0.136066,0.770190
294,1JLZ,86.96,0.711500,1.00,-1182.429,137.521,0.126200,0.440710
295,1JMN,37.50,0.347700,1.00,-3133.937,372.985,0.810326,0.291920
296,1JMP,79.89,0.669000,1.00,-3133.448,158.145,0.233435,0.696240
297,1JN7,72.92,0.651300,1.00,-2499.189,198.344,0.626793,0.593920
298,1JO5,44.27,0.611200,1.00,-3790.555,118.103,0.993988,0.461160
299,1JO6,43.33,0.528800,1.00,-2660.236,207.021,1.058299,0.355340
300,1JRF,52.13,0.474100,1.00,-2342.622,216.925,0.764464,0.435670
301,1JRJ,82.69,0.763800,1.00,-2630.163,94.915,0.216840,0.671570
302,1JU8,76.35,0.663400,1.00,-2773.107,211.435,0.238513,0.558660
303,1JY9,77.50,0.626600,1.00,-590.431,94.217,0.248389,0.216590
304,1K0P,37.10,0.405500,1.00,-1662.139,222.444,0.657736,0.235460
305,1K18,37.10,0.406700,1.00,-1662.139,222.444,0.649463,0.228700
306,1K1V,92.07,0.721200,1.00,-3422.243,80.118,0.105930,0.792060
307,1K36,79.89,0.636800,1.00,-3526.031,281.338,0.189824,0.676520
308,1K37,79.35,0.642000,1.00,-3526.031,281.338,0.180689,0.676380
309,1K43,89.29,0.692400,1.00,-633.431,62.036,0.186274,0.399710
310,1K48,87.07,0.707300,1.00,-1902.393,194.057,0.216127,0.593300
311,1K7B,78.19,0.723000,1.00,-2390.202,320.450,0.366567,0.698790
312,1K81,65.28,0.542800,1.00,-2422.151,165.440,0.298274,0.437290
313,1K91,85.81,0.741600,1.00,-1765.155,153.892,0.158688,0.679510
314,1KAL,87.07,0.736100,1.00,-1971.519,179.878,0.219078,0.603740
315,1KBE,67.86,0.571900,1.00,-3390.942,225.214,0.283748,0.564090
316,1KBF,69.90,0.575500,1.00,-3390.942,225.214,0.289963,0.575370
317,1KDL,71.74,0.621500,1.00,-1670.945,53.453,0.342411,0.374940
318,1KGM,85.71,0.715900,1.00,-1866.056,167.383,0.180886,0.656220
319,1KIO,77.14,0.681100,1.00,-1812.432,166.784,0.389380,0.587680
320,1KJ0,76.43,0.655700,1.00,-1849.118,187.896,0.264011,0.550460
321,1KJ5,80.56,0.661800,1.00,-2623.275,123.548,0.193516,0.644030
322,1KJ6,72.22,0.573400,1.00,-2796.137,185.866,0.645790,0.605890
323,1KLR,94.17,0.793000,1.00,-1930.558,137.308,0.155986,0.767410
324,1KLS,91.67,0.747200,1.00,-1878.780,127.809,0.162679,0.731810
325,1KMR,81.67,0.662500,1.00,-1024.832,33.131,0.318232,0.500270
326,1KOZ,77.08,0.622900,1.00,-2518.995,161.137,0.215875,0.566180
327,1KQH,83.55,0.645600,1.00,-2838.859,165.185,0.203920,0.668750
328,1KQI,78.29,0.680800,1.00,-2838.859,165.185,0.218673,0.616470
329,1KUW,50.00,0.508700,1.00,-215.150,46.542,0.414362,0.300120
330,1KV4,58.33,0.661600,1.00,-2355.034,136.942,0.524152,0.422220
331,1KWD,76.56,0.524000,1.00,-1079.952,65.177,0.233803,0.288420
332,1KWE,71.88,0.534200,1.00,-1079.952,65.177,0.259102,0.246350
333,1KX6,47.41,0.439500,1.00,-2163.986,66.627,0.545410,0.229220
334,1KZ0,78.12,0.571600,1.00,-993.108,33.335,0.225778,0.261430
335,1KZ2,81.25,0.640700,1.00,-842.688,41.392,0.185673,0.322240
336,1KZ5,75.00,0.541500,1.00,-586.356,50.174,0.346279,0.379050
337,1L1K,36.25,0.413200,1.00,-762.205,155.129,0.691708,0.096670
338,1L2Y,96.25,0.812100,1.00,-1135.931,54.485,0.067264,0.500110
339,1L3Q,45.83,0.575500,1.00,-379.723,63.507,0.704854,0.246980
340,1L3Y,78.66,0.626200,1.00,-2527.125,242.635,0.222378,0.631840
341,1L4V,85.62,0.699600,1.00,-2845.297,171.450,0.161586,0.729940
342,1LA4,82.35,0.677300,1.00,-2216.533,204.419,0.174171,0.643590
343,1LB0,76.92,0.534000,1.00,-748.334,28.947,0.251177,0.341480
344,1LB7,87.50,0.683100,1.00,-801.744,62.157,0.205752,0.452140
345,1LBJ,79.55,0.636600,1.00,-1666.230,44.757,0.358139,0.443310
346,1LCX,80.77,0.565800,1.00,-748.334,28.947,0.247728,0.365070
347,1LDL,68.23,0.595600,1.00,-2574.050,237.796,0.456306,0.562720
348,1LDR,68.02,0.575000,1.00,-2432.580,164.861,0.302741,0.542770
349,1LFC,39.00,0.298700,1.00,-1669.879,112.702,0.669174,0.159000
350,1LGL,91.67,0.785600,1.00,-2812.574,182.320,0.123988,0.811710
351,1LIQ,62.96,0.500800,1.00,-1714.095,137.059,0.365605,0.304280
352,1LIR,93.92,0.750300,1.00,-2767.725,172.441,0.104382,0.796070
353,1LMM,68.12,0.575300,1.00,-2458.841,244.485,0.485392,0.523630
354,1LMR,71.43,0.642400,1.00,-2055.865,151.737,0.259463,0.550130
355,1LUP,79.84,0.575300,1.00,-2028.112,183.796,0.191472,0.510810
356,1LV4,38.10,0.394700,1.00,-1131.677,68.532,0.657050,0.117730
357,1LVZ,45.45,0.439800,1.00,-314.792,69.317,0.476367,0.203330
358,1LYP,80.47,0.664500,1.00,-2341.712,68.859,0.186718,0.616240
359,1M02,54.17,0.537900,1.00,-502.759,52.734,0.592621,0.301940
360,1M0G,42.50,0.504500,1.00,-2111.009,123.735,0.737932,0.255790
361,1M0J,66.07,0.523200,1.00,-1658.445,194.616,0.405213,0.387940
362,1M23,90.38,0.638300,1.00,-732.140,31.915,0.116370,0.446170
363,1M25,59.62,0.543000,1.00,-1720.396,132.909,0.564588,0.365990
364,1M2S,85.81,0.648200,1.00,-2699.124,176.038,0.161607,0.699820
365,1M36,92.42,0.781400,1.00,-2491.417,116.228,0.148451,0.775160
366,1M4E,50.00,0.412200,1.00,-1432.819,50.514,0.434141,0.176580
367,1M4F,33.00,0.332500,1.00,-1810.747,160.414,0.678182,0.143330
368,1MA2,69.12,0.548100,1.00,-927.031,86.059,0.329732,0.277700
369,1MA4,44.12,0.497500,1.00,-665.260,188.793,0.786597,0.181220
370,1MA5,52.94,0.469300,1.00,-927.031,86.059,0.600219,0.157470
371,1MA6,50.00,0.488500,1.00,-665.260,188.793,0.598102,0.172670
372,1MB6,82.86,0.620600,1.00,-2353.316,180.297,0.185815,0.648850
373,1MEA,56.25,0.523800,1.00,-1236.092,142.313,0.547938,0.310270
374,1MED,56.25,0.531700,1.00,-1236.092,142.313,0.608229,0.301370
375,1MEQ,60.87,0.649400,1.00,-1073.634,91.272,0.606739,0.286240
376,1MF6,64.58,0.525000,1.00,-401.242,58.421,0.411485,0.309270
377,1MGX,46.81,0.427300,1.00,-3595.516,248.170,0.771740,0.358650
378,1MHU,73.39,0.635100,1.00,-2230.041,163.722,0.240122,0.430570
379,1MKC,51.16,0.558400,1.00,-2384.660,239.331,0.667014,0.379440
380,1MM0,92.36,0.792200,1.00,-3059.279,206.571,0.101306,0.793910
381,1MMC,84.17,0.708900,1.00,-1946.171,156.616,0.161155,0.567860
382,1MOT,66.96,0.617200,1.00,-1524.865,67.720,0.503153,0.574330
383,1MPZ,35.37,0.425300,1.00,-2657.272,219.411,0.700009,0.261280
384,1MR0,86.03,0.660700,1.00,-2670.141,203.891,0.176990,0.669740
385,1MR4,90.96,0.757000,1.00,-3509.637,233.931,0.135847,0.804930
386,1MRB,67.74,0.610200,1.00,-2043.860,150.343,0.258464,0.426420
387,1MRT,66.13,0.569300,1.00,-2218.077,181.950,0.242120,0.384150
388,1MTQ,71.05,0.503000,1.00,-918.267,85.643,0.444700,0.309820
389,1MTX,93.59,0.760500,1.00,-2718.981,172.186,0.118402,0.771100
390,1MXQ,65.91,0.568900,1.00,-479.640,75.368,0.304163,0.383490
391,1MYN,95.45,0.800900,1.00,-3224.362,202.713,0.083163,0.868600
392,1MYU,58.33,0.500300,1.00,-410.258,74.646,0.412146,0.254180
393,1MZI,51.92,0.480300,1.00,-748.334,28.947,0.369127,0.170390
394,1N0Z,68.89,0.654300,1.00,-2322.603,253.267,0.658889,0.578060
395,1N1U,92.24,0.784600,1.00,-1798.148,197.625,0.116934,0.720030
396,1N2Y,45.00,0.438600,1.00,-608.573,104.180,0.503229,0.136510
397,1N4N,96.28,0.800900,1.00,-3537.143,235.784,0.072195,0.912860
398,1N5G,27.63,0.336300,1.00,-2505.276,293.601,0.781143,0.245290
399,1N6T,47.50,0.469700,1.00,-319.107,39.384,0.431107,0.293390
400,1N8M,88.82,0.743900,1.00,-2700.002,221.929,0.151874,0.751050
401,1N9U,72.50,0.494500,1.00,-470.141,30.354,0.287804,0.285870
402,1NB1,91.38,0.774400,1.00,-2043.096,146.100,0.106528,0.709900
403,1NBJ,75.00,0.666600,1.00,-2240.507,152.739,0.273951,0.477270
404,1NBL,90.76,0.784700,1.00,-3581.645,168.092,0.122985,0.812830
405,1NC8,74.14,0.621500,1.00,-1268.100,141.962,0.453691,0.527920
406,1NCS,84.57,0.684000,1.00,-4038.390,223.047,0.200171,0.752340
407,1ND9,58.67,0.527500,1.00,-3925.309,156.962,0.339859,0.459590
408,1NE5,80.95,0.592400,1.00,-3056.500,236.625,0.304720,0.666400
409,1NIZ,56.25,0.490400,1.00,-517.247,65.778,0.315283,0.184060
410,1NJ0,62.50,0.524600,1.00,-517.247,65.778,0.290462,0.213720
411,1NJ3,87.90,0.739800,1.00,-2070.342,171.944,0.177436,0.683740
412,1NMJ,22.32,0.458600,1.00,-838.704,130.633,1.274565,0.191570
413,1NZS,27.63,0.458000,1.00,-834.618,56.291,0.700740,0.195940
414,1O53,85.00,0.655600,1.00,-820.151,33.230,0.268878,0.594860
415,1O8Y,55.36,0.691500,1.00,-443.689,48.936,1.003894,0.302250
416,1O8Z,55.36,0.658800,1.00,-443.689,48.936,0.977637,0.273420
417,1OAV,73.44,0.582000,1.00,-3186.329,195.151,0.483960,0.644440
418,1OAW,76.04,0.637300,1.00,-3186.329,195.151,0.290074,0.639550
419,1ODP,88.75,0.711700,1.00,-1574.216,52.410,0.131540,0.472310
420,1ODQ,88.75,0.698700,1.00,-1574.216,52.410,0.165996,0.398060
421,1ODR,85.00,0.625100,1.00,-1574.216,52.410,0.199090,0.413360
422,1OEF,92.71,0.754000,1.00,-1879.389,40.526,0.104363,0.560030
423,1OEG,78.26,0.691100,1.00,-1666.458,36.235,0.301989,0.346290
424,1OEI,40.62,0.447100,1.00,-421.499,213.511,0.704092,0.171410
425,1OG7,34.88,0.405900,1.00,-2197.214,175.186,1.053698,0.299060
426,1OHM,39.20,0.400200,1.00,-2623.947,205.342,0.930953,0.362540
427,1OHN,33.72,0.390000,1.00,-2197.214,175.186,1.112104,0.307630
428,1OIG,90.62,0.745500,1.00,-1283.493,152.338,0.119340,0.505550
429,1OMA,68.75,0.612800,1.00,-2605.489,370.208,0.368264,0.558690
430,1OMB,72.92,0.600800,1.00,-2605.489,370.208,0.347653,0.609710
431,1OMQ,92.19,0.686200,1.00,-993.108,33.335,0.121969,0.440820
432,1OPP,64.47,0.655700,1.00,-3114.079,87.751,0.439392,0.466570
433,1ORL,87.50,0.721500,1.00,-3414.720,142.993,0.182524,0.780170
434,1ORX,87.50,0.718200,1.00,-1623.121,105.601,0.162266,0.496420
435,1OZZ,84.09,0.716500,1.00,-3329.594,244.063,0.298559,0.759620
436,1P00,81.82,0.683100,1.00,-3402.712,231.132,0.388163,0.711880
437,1P0A,78.98,0.668500,1.00,-3397.197,256.022,0.376088,0.665420
438,1P7A,76.35,0.690500,1.00,-2298.607,206.354,0.408476,0.616730
439,1P82,38.00,0.368100,1.00,-978.515,175.438,0.901602,0.205460
440,1P83,31.00,0.364500,1.00,-978.515,175.438,0.816733,0.129470
441,1P8B,91.22,0.764100,1.00,-2713.767,186.484,0.111551,0.765310
442,1P9C,52.78,0.576700,1.00,-2581.381,134.916,0.655868,0.402000
443,1P9F,85.00,0.651500,1.00,-562.402,18.542,0.290696,0.504190
444,1P9Z,81.10,0.626700,1.00,-2806.499,377.570,0.261145,0.685710
445,1PAA,85.83,0.758800,1.00,-2063.330,108.147,0.344700,0.676010
446,1PB5,95.00,0.800600,1.00,-1881.594,176.419,0.098547,0.818220
447,1PDC,79.44,0.660300,1.00,-4085.681,298.263,0.256330,0.684690
448,1PGY,63.30,0.551100,1.00,-4563.321,126.233,0.384855,0.549940
449,1PJV,89.84,0.734700,1.00,-2295.646,151.138,0.110450,0.698400
450,1PLP,61.00,0.668200,1.00,-1401.561,95.948,0.687603,0.343320
451,1PMC,79.86,0.674800,1.00,-1964.168,188.995,0.232822,0.611000
452,1PNH,92.74,0.774400,1.00,-2178.254,108.062,0.091275,0.740690
453,1PP5,38.10,0.415000,1.00,-965.773,84.794,0.590726,0.125290
454,1PSM,61.18,0.598500,1.00,-2807.038,46.704,0.520751,0.492820
455,1PSV,69.64,0.615400,1.00,-2016.255,155.657,0.374017,0.437300
456,1PT4,84.48,0.722200,1.00,-1836.988,194.729,0.288186,0.627420
457,1PV0,89.13,0.728300,1.00,-4407.911,187.566,0.192447,0.795740
458,1PVZ,87.10,0.701100,1.00,-2092.619,138.361,0.304916,0.660630
459,1PX9,77.38,0.568900,1.00,-3056.500,236.625,0.282978,0.631690
460,1PXQ,35.00,0.337900,1.00,-2122.446,187.869,0.908102,0.238060
461,1Q01,24.34,0.373000,1.00,-1149.496,294.669,1.299513,0.199970
462,1Q2F,52.34,0.601600,1.00,-2189.227,97.363,0.626269,0.307940
463,1Q2I,42.97,0.470900,1.00,-2189.227,97.363,0.745325,0.234610
464,1Q2J,73.86,0.549900,1.00,-1044.601,94.175,0.284068,0.209100
465,1Q2K,94.35,0.789100,1.00,-2144.886,93.671,0.087807,0.757090
466,1Q3J,74.31,0.591900,1.00,-2108.470,209.791,0.290505,0.594240
467,1Q3M,57.14,0.533300,1.00,-3724.928,201.343,0.888294,0.490580
468,1Q3Y,45.24,0.469500,1.00,-2020.901,211.658,0.753897,0.405840
469,1Q3Z,45.83,0.472200,1.00,-2020.901,211.658,0.678773,0.381250
470,1Q71,39.29,0.416800,1.00,-965.773,84.794,0.634776,0.116090
471,1QCM,40.91,0.473400,1.00,-272.812,27.751,0.479567,0.271220
472,1QDP,76.19,0.593000,1.00,-2385.353,211.912,0.254822,0.597520
473,1QFD,86.72,0.688100,1.00,-2188.203,204.448,0.168440,0.631710
474,1QG9,83.33,0.697200,1.00,-1774.903,37.918,0.302729,0.351070
475,1QGM,69.17,0.557200,1.00,-2122.133,115.391,0.481113,0.502140
476,1QHK,73.94,0.628900,1.00,-4073.319,205.655,0.239017,0.611160
477,1QJK,75.00,0.626100,1.00,-2367.483,220.906,0.337695,0.557860
478,1QJL,68.75,0.613200,1.00,-1722.766,192.189,0.270467,0.404070
479,1QK6,90.15,0.718700,1.00,-2141.875,160.709,0.119307,0.692690
480,1QK7,84.38,0.635200,1.00,-2326.524,199.348,0.228410,0.652030
481,1QKY,85.53,0.672800,1.00,-3013.799,242.262,0.192759,0.696100
482,1QLO,55.15,0.497200,1.00,-2397.357,135.978,0.443296,0.373590
483,1QWP,38.64,0.458900,1.00,-272.812,27.751,0.481412,0.272400
484,1QXC,47.73,0.577000,1.00,-272.812,27.751,0.612424,0.199880
485,1QYT,43.18,0.483300,1.00,-272.812,27.751,0.480795,0.240810
486,1R02,50.00,0.462900,1.00,-2154.711,156.854,0.658173,0.284160
487,1R1F,75.68,0.588800,1.00,-2334.033,361.078,0.295788,0.571660
488,1R7C,79.84,0.730300,1.00,-2763.012,74.554,0.330771,0.589650
489,1R7D,75.00,0.733800,1.00,-2763.012,74.554,0.323580,0.559860
490,1R7E,79.03,0.699400,1.00,-2763.012,74.554,0.229075,0.619250
491,1R7F,68.55,0.608400,1.00,-2763.012,74.554,0.317896,0.423560
492,1R7G,73.39,0.670600,1.00,-2763.012,74.554,0.293882,0.542820
493,1R8T,61.67,0.531200,1.00,-654.009,60.258,0.323593,0.208660
494,1R9I,68.18,0.497000,1.00,-1247.993,129.780,0.355906,0.290400
495,1RES,74.42,0.623900,1.00,-3957.871,107.974,0.475225,0.628000
496,1RET,69.77,0.582500,1.00,-3957.871,107.974,0.434992,0.540560
497,1RG3,71.88,0.640900,1.00,-1068.736,47.541,0.368499,0.353290
498,1RG4,79.69,0.675100,1.00,-1068.736,47.541,0.263309,0.365420
499,1RIJ,61.96,0.696200,1.00,-1055.599,135.474,0.787706,0.305530
500,1RIK,89.66,0.720100,1.00,-2134.759,122.678,0.146133,0.663620
501,1RIM,80.30,0.667400,1.00,-2324.913,121.250,0.329560,0.600820
502,1RJI,79.03,0.645000,1.00,-2240.506,153.894,0.263116,0.499910
503,1RKL,55.56,0.618000,1.00,-2877.613,62.660,0.662855,0.473480
504,1RMK,81.45,0.667200,1.00,-2750.491,160.571,0.262947,0.563100
505,1RO3,40.82,0.398000,1.00,-2511.835,310.248,0.624400,0.328680
506,1ROO,82.86,0.675200,1.00,-2684.204,200.452,0.172947,0.642120
507,1RPB,38.10,0.405000,1.00,-1232.408,223.218,0.690388,0.178090
508,1RPC,33.33,0.395100,1.00,-1232.408,223.218,0.685879,0.123120
509,1RSW,52.08,0.424500,1.00,-285.866,62.722,0.415555,0.277280
510,1RSX,77.08,0.535900,1.00,-285.866,62.722,0.388541,0.368630
511,1RT0,50.00,0.471300,1.00,-285.866,62.722,0.472846,0.222820
512,1S4H,50.00,0.536000,1.00,-165.286,63.538,0.445484,0.208180
513,1S4J,34.62,0.487700,1.00,-173.757,79.201,0.634743,0.162450
514,1S4T,47.62,0.518400,1.00,-1198.258,72.005,0.945739,0.198850
515,1S4W,58.75,0.549500,1.00,-362.901,125.106,0.464402,0.246330
516,1S6W,50.00,0.404500,1.00,-1496.273,59.513,0.535685,0.138510
517,1S6X,87.50,0.714800,1.00,-2402.556,205.826,0.227432,0.690750
518,1SBU,65.91,0.583200,1.00,-360.331,42.826,0.558761,0.364610
519,1SCO,82.89,0.690100,1.00,-2830.181,175.272,0.153009,0.658140
520,1SH1,47.92,0.455700,1.00,-2590.404,281.900,0.853525,0.439240
521,1SKH,69.17,0.687700,1.00,-2147.183,69.982,0.339149,0.515860
522,1SMZ,54.63,0.553300,1.00,-1676.358,71.159,0.605807,0.360240
523,1SOL,71.25,0.593500,1.00,-874.382,73.285,0.330060,0.293090
524,1SP1,84.48,0.673300,1.00,-1953.014,87.185,0.238993,0.639220
525,1SP2,92.74,0.746300,1.00,-2015.788,159.452,0.138704,0.742530
526,1SP7,85.42,0.749700,1.00,-1756.645,99.778,0.215917,0.553170
527,1SPF,77.86,0.747500,1.00,-2271.360,110.857,0.474885,0.634510
528,1SPW,85.90,0.654600,1.00,-3414.864,172.325,0.215059,0.744520
529,1SRB,69.05,0.561500,1.00,-1375.174,190.068,0.292475,0.180480
530,1SRK,75.00,0.722300,1.00,-2203.796,151.561,0.515795,0.604260
531,1SSL,71.88,0.605100,1.00,-3667.977,287.560,0.275872,0.582410
532,1SUT,18.18,0.431200,1.00,-649.273,150.397,1.096847,0.107040
533,1SX0,96.59,0.771900,1.00,-1128.170,125.902,0.076181,0.537040
534,1SX1,94.32,0.736200,1.00,-1128.170,125.902,0.101007,0.512690
535,1T0C,31.45,0.482900,1.00,-775.205,287.731,0.851233,0.165970
536,1T2Y,39.00,0.427100,1.00,-899.131,226.949,0.849182,0.144850
537,1T5M,48.08,0.423800,1.00,-374.699,57.745,0.485370,0.276130
538,1T5N,53.85,0.481100,1.00,-374.699,57.745,0.571248,0.233740
539,1T5Q,75.83,0.751000,1.00,-2320.933,49.368,0.268073,0.603900
540,1T9E,58.93,0.671400,1.00,-440.031,54.338,0.955858,0.221170
541,1TI5,87.50,0.712200,1.00,-3589.830,157.389,0.129613,0.784860
542,1TM6,60.23,0.564800,1.00,-1072.448,96.496,0.403112,0.305620
543,1TMR,89.47,0.728700,1.00,-1129.868,77.544,0.114615,0.354000
544,1TOR,67.50,0.534600,1.00,-385.494,34.496,0.278617,0.354790
545,1TOS,65.00,0.548000,1.00,-345.452,33.893,0.294271,0.455540
546,1TSK,92.14,0.719000,1.00,-2474.710,145.260,0.097711,0.761250
547,1TV0,63.28,0.478900,1.00,-2093.559,155.395,0.290582,0.508980
548,1TYK,75.74,0.608900,1.00,-2281.645,237.013,0.222130,0.536480
549,1U0P,52.78,0.460000,1.00,-1699.763,136.611,0.669685,0.363480
550,1U57,50.52,0.561400,1.00,-2769.409,214.344,0.965504,0.449830
551,1U6U,70.59,0.587100,1.00,-784.012,86.819,0.267830,0.262250
552,1U6V,73.53,0.617900,1.00,-784.012,86.819,0.272904,0.329000
553,1U85,85.61,0.753900,1.00,-2377.798,127.711,0.223766,0.651650
554,1U86,84.29,0.730300,1.00,-2450.094,136.718,0.277447,0.678260
555,1UAO,80.00,0.706900,1.00,-411.292,32.194,0.271304,0.341290
556,1UJL,38.10,0.502700,1.00,-1940.406,318.765,0.979678,0.320840
557,1UT3,90.79,0.686400,1.00,-3080.998,202.470,0.130593,0.777940
558,1UYA,56.25,0.527200,1.00,-768.057,94.485,0.483448,0.254270
559,1UYB,56.25,0.566600,1.00,-768.057,94.485,0.413138,0.181410
560,1V1D,81.45,0.719300,1.00,-2490.228,119.949,0.200414,0.561660
561,1V28,80.43,0.659800,1.00,-1073.327,77.696,0.494963,0.455470
562,1V4Z,80.26,0.687100,1.00,-1052.544,51.043,0.281036,0.435710
563,1V50,67.11,0.594400,1.00,-1052.544,51.043,0.362812,0.370170
564,1V5A,86.61,0.725900,1.00,-1692.562,113.056,0.159038,0.574370
565,1V6R,63.10,0.543100,1.00,-1412.289,128.081,0.394320,0.191300
566,1V92,86.96,0.733700,1.00,-4820.492,117.415,0.145225,0.739280
567,1VA1,78.38,0.678400,1.00,-2308.736,171.107,0.292695,0.605540
568,1VA2,85.48,0.686600,1.00,-2015.788,159.452,0.174098,0.624140
569,1VA3,87.93,0.680900,1.00,-1953.014,87.185,0.216093,0.690360
570,1VB8,84.17,0.720000,1.00,-2085.061,198.147,0.232329,0.616460
571,1VD7,69.57,0.541300,1.00,-1597.707,36.373,0.407475,0.365190
572,1VD8,64.13,0.488800,1.00,-1687.493,43.601,0.409025,0.251070
573,1VD9,71.74,0.622400,1.00,-1744.301,39.380,0.413820,0.436850
574,1VDA,59.78,0.551600,1.00,-1673.163,37.924,0.697219,0.323930
575,1VDB,88.04,0.723800,1.00,-1597.707,36.373,0.162658,0.551620
576,1VII,81.25,0.685400,1.00,-3193.568,107.319,0.216236,0.643950
577,1VPC,66.67,0.634300,1.00,-3295.315,112.187,0.589746,0.537830
578,1VPU,37.22,0.497700,1.00,-2503.187,208.061,1.128932,0.339820
579,1VQX,32.89,0.447600,1.00,-834.618,56.291,0.709956,0.154960
580,1VTP,71.15,0.706500,1.00,-1749.615,42.677,0.332741,0.458870
581,1VTX,80.95,0.626200,1.00,-2436.285,280.537,0.199523,0.674920
582,1W1N,72.73,0.606400,1.00,-2351.709,167.719,0.404733,0.551870
583,1W4E,92.02,0.765700,1.00,-3663.112,203.750,0.119249,0.834030
584,1W4F,89.89,0.748700,1.00,-3663.112,203.750,0.186657,0.813110
585,1W4G,92.55,0.767900,1.00,-3697.029,283.768,0.214453,0.849680
586,1W4H,88.30,0.729500,1.00,-3631.178,154.971,0.414600,0.812960
587,1WAZ,47.28,0.591500,1.00,-3833.309,87.338,1.621319,0.423830
588,1WCT,51.92,0.524100,1.00,-310.073,70.745,0.360238,0.126500
589,1WM7,67.24,0.621200,1.00,-1712.144,218.759,0.302089,0.331550
590,1WM8,66.96,0.528400,1.00,-1525.815,161.963,0.267418,0.357860
591,1WMT,83.54,0.646400,1.00,-3012.606,270.507,0.178077,0.695630
592,1WN4,66.07,0.585300,1.00,-1289.007,121.414,0.449445,0.425180
593,1WN8,82.95,0.647100,1.00,-1503.485,50.447,0.269393,0.558990
594,1WNK,83.70,0.745600,1.00,-1744.301,39.380,0.183501,0.482590
595,1WNM,85.87,0.725100,1.00,-1687.493,43.601,0.143177,0.473690
596,1WNN,91.30,0.699200,1.00,-1673.163,37.924,0.251515,0.596130
597,1WO3,65.00,0.574000,1.00,-1311.386,136.560,0.385630,0.298940
598,1WO4,63.00,0.543200,1.00,-1207.695,82.513,0.482912,0.369890
599,1WO5,69.00,0.512300,1.00,-1643.426,85.566,0.376310,0.371000
600,1WO6,74.00,0.563500,1.00,-1259.203,103.645,0.332766,0.373360
601,1WO7,70.00,0.533900,1.00,-1468.950,113.640,0.451181,0.290680
602,1WO9,72.86,0.680300,1.00,-1656.193,205.049,0.507412,0.550650
603,1WPD,60.29,0.524100,1.00,-2347.947,168.389,0.487846,0.373080
604,1WQB,83.59,0.689400,1.00,-2025.235,140.169,0.204908,0.616090
605,1WQC,81.73,0.686400,1.00,-1846.031,91.939,0.344213,0.440930
606,1WQD,73.15,0.675400,1.00,-1887.679,102.950,0.430750,0.428270
607,1WQE,86.96,0.720900,1.00,-1367.171,87.434,0.111793,0.434100
608,1WQK,38.10,0.381900,1.00,-2914.378,209.911,0.888869,0.357820
609,1WR3,81.25,0.714300,1.00,-2198.836,169.849,0.260485,0.628470
610,1WR4,90.97,0.778200,1.00,-2149.180,193.604,0.132347,0.768530
611,1WR7,79.27,0.706600,1.00,-2607.171,326.132,0.394924,0.714850
612,1WT7,70.12,0.577100,1.00,-3251.998,204.570,0.493483,0.571380
613,1WT8,84.68,0.663600,1.00,-2240.506,153.894,0.179181,0.589880
614,1WXN,45.24,0.419500,1.00,-2956.844,409.567,0.601794,0.370020
615,1WZ4,52.17,0.550200,1.00,-1322.622,73.457,0.574095,0.281370
616,1WZ5,67.86,0.519300,1.00,-2324.755,138.096,0.332128,0.465290
617,1X22,64.29,0.739500,1.00,-2227.256,110.791,0.583570,0.599580
618,1X32,38.30,0.412500,1.00,-3493.964,230.055,0.747962,0.282220
619,1X5V,83.09,0.643000,1.00,-2388.427,189.004,0.195342,0.591240
620,1X7K,75.00,0.614400,1.00,-1033.563,119.883,0.238678,0.236820
621,1XBH,53.85,0.441700,1.00,-693.247,58.630,0.345725,0.168450
622,1XC0,65.15,0.626500,1.00,-1893.051,78.531,0.426087,0.477830
623,1XF7,88.79,0.753300,1.00,-1832.802,99.912,0.160290,0.658900
624,1XOO,81.25,0.694600,1.00,-1354.544,18.017,0.194512,0.387650
625,1XOP,76.25,0.592900,1.00,-1348.778,43.062,0.219772,0.310860
626,1XRZ,87.50,0.739200,1.00,-1755.551,120.558,0.296341,0.683790
627,1XT7,42.31,0.432500,1.00,-374.699,57.745,0.455348,0.228810
628,1XUT,50.54,0.446300,1.00,-3590.897,198.009,0.634927,0.436020
629,1XV3,47.87,0.570300,1.00,-2899.939,258.337,1.210678,0.366440
630,1XXZ,50.00,0.434500,1.00,-384.316,85.948,0.500010,0.244680
631,1XY4,43.75,0.414200,1.00,-740.481,30.230,0.604744,0.142650
632,1XY6,43.75,0.482700,1.00,-561.111,39.162,0.626537,0.151400
633,1XY8,55.77,0.458100,1.00,-742.227,28.731,0.563869,0.227350
634,1XY9,63.64,0.500200,1.00,-468.033,55.959,0.301034,0.255880
635,1Y03,85.00,0.784700,1.00,-1292.735,43.794,0.189144,0.644720
636,1Y04,65.00,0.805600,1.00,-1292.735,43.794,0.664580,0.502400
637,1Y1B,82.81,0.702700,1.00,-3695.635,184.029,0.285537,0.731290
638,1Y1C,81.25,0.713300,1.00,-3718.369,165.497,0.305126,0.707560
639,1Y29,88.39,0.704500,1.00,-1709.038,129.700,0.121036,0.576730
640,1Y2P,88.24,0.710800,1.00,-2218.205,134.539,0.128607,0.711930
641,1Y32,73.96,0.658200,1.00,-1134.144,91.184,0.422399,0.406260
642,1Y4E,52.78,0.563600,1.00,-1845.441,93.740,0.444383,0.170820
643,1Y5C,63.64,0.500500,1.00,-271.341,61.501,0.367150,0.166700
644,1YIU,87.84,0.788000,1.00,-2425.137,159.780,0.174912,0.713580
645,1YMZ,77.91,0.718400,1.00,-2525.768,217.658,0.377030,0.652250
646,1YP8,70.45,0.600100,1.00,-2165.935,253.674,0.560895,0.502520
647,1YT6,70.00,0.583800,1.00,-408.498,47.755,0.241715,0.395020
648,1YTR,60.58,0.559600,1.00,-1623.007,35.555,0.644033,0.337190
649,1YV8,42.93,0.387600,1.00,-2868.404,429.960,0.774902,0.337610
650,1YVA,41.30,0.381900,1.00,-2868.404,429.960,0.794920,0.324850
651,1YWJ,64.63,0.571900,1.00,-2197.950,384.381,0.693333,0.565580
652,1YYB,69.44,0.623700,1.00,-1569.125,107.728,0.422081,0.419480
653,1Z0Q,22.62,0.294200,1.00,-2145.538,203.227,1.617510,0.302000
654,1Z2T,79.35,0.579400,1.00,-1829.797,67.687,0.409728,0.482510
655,1Z65,72.50,0.627900,1.00,-2118.163,65.238,0.361441,0.524830
656,1Z6V,48.47,0.451900,1.00,-3208.636,223.284,0.724775,0.409360
657,1Z6W,25.51,0.344800,1.00,-3208.636,223.284,1.052330,0.222520
658,1Z99,79.76,0.640500,1.00,-2229.788,256.015,0.282018,0.661920
659,1ZA8,76.61,0.638200,1.00,-2305.889,208.797,0.372702,0.560050
660,1ZAQ,58.52,0.565900,1.00,-3182.029,261.921,0.677466,0.444680
661,1ZDA,79.61,0.689000,1.00,-2926.513,88.905,0.406872,0.674740
662,1ZDB,73.68,0.707600,1.00,-2926.513,88.905,0.363911,0.540620
663,1ZFD,88.28,0.741600,1.00,-2188.257,103.401,0.174212,0.688920
664,1ZFU,75.62,0.607200,1.00,-2857.395,193.427,0.283233,0.616790
665,1ZJQ,79.41,0.697000,1.00,-2441.231,170.917,0.224386,0.595290
666,1ZNM,84.82,0.725200,1.00,-1906.465,106.953,0.118707,0.539490
667,1ZNU,93.97,0.746900,1.00,-2043.096,146.100,0.098703,0.704200
668,1ZR7,89.17,0.755900,1.00,-1822.107,128.350,0.165306,0.708390
669,1ZRV,76.00,0.691200,1.00,-1865.435,61.998,0.226846,0.350160
670,1ZRW,66.00,0.619000,1.00,-1865.435,61.998,0.412436,0.327420
671,1ZRX,42.86,0.576200,1.00,-2317.539,119.818,0.920997,0.427700
672,1ZTA,77.86,0.669000,1.00,-2774.670,68.787,0.284693,0.667270
673,1ZTN,35.00,0.415200,1.00,-1373.557,133.017,0.683276,0.164190
674,1ZTO,52.03,0.593000,1.00,-1794.126,199.865,0.542917,0.378310
675,1ZUE,86.31,0.690500,1.00,-2899.454,193.612,0.398294,0.760450
676,1ZUF,75.00,0.598700,1.00,-2899.454,193.612,0.322762,0.606950
677,1ZUV,86.67,0.661900,1.00,-1942.854,127.117,0.253737,0.631800
678,1ZWA,42.65,0.542100,1.00,-2720.380,67.466,0.921880,0.321290
679,1ZWB,45.14,0.574700,1.00,-2891.955,60.283,1.013112,0.410810
680,1ZWC,46.62,0.603900,1.00,-3116.524,57.961,0.697731,0.357320
681,1ZWD,42.86,0.567200,1.00,-2959.343,48.812,0.695384,0.307160
682,1ZWE,48.53,0.557300,1.00,-2775.712,53.851,0.707850,0.388560
683,1ZWU,88.33,0.755500,1.00,-1848.681,108.146,0.146259,0.657290
684,2A1C,73.53,0.521500,1.00,-1226.746,40.573,0.329402,0.308440
685,2A2B,40.85,0.515700,1.00,-2270.449,178.006,1.014006,0.354480
686,2A2V,86.03,0.695400,1.00,-2177.181,185.613,0.169931,0.674900
687,2A51,76.28,0.693000,1.00,-2551.062,219.783,0.197899,0.575350
688,2AAP,87.50,0.731100,1.00,-2441.231,170.917,0.247129,0.717420
689,2AB3,87.07,0.705400,1.00,-1932.172,111.795,0.158839,0.616720
690,2AB7,92.24,0.720900,1.00,-1871.242,119.153,0.103635,0.691770
691,2AB9,28.23,0.345500,1.00,-1384.280,198.110,1.061582,0.192720
692,2ADX,44.38,0.486600,1.00,-2549.198,315.308,0.734347,0.336940
693,2AJJ,84.82,0.713100,1.00,-2166.243,48.434,0.169395,0.541930
694,2AJM,81.25,0.694800,1.00,-2166.243,48.434,0.237126,0.543630
695,2AJN,86.61,0.692300,1.00,-2166.243,48.434,0.159059,0.569140
696,2AJO,81.25,0.694800,1.00,-2166.243,48.434,0.237126,0.543630
697,2AJW,70.45,0.706100,1.00,-1089.950,144.905,0.571374,0.298040
698,2AK0,72.83,0.697800,1.00,-1105.802,158.864,0.520108,0.435030
699,2AMN,56.73,0.607100,1.00,-1803.131,70.330,0.526663,0.288150
700,2AP7,88.75,0.787400,1.00,-979.466,28.843,0.188793,0.539030
701,2AP8,88.75,0.736100,1.00,-979.466,28.843,0.217582,0.457170
702,2ARI,53.85,0.576700,1.00,-2297.511,57.007,0.751618,0.488640
703,2ATG,84.72,0.713500,1.00,-954.473,79.620,0.226083,0.347670
704,2AXK,87.50,0.706100,1.00,-3137.909,170.782,0.123503,0.730150
705,2B0Y,77.94,0.587300,1.00,-1042.542,47.942,0.252112,0.339030
706,2B19,51.39,0.589000,1.00,-2074.297,129.055,0.925832,0.389880
707,2B38,83.06,0.721000,1.00,-1793.289,142.753,0.336704,0.641630
708,2B4N,45.24,0.566200,1.00,-2741.999,159.823,0.748652,0.391720
709,2B5B,34.03,0.422800,1.00,-2345.545,247.997,0.903901,0.252610
710,2B5P,40.91,0.552000,1.00,-304.651,39.924,0.720376,0.308940
711,2B5Q,47.73,0.506000,1.00,-304.651,39.924,0.659882,0.136100
712,2B68,82.56,0.677600,1.00,-2949.440,228.031,0.213311,0.680010
713,2B9K,46.28,0.460200,1.00,-3758.126,205.141,0.878302,0.355830
714,2BAI,38.28,0.411100,1.00,-1771.884,192.071,0.818767,0.267230
715,2BAO,87.50,0.702500,1.00,-477.110,20.999,0.124505,0.516090
716,2BAU,80.00,0.638800,1.00,-477.110,20.999,0.301599,0.399280
717,2BBG,71.88,0.633000,1.00,-3002.267,299.154,0.266109,0.566940
718,2BBL,42.05,0.529100,1.00,-726.694,182.496,0.746683,0.110970
719,2BBP,40.91,0.537600,1.00,-726.694,182.496,0.822038,0.187640
720,2BBX,77.55,0.715200,1.00,-2438.922,203.906,0.282257,0.679660
723,2BDS,48.26,0.423700,1.00,-3214.199,345.814,0.584534,0.446780
724,2BEY,53.12,0.567100,1.00,-446.652,95.391,0.748964,0.164040
725,2BL6,44.59,0.434600,1.00,-2130.082,164.213,0.669246,0.285850
726,2BMT,100.00,0.791600,1.00,-3107.200,183.016,0.056852,0.901240
727,2BN6,76.52,0.634600,1.00,-2613.975,111.379,0.279467,0.542160
728,2BP4,51.56,0.476100,1.00,-439.692,149.182,0.417379,0.170870
729,2BTG,85.64,0.704900,1.00,-3852.951,146.435,0.384642,0.776770
730,2BTH,85.11,0.708600,1.00,-3852.951,146.435,0.485670,0.781180
731,2C6A,74.46,0.701700,1.00,-2782.386,306.207,0.421866,0.642110
732,2C6B,74.46,0.692400,1.00,-2782.386,306.207,0.423464,0.625250
733,2CBH,99.31,0.855800,1.00,-2404.231,244.752,0.056229,0.904400
734,2CEF,39.47,0.487100,1.00,-778.769,96.702,0.643879,0.148040
735,2CEH,47.37,0.543900,1.00,-778.769,96.702,0.700007,0.126270
736,2CEZ,40.79,0.531800,1.00,-778.769,96.702,0.599183,0.176150
737,2CFJ,40.79,0.516800,1.00,-778.769,96.702,0.782682,0.146840
738,2CK4,86.18,0.737900,1.00,-2949.796,161.830,0.123972,0.711800
739,2CK5,83.87,0.711400,1.00,-2088.260,117.822,0.159324,0.585750
740,2CQ7,70.92,0.721500,1.00,-2686.260,271.496,0.550066,0.620360
741,2CRD,93.92,0.704900,1.00,-2834.792,175.697,0.122264,0.776720
742,2CSA,42.11,0.543500,1.00,-579.275,112.336,0.546868,0.164450
743,2CTI,96.55,0.771000,1.00,-1957.422,157.047,0.098403,0.752610
744,2CYU,76.88,0.583300,1.00,-3188.707,123.420,0.408449,0.619760
745,2DCI,63.75,0.571000,1.00,-1079.426,64.776,0.429662,0.255580
746,2DCO,58.82,0.506600,1.00,-2147.938,157.593,0.407234,0.372030
747,2DCV,82.14,0.670200,1.00,-2869.055,201.911,0.181435,0.687130
748,2DCW,84.52,0.673500,1.00,-2948.737,171.049,0.156272,0.704570
749,2DDL,73.48,0.633200,1.00,-2571.513,120.966,0.340137,0.428030
750,2DI2,73.28,0.659700,1.00,-1351.423,147.285,0.430528,0.524000
751,2DJ9,71.74,0.592600,1.00,-1079.767,127.607,0.502655,0.304430
752,2DJC,79.35,0.660300,1.00,-1239.168,110.393,0.388239,0.457730
753,2DMV,69.19,0.701600,1.00,-2296.866,241.408,0.624210,0.587150
754,2DQ5,79.26,0.664300,1.00,-3307.186,280.472,0.254933,0.690590
755,2DTB,80.77,0.748400,1.00,-1772.591,51.195,0.166359,0.475880
756,2DWF,69.85,0.557000,1.00,-2739.807,164.363,0.306398,0.455230
757,2DX2,97.73,0.739100,1.00,-515.048,19.385,0.064005,0.527320
758,2DX3,61.11,0.485000,1.00,-1107.045,122.723,0.577452,0.250680
759,2DX4,51.39,0.404700,1.00,-1107.045,122.723,0.487244,0.162980
760,2E1X,76.85,0.591900,1.00,-1296.310,122.752,0.368028,0.441820
761,2E2F,78.05,0.577900,1.00,-3110.944,194.765,0.246347,0.617410
762,2E3E,46.67,0.485600,1.00,-3359.287,294.818,0.762296,0.361710
763,2E3F,56.98,0.511100,1.00,-2949.476,352.133,0.724281,0.420810
764,2E3G,67.50,0.558200,1.00,-3028.648,158.752,0.447098,0.522400
765,2E4E,57.50,0.517000,1.00,-285.224,46.058,0.462111,0.272840
766,2E5T,81.52,0.582800,1.00,-3775.591,124.752,0.170351,0.701900
767,2E5U,53.75,0.616000,1.00,-2846.185,105.828,0.518713,0.453590
768,2E72,54.59,0.635900,1.00,-2462.557,273.888,0.712361,0.452350
769,2EBQ,76.60,0.701900,1.00,-2348.542,264.195,0.315764,0.642770
770,2EBR,70.74,0.721200,1.00,-2077.842,333.456,0.532090,0.587590
771,2EC7,48.47,0.505500,1.00,-2502.053,215.597,0.762775,0.383520
772,2EEM,90.44,0.784800,1.00,-2678.415,148.528,0.112634,0.716700
773,2EFZ,67.19,0.577100,1.00,-663.610,91.283,0.353160,0.252830
774,2EKK,88.83,0.762900,1.00,-3972.677,131.159,0.209134,0.813490
775,2EL4,64.13,0.757200,1.00,-2193.938,224.046,0.877884,0.540620
776,2EL5,74.40,0.784700,1.00,-1944.445,198.011,0.532541,0.657140
777,2EL6,70.11,0.751600,1.00,-2293.468,266.882,0.589159,0.569610
778,2ELM,74.32,0.748500,1.00,-2182.307,168.074,0.508587,0.600440
779,2ELN,82.89,0.857900,1.00,-2178.039,132.565,0.377028,0.702670
780,2ELO,79.73,0.763700,1.00,-2249.663,158.566,0.381844,0.648590
781,2ELP,81.08,0.737500,1.00,-2379.717,174.381,0.307722,0.627750
782,2ELQ,83.33,0.759600,1.00,-1800.848,196.382,0.343696,0.696690
783,2ELR,70.14,0.775000,1.00,-1480.004,123.615,0.843700,0.591780
784,2ELS,87.50,0.800100,1.00,-2256.715,171.640,0.197392,0.713190
785,2ELT,77.78,0.800900,1.00,-1957.536,152.204,0.609641,0.704060
786,2ELU,77.70,0.755300,1.00,-1893.559,162.210,0.398962,0.675830
787,2ELV,78.47,0.685700,1.00,-2052.192,170.850,0.419935,0.631820
788,2ELW,79.05,0.777200,1.00,-1923.245,186.255,0.472844,0.657120
789,2ELX,87.14,0.799200,1.00,-2048.568,164.825,0.322359,0.745650
790,2ELY,64.67,0.754400,1.00,-1861.601,263.003,0.559191,0.579210
791,2ELZ,64.13,0.754000,1.00,-2103.360,225.067,0.613935,0.568150
792,2EM0,65.76,0.732900,1.00,-2283.089,203.141,0.658706,0.548660
793,2EM1,67.05,0.759600,1.00,-2124.077,180.842,0.804227,0.597710
794,2EM2,60.87,0.741000,1.00,-2094.628,215.876,1.099715,0.550660
795,2EM3,61.41,0.735800,1.00,-2106.591,257.456,1.267134,0.565840
796,2EM4,64.67,0.774100,1.00,-1943.089,173.503,0.953879,0.586460
797,2EM5,65.76,0.734700,1.00,-2034.728,191.522,0.737638,0.572370
798,2EM6,66.85,0.769400,1.00,-2005.385,217.551,0.554281,0.562500
799,2EM7,61.96,0.706200,1.00,-2154.123,184.259,0.993577,0.549040
800,2EM8,67.39,0.754300,1.00,-1974.829,280.204,0.552794,0.584490
801,2EM9,64.13,0.764100,1.00,-2115.175,219.969,0.909609,0.581850
802,2EMA,65.22,0.699500,1.00,-2154.408,246.363,0.642897,0.551790
803,2EMB,60.80,0.688000,1.00,-2181.837,172.079,0.717342,0.524840
804,2EMC,68.48,0.807800,1.00,-2138.421,210.158,0.804926,0.617550
805,2EME,59.78,0.711400,1.00,-2443.362,191.876,0.877157,0.526500
806,2EMF,72.83,0.795500,1.00,-1946.499,210.182,0.537925,0.633180
807,2EMG,63.59,0.731800,1.00,-2277.071,259.089,0.869349,0.575720
808,2EMH,66.85,0.766500,1.00,-2376.105,220.787,0.610057,0.564280
809,2EMI,60.33,0.711700,1.00,-2066.953,204.658,0.675331,0.508530
810,2EMJ,59.78,0.731600,1.00,-2001.896,301.825,0.803754,0.507490
811,2EMK,69.57,0.768100,1.00,-2084.601,223.677,0.654373,0.577320
812,2EML,66.85,0.769600,1.00,-1949.112,228.259,0.721583,0.580180
813,2EMM,65.76,0.758500,1.00,-2020.572,244.087,0.886260,0.568650
814,2EMP,65.22,0.757600,1.00,-2170.947,189.336,0.875546,0.576880
815,2EMV,66.48,0.733900,1.00,-2086.228,185.240,0.777928,0.563380
816,2EMW,72.16,0.753900,1.00,-2088.032,236.527,0.384457,0.602650
817,2EMX,71.02,0.793400,1.00,-1785.952,226.390,0.738971,0.629970
818,2EMY,65.22,0.767500,1.00,-2167.105,179.669,0.735054,0.545770
819,2EMZ,73.37,0.757700,1.00,-1877.781,209.785,0.748421,0.648720
820,2EN0,72.02,0.799800,1.00,-2081.188,203.550,0.716610,0.643580
821,2EN1,68.48,0.760100,1.00,-1905.915,225.888,0.739942,0.598310
822,2EN2,69.05,0.782300,1.00,-2066.909,309.785,1.029809,0.599400
823,2EN3,69.57,0.733200,1.00,-2470.477,246.842,1.010851,0.589590
824,2EN4,67.93,0.716500,1.00,-2182.750,189.042,0.702932,0.561060
825,2EN6,63.04,0.757900,1.00,-2049.780,209.208,0.633499,0.534090
826,2EN7,62.50,0.684300,1.00,-2073.423,220.800,0.543890,0.495650
827,2EN8,68.48,0.787300,1.00,-2065.254,196.016,0.650049,0.568020
828,2EN9,61.96,0.711400,1.00,-1758.974,233.301,0.705197,0.509920
829,2ENA,63.04,0.728600,1.00,-2121.637,245.646,1.039261,0.567940
830,2ENC,60.33,0.748800,1.00,-2006.588,211.634,0.943317,0.498840
831,2ENE,61.41,0.691000,1.00,-2061.510,225.419,0.864635,0.541130
832,2ENF,61.96,0.722500,1.00,-1978.760,247.014,1.026192,0.541590
833,2ENH,61.41,0.754300,1.00,-2109.796,204.293,0.715811,0.515750
834,2ENT,65.62,0.736400,1.00,-2401.468,255.801,0.734945,0.556570
835,2EOE,60.33,0.726200,1.00,-2128.698,258.764,0.711587,0.523320
836,2EOF,64.20,0.716200,1.00,-1993.847,217.528,0.646933,0.553360
837,2EOG,67.61,0.718000,1.00,-1876.284,320.164,0.842009,0.552530
838,2EOH,65.22,0.697100,1.00,-1910.564,224.478,0.468601,0.537010
839,2EOI,65.91,0.751100,1.00,-2182.161,231.615,0.813028,0.560960
840,2EOJ,67.61,0.761700,1.00,-2084.085,209.323,0.560194,0.565090
841,2EOK,67.86,0.752400,1.00,-2180.027,195.769,0.853008,0.601370
842,2EOL,77.98,0.784200,1.00,-1931.496,241.877,0.358548,0.654090
843,2EOM,64.13,0.763600,1.00,-2170.286,202.628,1.006199,0.555550
844,2EON,63.59,0.766700,1.00,-2072.224,211.333,1.149524,0.576020
845,2EOO,71.74,0.744600,1.00,-2373.385,239.257,0.439372,0.622450
846,2EOP,61.96,0.734900,1.00,-2075.717,287.044,1.034695,0.555110
847,2EOQ,70.65,0.768500,1.00,-2012.149,223.374,0.533388,0.616380
848,2EOR,64.13,0.734200,1.00,-2026.218,208.179,1.024053,0.541900
849,2EOS,66.67,0.762000,1.00,-2151.128,284.272,0.606500,0.576990
850,2EOU,63.07,0.752100,1.00,-1784.508,208.846,1.000975,0.535490
851,2EOV,61.41,0.753700,1.00,-2105.601,210.141,1.259024,0.543480
852,2EOW,65.76,0.762900,1.00,-1955.895,210.536,0.575390,0.568440
853,2EOX,66.48,0.732200,1.00,-2148.366,191.332,0.628572,0.560300
854,2EOY,63.59,0.724900,1.00,-2154.536,227.364,0.567750,0.532410
855,2EOZ,64.13,0.757600,1.00,-2305.141,193.048,0.786187,0.576880
856,2EP0,63.04,0.769500,1.00,-2149.191,223.598,0.987223,0.545540
857,2EP1,62.50,0.738700,1.00,-2019.047,199.256,1.066157,0.528570
858,2EP2,63.04,0.745100,1.00,-2006.010,205.095,0.797263,0.564480
859,2EP3,65.22,0.752300,1.00,-2341.633,206.537,1.049515,0.573090
860,2EPC,64.88,0.714600,1.00,-2003.707,198.039,0.644836,0.566250
861,2EPQ,51.11,0.696400,1.00,-2247.640,210.882,0.782022,0.439690
862,2EPR,57.29,0.704700,1.00,-2267.417,237.980,0.869368,0.494110
863,2EPT,67.07,0.713600,1.00,-1930.673,191.708,0.743839,0.546860
864,2EPU,65.00,0.767900,1.00,-2099.759,216.638,0.763212,0.554770
865,2EPV,66.48,0.767100,1.00,-2108.502,159.033,0.887069,0.560340
866,2EPW,65.22,0.681200,1.00,-2032.275,237.996,0.536394,0.510450
867,2EPX,61.70,0.691400,1.00,-2570.120,223.458,1.014756,0.552110
868,2EPY,67.86,0.767500,1.00,-1873.464,163.879,0.753171,0.573960
869,2EPZ,62.50,0.752900,1.00,-1895.139,234.823,0.822290,0.570570
870,2EQ0,61.96,0.693800,1.00,-2053.108,205.347,0.833482,0.529760
871,2EQ1,61.41,0.730700,1.00,-1979.789,211.690,0.588003,0.492840
872,2EQ2,56.52,0.658500,1.00,-1888.094,211.454,1.062530,0.476030
873,2EQ3,57.07,0.684800,1.00,-1939.642,274.906,0.794153,0.491830
874,2EQ4,54.35,0.655100,1.00,-2054.473,234.994,0.613747,0.419390
875,2EQE,67.19,0.741000,1.00,-2581.152,283.112,0.533906,0.607610
876,2EQF,62.50,0.642500,1.00,-2477.774,209.053,0.851603,0.549230
877,2EQG,72.96,0.672300,1.00,-2747.335,272.938,0.673182,0.657040
878,2EQH,77.17,0.679000,1.00,-1121.145,97.065,0.262791,0.335110
879,2EQQ,72.32,0.591800,1.00,-1674.919,91.646,0.370773,0.464450
880,2EQT,72.32,0.633300,1.00,-1674.919,91.646,0.445877,0.492820
881,2EQW,67.86,0.713900,1.00,-2137.005,230.903,0.671199,0.582100
882,2ERI,87.10,0.710000,1.00,-2097.475,224.251,0.266221,0.660780
883,2ESX,60.53,0.465100,1.00,-814.581,96.893,0.343069,0.209600
884,2ESZ,63.16,0.444800,1.00,-814.581,96.893,0.369847,0.262520
885,2ETI,80.36,0.658400,1.00,-1948.787,96.859,0.209047,0.500500
886,2EVQ,100.00,0.800300,1.00,-581.267,42.975,0.047075,0.641440
887,2EYA,45.11,0.386600,1.00,-2868.404,429.960,0.750863,0.374710
888,2EYB,43.48,0.382100,1.00,-2868.404,429.960,0.761188,0.340790
889,2EYC,43.48,0.382900,1.00,-2868.404,429.960,0.723033,0.333670
890,2EYD,43.48,0.390200,1.00,-2868.404,429.960,0.696432,0.320430
891,2F2I,79.31,0.656600,1.00,-1638.851,230.274,0.277000,0.530880
892,2F2J,84.48,0.717700,1.00,-1692.340,127.562,0.277688,0.594240
893,2F5H,70.95,0.580000,1.00,-2142.527,324.408,0.293227,0.499980
896,2FJ4,69.59,0.591500,1.00,-2142.527,324.408,0.301592,0.477620
897,2FJ5,70.95,0.588000,1.00,-2142.527,324.408,0.309028,0.493270
898,2FQA,69.44,0.572000,1.00,-1786.001,195.867,0.328872,0.399110
899,2FR9,61.54,0.533800,1.00,-573.464,61.635,0.430632,0.223780
900,2FRB,67.31,0.535400,1.00,-650.842,48.755,0.378237,0.270790
901,2FXY,86.11,0.685700,1.00,-1202.021,35.252,0.255566,0.402830
902,2FXZ,86.54,0.647300,1.00,-724.868,36.850,0.192354,0.497580
903,2G6U,55.00,0.459200,1.00,-753.423,42.662,0.417735,0.254010
904,2G9L,68.92,0.680100,1.00,-2347.540,97.541,0.402213,0.533450
905,2G9P,67.31,0.688900,1.00,-1582.034,38.630,0.442331,0.499500
906,2GD3,68.75,0.635700,1.00,-1125.881,97.707,0.454132,0.365100
907,2GDL,29.03,0.489600,1.00,-1360.696,222.343,0.763584,0.275400
908,2GFR,54.55,0.550400,1.00,-416.734,92.461,0.373736,0.282410
909,2GJ0,77.42,0.611100,1.00,-1969.929,198.983,0.277310,0.565690
910,2GL1,97.87,0.856100,1.00,-3567.208,211.631,0.061146,0.930650
911,2GOF,55.71,0.569700,1.00,-2268.996,106.827,0.518340,0.471800
912,2GOH,64.29,0.580900,1.00,-2268.996,106.827,0.477156,0.459400
913,2GP8,86.88,0.736600,1.00,-2998.903,70.457,0.174436,0.735280
914,2GQE,86.72,0.761100,1.00,-1957.893,148.834,0.338053,0.704710
915,2GW9,74.22,0.535400,1.00,-2093.559,155.395,0.271582,0.605440
916,2GWP,69.53,0.531300,1.00,-2182.135,166.388,0.301274,0.552830
917,2GX1,84.48,0.673600,1.00,-1902.664,134.353,0.151071,0.546100
918,2H1Z,92.95,0.831900,1.00,-2680.080,202.397,0.111924,0.801770
919,2H9X,35.64,0.356500,1.00,-2691.688,408.427,1.092849,0.366980
920,2HFR,68.52,0.686800,1.00,-1779.329,86.561,0.242160,0.325450
921,2HGO,44.44,0.430400,1.00,-1816.888,222.787,0.522162,0.188460
922,2HLG,94.23,0.747700,1.00,-2642.564,175.734,0.124651,0.822610
923,2HM3,64.52,0.519100,1.00,-1821.895,191.297,0.610875,0.407610
924,2HM4,41.94,0.494600,1.00,-1623.538,274.832,0.709642,0.204210
925,2HM5,47.58,0.453400,1.00,-1623.538,274.832,0.922719,0.334850
926,2HM6,56.45,0.519400,1.00,-1657.292,246.365,0.722135,0.360920
927,2HN8,65.79,0.725200,1.00,-3222.546,92.389,0.427135,0.519680
928,2I1P,82.29,0.751600,1.00,-2472.363,268.070,0.224689,0.722830
929,2I1T,76.39,0.650200,1.00,-2215.586,198.443,0.236396,0.560340
930,2I5O,85.26,0.821500,1.00,-2769.956,188.111,0.229408,0.706350
931,2I9M,89.71,0.771600,1.00,-1149.225,39.562,0.120990,0.472030
932,2I9N,46.97,0.433700,1.00,-1973.156,130.231,0.826929,0.332450
933,2I9O,58.78,0.542000,1.00,-1578.346,229.288,0.467286,0.392050
934,2IFJ,75.00,0.575700,1.00,-591.907,34.979,0.318463,0.294720
935,2IGU,83.33,0.621800,1.00,-508.813,63.558,0.208876,0.219000
936,2IH6,36.36,0.511300,1.00,-316.975,52.304,0.706093,0.214450
937,2IMU,51.63,0.657200,1.00,-2757.484,121.914,0.537413,0.382950
938,2IT7,99.11,0.812200,1.00,-1948.787,96.859,0.055562,0.824790
939,2IV4,51.56,0.517900,1.00,-388.696,73.500,0.655684,0.266690
940,2IV5,73.91,0.665700,1.00,-1054.667,60.301,0.378553,0.433230
941,2IV6,47.83,0.592400,1.00,-1046.074,61.258,0.948986,0.225350
942,2IWJ,45.37,0.467900,1.00,-1296.310,122.752,0.588992,0.276760
943,2J15,70.00,0.565100,1.00,-653.102,68.973,0.330776,0.194450
944,2J8P,46.94,0.547000,1.00,-4216.269,201.560,0.866356,0.403210
945,2JM0,82.86,0.725400,1.00,-3159.832,134.164,0.182077,0.599640
946,2JM2,25.00,0.291100,1.00,-1623.906,407.403,1.660200,0.255720
947,2JM4,88.37,0.740600,1.00,-2451.765,219.390,0.218175,0.781890
948,2JMY,96.67,0.766500,1.00,-986.837,22.429,0.097227,0.428600
949,2JN5,45.83,0.514200,1.00,-701.257,23.864,0.569462,0.226590
950,2JNH,82.61,0.674800,1.00,-4340.638,162.181,0.360966,0.726430
951,2JNI,96.43,0.719400,1.00,-1465.732,132.157,0.074408,0.490750
952,2JOC,69.59,0.599400,1.00,-2425.137,159.780,0.365867,0.526040
953,2JOF,87.50,0.762600,1.00,-1065.511,54.386,0.191615,0.395380
954,2JOS,87.50,0.697600,1.00,-1431.942,40.104,0.174259,0.483640
955,2JOU,46.32,0.331200,1.00,-2739.807,164.363,0.979165,0.327260
956,2JP6,61.49,0.576300,1.00,-2040.389,149.340,0.708065,0.422330
957,2JPJ,53.85,0.626500,1.00,-2359.680,54.069,0.577358,0.439100
958,2JPK,55.71,0.647300,1.00,-2363.437,94.945,1.045513,0.432480
959,2JPL,53.21,0.630300,1.00,-2359.680,54.069,0.550973,0.353980
960,2JPM,50.71,0.655300,1.00,-2363.437,94.945,0.535412,0.373150
961,2JPW,41.41,0.548800,1.00,-1001.396,193.813,0.713967,0.218940
962,2JPX,65.00,0.670700,1.00,-2139.056,105.377,0.572620,0.542610
963,2JQ2,41.67,0.481400,1.00,-502.759,52.734,0.485965,0.130640
964,2JQB,55.00,0.581700,1.00,-613.151,58.827,0.477521,0.337410
965,2JQC,51.67,0.444900,1.00,-613.151,58.827,0.395739,0.230950
966,2JQW,51.47,0.465600,1.00,-868.642,51.752,0.522847,0.145160
967,2JR3,30.36,0.351400,1.00,-2523.246,278.108,0.861557,0.218670
968,2JR8,61.31,0.707800,1.00,-1961.697,150.760,0.434834,0.516530
969,2JRD,62.04,0.500700,1.00,-1154.873,76.221,0.608505,0.405120
970,2JRV,55.00,0.530200,1.00,-820.511,82.066,0.512433,0.218220
971,2JRW,41.30,0.503400,1.00,-888.382,116.171,1.079982,0.201510
972,2JRY,66.85,0.539200,1.00,-2790.371,320.022,0.395796,0.563300
973,2JSB,79.76,0.666600,1.00,-1490.170,136.416,0.210097,0.261800
974,2JTA,45.00,0.486700,1.00,-266.544,70.303,0.479710,0.243900
975,2JTB,94.70,0.743900,1.00,-2109.861,144.702,0.094286,0.752340
976,2JTU,74.34,0.597900,1.00,-2471.262,205.524,0.290462,0.548080
977,2JTW,76.00,0.676100,1.00,-1617.711,40.677,0.324730,0.408920
978,2JUE,33.62,0.297200,1.00,-2043.096,146.100,0.784078,0.194800
979,2JUI,65.15,0.648900,1.00,-1733.764,118.505,0.418323,0.443310
980,2JUQ,75.00,0.602800,1.00,-646.243,40.849,0.252142,0.330460
981,2JUR,75.00,0.587000,1.00,-630.909,50.445,0.268334,0.329270
982,2JUS,92.31,0.674200,1.00,-656.587,60.317,0.113192,0.405240
983,2JUT,67.31,0.538100,1.00,-620.604,59.728,0.358311,0.315910
984,2JUY,58.04,0.553400,1.00,-1909.406,183.680,0.475641,0.307290
985,2JVX,88.39,0.742500,1.00,-1921.598,109.307,0.226000,0.697640
986,2JVY,82.14,0.648100,1.00,-1905.802,162.771,0.263383,0.580280
987,2JWG,84.78,0.727600,1.00,-2866.531,189.500,0.168222,0.769340
988,2JWH,60.94,0.686400,1.00,-2032.425,336.736,0.878779,0.523910
989,2JWM,86.21,0.732700,1.00,-1957.279,173.165,0.324019,0.656730
990,2JXF,83.33,0.774100,1.00,-2719.639,58.543,0.133669,0.671440
991,2JY0,67.59,0.605300,1.00,-1761.984,49.497,0.443077,0.405470
992,2JYD,48.37,0.483600,1.00,-2515.378,262.043,0.706721,0.415220
993,2JYP,43.75,0.444200,1.00,-2698.966,163.901,0.609497,0.297910
994,2K10,52.34,0.657200,1.00,-1905.406,63.826,0.480453,0.304420
995,2K1A,65.48,0.741300,1.00,-2837.603,168.522,0.480565,0.521200
996,2K1I,68.75,0.572800,1.00,-1896.878,140.739,0.301697,0.523970
997,2K1P,78.03,0.701900,1.00,-1914.442,161.843,0.338394,0.577030
998,2K2Y,61.54,0.490300,1.00,-2703.247,176.152,0.382976,0.438080
999,2K2Z,73.72,0.610600,1.00,-2333.230,168.664,0.412348,0.583450
1000,2K44,54.46,0.657200,1.00,-2213.771,46.749,0.871727,0.392330
1001,2K4U,92.57,0.721700,1.00,-2751.159,135.321,0.102083,0.794770
1004,2K6O,59.46,0.582800,1.00,-2936.421,123.024,0.762503,0.459970
1005,2K6R,79.31,0.619100,1.00,-2116.518,160.857,0.240549,0.496370
1006,2K72,90.54,0.734000,1.00,-3297.258,215.449,0.150397,0.775690
1007,2K76,89.17,0.739800,1.00,-2126.007,115.715,0.134026,0.617830
1008,2K7G,87.93,0.755700,1.00,-2036.858,140.055,0.143869,0.677000
1009,2K7Y,39.44,0.587400,1.00,-2232.876,174.783,1.024468,0.260510
1010,2K84,54.17,0.599900,1.00,-1873.533,91.606,0.493328,0.405640
1012,2K98,55.21,0.616100,1.00,-1338.873,37.392,0.777273,0.352660
1013,2K9D,63.07,0.690400,1.00,-3544.446,111.250,0.484505,0.468450
1014,2K9O,70.83,0.586000,1.00,-2348.615,186.877,0.352895,0.509830
1015,2KAM,77.88,0.700900,1.00,-1772.591,51.195,0.222656,0.699620
1016,2KB8,61.49,0.619300,1.00,-1983.590,153.288,0.422802,0.477220
1017,2KB9,76.70,0.643800,1.00,-2995.497,220.488,0.228612,0.634540
1018,2KBL,68.97,0.597700,1.00,-1935.348,168.363,0.353807,0.364360
1019,2KCF,75.00,0.673600,1.00,-2274.652,214.417,0.374509,0.564220
1020,2KCG,74.17,0.619500,1.00,-2160.556,216.878,0.437435,0.499470
1021,2KCH,88.79,0.745700,1.00,-1836.988,194.729,0.263246,0.697000
1023,2KDT,39.44,0.578800,1.00,-2620.603,189.630,0.809911,0.246820
1024,2KE3,43.60,0.583500,1.00,-2580.162,176.143,0.725670,0.354400
1025,2KEF,29.00,0.333700,1.00,-1810.747,160.414,0.719048,0.157510
1026,2KEG,45.31,0.501700,1.00,-1494.961,172.580,0.586013,0.434970
1027,2KEH,52.34,0.535000,1.00,-1494.961,172.580,0.665390,0.409690
1028,2KES,62.50,0.816800,1.00,-3908.733,85.908,0.438198,0.567130
1029,2KFE,72.92,0.743200,1.00,-1607.988,59.928,0.247292,0.356460
1030,2KFQ,35.16,0.315200,1.00,-2278.555,169.612,0.854245,0.317170
1031,2KGH,44.23,0.436900,1.00,-1958.747,284.858,0.803280,0.316980
1032,2KGN,75.00,0.604800,1.00,-1268.802,89.236,0.241843,0.334000
1033,2KGU,93.57,0.783600,1.00,-1920.899,176.977,0.108787,0.802610
1034,2KHB,93.10,0.778500,1.00,-1911.404,157.419,0.139268,0.740820
1035,2KHF,77.00,0.711200,1.00,-1689.600,38.937,0.196334,0.384460
1036,2KHG,69.00,0.642700,1.00,-1689.600,38.937,0.388357,0.405670
1037,2KI0,72.92,0.639400,1.00,-2356.131,141.305,0.356242,0.512990
1038,2KI9,53.79,0.607800,1.00,-2684.292,87.234,0.505749,0.350010
1039,2KIO,55.30,0.641300,1.00,-2351.709,167.719,0.508370,0.325190
1040,2KIR,70.59,0.574700,1.00,-2457.449,157.779,0.256420,0.477330
1041,2KIT,76.52,0.694900,1.00,-2351.709,167.719,0.276300,0.528510
1042,2KJM,43.33,0.506700,1.00,-2084.384,97.276,1.023888,0.262310
1043,2KJN,72.12,0.625000,1.00,-1817.776,30.779,0.321852,0.449940
1044,2KJO,62.50,0.587000,1.00,-1817.776,30.779,0.319534,0.433170
1045,2KLV,45.65,0.584400,1.00,-3274.171,106.594,0.592623,0.369780
1046,2KM9,90.00,0.653200,1.00,-1388.478,98.879,0.120026,0.505020
1047,2KMO,94.89,0.754900,1.00,-2805.969,169.214,0.126731,0.837710
1048,2KMP,84.09,0.735700,1.00,-2805.969,169.214,0.306856,0.752780
1049,2KMQ,80.11,0.712100,1.00,-2805.969,169.214,0.201537,0.659790
1050,2KMR,64.77,0.577400,1.00,-2805.969,169.214,0.969312,0.533500
1051,2KNI,81.10,0.667100,1.00,-2485.348,280.049,0.257030,0.693650
1052,2KNM,76.67,0.619800,1.00,-2160.556,216.878,0.420230,0.516530
1053,2KNP,84.09,0.721700,1.00,-1963.590,173.541,0.193847,0.643260
1054,2KNS,50.76,0.638900,1.00,-1893.051,78.531,0.631018,0.358720
1055,2KNU,43.10,0.580100,1.00,-1742.116,100.471,0.814449,0.322960
1056,2KOE,46.25,0.489100,1.00,-3242.972,174.726,0.680883,0.427100
1057,2KOZ,96.21,0.793700,1.00,-2245.902,101.618,0.116117,0.827750
1058,2KP0,89.39,0.710300,1.00,-2202.663,158.765,0.129330,0.685320
1059,2KPA,54.81,0.539300,1.00,-1546.487,71.941,0.466083,0.251850
1060,2KPB,50.00,0.555800,1.00,-1546.487,71.941,0.599050,0.342040
1061,2KSG,32.29,0.558600,1.00,-2681.950,101.563,1.341914,0.261010
1062,2KSJ,54.35,0.702400,1.00,-3274.171,106.594,0.516786,0.534260
1063,2KTC,64.71,0.547600,1.00,-1753.369,218.817,0.579538,0.433960
1064,2KTX,91.45,0.704800,1.00,-2858.546,163.129,0.157252,0.783050
1065,2KUK,88.33,0.705800,1.00,-2138.895,168.716,0.133930,0.643770
1066,2KUS,85.00,0.727800,1.00,-2146.098,195.386,0.135147,0.651840
1067,2KUX,90.83,0.746600,1.00,-2232.133,198.230,0.172828,0.687180
1068,2KUY,52.91,0.417500,1.00,-3597.139,211.077,0.956555,0.427650
1069,2KV5,67.42,0.656900,1.00,-2624.291,54.651,0.466346,0.564200
1070,2KVF,86.61,0.648400,1.00,-2010.288,83.331,0.156695,0.591720
1071,2KVG,83.33,0.727200,1.00,-1742.000,96.496,0.190357,0.489250
1072,2KVH,88.89,0.668400,1.00,-1906.908,94.064,0.167422,0.616030
1073,2KVX,85.71,0.704300,1.00,-1911.248,158.157,0.272273,0.612790
1074,2KWT,65.15,0.577400,1.00,-2852.335,96.974,0.447703,0.493170
1075,2KWY,67.44,0.752200,1.00,-2440.038,85.391,0.478612,0.652160
1076,2KWZ,54.38,0.566500,1.00,-3437.166,96.898,0.567160,0.404750
1077,2KXA,48.33,0.595600,1.00,-1511.288,120.185,1.045790,0.350440
1078,2KY3,87.12,0.733200,1.00,-2200.229,136.453,0.282072,0.669710
1079,2KYA,39.71,0.457700,1.00,-1725.546,149.748,1.062366,0.380010
1080,2KYJ,93.06,0.737000,1.00,-2047.029,314.076,0.161186,0.776270
1081,2KYK,64.74,0.515300,1.00,-2356.245,217.862,0.644949,0.487060
1082,2KZQ,52.08,0.481600,1.00,-2807.515,81.921,1.076576,0.405030
1083,2L07,80.56,0.601900,1.00,-930.737,72.555,0.202628,0.320400
1084,2L0G,85.94,0.715500,1.00,-2934.470,123.515,0.328239,0.707270
1085,2L0L,56.48,0.636900,1.00,-1576.302,54.288,0.572616,0.353510
1086,2L0M,67.59,0.645000,1.00,-1576.302,54.288,0.375450,0.323860
1087,2L0N,65.83,0.640300,1.00,-2390.330,39.798,0.355685,0.409190
1088,2L0O,65.00,0.588600,1.00,-2390.330,39.798,0.420351,0.380220
1089,2L1J,62.50,0.563400,1.00,-2161.710,171.317,0.390002,0.461670
1090,2L1Q,73.12,0.674300,1.00,-2146.798,245.637,0.492147,0.610600
1091,2L1X,40.38,0.548900,1.00,-2696.094,108.711,0.871755,0.336550
1092,2L2R,75.68,0.645400,1.00,-2162.810,118.159,0.367964,0.625220
1093,2L36,61.46,0.659300,1.00,-1239.349,59.892,0.512244,0.333040
1094,2L37,87.21,0.673600,1.00,-3526.121,130.447,0.212611,0.757660
1095,2L3H,35.26,0.412400,1.00,-2727.922,72.753,0.899746,0.261020
1096,2L3I,59.17,0.554900,1.00,-2236.998,89.044,0.583926,0.437090
1097,2L44,84.21,0.651000,1.00,-878.077,69.804,0.153436,0.303930
1098,2L4G,68.52,0.611400,1.00,-1304.996,94.836,0.524114,0.346240
1099,2L4J,67.39,0.643900,1.00,-2795.622,205.220,0.344139,0.546390
1100,2L4U,59.38,0.594700,1.00,-1268.802,89.236,0.465380,0.293850
1101,2L5I,40.48,0.436700,1.00,-1236.587,128.753,0.701309,0.160620
1102,2L5J,46.43,0.451200,1.00,-1236.587,128.753,0.523320,0.107860
1103,2L5R,85.87,0.785900,1.00,-1484.843,30.464,0.173203,0.408920
1104,2L61,60.58,0.506000,1.00,-1240.020,216.435,0.339158,0.235760
1105,2L62,50.00,0.463300,1.00,-1240.020,216.435,0.575258,0.216140
1106,2L63,55.30,0.612800,1.00,-2501.485,68.458,0.526850,0.380340
1107,2L64,50.00,0.590400,1.00,-2501.485,68.458,0.511237,0.383240
1108,2L6S,38.75,0.526100,1.00,-920.485,89.325,0.739726,0.178960
1109,2L6T,57.50,0.536700,1.00,-920.485,89.325,0.591758,0.186700
1110,2L70,50.00,0.659000,1.00,-2741.999,159.823,0.562836,0.445920
1111,2L71,52.38,0.593000,1.00,-2741.999,159.823,0.610491,0.424730
1112,2L77,58.33,0.564200,1.00,-2727.922,72.753,0.727009,0.422710
1113,2L79,48.08,0.430400,1.00,-2727.922,72.753,0.628574,0.360990
1114,2L7C,61.84,0.520800,1.00,-816.483,126.419,0.326061,0.231560
1115,2L7T,61.36,0.569700,1.00,-404.634,44.450,0.379328,0.255780
1116,2L87,41.67,0.460300,1.00,-1030.535,223.850,0.611314,0.257440
1117,2L8E,66.33,0.679100,1.00,-2841.172,271.977,0.709627,0.567780
1118,2L91,73.84,0.729700,1.00,-3204.644,113.691,0.349850,0.567190
1122,2L9G,76.32,0.629300,1.00,-1156.252,63.973,0.378835,0.347920
1123,2L9X,51.67,0.478500,1.00,-2107.646,77.786,0.451220,0.324530
1124,2L9Z,44.23,0.496800,1.00,-2326.848,256.393,0.759824,0.300060
1125,2LA0,61.67,0.513500,1.00,-1915.895,135.730,0.562881,0.311450
1126,2LAM,89.66,0.753900,1.00,-2049.702,170.490,0.245981,0.737420
1127,2LAQ,32.64,0.477300,1.00,-1736.830,259.769,0.912978,0.240320
1128,2LAT,68.92,0.695600,1.00,-2823.309,70.537,0.437668,0.506370
1129,2LB7,77.84,0.686700,1.00,-3018.227,245.238,0.180958,0.665130
1130,2LBG,91.67,0.839700,1.00,-1077.387,36.357,0.116299,0.652360
1131,2LBZ,56.45,0.487500,1.00,-2185.572,69.315,0.428890,0.319810
1132,2LCM,70.54,0.647500,1.00,-1854.550,85.493,0.416612,0.415200
1133,2LDE,77.00,0.642600,1.00,-1569.636,144.467,0.272525,0.496770
1134,2LDF,53.12,0.509900,1.00,-1574.558,164.543,0.648647,0.241770
1135,2LDJ,77.50,0.583800,1.00,-1128.210,144.705,0.283222,0.294520
1136,2LDS,77.08,0.610700,1.00,-2193.042,285.734,0.236883,0.569350
1137,2LE3,55.95,0.563600,1.00,-2698.187,244.648,0.599194,0.389010
1138,2LE7,56.25,0.539400,1.00,-1259.635,47.082,0.446591,0.259450
1139,2LER,45.45,0.543900,1.00,-361.550,66.865,0.521740,0.329480
1140,2LET,91.96,0.727000,1.00,-1834.805,171.484,0.098476,0.645930
1141,2LEU,71.62,0.575400,1.00,-2028.037,166.294,0.532509,0.504190
1142,2LEW,64.06,0.514500,1.00,-2011.766,202.875,0.311330,0.486160
1143,2LEY,67.19,0.515400,1.00,-2016.758,196.998,0.354760,0.551700
1144,2LFM,18.75,0.313500,1.00,-1627.801,241.610,1.417965,0.213900
1145,2LG4,96.88,0.802300,1.00,-2743.510,159.007,0.084079,0.871880
1146,2LG5,74.31,0.626300,1.00,-2507.930,179.417,0.330193,0.540750
1147,2LG6,85.42,0.684600,1.00,-2599.374,160.586,0.264703,0.685120
1148,2LI3,63.33,0.543900,1.00,-2180.657,120.326,0.533212,0.395940
1149,2LIC,37.86,0.424100,1.00,-1646.585,196.435,0.613572,0.257270
1150,2LID,30.71,0.510100,1.00,-1312.246,218.358,0.795635,0.249020
1151,2LIF,63.89,0.661300,1.00,-1581.247,120.839,0.523812,0.436250
1152,2LIX,63.89,0.521700,1.00,-1825.802,156.541,0.358712,0.401510
1153,2LIY,66.11,0.580500,1.00,-2909.290,229.279,0.310955,0.518990
1154,2LJ7,79.26,0.659200,1.00,-3436.825,229.276,0.261719,0.687800
1155,2LJQ,51.35,0.516500,1.00,-1588.646,141.942,0.702708,0.397870
1156,2LJS,90.00,0.756600,1.00,-1698.965,156.598,0.238331,0.732730
1157,2LJT,49.32,0.426700,1.00,-1972.749,168.537,0.742183,0.400290
1158,2LK9,59.29,0.546800,1.00,-2319.587,73.922,0.509499,0.502720
1159,2LKE,72.92,0.612900,1.00,-1220.019,87.222,0.320914,0.384950
1160,2LKJ,63.54,0.527500,1.00,-1220.019,87.222,0.636563,0.385740
1161,2LKQ,63.54,0.613700,1.00,-1178.341,132.272,0.437233,0.292540
1162,2LL1,83.33,0.663800,1.00,-2283.150,168.101,0.195192,0.652320
1163,2LL2,46.15,0.561200,1.00,-1025.999,153.455,0.867737,0.261600
1164,2LL5,89.77,0.809000,1.00,-1164.289,127.154,0.167686,0.500810
1165,2LLD,82.50,0.656500,1.00,-2867.695,256.317,0.242570,0.711840
1166,2LLM,66.86,0.710800,1.00,-2833.209,65.186,0.432531,0.518780
1167,2LLR,72.73,0.670500,1.00,-1271.213,93.015,0.278146,0.268100
1168,2LM8,57.69,0.525000,1.00,-312.701,81.965,0.756342,0.235900
1169,2LMA,60.23,0.572900,1.00,-995.123,98.141,0.632121,0.298550
1170,2LMB,26.16,0.332100,1.00,-1589.520,170.021,0.992828,0.192930
1171,2LMF,82.61,0.727000,1.00,-1899.505,50.405,0.171587,0.493890
1172,2LMZ,84.52,0.667500,1.00,-3865.467,168.651,0.244356,0.727020
1173,2LNE,67.31,0.544200,1.00,-385.858,86.842,0.418809,0.234170
1174,2LNF,48.08,0.485800,1.00,-385.858,86.842,0.452448,0.253550
1175,2LNG,50.00,0.477300,1.00,-385.858,86.842,0.415151,0.184170
1176,2LO2,79.61,0.690400,1.00,-2322.927,169.171,0.254155,0.622050
1177,2LO3,59.09,0.640000,1.00,-2587.663,209.254,0.983324,0.480470
1178,2LO7,58.87,0.543300,1.00,-2339.757,116.688,0.675813,0.455310
1179,2LQ0,79.00,0.621700,1.00,-1843.567,64.820,0.375565,0.573440
1180,2LQ1,57.00,0.588500,1.00,-1195.181,101.714,0.523218,0.359700
1181,2LQ2,65.00,0.651800,1.00,-1333.212,146.637,0.491294,0.474220
1182,2LQA,84.46,0.701500,1.00,-2750.591,220.019,0.213732,0.686680
1183,2LQX,85.37,0.676900,1.00,-3175.570,139.745,0.256589,0.733580
1184,2LQY,80.00,0.617800,1.00,-1559.288,19.386,0.274630,0.330710
1185,2LR3,81.38,0.627900,1.00,-3259.866,227.322,0.197856,0.726930
1186,2LR5,74.34,0.639800,1.00,-2659.919,170.295,0.307220,0.582770
1187,2LR7,31.90,0.461000,1.00,-2067.236,65.905,0.952189,0.190960
1188,2LRX,55.56,0.572900,1.00,-3212.542,231.203,0.557068,0.420530
1189,2LS1,47.50,0.386000,1.00,-1065.092,180.235,0.671146,0.205800
1190,2LS2,74.00,0.714800,1.00,-1957.918,48.903,0.369825,0.437860
1191,2LS3,68.10,0.708400,1.00,-2660.349,45.185,0.332162,0.508880
1192,2LS4,66.67,0.566300,1.00,-1546.396,17.443,0.385669,0.401230
1193,2LS9,64.00,0.542600,1.00,-1139.787,90.851,0.394274,0.247520
1194,2LSA,60.87,0.672400,1.00,-1378.641,66.328,0.425109,0.217490
1195,2LSQ,60.00,0.479000,1.00,-1729.252,117.656,0.496913,0.356820
1196,2LSW,46.88,0.620600,1.00,-1781.787,301.699,0.843093,0.327040
1197,2LT8,77.98,0.673600,1.00,-3037.814,169.960,0.238619,0.677470
1198,2LTI,33.70,0.443900,1.00,-1120.040,85.203,0.897380,0.130580
1200,2LU9,84.68,0.685200,1.00,-2056.008,164.018,0.219837,0.549660
1201,2LUF,77.50,0.596000,1.00,-852.535,95.033,0.400005,0.338650
1202,2LUG,45.83,0.624300,1.00,-1473.523,196.082,1.758835,0.369730
1203,2LUR,68.97,0.553800,1.00,-1804.847,177.628,0.371214,0.366810
1204,2LUV,65.71,0.564000,1.00,-1781.967,266.201,0.438527,0.486180
1205,2LVG,75.00,0.714300,1.00,-2841.836,98.677,0.285419,0.582790
1206,2LWB,61.25,0.471500,1.00,-1395.916,121.694,0.382367,0.213190
1207,2LWL,71.43,0.657800,1.00,-3043.798,202.377,0.447600,0.597490
1208,2LWQ,56.25,0.462000,1.00,-697.578,88.703,0.375626,0.129390
1209,2LWS,54.17,0.495200,1.00,-290.505,83.961,0.637945,0.261340
1210,2LWT,52.78,0.424100,1.00,-956.517,102.975,0.357045,0.186900
1211,2LWU,93.33,0.810500,1.00,-697.069,53.133,0.124460,0.487060
1212,2LWV,60.29,0.464400,1.00,-627.720,95.258,0.461852,0.198420
1213,2LX0,67.97,0.652400,1.00,-2905.574,83.418,0.345296,0.471670
1214,2LX4,88.24,0.742600,1.00,-1129.253,36.966,0.175380,0.479630
1215,2LX5,88.89,0.696100,1.00,-1011.558,30.102,0.092144,0.442370
1216,2LX6,36.84,0.515200,1.00,-596.234,95.276,0.917189,0.118420
1217,2LXO,47.16,0.464400,1.00,-3221.455,254.008,0.708464,0.378440
1218,2LXZ,90.62,0.730500,1.00,-2188.409,141.371,0.109302,0.691320
1219,2LYE,94.44,0.763100,1.00,-968.423,73.574,0.085484,0.444510
1220,2LYF,97.22,0.720900,1.00,-1006.247,78.252,0.085045,0.528020
1221,2LZI,87.50,0.746700,1.00,-855.211,96.732,0.206219,0.314770
1222,2LZO,68.97,0.714400,1.00,-1630.810,150.634,0.347097,0.407340
1223,2LZP,56.45,0.564600,1.00,-1808.001,110.146,0.658561,0.418920
1224,2LZQ,75.00,0.746100,1.00,-2399.974,88.593,0.225386,0.574780
1225,2LZX,87.16,0.744100,1.00,-2658.117,169.850,0.199042,0.720780
1226,2LZY,82.14,0.707000,1.00,-2456.765,188.563,0.230155,0.643270
1227,2M0H,64.77,0.651900,1.00,-1526.316,56.628,0.561279,0.369540
1228,2M0S,50.00,0.460400,1.00,-2071.830,74.943,0.752808,0.349160
1229,2M0W,61.96,0.650500,1.00,-1393.852,44.398,0.643515,0.280470
1230,2M1A,80.77,0.654800,1.00,-1286.691,57.053,0.174040,0.522090
1231,2M1J,64.17,0.610400,1.00,-1972.383,67.261,0.549252,0.422680
1232,2M1P,76.39,0.674600,1.00,-682.755,120.639,0.359989,0.381970
1233,2M1T,62.50,0.539300,1.00,-1543.403,85.645,0.438022,0.248210
1234,2M2G,87.50,0.697500,1.00,-803.611,69.478,0.188730,0.419400
1235,2M2H,31.94,0.297400,1.00,-1045.456,39.115,0.569015,0.122170
1236,2M2Q,94.53,0.789400,1.00,-2392.900,216.118,0.092881,0.766730
1237,2M2R,80.30,0.640600,1.00,-2301.845,248.505,0.220984,0.579700
1238,2M2S,45.83,0.326100,1.00,-962.320,36.871,0.544731,0.151020
1239,2M2X,27.78,0.301600,1.00,-867.783,23.516,1.018814,0.111000
1240,2M2Y,91.67,0.733100,1.00,-887.047,64.374,0.108739,0.347620
1241,2M36,87.50,0.753700,1.00,-2130.780,143.212,0.167865,0.729930
1242,2M37,40.79,0.392800,1.00,-732.494,102.468,0.769572,0.107940
1243,2M3F,90.91,0.732300,1.00,-1778.715,44.428,0.110041,0.505620
1244,2M3J,84.85,0.710100,1.00,-2360.181,220.755,0.194264,0.642090
1245,2M3N,61.11,0.539800,1.00,-831.773,96.972,0.434560,0.219180
1246,2M4X,70.71,0.534900,1.00,-2353.316,180.297,0.265681,0.512900
1247,2M4Z,68.57,0.572100,1.00,-2326.901,205.951,0.277689,0.438950
1248,2M50,84.29,0.670500,1.00,-2459.103,192.025,0.187435,0.631320
1249,2M5L,66.25,0.610400,1.00,-779.555,111.018,0.338257,0.161990
1250,2M5X,92.50,0.823100,1.00,-2725.991,163.361,0.198947,0.827020
1251,2M5Z,95.45,0.744200,1.00,-5523.479,126.532,0.080065,0.883020
1252,2M60,85.47,0.710000,1.00,-5848.520,140.153,0.151407,0.755200
1253,2M62,58.33,0.501200,1.00,-509.433,65.220,0.270915,0.150960
1254,2M6A,82.14,0.631900,1.00,-1882.127,101.211,0.166542,0.513850
1255,2M6O,80.21,0.732200,1.00,-3129.843,219.618,0.428535,0.734380
1256,2M6P,81.52,0.639700,1.00,-3171.840,343.885,0.449371,0.726720
1257,2M73,65.00,0.655000,1.00,-1805.894,38.576,0.326867,0.261580
1258,2M77,88.89,0.758300,1.00,-1063.623,88.068,0.122844,0.329570
1259,2M78,97.22,0.746300,1.00,-1025.267,90.555,0.072989,0.517060
1260,2M79,84.72,0.748300,1.00,-982.698,113.739,0.172834,0.328790
1261,2M7C,80.95,0.641700,1.00,-1205.290,64.115,0.393806,0.375990
1262,2M7D,58.75,0.636800,1.00,-1174.638,45.039,0.859889,0.335620
1263,2M7E,64.42,0.614600,1.00,-1323.197,135.287,0.489380,0.335920
1264,2M7I,37.50,0.409600,1.00,-658.638,35.074,0.695921,0.081160
1265,2M7J,44.64,0.450800,1.00,-441.083,72.417,0.722444,0.194630
1266,2M7P,79.17,0.677600,1.00,-2594.462,277.985,0.242728,0.668430
1267,2M7T,90.15,0.784300,1.00,-2001.833,157.499,0.127113,0.741130
1268,2M7X,42.76,0.513100,1.00,-2161.521,129.239,0.746874,0.376190
1269,2M8F,32.29,0.376700,1.00,-1255.380,108.889,0.948954,0.170050
1270,2M8I,79.65,0.729700,1.00,-2556.924,282.191,0.289230,0.666550
1271,2M8J,79.07,0.703800,1.00,-2575.822,285.288,0.356800,0.672210
1272,2M8M,85.71,0.729600,1.00,-2609.630,61.714,0.180702,0.596520
1273,2M8O,76.79,0.738500,1.00,-2609.630,61.714,0.205108,0.414190
1274,2M96,72.16,0.639800,1.00,-2133.599,251.667,0.454209,0.576930
1275,2M9E,91.67,0.763300,1.00,-2191.903,133.678,0.183176,0.766410
1276,2M9F,78.03,0.717600,1.00,-2191.903,133.678,0.333913,0.591380
1277,2M9I,82.35,0.721200,1.00,-2252.808,153.409,0.274649,0.659670
1278,2M9J,83.09,0.728200,1.00,-2252.808,153.409,0.283946,0.679070
1279,2M9L,87.86,0.712900,1.00,-2427.081,175.909,0.327365,0.724630
1280,2M9O,86.21,0.735300,1.00,-2040.917,119.997,0.229682,0.640270
1281,2M9R,28.12,0.320800,1.00,-1627.801,241.610,1.856386,0.175280
1282,2M9S,25.00,0.329000,1.00,-1627.801,241.610,2.081736,0.235300
1283,2MAA,76.92,0.646100,1.00,-779.670,42.382,0.217699,0.502150
1284,2MAE,51.92,0.515900,1.00,-1039.330,188.013,0.628651,0.296550
1285,2MAU,93.33,0.755100,1.00,-2137.091,174.976,0.090187,0.707190
1286,2MBD,84.26,0.711800,1.00,-1592.026,67.701,0.157338,0.529750
1287,2MBY,49.46,0.601300,1.00,-3662.990,128.283,0.629776,0.489330
1288,2MCE,79.76,0.704600,1.00,-899.986,63.775,0.265994,0.385800
1289,2MD1,76.47,0.613000,1.00,-1087.369,71.212,0.270636,0.349800
1290,2MD2,82.50,0.601400,1.00,-483.929,37.874,0.194447,0.389850
1291,2MD4,95.83,0.767300,1.00,-756.899,19.432,0.071814,0.474170
1292,2MD6,77.78,0.588500,1.00,-929.183,59.312,0.247819,0.284800
1293,2MDC,45.31,0.473500,1.00,-2824.529,320.491,0.711272,0.361920
1294,2MDL,34.38,0.465200,1.00,-1032.060,159.813,1.193772,0.116070
1295,2MDU,89.66,0.694000,1.00,-2044.305,143.344,0.187254,0.641230
1296,2ME1,62.04,0.523300,1.00,-2453.187,59.632,0.423566,0.373020
1297,2ME2,56.48,0.558300,1.00,-2306.531,68.414,0.440920,0.332570
1298,2ME3,62.96,0.542200,1.00,-2426.008,60.556,0.353479,0.338500
1299,2ME4,57.41,0.580900,1.00,-2435.001,66.315,0.405412,0.341980
1300,2ME7,90.91,0.768400,1.00,-2258.073,126.258,0.141737,0.734630
1301,2MEL,86.36,0.761300,1.00,-2356.380,118.257,0.221919,0.695890
1302,2MEN,80.30,0.703500,1.00,-2150.392,116.729,0.274379,0.615720
1303,2MEO,84.09,0.691000,1.00,-2159.958,110.549,0.217323,0.638520
1304,2MF3,48.40,0.401500,1.00,-3252.701,234.448,0.524259,0.476620
1305,2MFM,43.33,0.507200,1.00,-417.510,81.471,0.735657,0.133930
1306,2MFO,43.33,0.471400,1.00,-369.876,89.271,0.648095,0.146060
1307,2MFP,56.45,0.555400,1.00,-1372.487,169.749,0.703197,0.322020
1308,2MFS,92.86,0.784400,1.00,-2299.819,254.976,0.111056,0.761860
1309,2MFV,41.07,0.604600,1.00,-137.587,64.844,0.931848,0.220720
1310,2MG1,76.85,0.721300,1.00,-1886.343,52.556,0.259253,0.448990
1311,2MG2,70.54,0.654600,1.00,-2047.375,91.244,0.316325,0.552480
1312,2MG3,67.86,0.636600,1.00,-2047.375,91.244,0.308859,0.362620
1313,2MH1,85.61,0.742600,1.00,-1776.850,208.283,0.204678,0.635270
1314,2MHU,64.17,0.543000,1.00,-1826.482,169.114,0.376685,0.386570
1315,2MHW,48.15,0.609600,1.00,-1561.335,75.559,0.692251,0.320360
1316,2MI1,42.86,0.455700,1.00,-787.087,45.828,0.599611,0.150280
1317,2MI9,75.83,0.588900,1.00,-2058.547,139.638,0.225303,0.487160
1318,2MIA,73.33,0.574400,1.00,-2058.547,139.638,0.223918,0.462760
1319,2MID,43.75,0.535100,1.00,-378.631,47.942,0.732526,0.253670
1320,2MIE,41.67,0.513200,1.00,-363.229,61.698,0.628844,0.157090
1321,2MIF,35.42,0.528900,1.00,-305.310,80.559,0.620055,0.203660
1322,2MIG,43.75,0.539700,1.00,-384.262,55.586,0.710975,0.244490
1323,2MIH,41.07,0.473000,1.00,-410.286,65.749,0.791888,0.176760
1324,2MIJ,66.89,0.618000,1.00,-2772.991,145.363,0.354531,0.497790
1325,2MIX,64.29,0.578800,1.00,-1080.324,110.053,0.550107,0.287830
1326,2MJ1,31.94,0.315500,1.00,-697.155,105.361,0.811394,0.163050
1327,2MJ2,60.42,0.626100,1.00,-2272.629,191.276,0.637773,0.484920
1328,2MJ9,66.67,0.649600,1.00,-2526.513,171.369,0.501482,0.507560
1329,2MJC,66.91,0.679300,1.00,-1698.585,191.467,0.637634,0.497020
1330,2MJK,87.20,0.705900,1.00,-3750.673,187.888,0.208400,0.744450
1331,2MKB,82.00,0.635000,1.00,-1769.985,100.092,0.206363,0.472700
1332,2ML7,84.68,0.677900,1.00,-2241.243,139.060,0.129324,0.594910
1333,2MLA,92.57,0.745300,1.00,-2612.085,142.006,0.107448,0.766510
1334,2MLD,89.86,0.776200,1.00,-2544.252,174.202,0.112316,0.760020
1335,2MLJ,37.50,0.452400,1.00,-851.057,51.544,0.994978,0.162180
1336,2MLO,87.50,0.707200,1.00,-1271.202,27.310,0.166238,0.460890
1337,2MLQ,82.81,0.604400,1.00,-1271.202,27.310,0.207362,0.337240
1338,2MLU,40.00,0.446400,1.00,-1420.117,83.308,0.668366,0.316200
1339,2MLV,44.17,0.484300,1.00,-1420.117,83.308,0.729935,0.301940
1340,2MM5,80.83,0.646300,1.00,-2144.596,239.358,0.254523,0.581490
1341,2MM6,80.83,0.635200,1.00,-2197.103,154.902,0.242792,0.561840
1342,2MMM,63.89,0.714700,1.00,-2086.265,41.100,0.487837,0.453540
1343,2MMT,35.71,0.442400,1.00,-1034.983,84.070,1.213080,0.097930
1344,2MMW,39.29,0.477900,1.00,-847.889,175.838,0.886434,0.109160
1345,2MN1,87.50,0.707000,1.00,-2054.571,141.247,0.215368,0.647480
1346,2MN3,67.05,0.592200,1.00,-1993.268,300.233,0.384614,0.535690
1347,2MOC,47.73,0.439000,1.00,-287.583,46.907,0.413077,0.198810
1348,2MOF,60.71,0.589000,1.00,-2714.165,143.403,0.589954,0.503630
1349,2MPJ,75.00,0.586300,1.00,-1331.916,112.083,0.421713,0.427430
1350,2MPQ,81.25,0.666400,1.00,-2169.104,139.762,0.233433,0.679430
1351,2MQ2,35.71,0.457900,1.00,-214.390,76.310,0.956899,0.192340
1352,2MQ4,36.36,0.495900,1.00,-186.937,51.090,0.823299,0.190900
1353,2MQ5,55.00,0.500000,1.00,-148.734,49.109,0.345988,0.182100
1354,2MQF,97.79,0.758900,1.00,-2077.917,160.910,0.075335,0.831530
1355,2MQU,92.14,0.742200,1.00,-2268.727,135.439,0.095665,0.757470
1356,2MR9,91.48,0.753000,1.00,-4235.905,139.963,0.138168,0.802230
1357,2MRB,61.29,0.521800,1.00,-1927.006,157.731,0.406620,0.365410
1358,2MRF,82.58,0.675200,1.00,-2088.489,224.321,0.181398,0.600770
1359,2MRT,70.83,0.584600,1.00,-1944.102,245.165,0.266869,0.433120
1360,2MRW,39.38,0.310700,1.00,-3473.463,130.452,1.089085,0.375830
1361,2MSF,48.28,0.450000,1.00,-1655.153,178.346,0.747365,0.330050
1362,2MSO,77.50,0.621900,1.00,-2014.383,160.355,0.307795,0.514890
1363,2MSQ,84.26,0.652700,1.00,-1784.111,135.056,0.241086,0.574510
1364,2MSU,68.75,0.594000,1.00,-1213.572,42.841,0.351846,0.326970
1365,2MT7,89.29,0.715800,1.00,-2217.093,201.408,0.139976,0.721640
1366,2MT8,69.87,0.660500,1.00,-2033.411,268.503,0.614077,0.584160
1367,2MTM,46.05,0.367700,1.00,-1301.639,83.189,0.476276,0.139590
1368,2MTO,78.85,0.531400,1.00,-685.774,58.625,0.251839,0.374550
1369,2MTT,63.46,0.508100,1.00,-679.980,42.171,0.302327,0.232300
1370,2MTU,69.23,0.482600,1.00,-679.980,42.171,0.368469,0.321660
1371,2MTW,76.25,0.592300,1.00,-1266.019,57.648,0.334161,0.416880
1372,2MTY,45.00,0.515500,1.00,-610.615,128.277,0.619190,0.148860
1373,2MU6,85.00,0.714400,1.00,-1482.467,33.312,0.188548,0.345500
1374,2MU7,76.25,0.660800,1.00,-1053.577,62.151,0.240844,0.330790
1375,2MU8,43.75,0.456100,1.00,-1149.963,51.827,0.525011,0.115810
1376,2MU9,73.75,0.668100,1.00,-1424.884,58.489,0.408910,0.355670
1377,2MUA,78.57,0.720400,1.00,-1138.133,100.526,0.226471,0.359810
1378,2MUB,49.40,0.424900,1.00,-2956.844,409.567,0.589529,0.422350
1379,2MUE,76.25,0.650600,1.00,-1441.353,40.195,0.284120,0.350540
1380,2MUF,82.50,0.674600,1.00,-1283.871,50.352,0.172912,0.335300
1381,2MUH,90.62,0.659600,1.00,-725.896,98.490,0.128713,0.472560
1382,2MUJ,75.00,0.607700,1.00,-1372.686,43.557,0.292918,0.289860
1383,2MUN,95.65,0.765500,1.00,-3953.722,135.510,0.080466,0.886490
1384,2MUQ,76.14,0.695700,1.00,-2957.292,149.397,0.505370,0.654280
1385,2MV6,70.92,0.730700,1.00,-3592.292,174.754,0.385195,0.626880
1386,2MVA,63.89,0.531200,1.00,-1430.459,172.776,0.490751,0.294620
1387,2MVH,67.31,0.644300,1.00,-1632.219,72.364,0.635646,0.440480
1388,2MVI,39.53,0.361700,1.00,-3560.904,206.758,0.847770,0.311970
1389,2MVJ,68.27,0.574100,1.00,-1687.623,81.949,0.522168,0.462560
1390,2MVK,31.73,0.491900,1.00,-1039.330,188.013,0.886916,0.285570
1391,2MVL,38.46,0.542900,1.00,-1039.330,188.013,0.972036,0.247480
1392,2MVM,52.27,0.609600,1.00,-2316.509,169.199,1.137570,0.450370
1393,2MVN,52.84,0.669500,1.00,-2316.509,169.199,0.756943,0.440030
1394,2MVT,82.98,0.669100,1.00,-4110.048,120.608,0.203240,0.727340
1395,2MW0,82.76,0.652300,1.00,-1826.083,129.321,0.253020,0.567340
1396,2MW3,35.71,0.410000,1.00,-1121.535,205.277,0.690612,0.180590
1397,2MW7,84.46,0.745600,1.00,-2178.913,300.862,0.234978,0.671940
1398,2MW9,79.05,0.672500,1.00,-2431.137,201.154,0.296396,0.649250
1399,2MWA,72.97,0.651900,1.00,-2524.135,169.922,0.434901,0.557630
1400,2MWB,76.35,0.682100,1.00,-2468.838,162.046,0.250918,0.589920
1401,2MWD,87.50,0.677200,1.00,-1727.437,131.998,0.109788,0.583670
1402,2MWE,83.93,0.682200,1.00,-1742.227,110.149,0.136166,0.514080
1403,2MWF,84.38,0.706600,1.00,-2180.923,130.510,0.134540,0.614780
1404,2MWJ,93.75,0.818300,1.00,-2404.231,244.752,0.099748,0.793950
1405,2MWK,94.44,0.824200,1.00,-2404.231,244.752,0.084265,0.809310
1406,2MWL,46.88,0.529300,1.00,-485.594,80.766,0.647459,0.252140
1407,2MWT,55.88,0.697400,1.00,-1512.385,193.000,0.873155,0.504250
1408,2MX4,85.00,0.705000,1.00,-3108.847,196.388,0.217030,0.742840
1409,2MXG,45.31,0.520400,1.00,-485.594,80.766,0.708608,0.250960
1410,2MXH,46.88,0.502300,1.00,-485.594,80.766,0.917762,0.170500
1411,2MXM,93.18,0.765300,1.00,-2153.584,170.100,0.104540,0.795790
1412,2MXO,90.44,0.688500,1.00,-2147.193,156.611,0.163534,0.723400
1413,2MXP,93.94,0.795400,1.00,-2653.604,134.475,0.188121,0.825550
1414,2MXQ,72.79,0.576000,1.00,-2005.041,203.543,0.240622,0.493990
1415,2MXV,66.28,0.574700,1.00,-2852.807,220.617,0.571340,0.551360
1416,2MYH,85.37,0.706900,1.00,-2453.034,344.192,0.189736,0.708640
1417,2MYL,90.00,0.698800,1.00,-1523.567,53.264,0.176108,0.402300
1418,2MYM,58.75,0.535500,1.00,-1431.468,54.117,0.411415,0.273600
1419,2MZ2,75.00,0.580000,1.00,-1042.542,47.942,0.284220,0.277050
1420,2MZ3,69.12,0.591100,1.00,-1042.542,47.942,0.361746,0.244690
1421,2MZ4,82.61,0.627200,1.00,-3953.722,135.510,0.189121,0.706050
1422,2MZ7,21.20,0.456400,1.00,-1206.641,298.773,1.116691,0.222980
1423,2MZA,70.59,0.554700,1.00,-1042.542,47.942,0.424409,0.315310
1424,2MZX,50.00,0.429300,1.00,-398.486,70.023,0.392614,0.239920
1426,2N0X,31.25,0.544300,1.00,-503.023,91.534,1.065923,0.176350
1427,2N16,71.25,0.512400,1.00,-1197.247,49.446,0.372339,0.265530
1428,2N1C,33.70,0.464300,1.00,-917.135,143.871,0.648618,0.151320
1429,2N1N,90.71,0.719100,1.00,-2489.641,151.087,0.125807,0.728660
1430,2N1P,61.67,0.655100,1.00,-1814.890,133.987,0.518764,0.435500
1431,2N1S,95.00,0.796100,1.00,-1871.611,87.720,0.142017,0.785910
1432,2N24,67.74,0.708600,1.00,-1809.208,191.245,0.589744,0.521920
1433,2N2C,40.70,0.629400,1.00,-2064.260,124.667,1.115901,0.325600
1434,2N2F,36.54,0.451600,1.00,-335.230,57.405,0.714118,0.175730
1435,2N2G,89.39,0.749100,1.00,-2170.828,185.247,0.161794,0.705420
1436,2N2S,53.91,0.550500,1.00,-2427.369,126.683,0.723515,0.381200
1437,2N3P,91.41,0.768800,1.00,-2072.932,157.707,0.165308,0.735430
1438,2N4K,43.60,0.405000,1.00,-2181.397,223.894,1.017202,0.338550
1439,2N4R,85.81,0.738300,1.00,-2550.692,143.118,0.383344,0.711540
1440,2N4S,84.46,0.719100,1.00,-2535.621,147.335,0.347873,0.700460
1441,2N4T,83.78,0.718800,1.00,-2514.256,156.328,0.290778,0.686690
1442,2N4U,83.11,0.699500,1.00,-2613.730,154.157,0.195628,0.658710
1443,2N4V,82.43,0.738600,1.00,-2474.478,181.998,0.439062,0.685830
1444,2N4W,87.84,0.766800,1.00,-2710.597,155.352,0.164795,0.745220
1445,2N58,49.17,0.559900,1.00,-2403.885,60.871,0.880934,0.333390
1446,2N5C,31.67,0.526100,1.00,-473.729,81.001,1.073672,0.146130
1447,2N5J,83.67,0.711400,1.00,-4655.787,139.135,0.162454,0.741970
1448,2N5K,78.45,0.636100,1.00,-1836.515,137.001,0.274476,0.513370
1449,2N5Q,78.70,0.597400,1.00,-1853.606,137.427,0.265779,0.465800
1450,2N5R,93.75,0.638100,1.00,-752.698,37.986,0.150005,0.584260
1451,2N63,32.81,0.488000,1.00,-485.594,80.766,0.785174,0.220630
1452,2N68,33.70,0.355400,1.00,-1120.040,85.203,0.888838,0.151580
1453,2N6B,88.24,0.711400,1.00,-2558.846,165.611,0.157570,0.668310
1454,2N6M,73.81,0.723500,1.00,-1333.263,25.051,0.235061,0.313460
1455,2N6N,85.94,0.722600,1.00,-1977.124,194.492,0.131268,0.598070
1456,2N6O,81.43,0.659300,1.00,-2534.390,196.142,0.288641,0.642070
1457,2N6U,31.25,0.387200,1.00,-1129.617,51.415,0.833506,0.200930
1458,2N6V,31.25,0.373300,1.00,-1255.380,108.889,0.747105,0.125180
1459,2N7F,70.31,0.593700,1.00,-2884.281,171.228,0.308047,0.472940
1460,2N7I,64.86,0.686900,1.00,-2810.008,96.085,0.327127,0.539870
1461,2N85,81.71,0.763300,1.00,-2484.356,123.692,0.168439,0.642690
1462,2N8B,59.03,0.541900,1.00,-2400.270,136.076,0.402934,0.420980
1463,2N8E,74.26,0.617100,1.00,-1639.649,227.302,0.345886,0.514200
1464,2N8H,77.14,0.630200,1.00,-2170.133,155.433,0.243156,0.565650
1465,2N8S,83.97,0.741500,1.00,-2345.087,234.319,0.301003,0.692640
1466,2N8U,72.44,0.648600,1.00,-1923.278,177.339,0.417911,0.574930
1467,2N92,54.84,0.506100,1.00,-1723.756,96.709,0.712785,0.395570
1468,2N94,78.65,0.720800,1.00,-3068.264,239.519,0.346477,0.694140
1469,2N95,71.43,0.625400,1.00,-3098.762,213.877,0.326967,0.583420
1470,2N9C,46.25,0.445600,1.00,-651.200,83.662,0.602073,0.138690
1471,2N9M,43.75,0.536900,1.00,-485.594,80.766,0.766715,0.240120
1472,2N9N,45.31,0.499300,1.00,-485.594,80.766,0.712461,0.212330
1473,2N9O,80.36,0.739800,1.00,-2942.816,267.615,0.329659,0.746290
1474,2N9T,79.17,0.619400,1.00,-1867.623,179.812,0.236626,0.496540
1475,2N9Z,78.57,0.732800,1.00,-2422.903,214.001,0.491588,0.667060
1476,2NA3,87.50,0.609600,1.00,-898.756,25.068,0.186663,0.529220
1477,2NA8,57.39,0.628900,1.00,-3459.625,182.453,0.607109,0.534440
1478,2NA9,56.25,0.667700,1.00,-4043.521,101.062,0.501618,0.645470
1479,2NAB,71.34,0.688300,1.00,-2734.658,278.733,0.733849,0.593480
1480,2NAE,31.98,0.499500,1.00,-1912.569,217.330,0.670424,0.262700
1481,2NAJ,88.64,0.704700,1.00,-2012.445,228.628,0.182182,0.690900
1482,2NAL,89.58,0.640700,1.00,-730.197,29.454,0.182819,0.412240
1483,2NAT,40.18,0.530900,1.00,-2097.116,86.822,0.820712,0.254050
1484,2NAU,67.86,0.577300,1.00,-1696.278,58.727,0.357513,0.405230
1485,2NAW,43.59,0.500200,1.00,-2925.343,189.222,0.700102,0.362750
1486,2NB2,88.16,0.722600,1.00,-3391.421,93.741,0.157092,0.750460
1487,2NB5,86.76,0.639800,1.00,-792.205,81.099,0.170308,0.364510
1488,2NB6,85.94,0.708500,1.00,-763.603,95.662,0.178570,0.300370
1489,2NB7,79.41,0.704800,1.00,-911.875,43.101,0.425456,0.463750
1490,2NB8,63.89,0.626200,1.00,-1555.497,195.133,0.782955,0.487050
1491,2NB9,84.18,0.731600,1.00,-3281.416,246.296,0.321731,0.766570
1492,2NC3,93.94,0.829400,1.00,-2191.903,133.678,0.093420,0.777450
1493,2NC4,90.15,0.802600,1.00,-2191.903,133.678,0.138295,0.727280
1494,2NC5,95.45,0.805900,1.00,-2191.903,133.678,0.095359,0.828910
1495,2NC6,95.45,0.832000,1.00,-2191.903,133.678,0.132531,0.816350
1496,2NC7,77.78,0.661800,1.00,-950.812,74.220,0.213428,0.264100
1497,2NCS,75.00,0.718400,1.00,-2659.311,75.805,0.262535,0.542050
1498,2NCT,80.56,0.689700,1.00,-2659.311,75.805,0.357292,0.630920
1499,2NCU,61.90,0.585200,1.00,-1457.572,38.636,0.440648,0.226760
1500,2NCV,57.14,0.558800,1.00,-1474.660,58.391,0.633084,0.249390
1501,2NCW,55.21,0.607700,1.00,-1746.001,54.723,0.542507,0.324440
1502,2NCX,81.25,0.784300,1.00,-1656.773,53.919,0.198791,0.439770
1503,2NCY,67.71,0.659600,1.00,-1570.428,77.313,0.441839,0.382760
1504,2ND2,88.64,0.733200,1.00,-4001.328,122.735,0.126642,0.790010
1505,2ND3,98.03,0.797100,1.00,-2934.656,182.314,0.068936,0.875790
1506,2ND6,73.53,0.628200,1.00,-1126.046,52.486,0.248150,0.269070
1507,2ND7,72.06,0.626700,1.00,-1126.046,52.486,0.344509,0.303220
1508,2ND8,69.12,0.554200,1.00,-1126.046,52.486,0.414345,0.303140
1509,2NDB,63.27,0.526400,1.00,-2806.226,224.955,0.351473,0.574730
1510,2NDC,68.06,0.585700,1.00,-966.369,31.788,0.414231,0.318050
1511,2NDE,52.78,0.518000,1.00,-994.149,44.271,0.502021,0.190000
1512,2NDI,52.17,0.458200,1.00,-2657.156,328.353,0.573864,0.371300
1513,2NDK,48.44,0.677400,1.00,-2681.950,101.563,0.764461,0.392050
1514,2NDL,81.25,0.721200,1.00,-906.616,66.689,0.206897,0.307660
1515,2NDM,57.69,0.497300,1.00,-620.729,47.513,0.367366,0.345660
1516,2NDN,87.50,0.730300,1.00,-790.419,47.156,0.149142,0.313400
1517,2NOR,57.50,0.462100,1.00,-366.826,62.913,0.337376,0.331220
1518,2NOU,42.50,0.445500,1.00,-315.578,66.066,0.399531,0.282090
1519,2NR1,80.56,0.733000,1.00,-1637.624,67.993,0.211110,0.521070
1520,2NS4,48.21,0.530400,1.00,-334.088,61.594,0.640954,0.211920
1521,2NVJ,53.00,0.502000,1.00,-1614.183,208.748,0.459294,0.204610
1522,2NX6,55.56,0.550000,1.00,-1550.706,161.691,0.578645,0.307740
1523,2NX7,49.11,0.526500,1.00,-1556.277,151.056,0.642759,0.233520
1526,2NZ3,61.88,0.564800,1.00,-3043.915,206.716,0.472418,0.444250
1527,2NZZ,37.16,0.470700,1.00,-2990.743,52.321,1.227455,0.244350
1528,2O00,37.16,0.435300,1.00,-2990.743,52.321,1.048399,0.245930
1529,2O0S,62.50,0.544700,1.00,-675.205,30.999,0.328179,0.315930
1530,2OBU,50.00,0.654700,1.00,-2741.999,159.823,0.584191,0.397120
1532,2OJM,96.59,0.756600,1.00,-1431.942,40.104,0.068712,0.606710
1533,2OJN,70.45,0.608100,1.00,-1382.754,37.996,0.400963,0.373750
1534,2OJO,80.68,0.756300,1.00,-1613.902,44.181,0.181632,0.507790
1535,2OP7,48.08,0.461300,1.00,-2476.519,267.698,0.969605,0.342040
1536,2OQ9,47.92,0.603200,1.00,-831.545,129.145,0.572761,0.176790
1537,2ORU,75.00,0.652000,1.00,-999.139,92.504,0.288213,0.252900
1538,2OVN,85.29,0.657400,1.00,-1104.410,32.349,0.187807,0.545390
1539,2OYV,63.46,0.579300,1.00,-404.089,96.032,0.266705,0.230600
1540,2OYW,69.23,0.598200,1.00,-404.089,96.032,0.214024,0.146560
1541,2P4L,64.67,0.503800,1.00,-2790.371,320.022,0.392346,0.503340
1542,2P5J,51.47,0.532100,1.00,-579.273,126.181,0.492117,0.244560
1543,2P81,65.34,0.560400,1.00,-3406.157,92.431,0.493441,0.573290
1544,2PCO,73.08,0.648100,1.00,-1526.951,105.528,0.457263,0.570650
1545,2PDD,83.14,0.684700,1.00,-3723.853,124.214,0.269572,0.724820
1546,2PDE,32.56,0.368900,1.00,-3723.853,124.214,0.726243,0.361180
1547,2PJV,54.03,0.572400,1.00,-1015.678,80.321,0.657325,0.338920
1548,2PO8,72.79,0.652500,1.00,-1768.690,147.839,0.469833,0.552210
1549,2PPZ,77.08,0.599700,1.00,-3111.958,106.212,0.212053,0.586510
1550,2PTA,90.00,0.708000,1.00,-2364.979,168.525,0.180543,0.742120
1551,2PV6,62.50,0.573500,1.00,-2181.046,31.425,0.446830,0.333020
1552,2RLG,83.33,0.618400,1.00,-1192.020,31.160,0.270710,0.426940
1553,2RLH,83.33,0.654500,1.00,-1192.020,31.160,0.256984,0.427700
1554,2RLJ,67.19,0.561600,1.00,-777.449,31.074,0.392673,0.247630
1555,2RLW,58.82,0.597200,1.00,-1892.920,92.835,0.554188,0.421190
1557,2RMF,74.38,0.745600,1.00,-3092.712,100.255,0.318841,0.617530
1558,2RMG,48.68,0.672100,1.00,-2841.601,77.209,0.665515,0.338820
1559,2RMH,69.08,0.659400,1.00,-2635.112,74.018,0.439981,0.539910
1561,2RMV,50.00,0.384400,1.00,-2039.952,82.017,0.797361,0.277160
1562,2RMW,42.31,0.438900,1.00,-1514.893,144.488,0.576419,0.209330
1563,2RMY,51.47,0.604800,1.00,-1775.226,140.744,0.530823,0.406240
1564,2RMZ,81.40,0.687800,1.00,-3291.864,97.485,0.257259,0.680460
1565,2RN0,63.95,0.718500,1.00,-3291.864,97.485,0.486205,0.597630
1566,2RND,48.53,0.625500,1.00,-1775.226,140.744,0.546824,0.407670
1567,2ROO,74.42,0.633600,1.00,-2843.301,222.022,0.251199,0.596920
1568,2RPS,57.03,0.618300,1.00,-1449.618,150.919,0.685127,0.389230
1570,2RQ2,73.33,0.612500,1.00,-2196.145,51.922,0.399873,0.508030
1571,2RQZ,81.58,0.723000,1.00,-2668.484,170.100,0.194417,0.665300
1572,2RR0,75.00,0.639800,1.00,-2668.484,170.100,0.237900,0.551840
1573,2RR2,80.26,0.649000,1.00,-2668.484,170.100,0.192512,0.616160
1574,2RRH,78.45,0.729000,1.00,-2229.912,66.308,0.210658,0.520010
1575,2RRI,68.10,0.684600,1.00,-2229.912,66.308,0.305074,0.448430
1576,2RRS,38.89,0.482600,1.00,-735.709,113.413,0.666146,0.217950
1577,2RSH,79.73,0.667100,1.00,-2200.137,174.404,0.257710,0.633460
1578,2RSW,56.94,0.534900,1.00,-840.981,97.421,0.386133,0.206100
1579,2RT4,56.00,0.600000,1.00,-1050.901,107.872,0.781321,0.343570
1580,2RTY,93.33,0.762900,1.00,-1925.949,113.018,0.090009,0.758440
1581,2RTZ,87.07,0.667900,1.00,-2098.119,126.041,0.160770,0.611460
1582,2RU0,79.86,0.640600,1.00,-2626.119,176.463,0.224560,0.625910
1583,2RUM,39.47,0.475500,1.00,-815.703,117.572,0.713578,0.213130
1584,2RUN,61.11,0.524800,1.00,-1399.878,80.867,0.451813,0.309040
1585,2RUO,75.00,0.615700,1.00,-988.000,57.639,0.344923,0.414120
1586,2RUT,80.56,0.798600,1.00,-2256.715,171.640,0.506198,0.676780
1587,2RUU,81.94,0.784200,1.00,-1957.536,152.204,0.316553,0.666640
1588,2RUV,79.05,0.802500,1.00,-2200.137,174.404,0.646761,0.704400
1589,2RUW,77.70,0.790800,1.00,-1893.559,162.210,0.478369,0.655110
1590,2RUX,78.47,0.690500,1.00,-2052.192,170.850,0.387154,0.635350
1591,2RUY,76.35,0.762900,1.00,-2182.307,168.074,0.420804,0.589430
1592,2RUZ,80.26,0.852300,1.00,-2178.039,132.565,0.469070,0.713630
1593,2RV0,80.41,0.805400,1.00,-2249.663,158.566,0.562909,0.695960
1594,2RV1,81.76,0.758400,1.00,-2379.717,174.381,0.462819,0.690460
1595,2RV2,82.64,0.790000,1.00,-1800.848,196.382,0.412414,0.725610
1596,2RV3,72.22,0.783700,1.00,-1480.004,123.615,0.584897,0.615480
1597,2RV4,79.05,0.777000,1.00,-1923.245,186.255,0.415813,0.680770
1598,2RV5,85.00,0.811500,1.00,-2048.568,164.825,0.343373,0.747450
1599,2RVD,100.00,0.723400,1.00,-460.115,34.995,0.053529,0.511900
1600,2SH1,45.83,0.444500,1.00,-2590.404,281.900,0.902659,0.447030
1601,2V1V,86.21,0.719900,1.00,-1860.775,193.617,0.141442,0.547760
1602,2VY4,68.92,0.591900,1.00,-2385.786,112.894,0.399351,0.540670
1603,2VY5,70.27,0.601100,1.00,-2385.786,112.894,0.365086,0.559140
1604,2W0T,77.91,0.641800,1.00,-2879.085,183.095,0.318855,0.665130
1605,2W9O,55.43,0.474100,1.00,-2684.418,298.894,0.569121,0.448400
1606,2W9U,63.04,0.533400,1.00,-2345.637,396.077,0.491129,0.506350
1607,2W9V,29.55,0.317300,1.00,-2708.387,281.035,1.187298,0.308080
1608,2W9W,60.80,0.553700,1.00,-2169.545,333.120,0.504597,0.477060
1609,2WH9,86.11,0.720100,1.00,-2562.411,156.589,0.219815,0.703160
1610,2WXC,85.64,0.695500,1.00,-3772.591,165.114,0.204183,0.749750
1611,2XL1,68.75,0.627000,1.00,-1587.624,85.582,0.800957,0.476350
1612,2YRH,67.61,0.736000,1.00,-1848.366,221.380,0.869989,0.588410
1613,2YRJ,64.13,0.751800,1.00,-2047.763,247.694,0.995133,0.567440
1614,2YRM,69.19,0.742300,1.00,-2166.904,199.038,0.569636,0.582530
1615,2YSB,73.47,0.812000,1.00,-2790.383,311.612,0.669830,0.682660
1616,2YSC,80.13,0.762300,1.00,-2384.183,153.491,0.276247,0.628610
1617,2YSF,86.88,0.765900,1.00,-2418.890,164.599,0.373127,0.744020
1618,2YSG,76.88,0.712800,1.00,-2410.726,234.857,0.397314,0.646300
1619,2YSH,71.88,0.678000,1.00,-1903.804,209.994,0.554201,0.601860
1620,2YSI,78.75,0.771500,1.00,-2180.269,171.361,0.317991,0.639270
1621,2YSO,60.87,0.704600,1.00,-2401.417,218.271,0.772307,0.497780
1622,2YSP,63.04,0.733300,1.00,-2123.362,239.230,0.755565,0.555650
1623,2YSV,58.33,0.645000,1.00,-1905.425,212.770,0.788598,0.477270
1624,2YTA,68.90,0.757800,1.00,-1818.509,171.370,0.934256,0.600000
1625,2YTB,67.26,0.734000,1.00,-2049.778,158.154,0.584650,0.597390
1626,2YTD,75.54,0.743700,1.00,-1993.292,190.871,0.391681,0.643250
1627,2YTE,70.83,0.771300,1.00,-1890.002,210.492,0.747705,0.606460
1628,2YTF,60.33,0.753400,1.00,-2057.488,227.790,0.944010,0.556290
1629,2YTG,66.30,0.765800,1.00,-2124.544,233.309,1.089946,0.572820
1630,2YTH,57.07,0.753600,1.00,-1933.501,232.272,1.285316,0.530240
1631,2YTI,60.33,0.755200,1.00,-1963.551,214.688,0.768907,0.518550
1632,2YTJ,65.22,0.760000,1.00,-2214.068,233.774,0.723697,0.557030
1633,2YTK,64.67,0.727900,1.00,-2301.165,186.965,0.998610,0.572460
1634,2YTM,58.70,0.644100,1.00,-1892.117,224.542,0.848520,0.488700
1635,2YTN,61.96,0.716000,1.00,-1917.131,225.948,0.752390,0.531100
1636,2YTO,66.30,0.758500,1.00,-1950.509,235.019,0.699976,0.613270
1637,2YTP,64.67,0.746700,1.00,-2104.400,227.690,0.665766,0.544460
1638,2YTQ,60.87,0.715500,1.00,-2043.721,233.586,0.842782,0.512160
1639,2YTR,67.93,0.733800,1.00,-2033.391,215.477,0.634709,0.587020
1640,2YTS,68.48,0.769000,1.00,-2006.227,223.503,0.678412,0.585490
1641,2YTT,61.41,0.726500,1.00,-2360.455,200.909,0.967287,0.515140
1642,2YU5,67.05,0.721900,1.00,-2215.287,198.942,0.471469,0.530710
1643,2YU8,71.20,0.761400,1.00,-1979.915,248.948,0.736611,0.617020
1644,2YYF,38.33,0.484800,1.00,-613.151,58.827,0.724999,0.182120
1645,2Z3S,71.79,0.607100,1.00,-3138.042,196.268,0.250814,0.525130
1646,2ZAJ,68.37,0.698400,1.00,-2758.758,276.081,0.759883,0.597460
1647,2ZNF,88.89,0.680900,1.00,-715.817,96.915,0.152271,0.404310
1648,3BBG,71.88,0.619600,1.00,-3002.267,299.154,0.279585,0.556440
1649,3CMH,78.33,0.573700,1.00,-1055.702,29.797,0.346083,0.410660
1650,3CTI,95.69,0.762200,1.00,-1957.422,157.047,0.107556,0.781900
1651,3LEU,51.35,0.464600,1.00,-2028.037,166.294,0.856420,0.402710
1652,3MRA,84.00,0.733400,1.00,-1935.293,54.166,0.155924,0.495130
1653,3ZNF,82.50,0.683900,1.00,-2044.070,96.717,0.269488,0.604600
1654,4A24,85.64,0.704700,1.00,-3253.578,243.317,0.274783,0.777100
1655,4APD,47.58,0.503900,1.00,-1981.003,99.154,0.737608,0.362180
1656,4B19,73.33,0.724400,1.00,-2475.321,60.055,0.291396,0.488380
1658,4B2U,89.58,0.729500,1.00,-2581.911,173.674,0.195672,0.742060
1659,4B2V,90.62,0.752300,1.00,-2027.383,161.404,0.111337,0.698730
1660,4BMF,86.18,0.721300,1.00,-2383.042,218.565,0.166898,0.718020
1661,4CYK,76.22,0.714400,1.00,-2370.606,187.520,0.313447,0.624530
1662,4ZNF,83.33,0.662600,1.00,-2044.070,96.717,0.264915,0.587630
1663,5A4H,29.49,0.537800,1.00,-1475.934,278.504,1.478942,0.205040
1664,5AAY,89.17,0.753100,1.00,-2032.454,126.024,0.171458,0.689630
1665,5AAZ,83.59,0.730700,1.00,-2004.901,149.768,0.182674,0.625370
1666,5AHT,80.81,0.704300,1.00,-2726.928,239.935,0.356379,0.693920
1667,5FZV,82.03,0.752000,1.00,-2055.680,162.846,0.451527,0.715080
1668,5FZW,82.58,0.754700,1.00,-2185.997,161.093,0.552138,0.670660
1669,5FZX,76.39,0.623500,1.00,-2128.639,251.676,0.489935,0.632400
1671,5GSF,73.15,0.593700,1.00,-1871.125,146.753,0.225696,0.368040
1672,5GVO,37.50,0.399500,1.00,-869.913,137.703,0.799467,0.160630
1673,5H1H,57.81,0.554900,1.00,-514.963,126.136,0.640286,0.256900
1674,5H1I,38.89,0.449600,1.00,-602.810,88.164,0.726648,0.121650
1675,5H2S,76.00,0.677200,1.00,-1082.567,110.830,0.284707,0.462740
1676,5I1X,86.81,0.665100,1.00,-2257.077,241.216,0.179902,0.712230
1677,5I2P,90.97,0.677900,1.00,-2256.514,189.969,0.173565,0.762020
1678,5IJ4,90.82,0.810800,1.00,-3414.116,277.606,0.211320,0.816610
1679,5ION,90.52,0.735600,1.00,-1988.615,87.851,0.147411,0.653450
1680,5IPO,60.42,0.534400,1.00,-2662.850,427.288,0.652449,0.514020
1681,5J8T,76.60,0.630900,1.00,-2767.194,304.497,0.385803,0.658660
1682,5JHI,96.43,0.773000,1.00,-2535.682,155.383,0.086811,0.813700
1683,5JI4,95.95,0.814400,1.00,-2607.583,302.271,0.088364,0.856400
1684,5JPL,39.71,0.422900,1.00,-772.725,157.121,0.618770,0.143940
1685,5JPX,80.00,0.614100,1.00,-3369.985,199.788,0.194880,0.676480
1686,5JYH,72.16,0.581700,1.00,-3028.555,262.265,0.551981,0.640660
1687,5KGY,82.95,0.676500,1.00,-1621.905,74.150,0.231895,0.318190
1688,5KGZ,45.45,0.554600,1.00,-3127.774,136.687,0.617784,0.372830
1689,5KHB,83.33,0.667500,1.00,-1608.673,23.278,0.232252,0.389100
1690,5KI0,43.42,0.469300,1.00,-138.279,130.324,0.457514,0.122540
1691,5KKM,93.18,0.780500,1.00,-1389.592,93.149,0.139051,0.549630
1692,5KVN,94.44,0.757800,1.00,-1976.446,157.829,0.096035,0.720680
1693,5KWO,93.27,0.720500,1.00,-1983.075,102.546,0.143432,0.664450
1694,5KWZ,97.12,0.720300,1.00,-1805.503,111.621,0.075847,0.743820
1695,5KX0,69.23,0.484500,1.00,-2024.092,74.351,0.389202,0.443950
1696,5KX1,72.73,0.579600,1.00,-1221.041,93.663,0.233848,0.212890
1697,5KX2,55.56,0.407900,1.00,-1094.604,72.899,0.401335,0.151000
1698,5L1C,83.33,0.642900,1.00,-2177.548,231.681,0.222006,0.635540
1699,5L82,49.32,0.460700,1.00,-2568.445,189.479,0.684103,0.333460
1700,5LAH,37.78,0.384000,1.00,-2796.488,417.538,0.714220,0.293800
1701,5LBJ,90.71,0.784300,1.00,-2822.865,60.630,0.146657,0.756680
1702,5LCS,63.83,0.570200,1.00,-3271.634,358.971,1.003681,0.551420
1703,5LM0,93.75,0.730800,1.00,-2029.136,77.539,0.118091,0.735440
1704,5LME,73.26,0.631800,1.00,-2410.120,268.467,0.430117,0.592110
1705,5M9U,85.71,0.663900,1.00,-1287.512,93.682,0.128568,0.329180
1706,5N5A,27.70,0.508600,1.00,-1080.761,251.331,0.791321,0.289650
1707,5N5B,41.07,0.586400,1.00,-1004.753,160.163,0.741298,0.211840
1708,5NAM,63.54,0.668100,1.00,-3720.049,140.042,0.595022,0.596640
1709,5NAO,74.29,0.757200,1.00,-2745.897,71.606,0.533301,0.690890
1710,5NDA,81.06,0.761600,1.00,-2171.515,106.768,0.174689,0.637600
1711,5NVB,46.67,0.524200,1.00,-374.872,83.619,0.447195,0.210770
1712,5OAP,79.17,0.699500,1.00,-773.375,75.592,0.303335,0.460720
1713,5T3M,83.57,0.648800,1.00,-2434.940,166.322,0.179926,0.673890
1714,5T42,42.55,0.592200,1.00,-3423.890,165.401,0.649975,0.398060
1715,5T4R,90.00,0.687100,1.00,-2428.721,220.165,0.234802,0.727310
1716,5T7Q,70.24,0.674300,1.00,-1212.840,73.502,0.678183,0.441550
1717,5TCZ,73.44,0.513500,1.00,-1895.908,171.636,0.290414,0.467330
1718,5TJ1,35.53,0.486200,1.00,-696.934,123.542,1.095174,0.179990
1719,5TX8,90.18,0.734000,1.00,-2229.626,69.659,0.192328,0.765500
1720,5UG3,75.00,0.574200,1.00,-936.251,77.481,0.269806,0.279050
1721,5UG5,68.42,0.542200,1.00,-951.729,94.144,0.489741,0.299650
1722,5UI6,29.17,0.485300,1.00,-443.525,85.196,1.476464,0.229230
1723,5UI7,34.21,0.525900,1.00,-599.408,131.545,1.067757,0.156540
1724,5UJG,77.08,0.603900,1.00,-1414.161,81.501,0.252450,0.384720
1725,5UJH,55.43,0.508500,1.00,-1309.464,107.690,0.434385,0.194710
1726,5UJQ,62.93,0.658100,1.00,-2097.367,32.732,0.606045,0.448020
1727,5UJR,65.91,0.609400,1.00,-2073.476,57.653,0.475897,0.416430
1728,5UKZ,47.73,0.432300,1.00,-2853.951,248.208,0.595481,0.387640
1729,5UOI,87.79,0.665300,1.00,-3840.329,128.321,0.178330,0.782690
1730,5UP5,85.62,0.649900,1.00,-3374.924,156.255,0.173143,0.694210
1731,5UY2,45.00,0.563600,1.00,-1185.005,67.017,0.539190,0.148030
1732,5UZL,33.33,0.551100,1.00,-1453.636,273.973,1.275008,0.295810
1733,5V0Y,94.05,0.768000,1.00,-1441.115,160.922,0.113960,0.468590
1734,5V11,89.29,0.738000,1.00,-1186.795,94.295,0.111719,0.437240
1735,5V2B,55.00,0.583000,1.00,-1134.377,57.840,0.420261,0.095500
1736,5V4C,47.06,0.487800,1.00,-373.081,107.568,0.495428,0.130050
1737,5V4U,67.50,0.612600,1.00,-2664.924,80.121,0.316442,0.506170
1738,5VAV,87.50,0.703600,1.00,-611.494,59.609,0.113730,0.321010
1739,5VL6,33.82,0.444900,1.00,-305.674,134.921,0.672943,0.237780
1740,5VR5,55.00,0.525900,1.00,-1354.423,47.664,0.377257,0.187210
1741,5W9F,93.29,0.745700,1.00,-3350.547,150.380,0.102718,0.831200
1742,5WCV,98.28,0.775800,1.00,-1855.602,144.614,0.071383,0.792120
1743,5WE3,82.35,0.650200,1.00,-2468.965,241.664,0.193239,0.615290
1744,5WOD,82.89,0.697600,1.00,-3007.919,61.335,0.137893,0.662040
1745,5WOV,78.68,0.674400,1.00,-1970.167,161.483,0.341049,0.620860
1746,5WOW,71.79,0.620700,1.00,-2415.900,232.055,0.551775,0.589500
1747,5WRX,48.08,0.483200,1.00,-437.057,63.741,0.614425,0.228060
1748,5WUZ,65.12,0.571400,1.00,-3096.862,195.423,0.317702,0.481590
1749,5WXE,70.54,0.577600,1.00,-2049.198,126.874,0.272472,0.385540
1750,5WYE,39.06,0.486600,1.00,-485.594,80.766,0.822400,0.141230
1751,5X34,95.14,0.829800,1.00,-2404.231,244.752,0.091068,0.792140
1752,5X35,99.31,0.843700,1.00,-2404.231,244.752,0.059038,0.891910
1753,5X36,97.22,0.858000,1.00,-2404.231,244.752,0.068686,0.864870
1754,5X37,97.92,0.840600,1.00,-2404.231,244.752,0.071513,0.859310
1755,5X38,99.31,0.867000,1.00,-2404.231,244.752,0.056800,0.899980
1756,5X39,97.92,0.858300,1.00,-2414.066,169.315,0.070035,0.864080
1757,5X3C,97.22,0.822800,1.00,-2334.251,219.657,0.082337,0.830650
1758,5X3L,78.75,0.662300,1.00,-1171.600,72.278,0.244752,0.355180
1759,5XA6,71.71,0.586200,1.00,-2358.563,225.512,0.303340,0.552820
1760,5XBD,69.44,0.563600,1.00,-2184.493,184.849,0.291217,0.478050
1761,5XDI,43.75,0.404800,1.00,-2831.509,201.512,0.617346,0.313670
1762,5XDJ,91.67,0.787900,1.00,-1333.263,25.051,0.102707,0.493070
1763,5XEK,80.95,0.634400,1.00,-3355.368,183.617,0.267887,0.682970
1764,5XIV,50.00,0.522600,1.00,-978.896,101.287,0.746227,0.146570
1765,5XM4,38.24,0.526100,1.00,-577.611,63.147,1.194011,0.160240
1766,5XNG,95.59,0.792500,1.00,-1473.862,33.214,0.081150,0.598600
1767,5XO3,66.67,0.638200,1.00,-938.479,95.567,0.405528,0.213490
1768,5XO4,72.62,0.681600,1.00,-937.254,84.949,0.220606,0.225060
1769,5XO5,70.24,0.580200,1.00,-738.740,84.503,0.341755,0.197210
1770,5XRX,57.35,0.522100,1.00,-1473.862,33.214,0.572678,0.263410
1771,5Y0H,86.90,0.673800,1.00,-1062.668,129.210,0.208730,0.385630
1772,5Y0I,85.71,0.765900,1.00,-1292.611,131.533,0.160596,0.328550
1773,5Y0J,94.05,0.782500,1.00,-1254.706,86.653,0.090429,0.417070
1774,5Y22,80.68,0.702000,1.00,-1285.413,112.385,0.243898,0.430310
1775,5Y3U,80.68,0.691200,1.00,-1285.413,112.385,0.237157,0.352030
1776,5YKK,66.67,0.545200,1.00,-1183.906,51.839,0.411417,0.296210
1777,5YKL,60.53,0.553800,1.00,-1382.656,27.478,0.501567,0.255200
1778,5YKQ,64.47,0.538700,1.00,-1218.118,41.303,0.407642,0.273060
1779,5YZ6,90.31,0.707700,1.00,-4247.011,186.917,0.126793,0.802060
1780,5YZK,90.31,0.739500,1.00,-4281.792,233.098,0.116321,0.820020
1781,5Z1Y,47.62,0.537800,1.00,-913.461,62.175,0.706518,0.285950
1782,5Z26,54.17,0.537800,1.00,-884.207,26.748,0.574953,0.281320
1783,5Z2O,93.06,0.747000,1.00,-1098.799,34.573,0.168095,0.557000
1784,5Z31,45.83,0.500900,1.00,-681.352,98.502,0.606259,0.130220
1785,5Z32,38.89,0.461500,1.00,-607.059,118.160,0.730199,0.123320
1786,5Z5W,75.00,0.606100,1.00,-845.836,35.504,0.273159,0.433550
1787,5Z5X,70.83,0.563100,1.00,-1281.607,39.296,0.434170,0.380070
1788,5ZCN,33.33,0.408400,1.00,-1096.937,51.475,0.860140,0.124880
1789,5ZNF,95.83,0.774800,1.00,-1941.360,157.185,0.118964,0.782780
1790,5ZV6,82.50,0.702600,1.00,-1728.238,198.350,0.182560,0.522280
1791,5ZYX,61.25,0.600700,1.00,-1459.410,37.423,0.578781,0.291770
1792,6A5J,80.77,0.658900,1.00,-703.200,27.378,0.227128,0.396720
1793,6A8Y,30.77,0.459000,1.00,-976.277,278.743,0.946641,0.210020
1794,6AAB,70.24,0.658000,1.00,-937.254,84.949,0.661670,0.321410
1795,6AFQ,77.38,0.722200,1.00,-938.479,95.567,0.344461,0.370910
1796,6AHZ,55.71,0.642300,1.00,-1984.543,150.941,0.604124,0.382190
1797,6AK0,48.81,0.477400,1.00,-1365.615,115.757,0.538321,0.105290
1798,6AX2,76.09,0.630400,1.00,-2867.429,279.480,0.224558,0.641790
1799,6B3U,65.62,0.683900,1.00,-3215.207,131.746,0.475471,0.585160
1800,6B5W,30.26,0.477700,1.00,-696.934,123.542,1.119712,0.169040
1801,6B9K,60.00,0.608100,1.00,-294.408,34.038,0.372092,0.254990
1802,6B9W,80.88,0.669000,1.00,-2810.728,118.110,0.318553,0.636010
1803,6BAM,82.35,0.625100,1.00,-2634.410,144.606,0.244305,0.664070
1804,6BB6,84.56,0.672100,1.00,-2756.901,119.439,0.259186,0.664390
1805,6BEQ,55.00,0.522400,1.00,-276.468,50.309,0.545979,0.388670
1806,6BET,47.92,0.593400,1.00,-362.979,47.389,0.676914,0.223640
1807,6BEU,50.00,0.492600,1.00,-676.031,64.509,0.496441,0.219210
1808,6BI5,83.06,0.691600,1.00,-2502.493,120.524,0.308499,0.646630
1809,6BJF,100.00,0.659100,1.00,-968.538,25.148,0.070097,0.476950
1810,6BUC,93.75,0.784300,1.00,-2392.508,149.778,0.118819,0.815480
1811,6BVU,41.07,0.413700,1.00,-536.572,65.467,0.579375,0.196230
1812,6BVW,41.07,0.419800,1.00,-536.572,65.467,0.638427,0.210370
1813,6BVX,51.79,0.509600,1.00,-569.662,65.008,0.638964,0.179570
1814,6BX9,50.00,0.483800,1.00,-813.282,65.173,0.472596,0.153720
1815,6CEG,94.17,0.750100,1.00,-1606.337,155.797,0.129327,0.753390
1816,6CEI,91.41,0.802200,1.00,-1959.135,190.028,0.135195,0.742230
1817,6CEJ,58.93,0.493300,1.00,-546.549,39.443,0.359990,0.272520
1818,6CFA,80.26,0.673600,1.00,-999.605,45.955,0.229686,0.329350
1819,6CFB,64.52,0.607400,1.00,-1677.129,156.661,0.439906,0.472560
1821,6CGX,71.59,0.668100,1.00,-1163.672,150.322,0.685021,0.436660
1825,6CJ8,79.41,0.572600,1.00,-1226.746,40.573,0.217043,0.297150
1826,6CKD,88.89,0.714800,1.00,-2621.384,133.155,0.111710,0.718100
1827,6CKF,87.50,0.725400,1.00,-2621.384,133.155,0.148186,0.705780
1828,6CMH,58.33,0.563100,1.00,-1215.642,119.491,0.515742,0.340320
1829,6COO,76.47,0.625500,1.00,-1148.322,48.086,0.244278,0.348070
1830,6COP,89.71,0.619500,1.00,-1211.047,45.249,0.146369,0.367970
1831,6COQ,83.82,0.665900,1.00,-1350.802,46.883,0.162957,0.349020
1832,6COR,85.29,0.670600,1.00,-1100.680,33.734,0.210419,0.483740
1833,6COS,67.65,0.542700,1.00,-1226.746,40.573,0.351679,0.293590
1834,6COT,70.59,0.621900,1.00,-1283.597,29.730,0.311613,0.400180
1835,6COU,83.82,0.673700,1.00,-1264.236,27.948,0.296323,0.465610
1836,6COV,72.06,0.571300,1.00,-1283.597,29.730,0.408570,0.321380
1837,6COW,79.41,0.598100,1.00,-1226.746,40.573,0.234928,0.327000
1838,6CSK,85.53,0.719500,1.00,-1030.255,39.533,0.134316,0.377960
1839,6CSZ,86.84,0.716300,1.00,-1032.973,41.961,0.227798,0.524540
1840,6CT1,73.68,0.625700,1.00,-1238.206,64.827,0.351546,0.369900
1841,6CT4,81.58,0.619700,1.00,-1186.806,49.442,0.317797,0.449710
1842,6D3T,95.00,0.736700,1.00,-2066.318,111.612,0.091100,0.800880
1843,6D8H,94.53,0.787300,1.00,-2214.081,112.731,0.122561,0.797900
1844,6D8Q,95.97,0.787900,1.00,-2016.629,141.202,0.110738,0.830370
1845,6D8R,90.32,0.720100,1.00,-2203.239,139.623,0.134095,0.696590
1846,6D8S,94.35,0.726000,1.00,-2015.146,161.758,0.096665,0.719740
1847,6D8T,92.74,0.716300,1.00,-2205.832,125.318,0.112892,0.709890
1848,6D8U,96.77,0.740100,1.00,-2160.214,125.304,0.101684,0.805910
1849,6D8Y,88.71,0.746900,1.00,-1912.835,121.068,0.158509,0.696000
1850,6D93,95.16,0.762100,1.00,-2020.845,111.481,0.112148,0.765310
1851,6D9O,92.74,0.686100,1.00,-2207.360,105.835,0.147699,0.729730
1852,6D9P,91.94,0.751300,1.00,-2208.534,125.476,0.108526,0.716180
1853,6DHR,89.66,0.764700,1.00,-1951.355,172.156,0.226001,0.730580
1854,6DMZ,88.83,0.735300,1.00,-3271.940,254.114,0.122430,0.803450
1855,6DST,75.00,0.715900,1.00,-1754.730,58.464,0.284528,0.406540
1856,6DZ9,51.79,0.522900,1.00,-409.814,84.040,0.937541,0.141400
1857,6DZA,45.31,0.523500,1.00,-478.236,82.011,1.022760,0.150690
1858,6DZB,46.88,0.495000,1.00,-419.649,76.806,0.730591,0.242360
1859,6DZC,42.19,0.555400,1.00,-480.533,83.341,0.841728,0.229350
1860,6DZE,37.50,0.502500,1.00,-379.643,78.368,1.088791,0.202130
1861,6E1L,76.04,0.604000,1.00,-1424.019,116.034,0.282939,0.380100
1863,6EFE,74.07,0.634600,1.00,-2120.474,71.176,0.231060,0.399560
1864,6ENA,95.16,0.808200,1.00,-1918.750,225.486,0.094593,0.808370
1865,6F46,45.00,0.545000,1.00,-2558.319,66.916,0.857152,0.400910
1866,6F61,94.35,0.797700,1.00,-1966.568,128.908,0.128760,0.781220
1867,6FGM,100.00,0.740400,1.00,-667.844,29.506,0.060188,0.503920
1868,6FS4,62.10,0.617100,1.00,-2195.687,98.444,0.439398,0.576790
1869,6FS5,51.28,0.642000,1.00,-2800.466,130.721,0.653153,0.437720
1870,6G4I,69.79,0.713600,1.00,-1481.214,60.868,0.261096,0.370090
1871,6G4K,73.96,0.669400,1.00,-1481.214,60.868,0.271199,0.362300
1872,6G4U,58.33,0.680800,1.00,-1481.214,60.868,0.619559,0.368320
1873,6G4V,58.33,0.630500,1.00,-1650.401,52.359,0.516678,0.438440
1874,6G4X,56.25,0.621900,1.00,-1650.401,52.359,0.563314,0.360180
1876,6GIF,73.33,0.708000,1.00,-2010.923,85.715,0.307859,0.619520
1877,6GIG,68.33,0.704500,1.00,-2087.791,70.579,0.539294,0.512990
1878,6GIJ,78.33,0.628200,1.00,-724.116,22.465,0.279103,0.373620
1879,6GIK,61.54,0.540900,1.00,-824.945,23.041,0.334838,0.333390
1880,6GIL,44.23,0.516600,1.00,-681.912,22.690,0.455887,0.195020
1881,6GNZ,67.59,0.678400,1.00,-1629.446,56.148,0.411684,0.448420
1882,6GO0,80.77,0.711900,1.00,-1432.691,47.710,0.295532,0.602090
1883,6GS5,82.69,0.637600,1.00,-1114.975,21.932,0.235210,0.454540
1884,6GS9,90.62,0.747200,1.00,-891.798,32.965,0.131851,0.381220
1885,6HN9,63.64,0.596500,1.00,-1912.108,161.889,0.580837,0.462690
1886,6HT4,76.25,0.671300,1.00,-921.727,80.366,0.306994,0.248270
1887,6HZ2,72.22,0.698500,1.00,-1667.698,31.739,0.234381,0.427000
1888,6IHA,76.67,0.808300,1.00,-1864.587,54.131,0.241864,0.469260
1889,6ITH,66.46,0.723600,1.00,-3159.941,104.831,0.403798,0.676870
1890,6J12,43.75,0.506200,1.00,-2097.116,86.822,0.855997,0.312690
1891,6J9P,93.75,0.678600,1.00,-758.541,22.219,0.127767,0.413260
1892,6JI7,74.31,0.604900,1.00,-2890.159,163.695,0.263367,0.535260
1893,6JIC,59.03,0.445300,1.00,-2052.248,168.715,0.671501,0.487630
1894,6K4V,49.38,0.565100,1.00,-1693.876,310.260,0.677929,0.361260
1895,6K4W,38.33,0.405500,1.00,-2538.145,246.451,0.856312,0.312700
1896,6K50,80.00,0.657000,1.00,-3013.771,164.190,0.265989,0.673950
1897,6K51,81.25,0.648200,1.00,-2830.639,164.256,0.276373,0.697740
1898,6KLM,76.47,0.598900,1.00,-2420.231,182.678,0.277938,0.536520
1899,6KRA,70.45,0.558600,1.00,-2281.698,173.784,0.300289,0.537320
1900,6L8R,39.39,0.504500,1.00,-954.965,277.522,0.677435,0.231450
1901,6LF5,96.32,0.751600,1.00,-2540.009,138.325,0.087937,0.822310
1902,6M0Y,83.33,0.619200,1.00,-722.477,22.821,0.240320,0.543990
1903,6M19,41.67,0.469700,1.00,-701.142,69.970,0.717483,0.215110
1904,6M56,35.83,0.242200,1.00,-2147.182,151.072,1.346664,0.226330
1905,6M5C,76.28,0.657100,1.00,-2545.516,211.233,0.238595,0.592670
1906,6MBM,92.19,0.677700,1.00,-1124.698,25.749,0.137166,0.531760
1907,6MF8,48.37,0.554900,1.00,-3470.345,65.628,1.456269,0.426520
1908,6MJV,75.00,0.617400,1.00,-1571.608,158.221,0.236854,0.518960
1909,6MK4,93.33,0.712700,1.00,-1895.146,169.867,0.107612,0.717830
1910,6MK5,80.88,0.650000,1.00,-2463.726,226.216,0.243449,0.622240
1911,6MM4,87.12,0.707200,1.00,-2008.708,152.760,0.175872,0.687190
1912,6MW6,43.42,0.438300,1.00,-918.505,86.050,0.866878,0.215680
1913,6MZT,87.84,0.682900,1.00,-2600.691,163.661,0.165542,0.720230
1914,6NK9,83.59,0.662300,1.00,-1886.219,142.507,0.339638,0.653840
1915,6NOM,57.45,0.506900,1.00,-3490.336,208.304,0.566968,0.477250
1916,6NOX,57.14,0.415200,1.00,-655.050,62.391,0.437540,0.275270
1917,6NUG,84.38,0.657700,1.00,-1486.327,120.694,0.162010,0.400900
1918,6NW8,52.78,0.496000,1.00,-1427.436,189.516,0.619798,0.344400
1919,6O3Q,79.59,0.708900,1.00,-4035.456,151.580,0.296464,0.708370
1920,6O3S,78.19,0.654700,1.00,-3848.472,144.767,0.289550,0.692210
1925,6OBK,67.44,0.558400,1.00,-4732.828,137.398,0.299953,0.588360
1926,6OBW,60.29,0.511400,1.00,-1273.361,28.053,0.481815,0.269460
1927,6OC2,47.06,0.463800,1.00,-1260.230,28.724,0.444788,0.209710
1928,6OC4,63.24,0.541400,1.00,-940.006,49.256,0.430194,0.387600
1929,6OFA,91.67,0.745600,1.00,-2833.142,116.640,0.139511,0.745400
1930,6OLD,63.24,0.524300,1.00,-940.006,49.256,0.463959,0.255570
1931,6OQP,71.15,0.564900,1.00,-649.983,56.830,0.291601,0.212310
1932,6OTA,50.00,0.554400,1.00,-493.115,67.004,0.641606,0.236080
1933,6OTB,59.21,0.465500,1.00,-992.131,90.795,0.466731,0.265650
1934,6OVJ,69.23,0.550700,1.00,-555.202,61.551,0.336853,0.254480
1935,6PIN,95.83,0.808100,1.00,-1077.939,72.719,0.095130,0.513620
1936,6PIO,95.83,0.764100,1.00,-1061.684,90.057,0.083125,0.431350
1937,6PIP,95.83,0.815100,1.00,-1027.200,80.693,0.107654,0.568040
1939,6POR,33.93,0.460000,1.00,-1285.041,136.894,1.420526,0.190630
1940,6PPC,81.82,0.736000,1.00,-1708.324,156.909,0.233383,0.615950
1941,6PX7,78.68,0.678500,1.00,-1991.462,171.819,0.308837,0.585550
1942,6PX8,85.14,0.692400,1.00,-2771.106,135.457,0.274875,0.736770
1943,6Q1X,27.27,0.388800,1.00,-1367.621,272.140,1.361075,0.190550
1944,6Q5Z,63.79,0.506500,1.00,-1753.026,141.834,0.464019,0.386060
1945,6QAX,71.15,0.652400,1.00,-263.979,54.612,0.324126,0.352400
1946,6QB0,53.85,0.652000,1.00,-209.723,70.910,0.351769,0.239890
1947,6QB1,71.15,0.615100,1.00,-200.077,57.484,0.311626,0.239700
1948,6QES,87.50,0.745300,1.00,-3405.579,200.534,0.153914,0.753710
1949,6QET,73.21,0.645600,1.00,-2637.523,234.571,0.465104,0.586330
1950,6QJB,85.00,0.684300,1.00,-2477.898,182.872,0.200179,0.719120
1951,6QKF,86.11,0.726200,1.00,-1057.736,79.939,0.248869,0.406630
1952,6R2X,75.00,0.601400,1.00,-1891.392,35.604,0.347898,0.539570
1953,6R95,62.50,0.636600,1.00,-1529.195,57.424,0.419198,0.343640
1954,6R96,55.21,0.633900,1.00,-1529.195,57.424,0.617403,0.310240
1955,6RRL,89.58,0.636000,1.00,-780.957,40.880,0.213456,0.556540
1956,6RRO,93.18,0.641900,1.00,-575.261,20.409,0.085598,0.418810
1957,6RSF,53.00,0.465900,1.00,-1282.482,43.719,0.408905,0.216300
1958,6RSG,50.00,0.477100,1.00,-1165.983,55.003,0.626451,0.253720
1959,6RSM,75.00,0.521400,1.00,-618.412,20.344,0.280760,0.417940
1960,6RY9,50.00,0.539200,1.00,-1363.965,29.203,0.464772,0.212080
1961,6RYQ,53.75,0.466200,1.00,-1033.783,17.860,0.439648,0.173650
1962,6RZ1,42.71,0.531100,1.00,-1460.408,36.224,0.608434,0.173550
1963,6RZC,59.00,0.546800,1.00,-1371.255,73.527,0.374101,0.274270
1964,6S2D,52.08,0.579400,1.00,-1183.269,23.551,0.551434,0.241220
1965,6SAA,89.29,0.742700,1.00,-1550.440,136.250,0.134299,0.605780
1966,6SAB,64.71,0.517500,1.00,-2245.059,157.183,0.508289,0.447000
1967,6SFT,27.08,0.478100,1.00,-1272.022,284.204,1.311458,0.193710
1968,6SVC,84.29,0.736800,1.00,-2206.472,140.819,0.190290,0.626850
1969,6SVE,89.29,0.717300,1.00,-2206.472,140.819,0.151469,0.724040
1970,6SVH,90.00,0.746500,1.00,-2206.472,140.819,0.137717,0.721700
1971,6SY2,83.67,0.764900,1.00,-3805.136,254.030,0.271415,0.748560
1972,6SZF,25.00,0.323100,1.00,-2145.538,203.227,1.524778,0.168590
1973,6T33,27.84,0.348700,1.00,-2511.609,286.295,1.016737,0.232000
1974,6TVJ,35.00,0.476400,1.00,-326.503,49.637,0.619995,0.210280
1975,6TWG,88.46,0.684000,1.00,-893.193,31.085,0.224048,0.529680
1976,6U24,57.14,0.679600,1.00,-440.031,54.338,0.961167,0.280820
1977,6U6G,52.08,0.393000,1.00,-2459.753,172.435,0.870788,0.325690
1978,6U7Q,57.14,0.571400,1.00,-372.078,67.869,1.019954,0.197010
1979,6U7R,91.07,0.705700,1.00,-655.714,54.048,0.119460,0.424600
1980,6U7S,51.79,0.670100,1.00,-418.227,50.709,0.948846,0.273310
1981,6U7U,44.64,0.501700,1.00,-328.756,65.434,0.765222,0.197040
1982,6U7W,51.79,0.644900,1.00,-468.671,58.851,1.049329,0.260860
1983,6U7X,55.36,0.654700,1.00,-396.393,61.399,1.000062,0.251660
1984,6UCH,65.85,0.638900,1.00,-2291.730,174.667,0.640431,0.555970
1985,6V1N,55.88,0.517000,1.00,-1138.054,41.649,0.352252,0.235650
1986,6V6T,78.57,0.660400,1.00,-2404.415,210.898,0.278834,0.600540
1987,6VE9,46.43,0.446600,1.00,-1418.633,166.214,0.625505,0.251870
1988,6VGT,43.42,0.508200,1.00,-1676.697,154.098,1.043412,0.302320
1989,6VH8,75.69,0.661000,1.00,-3130.753,308.850,0.221295,0.546040
1990,6VLA,80.88,0.673700,1.00,-1082.007,56.565,0.159720,0.343310
1991,6VLJ,53.95,0.461200,1.00,-672.810,127.387,0.684962,0.162270
1992,6VNZ,88.71,0.732100,1.00,-2145.882,125.569,0.125028,0.648940
1993,6VPN,96.28,0.786300,1.00,-3355.521,258.863,0.079840,0.889790
1994,6VXG,25.00,0.336400,1.00,-1589.520,170.021,0.825349,0.265950
1995,6VY8,55.36,0.645800,1.00,-440.031,54.338,0.933399,0.238280
1996,6WQJ,76.43,0.649900,1.00,-3008.192,112.621,0.242529,0.569690
1997,6WQL,79.08,0.647900,1.00,-3838.786,129.569,0.326037,0.700170
1998,6X7I,84.82,0.725200,1.00,-2186.698,29.526,0.448180,0.695050
1999,6XCR,58.89,0.713400,1.00,-3009.287,163.648,0.934786,0.493280
2000,6XCU,66.67,0.701200,1.00,-3018.862,139.854,0.761910,0.618650
2001,6XN9,28.57,0.454800,1.00,-2064.576,346.852,1.052802,0.206330
2002,6XTH,47.22,0.462400,1.00,-864.842,106.702,0.525077,0.177420
2003,6XTI,32.35,0.399500,1.00,-552.841,63.004,0.980817,0.203310
2004,6XYH,90.00,0.701500,1.00,-2519.833,250.224,0.151198,0.772840
2005,6XYI,83.93,0.659800,1.00,-2479.346,243.395,0.186841,0.718610
2006,6Y1Q,44.64,0.400000,1.00,-957.981,27.560,0.722061,0.264840
2007,6YHF,70.00,0.684100,1.00,-1968.992,47.990,0.300221,0.478850
2008,6YHI,65.83,0.725100,1.00,-2296.675,50.788,0.421971,0.496300
2009,6YHO,64.17,0.706300,1.00,-2066.231,46.011,0.350731,0.461430
2010,6YHP,66.67,0.748100,1.00,-2114.635,25.273,0.387970,0.476060
2011,6YHX,76.67,0.725100,1.00,-1831.634,52.524,0.199736,0.497850
2012,6YJL,44.70,0.476800,1.00,-1869.200,156.769,0.680541,0.331870
2013,6YSE,92.93,0.746500,1.00,-4169.806,117.546,0.098964,0.856190
2014,6Z0G,47.96,0.581100,1.00,-2984.227,238.010,0.989531,0.424150
2015,6Z0H,66.84,0.713900,1.00,-3078.650,150.518,0.496778,0.581110
2016,6Z0I,49.49,0.589500,1.00,-2984.227,238.010,1.126877,0.495320
2017,7ALD,92.50,0.678000,1.00,-1142.083,112.772,0.099944,0.438090
2018,7ASY,57.58,0.635700,1.00,-2552.487,90.960,0.447229,0.461980
2019,7AT7,68.18,0.689100,1.00,-2486.419,101.353,0.554744,0.550670
2020,7ATB,68.18,0.650600,1.00,-2805.756,104.345,0.508644,0.552530
2021,7AY8,81.41,0.705500,1.00,-2253.625,193.965,0.245341,0.670150
2022,7B2F,58.87,0.623400,1.00,-2052.407,83.236,0.498988,0.420840
2023,7BW5,33.82,0.529900,1.00,-509.974,74.495,1.052530,0.187200
2024,7BWI,36.31,0.372800,1.00,-2914.378,209.911,0.904612,0.420530
2025,7BX2,87.50,0.691700,1.00,-743.265,23.398,0.108918,0.506760
2026,7BZ7,35.00,0.510700,1.00,-549.829,78.735,0.907754,0.224580
2027,7BZ8,45.00,0.409700,1.00,-1011.785,30.112,0.698990,0.062740
2028,7BZ9,36.67,0.504100,1.00,-573.701,56.237,0.941272,0.169730
2029,7BZA,41.67,0.412000,1.00,-954.722,34.923,0.694171,0.115810
2030,7CCN,77.94,0.694400,1.00,-645.110,106.360,0.202586,0.268760
2031,7CCO,80.88,0.729200,1.00,-645.110,106.360,0.165999,0.377670
2032,7CK5,72.32,0.683000,1.00,-1831.578,84.168,0.284517,0.531260
2033,7CKD,35.26,0.313900,1.00,-2735.270,298.559,0.838164,0.266290
2034,7CKE,60.26,0.521800,1.00,-2735.270,298.559,0.488435,0.433970
2035,7CSS,51.92,0.485400,1.00,-473.805,65.811,0.466699,0.191730
2036,7CU6,43.33,0.393800,1.00,-839.679,53.041,0.677377,0.152520
2037,7D13,72.44,0.703000,1.00,-2505.773,63.419,0.457097,0.608940
2038,7D16,44.23,0.545200,1.00,-2505.773,63.419,0.886077,0.413330
2039,7D37,59.62,0.491700,1.00,-473.805,65.811,0.380815,0.238930
2040,7DEH,76.61,0.637300,1.00,-1723.756,96.709,0.223870,0.465580
2041,7EDK,52.63,0.480300,1.00,-871.672,140.586,0.490055,0.204450
2042,7EES,33.75,0.462300,1.00,-626.896,117.871,1.318049,0.133790
2043,7ELY,46.15,0.485100,1.00,-1425.427,247.535,0.557291,0.201740
2044,7F32,70.83,0.677000,1.00,-1039.728,71.100,0.274978,0.251150
2045,7JIA,76.04,0.626700,1.00,-1206.670,97.336,0.235241,0.370830
2046,7JIY,93.75,0.746800,1.00,-1462.201,152.494,0.104377,0.555420
2047,7JNN,90.76,0.693000,1.00,-3710.600,216.275,0.140135,0.821030
2048,7JPM,75.00,0.657900,1.00,-2582.621,227.483,0.377798,0.621090
2049,7JS6,35.00,0.512200,1.00,-434.244,94.942,0.956994,0.143360
2050,7K1M,97.92,0.738300,1.00,-659.431,44.177,0.064545,0.517990
2051,7K7X,80.17,0.658200,1.00,-1936.715,144.615,0.294638,0.512280
2052,7KNN,70.31,0.607000,1.00,-910.069,55.089,0.346614,0.276250
2053,7KPD,77.59,0.635400,1.00,-2225.330,175.161,0.444824,0.532290
2054,7L53,44.64,0.364000,1.00,-1894.842,206.627,0.588910,0.194830
2055,7L54,40.18,0.356800,1.00,-1894.842,206.627,0.614131,0.205590
2056,7L55,38.39,0.307900,1.00,-1894.842,206.627,0.714669,0.202530
2057,7L7A,53.57,0.489300,1.00,-672.361,69.590,0.464571,0.247290
2058,7L83,51.35,0.682200,1.00,-2676.417,124.638,1.289531,0.436790
2059,7LCW,35.00,0.497100,1.00,-440.888,92.132,1.002595,0.115540
2060,7LGL,50.00,0.437900,1.00,-3024.586,262.249,0.893535,0.408690
2061,7LGV,60.42,0.603900,1.00,-3112.079,332.846,0.594624,0.497460
2062,7LHC,88.79,0.742000,1.00,-1785.911,151.975,0.218142,0.683500
2063,7LI2,43.18,0.498200,1.00,-918.662,126.741,0.895319,0.170390
2064,7LIF,51.14,0.494300,1.00,-918.662,126.741,0.802564,0.182560
2065,7LP4,70.21,0.535700,1.00,-3173.063,244.007,0.509565,0.571980
2066,7LQR,80.95,0.702900,1.00,-1309.581,89.102,0.178052,0.366910
2067,7LQS,75.00,0.543600,1.00,-835.939,58.111,0.331318,0.322680
2068,7LRW,65.48,0.518800,1.00,-1590.913,73.689,0.483021,0.277030
2069,7LSO,91.67,0.709800,1.00,-1154.280,24.370,0.083372,0.589060
2070,7LSP,87.50,0.716300,1.00,-1154.280,24.370,0.122258,0.505710
2071,7LT7,27.86,0.323200,1.00,-1678.583,291.894,1.493070,0.175020
2072,7LVE,70.74,0.590500,1.00,-3783.677,122.205,0.336572,0.539000
2073,7LVG,53.33,0.520700,1.00,-3433.317,114.733,0.643087,0.453440
2074,7LX4,71.95,0.583400,1.00,-2821.147,366.412,0.552007,0.577880
2075,7LZL,90.54,0.736200,1.00,-2460.149,140.152,0.152063,0.754200
2076,7M1D,51.56,0.457000,1.00,-3019.419,268.859,0.724346,0.434460
2077,7M1E,63.39,0.503300,1.00,-1791.911,105.701,0.645497,0.413830
2078,7M3U,37.96,0.318400,1.00,-1594.300,230.053,0.677509,0.174180
2079,7MJ3,27.84,0.403600,1.00,-2706.899,525.835,0.985272,0.245020
2080,7MY8,40.48,0.536400,1.00,-3014.489,120.486,1.132733,0.327490
2081,7N0T,78.12,0.624900,1.00,-735.337,53.295,0.200830,0.270290
2082,7N21,69.12,0.528700,1.00,-710.896,62.084,0.273304,0.262090
2083,7N23,73.53,0.585900,1.00,-710.896,62.084,0.255209,0.302090
2084,7N25,84.38,0.663700,1.00,-735.337,53.295,0.184416,0.271060
2085,7NIP,56.10,0.649400,1.00,-3209.535,149.148,0.733476,0.470920
2086,7NS1,87.10,0.795800,1.00,-2925.972,41.700,0.194822,0.677690
2087,7OB2,62.50,0.530000,1.00,-438.028,55.586,0.270042,0.441610
2088,7OD2,85.29,0.668800,1.00,-2457.756,178.479,0.145649,0.644290
2089,7OFM,77.50,0.699600,1.00,-1849.639,109.212,0.379127,0.561430
2090,7OFO,79.17,0.717000,1.00,-1849.639,109.212,0.262749,0.611210
2091,7OSC,76.04,0.727100,1.00,-1574.423,99.466,0.234999,0.323410
2093,7P3M,96.15,0.783700,1.00,-712.263,25.798,0.065654,0.647040
2094,7P4X,79.03,0.697100,1.00,-1828.377,116.928,0.221054,0.563800
2095,7P55,71.59,0.637000,1.00,-1837.248,34.945,0.234379,0.313150
2096,7P5G,34.00,0.524500,1.00,-902.189,149.187,0.638942,0.184720
2097,7P5Q,36.00,0.559100,1.00,-1057.967,152.209,1.010366,0.214740
2098,7P5S,41.00,0.561100,1.00,-1111.594,141.022,0.864218,0.194620
2099,7PH8,83.87,0.757300,1.00,-2540.374,73.295,0.193617,0.612580
2100,7PHT,83.33,0.735100,1.00,-2564.832,54.662,0.182328,0.546140
2101,7PL4,68.55,0.728000,1.00,-1860.835,73.064,0.346883,0.458260
2102,7PVB,61.41,0.522700,1.00,-3178.567,209.916,0.383698,0.454540
2103,7PVM,58.87,0.568300,1.00,-1226.665,148.849,0.719656,0.439070
2104,7QAL,43.57,0.720500,1.00,-1888.421,70.615,1.105850,0.358400
2105,7QAM,47.86,0.553900,1.00,-2009.279,111.494,0.720938,0.371490
2106,7QAO,48.57,0.684200,1.00,-1839.375,90.879,0.470009,0.344810
2107,7QAP,46.43,0.674600,1.00,-2012.550,131.509,0.640706,0.415130
2108,7QLF,60.29,0.436000,1.00,-705.493,55.197,0.396002,0.218700
2109,7QXJ,81.25,0.624900,1.00,-1782.847,73.001,0.211341,0.519150
2110,7RC7,70.31,0.532900,1.00,-2005.133,178.914,0.258479,0.532860
2111,7RC8,73.44,0.531000,1.00,-2005.133,178.914,0.266223,0.564000
2112,7RFA,80.17,0.657800,1.00,-1789.381,186.104,0.237482,0.540920
2113,7RN3,88.33,0.754200,1.00,-2059.347,203.030,0.136223,0.631790
2114,7S55,91.94,0.774000,1.00,-2175.594,169.993,0.100113,0.745690
2115,7S7P,92.26,0.794700,1.00,-2921.852,133.693,0.132057,0.823860
2116,7SAG,76.61,0.642400,1.00,-1750.631,136.211,0.363644,0.545240
2117,7SKC,86.03,0.682500,1.00,-2563.205,149.696,0.161101,0.674070
2118,7T6G,56.25,0.503500,1.00,-938.405,52.420,0.455995,0.251070
2119,7T7W,79.55,0.590000,1.00,-611.526,49.142,0.171492,0.310910
2120,7TB9,51.25,0.531500,1.00,-698.817,61.981,0.700910,0.202910
2121,7TH8,58.33,0.481400,1.00,-1971.051,174.763,0.648072,0.353040
2122,7UNX,77.78,0.640100,1.00,-2502.246,204.587,0.595948,0.631390
2123,7UV3,67.19,0.576800,1.00,-3844.769,119.360,0.584046,0.573090
2124,7V5E,51.39,0.430000,1.00,-1211.681,96.439,0.513868,0.155310
2125,7V5F,51.61,0.495300,1.00,-2650.032,172.710,0.500182,0.348580
2126,7VOZ,68.10,0.676900,1.00,-1626.402,72.891,0.337539,0.414190
2127,7VQH,43.06,0.506200,1.00,-607.059,118.160,0.767915,0.126370
2128,7VQI,37.50,0.494800,1.00,-607.059,118.160,0.693965,0.188670
2129,7W8K,47.00,0.480000,1.00,-1306.322,152.378,0.564813,0.233510
2130,7W8O,42.31,0.482000,1.00,-1634.375,178.170,0.619635,0.167070
2131,7W8R,60.58,0.484700,1.00,-1634.375,178.170,0.405061,0.220050
2132,7W8T,52.88,0.465000,1.00,-1281.388,176.160,0.516338,0.228810
2133,7W8Z,58.55,0.578400,1.00,-2456.172,189.671,0.551633,0.446690
2134,7W96,78.70,0.783400,1.00,-1119.937,111.941,0.187932,0.460460
2135,7WE3,35.48,0.443800,1.00,-1677.218,166.942,0.762613,0.264950
2136,7WEI,37.90,0.473600,1.00,-1677.218,166.942,0.707704,0.248290
2137,7Y7L,71.67,0.601200,1.00,-2905.226,253.783,0.276832,0.577520
2138,7YAB,67.05,0.536800,1.00,-2860.400,229.917,0.315449,0.542900
2139,7YFS,57.81,0.558000,1.00,-906.075,20.429,0.582936,0.244810
2140,7YHF,95.14,0.846100,1.00,-2482.373,199.335,0.087362,0.827720
2141,7YHG,96.53,0.879100,1.00,-2482.373,199.335,0.074531,0.854940
2142,7YHH,97.22,0.865900,1.00,-2482.373,199.335,0.071869,0.860410
2143,7YHI,98.61,0.849200,1.00,-2404.231,244.752,0.075562,0.829890
2144,7YRV,44.64,0.502100,1.00,-1928.885,167.543,0.597024,0.195940
2145,7YRW,38.71,0.371100,1.00,-1925.509,250.134,0.661108,0.246000
2146,7YRX,46.77,0.506400,1.00,-1613.979,254.260,0.907141,0.309990
2147,7YSS,73.21,0.552900,1.00,-877.986,36.315,0.414106,0.533750
2148,7YYI,79.31,0.664100,1.00,-2120.407,40.240,0.180922,0.478180
2149,7Z07,72.41,0.656100,1.00,-2244.036,65.292,0.249082,0.597460
2150,7Z08,66.38,0.687000,1.00,-2493.215,52.266,0.356629,0.499020
2151,7Z0B,86.21,0.773500,1.00,-2665.532,42.024,0.138767,0.652910
2153,7ZNF,86.67,0.730500,1.00,-1897.195,122.229,0.190260,0.606520
2154,7ZRF,41.67,0.444800,1.00,-989.241,45.361,0.892182,0.114450
2155,7ZRO,23.12,0.437200,1.00,-1886.531,177.309,1.476470,0.193790
2156,7ZRU,83.93,0.705400,1.00,-1781.762,104.228,0.259334,0.616720
2157,7ZWJ,36.76,0.542400,1.00,-435.938,114.749,0.878336,0.124060
2158,7ZZV,22.92,0.412100,1.00,-2094.927,194.543,0.960558,0.280740
2159,8A6I,30.36,0.411500,1.00,-2069.139,134.385,1.665880,0.240110
2160,8AHK,76.83,0.686400,1.00,-3107.984,239.590,0.222089,0.628360
2161,8B1L,79.17,0.651000,1.00,-1466.928,46.423,0.190858,0.442510
2162,8B1X,66.00,0.644800,1.00,-1313.025,74.853,0.667027,0.476380
2163,8B4R,83.75,0.670200,1.00,-1142.083,112.772,0.160932,0.333850
2164,8B6X,78.00,0.650500,1.00,-1873.040,42.861,0.263906,0.413560
2165,8B6Y,84.00,0.723800,1.00,-1873.040,42.861,0.162835,0.470110
2166,8B9Q,28.12,0.374100,1.00,-1627.801,241.610,1.454398,0.215970
2167,8B9R,31.88,0.426800,1.00,-1627.801,241.610,1.280553,0.220460
2168,8BOO,28.26,0.506800,1.00,-668.864,162.493,1.277272,0.143870
2169,8BVC,72.02,0.570900,1.00,-2938.500,200.206,0.287234,0.680450
2170,8BVZ,47.37,0.600300,1.00,-553.919,103.559,1.315822,0.158290
2171,8BWW,62.50,0.530300,1.00,-1518.034,44.368,0.422177,0.273340
2172,8CIQ,87.14,0.713400,1.00,-2485.907,164.150,0.162504,0.708540
2177,8CJT,85.71,0.703900,1.00,-2205.919,173.530,0.188681,0.644920
2178,8CM3,90.22,0.682700,1.00,-1442.149,121.389,0.217999,0.463400
2179,8DFZ,62.21,0.515300,1.00,-3597.139,211.077,0.446537,0.515080
2180,8DYM,33.62,0.470100,1.00,-837.261,234.100,1.860514,0.206570
2181,8DYN,40.62,0.536600,1.00,-962.434,165.317,1.076078,0.163800
2182,8EB1,63.54,0.514200,1.00,-1682.947,46.222,0.626444,0.346910
2183,8EF4,42.50,0.565300,1.00,-386.675,118.052,0.677214,0.136710
2184,8F04,55.26,0.603700,1.00,-773.329,109.141,0.543365,0.237150
2185,8FD4,81.62,0.618000,1.00,-2267.356,154.855,0.221675,0.613800
2186,8FEY,83.33,0.655300,1.00,-2330.796,173.970,0.198931,0.631970
2187,8G21,66.41,0.621500,1.00,-1660.051,158.256,0.467768,0.501260
2188,8GUC,34.03,0.455700,1.00,-2003.868,226.615,0.960786,0.203950
2189,8GVN,80.36,0.606100,1.00,-877.986,36.315,0.232808,0.409020
2190,8H0G,63.71,0.670400,1.00,-2063.388,111.584,0.354286,0.603120
2191,8H0U,85.48,0.708600,1.00,-2063.388,111.584,0.192879,0.568890
2192,8HJC,95.45,0.833900,1.00,-2632.250,163.847,0.083814,0.810720
2193,8HJD,98.48,0.838500,1.00,-2632.250,163.847,0.066468,0.851670
2194,8HR3,53.85,0.509600,1.00,-433.241,57.422,0.467294,0.302380
2195,8HR4,57.69,0.535900,1.00,-551.850,39.807,0.441852,0.265090
2196,8HVS,50.00,0.453300,1.00,-177.541,55.498,0.400282,0.281030
2197,8HZW,56.25,0.586300,1.00,-1021.824,33.051,0.613855,0.257240
2198,8IKQ,85.71,0.602700,1.00,-653.660,47.393,0.258594,0.423470
2199,8IL1,80.36,0.528200,1.00,-653.660,47.393,0.302581,0.180950
2200,8IL2,75.00,0.642300,1.00,-708.924,69.521,0.291656,0.334160
2201,8IL6,90.00,0.703400,1.00,-708.924,69.521,0.227202,0.456730
2202,8JB4,27.08,0.365400,1.00,-1516.592,110.869,0.924387,0.149120
2203,8K3M,36.76,0.499600,1.00,-566.911,97.422,0.813493,0.237480
2204,8K3N,35.29,0.540000,1.00,-566.911,97.422,1.016266,0.237370
2205,8OR5,71.67,0.638100,1.00,-1817.048,53.557,0.232512,0.426600
2206,8ORY,81.67,0.711600,1.00,-2217.123,60.119,0.147873,0.618920
2207,8ORZ,70.00,0.669200,1.00,-1581.968,41.294,0.331758,0.388610
2208,8OS0,75.00,0.772400,1.00,-1966.781,61.879,0.225193,0.479920
2210,8PWT,44.85,0.473800,1.00,-2735.737,89.197,0.769806,0.282030
2215,8QNT,34.18,0.629600,1.00,-3479.506,188.592,1.748474,0.264920
2216,8QTQ,70.59,0.628500,1.00,-2232.063,174.016,0.324517,0.503540
2217,8R89,37.50,0.396700,1.00,-822.448,72.933,0.593388,0.112010
2218,8RHS,48.96,0.472800,1.00,-3302.057,209.839,0.632589,0.418350
2219,8RPQ,69.44,0.770800,1.00,-2719.274,86.892,0.282347,0.475770
2220,8RQ6,71.77,0.706600,1.00,-2489.015,76.089,0.295048,0.497940
2221,8S9Y,33.33,0.458100,1.00,-1438.706,335.224,1.046759,0.216890
2222,8SED,79.05,0.638300,1.00,-2453.914,188.283,0.220335,0.605510
2223,8SEM,81.41,0.623500,1.00,-1929.495,216.645,0.384291,0.697140
2224,8SVB,30.83,0.495700,1.00,-1441.223,125.358,1.583368,0.222820
2225,8T01,88.46,0.722400,1.00,-785.925,22.089,0.116926,0.442000
2226,8T61,54.69,0.516700,1.00,-568.471,108.167,0.820711,0.200980
2227,8T62,59.38,0.496900,1.00,-399.205,110.042,0.643013,0.267310
2228,8T63,40.62,0.299700,1.00,-820.355,85.320,0.555780,0.089120
2229,8TFV,86.90,0.722300,1.00,-937.254,84.949,0.194533,0.392310
2230,8TV4,40.38,0.413400,1.00,-1114.975,21.932,0.561168,0.267780
2231,8TXS,48.44,0.514500,1.00,-494.481,91.627,1.009007,0.190920
2232,8TYI,85.34,0.753700,1.00,-1794.145,143.454,0.171361,0.598670
2233,8UKC,35.00,0.396300,1.00,-658.693,68.805,0.839216,0.225420
2234,8ULM,75.00,0.611700,1.00,-1971.051,174.763,0.268490,0.488720
2235,8UM1,55.95,0.613600,1.00,-3218.294,128.820,0.582489,0.450370
2236,8UM2,67.26,0.617500,1.00,-3218.294,128.820,0.585545,0.542000
2237,8UNG,81.71,0.642700,1.00,-3058.212,188.644,0.213857,0.675910
2238,8UWF,82.05,0.673400,1.00,-2407.154,219.547,0.249708,0.680770
2239,8UXR,38.04,0.412200,1.00,-1523.592,75.109,0.670520,0.165040
2240,8V2M,83.93,0.668400,1.00,-1865.883,133.615,0.211054,0.552770
2241,8V2V,25.61,0.433200,1.00,-2155.795,419.377,1.055596,0.205020
2242,8VU6,88.59,0.754000,1.00,-2920.479,271.023,0.248490,0.805170
2243,8VU7,93.33,0.789800,1.00,-3100.750,247.388,0.135270,0.828620
2244,8VU8,83.14,0.669300,1.00,-2594.525,313.984,0.167218,0.717520
2245,8VYC,48.86,0.423600,1.00,-960.001,126.791,0.586476,0.111970
2246,8W0Q,71.25,0.639800,1.00,-1242.607,103.022,0.340375,0.304050
2247,8W16,55.00,0.450200,1.00,-769.790,55.915,0.421202,0.171530
2248,8W17,61.67,0.480100,1.00,-768.030,59.469,0.408202,0.149580
2249,8W2V,28.21,0.425500,1.00,-1545.202,301.019,0.917616,0.237240
2250,8WGI,61.00,0.533200,1.00,-1451.108,159.444,0.507413,0.340720
2251,8WGJ,67.71,0.572000,1.00,-1381.229,99.062,0.253969,0.209810
2252,8WW0,39.84,0.329100,1.00,-1692.026,319.144,0.808488,0.203970
2253,8WW1,60.83,0.533200,1.00,-2332.358,126.184,0.529158,0.363390
2254,8X3N,67.19,0.513100,1.00,-729.383,71.590,0.366699,0.164140
2255,8X40,78.12,0.568400,1.00,-729.383,71.590,0.253950,0.283040
2256,8XTH,70.00,0.556900,1.00,-736.650,50.732,0.328255,0.238360
2257,8XTN,32.58,0.442000,1.00,-941.182,209.440,1.215101,0.235520
2258,8XTO,42.86,0.571300,1.00,-592.031,56.139,0.829948,0.165140
2259,8Y3S,52.27,0.550600,1.00,-326.677,32.448,0.434283,0.241990
2260,8YD6,26.67,0.362100,1.00,-1871.961,191.681,0.842887,0.196010
2261,8ZG2,50.00,0.496300,1.00,-213.789,48.304,0.590897,0.250890
2262,8ZG3,52.27,0.539100,1.00,-169.895,45.242,0.668911,0.211050
2263,8ZG4,45.45,0.493700,1.00,-259.440,58.135,0.604277,0.318160
2264,8ZP3,31.06,0.385600,1.00,-1117.163,212.106,1.319609,0.212700
2265,8ZUG,44.57,0.576700,1.00,-394.207,130.296,0.613565,0.167970
2266,9AZI,94.44,0.775100,1.00,-1688.201,108.444,0.140927,0.757210
2267,9BET,52.38,0.636700,1.00,-2279.932,203.651,0.615279,0.493430
2268,9BF4,67.74,0.558400,1.00,-2633.577,119.093,0.363188,0.412580
2269,9BHN,43.18,0.421000,1.00,-462.179,40.759,0.470987,0.319460
2270,9BV0,82.41,0.662300,1.00,-2101.538,152.986,0.145918,0.464770
2271,9BV4,74.31,0.636100,1.00,-3130.753,308.850,0.186411,0.532330
2272,9BVS,38.46,0.427700,1.00,-1132.011,27.724,0.508178,0.268940
2273,9BVU,46.67,0.431800,1.00,-1381.401,22.327,0.663236,0.241890
2274,9BVV,40.38,0.443500,1.00,-1090.488,39.797,0.497215,0.203310
2275,9CRB,71.43,0.556500,1.00,-1555.588,242.940,0.286187,0.407500
2276,9F1E,66.96,0.686600,1.00,-1399.756,119.309,0.458381,0.465950
2277,9F1F,73.72,0.687400,1.00,-2102.377,156.322,0.448720,0.613450
2278,9F1G,76.02,0.710200,1.00,-2860.371,144.321,0.359026,0.662360
2279,9FJN,88.89,0.738400,1.00,-1278.092,38.576,0.111086,0.563860
2280,9FJW,50.00,0.551900,1.00,-1825.501,237.112,1.118336,0.439140
2281,9G0M,91.00,0.772100,1.00,-1585.544,70.278,0.121395,0.581770
2282,9G0N,85.00,0.723400,1.00,-1585.544,70.278,0.170302,0.513230
2283,9G20,92.00,0.752000,1.00,-1585.544,70.278,0.152189,0.632690
2284,9G21,72.00,0.574200,1.00,-1585.544,70.278,0.295771,0.324440
2285,9G22,88.00,0.720200,1.00,-1543.290,84.785,0.157878,0.503140
2286,9G2N,88.00,0.714000,1.00,-1543.290,84.785,0.171979,0.520030
2287,9G2O,86.00,0.734600,1.00,-1543.290,84.785,0.160579,0.527590
2288,9G31,80.00,0.673500,1.00,-1543.290,84.785,0.178278,0.403470
2289,9G32,79.00,0.680700,1.00,-1543.290,84.785,0.203546,0.387370
2290,9G5P,87.00,0.716900,1.00,-1585.544,70.278,0.149185,0.453670
2291,9GDL,75.00,0.611400,1.00,-1611.692,60.248,0.281292,0.440360
2292,9GDN,79.00,0.676300,1.00,-1611.692,60.248,0.193303,0.505500
2293,9GDT,80.00,0.681200,1.00,-1611.692,60.248,0.227490,0.497190
2294,9GDU,80.00,0.665100,1.00,-1611.692,60.248,0.249652,0.517570
2295,9GE1,76.00,0.693900,1.00,-1611.692,60.248,0.237819,0.431830
2296,9GE9,79.00,0.676700,1.00,-1405.023,140.525,0.268846,0.435910
2297,9GEB,85.00,0.699000,1.00,-1405.023,140.525,0.142619,0.539180
2298,9GEC,82.00,0.717500,1.00,-1405.023,140.525,0.201153,0.502880
2299,9IKO,75.00,0.552400,1.00,-588.204,81.340,0.294753,0.282910
2300,9ILX,78.12,0.543400,1.00,-588.204,81.340,0.269525,0.284400
2301,9J5F,53.91,0.541100,1.00,-2235.673,159.744,0.526302,0.302380
2302,9J5H,74.29,0.668600,1.00,-2770.954,116.039,0.259896,0.554660
2303,9KAR,38.33,0.448700,1.00,-684.221,57.594,0.903221,0.202820
2304,9KK0,65.00,0.528700,1.00,-1257.485,177.186,0.288029,0.264190
2305,9L1M,45.83,0.474900,1.00,-223.119,47.673,0.600593,0.269960
2306,9NVH,72.86,0.641300,1.00,-1575.728,163.806,0.447193,0.552700
2307,9NWZ,31.25,0.460400,1.00,-695.873,119.550,1.197680,0.128560
2308,9NY3,28.75,0.375800,1.00,-809.050,80.765,1.102122,0.110390
2309,9UV5,60.00,0.485700,1.00,-345.045,70.185,0.395793,0.237740
