serial,pdb_id,gdt_ts,lddt,lddt_coverage,pred_dope,pred_molpdf,rmsd,tm_score
1,1A11,88.00,0.786700,1.00,-1860.128,43.268,0.136814,0.591250
2,1A3P,67.22,0.619100,1.00,-2894.066,244.788,0.395532,0.540090
3,1ACW,77.59,0.621900,1.00,-1920.477,161.283,0.196971,0.412870
4,1ADX,45.62,0.482700,1.00,-2389.977,284.491,0.693326,0.306510
5,1AG7,85.29,0.670300,1.00,-1820.961,252.263,0.267219,0.660120
6,1AGG,63.54,0.587300,1.00,-2783.219,276.450,0.747573,0.536390
7,1AGT,96.71,0.788600,1.00,-2855.519,193.365,0.079866,0.858740
8,1AHL,47.45,0.441600,1.00,-3433.567,275.600,0.557719,0.419090
9,1ALE,88.89,0.741200,1.00,-1453.568,25.782,0.185880,0.473150
10,1ALF,88.16,0.693600,1.00,-1554.219,55.229,0.141812,0.566270
11,1ALG,78.12,0.642200,1.00,-1350.659,66.360,0.395234,0.461560
12,1AMB,20.54,0.389200,1.00,-898.336,160.302,0.992361,0.188270
13,1AMC,20.54,0.398300,1.00,-898.336,160.302,0.990575,0.238520
14,1AML,23.12,0.357900,1.00,-1436.780,329.331,1.320335,0.254470
15,1ANP,30.36,0.430300,1.00,-1276.874,257.122,0.968387,0.200640
16,1ANS,46.30,0.441600,1.00,-1526.746,215.194,0.561178,0.232880
17,1AOO,41.88,0.448600,1.00,-2237.166,231.571,0.709785,0.287810
18,1APF,52.04,0.444800,1.00,-3446.437,357.545,0.544625,0.495300
19,1APO,83.33,0.710500,1.00,-2319.298,242.512,0.201744,0.701240
20,1AQG,70.45,0.572300,1.00,-446.718,38.442,0.334902,0.296200
21,1AQQ,41.25,0.456300,1.00,-2237.166,231.571,0.725373,0.296550
22,1AQR,38.75,0.448000,1.00,-2237.166,231.571,0.702940,0.282860
23,1ARD,92.24,0.722300,1.00,-2116.863,121.064,0.142281,0.699650
24,1ARE,93.10,0.738000,1.00,-2183.306,119.816,0.187991,0.765020
25,1ARF,90.52,0.719500,1.00,-2234.756,138.319,0.339104,0.723630
26,1ATX,51.63,0.478000,1.00,-2928.549,337.925,0.565198,0.476880
27,1AV3,86.11,0.653900,1.00,-1344.135,260.096,0.185292,0.564900
28,1AW6,82.56,0.703300,1.00,-2666.902,186.219,0.295905,0.674980
29,1AXH,93.24,0.778900,1.00,-2169.334,300.929,0.182787,0.801570
30,1AZ6,77.08,0.617200,1.00,-2186.204,189.666,0.218753,0.585680
31,1AZH,52.08,0.492500,1.00,-2186.204,189.666,0.508698,0.335630
32,1AZJ,91.67,0.754000,1.00,-2336.798,168.787,0.103761,0.751600
33,1AZK,75.00,0.678000,1.00,-2254.988,164.586,0.216147,0.547620
34,1B03,66.67,0.523900,1.00,-732.922,81.221,0.275892,0.207240
35,1B1V,80.43,0.592300,1.00,-1193.747,88.295,0.446657,0.421660
36,1B4G,33.33,0.362000,1.00,-1137.330,159.393,1.125782,0.169990
37,1B4I,25.00,0.401700,1.00,-1137.330,159.393,0.940144,0.151170
38,1B5N,79.35,0.572600,1.00,-1193.747,88.295,0.423859,0.396570
39,1B8W,81.55,0.715900,1.00,-2745.150,241.940,0.382180,0.701060
40,1B9P,75.74,0.697900,1.00,-2229.407,86.113,0.305770,0.532150
41,1B9Q,65.44,0.627200,1.00,-2229.407,86.113,0.390542,0.488440
42,1B9U,91.91,0.795400,1.00,-3019.457,69.487,0.191623,0.782060
43,1BA4,21.25,0.335700,1.00,-1436.780,329.331,1.306370,0.216380
44,1BA6,21.88,0.370400,1.00,-1436.780,329.331,1.311697,0.234090
45,1BAH,58.78,0.460200,1.00,-2508.442,157.078,0.702765,0.435700
46,1BBA,81.94,0.676400,1.00,-2809.469,104.839,0.262453,0.655590
47,1BBG,71.25,0.631700,1.00,-3141.338,209.044,0.385892,0.558890
48,1BDS,53.49,0.442200,1.00,-3405.262,237.521,0.531560,0.486090
49,1BEI,83.57,0.653500,1.00,-2762.734,184.327,0.161939,0.609990
50,1BF9,85.98,0.752000,1.00,-2517.251,218.666,0.189032,0.749740
51,1BGK,81.76,0.699700,1.00,-2996.047,196.293,0.138877,0.674370
52,1BH4,78.33,0.627500,1.00,-2096.130,254.761,0.208893,0.529910
53,1BH7,32.58,0.421500,1.00,-1844.505,171.470,0.782375,0.203550
54,1BHI,76.32,0.707600,1.00,-2064.915,149.630,0.388659,0.626870
55,1BIG,90.54,0.746500,1.00,-3022.827,160.657,0.102379,0.757920
56,1BJB,29.46,0.439000,1.00,-1025.925,136.449,1.044359,0.186330
57,1BJC,38.39,0.404400,1.00,-1112.387,160.482,0.625537,0.194180
58,1BL1,47.58,0.457600,1.00,-2253.360,115.535,0.632827,0.356070
59,1BM4,57.03,0.455500,1.00,-2569.945,120.049,1.125533,0.415750
60,1BMX,59.68,0.445400,1.00,-2560.990,103.562,0.705380,0.453120
61,1BNB,82.24,0.670500,1.00,-2913.561,239.945,0.205754,0.673770
62,1BOE,79.79,0.648600,1.00,-3298.366,263.621,0.220607,0.703960
63,1BQF,73.00,0.610100,1.00,-1241.779,203.842,0.292319,0.376030
64,1BRV,49.22,0.533400,1.00,-1946.082,233.010,0.819380,0.310060
65,1BWX,51.28,0.612600,1.00,-3201.566,69.530,0.582701,0.429260
66,1BY0,83.33,0.647600,1.00,-1831.628,75.668,0.264737,0.530760
67,1BY6,49.31,0.491600,1.00,-2559.283,67.254,0.544069,0.333010
68,1BZG,59.56,0.586100,1.00,-2440.890,52.636,0.508850,0.392750
69,1C2U,40.71,0.405100,1.00,-2458.749,191.823,0.658257,0.265520
70,1C49,92.14,0.727400,1.00,-2303.971,185.187,0.107866,0.751990
71,1C4B,50.00,0.395700,1.00,-658.939,51.160,0.558117,0.294740
72,1C4E,80.00,0.685800,1.00,-2038.371,273.976,0.187188,0.616080
73,1C55,86.25,0.675300,1.00,-3069.772,232.112,0.172322,0.707280
74,1C56,84.38,0.660700,1.00,-3069.772,232.112,0.165182,0.707020
75,1C6W,81.06,0.640500,1.00,-1516.015,162.870,0.198316,0.581830
76,1CBH,99.31,0.862900,1.00,-2243.973,172.711,0.054488,0.910220
77,1CCF,79.76,0.710100,1.00,-2319.298,242.512,0.178743,0.614180
78,1CCM,42.39,0.429900,1.00,-2673.167,377.140,0.797696,0.371360
79,1CCN,42.39,0.425200,1.00,-2673.167,377.140,0.753345,0.348290
80,1CE4,62.86,0.558200,1.00,-1616.360,164.593,0.446916,0.487210
81,1CFG,30.68,0.348800,1.00,-1127.342,156.047,0.915240,0.122830
82,1CFH,30.32,0.301200,1.00,-3922.524,210.985,1.282528,0.277890
83,1CFI,49.47,0.484300,1.00,-3922.524,210.985,0.674129,0.415610
84,1CHL,79.17,0.579500,1.00,-2517.733,176.364,0.204311,0.586740
85,1CIX,78.98,0.649000,1.00,-3247.549,225.810,0.193561,0.650030
86,1CKW,40.00,0.480600,1.00,-930.582,173.683,0.655031,0.221460
87,1CKX,45.19,0.444400,1.00,-1111.546,184.675,0.629476,0.207970
88,1CKY,41.35,0.481300,1.00,-1111.546,184.675,0.576133,0.188070
89,1CKZ,35.00,0.561000,1.00,-930.582,173.683,0.935767,0.163310
90,1CMR,85.48,0.645900,1.00,-2297.721,130.414,0.156550,0.596690
91,1CO4,68.45,0.649500,1.00,-2805.107,216.092,0.490874,0.553720
92,1CQ0,55.36,0.494400,1.00,-1712.820,130.484,0.637627,0.304420
93,1CR8,78.57,0.641400,1.00,-2222.663,213.165,0.259715,0.662460
94,1CSA,61.36,0.617800,1.00,-279.299,60.027,0.236445,0.258030
95,1CTI,88.79,0.730900,1.00,-1918.270,172.087,0.117861,0.620420
96,1CW5,41.67,0.505400,1.00,-2354.260,308.470,0.968217,0.347380
97,1CW6,58.11,0.510100,1.00,-2227.023,181.792,0.866918,0.424720
98,1CWX,28.41,0.409900,1.00,-1643.809,334.631,0.838997,0.287900
99,1CXR,38.04,0.380200,1.00,-3774.212,265.958,0.677486,0.330320
100,1CYA,50.00,0.571300,1.00,-279.299,60.027,0.487004,0.316730
101,1CYB,50.00,0.652600,1.00,-279.299,60.027,0.389917,0.184280
102,1CZ6,76.00,0.668400,1.00,-1121.640,147.595,0.288767,0.392020
103,1D0R,48.33,0.528000,1.00,-1947.725,67.102,0.640173,0.412500
104,1D1H,90.00,0.679700,1.00,-2466.405,222.092,0.188003,0.739880
105,1D2J,78.75,0.643500,1.00,-2261.374,188.263,0.241795,0.630330
106,1D2L,77.22,0.632800,1.00,-2390.738,280.354,0.351055,0.644000
107,1D5Q,100.00,0.837500,1.00,-1904.527,81.620,0.042369,0.873470
108,1D6B,84.52,0.683700,1.00,-3162.033,162.971,0.324758,0.743820
109,1D6X,84.62,0.599000,1.00,-576.127,56.669,0.169082,0.446770
110,1DEC,54.49,0.498800,1.00,-2418.184,222.857,1.001643,0.488150
111,1DEP,91.67,0.724200,1.00,-1069.936,53.584,0.154505,0.521440
112,1DF6,50.00,0.429100,1.00,-2102.555,160.425,0.603617,0.299830
113,1DFE,83.11,0.656900,1.00,-2305.337,165.770,0.414302,0.693160
114,1DFS,72.58,0.572900,1.00,-2059.233,160.682,0.249641,0.434940
115,1DFT,59.17,0.447500,1.00,-1725.060,181.668,0.410277,0.295910
116,1DGZ,80.41,0.670400,1.00,-2305.337,165.770,0.432291,0.648640
117,1DJF,90.00,0.723800,1.00,-723.507,34.101,0.248141,0.571900
118,1DKC,75.00,0.596400,1.00,-2286.975,181.534,0.230791,0.576660
119,1DL0,89.19,0.751400,1.00,-2538.892,134.927,0.149159,0.708810
120,1DMC,65.32,0.581300,1.00,-2142.176,168.753,0.379007,0.463890
121,1DMD,70.16,0.589900,1.00,-2142.176,168.753,0.370204,0.444630
122,1DME,49.11,0.454000,1.00,-1660.944,206.030,0.735033,0.277370
123,1DMF,47.32,0.477400,1.00,-1660.944,206.030,0.724851,0.258850
124,1DN3,90.00,0.744600,1.00,-723.507,34.101,0.214386,0.520720
125,1DNG,88.33,0.683700,1.00,-762.099,32.257,0.189956,0.535050
126,1DPK,36.25,0.451800,1.00,-300.509,98.200,0.551823,0.080790
127,1DPQ,31.25,0.463800,1.00,-260.790,124.334,0.915332,0.098320
128,1DSK,70.54,0.663800,1.00,-1883.055,126.607,0.328649,0.457010
129,1DSQ,88.10,0.692000,1.00,-871.524,141.601,0.232522,0.394700
130,1DSV,74.19,0.688900,1.00,-1465.911,151.898,0.213449,0.465480
131,1DTC,88.46,0.742600,1.00,-1845.844,59.551,0.240081,0.633730
132,1DU1,65.00,0.505300,1.00,-1279.550,38.163,0.500080,0.282410
133,1DU9,86.61,0.674300,1.00,-1518.240,135.288,0.135159,0.517080
134,1DV0,86.17,0.711800,1.00,-4878.503,174.174,0.241752,0.783190
135,1DVW,54.17,0.569100,1.00,-752.740,71.159,0.583504,0.254130
136,1DX7,57.81,0.598800,1.00,-3899.450,93.268,0.542751,0.567100
137,1E0G,80.73,0.654100,1.00,-4271.784,159.834,0.195862,0.702670
138,1E0L,83.78,0.751300,1.00,-2312.618,192.612,0.240262,0.671310
139,1E0M,84.46,0.746000,1.00,-2220.167,181.429,0.239120,0.679270
140,1E0N,87.96,0.686700,1.00,-1735.101,147.097,0.202445,0.579450
141,1E0Q,76.47,0.661900,1.00,-1062.431,69.952,0.195415,0.272720
142,1E4Q,81.08,0.699800,1.00,-2693.799,182.302,0.225378,0.645190
143,1E4R,73.57,0.578400,1.00,-2369.019,174.513,0.292885,0.550080
144,1E4S,74.31,0.605700,1.00,-2538.677,133.870,0.262284,0.569290
145,1E4T,75.68,0.604800,1.00,-2488.163,171.109,0.376120,0.565630
146,1E8P,89.67,0.740100,1.00,-3339.988,240.447,0.131971,0.792670
147,1E8Q,86.96,0.737900,1.00,-3339.988,240.447,0.191258,0.775360
148,1E9K,46.71,0.546100,1.00,-2610.021,119.006,0.559124,0.386110
149,1ED0,92.93,0.781600,1.00,-3373.185,172.258,0.103371,0.852640
150,1ED7,89.44,0.705900,1.00,-4191.671,243.356,0.137471,0.780980
151,1EDP,80.88,0.691100,1.00,-1191.380,54.457,0.233764,0.297060
152,1EDS,45.16,0.412100,1.00,-1788.458,169.526,0.778508,0.338050
153,1EDV,24.26,0.391800,1.00,-1315.481,292.293,1.030206,0.213380
154,1EDW,30.77,0.369700,1.00,-1469.464,154.984,0.787968,0.140260
155,1EDX,21.88,0.403600,1.00,-1864.422,318.827,1.104654,0.206440
156,1EGT,89.71,0.717800,1.00,-723.822,93.302,0.180680,0.416190
157,1EHS,54.17,0.592200,1.00,-3671.992,144.302,0.495742,0.467230
158,1EI0,96.71,0.845000,1.00,-3152.527,146.135,0.080482,0.840260
159,1EMX,76.67,0.564600,1.00,-1809.001,157.634,0.283754,0.467440
160,1EMZ,82.14,0.666900,1.00,-1351.506,37.810,0.235317,0.441930
161,1EQX,58.33,0.515900,1.00,-568.500,75.058,0.436525,0.173360
162,1ERC,89.38,0.739000,1.00,-3452.543,212.826,0.105231,0.775430
163,1ERD,37.50,0.427200,1.00,-2837.016,236.406,0.903152,0.354630
164,1ERP,37.50,0.378700,1.00,-2409.131,228.275,0.843167,0.297380
165,1ERY,39.74,0.435500,1.00,-2343.131,225.368,0.764330,0.271000
166,1ESK,63.69,0.635000,1.00,-1970.073,271.001,0.400212,0.540420
167,1EWS,77.34,0.607700,1.00,-2027.289,182.700,0.223161,0.688070
168,1EYO,89.17,0.754500,1.00,-1955.943,168.710,0.194220,0.665160
169,1EZE,67.11,0.651300,1.00,-2862.833,80.528,0.322235,0.450580
170,1F3K,88.46,0.674700,1.00,-1816.090,168.112,0.131857,0.573140
171,1F4I,90.56,0.706200,1.00,-4691.501,162.432,0.119431,0.813180
172,1F7E,78.80,0.749300,1.00,-2534.242,227.782,0.258720,0.689630
173,1F7M,79.35,0.751700,1.00,-2534.242,227.782,0.253788,0.671430
174,1F8Z,86.54,0.723900,1.00,-2081.294,192.791,0.231588,0.729440
175,1FAC,34.52,0.368400,1.00,-1098.427,132.736,0.741587,0.087670
176,1FCT,22.66,0.451600,1.00,-948.262,180.044,2.014118,0.124890
177,1FDF,52.00,0.572100,1.00,-1671.978,74.518,0.396553,0.209400
178,1FEO,89.42,0.696000,1.00,-1446.838,98.334,0.123662,0.566960
179,1FF7,76.09,0.709000,1.00,-2534.242,227.782,0.250534,0.627350
180,1FFM,83.70,0.754500,1.00,-2534.242,227.782,0.193827,0.724960
181,1FGD,79.17,0.662500,1.00,-823.370,91.277,0.169556,0.273400
182,1FGE,47.50,0.505100,1.00,-802.292,158.205,0.686997,0.101710
183,1FJN,89.10,0.737200,1.00,-2852.471,189.526,0.181316,0.759950
184,1FME,76.79,0.634000,1.00,-2038.257,161.761,0.239436,0.449470
185,1FMY,43.12,0.466600,1.00,-2237.166,231.571,0.761946,0.295630
186,1FQQ,73.17,0.622200,1.00,-3028.380,285.699,0.246524,0.599950
187,1FRE,41.07,0.373300,1.00,-3077.923,224.856,0.705065,0.346580
188,1FRY,42.24,0.525400,1.00,-1736.656,74.657,0.824981,0.227970
189,1FSB,85.62,0.748600,1.00,-2529.338,267.308,0.198961,0.714660
190,1FSD,82.14,0.638900,1.00,-2059.635,118.642,0.255113,0.547420
191,1FSV,79.46,0.646200,1.00,-2059.635,118.642,0.226097,0.557240
192,1FU3,88.89,0.722300,1.00,-1830.379,145.713,0.119327,0.555140
193,1FU9,81.94,0.700800,1.00,-2441.131,182.847,0.338768,0.675990
194,1FUL,50.00,0.425000,1.00,-451.432,54.619,0.410625,0.169090
195,1FUV,61.36,0.491100,1.00,-451.432,54.619,0.294820,0.269950
196,1FV5,70.83,0.636900,1.00,-2386.793,172.817,0.627588,0.556640
197,1FVY,46.77,0.608600,1.00,-2483.537,65.630,0.917783,0.341870
198,1FW5,72.50,0.650400,1.00,-1237.485,66.198,0.351985,0.343830
199,1FWO,56.43,0.484700,1.00,-2240.670,185.434,0.520677,0.351000
200,1FYG,88.00,0.640100,1.00,-1380.291,119.096,0.138982,0.466230
201,1G04,35.58,0.304300,1.00,-2008.190,148.418,0.653568,0.194320
202,1G26,60.48,0.610100,1.00,-2143.301,152.353,0.476581,0.348160
203,1G92,53.00,0.622700,1.00,-1764.443,54.446,0.724370,0.337960
204,1G9P,63.89,0.637400,1.00,-2404.554,269.088,0.523446,0.528880
205,1GEA,73.81,0.643800,1.00,-1421.063,70.266,0.340632,0.268870
206,1GIB,77.27,0.635200,1.00,-988.371,162.416,0.223042,0.305960
207,1GK5,68.37,0.586700,1.00,-3471.180,253.772,0.350759,0.568560
208,1GM2,45.45,0.496300,1.00,-329.867,62.613,0.648602,0.282860
209,1GNA,75.00,0.632100,1.00,-608.612,108.485,0.284151,0.269160
210,1GNB,46.15,0.523200,1.00,-608.612,108.485,0.482114,0.148750
211,1GNF,79.89,0.679500,1.00,-3171.206,191.582,0.315826,0.646890
212,1GP8,75.00,0.619000,1.00,-2828.993,87.070,0.449182,0.624140
213,1GPS,91.49,0.762000,1.00,-3120.797,186.966,0.144513,0.829440
214,1GPT,93.09,0.722600,1.00,-3050.563,206.474,0.120181,0.849920
215,1GUR,80.71,0.647500,1.00,-2038.371,273.976,0.181120,0.602550
216,1GW3,53.26,0.641800,1.00,-3476.038,125.092,0.504141,0.378500
217,1GW4,38.59,0.592300,1.00,-3476.038,125.092,1.127647,0.337620
218,1H20,75.64,0.579900,1.00,-2724.641,274.162,0.447205,0.609060
219,1H5O,82.14,0.638700,1.00,-2480.250,215.971,0.258771,0.686560
220,1H7D,35.20,0.429200,1.00,-2407.042,290.361,1.788378,0.240400
221,1H7J,44.23,0.425400,1.00,-1393.914,71.588,0.736741,0.248750
222,1HA9,83.82,0.763100,1.00,-1886.775,146.054,0.353907,0.703050
223,1HD6,39.19,0.509400,1.00,-2091.424,262.224,0.913253,0.288350
225,1HEV,94.77,0.768800,1.00,-3132.104,263.734,0.129858,0.862810
226,1HFF,57.50,0.561700,1.00,-268.545,48.982,0.272917,0.315260
227,1HJ0,33.54,0.547700,1.00,-2066.906,167.278,0.821477,0.319480
228,1HLL,78.12,0.675200,1.00,-2402.641,83.277,0.297659,0.563590
229,1HLY,92.95,0.730600,1.00,-2986.800,200.606,0.099861,0.800400
230,1HN3,22.50,0.290100,1.00,-2179.170,227.226,1.312520,0.210650
231,1HNR,62.23,0.566600,1.00,-3413.533,198.048,0.348005,0.496600
232,1HNS,57.45,0.503900,1.00,-3413.533,198.048,0.419838,0.478430
233,1HO0,55.83,0.449400,1.00,-2067.211,149.556,0.550097,0.279120
234,1HO2,93.75,0.823100,1.00,-1199.373,35.956,0.094263,0.475460
235,1HO7,81.25,0.713200,1.00,-1199.373,35.956,0.182581,0.397840
236,1HO9,65.62,0.589800,1.00,-2473.698,74.998,0.413644,0.441870
237,1HOD,62.50,0.598100,1.00,-2473.698,74.998,0.431618,0.358510
238,1HOF,67.19,0.575900,1.00,-2402.641,83.277,0.360438,0.406350
239,1HP2,94.59,0.771200,1.00,-2779.917,164.447,0.090853,0.809850
240,1HP3,81.25,0.656300,1.00,-1966.896,173.866,0.354124,0.641500
241,1HP9,82.95,0.630100,1.00,-1760.423,54.152,0.193576,0.288240
242,1HPH,45.95,0.571300,1.00,-3057.599,64.181,0.831252,0.397190
243,1HPY,61.03,0.630600,1.00,-2686.967,55.267,0.421452,0.371500
244,1HRL,78.26,0.615000,1.00,-1174.637,69.525,0.403940,0.411350
246,1HTX,86.72,0.691000,1.00,-2137.369,200.511,0.180929,0.651130
247,1HU5,87.50,0.703300,1.00,-1043.013,31.978,0.144925,0.332790
248,1HU6,66.67,0.599600,1.00,-893.202,29.966,0.403535,0.280090
249,1HU7,83.33,0.646100,1.00,-986.984,31.459,0.224545,0.395160
250,1HVW,98.00,0.819000,1.00,-1511.269,103.647,0.065309,0.756150
251,1HVZ,75.00,0.659900,1.00,-1108.012,84.864,0.329661,0.332760
252,1HY9,87.80,0.766500,1.00,-2685.118,162.503,0.161463,0.764740
253,1HYK,82.61,0.696900,1.00,-3533.329,283.193,0.189454,0.714250
254,1HZ3,26.92,0.516800,1.00,-773.773,159.829,1.065887,0.157180
255,1I25,42.57,0.420900,1.00,-1466.727,293.061,0.990389,0.370160
256,1I26,82.35,0.691700,1.00,-2218.933,175.421,0.205872,0.623190
257,1I2U,82.95,0.650000,1.00,-3048.810,282.179,0.300950,0.702170
258,1I2V,88.07,0.729500,1.00,-3254.749,214.231,0.147424,0.767060
259,1I6C,69.87,0.643200,1.00,-2210.608,239.893,0.483982,0.549760
260,1I8X,71.67,0.616200,1.00,-2153.028,120.660,0.427450,0.511630
261,1I8Y,80.36,0.642700,1.00,-1853.648,134.775,0.340350,0.537760
262,1IB9,77.94,0.687900,1.00,-1886.775,146.054,0.381567,0.593080
263,1IBN,31.25,0.409600,1.00,-551.977,106.975,0.588370,0.151900
264,1IBO,33.75,0.417200,1.00,-551.977,106.975,0.581418,0.179940
265,1IC9,34.48,0.453800,1.00,-1639.766,133.003,1.291472,0.320820
266,1ICA,67.50,0.573000,1.00,-2694.396,143.244,0.601444,0.511430
267,1ICL,33.62,0.610300,1.00,-1142.210,150.569,1.785828,0.195800
268,1ICO,37.93,0.501500,1.00,-1544.282,131.448,1.329155,0.351390
269,1ID6,41.67,0.452200,1.00,-832.777,78.774,0.556053,0.174160
270,1ID7,43.33,0.433500,1.00,-832.777,78.774,0.517678,0.158680
271,1IE6,81.06,0.669900,1.00,-1413.844,151.602,0.344647,0.604100
272,1IFY,77.04,0.660900,1.00,-4833.966,128.509,0.233948,0.689090
273,1IIJ,75.00,0.720900,1.00,-2621.572,65.044,0.312446,0.619620
274,1IM1,95.83,0.720000,1.00,-662.934,56.446,0.097110,0.545200
275,1IRR,76.09,0.546600,1.00,-1073.100,71.316,0.403720,0.412070
276,1IVA,67.71,0.616000,1.00,-2654.017,269.504,0.529642,0.544270
277,1IWC,38.97,0.510100,1.00,-1203.322,144.179,1.024384,0.332110
278,1IWF,25.74,0.446300,1.00,-1203.322,144.179,1.297921,0.268780
279,1IXA,87.18,0.703300,1.00,-2268.512,203.234,0.172324,0.710740
280,1IXT,84.26,0.698600,1.00,-1714.632,140.491,0.143265,0.492030
281,1IXU,54.17,0.617300,1.00,-414.389,41.449,0.600512,0.278850
282,1IYC,42.36,0.509100,1.00,-1608.203,219.552,1.000682,0.307300
283,1IYT,34.52,0.416800,1.00,-1872.779,242.887,1.312804,0.260230
284,1J4M,89.29,0.707500,1.00,-629.958,54.060,0.163116,0.472520
285,1J5J,93.06,0.774400,1.00,-2683.591,179.179,0.104430,0.788560
286,1J5L,76.67,0.667600,1.00,-2208.385,161.945,0.184745,0.487440
287,1J5M,45.54,0.470500,1.00,-1572.642,158.268,0.714157,0.219180
288,1JBL,91.07,0.810300,1.00,-594.957,64.143,0.128438,0.547790
289,1JBN,87.50,0.749100,1.00,-594.957,64.143,0.137627,0.453790
290,1JDM,69.35,0.628700,1.00,-3086.378,55.120,0.413057,0.504110
291,1JI9,53.38,0.511800,1.00,-2299.160,202.899,0.393507,0.383920
292,1JJZ,87.07,0.713100,1.00,-1851.291,169.556,0.251045,0.609860
293,1JKZ,88.59,0.738100,1.00,-3808.122,215.289,0.119232,0.802340
294,1JLZ,89.13,0.701500,1.00,-1122.632,149.319,0.170190,0.465810
295,1JMN,84.78,0.706400,1.00,-3307.262,149.187,0.157455,0.752850
296,1JMP,83.15,0.691600,1.00,-3221.383,167.698,0.189188,0.721560
297,1JN7,75.00,0.660600,1.00,-2646.204,179.318,0.495302,0.601350
298,1JO5,44.79,0.593400,1.00,-3899.450,93.268,1.157809,0.427520
299,1JO6,41.67,0.506400,1.00,-2958.017,143.908,0.943180,0.387210
300,1JRF,51.60,0.470600,1.00,-2220.531,295.892,0.778423,0.440050
301,1JRJ,78.21,0.752400,1.00,-2702.232,106.043,0.328653,0.643850
302,1JU8,72.97,0.639100,1.00,-2781.091,179.439,0.237117,0.532510
303,1JY9,77.50,0.641000,1.00,-586.377,95.151,0.248336,0.229950
304,1K0P,31.45,0.373400,1.00,-2011.579,162.941,0.710160,0.196740
305,1K18,33.06,0.373600,1.00,-2011.579,162.941,0.696885,0.222810
306,1K1V,90.85,0.695300,1.00,-3325.048,119.936,0.106956,0.794470
307,1K36,77.17,0.630200,1.00,-3595.874,273.114,0.200455,0.663690
308,1K37,75.00,0.628900,1.00,-3595.874,273.114,0.204337,0.628770
309,1K43,92.86,0.690900,1.00,-629.958,54.060,0.154007,0.528520
310,1K48,83.62,0.705200,1.00,-1851.291,169.556,0.254971,0.575560
311,1K7B,79.26,0.703500,1.00,-2358.206,263.438,0.340494,0.673310
312,1K81,67.36,0.538800,1.00,-2510.019,178.597,0.345140,0.468280
313,1K91,79.05,0.745000,1.00,-1630.520,178.065,0.213042,0.602420
314,1KAL,62.07,0.578300,1.00,-1752.318,157.824,0.319212,0.337720
315,1KBE,69.39,0.572600,1.00,-3470.742,229.353,0.314061,0.582870
316,1KBF,69.90,0.576600,1.00,-3470.742,229.353,0.317544,0.590060
317,1KDL,70.65,0.643500,1.00,-1701.159,51.437,0.375930,0.386070
318,1KGM,88.57,0.718500,1.00,-1862.712,167.322,0.116637,0.701570
319,1KIO,80.00,0.675800,1.00,-1885.175,177.443,0.307016,0.592030
320,1KJ0,74.29,0.654600,1.00,-1751.903,180.763,0.274622,0.513250
321,1KJ5,82.64,0.683900,1.00,-2538.677,133.870,0.178484,0.654360
322,1KJ6,70.56,0.565100,1.00,-2815.137,192.643,0.640111,0.579260
323,1KLR,92.50,0.772600,1.00,-2019.334,134.302,0.147854,0.746510
324,1KLS,89.17,0.713400,1.00,-1899.897,151.637,0.189607,0.706030
325,1KMR,81.67,0.664300,1.00,-943.778,29.723,0.333840,0.561010
326,1KOZ,77.08,0.628700,1.00,-2419.427,235.817,0.222383,0.557130
327,1KQH,78.95,0.638600,1.00,-2744.791,150.336,0.236221,0.648990
328,1KQI,80.26,0.676000,1.00,-2744.791,150.336,0.222851,0.630960
329,1KUW,75.00,0.660800,1.00,-296.660,37.198,0.360204,0.448130
330,1KV4,33.93,0.507500,1.00,-1706.517,263.832,0.949847,0.198860
331,1KWD,79.69,0.526100,1.00,-1024.086,63.942,0.205678,0.309410
332,1KWE,73.44,0.538800,1.00,-1024.086,63.942,0.235643,0.205310
333,1KX6,48.28,0.423300,1.00,-2148.541,98.534,0.507330,0.256610
334,1KZ0,79.69,0.557500,1.00,-1099.108,42.366,0.238262,0.347300
335,1KZ2,81.25,0.683100,1.00,-890.006,43.424,0.176668,0.329620
336,1KZ5,37.50,0.450800,1.00,-428.946,57.941,0.572040,0.142090
337,1L1K,53.75,0.566100,1.00,-503.875,146.392,0.579178,0.116190
338,1L2Y,98.75,0.814500,1.00,-1096.849,63.628,0.059190,0.571540
339,1L3Q,43.75,0.540100,1.00,-341.702,52.777,0.639447,0.174340
340,1L3Y,76.22,0.618500,1.00,-2616.736,222.758,0.276355,0.611220
341,1L4V,80.00,0.677100,1.00,-2766.932,151.738,0.198611,0.654540
342,1LA4,91.18,0.704600,1.00,-2184.519,268.037,0.136073,0.740510
343,1LB0,76.92,0.576900,1.00,-783.245,25.341,0.250192,0.377570
344,1LB7,87.50,0.692000,1.00,-882.301,82.422,0.156644,0.457890
345,1LBJ,80.68,0.662200,1.00,-1597.359,80.083,0.402638,0.527350
346,1LCX,78.85,0.606900,1.00,-783.245,25.341,0.246352,0.362560
347,1LDL,69.27,0.583600,1.00,-2764.070,201.069,0.327811,0.579950
348,1LDR,65.70,0.545200,1.00,-2363.325,174.933,0.339216,0.522630
349,1LFC,46.00,0.360800,1.00,-1531.793,99.194,0.592009,0.195920
350,1LGL,93.75,0.776000,1.00,-2683.591,179.179,0.100348,0.804730
351,1LIQ,43.52,0.555400,1.00,-1599.459,114.383,0.905522,0.301220
352,1LIR,88.51,0.730500,1.00,-2779.280,231.422,0.108879,0.747040
353,1LMM,67.50,0.615600,1.00,-2387.594,281.878,0.456393,0.507240
354,1LMR,71.43,0.645600,1.00,-2059.929,172.379,0.328823,0.549250
355,1LUP,79.03,0.596400,1.00,-2124.604,192.887,0.197078,0.502850
356,1LV4,35.71,0.463100,1.00,-748.975,131.134,0.767683,0.181910
357,1LVZ,84.09,0.601400,1.00,-468.064,44.935,0.229117,0.404360
358,1LYP,90.62,0.715000,1.00,-2353.752,74.121,0.122018,0.652450
359,1M02,52.08,0.489200,1.00,-459.120,49.852,0.414664,0.265970
360,1M0G,60.83,0.514300,1.00,-1749.311,262.072,0.379591,0.293740
361,1M0J,67.86,0.524400,1.00,-1880.051,203.042,0.361235,0.319100
362,1M23,92.31,0.661700,1.00,-785.931,27.233,0.090597,0.493770
363,1M25,54.81,0.406500,1.00,-2008.190,148.418,0.810715,0.336250
364,1M2S,82.43,0.650100,1.00,-2744.359,186.227,0.148673,0.655070
365,1M36,80.30,0.687700,1.00,-2470.738,141.319,0.371465,0.674770
366,1M4E,70.00,0.608700,1.00,-1257.549,95.573,0.264653,0.196410
367,1M4F,66.00,0.520900,1.00,-1425.584,124.968,0.341781,0.278490
368,1MA2,69.12,0.524400,1.00,-870.509,110.825,0.316081,0.255290
369,1MA4,44.12,0.475100,1.00,-634.448,140.494,0.955036,0.234800
370,1MA5,52.94,0.473900,1.00,-870.509,110.825,0.583084,0.208800
371,1MA6,45.59,0.518400,1.00,-634.448,140.494,0.691219,0.117590
372,1MB6,94.29,0.716200,1.00,-2437.874,212.161,0.098920,0.788100
373,1MEA,59.82,0.530100,1.00,-1327.134,175.012,0.471617,0.287470
374,1MED,58.04,0.533800,1.00,-1327.134,175.012,0.520268,0.275590
375,1MEQ,31.52,0.492500,1.00,-586.193,109.687,0.974286,0.188750
376,1MF6,52.08,0.474600,1.00,-306.900,86.303,0.448016,0.107660
377,1MGX,47.87,0.407500,1.00,-3922.524,210.985,0.715309,0.420430
378,1MHU,70.16,0.595800,1.00,-2077.962,223.506,0.264867,0.401140
379,1MKC,49.42,0.553700,1.00,-2181.220,267.288,0.641095,0.377750
380,1MM0,90.97,0.763000,1.00,-3068.534,189.969,0.115098,0.773200
381,1MMC,87.50,0.707600,1.00,-1959.296,142.797,0.155716,0.593730
382,1MOT,65.18,0.651900,1.00,-1428.233,55.677,0.569003,0.501460
383,1MPZ,39.02,0.422300,1.00,-2717.238,211.686,0.614909,0.250970
384,1MR0,82.35,0.603300,1.00,-2715.302,158.116,0.207000,0.599780
385,1MR4,90.96,0.779200,1.00,-3425.257,220.808,0.131891,0.812630
386,1MRB,74.19,0.615800,1.00,-2042.098,153.651,0.226675,0.456160
387,1MRT,63.71,0.529500,1.00,-2068.983,206.563,0.318457,0.335090
388,1MTQ,81.58,0.572300,1.00,-1250.952,58.899,0.346510,0.476020
389,1MTX,88.46,0.742800,1.00,-2941.369,191.603,0.136561,0.748700
390,1MXQ,52.27,0.525400,1.00,-421.833,68.257,0.391688,0.335500
391,1MYN,90.34,0.696700,1.00,-3190.495,237.137,0.146956,0.791150
392,1MYU,54.17,0.486400,1.00,-412.517,65.700,0.392632,0.331160
393,1MZI,50.00,0.517800,1.00,-783.245,25.341,0.372889,0.151870
394,1N0Z,69.44,0.654300,1.00,-2402.582,201.556,0.552786,0.584580
395,1N1U,93.97,0.779100,1.00,-1750.408,191.027,0.123604,0.712310
396,1N2Y,43.33,0.427400,1.00,-480.987,91.078,0.553503,0.179230
397,1N4N,96.28,0.814400,1.00,-3604.250,250.687,0.081842,0.897910
398,1N5G,33.55,0.337400,1.00,-2710.006,164.547,0.982679,0.259300
399,1N6T,60.00,0.499000,1.00,-334.642,26.176,0.365731,0.215190
400,1N8M,92.76,0.782600,1.00,-2678.233,152.959,0.144575,0.789580
401,1N9U,70.00,0.479300,1.00,-451.775,63.698,0.296559,0.301420
402,1NB1,97.41,0.812700,1.00,-1909.683,175.398,0.083776,0.768530
403,1NBJ,46.67,0.449900,1.00,-1824.420,161.936,0.648240,0.290680
404,1NBL,92.39,0.798200,1.00,-3557.132,200.924,0.103641,0.839590
405,1NC8,74.14,0.659000,1.00,-1309.854,127.984,0.499716,0.563320
406,1NCS,77.66,0.639200,1.00,-4078.760,206.232,0.336130,0.681070
407,1ND9,53.57,0.507800,1.00,-4324.979,120.315,0.410113,0.410400
408,1NE5,83.93,0.590000,1.00,-3052.426,234.155,0.224474,0.703760
409,1NIZ,54.69,0.547500,1.00,-427.032,77.142,0.615687,0.190660
410,1NJ0,53.12,0.548400,1.00,-427.032,77.142,0.623091,0.239580
411,1NJ3,87.10,0.708800,1.00,-2062.328,153.605,0.377015,0.688480
412,1NMJ,27.68,0.444400,1.00,-808.052,151.337,0.823363,0.198890
413,1NZS,32.89,0.519700,1.00,-406.288,101.574,0.938270,0.171530
414,1O53,80.00,0.675300,1.00,-734.802,66.235,0.323940,0.420640
415,1O8Y,89.29,0.709400,1.00,-594.957,64.143,0.138499,0.363500
416,1O8Z,94.64,0.806100,1.00,-594.957,64.143,0.101549,0.529180
417,1OAV,78.65,0.675200,1.00,-2654.017,269.504,0.314590,0.673340
418,1OAW,71.88,0.686200,1.00,-2654.017,269.504,0.474548,0.632520
419,1ODP,87.50,0.659500,1.00,-1615.277,36.808,0.147937,0.425380
420,1ODQ,80.00,0.675600,1.00,-1615.277,36.808,0.191014,0.380430
421,1ODR,87.50,0.639200,1.00,-1615.277,36.808,0.142176,0.374590
422,1OEF,87.50,0.731000,1.00,-1871.118,40.871,0.118492,0.472100
423,1OEG,72.83,0.696300,1.00,-1637.781,61.246,0.345772,0.335800
424,1OEI,28.12,0.401000,1.00,-349.858,97.517,0.918827,0.144040
425,1OG7,31.98,0.512800,1.00,-1571.127,312.918,1.101054,0.330140
426,1OHM,35.80,0.368700,1.00,-2944.268,353.766,0.957157,0.255840
427,1OHN,30.23,0.461000,1.00,-1571.127,312.918,1.129919,0.247970
428,1OIG,88.54,0.724700,1.00,-1249.037,127.783,0.140880,0.409320
429,1OMA,69.27,0.604300,1.00,-2783.219,276.450,0.470844,0.598010
430,1OMB,60.94,0.580600,1.00,-2783.219,276.450,0.616713,0.516410
431,1OMQ,93.75,0.657300,1.00,-1099.108,42.366,0.120633,0.425800
432,1OPP,63.82,0.650300,1.00,-3123.603,90.127,0.481320,0.555960
433,1ORL,95.11,0.808300,1.00,-3375.599,132.021,0.095502,0.871350
434,1ORX,95.83,0.782900,1.00,-1576.527,121.788,0.084891,0.569990
435,1OZZ,85.23,0.705400,1.00,-3413.087,200.868,0.323689,0.764220
436,1P00,86.36,0.711000,1.00,-3425.423,211.743,0.317834,0.763520
437,1P0A,75.57,0.630700,1.00,-3410.602,211.585,0.356440,0.636070
438,1P7A,70.27,0.678300,1.00,-2345.814,143.499,0.819017,0.580070
439,1P82,31.00,0.427000,1.00,-863.315,163.333,0.865977,0.161330
440,1P83,25.00,0.419300,1.00,-863.315,163.333,0.727295,0.135340
441,1P8B,91.22,0.754000,1.00,-2684.634,200.260,0.118013,0.773340
442,1P9C,46.67,0.534500,1.00,-2780.208,141.571,0.911027,0.431990
443,1P9F,87.50,0.643600,1.00,-577.803,22.317,0.306788,0.458450
444,1P9Z,77.44,0.645600,1.00,-3180.371,234.799,0.405638,0.689720
445,1PAA,88.33,0.741900,1.00,-2026.000,124.856,0.200102,0.702400
446,1PB5,87.14,0.741600,1.00,-1982.917,164.491,0.136471,0.684600
447,1PDC,81.11,0.672100,1.00,-3915.908,247.064,0.258008,0.682540
448,1PGY,67.55,0.599600,1.00,-4520.729,100.452,0.394093,0.570090
449,1PJV,87.50,0.671300,1.00,-2356.903,161.587,0.152160,0.646160
450,1PLP,61.00,0.676300,1.00,-1361.609,92.695,0.795497,0.404400
451,1PMC,81.25,0.684600,1.00,-1911.015,241.116,0.215247,0.638760
452,1PNH,92.74,0.733300,1.00,-2107.351,108.782,0.092995,0.720020
453,1PP5,52.38,0.444200,1.00,-910.580,153.000,0.506485,0.127220
454,1PSM,61.18,0.595200,1.00,-2885.539,52.624,0.530536,0.487430
455,1PSV,75.00,0.615300,1.00,-2115.447,128.545,0.256007,0.474200
456,1PT4,87.93,0.766600,1.00,-1841.767,183.861,0.292591,0.669790
457,1PV0,91.85,0.710400,1.00,-4565.945,181.227,0.241469,0.813540
458,1PVZ,81.45,0.686900,1.00,-2058.525,162.869,0.286243,0.587210
459,1PX9,75.60,0.556700,1.00,-3052.426,234.155,0.275771,0.575740
460,1PXQ,32.86,0.440300,1.00,-1472.135,325.419,1.116892,0.205890
461,1Q01,30.92,0.413700,1.00,-1318.805,311.821,0.986145,0.224650
462,1Q2F,52.34,0.612200,1.00,-2425.606,101.512,0.523652,0.308290
463,1Q2I,42.19,0.470000,1.00,-2425.606,101.512,0.723790,0.256210
464,1Q2J,67.05,0.537000,1.00,-1373.857,129.867,0.256173,0.177610
465,1Q2K,96.77,0.763300,1.00,-2025.484,116.656,0.081850,0.777680
466,1Q3J,74.31,0.588500,1.00,-2137.673,170.883,0.310728,0.590560
467,1Q3M,56.63,0.543000,1.00,-3663.339,234.943,0.943359,0.493920
468,1Q3Y,45.24,0.449000,1.00,-2148.532,236.594,0.921664,0.341000
469,1Q3Z,43.45,0.461200,1.00,-2148.532,236.594,0.761860,0.360390
470,1Q71,44.05,0.424800,1.00,-910.580,153.000,0.567234,0.191760
471,1QCM,84.09,0.638500,1.00,-327.800,25.444,0.236826,0.410620
472,1QDP,81.55,0.654400,1.00,-2320.993,253.368,0.167565,0.682340
473,1QFD,82.81,0.663500,1.00,-2137.369,200.511,0.196329,0.599250
474,1QG9,83.33,0.704600,1.00,-1680.588,33.359,0.332724,0.567660
475,1QGM,73.33,0.632400,1.00,-2153.028,120.660,0.424606,0.522590
476,1QHK,73.40,0.610400,1.00,-4044.929,159.687,0.246494,0.598820
477,1QJK,40.97,0.431100,1.00,-2016.144,230.633,0.767718,0.271610
478,1QJL,57.14,0.502100,1.00,-1969.609,181.458,0.468625,0.344990
479,1QK6,90.15,0.742900,1.00,-2072.221,186.765,0.125273,0.710290
480,1QK7,92.19,0.707400,1.00,-2307.790,153.462,0.121797,0.720670
481,1QKY,83.55,0.673100,1.00,-3085.784,177.940,0.192511,0.684970
482,1QLO,63.97,0.576100,1.00,-2460.038,91.053,0.344631,0.391370
483,1QWP,84.09,0.661300,1.00,-327.800,25.444,0.218920,0.407830
484,1QXC,52.27,0.522400,1.00,-327.800,25.444,0.474480,0.309260
485,1QYT,75.00,0.617900,1.00,-327.800,25.444,0.258009,0.174610
486,1R02,43.18,0.453100,1.00,-1896.565,201.946,0.799456,0.271980
487,1R1F,43.92,0.460800,1.00,-2191.802,363.570,0.761858,0.302140
488,1R7C,72.58,0.719300,1.00,-2738.791,61.304,0.338041,0.519650
489,1R7D,71.77,0.682400,1.00,-2738.791,61.304,0.304322,0.490070
490,1R7E,79.03,0.703500,1.00,-2738.791,61.304,0.219948,0.572970
491,1R7F,71.77,0.630000,1.00,-2738.791,61.304,0.288692,0.414940
492,1R7G,75.00,0.663500,1.00,-2738.791,61.304,0.300321,0.490900
493,1R8T,73.33,0.558200,1.00,-665.181,81.041,0.261940,0.290970
494,1R9I,65.91,0.508000,1.00,-1278.528,93.474,0.344775,0.224450
495,1RES,76.74,0.612400,1.00,-3974.554,101.992,0.542383,0.646960
496,1RET,69.19,0.571400,1.00,-3974.554,101.992,0.492467,0.564170
497,1RG3,60.94,0.561700,1.00,-959.817,81.558,0.430776,0.363050
498,1RG4,68.75,0.545300,1.00,-959.817,81.558,0.397746,0.312720
499,1RIJ,92.39,0.747400,1.00,-1365.593,79.215,0.112500,0.544180
500,1RIK,90.52,0.734500,1.00,-2205.985,129.026,0.135026,0.688860
501,1RIM,76.52,0.646800,1.00,-2229.694,112.327,0.465772,0.584440
502,1RJI,79.03,0.651100,1.00,-2203.848,151.353,0.244398,0.503890
503,1RKL,61.11,0.655200,1.00,-2991.275,58.964,0.627167,0.490670
504,1RMK,80.65,0.677500,1.00,-2491.938,247.664,0.241976,0.537610
505,1RO3,41.84,0.432000,1.00,-2588.815,260.380,0.687654,0.318220
506,1ROO,82.14,0.673900,1.00,-2709.765,181.974,0.191185,0.633230
507,1RPB,38.10,0.469100,1.00,-856.112,162.182,0.866476,0.141290
508,1RPC,38.10,0.464500,1.00,-856.112,162.182,0.839185,0.187530
509,1RSW,47.92,0.468600,1.00,-324.301,34.419,0.410198,0.275130
510,1RSX,79.17,0.530300,1.00,-324.301,34.419,0.307194,0.452060
511,1RT0,52.08,0.462400,1.00,-324.301,34.419,0.470644,0.214000
512,1S4H,48.08,0.540700,1.00,-160.378,68.177,0.492428,0.254470
513,1S4J,30.77,0.476400,1.00,-144.689,83.660,0.701653,0.195930
514,1S4T,48.81,0.480900,1.00,-1403.058,85.931,0.583335,0.102340
515,1S4W,40.00,0.449400,1.00,-300.509,98.200,0.624400,0.113820
516,1S6W,70.24,0.611200,1.00,-1306.189,124.204,0.323922,0.239210
517,1S6X,84.56,0.695800,1.00,-2465.751,190.207,0.187814,0.656340
518,1SBU,56.82,0.636600,1.00,-315.776,65.888,0.627730,0.346250
519,1SCO,80.26,0.649800,1.00,-2846.675,189.899,0.183809,0.605240
520,1SH1,33.33,0.383500,1.00,-2417.954,418.405,0.908473,0.377240
521,1SKH,60.83,0.665400,1.00,-1982.758,89.499,0.409336,0.504670
522,1SMZ,63.89,0.649500,1.00,-1645.081,114.626,0.480249,0.376440
523,1SOL,36.25,0.474000,1.00,-430.832,147.735,0.775500,0.184310
524,1SP1,84.48,0.673200,1.00,-1880.476,104.033,0.275342,0.612120
525,1SP2,87.10,0.669000,1.00,-2186.904,130.195,0.245287,0.678740
526,1SP7,93.75,0.806900,1.00,-1710.723,113.502,0.113782,0.651400
527,1SPF,79.29,0.795200,1.00,-2216.522,75.612,0.570376,0.671250
528,1SPW,86.54,0.650600,1.00,-3186.137,217.310,0.209338,0.737350
529,1SRB,86.90,0.699000,1.00,-1558.311,105.898,0.180867,0.371140
530,1SRK,77.14,0.701300,1.00,-2207.059,125.370,0.389871,0.603380
531,1SSL,65.62,0.573800,1.00,-3631.244,279.213,0.334478,0.550850
532,1SUT,21.59,0.424100,1.00,-725.053,108.035,0.968955,0.125180
533,1SX0,95.45,0.758200,1.00,-1033.683,110.803,0.116495,0.527900
534,1SX1,94.32,0.751600,1.00,-1033.683,110.803,0.109355,0.481080
535,1T0C,22.58,0.485300,1.00,-835.191,215.499,1.241466,0.176170
536,1T2Y,51.00,0.439600,1.00,-1242.426,348.281,0.543211,0.182880
537,1T5M,53.85,0.499900,1.00,-311.185,63.983,0.397652,0.295760
538,1T5N,50.00,0.501900,1.00,-311.185,63.983,0.423183,0.160260
539,1T5Q,83.33,0.755400,1.00,-2506.513,35.987,0.242886,0.564220
540,1T9E,50.00,0.596200,1.00,-428.059,54.907,0.795634,0.223840
541,1TI5,86.41,0.669900,1.00,-3344.110,229.699,0.149818,0.753230
542,1TM6,59.09,0.463300,1.00,-1141.531,107.959,0.403643,0.233240
543,1TMR,85.53,0.729900,1.00,-1118.617,121.793,0.142150,0.307090
544,1TOR,70.00,0.553900,1.00,-312.979,43.354,0.300927,0.372870
545,1TOS,72.50,0.500800,1.00,-325.709,62.332,0.306752,0.379330
546,1TSK,85.00,0.675700,1.00,-2530.277,179.351,0.128448,0.679220
547,1TV0,78.91,0.604700,1.00,-1928.747,222.639,0.226736,0.613020
548,1TYK,77.94,0.620000,1.00,-2401.641,182.803,0.214327,0.538440
549,1U0P,54.63,0.453700,1.00,-1745.502,141.635,0.634803,0.353720
550,1U57,46.35,0.662000,1.00,-2850.049,169.300,0.560098,0.599540
551,1U6U,72.06,0.639100,1.00,-739.547,74.195,0.236166,0.244330
552,1U6V,75.00,0.684900,1.00,-739.547,74.195,0.223809,0.314990
553,1U85,73.48,0.708800,1.00,-2276.930,138.336,0.512539,0.561730
554,1U86,78.57,0.713400,1.00,-2422.282,139.205,0.391972,0.594680
555,1UAO,80.00,0.685900,1.00,-372.195,34.555,0.282644,0.353780
556,1UJL,34.52,0.487400,1.00,-1750.173,227.245,1.059805,0.266750
557,1UT3,90.79,0.688500,1.00,-2958.370,228.196,0.123151,0.773170
558,1UYA,56.25,0.512400,1.00,-789.570,90.549,0.398995,0.277830
559,1UYB,50.00,0.522200,1.00,-789.570,90.549,0.506846,0.227190
560,1V1D,86.29,0.699000,1.00,-2414.788,146.640,0.150965,0.618800
561,1V28,77.17,0.572900,1.00,-1072.356,100.287,0.492114,0.445260
562,1V4Z,72.37,0.694300,1.00,-917.308,38.903,0.473152,0.400570
563,1V50,73.68,0.619500,1.00,-917.308,38.903,0.287024,0.397580
564,1V5A,89.29,0.735900,1.00,-1654.941,143.196,0.147152,0.593500
565,1V6R,64.29,0.553000,1.00,-1544.473,58.724,0.434475,0.227270
566,1V92,78.26,0.692700,1.00,-4904.968,138.392,0.166780,0.676980
567,1VA1,77.03,0.644800,1.00,-2405.890,111.718,0.271026,0.609210
568,1VA2,83.06,0.648900,1.00,-2186.904,130.195,0.185678,0.564660
569,1VA3,84.48,0.655000,1.00,-1880.476,104.033,0.254652,0.608480
570,1VB8,47.50,0.443800,1.00,-1921.327,193.573,0.622027,0.256640
571,1VD7,66.30,0.512500,1.00,-1620.509,30.215,0.409583,0.362120
572,1VD8,64.13,0.465700,1.00,-1727.809,60.683,0.398422,0.288970
573,1VD9,71.74,0.619000,1.00,-1777.540,36.487,0.402380,0.429170
574,1VDA,59.78,0.527100,1.00,-1585.189,64.676,0.675878,0.306720
575,1VDB,92.39,0.749600,1.00,-1620.509,30.215,0.151795,0.597280
576,1VII,82.64,0.688300,1.00,-2988.512,165.657,0.204408,0.688210
577,1VPC,59.44,0.625600,1.00,-3228.077,156.291,0.447391,0.543710
578,1VPU,36.11,0.477100,1.00,-3049.735,180.767,1.060622,0.304560
579,1VQX,36.84,0.574900,1.00,-406.288,101.574,0.938976,0.171910
580,1VTP,70.19,0.661400,1.00,-1805.236,46.411,0.352296,0.421370
581,1VTX,80.95,0.624800,1.00,-2531.202,216.201,0.220852,0.695390
582,1W1N,66.67,0.602700,1.00,-2604.788,163.765,0.312804,0.435140
583,1W4E,88.83,0.717900,1.00,-3742.768,157.363,0.261052,0.804340
584,1W4F,89.89,0.713700,1.00,-3742.768,157.363,0.185729,0.809010
585,1W4G,87.23,0.720900,1.00,-3734.947,167.422,0.342810,0.795120
586,1W4H,86.17,0.718500,1.00,-3629.944,172.337,0.426787,0.798210
587,1WAZ,53.80,0.515800,1.00,-4219.539,159.809,0.588592,0.509200
588,1WCT,67.31,0.524100,1.00,-468.731,53.430,0.289514,0.167320
589,1WM7,66.38,0.610600,1.00,-1974.105,169.438,0.325366,0.356110
590,1WM8,66.96,0.529900,1.00,-1561.763,171.884,0.272021,0.346820
591,1WMT,87.80,0.706600,1.00,-3140.849,212.137,0.168270,0.745460
592,1WN4,61.61,0.633200,1.00,-1300.322,80.537,0.559968,0.403090
593,1WN8,81.82,0.635200,1.00,-1412.467,57.866,0.297227,0.448520
594,1WNK,83.70,0.754600,1.00,-1777.540,36.487,0.186264,0.562420
595,1WNM,95.65,0.749800,1.00,-1727.809,60.683,0.084691,0.594640
596,1WNN,89.13,0.689000,1.00,-1585.189,64.676,0.269709,0.558690
597,1WO3,47.00,0.527400,1.00,-1271.580,87.692,0.721479,0.234350
598,1WO4,44.00,0.504100,1.00,-1261.904,48.790,0.904457,0.255190
599,1WO5,44.00,0.547700,1.00,-1600.309,26.869,0.921536,0.242270
600,1WO6,43.00,0.511500,1.00,-997.514,116.601,0.740887,0.216790
601,1WO7,41.00,0.556800,1.00,-1270.558,65.623,0.895818,0.263560
602,1WO9,75.71,0.689600,1.00,-1696.507,172.814,0.349321,0.581420
603,1WPD,62.50,0.535400,1.00,-2398.018,143.821,0.474655,0.371550
604,1WQB,82.81,0.673700,1.00,-1963.095,177.436,0.210013,0.587090
605,1WQC,78.85,0.661400,1.00,-1827.518,81.640,0.277546,0.432610
606,1WQD,73.15,0.670600,1.00,-1860.363,107.695,0.511665,0.414630
607,1WQE,95.65,0.772700,1.00,-1447.390,56.130,0.070736,0.551720
608,1WQK,78.57,0.657400,1.00,-3827.632,256.822,0.238950,0.645610
609,1WR3,81.25,0.696400,1.00,-2170.882,222.439,0.263466,0.617670
610,1WR4,89.58,0.762000,1.00,-2188.785,200.483,0.143541,0.754470
611,1WR7,81.71,0.727900,1.00,-2584.809,197.714,0.467072,0.703440
612,1WT7,70.73,0.570200,1.00,-3374.056,188.910,0.503846,0.567340
613,1WT8,83.06,0.635700,1.00,-2203.848,151.353,0.212510,0.567220
614,1WXN,56.55,0.495600,1.00,-3120.620,250.921,0.457474,0.457660
615,1WZ4,53.26,0.540800,1.00,-1513.474,73.945,0.494316,0.283520
616,1WZ5,62.86,0.493800,1.00,-2212.018,160.992,0.360764,0.433550
617,1X22,37.50,0.509300,1.00,-1633.556,281.127,0.902829,0.315610
618,1X32,38.83,0.414400,1.00,-3632.355,213.811,0.751490,0.296270
619,1X5V,81.62,0.654500,1.00,-2362.337,159.792,0.186863,0.585900
620,1X7K,81.58,0.650100,1.00,-1112.227,97.108,0.189563,0.296750
621,1XBH,50.00,0.389500,1.00,-583.846,52.328,0.426512,0.238210
622,1XC0,62.12,0.630900,1.00,-1976.409,96.733,0.360523,0.483420
623,1XF7,90.52,0.738900,1.00,-1753.149,158.973,0.214519,0.727560
624,1XOO,60.00,0.534800,1.00,-859.091,104.517,0.477166,0.291050
625,1XOP,33.75,0.420200,1.00,-672.086,98.364,0.724233,0.141760
626,1XRZ,87.50,0.755600,1.00,-1796.647,115.515,0.263365,0.672490
627,1XT7,48.08,0.521100,1.00,-311.185,63.983,0.656234,0.243570
628,1XUT,64.13,0.570900,1.00,-3673.149,190.104,0.416117,0.531750
629,1XV3,42.02,0.517500,1.00,-3035.523,272.936,1.016329,0.330750
630,1XXZ,61.36,0.441500,1.00,-471.055,48.389,0.304666,0.293580
631,1XY4,54.17,0.446800,1.00,-489.218,79.123,0.409324,0.146480
632,1XY6,56.25,0.471500,1.00,-595.100,48.551,0.357463,0.282200
633,1XY8,51.92,0.442100,1.00,-745.087,43.741,0.604943,0.200880
634,1XY9,47.73,0.444900,1.00,-461.061,39.444,0.370774,0.340120
635,1Y03,74.29,0.784300,1.00,-1365.830,35.337,0.328132,0.644540
636,1Y04,60.00,0.793500,1.00,-1365.830,35.337,0.710279,0.463530
637,1Y1B,81.77,0.685200,1.00,-3658.061,202.116,0.281331,0.727460
638,1Y1C,82.81,0.704900,1.00,-3764.153,174.230,0.231862,0.712340
639,1Y29,92.86,0.732800,1.00,-1794.330,143.059,0.094076,0.652320
640,1Y2P,85.29,0.705900,1.00,-2146.368,234.109,0.137076,0.672310
641,1Y32,27.08,0.462600,1.00,-647.771,142.065,0.797066,0.144560
642,1Y4E,47.22,0.534900,1.00,-1845.494,78.501,0.520549,0.232730
643,1Y5C,63.64,0.446900,1.00,-587.643,26.760,0.380378,0.234460
644,1YIU,89.19,0.759900,1.00,-2318.989,215.269,0.150946,0.725730
645,1YMZ,84.30,0.725400,1.00,-2520.321,179.253,0.259769,0.717080
646,1YP8,78.03,0.629000,1.00,-2182.864,189.702,0.322194,0.595900
647,1YT6,80.00,0.584200,1.00,-415.320,32.740,0.231243,0.426680
648,1YTR,62.50,0.537900,1.00,-1544.029,59.382,0.628017,0.367410
649,1YV8,43.48,0.406500,1.00,-2673.167,377.140,0.796839,0.340580
650,1YVA,41.85,0.399600,1.00,-2673.167,377.140,0.826510,0.326600
651,1YWJ,64.02,0.607000,1.00,-2130.897,230.690,0.640588,0.528340
652,1YYB,68.52,0.633600,1.00,-1799.349,83.540,0.352610,0.456400
653,1Z0Q,29.76,0.386100,1.00,-1872.779,242.887,1.352145,0.277820
654,1Z2T,73.91,0.596300,1.00,-1954.856,40.711,0.411653,0.427910
655,1Z65,71.67,0.606500,1.00,-2253.272,95.024,0.364428,0.520700
656,1Z6V,36.73,0.440500,1.00,-2858.795,309.208,0.925678,0.347620
657,1Z6W,25.51,0.335200,1.00,-2858.795,309.208,1.202140,0.255410
658,1Z99,88.10,0.649000,1.00,-2480.250,215.971,0.124040,0.763320
659,1ZA8,31.45,0.458400,1.00,-1210.294,219.131,1.277287,0.190710
660,1ZAQ,59.09,0.564200,1.00,-3293.168,257.764,0.655749,0.468180
661,1ZDA,80.92,0.675900,1.00,-2969.052,86.897,0.394575,0.700950
662,1ZDB,76.32,0.680100,1.00,-2969.052,86.897,0.379942,0.570210
663,1ZFD,85.94,0.689600,1.00,-2086.346,105.806,0.175319,0.630580
664,1ZFU,73.12,0.593100,1.00,-2832.250,157.212,0.314108,0.552980
665,1ZJQ,80.15,0.668500,1.00,-2498.236,149.733,0.210472,0.566250
666,1ZNM,78.57,0.661300,1.00,-2005.166,108.217,0.162695,0.378210
667,1ZNU,96.55,0.768800,1.00,-1909.683,175.398,0.078367,0.771160
668,1ZR7,91.67,0.772800,1.00,-1835.160,132.128,0.182306,0.703360
669,1ZRV,67.00,0.655500,1.00,-1807.629,61.646,0.333059,0.339310
670,1ZRW,63.00,0.604600,1.00,-1807.629,61.646,0.397723,0.315300
671,1ZRX,54.76,0.597500,1.00,-2167.313,225.714,0.752835,0.411890
672,1ZTA,81.43,0.636100,1.00,-2737.603,81.202,0.339233,0.688330
673,1ZTN,36.67,0.424100,1.00,-1137.330,159.393,0.778654,0.167950
674,1ZTO,58.11,0.474300,1.00,-1943.274,234.316,0.600790,0.406220
675,1ZUE,86.31,0.666600,1.00,-3162.033,162.971,0.316115,0.745480
676,1ZUF,77.98,0.578600,1.00,-3162.033,162.971,0.239160,0.621730
677,1ZUV,84.17,0.682800,1.00,-1960.935,151.281,0.274517,0.625610
678,1ZWA,40.44,0.551000,1.00,-2686.967,55.267,0.928098,0.315070
679,1ZWB,46.53,0.554900,1.00,-3023.564,48.485,1.006389,0.415720
680,1ZWC,48.65,0.593100,1.00,-3036.293,71.997,0.703126,0.362660
681,1ZWD,42.86,0.556100,1.00,-3016.669,64.518,0.705596,0.324890
682,1ZWE,47.79,0.540300,1.00,-2753.024,85.808,0.700636,0.401230
683,1ZWU,90.83,0.773400,1.00,-1952.843,120.695,0.112481,0.674870
684,2A1C,76.47,0.549900,1.00,-1279.015,33.951,0.326178,0.329880
685,2A2B,32.93,0.483800,1.00,-1686.331,268.337,0.882019,0.202900
686,2A2V,88.97,0.705000,1.00,-2126.603,164.396,0.175671,0.711710
687,2A51,70.51,0.675700,1.00,-2173.442,319.241,0.251388,0.486790
688,2AAP,87.50,0.687700,1.00,-2498.236,149.733,0.208916,0.700290
689,2AB3,84.48,0.665600,1.00,-1864.032,116.653,0.196219,0.564110
690,2AB7,89.66,0.702900,1.00,-1923.967,109.565,0.128104,0.639360
691,2AB9,34.68,0.363300,1.00,-1488.046,205.369,0.969477,0.177490
692,2ADX,45.62,0.478800,1.00,-2389.977,284.491,0.745947,0.333800
693,2AJJ,80.36,0.669000,1.00,-2124.179,47.120,0.194362,0.505170
694,2AJM,81.25,0.716000,1.00,-2124.179,47.120,0.232053,0.537120
695,2AJN,81.25,0.665200,1.00,-2124.179,47.120,0.174836,0.493700
696,2AJO,81.25,0.716000,1.00,-2124.179,47.120,0.232053,0.537120
697,2AJW,79.55,0.724100,1.00,-1129.100,131.794,0.241284,0.365560
698,2AK0,86.96,0.708700,1.00,-1242.907,184.466,0.192379,0.482000
699,2AMN,56.73,0.624900,1.00,-2007.346,48.588,0.526308,0.304410
700,2AP7,80.00,0.730300,1.00,-800.400,57.896,0.222982,0.427890
701,2AP8,78.75,0.708500,1.00,-800.400,57.896,0.247940,0.350370
702,2ARI,31.41,0.520800,1.00,-1324.520,257.371,0.913093,0.294220
703,2ATG,59.72,0.412600,1.00,-649.998,133.268,0.378703,0.205740
704,2AXK,84.21,0.695000,1.00,-3073.495,173.826,0.136868,0.689520
705,2B0Y,79.41,0.601100,1.00,-1005.382,46.674,0.287492,0.311910
706,2B19,47.92,0.565000,1.00,-1992.014,180.942,1.021400,0.381290
707,2B38,84.68,0.682100,1.00,-2011.369,161.643,0.298133,0.651870
708,2B4N,54.76,0.555000,1.00,-3227.804,110.330,0.814828,0.467450
709,2B5B,34.03,0.428700,1.00,-2423.771,194.259,0.924029,0.212450
710,2B5P,75.00,0.561000,1.00,-506.029,60.188,0.245252,0.363330
711,2B5Q,54.55,0.473300,1.00,-506.029,60.188,0.456072,0.187830
712,2B68,84.30,0.677600,1.00,-2987.586,215.834,0.226772,0.715450
713,2B9K,46.81,0.468000,1.00,-3688.755,218.333,0.875559,0.338350
714,2BAI,35.16,0.399100,1.00,-2023.806,132.763,0.800052,0.307460
715,2BAO,55.00,0.478600,1.00,-333.515,47.679,0.361375,0.298950
716,2BAU,47.50,0.477200,1.00,-333.515,47.679,0.397571,0.207760
717,2BBG,76.88,0.643800,1.00,-3141.338,209.044,0.331908,0.586230
718,2BBL,34.09,0.496600,1.00,-684.424,134.339,0.995583,0.186250
719,2BBP,28.41,0.526600,1.00,-684.424,134.339,1.140141,0.161900
720,2BBX,80.61,0.705100,1.00,-2506.399,273.344,0.209360,0.693440
723,2BDS,52.91,0.428200,1.00,-3405.262,237.521,0.546595,0.463910
724,2BEY,45.31,0.529300,1.00,-426.159,68.274,0.741687,0.156760
725,2BL6,45.95,0.493500,1.00,-1972.607,175.420,0.643900,0.306860
726,2BMT,95.95,0.727500,1.00,-3041.640,190.392,0.098691,0.847520
727,2BN6,73.48,0.638400,1.00,-2626.795,99.014,0.360003,0.516220
728,2BP4,31.25,0.426500,1.00,-470.094,66.506,0.637489,0.201510
729,2BTG,84.57,0.695000,1.00,-3904.749,123.142,0.399383,0.760970
730,2BTH,82.45,0.683500,1.00,-3904.749,123.142,0.455363,0.760810
731,2C6A,78.26,0.722100,1.00,-2961.583,239.278,0.503976,0.684600
732,2C6B,78.80,0.739300,1.00,-2961.583,239.278,0.453545,0.694720
733,2CBH,98.61,0.847300,1.00,-2243.973,172.711,0.057541,0.902810
734,2CEF,51.32,0.466100,1.00,-672.943,189.776,0.479887,0.191400
735,2CEH,51.32,0.454100,1.00,-672.943,189.776,0.508241,0.124490
736,2CEZ,47.37,0.468100,1.00,-672.943,189.776,0.583161,0.199410
737,2CFJ,40.79,0.455400,1.00,-672.943,189.776,0.666638,0.074320
738,2CK4,79.61,0.700100,1.00,-2864.695,188.453,0.166522,0.614920
739,2CK5,77.42,0.656900,1.00,-2053.853,123.823,0.200750,0.482270
740,2CQ7,70.92,0.624600,1.00,-2852.590,303.752,0.574688,0.637850
741,2CRD,89.86,0.699000,1.00,-2747.627,209.055,0.120185,0.751060
742,2CSA,35.53,0.530200,1.00,-492.438,112.264,0.755754,0.141030
743,2CTI,93.10,0.763600,1.00,-1918.270,172.087,0.102649,0.700770
744,2CYU,76.25,0.592400,1.00,-3196.201,111.470,0.411551,0.624300
745,2DCI,55.00,0.534400,1.00,-635.468,143.122,0.473096,0.219930
746,2DCO,30.15,0.468600,1.00,-1287.941,235.800,1.201714,0.215400
747,2DCV,83.33,0.684100,1.00,-2917.499,192.249,0.172417,0.710230
748,2DCW,83.33,0.664000,1.00,-3012.852,215.487,0.209496,0.700620
749,2DDL,68.18,0.643000,1.00,-2528.048,110.229,0.361496,0.432560
750,2DI2,72.41,0.655200,1.00,-1278.650,129.836,0.468038,0.544280
751,2DJ9,71.74,0.572700,1.00,-1283.613,88.281,0.554563,0.384760
752,2DJC,79.35,0.722900,1.00,-1063.584,165.638,0.394211,0.483650
753,2DMV,69.19,0.652200,1.00,-2358.425,267.637,0.740256,0.587720
754,2DQ5,74.47,0.630300,1.00,-3498.725,232.819,0.406621,0.658480
755,2DTB,80.77,0.747400,1.00,-1845.844,59.551,0.198607,0.517000
756,2DWF,63.24,0.540700,1.00,-3174.637,149.054,0.347532,0.492990
757,2DX2,86.36,0.639100,1.00,-677.391,17.771,0.136784,0.436710
758,2DX3,56.94,0.543500,1.00,-842.099,92.164,0.526339,0.235770
759,2DX4,38.89,0.432400,1.00,-842.099,92.164,0.964387,0.233470
760,2E1X,66.67,0.605200,1.00,-1203.969,105.977,0.496054,0.377350
761,2E2F,75.61,0.642300,1.00,-2992.672,186.341,0.205030,0.615090
762,2E3E,48.33,0.491500,1.00,-3297.862,217.663,0.716160,0.364600
763,2E3F,57.56,0.518300,1.00,-3020.490,204.132,0.622006,0.357800
764,2E3G,65.62,0.549000,1.00,-3105.371,171.015,0.460653,0.487030
765,2E4E,90.00,0.703700,1.00,-397.645,90.614,0.116945,0.399270
766,2E5T,76.09,0.583300,1.00,-3694.305,118.011,0.198630,0.603500
767,2E5U,50.00,0.383400,1.00,-3231.729,91.230,1.325999,0.404560
768,2E72,43.88,0.476200,1.00,-2225.535,361.120,1.058806,0.343690
769,2EBQ,64.36,0.602200,1.00,-2525.618,294.029,1.073987,0.580820
770,2EBR,64.36,0.596200,1.00,-2427.114,233.238,0.817483,0.583010
771,2EC7,64.80,0.580900,1.00,-2468.470,204.979,0.437042,0.480340
772,2EEM,86.03,0.772400,1.00,-2718.764,185.425,0.157813,0.668970
773,2EFZ,68.75,0.623400,1.00,-908.606,138.840,0.393090,0.353480
774,2EKK,83.51,0.722100,1.00,-4051.936,153.663,0.437200,0.749910
775,2EL4,53.26,0.662900,1.00,-2418.515,160.263,0.879137,0.484170
776,2EL5,68.45,0.636800,1.00,-2200.296,177.440,0.874760,0.621880
777,2EL6,63.04,0.649000,1.00,-2308.164,233.266,0.723745,0.544470
778,2ELM,76.35,0.702400,1.00,-2231.504,179.839,0.488604,0.623570
779,2ELN,84.21,0.754500,1.00,-2131.437,172.904,0.358291,0.718480
780,2ELO,75.00,0.698400,1.00,-2183.051,207.193,0.320491,0.578980
781,2ELP,70.95,0.660800,1.00,-2473.788,163.478,0.568842,0.576250
782,2ELQ,81.94,0.692300,1.00,-1883.014,173.262,0.369219,0.674120
783,2ELR,75.69,0.763400,1.00,-1518.219,153.196,0.884953,0.633180
784,2ELS,78.47,0.708000,1.00,-2267.619,190.961,0.497530,0.682300
785,2ELT,80.56,0.723800,1.00,-2048.157,147.300,0.344857,0.690150
786,2ELU,75.68,0.705400,1.00,-2049.789,235.420,0.539753,0.633130
787,2ELV,70.83,0.615100,1.00,-2128.460,191.913,0.797141,0.609860
788,2ELW,78.38,0.702300,1.00,-2119.113,211.444,0.387897,0.641020
789,2ELX,82.14,0.728100,1.00,-2074.585,200.331,0.390489,0.707390
790,2ELY,61.41,0.675100,1.00,-2129.695,176.215,0.872060,0.536450
791,2ELZ,61.41,0.634300,1.00,-2155.624,222.820,1.047274,0.547400
792,2EM0,62.50,0.647700,1.00,-2039.699,245.094,0.719291,0.551220
793,2EM1,61.36,0.678400,1.00,-2164.120,228.814,0.904210,0.542050
794,2EM2,60.87,0.680600,1.00,-2249.720,239.979,0.822816,0.538240
795,2EM3,58.70,0.677000,1.00,-2210.805,272.588,1.175507,0.520550
796,2EM4,55.98,0.652000,1.00,-2071.646,203.267,1.085327,0.502470
797,2EM5,60.87,0.688800,1.00,-2013.654,246.504,0.934998,0.548520
798,2EM6,60.33,0.663200,1.00,-2150.594,185.364,0.969006,0.531000
799,2EM7,58.70,0.637400,1.00,-2156.535,223.570,0.873349,0.527250
800,2EM8,60.87,0.667600,1.00,-2286.097,211.455,0.860757,0.549640
801,2EM9,63.59,0.622600,1.00,-2348.590,257.046,0.876768,0.520280
802,2EMA,64.67,0.648100,1.00,-2137.725,232.883,0.885702,0.549450
803,2EMB,59.66,0.610300,1.00,-2165.669,248.759,0.934465,0.510520
804,2EMC,67.39,0.744400,1.00,-2213.368,202.754,0.662469,0.587660
805,2EME,66.85,0.679900,1.00,-2409.140,201.290,0.561729,0.553390
806,2EMF,65.22,0.663400,1.00,-2117.289,234.480,0.758268,0.571980
807,2EMG,57.61,0.645800,1.00,-2390.079,197.162,0.995215,0.527810
808,2EMH,65.76,0.697000,1.00,-2427.741,173.932,0.825661,0.548780
809,2EMI,56.52,0.613300,1.00,-2377.881,227.830,0.929538,0.510220
810,2EMJ,57.61,0.668600,1.00,-2240.560,205.583,1.197927,0.479020
811,2EMK,60.33,0.641800,1.00,-2151.408,229.265,0.991240,0.533070
812,2EML,59.24,0.654100,1.00,-2088.581,227.983,1.114719,0.520630
813,2EMM,60.33,0.690400,1.00,-2173.538,212.881,0.891845,0.546390
814,2EMP,64.13,0.704400,1.00,-2136.587,224.093,0.840183,0.542470
815,2EMV,63.64,0.681200,1.00,-2244.986,173.406,0.901958,0.561980
816,2EMW,61.36,0.653500,1.00,-2328.556,214.007,0.971892,0.534660
817,2EMX,75.00,0.748700,1.00,-2043.191,172.855,0.604828,0.664320
818,2EMY,61.96,0.669000,1.00,-2380.591,216.143,0.823328,0.552450
819,2EMZ,69.57,0.674500,1.00,-2197.622,161.785,0.685409,0.599830
820,2EN0,70.83,0.738600,1.00,-2132.823,187.067,0.699092,0.643950
821,2EN1,62.50,0.698800,1.00,-1886.912,213.248,0.903455,0.552970
822,2EN2,69.64,0.734300,1.00,-2175.712,177.766,0.470946,0.569420
823,2EN3,60.33,0.638300,1.00,-2623.477,274.939,1.067104,0.521910
824,2EN4,60.33,0.655000,1.00,-2095.027,203.670,0.926191,0.554650
825,2EN6,59.78,0.656700,1.00,-2205.412,230.833,0.859797,0.543960
826,2EN7,59.09,0.629300,1.00,-2230.496,192.903,1.081599,0.525620
827,2EN8,59.24,0.655700,1.00,-2305.041,186.708,0.801922,0.538200
828,2EN9,61.41,0.657700,1.00,-1885.306,202.708,0.780817,0.514470
829,2ENA,57.61,0.654300,1.00,-2124.135,223.542,1.047474,0.519790
830,2ENC,58.15,0.659000,1.00,-2152.527,266.657,1.006843,0.511420
831,2ENE,57.61,0.636000,1.00,-2277.113,198.050,0.998773,0.523570
832,2ENF,59.78,0.619000,1.00,-2159.586,227.174,0.837099,0.527910
833,2ENH,58.15,0.684300,1.00,-2134.154,225.248,0.988714,0.502890
834,2ENT,63.54,0.612800,1.00,-2518.876,311.804,0.994269,0.575150
835,2EOE,58.15,0.660200,1.00,-2196.893,198.915,1.039016,0.524020
836,2EOF,60.23,0.644800,1.00,-2071.226,214.278,0.841960,0.514690
837,2EOG,59.09,0.649800,1.00,-2346.211,206.416,0.819667,0.510010
838,2EOH,54.89,0.589500,1.00,-2047.132,193.628,0.866120,0.460960
839,2EOI,67.05,0.666600,1.00,-2282.371,200.792,0.645381,0.580830
840,2EOJ,61.93,0.627600,1.00,-2129.461,214.573,0.829091,0.515800
841,2EOK,68.45,0.667800,1.00,-2345.099,160.772,0.634751,0.596710
842,2EOL,69.05,0.694500,1.00,-2160.817,195.380,0.774038,0.619670
843,2EOM,62.50,0.655000,1.00,-2220.535,227.275,0.959017,0.540080
844,2EON,60.33,0.671000,1.00,-2070.710,232.074,0.881373,0.529970
845,2EOO,67.39,0.673100,1.00,-2544.055,222.104,0.756433,0.598600
846,2EOP,60.33,0.678900,1.00,-2244.678,226.976,0.868313,0.558850
847,2EOQ,65.76,0.693100,1.00,-2122.449,230.175,0.561661,0.539520
848,2EOR,57.61,0.636900,1.00,-2151.080,254.468,0.939441,0.508520
849,2EOS,67.26,0.704000,1.00,-2311.634,175.492,0.849458,0.578380
850,2EOU,63.07,0.730100,1.00,-1859.438,194.516,1.009926,0.570300
851,2EOV,65.22,0.636200,1.00,-2275.628,268.292,0.812519,0.519650
852,2EOW,62.50,0.641400,1.00,-2119.015,213.668,0.913643,0.567080
853,2EOX,63.07,0.616300,1.00,-2255.797,192.558,0.761255,0.531320
854,2EOY,60.33,0.633800,1.00,-2122.687,286.170,0.760966,0.517520
855,2EOZ,64.67,0.718000,1.00,-2376.162,269.995,0.655000,0.566790
856,2EP0,58.70,0.717600,1.00,-2319.407,197.125,0.814502,0.517680
857,2EP1,59.78,0.654400,1.00,-2228.333,196.320,0.874790,0.517940
858,2EP2,58.15,0.665300,1.00,-2116.019,173.585,0.996282,0.251390
859,2EP3,60.87,0.692200,1.00,-2287.134,215.711,0.864313,0.564690
860,2EPC,62.50,0.647900,1.00,-1963.871,305.484,0.909178,0.542410
861,2EPQ,56.67,0.617100,1.00,-2372.876,258.432,0.806765,0.449220
862,2EPR,53.65,0.574200,1.00,-2430.508,224.944,0.791395,0.276040
863,2EPT,65.24,0.625300,1.00,-1979.735,188.361,0.795721,0.541130
864,2EPU,67.22,0.738700,1.00,-2128.494,193.277,0.767838,0.577520
865,2EPV,67.05,0.710400,1.00,-2357.183,206.446,0.856460,0.570680
866,2EPW,59.78,0.598300,1.00,-2297.830,276.539,0.703331,0.491580
867,2EPX,63.30,0.644400,1.00,-2594.335,186.566,0.895367,0.540930
868,2EPY,68.45,0.698900,1.00,-2062.632,167.862,0.923872,0.597110
869,2EPZ,61.96,0.669100,1.00,-2064.554,264.818,0.856199,0.559930
870,2EQ0,58.70,0.622600,1.00,-2137.025,217.976,0.857427,0.503530
871,2EQ1,57.07,0.647600,1.00,-2054.227,218.784,0.834326,0.469130
872,2EQ2,53.26,0.551800,1.00,-2112.336,229.279,0.969693,0.464440
873,2EQ3,56.52,0.633500,1.00,-1988.925,219.801,0.950653,0.473460
874,2EQ4,51.09,0.579300,1.00,-2097.578,262.477,0.774540,0.418150
875,2EQE,69.27,0.703300,1.00,-2679.039,302.872,0.657069,0.615900
876,2EQF,63.04,0.603100,1.00,-2470.833,308.797,0.874506,0.558040
877,2EQG,69.90,0.688600,1.00,-2763.279,283.964,0.634981,0.618030
878,2EQH,72.83,0.590600,1.00,-1102.617,154.032,0.367053,0.333570
879,2EQQ,73.21,0.564400,1.00,-1738.141,111.143,0.405830,0.465390
880,2EQT,72.32,0.599200,1.00,-1738.141,111.143,0.465109,0.465200
881,2EQW,61.31,0.597200,1.00,-2166.039,218.236,0.934533,0.532560
882,2ERI,91.13,0.766000,1.00,-2319.634,180.282,0.184138,0.736460
883,2ESX,47.37,0.650400,1.00,-507.496,105.199,1.272936,0.189220
884,2ESZ,47.37,0.547200,1.00,-507.496,105.199,1.290140,0.128140
885,2ETI,82.14,0.675400,1.00,-2025.079,121.754,0.212014,0.504020
886,2EVQ,83.33,0.720100,1.00,-545.667,45.224,0.169798,0.402040
887,2EYA,43.48,0.425900,1.00,-2673.167,377.140,0.777299,0.340800
888,2EYB,40.76,0.402900,1.00,-2673.167,377.140,0.793768,0.332410
889,2EYC,41.30,0.401900,1.00,-2673.167,377.140,0.748312,0.311270
890,2EYD,42.39,0.414700,1.00,-2673.167,377.140,0.728305,0.318360
891,2F2I,90.52,0.729800,1.00,-1787.066,176.293,0.127921,0.621040
892,2F2J,90.52,0.747500,1.00,-1684.157,172.321,0.116161,0.663400
893,2F5H,56.08,0.492500,1.00,-2019.709,269.515,0.400385,0.387030
896,2FJ4,56.76,0.523100,1.00,-2019.709,269.515,0.398167,0.341270
897,2FJ5,53.38,0.517700,1.00,-2019.709,269.515,0.446353,0.352590
898,2FQA,72.22,0.596600,1.00,-1832.249,176.059,0.305925,0.401360
899,2FR9,84.62,0.567600,1.00,-537.632,99.380,0.195563,0.385010
900,2FRB,78.85,0.545200,1.00,-581.634,96.220,0.299840,0.316240
901,2FXY,79.17,0.688100,1.00,-1038.866,35.217,0.271398,0.391470
902,2FXZ,86.54,0.651300,1.00,-798.872,18.160,0.226199,0.450070
903,2G6U,71.67,0.510100,1.00,-745.705,77.320,0.283915,0.310260
904,2G9L,66.22,0.729100,1.00,-2480.155,74.000,0.477208,0.563880
905,2G9P,69.23,0.671800,1.00,-1511.049,53.723,0.398999,0.437060
906,2GD3,59.38,0.554100,1.00,-1042.618,94.656,0.632141,0.317110
907,2GDL,39.52,0.467400,1.00,-1432.922,169.158,0.893341,0.369830
908,2GFR,61.36,0.534700,1.00,-458.424,67.088,0.312119,0.292390
909,2GJ0,82.26,0.635200,1.00,-1961.197,186.717,0.276180,0.555480
910,2GL1,98.94,0.859300,1.00,-3439.408,224.276,0.053065,0.945790
911,2GOF,55.71,0.526900,1.00,-2378.836,50.067,0.595967,0.484530
912,2GOH,61.43,0.526000,1.00,-2378.836,50.067,0.522538,0.493120
913,2GP8,76.25,0.636200,1.00,-2828.993,87.070,0.477522,0.666110
914,2GQE,85.16,0.742900,1.00,-2009.739,183.625,0.305787,0.685890
915,2GW9,92.97,0.769400,1.00,-1928.747,222.639,0.129776,0.760380
916,2GWP,83.59,0.728400,1.00,-2039.647,215.249,0.201707,0.621680
917,2GX1,87.93,0.668700,1.00,-1915.891,152.303,0.150822,0.550810
918,2H1Z,89.10,0.818700,1.00,-2727.022,230.158,0.137668,0.764160
919,2H9X,40.96,0.389400,1.00,-2725.000,305.819,0.651449,0.357620
920,2HFR,65.74,0.625900,1.00,-1828.268,52.882,0.287804,0.297560
921,2HGO,49.07,0.437000,1.00,-1634.400,290.393,0.523048,0.211490
922,2HLG,89.74,0.701700,1.00,-2633.908,249.019,0.165817,0.766630
923,2HM3,41.13,0.449600,1.00,-1299.140,457.302,0.726656,0.240560
924,2HM4,40.32,0.451200,1.00,-1461.084,228.211,0.772826,0.243460
925,2HM5,50.81,0.520400,1.00,-1461.084,228.211,0.599444,0.303880
926,2HM6,54.03,0.489000,1.00,-1508.372,239.403,0.890961,0.331050
927,2HN8,66.45,0.702900,1.00,-3343.873,92.113,0.330149,0.506100
928,2I1P,82.29,0.723500,1.00,-2518.884,226.781,0.235017,0.723450
929,2I1T,77.78,0.651700,1.00,-2253.118,160.179,0.221492,0.556630
930,2I5O,83.97,0.794700,1.00,-2740.589,157.822,0.175755,0.682700
931,2I9M,89.71,0.777600,1.00,-1135.464,15.515,0.122757,0.488930
932,2I9N,47.73,0.405500,1.00,-2045.512,155.511,0.924109,0.339070
933,2I9O,42.57,0.428900,1.00,-1824.177,168.146,0.616948,0.340650
934,2IFJ,79.17,0.556600,1.00,-640.808,46.227,0.278406,0.281170
935,2IGU,68.75,0.541600,1.00,-662.934,56.446,0.253546,0.285620
936,2IH6,77.27,0.604900,1.00,-575.543,52.486,0.241317,0.235470
937,2IMU,42.93,0.565000,1.00,-2114.753,259.147,0.687911,0.304920
938,2IT7,98.21,0.824900,1.00,-2025.079,121.754,0.053980,0.844240
939,2IV4,28.12,0.447500,1.00,-288.548,67.612,0.871382,0.097090
940,2IV5,28.26,0.321800,1.00,-798.609,118.370,0.912905,0.124520
941,2IV6,26.09,0.440700,1.00,-518.419,109.055,1.155982,0.175350
942,2IWJ,45.37,0.477900,1.00,-1203.969,105.977,0.754882,0.274680
943,2J15,76.67,0.584400,1.00,-670.801,95.929,0.239063,0.244490
944,2J8P,40.82,0.574700,1.00,-4489.194,98.141,1.073251,0.352800
945,2JM0,86.43,0.746200,1.00,-3152.013,74.936,0.146533,0.678440
946,2JM2,26.67,0.293300,1.00,-1712.643,383.416,1.591261,0.212940
947,2JM4,87.79,0.717000,1.00,-2426.192,232.357,0.262282,0.780460
948,2JMY,93.33,0.718100,1.00,-1078.587,26.219,0.102873,0.533860
949,2JN5,47.92,0.453700,1.00,-744.906,21.444,0.542567,0.251920
950,2JNH,82.61,0.672000,1.00,-4706.699,85.615,0.254124,0.726800
951,2JNI,86.90,0.697700,1.00,-1391.781,118.160,0.170073,0.392380
952,2JOC,68.92,0.582100,1.00,-2318.989,215.269,0.367937,0.513470
953,2JOF,88.75,0.762200,1.00,-1115.465,57.179,0.152401,0.413980
954,2JOS,82.95,0.630300,1.00,-1522.841,46.540,0.232944,0.461440
955,2JOU,47.06,0.350500,1.00,-3174.637,149.054,1.039377,0.356540
956,2JP6,60.81,0.567400,1.00,-2141.649,143.025,0.700831,0.410260
957,2JPJ,46.79,0.688700,1.00,-2477.172,51.024,0.666101,0.352790
958,2JPK,37.14,0.593500,1.00,-1739.928,204.893,1.135001,0.379570
959,2JPL,51.92,0.650000,1.00,-2477.172,51.024,0.593962,0.405340
960,2JPM,40.71,0.585300,1.00,-1739.928,204.893,0.765934,0.336210
961,2JPW,34.38,0.493600,1.00,-751.047,222.818,0.889991,0.205640
962,2JPX,66.43,0.641200,1.00,-2016.004,342.473,0.524590,0.506990
963,2JQ2,52.08,0.453900,1.00,-459.120,49.852,0.379486,0.297180
964,2JQB,53.33,0.512900,1.00,-681.329,85.133,0.498805,0.183720
965,2JQC,58.33,0.422800,1.00,-681.329,85.133,0.344245,0.251760
966,2JQW,52.94,0.441100,1.00,-907.329,67.726,0.545124,0.259440
967,2JR3,26.79,0.407300,1.00,-1604.474,421.925,1.023936,0.214430
968,2JR8,34.52,0.427000,1.00,-2137.139,272.456,1.215362,0.306050
969,2JRD,62.04,0.498700,1.00,-747.689,168.579,0.401751,0.312360
970,2JRV,48.33,0.523700,1.00,-742.588,90.041,0.625542,0.234900
971,2JRW,52.17,0.463700,1.00,-1137.932,123.540,0.454450,0.145180
972,2JRY,67.39,0.554600,1.00,-2791.702,360.277,0.401553,0.554300
973,2JSB,73.81,0.646300,1.00,-1416.507,122.201,0.318069,0.378160
974,2JTA,40.00,0.447400,1.00,-386.470,37.921,0.533546,0.404450
975,2JTB,91.67,0.744200,1.00,-2089.547,170.516,0.107963,0.731900
976,2JTU,73.68,0.590700,1.00,-2477.461,231.451,0.349449,0.541760
977,2JTW,71.00,0.673000,1.00,-1777.321,36.011,0.341601,0.363590
978,2JUE,31.03,0.294100,1.00,-1909.683,175.398,0.798707,0.186590
979,2JUI,61.36,0.647500,1.00,-2148.297,51.112,0.611251,0.386960
980,2JUQ,82.69,0.603900,1.00,-647.056,65.325,0.157048,0.325220
981,2JUR,84.62,0.678400,1.00,-734.890,61.641,0.187759,0.392300
982,2JUS,90.38,0.683900,1.00,-719.981,64.069,0.107254,0.450380
983,2JUT,88.46,0.667900,1.00,-684.515,48.274,0.195497,0.465500
984,2JUY,55.36,0.472800,1.00,-2097.097,167.099,0.575697,0.285940
985,2JVX,89.29,0.750800,1.00,-1919.909,125.068,0.209988,0.729510
986,2JVY,83.04,0.702500,1.00,-1892.288,129.905,0.295686,0.610660
987,2JWG,85.87,0.714400,1.00,-2781.234,207.261,0.154427,0.768470
988,2JWH,52.60,0.680800,1.00,-1618.915,300.627,0.920145,0.451790
989,2JWM,92.24,0.774400,1.00,-1895.430,229.117,0.154747,0.700560
990,2JXF,79.17,0.744400,1.00,-2681.156,53.868,0.310662,0.611220
991,2JY0,67.59,0.629000,1.00,-1693.723,64.352,0.380050,0.391800
992,2JYD,33.70,0.382200,1.00,-2566.412,278.956,0.900874,0.276780
993,2JYP,43.06,0.416000,1.00,-2722.339,174.727,0.867481,0.268590
994,2K10,54.69,0.661500,1.00,-2169.720,80.352,0.510803,0.280330
995,2K1A,76.79,0.758100,1.00,-2769.553,159.892,0.412974,0.657680
996,2K1I,90.62,0.710600,1.00,-1964.403,139.922,0.133896,0.684470
997,2K1P,80.30,0.725200,1.00,-1912.455,151.684,0.307377,0.634030
998,2K2Y,80.13,0.664000,1.00,-3102.102,245.639,0.216908,0.643770
999,2K2Z,73.08,0.611800,1.00,-2301.973,144.103,0.388894,0.598250
1000,2K44,53.57,0.620400,1.00,-2312.175,86.177,0.842546,0.341690
1001,2K4U,90.54,0.725400,1.00,-2785.311,170.415,0.112633,0.770370
1004,2K6O,77.03,0.741900,1.00,-2976.557,115.174,0.352388,0.610190
1005,2K6R,81.03,0.625900,1.00,-1927.117,213.583,0.209496,0.550560
1006,2K72,90.54,0.716100,1.00,-3441.762,258.379,0.148453,0.750590
1007,2K76,84.17,0.745000,1.00,-2086.992,100.358,0.141476,0.606680
1008,2K7G,94.83,0.821100,1.00,-2039.555,178.551,0.080068,0.721080
1009,2K7Y,44.44,0.479800,1.00,-3375.751,124.330,0.570518,0.411250
1010,2K84,40.83,0.527700,1.00,-1412.862,193.156,0.643530,0.277370
1012,2K98,55.21,0.628500,1.00,-1440.138,40.275,0.815093,0.357890
1013,2K9D,75.57,0.642000,1.00,-4733.043,95.056,0.176035,0.610030
1014,2K9O,68.75,0.582600,1.00,-2234.231,170.927,0.368566,0.517540
1015,2KAM,84.62,0.746300,1.00,-1845.844,59.551,0.159918,0.569670
1016,2KB8,49.32,0.537200,1.00,-2246.405,218.048,1.081397,0.395710
1017,2KB9,73.86,0.637000,1.00,-2958.810,264.370,0.250520,0.596750
1018,2KBL,65.52,0.639400,1.00,-1779.274,153.714,0.377053,0.353670
1019,2KCF,75.69,0.665300,1.00,-2240.374,153.628,0.371201,0.556720
1020,2KCG,95.83,0.796700,1.00,-2064.201,185.515,0.077745,0.765070
1021,2KCH,90.52,0.729300,1.00,-1841.767,183.861,0.275706,0.688750
1023,2KDT,36.67,0.545300,1.00,-2569.189,253.270,0.885080,0.292290
1024,2KE3,41.86,0.486600,1.00,-2901.644,239.021,0.875258,0.299540
1025,2KEF,75.00,0.661900,1.00,-1425.584,124.968,0.448793,0.388070
1026,2KEG,56.25,0.451900,1.00,-1826.929,137.441,0.832426,0.414240
1027,2KEH,58.59,0.476200,1.00,-1826.929,137.441,0.948660,0.421820
1028,2KES,69.27,0.791200,1.00,-3821.205,105.270,0.297262,0.727680
1029,2KFE,68.75,0.695500,1.00,-1714.334,37.898,0.263886,0.330280
1030,2KFQ,33.59,0.313100,1.00,-2248.016,160.522,0.895134,0.305810
1031,2KGH,37.82,0.431900,1.00,-2035.224,239.453,1.059217,0.366570
1032,2KGN,68.75,0.551800,1.00,-1412.362,68.456,0.322692,0.251960
1033,2KGU,89.29,0.791300,1.00,-1868.539,149.515,0.127374,0.770680
1034,2KHB,87.07,0.717500,1.00,-1973.261,156.345,0.250570,0.644560
1035,2KHF,70.00,0.623500,1.00,-1770.267,38.099,0.279606,0.425490
1036,2KHG,73.00,0.594100,1.00,-1770.267,38.099,0.313279,0.448860
1037,2KI0,65.97,0.613900,1.00,-2467.703,172.488,0.391895,0.439960
1038,2KI9,55.30,0.621600,1.00,-2899.067,46.533,0.494495,0.391860
1039,2KIO,59.09,0.600700,1.00,-2604.788,163.765,0.456876,0.356910
1040,2KIR,70.59,0.566300,1.00,-2271.823,149.745,0.257709,0.445320
1041,2KIT,74.24,0.653400,1.00,-2604.788,163.765,0.338609,0.542470
1042,2KJM,41.67,0.557500,1.00,-2066.653,79.258,1.277108,0.290680
1043,2KJN,75.96,0.649500,1.00,-1953.263,34.180,0.386969,0.539920
1044,2KJO,66.35,0.625900,1.00,-1953.263,34.180,0.369031,0.414640
1045,2KLV,50.54,0.591800,1.00,-3327.408,81.880,0.559470,0.433040
1046,2KM9,93.00,0.678600,1.00,-1292.679,139.744,0.096506,0.584020
1047,2KMO,93.18,0.739300,1.00,-2655.361,234.198,0.119991,0.849170
1048,2KMP,84.66,0.727800,1.00,-2655.361,234.198,0.349485,0.759710
1049,2KMQ,80.11,0.693600,1.00,-2655.361,234.198,0.211708,0.656540
1050,2KMR,65.34,0.564800,1.00,-2655.361,234.198,0.990980,0.543390
1051,2KNI,86.59,0.707000,1.00,-2269.692,328.191,0.206044,0.737480
1052,2KNM,94.17,0.802800,1.00,-2064.201,185.515,0.097654,0.719830
1053,2KNP,81.82,0.698300,1.00,-1913.854,196.337,0.194148,0.601800
1054,2KNS,46.21,0.655000,1.00,-1976.409,96.733,0.826497,0.348380
1055,2KNU,53.45,0.528800,1.00,-1924.030,79.838,0.508591,0.377280
1056,2KOE,41.88,0.585500,1.00,-3189.840,89.654,0.798404,0.331050
1057,2KOZ,96.97,0.783900,1.00,-2253.811,117.535,0.115756,0.822680
1058,2KP0,89.39,0.726100,1.00,-2334.665,114.239,0.125061,0.679870
1059,2KPA,52.88,0.545100,1.00,-1537.679,99.589,0.465057,0.248220
1060,2KPB,52.88,0.544700,1.00,-1537.679,99.589,0.585851,0.330990
1061,2KSG,32.29,0.619200,1.00,-3159.073,51.265,1.428674,0.268560
1062,2KSJ,60.87,0.724500,1.00,-3327.408,81.880,0.521230,0.518820
1063,2KTC,64.71,0.555900,1.00,-1969.239,175.923,0.559716,0.433310
1064,2KTX,88.82,0.706900,1.00,-2736.127,186.026,0.175312,0.747560
1065,2KUK,92.50,0.762100,1.00,-2166.503,189.305,0.097548,0.681410
1066,2KUS,89.29,0.761800,1.00,-2261.209,119.452,0.115015,0.731590
1067,2KUX,94.17,0.776600,1.00,-2184.576,228.032,0.095596,0.710990
1068,2KUY,52.91,0.415500,1.00,-3559.822,198.204,0.971202,0.396040
1069,2KV5,72.73,0.669400,1.00,-2631.378,63.708,0.485536,0.628610
1070,2KVF,86.61,0.612900,1.00,-1851.698,123.714,0.184076,0.592680
1071,2KVG,75.93,0.688600,1.00,-1883.119,79.238,0.229476,0.408500
1072,2KVH,87.04,0.635600,1.00,-1822.355,108.600,0.210706,0.572280
1073,2KVX,95.54,0.767200,1.00,-1989.661,163.604,0.093952,0.711220
1074,2KWT,72.73,0.572200,1.00,-2901.046,89.390,0.322373,0.508360
1075,2KWY,56.98,0.730800,1.00,-2243.479,156.457,0.461924,0.520690
1076,2KWZ,65.00,0.666800,1.00,-3198.213,111.015,0.359526,0.491530
1077,2KXA,45.83,0.617200,1.00,-1370.860,136.983,1.093578,0.306980
1078,2KY3,86.36,0.703700,1.00,-2161.356,139.953,0.278714,0.673420
1079,2KYA,45.59,0.518500,1.00,-1678.546,119.705,0.802794,0.344560
1080,2KYJ,90.97,0.731100,1.00,-2023.684,236.099,0.136537,0.756760
1081,2KYK,64.74,0.507700,1.00,-2351.034,202.191,0.662751,0.476340
1082,2KZQ,54.86,0.478600,1.00,-2481.445,133.160,1.213843,0.428970
1083,2L07,79.17,0.596800,1.00,-798.610,126.755,0.222065,0.307740
1084,2L0G,83.59,0.665400,1.00,-3044.226,73.595,0.298686,0.642890
1085,2L0L,57.41,0.647300,1.00,-1603.616,60.970,0.608390,0.325130
1086,2L0M,67.59,0.662300,1.00,-1603.616,60.970,0.365385,0.354520
1087,2L0N,66.67,0.636000,1.00,-2421.560,51.535,0.301266,0.406400
1088,2L0O,60.83,0.606400,1.00,-2421.560,51.535,0.421105,0.392670
1089,2L1J,62.50,0.528600,1.00,-1986.034,222.764,0.359592,0.400690
1090,2L1Q,69.38,0.697400,1.00,-2218.767,233.483,0.696327,0.605430
1091,2L1X,40.38,0.546100,1.00,-2823.190,98.921,0.922584,0.330340
1092,2L2R,80.41,0.638200,1.00,-2208.586,171.263,0.432392,0.705880
1093,2L36,59.38,0.672100,1.00,-1375.916,33.727,0.460977,0.298760
1094,2L37,86.63,0.669400,1.00,-3565.631,86.312,0.218076,0.775750
1095,2L3H,39.74,0.495300,1.00,-2521.398,112.203,1.020977,0.255290
1096,2L3I,58.33,0.540400,1.00,-2254.212,94.909,0.561203,0.463600
1097,2L44,78.95,0.589400,1.00,-867.106,83.378,0.233092,0.253180
1098,2L4G,54.63,0.607300,1.00,-958.503,126.820,0.481912,0.307200
1099,2L4J,64.67,0.583800,1.00,-2919.458,234.446,0.639117,0.530640
1100,2L4U,65.62,0.590900,1.00,-1412.362,68.456,0.332055,0.305930
1101,2L5I,33.33,0.428300,1.00,-1217.316,135.484,0.727733,0.139960
1102,2L5J,40.48,0.440400,1.00,-1217.316,135.484,0.548564,0.098440
1103,2L5R,82.61,0.752900,1.00,-1525.625,42.147,0.228129,0.383810
1104,2L61,41.35,0.438300,1.00,-1164.295,179.019,0.796921,0.183480
1105,2L62,36.54,0.429800,1.00,-1164.295,179.019,0.866328,0.202190
1106,2L63,59.09,0.654100,1.00,-2648.661,55.979,0.491037,0.402720
1107,2L64,64.39,0.638000,1.00,-2648.661,55.979,0.321677,0.448230
1108,2L6S,43.75,0.504100,1.00,-879.003,93.916,0.733361,0.128790
1109,2L6T,48.75,0.559800,1.00,-879.003,93.916,0.668973,0.166550
1110,2L70,56.55,0.660900,1.00,-3227.804,110.330,0.489467,0.453470
1111,2L71,57.14,0.616700,1.00,-3227.804,110.330,0.584613,0.515940
1112,2L77,54.49,0.589400,1.00,-2521.398,112.203,0.955675,0.444930
1113,2L79,50.00,0.483000,1.00,-2521.398,112.203,0.584155,0.362230
1114,2L7C,32.89,0.458800,1.00,-506.313,120.890,0.573485,0.118280
1115,2L7T,54.55,0.565100,1.00,-314.448,48.567,0.441523,0.264030
1116,2L87,37.04,0.500500,1.00,-927.659,159.639,0.749870,0.195900
1117,2L8E,68.88,0.666200,1.00,-3112.148,221.487,0.507615,0.590320
1118,2L91,66.86,0.738300,1.00,-3432.051,97.237,0.471772,0.595120
1122,2L9G,81.58,0.697200,1.00,-1232.906,46.888,0.160203,0.268780
1123,2L9X,27.50,0.423800,1.00,-967.383,193.149,1.263827,0.206040
1124,2L9Z,64.74,0.658600,1.00,-2398.917,307.990,0.556780,0.510120
1125,2LA0,47.50,0.407400,1.00,-1301.649,232.168,0.754070,0.268720
1126,2LAM,88.79,0.743100,1.00,-2099.782,199.967,0.210079,0.721510
1127,2LAQ,36.81,0.464300,1.00,-1831.198,222.487,0.695501,0.234270
1128,2LAT,64.86,0.702800,1.00,-2796.130,99.281,0.477117,0.576070
1129,2LB7,82.95,0.698900,1.00,-3130.345,257.998,0.168983,0.695320
1130,2LBG,75.00,0.781700,1.00,-1044.895,32.655,0.236705,0.426840
1131,2LBZ,35.48,0.386300,1.00,-2145.485,96.227,1.040619,0.288950
1132,2LCM,64.29,0.648600,1.00,-1818.613,96.220,0.376572,0.417600
1133,2LDE,61.00,0.532700,1.00,-1736.279,147.532,0.467045,0.351340
1134,2LDF,52.08,0.548700,1.00,-1457.085,177.567,0.704075,0.323510
1135,2LDJ,86.25,0.662000,1.00,-1170.867,162.996,0.174796,0.361080
1136,2LDS,77.08,0.604700,1.00,-2194.614,238.437,0.251898,0.558240
1137,2LE3,68.45,0.567000,1.00,-2924.308,166.069,0.624998,0.545410
1138,2LE7,46.25,0.507100,1.00,-826.280,109.686,0.527603,0.172780
1139,2LER,61.36,0.546800,1.00,-384.483,65.043,0.298759,0.197560
1140,2LET,89.29,0.721500,1.00,-1951.137,103.053,0.115514,0.584060
1141,2LEU,63.51,0.509700,1.00,-2227.023,181.792,0.813360,0.465730
1142,2LEW,82.81,0.645300,1.00,-1977.383,147.758,0.249387,0.576600
1143,2LEY,89.06,0.740100,1.00,-2056.573,156.351,0.203913,0.706510
1144,2LFM,28.12,0.399300,1.00,-1436.780,329.331,1.169221,0.242440
1145,2LG4,94.38,0.789300,1.00,-2736.798,184.771,0.120559,0.835180
1146,2LG5,76.39,0.646700,1.00,-2512.680,156.831,0.315176,0.576200
1147,2LG6,85.42,0.672100,1.00,-2620.665,197.253,0.262819,0.673490
1148,2LI3,62.50,0.516700,1.00,-2211.473,100.402,0.489911,0.393530
1149,2LIC,36.43,0.449600,1.00,-1607.939,206.964,0.734927,0.206200
1150,2LID,34.29,0.497700,1.00,-1414.463,238.178,0.693237,0.229330
1151,2LIF,64.81,0.666000,1.00,-1597.570,112.386,0.467120,0.390930
1152,2LIX,63.89,0.528400,1.00,-1790.664,149.828,0.372355,0.388840
1153,2LIY,65.56,0.570700,1.00,-2969.003,208.097,0.351797,0.550600
1154,2LJ7,78.72,0.683000,1.00,-3440.870,240.569,0.247618,0.678110
1155,2LJQ,55.41,0.571000,1.00,-1479.375,192.464,0.570309,0.384660
1156,2LJS,87.50,0.739300,1.00,-1689.719,143.570,0.239118,0.671300
1157,2LJT,42.57,0.444500,1.00,-1749.168,191.437,0.845784,0.288600
1158,2LK9,54.29,0.513500,1.00,-2444.000,58.059,0.552850,0.446520
1159,2LKE,53.12,0.537800,1.00,-737.801,138.780,0.744822,0.261530
1160,2LKJ,58.33,0.518800,1.00,-737.801,138.780,0.588422,0.289470
1161,2LKQ,65.62,0.620300,1.00,-1175.204,112.121,0.446410,0.329430
1162,2LL1,87.12,0.705500,1.00,-2175.201,229.969,0.158795,0.669790
1163,2LL2,38.46,0.485500,1.00,-863.575,209.956,0.964487,0.189920
1164,2LL5,97.73,0.840600,1.00,-1148.359,61.114,0.070927,0.605600
1165,2LLD,80.00,0.657400,1.00,-2825.479,158.432,0.334832,0.683830
1166,2LLM,54.07,0.679200,1.00,-2599.759,211.376,0.979403,0.517950
1167,2LLR,78.41,0.656600,1.00,-1216.136,112.733,0.198537,0.308040
1168,2LM8,44.23,0.479800,1.00,-367.935,96.418,0.815908,0.172110
1169,2LMA,26.14,0.464400,1.00,-800.968,136.617,0.611445,0.204020
1170,2LMB,25.58,0.385000,1.00,-1412.973,217.730,1.172565,0.195130
1171,2LMF,80.43,0.758000,1.00,-1783.075,44.419,0.214397,0.422780
1172,2LMZ,86.31,0.680300,1.00,-3961.578,170.281,0.190986,0.729690
1173,2LNE,67.31,0.537300,1.00,-415.518,68.120,0.333088,0.257010
1174,2LNF,48.08,0.517200,1.00,-415.518,68.120,0.395807,0.180940
1175,2LNG,53.85,0.477900,1.00,-415.518,68.120,0.379331,0.151990
1176,2LO2,78.29,0.619500,1.00,-2196.401,135.668,0.347816,0.644690
1177,2LO3,59.66,0.635800,1.00,-2700.530,223.521,0.878461,0.500750
1178,2LO7,56.45,0.512600,1.00,-2057.650,114.945,0.697168,0.448180
1179,2LQ0,83.00,0.673600,1.00,-1650.532,84.449,0.387667,0.565610
1180,2LQ1,49.00,0.497800,1.00,-1070.962,127.302,0.586247,0.209520
1181,2LQ2,51.67,0.582700,1.00,-1279.585,203.819,0.790411,0.389830
1182,2LQA,95.95,0.795400,1.00,-2696.472,173.195,0.113013,0.851880
1183,2LQX,87.20,0.670700,1.00,-3284.556,116.352,0.255612,0.765310
1184,2LQY,76.25,0.640500,1.00,-1590.425,24.032,0.324367,0.327920
1185,2LR3,81.38,0.615700,1.00,-3176.842,216.283,0.206656,0.713120
1186,2LR5,77.63,0.651700,1.00,-2903.142,132.664,0.257489,0.614650
1187,2LR7,33.62,0.472900,1.00,-2166.992,81.565,1.010463,0.204310
1188,2LRX,57.78,0.579100,1.00,-3330.270,181.445,0.468806,0.408010
1189,2LS1,42.50,0.443500,1.00,-870.742,150.572,0.685669,0.159640
1190,2LS2,80.00,0.703800,1.00,-2125.574,33.575,0.370956,0.562550
1191,2LS3,65.52,0.710900,1.00,-2531.431,71.083,0.359579,0.478780
1192,2LS4,65.62,0.562900,1.00,-1551.042,54.092,0.395192,0.326570
1193,2LS9,56.00,0.621500,1.00,-1332.030,52.832,0.486652,0.243420
1194,2LSA,55.43,0.648400,1.00,-1426.733,61.999,0.447933,0.217100
1195,2LSQ,64.00,0.503900,1.00,-1502.307,143.756,0.500150,0.301010
1196,2LSW,30.62,0.373400,1.00,-1421.979,232.999,1.102414,0.201350
1197,2LT8,80.95,0.741100,1.00,-3025.309,161.882,0.229101,0.676340
1198,2LTI,32.61,0.465200,1.00,-882.703,111.921,0.896851,0.142200
1200,2LU9,79.84,0.689500,1.00,-2068.275,135.064,0.253310,0.496410
1201,2LUF,73.75,0.558400,1.00,-962.542,136.216,0.337723,0.312570
1202,2LUG,45.83,0.525700,1.00,-1594.947,168.886,1.448317,0.382480
1203,2LUR,73.28,0.599200,1.00,-1794.010,188.883,0.420194,0.470540
1204,2LUV,50.00,0.636900,1.00,-1519.642,247.754,1.088970,0.386520
1205,2LVG,70.00,0.710800,1.00,-2917.416,71.142,0.360238,0.540210
1206,2LWB,62.50,0.464900,1.00,-1531.793,75.052,0.346989,0.209550
1207,2LWL,71.43,0.647000,1.00,-3037.332,230.808,0.373033,0.585760
1208,2LWQ,57.81,0.515400,1.00,-626.781,94.306,0.388549,0.245080
1209,2LWS,72.92,0.532500,1.00,-571.792,51.763,0.238903,0.309240
1210,2LWT,51.39,0.418200,1.00,-710.892,144.048,0.410265,0.148890
1211,2LWU,90.00,0.760400,1.00,-635.674,75.077,0.156486,0.402200
1212,2LWV,82.35,0.685900,1.00,-844.513,81.399,0.184156,0.283470
1213,2LX0,63.28,0.653400,1.00,-2899.656,65.438,0.370794,0.434160
1214,2LX4,88.24,0.700600,1.00,-1000.597,34.328,0.181634,0.440310
1215,2LX5,88.89,0.606200,1.00,-949.993,45.533,0.276281,0.506770
1216,2LX6,34.21,0.485100,1.00,-634.972,92.333,0.941304,0.169710
1217,2LXO,51.70,0.469000,1.00,-3377.942,248.346,0.620190,0.397030
1218,2LXZ,89.84,0.722800,1.00,-2178.066,154.650,0.116999,0.676490
1219,2LYE,88.89,0.740800,1.00,-900.311,80.875,0.143066,0.356920
1220,2LYF,90.28,0.745900,1.00,-1108.012,84.864,0.138642,0.407080
1221,2LZI,47.22,0.405100,1.00,-855.146,140.025,0.587609,0.144980
1222,2LZO,72.41,0.692800,1.00,-1664.039,140.260,0.343535,0.482990
1223,2LZP,56.45,0.568400,1.00,-1666.729,119.245,0.675502,0.450570
1224,2LZQ,78.85,0.752400,1.00,-2466.208,77.009,0.311006,0.522800
1225,2LZX,91.89,0.772900,1.00,-2669.315,186.810,0.120000,0.791670
1226,2LZY,83.57,0.713100,1.00,-2484.863,157.250,0.227603,0.645820
1227,2M0H,63.64,0.622600,1.00,-1422.994,81.863,0.549379,0.397840
1228,2M0S,45.54,0.446300,1.00,-1830.292,109.566,0.910708,0.293690
1229,2M0W,63.04,0.669000,1.00,-1323.679,50.875,0.689158,0.343110
1230,2M1A,78.85,0.628900,1.00,-1407.063,43.323,0.186511,0.534170
1231,2M1J,67.50,0.619000,1.00,-2152.031,66.426,0.583413,0.454110
1232,2M1P,76.39,0.642400,1.00,-754.508,92.748,0.355273,0.323550
1233,2M1T,61.36,0.614200,1.00,-1580.441,70.885,0.493065,0.246200
1234,2M2G,84.72,0.713800,1.00,-793.715,76.853,0.197695,0.435440
1235,2M2H,86.11,0.691200,1.00,-683.201,86.320,0.149588,0.321300
1236,2M2Q,94.53,0.799000,1.00,-2396.889,149.686,0.100441,0.775010
1237,2M2R,82.58,0.666400,1.00,-2278.205,294.539,0.245634,0.611330
1238,2M2S,72.22,0.636300,1.00,-676.122,83.055,0.379679,0.202670
1239,2M2X,30.56,0.289900,1.00,-869.114,20.120,1.018225,0.109590
1240,2M2Y,69.44,0.605600,1.00,-1004.451,138.977,0.415060,0.309890
1241,2M36,84.21,0.700000,1.00,-1982.609,244.875,0.241885,0.690270
1242,2M37,38.16,0.501100,1.00,-509.583,118.019,0.836470,0.212250
1243,2M3F,90.91,0.734000,1.00,-1730.779,43.808,0.107698,0.506980
1244,2M3J,87.88,0.746400,1.00,-2401.384,164.247,0.178394,0.679890
1245,2M3N,69.44,0.565200,1.00,-828.083,108.186,0.259054,0.205570
1246,2M4X,74.29,0.576800,1.00,-2437.874,212.161,0.236077,0.505640
1247,2M4Z,71.43,0.588600,1.00,-2367.402,199.085,0.259400,0.465640
1248,2M50,82.86,0.681400,1.00,-2626.274,182.622,0.182163,0.615600
1249,2M5L,60.00,0.647700,1.00,-828.458,89.644,0.459438,0.202450
1250,2M5X,91.88,0.845800,1.00,-2769.430,145.135,0.168919,0.830450
1251,2M5Z,94.89,0.723900,1.00,-5508.418,147.491,0.092784,0.865630
1252,2M60,86.63,0.705500,1.00,-5732.697,113.593,0.149126,0.761990
1253,2M62,56.25,0.539500,1.00,-637.437,84.329,0.316423,0.260660
1254,2M6A,73.21,0.612600,1.00,-1868.657,80.774,0.236623,0.414120
1255,2M6O,76.56,0.750700,1.00,-3156.911,255.526,0.370104,0.701340
1256,2M6P,79.89,0.682300,1.00,-3153.366,215.475,0.430878,0.700180
1257,2M73,67.00,0.598000,1.00,-1520.161,100.948,0.344067,0.319970
1258,2M77,83.33,0.735600,1.00,-1006.066,70.343,0.161076,0.315400
1259,2M78,91.67,0.767200,1.00,-1067.083,88.246,0.114159,0.429580
1260,2M79,75.00,0.662800,1.00,-939.825,102.458,0.213426,0.278480
1261,2M7C,76.19,0.636200,1.00,-1196.467,95.121,0.425579,0.347760
1262,2M7D,58.75,0.607800,1.00,-1060.399,50.542,0.635457,0.360480
1263,2M7E,47.12,0.608700,1.00,-1116.221,155.131,0.690243,0.287160
1264,2M7I,39.29,0.434100,1.00,-670.170,42.927,0.701049,0.219170
1265,2M7J,41.07,0.493200,1.00,-282.921,72.468,0.783835,0.197450
1266,2M7P,77.38,0.676400,1.00,-2624.720,267.802,0.274249,0.659670
1267,2M7T,88.64,0.769600,1.00,-1940.985,197.016,0.197814,0.694070
1268,2M7X,37.50,0.475800,1.00,-2409.819,195.896,0.968168,0.349480
1269,2M8F,51.04,0.436900,1.00,-1256.490,109.147,0.767659,0.250230
1270,2M8I,80.23,0.707000,1.00,-2519.602,219.831,0.230382,0.657560
1271,2M8J,81.98,0.736300,1.00,-2599.039,193.315,0.232524,0.743900
1272,2M8M,83.93,0.711500,1.00,-2526.238,46.129,0.192295,0.563500
1273,2M8O,71.43,0.680800,1.00,-2526.238,46.129,0.244214,0.422100
1274,2M96,78.41,0.637300,1.00,-2362.804,217.265,0.284143,0.645810
1275,2M9E,87.88,0.764900,1.00,-2083.478,260.386,0.195632,0.689300
1276,2M9F,75.76,0.721000,1.00,-2083.478,260.386,0.344917,0.553540
1277,2M9I,80.15,0.716600,1.00,-2246.463,170.751,0.281822,0.589600
1278,2M9J,84.56,0.710300,1.00,-2246.463,170.751,0.275696,0.675400
1279,2M9L,88.57,0.709200,1.00,-2535.219,142.557,0.349680,0.762570
1280,2M9O,91.38,0.741800,1.00,-1889.881,201.250,0.122034,0.666000
1281,2M9R,25.62,0.428800,1.00,-1436.780,329.331,1.877390,0.210140
1282,2M9S,28.12,0.411800,1.00,-1436.780,329.331,1.755522,0.262930
1283,2MAA,48.08,0.476300,1.00,-460.241,97.989,0.419583,0.108250
1284,2MAE,33.65,0.484300,1.00,-875.058,166.107,0.817510,0.216610
1285,2MAU,93.33,0.764800,1.00,-2098.245,194.451,0.083835,0.730760
1286,2MBD,70.37,0.591600,1.00,-1446.392,126.392,0.368076,0.452560
1287,2MBY,59.24,0.598900,1.00,-3692.710,115.297,0.479397,0.473500
1288,2MCE,32.14,0.436000,1.00,-643.852,88.254,0.652517,0.098080
1289,2MD1,77.94,0.631100,1.00,-1031.047,46.217,0.280222,0.432500
1290,2MD2,85.00,0.642700,1.00,-614.113,26.684,0.164160,0.482790
1291,2MD4,100.00,0.712500,1.00,-695.003,30.132,0.052273,0.652790
1292,2MD6,87.50,0.694800,1.00,-1104.941,92.867,0.196014,0.344770
1293,2MDC,44.27,0.472600,1.00,-3109.451,329.399,0.853979,0.359250
1294,2MDL,43.75,0.445300,1.00,-677.259,192.581,0.726105,0.181110
1295,2MDU,86.21,0.716700,1.00,-2046.573,163.344,0.199061,0.619740
1296,2ME1,61.11,0.529400,1.00,-2521.582,48.784,0.398454,0.331980
1297,2ME2,54.63,0.568100,1.00,-2322.052,44.458,0.448055,0.416450
1298,2ME3,66.67,0.524100,1.00,-2537.113,56.298,0.319695,0.356440
1299,2ME4,55.56,0.531200,1.00,-2304.104,66.823,0.500255,0.293770
1300,2ME7,92.42,0.770600,1.00,-2255.880,125.543,0.225305,0.797890
1301,2MEL,92.42,0.771600,1.00,-2264.198,141.534,0.117182,0.743090
1302,2MEN,81.82,0.700300,1.00,-2085.419,111.595,0.347700,0.625010
1303,2MEO,81.06,0.687800,1.00,-2201.425,145.612,0.315000,0.611730
1304,2MF3,45.21,0.412300,1.00,-3261.614,305.521,0.560763,0.460190
1305,2MFM,40.00,0.500100,1.00,-490.532,62.371,0.670653,0.144940
1306,2MFO,45.00,0.475900,1.00,-360.092,89.617,0.642010,0.148450
1307,2MFP,53.23,0.496800,1.00,-1503.894,220.208,0.510127,0.284340
1308,2MFS,95.71,0.809400,1.00,-2332.899,170.750,0.080959,0.839130
1309,2MFV,39.29,0.468200,1.00,-178.227,52.139,0.792247,0.239690
1310,2MG1,70.37,0.755400,1.00,-1861.778,24.131,0.307390,0.466210
1311,2MG2,85.71,0.717700,1.00,-2305.278,69.142,0.159654,0.533120
1312,2MG3,66.07,0.638700,1.00,-2305.278,69.142,0.425296,0.436800
1313,2MH1,76.52,0.649100,1.00,-1977.985,173.114,0.377723,0.561360
1314,2MHU,63.33,0.504900,1.00,-1776.430,182.872,0.399694,0.380510
1315,2MHW,49.07,0.626600,1.00,-1700.142,75.552,0.721707,0.362090
1316,2MI1,50.00,0.444800,1.00,-488.415,86.172,0.396065,0.095820
1317,2MI9,79.17,0.598000,1.00,-1953.902,290.570,0.197747,0.511890
1318,2MIA,78.33,0.585500,1.00,-1953.902,290.570,0.204072,0.507340
1319,2MID,43.75,0.513100,1.00,-366.080,50.526,0.612035,0.308970
1320,2MIE,43.75,0.469900,1.00,-325.172,64.277,0.567964,0.192690
1321,2MIF,47.92,0.515100,1.00,-299.256,47.001,0.559239,0.263730
1322,2MIG,45.83,0.491600,1.00,-328.232,59.482,0.599498,0.265870
1323,2MIH,39.29,0.458600,1.00,-431.225,56.515,0.775304,0.224510
1324,2MIJ,64.86,0.593700,1.00,-2803.333,93.394,0.343510,0.477620
1325,2MIX,63.10,0.606800,1.00,-1139.239,165.659,0.597177,0.252830
1326,2MJ1,41.67,0.410700,1.00,-493.611,100.226,0.591611,0.097950
1327,2MJ2,70.14,0.586800,1.00,-2616.434,127.365,0.498382,0.514520
1328,2MJ9,68.59,0.659900,1.00,-2730.199,105.727,0.475761,0.520900
1329,2MJC,67.65,0.650800,1.00,-1830.252,143.751,0.617111,0.524010
1330,2MJK,91.46,0.767400,1.00,-4022.100,184.395,0.134479,0.808960
1331,2MKB,65.00,0.508400,1.00,-2253.384,38.015,0.653667,0.481770
1332,2ML7,80.65,0.683400,1.00,-2344.296,154.268,0.155414,0.544140
1333,2MLA,93.24,0.734300,1.00,-2432.062,182.848,0.105191,0.771270
1334,2MLD,96.62,0.781700,1.00,-2491.116,159.170,0.077863,0.855770
1335,2MLJ,37.50,0.466200,1.00,-839.458,51.567,1.019532,0.165940
1336,2MLO,84.38,0.634600,1.00,-1063.841,58.405,0.204842,0.491280
1337,2MLQ,82.81,0.610800,1.00,-1063.841,58.405,0.220342,0.357360
1338,2MLU,42.50,0.386000,1.00,-1789.637,108.888,0.590460,0.216400
1339,2MLV,42.50,0.411300,1.00,-1789.637,108.888,0.569248,0.299520
1340,2MM5,85.00,0.670900,1.00,-2112.400,202.805,0.211073,0.593030
1341,2MM6,84.17,0.662100,1.00,-2231.678,223.433,0.194405,0.576950
1342,2MMM,60.42,0.634300,1.00,-1860.602,127.040,0.473796,0.451940
1343,2MMT,34.52,0.383900,1.00,-1140.039,107.797,1.032490,0.112850
1344,2MMW,46.43,0.446700,1.00,-923.751,129.433,0.654932,0.146690
1345,2MN1,95.83,0.788800,1.00,-2054.372,191.158,0.074767,0.786910
1346,2MN3,61.93,0.576200,1.00,-2172.479,263.325,0.476288,0.501200
1347,2MOC,93.18,0.711800,1.00,-521.481,21.689,0.087551,0.465760
1348,2MOF,60.71,0.573400,1.00,-2962.587,135.092,0.490480,0.584380
1349,2MPJ,79.00,0.657600,1.00,-1219.709,111.709,0.278965,0.416750
1350,2MPQ,93.06,0.772700,1.00,-2341.096,172.044,0.143311,0.797590
1351,2MQ2,37.50,0.475600,1.00,-155.126,62.880,1.001004,0.206670
1352,2MQ4,43.18,0.485900,1.00,-159.943,47.683,0.667907,0.181550
1353,2MQ5,52.50,0.496300,1.00,-176.150,41.063,0.375469,0.289370
1354,2MQF,98.53,0.813100,1.00,-2139.505,151.594,0.066627,0.870970
1355,2MQU,90.00,0.737300,1.00,-2249.356,199.018,0.118492,0.705860
1356,2MR9,86.93,0.721200,1.00,-4294.973,216.514,0.147764,0.783000
1357,2MRB,61.29,0.513800,1.00,-2019.001,196.685,0.417309,0.382210
1358,2MRF,79.55,0.704100,1.00,-2203.478,107.485,0.248580,0.559390
1359,2MRT,70.83,0.562900,1.00,-1862.441,255.630,0.287344,0.437090
1360,2MRW,40.62,0.311000,1.00,-3427.104,142.598,1.100380,0.374590
1361,2MSF,46.55,0.425700,1.00,-1497.913,390.741,0.722292,0.389320
1362,2MSO,77.50,0.646900,1.00,-1976.240,136.845,0.363440,0.520250
1363,2MSQ,74.07,0.579600,1.00,-1907.628,169.691,0.289683,0.400370
1364,2MSU,66.25,0.568900,1.00,-1134.644,54.614,0.374921,0.346560
1365,2MT7,93.57,0.785700,1.00,-2307.739,196.552,0.138729,0.799000
1366,2MT8,66.03,0.617600,1.00,-2206.698,175.375,0.611508,0.547990
1367,2MTM,57.89,0.504200,1.00,-837.426,121.365,0.306651,0.203350
1368,2MTO,76.92,0.539900,1.00,-648.997,44.482,0.293259,0.330990
1369,2MTT,71.15,0.502600,1.00,-633.759,38.808,0.320506,0.216180
1370,2MTU,71.15,0.517300,1.00,-633.759,38.808,0.424133,0.354250
1371,2MTW,60.00,0.540100,1.00,-1022.471,92.717,0.471989,0.323010
1372,2MTY,51.25,0.497300,1.00,-992.491,84.017,0.443924,0.118070
1373,2MU6,67.50,0.633500,1.00,-1325.000,64.233,0.354989,0.297380
1374,2MU7,47.50,0.476100,1.00,-659.152,153.665,0.572581,0.183760
1375,2MU8,41.25,0.446700,1.00,-1255.533,52.307,0.533194,0.130450
1376,2MU9,75.00,0.629600,1.00,-1452.544,55.129,0.415767,0.322860
1377,2MUA,80.95,0.662100,1.00,-1092.975,73.464,0.189001,0.405380
1378,2MUB,58.33,0.474500,1.00,-3120.620,250.921,0.449600,0.517460
1379,2MUE,75.00,0.588400,1.00,-1192.969,102.844,0.337291,0.369400
1380,2MUF,80.00,0.643400,1.00,-1209.791,63.673,0.352176,0.362950
1381,2MUH,89.06,0.646900,1.00,-713.931,98.888,0.163633,0.377000
1382,2MUJ,42.86,0.496000,1.00,-859.971,196.439,0.701594,0.178710
1383,2MUN,72.28,0.588900,1.00,-3662.858,215.744,0.325219,0.626440
1384,2MUQ,72.16,0.660900,1.00,-3047.459,160.808,0.499396,0.625060
1385,2MV6,61.73,0.710500,1.00,-3813.617,145.110,0.424415,0.626130
1386,2MVA,62.96,0.541000,1.00,-1502.223,104.635,0.465856,0.321630
1387,2MVH,65.38,0.578400,1.00,-1535.858,78.976,0.418476,0.416050
1388,2MVI,40.12,0.372200,1.00,-3531.192,238.233,0.970114,0.317230
1389,2MVJ,61.54,0.573600,1.00,-1621.788,95.830,0.794722,0.399030
1390,2MVK,29.81,0.470700,1.00,-875.058,166.107,0.897451,0.232480
1391,2MVL,31.73,0.489300,1.00,-875.058,166.107,0.971943,0.152690
1392,2MVM,53.98,0.578700,1.00,-2518.161,141.058,0.841135,0.500880
1393,2MVN,66.48,0.644800,1.00,-2518.161,141.058,0.374422,0.519600
1394,2MVT,68.62,0.588300,1.00,-3791.971,190.150,0.442346,0.567160
1395,2MW0,86.21,0.715200,1.00,-1808.491,172.450,0.169050,0.600100
1396,2MW3,39.29,0.501400,1.00,-954.449,98.720,0.844649,0.141300
1397,2MW7,84.46,0.729900,1.00,-2157.817,270.052,0.355553,0.696670
1398,2MW9,82.43,0.729200,1.00,-2243.728,194.598,0.183359,0.655510
1399,2MWA,76.35,0.680000,1.00,-2421.295,156.295,0.427300,0.593820
1400,2MWB,78.38,0.708700,1.00,-2397.917,202.345,0.316361,0.623030
1401,2MWD,84.82,0.701300,1.00,-1800.902,133.805,0.121378,0.529670
1402,2MWE,81.25,0.676000,1.00,-1749.532,144.305,0.146829,0.484680
1403,2MWF,82.03,0.691100,1.00,-2074.468,103.906,0.158665,0.570670
1404,2MWJ,93.75,0.820100,1.00,-2243.973,172.711,0.110234,0.774250
1405,2MWK,94.44,0.839200,1.00,-2243.973,172.711,0.091974,0.793290
1406,2MWL,45.31,0.500100,1.00,-383.086,105.718,0.703292,0.235190
1407,2MWT,53.68,0.664600,1.00,-1715.163,131.721,0.930769,0.473090
1408,2MX4,37.78,0.512000,1.00,-2272.369,282.331,1.229227,0.295000
1409,2MXG,35.94,0.535000,1.00,-383.086,105.718,0.754103,0.202210
1410,2MXH,35.94,0.523400,1.00,-383.086,105.718,0.939536,0.248700
1411,2MXM,98.48,0.821800,1.00,-2283.109,157.046,0.065695,0.873410
1412,2MXO,90.44,0.709100,1.00,-2261.559,153.133,0.153058,0.698430
1413,2MXP,93.18,0.807700,1.00,-2584.904,154.407,0.169489,0.800920
1414,2MXQ,70.59,0.579000,1.00,-2088.359,169.823,0.308849,0.469000
1415,2MXV,67.44,0.552400,1.00,-2843.528,201.459,0.585847,0.557950
1416,2MYH,82.93,0.653100,1.00,-2476.118,225.027,0.300902,0.707600
1417,2MYL,95.00,0.715600,1.00,-1425.168,53.667,0.087086,0.431820
1418,2MYM,61.25,0.532500,1.00,-1428.983,34.365,0.422028,0.251880
1419,2MZ2,70.59,0.571400,1.00,-1005.382,46.674,0.297466,0.304020
1420,2MZ3,67.65,0.618800,1.00,-1005.382,46.674,0.369450,0.230270
1421,2MZ4,67.93,0.581700,1.00,-3662.858,215.744,0.323043,0.574870
1422,2MZ7,22.83,0.495900,1.00,-1276.721,309.930,1.180526,0.197260
1423,2MZA,70.59,0.571800,1.00,-1005.382,46.674,0.438146,0.337100
1424,2MZX,97.50,0.574500,1.00,-793.899,29.769,0.085778,0.573630
1426,2N0X,40.62,0.573000,1.00,-493.537,94.192,0.747543,0.177560
1427,2N16,52.50,0.550000,1.00,-1169.580,66.119,0.577535,0.223670
1428,2N1C,44.57,0.460000,1.00,-817.359,173.502,0.568881,0.111430
1429,2N1N,90.71,0.700500,1.00,-2576.673,181.729,0.117180,0.728970
1430,2N1P,65.00,0.648500,1.00,-1935.390,93.583,0.373021,0.457060
1431,2N1S,91.67,0.757200,1.00,-1946.211,154.263,0.141478,0.712050
1432,2N24,70.16,0.701800,1.00,-1617.793,185.745,0.620367,0.557810
1433,2N2C,41.28,0.607700,1.00,-2072.495,135.651,0.756714,0.354510
1434,2N2F,55.77,0.511200,1.00,-418.280,99.139,0.482458,0.247270
1435,2N2G,90.91,0.754000,1.00,-2284.277,149.973,0.152628,0.728380
1436,2N2S,78.12,0.641600,1.00,-2587.981,157.069,0.225654,0.519210
1437,2N3P,95.31,0.799900,1.00,-2072.760,189.438,0.099931,0.775910
1438,2N4K,48.26,0.449300,1.00,-1973.886,242.047,0.831767,0.372840
1439,2N4R,87.84,0.772000,1.00,-2326.864,200.270,0.478534,0.758750
1440,2N4S,83.78,0.756200,1.00,-2172.737,185.884,0.384816,0.702830
1441,2N4T,87.84,0.782800,1.00,-2436.266,166.583,0.366395,0.767730
1442,2N4U,81.76,0.718100,1.00,-2448.237,178.224,0.295119,0.665910
1443,2N4V,77.03,0.740600,1.00,-2300.498,169.908,0.485996,0.588560
1444,2N4W,82.43,0.744900,1.00,-2460.081,171.843,0.492782,0.702580
1445,2N58,48.33,0.559600,1.00,-2447.202,46.187,0.940033,0.362120
1446,2N5C,40.00,0.495200,1.00,-413.853,83.851,0.854295,0.219590
1447,2N5J,78.57,0.676900,1.00,-4961.788,95.269,0.298167,0.720950
1448,2N5K,76.72,0.601900,1.00,-1474.468,137.722,0.278859,0.472970
1449,2N5Q,75.93,0.592700,1.00,-1822.016,126.608,0.290807,0.483640
1450,2N5R,89.58,0.582200,1.00,-714.491,20.609,0.168238,0.568680
1451,2N63,34.38,0.498300,1.00,-383.086,105.718,0.776553,0.168480
1452,2N68,45.65,0.426300,1.00,-882.703,111.921,0.695068,0.134000
1453,2N6B,87.50,0.699100,1.00,-2541.997,186.168,0.159864,0.659520
1454,2N6M,77.38,0.687900,1.00,-1234.870,50.763,0.204251,0.283380
1455,2N6N,87.50,0.740700,1.00,-1894.538,227.070,0.128882,0.645790
1456,2N6O,82.86,0.653400,1.00,-2369.898,203.474,0.371289,0.659300
1457,2N6U,27.50,0.423200,1.00,-1054.003,54.092,0.992417,0.195820
1458,2N6V,36.46,0.387900,1.00,-1256.490,109.147,0.721838,0.191520
1459,2N7F,78.12,0.616900,1.00,-2673.899,222.861,0.242201,0.511310
1460,2N7I,70.27,0.695900,1.00,-3049.205,47.268,0.458318,0.555180
1461,2N85,79.88,0.732300,1.00,-2872.987,85.332,0.189990,0.750300
1462,2N8B,59.03,0.525000,1.00,-2593.759,205.016,0.503226,0.402790
1463,2N8E,72.06,0.614000,1.00,-1757.002,222.598,0.451343,0.507310
1464,2N8H,79.29,0.613900,1.00,-2057.917,157.425,0.202812,0.632200
1465,2N8S,84.62,0.743000,1.00,-2423.656,155.495,0.343490,0.720890
1466,2N8U,75.00,0.659900,1.00,-1961.117,171.585,0.294702,0.616340
1467,2N92,51.61,0.522200,1.00,-2088.700,57.119,0.726801,0.363220
1468,2N94,87.50,0.742300,1.00,-3162.413,280.960,0.138040,0.785220
1469,2N95,79.59,0.673300,1.00,-2958.452,268.812,0.313016,0.665120
1470,2N9C,52.50,0.505800,1.00,-637.749,89.541,0.635606,0.225930
1471,2N9M,51.56,0.578400,1.00,-383.086,105.718,0.804821,0.278640
1472,2N9N,48.44,0.542400,1.00,-383.086,105.718,0.712023,0.219690
1473,2N9O,77.38,0.676800,1.00,-3096.893,236.007,0.616100,0.672270
1474,2N9T,78.33,0.622400,1.00,-1913.271,211.741,0.236912,0.481940
1475,2N9Z,77.98,0.726900,1.00,-2391.605,289.661,0.596906,0.664300
1476,2NA3,87.50,0.619200,1.00,-800.168,31.260,0.179214,0.590250
1477,2NA8,60.80,0.644600,1.00,-3635.228,159.286,0.936626,0.534290
1478,2NA9,69.89,0.691200,1.00,-4070.637,94.529,0.446115,0.660700
1479,2NAB,75.61,0.710100,1.00,-2596.528,231.434,0.570244,0.642540
1480,2NAE,27.91,0.482400,1.00,-1923.239,250.204,1.024273,0.227070
1481,2NAJ,85.61,0.706600,1.00,-2179.827,134.355,0.188833,0.670510
1482,2NAL,89.58,0.684000,1.00,-738.863,45.093,0.186117,0.428150
1483,2NAT,40.18,0.491600,1.00,-2052.587,85.911,0.699629,0.251090
1484,2NAU,65.18,0.616100,1.00,-1713.725,66.041,0.314301,0.362650
1485,2NAW,58.33,0.555300,1.00,-2887.100,146.537,0.510345,0.454830
1486,2NB2,84.21,0.714300,1.00,-3325.618,126.869,0.186069,0.712580
1487,2NB5,89.71,0.679600,1.00,-791.986,82.443,0.168903,0.377920
1488,2NB6,81.25,0.654200,1.00,-805.503,116.323,0.181014,0.276030
1489,2NB7,38.24,0.470200,1.00,-453.200,93.517,0.667720,0.132960
1490,2NB8,50.00,0.589900,1.00,-1380.248,187.066,0.979595,0.389240
1491,2NB9,75.00,0.622500,1.00,-3416.367,274.987,0.548955,0.674090
1492,2NC3,89.39,0.802000,1.00,-2083.478,260.386,0.156298,0.714050
1493,2NC4,87.88,0.794600,1.00,-2083.478,260.386,0.171570,0.669700
1494,2NC5,90.15,0.799400,1.00,-2083.478,260.386,0.142849,0.746440
1495,2NC6,87.88,0.799800,1.00,-2083.478,260.386,0.188774,0.703890
1496,2NC7,75.00,0.661200,1.00,-1078.178,96.120,0.283889,0.276570
1497,2NCS,70.14,0.676400,1.00,-2897.263,71.829,0.279178,0.520620
1498,2NCT,66.67,0.649600,1.00,-2897.263,71.829,0.337633,0.589000
1499,2NCU,59.52,0.575200,1.00,-1438.852,87.783,0.482900,0.219880
1500,2NCV,58.33,0.563200,1.00,-1446.912,51.347,0.627355,0.281030
1501,2NCW,62.50,0.623900,1.00,-1772.034,51.662,0.422148,0.313710
1502,2NCX,86.46,0.785200,1.00,-1690.438,48.138,0.189269,0.480860
1503,2NCY,63.54,0.661900,1.00,-1571.785,52.440,0.480360,0.382550
1504,2ND2,84.66,0.684600,1.00,-4068.622,104.303,0.155601,0.731660
1505,2ND3,90.79,0.695300,1.00,-3011.575,166.501,0.111637,0.759450
1506,2ND6,70.59,0.595900,1.00,-1170.931,60.242,0.291389,0.301010
1507,2ND7,67.65,0.588000,1.00,-1170.931,60.242,0.377639,0.247370
1508,2ND8,66.18,0.516900,1.00,-1170.931,60.242,0.429506,0.290130
1509,2NDB,64.80,0.521400,1.00,-2654.171,228.051,0.333802,0.526220
1510,2NDC,70.83,0.574700,1.00,-1007.159,56.300,0.391723,0.335070
1511,2NDE,55.56,0.524000,1.00,-1093.074,23.225,0.466219,0.205950
1512,2NDI,46.20,0.498700,1.00,-2420.642,275.845,0.797696,0.335760
1513,2NDK,45.31,0.711400,1.00,-3159.073,51.265,0.889586,0.381780
1514,2NDL,76.56,0.649800,1.00,-828.955,86.248,0.218948,0.260130
1515,2NDM,61.54,0.504400,1.00,-729.180,45.117,0.423982,0.295760
1516,2NDN,90.62,0.716200,1.00,-784.171,73.239,0.141671,0.375790
1517,2NOR,55.00,0.541500,1.00,-402.827,64.030,0.303448,0.363040
1518,2NOU,47.50,0.452500,1.00,-363.457,43.936,0.403952,0.196160
1519,2NR1,79.63,0.700900,1.00,-1602.760,102.888,0.293106,0.580760
1520,2NS4,85.71,0.629800,1.00,-397.511,85.906,0.191565,0.317450
1521,2NVJ,51.00,0.547700,1.00,-1912.792,69.199,0.556471,0.247980
1522,2NX6,69.44,0.574500,1.00,-1568.612,218.742,0.381675,0.345850
1523,2NX7,64.29,0.585900,1.00,-1681.665,167.136,0.550943,0.344840
1526,2NZ3,62.50,0.562300,1.00,-3116.695,363.796,0.486873,0.499200
1527,2NZZ,35.81,0.474800,1.00,-2783.257,95.629,1.193041,0.237340
1528,2O00,35.81,0.438500,1.00,-2783.257,95.629,1.014543,0.249040
1529,2O0S,41.67,0.444900,1.00,-440.755,47.882,0.598238,0.230120
1530,2OBU,55.36,0.693100,1.00,-3227.804,110.330,0.635472,0.527210
1532,2OJM,93.18,0.754900,1.00,-1522.841,46.540,0.088591,0.614230
1533,2OJN,34.09,0.492200,1.00,-779.160,168.852,0.658038,0.133320
1534,2OJO,90.91,0.777700,1.00,-1725.095,29.835,0.111802,0.532770
1535,2OP7,46.79,0.430700,1.00,-2707.504,181.253,0.895943,0.338540
1536,2OQ9,47.92,0.609400,1.00,-955.564,102.209,0.570942,0.164450
1537,2ORU,77.50,0.631300,1.00,-1213.358,86.681,0.300269,0.217570
1538,2OVN,89.71,0.662400,1.00,-1022.089,63.599,0.184004,0.496590
1539,2OYV,71.15,0.537200,1.00,-481.679,82.375,0.318286,0.260040
1540,2OYW,73.08,0.544200,1.00,-481.679,82.375,0.256393,0.306460
1541,2P4L,55.98,0.519000,1.00,-2791.702,360.277,0.544600,0.460410
1542,2P5J,55.88,0.556900,1.00,-627.705,90.040,0.539385,0.200240
1543,2P81,61.93,0.474800,1.00,-3790.974,121.599,0.838563,0.508830
1544,2PCO,75.00,0.631100,1.00,-1719.520,39.794,0.426033,0.604890
1545,2PDD,83.72,0.669400,1.00,-3689.893,168.823,0.268488,0.725520
1546,2PDE,32.56,0.366300,1.00,-3689.893,168.823,0.732227,0.356500
1547,2PJV,44.35,0.565500,1.00,-849.746,215.315,0.974040,0.240440
1548,2PO8,75.00,0.680700,1.00,-1785.879,189.857,0.380349,0.561520
1549,2PPZ,77.08,0.585400,1.00,-3237.281,79.639,0.214531,0.558760
1550,2PTA,86.43,0.695800,1.00,-2407.889,187.099,0.180142,0.660980
1551,2PV6,62.50,0.570400,1.00,-2020.276,64.289,0.435254,0.278400
1552,2RLG,83.33,0.584300,1.00,-1136.900,29.791,0.286733,0.389200
1553,2RLH,80.56,0.624100,1.00,-1136.900,29.791,0.276143,0.493300
1554,2RLJ,46.88,0.501000,1.00,-526.596,71.481,0.565593,0.106760
1555,2RLW,47.06,0.520200,1.00,-1566.438,244.786,0.963166,0.400860
1557,2RMF,74.38,0.707000,1.00,-3061.557,97.909,0.317474,0.603680
1558,2RMG,48.03,0.663000,1.00,-2851.916,71.762,0.600830,0.334140
1559,2RMH,61.84,0.685400,1.00,-2630.864,75.796,0.572524,0.511140
1561,2RMV,47.12,0.378800,1.00,-2038.034,105.269,0.814413,0.244920
1562,2RMW,38.46,0.349200,1.00,-2049.995,92.839,0.873734,0.182530
1563,2RMY,79.41,0.741500,1.00,-2378.420,57.967,0.298798,0.609510
1564,2RMZ,73.26,0.723700,1.00,-3350.793,91.030,0.454962,0.676540
1565,2RN0,73.26,0.699800,1.00,-3350.793,91.030,0.359705,0.634820
1566,2RND,69.12,0.666300,1.00,-2378.420,57.967,0.431026,0.513580
1567,2ROO,77.33,0.661400,1.00,-2702.673,220.452,0.306467,0.632720
1568,2RPS,60.94,0.601500,1.00,-1512.990,148.047,0.522008,0.401810
1570,2RQ2,74.17,0.649400,1.00,-2070.429,62.199,0.323198,0.510520
1571,2RQZ,80.92,0.702200,1.00,-2510.314,196.856,0.197738,0.640260
1572,2RR0,75.00,0.640000,1.00,-2510.314,196.856,0.248243,0.558130
1573,2RR2,79.61,0.656100,1.00,-2510.314,196.856,0.186789,0.609390
1574,2RRH,73.28,0.660700,1.00,-2244.284,62.499,0.250244,0.573500
1575,2RRI,68.97,0.693100,1.00,-2244.284,62.499,0.282971,0.454540
1576,2RRS,36.11,0.448500,1.00,-637.092,82.183,0.813020,0.079470
1577,2RSH,70.95,0.616800,1.00,-2277.262,170.517,0.474116,0.568710
1578,2RSW,34.72,0.449900,1.00,-646.914,152.447,0.745891,0.203620
1579,2RT4,53.00,0.583000,1.00,-1123.279,117.271,0.829562,0.148960
1580,2RTY,93.33,0.746000,1.00,-1915.945,123.946,0.096201,0.728200
1581,2RTZ,85.34,0.652000,1.00,-2102.409,149.013,0.184189,0.591550
1582,2RU0,77.08,0.606100,1.00,-2646.792,148.883,0.246148,0.582320
1583,2RUM,34.21,0.470400,1.00,-841.386,110.191,0.713453,0.206310
1584,2RUN,59.72,0.495500,1.00,-1223.058,60.791,0.422410,0.246120
1585,2RUO,84.38,0.738500,1.00,-1097.431,35.300,0.147892,0.471880
1586,2RUT,81.25,0.746100,1.00,-2267.619,190.961,0.491975,0.690580
1587,2RUU,79.86,0.704400,1.00,-2048.157,147.300,0.367118,0.658930
1588,2RUV,80.41,0.749600,1.00,-2277.262,170.517,0.664717,0.727900
1589,2RUW,76.35,0.708100,1.00,-2049.789,235.420,0.351945,0.629810
1590,2RUX,72.22,0.590400,1.00,-2128.460,191.913,0.811401,0.626250
1591,2RUY,74.32,0.708600,1.00,-2231.504,179.839,0.437414,0.617780
1592,2RUZ,80.92,0.774900,1.00,-2131.437,172.904,0.594933,0.737820
1593,2RV0,83.11,0.749800,1.00,-2183.051,207.193,0.424296,0.682650
1594,2RV1,68.92,0.686500,1.00,-2473.788,163.478,0.578488,0.563490
1595,2RV2,78.47,0.767400,1.00,-1883.014,173.262,0.429469,0.711970
1596,2RV3,76.39,0.757400,1.00,-1518.219,153.196,0.768870,0.648110
1597,2RV4,80.41,0.718500,1.00,-2119.113,211.444,0.364876,0.646100
1598,2RV5,82.86,0.767600,1.00,-2074.585,200.331,0.286621,0.715180
1599,2RVD,70.00,0.592800,1.00,-452.158,118.371,0.236300,0.291190
1600,2SH1,34.90,0.385900,1.00,-2417.954,418.405,0.958381,0.348290
1601,2V1V,87.07,0.724700,1.00,-1948.942,167.897,0.140863,0.584120
1602,2VY4,77.70,0.661800,1.00,-2579.974,163.728,0.367269,0.621590
1603,2VY5,78.38,0.669200,1.00,-2579.974,163.728,0.348209,0.638540
1604,2W0T,77.33,0.699700,1.00,-2868.413,190.040,0.256843,0.669140
1605,2W9O,72.28,0.622100,1.00,-2742.073,294.246,0.457650,0.612770
1606,2W9U,70.65,0.629200,1.00,-2729.473,317.148,0.539874,0.597410
1607,2W9V,77.27,0.671800,1.00,-2640.359,341.363,0.383310,0.660480
1608,2W9W,82.95,0.696600,1.00,-2678.276,260.292,0.389010,0.711410
1609,2WH9,87.50,0.732900,1.00,-2505.075,174.814,0.219118,0.701860
1610,2WXC,85.11,0.666400,1.00,-3869.262,140.205,0.226854,0.747090
1611,2XL1,68.75,0.615300,1.00,-1589.267,87.568,0.587890,0.416940
1612,2YRH,63.07,0.666300,1.00,-1985.401,173.796,0.782842,0.540590
1613,2YRJ,71.74,0.727300,1.00,-2184.710,237.933,0.556663,0.637750
1614,2YRM,66.86,0.608800,1.00,-2294.047,239.953,0.608071,0.587890
1615,2YSB,76.53,0.762800,1.00,-2777.636,211.585,0.603853,0.691940
1616,2YSC,71.79,0.660400,1.00,-2557.272,190.664,0.775100,0.603600
1617,2YSF,85.62,0.755900,1.00,-2562.988,206.237,0.271994,0.744100
1618,2YSG,77.50,0.680300,1.00,-2546.211,180.407,0.548546,0.648040
1619,2YSH,71.88,0.630800,1.00,-2249.560,168.086,0.562015,0.590600
1620,2YSI,60.00,0.619700,1.00,-2229.061,268.069,0.688639,0.477900
1621,2YSO,58.15,0.579300,1.00,-2515.024,272.824,0.939514,0.499630
1622,2YSP,54.35,0.618800,1.00,-2314.211,185.717,0.934471,0.457150
1623,2YSV,54.17,0.566500,1.00,-1967.115,192.985,0.829524,0.441160
1624,2YTA,66.46,0.675000,1.00,-2033.529,167.479,0.632374,0.568240
1625,2YTB,63.69,0.695200,1.00,-2091.351,196.633,0.671419,0.521790
1626,2YTD,58.15,0.642400,1.00,-2242.323,175.063,0.953871,0.514740
1627,2YTE,64.88,0.624100,1.00,-2075.041,277.308,0.578074,0.546030
1628,2YTF,59.24,0.674900,1.00,-2293.943,249.930,0.773698,0.521060
1629,2YTG,58.70,0.678500,1.00,-2255.162,196.011,0.982590,0.524060
1630,2YTH,57.61,0.694000,1.00,-1930.359,201.958,1.074358,0.527910
1631,2YTI,58.15,0.660700,1.00,-2069.830,187.141,0.930973,0.514590
1632,2YTJ,58.70,0.647900,1.00,-2345.405,215.561,0.685643,0.525700
1633,2YTK,59.78,0.668700,1.00,-2272.617,254.710,0.854402,0.545400
1634,2YTM,51.63,0.522900,1.00,-2154.180,266.926,0.893495,0.449560
1635,2YTN,57.61,0.656400,1.00,-2053.511,187.850,1.024760,0.526030
1636,2YTO,64.67,0.660600,1.00,-2102.076,255.736,0.885426,0.572640
1637,2YTP,66.30,0.680200,1.00,-2245.793,238.042,0.663287,0.552590
1638,2YTQ,53.80,0.631800,1.00,-2385.490,183.871,0.965007,0.488980
1639,2YTR,63.59,0.701000,1.00,-2003.995,213.262,0.682987,0.531350
1640,2YTS,61.41,0.656000,1.00,-2007.380,213.326,0.755097,0.546990
1641,2YTT,63.04,0.634100,1.00,-2479.171,219.449,0.643770,0.508600
1642,2YU5,60.80,0.674600,1.00,-2234.223,215.889,0.688675,0.519600
1643,2YU8,61.96,0.660300,1.00,-1957.251,227.887,0.897371,0.561440
1644,2YYF,38.33,0.433600,1.00,-681.329,85.133,0.617275,0.236820
1645,2Z3S,71.79,0.597300,1.00,-3087.822,179.042,0.255975,0.492710
1646,2ZAJ,65.31,0.694400,1.00,-2631.603,288.360,0.916279,0.568580
1647,2ZNF,95.83,0.752600,1.00,-972.457,69.091,0.084739,0.457520
1648,3BBG,70.00,0.611400,1.00,-3141.338,209.044,0.343642,0.535550
1649,3CMH,53.33,0.489900,1.00,-563.716,120.297,0.386141,0.178770
1650,3CTI,94.83,0.782600,1.00,-1918.270,172.087,0.086888,0.760890
1651,3LEU,33.78,0.393800,1.00,-2227.023,181.792,0.928254,0.227180
1652,3MRA,79.00,0.714100,1.00,-1800.734,58.910,0.239986,0.621630
1653,3ZNF,85.83,0.676600,1.00,-1823.232,145.503,0.196994,0.632460
1654,4A24,81.91,0.712400,1.00,-3239.761,263.103,0.296149,0.726280
1655,4APD,50.81,0.506700,1.00,-2195.286,62.771,0.718035,0.347300
1656,4B19,74.17,0.702200,1.00,-2460.129,73.199,0.259801,0.440220
1658,4B2U,90.28,0.748400,1.00,-2473.025,196.718,0.223314,0.748340
1659,4B2V,86.72,0.667500,1.00,-1967.566,375.157,0.199389,0.689660
1660,4BMF,84.87,0.703900,1.00,-2369.242,191.493,0.181135,0.693570
1661,4CYK,64.63,0.614300,1.00,-2433.221,176.383,0.473964,0.510470
1662,4ZNF,85.00,0.676900,1.00,-1823.232,145.503,0.190554,0.620010
1663,5A4H,26.28,0.450700,1.00,-1741.637,254.180,1.552720,0.199350
1664,5AAY,86.67,0.741100,1.00,-1911.672,177.449,0.267770,0.733630
1665,5AAZ,84.38,0.756600,1.00,-2067.858,110.462,0.281391,0.655120
1666,5AHT,79.65,0.674200,1.00,-2752.014,233.812,0.375792,0.683160
1667,5FZV,84.38,0.804000,1.00,-1919.568,134.891,0.465865,0.777090
1668,5FZW,79.55,0.740400,1.00,-2229.752,144.978,0.613594,0.665890
1669,5FZX,75.69,0.592600,1.00,-2220.061,313.798,0.501073,0.621220
1671,5GSF,71.30,0.558700,1.00,-1921.812,157.995,0.251217,0.351150
1672,5GVO,40.28,0.457900,1.00,-825.011,150.255,0.820959,0.191770
1673,5H1H,59.38,0.514800,1.00,-583.686,88.817,0.407459,0.195420
1674,5H1I,48.61,0.535900,1.00,-499.092,92.016,0.669643,0.159450
1675,5H2S,76.00,0.668100,1.00,-1285.349,18.448,0.292756,0.532880
1676,5I1X,89.58,0.710500,1.00,-2514.934,231.601,0.203990,0.727550
1677,5I2P,89.58,0.713300,1.00,-2400.119,192.369,0.179306,0.759170
1678,5ID5,46.00,0.512100,1.00,-792.040,229.248,0.714045,0.199460
1679,5IJ4,78.57,0.675100,1.00,-3320.020,366.324,0.322469,0.719360
1680,5ION,86.21,0.744400,1.00,-2040.435,139.917,0.140877,0.607290
1681,5IPO,81.77,0.662700,1.00,-3125.784,197.590,0.387117,0.747780
1682,5J8T,76.06,0.649300,1.00,-2972.983,228.103,0.230927,0.642690
1683,5JHI,95.71,0.741100,1.00,-2549.856,137.976,0.078543,0.820920
1684,5JI4,95.27,0.803500,1.00,-2903.091,164.176,0.112936,0.849170
1685,5JPL,35.29,0.463200,1.00,-782.526,127.288,0.844433,0.215930
1686,5JPX,77.22,0.621400,1.00,-3374.547,228.915,0.274544,0.644850
1687,5JYH,74.43,0.590800,1.00,-3050.591,166.889,0.567279,0.651910
1688,5KGY,89.77,0.655300,1.00,-1651.033,71.024,0.170769,0.406590
1689,5KGZ,46.59,0.519200,1.00,-3435.780,83.378,0.575243,0.402990
1690,5KHB,78.57,0.677400,1.00,-1481.409,18.156,0.247258,0.382700
1691,5KI0,39.47,0.556000,1.00,-144.113,62.426,0.586366,0.162960
1692,5KKM,90.91,0.723500,1.00,-1432.341,130.358,0.212470,0.614560
1693,5KVN,93.52,0.765500,1.00,-2060.910,121.248,0.104452,0.764060
1694,5KWO,78.85,0.561000,1.00,-1708.973,141.614,0.271635,0.544390
1695,5KWX,56.00,0.405200,1.00,-1253.875,131.306,0.426867,0.267640
1696,5KWZ,96.15,0.742800,1.00,-1899.805,86.700,0.076317,0.730900
1697,5KX0,49.04,0.515700,1.00,-1693.616,124.441,1.022455,0.338140
1698,5KX1,72.73,0.568600,1.00,-1071.130,119.667,0.235247,0.284310
1699,5KX2,86.11,0.683100,1.00,-873.990,102.535,0.167973,0.337790
1700,5L1C,90.97,0.729300,1.00,-2517.733,176.364,0.119899,0.752750
1701,5L82,44.59,0.364200,1.00,-3009.636,134.172,0.791050,0.321320
1702,5LAH,60.00,0.516200,1.00,-3178.146,257.268,0.505420,0.474410
1703,5LBJ,77.86,0.769700,1.00,-2908.798,67.380,0.193955,0.683290
1704,5LCS,63.30,0.594300,1.00,-3361.385,262.706,1.088960,0.540900
1705,5LM0,89.29,0.685400,1.00,-2005.901,81.983,0.149560,0.621140
1706,5LME,79.07,0.683900,1.00,-2457.309,239.705,0.329941,0.647530
1707,5M9U,89.29,0.698000,1.00,-1292.863,105.740,0.161827,0.371070
1708,5N5A,28.38,0.471900,1.00,-1155.245,231.944,1.372747,0.197990
1709,5N5B,38.39,0.484300,1.00,-1078.165,132.191,0.825348,0.205240
1710,5NAM,63.54,0.681400,1.00,-4008.588,56.459,0.512128,0.520880
1711,5NAO,67.86,0.729100,1.00,-2820.252,43.361,0.514123,0.672820
1712,5NDA,73.48,0.750700,1.00,-2365.978,99.232,0.251969,0.587570
1713,5NVB,50.00,0.520600,1.00,-414.330,79.100,0.464711,0.261560
1714,5OAP,77.78,0.690400,1.00,-782.188,59.311,0.299623,0.429910
1715,5T3M,94.29,0.748400,1.00,-2569.083,180.912,0.107276,0.793630
1716,5T42,38.30,0.588900,1.00,-3156.954,169.046,0.940714,0.398700
1717,5T4R,88.57,0.690200,1.00,-2367.177,211.719,0.283969,0.742510
1718,5T7Q,76.19,0.710500,1.00,-1070.354,82.617,0.565231,0.392150
1719,5TCZ,73.44,0.516100,1.00,-1690.633,214.695,0.293308,0.459140
1720,5TJ1,30.26,0.450600,1.00,-769.144,86.466,1.083992,0.162990
1721,5TX8,92.86,0.717500,1.00,-2133.155,98.319,0.204146,0.734980
1722,5UG3,82.89,0.586200,1.00,-1257.358,62.477,0.220106,0.298110
1723,5UG5,84.21,0.691400,1.00,-1250.820,57.046,0.235231,0.364120
1724,5UI6,33.33,0.523900,1.00,-497.562,84.068,1.427557,0.131920
1725,5UI7,48.68,0.462400,1.00,-713.862,108.581,0.627729,0.188300
1726,5UJG,75.00,0.645700,1.00,-1475.889,111.924,0.214248,0.295110
1727,5UJH,64.13,0.503800,1.00,-1341.075,100.216,0.354489,0.243810
1728,5UJQ,64.66,0.683300,1.00,-2118.860,26.711,0.564205,0.437710
1729,5UJR,38.64,0.399100,1.00,-1554.625,198.221,0.880162,0.211720
1730,5UKZ,30.68,0.360900,1.00,-2450.568,223.103,1.024880,0.293640
1731,5UOI,88.37,0.665500,1.00,-3815.084,121.852,0.176823,0.796260
1732,5UP5,83.12,0.626100,1.00,-3403.998,174.334,0.173973,0.682030
1733,5UY2,41.25,0.483200,1.00,-910.665,134.928,0.621376,0.173370
1734,5UZL,31.82,0.509200,1.00,-1431.624,195.459,1.306621,0.207480
1735,5V0Y,85.71,0.772200,1.00,-1447.001,114.233,0.152246,0.360380
1736,5V11,82.14,0.739500,1.00,-1197.263,141.219,0.179519,0.286130
1737,5V2B,51.25,0.543500,1.00,-852.599,188.049,0.404215,0.098110
1738,5V4C,52.94,0.503500,1.00,-368.364,100.370,0.445020,0.172240
1739,5V4U,60.00,0.640900,1.00,-2931.074,88.965,0.441879,0.534380
1740,5VAV,83.93,0.719400,1.00,-629.295,63.168,0.125374,0.331560
1741,5VFW,55.00,0.439100,1.00,-1843.390,50.777,0.493252,0.292310
1742,5VL6,33.82,0.416800,1.00,-304.417,113.747,0.634590,0.160140
1743,5VR5,53.75,0.521800,1.00,-1057.368,88.449,0.371834,0.129460
1744,5W54,52.00,0.497900,1.00,-1031.018,100.069,0.669884,0.277840
1745,5W9F,88.41,0.706400,1.00,-3342.279,165.416,0.134559,0.746420
1746,5WCV,98.28,0.797500,1.00,-1811.759,133.398,0.067250,0.777410
1747,5WE3,83.09,0.721200,1.00,-2580.016,266.158,0.155780,0.644170
1748,5WOD,81.58,0.697400,1.00,-2932.641,89.613,0.162910,0.622670
1749,5WOV,79.41,0.705100,1.00,-2031.610,288.109,0.318585,0.602550
1750,5WOW,71.79,0.610300,1.00,-2497.863,170.231,0.437491,0.573460
1751,5WRX,42.31,0.513700,1.00,-386.509,64.272,0.570072,0.262680
1752,5WUZ,65.70,0.577200,1.00,-3079.627,293.402,0.307857,0.490620
1753,5WXE,71.43,0.580200,1.00,-1939.172,201.826,0.337549,0.407570
1754,5WYE,39.06,0.501400,1.00,-383.086,105.718,0.858677,0.250830
1755,5X34,94.44,0.833200,1.00,-2243.973,172.711,0.088393,0.792850
1756,5X35,97.22,0.852600,1.00,-2243.973,172.711,0.065890,0.871020
1757,5X36,98.61,0.858400,1.00,-2243.973,172.711,0.071282,0.852150
1758,5X37,97.22,0.853700,1.00,-2243.973,172.711,0.066139,0.871430
1759,5X38,99.31,0.879100,1.00,-2243.973,172.711,0.056425,0.899080
1760,5X39,97.22,0.844700,1.00,-2419.232,185.824,0.072078,0.850860
1761,5X3C,97.22,0.832900,1.00,-2186.204,189.666,0.079189,0.834600
1762,5X3L,83.75,0.669400,1.00,-1225.962,67.075,0.196566,0.316360
1763,5XA6,73.68,0.572900,1.00,-2744.172,177.706,0.285817,0.557640
1764,5XBD,68.06,0.535200,1.00,-2184.929,171.680,0.314311,0.471210
1765,5XDI,66.88,0.577500,1.00,-2910.059,175.824,0.302815,0.469320
1766,5XDJ,94.05,0.755800,1.00,-1234.870,50.763,0.089536,0.436830
1767,5XEK,77.98,0.619400,1.00,-3380.643,196.420,0.269306,0.666770
1768,5XIV,60.00,0.548700,1.00,-858.771,115.802,0.606803,0.199830
1769,5XM4,42.65,0.560800,1.00,-567.142,88.167,1.184669,0.134990
1770,5XNG,97.06,0.736500,1.00,-1388.805,37.387,0.085654,0.529740
1771,5XO3,66.67,0.597500,1.00,-954.800,95.765,0.424361,0.205020
1772,5XO4,67.86,0.605100,1.00,-866.566,97.009,0.311729,0.181290
1773,5XO5,72.62,0.605400,1.00,-789.025,90.104,0.269496,0.199810
1774,5XRX,57.35,0.536400,1.00,-1388.805,37.387,0.591047,0.264750
1775,5Y0H,85.71,0.702700,1.00,-1142.303,75.212,0.222140,0.376410
1776,5Y0I,84.52,0.730900,1.00,-1178.591,109.001,0.193195,0.306990
1777,5Y0J,95.24,0.769500,1.00,-1256.544,130.936,0.074815,0.391570
1778,5Y22,40.91,0.438800,1.00,-967.037,219.794,0.617540,0.184690
1779,5Y3U,48.86,0.433400,1.00,-967.037,219.794,0.629421,0.142520
1780,5YKK,62.50,0.507700,1.00,-1190.682,29.769,0.421168,0.288370
1781,5YKL,57.89,0.538100,1.00,-1125.149,56.714,0.479907,0.232480
1782,5YKQ,61.84,0.520800,1.00,-1196.424,55.529,0.425795,0.241670
1783,5YZ6,90.31,0.723700,1.00,-4382.075,238.580,0.128455,0.805270
1784,5YZK,90.31,0.752600,1.00,-4384.674,195.391,0.110424,0.822200
1785,5Z1Y,40.48,0.509500,1.00,-835.479,140.964,0.931659,0.284800
1786,5Z26,59.72,0.529300,1.00,-874.689,31.221,0.547218,0.262920
1787,5Z2O,91.67,0.726400,1.00,-999.011,35.219,0.170026,0.644730
1788,5Z31,52.78,0.520700,1.00,-662.933,101.253,0.754341,0.229260
1789,5Z32,33.33,0.440900,1.00,-570.479,88.593,0.869017,0.135310
1790,5Z5W,75.00,0.576800,1.00,-752.073,25.768,0.250340,0.361310
1791,5Z5X,66.67,0.540000,1.00,-1184.118,70.303,0.412585,0.342960
1792,5ZCN,29.76,0.380400,1.00,-1032.726,87.427,0.731033,0.095710
1793,5ZNF,95.83,0.772800,1.00,-1911.808,168.476,0.112559,0.794960
1794,5ZV6,80.00,0.693700,1.00,-1842.239,173.464,0.193891,0.507430
1795,5ZYX,62.50,0.550600,1.00,-1505.728,50.217,0.481099,0.302880
1796,6A5J,80.77,0.612800,1.00,-715.496,16.956,0.258802,0.390600
1797,6A8Y,28.85,0.433400,1.00,-899.169,208.387,0.856821,0.162710
1798,6AAB,66.67,0.633400,1.00,-866.566,97.009,0.737703,0.265550
1799,6AFQ,83.33,0.669500,1.00,-954.800,95.765,0.279079,0.304590
1800,6AHZ,59.29,0.570300,1.00,-1939.208,171.463,0.535379,0.449240
1801,6AK0,46.43,0.525800,1.00,-1047.589,129.243,0.556852,0.128620
1802,6AX2,78.26,0.631300,1.00,-3031.304,267.211,0.197540,0.680080
1803,6B3U,77.50,0.722900,1.00,-3568.101,70.313,0.335274,0.637860
1804,6B5W,28.95,0.467800,1.00,-769.144,86.466,1.100414,0.118370
1805,6B9K,52.50,0.616300,1.00,-266.328,33.885,0.391098,0.321350
1806,6B9W,77.21,0.653100,1.00,-2880.487,125.695,0.356958,0.588110
1807,6BAM,82.35,0.614200,1.00,-2710.783,128.357,0.274085,0.674120
1808,6BB6,80.88,0.663300,1.00,-2732.756,119.702,0.282717,0.653420
1809,6BEQ,45.00,0.516700,1.00,-265.421,44.579,0.628160,0.190980
1810,6BET,68.75,0.553400,1.00,-357.479,88.832,0.275302,0.418270
1811,6BEU,57.14,0.531700,1.00,-670.175,80.018,0.478888,0.220080
1812,6BI5,83.06,0.663400,1.00,-2447.407,115.547,0.338991,0.625760
1813,6BJF,86.54,0.654100,1.00,-810.306,36.900,0.238181,0.515090
1814,6BUC,92.36,0.797300,1.00,-2443.460,167.936,0.127748,0.807810
1815,6BVU,44.64,0.440000,1.00,-458.605,106.885,0.623244,0.350970
1816,6BVW,42.86,0.438200,1.00,-458.605,106.885,0.671461,0.130930
1817,6BVX,75.00,0.543300,1.00,-579.718,73.925,0.416940,0.428110
1818,6BX9,55.00,0.475200,1.00,-760.082,85.967,0.438736,0.235820
1819,6CEG,95.00,0.739900,1.00,-1646.217,225.174,0.113090,0.783910
1820,6CEI,76.56,0.610600,1.00,-1864.152,238.552,0.337996,0.652650
1821,6CEJ,67.86,0.550000,1.00,-399.691,84.402,0.270613,0.202400
1822,6CFA,77.63,0.677300,1.00,-1197.678,34.457,0.203315,0.285950
1823,6CFB,63.71,0.530200,1.00,-1768.916,217.029,0.458586,0.411070
1825,6CGX,45.45,0.436900,1.00,-779.026,166.926,0.726903,0.145850
1829,6CJ8,75.00,0.633800,1.00,-1279.015,33.951,0.224283,0.360290
1830,6CKD,91.67,0.747000,1.00,-2673.282,171.484,0.099917,0.765240
1831,6CKF,91.67,0.754900,1.00,-2673.282,171.484,0.133267,0.760310
1832,6CMH,38.10,0.436600,1.00,-962.085,163.668,0.694171,0.182520
1833,6COO,86.76,0.673000,1.00,-1292.952,44.479,0.122884,0.336830
1834,6COP,83.82,0.589300,1.00,-1299.629,33.098,0.162373,0.356160
1835,6COQ,83.82,0.698700,1.00,-1151.711,41.885,0.177380,0.337920
1836,6COR,88.24,0.669300,1.00,-1126.541,37.125,0.211989,0.458830
1837,6COS,66.18,0.582200,1.00,-1279.015,33.951,0.336326,0.278800
1838,6COT,69.12,0.632100,1.00,-1221.813,34.861,0.336346,0.338060
1839,6COU,83.82,0.657100,1.00,-1192.612,37.073,0.267228,0.472350
1840,6COV,72.06,0.613500,1.00,-1221.813,34.861,0.419767,0.447090
1841,6COW,79.41,0.627900,1.00,-1279.015,33.951,0.225581,0.316230
1842,6CSK,84.21,0.759200,1.00,-1151.170,29.964,0.127459,0.450360
1843,6CSZ,84.21,0.704400,1.00,-1131.225,31.753,0.212969,0.436090
1844,6CT1,75.00,0.656300,1.00,-1364.472,56.146,0.319232,0.438790
1845,6CT4,81.58,0.634800,1.00,-1230.396,36.036,0.272560,0.421650
1846,6D3T,97.50,0.757700,1.00,-2007.895,107.696,0.077242,0.789310
1847,6D8H,92.19,0.783100,1.00,-2172.190,149.313,0.126216,0.802410
1848,6D8Q,95.16,0.791600,1.00,-1989.541,153.594,0.136020,0.820630
1849,6D8R,90.32,0.732900,1.00,-2086.354,129.448,0.144951,0.709500
1850,6D8S,93.55,0.720300,1.00,-1968.120,150.214,0.112367,0.750920
1851,6D8T,93.55,0.753300,1.00,-2111.815,145.393,0.109783,0.733580
1852,6D8U,95.97,0.734400,1.00,-2046.572,137.630,0.096839,0.778340
1853,6D8Y,93.55,0.707400,1.00,-1873.358,118.665,0.134984,0.725230
1854,6D93,95.97,0.776100,1.00,-2056.065,110.412,0.114169,0.788600
1855,6D9O,91.13,0.697900,1.00,-2236.378,98.229,0.158751,0.678440
1856,6D9P,91.94,0.764300,1.00,-2138.287,118.832,0.125071,0.696270
1857,6DHR,100.00,0.811500,1.00,-1947.175,185.864,0.062283,0.797570
1858,6DMZ,88.30,0.722200,1.00,-3348.110,200.972,0.127215,0.797270
1859,6DST,65.38,0.695000,1.00,-1857.527,59.989,0.307324,0.550210
1860,6DZ9,46.43,0.543100,1.00,-338.113,62.080,0.924520,0.276900
1861,6DZA,48.44,0.518400,1.00,-505.114,79.966,1.202971,0.211440
1862,6DZB,45.31,0.535900,1.00,-462.148,74.743,0.783310,0.174210
1863,6DZC,42.19,0.565600,1.00,-422.660,83.528,1.018991,0.163130
1864,6DZE,45.31,0.525200,1.00,-421.884,93.363,0.896554,0.183450
1865,6E1L,80.21,0.600200,1.00,-1405.187,116.674,0.278934,0.426690
1867,6EFE,75.93,0.666600,1.00,-2141.067,111.105,0.186173,0.405130
1868,6ENA,95.16,0.814100,1.00,-1998.767,150.812,0.133432,0.800860
1869,6F46,47.86,0.531800,1.00,-2683.360,64.489,0.837210,0.381180
1870,6F61,91.94,0.777700,1.00,-1903.546,174.853,0.112644,0.719040
1871,6FGM,93.75,0.741500,1.00,-710.004,39.707,0.090247,0.442070
1872,6FS4,67.74,0.631400,1.00,-2137.949,98.333,0.447532,0.529690
1873,6FS5,55.77,0.660600,1.00,-2964.976,128.560,0.605964,0.482870
1874,6G4I,84.38,0.727500,1.00,-1643.183,87.441,0.155151,0.390920
1875,6G4K,76.04,0.706400,1.00,-1643.183,87.441,0.313533,0.363530
1876,6G4U,66.67,0.691200,1.00,-1643.183,87.441,0.459451,0.431160
1877,6G4V,62.50,0.632200,1.00,-1643.051,62.047,0.367891,0.376610
1878,6G4X,63.54,0.629800,1.00,-1643.051,62.047,0.476533,0.404380
1880,6GIF,80.83,0.683000,1.00,-2106.323,68.179,0.254272,0.596670
1881,6GIG,34.17,0.291900,1.00,-1721.950,152.498,1.054970,0.209250
1882,6GIJ,80.00,0.638300,1.00,-819.228,36.738,0.297814,0.350950
1883,6GIK,71.15,0.595100,1.00,-698.957,44.665,0.326683,0.316440
1884,6GIL,46.15,0.524200,1.00,-651.198,29.542,0.479335,0.177940
1885,6GNZ,75.00,0.695100,1.00,-1734.237,74.995,0.359716,0.516310
1886,6GO0,81.73,0.695300,1.00,-1469.365,40.398,0.304454,0.507920
1887,6GS5,88.46,0.681300,1.00,-1159.296,23.378,0.201893,0.499830
1888,6GS9,89.06,0.746400,1.00,-887.912,36.007,0.097506,0.360140
1889,6HH0,69.00,0.681100,1.00,-1777.321,36.011,0.325961,0.319430
1890,6HN9,43.94,0.501800,1.00,-1614.211,193.168,0.686439,0.329000
1891,6HT4,72.50,0.637300,1.00,-878.808,103.993,0.323657,0.223850
1892,6HZ2,66.67,0.695200,1.00,-1746.854,16.774,0.297089,0.439780
1893,6IHA,84.17,0.806600,1.00,-1752.148,72.677,0.199739,0.537420
1894,6ITH,74.39,0.711800,1.00,-3507.231,53.357,0.464220,0.734600
1895,6J12,41.96,0.444800,1.00,-2052.587,85.911,0.771129,0.324440
1896,6J9P,91.67,0.654800,1.00,-695.219,20.230,0.122330,0.481730
1897,6JI7,72.92,0.607500,1.00,-2649.844,262.955,0.261049,0.530590
1898,6JIC,90.28,0.698700,1.00,-2498.261,207.541,0.127004,0.720960
1899,6K4V,46.88,0.369900,1.00,-2208.772,243.836,1.426554,0.367450
1900,6K4W,47.78,0.514900,1.00,-2516.924,202.564,0.694162,0.367780
1901,6K50,86.88,0.692300,1.00,-2970.034,180.992,0.179669,0.723240
1902,6K51,80.00,0.680500,1.00,-3022.405,158.507,0.267234,0.689950
1903,6KLM,75.74,0.604100,1.00,-2439.319,155.989,0.280146,0.537530
1904,6KRA,88.64,0.735200,1.00,-2186.122,190.531,0.177450,0.668400
1905,6L8R,33.33,0.514800,1.00,-861.030,228.212,0.802043,0.236580
1906,6LF5,93.38,0.772500,1.00,-2597.570,142.851,0.098305,0.772590
1907,6M0Y,56.25,0.471100,1.00,-310.561,76.024,0.376242,0.276880
1908,6M19,35.00,0.506900,1.00,-527.631,64.309,0.969400,0.191950
1909,6M56,33.33,0.232000,1.00,-2057.550,161.580,1.366634,0.212940
1910,6M5C,75.00,0.657700,1.00,-2523.480,220.584,0.252251,0.564690
1911,6MBM,93.75,0.675900,1.00,-1092.679,26.209,0.130015,0.418800
1912,6MF8,44.02,0.569000,1.00,-3605.158,79.287,1.362039,0.397030
1913,6MJV,78.91,0.628700,1.00,-1714.929,139.249,0.229196,0.550660
1914,6MK4,94.17,0.749100,1.00,-1969.721,188.095,0.121066,0.785900
1915,6MK5,83.82,0.669200,1.00,-2500.764,213.002,0.229408,0.641650
1916,6MM4,85.61,0.715400,1.00,-2050.684,201.723,0.176895,0.646490
1917,6MW6,39.47,0.452700,1.00,-613.226,57.716,0.972856,0.193260
1918,6MZT,85.14,0.673400,1.00,-2488.161,159.842,0.186197,0.674700
1919,6NK9,83.59,0.724800,1.00,-1824.010,137.193,0.357004,0.653630
1920,6NOM,55.85,0.504400,1.00,-3380.277,238.354,0.571920,0.465040
1921,6NOX,41.07,0.374900,1.00,-650.529,143.166,0.511815,0.225590
1922,6NUG,81.25,0.700500,1.00,-1599.133,93.476,0.191500,0.436190
1923,6NW8,59.26,0.518400,1.00,-1629.391,170.860,0.597181,0.405420
1924,6O3Q,83.16,0.715200,1.00,-4062.958,179.430,0.273972,0.729490
1925,6O3S,65.43,0.600100,1.00,-3804.056,97.137,0.436154,0.531050
1931,6OBK,66.28,0.557600,1.00,-4543.312,126.396,0.300169,0.582700
1932,6OBW,60.29,0.507000,1.00,-1264.067,45.714,0.489308,0.242980
1933,6OC2,48.53,0.464900,1.00,-1314.347,46.127,0.440329,0.218520
1934,6OC4,63.24,0.559000,1.00,-1347.869,29.334,0.408150,0.366660
1935,6OFA,88.64,0.761700,1.00,-2791.687,116.399,0.188863,0.703950
1936,6OLD,64.71,0.510800,1.00,-1347.869,29.334,0.470741,0.290110
1937,6OQP,69.23,0.547400,1.00,-612.781,78.897,0.235836,0.272670
1938,6OTA,64.06,0.513500,1.00,-823.592,56.175,0.312474,0.193440
1939,6OTB,56.58,0.464300,1.00,-1001.713,156.874,0.412647,0.252540
1940,6OVJ,73.08,0.555600,1.00,-657.794,68.021,0.274298,0.321000
1941,6PIN,95.83,0.778400,1.00,-918.693,91.383,0.101198,0.478270
1942,6PIO,97.22,0.738000,1.00,-996.736,151.293,0.087040,0.433810
1943,6PIP,94.44,0.808800,1.00,-990.512,96.385,0.105899,0.570420
1945,6POR,39.29,0.453000,1.00,-1376.087,161.450,0.702308,0.179120
1946,6PPC,58.33,0.499100,1.00,-1542.236,328.543,0.604346,0.426010
1947,6PX7,80.15,0.701700,1.00,-2083.297,133.452,0.262273,0.583490
1948,6PX8,78.38,0.658200,1.00,-2755.693,174.525,0.267138,0.602590
1949,6Q1X,28.03,0.533500,1.00,-1095.495,260.180,1.049983,0.200060
1950,6Q5Z,66.38,0.499600,1.00,-1692.806,154.545,0.522679,0.438400
1951,6QAX,63.46,0.622100,1.00,-158.047,70.577,0.342791,0.299370
1952,6QB0,53.85,0.631800,1.00,-185.477,52.889,0.460193,0.213510
1953,6QB1,57.69,0.610000,1.00,-213.024,54.739,0.419728,0.218210
1954,6QES,88.12,0.713200,1.00,-3299.558,203.742,0.154208,0.746320
1955,6QET,70.24,0.524300,1.00,-3064.624,219.832,0.311306,0.578680
1956,6QJB,86.25,0.735800,1.00,-2486.756,212.540,0.170162,0.724050
1957,6QKF,83.33,0.652300,1.00,-1051.899,67.442,0.232223,0.352950
1958,6R2X,67.00,0.594500,1.00,-1711.646,99.938,0.452833,0.415340
1959,6R95,66.67,0.668700,1.00,-1734.705,44.803,0.371491,0.376930
1960,6R96,54.17,0.628600,1.00,-1734.705,44.803,0.542305,0.314820
1961,6RRL,85.42,0.614400,1.00,-734.164,48.687,0.272175,0.451170
1962,6RRO,43.18,0.405600,1.00,-360.564,47.842,0.483201,0.237060
1963,6RSF,53.00,0.469900,1.00,-1283.860,96.221,0.371907,0.243470
1964,6RSG,41.00,0.473500,1.00,-1399.238,26.334,0.659567,0.203470
1965,6RSM,63.64,0.555200,1.00,-266.258,44.877,0.362103,0.180350
1966,6RY9,48.08,0.550000,1.00,-1062.650,110.656,0.599158,0.202900
1967,6RYQ,36.25,0.496300,1.00,-400.950,133.059,0.815779,0.158060
1968,6RZ1,48.96,0.502000,1.00,-1456.209,63.661,0.444709,0.176210
1969,6RZC,41.00,0.499100,1.00,-908.548,122.930,0.757254,0.234410
1970,6S2D,47.92,0.528100,1.00,-986.627,117.072,0.642129,0.211930
1971,6SAA,90.18,0.737300,1.00,-1608.513,185.175,0.192665,0.668450
1972,6SAB,66.18,0.526500,1.00,-2216.122,167.567,0.516587,0.454980
1973,6SFT,25.69,0.377900,1.00,-1451.140,279.435,1.301264,0.189300
1974,6SVC,85.00,0.758000,1.00,-2236.819,151.504,0.193285,0.649080
1975,6SVE,87.14,0.718900,1.00,-2236.819,151.504,0.155959,0.705450
1976,6SVH,90.00,0.761900,1.00,-2236.819,151.504,0.135262,0.733490
1977,6SY2,69.90,0.618500,1.00,-3913.076,230.942,0.362162,0.623870
1978,6SZF,29.17,0.399000,1.00,-1872.779,242.887,1.188474,0.243060
1979,6T33,24.43,0.368100,1.00,-2041.631,286.206,1.054648,0.242280
1980,6TVJ,42.50,0.454800,1.00,-373.907,52.396,0.555055,0.277590
1981,6TWG,94.23,0.713900,1.00,-944.294,37.071,0.181233,0.687630
1982,6U24,46.43,0.589800,1.00,-428.059,54.907,0.791460,0.200690
1983,6U6G,47.92,0.380500,1.00,-2402.753,184.264,0.895957,0.298670
1984,6U7Q,48.21,0.532700,1.00,-380.956,91.430,0.716269,0.251970
1985,6U7R,96.43,0.718600,1.00,-700.190,71.111,0.080924,0.437630
1986,6U7S,87.50,0.710000,1.00,-627.192,75.067,0.145980,0.397230
1987,6U7U,48.21,0.577500,1.00,-375.796,64.420,0.853750,0.268870
1988,6U7W,57.14,0.591500,1.00,-445.682,91.554,0.785528,0.278500
1989,6U7X,50.00,0.628800,1.00,-433.895,62.147,0.995646,0.216500
1990,6UCH,69.51,0.627500,1.00,-2318.304,146.969,0.633861,0.577080
1991,6V1N,55.88,0.509400,1.00,-1389.452,30.806,0.412073,0.261450
1992,6V6T,79.29,0.670700,1.00,-2490.710,204.927,0.280356,0.613800
1993,6VE9,50.00,0.458600,1.00,-1195.891,153.885,0.636816,0.247840
1994,6VGT,29.61,0.361600,1.00,-1372.553,157.613,1.136759,0.189930
1995,6VH8,77.78,0.628100,1.00,-3075.954,246.443,0.230112,0.565680
1996,6VLA,91.18,0.732600,1.00,-1207.798,44.816,0.140959,0.427290
1997,6VLJ,55.26,0.433500,1.00,-764.121,135.043,0.659664,0.159310
1998,6VNZ,87.90,0.731100,1.00,-2164.886,132.432,0.146582,0.623810
1999,6VPN,95.21,0.786300,1.00,-3455.408,223.795,0.081752,0.884500
2000,6VXG,27.33,0.378300,1.00,-1412.973,217.730,1.221136,0.190580
2001,6VY8,55.36,0.635000,1.00,-428.059,54.907,0.754904,0.247380
2002,6WQJ,71.43,0.603800,1.00,-3086.609,96.219,0.310783,0.453540
2003,6WQL,80.10,0.628300,1.00,-3820.333,157.905,0.269629,0.688010
2004,6X7I,80.36,0.695500,1.00,-2168.913,43.832,0.445177,0.598340
2005,6XCR,56.11,0.634300,1.00,-3446.713,83.980,0.738406,0.463150
2006,6XCU,61.67,0.608400,1.00,-3453.735,89.323,0.490053,0.565370
2007,6XN9,70.83,0.517700,1.00,-3284.928,306.401,0.478305,0.658910
2008,6XTH,43.06,0.467200,1.00,-867.114,69.769,0.773894,0.180910
2009,6XTI,33.82,0.391700,1.00,-737.142,57.997,0.799210,0.067940
2010,6XYH,86.88,0.641400,1.00,-2561.644,345.695,0.224141,0.726280
2011,6XYI,78.57,0.660500,1.00,-2594.106,198.834,0.252920,0.647640
2012,6Y1Q,51.79,0.407200,1.00,-786.248,65.669,0.360521,0.246110
2013,6YHF,66.67,0.672300,1.00,-1997.580,45.291,0.302266,0.436060
2014,6YHI,64.17,0.712300,1.00,-2205.479,67.698,0.404201,0.459780
2015,6YHO,65.83,0.718300,1.00,-2060.732,51.353,0.315761,0.449980
2016,6YHP,65.83,0.705700,1.00,-1979.111,34.524,0.392421,0.458750
2017,6YHX,81.67,0.717600,1.00,-1793.772,46.944,0.229790,0.560280
2018,6YJL,49.24,0.586300,1.00,-1707.039,116.429,0.642257,0.278090
2019,6YSE,90.76,0.780100,1.00,-4324.819,100.778,0.110574,0.829510
2020,6Z0G,52.04,0.653800,1.00,-3064.560,197.619,0.583674,0.419400
2021,6Z0H,69.39,0.678400,1.00,-3036.116,177.618,0.355707,0.606400
2022,6Z0I,54.59,0.626300,1.00,-3064.560,197.619,0.660401,0.478420
2023,7ALD,87.50,0.720200,1.00,-1133.572,91.916,0.148415,0.407970
2024,7ASY,67.42,0.608800,1.00,-2757.381,79.694,0.350997,0.393360
2025,7AT7,70.45,0.683700,1.00,-2562.277,97.791,0.373044,0.604280
2026,7ATB,67.42,0.675800,1.00,-3002.717,66.757,0.425406,0.543600
2027,7AY8,87.18,0.726600,1.00,-2318.444,184.920,0.239529,0.740050
2028,7B2F,50.81,0.505900,1.00,-2345.931,72.948,0.848758,0.330480
2029,7BW5,35.29,0.449600,1.00,-553.658,104.760,0.892929,0.089660
2030,7BWI,83.33,0.677600,1.00,-3827.632,256.822,0.262098,0.737190
2031,7BX2,87.50,0.649900,1.00,-725.769,35.057,0.124386,0.372690
2032,7BZ7,35.00,0.523600,1.00,-690.005,50.356,1.008057,0.148710
2033,7BZ8,33.33,0.457100,1.00,-701.683,47.351,1.000711,0.178510
2034,7BZ9,36.67,0.509800,1.00,-597.214,70.948,0.966035,0.185810
2035,7BZA,40.00,0.525300,1.00,-617.918,74.357,0.920583,0.252960
2036,7CCN,79.41,0.608700,1.00,-594.291,124.701,0.220438,0.296180
2037,7CCO,79.41,0.636800,1.00,-594.291,124.701,0.205915,0.290510
2038,7CK5,75.89,0.672300,1.00,-1913.679,67.953,0.347641,0.511370
2039,7CKD,34.62,0.308000,1.00,-2862.224,230.755,0.921422,0.286350
2040,7CKE,61.54,0.532100,1.00,-2862.224,230.755,0.443855,0.443230
2041,7CSS,59.62,0.574200,1.00,-636.830,80.140,0.488554,0.225140
2042,7CU6,36.67,0.568900,1.00,-658.026,79.652,1.079248,0.203090
2043,7D13,67.95,0.715800,1.00,-2424.401,124.563,0.355372,0.599340
2044,7D16,46.15,0.544600,1.00,-2424.401,124.563,0.958317,0.402590
2045,7D37,65.38,0.571500,1.00,-636.830,80.140,0.293137,0.275600
2046,7DEH,76.61,0.703900,1.00,-2088.700,57.119,0.238151,0.527870
2047,7EDK,61.84,0.517000,1.00,-1020.007,123.070,0.416929,0.180960
2048,7EES,38.75,0.534700,1.00,-574.006,124.277,1.315512,0.171690
2049,7ELY,44.23,0.437400,1.00,-1943.668,140.205,0.577669,0.205970
2050,7F32,72.22,0.669300,1.00,-1132.483,84.814,0.270758,0.225310
2051,7JIA,83.33,0.696800,1.00,-1335.703,94.562,0.197829,0.420690
2052,7JIY,93.75,0.745700,1.00,-1597.537,93.045,0.100528,0.550150
2053,7JNN,90.22,0.679300,1.00,-3765.710,194.548,0.152472,0.811910
2054,7JPM,75.60,0.655400,1.00,-2425.787,222.727,0.379956,0.615550
2055,7JS6,36.67,0.477000,1.00,-479.422,70.190,0.899940,0.145680
2056,7K1M,93.75,0.700800,1.00,-694.257,50.674,0.090815,0.449300
2057,7K7X,84.48,0.704300,1.00,-1991.782,165.857,0.162426,0.564680
2058,7KNN,70.31,0.604300,1.00,-864.624,63.655,0.349463,0.281060
2059,7KPD,94.83,0.775900,1.00,-2083.967,181.956,0.094623,0.736270
2060,7L53,46.43,0.388500,1.00,-1612.401,225.946,0.577596,0.242390
2061,7L54,44.64,0.387000,1.00,-1612.401,225.946,0.573883,0.232560
2062,7L55,33.93,0.336400,1.00,-1612.401,225.946,0.778140,0.184240
2063,7L7A,60.71,0.525500,1.00,-661.297,76.146,0.482362,0.229320
2064,7L83,52.70,0.693300,1.00,-2903.100,77.045,1.198194,0.456280
2065,7LCW,35.00,0.537700,1.00,-393.466,108.706,0.854334,0.191320
2066,7LGL,46.28,0.420900,1.00,-3026.680,254.995,0.914375,0.377350
2067,7LGV,55.21,0.543400,1.00,-3236.394,253.676,0.765031,0.486320
2068,7LHC,92.24,0.789300,1.00,-1878.906,174.684,0.098120,0.684090
2069,7LI2,45.45,0.536600,1.00,-830.145,96.574,1.132739,0.188600
2070,7LIF,46.59,0.528200,1.00,-830.145,96.574,1.003694,0.159890
2071,7LP4,69.15,0.547000,1.00,-2958.464,237.804,0.547673,0.562270
2072,7LQR,84.52,0.715700,1.00,-1305.059,122.443,0.297874,0.463270
2073,7LQS,75.00,0.581500,1.00,-915.453,81.391,0.314023,0.334690
2074,7LRW,65.48,0.536000,1.00,-1535.463,78.708,0.421893,0.361850
2075,7LSO,98.61,0.797900,1.00,-1173.436,36.417,0.055162,0.567390
2076,7LSP,87.50,0.693600,1.00,-1173.436,36.417,0.115971,0.474600
2077,7LT7,26.43,0.338300,1.00,-1613.076,222.127,1.426249,0.244230
2078,7LVE,67.02,0.594700,1.00,-3844.873,132.744,0.357962,0.516130
2079,7LVG,52.22,0.512200,1.00,-3652.623,115.979,0.653896,0.440650
2080,7LX4,68.90,0.573900,1.00,-3056.037,189.691,0.613196,0.538680
2081,7LZL,93.24,0.755900,1.00,-2461.026,161.963,0.105506,0.784520
2082,7M1D,45.83,0.421900,1.00,-2955.048,271.144,0.929493,0.378620
2083,7M1E,66.07,0.596300,1.00,-1704.889,54.762,0.351217,0.471560
2084,7M3U,36.11,0.383900,1.00,-1480.330,220.062,0.973645,0.144840
2085,7MJ3,73.30,0.628800,1.00,-3621.477,188.899,0.329624,0.608330
2086,7MY8,37.50,0.475300,1.00,-3078.879,250.340,0.885985,0.317960
2087,7N0T,92.19,0.680200,1.00,-819.126,84.889,0.122526,0.347210
2088,7N21,80.88,0.686700,1.00,-890.773,43.278,0.227330,0.457180
2089,7N23,85.29,0.732500,1.00,-890.773,43.278,0.179426,0.359490
2090,7N25,93.75,0.749400,1.00,-819.126,84.889,0.104947,0.358970
2091,7NIP,64.63,0.606900,1.00,-3822.003,115.511,0.316786,0.430030
2092,7NS1,82.26,0.783400,1.00,-2716.697,71.204,0.231062,0.695290
2093,7OB2,50.00,0.483300,1.00,-309.722,59.045,0.351373,0.334190
2094,7OD2,86.76,0.645900,1.00,-2428.396,199.518,0.137511,0.658470
2095,7OFM,76.67,0.700300,1.00,-1920.006,95.762,0.380674,0.580630
2096,7OFO,76.67,0.727600,1.00,-1920.006,95.762,0.271822,0.563030
2097,7OSC,75.00,0.666500,1.00,-1339.846,119.924,0.274796,0.282510
2099,7P3M,94.23,0.726800,1.00,-659.853,28.805,0.075444,0.698760
2100,7P4X,85.48,0.706200,1.00,-2113.168,55.907,0.239827,0.649900
2101,7P55,84.09,0.663000,1.00,-1732.199,33.515,0.169290,0.289540
2102,7P5G,40.00,0.482600,1.00,-1039.012,221.468,0.685967,0.166510
2103,7P5Q,30.00,0.526400,1.00,-891.778,215.984,1.179375,0.133120
2104,7P5S,37.00,0.499400,1.00,-908.607,256.633,0.795474,0.148790
2105,7PH8,83.87,0.761100,1.00,-2696.919,56.810,0.168005,0.621010
2106,7PHT,85.00,0.778100,1.00,-2637.354,51.713,0.179010,0.631240
2107,7PL4,72.58,0.742700,1.00,-2177.502,62.814,0.348657,0.512860
2108,7PVB,97.83,0.790800,1.00,-3373.185,172.258,0.071811,0.914530
2109,7PVM,59.68,0.507600,1.00,-1275.304,176.760,0.587949,0.400550
2110,7QAL,48.57,0.691800,1.00,-2034.296,99.862,0.894514,0.380360
2111,7QAM,52.14,0.593000,1.00,-1835.753,105.737,0.668386,0.369950
2112,7QAO,43.57,0.511400,1.00,-1909.694,199.062,0.911062,0.339360
2113,7QAP,47.14,0.708800,1.00,-2150.239,119.189,0.706212,0.423230
2114,7QLF,52.94,0.451800,1.00,-757.042,77.155,0.382348,0.211900
2115,7QXJ,89.29,0.681100,1.00,-1896.496,100.641,0.167142,0.663580
2116,7RC7,92.19,0.771800,1.00,-2039.787,177.578,0.138358,0.738130
2117,7RC8,89.84,0.765300,1.00,-2039.787,177.578,0.175676,0.708950
2118,7RFA,79.31,0.644100,1.00,-1720.932,176.780,0.321340,0.487760
2119,7RN3,93.33,0.757400,1.00,-2076.025,201.801,0.106742,0.728240
2120,7S55,98.39,0.831100,1.00,-2205.840,170.313,0.057998,0.855660
2121,7S7P,92.26,0.784100,1.00,-3030.304,143.234,0.141117,0.808820
2122,7SAG,69.35,0.575900,1.00,-1818.800,178.201,0.510730,0.468830
2123,7SKC,85.29,0.654800,1.00,-2553.815,234.526,0.138237,0.639460
2124,7T6G,57.50,0.495200,1.00,-920.545,61.713,0.372036,0.317310
2125,7T7W,88.64,0.660900,1.00,-721.698,25.236,0.158418,0.450880
2126,7TB9,33.75,0.469100,1.00,-347.927,124.062,0.589106,0.131430
2127,7TH8,59.09,0.491300,1.00,-2036.473,198.168,0.626022,0.348840
2128,7UNX,72.92,0.562300,1.00,-2761.701,247.201,0.839361,0.563170
2129,7UV3,67.71,0.581400,1.00,-3662.918,133.756,0.549794,0.570820
2130,7V5E,56.94,0.439700,1.00,-1226.159,82.536,0.459015,0.236150
2131,7V5F,66.94,0.546900,1.00,-2633.203,164.893,0.474787,0.421730
2132,7VOZ,81.90,0.770600,1.00,-1970.869,48.644,0.210234,0.494920
2133,7VQH,31.94,0.480300,1.00,-570.479,88.593,0.808499,0.158060
2134,7VQI,34.72,0.457900,1.00,-570.479,88.593,0.795667,0.146380
2135,7W8K,41.00,0.454300,1.00,-1036.007,190.513,0.622937,0.151240
2136,7W8O,48.08,0.448700,1.00,-1618.922,208.183,0.722625,0.231290
2137,7W8R,43.27,0.371900,1.00,-1618.922,208.183,0.900365,0.219160
2138,7W8T,36.54,0.413500,1.00,-1450.747,142.847,0.813673,0.210150
2139,7W8Z,58.55,0.567600,1.00,-2416.584,216.108,0.510596,0.388950
2140,7W96,87.04,0.812600,1.00,-1121.884,107.838,0.134894,0.525980
2141,7WE3,29.03,0.437000,1.00,-1614.013,152.491,0.804688,0.206170
2142,7WEI,37.10,0.485000,1.00,-1614.013,152.491,0.723535,0.164410
2143,7Y7L,72.78,0.603700,1.00,-2971.038,233.140,0.252679,0.578560
2144,7YAB,65.34,0.535400,1.00,-2870.829,218.507,0.311928,0.529130
2145,7YFS,60.94,0.523100,1.00,-704.979,90.243,0.513212,0.266740
2146,7YHF,95.14,0.835500,1.00,-2413.173,184.200,0.093211,0.810970
2147,7YHG,95.83,0.848800,1.00,-2413.173,184.200,0.076771,0.853040
2148,7YHH,95.83,0.865900,1.00,-2413.173,184.200,0.075969,0.849070
2149,7YHI,93.06,0.844100,1.00,-2243.973,172.711,0.086124,0.797710
2150,7YRV,48.21,0.520400,1.00,-2318.791,119.081,0.644038,0.225120
2151,7YRW,48.39,0.480200,1.00,-1596.824,186.436,0.518124,0.283010
2152,7YRX,67.74,0.553400,1.00,-1897.754,236.783,0.262760,0.317540
2153,7YSS,71.43,0.544000,1.00,-979.327,17.890,0.408749,0.491980
2154,7YYI,76.72,0.656500,1.00,-2217.964,42.630,0.193541,0.522690
2155,7Z07,80.17,0.718700,1.00,-2253.538,67.305,0.222816,0.632030
2156,7Z08,71.55,0.712700,1.00,-2507.157,45.401,0.253530,0.539420
2157,7Z0B,87.93,0.780200,1.00,-2597.842,78.333,0.131848,0.598620
2159,7ZNF,86.67,0.745700,1.00,-1884.104,146.823,0.217389,0.622370
2160,7ZRF,50.00,0.417300,1.00,-834.807,66.624,0.665638,0.198320
2161,7ZRO,30.62,0.489700,1.00,-1196.855,327.740,1.145937,0.207020
2162,7ZRU,88.39,0.721400,1.00,-1854.048,117.027,0.190924,0.682910
2163,7ZWJ,44.12,0.548200,1.00,-367.284,101.504,1.022384,0.240830
2164,7ZZV,25.69,0.383000,1.00,-2377.051,174.528,0.867936,0.261880
2165,8A6I,32.74,0.401600,1.00,-2206.374,112.570,1.121440,0.261080
2166,8AHK,81.71,0.717900,1.00,-3130.333,267.874,0.193384,0.674820
2167,8B1L,82.29,0.722900,1.00,-1470.799,69.427,0.252502,0.475290
2168,8B1X,65.00,0.609400,1.00,-1417.003,41.168,0.660155,0.534180
2169,8B4R,73.75,0.639200,1.00,-1133.572,91.916,0.291252,0.235820
2170,8B6X,75.00,0.617000,1.00,-1996.186,51.487,0.272494,0.448540
2171,8B6Y,81.00,0.704300,1.00,-1996.186,51.487,0.166039,0.428630
2172,8B9Q,21.25,0.394300,1.00,-1436.780,329.331,1.322253,0.229540
2173,8B9R,26.25,0.447400,1.00,-1436.780,329.331,1.082210,0.218580
2174,8BOO,30.43,0.468400,1.00,-580.369,149.110,1.148997,0.160440
2175,8BVC,93.45,0.767200,1.00,-2920.876,221.270,0.143678,0.850990
2176,8BVZ,47.37,0.534100,1.00,-570.155,109.325,0.977660,0.127870
2177,8BWW,62.50,0.533500,1.00,-1477.512,42.806,0.413231,0.286700
2178,8CIQ,84.29,0.681000,1.00,-2339.053,156.608,0.260146,0.693000
2183,8CJT,78.57,0.661500,1.00,-2185.458,190.035,0.229974,0.586610
2184,8CM3,89.13,0.682300,1.00,-1500.262,96.568,0.200969,0.467830
2185,8DFZ,65.12,0.508500,1.00,-3559.822,198.204,0.437499,0.506440
2186,8DYM,37.07,0.423000,1.00,-901.733,174.269,1.149707,0.191310
2187,8DYN,43.75,0.443600,1.00,-1175.099,143.976,0.660021,0.169950
2188,8EB1,68.75,0.534000,1.00,-1605.178,93.330,0.498631,0.368050
2189,8EF4,47.50,0.548400,1.00,-394.411,121.677,0.591711,0.125510
2190,8F04,31.58,0.497700,1.00,-567.940,90.345,1.029444,0.178120
2191,8FD4,83.82,0.660000,1.00,-2228.483,253.121,0.211076,0.625050
2192,8FEY,87.50,0.722000,1.00,-2456.124,183.758,0.195400,0.724540
2193,8G21,91.41,0.719200,1.00,-2242.686,102.882,0.250437,0.801820
2194,8GUC,41.67,0.462400,1.00,-2181.191,234.500,0.734594,0.253300
2195,8GVN,83.93,0.627800,1.00,-979.327,17.890,0.223784,0.476060
2196,8H0G,70.16,0.700200,1.00,-2171.148,90.784,0.308370,0.508970
2197,8H0U,79.84,0.708700,1.00,-2171.148,90.784,0.246115,0.561860
2198,8HJC,85.61,0.709600,1.00,-2677.652,113.428,0.199161,0.686930
2199,8HJD,86.36,0.696200,1.00,-2677.652,113.428,0.184630,0.688710
2200,8HR3,67.31,0.545500,1.00,-488.068,91.837,0.385150,0.242770
2201,8HR4,63.46,0.507500,1.00,-461.456,209.975,0.423396,0.308830
2202,8HVS,60.00,0.456600,1.00,-207.191,79.167,0.365370,0.390720
2203,8HZW,56.25,0.578500,1.00,-1008.540,24.922,0.627013,0.261520
2204,8IKQ,82.14,0.549000,1.00,-590.216,52.119,0.252319,0.345620
2205,8IL1,78.57,0.578200,1.00,-590.216,52.119,0.278117,0.187300
2206,8IL2,80.00,0.605400,1.00,-601.289,62.452,0.260080,0.326690
2207,8IL6,90.00,0.611500,1.00,-601.289,62.452,0.227243,0.468630
2208,8JB4,25.00,0.365700,1.00,-1462.303,120.881,0.935229,0.168510
2209,8K3M,42.65,0.471900,1.00,-573.168,101.362,0.603356,0.180520
2210,8K3N,45.59,0.472900,1.00,-573.168,101.362,0.593872,0.209460
2211,8OR5,61.67,0.674300,1.00,-1935.244,34.895,0.343850,0.442470
2212,8ORY,82.50,0.731100,1.00,-2225.148,56.357,0.172118,0.600700
2213,8ORZ,70.83,0.676000,1.00,-1551.555,47.918,0.353493,0.458970
2214,8OS0,79.17,0.767000,1.00,-2039.839,52.797,0.187586,0.487310
2216,8PWT,36.76,0.513400,1.00,-2915.255,65.331,1.275106,0.275830
2221,8QNT,30.61,0.612800,1.00,-3687.662,150.984,1.791697,0.259580
2222,8QTQ,70.59,0.621500,1.00,-2188.205,217.931,0.349389,0.476320
2223,8R89,59.72,0.490100,1.00,-1079.871,88.243,0.435674,0.242610
2224,8RHS,50.52,0.448200,1.00,-3332.740,182.958,0.539090,0.468910
2225,8RPQ,72.92,0.767800,1.00,-2847.807,45.873,0.276684,0.490660
2226,8RQ6,69.35,0.707300,1.00,-2560.674,44.034,0.335425,0.549210
2227,8S9Y,33.33,0.408700,1.00,-1926.108,188.016,0.931062,0.230750
2228,8SED,79.73,0.638800,1.00,-2511.197,187.390,0.223490,0.590300
2229,8SEM,82.69,0.710300,1.00,-1960.368,174.351,0.384243,0.708220
2230,8SVB,38.33,0.433300,1.00,-1327.365,171.085,0.822458,0.202330
2231,8T01,90.38,0.701500,1.00,-827.336,21.683,0.111190,0.413400
2232,8T61,90.62,0.628300,1.00,-872.098,82.862,0.186935,0.436990
2233,8T62,84.38,0.701900,1.00,-632.743,59.827,0.168552,0.374980
2234,8T63,56.25,0.398300,1.00,-674.901,123.246,0.443366,0.190250
2235,8TFV,80.95,0.680600,1.00,-866.566,97.009,0.172637,0.311480
2236,8TV4,44.23,0.438500,1.00,-1159.296,23.378,0.546982,0.156390
2237,8TXS,48.44,0.547200,1.00,-555.866,83.108,1.176860,0.160330
2238,8TYI,82.76,0.679700,1.00,-1805.756,204.944,0.258699,0.576630
2239,8UKC,45.00,0.383300,1.00,-609.129,72.125,0.723073,0.184780
2240,8ULM,77.27,0.627000,1.00,-2036.473,198.168,0.251154,0.502600
2241,8UM1,55.95,0.614600,1.00,-3284.371,97.854,0.499864,0.500400
2242,8UM2,59.52,0.597000,1.00,-3284.371,97.854,0.979663,0.466160
2243,8UNG,81.71,0.684400,1.00,-2793.706,188.771,0.198235,0.664440
2244,8UWF,88.46,0.766000,1.00,-2447.899,194.244,0.214263,0.758300
2245,8UXR,51.09,0.437000,1.00,-1190.149,261.236,0.394620,0.211720
2246,8V2M,75.00,0.593100,1.00,-1854.719,158.617,0.417267,0.505740
2247,8V2V,27.44,0.442300,1.00,-2423.897,323.291,0.898753,0.216970
2248,8VU6,88.59,0.728800,1.00,-3132.944,253.467,0.265191,0.807720
2249,8VU7,92.22,0.741900,1.00,-3309.350,257.327,0.143626,0.819520
2250,8VU8,82.56,0.688900,1.00,-2796.763,256.272,0.153221,0.710030
2251,8VYC,43.18,0.459400,1.00,-872.485,174.194,0.838094,0.183330
2252,8W0Q,72.50,0.626800,1.00,-1213.259,87.272,0.350554,0.251750
2253,8W16,80.00,0.588200,1.00,-993.360,64.635,0.238479,0.318930
2254,8W17,86.67,0.606300,1.00,-840.184,60.936,0.177554,0.336950
2255,8W2V,35.90,0.426300,1.00,-1274.152,312.204,1.123000,0.209180
2256,8WGI,54.00,0.452800,1.00,-1374.682,143.503,0.470492,0.300850
2257,8WGJ,60.42,0.539500,1.00,-1458.748,90.897,0.433854,0.306450
2258,8WW0,66.41,0.648900,1.00,-2021.653,165.538,0.425357,0.427570
2259,8WW1,52.50,0.530300,1.00,-2329.979,142.218,0.667529,0.297320
2260,8X3N,68.75,0.538400,1.00,-666.482,89.744,0.348279,0.234720
2261,8X40,79.69,0.587800,1.00,-666.482,89.744,0.270872,0.317890
2262,8XTH,71.67,0.575600,1.00,-765.958,54.041,0.334585,0.220450
2263,8XTN,32.58,0.415400,1.00,-1106.427,289.070,0.982544,0.190990
2264,8XTO,41.67,0.572200,1.00,-578.438,88.069,0.640988,0.113480
2265,8Y3S,61.36,0.608600,1.00,-278.732,57.909,0.438769,0.248050
2266,8YD6,28.33,0.372300,1.00,-1801.723,242.106,0.846470,0.194270
2267,8ZG2,56.82,0.491900,1.00,-171.125,64.373,0.527349,0.303130
2268,8ZG3,45.45,0.536000,1.00,-184.049,32.216,0.645734,0.372670
2269,8ZG4,47.73,0.512800,1.00,-415.671,34.683,0.483649,0.361910
2270,8ZP3,30.30,0.362900,1.00,-1117.420,246.594,1.111329,0.200610
2271,8ZUG,36.96,0.560400,1.00,-401.083,162.603,0.773139,0.178680
2272,9AZI,94.44,0.810600,1.00,-1772.943,85.147,0.145318,0.751700
2273,9BET,62.50,0.667400,1.00,-2905.426,82.508,0.514697,0.535650
2274,9BF4,71.77,0.604200,1.00,-2450.602,102.399,0.323857,0.435280
2275,9BHN,59.09,0.506800,1.00,-537.834,65.830,0.465643,0.178230
2276,9BV0,80.56,0.638800,1.00,-2169.923,229.799,0.232435,0.450760
2277,9BV4,75.69,0.633700,1.00,-3075.954,246.443,0.190451,0.539140
2278,9BVS,46.15,0.456100,1.00,-1192.149,25.789,0.523129,0.262170
2279,9BVU,45.00,0.436600,1.00,-1351.672,27.775,0.659096,0.206960
2280,9BVV,46.15,0.462200,1.00,-1181.273,26.822,0.453263,0.231550
2281,9CRB,97.32,0.823900,1.00,-1658.957,168.131,0.074634,0.758110
2282,9F1E,68.75,0.554100,1.00,-1731.524,82.565,0.617059,0.456030
2283,9F1F,69.87,0.636700,1.00,-2297.379,231.345,0.486656,0.532760
2284,9F1G,72.96,0.658500,1.00,-3413.535,125.749,0.316476,0.650790
2285,9FJN,94.44,0.763100,1.00,-1202.344,26.417,0.080721,0.499470
2286,9FJW,47.86,0.607800,1.00,-1929.922,210.802,0.880495,0.380670
2287,9G0M,93.00,0.762400,1.00,-1576.748,78.120,0.127934,0.595090
2288,9G0N,85.00,0.742300,1.00,-1576.748,78.120,0.183948,0.530200
2289,9G20,96.00,0.778800,1.00,-1576.748,78.120,0.153037,0.685290
2290,9G21,69.00,0.582100,1.00,-1576.748,78.120,0.299740,0.330880
2291,9G22,88.00,0.729500,1.00,-1544.100,86.252,0.154813,0.514610
2292,9G2N,89.00,0.741300,1.00,-1544.100,86.252,0.162324,0.540370
2293,9G2O,90.00,0.724700,1.00,-1544.100,86.252,0.145684,0.543850
2294,9G31,82.00,0.678200,1.00,-1544.100,86.252,0.173098,0.406070
2295,9G32,82.00,0.683100,1.00,-1544.100,86.252,0.186447,0.401490
2296,9G5P,91.00,0.730600,1.00,-1576.748,78.120,0.138958,0.547820
2297,9GDL,81.00,0.687600,1.00,-1636.226,74.701,0.239892,0.484150
2298,9GDN,95.00,0.803400,1.00,-1636.226,74.701,0.115912,0.666560
2299,9GDT,92.00,0.770600,1.00,-1636.226,74.701,0.153891,0.612980
2300,9GDU,90.00,0.752500,1.00,-1636.226,74.701,0.188805,0.590670
2301,9GE1,91.00,0.780500,1.00,-1636.226,74.701,0.186003,0.582010
2302,9GE9,79.00,0.694200,1.00,-1532.796,88.548,0.266342,0.444830
2303,9GEB,86.00,0.713900,1.00,-1532.796,88.548,0.150252,0.504560
2304,9GEC,81.00,0.695700,1.00,-1532.796,88.548,0.210144,0.479390
2305,9IKO,64.06,0.541600,1.00,-605.872,76.457,0.345798,0.189190
2306,9ILX,73.44,0.521700,1.00,-605.872,76.457,0.271768,0.377470
2307,9J5F,58.59,0.604800,1.00,-2395.474,185.925,0.392117,0.359800
2308,9J5H,75.00,0.687200,1.00,-2656.501,224.105,0.266645,0.583520
2309,9KAR,38.33,0.462400,1.00,-617.098,47.150,0.953636,0.223240
2310,9KK0,72.00,0.613300,1.00,-1215.010,156.152,0.294149,0.301580
2311,9L1M,43.75,0.549400,1.00,-154.155,64.321,0.670404,0.224800
2312,9NVH,77.14,0.659500,1.00,-1721.551,188.871,0.289201,0.606640
2313,9NWZ,42.50,0.407100,1.00,-957.910,167.152,0.820765,0.143030
2314,9NY3,38.75,0.381600,1.00,-933.792,193.170,0.771537,0.145690
2315,9UV5,55.00,0.546300,1.00,-286.725,51.495,0.589081,0.276630
