serial,pdb_id,gdt_ts,lddt,lddt_coverage,pred_dope,pred_molpdf,rmsd,tm_score
1,1A11,89.00,0.772300,1.00,-1777.454,46.150,0.109341,0.647500
2,1A3P,35.56,0.359200,1.00,-2733.697,271.762,0.752859,0.251820
3,1ACW,75.00,0.625100,1.00,-1899.753,149.213,0.197551,0.418100
4,1ADX,31.25,0.397100,1.00,-2377.281,361.070,0.908766,0.276800
5,1AG7,63.24,0.489400,1.00,-1786.796,227.383,0.308492,0.417540
6,1AGG,36.46,0.441800,1.00,-2548.192,277.907,0.913491,0.304630
7,1AGT,96.05,0.798900,1.00,-2777.073,193.166,0.075476,0.859510
8,1AHL,42.35,0.359600,1.00,-3671.010,301.539,0.632343,0.344090
9,1ALE,59.72,0.573000,1.00,-956.997,70.385,0.401944,0.326530
10,1ALF,93.42,0.769100,1.00,-1600.444,57.212,0.130051,0.512630
11,1ALG,68.75,0.648500,1.00,-1475.601,27.559,0.572022,0.470060
12,1AMB,23.21,0.363400,1.00,-1085.637,210.677,0.833908,0.259690
13,1AMC,24.11,0.365200,1.00,-1085.637,210.677,0.820393,0.236600
14,1AML,31.88,0.366600,1.00,-2177.688,173.388,0.892735,0.348880
15,1ANP,40.18,0.411000,1.00,-1701.152,137.538,0.670504,0.258370
16,1ANS,44.44,0.398500,1.00,-1500.782,263.278,0.642520,0.240220
17,1AOO,33.12,0.399900,1.00,-2491.324,269.164,0.852624,0.208070
18,1APF,44.90,0.427800,1.00,-3573.699,285.975,0.739443,0.401410
19,1APO,35.12,0.345400,1.00,-2043.148,509.536,0.817376,0.335900
20,1AQG,79.55,0.556800,1.00,-513.937,46.802,0.341720,0.351740
21,1AQQ,33.75,0.408600,1.00,-2491.324,269.164,0.851278,0.216370
22,1AQR,35.62,0.413300,1.00,-2491.324,269.164,0.765249,0.216750
23,1ARD,49.14,0.494500,1.00,-2089.147,86.941,0.814850,0.381810
24,1ARE,49.14,0.532900,1.00,-2165.121,109.951,0.827213,0.390290
25,1ARF,43.97,0.468300,1.00,-1955.867,126.422,0.924657,0.380960
26,1ATX,36.96,0.389700,1.00,-2290.922,554.915,0.845311,0.310860
27,1AV3,48.15,0.435900,1.00,-993.913,414.333,0.720546,0.323350
28,1AW6,37.21,0.394400,1.00,-3026.268,236.700,1.132029,0.284270
29,1AXH,43.24,0.461500,1.00,-1695.554,389.598,0.835017,0.253670
30,1AZ6,49.31,0.433300,1.00,-2057.817,215.651,0.674961,0.413330
31,1AZH,40.97,0.414900,1.00,-2057.817,215.651,0.796744,0.256020
32,1AZJ,52.78,0.474000,1.00,-2160.528,239.451,0.556106,0.384770
33,1AZK,47.22,0.500900,1.00,-1888.902,229.849,0.648196,0.289860
34,1B03,38.89,0.408500,1.00,-646.760,121.497,0.803503,0.151910
35,1B1V,76.09,0.601700,1.00,-1052.298,185.624,0.393174,0.378760
36,1B4G,30.83,0.352600,1.00,-1263.766,196.274,1.214804,0.198340
37,1B4I,27.50,0.364100,1.00,-1263.766,196.274,0.864269,0.179400
38,1B5N,76.09,0.592200,1.00,-1052.298,185.624,0.374723,0.371340
39,1B8W,26.19,0.374900,1.00,-2766.836,215.882,0.763173,0.251230
40,1B9P,74.26,0.670100,1.00,-2146.522,99.102,0.326932,0.551880
41,1B9Q,65.44,0.635800,1.00,-2146.522,99.102,0.335575,0.446320
42,1B9U,87.50,0.766700,1.00,-2882.808,104.618,0.192078,0.720250
43,1BA4,35.62,0.359200,1.00,-2177.688,173.388,1.034663,0.320520
44,1BA6,28.75,0.378000,1.00,-2177.688,173.388,1.084346,0.340440
45,1BAH,85.14,0.628400,1.00,-2680.631,154.314,0.150915,0.696890
46,1BBA,64.58,0.667900,1.00,-2289.998,165.918,1.101273,0.501580
47,1BBG,35.00,0.357800,1.00,-2944.788,238.390,0.768338,0.343000
48,1BDS,28.49,0.351700,1.00,-3104.246,260.662,0.977933,0.259730
49,1BEI,47.14,0.498600,1.00,-2064.347,205.836,0.625369,0.252880
50,1BF9,68.29,0.526800,1.00,-2418.485,322.704,0.526192,0.556660
51,1BGK,64.19,0.515500,1.00,-2817.343,219.796,0.417736,0.432160
52,1BH4,50.83,0.468000,1.00,-1754.940,337.451,0.539329,0.252040
53,1BH7,40.91,0.480100,1.00,-2335.284,173.746,0.754882,0.311280
54,1BHI,61.84,0.544300,1.00,-2308.630,198.588,0.360696,0.394840
55,1BIG,89.19,0.733700,1.00,-3010.930,181.431,0.117551,0.740440
56,1BJB,32.14,0.434100,1.00,-930.159,260.774,0.816037,0.165720
57,1BJC,32.14,0.439800,1.00,-1049.487,242.298,0.864350,0.273930
58,1BL1,54.84,0.586400,1.00,-2272.810,99.505,0.482797,0.361030
59,1BM4,58.59,0.577500,1.00,-1867.756,156.249,0.532737,0.430950
60,1BMX,60.48,0.627100,1.00,-2088.324,118.373,0.732961,0.484770
61,1BNB,44.74,0.467600,1.00,-2007.935,336.761,0.733884,0.375010
62,1BOE,79.26,0.634400,1.00,-3315.012,246.231,0.219895,0.692340
63,1BQF,72.00,0.583100,1.00,-1370.905,151.843,0.322075,0.357150
64,1BRV,57.81,0.562300,1.00,-2063.300,213.414,0.629521,0.382960
65,1BWX,53.85,0.547400,1.00,-3020.615,104.175,0.995489,0.400270
66,1BY0,79.63,0.627600,1.00,-1661.014,88.974,0.303135,0.502550
67,1BY6,48.61,0.499900,1.00,-2578.967,77.550,0.435720,0.405420
68,1BZG,59.56,0.579500,1.00,-2176.044,72.638,0.482225,0.408090
69,1C2U,40.71,0.449000,1.00,-1932.260,225.197,0.670606,0.307450
70,1C49,77.86,0.626400,1.00,-2233.431,202.691,0.268657,0.583870
71,1C4B,53.85,0.422900,1.00,-576.711,58.568,0.536709,0.262560
72,1C4E,47.14,0.415700,1.00,-1709.240,354.685,0.439331,0.301500
73,1C55,61.88,0.476200,1.00,-3095.351,223.490,0.453688,0.482230
74,1C56,61.25,0.508000,1.00,-3095.351,223.490,0.453782,0.504010
75,1C6W,28.79,0.338000,1.00,-1676.233,205.943,0.891696,0.233960
76,1CBH,50.69,0.457700,1.00,-1967.823,346.776,0.732389,0.374770
77,1CCF,34.52,0.343000,1.00,-2043.148,509.536,0.877380,0.310110
78,1CCM,28.80,0.358800,1.00,-3152.501,352.014,0.841795,0.265150
79,1CCN,30.43,0.360000,1.00,-3152.501,352.014,0.871349,0.230750
80,1CE4,27.14,0.311200,1.00,-1568.767,197.888,0.975949,0.180430
81,1CFG,65.91,0.585800,1.00,-1380.492,94.462,0.458026,0.311490
82,1CFH,32.98,0.375300,1.00,-3269.921,298.753,1.126614,0.301940
83,1CFI,37.23,0.433900,1.00,-3269.921,298.753,0.993402,0.288400
84,1CHL,76.39,0.596100,1.00,-2471.605,191.249,0.202112,0.538630
85,1CIX,67.61,0.521500,1.00,-3312.034,240.803,0.366882,0.553740
86,1CKW,58.00,0.574900,1.00,-1427.266,122.630,0.428785,0.348040
87,1CKX,45.19,0.423700,1.00,-1238.116,195.172,0.879641,0.233080
88,1CKY,42.31,0.420700,1.00,-1238.116,195.172,0.751128,0.205540
89,1CKZ,43.00,0.448100,1.00,-1427.266,122.630,0.567570,0.142430
90,1CMR,87.90,0.681300,1.00,-2155.799,170.104,0.130501,0.624700
91,1CO4,44.64,0.494900,1.00,-2067.527,338.396,0.796557,0.349930
92,1CQ0,51.79,0.521700,1.00,-1683.269,76.179,0.622786,0.317260
93,1CR8,41.07,0.385600,1.00,-2403.934,246.877,1.129436,0.384460
94,1CSA,47.73,0.406700,1.00,-425.790,48.366,0.579001,0.309950
95,1CTI,57.76,0.496800,1.00,-1802.912,202.290,0.418311,0.306540
96,1CW5,48.96,0.456900,1.00,-2800.871,278.013,0.886207,0.482000
97,1CW6,37.84,0.392300,1.00,-1743.196,378.383,0.928919,0.236700
98,1CWX,23.86,0.486300,1.00,-1351.526,269.451,1.135795,0.242570
99,1CXR,28.80,0.338300,1.00,-3331.595,254.159,0.914291,0.252350
100,1CYA,70.45,0.554600,1.00,-425.790,48.366,0.210583,0.328490
101,1CYB,56.82,0.499900,1.00,-425.790,48.366,0.393398,0.270770
102,1CZ6,34.00,0.351400,1.00,-1007.706,227.310,0.795335,0.155250
103,1D0R,66.67,0.660400,1.00,-1889.101,72.769,0.382741,0.477450
104,1D1H,42.86,0.397200,1.00,-2528.735,178.876,0.620013,0.337630
105,1D2J,33.12,0.359400,1.00,-2860.266,280.139,0.931858,0.291560
106,1D2L,31.11,0.335000,1.00,-2776.144,271.400,1.019875,0.295860
107,1D5Q,99.07,0.828500,1.00,-1912.828,86.014,0.049733,0.845850
108,1D6B,48.21,0.389100,1.00,-2626.525,362.208,0.927865,0.344560
109,1D6X,63.46,0.507700,1.00,-471.688,148.796,0.289981,0.214670
110,1DEC,51.92,0.459600,1.00,-2319.396,309.299,0.896387,0.407920
111,1DEP,95.00,0.695200,1.00,-943.068,54.998,0.089625,0.414950
112,1DF6,40.00,0.402900,1.00,-1979.246,295.892,0.654688,0.247510
113,1DFE,69.59,0.526100,1.00,-2375.139,168.098,0.424273,0.549600
114,1DFS,41.94,0.427500,1.00,-1769.088,254.818,0.850102,0.276340
115,1DFT,45.00,0.411100,1.00,-1653.175,186.810,0.708021,0.229930
116,1DGZ,66.89,0.523100,1.00,-2375.139,168.098,0.410301,0.473540
117,1DJF,91.67,0.747500,1.00,-614.505,33.905,0.225870,0.620270
118,1DKC,39.47,0.386900,1.00,-1792.061,385.879,0.620679,0.310490
119,1DL0,61.49,0.490500,1.00,-2403.780,211.638,0.614250,0.512900
120,1DMC,48.39,0.503000,1.00,-1669.578,325.389,0.554371,0.271520
121,1DMD,46.77,0.490300,1.00,-1669.578,325.389,0.553025,0.259850
122,1DME,41.07,0.424500,1.00,-1451.453,203.336,0.853650,0.184800
123,1DMF,44.64,0.418800,1.00,-1451.453,203.336,0.847249,0.194980
124,1DN3,90.00,0.756300,1.00,-614.505,33.905,0.149241,0.569890
125,1DNG,90.00,0.743600,1.00,-765.704,29.619,0.212893,0.534880
126,1DPK,45.00,0.489200,1.00,-178.091,143.679,0.819819,0.119120
127,1DPQ,53.75,0.495200,1.00,-682.852,60.140,0.371840,0.316790
128,1DSK,59.82,0.564200,1.00,-1688.266,124.962,0.521119,0.370270
129,1DSQ,69.05,0.555200,1.00,-821.603,189.526,0.295622,0.208910
130,1DSV,44.35,0.443700,1.00,-1169.553,209.498,0.860277,0.276150
131,1DTC,89.42,0.718100,1.00,-1754.762,47.724,0.290048,0.801330
132,1DU1,68.75,0.540200,1.00,-1104.713,48.560,0.461649,0.343120
133,1DU9,83.04,0.651900,1.00,-1556.622,188.060,0.151490,0.496270
134,1DV0,57.45,0.523500,1.00,-4363.174,117.045,0.935924,0.491050
135,1DVW,47.22,0.506100,1.00,-607.167,115.827,0.663468,0.210290
136,1DX7,58.33,0.595400,1.00,-4100.409,129.443,0.597744,0.572610
137,1E0G,73.96,0.572300,1.00,-4178.885,254.219,0.270298,0.641400
138,1E0L,58.78,0.561000,1.00,-2010.139,198.036,0.613158,0.460100
139,1E0M,52.70,0.477000,1.00,-2053.477,229.085,0.704864,0.419990
140,1E0N,57.41,0.518300,1.00,-1402.841,162.423,0.560873,0.322670
141,1E0Q,70.59,0.560600,1.00,-843.238,112.075,0.282947,0.245800
142,1E4Q,73.65,0.644900,1.00,-2378.638,163.776,0.330597,0.549840
143,1E4R,45.71,0.403900,1.00,-1971.769,241.376,0.600466,0.274310
144,1E4S,34.03,0.373000,1.00,-1896.781,339.609,0.814384,0.226520
145,1E4T,41.89,0.362000,1.00,-2439.411,257.233,0.601654,0.335970
146,1E8P,47.83,0.410100,1.00,-1898.399,776.623,0.513855,0.312200
147,1E8Q,46.74,0.404700,1.00,-1898.399,776.623,0.563558,0.307870
148,1E9K,45.39,0.589100,1.00,-2439.779,159.977,0.689058,0.303600
149,1ED0,32.61,0.383000,1.00,-2561.824,344.556,0.921472,0.318570
150,1ED7,72.22,0.589300,1.00,-3663.934,239.221,0.359594,0.594410
151,1EDP,75.00,0.639900,1.00,-1138.409,56.150,0.310220,0.378850
152,1EDS,42.74,0.420600,1.00,-1668.625,153.995,0.747550,0.253820
153,1EDV,30.15,0.406700,1.00,-1469.129,232.690,0.691339,0.220920
154,1EDW,27.88,0.386300,1.00,-1468.166,161.787,0.702398,0.172090
155,1EDX,24.38,0.419300,1.00,-1640.144,197.964,1.132401,0.201670
156,1EGT,92.65,0.742600,1.00,-856.102,66.324,0.151799,0.444150
157,1EHS,51.04,0.569700,1.00,-3370.740,269.054,0.559297,0.463890
158,1EI0,73.03,0.688600,1.00,-3124.697,96.886,0.274725,0.598070
159,1EMX,37.50,0.388700,1.00,-1853.762,233.277,0.814513,0.230660
160,1EMZ,71.43,0.597400,1.00,-1385.971,85.407,0.374169,0.402690
161,1EQX,68.06,0.598800,1.00,-745.592,61.606,0.427050,0.349940
162,1ERC,63.75,0.535900,1.00,-2763.242,357.101,0.500890,0.530770
163,1ERD,42.50,0.398500,1.00,-2651.735,306.144,0.595728,0.300000
164,1ERP,32.89,0.364900,1.00,-2576.147,240.112,0.751926,0.210060
165,1ERY,51.28,0.540000,1.00,-2999.273,123.970,0.787359,0.390400
166,1ESK,40.48,0.403200,1.00,-1942.179,273.515,0.757198,0.350840
167,1EWS,40.62,0.389300,1.00,-1969.148,212.055,0.696023,0.347070
168,1EYO,60.00,0.548300,1.00,-1762.493,296.661,0.497610,0.361870
169,1EZE,66.45,0.663000,1.00,-2702.830,115.071,0.443900,0.462310
170,1F3K,46.15,0.420700,1.00,-1518.223,257.496,0.763200,0.220310
171,1F4I,55.56,0.630800,1.00,-3327.644,135.404,0.734497,0.432060
172,1F7E,46.74,0.456400,1.00,-2238.465,364.438,1.093885,0.373370
173,1F7M,46.74,0.450000,1.00,-2238.465,364.438,1.064197,0.363920
174,1F8Z,32.69,0.381100,1.00,-2338.792,275.144,0.957242,0.301370
175,1FAC,46.43,0.458100,1.00,-1103.619,159.600,0.555450,0.156030
176,1FCT,28.12,0.364300,1.00,-1162.211,213.639,0.921325,0.195000
177,1FDF,59.00,0.556600,1.00,-1404.696,72.215,0.404376,0.227090
178,1FEO,47.12,0.464600,1.00,-1378.565,156.665,0.682223,0.216750
179,1FF7,46.74,0.434700,1.00,-2238.465,364.438,1.175613,0.360330
180,1FFM,47.28,0.452800,1.00,-2238.465,364.438,1.073737,0.389770
181,1FGD,54.17,0.513800,1.00,-735.549,117.774,0.512313,0.177850
182,1FGE,43.75,0.486700,1.00,-941.434,142.498,0.669276,0.090750
183,1FJN,44.23,0.415300,1.00,-2137.378,316.269,0.722345,0.311100
184,1FME,74.11,0.602800,1.00,-2087.479,120.522,0.269824,0.470430
185,1FMY,37.50,0.421100,1.00,-2491.324,269.164,0.717053,0.249930
186,1FQQ,70.12,0.598100,1.00,-2754.270,287.887,0.390116,0.553480
187,1FRE,36.90,0.358800,1.00,-3049.739,212.365,0.592579,0.272810
188,1FRY,40.52,0.496500,1.00,-1424.426,124.268,0.856923,0.230770
189,1FSB,41.25,0.369600,1.00,-2679.693,347.334,0.717609,0.281580
190,1FSD,74.11,0.616100,1.00,-2169.459,119.660,0.270515,0.486290
191,1FSV,74.11,0.629000,1.00,-2169.459,119.660,0.264662,0.501310
192,1FU3,48.15,0.406300,1.00,-1734.515,142.089,0.738476,0.392790
193,1FU9,50.00,0.385700,1.00,-2834.159,186.656,0.513273,0.339650
194,1FUL,59.09,0.451800,1.00,-440.367,72.348,0.419452,0.334110
195,1FUV,59.09,0.507000,1.00,-440.367,72.348,0.267789,0.290450
196,1FV5,64.58,0.612700,1.00,-2401.533,179.251,0.624378,0.502430
197,1FVY,62.10,0.597300,1.00,-2433.806,87.595,0.327094,0.437190
198,1FW5,77.50,0.697100,1.00,-1196.045,73.271,0.245341,0.330760
199,1FWO,57.86,0.492900,1.00,-2323.729,197.305,0.551916,0.375290
200,1FYG,47.00,0.476300,1.00,-1223.689,218.885,0.695206,0.247860
201,1G04,32.69,0.294400,1.00,-1827.075,112.981,0.727560,0.168850
202,1G26,57.26,0.487800,1.00,-2138.463,191.905,0.748353,0.389930
203,1G92,54.00,0.581100,1.00,-1568.889,108.378,0.608163,0.310870
204,1G9P,43.33,0.401500,1.00,-2628.645,367.298,1.047646,0.345720
205,1GEA,71.43,0.636100,1.00,-1189.648,58.351,0.407616,0.312340
206,1GIB,55.68,0.461800,1.00,-715.280,186.295,0.369712,0.223640
207,1GK5,30.10,0.283900,1.00,-3617.455,310.126,1.254260,0.247900
208,1GM2,63.64,0.502700,1.00,-298.690,64.363,0.284725,0.328980
209,1GNA,63.46,0.541100,1.00,-543.561,58.650,0.358029,0.314830
210,1GNB,46.15,0.495100,1.00,-543.561,58.650,0.448941,0.224950
211,1GNF,36.41,0.344100,1.00,-3046.079,239.029,0.804901,0.266360
212,1GP8,72.50,0.617900,1.00,-2564.523,109.261,0.415592,0.582240
213,1GPS,40.96,0.414800,1.00,-1983.913,442.760,0.943755,0.330650
214,1GPT,40.96,0.430800,1.00,-2286.175,396.822,1.021245,0.331180
215,1GUR,52.86,0.399100,1.00,-1709.240,354.685,0.475997,0.282720
216,1GW3,45.11,0.525500,1.00,-3406.422,152.563,1.187876,0.359950
217,1GW4,46.20,0.485700,1.00,-3406.422,152.563,0.647791,0.323840
218,1H20,52.56,0.427000,1.00,-2770.864,221.207,0.558788,0.355240
219,1H5O,41.67,0.427100,1.00,-2158.928,202.402,1.077658,0.307230
220,1H7D,21.94,0.280200,1.00,-2152.913,364.271,1.986020,0.214750
221,1H7J,43.27,0.377400,1.00,-1297.563,113.355,0.648410,0.169200
222,1HA9,62.50,0.550900,1.00,-1741.857,266.363,0.759919,0.461990
223,1HD6,41.22,0.461700,1.00,-2670.851,196.565,0.888810,0.309390
224,1HD9,75.00,0.499900,1.00,-334.259,85.910,0.223443,0.297820
225,1HEV,38.37,0.396100,1.00,-2468.317,291.396,0.825055,0.289430
226,1HFF,57.50,0.425700,1.00,-317.557,56.375,0.322824,0.277320
227,1HJ0,49.39,0.615200,1.00,-2120.227,170.677,0.712103,0.344240
228,1HLL,44.53,0.495400,1.00,-2006.071,154.048,0.700415,0.373200
229,1HLY,94.23,0.735700,1.00,-2836.075,202.767,0.103114,0.806950
230,1HN3,26.25,0.306600,1.00,-2106.122,210.823,1.175253,0.235620
231,1HNR,37.77,0.515100,1.00,-2925.160,160.620,1.199674,0.293340
232,1HNS,33.51,0.477100,1.00,-2925.160,160.620,1.143118,0.275010
233,1HO0,37.50,0.406800,1.00,-1395.751,238.554,0.791726,0.224630
234,1HO2,86.25,0.747300,1.00,-1298.066,22.713,0.168450,0.424620
235,1HO7,81.25,0.704000,1.00,-1298.066,22.713,0.185239,0.399010
236,1HO9,46.09,0.404400,1.00,-2272.499,134.590,1.008299,0.406950
237,1HOD,47.66,0.420200,1.00,-2272.499,134.590,0.957948,0.381460
238,1HOF,40.62,0.448500,1.00,-2006.071,154.048,0.671186,0.311530
239,1HP2,89.19,0.699000,1.00,-2354.637,358.124,0.125469,0.761700
240,1HP3,64.84,0.536500,1.00,-1628.113,225.543,0.330767,0.436520
241,1HP9,82.95,0.639000,1.00,-1710.850,71.212,0.192194,0.351250
242,1HPH,51.35,0.533600,1.00,-2706.489,97.993,0.651930,0.393180
243,1HPY,53.68,0.533000,1.00,-2536.876,93.518,0.782808,0.368260
244,1HRL,76.09,0.593500,1.00,-1182.877,69.965,0.438232,0.349530
245,1HTH,50.00,0.496800,1.00,-2561.582,102.791,0.548808,0.353230
246,1HTX,58.59,0.477900,1.00,-1596.066,324.778,0.354571,0.354570
247,1HU5,80.56,0.693500,1.00,-920.513,44.928,0.179497,0.297470
248,1HU6,55.56,0.450000,1.00,-765.420,88.715,0.493291,0.276740
249,1HU7,69.44,0.546200,1.00,-760.629,111.982,0.438082,0.423290
250,1HVW,40.00,0.417600,1.00,-1208.675,202.689,0.689700,0.225950
251,1HVZ,48.61,0.381800,1.00,-750.118,193.636,0.520685,0.120800
252,1HY9,63.41,0.555300,1.00,-2594.767,182.721,0.463686,0.487980
253,1HYK,37.50,0.329500,1.00,-3408.791,230.823,0.809375,0.366610
254,1HZ3,35.58,0.467400,1.00,-1380.687,89.138,0.871766,0.168440
255,1I25,48.65,0.391900,1.00,-1470.665,208.820,0.847697,0.403470
256,1I26,67.65,0.554200,1.00,-2209.205,153.470,0.350699,0.443640
257,1I2U,46.02,0.405500,1.00,-2600.953,538.246,0.531464,0.335090
258,1I2V,43.75,0.387300,1.00,-2785.062,333.008,0.562590,0.335880
259,1I6C,26.28,0.404800,1.00,-1801.555,281.797,1.146288,0.221560
260,1I8X,65.00,0.562800,1.00,-1996.512,158.995,0.516338,0.436210
261,1I8Y,66.07,0.558500,1.00,-1781.720,166.195,0.446849,0.411090
262,1IB9,60.29,0.541100,1.00,-1741.857,266.363,0.758348,0.439620
263,1IBN,67.50,0.543800,1.00,-1231.439,77.632,0.540541,0.402610
264,1IBO,65.00,0.505600,1.00,-1231.439,77.632,0.627518,0.318630
265,1IC9,38.79,0.488200,1.00,-1230.138,203.857,1.374131,0.194190
266,1ICA,61.88,0.510700,1.00,-2889.835,157.059,0.703556,0.492860
267,1ICL,37.07,0.480400,1.00,-1338.677,170.767,1.192187,0.230410
268,1ICO,37.93,0.486600,1.00,-1678.471,148.519,1.293936,0.282480
269,1ID6,40.00,0.463800,1.00,-790.217,50.160,0.575210,0.264800
270,1ID7,43.33,0.434900,1.00,-790.217,50.160,0.533309,0.153480
271,1IE6,39.39,0.380800,1.00,-1504.788,215.968,0.639671,0.269420
272,1IFY,59.18,0.606800,1.00,-4093.573,158.918,0.457445,0.441660
273,1IIJ,70.00,0.711800,1.00,-2468.059,65.577,0.339833,0.571780
274,1IM1,77.08,0.578500,1.00,-606.142,41.932,0.255086,0.360110
275,1IRR,72.83,0.519000,1.00,-1071.219,96.694,0.393514,0.362780
276,1IVA,43.23,0.449500,1.00,-2827.381,295.252,0.775573,0.352930
277,1IWC,24.26,0.429300,1.00,-944.287,260.182,0.876917,0.192810
278,1IWF,34.56,0.495300,1.00,-944.287,260.182,0.957998,0.221980
279,1IXA,57.05,0.456100,1.00,-2177.840,198.832,0.645015,0.426640
280,1IXT,66.67,0.573500,1.00,-1619.683,151.642,0.266050,0.334500
281,1IXU,52.08,0.433600,1.00,-427.165,76.048,0.379455,0.252100
282,1IYC,43.75,0.482200,1.00,-1852.207,241.897,0.707151,0.326850
283,1IYT,32.14,0.374800,1.00,-2144.268,249.394,1.023233,0.265510
284,1J4M,62.50,0.611800,1.00,-530.914,91.912,0.305199,0.186640
285,1J5J,56.94,0.502900,1.00,-2473.210,243.736,0.462316,0.398050
286,1J5L,54.17,0.533300,1.00,-1884.451,143.161,0.480460,0.281010
287,1J5M,42.86,0.439300,1.00,-1377.258,166.608,0.641737,0.263110
288,1JBL,58.93,0.529600,1.00,-462.559,59.834,0.525226,0.234840
289,1JBN,60.71,0.546500,1.00,-462.559,59.834,0.504118,0.217900
290,1JDM,66.13,0.608000,1.00,-2915.835,82.795,0.473487,0.486970
291,1JI9,35.81,0.405900,1.00,-1753.789,263.419,0.799661,0.225850
292,1JJZ,37.07,0.442300,1.00,-1850.791,237.435,0.695972,0.225750
293,1JKZ,75.00,0.587300,1.00,-3616.688,190.817,0.299097,0.677430
294,1JLZ,89.13,0.726600,1.00,-1247.862,131.799,0.174181,0.452310
295,1JMN,32.61,0.363200,1.00,-2452.343,312.116,0.671423,0.302750
296,1JMP,32.61,0.386200,1.00,-2190.340,567.187,0.756661,0.282900
297,1JN7,50.00,0.462800,1.00,-2667.746,117.827,0.597660,0.380160
298,1JO5,44.27,0.573500,1.00,-4100.409,129.443,0.993541,0.479200
299,1JO6,40.56,0.467800,1.00,-2248.861,304.941,0.822615,0.302450
300,1JRF,28.19,0.315200,1.00,-2382.679,380.817,0.959865,0.265620
301,1JRJ,62.18,0.615400,1.00,-2221.230,174.910,0.698283,0.486950
302,1JU8,70.95,0.604800,1.00,-2835.001,209.326,0.292348,0.502720
303,1JY9,40.00,0.523800,1.00,-175.496,105.524,1.139649,0.190860
304,1K0P,45.97,0.442000,1.00,-1889.148,197.646,0.606870,0.288590
305,1K18,46.77,0.434900,1.00,-1889.148,197.646,0.592428,0.306240
306,1K1V,87.20,0.689700,1.00,-3285.925,95.349,0.125747,0.743880
307,1K36,34.78,0.295300,1.00,-3920.105,204.349,0.976022,0.276820
308,1K37,34.24,0.294500,1.00,-3920.105,204.349,1.004613,0.271090
309,1K43,66.07,0.568000,1.00,-530.914,91.912,0.288666,0.215480
310,1K48,37.07,0.439700,1.00,-1850.791,237.435,0.696535,0.203290
311,1K7B,42.55,0.404400,1.00,-2668.291,351.734,0.965000,0.388450
312,1K81,68.06,0.513700,1.00,-2347.743,186.927,0.317457,0.462020
313,1K91,30.41,0.527000,1.00,-1312.833,192.273,2.037482,0.197350
314,1KAL,75.86,0.633300,1.00,-1727.785,127.105,0.293354,0.435420
315,1KBE,36.22,0.410800,1.00,-2658.613,367.244,1.035526,0.273860
316,1KBF,35.71,0.412100,1.00,-2658.613,367.244,1.029524,0.285520
317,1KDL,70.65,0.632300,1.00,-1776.716,53.689,0.385305,0.381250
318,1KGM,69.29,0.514200,1.00,-1982.104,247.859,0.451903,0.468970
319,1KIO,40.71,0.356600,1.00,-1781.151,331.213,0.604214,0.253320
320,1KJ0,70.71,0.594700,1.00,-1751.486,166.798,0.336238,0.497490
321,1KJ5,33.33,0.362100,1.00,-1896.781,339.609,0.865886,0.274020
322,1KJ6,26.67,0.334000,1.00,-2389.595,253.169,1.071188,0.225160
323,1KLR,48.33,0.567400,1.00,-1565.159,216.798,0.864976,0.356360
324,1KLS,49.17,0.566000,1.00,-1632.579,128.781,0.814440,0.315540
325,1KMR,81.67,0.654300,1.00,-956.915,28.844,0.351225,0.480350
326,1KOZ,36.11,0.372100,1.00,-2303.442,284.829,0.702761,0.331400
327,1KQH,33.55,0.409000,1.00,-2371.185,290.356,0.725199,0.255210
328,1KQI,33.55,0.404800,1.00,-2371.185,290.356,0.744710,0.267340
329,1KUW,50.00,0.540500,1.00,-185.994,40.529,0.463481,0.367300
330,1KV4,34.52,0.377300,1.00,-2082.823,257.924,1.198554,0.299500
331,1KWD,75.00,0.566000,1.00,-1020.908,93.572,0.227237,0.239760
332,1KWE,68.75,0.543200,1.00,-1020.908,93.572,0.249565,0.240990
333,1KX6,38.79,0.363800,1.00,-2001.939,133.428,0.941735,0.198150
334,1KZ0,75.00,0.523400,1.00,-809.427,91.319,0.311425,0.254020
335,1KZ2,79.69,0.653200,1.00,-653.779,77.934,0.177478,0.343440
336,1KZ5,60.42,0.520400,1.00,-352.462,101.607,0.389364,0.295050
337,1L1K,45.00,0.385500,1.00,-1145.712,54.417,0.559412,0.158520
338,1L2Y,67.50,0.628900,1.00,-988.645,112.268,0.327288,0.313300
339,1L3Q,60.42,0.455600,1.00,-360.567,59.756,0.433054,0.268920
340,1L3Y,46.95,0.393700,1.00,-2647.053,241.161,0.644989,0.338340
341,1L4V,72.50,0.547300,1.00,-2965.969,129.948,0.346852,0.599330
342,1LA4,78.68,0.598900,1.00,-2233.365,223.474,0.357410,0.620070
343,1LB0,75.00,0.549700,1.00,-799.070,45.928,0.270401,0.329570
344,1LB7,73.44,0.540600,1.00,-664.197,74.743,0.261823,0.257470
345,1LBJ,79.55,0.653700,1.00,-1569.758,78.583,0.436871,0.456920
346,1LCX,75.00,0.560300,1.00,-799.070,45.928,0.269221,0.322260
347,1LDL,27.60,0.348400,1.00,-2406.787,441.414,1.048161,0.255990
348,1LDR,32.56,0.379200,1.00,-2313.141,363.064,0.731683,0.372000
349,1LFC,29.00,0.291200,1.00,-1846.067,85.153,0.815587,0.166270
350,1LGL,56.25,0.509900,1.00,-2473.210,243.736,0.465761,0.393230
351,1LIQ,62.04,0.483600,1.00,-1563.088,161.769,0.382492,0.326320
352,1LIR,93.24,0.751300,1.00,-2749.451,194.334,0.102437,0.806400
353,1LMM,66.25,0.552200,1.00,-2371.490,223.865,0.427398,0.504050
354,1LMR,62.14,0.518600,1.00,-1695.764,298.361,0.368706,0.420560
355,1LUP,33.06,0.336300,1.00,-2417.311,202.921,0.770845,0.202110
356,1LV4,34.52,0.518300,1.00,-761.009,94.338,1.183900,0.182300
357,1LVZ,90.91,0.629500,1.00,-510.175,68.300,0.108899,0.363470
358,1LYP,78.12,0.708800,1.00,-2293.607,69.549,0.245801,0.561510
359,1M02,54.17,0.494100,1.00,-498.103,78.502,0.337700,0.321380
360,1M0G,38.33,0.384000,1.00,-1662.476,386.727,0.802875,0.221870
361,1M0J,57.14,0.456000,1.00,-1465.969,274.740,0.618402,0.337470
362,1M23,80.77,0.593700,1.00,-620.201,53.039,0.180999,0.373440
363,1M25,57.69,0.445700,1.00,-1827.075,112.981,0.706399,0.383730
364,1M2S,82.43,0.635500,1.00,-2700.581,180.412,0.156075,0.630530
365,1M36,49.24,0.491300,1.00,-2669.440,132.121,0.863993,0.393350
366,1M4E,48.75,0.426900,1.00,-1196.522,141.247,0.499285,0.126340
367,1M4F,36.00,0.345200,1.00,-1255.608,205.591,0.998088,0.155960
368,1MA2,48.53,0.404200,1.00,-837.725,121.001,0.484308,0.170170
369,1MA4,45.59,0.425200,1.00,-1138.851,160.506,0.549907,0.156580
370,1MA5,45.59,0.441700,1.00,-837.725,121.001,0.482980,0.165680
371,1MA6,44.12,0.396900,1.00,-1138.851,160.506,0.504998,0.177480
372,1MB6,70.71,0.538700,1.00,-2487.110,215.584,0.290498,0.514460
373,1MEA,59.82,0.515600,1.00,-1470.348,130.517,0.464506,0.308140
374,1MED,58.04,0.485300,1.00,-1470.348,130.517,0.526315,0.305980
375,1MEQ,55.43,0.587300,1.00,-983.850,103.074,0.507849,0.275790
376,1MF6,52.08,0.465000,1.00,-314.703,73.777,0.417081,0.194730
377,1MGX,38.30,0.417200,1.00,-3269.921,298.753,0.736494,0.312470
378,1MHU,37.90,0.423400,1.00,-1741.728,255.413,0.840626,0.222900
379,1MKC,37.79,0.437900,1.00,-2362.283,226.229,0.705647,0.270790
380,1MM0,81.25,0.667500,1.00,-2975.556,148.175,0.200961,0.624890
381,1MMC,81.67,0.683200,1.00,-1890.473,135.316,0.202508,0.571160
382,1MOT,28.57,0.511700,1.00,-834.424,231.575,1.050573,0.200420
383,1MPZ,30.49,0.366300,1.00,-2394.930,235.429,0.856444,0.233400
384,1MR0,40.44,0.370600,1.00,-2407.725,177.017,0.702136,0.333110
385,1MR4,35.11,0.374600,1.00,-3075.719,383.154,1.055235,0.256260
386,1MRB,37.90,0.424800,1.00,-1583.813,256.122,0.848323,0.202570
387,1MRT,38.71,0.400500,1.00,-1943.433,179.469,0.802691,0.267940
388,1MTQ,73.68,0.528800,1.00,-1135.339,85.379,0.389031,0.270840
389,1MTX,89.74,0.747600,1.00,-2868.998,196.737,0.128086,0.764520
390,1MXQ,86.36,0.679200,1.00,-522.143,45.269,0.243419,0.484680
391,1MYN,71.02,0.593100,1.00,-2981.939,216.974,0.395963,0.667750
392,1MYU,47.92,0.515700,1.00,-419.524,71.832,0.405092,0.302990
393,1MZI,50.00,0.507400,1.00,-799.070,45.928,0.365642,0.161770
394,1N0Z,61.11,0.551700,1.00,-1956.278,346.902,1.088654,0.511280
395,1N1U,81.90,0.646600,1.00,-1654.588,272.513,0.190891,0.537860
396,1N2Y,50.00,0.442300,1.00,-426.501,78.675,0.595353,0.165770
397,1N4N,73.40,0.605300,1.00,-3052.300,264.734,0.319351,0.635860
398,1N5G,34.21,0.369800,1.00,-2709.540,187.504,0.968171,0.257820
399,1N6T,72.50,0.553000,1.00,-330.818,35.467,0.339559,0.479730
400,1N8M,65.79,0.572400,1.00,-2601.348,229.401,0.350636,0.467330
401,1N9U,57.50,0.427200,1.00,-480.165,68.598,0.287733,0.272560
402,1NB1,41.38,0.478000,1.00,-1743.900,252.014,0.665386,0.230780
403,1NBJ,37.50,0.408200,1.00,-1780.747,311.108,0.625232,0.239110
404,1NBL,32.07,0.344500,1.00,-2262.243,564.011,0.912266,0.259120
405,1NC8,59.48,0.591800,1.00,-1275.560,135.705,0.571114,0.346550
406,1NCS,66.49,0.516400,1.00,-4074.955,220.188,0.410344,0.570830
407,1ND9,41.84,0.532900,1.00,-3665.624,142.313,0.927526,0.323530
408,1NE5,69.64,0.538500,1.00,-2615.489,325.950,0.277912,0.532030
409,1NIZ,68.75,0.513100,1.00,-467.818,98.518,0.243926,0.268210
410,1NJ0,67.19,0.503100,1.00,-467.818,98.518,0.250027,0.193950
411,1NJ3,41.94,0.420600,1.00,-1815.023,216.897,0.915608,0.208460
412,1NMJ,25.00,0.404600,1.00,-938.826,164.100,0.850354,0.205270
413,1NZS,36.84,0.542300,1.00,-423.779,119.489,0.937652,0.171810
414,1O53,83.33,0.654400,1.00,-670.485,74.535,0.345467,0.390480
415,1O8Y,62.50,0.546300,1.00,-462.559,59.834,0.522558,0.262000
416,1O8Z,64.29,0.530200,1.00,-462.559,59.834,0.513082,0.243820
417,1OAV,47.92,0.430500,1.00,-2827.381,295.252,0.742046,0.431460
418,1OAW,54.69,0.473000,1.00,-2827.381,295.252,0.593283,0.459470
419,1ODP,91.25,0.713300,1.00,-1511.450,55.423,0.106747,0.454400
420,1ODQ,75.00,0.695000,1.00,-1511.450,55.423,0.281165,0.433650
421,1ODR,85.00,0.606700,1.00,-1511.450,55.423,0.207387,0.409580
422,1OEF,80.21,0.701900,1.00,-1821.384,42.628,0.189360,0.492510
423,1OEG,73.91,0.699800,1.00,-1645.709,44.174,0.357400,0.341370
424,1OEI,32.29,0.373700,1.00,-495.555,215.067,0.779654,0.138340
425,1OG7,31.98,0.352900,1.00,-2015.500,472.643,0.984497,0.262320
426,1OHM,27.27,0.295600,1.00,-2095.060,644.914,1.068155,0.205610
427,1OHN,30.23,0.328800,1.00,-2015.500,472.643,1.016749,0.247970
428,1OIG,79.17,0.626900,1.00,-1294.292,145.569,0.316038,0.387260
429,1OMA,40.62,0.450000,1.00,-2548.192,277.907,0.830415,0.366300
430,1OMB,35.94,0.453200,1.00,-2548.192,277.907,0.825615,0.318790
431,1OMQ,73.44,0.617100,1.00,-809.427,91.319,0.290000,0.398410
432,1OPP,59.87,0.632900,1.00,-2835.746,100.055,0.491367,0.477200
433,1ORL,69.02,0.598900,1.00,-3093.534,198.671,0.324458,0.560890
434,1ORX,44.79,0.523700,1.00,-1457.297,194.305,0.673703,0.222450
435,1OZZ,59.66,0.501100,1.00,-3151.621,237.115,0.567742,0.574330
436,1P00,65.91,0.532400,1.00,-3223.419,220.313,0.448112,0.549860
437,1P0A,61.36,0.524000,1.00,-3307.028,201.246,0.494039,0.499390
438,1P7A,53.38,0.551000,1.00,-2131.948,168.442,0.882588,0.376790
439,1P82,36.00,0.485400,1.00,-842.696,135.271,0.765990,0.196160
440,1P83,32.00,0.470200,1.00,-842.696,135.271,1.145580,0.184270
441,1P8B,50.00,0.429300,1.00,-2369.083,170.659,0.715676,0.493170
442,1P9C,48.33,0.565400,1.00,-2143.572,241.156,0.976212,0.317600
443,1P9F,77.50,0.589000,1.00,-509.771,30.158,0.350464,0.398120
444,1P9Z,32.32,0.411400,1.00,-2389.212,327.840,0.822329,0.265990
445,1PAA,81.67,0.696200,1.00,-2221.593,122.753,0.341011,0.603490
446,1PB5,39.29,0.372800,1.00,-1634.643,398.076,0.625921,0.242620
447,1PDC,25.56,0.307800,1.00,-3396.448,332.440,0.984213,0.229660
448,1PGY,68.62,0.591200,1.00,-4353.289,174.149,0.350083,0.599090
449,1PJV,84.38,0.644300,1.00,-2283.416,168.400,0.195429,0.602980
450,1PLP,51.00,0.559100,1.00,-1071.980,119.705,0.877498,0.300890
451,1PMC,78.47,0.614100,1.00,-2021.114,215.842,0.256912,0.591780
452,1PNH,90.32,0.728200,1.00,-2153.134,149.303,0.105851,0.675740
453,1PP5,51.19,0.466200,1.00,-704.106,158.639,0.523960,0.123800
454,1PSM,57.89,0.608100,1.00,-2630.621,77.538,0.512979,0.439790
455,1PSV,67.86,0.603000,1.00,-1923.233,135.238,0.348371,0.420920
456,1PT4,43.10,0.423800,1.00,-1531.109,387.733,0.696619,0.207810
457,1PV0,76.63,0.724900,1.00,-3947.801,156.745,0.681760,0.690590
458,1PVZ,78.23,0.647700,1.00,-2196.044,154.811,0.364942,0.566370
459,1PX9,63.10,0.524200,1.00,-2615.489,325.950,0.333135,0.458280
460,1PXQ,30.71,0.332600,1.00,-1686.977,313.732,0.944348,0.226820
461,1Q01,30.92,0.401100,1.00,-1258.420,310.754,0.799197,0.258410
462,1Q2F,46.88,0.600300,1.00,-2430.977,68.043,0.675591,0.293540
463,1Q2I,46.09,0.486500,1.00,-2430.977,68.043,0.767478,0.283580
464,1Q2J,45.45,0.449900,1.00,-889.630,178.082,0.512015,0.113890
465,1Q2K,95.97,0.775200,1.00,-2039.689,152.225,0.111479,0.779800
466,1Q3J,34.72,0.368600,1.00,-1973.682,297.346,0.899004,0.251710
467,1Q3M,34.69,0.481000,1.00,-3341.450,232.152,0.910439,0.275450
468,1Q3Y,34.52,0.357800,1.00,-1825.593,291.822,0.786764,0.281750
469,1Q3Z,34.52,0.374800,1.00,-1825.593,291.822,0.884099,0.297620
470,1Q71,47.62,0.475500,1.00,-704.106,158.639,0.540962,0.162970
471,1QCM,79.55,0.630800,1.00,-388.300,36.586,0.278438,0.535410
472,1QDP,33.93,0.368100,1.00,-2406.494,252.738,0.737937,0.313420
473,1QFD,61.72,0.502800,1.00,-1596.066,324.778,0.343327,0.376560
474,1QG9,63.10,0.541600,1.00,-1335.329,81.439,0.509616,0.296680
475,1QGM,60.83,0.556000,1.00,-1996.512,158.995,0.524571,0.397300
476,1QHK,68.09,0.571000,1.00,-4294.316,181.960,0.339960,0.553360
477,1QJK,35.42,0.388100,1.00,-1861.421,524.797,0.827995,0.229660
478,1QJL,52.68,0.494000,1.00,-1514.406,237.998,0.441665,0.256180
479,1QK6,84.09,0.662800,1.00,-2099.936,264.373,0.223096,0.612180
480,1QK7,78.12,0.572600,1.00,-2273.857,262.894,0.264149,0.532210
481,1QKY,38.16,0.344200,1.00,-2904.245,238.673,1.003431,0.409910
482,1QLO,50.74,0.408600,1.00,-2770.753,115.579,0.745970,0.362790
483,1QWP,75.00,0.604100,1.00,-388.300,36.586,0.327308,0.362920
484,1QXC,52.27,0.466500,1.00,-388.300,36.586,0.429170,0.318880
485,1QYT,63.64,0.576700,1.00,-388.300,36.586,0.318855,0.287070
486,1R02,43.18,0.464800,1.00,-1952.700,228.288,0.760103,0.291120
487,1R1F,52.70,0.464100,1.00,-2144.099,246.381,0.446354,0.434610
488,1R7C,73.39,0.731700,1.00,-2650.968,85.863,0.336057,0.517730
489,1R7D,71.77,0.701500,1.00,-2650.968,85.863,0.308858,0.483600
490,1R7E,79.03,0.685400,1.00,-2650.968,85.863,0.301804,0.580950
491,1R7F,64.52,0.632100,1.00,-2650.968,85.863,0.345550,0.395010
492,1R7G,70.16,0.675100,1.00,-2650.968,85.863,0.337690,0.488960
493,1R8T,66.67,0.524700,1.00,-596.170,148.221,0.384206,0.263670
494,1R9I,50.00,0.474200,1.00,-954.188,214.138,0.747756,0.167990
495,1RES,71.51,0.593400,1.00,-3840.339,127.630,0.560733,0.605980
496,1RET,68.60,0.557200,1.00,-3840.339,127.630,0.515645,0.532350
497,1RG3,67.19,0.573900,1.00,-935.995,51.803,0.345252,0.264850
498,1RG4,76.56,0.643000,1.00,-935.995,51.803,0.207691,0.304840
499,1RIJ,56.52,0.655900,1.00,-1152.843,95.629,0.902980,0.327520
500,1RIK,51.72,0.513700,1.00,-1592.640,150.919,0.816223,0.336450
501,1RIM,40.91,0.515300,1.00,-1622.104,214.970,0.953374,0.272700
502,1RJI,67.74,0.602000,1.00,-2081.408,157.760,0.425513,0.471560
503,1RKL,57.64,0.627000,1.00,-2850.509,80.116,0.680212,0.447460
504,1RMK,51.61,0.454800,1.00,-2590.562,235.212,0.639062,0.309760
505,1RO3,25.51,0.317300,1.00,-2424.288,470.339,0.967532,0.253360
506,1ROO,32.86,0.484000,1.00,-1760.314,331.833,0.796185,0.226230
507,1RPB,34.52,0.413700,1.00,-1220.998,121.028,0.600369,0.128240
508,1RPC,36.90,0.404200,1.00,-1220.998,121.028,0.581036,0.162710
509,1RSW,35.42,0.458700,1.00,-295.187,58.578,0.755666,0.189290
510,1RSX,37.50,0.489600,1.00,-295.187,58.578,0.778654,0.237660
511,1RT0,35.42,0.497700,1.00,-295.187,58.578,0.761443,0.256110
512,1S4H,51.92,0.491400,1.00,-78.591,86.389,0.407276,0.261540
513,1S4J,46.15,0.494700,1.00,-158.051,63.425,0.646832,0.125090
514,1S4T,55.95,0.434900,1.00,-1419.135,97.152,0.485209,0.208970
515,1S4W,38.75,0.469200,1.00,-178.091,143.679,0.751619,0.113520
516,1S6W,50.00,0.420500,1.00,-1379.034,138.878,0.545682,0.173440
517,1S6X,77.94,0.626000,1.00,-2327.515,176.945,0.246058,0.559180
518,1SBU,50.00,0.545400,1.00,-375.254,63.745,0.521957,0.269290
519,1SCO,81.58,0.661300,1.00,-2695.184,192.545,0.163243,0.622290
520,1SH1,26.04,0.327300,1.00,-2778.509,299.822,0.891029,0.213120
521,1SKH,69.17,0.614500,1.00,-2107.134,93.257,0.418414,0.495810
522,1SMZ,62.04,0.526200,1.00,-1481.737,58.657,0.476254,0.389490
523,1SOL,65.00,0.502900,1.00,-677.410,118.814,0.549895,0.284800
524,1SP1,56.90,0.548800,1.00,-1405.851,186.518,0.786338,0.362570
525,1SP2,45.97,0.460900,1.00,-1991.328,205.869,0.973673,0.313950
526,1SP7,50.00,0.507700,1.00,-1282.117,146.555,0.409005,0.259920
527,1SPF,77.14,0.758400,1.00,-2076.565,121.524,0.486347,0.664730
528,1SPW,85.90,0.671100,1.00,-3245.373,189.292,0.212872,0.725000
529,1SRB,76.19,0.585300,1.00,-1592.167,80.102,0.284206,0.334100
530,1SRK,49.29,0.414300,1.00,-1872.524,164.670,0.884476,0.396090
531,1SSL,43.23,0.390800,1.00,-3322.638,252.630,0.702336,0.352470
532,1SUT,26.14,0.425700,1.00,-827.208,143.658,0.820675,0.103050
533,1SX0,51.14,0.480000,1.00,-932.898,131.579,0.515842,0.201300
534,1SX1,52.27,0.486400,1.00,-932.898,131.579,0.525652,0.210980
535,1T0C,25.81,0.458100,1.00,-848.833,185.579,1.009728,0.190370
536,1T2Y,42.00,0.441600,1.00,-1207.536,146.038,0.745096,0.169370
537,1T5M,44.23,0.329000,1.00,-384.433,86.602,0.616771,0.241270
538,1T5N,46.15,0.406100,1.00,-384.433,86.602,0.608943,0.150620
539,1T5Q,74.17,0.673400,1.00,-2150.177,81.262,0.575885,0.471530
540,1T9E,55.36,0.571500,1.00,-393.029,73.547,0.486883,0.210320
541,1TI5,72.28,0.608800,1.00,-3421.129,266.282,0.333267,0.640130
542,1TM6,52.27,0.446500,1.00,-966.267,153.053,0.459663,0.194930
543,1TMR,55.26,0.465600,1.00,-680.327,118.974,0.672112,0.156480
544,1TOR,52.50,0.507800,1.00,-258.937,52.599,0.404440,0.288270
545,1TOS,77.50,0.570400,1.00,-290.296,45.684,0.228176,0.468800
546,1TSK,58.57,0.517500,1.00,-2363.861,167.318,0.416432,0.375650
547,1TV0,39.84,0.414900,1.00,-1817.382,247.245,0.777529,0.210440
548,1TYK,50.74,0.471800,1.00,-1943.549,228.841,0.565947,0.305860
549,1U0P,66.67,0.528200,1.00,-1518.542,141.060,0.487997,0.449600
550,1U57,53.12,0.593300,1.00,-2712.530,209.030,0.778647,0.481400
551,1U6U,58.82,0.501400,1.00,-633.914,83.830,0.368997,0.159100
552,1U6V,66.18,0.487100,1.00,-633.914,83.830,0.386403,0.192070
553,1U85,58.33,0.550200,1.00,-2167.004,191.764,0.471040,0.385150
554,1U86,52.86,0.502300,1.00,-2183.703,177.265,0.544221,0.376650
555,1UAO,70.00,0.580100,1.00,-356.015,76.432,0.267875,0.321570
556,1UJL,39.88,0.500000,1.00,-1982.702,194.835,0.681162,0.289910
557,1UT3,44.74,0.397100,1.00,-2360.236,265.052,0.624981,0.278820
558,1UYA,54.69,0.501300,1.00,-793.190,85.424,0.430322,0.269110
559,1UYB,53.12,0.518400,1.00,-793.190,85.424,0.484186,0.278140
560,1V1D,55.65,0.611600,1.00,-1816.244,127.541,1.122904,0.392260
561,1V28,77.17,0.640000,1.00,-1145.215,115.438,0.449110,0.455720
562,1V4Z,88.16,0.759100,1.00,-1066.616,51.697,0.208138,0.430560
563,1V50,64.47,0.547100,1.00,-1066.616,51.697,0.523755,0.400700
564,1V5A,64.29,0.490500,1.00,-1524.765,366.967,0.378212,0.359650
565,1V6R,38.10,0.503400,1.00,-921.811,113.005,0.877845,0.122110
566,1V92,78.80,0.680100,1.00,-4704.218,168.133,0.167780,0.677710
567,1VA1,62.16,0.559800,1.00,-2280.387,153.775,0.456520,0.414000
568,1VA2,45.97,0.497000,1.00,-1991.328,205.869,0.958612,0.317550
569,1VA3,51.72,0.520300,1.00,-1405.851,186.518,0.817628,0.297050
570,1VB8,33.33,0.372400,1.00,-1742.177,333.348,0.798373,0.189920
571,1VD7,67.39,0.545100,1.00,-1495.027,41.759,0.413965,0.360310
572,1VD8,60.87,0.474900,1.00,-1638.041,57.574,0.434737,0.257590
573,1VD9,72.83,0.592300,1.00,-1540.303,52.246,0.424392,0.436330
574,1VDA,58.70,0.543600,1.00,-1439.067,66.130,0.695140,0.300260
575,1VDB,88.04,0.715800,1.00,-1495.027,41.759,0.140148,0.510640
576,1VII,81.25,0.681500,1.00,-3185.501,92.855,0.221837,0.631780
577,1VPC,52.22,0.558000,1.00,-2459.410,206.967,0.509143,0.398740
578,1VPU,32.22,0.549700,1.00,-2413.849,237.358,1.658237,0.271090
579,1VQX,38.16,0.561200,1.00,-423.779,119.489,0.860422,0.112890
580,1VTP,66.35,0.665400,1.00,-1728.723,53.232,0.359440,0.465130
581,1VTX,28.57,0.302000,1.00,-2708.860,251.421,0.987911,0.272410
582,1W1N,72.73,0.553600,1.00,-2516.253,112.064,0.378622,0.499450
583,1W4E,54.26,0.581600,1.00,-3133.242,225.325,0.423030,0.380630
584,1W4F,53.19,0.586900,1.00,-3133.242,225.325,0.476797,0.386980
585,1W4G,54.26,0.583400,1.00,-3334.278,216.590,0.478811,0.421230
586,1W4H,60.64,0.676700,1.00,-2937.709,190.142,0.543812,0.433590
587,1WAZ,48.37,0.467500,1.00,-4506.005,157.395,0.736098,0.504450
588,1WCT,55.77,0.482100,1.00,-316.363,58.582,0.348419,0.329100
589,1WM7,69.83,0.607000,1.00,-1905.575,146.520,0.307814,0.343070
590,1WM8,67.86,0.519700,1.00,-1641.909,138.554,0.309218,0.367210
591,1WMT,47.56,0.418600,1.00,-2960.674,295.285,0.622541,0.362230
592,1WN4,58.93,0.616500,1.00,-1216.242,139.380,0.687604,0.440320
593,1WN8,85.23,0.659900,1.00,-1448.207,42.598,0.320738,0.466780
594,1WNK,90.22,0.702900,1.00,-1540.303,52.246,0.147349,0.560780
595,1WNM,79.35,0.722200,1.00,-1638.041,57.574,0.198074,0.393970
596,1WNN,80.43,0.715400,1.00,-1439.067,66.130,0.300381,0.490680
597,1WO3,54.00,0.465600,1.00,-1033.789,129.241,0.350776,0.214020
598,1WO4,55.00,0.482100,1.00,-1241.743,120.212,0.498327,0.326670
599,1WO5,63.00,0.517800,1.00,-1554.427,134.214,0.473891,0.271590
600,1WO6,65.00,0.538200,1.00,-1206.865,111.112,0.362093,0.277090
601,1WO7,59.00,0.525800,1.00,-1397.897,117.357,0.536979,0.256500
602,1WO9,36.43,0.332100,1.00,-1795.271,275.930,0.953577,0.308570
603,1WPD,33.82,0.357800,1.00,-2023.009,255.097,0.893579,0.262310
604,1WQB,42.19,0.462500,1.00,-1893.145,320.573,0.706385,0.258990
605,1WQC,79.81,0.655600,1.00,-1857.280,95.016,0.265880,0.467220
606,1WQD,68.52,0.570700,1.00,-1874.004,108.386,0.587290,0.361770
607,1WQE,77.17,0.661700,1.00,-1416.515,86.971,0.177794,0.313080
608,1WQK,44.64,0.415100,1.00,-2824.117,306.450,0.836287,0.374230
609,1WR3,65.28,0.607300,1.00,-1823.330,202.217,0.504685,0.495910
610,1WR4,68.06,0.574500,1.00,-1914.219,215.983,0.684459,0.602510
611,1WR7,81.71,0.750400,1.00,-2537.827,204.666,0.285987,0.695460
612,1WT7,38.41,0.396900,1.00,-2747.201,324.401,0.908886,0.330420
613,1WT8,74.19,0.605600,1.00,-2081.408,157.760,0.266274,0.458450
614,1WXN,50.60,0.448300,1.00,-3574.136,256.124,0.653270,0.409940
615,1WZ4,52.17,0.566900,1.00,-1410.367,59.000,0.473707,0.276570
616,1WZ5,37.86,0.362300,1.00,-1993.736,227.245,0.939873,0.305650
617,1X22,47.02,0.597800,1.00,-2008.671,201.058,1.149373,0.380890
618,1X32,37.23,0.411000,1.00,-3482.402,226.785,0.891955,0.287230
619,1X5V,63.97,0.518600,1.00,-2372.254,203.067,0.280061,0.410370
620,1X7K,40.79,0.321200,1.00,-1138.177,107.825,0.566113,0.082330
621,1XBH,53.85,0.394900,1.00,-443.133,101.564,0.383512,0.285240
622,1XC0,59.85,0.618600,1.00,-1809.541,97.496,0.397967,0.406470
623,1XF7,53.45,0.482900,1.00,-1729.398,99.628,0.877456,0.412600
624,1XOO,66.25,0.503100,1.00,-1258.875,69.912,0.603052,0.388340
625,1XOP,60.00,0.466000,1.00,-1262.558,83.012,0.767365,0.370410
626,1XRZ,45.00,0.523300,1.00,-1768.653,97.801,0.898179,0.378160
627,1XT7,55.77,0.478300,1.00,-384.433,86.602,0.334427,0.420380
628,1XUT,30.43,0.358600,1.00,-3294.349,255.390,0.999164,0.271910
629,1XV3,23.94,0.365400,1.00,-2967.143,224.890,1.047167,0.251180
630,1XXZ,45.45,0.527000,1.00,-419.575,79.738,0.619512,0.267110
631,1XY4,45.83,0.408100,1.00,-558.706,61.290,0.424883,0.321760
632,1XY6,58.33,0.439900,1.00,-507.771,75.048,0.447374,0.224340
633,1XY8,44.23,0.417700,1.00,-517.259,77.024,0.470080,0.305120
634,1XY9,63.64,0.469700,1.00,-413.934,58.459,0.313482,0.271120
635,1Y03,75.00,0.762800,1.00,-1263.510,53.296,0.411910,0.621940
636,1Y04,58.57,0.765200,1.00,-1263.510,53.296,0.761446,0.458460
637,1Y1B,31.25,0.359300,1.00,-3614.152,254.364,0.835954,0.235820
638,1Y1C,31.77,0.332400,1.00,-3589.968,345.308,0.869104,0.230630
639,1Y29,44.64,0.483200,1.00,-1392.967,226.622,0.648347,0.259840
640,1Y2P,68.38,0.620000,1.00,-2137.267,192.987,0.248659,0.497920
641,1Y32,23.96,0.440400,1.00,-607.888,172.181,0.967934,0.203250
642,1Y4E,35.19,0.495100,1.00,-1080.831,157.795,0.784147,0.179950
643,1Y5C,77.27,0.528800,1.00,-397.513,91.739,0.356702,0.430800
644,1YIU,68.24,0.669800,1.00,-2393.085,177.301,0.435462,0.504780
645,1YMZ,75.00,0.713000,1.00,-2540.111,242.385,0.358322,0.605310
646,1YP8,42.42,0.413300,1.00,-1891.208,255.548,0.645365,0.239700
647,1YT6,67.50,0.532400,1.00,-440.948,72.777,0.266001,0.300160
648,1YTR,59.62,0.574700,1.00,-1525.817,88.326,0.591424,0.340680
649,1YV8,30.98,0.349600,1.00,-3152.501,352.014,0.855617,0.216830
650,1YVA,29.35,0.355200,1.00,-3152.501,352.014,0.856509,0.220520
651,1YWJ,59.15,0.580800,1.00,-2117.724,197.032,0.841666,0.451750
652,1YYB,67.59,0.667500,1.00,-1749.711,74.229,0.326938,0.463720
653,1Z0Q,34.52,0.406200,1.00,-2144.268,249.394,1.110364,0.246910
654,1Z2T,68.48,0.602900,1.00,-1626.120,89.264,0.402651,0.391390
655,1Z65,74.17,0.613700,1.00,-2074.450,60.224,0.320279,0.541890
656,1Z6V,20.92,0.292300,1.00,-2895.740,331.371,1.126957,0.239770
657,1Z6W,22.96,0.275500,1.00,-2895.740,331.371,1.282111,0.222780
658,1Z99,44.64,0.471900,1.00,-2158.928,202.402,1.009991,0.336730
659,1ZA8,64.52,0.520600,1.00,-2360.209,166.200,0.462610,0.357050
660,1ZAQ,56.25,0.529400,1.00,-3233.293,246.670,0.535261,0.424030
661,1ZDA,78.29,0.664300,1.00,-2761.692,144.102,0.498420,0.656000
662,1ZDB,79.61,0.684000,1.00,-2761.692,144.102,0.233350,0.685310
663,1ZFD,46.88,0.508500,1.00,-1929.606,114.425,0.985096,0.364520
664,1ZFU,59.38,0.488000,1.00,-2743.096,177.311,0.513833,0.481440
665,1ZJQ,36.76,0.393500,1.00,-1924.569,343.272,0.860140,0.285880
666,1ZNM,51.79,0.452800,1.00,-1924.656,135.797,0.454320,0.311780
667,1ZNU,43.10,0.482800,1.00,-1743.900,252.014,0.652779,0.225750
668,1ZR7,75.83,0.665500,1.00,-1669.068,186.996,0.509866,0.574360
669,1ZRV,75.00,0.682600,1.00,-1792.579,58.211,0.228657,0.354440
670,1ZRW,60.00,0.587100,1.00,-1792.579,58.211,0.490498,0.282540
671,1ZRX,53.57,0.608900,1.00,-2433.891,65.534,0.608229,0.415740
672,1ZTA,83.57,0.667400,1.00,-2494.498,81.226,0.258095,0.675360
673,1ZTN,33.33,0.417300,1.00,-1263.766,196.274,0.774631,0.216630
674,1ZTO,45.95,0.406800,1.00,-2102.549,169.901,0.727507,0.357250
675,1ZUE,48.21,0.386300,1.00,-2626.525,362.208,0.878613,0.375240
676,1ZUF,49.40,0.403400,1.00,-2626.525,362.208,0.815707,0.387710
677,1ZUV,74.17,0.603900,1.00,-1903.507,148.758,0.315436,0.505450
678,1ZWA,42.65,0.506200,1.00,-2536.876,93.518,0.784921,0.311080
679,1ZWB,54.86,0.546700,1.00,-3122.528,72.627,0.621771,0.398810
680,1ZWC,51.35,0.496400,1.00,-2891.300,106.582,0.581292,0.388480
681,1ZWD,52.14,0.510300,1.00,-2803.085,100.079,0.765424,0.344550
682,1ZWE,56.62,0.522700,1.00,-2772.359,93.718,0.619113,0.414960
683,1ZWU,79.17,0.649600,1.00,-1805.005,174.621,0.257487,0.531590
684,2A1C,72.06,0.552400,1.00,-1039.662,94.772,0.421082,0.359550
685,2A2B,39.02,0.453400,1.00,-1937.390,275.438,0.847024,0.289440
686,2A2V,52.94,0.409900,1.00,-2521.692,182.325,0.420931,0.372910
687,2A51,38.46,0.439400,1.00,-2273.316,197.944,0.791610,0.260190
688,2AAP,37.50,0.399400,1.00,-1924.569,343.272,0.802060,0.344050
689,2AB3,49.14,0.508900,1.00,-1487.117,135.710,1.018553,0.347800
690,2AB7,37.07,0.452400,1.00,-1328.460,142.972,0.911082,0.270100
691,2AB9,29.03,0.406700,1.00,-1160.317,251.613,1.122633,0.176730
692,2ADX,31.88,0.387500,1.00,-2377.281,361.070,0.889781,0.280360
693,2AJJ,83.93,0.699000,1.00,-2071.572,55.216,0.239614,0.477380
694,2AJM,82.14,0.737100,1.00,-2071.572,55.216,0.181101,0.557030
695,2AJN,82.14,0.690800,1.00,-2071.572,55.216,0.197217,0.537050
696,2AJO,82.14,0.737100,1.00,-2071.572,55.216,0.181101,0.557030
697,2AJW,45.45,0.476500,1.00,-785.281,143.139,0.591600,0.119880
698,2AK0,43.48,0.460500,1.00,-849.376,207.554,0.622061,0.162770
699,2AMN,59.62,0.605100,1.00,-1790.354,73.148,0.466819,0.319230
700,2AP7,86.25,0.796600,1.00,-911.803,37.886,0.166582,0.388040
701,2AP8,80.00,0.744700,1.00,-911.803,37.886,0.258456,0.423780
702,2ARI,39.74,0.434200,1.00,-1997.170,198.697,1.224077,0.349170
703,2ATG,45.83,0.364500,1.00,-719.972,99.881,0.517092,0.187520
704,2AXK,88.16,0.677200,1.00,-3077.314,198.563,0.132658,0.738000
705,2B0Y,60.29,0.522600,1.00,-711.169,114.394,0.405217,0.281320
706,2B19,43.75,0.544200,1.00,-1698.121,252.181,0.856012,0.301790
707,2B38,43.55,0.442000,1.00,-1794.342,235.374,0.749240,0.241620
708,2B4N,51.19,0.543800,1.00,-2628.314,167.027,0.753547,0.432150
709,2B5B,29.86,0.396900,1.00,-1661.209,197.325,0.973778,0.196140
710,2B5P,56.82,0.528300,1.00,-376.554,73.081,0.328903,0.286910
711,2B5Q,54.55,0.470800,1.00,-376.554,73.081,0.417356,0.263340
712,2B68,25.00,0.301500,1.00,-2401.678,347.989,1.012996,0.231720
713,2B9K,45.74,0.444100,1.00,-3141.312,337.808,0.964873,0.373050
714,2BAI,40.62,0.411100,1.00,-1918.219,199.082,0.772898,0.250050
715,2BAO,87.50,0.675600,1.00,-450.769,34.890,0.205041,0.621790
716,2BAU,75.00,0.587500,1.00,-450.769,34.890,0.262140,0.276860
717,2BBG,33.12,0.355000,1.00,-2944.788,238.390,0.806889,0.328400
718,2BBL,36.36,0.460700,1.00,-737.158,134.184,0.932161,0.124600
719,2BBP,40.91,0.527600,1.00,-737.158,134.184,1.110406,0.085900
720,2BBX,18.37,0.257200,1.00,-2772.073,306.685,1.457184,0.235820
723,2BDS,26.16,0.351000,1.00,-3104.246,260.662,0.989406,0.284430
724,2BEY,53.12,0.569200,1.00,-442.854,87.976,0.776924,0.230720
725,2BL6,46.62,0.490900,1.00,-1969.282,202.068,0.676731,0.280050
726,2BMT,97.97,0.776800,1.00,-3039.373,166.018,0.065379,0.882200
727,2BN6,73.48,0.627100,1.00,-2528.506,106.588,0.292915,0.502940
728,2BP4,42.19,0.459200,1.00,-389.304,130.400,0.536041,0.237750
729,2BTG,57.98,0.654300,1.00,-3087.876,169.404,0.506374,0.446370
730,2BTH,58.51,0.627200,1.00,-3087.876,169.404,0.663810,0.459880
731,2C6A,44.57,0.483500,1.00,-2725.156,234.687,1.050114,0.370460
732,2C6B,45.11,0.486300,1.00,-2725.156,234.687,1.122181,0.384070
733,2CBH,50.00,0.452700,1.00,-1967.823,346.776,0.739737,0.372460
734,2CEF,38.16,0.496400,1.00,-562.851,109.040,0.559036,0.191280
735,2CEH,48.68,0.538700,1.00,-562.851,109.040,0.478401,0.191260
736,2CEZ,43.42,0.532200,1.00,-562.851,109.040,0.533500,0.139910
737,2CFJ,36.84,0.493400,1.00,-562.851,109.040,0.824585,0.137410
738,2CK4,83.55,0.716700,1.00,-2726.461,200.292,0.140235,0.665530
739,2CK5,70.97,0.631000,1.00,-1956.339,148.364,0.249490,0.504360
740,2CQ7,31.12,0.382300,1.00,-2439.813,316.574,1.001182,0.267480
741,2CRD,89.86,0.697900,1.00,-2744.464,183.336,0.128037,0.741910
742,2CSA,32.89,0.513400,1.00,-489.033,105.375,1.071741,0.112980
743,2CTI,61.21,0.499200,1.00,-1802.912,202.290,0.392811,0.304930
744,2CYU,60.62,0.604600,1.00,-2528.840,135.173,0.492391,0.434800
745,2DCI,71.25,0.591000,1.00,-935.309,130.045,0.334446,0.211340
746,2DCO,30.15,0.345800,1.00,-1692.488,258.231,0.999098,0.243390
747,2DCV,31.55,0.371500,1.00,-2810.505,238.832,0.814669,0.266420
748,2DCW,30.95,0.328100,1.00,-2934.732,338.386,0.832846,0.273040
749,2DDL,73.48,0.636600,1.00,-2498.538,125.988,0.332276,0.443880
750,2DI2,56.90,0.566900,1.00,-1248.296,161.417,0.580151,0.342630
751,2DJ9,67.39,0.547900,1.00,-1163.844,97.230,0.520610,0.243150
752,2DJC,78.26,0.674600,1.00,-1110.894,106.797,0.329099,0.381520
753,2DMV,52.91,0.629000,1.00,-1677.975,255.745,1.311896,0.387830
754,2DQ5,31.91,0.332300,1.00,-3052.877,253.835,1.050520,0.295650
755,2DTB,78.85,0.712400,1.00,-1754.762,47.724,0.242429,0.536370
756,2DWF,59.56,0.494900,1.00,-3134.020,104.241,0.411210,0.428290
757,2DX2,79.55,0.628500,1.00,-504.075,58.675,0.324857,0.322280
758,2DX3,34.72,0.388200,1.00,-825.658,86.554,0.804622,0.093740
759,2DX4,48.61,0.498100,1.00,-825.658,86.554,0.548633,0.157820
760,2E1X,37.04,0.396600,1.00,-1139.064,179.671,0.843903,0.208290
761,2E2F,81.71,0.661600,1.00,-3066.896,235.501,0.181144,0.693520
762,2E3E,47.22,0.456600,1.00,-3481.084,222.758,0.842654,0.359840
763,2E3F,56.98,0.475100,1.00,-3321.626,266.682,0.763698,0.427660
764,2E3G,63.12,0.519400,1.00,-3072.461,187.001,0.477879,0.464510
765,2E4E,67.50,0.518700,1.00,-330.027,56.168,0.476181,0.325280
766,2E5T,71.74,0.554600,1.00,-3845.703,98.160,0.253317,0.626320
767,2E5U,49.38,0.375900,1.00,-3193.031,101.395,1.307173,0.428460
768,2E72,40.31,0.426300,1.00,-2458.002,231.385,1.407540,0.308020
769,2EBQ,25.00,0.296400,1.00,-2385.398,508.067,1.214787,0.230780
770,2EBR,44.15,0.365500,1.00,-2733.182,229.850,0.861059,0.413830
771,2EC7,26.02,0.287100,1.00,-2780.434,387.266,1.124900,0.244050
772,2EEM,56.62,0.450700,1.00,-2491.703,159.324,0.585308,0.441770
773,2EFZ,54.69,0.513900,1.00,-717.322,151.504,0.357115,0.256640
774,2EKK,80.32,0.722800,1.00,-3950.884,192.691,0.558270,0.733100
775,2EL4,59.24,0.645300,1.00,-2309.105,172.133,0.603446,0.448420
776,2EL5,63.69,0.613900,1.00,-1893.431,344.530,0.593249,0.533290
777,2EL6,59.24,0.671600,1.00,-2323.292,221.429,0.629716,0.500890
778,2ELM,37.16,0.374600,1.00,-1851.184,170.810,1.066386,0.326970
779,2ELN,26.32,0.365500,1.00,-1578.600,261.440,1.237758,0.193340
780,2ELO,54.73,0.566400,1.00,-1959.501,190.962,0.565619,0.375210
781,2ELP,47.97,0.479500,1.00,-1880.354,297.617,0.810291,0.366220
782,2ELQ,47.22,0.425300,1.00,-2047.185,191.437,1.012975,0.341060
783,2ELR,43.06,0.470200,1.00,-1371.812,179.760,0.854706,0.296210
784,2ELS,74.31,0.657900,1.00,-2214.837,225.530,0.477422,0.609870
785,2ELT,55.56,0.548600,1.00,-1875.414,165.380,0.865018,0.349460
786,2ELU,74.32,0.720100,1.00,-1953.777,168.996,0.724300,0.631420
787,2ELV,74.31,0.653600,1.00,-2066.426,186.374,0.444027,0.607750
788,2ELW,77.03,0.750200,1.00,-2024.006,179.481,0.481280,0.618180
789,2ELX,45.71,0.413200,1.00,-2137.504,136.466,1.044901,0.326850
790,2ELY,54.89,0.550900,1.00,-2066.092,231.347,0.792052,0.432920
791,2ELZ,41.30,0.477500,1.00,-2128.345,287.671,0.778787,0.339090
792,2EM0,41.85,0.450500,1.00,-2128.711,262.351,1.051005,0.330110
793,2EM1,51.70,0.508000,1.00,-2219.899,220.732,1.368017,0.431360
794,2EM2,32.61,0.442200,1.00,-1904.272,318.292,0.993605,0.233200
795,2EM3,58.70,0.697200,1.00,-2187.110,226.469,0.886915,0.482850
796,2EM4,47.83,0.500300,1.00,-1823.960,247.491,0.719415,0.394310
797,2EM5,56.52,0.637900,1.00,-2195.163,164.837,0.857294,0.499670
798,2EM6,41.30,0.435000,1.00,-2206.132,299.850,1.540088,0.338440
799,2EM7,39.67,0.406400,1.00,-2240.941,256.860,1.240265,0.281340
800,2EM8,37.50,0.416400,1.00,-2178.123,222.682,1.432449,0.277640
801,2EM9,35.87,0.399500,1.00,-2100.901,252.145,1.176187,0.268470
802,2EMA,64.13,0.593400,1.00,-2041.910,195.901,0.631031,0.530940
803,2EMB,40.34,0.470700,1.00,-1996.246,227.997,0.891468,0.329340
804,2EMC,38.04,0.435900,1.00,-2137.679,233.334,1.025649,0.284460
805,2EME,59.78,0.637100,1.00,-2481.149,204.462,0.665550,0.500580
806,2EMF,45.65,0.440100,1.00,-1810.531,286.326,1.470860,0.364060
807,2EMG,36.96,0.423300,1.00,-2185.414,307.332,1.321267,0.234470
808,2EMH,57.61,0.684500,1.00,-2500.679,154.806,0.969105,0.507490
809,2EMI,39.13,0.395500,1.00,-2102.789,240.734,1.400774,0.243080
810,2EMJ,53.80,0.601700,1.00,-2250.368,173.679,0.776831,0.462320
811,2EMK,44.02,0.483900,1.00,-1915.375,243.408,1.004971,0.378820
812,2EML,46.74,0.517300,1.00,-1963.828,249.141,0.643841,0.388770
813,2EMM,39.67,0.495200,1.00,-2108.092,247.141,0.902912,0.351400
814,2EMP,38.04,0.469900,1.00,-1881.724,257.593,0.859748,0.291330
815,2EMV,39.77,0.482200,1.00,-1856.349,371.618,0.810676,0.242970
816,2EMW,69.89,0.623900,1.00,-2263.535,186.112,0.524024,0.569040
817,2EMX,25.00,0.370600,1.00,-1465.505,193.436,1.569696,0.179980
818,2EMY,37.50,0.454000,1.00,-1954.973,290.466,0.956520,0.289900
819,2EMZ,63.04,0.645700,1.00,-2038.057,206.992,0.784572,0.517420
820,2EN0,58.33,0.632100,1.00,-1997.574,238.240,0.751227,0.505340
821,2EN1,34.78,0.450500,1.00,-1726.484,240.611,1.367089,0.253950
822,2EN2,39.29,0.414900,1.00,-1997.719,240.628,1.023317,0.255600
823,2EN3,36.41,0.379200,1.00,-2081.424,235.258,1.010348,0.282020
824,2EN4,44.57,0.445900,1.00,-1967.525,304.170,0.827183,0.291540
825,2EN6,57.61,0.583900,1.00,-2158.152,219.268,0.830176,0.495210
826,2EN7,54.55,0.502700,1.00,-2342.805,180.548,1.275031,0.454010
827,2EN8,25.54,0.305000,1.00,-2365.674,264.217,1.137928,0.232770
828,2EN9,38.04,0.455300,1.00,-1915.972,268.311,0.880572,0.262340
829,2ENA,29.35,0.369600,1.00,-1874.439,268.838,1.209233,0.279450
830,2ENC,40.22,0.401600,1.00,-1938.084,233.900,1.199440,0.279910
831,2ENE,48.91,0.511200,1.00,-2124.436,285.419,0.974658,0.396890
832,2ENF,35.33,0.399000,1.00,-2122.236,258.645,0.883883,0.265990
833,2ENH,55.98,0.611300,1.00,-2319.505,195.612,0.857910,0.487240
834,2ENT,24.48,0.378800,1.00,-1752.735,426.806,1.286734,0.210050
835,2EOE,33.70,0.405200,1.00,-2079.250,281.977,1.249448,0.264820
836,2EOF,61.36,0.613900,1.00,-2104.686,198.295,0.585902,0.497030
837,2EOG,60.80,0.614400,1.00,-2300.810,178.617,0.760350,0.511920
838,2EOH,36.41,0.413300,1.00,-2281.574,288.983,1.198702,0.240820
839,2EOI,46.59,0.481200,1.00,-2267.486,257.921,0.840080,0.400820
840,2EOJ,65.91,0.653700,1.00,-2087.867,227.554,0.640914,0.536960
841,2EOK,55.95,0.502900,1.00,-2258.748,196.976,0.954621,0.473490
842,2EOL,61.31,0.609200,1.00,-2067.070,226.289,0.814203,0.526210
843,2EOM,57.07,0.647000,1.00,-2382.740,221.749,0.903707,0.522430
844,2EON,46.74,0.477800,1.00,-2207.916,248.255,0.655561,0.353130
845,2EOO,58.15,0.671200,1.00,-2424.401,235.547,0.850254,0.534590
846,2EOP,49.46,0.527600,1.00,-2367.763,195.969,1.109492,0.417990
847,2EOQ,34.24,0.438400,1.00,-1949.366,251.310,1.227951,0.214020
848,2EOR,59.24,0.615800,1.00,-2173.670,204.690,0.813141,0.480810
849,2EOS,61.31,0.632000,1.00,-2254.438,210.980,0.656121,0.521960
850,2EOU,65.34,0.682200,1.00,-1895.585,170.393,0.696091,0.558030
851,2EOV,39.67,0.345900,1.00,-2516.229,212.480,0.847505,0.326620
852,2EOW,42.39,0.464000,1.00,-1919.653,228.466,0.984010,0.328770
853,2EOX,35.23,0.429500,1.00,-1837.455,269.626,1.291300,0.275990
854,2EOY,38.04,0.434300,1.00,-2011.523,308.493,1.375101,0.313810
855,2EOZ,37.50,0.407700,1.00,-2247.382,287.695,1.259647,0.303590
856,2EP0,29.35,0.393500,1.00,-1606.007,303.897,0.917055,0.248480
857,2EP1,55.43,0.620900,1.00,-2288.072,277.478,0.976469,0.494370
858,2EP2,40.22,0.486200,1.00,-1792.864,255.303,1.022395,0.335760
859,2EP3,61.41,0.657300,1.00,-2346.923,190.928,0.707221,0.532270
860,2EPC,41.67,0.467300,1.00,-1702.004,384.358,1.184563,0.302820
861,2EPQ,27.78,0.349400,1.00,-2217.478,225.359,1.261127,0.305420
862,2EPR,53.65,0.532900,1.00,-2646.537,178.753,1.016633,0.463080
863,2EPT,43.29,0.430600,1.00,-1890.042,194.089,0.843100,0.316990
864,2EPU,32.78,0.421900,1.00,-1790.531,304.128,1.159647,0.236820
865,2EPV,43.75,0.404900,1.00,-2084.667,231.966,1.011357,0.291620
866,2EPW,51.63,0.505800,1.00,-2174.854,253.857,1.281761,0.451770
867,2EPX,40.43,0.508200,1.00,-2452.589,306.004,0.734576,0.300530
868,2EPY,40.48,0.455900,1.00,-1958.938,217.531,1.304768,0.338740
869,2EPZ,36.41,0.372200,1.00,-1640.046,341.088,1.219389,0.284040
870,2EQ0,61.41,0.572100,1.00,-2170.989,203.398,0.588566,0.480650
871,2EQ1,42.39,0.408900,1.00,-1782.094,324.785,1.299306,0.336900
872,2EQ2,38.59,0.493000,1.00,-1932.724,245.548,1.087217,0.349350
873,2EQ3,54.89,0.578000,1.00,-1793.602,399.902,1.101263,0.437500
874,2EQ4,52.72,0.587000,1.00,-2186.954,234.134,0.859694,0.425880
875,2EQE,38.02,0.377900,1.00,-2651.225,257.996,0.999160,0.330570
876,2EQF,34.78,0.402800,1.00,-2084.514,295.124,1.406691,0.259150
877,2EQG,42.86,0.491000,1.00,-2310.697,314.593,0.761576,0.347530
878,2EQH,76.09,0.620600,1.00,-1105.792,114.011,0.409206,0.386160
879,2EQQ,71.43,0.579000,1.00,-1593.090,181.087,0.458953,0.451000
880,2EQT,75.89,0.633500,1.00,-1593.090,181.087,0.318684,0.479470
881,2EQW,35.71,0.478700,1.00,-1952.431,303.196,0.954932,0.255010
882,2ERI,44.35,0.437100,1.00,-2212.688,201.266,0.622602,0.313440
883,2ESX,40.79,0.353000,1.00,-668.240,137.778,0.561180,0.189000
884,2ESZ,32.89,0.306400,1.00,-668.240,137.778,0.609791,0.174110
885,2ETI,75.00,0.627500,1.00,-1801.385,165.218,0.208668,0.382950
886,2EVQ,72.92,0.574900,1.00,-482.639,71.175,0.306651,0.286090
887,2EYA,30.43,0.355500,1.00,-3152.501,352.014,0.859405,0.241650
888,2EYB,30.43,0.347300,1.00,-3152.501,352.014,0.871738,0.272270
889,2EYC,34.78,0.350300,1.00,-3152.501,352.014,0.878737,0.303840
890,2EYD,33.70,0.352300,1.00,-3152.501,352.014,0.885191,0.306610
891,2F2I,71.55,0.610500,1.00,-1737.322,228.033,0.280353,0.431960
892,2F2J,80.17,0.673600,1.00,-1604.140,172.034,0.343090,0.549710
893,2F5H,35.81,0.359100,1.00,-2205.154,139.810,0.708168,0.280100
896,2FJ4,41.89,0.405900,1.00,-2205.154,139.810,0.663504,0.289620
897,2FJ5,41.89,0.413100,1.00,-2205.154,139.810,0.688019,0.227480
898,2FQA,62.96,0.500000,1.00,-1709.022,190.995,0.360244,0.255070
899,2FR9,80.77,0.516400,1.00,-513.442,69.995,0.235024,0.384720
900,2FRB,67.31,0.500900,1.00,-446.384,103.348,0.432500,0.352430
901,2FXY,81.94,0.675200,1.00,-1111.234,23.208,0.257152,0.395400
902,2FXZ,82.69,0.650900,1.00,-734.925,21.120,0.259051,0.415880
903,2G6U,61.67,0.444700,1.00,-588.742,105.223,0.480194,0.245330
904,2G9L,43.24,0.560600,1.00,-2524.442,72.685,0.833028,0.532240
905,2G9P,76.92,0.676100,1.00,-1609.418,76.842,0.255028,0.382880
906,2GD3,34.38,0.485300,1.00,-669.571,134.408,0.628258,0.175920
907,2GDL,37.10,0.436000,1.00,-1508.484,180.955,0.851133,0.358710
908,2GFR,65.91,0.535900,1.00,-423.312,68.846,0.290679,0.323530
909,2GJ0,66.94,0.568900,1.00,-1976.016,371.750,0.380710,0.431790
910,2GL1,31.91,0.342400,1.00,-3052.615,299.140,1.005873,0.300450
911,2GOF,58.57,0.564300,1.00,-2261.842,81.614,0.514889,0.498430
912,2GOH,62.14,0.587500,1.00,-2261.842,81.614,0.510234,0.484360
913,2GP8,74.38,0.637300,1.00,-2564.523,109.261,0.462588,0.630770
914,2GQE,36.72,0.416600,1.00,-1933.753,144.391,0.770002,0.267870
915,2GW9,41.41,0.411400,1.00,-1817.382,247.245,0.739981,0.245340
916,2GWP,43.75,0.437000,1.00,-1506.677,262.268,0.664035,0.242940
917,2GX1,65.52,0.537100,1.00,-1724.913,269.573,0.378509,0.367330
918,2H1Z,83.97,0.768100,1.00,-2749.814,198.798,0.187255,0.684080
919,2H9X,32.45,0.353000,1.00,-2764.420,299.840,0.891421,0.313160
920,2HFR,68.52,0.630900,1.00,-1808.484,43.479,0.304405,0.310290
921,2HGO,43.52,0.393700,1.00,-1543.859,232.353,0.533132,0.196460
922,2HLG,58.97,0.538600,1.00,-2672.304,229.062,0.441786,0.367520
923,2HM3,37.90,0.371500,1.00,-1434.417,473.179,0.852868,0.186330
924,2HM4,51.61,0.449600,1.00,-1528.746,358.422,0.637757,0.283950
925,2HM5,45.16,0.410000,1.00,-1528.746,358.422,0.665684,0.195950
926,2HM6,49.19,0.424200,1.00,-1672.105,265.610,0.973077,0.283920
927,2HN8,53.29,0.590900,1.00,-3159.397,112.958,0.548203,0.451590
928,2I1P,46.35,0.405600,1.00,-2076.455,597.769,0.905273,0.422360
929,2I1T,52.08,0.479700,1.00,-1647.274,381.155,0.586344,0.317380
930,2I5O,80.77,0.741100,1.00,-2876.832,217.050,0.285265,0.659950
931,2I9M,91.18,0.752100,1.00,-1192.180,25.379,0.112178,0.562740
932,2I9N,46.97,0.538200,1.00,-1712.081,93.405,0.901679,0.312500
933,2I9O,47.97,0.483800,1.00,-1587.733,170.379,0.733860,0.363430
934,2IFJ,60.42,0.466700,1.00,-430.649,98.647,0.449572,0.224160
935,2IGU,66.67,0.571700,1.00,-606.142,41.932,0.246935,0.238120
936,2IH6,56.82,0.464900,1.00,-444.207,91.499,0.401876,0.214370
937,2IMU,58.15,0.656500,1.00,-2443.944,232.177,0.514521,0.499400
938,2IT7,78.57,0.633200,1.00,-1801.385,165.218,0.236965,0.501720
939,2IV4,42.19,0.472100,1.00,-308.374,107.608,0.531784,0.196020
940,2IV5,20.65,0.404400,1.00,-535.995,109.689,0.906188,0.180230
941,2IV6,26.09,0.455600,1.00,-561.021,123.627,1.196779,0.165830
942,2IWJ,46.30,0.458900,1.00,-1139.064,179.671,0.759920,0.186060
943,2J15,56.67,0.495300,1.00,-583.152,95.491,0.491098,0.164040
944,2J8P,41.33,0.580200,1.00,-4466.120,140.081,1.034046,0.354190
945,2JM0,82.86,0.716400,1.00,-3126.311,120.506,0.185912,0.594750
946,2JM2,21.11,0.281000,1.00,-1363.667,530.411,1.627613,0.165240
947,2JM4,31.98,0.341600,1.00,-2192.348,356.301,0.866812,0.312160
948,2JMY,76.67,0.645000,1.00,-621.858,91.283,0.194799,0.259900
949,2JN5,45.83,0.530200,1.00,-502.585,54.251,0.596870,0.160480
950,2JNH,50.54,0.611300,1.00,-3783.420,95.779,1.081675,0.373990
951,2JNI,76.19,0.593000,1.00,-1243.771,115.676,0.246949,0.252490
952,2JOC,60.81,0.542400,1.00,-2393.085,177.301,0.585083,0.465540
953,2JOF,73.75,0.623100,1.00,-903.954,78.488,0.319611,0.447510
954,2JOS,29.55,0.363600,1.00,-717.376,133.902,0.828110,0.145130
955,2JOU,48.53,0.325500,1.00,-3134.020,104.241,1.045589,0.344600
956,2JP6,58.78,0.536800,1.00,-2065.100,180.191,0.477995,0.401120
957,2JPJ,50.00,0.673000,1.00,-2227.532,114.791,0.605426,0.369040
958,2JPK,42.14,0.522000,1.00,-2398.934,198.556,0.843968,0.361960
959,2JPL,62.18,0.648800,1.00,-2227.532,114.791,0.350433,0.426690
960,2JPM,45.00,0.488700,1.00,-2398.934,198.556,0.671803,0.373360
961,2JPW,36.72,0.496900,1.00,-707.191,273.308,0.780636,0.312750
962,2JPX,69.29,0.681900,1.00,-2215.864,132.131,0.623333,0.524250
963,2JQ2,56.25,0.475800,1.00,-498.103,78.502,0.323985,0.236880
964,2JQB,48.33,0.574400,1.00,-511.696,114.531,0.495639,0.235650
965,2JQC,63.33,0.546000,1.00,-511.696,114.531,0.295156,0.213400
966,2JQW,55.88,0.494200,1.00,-760.486,102.231,0.440521,0.215870
967,2JR3,36.31,0.426300,1.00,-2688.069,332.541,0.892193,0.327280
968,2JR8,39.88,0.427400,1.00,-2222.960,251.262,1.288729,0.324830
969,2JRD,50.93,0.415200,1.00,-987.720,95.289,0.841460,0.308260
970,2JRV,55.00,0.546500,1.00,-679.643,81.390,0.656358,0.253150
971,2JRW,52.17,0.516900,1.00,-1049.091,136.059,0.423225,0.181930
972,2JRY,28.80,0.352500,1.00,-2811.035,347.958,1.070331,0.272470
973,2JSB,65.48,0.472700,1.00,-1320.918,120.138,0.503792,0.315460
974,2JTA,45.00,0.476900,1.00,-384.868,33.934,0.472269,0.461430
975,2JTB,43.94,0.454800,1.00,-1797.766,215.824,0.669863,0.370840
976,2JTU,38.16,0.372500,1.00,-2487.859,271.680,0.732737,0.292440
977,2JTW,71.00,0.669200,1.00,-1618.989,48.232,0.381186,0.390590
978,2JUE,30.17,0.324700,1.00,-1743.900,252.014,0.952575,0.172550
979,2JUI,49.24,0.552000,1.00,-2071.448,64.055,0.632232,0.336480
980,2JUQ,71.15,0.559400,1.00,-421.519,103.575,0.362071,0.248900
981,2JUR,75.00,0.604000,1.00,-595.097,59.633,0.252338,0.322070
982,2JUS,73.08,0.571500,1.00,-577.552,102.329,0.339004,0.430660
983,2JUT,63.46,0.558600,1.00,-591.460,67.527,0.330017,0.246590
984,2JUY,44.64,0.413200,1.00,-1816.624,194.478,0.612666,0.280900
985,2JVX,41.07,0.405300,1.00,-1588.620,145.459,0.831413,0.308800
986,2JVY,37.50,0.408400,1.00,-1424.141,160.035,0.822394,0.303220
987,2JWG,48.91,0.461500,1.00,-2443.572,235.459,0.569042,0.403400
988,2JWH,58.33,0.596100,1.00,-1842.105,227.187,1.156992,0.487940
989,2JWM,34.48,0.388900,1.00,-2010.120,146.440,0.727860,0.264990
990,2JXF,73.33,0.702000,1.00,-2701.936,59.790,0.348137,0.642770
991,2JY0,68.52,0.640100,1.00,-1525.120,73.716,0.420510,0.423370
992,2JYD,29.89,0.350100,1.00,-2174.593,293.673,1.222509,0.228200
993,2JYP,42.36,0.413100,1.00,-2719.652,196.785,0.892769,0.295630
994,2K10,53.12,0.659800,1.00,-2084.965,49.445,0.551354,0.254960
995,2K1A,74.40,0.717800,1.00,-2982.552,112.674,0.326614,0.566480
996,2K1I,53.91,0.476600,1.00,-1578.928,246.551,0.664759,0.331470
997,2K1P,74.24,0.553600,1.00,-1767.592,178.268,0.358953,0.503400
998,2K2Y,78.85,0.635300,1.00,-3106.167,198.843,0.297498,0.631020
999,2K2Z,39.74,0.371400,1.00,-2351.941,200.047,0.716380,0.286470
1000,2K44,41.07,0.463300,1.00,-1856.647,205.595,0.762103,0.331790
1001,2K4U,90.54,0.711900,1.00,-2480.284,186.900,0.132546,0.744860
1004,2K6O,66.22,0.744900,1.00,-3029.961,83.289,0.416471,0.535530
1005,2K6R,77.59,0.588100,1.00,-2035.488,130.224,0.236394,0.486250
1006,2K72,42.57,0.440900,1.00,-2755.079,136.003,0.679498,0.243000
1007,2K76,53.33,0.681900,1.00,-1699.302,106.543,1.249880,0.401130
1008,2K7G,68.97,0.591000,1.00,-1816.479,262.182,0.474301,0.409600
1009,2K7Y,32.22,0.583000,1.00,-2680.378,135.521,0.960931,0.308820
1010,2K84,31.67,0.512200,1.00,-1276.264,149.689,0.717548,0.251220
1012,2K98,58.33,0.629100,1.00,-1385.501,37.835,0.789836,0.375440
1013,2K9D,42.61,0.541800,1.00,-3555.521,97.910,1.052411,0.488730
1014,2K9O,47.22,0.439900,1.00,-1770.900,304.328,0.682220,0.397990
1015,2KAM,89.42,0.700600,1.00,-1754.762,47.724,0.199012,0.640390
1016,2KB8,43.92,0.489200,1.00,-2116.973,211.069,1.038622,0.339500
1017,2KB9,35.80,0.342100,1.00,-2959.520,297.502,0.877117,0.334650
1018,2KBL,53.45,0.565200,1.00,-1535.060,161.394,0.507176,0.286470
1019,2KCF,65.28,0.593900,1.00,-2143.020,221.281,0.646649,0.487370
1020,2KCG,62.50,0.530400,1.00,-1938.611,352.657,0.321965,0.349850
1021,2KCH,46.55,0.427500,1.00,-1531.109,387.733,0.700529,0.199550
1023,2KDT,36.67,0.377600,1.00,-3490.891,144.323,1.251929,0.292500
1024,2KE3,39.53,0.402800,1.00,-3453.151,176.698,1.204457,0.331790
1025,2KEF,40.00,0.387000,1.00,-1255.608,205.591,0.892183,0.144300
1026,2KEG,53.91,0.498200,1.00,-1735.637,123.891,0.648705,0.363690
1027,2KEH,54.69,0.502200,1.00,-1735.637,123.891,0.785285,0.465390
1028,2KES,71.88,0.796600,1.00,-3757.336,101.292,0.316754,0.716080
1029,2KFE,68.75,0.696500,1.00,-1615.271,73.224,0.296334,0.391490
1030,2KFQ,42.97,0.388200,1.00,-2487.483,99.187,0.633380,0.288160
1031,2KGH,42.95,0.409000,1.00,-2106.803,307.911,0.761124,0.326730
1032,2KGN,67.71,0.574100,1.00,-1226.004,93.137,0.304374,0.295150
1033,2KGU,48.57,0.423900,1.00,-1928.008,204.919,0.688700,0.346000
1034,2KHB,39.66,0.490700,1.00,-1796.519,158.558,0.692420,0.247980
1035,2KHF,67.00,0.516200,1.00,-1538.171,176.436,0.650308,0.387370
1036,2KHG,62.00,0.487700,1.00,-1538.171,176.436,0.697059,0.405710
1037,2KI0,63.89,0.590600,1.00,-2367.088,145.757,0.399949,0.423100
1038,2KI9,56.82,0.630500,1.00,-2827.431,41.867,0.551876,0.409670
1039,2KIO,62.12,0.623200,1.00,-2516.253,112.064,0.557255,0.364420
1040,2KIR,76.47,0.581200,1.00,-2131.313,181.622,0.227562,0.540900
1041,2KIT,80.30,0.664400,1.00,-2516.253,112.064,0.366848,0.612090
1042,2KJM,41.67,0.552900,1.00,-2009.711,135.361,0.832586,0.291530
1043,2KJN,76.92,0.649400,1.00,-1865.941,45.383,0.482781,0.520260
1044,2KJO,63.46,0.622500,1.00,-1865.941,45.383,0.431417,0.411810
1045,2KLV,38.04,0.487600,1.00,-3348.928,103.068,1.121955,0.319310
1046,2KM9,43.00,0.441900,1.00,-1159.587,241.502,0.783937,0.207430
1047,2KMO,30.11,0.367300,1.00,-2336.019,343.280,0.939695,0.282510
1048,2KMP,30.68,0.357200,1.00,-2336.019,343.280,1.051431,0.321710
1049,2KMQ,33.52,0.374800,1.00,-2336.019,343.280,0.909537,0.246220
1050,2KMR,30.68,0.351600,1.00,-2336.019,343.280,1.017654,0.250490
1051,2KNI,66.46,0.552900,1.00,-2163.792,373.262,0.348599,0.485220
1052,2KNM,60.83,0.508900,1.00,-1938.611,352.657,0.338526,0.336230
1053,2KNP,75.00,0.605200,1.00,-1999.143,186.942,0.354742,0.514290
1054,2KNS,47.73,0.620600,1.00,-1809.541,97.496,0.803677,0.405500
1055,2KNU,50.86,0.442200,1.00,-1817.864,84.221,0.673787,0.348330
1056,2KOE,38.75,0.524300,1.00,-2719.475,173.109,0.920760,0.313670
1057,2KOZ,93.94,0.797300,1.00,-2167.067,108.849,0.130261,0.754580
1058,2KP0,87.88,0.700400,1.00,-2183.991,176.313,0.122873,0.652350
1059,2KPA,53.85,0.560100,1.00,-1612.854,52.399,0.458477,0.263770
1060,2KPB,50.96,0.540700,1.00,-1612.854,52.399,0.601553,0.308740
1061,2KSG,39.58,0.467800,1.00,-3065.564,106.006,0.785829,0.295030
1062,2KSJ,39.67,0.580600,1.00,-3348.928,103.068,1.127195,0.395570
1063,2KTC,29.41,0.340700,1.00,-1521.591,187.390,0.870609,0.243500
1064,2KTX,88.82,0.697800,1.00,-2779.061,183.695,0.161855,0.733690
1065,2KUK,34.17,0.393300,1.00,-1980.864,259.824,0.750574,0.269490
1066,2KUS,36.43,0.430400,1.00,-2035.261,158.177,0.713102,0.312420
1067,2KUX,68.33,0.548100,1.00,-2198.289,185.609,0.378794,0.401530
1068,2KUY,38.95,0.320800,1.00,-3420.112,203.589,1.101746,0.285680
1069,2KV5,69.70,0.667600,1.00,-2457.121,85.021,0.480440,0.622750
1070,2KVF,75.89,0.574300,1.00,-1798.901,136.896,0.328495,0.469740
1071,2KVG,82.41,0.660100,1.00,-1877.038,89.289,0.199310,0.475890
1072,2KVH,53.70,0.542400,1.00,-1715.955,122.790,0.818163,0.361260
1073,2KVX,37.50,0.441700,1.00,-1518.233,279.576,0.719620,0.214600
1074,2KWT,70.45,0.553200,1.00,-2424.219,117.586,0.471296,0.481310
1075,2KWY,56.98,0.744100,1.00,-2548.503,108.658,0.473798,0.538030
1076,2KWZ,53.75,0.617500,1.00,-3116.333,100.075,0.521265,0.385580
1077,2KXA,84.17,0.770200,1.00,-1713.573,69.862,0.374998,0.677910
1078,2KY3,85.61,0.713400,1.00,-2124.243,147.015,0.213293,0.673370
1079,2KYA,43.38,0.529700,1.00,-1622.036,135.958,0.958470,0.341040
1080,2KYJ,68.75,0.575300,1.00,-2172.504,181.553,0.661303,0.544500
1081,2KYK,65.38,0.533000,1.00,-2184.700,221.728,0.493497,0.483020
1082,2KZQ,34.72,0.437000,1.00,-1988.584,186.760,1.401682,0.197220
1083,2L07,77.78,0.619000,1.00,-766.339,134.845,0.246004,0.265670
1084,2L0G,82.03,0.671400,1.00,-2942.333,98.605,0.339784,0.634620
1085,2L0L,57.41,0.618900,1.00,-1548.157,71.157,0.591968,0.309880
1086,2L0M,67.59,0.639200,1.00,-1548.157,71.157,0.342973,0.345930
1087,2L0N,66.67,0.619700,1.00,-2484.234,50.631,0.330437,0.423150
1088,2L0O,63.33,0.611900,1.00,-2484.234,50.631,0.398415,0.396730
1089,2L1J,49.26,0.431400,1.00,-2125.657,185.818,0.610977,0.370290
1090,2L1Q,33.12,0.463000,1.00,-2182.884,185.574,0.851998,0.213790
1091,2L1X,51.28,0.537600,1.00,-2704.351,133.780,0.585248,0.352900
1092,2L2R,77.03,0.704500,1.00,-1821.874,154.659,0.493666,0.612540
1093,2L36,64.58,0.666400,1.00,-1288.339,66.215,0.417361,0.379870
1094,2L37,73.84,0.610200,1.00,-3250.030,137.039,0.453051,0.636180
1095,2L3H,32.69,0.360900,1.00,-2865.572,169.834,0.989347,0.257000
1096,2L3I,58.33,0.515700,1.00,-2168.749,94.119,0.581434,0.388620
1097,2L44,55.26,0.487100,1.00,-772.981,117.857,0.440260,0.188490
1098,2L4G,64.81,0.638600,1.00,-1150.130,110.455,0.410159,0.392130
1099,2L4J,59.24,0.646800,1.00,-2758.346,198.415,0.553336,0.460170
1100,2L4U,62.50,0.616600,1.00,-1226.004,93.137,0.340859,0.248540
1101,2L5I,35.71,0.435300,1.00,-1057.949,91.721,0.791426,0.108660
1102,2L5J,40.48,0.454400,1.00,-1057.949,91.721,0.555516,0.138750
1103,2L5R,77.17,0.792200,1.00,-1503.117,23.439,0.223644,0.320310
1104,2L61,36.54,0.402000,1.00,-897.536,433.298,0.678741,0.159160
1105,2L62,42.31,0.400700,1.00,-897.536,433.298,0.719844,0.183300
1106,2L63,62.12,0.637400,1.00,-2532.102,68.374,0.492878,0.433790
1107,2L64,62.88,0.634500,1.00,-2532.102,68.374,0.393541,0.477090
1108,2L6S,36.25,0.502600,1.00,-790.632,118.558,0.829444,0.184240
1109,2L6T,35.00,0.493600,1.00,-790.632,118.558,0.546459,0.175680
1110,2L70,54.17,0.631800,1.00,-2628.314,167.027,0.568803,0.452200
1111,2L71,55.95,0.599900,1.00,-2628.314,167.027,0.482186,0.482380
1112,2L77,47.44,0.482700,1.00,-2865.572,169.834,0.839245,0.434510
1113,2L79,46.15,0.375700,1.00,-2865.572,169.834,0.948248,0.380100
1114,2L7C,73.68,0.511300,1.00,-1133.343,87.774,0.408189,0.312400
1115,2L7T,59.09,0.559300,1.00,-401.214,54.694,0.392463,0.259300
1116,2L87,37.04,0.528200,1.00,-998.317,171.423,0.888085,0.222160
1117,2L8E,54.08,0.541200,1.00,-2808.685,343.000,0.744279,0.437780
1118,2L91,73.26,0.709000,1.00,-3146.686,112.787,0.465710,0.604460
1122,2L9G,72.37,0.609300,1.00,-1162.069,59.968,0.406794,0.271450
1123,2L9X,30.00,0.387200,1.00,-1588.663,166.041,0.873145,0.157050
1124,2L9Z,59.62,0.603500,1.00,-2645.854,269.399,0.550613,0.437480
1125,2LA0,45.83,0.525500,1.00,-1936.559,168.412,0.689372,0.307920
1126,2LAM,84.48,0.652000,1.00,-2101.721,203.361,0.218516,0.578750
1127,2LAQ,37.50,0.441700,1.00,-1737.302,253.507,0.744200,0.273920
1128,2LAT,66.89,0.700100,1.00,-2938.328,104.487,0.480587,0.531970
1129,2LB7,34.66,0.396300,1.00,-2380.801,544.965,0.767847,0.282730
1130,2LBG,84.26,0.852300,1.00,-1045.279,26.110,0.167580,0.578920
1131,2LBZ,38.71,0.442700,1.00,-2043.530,130.146,1.030384,0.274350
1132,2LCM,47.32,0.499100,1.00,-1732.997,112.315,0.727197,0.338430
1133,2LDE,77.00,0.705100,1.00,-1689.425,101.024,0.341787,0.461690
1134,2LDF,75.00,0.687200,1.00,-1629.408,156.808,0.619208,0.487140
1135,2LDJ,60.00,0.608900,1.00,-927.057,83.148,0.560444,0.329890
1136,2LDS,50.00,0.494900,1.00,-1997.413,253.412,0.704529,0.336680
1137,2LE3,78.57,0.667400,1.00,-2910.043,133.224,0.344853,0.678070
1138,2LE7,52.50,0.479300,1.00,-1242.215,61.585,0.505210,0.241750
1139,2LER,81.82,0.592200,1.00,-326.768,53.274,0.235320,0.353980
1140,2LET,77.68,0.651800,1.00,-1692.164,162.746,0.232226,0.460300
1141,2LEU,35.81,0.390800,1.00,-1743.196,378.383,0.832255,0.262370
1142,2LEW,39.06,0.391500,1.00,-1571.326,269.190,0.759987,0.215320
1143,2LEY,32.81,0.360700,1.00,-1828.591,153.228,0.799208,0.255080
1144,2LFM,25.00,0.335600,1.00,-2177.688,173.388,1.142862,0.248110
1145,2LG4,42.50,0.402900,1.00,-2498.459,212.759,0.662244,0.348600
1146,2LG5,36.11,0.360100,1.00,-2170.252,260.100,0.696176,0.250510
1147,2LG6,69.44,0.534100,1.00,-2305.361,178.549,0.393816,0.472020
1148,2LI3,72.50,0.572200,1.00,-1998.231,191.243,0.286602,0.462710
1149,2LIC,29.29,0.536700,1.00,-1027.105,215.968,0.902243,0.204680
1150,2LID,24.29,0.514500,1.00,-1056.052,256.188,1.353179,0.187000
1151,2LIF,62.96,0.670700,1.00,-1620.110,91.521,0.400012,0.429000
1152,2LIX,62.04,0.514300,1.00,-1944.324,127.769,0.380380,0.389660
1153,2LIY,41.67,0.449000,1.00,-2875.551,238.050,0.828321,0.410440
1154,2LJ7,59.04,0.508400,1.00,-3034.069,313.692,0.424573,0.514680
1155,2LJQ,47.97,0.609500,1.00,-1357.230,170.940,1.125675,0.388140
1156,2LJS,60.83,0.512700,1.00,-1585.112,219.982,0.497302,0.340550
1157,2LJT,52.03,0.503300,1.00,-1513.315,277.851,0.811024,0.400180
1158,2LK9,58.57,0.567000,1.00,-2043.174,106.855,0.480741,0.449920
1159,2LKE,59.38,0.657500,1.00,-848.688,126.979,0.944276,0.316110
1160,2LKJ,60.42,0.612200,1.00,-848.688,126.979,0.761498,0.336540
1161,2LKQ,51.04,0.495700,1.00,-1254.807,119.198,0.572979,0.252590
1162,2LL1,46.21,0.450600,1.00,-2185.904,195.051,0.773973,0.359450
1163,2LL2,46.15,0.492000,1.00,-1001.285,142.169,0.670861,0.283970
1164,2LL5,77.27,0.694600,1.00,-1079.112,130.516,0.272142,0.370980
1165,2LLD,73.75,0.547500,1.00,-2633.708,363.102,0.412046,0.628030
1166,2LLM,56.40,0.683800,1.00,-2514.774,158.148,0.640841,0.526480
1167,2LLR,36.36,0.351100,1.00,-1238.372,164.111,0.731370,0.167560
1168,2LM8,48.08,0.415200,1.00,-525.866,119.088,0.462838,0.146500
1169,2LMA,48.86,0.565300,1.00,-962.897,97.531,0.628449,0.234810
1170,2LMB,26.74,0.503700,1.00,-945.173,369.898,1.277721,0.199500
1171,2LMF,70.65,0.708900,1.00,-1528.620,72.944,0.268466,0.495960
1172,2LMZ,51.79,0.480300,1.00,-3333.384,306.519,0.883354,0.395150
1173,2LNE,55.77,0.521200,1.00,-499.325,62.195,0.428598,0.292040
1174,2LNF,57.69,0.531300,1.00,-499.325,62.195,0.341151,0.256960
1175,2LNG,55.77,0.498700,1.00,-499.325,62.195,0.358009,0.195190
1176,2LO2,82.24,0.680300,1.00,-2219.976,125.246,0.264551,0.639680
1177,2LO3,60.23,0.589200,1.00,-2806.802,227.810,0.625884,0.474050
1178,2LO7,52.42,0.498800,1.00,-2268.448,131.996,0.652685,0.340270
1179,2LQ0,78.00,0.628700,1.00,-1598.486,68.371,0.359524,0.498510
1180,2LQ1,52.00,0.547800,1.00,-1202.121,109.791,0.561188,0.237250
1181,2LQ2,50.00,0.577400,1.00,-1134.259,98.515,0.655762,0.262110
1182,2LQA,68.92,0.557000,1.00,-2687.922,262.014,0.267312,0.513550
1183,2LQX,85.37,0.652400,1.00,-3212.020,136.577,0.255002,0.743240
1184,2LQY,71.25,0.602100,1.00,-1309.655,53.349,0.374966,0.303290
1185,2LR3,53.19,0.458500,1.00,-2786.403,262.455,0.473657,0.538850
1186,2LR5,73.03,0.596200,1.00,-2571.013,155.648,0.375061,0.569600
1187,2LR7,35.34,0.441200,1.00,-1965.897,99.461,0.876905,0.221340
1188,2LRX,42.78,0.509800,1.00,-2965.780,172.600,1.061519,0.373960
1189,2LS1,50.00,0.423700,1.00,-1135.121,114.504,0.520872,0.211240
1190,2LS2,72.00,0.665600,1.00,-1931.598,48.750,0.369085,0.508610
1191,2LS3,73.28,0.695500,1.00,-2552.832,68.011,0.300840,0.506610
1192,2LS4,64.58,0.550400,1.00,-1379.459,39.005,0.363730,0.319310
1193,2LS9,64.00,0.623100,1.00,-1320.914,39.808,0.398150,0.234840
1194,2LSA,64.13,0.677500,1.00,-1341.755,72.513,0.496999,0.244520
1195,2LSQ,59.00,0.499800,1.00,-1557.401,171.041,0.499865,0.294330
1196,2LSW,31.88,0.500700,1.00,-1581.440,196.334,1.204441,0.232820
1197,2LT8,66.67,0.526700,1.00,-3159.712,175.450,0.562285,0.543350
1198,2LTI,31.52,0.536600,1.00,-716.894,122.280,1.404478,0.150770
1200,2LU9,81.45,0.673500,1.00,-2155.136,101.682,0.217416,0.524190
1201,2LUF,65.00,0.531400,1.00,-915.074,105.344,0.493306,0.288200
1202,2LUG,29.17,0.500200,1.00,-1079.285,185.057,2.556391,0.195050
1203,2LUR,38.79,0.430000,1.00,-1757.436,142.450,0.758090,0.253630
1204,2LUV,47.86,0.616900,1.00,-1487.381,229.970,0.818819,0.373240
1205,2LVG,66.88,0.726400,1.00,-2922.805,68.371,0.379125,0.509670
1206,2LWB,58.75,0.468200,1.00,-1602.141,113.724,0.373770,0.237850
1207,2LWL,28.06,0.348500,1.00,-3393.853,244.113,1.153293,0.307030
1208,2LWQ,70.31,0.524000,1.00,-647.614,120.751,0.315601,0.186840
1209,2LWS,56.25,0.530500,1.00,-441.018,76.389,0.405179,0.289000
1210,2LWT,40.28,0.366400,1.00,-902.393,135.628,0.588086,0.145980
1211,2LWU,81.67,0.693800,1.00,-655.833,58.214,0.299595,0.355330
1212,2LWV,70.59,0.571600,1.00,-643.732,120.660,0.229288,0.234990
1213,2LX0,63.28,0.675100,1.00,-2728.149,74.759,0.371053,0.434750
1214,2LX4,58.82,0.548800,1.00,-793.719,75.534,0.442642,0.328430
1215,2LX5,83.33,0.640700,1.00,-939.266,39.328,0.311256,0.428880
1216,2LX6,31.58,0.459500,1.00,-622.979,96.257,1.110166,0.198420
1217,2LXO,50.00,0.448200,1.00,-3220.290,192.089,0.764628,0.356900
1218,2LXZ,58.59,0.522400,1.00,-2083.695,164.280,0.595046,0.349900
1219,2LYE,41.67,0.333600,1.00,-782.009,80.603,0.594344,0.136540
1220,2LYF,45.83,0.354200,1.00,-750.118,193.636,0.542430,0.180970
1221,2LZI,36.11,0.392100,1.00,-703.216,142.504,0.573429,0.214680
1222,2LZO,32.76,0.361600,1.00,-1516.613,212.757,0.944142,0.203580
1223,2LZP,54.03,0.474300,1.00,-1797.790,105.298,0.624532,0.503000
1224,2LZQ,87.50,0.710600,1.00,-2448.178,72.194,0.252168,0.539000
1225,2LZX,51.35,0.443500,1.00,-2474.882,246.954,0.460615,0.358920
1226,2LZY,53.57,0.457000,1.00,-1860.290,352.254,0.571028,0.386320
1227,2M0H,62.50,0.626900,1.00,-1211.317,232.127,0.564542,0.359670
1228,2M0S,41.07,0.468600,1.00,-1643.945,91.771,0.634532,0.235830
1229,2M0W,58.70,0.638400,1.00,-1126.568,134.743,0.702503,0.303560
1230,2M1A,85.58,0.657100,1.00,-1475.783,42.465,0.149577,0.520800
1231,2M1J,62.50,0.643600,1.00,-1887.021,105.933,0.584795,0.457190
1232,2M1P,43.06,0.348000,1.00,-965.801,49.086,0.504391,0.195760
1233,2M1T,46.59,0.509100,1.00,-1018.574,251.311,0.602689,0.218460
1234,2M2G,40.28,0.329300,1.00,-697.316,108.250,0.681839,0.059590
1235,2M2H,34.72,0.315600,1.00,-941.406,76.101,0.537184,0.133180
1236,2M2Q,46.88,0.419700,1.00,-2061.414,346.685,0.568928,0.241140
1237,2M2R,50.00,0.423600,1.00,-2500.277,177.378,0.500148,0.338450
1238,2M2S,40.28,0.328000,1.00,-864.482,62.126,0.513788,0.118630
1239,2M2X,30.56,0.293600,1.00,-940.689,24.678,1.029882,0.104680
1240,2M2Y,45.83,0.392000,1.00,-502.411,161.482,0.469405,0.156000
1241,2M36,38.16,0.338200,1.00,-1943.049,315.466,0.977215,0.302590
1242,2M37,40.79,0.529800,1.00,-498.148,122.921,0.931225,0.195640
1243,2M3F,78.41,0.640500,1.00,-1458.772,62.707,0.376144,0.420340
1244,2M3J,43.94,0.482900,1.00,-1982.450,254.716,0.868180,0.271970
1245,2M3N,55.56,0.438700,1.00,-682.417,191.557,0.453261,0.177340
1246,2M4X,66.43,0.496000,1.00,-2487.110,215.584,0.306047,0.447620
1247,2M4Z,61.43,0.478600,1.00,-2276.901,245.271,0.325497,0.408380
1248,2M50,69.29,0.522200,1.00,-2436.880,228.722,0.298157,0.507550
1249,2M5L,58.75,0.640600,1.00,-837.757,84.926,0.512446,0.211210
1250,2M5X,41.25,0.386800,1.00,-1998.703,348.346,0.829332,0.272480
1251,2M5Z,92.61,0.729800,1.00,-5375.988,150.703,0.115301,0.851840
1252,2M60,60.47,0.658000,1.00,-4667.620,123.307,0.594600,0.493470
1253,2M62,62.50,0.555500,1.00,-598.232,73.524,0.276756,0.190150
1254,2M6A,79.46,0.646900,1.00,-1862.072,68.113,0.201488,0.481280
1255,2M6O,68.75,0.664700,1.00,-3046.562,222.579,0.459670,0.565500
1256,2M6P,83.70,0.654300,1.00,-3243.570,333.932,0.258979,0.732000
1257,2M73,64.00,0.633600,1.00,-1625.923,108.778,0.307128,0.269870
1258,2M77,43.06,0.336000,1.00,-972.115,72.573,0.585423,0.089850
1259,2M78,62.50,0.557400,1.00,-757.402,116.951,0.296942,0.203920
1260,2M79,77.78,0.632300,1.00,-875.592,83.195,0.264823,0.245850
1261,2M7C,82.14,0.680900,1.00,-1142.751,59.190,0.402969,0.339290
1262,2M7D,65.00,0.641700,1.00,-964.751,81.438,0.676980,0.393550
1263,2M7E,46.15,0.518900,1.00,-1378.288,132.140,0.600814,0.273680
1264,2M7I,33.93,0.463300,1.00,-457.347,99.220,0.727042,0.206820
1265,2M7J,44.64,0.441400,1.00,-295.939,98.709,0.632650,0.189210
1266,2M7P,47.62,0.467600,1.00,-2535.834,330.672,0.747366,0.440660
1267,2M7T,71.21,0.622000,1.00,-1948.693,268.834,0.339234,0.544210
1268,2M7X,45.39,0.576100,1.00,-1973.608,143.822,0.717940,0.357540
1269,2M8F,27.08,0.432900,1.00,-998.241,108.006,0.986372,0.182800
1270,2M8I,61.63,0.597800,1.00,-2477.593,233.610,0.710137,0.462580
1271,2M8J,59.30,0.601200,1.00,-2455.902,241.336,0.739435,0.449840
1272,2M8M,79.46,0.683200,1.00,-2370.412,75.457,0.181509,0.490740
1273,2M8O,71.43,0.651600,1.00,-2370.412,75.457,0.262728,0.400640
1274,2M96,27.27,0.342500,1.00,-2133.509,409.231,0.964646,0.306190
1275,2M9E,75.00,0.667800,1.00,-2173.186,187.700,0.459078,0.552010
1276,2M9F,70.45,0.677300,1.00,-2173.186,187.700,0.467738,0.493890
1277,2M9I,44.12,0.426700,1.00,-1990.594,164.033,1.050629,0.273890
1278,2M9J,44.85,0.436900,1.00,-1990.594,164.033,1.020549,0.292460
1279,2M9L,65.71,0.511000,1.00,-2503.304,253.390,0.389194,0.461990
1280,2M9O,71.55,0.551800,1.00,-2066.657,166.562,0.544059,0.443670
1281,2M9R,25.62,0.303300,1.00,-2177.688,173.388,1.667491,0.203450
1282,2M9S,23.75,0.264200,1.00,-2177.688,173.388,1.675343,0.231220
1283,2MAA,82.69,0.654800,1.00,-825.608,40.918,0.183100,0.335600
1284,2MAE,69.23,0.629400,1.00,-1354.553,105.872,0.322309,0.341390
1285,2MAU,46.67,0.435600,1.00,-1792.239,223.290,0.460205,0.215270
1286,2MBD,69.44,0.651300,1.00,-1583.600,69.250,0.413353,0.494620
1287,2MBY,61.41,0.589700,1.00,-3546.930,125.567,0.540290,0.476400
1288,2MCE,58.33,0.554700,1.00,-890.942,89.432,0.446565,0.256100
1289,2MD1,73.53,0.576100,1.00,-801.188,92.454,0.401373,0.387600
1290,2MD2,60.00,0.474700,1.00,-338.773,43.744,0.346006,0.402600
1291,2MD4,87.50,0.639900,1.00,-610.496,44.823,0.146836,0.418400
1292,2MD6,65.28,0.535200,1.00,-892.096,118.668,0.357870,0.273050
1293,2MDC,48.44,0.502700,1.00,-2922.733,280.961,0.808107,0.370710
1294,2MDL,42.71,0.386300,1.00,-1427.342,137.635,0.486423,0.153700
1295,2MDU,40.52,0.437000,1.00,-1580.851,195.702,1.240711,0.223520
1296,2ME1,59.26,0.529100,1.00,-2326.147,57.754,0.435639,0.325040
1297,2ME2,52.78,0.591500,1.00,-1917.966,135.077,0.551186,0.353480
1298,2ME3,66.67,0.564800,1.00,-2434.236,86.547,0.321824,0.342070
1299,2ME4,58.33,0.590000,1.00,-2045.312,110.990,0.399847,0.332660
1300,2ME7,90.91,0.742200,1.00,-2238.155,136.829,0.189209,0.759140
1301,2MEL,85.61,0.730500,1.00,-2115.930,300.643,0.222691,0.674530
1302,2MEN,84.85,0.715900,1.00,-2076.547,157.038,0.220950,0.607420
1303,2MEO,80.30,0.677200,1.00,-2210.981,154.458,0.257640,0.576450
1304,2MF3,27.13,0.305900,1.00,-3173.026,311.112,1.004417,0.217600
1305,2MFM,46.67,0.438100,1.00,-509.218,64.884,0.564863,0.141380
1306,2MFO,60.00,0.465100,1.00,-361.489,76.756,0.500272,0.253630
1307,2MFP,43.55,0.478400,1.00,-1354.371,241.676,0.639399,0.238590
1308,2MFS,50.00,0.471900,1.00,-2182.467,181.247,0.572665,0.301750
1309,2MFV,37.50,0.538200,1.00,-110.464,69.859,0.939062,0.193860
1310,2MG1,77.78,0.712100,1.00,-1793.910,54.956,0.214286,0.520250
1311,2MG2,70.54,0.622400,1.00,-2018.072,89.797,0.345416,0.487360
1312,2MG3,68.75,0.623000,1.00,-2018.072,89.797,0.407864,0.431560
1313,2MH1,67.42,0.550500,1.00,-1983.570,225.328,0.421087,0.434890
1314,2MHU,46.67,0.400800,1.00,-1437.767,249.031,0.878706,0.256910
1315,2MHW,50.00,0.647200,1.00,-1630.511,85.045,0.691299,0.320640
1316,2MI1,39.29,0.432000,1.00,-516.554,75.482,0.458328,0.179820
1317,2MI9,59.17,0.521300,1.00,-1831.731,182.715,0.323391,0.375760
1318,2MIA,57.50,0.507800,1.00,-1831.731,182.715,0.325520,0.368330
1319,2MID,45.83,0.457200,1.00,-395.121,52.365,0.521049,0.291220
1320,2MIE,43.75,0.500900,1.00,-355.250,78.174,0.599430,0.116060
1321,2MIF,43.75,0.517900,1.00,-284.492,112.552,0.514296,0.341030
1322,2MIG,47.92,0.498500,1.00,-397.392,64.685,0.523897,0.234050
1323,2MIH,41.07,0.511900,1.00,-364.045,68.574,0.824194,0.178410
1324,2MIJ,57.43,0.499800,1.00,-2821.516,151.389,0.469424,0.421640
1325,2MIX,46.43,0.439500,1.00,-1039.550,156.890,0.474727,0.180730
1326,2MJ1,37.50,0.370800,1.00,-703.476,112.649,0.624043,0.115230
1327,2MJ2,62.50,0.585500,1.00,-2403.641,165.278,0.560501,0.495120
1328,2MJ9,51.28,0.596900,1.00,-2392.937,141.668,0.750656,0.418230
1329,2MJC,48.53,0.432700,1.00,-1521.464,289.060,0.659275,0.308140
1330,2MJK,46.34,0.420700,1.00,-2914.615,253.701,0.606624,0.472910
1331,2MKB,62.00,0.580700,1.00,-1600.340,165.202,0.417965,0.420160
1332,2ML7,49.19,0.494900,1.00,-2176.010,197.046,0.670580,0.283890
1333,2MLA,87.16,0.684000,1.00,-2268.890,182.869,0.157012,0.700890
1334,2MLD,89.19,0.744300,1.00,-2404.048,167.407,0.178108,0.763710
1335,2MLJ,43.06,0.526500,1.00,-517.821,151.892,1.118631,0.214260
1336,2MLO,81.25,0.647500,1.00,-1041.035,78.944,0.254036,0.305620
1337,2MLQ,75.00,0.608500,1.00,-1041.035,78.944,0.278237,0.345160
1338,2MLU,42.50,0.411700,1.00,-1211.784,240.818,0.600423,0.233070
1339,2MLV,43.33,0.392700,1.00,-1211.784,240.818,0.546733,0.210610
1340,2MM5,46.67,0.465800,1.00,-1701.052,412.405,0.464217,0.239870
1341,2MM6,35.00,0.392800,1.00,-1980.927,213.786,0.674648,0.275840
1342,2MMM,47.92,0.554900,1.00,-1956.444,227.568,0.775726,0.336230
1343,2MMT,45.24,0.443100,1.00,-1070.539,144.641,0.629553,0.177480
1344,2MMW,52.38,0.497900,1.00,-848.410,133.049,0.521607,0.177160
1345,2MN1,35.83,0.465700,1.00,-1899.223,163.132,0.781869,0.234410
1346,2MN3,50.00,0.484800,1.00,-2049.452,232.070,0.598641,0.394320
1347,2MOC,86.36,0.688300,1.00,-478.150,52.727,0.268176,0.496880
1348,2MOF,55.36,0.563200,1.00,-2862.705,130.418,0.615402,0.554610
1349,2MPJ,59.00,0.520600,1.00,-1217.193,199.320,0.525120,0.247110
1350,2MPQ,38.19,0.407400,1.00,-1869.195,251.725,0.752529,0.351550
1351,2MQ2,46.43,0.500700,1.00,-378.633,83.131,0.547677,0.202230
1352,2MQ4,47.73,0.451400,1.00,-243.646,81.282,0.576151,0.322940
1353,2MQ5,55.00,0.453000,1.00,-129.271,66.930,0.431390,0.221900
1354,2MQF,40.44,0.423700,1.00,-1733.018,288.936,0.892584,0.320480
1355,2MQU,43.57,0.440000,1.00,-2435.887,201.888,0.763875,0.369280
1356,2MR9,84.09,0.704000,1.00,-4309.786,117.922,0.157163,0.760140
1357,2MRB,41.13,0.419200,1.00,-1735.625,215.186,0.695644,0.213140
1358,2MRF,69.70,0.659900,1.00,-2214.787,120.349,0.276177,0.454600
1359,2MRT,45.00,0.429600,1.00,-1701.811,247.307,0.586152,0.222680
1360,2MRW,33.12,0.324900,1.00,-3025.140,204.251,1.175759,0.315600
1361,2MSF,46.55,0.439900,1.00,-1605.734,197.501,0.655780,0.352300
1362,2MSO,76.67,0.620000,1.00,-1827.564,174.065,0.376189,0.540800
1363,2MSQ,56.48,0.541400,1.00,-1631.696,194.740,0.578511,0.309570
1364,2MSU,68.75,0.647600,1.00,-1195.226,44.069,0.323051,0.373170
1365,2MT7,72.86,0.583400,1.00,-1960.208,298.527,0.295635,0.509110
1366,2MT8,67.95,0.577400,1.00,-2323.861,209.686,0.556553,0.548930
1367,2MTM,40.79,0.388000,1.00,-1212.546,136.297,0.483430,0.142850
1368,2MTO,69.23,0.503900,1.00,-509.390,90.029,0.469265,0.187460
1369,2MTT,67.31,0.572600,1.00,-535.244,73.812,0.340299,0.298410
1370,2MTU,71.15,0.594000,1.00,-535.244,73.812,0.405959,0.304700
1371,2MTW,63.75,0.562600,1.00,-1141.060,93.931,0.442574,0.308690
1372,2MTY,51.25,0.504400,1.00,-864.179,86.068,0.495662,0.210760
1373,2MU6,75.00,0.643900,1.00,-1295.867,93.709,0.321355,0.294730
1374,2MU7,68.75,0.613600,1.00,-929.004,78.694,0.335056,0.269040
1375,2MU8,46.25,0.464500,1.00,-1042.362,89.662,0.480596,0.111730
1376,2MU9,70.00,0.645700,1.00,-1399.317,50.499,0.374572,0.363000
1377,2MUA,80.95,0.661500,1.00,-1259.112,51.592,0.320058,0.387300
1378,2MUB,53.57,0.463100,1.00,-3574.136,256.124,0.616709,0.454010
1379,2MUE,75.00,0.616600,1.00,-1221.863,71.549,0.294338,0.280530
1380,2MUF,82.50,0.634200,1.00,-1119.865,70.101,0.255197,0.364310
1381,2MUH,51.56,0.372700,1.00,-498.093,97.374,0.518320,0.168950
1382,2MUJ,29.76,0.455700,1.00,-723.673,164.570,0.686166,0.159320
1383,2MUN,44.02,0.387900,1.00,-2998.046,379.967,0.746392,0.455050
1384,2MUQ,44.89,0.404800,1.00,-3465.969,182.060,0.613903,0.351690
1385,2MV6,62.76,0.702300,1.00,-3469.154,200.884,0.776423,0.570120
1386,2MVA,64.81,0.557700,1.00,-1555.105,154.676,0.276110,0.319600
1387,2MVH,62.50,0.540100,1.00,-1490.473,147.816,0.405071,0.320990
1388,2MVI,39.53,0.337500,1.00,-3370.925,205.446,0.842861,0.320150
1389,2MVJ,60.58,0.493900,1.00,-1838.313,66.567,0.783850,0.447750
1390,2MVK,57.69,0.539700,1.00,-1354.553,105.872,0.621325,0.286840
1391,2MVL,56.73,0.561400,1.00,-1354.553,105.872,0.605054,0.273100
1392,2MVM,51.70,0.636700,1.00,-2132.754,179.835,1.165483,0.457760
1393,2MVN,50.57,0.649700,1.00,-2132.754,179.835,0.825952,0.437200
1394,2MVT,47.87,0.409100,1.00,-3433.958,198.902,0.648822,0.479660
1395,2MW0,40.52,0.440400,1.00,-1609.447,168.686,0.712114,0.208300
1396,2MW3,38.10,0.534500,1.00,-795.490,121.730,1.217085,0.090510
1397,2MW7,75.68,0.663800,1.00,-2148.824,241.024,0.346854,0.572450
1398,2MW9,66.22,0.578000,1.00,-1938.564,238.319,0.560464,0.553230
1399,2MWA,51.35,0.522500,1.00,-2109.893,216.510,0.741046,0.357210
1400,2MWB,56.76,0.547400,1.00,-1952.150,208.340,0.586960,0.449560
1401,2MWD,71.43,0.543900,1.00,-1485.665,191.519,0.281771,0.382420
1402,2MWE,73.21,0.554700,1.00,-1542.676,177.150,0.342094,0.432280
1403,2MWF,64.06,0.537300,1.00,-1962.711,167.757,0.514064,0.435470
1404,2MWJ,50.00,0.448600,1.00,-1967.823,346.776,0.737697,0.358400
1405,2MWK,47.92,0.453400,1.00,-1967.823,346.776,0.735812,0.344890
1406,2MWL,50.00,0.448200,1.00,-509.474,164.899,0.407519,0.231930
1407,2MWT,61.03,0.552800,1.00,-1661.743,185.938,0.482344,0.458710
1408,2MX4,35.56,0.451600,1.00,-2319.463,207.012,1.329302,0.330140
1409,2MXG,48.44,0.446900,1.00,-509.474,164.899,0.469103,0.205500
1410,2MXH,43.75,0.442100,1.00,-509.474,164.899,0.622158,0.243150
1411,2MXM,68.18,0.540900,1.00,-2201.104,155.950,0.332509,0.461190
1412,2MXO,83.82,0.614400,1.00,-2114.772,232.323,0.211507,0.641310
1413,2MXP,51.52,0.451200,1.00,-2244.940,203.466,0.581858,0.320710
1414,2MXQ,44.12,0.414300,1.00,-1735.902,274.071,0.670358,0.252200
1415,2MXV,64.53,0.539600,1.00,-2543.333,225.560,0.577939,0.522880
1416,2MYH,49.39,0.438400,1.00,-2215.076,359.297,0.596947,0.359800
1417,2MYL,78.75,0.609000,1.00,-1383.864,67.379,0.311368,0.345230
1418,2MYM,61.25,0.507200,1.00,-1353.042,58.982,0.413179,0.261340
1419,2MZ2,69.12,0.637100,1.00,-711.169,114.394,0.313606,0.312960
1420,2MZ3,63.24,0.562400,1.00,-711.169,114.394,0.346467,0.249660
1421,2MZ4,49.46,0.388000,1.00,-2998.046,379.967,0.683010,0.427960
1422,2MZ7,19.02,0.346500,1.00,-1677.640,373.862,1.550764,0.193270
1423,2MZA,50.00,0.543900,1.00,-711.169,114.394,0.513401,0.210640
1424,2MZX,75.00,0.450400,1.00,-436.569,90.452,0.282555,0.372760
1426,2N0X,39.06,0.507100,1.00,-513.954,121.525,0.782932,0.188920
1427,2N16,43.75,0.486700,1.00,-961.874,123.936,0.622271,0.236180
1428,2N1C,36.96,0.468900,1.00,-712.885,151.178,0.756066,0.124580
1429,2N1N,84.29,0.643800,1.00,-2441.937,206.631,0.276584,0.657990
1430,2N1P,67.50,0.620000,1.00,-1776.277,85.916,0.404023,0.456540
1431,2N1S,67.50,0.583100,1.00,-1654.178,197.485,0.342512,0.400050
1432,2N24,65.32,0.647600,1.00,-1735.611,159.603,0.697561,0.464210
1433,2N2C,45.35,0.615200,1.00,-2086.640,145.775,0.755021,0.359420
1434,2N2F,53.85,0.495500,1.00,-290.689,81.838,0.368220,0.265940
1435,2N2G,46.21,0.485900,1.00,-1945.077,176.933,0.862037,0.299900
1436,2N2S,43.75,0.453900,1.00,-2108.957,286.328,0.746070,0.262810
1437,2N3P,39.84,0.395100,1.00,-1876.265,206.116,0.797308,0.380730
1438,2N4K,25.58,0.227400,1.00,-1026.115,798.825,1.413704,0.230640
1439,2N4R,52.70,0.471600,1.00,-1968.830,197.672,0.840759,0.361690
1440,2N4S,59.46,0.544900,1.00,-1950.567,233.533,0.688506,0.399980
1441,2N4T,64.86,0.527000,1.00,-2043.412,297.768,0.529661,0.512110
1442,2N4U,57.43,0.535700,1.00,-2275.835,226.969,0.644610,0.422900
1443,2N4V,52.03,0.482900,1.00,-2044.554,215.367,0.645838,0.407210
1444,2N4W,63.51,0.552000,1.00,-2195.788,280.578,0.608874,0.468490
1445,2N58,46.67,0.578100,1.00,-2123.889,94.660,0.748578,0.270190
1446,2N5C,46.67,0.413900,1.00,-760.382,83.190,0.512663,0.249430
1447,2N5J,56.63,0.657500,1.00,-3729.118,142.736,0.995254,0.491610
1448,2N5K,38.79,0.453000,1.00,-1314.975,136.884,0.917483,0.214950
1449,2N5Q,71.30,0.514700,1.00,-1695.161,188.778,0.328967,0.417720
1450,2N5R,89.58,0.674300,1.00,-621.721,59.447,0.168523,0.503870
1451,2N63,40.62,0.421300,1.00,-509.474,164.899,0.542616,0.214240
1452,2N68,36.96,0.568300,1.00,-716.894,122.280,1.096223,0.179420
1453,2N6B,48.53,0.457300,1.00,-1918.325,203.354,0.517798,0.301160
1454,2N6M,83.33,0.664700,1.00,-1076.709,71.659,0.198575,0.339630
1455,2N6N,49.22,0.445500,1.00,-1774.207,242.581,0.642811,0.272230
1456,2N6O,76.43,0.632300,1.00,-2393.392,217.257,0.366240,0.578500
1457,2N6U,28.75,0.397700,1.00,-1240.792,43.448,0.892019,0.125470
1458,2N6V,30.21,0.443000,1.00,-998.241,108.006,0.827275,0.168300
1459,2N7F,51.56,0.440400,1.00,-2582.305,270.156,0.527419,0.311830
1460,2N7I,59.46,0.634100,1.00,-2927.609,97.743,0.605580,0.513670
1461,2N85,48.17,0.404500,1.00,-3234.501,119.118,1.133906,0.446960
1462,2N8B,44.44,0.406400,1.00,-2443.988,188.034,0.733710,0.257770
1463,2N8E,47.79,0.484500,1.00,-1563.377,276.085,0.882250,0.306360
1464,2N8H,67.14,0.520200,1.00,-2101.006,262.722,0.424102,0.457020
1465,2N8S,69.87,0.690000,1.00,-2207.730,195.981,0.826366,0.578160
1466,2N8U,64.10,0.572800,1.00,-1748.302,259.763,0.604779,0.508080
1467,2N92,58.87,0.562300,1.00,-1914.191,70.980,0.718172,0.389500
1468,2N94,43.75,0.403700,1.00,-2877.529,271.710,0.751076,0.356410
1469,2N95,63.27,0.639300,1.00,-2800.539,232.828,0.535892,0.542490
1470,2N9C,47.50,0.431600,1.00,-667.184,115.673,0.560375,0.117440
1471,2N9M,45.31,0.438800,1.00,-509.474,164.899,0.541696,0.193050
1472,2N9N,42.19,0.427500,1.00,-509.474,164.899,0.536157,0.214030
1473,2N9O,78.57,0.731900,1.00,-3017.563,288.239,0.625616,0.679220
1474,2N9T,38.33,0.410800,1.00,-1747.234,191.207,0.635638,0.308490
1475,2N9Z,36.31,0.407300,1.00,-1978.866,330.674,0.753132,0.266690
1476,2NA3,89.58,0.669100,1.00,-774.692,46.965,0.172746,0.484670
1477,2NA8,54.55,0.638000,1.00,-3420.489,161.545,0.599201,0.409170
1478,2NA9,68.18,0.691600,1.00,-3597.543,132.993,0.580262,0.559480
1479,2NAB,39.63,0.420600,1.00,-2258.330,200.084,0.972353,0.265970
1480,2NAE,31.40,0.454000,1.00,-2055.096,184.350,0.943237,0.285440
1481,2NAJ,44.70,0.394300,1.00,-2186.396,181.138,0.763749,0.290070
1482,2NAL,83.33,0.619100,1.00,-653.396,64.138,0.237670,0.445430
1483,2NAT,39.29,0.498300,1.00,-1983.680,69.985,0.783465,0.220560
1484,2NAU,73.21,0.589700,1.00,-1637.178,70.674,0.311858,0.392180
1485,2NAW,56.41,0.561100,1.00,-2811.122,150.238,0.627780,0.435100
1486,2NB2,82.89,0.690700,1.00,-3270.277,86.815,0.197292,0.676160
1487,2NB5,77.94,0.540900,1.00,-683.894,147.818,0.187870,0.232330
1488,2NB6,62.50,0.570500,1.00,-734.887,158.290,0.296071,0.224630
1489,2NB7,33.82,0.479000,1.00,-556.448,71.891,0.716314,0.234610
1490,2NB8,50.00,0.627200,1.00,-1402.959,156.975,1.047873,0.386790
1491,2NB9,60.20,0.483300,1.00,-3651.941,256.073,0.714072,0.485710
1492,2NC3,74.24,0.682800,1.00,-2173.186,187.700,0.510895,0.528970
1493,2NC4,75.00,0.702700,1.00,-2173.186,187.700,0.548468,0.525770
1494,2NC5,78.03,0.684000,1.00,-2173.186,187.700,0.524084,0.573440
1495,2NC6,77.27,0.707100,1.00,-2173.186,187.700,0.452348,0.568880
1496,2NC7,86.11,0.691600,1.00,-838.520,85.780,0.164924,0.340420
1497,2NCS,69.44,0.637900,1.00,-2441.423,157.456,0.678189,0.544820
1498,2NCT,55.56,0.592400,1.00,-2441.423,157.456,0.622281,0.612830
1499,2NCU,63.10,0.609800,1.00,-1403.931,66.931,0.428615,0.295880
1500,2NCV,59.52,0.554200,1.00,-1536.853,70.949,0.577278,0.262690
1501,2NCW,57.29,0.636700,1.00,-1705.253,90.543,0.515823,0.310270
1502,2NCX,83.33,0.763700,1.00,-1559.815,55.264,0.197239,0.424720
1503,2NCY,64.58,0.623600,1.00,-1493.500,82.352,0.483050,0.373050
1504,2ND2,84.66,0.688400,1.00,-3637.839,149.294,0.159407,0.737900
1505,2ND3,68.42,0.587700,1.00,-2783.257,178.653,0.275901,0.649800
1506,2ND6,72.06,0.618900,1.00,-1051.054,63.990,0.244897,0.315070
1507,2ND7,70.59,0.637000,1.00,-1051.054,63.990,0.346633,0.328340
1508,2ND8,64.71,0.551500,1.00,-1051.054,63.990,0.397897,0.295320
1509,2NDB,48.98,0.428300,1.00,-2925.586,347.960,0.657108,0.421150
1510,2NDC,68.06,0.598800,1.00,-976.779,45.079,0.410253,0.340900
1511,2NDE,47.22,0.472000,1.00,-815.095,88.939,0.494834,0.210750
1512,2NDI,32.07,0.336000,1.00,-2205.856,422.138,1.017416,0.253800
1513,2NDK,38.54,0.454800,1.00,-3065.564,106.006,0.908030,0.338300
1514,2NDL,57.81,0.544900,1.00,-788.712,65.264,0.315572,0.214090
1515,2NDM,59.62,0.530900,1.00,-599.066,91.680,0.330261,0.234740
1516,2NDN,81.25,0.645700,1.00,-698.877,66.597,0.196063,0.316590
1517,2NOR,45.00,0.455900,1.00,-334.723,58.543,0.369061,0.211100
1518,2NOU,70.00,0.566600,1.00,-404.296,55.571,0.370437,0.407780
1519,2NR1,46.30,0.462500,1.00,-1438.675,126.760,0.771884,0.304930
1520,2NS4,46.43,0.475900,1.00,-224.261,129.445,0.899529,0.286170
1521,2NVJ,52.00,0.447300,1.00,-1914.153,102.492,0.578829,0.248380
1522,2NX6,45.37,0.476200,1.00,-1298.772,249.385,0.707555,0.274980
1523,2NX7,49.11,0.445200,1.00,-1239.187,268.605,0.497606,0.224180
1526,2NZ3,53.75,0.479700,1.00,-3358.417,164.991,0.582609,0.431770
1527,2NZZ,36.49,0.483100,1.00,-2739.497,92.850,1.230170,0.240500
1528,2O00,35.81,0.446400,1.00,-2739.497,92.850,1.052765,0.245100
1529,2O0S,54.17,0.415200,1.00,-536.887,97.174,0.377729,0.241160
1530,2OBU,53.57,0.629400,1.00,-2628.314,167.027,0.696570,0.454640
1532,2OJM,23.86,0.365300,1.00,-717.376,133.902,0.872649,0.114210
1533,2OJN,31.82,0.427600,1.00,-888.169,138.851,0.738775,0.158380
1534,2OJO,86.36,0.773000,1.00,-1561.047,33.727,0.125845,0.398860
1535,2OP7,49.36,0.505100,1.00,-2391.691,172.039,0.681564,0.352260
1536,2OQ9,43.75,0.580900,1.00,-1017.754,100.498,0.537653,0.191030
1537,2ORU,73.75,0.597500,1.00,-1062.182,93.659,0.281278,0.227810
1538,2OVN,86.76,0.674900,1.00,-1066.742,45.101,0.204978,0.476090
1539,2OYV,44.23,0.407300,1.00,-467.288,114.259,0.692345,0.286430
1540,2OYW,46.15,0.404100,1.00,-467.288,114.259,0.766002,0.230860
1541,2P4L,30.43,0.334000,1.00,-2811.035,347.958,1.056453,0.282950
1542,2P5J,57.35,0.514500,1.00,-768.569,86.518,0.575845,0.213550
1543,2P81,66.48,0.549300,1.00,-3456.306,147.187,0.408959,0.564410
1544,2PCO,76.92,0.645900,1.00,-1532.462,92.785,0.346041,0.539770
1545,2PDD,40.12,0.501100,1.00,-2947.572,134.799,0.925628,0.328640
1546,2PDE,28.49,0.375900,1.00,-2947.572,134.799,0.911326,0.272400
1547,2PJV,40.32,0.423800,1.00,-840.059,226.186,0.853270,0.228290
1548,2PO8,72.06,0.588400,1.00,-1750.100,260.406,0.542875,0.543290
1549,2PPZ,70.14,0.607800,1.00,-3095.680,130.505,0.282275,0.494410
1550,2PTA,62.86,0.535400,1.00,-2100.871,365.587,0.410764,0.385140
1551,2PV6,67.05,0.575600,1.00,-1896.518,85.836,0.374156,0.315200
1552,2RLG,80.56,0.582000,1.00,-870.940,95.813,0.370850,0.350210
1553,2RLH,75.00,0.602800,1.00,-870.940,95.813,0.318170,0.258070
1554,2RLJ,43.75,0.475200,1.00,-566.675,76.158,0.452746,0.091430
1555,2RLW,70.59,0.660100,1.00,-1789.801,108.403,0.434386,0.528950
1556,2RME,45.39,0.592200,1.00,-2842.545,75.905,0.635307,0.292230
1557,2RMF,66.88,0.689000,1.00,-2987.099,98.655,0.440365,0.613190
1558,2RMG,51.97,0.669500,1.00,-2586.489,102.519,0.461640,0.358890
1559,2RMH,57.24,0.688500,1.00,-2707.725,93.639,0.747793,0.552580
1560,2RMI,77.50,0.729400,1.00,-2395.933,58.722,0.193415,0.626620
1561,2RMV,50.96,0.402800,1.00,-1902.860,91.309,0.771799,0.271400
1562,2RMW,40.38,0.368400,1.00,-1888.912,95.246,0.820673,0.220740
1563,2RMY,60.29,0.596500,1.00,-2018.776,134.374,0.545233,0.481300
1564,2RMZ,80.81,0.740000,1.00,-3165.411,89.250,0.392953,0.684080
1565,2RN0,67.44,0.700400,1.00,-3165.411,89.250,0.511195,0.606410
1566,2RND,58.09,0.569500,1.00,-2018.776,134.374,0.519655,0.546610
1567,2ROO,33.72,0.344400,1.00,-3185.919,226.505,0.665966,0.275150
1568,2RPS,57.81,0.596500,1.00,-1518.182,173.611,0.590806,0.353990
1570,2RQ2,65.83,0.623900,1.00,-1658.375,92.383,0.487714,0.461770
1571,2RQZ,38.16,0.419000,1.00,-2477.774,210.606,0.760129,0.282260
1572,2RR0,38.82,0.419800,1.00,-2477.774,210.606,0.725066,0.311360
1573,2RR2,39.47,0.405900,1.00,-2477.774,210.606,0.747957,0.308110
1574,2RRH,73.28,0.678800,1.00,-2165.973,71.621,0.290359,0.531160
1575,2RRI,72.41,0.709800,1.00,-2165.973,71.621,0.260458,0.471190
1576,2RRS,50.00,0.535400,1.00,-736.112,111.688,0.760097,0.209500
1577,2RSH,45.95,0.466600,1.00,-1807.569,236.001,0.585187,0.347390
1578,2RSW,48.61,0.461500,1.00,-790.129,95.959,0.465001,0.187780
1579,2RT4,51.00,0.530600,1.00,-960.820,143.487,0.811585,0.154980
1580,2RTY,88.33,0.672500,1.00,-1874.824,168.334,0.197725,0.666120
1581,2RTZ,78.45,0.609700,1.00,-2228.527,105.095,0.269088,0.491680
1582,2RU0,72.22,0.559600,1.00,-2710.816,190.534,0.383059,0.565160
1583,2RUM,36.84,0.430100,1.00,-759.650,118.768,0.629694,0.112230
1584,2RUN,62.50,0.562800,1.00,-1119.131,111.624,0.496144,0.274240
1585,2RUO,71.88,0.565600,1.00,-867.126,84.916,0.441863,0.395770
1586,2RUT,76.39,0.687200,1.00,-2214.837,225.530,0.386225,0.626410
1587,2RUU,61.11,0.559400,1.00,-1875.414,165.380,0.776543,0.405210
1588,2RUV,41.89,0.473600,1.00,-1807.569,236.001,0.683041,0.383750
1589,2RUW,80.41,0.739900,1.00,-1953.777,168.996,0.363646,0.645940
1590,2RUX,75.69,0.658800,1.00,-2066.426,186.374,0.386314,0.616230
1591,2RUY,33.11,0.378900,1.00,-1851.184,170.810,1.258925,0.293500
1592,2RUZ,32.24,0.364400,1.00,-1578.600,261.440,1.163584,0.282650
1593,2RV0,62.16,0.577800,1.00,-1959.501,190.962,0.336281,0.382080
1594,2RV1,53.38,0.477300,1.00,-1880.354,297.617,0.599743,0.369550
1595,2RV2,46.53,0.461900,1.00,-2047.185,191.437,0.925345,0.343020
1596,2RV3,45.14,0.450200,1.00,-1371.812,179.760,0.848401,0.308320
1597,2RV4,83.11,0.726400,1.00,-2024.006,179.481,0.307138,0.674150
1598,2RV5,47.14,0.400100,1.00,-2137.504,136.466,1.028110,0.319150
1599,2RVD,82.50,0.608900,1.00,-395.056,54.771,0.134315,0.394330
1600,2SH1,26.04,0.330200,1.00,-2778.509,299.822,0.893391,0.272640
1601,2V1V,60.34,0.507200,1.00,-1819.985,163.805,0.441482,0.322560
1602,2VY4,47.30,0.492000,1.00,-2231.583,169.456,1.163179,0.312670
1603,2VY5,47.30,0.495300,1.00,-2231.583,169.456,1.140741,0.321620
1604,2W0T,51.74,0.449500,1.00,-2679.419,252.473,0.812051,0.400510
1605,2W9O,26.09,0.323100,1.00,-2469.497,485.667,1.171956,0.247600
1606,2W9U,28.26,0.317000,1.00,-2446.033,392.671,1.078132,0.235500
1607,2W9V,25.00,0.299000,1.00,-2130.524,815.108,1.066877,0.231760
1608,2W9W,26.70,0.319100,1.00,-2119.488,567.521,1.081792,0.247080
1609,2WH9,60.42,0.542300,1.00,-2289.365,232.823,0.424772,0.382500
1610,2WXC,54.79,0.632600,1.00,-3091.504,176.368,0.537445,0.366810
1611,2XL1,64.58,0.637400,1.00,-1611.075,68.728,0.880492,0.389640
1612,2YRH,50.57,0.573700,1.00,-1753.034,213.660,0.602557,0.406740
1613,2YRJ,38.59,0.399900,1.00,-1836.099,249.645,0.915713,0.285830
1614,2YRM,45.35,0.566900,1.00,-1980.433,177.923,0.687571,0.330470
1615,2YSB,59.69,0.560700,1.00,-2522.662,253.879,0.825985,0.500960
1616,2YSC,53.21,0.500100,1.00,-1958.215,158.011,0.996788,0.430500
1617,2YSF,40.00,0.452800,1.00,-2139.680,245.185,1.199052,0.356260
1618,2YSG,56.88,0.626600,1.00,-2301.767,223.336,1.228279,0.483890
1619,2YSH,62.50,0.627300,1.00,-1897.133,213.896,0.884556,0.512340
1620,2YSI,53.75,0.541100,1.00,-2011.289,243.949,0.833792,0.386330
1621,2YSO,36.96,0.516100,1.00,-2589.739,209.170,0.978422,0.268100
1622,2YSP,57.07,0.583800,1.00,-2302.672,157.932,0.867638,0.472510
1623,2YSV,48.81,0.516600,1.00,-1815.760,249.187,0.567763,0.338260
1624,2YTA,54.27,0.530900,1.00,-1939.418,192.233,0.746257,0.379840
1625,2YTB,34.52,0.435000,1.00,-1657.132,254.184,1.212109,0.259600
1626,2YTD,35.87,0.422100,1.00,-2033.551,377.588,1.263811,0.236590
1627,2YTE,61.90,0.633000,1.00,-2181.200,182.999,0.863354,0.532350
1628,2YTF,33.15,0.405900,1.00,-2039.215,238.820,0.955097,0.266150
1629,2YTG,33.70,0.404400,1.00,-1810.380,370.728,1.280800,0.288910
1630,2YTH,39.13,0.445200,1.00,-1691.290,272.258,0.999440,0.293050
1631,2YTI,47.83,0.527000,1.00,-1810.547,262.415,0.749650,0.279240
1632,2YTJ,35.33,0.409800,1.00,-2079.877,282.372,1.428074,0.211000
1633,2YTK,44.57,0.444200,1.00,-2290.030,297.477,0.886230,0.338680
1634,2YTM,33.15,0.343400,1.00,-1891.988,280.400,1.000187,0.237650
1635,2YTN,33.70,0.425600,1.00,-1913.830,263.617,1.145416,0.293980
1636,2YTO,34.24,0.394800,1.00,-1576.211,235.343,1.614027,0.313840
1637,2YTP,42.39,0.406500,1.00,-1826.429,277.021,1.637153,0.331080
1638,2YTQ,57.07,0.566300,1.00,-2339.823,196.008,1.130811,0.482100
1639,2YTR,55.98,0.641900,1.00,-2198.935,246.608,0.775847,0.479540
1640,2YTS,61.41,0.671600,1.00,-2054.740,272.020,0.681285,0.487210
1641,2YTT,42.39,0.396000,1.00,-2314.291,334.413,0.939924,0.260180
1642,2YU5,42.05,0.494400,1.00,-2341.676,277.240,0.727758,0.385170
1643,2YU8,39.13,0.515900,1.00,-1845.996,256.838,0.897157,0.295610
1644,2YYF,43.33,0.508600,1.00,-511.696,114.531,0.658566,0.174200
1645,2Z3S,55.77,0.499400,1.00,-2795.343,234.057,0.441043,0.481770
1646,2ZAJ,58.67,0.622400,1.00,-2527.872,307.671,0.919804,0.508250
1647,2ZNF,70.83,0.579300,1.00,-769.948,108.090,0.347945,0.266920
1648,3BBG,34.38,0.359800,1.00,-2944.788,238.390,0.777746,0.345990
1649,3CMH,40.00,0.473200,1.00,-546.098,119.969,0.587612,0.189370
1650,3CTI,60.34,0.506300,1.00,-1802.912,202.290,0.390398,0.298510
1651,3LEU,35.81,0.388000,1.00,-1743.196,378.383,0.952665,0.281310
1652,3MRA,85.00,0.732100,1.00,-1825.819,57.344,0.160803,0.707790
1653,3ZNF,39.17,0.459400,1.00,-1373.637,167.585,0.786606,0.277630
1654,4A24,35.11,0.393500,1.00,-2589.581,554.134,0.938588,0.280400
1655,4APD,57.26,0.563700,1.00,-2108.629,60.272,0.520295,0.429560
1656,4B19,70.00,0.727800,1.00,-2266.940,94.011,0.343891,0.411750
1658,4B2U,29.86,0.349600,1.00,-2190.945,332.372,0.783229,0.333120
1659,4B2V,66.41,0.531700,1.00,-1874.274,268.873,0.308430,0.399260
1660,4BMF,41.45,0.408900,1.00,-1973.358,480.339,0.801492,0.309570
1661,4CYK,43.29,0.460000,1.00,-2091.480,257.896,0.693709,0.282670
1662,4ZNF,37.50,0.448000,1.00,-1373.637,167.585,0.803477,0.296530
1663,5A4H,33.97,0.454700,1.00,-1741.131,195.084,0.813000,0.192340
1664,5AAY,39.17,0.411700,1.00,-1781.955,162.636,0.816626,0.295340
1665,5AAZ,85.16,0.739800,1.00,-2132.937,139.598,0.216711,0.650230
1666,5AHT,71.51,0.695400,1.00,-2487.320,205.388,0.407453,0.591800
1667,5FZV,46.88,0.439800,1.00,-2113.451,235.839,0.524098,0.254440
1668,5FZW,28.03,0.383200,1.00,-2171.373,240.177,0.810774,0.210860
1669,5FZX,45.83,0.403400,1.00,-2309.138,276.238,0.778655,0.332290
1671,5GSF,45.37,0.409200,1.00,-1820.512,281.489,0.509723,0.252700
1672,5GVO,51.39,0.430900,1.00,-943.863,183.970,0.598389,0.164820
1673,5H1H,59.38,0.515100,1.00,-560.445,110.607,0.440296,0.192070
1674,5H1I,41.67,0.483400,1.00,-570.196,101.006,0.791517,0.170750
1675,5H2S,55.00,0.457100,1.00,-1428.562,80.699,0.648160,0.374920
1676,5I1X,51.39,0.385200,1.00,-2086.387,338.529,0.727752,0.305730
1677,5I2P,86.81,0.646800,1.00,-2277.529,239.211,0.203801,0.711460
1678,5ID5,29.00,0.327400,1.00,-1069.300,312.103,0.847718,0.169660
1679,5IJ4,73.47,0.634800,1.00,-3462.611,263.532,0.405730,0.681300
1680,5ION,82.76,0.720700,1.00,-2086.004,101.046,0.177583,0.583560
1681,5IPO,43.23,0.398000,1.00,-2903.444,217.468,0.880310,0.372980
1682,5J8T,43.62,0.446700,1.00,-2814.994,255.439,0.890701,0.400980
1683,5JHI,96.43,0.767300,1.00,-2470.291,170.936,0.077036,0.847290
1684,5JI4,72.30,0.636200,1.00,-2755.010,157.081,0.311992,0.533450
1685,5JPL,48.53,0.414800,1.00,-782.131,111.944,0.614231,0.204510
1686,5JPX,58.89,0.465200,1.00,-2777.352,304.088,0.762152,0.491770
1687,5JYH,50.57,0.425600,1.00,-2610.485,270.646,0.694749,0.431760
1688,5KGY,86.36,0.659100,1.00,-1757.948,43.473,0.173825,0.430660
1689,5KGZ,40.34,0.460800,1.00,-3078.417,129.730,0.630790,0.356720
1690,5KHB,80.95,0.667800,1.00,-1397.504,49.599,0.232324,0.395070
1691,5KI0,43.42,0.500100,1.00,-150.763,94.910,0.563059,0.142900
1692,5KKM,82.95,0.690000,1.00,-1373.175,109.305,0.180929,0.379910
1693,5KVN,94.44,0.745400,1.00,-1978.163,205.950,0.094562,0.685060
1694,5KWO,79.81,0.579300,1.00,-1638.519,146.987,0.250539,0.493170
1695,5KWX,45.00,0.466700,1.00,-1078.500,172.990,0.829079,0.230440
1696,5KWZ,84.62,0.658900,1.00,-1711.841,88.841,0.153265,0.492480
1697,5KX0,58.65,0.417300,1.00,-1884.075,91.681,0.459244,0.389440
1698,5KX1,62.50,0.474000,1.00,-1151.273,107.101,0.355995,0.274420
1699,5KX2,40.28,0.525900,1.00,-638.698,107.715,1.175928,0.194940
1700,5L1C,80.56,0.652900,1.00,-2471.605,191.249,0.190456,0.602980
1701,5L82,53.38,0.483500,1.00,-2552.841,149.171,0.568057,0.296040
1702,5LAH,31.67,0.357100,1.00,-3227.838,260.142,0.912975,0.256860
1703,5LBJ,75.71,0.675300,1.00,-2724.039,99.886,0.310439,0.577420
1704,5LCS,37.23,0.375000,1.00,-3166.344,305.954,0.874237,0.307090
1705,5LM0,74.11,0.554100,1.00,-1901.048,122.816,0.219282,0.388840
1706,5LME,70.93,0.584900,1.00,-2156.399,262.984,0.398443,0.580420
1707,5M9U,57.14,0.410500,1.00,-1141.489,189.837,0.562543,0.171350
1708,5N5A,26.35,0.414500,1.00,-986.406,238.450,1.387513,0.204330
1709,5N5B,37.50,0.573600,1.00,-929.023,121.899,0.848780,0.204730
1710,5NAM,64.58,0.692600,1.00,-3677.366,138.287,0.567794,0.559490
1711,5NAO,67.86,0.723800,1.00,-2717.621,51.236,0.547313,0.635800
1712,5NDA,88.64,0.751000,1.00,-2206.140,77.456,0.151039,0.647800
1713,5NVB,58.33,0.549400,1.00,-694.918,64.894,0.324343,0.295490
1714,5OAP,76.39,0.709700,1.00,-789.564,69.697,0.350035,0.436170
1715,5T3M,67.86,0.551700,1.00,-2176.655,266.769,0.269080,0.414660
1716,5T42,38.30,0.450500,1.00,-3187.602,270.192,0.917938,0.308060
1717,5T4R,47.86,0.427900,1.00,-2345.935,323.415,0.581312,0.252710
1718,5T7Q,67.86,0.599000,1.00,-1007.386,90.280,0.484616,0.394040
1719,5TCZ,39.84,0.412900,1.00,-1733.318,253.956,0.647324,0.284970
1720,5TJ1,35.53,0.461700,1.00,-782.242,90.402,1.089721,0.188830
1721,5TX8,90.18,0.671400,1.00,-2102.551,81.655,0.213858,0.704400
1722,5UG3,57.89,0.486700,1.00,-818.428,114.168,0.397177,0.218180
1723,5UG5,69.74,0.541600,1.00,-1131.027,104.720,0.393407,0.247790
1724,5UI6,38.89,0.435800,1.00,-729.212,78.106,0.719235,0.156960
1725,5UI7,42.11,0.435300,1.00,-772.520,89.065,0.615545,0.198270
1726,5UJG,56.25,0.516300,1.00,-1172.944,161.624,0.495890,0.244860
1727,5UJH,43.48,0.432400,1.00,-1180.579,170.411,0.742620,0.170170
1728,5UJQ,51.72,0.498400,1.00,-2070.654,78.433,0.627879,0.407360
1729,5UJR,30.30,0.304200,1.00,-1498.892,150.348,1.389393,0.231470
1730,5UKZ,35.80,0.329600,1.00,-2631.694,360.007,0.963921,0.273750
1731,5UOI,86.63,0.660800,1.00,-3724.907,173.459,0.201804,0.772310
1732,5UP5,82.50,0.647200,1.00,-3339.151,235.687,0.178832,0.670660
1733,5UY2,42.50,0.496700,1.00,-1016.781,129.082,0.604888,0.101750
1734,5UZL,28.79,0.488400,1.00,-1160.728,244.692,1.136859,0.219580
1735,5V0Y,63.10,0.474700,1.00,-1435.038,143.941,0.712365,0.286780
1736,5V11,63.10,0.522700,1.00,-1036.839,144.644,0.649250,0.278450
1737,5V2B,57.50,0.571800,1.00,-945.185,108.876,0.439136,0.150390
1738,5V4C,41.18,0.476300,1.00,-332.499,86.590,0.684367,0.154510
1739,5V4U,41.88,0.447300,1.00,-2826.397,155.218,1.499119,0.387930
1740,5VAV,82.14,0.655700,1.00,-596.414,72.425,0.155908,0.259880
1741,5VFW,56.00,0.558300,1.00,-1517.202,107.017,0.511709,0.276670
1742,5VL6,30.88,0.427800,1.00,-339.064,88.722,0.770800,0.119150
1743,5VR5,53.75,0.550700,1.00,-1080.008,106.914,0.413259,0.121690
1744,5W54,52.00,0.405500,1.00,-1137.363,161.269,0.603836,0.246100
1745,5W9F,70.12,0.594400,1.00,-2961.729,215.950,0.303522,0.599920
1746,5WCV,40.52,0.393000,1.00,-1710.029,191.264,0.814671,0.235850
1747,5WE3,66.18,0.536900,1.00,-2327.248,311.578,0.356337,0.451020
1748,5WOD,80.26,0.726200,1.00,-2967.890,71.535,0.170836,0.617510
1749,5WOV,79.41,0.672700,1.00,-2021.330,170.019,0.328878,0.636620
1750,5WOW,67.31,0.568900,1.00,-2356.612,246.846,0.498097,0.523910
1751,5WRX,55.77,0.501800,1.00,-468.005,109.726,0.375249,0.219870
1752,5WUZ,31.98,0.426600,1.00,-2439.601,434.896,0.868240,0.251850
1753,5WXE,78.57,0.607000,1.00,-1995.063,204.953,0.214022,0.450530
1754,5WYE,48.44,0.429100,1.00,-509.474,164.899,0.461107,0.253650
1755,5X34,51.39,0.470000,1.00,-1967.823,346.776,0.698751,0.383390
1756,5X35,51.39,0.465300,1.00,-1967.823,346.776,0.705113,0.400290
1757,5X36,50.69,0.469300,1.00,-1967.823,346.776,0.695827,0.400970
1758,5X37,50.69,0.467700,1.00,-1967.823,346.776,0.703771,0.381610
1759,5X38,50.69,0.464900,1.00,-1967.823,346.776,0.699585,0.390720
1760,5X39,57.64,0.514000,1.00,-2199.995,309.792,0.545638,0.456430
1761,5X3C,48.61,0.444500,1.00,-2057.817,215.651,0.728988,0.427690
1762,5X3L,77.50,0.589800,1.00,-1177.681,60.149,0.341636,0.325520
1763,5XA6,36.18,0.352300,1.00,-2103.232,200.382,0.704351,0.268250
1764,5XBD,46.53,0.410000,1.00,-1733.996,561.091,0.538706,0.283740
1765,5XDI,46.88,0.435600,1.00,-2139.111,368.212,0.506083,0.352290
1766,5XDJ,78.57,0.695600,1.00,-1076.709,71.659,0.240754,0.412560
1767,5XEK,69.64,0.584100,1.00,-3049.008,225.559,0.353465,0.535770
1768,5XIV,38.75,0.387900,1.00,-1400.897,51.777,0.594019,0.198950
1769,5XM4,39.71,0.545500,1.00,-536.282,72.467,1.247566,0.220020
1770,5XNG,89.71,0.738600,1.00,-1418.962,41.168,0.106065,0.461870
1771,5XO3,50.00,0.432900,1.00,-500.438,158.090,0.530332,0.166150
1772,5XO4,55.95,0.446900,1.00,-680.681,157.155,0.410780,0.182340
1773,5XO5,50.00,0.401500,1.00,-507.832,174.402,0.564858,0.145370
1774,5XRX,52.94,0.515600,1.00,-1418.962,41.168,0.589755,0.281210
1775,5Y0H,67.86,0.503300,1.00,-1179.961,99.471,0.464613,0.298650
1776,5Y0I,66.67,0.457000,1.00,-1116.397,144.054,0.724912,0.260540
1777,5Y0J,27.38,0.281200,1.00,-1540.948,90.934,0.680002,0.129340
1778,5Y22,44.32,0.459600,1.00,-898.261,162.100,0.595252,0.207840
1779,5Y3U,39.77,0.458600,1.00,-898.261,162.100,0.714860,0.216160
1780,5YKK,65.28,0.540600,1.00,-980.066,80.101,0.414818,0.277630
1781,5YKL,63.16,0.487000,1.00,-1308.616,68.537,0.320530,0.245650
1782,5YKQ,63.16,0.532500,1.00,-971.919,102.383,0.359545,0.294870
1783,5YZ6,48.47,0.467900,1.00,-3148.690,308.024,0.914611,0.464010
1784,5YZK,50.00,0.504100,1.00,-3405.423,247.545,0.895740,0.442680
1785,5Z1Y,60.71,0.466600,1.00,-1089.984,85.976,0.437990,0.215730
1786,5Z26,61.11,0.516600,1.00,-595.948,128.629,0.432080,0.210210
1787,5Z2O,94.44,0.726200,1.00,-1087.571,35.098,0.170977,0.550940
1788,5Z31,40.28,0.452200,1.00,-612.803,130.830,0.553884,0.221600
1789,5Z32,48.61,0.422300,1.00,-650.897,78.801,0.510513,0.220690
1790,5Z5W,50.00,0.453100,1.00,-481.514,85.363,0.454610,0.214720
1791,5Z5X,70.83,0.569100,1.00,-1300.493,39.513,0.361275,0.331820
1792,5ZCN,32.14,0.411400,1.00,-1067.205,65.579,0.867744,0.163720
1793,5ZNF,47.50,0.519000,1.00,-1712.797,149.830,1.010189,0.365460
1794,5ZV6,57.50,0.477200,1.00,-1357.251,273.548,0.372641,0.288920
1795,5ZYX,48.75,0.503600,1.00,-1117.742,89.036,0.532881,0.340970
1796,6A5J,76.92,0.645800,1.00,-530.400,36.608,0.280630,0.352430
1797,6A8Y,51.92,0.507900,1.00,-1438.982,159.835,0.442719,0.293660
1798,6AAB,51.19,0.475500,1.00,-680.681,157.155,0.524079,0.198060
1799,6AFQ,51.19,0.436000,1.00,-500.438,158.090,0.549360,0.171710
1800,6AHZ,52.14,0.596500,1.00,-2240.784,128.724,0.763455,0.369280
1801,6AK0,35.71,0.381800,1.00,-1142.339,190.277,0.634123,0.121600
1802,6AX2,33.15,0.332700,1.00,-3018.146,286.293,0.971408,0.222930
1803,6B3U,68.12,0.722900,1.00,-3449.981,107.535,0.294944,0.587820
1804,6B5W,31.58,0.471000,1.00,-782.242,90.402,1.096811,0.143250
1805,6B9K,67.50,0.554700,1.00,-411.102,41.523,0.261966,0.345360
1806,6B9W,67.65,0.544700,1.00,-2669.169,199.983,0.618862,0.485560
1807,6BAM,52.94,0.442100,1.00,-2283.045,184.667,0.515145,0.294750
1808,6BB6,76.47,0.611700,1.00,-2475.111,130.838,0.317475,0.601140
1809,6BEQ,52.50,0.498200,1.00,-297.783,48.781,0.502906,0.334180
1810,6BET,70.83,0.541100,1.00,-419.723,85.605,0.280920,0.130130
1811,6BEU,51.79,0.514300,1.00,-660.163,86.741,0.471650,0.184780
1812,6BI5,73.39,0.573800,1.00,-2248.362,158.025,0.523944,0.563100
1813,6BJF,51.92,0.483900,1.00,-600.081,107.044,0.486669,0.276440
1814,6BUC,56.94,0.436000,1.00,-1847.930,242.671,0.489668,0.353520
1815,6BVU,53.57,0.422600,1.00,-579.738,80.314,0.435534,0.175620
1816,6BVW,53.57,0.466100,1.00,-579.738,80.314,0.511007,0.152910
1817,6BVX,50.00,0.513600,1.00,-723.494,85.730,0.551082,0.251800
1818,6BX9,51.67,0.463800,1.00,-571.470,113.565,0.478727,0.165380
1819,6CEG,36.67,0.382700,1.00,-1807.591,180.569,0.858121,0.213500
1820,6CEI,41.41,0.416700,1.00,-2002.642,242.333,0.539437,0.347320
1821,6CEJ,55.36,0.418900,1.00,-354.790,102.076,0.376873,0.202570
1822,6CFA,72.37,0.620600,1.00,-991.628,108.127,0.272765,0.304670
1823,6CFB,56.45,0.461000,1.00,-1682.119,203.697,0.709633,0.372260
1824,6CGW,35.34,0.414400,1.00,-1423.602,302.031,0.958508,0.285420
1825,6CGX,51.14,0.491400,1.00,-893.372,181.823,0.552313,0.215100
1826,6CHC,32.50,0.375400,1.00,-1768.728,244.569,0.809003,0.193260
1829,6CJ8,67.65,0.531400,1.00,-1039.662,94.772,0.394859,0.292230
1830,6CKD,47.22,0.442500,1.00,-2362.786,210.768,0.654846,0.271880
1831,6CKF,46.53,0.441000,1.00,-2362.786,210.768,0.680198,0.249480
1832,6CMH,41.67,0.417900,1.00,-838.929,117.939,0.708355,0.148870
1833,6COO,70.59,0.584300,1.00,-968.274,68.044,0.320702,0.223810
1834,6COP,77.94,0.618800,1.00,-1190.876,45.244,0.251491,0.395270
1835,6COQ,76.47,0.613800,1.00,-1065.722,63.065,0.300749,0.308560
1836,6COR,77.94,0.626400,1.00,-957.146,49.366,0.252778,0.328900
1837,6COS,61.76,0.504900,1.00,-1039.662,94.772,0.408011,0.267800
1838,6COT,70.59,0.590500,1.00,-1056.431,80.481,0.351824,0.348840
1839,6COU,66.18,0.518200,1.00,-877.134,91.673,0.443834,0.380230
1840,6COV,64.71,0.558200,1.00,-1056.431,80.481,0.429557,0.379240
1841,6COW,69.12,0.514600,1.00,-1039.662,94.772,0.408335,0.280170
1842,6CSK,77.63,0.684800,1.00,-906.562,88.307,0.219969,0.355460
1843,6CSZ,86.84,0.727200,1.00,-947.163,50.552,0.234513,0.506870
1844,6CT1,71.05,0.623700,1.00,-1077.794,68.047,0.383667,0.356570
1845,6CT4,84.21,0.700200,1.00,-1165.762,69.722,0.281749,0.512900
1846,6D3T,96.67,0.766200,1.00,-2053.979,107.719,0.074172,0.811140
1847,6D8H,93.75,0.753500,1.00,-2161.929,121.300,0.141729,0.771830
1848,6D8Q,96.77,0.809100,1.00,-2086.518,106.311,0.085029,0.840010
1849,6D8R,90.32,0.719000,1.00,-2118.139,107.115,0.145725,0.743600
1850,6D8S,95.97,0.726700,1.00,-2121.631,102.837,0.090770,0.775420
1851,6D8T,94.35,0.750500,1.00,-2151.764,120.091,0.116608,0.731810
1852,6D8U,95.97,0.734300,1.00,-2077.293,110.579,0.091572,0.787130
1853,6D8Y,92.74,0.702700,1.00,-2000.104,112.253,0.162809,0.745780
1854,6D93,92.74,0.761700,1.00,-1815.201,277.915,0.125310,0.733170
1855,6D9O,94.35,0.732000,1.00,-2172.800,113.584,0.125357,0.764580
1856,6D9P,95.97,0.760200,1.00,-2133.958,104.500,0.083342,0.777240
1857,6DHR,75.86,0.633900,1.00,-1927.503,355.202,0.350278,0.486160
1858,6DMZ,62.77,0.510700,1.00,-3156.239,237.250,0.529257,0.590260
1859,6DST,61.54,0.596200,1.00,-1768.051,71.812,0.390939,0.328030
1860,6DZ9,39.29,0.466700,1.00,-437.196,62.747,0.829284,0.241950
1861,6DZA,50.00,0.486800,1.00,-425.744,120.155,0.756404,0.157410
1862,6DZB,37.50,0.415500,1.00,-544.156,103.878,0.829930,0.201010
1863,6DZC,37.50,0.342200,1.00,-603.701,95.345,0.871203,0.163070
1864,6DZE,53.12,0.459600,1.00,-514.183,91.073,0.687737,0.284220
1865,6E1L,58.33,0.529700,1.00,-1329.788,167.481,0.417271,0.267840
1867,6EFE,71.30,0.632100,1.00,-1980.214,195.468,0.229810,0.368180
1868,6ENA,41.13,0.399600,1.00,-1359.010,363.965,0.778998,0.213920
1869,6F46,47.86,0.549600,1.00,-2514.889,73.675,0.830074,0.392340
1870,6F61,70.97,0.542700,1.00,-1642.681,179.395,0.431634,0.513970
1871,6FGM,77.08,0.557200,1.00,-537.898,70.755,0.239504,0.381000
1872,6FS4,63.71,0.618300,1.00,-2197.526,94.264,0.526143,0.520610
1873,6FS5,49.36,0.558100,1.00,-2944.904,125.131,0.821543,0.471460
1874,6G4I,82.29,0.723500,1.00,-1552.831,83.598,0.158786,0.378800
1875,6G4K,77.08,0.739400,1.00,-1552.831,83.598,0.284843,0.447820
1876,6G4U,62.50,0.703200,1.00,-1552.831,83.598,0.483249,0.395190
1877,6G4V,63.54,0.611500,1.00,-1486.243,86.879,0.380047,0.367990
1878,6G4X,61.46,0.637200,1.00,-1486.243,86.879,0.506200,0.314010
1880,6GIF,68.33,0.695500,1.00,-1985.677,115.319,0.345849,0.442730
1881,6GIG,50.83,0.516000,1.00,-1960.315,130.522,0.603236,0.298550
1882,6GIJ,76.67,0.594500,1.00,-744.225,31.841,0.324307,0.296440
1883,6GIK,61.54,0.546300,1.00,-610.056,46.470,0.363625,0.327250
1884,6GIL,44.23,0.522600,1.00,-478.164,50.884,0.504999,0.186630
1885,6GNZ,62.96,0.646800,1.00,-1546.446,133.669,0.455046,0.422140
1886,6GO0,75.96,0.710400,1.00,-1259.532,58.158,0.281295,0.500190
1887,6GS5,78.85,0.572900,1.00,-792.402,75.168,0.245577,0.358950
1888,6GS9,90.62,0.758500,1.00,-900.171,31.731,0.133313,0.515020
1889,6HH0,66.00,0.665800,1.00,-1618.989,48.232,0.369198,0.322000
1890,6HN9,37.12,0.343800,1.00,-1718.653,254.363,0.918150,0.230130
1891,6HT4,62.50,0.602200,1.00,-884.927,102.746,0.409466,0.236240
1892,6HZ2,69.44,0.695000,1.00,-1722.799,42.256,0.241873,0.427280
1893,6IHA,56.67,0.651500,1.00,-1324.444,185.882,0.411812,0.328700
1894,6ITH,81.71,0.708400,1.00,-3208.441,82.281,0.454050,0.716500
1895,6J12,39.29,0.488100,1.00,-1983.680,69.985,0.843522,0.313560
1896,6J9P,91.67,0.700000,1.00,-720.316,34.999,0.115017,0.491320
1897,6JI7,63.89,0.498000,1.00,-2559.551,249.510,0.524511,0.411560
1898,6JIC,54.86,0.458500,1.00,-2365.036,226.354,0.533263,0.384010
1899,6K4V,45.00,0.507000,1.00,-1755.065,321.979,0.773526,0.358750
1900,6K4W,34.44,0.443700,1.00,-2302.539,255.321,1.166452,0.275260
1901,6K50,73.12,0.548700,1.00,-2570.084,219.683,0.357976,0.606600
1902,6K51,78.12,0.644300,1.00,-2497.950,244.400,0.242864,0.652820
1903,6KLM,57.35,0.466200,1.00,-2473.785,227.803,0.432997,0.360570
1904,6KRA,48.48,0.378300,1.00,-1953.525,217.136,0.491832,0.279010
1905,6L8R,34.85,0.426000,1.00,-883.222,200.513,1.701620,0.211910
1906,6LF5,60.29,0.610900,1.00,-2314.341,150.371,0.379453,0.333700
1907,6M0Y,89.58,0.626300,1.00,-591.953,66.061,0.194364,0.450650
1908,6M19,35.00,0.470600,1.00,-575.629,60.929,0.942412,0.166090
1909,6M56,31.67,0.250400,1.00,-1955.461,143.177,1.402029,0.180090
1910,6M5C,37.82,0.433100,1.00,-2189.143,245.604,0.708128,0.245490
1911,6MBM,89.06,0.694500,1.00,-945.256,44.115,0.121376,0.386480
1912,6MF8,36.96,0.373400,1.00,-4028.471,176.949,0.779052,0.414600
1913,6MJV,51.56,0.472700,1.00,-1401.987,204.504,0.619952,0.363670
1914,6MK4,34.17,0.380700,1.00,-1975.821,150.783,0.779677,0.316620
1915,6MK5,52.21,0.477100,1.00,-2068.923,245.338,0.611189,0.379900
1916,6MM4,77.27,0.667200,1.00,-1965.838,161.409,0.265455,0.580240
1917,6MW6,52.63,0.410000,1.00,-754.549,79.706,0.644018,0.197660
1918,6MZT,61.49,0.506200,1.00,-1932.978,231.423,0.465579,0.457910
1919,6NK9,85.16,0.663400,1.00,-1753.141,261.086,0.384442,0.671540
1920,6NOM,38.83,0.412200,1.00,-3056.281,271.661,0.662335,0.358680
1921,6NOX,51.79,0.416800,1.00,-690.762,116.020,0.325786,0.162740
1922,6NUG,72.92,0.605900,1.00,-1359.705,255.649,0.290505,0.332980
1923,6NW8,63.89,0.524200,1.00,-1537.310,163.070,0.364457,0.347690
1924,6O3Q,73.98,0.622200,1.00,-3810.325,211.113,0.367537,0.645140
1925,6O3S,70.21,0.643500,1.00,-3350.022,157.074,0.480884,0.600440
1931,6OBK,41.86,0.568300,1.00,-3146.149,142.079,0.834710,0.309910
1932,6OBW,58.82,0.464800,1.00,-878.140,82.921,0.515088,0.281080
1933,6OC2,58.82,0.470100,1.00,-974.612,70.803,0.368531,0.265800
1934,6OC4,52.94,0.535100,1.00,-826.880,73.060,0.449259,0.265080
1935,6OFA,68.94,0.604000,1.00,-2682.182,163.317,0.285530,0.442160
1936,6OLD,60.29,0.544100,1.00,-826.880,73.060,0.455599,0.229570
1937,6OQP,67.31,0.534800,1.00,-620.136,108.407,0.272099,0.239190
1938,6OTA,57.81,0.519000,1.00,-665.697,103.925,0.356555,0.206010
1939,6OTB,55.26,0.508800,1.00,-911.564,107.211,0.501360,0.132950
1940,6OVJ,65.38,0.503200,1.00,-549.683,76.254,0.444798,0.308930
1941,6PIN,43.06,0.316000,1.00,-1132.319,122.635,0.623380,0.140460
1942,6PIO,47.22,0.358000,1.00,-1138.009,89.631,0.619793,0.172170
1943,6PIP,41.67,0.353500,1.00,-1218.529,110.392,0.667304,0.136120
1945,6POR,41.07,0.434400,1.00,-1672.062,166.287,0.604659,0.208830
1946,6PPC,53.79,0.484200,1.00,-1713.187,194.426,0.616118,0.347180
1947,6PX7,47.79,0.470900,1.00,-1763.806,329.430,0.540691,0.284650
1948,6PX8,83.11,0.642300,1.00,-2610.688,181.403,0.191646,0.641580
1949,6Q1X,27.27,0.541500,1.00,-1089.345,170.168,1.383727,0.240770
1950,6Q5Z,62.07,0.518400,1.00,-1691.289,150.501,0.517966,0.390420
1951,6QAX,65.38,0.616800,1.00,-264.298,69.938,0.381481,0.307370
1952,6QB0,57.69,0.631100,1.00,-219.393,69.804,0.478863,0.207160
1953,6QB1,63.46,0.667400,1.00,-199.332,99.657,0.352018,0.252100
1954,6QES,41.25,0.388800,1.00,-2850.811,259.432,0.759359,0.307830
1955,6QET,69.05,0.580200,1.00,-2654.222,220.754,0.350739,0.573590
1956,6QJB,73.75,0.574100,1.00,-2438.702,201.179,0.276571,0.596920
1957,6QKF,63.89,0.557000,1.00,-827.809,104.351,0.406339,0.168660
1958,6R2X,78.00,0.635000,1.00,-1688.802,86.912,0.308280,0.534700
1959,6R95,64.58,0.669700,1.00,-1486.761,80.326,0.352360,0.332230
1960,6R96,57.29,0.663900,1.00,-1486.761,80.326,0.522645,0.357010
1961,6RRL,85.42,0.639100,1.00,-803.489,59.481,0.213265,0.448510
1962,6RRO,47.73,0.414100,1.00,-473.651,65.120,0.523995,0.276400
1963,6RSF,43.00,0.420800,1.00,-1182.566,78.906,0.570007,0.158830
1964,6RSG,44.00,0.451900,1.00,-1144.150,86.923,0.629343,0.223150
1965,6RSM,54.55,0.447400,1.00,-416.141,58.337,0.401384,0.386830
1966,6RY9,45.19,0.534400,1.00,-1128.876,103.529,0.475100,0.278580
1967,6RYQ,35.00,0.451500,1.00,-589.129,125.289,0.625189,0.142590
1968,6RZ1,48.96,0.532100,1.00,-1514.939,36.066,0.572714,0.203740
1969,6RZC,43.00,0.449600,1.00,-1393.756,69.553,0.574166,0.264950
1970,6S2D,48.96,0.543700,1.00,-1194.416,42.432,0.588667,0.236770
1971,6SAA,57.14,0.494700,1.00,-1283.110,242.014,0.389427,0.294620
1972,6SAB,53.68,0.473500,1.00,-2046.161,206.131,0.524326,0.298320
1973,6SFT,32.64,0.387700,1.00,-1592.780,207.632,1.068075,0.239420
1974,6SVC,32.86,0.409400,1.00,-1808.103,242.328,1.195362,0.217130
1975,6SVE,32.86,0.400200,1.00,-1808.103,242.328,1.206625,0.215550
1976,6SVH,32.14,0.404300,1.00,-1808.103,242.328,1.225366,0.196510
1977,6SY2,71.43,0.707800,1.00,-3326.777,303.230,0.290927,0.610880
1978,6SZF,27.38,0.372100,1.00,-2144.268,249.394,1.071400,0.231370
1979,6T33,30.11,0.319700,1.00,-2132.436,451.393,0.906347,0.263930
1980,6TVJ,40.00,0.441600,1.00,-304.505,59.811,0.550739,0.242450
1981,6TWG,94.23,0.705200,1.00,-816.067,63.798,0.187588,0.451940
1982,6U24,53.57,0.542400,1.00,-393.029,73.547,0.484051,0.277060
1983,6U6G,51.39,0.409200,1.00,-2182.651,198.024,0.799984,0.308020
1984,6U7Q,58.93,0.466900,1.00,-493.935,92.815,0.343678,0.302590
1985,6U7R,62.50,0.495600,1.00,-617.574,110.043,0.258707,0.283190
1986,6U7S,50.00,0.453200,1.00,-489.728,99.721,0.404448,0.227450
1987,6U7U,50.00,0.588800,1.00,-394.963,91.459,0.895776,0.281450
1988,6U7W,55.36,0.682600,1.00,-440.533,64.354,1.052069,0.249920
1989,6U7X,48.21,0.570900,1.00,-397.292,74.892,0.859327,0.206840
1990,6UCH,56.71,0.657300,1.00,-2357.021,139.540,0.830697,0.527870
1991,6V1N,63.24,0.539600,1.00,-956.089,81.351,0.435463,0.237480
1992,6V6T,41.43,0.400900,1.00,-2094.758,246.924,1.010390,0.312000
1993,6VE9,50.00,0.461700,1.00,-1425.985,85.059,0.631679,0.272870
1994,6VGT,23.03,0.243100,1.00,-1599.534,189.392,1.422503,0.211050
1995,6VH8,69.44,0.598100,1.00,-2940.665,244.802,0.285890,0.478700
1996,6VLA,88.24,0.703500,1.00,-977.208,46.849,0.123323,0.416740
1997,6VLJ,42.11,0.465600,1.00,-623.418,133.570,0.596605,0.184570
1998,6VNZ,90.32,0.736600,1.00,-2108.624,139.891,0.105656,0.680160
1999,6VPN,34.04,0.362900,1.00,-3445.058,189.574,0.879873,0.258850
2000,6VXG,27.91,0.530300,1.00,-945.173,369.898,1.197279,0.257200
2001,6VY8,55.36,0.524100,1.00,-393.029,73.547,0.481996,0.198550
2002,6WQJ,80.00,0.644400,1.00,-2875.740,80.118,0.229643,0.588210
2003,6WQL,72.96,0.667100,1.00,-3652.368,190.107,0.354494,0.635040
2004,6X7I,81.25,0.673900,1.00,-2102.584,45.292,0.471049,0.681410
2005,6XCR,61.11,0.625400,1.00,-3382.050,114.096,0.409025,0.464790
2006,6XCU,66.67,0.616500,1.00,-3262.313,104.114,0.536370,0.566960
2007,6XN9,29.76,0.352400,1.00,-2179.541,478.169,1.035380,0.232320
2008,6XTH,45.83,0.454700,1.00,-871.518,99.544,0.685341,0.149440
2009,6XTI,39.71,0.360300,1.00,-733.322,88.010,0.591633,0.145010
2010,6XYH,76.25,0.612700,1.00,-2753.874,241.962,0.269485,0.631030
2011,6XYI,61.31,0.536700,1.00,-2544.658,289.391,0.383899,0.496160
2012,6Y1Q,50.00,0.409500,1.00,-639.940,110.858,0.472341,0.215650
2013,6YHF,71.67,0.680800,1.00,-1889.035,73.234,0.291300,0.458040
2014,6YHI,66.67,0.725000,1.00,-2129.919,44.182,0.365404,0.444870
2015,6YHO,65.00,0.724400,1.00,-1951.384,56.552,0.281027,0.401530
2016,6YHP,69.17,0.736500,1.00,-1835.043,57.825,0.272055,0.521750
2017,6YHX,75.00,0.694500,1.00,-1759.645,53.734,0.288336,0.526080
2018,6YJL,55.30,0.630900,1.00,-1513.205,147.507,0.671790,0.275610
2019,6YSE,91.85,0.776600,1.00,-4215.572,114.212,0.102079,0.853140
2020,6Z0G,45.92,0.581100,1.00,-2913.436,237.109,0.742094,0.430150
2021,6Z0H,61.73,0.680700,1.00,-3039.738,175.012,0.544519,0.529720
2022,6Z0I,54.08,0.618700,1.00,-2913.436,237.109,0.681571,0.523280
2023,7ALD,51.25,0.443900,1.00,-1061.451,132.862,0.739427,0.192270
2024,7ASY,70.45,0.601500,1.00,-2388.293,137.338,0.292599,0.431020
2025,7AT7,68.18,0.662600,1.00,-2395.137,109.483,0.501901,0.515920
2026,7ATB,66.67,0.628100,1.00,-2725.094,71.881,0.492695,0.499150
2027,7AY8,42.95,0.387300,1.00,-2642.203,162.891,0.878132,0.312470
2028,7B2F,55.65,0.524300,1.00,-2163.817,97.135,0.767441,0.399780
2029,7BW5,39.71,0.485100,1.00,-508.218,68.491,0.926212,0.219700
2030,7BWI,45.24,0.412300,1.00,-2824.117,306.450,0.854564,0.390480
2031,7BX2,80.36,0.631100,1.00,-560.951,76.746,0.246697,0.356690
2032,7BZ7,40.00,0.410100,1.00,-759.061,93.879,0.637443,0.197090
2033,7BZ8,43.33,0.417000,1.00,-672.887,82.935,0.712516,0.179950
2034,7BZ9,43.33,0.415000,1.00,-647.808,126.483,0.696634,0.163530
2035,7BZA,38.33,0.436400,1.00,-624.477,70.997,0.852187,0.096480
2036,7CCN,35.29,0.485000,1.00,-530.304,94.729,0.805245,0.186090
2037,7CCO,35.29,0.478500,1.00,-530.304,94.729,0.808932,0.186230
2038,7CK5,70.54,0.605100,1.00,-1784.407,88.862,0.481413,0.406960
2039,7CKD,35.90,0.312600,1.00,-2725.146,266.261,0.988464,0.284020
2040,7CKE,54.49,0.480200,1.00,-2725.146,266.261,0.386725,0.395360
2041,7CSS,51.92,0.503100,1.00,-520.232,99.983,0.509094,0.149610
2042,7CU6,46.67,0.429700,1.00,-790.207,89.420,0.660328,0.227510
2043,7D13,82.05,0.740100,1.00,-2448.518,64.740,0.254027,0.697790
2044,7D16,50.00,0.558700,1.00,-2448.518,64.740,0.991447,0.414750
2045,7D37,57.69,0.529500,1.00,-520.232,99.983,0.422068,0.289310
2046,7DEH,73.39,0.675500,1.00,-1914.191,70.980,0.345248,0.503960
2047,7EDK,60.53,0.507600,1.00,-1099.399,115.243,0.408872,0.165790
2048,7EES,38.75,0.571700,1.00,-552.583,116.739,1.256015,0.161250
2049,7ELY,41.35,0.453000,1.00,-1708.765,240.750,0.707332,0.205410
2050,7F32,68.06,0.578800,1.00,-786.654,96.249,0.249646,0.227480
2051,7JIA,59.38,0.502100,1.00,-842.311,187.420,0.400057,0.207040
2052,7JIY,92.71,0.712000,1.00,-1562.543,116.156,0.135614,0.623330
2053,7JNN,28.80,0.333900,1.00,-2860.964,292.853,1.059323,0.301360
2054,7JPM,44.64,0.418700,1.00,-2314.654,438.445,0.681492,0.353790
2055,7JS6,35.00,0.449900,1.00,-547.923,57.647,0.754537,0.175900
2056,7K1M,89.58,0.625700,1.00,-639.927,62.298,0.099975,0.456030
2057,7K7X,40.52,0.433100,1.00,-1870.277,184.186,0.749237,0.200230
2058,7KNN,67.19,0.573100,1.00,-747.269,108.152,0.261391,0.214220
2059,7KPD,67.24,0.538800,1.00,-2137.496,208.055,0.380578,0.370010
2060,7L53,44.64,0.421400,1.00,-1859.247,220.805,0.669642,0.190840
2061,7L54,43.75,0.425000,1.00,-1859.247,220.805,0.662608,0.210520
2062,7L55,48.21,0.361000,1.00,-1859.247,220.805,0.769515,0.241080
2063,7L7A,53.57,0.512700,1.00,-629.202,74.764,0.500172,0.142710
2064,7L83,51.35,0.661300,1.00,-2714.097,123.133,0.939884,0.427810
2065,7LCW,35.00,0.465400,1.00,-617.314,86.847,0.802896,0.193060
2066,7LGL,47.34,0.385900,1.00,-3155.452,218.461,1.026436,0.381160
2067,7LGV,57.29,0.547100,1.00,-3028.661,286.609,0.921336,0.511740
2068,7LHC,38.79,0.481800,1.00,-1744.920,215.121,0.739252,0.234830
2069,7LI2,43.18,0.530500,1.00,-775.370,105.127,0.785894,0.153210
2070,7LIF,42.05,0.490700,1.00,-775.370,105.127,0.590066,0.174210
2071,7LP4,65.96,0.553700,1.00,-3003.029,255.508,0.640016,0.558760
2072,7LQR,53.57,0.493700,1.00,-970.347,151.776,0.502806,0.210910
2073,7LQS,65.00,0.497300,1.00,-638.273,92.687,0.339500,0.193430
2074,7LRW,65.48,0.525900,1.00,-1535.628,106.090,0.458641,0.312960
2075,7LSO,97.22,0.756500,1.00,-1142.695,35.410,0.090240,0.521570
2076,7LSP,84.72,0.683700,1.00,-1142.695,35.410,0.165075,0.473640
2077,7LT7,24.29,0.225700,1.00,-1912.986,177.382,1.736110,0.209750
2078,7LVE,71.81,0.605500,1.00,-3703.885,166.758,0.357167,0.566160
2079,7LVG,51.67,0.538100,1.00,-3471.372,166.766,0.614232,0.438610
2080,7LX4,46.95,0.420700,1.00,-2526.867,329.148,0.588339,0.373190
2081,7LZL,55.41,0.458500,1.00,-2316.443,196.424,0.529816,0.375330
2082,7M1D,46.35,0.420600,1.00,-3059.772,186.789,0.683603,0.375070
2083,7M1E,65.18,0.611400,1.00,-1489.573,113.644,0.415399,0.480330
2084,7M3U,44.44,0.399400,1.00,-1714.892,216.207,0.482355,0.205750
2085,7MJ3,50.57,0.441500,1.00,-3498.193,261.324,0.877873,0.473770
2086,7MY8,35.71,0.441200,1.00,-3267.174,200.062,0.817128,0.298280
2087,7N0T,57.81,0.518700,1.00,-801.606,79.841,0.432705,0.267980
2088,7N21,55.88,0.528600,1.00,-643.402,88.683,0.438992,0.190750
2089,7N23,64.71,0.542200,1.00,-643.402,88.683,0.426432,0.210710
2090,7N25,62.50,0.539600,1.00,-801.606,79.841,0.440214,0.286780
2091,7NIP,50.61,0.585000,1.00,-3615.525,190.255,0.687440,0.393700
2092,7NS1,87.10,0.801700,1.00,-2707.261,47.203,0.180501,0.652990
2093,7OB2,52.50,0.444200,1.00,-171.462,134.473,0.432996,0.132140
2094,7OD2,48.53,0.443200,1.00,-1943.302,208.036,0.525862,0.328180
2095,7OFM,72.50,0.693600,1.00,-1889.328,82.312,0.320865,0.610760
2096,7OFO,73.33,0.727500,1.00,-1889.328,82.312,0.243771,0.621560
2097,7OSC,81.25,0.699200,1.00,-1580.816,90.795,0.233314,0.369030
2099,7P3M,86.54,0.684300,1.00,-642.254,56.896,0.166205,0.362530
2100,7P4X,87.10,0.746300,1.00,-2061.340,72.026,0.194303,0.657190
2101,7P55,80.68,0.662000,1.00,-1665.497,54.873,0.199755,0.294010
2102,7P5G,34.00,0.467700,1.00,-994.140,149.729,0.598908,0.233910
2103,7P5Q,36.00,0.402600,1.00,-1167.186,158.792,0.648995,0.176430
2104,7P5S,30.00,0.366700,1.00,-1093.488,148.058,0.894133,0.168290
2105,7PH8,80.65,0.748000,1.00,-2462.440,69.874,0.237380,0.581510
2106,7PHT,82.50,0.767100,1.00,-2562.055,63.185,0.220643,0.590790
2107,7PL4,66.13,0.605100,1.00,-2051.151,82.503,0.558212,0.479780
2108,7PVB,32.61,0.389900,1.00,-2561.824,344.556,0.931888,0.298390
2109,7PVM,53.23,0.540400,1.00,-1253.827,142.043,0.929564,0.340590
2110,7QAL,45.71,0.441300,1.00,-2314.479,83.742,0.798110,0.305570
2111,7QAM,40.00,0.338500,1.00,-1520.620,320.820,0.995377,0.265340
2112,7QAO,26.43,0.337100,1.00,-1071.539,182.389,1.293971,0.218180
2113,7QAP,45.00,0.646500,1.00,-2077.648,70.724,0.860124,0.345160
2114,7QLF,52.94,0.436700,1.00,-683.563,90.160,0.422738,0.228510
2115,7QXJ,75.89,0.554200,1.00,-1788.992,146.062,0.290348,0.475350
2116,7RC7,38.28,0.401700,1.00,-1771.796,150.059,0.760353,0.243900
2117,7RC8,38.28,0.403700,1.00,-1771.796,150.059,0.755780,0.267540
2118,7RFA,41.38,0.422400,1.00,-1732.062,278.771,0.578836,0.236320
2119,7RN3,72.50,0.569200,1.00,-2028.663,185.293,0.296544,0.475900
2120,7S55,52.42,0.450500,1.00,-2068.096,321.357,0.548331,0.356850
2121,7S7P,35.71,0.377100,1.00,-2130.050,504.934,0.968108,0.373000
2122,7SAG,64.52,0.493400,1.00,-1547.099,217.499,0.642463,0.450960
2123,7SKC,63.24,0.564200,1.00,-2360.731,256.233,0.300929,0.388320
2124,7T6G,56.25,0.441800,1.00,-997.828,54.222,0.457569,0.278310
2125,7T7W,59.09,0.448800,1.00,-281.883,119.033,0.409958,0.291240
2126,7TB9,33.75,0.453900,1.00,-366.593,99.005,0.597164,0.152920
2127,7TH8,56.82,0.449800,1.00,-1786.943,191.391,0.630993,0.346610
2128,7UNX,54.17,0.461700,1.00,-2378.584,224.169,0.862202,0.412000
2129,7UV3,61.98,0.539800,1.00,-3760.394,153.310,0.562567,0.508830
2130,7V5E,45.83,0.430900,1.00,-1032.789,140.368,0.519196,0.189070
2131,7V5F,43.55,0.420800,1.00,-1903.512,311.215,0.790275,0.262630
2132,7VOZ,76.72,0.765200,1.00,-1864.146,44.602,0.291812,0.518260
2133,7VQH,43.06,0.406200,1.00,-650.897,78.801,0.637518,0.159430
2134,7VQI,40.28,0.410400,1.00,-650.897,78.801,0.577170,0.210500
2135,7W8K,40.00,0.456300,1.00,-1255.698,132.447,0.647206,0.210730
2136,7W8O,43.27,0.431200,1.00,-1604.085,227.997,0.665900,0.207570
2137,7W8R,38.46,0.382200,1.00,-1604.085,227.997,0.721549,0.251000
2138,7W8T,46.15,0.432900,1.00,-1122.111,254.686,0.545226,0.181000
2139,7W8Z,61.18,0.549700,1.00,-2467.618,225.432,0.535910,0.391450
2140,7W96,37.04,0.357600,1.00,-712.259,263.524,0.976698,0.232380
2141,7WE3,28.23,0.442900,1.00,-1358.189,176.230,0.840681,0.176180
2142,7WEI,37.10,0.440100,1.00,-1358.189,176.230,0.747693,0.235000
2143,7Y7L,52.22,0.404000,1.00,-3593.940,248.109,0.795336,0.421220
2144,7YAB,49.43,0.445300,1.00,-3275.721,216.565,0.870328,0.339540
2145,7YFS,60.94,0.540400,1.00,-723.333,69.707,0.454089,0.239230
2146,7YHF,51.39,0.445300,1.00,-2231.038,237.270,0.664577,0.416340
2147,7YHG,51.39,0.441500,1.00,-2231.038,237.270,0.673175,0.407210
2148,7YHH,51.39,0.439100,1.00,-2231.038,237.270,0.678320,0.418210
2149,7YHI,50.69,0.472200,1.00,-1967.823,346.776,0.710678,0.384500
2150,7YRV,43.75,0.480400,1.00,-1813.350,177.485,0.648925,0.236930
2151,7YRW,44.35,0.421000,1.00,-1879.673,198.978,0.562961,0.240750
2152,7YRX,33.06,0.430700,1.00,-1015.752,262.278,1.034102,0.181010
2153,7YSS,67.86,0.592000,1.00,-819.243,40.596,0.454007,0.432670
2154,7YYI,82.76,0.716700,1.00,-2160.628,48.966,0.136571,0.503800
2155,7Z07,77.59,0.676900,1.00,-2019.436,84.963,0.215412,0.632890
2156,7Z08,75.86,0.682500,1.00,-2299.216,56.384,0.278591,0.532880
2157,7Z0B,81.03,0.787100,1.00,-2565.358,60.091,0.196577,0.668930
2159,7ZNF,50.00,0.490900,1.00,-1793.162,124.212,0.877043,0.332710
2160,7ZRF,48.61,0.569800,1.00,-505.531,124.900,0.860877,0.236150
2161,7ZRO,28.75,0.462500,1.00,-1556.988,213.353,1.200821,0.198740
2162,7ZRU,80.36,0.627600,1.00,-1857.124,90.936,0.242415,0.477450
2163,7ZWJ,39.71,0.445700,1.00,-296.942,87.661,0.764890,0.282020
2164,7ZZV,23.61,0.428200,1.00,-2303.212,196.953,1.413810,0.270870
2165,8A6I,36.90,0.384700,1.00,-1834.952,286.910,1.059956,0.259150
2166,8AHK,32.32,0.404000,1.00,-2402.853,330.692,0.830354,0.269160
2167,8B1L,82.29,0.724900,1.00,-1453.699,67.214,0.308880,0.521030
2168,8B1X,69.00,0.639500,1.00,-1347.812,69.690,0.544767,0.495770
2169,8B4R,55.00,0.447600,1.00,-1061.451,132.862,0.658737,0.217150
2170,8B6X,72.00,0.643700,1.00,-1662.415,78.982,0.301655,0.409230
2171,8B6Y,84.00,0.681800,1.00,-1662.415,78.982,0.185157,0.498720
2172,8B9Q,24.38,0.331100,1.00,-2177.688,173.388,1.083074,0.188560
2173,8B9R,26.88,0.388500,1.00,-2177.688,173.388,0.943637,0.255370
2174,8BOO,22.83,0.524800,1.00,-660.025,130.453,1.447024,0.141900
2175,8BVC,63.10,0.556600,1.00,-3102.474,215.757,0.346640,0.580920
2176,8BVZ,46.05,0.590000,1.00,-528.353,98.840,0.852138,0.191600
2177,8BWW,62.50,0.532100,1.00,-1230.575,48.750,0.363749,0.263540
2178,8CIQ,32.86,0.393500,1.00,-2101.671,266.948,0.759062,0.227330
2183,8CJT,31.43,0.356800,1.00,-2205.758,223.485,0.762248,0.214610
2184,8CM3,68.48,0.576200,1.00,-1279.798,198.682,0.408538,0.300610
2185,8DFZ,46.51,0.368400,1.00,-3420.112,203.589,0.903077,0.350380
2186,8DYM,39.66,0.410800,1.00,-1082.420,193.192,0.567765,0.370100
2187,8DYN,43.75,0.461700,1.00,-1100.592,111.301,0.600330,0.145890
2188,8EB1,61.46,0.465400,1.00,-1436.580,167.210,0.503467,0.306080
2189,8EF4,43.75,0.568100,1.00,-447.190,114.567,0.837366,0.231170
2190,8F04,40.79,0.496200,1.00,-695.848,97.296,0.653934,0.222670
2191,8FD4,38.24,0.384900,1.00,-2098.168,322.606,0.749779,0.321130
2192,8FEY,34.03,0.355300,1.00,-2288.188,238.612,0.747298,0.262240
2193,8G21,56.25,0.649500,1.00,-2089.121,118.927,0.512868,0.493020
2194,8GUC,31.25,0.393400,1.00,-1875.136,206.139,0.960536,0.276270
2195,8GVN,83.93,0.573500,1.00,-819.243,40.596,0.247714,0.366220
2196,8H0G,78.23,0.676200,1.00,-2008.019,100.674,0.280321,0.551660
2197,8H0U,74.19,0.654800,1.00,-2008.019,100.674,0.369377,0.569920
2198,8HJC,37.88,0.408000,1.00,-2172.447,301.181,0.777630,0.238450
2199,8HJD,39.39,0.411000,1.00,-2172.447,301.181,0.786387,0.267550
2200,8HR3,63.46,0.536700,1.00,-623.509,44.728,0.398587,0.256200
2201,8HR4,67.31,0.575700,1.00,-528.089,73.528,0.299222,0.177430
2202,8HVS,60.00,0.440900,1.00,-284.346,57.111,0.336054,0.361460
2203,8HZW,54.69,0.483100,1.00,-815.791,69.474,0.480716,0.254330
2204,8IKQ,55.36,0.488900,1.00,-454.941,90.577,0.300049,0.259820
2205,8IL1,60.71,0.510200,1.00,-454.941,90.577,0.331110,0.242840
2206,8IL2,73.33,0.493100,1.00,-526.033,87.863,0.284912,0.328270
2207,8IL6,70.00,0.501200,1.00,-526.033,87.863,0.346278,0.151110
2208,8JB4,39.58,0.400800,1.00,-1571.107,151.503,0.586964,0.191340
2209,8K3M,44.12,0.450100,1.00,-516.825,114.312,0.742682,0.164950
2210,8K3N,45.59,0.459400,1.00,-516.825,114.312,0.637500,0.203130
2211,8OR5,63.33,0.625600,1.00,-1717.598,64.002,0.399147,0.427510
2212,8ORY,77.50,0.652800,1.00,-1946.740,72.521,0.272476,0.578970
2213,8ORZ,64.17,0.621600,1.00,-1445.892,61.524,0.389113,0.380130
2214,8OS0,81.67,0.770500,1.00,-1898.103,72.993,0.202603,0.506550
2215,8OSQ,27.14,0.495200,1.00,-756.741,160.214,1.169806,0.184690
2216,8PWT,36.03,0.429400,1.00,-2872.379,102.625,0.722988,0.291470
2221,8QNT,27.55,0.596400,1.00,-3653.779,137.248,1.793448,0.245130
2222,8QTQ,47.06,0.544100,1.00,-1415.293,214.708,0.876021,0.269120
2223,8R89,58.33,0.542800,1.00,-953.468,103.299,0.425973,0.252950
2224,8RHS,38.54,0.430000,1.00,-2847.985,313.240,0.902227,0.338670
2225,8RPQ,69.44,0.717200,1.00,-2587.431,90.448,0.326738,0.569000
2226,8RQ6,71.77,0.685600,1.00,-2478.846,49.436,0.283394,0.482320
2227,8S9Y,31.41,0.386400,1.00,-1912.865,230.356,0.950430,0.221000
2228,8SED,45.95,0.440900,1.00,-1954.747,226.530,0.675720,0.338910
2229,8SEM,55.13,0.515600,1.00,-1919.715,288.556,0.506677,0.411520
2230,8SVB,40.00,0.391300,1.00,-1806.413,177.324,0.747148,0.199670
2231,8T01,92.31,0.770900,1.00,-727.025,43.624,0.088906,0.435120
2232,8T61,46.88,0.409000,1.00,-628.927,105.228,0.516492,0.189520
2233,8T62,48.44,0.552500,1.00,-448.857,96.417,0.996829,0.236410
2234,8T63,51.56,0.411900,1.00,-648.787,92.889,0.480103,0.157020
2235,8TFV,52.38,0.460200,1.00,-680.681,157.155,0.502738,0.240650
2236,8TV4,50.00,0.449200,1.00,-792.402,75.168,0.509467,0.244470
2237,8TXS,51.56,0.563000,1.00,-514.103,85.434,0.873602,0.228020
2238,8TYI,80.17,0.687200,1.00,-1892.634,105.855,0.216920,0.538160
2239,8UKC,45.00,0.404600,1.00,-643.404,94.503,0.608927,0.184410
2240,8ULM,72.73,0.563000,1.00,-1786.943,191.391,0.301598,0.526900
2241,8UM1,50.00,0.639000,1.00,-2881.166,116.908,0.709112,0.445640
2242,8UM2,48.21,0.603400,1.00,-2881.166,116.908,0.786758,0.391060
2243,8UNG,49.39,0.443700,1.00,-2814.050,190.203,0.444014,0.363550
2244,8UWF,32.05,0.364100,1.00,-2654.461,254.361,0.783812,0.203440
2245,8UXR,67.39,0.594400,1.00,-1218.416,187.867,0.431056,0.281940
2246,8V2M,74.11,0.578800,1.00,-2038.977,175.195,0.415684,0.506230
2247,8V2V,32.32,0.352300,1.00,-2131.744,605.759,0.776966,0.272230
2248,8VU6,36.41,0.394900,1.00,-2565.499,337.197,0.838934,0.259730
2249,8VU7,30.00,0.363200,1.00,-2533.730,272.582,1.027226,0.330650
2250,8VU8,37.79,0.379700,1.00,-2360.597,358.626,0.783504,0.263100
2251,8VYC,45.45,0.476400,1.00,-822.188,146.137,0.953865,0.167360
2252,8W0Q,57.50,0.474100,1.00,-1089.920,132.383,0.464749,0.268840
2253,8W16,55.00,0.430200,1.00,-639.121,100.988,0.391092,0.089440
2254,8W17,65.00,0.530100,1.00,-646.655,108.343,0.359417,0.243140
2255,8W2V,24.36,0.277800,1.00,-1742.434,214.755,1.585644,0.197470
2256,8WGI,61.00,0.532500,1.00,-1634.000,149.889,0.615869,0.370270
2257,8WGJ,72.92,0.563600,1.00,-1395.040,94.426,0.255108,0.264410
2258,8WW0,35.16,0.300400,1.00,-1940.718,229.017,1.070454,0.241610
2259,8WW1,30.83,0.396100,1.00,-1807.163,136.578,0.858851,0.215420
2260,8X3N,56.25,0.522500,1.00,-510.331,119.859,0.420209,0.185900
2261,8X40,65.62,0.558900,1.00,-510.331,119.859,0.372177,0.200430
2262,8XTH,51.67,0.361000,1.00,-662.408,127.490,0.417617,0.242910
2263,8XTN,35.61,0.557600,1.00,-793.147,189.278,0.920181,0.210350
2264,8XTO,52.38,0.519100,1.00,-674.197,92.307,0.531918,0.154100
2265,8Y3S,59.09,0.461300,1.00,-329.363,72.590,0.473559,0.261590
2266,8YD6,28.33,0.364900,1.00,-1837.740,163.256,0.841350,0.212280
2267,8ZG2,45.45,0.508300,1.00,-168.390,37.480,0.568650,0.203430
2268,8ZG3,45.45,0.511200,1.00,-163.903,48.442,0.569355,0.335290
2269,8ZG4,54.55,0.512200,1.00,-314.541,59.415,0.478283,0.242810
2270,8ZP3,31.82,0.468800,1.00,-751.969,203.664,1.067072,0.183000
2271,8ZUG,40.22,0.517200,1.00,-340.228,151.083,1.101030,0.152140
2272,9AZI,61.11,0.536200,1.00,-1572.887,137.430,0.497179,0.307530
2273,9BET,57.14,0.679700,1.00,-2848.740,34.981,0.499624,0.555370
2274,9BF4,64.52,0.542000,1.00,-2343.232,154.288,0.329692,0.377600
2275,9BHN,47.73,0.443600,1.00,-392.136,67.074,0.511510,0.315180
2276,9BV0,55.56,0.501800,1.00,-1732.451,171.171,0.340032,0.286800
2277,9BV4,66.67,0.565500,1.00,-2940.665,244.802,0.262257,0.475920
2278,9BVS,42.31,0.475800,1.00,-863.227,48.302,0.552213,0.231140
2279,9BVU,43.33,0.449800,1.00,-1118.745,46.369,0.689748,0.243010
2280,9BVV,42.31,0.428700,1.00,-929.734,51.613,0.516783,0.198300
2281,9CRB,55.36,0.484000,1.00,-1193.709,193.286,0.442815,0.291780
2282,9F1E,68.75,0.649400,1.00,-1333.548,114.801,0.550279,0.461160
2283,9F1F,62.82,0.651000,1.00,-2288.253,152.471,0.537586,0.498480
2284,9F1G,68.37,0.707000,1.00,-3169.375,113.331,0.414707,0.602860
2285,9FJN,94.44,0.767500,1.00,-1195.410,37.532,0.092930,0.446200
2286,9FJW,57.14,0.586600,1.00,-2232.828,97.722,0.488480,0.365780
2287,9G0M,70.00,0.614100,1.00,-1326.118,92.394,0.324918,0.438360
2288,9G0N,68.00,0.635500,1.00,-1326.118,92.394,0.364422,0.421340
2289,9G20,73.00,0.612500,1.00,-1326.118,92.394,0.329905,0.493840
2290,9G21,61.00,0.516400,1.00,-1326.118,92.394,0.326666,0.293320
2291,9G22,71.00,0.603200,1.00,-1404.784,99.318,0.341253,0.431910
2292,9G2N,70.00,0.614900,1.00,-1404.784,99.318,0.362631,0.410550
2293,9G2O,68.00,0.611900,1.00,-1404.784,99.318,0.343423,0.378530
2294,9G31,66.00,0.560500,1.00,-1404.784,99.318,0.372214,0.325550
2295,9G32,66.00,0.558100,1.00,-1404.784,99.318,0.362819,0.348440
2296,9G5P,71.00,0.608900,1.00,-1326.118,92.394,0.334773,0.387890
2297,9GDL,63.00,0.566100,1.00,-1410.905,149.011,0.346648,0.365670
2298,9GDN,67.00,0.595800,1.00,-1410.905,149.011,0.325209,0.352130
2299,9GDT,68.00,0.606000,1.00,-1410.905,149.011,0.336486,0.345240
2300,9GDU,65.00,0.593200,1.00,-1410.905,149.011,0.361495,0.362090
2301,9GE1,63.00,0.610400,1.00,-1410.905,149.011,0.369804,0.317900
2302,9GE9,63.00,0.568100,1.00,-1371.659,94.391,0.383735,0.342930
2303,9GEB,76.00,0.615900,1.00,-1371.659,94.391,0.293087,0.442250
2304,9GEC,69.00,0.609500,1.00,-1371.659,94.391,0.349950,0.423430
2305,9IKO,45.31,0.386700,1.00,-583.909,95.703,0.440261,0.258860
2306,9ILX,54.69,0.380900,1.00,-583.909,95.703,0.485024,0.207960
2307,9J5F,35.94,0.378300,1.00,-2127.362,203.957,0.936353,0.220200
2308,9J5H,60.71,0.568200,1.00,-2489.363,204.088,0.437830,0.393390
2309,9KAR,46.67,0.507700,1.00,-556.489,81.275,0.588382,0.187870
2310,9KK0,67.00,0.577800,1.00,-1049.580,181.584,0.325358,0.295860
2311,9L1M,52.08,0.509400,1.00,-194.785,66.086,0.626034,0.253220
2312,9NVH,30.71,0.344400,1.00,-1582.115,302.129,1.026970,0.250640
2313,9NWZ,45.00,0.424000,1.00,-1088.043,121.822,0.637269,0.158690
2314,9NY3,33.75,0.403200,1.00,-978.788,114.731,0.865462,0.162850
2315,9UV5,70.00,0.523800,1.00,-345.314,51.879,0.248199,0.412220
