serial,pdb_id,gdt_ts,lddt,lddt_coverage,pred_dope,pred_molpdf,rmsd,tm_score
1,1A11,88.00,0.761500,1.00,-1828.837,49.684,0.171668,0.609030
2,1A3P,67.22,0.632700,1.00,-2826.730,245.348,0.487199,0.536750
3,1ACW,74.14,0.615400,1.00,-1940.130,133.717,0.201280,0.395570
4,1ADX,53.12,0.513400,1.00,-2464.816,238.378,0.591581,0.368040
5,1AG7,64.71,0.495000,1.00,-1883.829,251.912,0.330410,0.401210
6,1AGG,46.88,0.458000,1.00,-2522.348,475.043,0.760452,0.362630
7,1AGT,98.03,0.787800,1.00,-2915.094,154.934,0.071832,0.872240
8,1AHL,54.59,0.484100,1.00,-3625.810,291.500,0.436699,0.526860
9,1ALE,70.83,0.631100,1.00,-1125.696,73.338,0.308936,0.306290
10,1ALF,92.11,0.781700,1.00,-1672.300,41.088,0.140745,0.535440
11,1ALG,65.62,0.665600,1.00,-1307.384,57.318,0.625344,0.410290
12,1AMB,25.89,0.396000,1.00,-932.672,143.178,0.831068,0.229090
13,1AMC,25.89,0.394000,1.00,-932.672,143.178,0.836073,0.266320
14,1AML,26.88,0.427300,1.00,-1540.752,268.827,1.199368,0.246850
15,1ANP,35.71,0.446900,1.00,-1153.880,346.699,0.970961,0.172530
16,1ANS,36.11,0.416700,1.00,-1675.311,360.232,0.661261,0.209700
17,1AOO,37.50,0.422500,1.00,-2059.034,545.098,0.705163,0.313220
18,1APF,54.08,0.493600,1.00,-3795.455,327.263,0.434911,0.440380
19,1APO,86.90,0.744400,1.00,-2326.468,256.408,0.190311,0.740230
20,1AQG,84.09,0.585100,1.00,-499.726,51.965,0.174662,0.250250
21,1AQQ,37.50,0.424200,1.00,-2059.034,545.098,0.721162,0.297680
22,1AQR,38.75,0.427000,1.00,-2059.034,545.098,0.728679,0.243010
23,1ARD,89.66,0.714700,1.00,-2058.170,147.649,0.206057,0.705870
24,1ARE,90.52,0.719700,1.00,-2034.349,141.436,0.203237,0.718310
25,1ARF,90.52,0.779800,1.00,-2187.516,133.733,0.296638,0.717990
26,1ATX,61.96,0.515000,1.00,-3004.446,184.687,0.347660,0.505050
27,1AV3,68.52,0.529100,1.00,-1069.906,371.831,0.298465,0.327580
28,1AW6,78.49,0.672000,1.00,-2586.128,200.107,0.513358,0.674590
29,1AXH,77.03,0.607000,1.00,-2136.050,277.387,0.257867,0.574980
30,1AZ6,76.39,0.609200,1.00,-2192.992,252.532,0.215123,0.562030
31,1AZH,50.69,0.489100,1.00,-2192.992,252.532,0.509768,0.329260
32,1AZJ,90.97,0.760900,1.00,-2267.938,199.530,0.099484,0.766930
33,1AZK,77.78,0.663200,1.00,-2328.589,249.895,0.215570,0.543360
34,1B03,62.50,0.482100,1.00,-617.384,148.804,0.364761,0.219000
35,1B1V,81.52,0.679800,1.00,-991.445,187.216,0.336180,0.392260
36,1B4G,31.67,0.378200,1.00,-906.054,264.929,1.269767,0.186720
37,1B4I,31.67,0.363900,1.00,-906.054,264.929,0.949787,0.197300
38,1B5N,77.17,0.664700,1.00,-991.445,187.216,0.351619,0.379270
39,1B8W,79.17,0.664300,1.00,-2613.659,223.906,0.412164,0.659680
40,1B9P,56.62,0.576500,1.00,-1762.301,152.902,0.561979,0.309740
41,1B9Q,57.35,0.559200,1.00,-1762.301,152.902,0.475294,0.342670
42,1B9U,76.47,0.785900,1.00,-3059.718,90.795,0.251801,0.570110
43,1BA4,25.00,0.415500,1.00,-1540.752,268.827,1.140823,0.232010
44,1BA6,31.88,0.447500,1.00,-1540.752,268.827,0.941988,0.233090
45,1BAH,85.14,0.633400,1.00,-2520.861,184.556,0.155394,0.711630
46,1BBA,74.31,0.630600,1.00,-2506.006,188.665,0.348293,0.552500
47,1BBG,35.62,0.355000,1.00,-2846.112,227.507,0.774477,0.361700
48,1BDS,83.72,0.692800,1.00,-3196.030,262.486,0.151020,0.714840
49,1BEI,87.86,0.697400,1.00,-2767.689,162.026,0.150369,0.667910
50,1BF9,86.59,0.751500,1.00,-2368.593,262.478,0.255071,0.745290
51,1BGK,86.49,0.694500,1.00,-2996.080,169.420,0.125155,0.702460
52,1BH4,69.17,0.567300,1.00,-1995.244,217.394,0.334802,0.404840
53,1BH7,35.61,0.349600,1.00,-2246.649,272.975,0.655348,0.250810
54,1BHI,73.68,0.699200,1.00,-1942.314,185.653,0.414742,0.619170
55,1BIG,89.86,0.748900,1.00,-2956.619,161.679,0.102646,0.761130
56,1BJB,24.11,0.442500,1.00,-859.576,163.297,1.210624,0.188540
57,1BJC,33.04,0.465300,1.00,-990.676,153.895,0.846198,0.187450
58,1BL1,47.58,0.605300,1.00,-2415.886,73.946,0.625083,0.331030
59,1BM4,57.81,0.458400,1.00,-2338.859,123.046,1.139122,0.439620
60,1BMX,61.29,0.632000,1.00,-2114.917,127.810,0.620163,0.491480
61,1BNB,84.21,0.673700,1.00,-2840.626,252.069,0.231681,0.697890
62,1BOE,82.45,0.656300,1.00,-3152.376,207.959,0.189216,0.713770
63,1BQF,68.00,0.586800,1.00,-1297.988,168.599,0.617392,0.358620
64,1BRV,53.12,0.571100,1.00,-1874.859,189.614,0.764951,0.309710
65,1BWX,50.00,0.567800,1.00,-3028.791,110.661,0.595837,0.445810
66,1BY0,79.63,0.625100,1.00,-1883.941,75.170,0.329826,0.518100
67,1BY6,50.69,0.479300,1.00,-2605.854,70.344,0.547210,0.323540
68,1BZG,56.62,0.581200,1.00,-2410.120,72.962,0.548889,0.402440
69,1C2U,39.29,0.433100,1.00,-2426.468,178.503,0.843298,0.270470
70,1C49,94.29,0.735400,1.00,-2260.004,203.604,0.114722,0.770700
71,1C4B,55.77,0.401300,1.00,-444.697,86.326,0.544127,0.213940
72,1C4E,71.43,0.569200,1.00,-1998.425,278.712,0.291346,0.566810
73,1C55,78.12,0.619100,1.00,-3057.443,252.900,0.253168,0.637010
74,1C56,76.88,0.605500,1.00,-3057.443,252.900,0.254229,0.637650
75,1C6W,42.42,0.372100,1.00,-1606.991,250.903,0.648560,0.283460
76,1CBH,100.00,0.832300,1.00,-2394.911,195.916,0.049325,0.920560
77,1CCF,82.74,0.711400,1.00,-2326.468,256.408,0.168162,0.645800
78,1CCM,85.87,0.736000,1.00,-3585.385,221.690,0.208081,0.753550
79,1CCN,90.22,0.762700,1.00,-3585.385,221.690,0.156803,0.808250
80,1CE4,30.71,0.383100,1.00,-1383.173,212.422,0.853610,0.188310
81,1CFG,28.41,0.334300,1.00,-1076.229,135.393,0.914992,0.116020
82,1CFH,27.66,0.271600,1.00,-3529.403,275.921,1.157285,0.271930
83,1CFI,57.98,0.484200,1.00,-3529.403,275.921,0.398329,0.500390
84,1CHL,78.47,0.601500,1.00,-2505.626,198.667,0.213400,0.566600
85,1CIX,45.45,0.415900,1.00,-2586.170,422.562,0.599543,0.365380
86,1CKW,43.00,0.379500,1.00,-1547.672,171.226,0.902920,0.359860
87,1CKX,50.96,0.455900,1.00,-1792.866,105.458,0.800558,0.355960
88,1CKY,41.35,0.376800,1.00,-1792.866,105.458,0.709783,0.201590
89,1CKZ,42.00,0.333700,1.00,-1547.672,171.226,0.535884,0.165850
90,1CMR,83.06,0.657200,1.00,-2219.202,186.290,0.181060,0.562350
91,1CO4,69.05,0.622300,1.00,-2776.218,287.495,0.345699,0.513050
92,1CQ0,58.04,0.562200,1.00,-1381.771,142.456,0.473854,0.330410
93,1CR8,81.55,0.666200,1.00,-2134.724,312.826,0.186614,0.682810
94,1CSA,50.00,0.425500,1.00,-425.732,72.044,0.497271,0.366500
95,1CTI,89.66,0.700200,1.00,-1909.171,192.933,0.144488,0.647020
96,1CW5,45.83,0.419000,1.00,-2401.812,359.573,0.777148,0.374390
97,1CW6,66.22,0.640400,1.00,-1884.664,217.474,0.531117,0.465520
98,1CWX,25.00,0.373200,1.00,-1600.406,362.433,0.996499,0.194840
99,1CXR,64.13,0.537800,1.00,-3619.564,147.779,0.342404,0.518930
100,1CYA,56.82,0.549800,1.00,-425.732,72.044,0.289119,0.344800
101,1CYB,75.00,0.569200,1.00,-425.732,72.044,0.246545,0.326590
102,1CZ6,76.00,0.678300,1.00,-1064.319,158.445,0.257449,0.433030
103,1D0R,72.50,0.633400,1.00,-1992.524,76.217,0.364095,0.481480
104,1D1H,88.57,0.675500,1.00,-2350.475,213.491,0.158242,0.710330
105,1D2J,74.38,0.625000,1.00,-2018.870,307.230,0.284998,0.621870
106,1D2L,76.67,0.609000,1.00,-2249.094,412.580,0.394350,0.642440
107,1D5Q,100.00,0.827600,1.00,-1881.760,79.470,0.043959,0.872100
108,1D6B,57.14,0.522000,1.00,-2752.888,237.662,0.616308,0.415290
109,1D6X,61.54,0.495000,1.00,-450.718,152.353,0.335634,0.221240
110,1DEC,87.82,0.706100,1.00,-2415.160,213.978,0.204472,0.733240
111,1DEP,68.33,0.575100,1.00,-678.992,140.917,0.320083,0.312440
112,1DF6,47.50,0.396900,1.00,-1911.670,244.064,0.587783,0.278310
113,1DFE,85.14,0.636100,1.00,-2446.515,167.102,0.342570,0.717640
114,1DFS,41.13,0.404900,1.00,-2182.366,231.913,0.764532,0.262330
115,1DFT,40.00,0.398800,1.00,-1748.911,250.347,0.683163,0.199730
116,1DGZ,84.46,0.641200,1.00,-2446.515,167.102,0.322555,0.681100
117,1DJF,71.67,0.544700,1.00,-385.698,83.171,0.293939,0.305920
118,1DKC,71.71,0.579300,1.00,-2185.063,168.438,0.238073,0.588180
119,1DL0,68.24,0.542000,1.00,-2363.440,196.789,0.333217,0.481910
120,1DMC,58.06,0.511900,1.00,-1864.906,211.994,0.506601,0.357650
121,1DMD,57.26,0.508500,1.00,-1864.906,211.994,0.488910,0.356430
122,1DME,47.32,0.444700,1.00,-1728.304,141.114,0.799939,0.233240
123,1DMF,47.32,0.437000,1.00,-1728.304,141.114,0.808095,0.210300
124,1DN3,73.33,0.559400,1.00,-385.698,83.171,0.287003,0.310260
125,1DNG,85.00,0.668900,1.00,-567.223,48.625,0.236553,0.415670
126,1DPK,35.00,0.437300,1.00,-207.600,177.037,0.874788,0.197190
127,1DPQ,46.25,0.500500,1.00,-334.965,100.518,0.498965,0.136560
128,1DSK,51.79,0.485700,1.00,-1822.914,150.279,0.663360,0.397880
129,1DSQ,85.71,0.639500,1.00,-919.344,90.474,0.217936,0.393380
130,1DSV,76.61,0.649700,1.00,-1471.510,197.514,0.220900,0.477050
131,1DTC,88.46,0.732400,1.00,-1727.418,37.804,0.295678,0.654220
132,1DU1,68.75,0.567400,1.00,-1315.603,48.222,0.462696,0.334460
133,1DU9,83.04,0.661800,1.00,-1692.412,123.133,0.165629,0.524140
134,1DV0,85.11,0.714600,1.00,-4817.390,162.185,0.296780,0.776230
135,1DVW,52.78,0.548800,1.00,-669.537,76.318,0.691735,0.206910
136,1DX7,59.38,0.615000,1.00,-3853.558,180.302,0.508761,0.538580
137,1E0G,78.65,0.652800,1.00,-4226.751,188.397,0.207327,0.691770
138,1E0L,81.76,0.737100,1.00,-2332.286,175.279,0.256632,0.641840
139,1E0M,82.43,0.712100,1.00,-2196.224,231.303,0.349224,0.654890
140,1E0N,85.19,0.670000,1.00,-1709.249,181.094,0.149735,0.527900
141,1E0Q,79.41,0.655900,1.00,-876.826,67.988,0.177814,0.240160
142,1E4Q,79.73,0.690600,1.00,-2532.384,191.360,0.183320,0.612320
143,1E4R,72.86,0.629200,1.00,-2208.090,232.478,0.266725,0.523650
144,1E4S,80.56,0.615100,1.00,-2532.661,194.911,0.227486,0.628110
145,1E4T,74.32,0.594000,1.00,-2520.607,159.856,0.381526,0.523340
146,1E8P,76.63,0.674200,1.00,-3251.810,307.977,0.424199,0.686290
147,1E8Q,77.17,0.674100,1.00,-3251.810,307.977,0.466225,0.679000
148,1E9K,42.11,0.532900,1.00,-1959.873,209.024,0.743926,0.259180
149,1ED0,91.30,0.746400,1.00,-3286.046,128.023,0.123080,0.837990
150,1ED7,88.33,0.705900,1.00,-3943.788,222.218,0.143227,0.769770
151,1EDP,76.47,0.589000,1.00,-1039.420,94.395,0.230021,0.224040
152,1EDS,44.35,0.408100,1.00,-2160.847,114.387,0.542649,0.263630
153,1EDV,32.35,0.395300,1.00,-1639.886,221.329,0.707573,0.204250
154,1EDW,49.04,0.438300,1.00,-2165.379,95.436,0.494609,0.222190
155,1EDX,29.38,0.397400,1.00,-2313.855,242.442,0.943336,0.257820
156,1EGT,89.71,0.700700,1.00,-793.414,86.309,0.192054,0.422780
157,1EHS,50.52,0.533100,1.00,-3327.212,311.563,0.579308,0.454130
158,1EI0,97.37,0.820500,1.00,-3198.205,132.624,0.074201,0.856760
159,1EMX,55.00,0.422900,1.00,-1870.374,278.216,0.544702,0.333970
160,1EMZ,78.57,0.623200,1.00,-1393.960,49.439,0.321075,0.452260
161,1EQX,63.89,0.545200,1.00,-584.400,89.113,0.450546,0.298750
162,1ERC,91.25,0.774300,1.00,-3481.542,151.503,0.151002,0.775280
163,1ERD,36.25,0.373200,1.00,-2620.577,254.177,0.798746,0.236050
164,1ERP,39.47,0.392500,1.00,-2874.390,278.544,0.846073,0.337130
165,1ERY,46.15,0.454000,1.00,-2330.500,373.269,0.580357,0.347800
166,1ESK,63.10,0.656500,1.00,-2036.983,237.006,0.388810,0.505480
167,1EWS,63.28,0.527100,1.00,-1928.993,259.104,0.360522,0.521140
168,1EYO,55.83,0.528000,1.00,-1766.681,289.930,0.624018,0.360660
169,1EZE,62.50,0.628500,1.00,-2518.061,135.845,0.375196,0.445080
170,1F3K,48.08,0.490800,1.00,-1647.959,260.834,0.621253,0.219760
171,1F4I,86.11,0.687700,1.00,-4512.410,150.822,0.284497,0.773000
172,1F7E,78.80,0.748300,1.00,-2594.640,278.557,0.323766,0.691540
173,1F7M,78.26,0.737600,1.00,-2594.640,278.557,0.284852,0.672520
174,1F8Z,86.54,0.717100,1.00,-2034.482,233.978,0.197388,0.718500
175,1FAC,36.90,0.341200,1.00,-1032.928,136.201,0.846955,0.094780
176,1FCT,29.69,0.384400,1.00,-1144.583,128.158,0.722552,0.201140
177,1FDF,54.00,0.551200,1.00,-1499.895,127.277,0.402187,0.238000
178,1FEO,75.00,0.545500,1.00,-1075.120,309.739,0.223518,0.360830
179,1FF7,72.83,0.699100,1.00,-2594.640,278.557,0.339113,0.601110
180,1FFM,81.52,0.753100,1.00,-2594.640,278.557,0.231581,0.718350
181,1FGD,80.56,0.640400,1.00,-894.300,88.092,0.236314,0.254630
182,1FGE,65.00,0.492900,1.00,-858.004,122.269,0.372274,0.258740
183,1FJN,89.74,0.786200,1.00,-2919.735,147.151,0.144524,0.740210
184,1FME,80.36,0.643100,1.00,-2063.896,142.065,0.250678,0.519690
185,1FMY,38.12,0.430100,1.00,-2059.034,545.098,0.738207,0.264260
186,1FQQ,68.90,0.592500,1.00,-2963.175,250.806,0.270767,0.566200
187,1FRE,38.10,0.378400,1.00,-3093.957,228.242,0.713090,0.327150
188,1FRY,43.97,0.511900,1.00,-1539.980,132.022,0.584783,0.236120
189,1FSB,77.50,0.686800,1.00,-2477.336,230.528,0.309497,0.592400
190,1FSD,70.54,0.600400,1.00,-1953.039,145.270,0.323421,0.414190
191,1FSV,74.11,0.617800,1.00,-1953.039,145.270,0.285645,0.419580
192,1FU3,50.93,0.423900,1.00,-1565.074,156.595,0.746712,0.457970
193,1FU9,81.25,0.681300,1.00,-2365.553,247.493,0.318018,0.686630
194,1FUL,54.55,0.444900,1.00,-435.353,109.313,0.369890,0.341680
195,1FUV,68.18,0.528100,1.00,-435.353,109.313,0.236749,0.301550
196,1FV5,65.97,0.599800,1.00,-2437.529,158.252,0.795340,0.518940
197,1FVY,46.77,0.608800,1.00,-2489.151,66.055,0.943012,0.350920
198,1FW5,37.50,0.383700,1.00,-933.331,92.646,0.778663,0.219370
199,1FWO,65.71,0.557100,1.00,-2311.257,174.316,0.321145,0.436120
200,1FYG,64.00,0.477900,1.00,-1175.077,205.882,0.389075,0.269010
201,1G04,34.62,0.306600,1.00,-1859.776,146.715,0.878436,0.142610
202,1G26,71.77,0.603800,1.00,-2276.569,197.823,0.338458,0.432860
203,1G92,54.00,0.508600,1.00,-1557.476,179.648,0.576006,0.371040
204,1G9P,47.78,0.464600,1.00,-2276.677,345.275,0.844928,0.365640
205,1GEA,71.43,0.608100,1.00,-1147.048,81.202,0.392841,0.290480
206,1GIB,40.91,0.407600,1.00,-472.261,225.166,0.706679,0.138150
207,1GK5,70.41,0.549300,1.00,-3510.540,299.662,0.434386,0.578880
208,1GM2,54.55,0.432800,1.00,-386.000,64.627,0.421456,0.291250
209,1GNA,59.62,0.537500,1.00,-512.686,74.878,0.304515,0.263180
210,1GNB,51.92,0.484600,1.00,-512.686,74.878,0.532377,0.155040
211,1GNF,76.63,0.646800,1.00,-3046.925,213.350,0.327193,0.633300
212,1GP8,75.62,0.626500,1.00,-2657.501,109.952,0.402214,0.606660
213,1GPS,92.02,0.760100,1.00,-3019.192,201.884,0.123998,0.849410
214,1GPT,87.23,0.705800,1.00,-2983.302,209.320,0.142997,0.794650
215,1GUR,72.14,0.559300,1.00,-1998.425,278.712,0.268918,0.506870
216,1GW3,55.98,0.626600,1.00,-3226.858,137.492,0.374334,0.472610
217,1GW4,43.48,0.598500,1.00,-3226.858,137.492,0.896443,0.386200
218,1H20,37.18,0.397200,1.00,-2415.379,427.743,0.770134,0.280830
219,1H5O,79.76,0.628800,1.00,-2290.537,237.224,0.201525,0.660890
220,1H7D,23.98,0.249200,1.00,-2177.382,576.482,2.124764,0.224530
221,1H7J,39.42,0.434900,1.00,-896.377,189.819,0.728009,0.179870
222,1HA9,83.82,0.765700,1.00,-1754.378,182.052,0.380105,0.701970
223,1HD6,39.86,0.447300,1.00,-2277.891,338.910,0.838818,0.286690
225,1HEV,96.51,0.800500,1.00,-3084.303,223.725,0.078645,0.882610
226,1HFF,67.50,0.445300,1.00,-346.121,72.386,0.281172,0.206150
227,1HJ0,34.15,0.528600,1.00,-2032.130,172.327,0.875664,0.284260
228,1HLL,60.94,0.612700,1.00,-2087.557,119.942,0.579141,0.487330
229,1HLY,92.31,0.742000,1.00,-2976.814,194.503,0.098873,0.803050
230,1HN3,23.12,0.301200,1.00,-2120.277,257.329,1.238338,0.198500
231,1HNR,63.83,0.580100,1.00,-3386.757,203.718,0.323835,0.495940
232,1HNS,58.51,0.501400,1.00,-3386.757,203.718,0.401687,0.460490
233,1HO0,50.83,0.522500,1.00,-1833.144,161.923,0.603375,0.307920
234,1HO2,92.50,0.787800,1.00,-1389.627,34.077,0.102772,0.534220
235,1HO7,86.25,0.769700,1.00,-1389.627,34.077,0.163511,0.512790
236,1HO9,60.16,0.583500,1.00,-2166.311,86.330,0.354923,0.415620
237,1HOD,59.38,0.589400,1.00,-2166.311,86.330,0.385299,0.436670
238,1HOF,50.00,0.557200,1.00,-2087.557,119.942,0.614722,0.381790
239,1HP2,92.57,0.780900,1.00,-2758.292,169.408,0.099796,0.779950
240,1HP3,85.94,0.692400,1.00,-1862.147,187.967,0.187736,0.684470
241,1HP9,82.95,0.639300,1.00,-1755.894,83.912,0.190587,0.294850
242,1HPH,45.27,0.548900,1.00,-2996.078,89.925,0.714300,0.387160
243,1HPY,59.56,0.645000,1.00,-2773.271,83.226,0.392841,0.354000
244,1HRL,69.57,0.587300,1.00,-1067.806,164.556,0.583265,0.302370
246,1HTX,67.97,0.537600,1.00,-2177.883,214.323,0.277115,0.412270
247,1HU5,79.17,0.681500,1.00,-872.024,41.635,0.173006,0.311740
248,1HU6,54.17,0.473500,1.00,-806.387,124.345,0.469735,0.272430
249,1HU7,83.33,0.648400,1.00,-696.768,74.552,0.212490,0.426500
250,1HVW,97.00,0.768500,1.00,-1502.972,106.873,0.079180,0.662370
251,1HVZ,44.44,0.327400,1.00,-559.744,185.786,0.642366,0.175000
252,1HY9,74.39,0.609200,1.00,-2612.448,166.041,0.387486,0.599790
253,1HYK,78.26,0.642900,1.00,-3371.247,359.818,0.285012,0.669180
254,1HZ3,28.85,0.484800,1.00,-961.959,153.587,0.837512,0.141450
255,1I25,48.65,0.486200,1.00,-1250.976,265.082,1.091142,0.389190
256,1I26,52.94,0.468800,1.00,-2148.760,191.675,0.767534,0.394880
257,1I2U,73.86,0.610500,1.00,-3217.252,272.736,0.459616,0.616440
258,1I2V,73.30,0.611000,1.00,-3449.617,278.098,0.444183,0.599930
259,1I6C,69.23,0.586200,1.00,-2295.424,265.690,0.571227,0.566790
260,1I8X,85.83,0.742000,1.00,-2109.328,139.790,0.173316,0.603920
261,1I8Y,72.32,0.603600,1.00,-1750.117,132.560,0.333188,0.441160
262,1IB9,79.41,0.696900,1.00,-1754.378,182.052,0.386704,0.616680
263,1IBN,65.00,0.511800,1.00,-1124.226,89.245,0.476644,0.274430
264,1IBO,60.00,0.489400,1.00,-1124.226,89.245,0.531857,0.260580
265,1IC9,37.93,0.445100,1.00,-1416.108,292.858,1.146906,0.236510
266,1ICA,68.12,0.594300,1.00,-2724.891,214.187,0.575858,0.545590
267,1ICL,34.48,0.464000,1.00,-1652.624,159.249,1.110692,0.292820
268,1ICO,37.93,0.502700,1.00,-1645.384,217.313,1.236956,0.281990
269,1ID6,38.33,0.461100,1.00,-761.837,53.727,0.613338,0.223260
270,1ID7,43.33,0.442300,1.00,-761.837,53.727,0.585290,0.160330
271,1IE6,34.09,0.368900,1.00,-1476.412,194.233,0.642643,0.205350
272,1IFY,79.59,0.682200,1.00,-4911.234,164.773,0.193652,0.729520
273,1IIJ,70.71,0.707200,1.00,-2497.354,77.273,0.299879,0.598730
274,1IM1,66.67,0.486100,1.00,-500.679,58.640,0.332215,0.223650
275,1IRR,76.09,0.612900,1.00,-995.697,100.856,0.347381,0.419710
276,1IVA,57.81,0.580100,1.00,-2562.731,326.187,0.571339,0.463450
277,1IWC,25.00,0.463200,1.00,-867.376,198.174,1.169412,0.216370
278,1IWF,30.88,0.546200,1.00,-867.376,198.174,1.698936,0.246840
279,1IXA,83.33,0.683500,1.00,-2247.742,228.518,0.176851,0.681500
280,1IXT,64.81,0.580000,1.00,-1591.059,205.515,0.284910,0.342910
281,1IXU,60.42,0.562300,1.00,-386.358,87.452,0.390926,0.205110
282,1IYC,46.53,0.478000,1.00,-1754.266,255.985,0.750469,0.338910
283,1IYT,21.43,0.303900,1.00,-1778.155,449.217,0.983794,0.192490
284,1J4M,73.21,0.511500,1.00,-388.717,98.693,0.265937,0.232060
285,1J5J,93.75,0.788900,1.00,-2760.353,152.804,0.097767,0.806500
286,1J5L,46.67,0.490400,1.00,-1657.950,176.406,0.624951,0.207940
287,1J5M,55.36,0.486000,1.00,-1272.175,292.588,0.519550,0.273170
288,1JBL,73.21,0.545500,1.00,-499.118,143.773,0.227423,0.371240
289,1JBN,66.07,0.550100,1.00,-499.118,143.773,0.237129,0.286410
290,1JDM,66.94,0.597700,1.00,-2964.864,62.112,0.504929,0.508250
291,1JI9,35.81,0.393600,1.00,-2227.928,214.938,0.763850,0.255660
292,1JJZ,83.62,0.711000,1.00,-1855.952,160.285,0.331173,0.606640
293,1JKZ,85.87,0.720200,1.00,-3767.104,211.649,0.143857,0.755580
294,1JLZ,78.26,0.583900,1.00,-959.440,204.264,0.289283,0.311090
295,1JMN,84.24,0.696200,1.00,-3229.840,148.438,0.179992,0.735410
296,1JMP,84.24,0.695500,1.00,-3194.021,133.237,0.196278,0.721030
297,1JN7,68.75,0.632300,1.00,-2348.430,172.734,0.686987,0.537750
298,1JO5,43.23,0.621300,1.00,-3853.558,180.302,1.037725,0.448380
299,1JO6,33.89,0.466500,1.00,-1797.830,367.926,1.434609,0.343940
300,1JRF,53.19,0.457900,1.00,-2328.182,288.741,0.753854,0.429930
301,1JRJ,62.82,0.731600,1.00,-2125.374,151.386,0.760350,0.533810
302,1JU8,77.03,0.662500,1.00,-2649.433,196.289,0.231868,0.580850
303,1JY9,57.50,0.509300,1.00,-316.793,120.158,0.451346,0.166130
304,1K0P,31.45,0.379900,1.00,-1781.050,182.826,0.681292,0.238030
305,1K18,30.65,0.380000,1.00,-1781.050,182.826,0.666927,0.212350
306,1K1V,92.07,0.729500,1.00,-3462.621,104.620,0.117724,0.796310
307,1K36,77.72,0.633400,1.00,-3495.914,307.562,0.214770,0.664110
308,1K37,74.46,0.625600,1.00,-3495.914,307.562,0.222245,0.616610
309,1K43,76.79,0.518300,1.00,-388.717,98.693,0.213229,0.265050
310,1K48,80.17,0.697800,1.00,-1855.952,160.285,0.336073,0.576160
311,1K7B,77.13,0.676700,1.00,-2312.029,345.830,0.483522,0.663040
312,1K81,63.19,0.527200,1.00,-2368.928,147.787,0.323152,0.423920
313,1K91,84.46,0.745800,1.00,-1580.551,204.163,0.206940,0.680910
314,1KAL,77.59,0.618700,1.00,-1883.900,210.267,0.290947,0.463670
315,1KBE,68.37,0.562100,1.00,-3456.032,217.852,0.301234,0.580570
316,1KBF,70.41,0.569000,1.00,-3456.032,217.852,0.310034,0.590600
317,1KDL,70.65,0.649700,1.00,-1780.759,58.837,0.354086,0.435000
318,1KGM,83.57,0.702500,1.00,-1865.228,206.617,0.147453,0.616070
319,1KIO,76.43,0.667600,1.00,-1857.688,178.720,0.400148,0.528830
320,1KJ0,77.14,0.648300,1.00,-1739.871,197.748,0.204708,0.550250
321,1KJ5,81.94,0.665000,1.00,-2532.661,194.911,0.192822,0.609120
322,1KJ6,70.00,0.588100,1.00,-2911.816,211.723,0.591678,0.583120
323,1KLR,90.83,0.730000,1.00,-1938.946,132.879,0.176567,0.744710
324,1KLS,88.33,0.723600,1.00,-1885.688,122.954,0.220232,0.708890
325,1KMR,81.67,0.650600,1.00,-1002.647,37.092,0.363409,0.449950
326,1KOZ,75.69,0.627000,1.00,-2452.826,216.972,0.240908,0.561110
327,1KQH,80.26,0.651700,1.00,-2740.371,280.416,0.240591,0.642060
328,1KQI,80.26,0.648200,1.00,-2740.371,280.416,0.267798,0.635210
329,1KUW,40.00,0.494000,1.00,-161.284,37.351,0.515273,0.306540
330,1KV4,37.50,0.540000,1.00,-2195.506,444.182,0.917231,0.250490
331,1KWD,73.44,0.527900,1.00,-1023.705,79.147,0.271484,0.257360
332,1KWE,65.62,0.510500,1.00,-1023.705,79.147,0.298790,0.230650
333,1KX6,43.97,0.424400,1.00,-1910.826,100.553,0.563701,0.205640
334,1KZ0,37.50,0.342700,1.00,-673.084,100.335,0.653136,0.236810
335,1KZ2,75.00,0.579100,1.00,-869.605,81.584,0.290602,0.419160
336,1KZ5,83.33,0.628300,1.00,-607.523,66.347,0.193237,0.430740
337,1L1K,50.00,0.511300,1.00,-804.721,90.367,0.500853,0.187290
338,1L2Y,41.25,0.506500,1.00,-568.171,122.043,1.046724,0.185080
339,1L3Q,54.17,0.527500,1.00,-345.448,77.030,0.593035,0.205860
340,1L3Y,75.00,0.615500,1.00,-2593.286,355.037,0.278735,0.612540
341,1L4V,81.88,0.676300,1.00,-2732.761,207.684,0.206368,0.641850
342,1LA4,90.44,0.743400,1.00,-2186.063,213.325,0.161996,0.735290
343,1LB0,76.92,0.599500,1.00,-652.497,73.654,0.188581,0.279450
344,1LB7,87.50,0.622800,1.00,-743.473,66.176,0.194243,0.358750
345,1LBJ,78.41,0.590600,1.00,-1632.427,73.516,0.355043,0.495280
346,1LCX,78.85,0.611800,1.00,-652.497,73.654,0.196048,0.310980
347,1LDL,69.27,0.609500,1.00,-2688.977,376.079,0.352083,0.586270
348,1LDR,69.19,0.553800,1.00,-2239.999,323.134,0.331652,0.573750
349,1LFC,34.00,0.309600,1.00,-1552.094,66.122,0.848744,0.132270
350,1LGL,93.06,0.762800,1.00,-2760.353,152.804,0.094355,0.811980
351,1LIQ,45.37,0.579600,1.00,-1612.441,78.621,0.940733,0.312740
352,1LIR,89.19,0.725600,1.00,-2690.239,180.103,0.119328,0.730320
353,1LMM,66.25,0.592600,1.00,-2198.233,295.920,0.444123,0.514590
354,1LMR,70.00,0.634900,1.00,-1950.789,161.136,0.341969,0.536640
355,1LUP,61.29,0.437100,1.00,-1852.681,355.385,0.411548,0.307320
356,1LV4,41.67,0.420700,1.00,-778.652,214.316,0.701412,0.197130
357,1LVZ,81.82,0.603600,1.00,-422.982,71.968,0.274394,0.400130
358,1LYP,78.91,0.715100,1.00,-2334.493,61.727,0.191724,0.595780
359,1M02,54.17,0.459100,1.00,-314.986,180.135,0.347868,0.331660
360,1M0G,53.33,0.455900,1.00,-2200.876,228.711,0.447285,0.255340
361,1M0J,44.64,0.482700,1.00,-1648.534,213.819,0.762161,0.189890
362,1M23,84.62,0.610800,1.00,-526.741,57.191,0.173040,0.417320
363,1M25,59.62,0.481700,1.00,-1859.776,146.715,0.591041,0.362800
364,1M2S,88.51,0.685700,1.00,-2729.847,159.784,0.125041,0.711510
365,1M36,82.58,0.656800,1.00,-2311.382,143.830,0.280846,0.679150
366,1M4E,45.00,0.458900,1.00,-1064.971,178.033,0.520535,0.115660
367,1M4F,43.00,0.440700,1.00,-1421.854,144.388,0.529315,0.190380
368,1MA2,50.00,0.409600,1.00,-984.277,104.273,0.526217,0.116140
369,1MA4,58.82,0.488000,1.00,-806.606,172.741,0.316446,0.144020
370,1MA5,54.41,0.440600,1.00,-984.277,104.273,0.430781,0.130250
371,1MA6,48.53,0.375000,1.00,-806.606,172.741,0.522403,0.163160
372,1MB6,70.71,0.557000,1.00,-2228.514,235.096,0.271002,0.483990
373,1MEA,59.82,0.531700,1.00,-1418.873,143.527,0.468387,0.315360
374,1MED,60.71,0.504900,1.00,-1418.873,143.527,0.481190,0.287400
375,1MEQ,45.65,0.448600,1.00,-731.099,148.327,0.730111,0.192990
376,1MF6,64.58,0.487800,1.00,-462.496,59.911,0.448246,0.348430
377,1MGX,47.87,0.390000,1.00,-3529.403,275.921,0.617066,0.333180
378,1MHU,40.32,0.415900,1.00,-2148.875,192.533,0.777990,0.216330
379,1MKC,48.84,0.550600,1.00,-2366.306,193.215,0.655875,0.365610
380,1MM0,93.75,0.799700,1.00,-3019.516,221.814,0.099424,0.807950
381,1MMC,80.83,0.697400,1.00,-1919.988,133.892,0.187134,0.536790
382,1MOT,60.71,0.627500,1.00,-1385.341,61.568,0.628801,0.439750
383,1MPZ,36.59,0.444600,1.00,-2361.405,216.441,0.681024,0.244970
384,1MR0,65.44,0.533700,1.00,-2642.052,227.702,0.281458,0.423930
385,1MR4,88.83,0.727100,1.00,-3557.050,238.808,0.153193,0.788680
386,1MRB,41.13,0.420100,1.00,-1970.106,212.571,0.791337,0.250120
387,1MRT,40.32,0.407100,1.00,-2136.005,218.202,0.755967,0.267910
388,1MTQ,65.79,0.502000,1.00,-1076.110,91.634,0.495280,0.303780
389,1MTX,91.03,0.727800,1.00,-2785.688,242.702,0.123890,0.765380
390,1MXQ,52.27,0.528500,1.00,-361.640,102.605,0.372458,0.167580
391,1MYN,93.18,0.736700,1.00,-3224.246,191.015,0.108904,0.840050
392,1MYU,68.75,0.564000,1.00,-451.505,70.060,0.349188,0.331680
393,1MZI,50.00,0.539300,1.00,-652.497,73.654,0.346445,0.155650
394,1N0Z,65.00,0.642100,1.00,-2181.328,297.859,0.841032,0.556880
395,1N1U,78.45,0.703600,1.00,-1585.580,121.134,0.368868,0.546210
396,1N2Y,45.00,0.437500,1.00,-599.408,117.529,0.548888,0.203580
397,1N4N,88.83,0.769200,1.00,-3605.067,249.467,0.115514,0.820790
398,1N5G,30.26,0.305200,1.00,-2760.146,212.814,0.827519,0.258480
399,1N6T,65.00,0.531500,1.00,-369.988,38.404,0.360522,0.350110
400,1N8M,93.42,0.742600,1.00,-2576.949,219.279,0.113520,0.824150
401,1N9U,55.00,0.408300,1.00,-411.061,77.450,0.288811,0.358340
402,1NB1,90.52,0.752900,1.00,-1914.737,138.684,0.123435,0.672450
403,1NBJ,63.33,0.535600,1.00,-2112.413,217.405,0.374101,0.342170
404,1NBL,89.67,0.739600,1.00,-3470.665,183.758,0.128338,0.804210
405,1NC8,72.41,0.628400,1.00,-1357.234,154.447,0.600254,0.532830
406,1NCS,75.53,0.625100,1.00,-4056.401,244.929,0.327030,0.668450
407,1ND9,52.55,0.506900,1.00,-4307.686,144.299,0.413099,0.419540
408,1NE5,79.76,0.583000,1.00,-2746.213,309.219,0.255093,0.644000
409,1NIZ,70.31,0.556600,1.00,-460.863,89.038,0.221922,0.190820
410,1NJ0,73.44,0.561100,1.00,-460.863,89.038,0.225122,0.214290
411,1NJ3,86.29,0.729800,1.00,-1999.535,217.570,0.245276,0.635780
412,1NMJ,35.71,0.445800,1.00,-992.981,199.613,0.760494,0.191920
413,1NZS,34.21,0.542500,1.00,-412.026,92.488,1.021785,0.119660
414,1O53,80.00,0.652900,1.00,-724.245,57.588,0.273475,0.384170
415,1O8Y,71.43,0.548300,1.00,-499.118,143.773,0.226631,0.347770
416,1O8Z,64.29,0.508800,1.00,-499.118,143.773,0.240004,0.306940
417,1OAV,70.31,0.623600,1.00,-2562.731,326.187,0.276803,0.592750
418,1OAW,65.62,0.611500,1.00,-2562.731,326.187,0.495845,0.545610
419,1ODP,86.25,0.698200,1.00,-1455.654,64.784,0.158437,0.449870
420,1ODQ,83.75,0.676500,1.00,-1455.654,64.784,0.201617,0.411080
421,1ODR,85.00,0.640000,1.00,-1455.654,64.784,0.148640,0.442790
422,1OEF,86.46,0.720700,1.00,-1904.640,43.734,0.135471,0.441420
423,1OEG,75.00,0.735800,1.00,-1691.066,38.459,0.311575,0.403290
424,1OEI,34.38,0.309700,1.00,-469.070,161.192,0.764021,0.092490
425,1OG7,40.70,0.529200,1.00,-2115.579,205.624,0.909791,0.361020
426,1OHM,48.86,0.498500,1.00,-2669.008,163.928,0.613679,0.402580
427,1OHN,47.67,0.497800,1.00,-2115.579,205.624,0.781202,0.351870
428,1OIG,84.38,0.709900,1.00,-1268.646,156.262,0.157708,0.400270
429,1OMA,46.35,0.467300,1.00,-2522.348,475.043,0.680231,0.394490
430,1OMB,51.04,0.476000,1.00,-2522.348,475.043,0.607777,0.466030
431,1OMQ,34.38,0.359400,1.00,-673.084,100.335,0.714776,0.261140
432,1OPP,63.82,0.654600,1.00,-3026.463,90.774,0.443017,0.509350
433,1ORL,93.48,0.764400,1.00,-3207.647,167.782,0.098372,0.866020
434,1ORX,88.54,0.749100,1.00,-1637.896,114.920,0.160378,0.532990
435,1OZZ,78.41,0.688900,1.00,-3150.594,408.381,0.491178,0.692870
436,1P00,76.14,0.657500,1.00,-3396.309,243.626,0.443868,0.652460
437,1P0A,70.45,0.603000,1.00,-3211.456,263.357,0.496651,0.566150
438,1P7A,70.27,0.723600,1.00,-2156.327,192.218,0.791368,0.588660
439,1P82,31.00,0.352900,1.00,-1056.016,124.186,1.089682,0.189050
440,1P83,22.00,0.351200,1.00,-1056.016,124.186,0.909409,0.122850
441,1P8B,89.19,0.746900,1.00,-2744.292,185.250,0.164825,0.721180
442,1P9C,50.00,0.543700,1.00,-2193.608,222.706,0.584607,0.379660
443,1P9F,75.00,0.581600,1.00,-437.919,64.325,0.362846,0.463050
444,1P9Z,68.90,0.581000,1.00,-2689.062,242.942,0.746758,0.588230
445,1PAA,86.67,0.728600,1.00,-1953.226,180.457,0.234796,0.638560
446,1PB5,86.43,0.729500,1.00,-1842.395,200.812,0.146176,0.688210
447,1PDC,78.89,0.653600,1.00,-3683.293,291.586,0.294145,0.662640
448,1PGY,72.34,0.627300,1.00,-4677.967,223.091,0.374325,0.616340
449,1PJV,87.50,0.700500,1.00,-2414.432,120.655,0.152652,0.662400
450,1PLP,60.00,0.595700,1.00,-1236.214,130.144,0.450024,0.374650
451,1PMC,85.42,0.714000,1.00,-1916.847,215.280,0.178167,0.669810
452,1PNH,87.10,0.708600,1.00,-2120.343,96.944,0.131663,0.650330
453,1PP5,47.62,0.449300,1.00,-876.180,132.225,0.564752,0.123290
454,1PSM,60.53,0.604900,1.00,-2665.347,74.053,0.491104,0.470790
455,1PSV,66.07,0.604500,1.00,-2063.860,149.435,0.366240,0.401920
456,1PT4,88.79,0.711900,1.00,-1845.016,183.022,0.165743,0.612090
457,1PV0,86.41,0.695100,1.00,-4064.487,198.222,0.325586,0.788750
458,1PVZ,74.19,0.597100,1.00,-2143.385,192.427,0.384223,0.549020
459,1PX9,67.86,0.545200,1.00,-2746.213,309.219,0.304434,0.468450
460,1PXQ,49.29,0.431400,1.00,-1977.503,214.663,0.487905,0.311180
461,1Q01,27.63,0.459000,1.00,-1157.920,221.416,0.904084,0.256960
462,1Q2F,52.34,0.599700,1.00,-2428.332,87.484,0.520528,0.354660
463,1Q2I,44.53,0.466800,1.00,-2428.332,87.484,0.727786,0.277650
464,1Q2J,45.45,0.451900,1.00,-902.404,172.659,0.504185,0.128420
465,1Q2K,92.74,0.757500,1.00,-2033.733,105.048,0.112960,0.743200
466,1Q3J,71.53,0.589900,1.00,-2110.984,158.184,0.316260,0.531080
467,1Q3M,55.10,0.514600,1.00,-3551.586,292.095,0.753688,0.459570
468,1Q3Y,48.81,0.506400,1.00,-2108.720,169.263,0.782194,0.383120
469,1Q3Z,45.83,0.495800,1.00,-2108.720,169.263,0.719491,0.371520
470,1Q71,48.81,0.478500,1.00,-876.180,132.225,0.568341,0.171710
471,1QCM,59.09,0.548800,1.00,-299.622,65.006,0.329646,0.295130
472,1QDP,29.17,0.356400,1.00,-2455.103,327.378,0.768584,0.271320
473,1QFD,71.88,0.556500,1.00,-2177.883,214.323,0.266904,0.457380
474,1QG9,83.33,0.715700,1.00,-1639.321,31.904,0.273583,0.434440
475,1QGM,83.33,0.741200,1.00,-2109.328,139.790,0.169225,0.563360
476,1QHK,71.28,0.613900,1.00,-4122.093,184.616,0.260696,0.580410
477,1QJK,33.33,0.394400,1.00,-2188.304,379.269,0.837478,0.160620
478,1QJL,45.54,0.462800,1.00,-1691.635,263.982,0.863331,0.258630
479,1QK6,90.91,0.737000,1.00,-2072.046,199.615,0.112556,0.732410
480,1QK7,84.38,0.628100,1.00,-2284.768,242.555,0.220981,0.620810
481,1QKY,88.16,0.720000,1.00,-3065.736,174.154,0.127426,0.727020
482,1QLO,49.26,0.413700,1.00,-2536.420,207.536,0.754496,0.332810
483,1QWP,47.73,0.529500,1.00,-299.622,65.006,0.338501,0.334980
484,1QXC,59.09,0.534600,1.00,-299.622,65.006,0.385611,0.326600
485,1QYT,56.82,0.531500,1.00,-299.622,65.006,0.351697,0.238000
486,1R02,42.42,0.434000,1.00,-1767.536,224.275,0.731933,0.233940
487,1R1F,53.38,0.453200,1.00,-2076.104,451.130,0.437548,0.362990
488,1R7C,72.58,0.754000,1.00,-2630.916,107.908,0.290197,0.526390
489,1R7D,70.97,0.694900,1.00,-2630.916,107.908,0.236677,0.480420
490,1R7E,80.65,0.708200,1.00,-2630.916,107.908,0.272374,0.589770
491,1R7F,71.77,0.651400,1.00,-2630.916,107.908,0.292166,0.412390
492,1R7G,74.19,0.700000,1.00,-2630.916,107.908,0.380711,0.508660
493,1R8T,55.00,0.471500,1.00,-576.048,146.007,0.543940,0.257310
494,1R9I,46.59,0.433300,1.00,-1004.424,200.108,0.622554,0.186140
495,1RES,69.77,0.577200,1.00,-4032.668,80.873,0.549756,0.580320
496,1RET,68.60,0.547700,1.00,-4032.668,80.873,0.499171,0.517080
497,1RG3,46.88,0.445500,1.00,-740.766,116.666,0.456916,0.207550
498,1RG4,48.44,0.454600,1.00,-740.766,116.666,0.423915,0.143250
499,1RIJ,54.35,0.629400,1.00,-1069.034,97.531,0.993388,0.275130
500,1RIK,93.10,0.744900,1.00,-1997.025,119.993,0.114174,0.723960
501,1RIM,84.09,0.638800,1.00,-2201.290,147.778,0.230513,0.657860
502,1RJI,73.39,0.577200,1.00,-2185.490,204.654,0.370188,0.448350
503,1RKL,56.25,0.628300,1.00,-2744.140,89.764,0.726171,0.514800
504,1RMK,71.77,0.599800,1.00,-2701.741,210.420,0.272735,0.462890
505,1RO3,43.88,0.439800,1.00,-2633.938,242.784,0.649611,0.339620
506,1ROO,72.86,0.576000,1.00,-2523.200,163.129,0.224831,0.547770
507,1RPB,45.24,0.415600,1.00,-1134.306,230.215,0.571977,0.156520
508,1RPC,40.48,0.404600,1.00,-1134.306,230.215,0.567444,0.157550
509,1RSW,33.33,0.439000,1.00,-246.977,68.310,0.613784,0.060690
510,1RSX,37.50,0.484300,1.00,-246.977,68.310,0.661753,0.251760
511,1RT0,41.67,0.496100,1.00,-246.977,68.310,0.676421,0.110170
512,1S4H,44.23,0.487600,1.00,-138.645,101.821,0.485291,0.138860
513,1S4J,53.85,0.449900,1.00,-193.143,90.104,0.510657,0.168550
514,1S4T,44.05,0.525800,1.00,-1208.827,104.730,0.799051,0.170720
515,1S4W,33.75,0.457900,1.00,-207.600,177.037,0.760551,0.143430
516,1S6W,61.90,0.515100,1.00,-1208.965,101.960,0.291650,0.151910
517,1S6X,83.09,0.688500,1.00,-2412.921,209.920,0.253807,0.637330
518,1SBU,59.09,0.584800,1.00,-369.954,53.562,0.581720,0.276240
519,1SCO,75.00,0.646400,1.00,-2700.101,234.937,0.194616,0.553320
520,1SH1,47.92,0.455500,1.00,-2744.898,287.777,0.574873,0.341040
521,1SKH,65.83,0.601300,1.00,-1970.773,122.758,0.430761,0.497710
522,1SMZ,56.48,0.475500,1.00,-1652.270,189.983,0.812559,0.370340
523,1SOL,33.75,0.399000,1.00,-478.087,132.572,0.714859,0.127470
524,1SP1,82.76,0.675400,1.00,-1628.773,140.166,0.285224,0.578040
525,1SP2,89.52,0.710800,1.00,-2040.086,150.755,0.158567,0.712330
526,1SP7,69.79,0.619700,1.00,-1500.087,146.879,0.288913,0.297640
527,1SPF,82.14,0.774800,1.00,-2049.834,116.974,0.347047,0.660050
528,1SPW,85.90,0.640500,1.00,-3298.273,222.049,0.220713,0.722060
529,1SRB,64.29,0.468500,1.00,-1594.695,103.579,0.469074,0.253590
530,1SRK,74.29,0.687300,1.00,-2322.993,134.697,0.504376,0.574310
531,1SSL,69.79,0.595600,1.00,-3737.311,278.522,0.311217,0.584230
532,1SUT,32.95,0.419500,1.00,-851.215,131.232,0.723421,0.130390
533,1SX0,96.59,0.749400,1.00,-1051.388,96.357,0.080344,0.544160
534,1SX1,93.18,0.763700,1.00,-1051.388,96.357,0.107842,0.479740
535,1T0C,27.42,0.479800,1.00,-837.991,148.767,1.091933,0.167450
536,1T2Y,46.00,0.472700,1.00,-1476.797,129.248,0.672341,0.200240
537,1T5M,46.15,0.346200,1.00,-318.751,77.960,0.650716,0.291250
538,1T5N,50.00,0.413500,1.00,-318.751,77.960,0.668834,0.185860
539,1T5Q,78.33,0.744400,1.00,-2274.894,89.779,0.228769,0.540830
540,1T9E,58.93,0.627800,1.00,-430.601,88.139,0.778073,0.277720
541,1TI5,86.96,0.667200,1.00,-3361.138,213.164,0.152946,0.785670
542,1TM6,56.82,0.505900,1.00,-1009.101,83.339,0.425054,0.150910
543,1TMR,81.58,0.695800,1.00,-1059.230,91.865,0.180452,0.365060
544,1TOR,65.00,0.500100,1.00,-229.307,39.344,0.416772,0.263230
545,1TOS,65.00,0.534600,1.00,-263.917,41.876,0.241637,0.366380
546,1TSK,82.86,0.680000,1.00,-2572.630,154.073,0.147017,0.638850
547,1TV0,80.47,0.593300,1.00,-2005.114,180.947,0.232763,0.580380
548,1TYK,64.71,0.500800,1.00,-2397.950,196.051,0.393931,0.462990
549,1U0P,56.48,0.465300,1.00,-1707.998,145.299,0.649310,0.349420
550,1U57,38.02,0.529800,1.00,-2326.982,275.366,1.225956,0.335450
551,1U6U,64.71,0.493600,1.00,-507.689,134.745,0.282962,0.155080
552,1U6V,63.24,0.477100,1.00,-507.689,134.745,0.325264,0.245890
553,1U85,71.97,0.690000,1.00,-2059.564,186.731,0.495186,0.541360
554,1U86,75.71,0.684000,1.00,-2205.856,186.629,0.360651,0.544290
555,1UAO,55.00,0.530800,1.00,-262.971,45.333,0.331386,0.305170
556,1UJL,32.74,0.307700,1.00,-2497.686,293.671,1.221322,0.277580
557,1UT3,90.79,0.688900,1.00,-2992.117,200.970,0.122854,0.773940
558,1UYA,59.38,0.517500,1.00,-741.764,74.404,0.404873,0.256880
559,1UYB,51.56,0.582900,1.00,-741.764,74.404,0.495551,0.235670
560,1V1D,80.65,0.650000,1.00,-2233.315,136.303,0.193557,0.570050
561,1V28,79.35,0.649900,1.00,-1099.329,148.976,0.336211,0.437130
562,1V4Z,72.37,0.681500,1.00,-1008.176,50.465,0.365522,0.412540
563,1V50,69.74,0.649300,1.00,-1008.176,50.465,0.395039,0.337520
564,1V5A,72.32,0.582100,1.00,-1427.437,216.193,0.283853,0.408950
565,1V6R,66.67,0.526600,1.00,-1525.870,67.985,0.506469,0.238940
566,1V92,76.63,0.665200,1.00,-4746.716,152.524,0.182948,0.667230
567,1VA1,78.38,0.654300,1.00,-2368.614,133.097,0.332351,0.622950
568,1VA2,88.71,0.704500,1.00,-2040.086,150.755,0.141039,0.664580
569,1VA3,83.62,0.663300,1.00,-1628.773,140.166,0.239277,0.564230
570,1VB8,63.33,0.516700,1.00,-2092.828,202.005,0.377160,0.383710
571,1VD7,67.39,0.548500,1.00,-1399.619,57.599,0.426383,0.310100
572,1VD8,65.22,0.479100,1.00,-1618.540,54.082,0.410307,0.278260
573,1VD9,72.83,0.609500,1.00,-1513.195,47.766,0.376140,0.383140
574,1VDA,57.61,0.538800,1.00,-1474.321,58.673,0.651828,0.293400
575,1VDB,90.22,0.731100,1.00,-1399.619,57.599,0.136118,0.493150
576,1VII,80.56,0.684700,1.00,-3021.598,117.123,0.237217,0.607710
577,1VPC,52.78,0.567000,1.00,-2752.997,237.961,0.725605,0.493620
578,1VPU,32.22,0.538300,1.00,-2361.648,154.531,1.421367,0.266060
579,1VQX,31.58,0.542500,1.00,-412.026,92.488,1.021487,0.119960
580,1VTP,68.27,0.675600,1.00,-1667.514,44.957,0.388343,0.470750
581,1VTX,36.90,0.356300,1.00,-2865.827,294.012,0.656671,0.291990
582,1W1N,51.52,0.506700,1.00,-2100.942,134.452,0.554086,0.404070
583,1W4E,88.83,0.704300,1.00,-3803.401,232.325,0.201458,0.806860
584,1W4F,88.30,0.727500,1.00,-3803.401,232.325,0.221768,0.787330
585,1W4G,88.30,0.731100,1.00,-3734.443,272.163,0.298597,0.808170
586,1W4H,85.64,0.703600,1.00,-3532.269,159.804,0.501949,0.785520
587,1WAZ,45.11,0.576700,1.00,-3620.286,142.288,1.177753,0.442960
588,1WCT,55.77,0.516300,1.00,-338.956,69.635,0.363046,0.237730
589,1WM7,73.28,0.612200,1.00,-1825.002,162.033,0.276440,0.393470
590,1WM8,66.96,0.515600,1.00,-1720.730,141.453,0.309505,0.343520
591,1WMT,86.59,0.691200,1.00,-3023.796,299.343,0.158396,0.730680
592,1WN4,69.64,0.636300,1.00,-1303.811,95.843,0.540728,0.509350
593,1WN8,85.23,0.649600,1.00,-1311.959,45.933,0.318943,0.558430
594,1WNK,76.09,0.702100,1.00,-1513.195,47.766,0.254659,0.457000
595,1WNM,88.04,0.712100,1.00,-1618.540,54.082,0.141911,0.508650
596,1WNN,80.43,0.683800,1.00,-1474.321,58.673,0.241748,0.462310
597,1WO3,39.00,0.437100,1.00,-743.685,197.078,0.567051,0.206940
598,1WO4,56.00,0.487700,1.00,-1158.289,94.307,0.465040,0.301920
599,1WO5,63.00,0.525600,1.00,-1719.040,120.357,0.480813,0.273990
600,1WO6,68.00,0.529600,1.00,-1267.344,161.388,0.324010,0.302070
601,1WO7,62.00,0.514800,1.00,-1325.984,111.384,0.558083,0.277600
602,1WO9,76.43,0.680500,1.00,-1574.119,215.362,0.388644,0.575030
603,1WPD,63.24,0.530800,1.00,-2309.903,152.552,0.483217,0.372980
604,1WQB,34.38,0.358000,1.00,-1609.426,756.677,0.899051,0.234830
605,1WQC,78.85,0.646000,1.00,-1811.614,114.213,0.281055,0.446500
606,1WQD,73.15,0.638500,1.00,-1850.299,128.220,0.467440,0.371320
607,1WQE,90.22,0.693500,1.00,-1426.558,66.537,0.156461,0.471780
608,1WQK,88.69,0.761000,1.00,-3684.142,212.317,0.219800,0.792170
609,1WR3,81.25,0.695000,1.00,-2096.989,205.274,0.276659,0.613630
610,1WR4,86.81,0.748700,1.00,-2044.473,221.905,0.228888,0.725980
611,1WR7,78.05,0.730300,1.00,-2459.178,197.598,0.434497,0.656590
612,1WT7,70.73,0.607800,1.00,-2991.277,202.698,0.440609,0.554770
613,1WT8,73.39,0.551700,1.00,-2185.490,204.654,0.382686,0.461570
614,1WXN,80.95,0.698800,1.00,-3566.683,239.196,0.203820,0.661650
615,1WZ4,58.70,0.515400,1.00,-1169.317,118.980,0.463273,0.283640
616,1WZ5,65.00,0.494900,1.00,-2128.785,166.718,0.343501,0.430280
617,1X22,57.74,0.660600,1.00,-2050.808,247.094,0.583294,0.450330
618,1X32,39.36,0.407400,1.00,-3540.099,241.570,0.783104,0.305520
619,1X5V,75.00,0.572700,1.00,-2409.362,258.318,0.217144,0.496350
620,1X7K,44.74,0.324000,1.00,-1241.708,92.811,0.535320,0.198060
621,1XBH,65.38,0.472600,1.00,-596.063,71.280,0.351743,0.226700
622,1XC0,56.06,0.596000,1.00,-1516.996,229.363,0.444503,0.364430
623,1XF7,90.52,0.780200,1.00,-1791.298,111.398,0.237164,0.697440
624,1XOO,45.00,0.479700,1.00,-774.386,124.239,0.437414,0.189210
625,1XOP,61.25,0.556100,1.00,-852.862,86.324,0.392261,0.257330
626,1XRZ,85.83,0.710900,1.00,-1842.134,129.480,0.283194,0.676780
627,1XT7,55.77,0.483300,1.00,-318.751,77.960,0.396214,0.282370
628,1XUT,63.59,0.576000,1.00,-3340.562,333.670,0.431877,0.520640
629,1XV3,42.02,0.521400,1.00,-2908.590,372.430,1.071286,0.370770
630,1XXZ,59.09,0.480000,1.00,-371.048,53.272,0.295964,0.349210
631,1XY4,56.25,0.435000,1.00,-546.237,56.032,0.317829,0.217240
632,1XY6,52.08,0.483200,1.00,-500.684,81.370,0.396377,0.259450
633,1XY8,46.15,0.452400,1.00,-529.369,193.063,0.379934,0.181400
634,1XY9,54.55,0.422400,1.00,-429.392,60.945,0.362419,0.215710
635,1Y03,76.43,0.768500,1.00,-1306.129,50.577,0.368900,0.624390
636,1Y04,61.43,0.783600,1.00,-1306.129,50.577,0.728466,0.479770
637,1Y1B,82.81,0.709100,1.00,-3654.078,199.098,0.274500,0.727930
638,1Y1C,82.29,0.695600,1.00,-3677.344,185.024,0.286697,0.701010
639,1Y29,78.57,0.581200,1.00,-1622.584,251.864,0.295790,0.486450
640,1Y2P,89.71,0.715600,1.00,-2159.642,175.211,0.136419,0.699090
641,1Y32,46.88,0.491700,1.00,-898.282,131.119,0.548921,0.186180
642,1Y4E,44.44,0.538800,1.00,-1868.192,110.016,0.565254,0.248810
643,1Y5C,68.18,0.490600,1.00,-273.333,124.389,0.270871,0.283890
644,1YIU,87.16,0.773200,1.00,-2356.711,280.207,0.132053,0.715370
645,1YMZ,77.91,0.690600,1.00,-2419.667,348.287,0.272972,0.682820
646,1YP8,64.39,0.488600,1.00,-2364.427,300.225,0.642651,0.457840
647,1YT6,65.00,0.540100,1.00,-432.516,66.806,0.253290,0.307040
648,1YTR,64.42,0.614600,1.00,-1588.302,64.532,0.577528,0.354870
649,1YV8,88.04,0.725700,1.00,-3585.385,221.690,0.172786,0.773370
650,1YVA,84.78,0.710400,1.00,-3585.385,221.690,0.218152,0.746800
651,1YWJ,63.41,0.593800,1.00,-2078.990,232.344,0.688504,0.502890
652,1YYB,71.30,0.618500,1.00,-1725.824,85.110,0.531696,0.416250
653,1Z0Q,22.62,0.301700,1.00,-1778.155,449.217,1.009186,0.261210
654,1Z2T,76.09,0.593400,1.00,-1786.030,79.545,0.453704,0.421840
655,1Z65,71.67,0.609300,1.00,-2132.088,72.015,0.325233,0.492990
656,1Z6V,48.47,0.467600,1.00,-3612.193,194.561,0.822816,0.399550
657,1Z6W,26.53,0.322600,1.00,-3612.193,194.561,1.112060,0.223650
658,1Z99,79.17,0.624700,1.00,-2290.537,237.224,0.290376,0.651300
659,1ZA8,57.26,0.446700,1.00,-1752.892,254.469,0.409425,0.330460
660,1ZAQ,59.66,0.570900,1.00,-3127.329,272.329,0.693958,0.449040
661,1ZDA,79.61,0.685400,1.00,-2661.974,180.831,0.493115,0.705840
662,1ZDB,71.71,0.675500,1.00,-2661.974,180.831,0.446643,0.567870
663,1ZFD,85.94,0.723900,1.00,-1879.266,150.098,0.163675,0.636170
664,1ZFU,81.88,0.693600,1.00,-2641.195,249.211,0.190700,0.688820
665,1ZJQ,77.21,0.621400,1.00,-2481.764,167.824,0.197699,0.545840
666,1ZNM,83.04,0.692100,1.00,-1803.884,110.106,0.154083,0.475390
667,1ZNU,88.79,0.748700,1.00,-1914.737,138.684,0.122001,0.664420
668,1ZR7,90.00,0.721500,1.00,-1844.659,153.960,0.205470,0.714300
669,1ZRV,73.00,0.679600,1.00,-1879.002,40.949,0.233335,0.330520
670,1ZRW,60.00,0.596000,1.00,-1879.002,40.949,0.500314,0.333200
671,1ZRX,52.38,0.578300,1.00,-2338.768,184.310,0.659699,0.438410
672,1ZTA,80.71,0.624900,1.00,-2605.075,79.066,0.361633,0.711330
673,1ZTN,28.33,0.423400,1.00,-906.054,264.929,0.860733,0.167170
674,1ZTO,49.32,0.553700,1.00,-1850.601,218.653,0.874101,0.371560
675,1ZUE,54.76,0.497800,1.00,-2752.888,237.662,0.672752,0.419470
676,1ZUF,59.52,0.497200,1.00,-2752.888,237.662,0.573688,0.448690
677,1ZUV,82.50,0.644900,1.00,-1968.671,158.311,0.273748,0.565230
678,1ZWA,42.65,0.541000,1.00,-2773.271,83.226,0.939909,0.308780
679,1ZWB,47.92,0.574000,1.00,-2988.234,78.771,1.015314,0.401440
680,1ZWC,47.30,0.586600,1.00,-2913.010,111.633,0.696008,0.357060
681,1ZWD,43.57,0.555700,1.00,-2825.524,75.206,0.661745,0.318750
682,1ZWE,47.06,0.569000,1.00,-2731.692,75.400,0.694787,0.388690
683,1ZWU,85.83,0.724800,1.00,-1849.934,136.027,0.168089,0.595000
684,2A1C,75.00,0.571900,1.00,-860.474,69.233,0.275865,0.330780
685,2A2B,41.46,0.471100,1.00,-2057.986,256.694,0.757080,0.292260
686,2A2V,88.24,0.687600,1.00,-2138.682,249.158,0.174764,0.680350
687,2A51,66.67,0.665600,1.00,-2342.090,234.468,0.355991,0.411600
688,2AAP,89.71,0.664900,1.00,-2481.764,167.824,0.157878,0.708350
689,2AB3,84.48,0.688300,1.00,-1720.937,144.711,0.171136,0.568070
690,2AB7,92.24,0.717600,1.00,-1828.244,138.552,0.113889,0.677760
691,2AB9,29.84,0.361400,1.00,-1272.711,273.017,0.942106,0.225710
692,2ADX,51.25,0.518500,1.00,-2464.816,238.378,0.598364,0.342870
693,2AJJ,83.04,0.715200,1.00,-1987.409,76.071,0.224943,0.541360
694,2AJM,82.14,0.698300,1.00,-1987.409,76.071,0.184420,0.584060
695,2AJN,79.46,0.694600,1.00,-1987.409,76.071,0.245413,0.538860
696,2AJO,82.14,0.698300,1.00,-1987.409,76.071,0.184420,0.584060
697,2AJW,50.00,0.515900,1.00,-647.993,180.543,0.541298,0.157700
698,2AK0,45.65,0.482200,1.00,-974.186,173.253,0.655767,0.183980
699,2AMN,55.77,0.605900,1.00,-1787.759,69.108,0.493480,0.306770
700,2AP7,82.50,0.737200,1.00,-726.422,111.346,0.255597,0.388550
701,2AP8,75.00,0.696500,1.00,-726.422,111.346,0.344662,0.397420
702,2ARI,48.72,0.561800,1.00,-2200.296,85.939,0.627406,0.503180
703,2ATG,47.22,0.357200,1.00,-776.216,217.539,0.530376,0.130330
704,2AXK,83.55,0.673200,1.00,-3015.995,193.999,0.146726,0.671660
705,2B0Y,67.65,0.576800,1.00,-858.399,77.087,0.315795,0.338550
706,2B19,56.94,0.549100,1.00,-1913.474,167.498,0.508186,0.383800
707,2B38,87.10,0.705600,1.00,-1997.214,179.875,0.168504,0.679930
708,2B4N,51.19,0.600600,1.00,-2440.634,280.231,0.723837,0.410540
709,2B5B,31.94,0.378600,1.00,-1823.242,365.925,0.905575,0.216290
710,2B5P,63.64,0.462800,1.00,-353.243,79.202,0.297389,0.198620
711,2B5Q,54.55,0.526900,1.00,-353.243,79.202,0.433691,0.233510
712,2B68,87.79,0.728400,1.00,-2933.568,272.102,0.169699,0.738890
713,2B9K,68.62,0.597300,1.00,-3785.953,304.557,0.637800,0.515700
714,2BAI,39.84,0.390000,1.00,-1669.488,211.573,1.113212,0.259140
715,2BAO,67.50,0.556800,1.00,-328.110,65.265,0.291656,0.362390
716,2BAU,60.00,0.497900,1.00,-328.110,65.265,0.455171,0.390080
717,2BBG,35.62,0.354300,1.00,-2846.112,227.507,0.810360,0.355270
718,2BBL,37.50,0.524100,1.00,-781.250,127.568,1.048339,0.152680
719,2BBP,35.23,0.530400,1.00,-781.250,127.568,1.221561,0.141540
720,2BBX,77.55,0.701100,1.00,-2533.240,202.933,0.264100,0.686900
723,2BDS,82.56,0.655400,1.00,-3196.030,262.486,0.151061,0.709460
724,2BEY,40.62,0.476500,1.00,-461.745,93.686,0.665523,0.168180
725,2BL6,47.30,0.489300,1.00,-1997.217,161.781,0.661630,0.296840
726,2BMT,97.30,0.779700,1.00,-3016.691,182.368,0.063391,0.889090
727,2BN6,71.21,0.616800,1.00,-2476.698,120.670,0.367913,0.493490
728,2BP4,40.62,0.434300,1.00,-515.517,99.540,0.566011,0.152720
729,2BTG,83.51,0.702300,1.00,-3735.009,168.031,0.566431,0.769280
730,2BTH,80.32,0.662400,1.00,-3735.009,168.031,0.540995,0.716980
731,2C6A,78.80,0.707700,1.00,-2702.171,249.243,0.460636,0.668840
732,2C6B,76.09,0.721900,1.00,-2702.171,249.243,0.573777,0.637900
733,2CBH,100.00,0.832200,1.00,-2394.911,195.916,0.046138,0.929280
734,2CEF,44.74,0.474000,1.00,-609.156,132.679,0.599999,0.124200
735,2CEH,59.21,0.521600,1.00,-609.156,132.679,0.312853,0.182000
736,2CEZ,48.68,0.508900,1.00,-609.156,132.679,0.467944,0.145410
737,2CFJ,47.37,0.516700,1.00,-609.156,132.679,0.615830,0.189260
738,2CK4,80.26,0.703100,1.00,-2695.913,159.843,0.168054,0.618330
739,2CK5,81.45,0.697800,1.00,-1868.812,166.029,0.186225,0.543650
740,2CQ7,68.88,0.673300,1.00,-2858.988,241.422,0.558517,0.598120
741,2CRD,91.22,0.704100,1.00,-2820.305,187.306,0.126164,0.760530
742,2CSA,34.21,0.515300,1.00,-440.721,98.099,0.938885,0.106320
743,2CTI,94.83,0.732200,1.00,-1909.171,192.933,0.111646,0.723640
744,2CYU,76.88,0.587500,1.00,-3179.404,113.360,0.411741,0.625960
745,2DCI,60.00,0.478800,1.00,-803.154,174.754,0.417595,0.121160
746,2DCO,33.09,0.336400,1.00,-1692.413,358.911,0.722815,0.244790
747,2DCV,32.14,0.368500,1.00,-3096.553,315.222,0.798812,0.254260
748,2DCW,80.36,0.655200,1.00,-3025.634,257.891,0.265803,0.675200
749,2DDL,78.03,0.636300,1.00,-2544.680,110.375,0.313737,0.516980
750,2DI2,73.28,0.650600,1.00,-1319.766,102.680,0.459695,0.533070
751,2DJ9,78.26,0.651700,1.00,-1228.476,82.890,0.331628,0.354390
752,2DJC,80.43,0.631300,1.00,-1066.928,121.502,0.329427,0.435810
753,2DMV,67.44,0.659200,1.00,-2393.109,269.622,0.707937,0.590070
754,2DQ5,78.19,0.649800,1.00,-3290.734,234.009,0.251006,0.657560
755,2DTB,77.88,0.724600,1.00,-1727.418,37.804,0.243237,0.488820
756,2DWF,69.12,0.546100,1.00,-3232.701,145.576,0.310492,0.509430
757,2DX2,59.09,0.513200,1.00,-398.075,73.438,0.322753,0.270580
758,2DX3,33.33,0.364200,1.00,-830.971,138.043,0.767694,0.165250
759,2DX4,56.94,0.444200,1.00,-830.971,138.043,0.494183,0.139740
760,2E1X,74.07,0.650400,1.00,-1202.205,122.842,0.423926,0.413990
761,2E2F,86.59,0.705400,1.00,-3070.309,202.335,0.157082,0.728100
762,2E3E,46.11,0.461300,1.00,-3650.522,229.252,0.812743,0.357080
763,2E3F,55.81,0.531700,1.00,-2921.611,225.937,0.787293,0.435940
764,2E3G,63.75,0.532200,1.00,-3013.967,300.935,0.532572,0.516710
765,2E4E,52.50,0.498200,1.00,-311.435,35.674,0.512340,0.310310
766,2E5T,76.63,0.580500,1.00,-3605.028,140.590,0.165900,0.662840
767,2E5U,49.38,0.375200,1.00,-3083.306,124.696,1.334739,0.430720
768,2E72,65.82,0.616800,1.00,-2469.909,324.372,0.613923,0.542600
769,2EBQ,64.89,0.701900,1.00,-2371.685,225.729,0.757891,0.564010
770,2EBR,70.21,0.713400,1.00,-2191.245,259.289,0.573386,0.603470
771,2EC7,63.27,0.594400,1.00,-2454.544,202.413,0.473276,0.432790
772,2EEM,77.94,0.678000,1.00,-2496.454,185.338,0.203453,0.562410
773,2EFZ,59.38,0.485700,1.00,-613.274,113.215,0.388844,0.129860
774,2EKK,81.91,0.702700,1.00,-4126.124,134.305,0.656392,0.757170
775,2EL4,55.43,0.720700,1.00,-2211.362,234.646,0.983608,0.473090
776,2EL5,65.48,0.687200,1.00,-2129.409,229.175,0.793061,0.576950
777,2EL6,58.70,0.696000,1.00,-2371.570,230.813,0.927418,0.515460
778,2ELM,77.70,0.692200,1.00,-2257.066,149.820,0.351873,0.646650
779,2ELN,81.58,0.763100,1.00,-2269.809,143.322,0.427139,0.743790
780,2ELO,76.35,0.717200,1.00,-2129.955,191.102,0.314232,0.594430
781,2ELP,76.35,0.635000,1.00,-2528.217,240.711,0.725666,0.639590
782,2ELQ,74.31,0.738700,1.00,-1854.937,164.079,0.570324,0.590670
783,2ELR,68.75,0.763600,1.00,-1478.806,159.394,0.878706,0.575130
784,2ELS,82.64,0.762600,1.00,-2190.640,177.316,0.388616,0.712380
785,2ELT,78.47,0.801300,1.00,-1929.692,140.575,0.730905,0.679070
786,2ELU,72.30,0.707700,1.00,-2050.495,230.127,0.533493,0.586730
787,2ELV,77.08,0.684700,1.00,-2016.914,188.689,0.390538,0.605470
788,2ELW,75.68,0.743100,1.00,-2089.869,173.052,0.461758,0.607110
789,2ELX,77.14,0.727200,1.00,-1889.038,171.230,0.518483,0.656090
790,2ELY,62.50,0.699100,1.00,-1949.978,267.316,0.727796,0.532850
791,2ELZ,61.96,0.674200,1.00,-2174.821,202.499,0.668054,0.533170
792,2EM0,64.67,0.723800,1.00,-2342.592,207.674,0.763783,0.561160
793,2EM1,64.20,0.713300,1.00,-1984.376,252.838,0.671136,0.534200
794,2EM2,60.33,0.715500,1.00,-2146.761,218.063,0.865849,0.556830
795,2EM3,59.24,0.719000,1.00,-2034.341,280.488,1.131401,0.519670
796,2EM4,57.61,0.706200,1.00,-1994.014,216.001,0.969323,0.508890
797,2EM5,58.70,0.693700,1.00,-1993.003,205.066,1.037157,0.524550
798,2EM6,64.13,0.726000,1.00,-2026.270,250.289,0.809127,0.568270
799,2EM7,60.33,0.672300,1.00,-2245.989,163.177,0.867597,0.540830
800,2EM8,73.37,0.755200,1.00,-2276.505,211.359,0.338761,0.630710
801,2EM9,65.76,0.748800,1.00,-2126.297,289.343,0.895050,0.569270
802,2EMA,63.04,0.742900,1.00,-2059.242,253.072,0.780743,0.560660
803,2EMB,61.36,0.677700,1.00,-2020.121,215.568,0.930023,0.523750
804,2EMC,63.04,0.761600,1.00,-2227.422,211.453,0.821660,0.577770
805,2EME,64.67,0.686600,1.00,-2353.390,247.679,0.605666,0.549120
806,2EMF,66.30,0.762200,1.00,-1946.658,246.293,0.689460,0.582250
807,2EMG,57.61,0.681400,1.00,-2280.193,229.045,0.958224,0.535100
808,2EMH,68.48,0.741000,1.00,-2224.802,347.611,0.604433,0.572880
809,2EMI,57.61,0.612500,1.00,-2280.630,263.230,1.052799,0.514250
810,2EMJ,61.41,0.723600,1.00,-2111.812,229.999,0.881070,0.512870
811,2EMK,59.78,0.685700,1.00,-2184.690,213.180,0.938017,0.532410
812,2EML,60.87,0.655400,1.00,-2068.164,296.350,1.103677,0.530230
813,2EMM,60.87,0.728200,1.00,-2144.705,193.959,0.852922,0.551450
814,2EMP,64.13,0.753200,1.00,-2166.424,283.734,0.675328,0.546840
815,2EMV,61.36,0.721800,1.00,-2097.753,229.909,0.999660,0.543950
816,2EMW,65.34,0.675100,1.00,-2276.150,197.077,0.739173,0.551460
817,2EMX,68.75,0.778400,1.00,-1991.197,180.993,0.763414,0.610500
818,2EMY,61.96,0.687200,1.00,-2300.830,226.908,0.979057,0.555230
819,2EMZ,64.67,0.720300,1.00,-1931.067,221.055,0.621762,0.527200
820,2EN0,69.64,0.699700,1.00,-1919.083,343.099,0.659276,0.616850
821,2EN1,64.67,0.736200,1.00,-1908.324,322.293,0.697220,0.549880
822,2EN2,67.86,0.746900,1.00,-2086.699,208.076,0.889114,0.584260
823,2EN3,61.41,0.660800,1.00,-2550.900,289.058,1.084242,0.541010
824,2EN4,63.04,0.689900,1.00,-2152.944,230.739,0.857383,0.553370
825,2EN6,64.13,0.747700,1.00,-2046.746,270.889,0.772671,0.539060
826,2EN7,63.07,0.712100,1.00,-2075.414,254.556,0.722478,0.537640
827,2EN8,58.15,0.737700,1.00,-2246.604,283.582,0.947731,0.532710
828,2EN9,57.07,0.724500,1.00,-1913.894,268.252,0.929220,0.506740
829,2ENA,55.98,0.696700,1.00,-2049.288,224.006,1.098165,0.489510
830,2ENC,60.87,0.698900,1.00,-1964.102,263.905,0.867537,0.513980
831,2ENE,60.87,0.708900,1.00,-2197.604,257.822,1.115954,0.542590
832,2ENF,57.61,0.695300,1.00,-2071.151,215.414,1.348571,0.509090
833,2ENH,57.61,0.703200,1.00,-2120.049,264.586,1.029945,0.492120
834,2ENT,69.27,0.723800,1.00,-2422.447,242.348,0.684615,0.575930
835,2EOE,56.52,0.694000,1.00,-2056.438,288.310,0.904926,0.480420
836,2EOF,61.36,0.713000,1.00,-1962.953,258.453,0.918018,0.514890
837,2EOG,61.36,0.703700,1.00,-2301.631,205.996,0.892287,0.530750
838,2EOH,57.07,0.650600,1.00,-2046.540,217.212,0.966708,0.472900
839,2EOI,66.48,0.693300,1.00,-2106.314,220.072,0.779373,0.565240
840,2EOJ,59.09,0.689800,1.00,-2046.822,276.347,0.796445,0.499160
841,2EOK,69.64,0.683000,1.00,-2045.653,328.019,0.740732,0.620380
842,2EOL,71.43,0.736600,1.00,-1995.335,235.130,0.805473,0.651050
843,2EOM,60.33,0.701100,1.00,-2246.063,193.823,1.069746,0.538100
844,2EON,63.59,0.734000,1.00,-2102.778,241.715,0.801730,0.551440
845,2EOO,69.57,0.775500,1.00,-2296.253,232.751,0.719328,0.597250
846,2EOP,61.41,0.736000,1.00,-2074.827,294.409,0.964192,0.577570
847,2EOQ,63.04,0.712100,1.00,-1956.280,216.425,0.735026,0.540380
848,2EOR,61.41,0.760300,1.00,-1953.015,254.603,1.099802,0.536270
849,2EOS,68.45,0.756700,1.00,-2148.896,241.602,0.762311,0.581350
850,2EOU,60.23,0.737000,1.00,-1658.195,219.155,1.254510,0.516460
851,2EOV,59.78,0.733400,1.00,-2184.662,269.960,1.261679,0.510730
852,2EOW,67.39,0.744800,1.00,-1949.391,273.556,0.668760,0.560130
853,2EOX,59.09,0.704600,1.00,-2089.795,226.144,0.958203,0.503960
854,2EOY,64.13,0.722700,1.00,-2174.248,295.545,0.592320,0.541040
855,2EOZ,65.76,0.753300,1.00,-2374.469,268.673,0.698529,0.574920
856,2EP0,63.04,0.741000,1.00,-2097.939,292.251,1.028323,0.551390
857,2EP1,59.78,0.690100,1.00,-2075.014,255.981,1.121875,0.523250
858,2EP2,58.15,0.694100,1.00,-2133.263,238.879,0.959827,0.530810
859,2EP3,60.33,0.731300,1.00,-2287.317,236.482,0.891339,0.537150
860,2EPC,63.10,0.662900,1.00,-1983.007,227.092,0.799191,0.550110
861,2EPQ,49.44,0.660100,1.00,-2253.807,278.300,1.012511,0.410330
862,2EPR,54.69,0.638100,1.00,-2362.164,200.003,0.867030,0.468700
863,2EPT,62.80,0.597600,1.00,-1974.217,233.979,0.842777,0.545250
864,2EPU,65.56,0.722100,1.00,-2099.194,202.090,0.883501,0.567940
865,2EPV,68.75,0.641800,1.00,-2172.302,241.704,0.585664,0.571240
866,2EPW,60.33,0.657800,1.00,-2272.420,253.674,0.632239,0.486730
867,2EPX,60.64,0.640300,1.00,-2557.237,302.924,0.848243,0.537250
868,2EPY,61.90,0.699200,1.00,-1892.075,216.531,0.863065,0.537670
869,2EPZ,61.96,0.698700,1.00,-2034.895,215.235,0.841716,0.553670
870,2EQ0,65.76,0.684200,1.00,-2119.609,248.861,0.628793,0.538020
871,2EQ1,60.33,0.716500,1.00,-1966.370,228.703,0.620522,0.474450
872,2EQ2,53.26,0.629200,1.00,-1992.663,250.505,1.165347,0.450050
873,2EQ3,53.80,0.673000,1.00,-1881.510,253.798,0.929243,0.468880
874,2EQ4,54.89,0.618300,1.00,-2128.269,247.667,0.857174,0.424570
875,2EQE,67.19,0.704100,1.00,-2620.392,322.435,0.516644,0.605090
876,2EQF,60.33,0.606600,1.00,-2638.808,177.330,0.948679,0.526720
877,2EQG,68.37,0.669300,1.00,-2552.524,257.864,0.652364,0.607760
878,2EQH,79.35,0.678500,1.00,-1061.425,114.094,0.284689,0.380710
879,2EQQ,70.54,0.592600,1.00,-1393.404,201.422,0.489189,0.463950
880,2EQT,73.21,0.638900,1.00,-1393.404,201.422,0.357780,0.519660
881,2EQW,61.31,0.627400,1.00,-2159.499,206.701,0.853869,0.527490
882,2ERI,71.77,0.609700,1.00,-1995.784,213.318,0.380787,0.454590
883,2ESX,39.47,0.401700,1.00,-661.992,126.365,0.951213,0.217030
884,2ESZ,36.84,0.366900,1.00,-661.992,126.365,1.006877,0.145440
885,2ETI,78.57,0.648300,1.00,-1889.174,165.784,0.218435,0.445860
886,2EVQ,75.00,0.612200,1.00,-366.645,65.827,0.262186,0.297750
887,2EYA,88.04,0.709900,1.00,-3585.385,221.690,0.178475,0.767240
888,2EYB,89.67,0.739200,1.00,-3585.385,221.690,0.160789,0.784750
889,2EYC,85.87,0.721700,1.00,-3585.385,221.690,0.130308,0.773250
890,2EYD,89.67,0.750900,1.00,-3585.385,221.690,0.129506,0.798400
891,2F2I,84.48,0.688800,1.00,-1614.556,172.391,0.165157,0.568480
892,2F2J,84.48,0.706000,1.00,-1639.210,143.224,0.213251,0.604270
893,2F5H,39.86,0.388300,1.00,-1936.265,285.803,0.760205,0.288800
896,2FJ4,37.84,0.399600,1.00,-1936.265,285.803,0.752952,0.246920
897,2FJ5,37.16,0.409400,1.00,-1936.265,285.803,0.785413,0.245550
898,2FQA,66.67,0.561800,1.00,-1784.075,214.541,0.352915,0.381260
899,2FR9,67.31,0.519200,1.00,-402.283,81.196,0.324263,0.300350
900,2FRB,67.31,0.472600,1.00,-471.506,58.730,0.430164,0.217670
901,2FXY,80.56,0.702300,1.00,-1049.253,34.393,0.236595,0.370120
902,2FXZ,76.92,0.588100,1.00,-696.228,34.559,0.356356,0.365950
903,2G6U,76.67,0.564700,1.00,-744.271,144.777,0.257340,0.327830
904,2G9L,37.84,0.464400,1.00,-2545.883,98.231,1.035418,0.400840
905,2G9P,73.08,0.651900,1.00,-1661.125,82.231,0.283315,0.389850
906,2GD3,36.46,0.452700,1.00,-790.806,150.295,0.661541,0.151910
907,2GDL,33.87,0.456600,1.00,-1396.344,197.880,1.016591,0.317270
908,2GFR,52.27,0.462700,1.00,-375.458,87.022,0.336578,0.319010
909,2GJ0,81.45,0.680100,1.00,-2030.598,214.373,0.171237,0.579880
910,2GL1,100.00,0.845000,1.00,-3473.529,246.510,0.044836,0.959460
911,2GOF,58.57,0.579800,1.00,-2230.491,97.070,0.499214,0.477040
912,2GOH,62.14,0.591000,1.00,-2230.491,97.070,0.466559,0.508570
913,2GP8,76.88,0.652000,1.00,-2657.501,109.952,0.453136,0.654610
914,2GQE,86.72,0.748000,1.00,-1939.845,169.162,0.378291,0.698660
915,2GW9,95.31,0.733900,1.00,-2005.114,180.947,0.086187,0.775930
916,2GWP,89.06,0.684500,1.00,-1962.558,182.028,0.140691,0.685640
917,2GX1,50.00,0.463400,1.00,-1615.468,375.217,0.710286,0.264850
918,2H1Z,86.54,0.770100,1.00,-2611.617,248.078,0.170747,0.727730
919,2H9X,61.17,0.529100,1.00,-2980.178,242.593,0.364044,0.506010
920,2HFR,65.74,0.608200,1.00,-1726.646,60.438,0.399081,0.297740
921,2HGO,46.30,0.429200,1.00,-1681.325,265.828,0.505622,0.226560
922,2HLG,89.74,0.742600,1.00,-2528.213,325.105,0.166464,0.724160
923,2HM3,51.61,0.505800,1.00,-1648.104,255.253,0.784002,0.309850
924,2HM4,47.58,0.426300,1.00,-1489.044,379.954,0.691175,0.274660
925,2HM5,43.55,0.403900,1.00,-1489.044,379.954,0.688430,0.241150
926,2HM6,44.35,0.451900,1.00,-1609.588,212.138,0.732910,0.248380
927,2HN8,74.34,0.665800,1.00,-3157.273,135.497,0.324895,0.532850
928,2I1P,78.12,0.724600,1.00,-2324.552,326.119,0.280522,0.691570
929,2I1T,67.36,0.551700,1.00,-2054.332,255.516,0.371457,0.464460
930,2I5O,94.87,0.803100,1.00,-2770.164,166.711,0.127541,0.836630
931,2I9M,92.65,0.791100,1.00,-1164.351,32.138,0.095964,0.439710
932,2I9N,47.73,0.578300,1.00,-1624.009,131.767,0.709969,0.329210
933,2I9O,50.68,0.466400,1.00,-1313.006,252.970,0.795564,0.372000
934,2IFJ,66.67,0.529600,1.00,-445.114,98.542,0.457430,0.288830
935,2IGU,68.75,0.476700,1.00,-500.679,58.640,0.338378,0.253710
936,2IH6,56.82,0.482800,1.00,-412.822,120.329,0.432747,0.257360
937,2IMU,47.28,0.459100,1.00,-3360.243,134.531,1.102868,0.387010
938,2IT7,91.96,0.706900,1.00,-1889.174,165.784,0.125743,0.671400
939,2IV4,26.56,0.454900,1.00,-282.589,75.975,0.724133,0.238450
940,2IV5,41.30,0.463500,1.00,-648.149,124.284,0.803285,0.149050
941,2IV6,35.87,0.506900,1.00,-648.428,145.883,1.038280,0.204040
942,2IWJ,47.22,0.454300,1.00,-1202.205,122.842,0.697836,0.256540
943,2J15,56.67,0.500600,1.00,-525.689,164.500,0.349491,0.251760
944,2J8P,41.84,0.521600,1.00,-4510.258,135.072,1.069128,0.344960
945,2JM0,83.57,0.742700,1.00,-3040.087,149.302,0.157581,0.614570
946,2JM2,20.56,0.267200,1.00,-1560.685,238.264,1.739555,0.157800
947,2JM4,82.56,0.713600,1.00,-2252.967,274.371,0.226936,0.706160
948,2JMY,91.67,0.679500,1.00,-808.920,90.776,0.144004,0.358150
949,2JN5,45.83,0.521100,1.00,-534.581,58.750,0.581966,0.251940
950,2JNH,82.61,0.675400,1.00,-4546.194,159.527,0.337483,0.718560
951,2JNI,71.43,0.583300,1.00,-1247.381,130.727,0.354260,0.283300
952,2JOC,68.92,0.591700,1.00,-2356.711,280.207,0.327991,0.533050
953,2JOF,68.75,0.605800,1.00,-932.748,91.526,0.345840,0.299460
954,2JOS,42.05,0.350300,1.00,-895.879,209.386,0.804459,0.200470
955,2JOU,47.79,0.319600,1.00,-3232.701,145.576,1.050186,0.359270
956,2JP6,56.76,0.530100,1.00,-2127.830,131.879,0.784400,0.410040
957,2JPJ,52.56,0.579900,1.00,-1810.266,178.004,0.697054,0.397010
958,2JPK,45.71,0.511600,1.00,-2283.691,166.912,0.766344,0.394980
959,2JPL,41.67,0.564700,1.00,-1810.266,178.004,0.650019,0.373300
960,2JPM,47.14,0.514300,1.00,-2283.691,166.912,0.595147,0.385280
961,2JPW,35.16,0.492400,1.00,-686.317,242.875,0.921819,0.184560
962,2JPX,70.00,0.647700,1.00,-2225.928,170.068,0.527426,0.551950
963,2JQ2,62.50,0.485100,1.00,-314.986,180.135,0.373390,0.321540
964,2JQB,51.67,0.534600,1.00,-533.975,92.520,0.449139,0.218890
965,2JQC,65.00,0.507800,1.00,-533.975,92.520,0.313363,0.246290
966,2JQW,52.94,0.465800,1.00,-801.260,90.510,0.453033,0.155270
967,2JR3,36.31,0.390200,1.00,-2371.393,468.687,0.878956,0.256810
968,2JR8,57.74,0.617500,1.00,-2045.290,233.904,0.422018,0.513490
969,2JRD,65.74,0.524900,1.00,-1055.430,68.267,0.363845,0.352150
970,2JRV,55.00,0.565100,1.00,-756.058,76.487,0.525955,0.262670
971,2JRW,40.22,0.564300,1.00,-868.793,122.043,1.070418,0.167730
972,2JRY,33.15,0.375400,1.00,-2886.189,330.324,0.954967,0.287810
973,2JSB,64.29,0.522600,1.00,-1184.433,156.909,0.369406,0.191660
974,2JTA,50.00,0.504600,1.00,-396.461,29.359,0.348381,0.382750
975,2JTB,90.91,0.695600,1.00,-2000.591,193.601,0.144630,0.720570
976,2JTU,29.61,0.398300,1.00,-2232.430,215.978,0.827960,0.228900
977,2JTW,68.00,0.650400,1.00,-1636.369,56.018,0.419823,0.370960
978,2JUE,34.48,0.302700,1.00,-1914.737,138.684,0.790054,0.171510
979,2JUI,58.33,0.652300,1.00,-1937.516,51.009,0.676472,0.374620
980,2JUQ,65.38,0.523600,1.00,-575.881,72.072,0.399758,0.284480
981,2JUR,73.08,0.557200,1.00,-505.338,74.886,0.260689,0.279190
982,2JUS,73.08,0.571200,1.00,-506.724,94.572,0.394966,0.331580
983,2JUT,59.62,0.520700,1.00,-478.756,99.399,0.378421,0.223400
984,2JUY,59.82,0.546900,1.00,-1756.014,256.325,0.421985,0.253010
985,2JVX,89.29,0.720900,1.00,-1782.999,156.037,0.198258,0.647530
986,2JVY,83.93,0.638300,1.00,-1807.284,193.237,0.266771,0.588740
987,2JWG,87.50,0.720900,1.00,-2742.343,229.801,0.167039,0.793870
988,2JWH,52.60,0.682600,1.00,-1860.377,286.341,0.953907,0.459950
989,2JWM,92.24,0.766300,1.00,-1936.121,173.338,0.134638,0.716030
990,2JXF,68.33,0.664600,1.00,-2535.498,79.655,0.425526,0.584610
991,2JY0,68.52,0.614400,1.00,-1669.613,51.553,0.368845,0.406290
992,2JYD,68.48,0.685200,1.00,-2093.055,263.854,0.780625,0.611450
993,2JYP,41.67,0.408100,1.00,-2726.538,141.702,0.784363,0.281850
994,2K10,42.19,0.588200,1.00,-1872.230,114.182,0.784135,0.339560
995,2K1A,63.69,0.731100,1.00,-2893.449,115.927,0.682911,0.536350
996,2K1I,92.97,0.710200,1.00,-1890.145,145.718,0.132657,0.708080
997,2K1P,77.27,0.670000,1.00,-1845.385,191.400,0.329816,0.600980
998,2K2Y,80.13,0.641400,1.00,-3115.939,207.636,0.266286,0.640340
999,2K2Z,71.15,0.604500,1.00,-2326.199,192.135,0.379611,0.582260
1000,2K44,49.11,0.496900,1.00,-2226.359,158.275,0.619882,0.384500
1001,2K4U,91.22,0.736000,1.00,-2652.887,182.577,0.113221,0.771850
1004,2K6O,72.30,0.754500,1.00,-2969.668,115.292,0.358802,0.567130
1005,2K6R,82.76,0.602200,1.00,-2124.899,126.259,0.252909,0.561840
1006,2K72,89.86,0.706400,1.00,-3474.916,175.675,0.132823,0.746210
1007,2K76,88.33,0.715200,1.00,-1931.702,155.420,0.150338,0.648530
1008,2K7G,87.07,0.726100,1.00,-2031.452,166.752,0.221662,0.699150
1009,2K7Y,29.44,0.590000,1.00,-2258.357,210.597,1.150507,0.261330
1010,2K84,30.83,0.478000,1.00,-1207.916,214.858,0.794456,0.308620
1012,2K98,60.42,0.637400,1.00,-1145.280,56.856,0.786799,0.301990
1013,2K9D,53.98,0.665900,1.00,-3230.653,198.869,0.693510,0.436930
1014,2K9O,67.36,0.545700,1.00,-2071.732,174.385,0.339731,0.452830
1015,2KAM,82.69,0.701600,1.00,-1727.418,37.804,0.205107,0.555110
1016,2KB8,47.97,0.591400,1.00,-1733.361,209.016,1.192305,0.396220
1017,2KB9,75.00,0.637300,1.00,-2884.049,336.344,0.240716,0.609540
1018,2KBL,68.10,0.638000,1.00,-1667.315,216.642,0.354987,0.382930
1019,2KCF,72.92,0.634700,1.00,-2286.737,189.822,0.394454,0.538950
1020,2KCG,81.67,0.669000,1.00,-1971.030,372.094,0.182943,0.476570
1021,2KCH,90.52,0.712000,1.00,-1845.016,183.022,0.143332,0.647090
1023,2KDT,43.33,0.517800,1.00,-2643.623,278.204,0.833618,0.338300
1024,2KE3,40.70,0.555200,1.00,-2369.378,250.428,0.740695,0.312930
1025,2KEF,42.00,0.433300,1.00,-1421.854,144.388,0.518538,0.149780
1026,2KEG,54.69,0.505700,1.00,-1613.708,125.799,0.701697,0.377840
1027,2KEH,57.03,0.541700,1.00,-1613.708,125.799,0.732534,0.408760
1028,2KES,69.79,0.805000,1.00,-3735.085,111.231,0.271282,0.707290
1029,2KFE,70.83,0.681800,1.00,-1676.177,84.782,0.271360,0.346950
1030,2KFQ,34.38,0.333300,1.00,-2359.833,120.769,0.847641,0.329910
1031,2KGH,41.03,0.414400,1.00,-1426.432,665.849,0.812929,0.314920
1032,2KGN,50.00,0.559300,1.00,-900.834,177.462,0.647042,0.243490
1033,2KGU,88.57,0.752600,1.00,-1897.815,241.272,0.155699,0.721370
1034,2KHB,89.66,0.720000,1.00,-1912.442,156.089,0.165996,0.648120
1035,2KHF,68.00,0.509000,1.00,-1412.282,131.887,0.670276,0.383760
1036,2KHG,64.00,0.484400,1.00,-1412.282,131.887,0.710418,0.369520
1037,2KI0,62.50,0.602300,1.00,-2359.111,156.396,0.438486,0.371970
1038,2KI9,56.06,0.630000,1.00,-2807.481,52.531,0.498246,0.378440
1039,2KIO,52.27,0.512000,1.00,-2100.942,134.452,0.592500,0.393750
1040,2KIR,73.53,0.576900,1.00,-2302.051,143.647,0.247062,0.500160
1041,2KIT,47.73,0.531800,1.00,-2100.942,134.452,0.673988,0.360460
1042,2KJM,42.50,0.517100,1.00,-1972.691,99.567,0.974942,0.277220
1043,2KJN,76.92,0.652100,1.00,-1837.040,35.894,0.447867,0.508380
1044,2KJO,63.46,0.607700,1.00,-1837.040,35.894,0.409845,0.366310
1045,2KLV,45.65,0.574700,1.00,-3189.938,80.922,0.607906,0.437230
1046,2KM9,40.00,0.409000,1.00,-1168.705,310.430,0.732664,0.146010
1047,2KMO,90.34,0.764700,1.00,-2909.285,157.217,0.208222,0.808530
1048,2KMP,84.66,0.746100,1.00,-2909.285,157.217,0.278403,0.754300
1049,2KMQ,76.70,0.697500,1.00,-2909.285,157.217,0.262728,0.620550
1050,2KMR,65.91,0.585800,1.00,-2909.285,157.217,0.957522,0.556940
1051,2KNI,82.32,0.668700,1.00,-2398.735,207.149,0.254176,0.687880
1052,2KNM,81.67,0.678500,1.00,-1971.030,372.094,0.175505,0.528890
1053,2KNP,78.03,0.664200,1.00,-1918.413,150.198,0.270377,0.550120
1054,2KNS,43.94,0.614200,1.00,-1516.996,229.363,0.907939,0.325640
1055,2KNU,47.41,0.445800,1.00,-1391.079,181.081,0.663241,0.331870
1056,2KOE,40.00,0.590400,1.00,-3044.135,156.741,1.017598,0.336680
1057,2KOZ,95.45,0.785800,1.00,-2251.978,114.257,0.107268,0.814810
1058,2KP0,87.12,0.717500,1.00,-2231.743,110.809,0.129104,0.639670
1059,2KPA,55.77,0.543600,1.00,-1421.314,71.430,0.382764,0.348610
1060,2KPB,49.04,0.498600,1.00,-1421.314,71.430,0.475299,0.316400
1061,2KSG,32.29,0.587200,1.00,-2638.826,156.817,1.062183,0.329020
1062,2KSJ,63.04,0.704500,1.00,-3189.938,80.922,0.552929,0.514130
1063,2KTC,66.91,0.557100,1.00,-1880.470,222.069,0.510651,0.426710
1064,2KTX,86.84,0.699400,1.00,-2748.300,164.326,0.180098,0.721630
1065,2KUK,85.00,0.670800,1.00,-2094.278,220.279,0.148842,0.594030
1066,2KUS,80.71,0.732300,1.00,-2217.984,182.759,0.164315,0.612210
1067,2KUX,86.67,0.699000,1.00,-2125.344,221.370,0.142958,0.591680
1068,2KUY,46.51,0.385900,1.00,-3347.033,230.482,0.814109,0.340970
1069,2KV5,71.97,0.621900,1.00,-2682.085,79.515,0.432848,0.529620
1070,2KVF,91.07,0.663900,1.00,-1804.391,100.734,0.161594,0.660820
1071,2KVG,78.70,0.679000,1.00,-1771.435,99.464,0.195401,0.441870
1072,2KVH,88.89,0.671400,1.00,-1782.032,106.679,0.207712,0.595910
1073,2KVX,91.96,0.770700,1.00,-1996.209,173.462,0.100525,0.679720
1074,2KWT,61.36,0.547600,1.00,-2292.222,437.217,0.435944,0.473620
1075,2KWY,58.72,0.724300,1.00,-2535.316,95.225,0.480317,0.574890
1076,2KWZ,61.88,0.642600,1.00,-3284.143,84.999,0.402691,0.453630
1077,2KXA,50.00,0.515500,1.00,-1578.104,89.774,0.869492,0.324780
1078,2KY3,85.61,0.696700,1.00,-2135.359,124.648,0.206346,0.661290
1079,2KYA,30.88,0.502300,1.00,-1067.149,161.051,0.955158,0.234470
1080,2KYJ,87.50,0.658800,1.00,-2276.464,246.431,0.227844,0.709700
1081,2KYK,62.18,0.494900,1.00,-2311.190,177.543,0.689536,0.461860
1082,2KZQ,39.58,0.462100,1.00,-1998.387,198.437,0.725184,0.296180
1083,2L07,83.33,0.589900,1.00,-925.392,82.801,0.179933,0.251730
1084,2L0G,81.25,0.650000,1.00,-2639.645,151.711,0.393428,0.649650
1085,2L0L,60.19,0.655500,1.00,-1645.100,52.199,0.562127,0.349290
1086,2L0M,64.81,0.662800,1.00,-1645.100,52.199,0.397618,0.325500
1087,2L0N,70.83,0.652400,1.00,-2281.405,73.550,0.267470,0.442990
1088,2L0O,60.83,0.589600,1.00,-2281.405,73.550,0.398256,0.404870
1089,2L1J,55.88,0.472400,1.00,-2002.439,317.367,0.410834,0.315550
1090,2L1Q,72.50,0.686100,1.00,-2235.527,219.765,0.612640,0.617100
1091,2L1X,42.31,0.525900,1.00,-2652.157,145.137,0.922154,0.358270
1092,2L2R,76.35,0.613300,1.00,-2026.742,247.823,0.537040,0.654220
1093,2L36,60.42,0.456400,1.00,-1328.205,85.091,0.539676,0.299160
1094,2L37,88.95,0.660800,1.00,-3422.201,115.369,0.199364,0.781180
1095,2L3H,37.18,0.444700,1.00,-2416.668,134.922,0.968480,0.249470
1096,2L3I,60.83,0.519000,1.00,-2173.121,104.705,0.564724,0.423000
1097,2L44,84.21,0.579700,1.00,-851.158,84.067,0.154191,0.276870
1098,2L4G,62.96,0.497300,1.00,-1345.034,139.259,0.491717,0.300380
1099,2L4J,64.67,0.619300,1.00,-2713.887,216.146,0.615367,0.527280
1100,2L4U,60.42,0.581500,1.00,-900.834,177.462,0.418859,0.246280
1101,2L5I,38.10,0.457400,1.00,-1269.057,96.325,0.684638,0.146790
1102,2L5J,48.81,0.452300,1.00,-1269.057,96.325,0.543320,0.125440
1103,2L5R,77.17,0.758300,1.00,-1386.552,47.069,0.263448,0.336760
1104,2L61,51.92,0.444200,1.00,-1028.584,233.541,0.448131,0.222350
1105,2L62,50.96,0.427800,1.00,-1028.584,233.541,0.459502,0.182820
1106,2L63,63.64,0.628300,1.00,-2315.108,117.765,0.425856,0.404050
1107,2L64,56.06,0.606900,1.00,-2315.108,117.765,0.472648,0.447370
1108,2L6S,45.00,0.503400,1.00,-743.943,127.672,0.901980,0.159540
1109,2L6T,37.50,0.478700,1.00,-743.943,127.672,0.546882,0.195840
1110,2L70,55.36,0.640000,1.00,-2440.634,280.231,0.571883,0.444360
1111,2L71,51.79,0.593800,1.00,-2440.634,280.231,0.619072,0.491620
1112,2L77,54.49,0.612600,1.00,-2416.668,134.922,0.851647,0.449470
1113,2L79,48.72,0.497700,1.00,-2416.668,134.922,0.611615,0.378600
1114,2L7C,40.79,0.368300,1.00,-992.569,176.145,0.725370,0.232470
1115,2L7T,63.64,0.524500,1.00,-265.702,56.256,0.379674,0.285410
1116,2L87,35.19,0.508100,1.00,-892.928,194.287,0.754216,0.234610
1117,2L8E,61.22,0.648200,1.00,-2620.647,362.748,0.923675,0.534400
1118,2L91,80.81,0.718000,1.00,-3363.879,136.121,0.250574,0.689150
1122,2L9G,76.32,0.634700,1.00,-1222.642,35.891,0.348959,0.259530
1123,2L9X,28.33,0.367600,1.00,-1551.140,201.366,0.952259,0.251520
1124,2L9Z,58.33,0.674200,1.00,-2177.914,201.285,0.731668,0.460520
1125,2LA0,29.17,0.353900,1.00,-1310.641,446.900,0.789662,0.193340
1126,2LAM,90.52,0.700300,1.00,-1951.692,185.260,0.133357,0.660170
1127,2LAQ,40.28,0.453000,1.00,-1881.941,334.598,0.646535,0.314470
1128,2LAT,60.81,0.712800,1.00,-2893.936,108.561,0.517569,0.600720
1129,2LB7,77.27,0.659600,1.00,-3047.251,230.980,0.236049,0.642620
1130,2LBG,84.26,0.873100,1.00,-1194.814,18.542,0.135934,0.510210
1131,2LBZ,39.52,0.373700,1.00,-2137.925,96.155,0.985311,0.282390
1132,2LCM,62.50,0.515500,1.00,-1664.774,118.932,0.738342,0.421960
1133,2LDE,65.00,0.548900,1.00,-1629.615,122.776,0.390231,0.266370
1134,2LDF,68.75,0.512200,1.00,-1727.284,137.859,0.402654,0.269580
1135,2LDJ,51.25,0.620600,1.00,-895.855,75.808,0.752432,0.232980
1136,2LDS,71.53,0.523100,1.00,-2114.720,298.036,0.328999,0.512350
1137,2LE3,61.31,0.629400,1.00,-2707.086,312.088,0.417220,0.408520
1138,2LE7,45.00,0.472100,1.00,-1343.099,108.170,0.551124,0.274720
1139,2LER,77.27,0.616200,1.00,-367.121,86.581,0.226403,0.355550
1140,2LET,87.50,0.693200,1.00,-1926.198,93.882,0.147156,0.596330
1141,2LEU,68.24,0.607900,1.00,-1884.664,217.474,0.508134,0.522520
1142,2LEW,64.84,0.507300,1.00,-1830.080,227.728,0.352599,0.483120
1143,2LEY,87.50,0.727700,1.00,-2042.751,235.753,0.229504,0.680750
1144,2LFM,32.50,0.440900,1.00,-1540.752,268.827,1.102489,0.247620
1145,2LG4,92.50,0.742400,1.00,-2593.119,181.872,0.152602,0.778850
1146,2LG5,75.69,0.613600,1.00,-2590.756,186.217,0.321427,0.546500
1147,2LG6,79.86,0.661300,1.00,-2618.000,204.179,0.247603,0.602450
1148,2LI3,70.00,0.605700,1.00,-2226.718,182.776,0.289883,0.433070
1149,2LIC,28.57,0.519500,1.00,-1037.600,235.556,1.346619,0.214500
1150,2LID,25.71,0.511400,1.00,-926.201,279.596,1.320773,0.174790
1151,2LIF,57.41,0.635500,1.00,-1409.303,127.890,0.554056,0.344810
1152,2LIX,62.04,0.507400,1.00,-1813.107,117.378,0.380504,0.402060
1153,2LIY,61.11,0.546700,1.00,-2759.483,251.716,0.404564,0.474430
1154,2LJ7,77.13,0.674100,1.00,-3443.802,241.163,0.263857,0.669620
1155,2LJQ,47.30,0.476700,1.00,-1607.020,171.318,0.624428,0.316840
1156,2LJS,92.50,0.757900,1.00,-1590.884,155.068,0.247707,0.757910
1157,2LJT,46.62,0.437300,1.00,-1759.537,218.355,0.814952,0.359580
1158,2LK9,55.71,0.601000,1.00,-2167.976,97.905,0.519106,0.457360
1159,2LKE,37.50,0.438000,1.00,-620.764,175.852,0.649459,0.134040
1160,2LKJ,36.46,0.411300,1.00,-620.764,175.852,0.819545,0.115090
1161,2LKQ,57.29,0.506500,1.00,-1025.103,203.528,0.396230,0.224120
1162,2LL1,59.85,0.483300,1.00,-1868.403,366.082,0.424833,0.385840
1163,2LL2,34.62,0.445700,1.00,-832.005,228.975,0.618677,0.173290
1164,2LL5,79.55,0.718400,1.00,-1102.131,65.159,0.245588,0.407410
1165,2LLD,81.88,0.683600,1.00,-2429.264,400.708,0.362603,0.690910
1166,2LLM,47.67,0.704500,1.00,-2467.728,175.270,0.736690,0.519930
1167,2LLR,47.73,0.388700,1.00,-1204.731,183.873,0.577453,0.173910
1168,2LM8,51.92,0.465900,1.00,-388.450,125.859,0.461594,0.195330
1169,2LMA,52.27,0.566300,1.00,-1053.409,120.765,0.521410,0.256470
1170,2LMB,22.67,0.459900,1.00,-878.651,300.100,1.375902,0.217150
1171,2LMF,73.91,0.680700,1.00,-1707.384,48.085,0.235336,0.414200
1172,2LMZ,52.38,0.478400,1.00,-3573.975,265.403,0.764720,0.420290
1173,2LNE,57.69,0.485100,1.00,-387.228,76.177,0.403229,0.267350
1174,2LNF,46.15,0.447300,1.00,-387.228,76.177,0.420283,0.195900
1175,2LNG,46.15,0.432100,1.00,-387.228,76.177,0.415124,0.200650
1176,2LO2,73.03,0.641400,1.00,-2074.417,188.525,0.364819,0.583930
1177,2LO3,60.23,0.647000,1.00,-2621.781,228.304,0.675403,0.490740
1178,2LO7,66.94,0.547600,1.00,-2291.839,140.136,0.620246,0.467300
1179,2LQ0,67.00,0.508400,1.00,-1467.734,125.246,0.485653,0.423150
1180,2LQ1,39.00,0.499900,1.00,-957.267,147.545,0.519654,0.134350
1181,2LQ2,53.33,0.588700,1.00,-1182.043,110.010,0.558295,0.301700
1182,2LQA,73.65,0.558600,1.00,-2739.202,193.372,0.254792,0.540690
1183,2LQX,81.10,0.637500,1.00,-3045.117,139.401,0.323090,0.685110
1184,2LQY,57.50,0.557000,1.00,-1172.231,100.938,0.431924,0.284140
1185,2LR3,79.79,0.604800,1.00,-3225.804,281.174,0.194158,0.690630
1186,2LR5,76.32,0.650400,1.00,-2842.280,170.461,0.267959,0.611500
1187,2LR7,32.76,0.454800,1.00,-2056.903,82.021,0.902855,0.203610
1188,2LRX,57.22,0.589400,1.00,-3370.038,189.685,0.515300,0.435390
1189,2LS1,48.75,0.425900,1.00,-1120.800,179.507,0.563139,0.211970
1190,2LS2,74.00,0.683600,1.00,-1981.512,51.702,0.390477,0.503400
1191,2LS3,72.41,0.718600,1.00,-2521.168,61.681,0.362738,0.475350
1192,2LS4,62.50,0.569800,1.00,-1464.313,52.094,0.375065,0.330210
1193,2LS9,54.00,0.457600,1.00,-1368.614,111.418,0.531588,0.311230
1194,2LSA,55.43,0.600500,1.00,-1039.058,137.863,0.530726,0.266970
1195,2LSQ,56.00,0.479200,1.00,-1539.069,139.721,0.486507,0.244320
1196,2LSW,29.38,0.542300,1.00,-1307.078,232.295,1.229966,0.235090
1197,2LT8,82.14,0.719500,1.00,-3153.022,198.305,0.197912,0.703100
1198,2LTI,26.09,0.559400,1.00,-692.125,139.563,1.392158,0.170980
1200,2LU9,79.03,0.686400,1.00,-2053.681,122.801,0.234647,0.513070
1201,2LUF,53.75,0.500600,1.00,-836.120,107.589,0.539861,0.215960
1202,2LUG,38.89,0.545500,1.00,-1321.445,207.677,1.805714,0.283660
1203,2LUR,71.55,0.583100,1.00,-1883.475,202.096,0.414669,0.408840
1204,2LUV,42.14,0.457200,1.00,-1293.932,197.476,0.780608,0.330230
1205,2LVG,70.00,0.686500,1.00,-2848.224,82.150,0.364781,0.565410
1206,2LWB,65.00,0.488900,1.00,-1374.428,102.399,0.392107,0.179350
1207,2LWL,70.92,0.616300,1.00,-2781.982,347.610,0.541894,0.601270
1208,2LWQ,60.94,0.528100,1.00,-636.100,122.699,0.331094,0.241720
1209,2LWS,60.42,0.541800,1.00,-437.824,45.941,0.290209,0.199520
1210,2LWT,45.83,0.396400,1.00,-865.886,143.249,0.524517,0.196650
1211,2LWU,90.00,0.734700,1.00,-638.369,66.397,0.185060,0.425560
1212,2LWV,67.65,0.597400,1.00,-676.237,129.394,0.291035,0.252470
1213,2LX0,53.91,0.647700,1.00,-2908.877,72.753,0.491898,0.387890
1214,2LX4,72.06,0.610700,1.00,-978.365,67.436,0.319431,0.385490
1215,2LX5,79.17,0.645600,1.00,-867.837,45.938,0.319954,0.371580
1216,2LX6,35.53,0.562900,1.00,-608.990,93.284,1.137485,0.090900
1217,2LXO,52.84,0.456200,1.00,-3091.050,219.036,0.604787,0.369980
1218,2LXZ,93.75,0.740100,1.00,-2202.041,142.858,0.093099,0.742420
1219,2LYE,45.83,0.343600,1.00,-569.470,175.355,0.726362,0.181670
1220,2LYF,45.83,0.315500,1.00,-559.744,185.786,0.655125,0.202500
1221,2LZI,48.61,0.369800,1.00,-659.728,289.661,0.567984,0.227650
1222,2LZO,56.90,0.515100,1.00,-1406.206,272.200,0.621853,0.353070
1223,2LZP,53.23,0.485900,1.00,-1776.788,95.710,0.621896,0.462820
1224,2LZQ,69.23,0.659300,1.00,-2118.628,112.480,0.392552,0.487830
1225,2LZX,73.65,0.581400,1.00,-2671.868,205.025,0.234254,0.536370
1226,2LZY,84.29,0.708000,1.00,-2348.832,199.004,0.220773,0.655720
1227,2M0H,62.50,0.648100,1.00,-1433.605,82.786,0.518533,0.402690
1228,2M0S,39.29,0.460000,1.00,-1893.976,103.834,0.845667,0.223160
1229,2M0W,51.09,0.541700,1.00,-963.957,154.493,0.804691,0.293010
1230,2M1A,83.65,0.648500,1.00,-1324.299,53.922,0.167887,0.511920
1231,2M1J,65.00,0.599600,1.00,-1959.924,115.322,0.500896,0.464010
1232,2M1P,44.44,0.357900,1.00,-960.207,64.290,0.484922,0.155700
1233,2M1T,60.23,0.604700,1.00,-1389.488,83.753,0.505781,0.248950
1234,2M2G,36.11,0.314700,1.00,-710.915,126.926,0.735111,0.185470
1235,2M2H,37.50,0.302500,1.00,-1001.396,64.830,0.525240,0.104200
1236,2M2Q,85.94,0.712900,1.00,-2416.130,170.174,0.197778,0.644420
1237,2M2R,64.39,0.556500,1.00,-2149.305,179.841,0.297398,0.412510
1238,2M2S,45.83,0.355300,1.00,-714.957,85.656,0.432481,0.114540
1239,2M2X,30.56,0.303700,1.00,-922.995,29.726,1.035061,0.103260
1240,2M2Y,41.67,0.365300,1.00,-544.210,163.806,0.534991,0.166200
1241,2M36,48.68,0.395500,1.00,-1991.327,507.486,0.601574,0.361400
1242,2M37,44.74,0.497400,1.00,-535.332,126.439,0.780281,0.256700
1243,2M3F,79.55,0.693700,1.00,-1563.535,57.543,0.311676,0.475210
1244,2M3J,80.30,0.635300,1.00,-2134.126,219.605,0.237484,0.582130
1245,2M3N,56.94,0.475700,1.00,-678.133,117.401,0.344455,0.170690
1246,2M4X,62.86,0.500500,1.00,-2228.514,235.096,0.322333,0.376040
1247,2M4Z,60.71,0.500800,1.00,-2216.096,249.284,0.348905,0.372510
1248,2M50,67.86,0.551200,1.00,-2365.494,206.754,0.302596,0.453810
1249,2M5L,60.00,0.588600,1.00,-785.010,156.725,0.310917,0.216920
1250,2M5X,91.88,0.825900,1.00,-2762.572,137.954,0.208766,0.818640
1251,2M5Z,92.05,0.740400,1.00,-5489.865,129.951,0.116521,0.857820
1252,2M60,83.72,0.707000,1.00,-5473.191,144.711,0.159349,0.711390
1253,2M62,58.33,0.529300,1.00,-551.219,79.808,0.321655,0.228620
1254,2M6A,81.25,0.652000,1.00,-1758.851,110.527,0.151206,0.473500
1255,2M6O,78.65,0.706400,1.00,-3134.243,268.691,0.378952,0.706390
1256,2M6P,83.70,0.700400,1.00,-2891.207,388.109,0.209232,0.725090
1257,2M73,61.00,0.608900,1.00,-1496.460,90.401,0.381123,0.344860
1258,2M77,55.56,0.414900,1.00,-791.808,96.670,0.431224,0.236230
1259,2M78,59.72,0.499800,1.00,-817.289,93.850,0.367644,0.194600
1260,2M79,68.06,0.610400,1.00,-830.254,117.418,0.248752,0.163720
1261,2M7C,83.33,0.644100,1.00,-1007.930,123.422,0.254023,0.309480
1262,2M7D,65.00,0.622600,1.00,-996.774,96.555,0.630435,0.372650
1263,2M7E,42.31,0.407100,1.00,-1381.518,130.646,0.684922,0.291600
1264,2M7I,42.86,0.509200,1.00,-216.671,94.124,0.815466,0.190570
1265,2M7J,46.43,0.418400,1.00,-187.024,171.639,0.550105,0.217420
1266,2M7P,77.98,0.681300,1.00,-2448.516,241.992,0.216977,0.641090
1267,2M7T,78.03,0.590600,1.00,-2014.099,289.534,0.287878,0.580310
1268,2M7X,40.79,0.517400,1.00,-2031.439,158.073,0.760210,0.274420
1269,2M8F,30.21,0.455600,1.00,-1008.657,121.423,0.922545,0.106800
1270,2M8I,76.16,0.705400,1.00,-2499.104,195.699,0.266734,0.635350
1271,2M8J,75.58,0.715400,1.00,-2543.132,243.535,0.388062,0.669920
1272,2M8M,66.07,0.662800,1.00,-2151.053,143.061,0.361253,0.462970
1273,2M8O,73.21,0.654500,1.00,-2151.053,143.061,0.224462,0.373570
1274,2M96,75.00,0.643300,1.00,-2243.691,303.180,0.421771,0.608620
1275,2M9E,87.88,0.744500,1.00,-2232.417,141.828,0.204162,0.711290
1276,2M9F,74.24,0.695800,1.00,-2232.417,141.828,0.368577,0.536890
1277,2M9I,77.94,0.680000,1.00,-2170.240,196.038,0.315761,0.577680
1278,2M9J,80.88,0.694900,1.00,-2170.240,196.038,0.308590,0.632490
1279,2M9L,70.71,0.608700,1.00,-2301.905,274.125,0.424580,0.536190
1280,2M9O,89.66,0.718600,1.00,-1925.600,161.358,0.224609,0.682470
1281,2M9R,26.25,0.439700,1.00,-1540.752,268.827,1.462599,0.187460
1282,2M9S,30.62,0.473800,1.00,-1540.752,268.827,1.287935,0.219830
1283,2MAA,82.69,0.684800,1.00,-692.785,59.235,0.160341,0.373160
1284,2MAE,44.23,0.448100,1.00,-955.187,235.240,0.955807,0.240980
1285,2MAU,60.83,0.518400,1.00,-1784.438,406.832,0.384707,0.319390
1286,2MBD,64.81,0.512000,1.00,-1135.628,205.313,0.398783,0.413950
1287,2MBY,53.26,0.579000,1.00,-3349.169,215.175,0.694887,0.409150
1288,2MCE,40.48,0.453400,1.00,-580.892,116.847,0.514272,0.100960
1289,2MD1,75.00,0.599600,1.00,-800.729,105.922,0.267176,0.270940
1290,2MD2,72.50,0.494200,1.00,-321.233,68.078,0.325446,0.382520
1291,2MD4,70.83,0.525600,1.00,-465.037,54.428,0.354274,0.374300
1292,2MD6,70.83,0.558000,1.00,-824.924,110.557,0.229453,0.213150
1293,2MDC,43.75,0.487100,1.00,-2979.164,303.642,0.931901,0.377440
1294,2MDL,33.33,0.398500,1.00,-1204.688,135.275,0.748490,0.133760
1295,2MDU,38.79,0.438100,1.00,-1364.784,411.604,1.186043,0.188980
1296,2ME1,65.74,0.546700,1.00,-2322.866,122.499,0.366028,0.375580
1297,2ME2,62.04,0.633500,1.00,-2129.153,80.425,0.363418,0.418410
1298,2ME3,66.67,0.582600,1.00,-2120.321,66.179,0.294218,0.369350
1299,2ME4,55.56,0.572500,1.00,-2103.454,84.305,0.380133,0.380440
1300,2ME7,92.42,0.737000,1.00,-2211.074,162.522,0.225491,0.789430
1301,2MEL,85.61,0.754200,1.00,-2284.718,123.827,0.186205,0.675750
1302,2MEN,83.33,0.693700,1.00,-2063.503,174.594,0.334831,0.633340
1303,2MEO,80.30,0.663300,1.00,-2135.786,109.103,0.354369,0.587510
1304,2MF3,28.19,0.292300,1.00,-3259.145,952.295,0.928430,0.215300
1305,2MFM,41.67,0.501700,1.00,-479.750,52.514,0.664823,0.159420
1306,2MFO,50.00,0.473000,1.00,-406.235,76.103,0.386350,0.172010
1307,2MFP,33.87,0.447500,1.00,-1161.188,247.865,0.746062,0.221080
1308,2MFS,83.57,0.683900,1.00,-2436.059,212.743,0.240867,0.664300
1309,2MFV,35.71,0.591700,1.00,-105.809,66.036,1.067402,0.150870
1310,2MG1,75.93,0.740900,1.00,-1779.926,55.729,0.290144,0.550910
1311,2MG2,70.54,0.632800,1.00,-2220.577,57.608,0.412211,0.531300
1312,2MG3,67.86,0.640000,1.00,-2220.577,57.608,0.422280,0.442800
1313,2MH1,78.79,0.709600,1.00,-1787.940,217.688,0.372720,0.565650
1314,2MHU,42.50,0.440700,1.00,-1758.132,283.272,0.703954,0.211660
1315,2MHW,49.07,0.641700,1.00,-1400.867,112.503,0.680283,0.355670
1316,2MI1,50.00,0.453500,1.00,-627.939,91.772,0.419393,0.253980
1317,2MI9,49.17,0.430100,1.00,-1579.994,461.435,0.511354,0.232050
1318,2MIA,45.00,0.433600,1.00,-1579.994,461.435,0.502799,0.230940
1319,2MID,58.33,0.454900,1.00,-411.330,72.627,0.501980,0.153910
1320,2MIE,31.25,0.497000,1.00,-338.060,53.564,0.704898,0.123870
1321,2MIF,43.75,0.493300,1.00,-295.253,89.055,0.571414,0.283700
1322,2MIG,56.25,0.465400,1.00,-396.426,95.728,0.419293,0.234530
1323,2MIH,41.07,0.503200,1.00,-344.933,62.867,0.716546,0.184590
1324,2MIJ,69.59,0.593000,1.00,-2841.874,137.695,0.308640,0.518040
1325,2MIX,60.71,0.540500,1.00,-1194.951,152.089,0.555047,0.270620
1326,2MJ1,34.72,0.332000,1.00,-674.466,117.731,0.736159,0.173990
1327,2MJ2,61.11,0.609000,1.00,-2320.509,126.070,0.697816,0.486380
1328,2MJ9,53.21,0.637800,1.00,-1913.636,254.857,0.974154,0.402780
1329,2MJC,60.29,0.642900,1.00,-1806.804,192.796,0.795498,0.438890
1330,2MJK,73.78,0.644500,1.00,-3091.526,214.907,0.394623,0.602190
1331,2MKB,61.00,0.489400,1.00,-1773.663,223.861,0.488796,0.333620
1332,2ML7,87.10,0.684800,1.00,-2319.348,146.736,0.118683,0.627780
1333,2MLA,91.89,0.724000,1.00,-2385.037,175.396,0.104462,0.773690
1334,2MLD,93.24,0.753200,1.00,-2430.556,169.511,0.102280,0.788600
1335,2MLJ,40.28,0.473500,1.00,-562.565,131.297,0.683639,0.099160
1336,2MLO,85.94,0.675900,1.00,-1019.858,63.664,0.140366,0.392520
1337,2MLQ,78.12,0.624600,1.00,-1019.858,63.664,0.193358,0.359080
1338,2MLU,45.83,0.390000,1.00,-1312.350,202.973,0.543912,0.237210
1339,2MLV,40.00,0.412200,1.00,-1312.350,202.973,0.554602,0.221460
1340,2MM5,38.33,0.442800,1.00,-1562.516,399.396,0.726989,0.234420
1341,2MM6,85.83,0.663800,1.00,-2160.572,269.352,0.183877,0.568090
1342,2MMM,78.47,0.732500,1.00,-1854.145,210.942,0.174936,0.580330
1343,2MMT,57.14,0.485800,1.00,-766.770,112.688,0.527552,0.161060
1344,2MMW,41.67,0.410700,1.00,-957.484,109.763,0.712174,0.105010
1345,2MN1,87.50,0.696100,1.00,-2004.075,165.699,0.203268,0.641250
1346,2MN3,56.82,0.488600,1.00,-2121.430,369.165,0.456139,0.423680
1347,2MOC,59.09,0.527700,1.00,-251.363,80.855,0.333251,0.303490
1348,2MOF,59.52,0.609700,1.00,-2716.025,200.551,0.664551,0.528230
1349,2MPJ,76.00,0.596900,1.00,-1263.801,138.791,0.377391,0.407090
1350,2MPQ,84.03,0.692000,1.00,-2278.750,207.650,0.248273,0.681390
1351,2MQ2,53.57,0.455300,1.00,-269.986,79.895,0.479033,0.254740
1352,2MQ4,56.82,0.461700,1.00,-247.908,78.640,0.447405,0.291200
1353,2MQ5,55.00,0.488900,1.00,-161.769,110.493,0.349097,0.393560
1354,2MQF,97.06,0.767200,1.00,-1957.670,218.827,0.080352,0.827120
1355,2MQU,65.71,0.560600,1.00,-2492.168,158.017,0.376439,0.446110
1356,2MR9,86.93,0.718300,1.00,-4374.482,144.520,0.169777,0.773840
1357,2MRB,49.19,0.445400,1.00,-1735.147,198.701,0.632516,0.293720
1358,2MRF,78.79,0.681100,1.00,-2179.713,135.451,0.301842,0.564430
1359,2MRT,46.67,0.439300,1.00,-1747.248,215.822,0.694743,0.229190
1360,2MRW,37.50,0.308900,1.00,-3370.256,148.368,1.078336,0.372190
1361,2MSF,45.69,0.426800,1.00,-1614.555,286.963,0.679424,0.349560
1362,2MSO,60.00,0.503600,1.00,-1715.664,312.121,0.451510,0.436940
1363,2MSQ,64.81,0.553800,1.00,-1736.744,175.249,0.349756,0.341680
1364,2MSU,55.00,0.533300,1.00,-1083.034,71.889,0.437054,0.297010
1365,2MT7,94.29,0.781900,1.00,-2196.903,213.338,0.137272,0.808900
1366,2MT8,70.51,0.617800,1.00,-2100.661,345.312,0.522957,0.567120
1367,2MTM,52.63,0.469200,1.00,-926.030,142.607,0.497072,0.146340
1368,2MTO,55.77,0.489700,1.00,-497.761,92.921,0.515684,0.187220
1369,2MTT,71.15,0.539900,1.00,-523.861,75.755,0.287310,0.253500
1370,2MTU,73.08,0.530100,1.00,-523.861,75.755,0.368724,0.301890
1371,2MTW,62.50,0.538500,1.00,-1087.909,74.184,0.564094,0.381510
1372,2MTY,45.00,0.532300,1.00,-753.853,115.300,0.467691,0.149270
1373,2MU6,66.25,0.615500,1.00,-1232.375,64.474,0.437752,0.295030
1374,2MU7,35.00,0.457800,1.00,-670.230,146.374,0.579728,0.132500
1375,2MU8,38.75,0.481800,1.00,-827.057,140.023,0.681048,0.156860
1376,2MU9,66.25,0.576300,1.00,-1232.181,75.148,0.536720,0.308960
1377,2MUA,73.81,0.697700,1.00,-1157.959,73.535,0.212458,0.390310
1378,2MUB,87.50,0.707800,1.00,-3566.683,239.196,0.214672,0.768700
1379,2MUE,77.50,0.657200,1.00,-1276.074,60.478,0.301263,0.302410
1380,2MUF,60.00,0.533700,1.00,-787.422,176.843,0.401125,0.205900
1381,2MUH,56.25,0.361300,1.00,-444.224,148.352,0.558803,0.221830
1382,2MUJ,41.67,0.448700,1.00,-696.150,119.334,0.553163,0.155950
1383,2MUN,44.02,0.478700,1.00,-3233.324,304.706,0.945048,0.376970
1384,2MUQ,74.43,0.717400,1.00,-2814.716,168.567,0.409855,0.610800
1385,2MV6,53.06,0.698500,1.00,-3641.320,163.288,0.825356,0.508500
1386,2MVA,63.89,0.546600,1.00,-1393.409,165.843,0.450338,0.313810
1387,2MVH,73.08,0.611500,1.00,-1506.138,97.797,0.309068,0.354930
1388,2MVI,41.28,0.365400,1.00,-3330.931,253.529,0.687757,0.356260
1389,2MVJ,91.35,0.738000,1.00,-1796.088,80.216,0.156788,0.623940
1390,2MVK,46.15,0.465400,1.00,-955.187,235.240,0.738312,0.167260
1391,2MVL,39.42,0.458500,1.00,-955.187,235.240,0.816987,0.253960
1392,2MVM,51.70,0.616000,1.00,-2128.525,206.329,1.146953,0.410050
1393,2MVN,55.68,0.640900,1.00,-2128.525,206.329,0.842029,0.513910
1394,2MVT,40.96,0.461500,1.00,-3538.857,297.145,0.945049,0.376780
1395,2MW0,78.45,0.625100,1.00,-1807.365,160.616,0.271440,0.493290
1396,2MW3,38.10,0.487500,1.00,-976.447,113.147,0.818675,0.103670
1397,2MW7,71.62,0.628900,1.00,-1895.668,391.200,0.370224,0.511700
1398,2MW9,79.73,0.671100,1.00,-2230.444,204.118,0.336361,0.618510
1399,2MWA,68.92,0.610700,1.00,-2376.748,179.035,0.612322,0.532960
1400,2MWB,72.97,0.647500,1.00,-2215.618,238.607,0.379228,0.563770
1401,2MWD,84.82,0.654100,1.00,-1711.245,165.028,0.149885,0.470580
1402,2MWE,83.04,0.660600,1.00,-1646.578,175.838,0.166898,0.497150
1403,2MWF,76.56,0.634100,1.00,-2015.743,190.301,0.254242,0.523960
1404,2MWJ,93.75,0.808000,1.00,-2394.911,195.916,0.092553,0.802660
1405,2MWK,93.75,0.822100,1.00,-2394.911,195.916,0.085203,0.805620
1406,2MWL,43.75,0.437500,1.00,-354.101,161.725,0.494999,0.239000
1407,2MWT,58.82,0.557000,1.00,-1887.571,183.352,0.527806,0.435450
1408,2MX4,83.33,0.699000,1.00,-3012.060,284.559,0.233826,0.735100
1409,2MXG,48.44,0.476100,1.00,-354.101,161.725,0.518000,0.125400
1410,2MXH,45.31,0.466200,1.00,-354.101,161.725,0.649834,0.130240
1411,2MXM,96.21,0.811200,1.00,-2201.796,184.300,0.081370,0.830920
1412,2MXO,88.97,0.706600,1.00,-2118.537,179.264,0.148083,0.718160
1413,2MXP,90.91,0.794700,1.00,-2502.602,170.938,0.226165,0.787270
1414,2MXQ,67.65,0.566800,1.00,-2031.578,188.922,0.297022,0.442700
1415,2MXV,66.28,0.608600,1.00,-2526.242,208.607,0.626586,0.544930
1416,2MYH,47.56,0.431400,1.00,-2160.659,534.453,0.579754,0.342730
1417,2MYL,82.50,0.641600,1.00,-1456.083,38.688,0.258863,0.414310
1418,2MYM,58.75,0.555300,1.00,-1431.405,51.833,0.419856,0.273350
1419,2MZ2,67.65,0.583900,1.00,-858.399,77.087,0.387581,0.289890
1420,2MZ3,64.71,0.596300,1.00,-858.399,77.087,0.433379,0.229930
1421,2MZ4,45.11,0.482200,1.00,-3233.324,304.706,0.846202,0.375510
1422,2MZ7,20.11,0.495800,1.00,-1169.329,346.892,1.285522,0.208370
1423,2MZA,57.35,0.555400,1.00,-858.399,77.087,0.476413,0.299370
1424,2MZX,65.00,0.455200,1.00,-423.831,73.231,0.302421,0.263750
1426,2N0X,45.31,0.547200,1.00,-481.171,96.135,0.749716,0.231150
1427,2N16,70.00,0.507600,1.00,-1256.014,50.713,0.309038,0.265380
1428,2N1C,35.87,0.447900,1.00,-868.502,109.412,0.638447,0.210720
1429,2N1N,87.86,0.694700,1.00,-2540.117,171.564,0.156781,0.690720
1430,2N1P,72.50,0.661200,1.00,-1831.459,114.759,0.371059,0.494280
1431,2N1S,79.17,0.668900,1.00,-1797.891,223.527,0.224426,0.511790
1432,2N24,58.06,0.533700,1.00,-1838.829,226.133,0.721120,0.450440
1433,2N2C,44.77,0.574000,1.00,-1800.326,270.595,0.690648,0.384420
1434,2N2F,73.08,0.587200,1.00,-350.056,97.624,0.213861,0.284710
1435,2N2G,84.09,0.694000,1.00,-2052.863,181.974,0.197814,0.619260
1436,2N2S,47.66,0.463300,1.00,-2265.494,544.596,0.606880,0.273090
1437,2N3P,42.19,0.380500,1.00,-1715.686,332.067,0.744525,0.308240
1438,2N4K,66.28,0.580700,1.00,-2022.528,202.974,0.320241,0.514020
1439,2N4R,83.11,0.732600,1.00,-2167.502,196.638,0.621153,0.723470
1440,2N4S,81.08,0.691300,1.00,-2104.310,231.228,0.529196,0.691410
1441,2N4T,85.81,0.706200,1.00,-2369.633,240.633,0.289450,0.726330
1442,2N4U,79.05,0.662700,1.00,-2443.286,202.832,0.353124,0.656180
1443,2N4V,75.00,0.681400,1.00,-2279.124,182.986,0.625388,0.614860
1444,2N4W,79.73,0.696400,1.00,-2424.485,206.598,0.375393,0.661290
1445,2N58,69.17,0.568700,1.00,-2377.653,179.630,0.288515,0.461120
1446,2N5C,35.00,0.453400,1.00,-507.210,79.378,0.895816,0.179900
1447,2N5J,78.57,0.671500,1.00,-4461.829,169.148,0.203753,0.707380
1448,2N5K,66.38,0.554000,1.00,-1512.985,201.022,0.396342,0.372100
1449,2N5Q,73.15,0.622700,1.00,-1763.542,255.527,0.251640,0.371430
1450,2N5R,91.67,0.651000,1.00,-614.897,71.592,0.144037,0.447430
1451,2N63,46.88,0.444300,1.00,-354.101,161.725,0.481890,0.184020
1452,2N68,40.22,0.571300,1.00,-692.125,139.563,1.172342,0.173900
1453,2N6B,80.88,0.668800,1.00,-2544.104,150.003,0.156321,0.587880
1454,2N6M,73.81,0.672900,1.00,-1105.852,69.668,0.249825,0.289380
1455,2N6N,67.19,0.529200,1.00,-2101.841,152.321,0.550401,0.448460
1456,2N6O,80.71,0.637400,1.00,-2436.086,175.476,0.354698,0.638050
1457,2N6U,33.75,0.462200,1.00,-753.673,151.145,1.067606,0.173660
1458,2N6V,30.21,0.465600,1.00,-1008.657,121.423,0.829792,0.179290
1459,2N7F,53.91,0.463100,1.00,-2786.628,262.604,0.497417,0.312790
1460,2N7I,64.86,0.628700,1.00,-3083.211,95.019,0.510014,0.551340
1461,2N85,54.27,0.446600,1.00,-3035.475,124.224,1.011615,0.461850
1462,2N8B,55.56,0.525200,1.00,-2220.917,218.491,0.647878,0.385160
1463,2N8E,59.56,0.513500,1.00,-1523.624,374.344,0.419813,0.382700
1464,2N8H,64.29,0.516100,1.00,-1877.115,325.512,0.375810,0.361630
1465,2N8S,84.62,0.753000,1.00,-2325.313,223.202,0.328108,0.695730
1466,2N8U,74.36,0.674300,1.00,-1892.130,198.414,0.441587,0.613750
1467,2N92,54.84,0.543600,1.00,-1864.964,75.551,0.729365,0.344450
1468,2N94,84.90,0.761600,1.00,-3190.369,279.437,0.214297,0.761610
1469,2N95,79.59,0.722800,1.00,-2947.477,228.571,0.310095,0.686870
1470,2N9C,55.00,0.496600,1.00,-636.877,102.334,0.542762,0.198580
1471,2N9M,46.88,0.471400,1.00,-354.101,161.725,0.615552,0.103710
1472,2N9N,39.06,0.399700,1.00,-354.101,161.725,0.619211,0.213080
1473,2N9O,76.79,0.722800,1.00,-2993.932,217.965,0.639859,0.672640
1474,2N9T,65.00,0.523700,1.00,-1760.810,224.675,0.368623,0.386290
1475,2N9Z,30.36,0.341500,1.00,-2475.054,348.850,0.962968,0.310070
1476,2NA3,89.58,0.630800,1.00,-689.192,49.932,0.164803,0.601840
1477,2NA8,57.39,0.634800,1.00,-3627.013,149.550,0.518986,0.484370
1478,2NA9,67.61,0.702200,1.00,-3885.537,136.928,0.481532,0.685600
1479,2NAB,66.46,0.690500,1.00,-2735.342,187.975,0.897908,0.564800
1480,2NAE,27.33,0.435000,1.00,-1863.845,211.861,1.186027,0.239960
1481,2NAJ,86.36,0.682400,1.00,-2121.455,239.129,0.173175,0.647690
1482,2NAL,83.33,0.662300,1.00,-667.734,66.416,0.216852,0.426430
1483,2NAT,42.86,0.489700,1.00,-1822.000,122.823,0.656360,0.220410
1484,2NAU,64.29,0.536600,1.00,-1737.880,58.206,0.490522,0.344450
1485,2NAW,51.92,0.491700,1.00,-2438.001,207.505,0.826885,0.362700
1486,2NB2,81.58,0.711300,1.00,-3406.584,152.962,0.163045,0.613520
1487,2NB5,72.06,0.523300,1.00,-747.379,171.202,0.269471,0.193120
1488,2NB6,59.38,0.611000,1.00,-637.617,130.612,0.286884,0.215120
1489,2NB7,39.71,0.459200,1.00,-549.769,103.042,0.682980,0.163500
1490,2NB8,51.85,0.531100,1.00,-1392.870,189.214,0.755190,0.360960
1491,2NB9,80.61,0.704900,1.00,-3415.476,237.756,0.239007,0.721020
1492,2NC3,91.67,0.790900,1.00,-2232.417,141.828,0.110656,0.712430
1493,2NC4,87.12,0.777600,1.00,-2232.417,141.828,0.152906,0.667690
1494,2NC5,92.42,0.781800,1.00,-2232.417,141.828,0.116893,0.758930
1495,2NC6,92.42,0.795800,1.00,-2232.417,141.828,0.130622,0.748220
1496,2NC7,61.11,0.523300,1.00,-807.322,110.106,0.302685,0.152680
1497,2NCS,59.72,0.676700,1.00,-2460.616,115.845,0.459992,0.467260
1498,2NCT,59.72,0.612200,1.00,-2460.616,115.845,0.421682,0.531650
1499,2NCU,60.71,0.572400,1.00,-1388.660,69.540,0.438556,0.245560
1500,2NCV,59.52,0.576600,1.00,-1514.478,70.364,0.576035,0.291140
1501,2NCW,60.42,0.636300,1.00,-1514.046,116.596,0.480544,0.299670
1502,2NCX,79.17,0.736000,1.00,-1664.951,59.590,0.221517,0.408170
1503,2NCY,62.50,0.628000,1.00,-1531.371,67.906,0.557363,0.393200
1504,2ND2,82.95,0.641800,1.00,-3721.461,160.892,0.202272,0.731220
1505,2ND3,82.89,0.700600,1.00,-2867.098,219.509,0.143006,0.675740
1506,2ND6,69.12,0.626600,1.00,-1026.040,61.688,0.307334,0.264360
1507,2ND7,72.06,0.612500,1.00,-1026.040,61.688,0.377994,0.308320
1508,2ND8,67.65,0.509500,1.00,-1026.040,61.688,0.455739,0.270540
1509,2NDB,52.55,0.460200,1.00,-2789.237,260.339,0.498018,0.438000
1510,2NDC,59.72,0.489800,1.00,-755.697,122.053,0.410550,0.278970
1511,2NDE,47.22,0.467600,1.00,-772.359,87.158,0.617297,0.195370
1512,2NDI,46.20,0.487900,1.00,-2365.399,240.622,0.747708,0.304740
1513,2NDK,54.69,0.694200,1.00,-2638.826,156.817,0.408285,0.595470
1514,2NDL,64.06,0.620700,1.00,-711.060,125.568,0.283080,0.233800
1515,2NDM,59.62,0.547400,1.00,-674.104,81.555,0.304963,0.225920
1516,2NDN,82.81,0.647700,1.00,-800.976,73.618,0.176419,0.340230
1517,2NOR,57.50,0.482300,1.00,-377.131,49.119,0.376672,0.346480
1518,2NOU,62.50,0.547600,1.00,-457.989,36.985,0.314332,0.364350
1519,2NR1,65.74,0.609500,1.00,-1566.302,106.441,0.540216,0.451290
1520,2NS4,53.57,0.509900,1.00,-260.898,144.214,0.515941,0.238840
1521,2NVJ,49.00,0.541000,1.00,-1944.407,42.303,0.577271,0.277740
1522,2NX6,42.59,0.484800,1.00,-1327.204,190.160,0.700450,0.233680
1523,2NX7,48.21,0.457400,1.00,-1482.231,208.162,0.733324,0.264820
1526,2NZ3,59.38,0.552600,1.00,-3038.562,247.520,0.532919,0.494970
1527,2NZZ,35.81,0.474400,1.00,-2912.050,81.083,1.184363,0.240130
1528,2O00,36.49,0.439100,1.00,-2912.050,81.083,1.014257,0.237360
1529,2O0S,56.25,0.419400,1.00,-481.146,108.378,0.397017,0.175320
1530,2OBU,51.79,0.620100,1.00,-2440.634,280.231,0.715413,0.429240
1532,2OJM,43.18,0.374600,1.00,-895.879,209.386,0.761376,0.151630
1533,2OJN,37.50,0.491500,1.00,-811.795,150.783,0.669656,0.165610
1534,2OJO,81.82,0.687300,1.00,-1451.569,52.910,0.181985,0.316960
1535,2OP7,48.72,0.427700,1.00,-2456.628,225.482,1.050003,0.341280
1536,2OQ9,60.42,0.518000,1.00,-1111.852,161.701,0.346962,0.268570
1537,2ORU,73.75,0.667000,1.00,-1206.193,106.742,0.286884,0.230560
1538,2OVN,80.88,0.636500,1.00,-957.607,43.061,0.219146,0.433360
1539,2OYV,53.85,0.410900,1.00,-493.071,62.082,0.565908,0.308640
1540,2OYW,57.69,0.430000,1.00,-493.071,62.082,0.602920,0.285870
1541,2P4L,32.61,0.354300,1.00,-2886.189,330.324,0.914331,0.315480
1542,2P5J,45.59,0.482200,1.00,-815.884,104.402,0.684101,0.233730
1543,2P81,60.80,0.458600,1.00,-3662.423,160.233,0.855224,0.516280
1544,2PCO,81.73,0.636100,1.00,-1442.312,121.709,0.211959,0.565250
1545,2PDD,81.98,0.662100,1.00,-3656.332,148.675,0.292415,0.714990
1546,2PDE,31.98,0.365700,1.00,-3656.332,148.675,0.713183,0.351770
1547,2PJV,44.35,0.552300,1.00,-940.926,72.174,0.877375,0.303450
1548,2PO8,75.00,0.618500,1.00,-1760.409,270.448,0.412280,0.554290
1549,2PPZ,75.00,0.589800,1.00,-3140.880,114.333,0.225616,0.524140
1550,2PTA,90.00,0.719000,1.00,-2357.693,212.953,0.190134,0.705010
1551,2PV6,70.45,0.573900,1.00,-1735.560,102.727,0.223726,0.307750
1552,2RLG,79.17,0.618900,1.00,-809.451,57.763,0.319399,0.397350
1553,2RLH,79.17,0.618600,1.00,-809.451,57.763,0.308748,0.391660
1554,2RLJ,50.00,0.506900,1.00,-638.790,128.998,0.421941,0.234750
1555,2RLW,56.62,0.624600,1.00,-1710.925,160.592,0.528829,0.401610
1557,2RMF,69.38,0.716300,1.00,-2997.313,107.894,0.405735,0.554730
1558,2RMG,55.92,0.656100,1.00,-2799.826,78.451,0.464771,0.330370
1559,2RMH,53.29,0.634500,1.00,-2613.812,78.116,0.686853,0.486350
1561,2RMV,49.04,0.478300,1.00,-1588.461,118.012,0.669811,0.250620
1562,2RMW,43.27,0.406300,1.00,-1740.639,168.132,0.719403,0.220050
1563,2RMY,60.29,0.544200,1.00,-2044.236,119.128,0.874910,0.539510
1564,2RMZ,72.67,0.702900,1.00,-3369.438,80.271,0.332080,0.705390
1565,2RN0,71.51,0.716000,1.00,-3369.438,80.271,0.498385,0.607210
1566,2RND,61.76,0.537900,1.00,-2044.236,119.128,0.789907,0.540350
1567,2ROO,34.88,0.375000,1.00,-3122.062,348.798,0.715440,0.232410
1568,2RPS,53.91,0.557300,1.00,-1478.646,186.125,0.641205,0.361440
1570,2RQ2,51.67,0.407900,1.00,-2050.119,156.255,0.852030,0.376380
1571,2RQZ,80.26,0.702600,1.00,-2591.069,221.721,0.214835,0.640570
1572,2RR0,76.32,0.654400,1.00,-2591.069,221.721,0.222561,0.567960
1573,2RR2,76.32,0.650400,1.00,-2591.069,221.721,0.211009,0.591400
1574,2RRH,74.14,0.674800,1.00,-2232.557,59.710,0.248115,0.554960
1575,2RRI,69.83,0.689500,1.00,-2232.557,59.710,0.279341,0.452010
1576,2RRS,43.06,0.482500,1.00,-776.720,177.688,0.587604,0.215780
1577,2RSH,68.92,0.602000,1.00,-2065.860,166.573,0.625561,0.556260
1578,2RSW,50.00,0.474000,1.00,-570.571,191.906,0.458810,0.181090
1579,2RT4,53.00,0.536500,1.00,-1033.246,113.319,0.838051,0.164850
1580,2RTY,92.50,0.760300,1.00,-1844.638,133.921,0.118472,0.729240
1581,2RTZ,84.48,0.620200,1.00,-2105.062,119.669,0.222914,0.554320
1582,2RU0,79.17,0.591700,1.00,-2610.028,158.506,0.214659,0.596470
1583,2RUM,42.11,0.444800,1.00,-831.977,98.412,0.517994,0.204050
1584,2RUN,52.78,0.467800,1.00,-1046.733,131.846,0.462229,0.272900
1585,2RUO,34.38,0.336500,1.00,-743.014,76.852,0.761558,0.208380
1586,2RUT,83.33,0.772100,1.00,-2190.640,177.316,0.293693,0.683320
1587,2RUU,76.39,0.795500,1.00,-1929.692,140.575,0.530743,0.628340
1588,2RUV,77.70,0.701400,1.00,-2065.860,166.573,0.551664,0.673440
1589,2RUW,72.30,0.732500,1.00,-2050.495,230.127,0.482413,0.609030
1590,2RUX,75.69,0.675100,1.00,-2016.914,188.689,0.372879,0.583050
1591,2RUY,72.97,0.684400,1.00,-2257.066,149.820,0.553442,0.596550
1592,2RUZ,81.58,0.769800,1.00,-2269.809,143.322,0.588590,0.735540
1593,2RV0,77.70,0.779000,1.00,-2129.955,191.102,0.560843,0.693460
1594,2RV1,75.68,0.655900,1.00,-2528.217,240.711,0.355040,0.593920
1595,2RV2,74.31,0.763500,1.00,-1854.937,164.079,0.695493,0.636890
1596,2RV3,73.61,0.748700,1.00,-1478.806,159.394,0.633675,0.599300
1597,2RV4,79.05,0.752000,1.00,-2089.869,173.052,0.353366,0.668440
1598,2RV5,79.29,0.765100,1.00,-1889.038,171.230,0.360850,0.653150
1599,2RVD,77.50,0.533500,1.00,-417.904,72.911,0.253771,0.398150
1600,2SH1,47.40,0.445800,1.00,-2744.898,287.777,0.569751,0.344670
1601,2V1V,83.62,0.675300,1.00,-1956.175,175.054,0.198699,0.496730
1602,2VY4,75.68,0.658400,1.00,-2418.738,223.515,0.399916,0.553770
1603,2VY5,77.03,0.668500,1.00,-2418.738,223.515,0.360128,0.575130
1604,2W0T,74.42,0.659000,1.00,-2685.473,230.652,0.303138,0.607310
1605,2W9O,70.11,0.601000,1.00,-2604.385,385.321,0.435000,0.589270
1606,2W9U,70.11,0.637000,1.00,-2556.145,298.405,0.410210,0.592230
1607,2W9V,72.16,0.594600,1.00,-2545.177,299.669,0.376282,0.572740
1608,2W9W,72.16,0.612400,1.00,-2460.554,293.294,0.419799,0.607620
1609,2WH9,82.64,0.715500,1.00,-2476.112,224.019,0.196835,0.651800
1610,2WXC,77.13,0.649100,1.00,-3521.696,252.289,0.355812,0.679300
1611,2XL1,51.04,0.542800,1.00,-1399.237,144.640,0.606566,0.328620
1612,2YRH,63.07,0.694800,1.00,-1935.807,199.769,0.837471,0.548210
1613,2YRJ,64.13,0.739100,1.00,-2023.556,365.619,0.713728,0.562020
1614,2YRM,72.67,0.652200,1.00,-2046.618,231.056,0.475741,0.616990
1615,2YSB,76.02,0.769700,1.00,-2845.655,266.457,0.483247,0.674930
1616,2YSC,74.36,0.713800,1.00,-2213.799,234.952,0.481044,0.601260
1617,2YSF,79.38,0.767600,1.00,-2383.053,172.495,0.560707,0.671680
1618,2YSG,76.25,0.690500,1.00,-2430.158,242.383,0.386297,0.621900
1619,2YSH,71.88,0.659700,1.00,-1831.826,222.035,0.354298,0.568980
1620,2YSI,60.00,0.625600,1.00,-2004.128,302.157,0.782234,0.476350
1621,2YSO,58.15,0.672800,1.00,-2315.155,205.074,0.802653,0.489080
1622,2YSP,55.98,0.639500,1.00,-2078.535,256.008,0.951333,0.477740
1623,2YSV,58.93,0.614200,1.00,-1881.695,232.971,0.630787,0.467120
1624,2YTA,67.07,0.667600,1.00,-1740.314,289.333,0.804326,0.584860
1625,2YTB,64.29,0.676200,1.00,-1934.357,203.462,0.776827,0.509490
1626,2YTD,64.67,0.716100,1.00,-2128.698,227.387,0.660931,0.554540
1627,2YTE,68.45,0.712300,1.00,-2064.494,225.994,0.512967,0.564830
1628,2YTF,59.24,0.714900,1.00,-2087.260,237.327,0.817768,0.531300
1629,2YTG,61.41,0.741100,1.00,-2070.490,225.464,0.931527,0.539610
1630,2YTH,57.61,0.726000,1.00,-2016.137,252.491,1.131924,0.523070
1631,2YTI,55.98,0.713600,1.00,-2029.141,236.692,1.010639,0.481850
1632,2YTJ,63.04,0.734800,1.00,-2222.798,286.288,0.727496,0.559530
1633,2YTK,61.96,0.725800,1.00,-2318.682,224.260,0.770954,0.535610
1634,2YTM,52.17,0.577400,1.00,-2135.940,227.492,1.001263,0.450310
1635,2YTN,59.78,0.707700,1.00,-1962.053,228.365,0.992344,0.545860
1636,2YTO,69.02,0.729000,1.00,-2052.720,211.321,0.436951,0.575040
1637,2YTP,60.87,0.652900,1.00,-2318.634,241.072,0.836581,0.522800
1638,2YTQ,57.07,0.699900,1.00,-2160.893,233.040,0.772134,0.494990
1639,2YTR,64.13,0.762800,1.00,-2070.518,190.979,0.745495,0.552020
1640,2YTS,64.13,0.736400,1.00,-2187.376,236.962,0.873863,0.551200
1641,2YTT,58.70,0.685700,1.00,-2377.976,239.643,1.004926,0.493090
1642,2YU5,67.05,0.733900,1.00,-2043.865,260.426,0.487527,0.527650
1643,2YU8,62.50,0.745800,1.00,-1930.663,219.886,0.955830,0.567620
1644,2YYF,55.00,0.523400,1.00,-533.975,92.520,0.571198,0.251330
1645,2Z3S,74.36,0.610900,1.00,-2915.317,193.227,0.232436,0.548420
1646,2ZAJ,66.33,0.696200,1.00,-2735.329,256.577,0.999090,0.581410
1647,2ZNF,84.72,0.704000,1.00,-920.669,73.526,0.176254,0.395610
1648,3BBG,34.38,0.359400,1.00,-2846.112,227.507,0.782203,0.357660
1649,3CMH,45.00,0.462400,1.00,-677.041,110.438,0.480218,0.215850
1650,3CTI,95.69,0.737500,1.00,-1909.171,192.933,0.107822,0.746340
1651,3LEU,41.89,0.474300,1.00,-1884.664,217.474,0.874099,0.299260
1652,3MRA,80.00,0.752700,1.00,-1723.478,65.467,0.193490,0.467900
1653,3ZNF,82.50,0.670900,1.00,-1991.996,148.220,0.284373,0.579330
1654,4A24,84.57,0.712400,1.00,-3244.773,274.250,0.267185,0.741650
1655,4APD,58.06,0.590000,1.00,-1861.238,87.842,0.461144,0.442950
1656,4B19,73.33,0.695700,1.00,-2336.916,97.401,0.276486,0.454040
1658,4B2U,34.72,0.380800,1.00,-2088.517,285.655,0.829640,0.199140
1659,4B2V,43.75,0.423300,1.00,-1790.071,307.844,0.590752,0.220080
1660,4BMF,87.50,0.676900,1.00,-2310.575,240.258,0.174479,0.727580
1661,4CYK,62.20,0.582700,1.00,-2508.429,222.964,0.545536,0.448740
1662,4ZNF,81.67,0.674800,1.00,-1991.996,148.220,0.276963,0.589480
1663,5A4H,27.56,0.469800,1.00,-1431.864,273.476,1.043063,0.217250
1664,5AAY,91.67,0.778200,1.00,-1930.861,183.626,0.186106,0.766120
1665,5AAZ,85.16,0.778300,1.00,-2045.687,157.389,0.217095,0.669380
1666,5AHT,75.58,0.669300,1.00,-2499.686,205.628,0.506660,0.686970
1667,5FZV,64.06,0.492400,1.00,-2240.079,260.121,0.367814,0.438790
1668,5FZW,62.88,0.480300,1.00,-2637.391,218.375,0.525516,0.413220
1669,5FZX,52.78,0.446000,1.00,-2424.713,306.363,0.654810,0.347600
1671,5GSF,37.04,0.414800,1.00,-1647.592,154.650,0.617348,0.169760
1672,5GVO,55.56,0.482900,1.00,-1043.812,125.507,0.619523,0.184070
1673,5H1H,54.69,0.472700,1.00,-612.775,87.924,0.477914,0.172220
1674,5H1I,38.89,0.518300,1.00,-532.595,103.786,0.949098,0.161350
1675,5H2S,63.00,0.602100,1.00,-1103.973,82.106,0.400943,0.382990
1676,5I1X,89.58,0.707100,1.00,-2294.014,211.297,0.152848,0.734650
1677,5I2P,90.97,0.688500,1.00,-2356.928,259.327,0.185149,0.749800
1678,5ID5,46.00,0.410500,1.00,-1304.236,163.796,0.763580,0.327520
1679,5IJ4,87.24,0.763900,1.00,-3461.373,313.501,0.204526,0.780840
1680,5ION,86.21,0.741400,1.00,-1877.097,110.333,0.162661,0.590090
1681,5IPO,65.10,0.534300,1.00,-2959.169,328.349,0.650125,0.557330
1682,5J8T,70.74,0.623500,1.00,-2737.646,266.058,0.354138,0.589880
1683,5JHI,95.71,0.746300,1.00,-2420.206,151.389,0.076001,0.843410
1684,5JI4,72.30,0.642500,1.00,-2819.937,165.113,0.281960,0.567570
1685,5JPL,41.18,0.466800,1.00,-876.233,117.027,0.717108,0.189530
1686,5JPX,77.22,0.649300,1.00,-3245.599,195.879,0.355277,0.667910
1687,5JYH,58.52,0.510600,1.00,-2619.143,247.901,0.682066,0.457690
1688,5KGY,84.09,0.652800,1.00,-1632.522,54.404,0.186801,0.451750
1689,5KGZ,43.18,0.515300,1.00,-3319.494,79.678,0.618622,0.369280
1690,5KHB,78.57,0.704000,1.00,-1297.149,45.570,0.250001,0.387540
1691,5KI0,50.00,0.541100,1.00,-136.860,130.897,0.369208,0.125480
1692,5KKM,82.95,0.623700,1.00,-1316.025,142.062,0.281642,0.458760
1693,5KVN,93.52,0.721100,1.00,-1987.427,140.919,0.104859,0.654310
1694,5KWO,54.81,0.469400,1.00,-1392.717,218.539,0.648458,0.381510
1695,5KWX,46.00,0.454100,1.00,-1010.301,253.377,0.701331,0.265350
1696,5KWZ,86.54,0.680900,1.00,-1735.172,85.214,0.174433,0.576880
1697,5KX0,60.58,0.437200,1.00,-1836.995,99.246,0.457681,0.402150
1698,5KX1,65.91,0.498000,1.00,-1120.430,138.314,0.323344,0.281120
1699,5KX2,36.11,0.427400,1.00,-619.325,124.660,0.664419,0.197520
1700,5L1C,85.42,0.712300,1.00,-2505.626,198.667,0.162870,0.690780
1701,5L82,51.35,0.432200,1.00,-2541.118,145.635,0.584482,0.384700
1702,5LAH,33.33,0.380800,1.00,-3032.180,377.997,0.775358,0.312160
1703,5LBJ,74.29,0.721400,1.00,-2866.548,87.766,0.234002,0.643300
1704,5LCS,65.96,0.602700,1.00,-3344.701,317.997,1.146720,0.576670
1705,5LM0,91.96,0.716000,1.00,-1937.636,70.376,0.148683,0.678990
1706,5LME,77.91,0.658900,1.00,-2459.795,247.210,0.442307,0.670430
1707,5M9U,51.19,0.421600,1.00,-938.651,212.960,0.410931,0.178650
1708,5N5A,39.19,0.554700,1.00,-1102.107,261.905,0.713922,0.288870
1709,5N5B,40.18,0.532700,1.00,-946.887,144.817,0.603249,0.201380
1710,5NAM,65.10,0.684700,1.00,-3484.671,188.448,0.538492,0.573790
1711,5NAO,72.14,0.727400,1.00,-2724.101,57.796,0.551728,0.692060
1712,5NDA,90.91,0.805800,1.00,-2332.950,58.599,0.119545,0.702460
1713,5NVB,60.00,0.512200,1.00,-621.595,67.733,0.309622,0.284550
1714,5OAP,65.28,0.615800,1.00,-686.198,76.101,0.461258,0.303650
1715,5T3M,76.43,0.608700,1.00,-2363.781,267.353,0.266429,0.538780
1716,5T42,36.17,0.406100,1.00,-3588.326,239.199,0.904847,0.289700
1717,5T4R,87.86,0.718600,1.00,-2378.701,203.320,0.304347,0.739860
1718,5T7Q,65.48,0.649100,1.00,-1120.632,88.222,0.668747,0.322850
1719,5TCZ,66.41,0.480500,1.00,-1658.166,265.541,0.332145,0.413140
1720,5TJ1,30.26,0.419300,1.00,-738.013,91.897,0.945193,0.159470
1721,5TX8,89.29,0.679600,1.00,-2011.786,109.557,0.225399,0.689110
1722,5UG3,52.63,0.489500,1.00,-1081.130,98.717,0.473573,0.229480
1723,5UG5,67.11,0.580700,1.00,-1080.171,91.649,0.458770,0.250030
1724,5UI6,45.83,0.471300,1.00,-592.374,119.616,0.730871,0.204000
1725,5UI7,42.11,0.474000,1.00,-798.669,81.229,0.651947,0.197600
1726,5UJG,76.04,0.618200,1.00,-1537.827,123.692,0.254537,0.349560
1727,5UJH,57.61,0.486800,1.00,-1365.963,102.868,0.395014,0.208600
1728,5UJQ,56.03,0.652400,1.00,-1771.108,75.702,0.579501,0.436160
1729,5UJR,27.27,0.324300,1.00,-1368.714,235.418,1.556123,0.208320
1730,5UKZ,47.16,0.521500,1.00,-2284.927,172.661,0.961316,0.416100
1731,5UOI,87.79,0.660700,1.00,-3784.878,146.776,0.160407,0.789090
1732,5UP5,83.75,0.615300,1.00,-3190.993,180.976,0.173183,0.688510
1733,5UY2,36.25,0.439700,1.00,-643.722,177.133,0.714916,0.116990
1734,5UZL,34.85,0.519000,1.00,-1364.004,188.289,1.278793,0.208840
1735,5V0Y,60.71,0.471100,1.00,-1241.477,259.386,0.652554,0.237810
1736,5V11,65.48,0.505500,1.00,-1115.692,161.635,0.670848,0.234110
1737,5V2B,47.50,0.514400,1.00,-727.565,123.571,0.484737,0.113100
1738,5V4C,42.65,0.482600,1.00,-292.458,136.299,0.547371,0.158460
1739,5V4U,53.12,0.643400,1.00,-2401.623,158.993,0.604159,0.517580
1740,5VAV,76.79,0.612700,1.00,-533.816,113.399,0.168191,0.237120
1741,5VFW,58.00,0.487800,1.00,-1416.831,213.313,0.383181,0.264880
1742,5VL6,44.12,0.436100,1.00,-330.648,138.134,0.537247,0.172390
1743,5VR5,43.75,0.451200,1.00,-853.156,104.807,0.532352,0.201130
1744,5W54,52.00,0.507500,1.00,-925.540,134.034,0.565896,0.237010
1745,5W9F,68.90,0.583600,1.00,-2882.502,236.143,0.322103,0.614240
1746,5WCV,45.69,0.430000,1.00,-1612.980,215.630,0.581044,0.216290
1747,5WE3,69.85,0.557500,1.00,-2420.346,228.442,0.359973,0.488930
1748,5WOD,83.55,0.749000,1.00,-2907.287,74.294,0.135007,0.662500
1749,5WOV,72.79,0.612700,1.00,-2103.482,149.719,0.346257,0.561440
1750,5WOW,65.38,0.554600,1.00,-2474.367,206.373,0.530688,0.510660
1751,5WRX,50.00,0.444700,1.00,-397.304,86.468,0.432169,0.292070
1752,5WUZ,65.70,0.579400,1.00,-3035.639,319.187,0.313303,0.487020
1753,5WXE,81.25,0.618900,1.00,-1940.252,211.736,0.278850,0.521430
1754,5WYE,48.44,0.453200,1.00,-354.101,161.725,0.540228,0.186900
1755,5X34,94.44,0.832600,1.00,-2394.911,195.916,0.087423,0.809750
1756,5X35,97.92,0.844100,1.00,-2394.911,195.916,0.061471,0.888240
1757,5X36,97.92,0.846400,1.00,-2394.911,195.916,0.064864,0.878950
1758,5X37,97.92,0.848500,1.00,-2394.911,195.916,0.066186,0.876620
1759,5X38,98.61,0.871700,1.00,-2394.911,195.916,0.053003,0.914870
1760,5X39,97.92,0.808100,1.00,-2393.125,212.203,0.068304,0.864110
1761,5X3C,97.22,0.791100,1.00,-2192.992,252.532,0.074764,0.851500
1762,5X3L,80.00,0.671400,1.00,-1281.891,43.100,0.291606,0.425360
1763,5XA6,71.05,0.584100,1.00,-2634.006,163.721,0.294145,0.551700
1764,5XBD,64.58,0.519900,1.00,-1967.104,258.193,0.323169,0.448630
1765,5XDI,62.50,0.542000,1.00,-2714.569,257.199,0.364373,0.447240
1766,5XDJ,86.90,0.733100,1.00,-1105.852,69.668,0.124308,0.429940
1767,5XEK,71.43,0.598200,1.00,-3326.183,243.421,0.316063,0.535790
1768,5XIV,58.75,0.523400,1.00,-996.599,154.691,0.422806,0.149820
1769,5XM4,39.71,0.534800,1.00,-566.727,61.146,1.221313,0.238680
1770,5XNG,89.71,0.722400,1.00,-1317.223,75.325,0.128106,0.591050
1771,5XO3,47.62,0.388300,1.00,-675.718,233.841,0.461067,0.125430
1772,5XO4,45.24,0.346100,1.00,-662.657,200.549,0.739686,0.148960
1773,5XO5,45.24,0.371100,1.00,-586.792,140.681,0.698411,0.147340
1774,5XRX,50.00,0.519700,1.00,-1317.223,75.325,0.577199,0.254610
1775,5Y0H,77.38,0.608300,1.00,-1115.937,114.817,0.407864,0.350560
1776,5Y0I,65.48,0.454900,1.00,-1177.110,138.340,0.710161,0.269000
1777,5Y0J,59.52,0.493300,1.00,-1299.679,187.919,0.673933,0.231890
1778,5Y22,72.73,0.599500,1.00,-1516.661,86.503,0.460322,0.513130
1779,5Y3U,70.45,0.591200,1.00,-1516.661,86.503,0.479540,0.392940
1780,5YKK,69.44,0.495100,1.00,-1000.881,103.262,0.322441,0.253170
1781,5YKL,68.42,0.513400,1.00,-1055.462,86.236,0.300196,0.250010
1782,5YKQ,57.89,0.471800,1.00,-882.757,175.541,0.323794,0.145510
1783,5YZ6,85.71,0.689000,1.00,-4174.297,231.914,0.149966,0.767400
1784,5YZK,88.78,0.721100,1.00,-4201.941,249.690,0.137116,0.790990
1785,5Z1Y,64.29,0.513600,1.00,-934.734,94.508,0.302050,0.218510
1786,5Z26,68.06,0.479000,1.00,-603.311,97.474,0.471049,0.256270
1787,5Z2O,90.28,0.744200,1.00,-1094.417,39.516,0.164562,0.525720
1788,5Z31,58.33,0.539400,1.00,-788.473,149.473,0.539342,0.204310
1789,5Z32,41.67,0.441200,1.00,-632.465,159.945,0.562592,0.175640
1790,5Z5W,58.33,0.427400,1.00,-416.388,134.171,0.435289,0.259870
1791,5Z5X,59.72,0.536900,1.00,-1176.817,42.121,0.473751,0.289820
1792,5ZCN,29.76,0.442000,1.00,-892.879,73.417,0.929057,0.139530
1793,5ZNF,92.50,0.729900,1.00,-1831.884,146.466,0.218415,0.762030
1794,5ZV6,87.50,0.751600,1.00,-1822.073,125.710,0.133181,0.599120
1795,5ZYX,62.50,0.553600,1.00,-1398.313,41.063,0.534420,0.279380
1796,6A5J,71.15,0.594600,1.00,-568.090,62.547,0.311688,0.326380
1797,6A8Y,46.15,0.484300,1.00,-1254.494,128.277,0.586266,0.242990
1798,6AAB,44.05,0.407900,1.00,-662.657,200.549,0.682592,0.190860
1799,6AFQ,45.24,0.403200,1.00,-675.718,233.841,0.542536,0.152200
1800,6AHZ,52.14,0.591800,1.00,-2067.386,132.072,0.756902,0.395940
1801,6AK0,42.86,0.382100,1.00,-1122.962,176.115,0.525814,0.199690
1802,6AX2,50.00,0.481900,1.00,-2774.620,406.631,0.502297,0.407870
1803,6B3U,78.75,0.739600,1.00,-3497.758,75.918,0.324444,0.662050
1804,6B5W,30.26,0.426000,1.00,-738.013,91.897,1.002644,0.181760
1805,6B9K,55.00,0.486400,1.00,-268.719,47.613,0.325949,0.418720
1806,6B9W,84.56,0.652500,1.00,-2672.708,161.167,0.218908,0.636420
1807,6BAM,77.21,0.597800,1.00,-2253.664,197.440,0.299715,0.581830
1808,6BB6,82.35,0.658400,1.00,-2597.434,196.658,0.295934,0.645780
1809,6BEQ,50.00,0.520600,1.00,-265.142,47.962,0.635347,0.190610
1810,6BET,60.42,0.554200,1.00,-460.754,97.629,0.276651,0.312600
1811,6BEU,53.57,0.488400,1.00,-545.482,122.918,0.476722,0.180170
1812,6BI5,81.45,0.678200,1.00,-2404.667,111.818,0.327293,0.633780
1813,6BJF,78.85,0.603100,1.00,-621.161,66.661,0.313540,0.378740
1814,6BUC,92.36,0.772200,1.00,-2395.005,173.046,0.128327,0.796210
1815,6BVU,41.07,0.398500,1.00,-571.333,80.581,0.569359,0.265100
1816,6BVW,48.21,0.394600,1.00,-571.333,80.581,0.536275,0.182100
1817,6BVX,50.00,0.445700,1.00,-637.064,101.418,0.532943,0.306990
1818,6BX9,45.00,0.443100,1.00,-738.328,78.878,0.506023,0.218060
1819,6CEG,40.00,0.382000,1.00,-1476.872,257.543,0.775282,0.258890
1820,6CEI,75.00,0.666900,1.00,-1711.867,204.172,0.420151,0.623950
1821,6CEJ,48.21,0.366200,1.00,-488.159,92.746,0.484033,0.207860
1822,6CFA,80.26,0.619500,1.00,-838.313,67.385,0.300080,0.348790
1823,6CFB,55.65,0.453700,1.00,-1628.650,270.260,0.692513,0.373610
1825,6CGX,47.73,0.468300,1.00,-884.690,170.834,0.553728,0.210740
1829,6CJ8,69.12,0.598500,1.00,-860.474,69.233,0.288629,0.325490
1830,6CKD,91.67,0.739100,1.00,-2607.905,163.333,0.098411,0.769140
1831,6CKF,89.58,0.741200,1.00,-2607.905,163.333,0.147389,0.754310
1832,6CMH,55.95,0.436000,1.00,-1320.516,77.525,0.704073,0.240950
1833,6COO,55.88,0.477900,1.00,-784.626,193.918,0.464961,0.243760
1834,6COP,76.47,0.565300,1.00,-1041.569,86.961,0.406492,0.338290
1835,6COQ,55.88,0.438300,1.00,-881.444,109.666,0.590975,0.310510
1836,6COR,77.94,0.622400,1.00,-891.410,71.225,0.251127,0.449650
1837,6COS,63.24,0.528800,1.00,-860.474,69.233,0.374239,0.262120
1838,6COT,63.24,0.489800,1.00,-790.797,109.611,0.480870,0.365490
1839,6COU,73.53,0.563700,1.00,-1066.067,107.295,0.308171,0.324290
1840,6COV,69.12,0.559900,1.00,-790.797,109.611,0.309861,0.306750
1841,6COW,76.47,0.563600,1.00,-860.474,69.233,0.231977,0.306020
1842,6CSK,61.84,0.527000,1.00,-905.395,59.412,0.542594,0.321570
1843,6CSZ,81.58,0.677400,1.00,-911.948,41.975,0.264263,0.368130
1844,6CT1,69.74,0.607100,1.00,-1176.377,89.281,0.363532,0.330260
1845,6CT4,72.37,0.535300,1.00,-991.088,147.198,0.433309,0.338510
1846,6D3T,94.17,0.738900,1.00,-2027.111,102.845,0.108802,0.731980
1847,6D8H,92.97,0.772100,1.00,-2067.646,183.778,0.089654,0.763300
1848,6D8Q,95.97,0.784300,1.00,-2095.829,102.589,0.093792,0.791330
1849,6D8R,91.94,0.727000,1.00,-2095.858,115.782,0.135851,0.701900
1850,6D8S,90.32,0.737900,1.00,-2045.333,118.427,0.110991,0.690240
1851,6D8T,95.16,0.728200,1.00,-2176.478,121.658,0.104679,0.741830
1852,6D8U,91.94,0.707300,1.00,-2104.664,159.192,0.105071,0.729300
1853,6D8Y,91.13,0.714200,1.00,-1933.060,145.985,0.141918,0.717430
1854,6D93,90.32,0.738300,1.00,-1973.588,176.340,0.135415,0.686220
1855,6D9O,91.94,0.731400,1.00,-2156.801,137.138,0.141958,0.697090
1856,6D9P,93.55,0.738600,1.00,-2086.984,117.679,0.097260,0.763130
1857,6DHR,87.07,0.732300,1.00,-1929.701,157.955,0.234765,0.705660
1858,6DMZ,85.11,0.695600,1.00,-3338.884,210.529,0.144653,0.770580
1859,6DST,65.38,0.675600,1.00,-1844.514,81.014,0.333090,0.483720
1860,6DZ9,41.07,0.449900,1.00,-300.026,64.322,0.763325,0.155110
1861,6DZA,39.06,0.443400,1.00,-447.372,125.869,0.711440,0.248600
1862,6DZB,48.44,0.506100,1.00,-487.974,102.416,0.880266,0.150930
1863,6DZC,50.00,0.427500,1.00,-559.257,72.969,1.030820,0.232700
1864,6DZE,54.69,0.505100,1.00,-435.293,122.532,0.629126,0.275080
1865,6E1L,75.00,0.623900,1.00,-1277.483,113.864,0.285323,0.370390
1867,6EFE,74.07,0.646600,1.00,-2056.409,74.085,0.232479,0.369820
1868,6ENA,95.97,0.852000,1.00,-1905.204,152.604,0.116305,0.810060
1869,6F46,52.86,0.547100,1.00,-2536.000,74.656,0.844253,0.403060
1870,6F61,95.16,0.768600,1.00,-1978.151,157.939,0.092847,0.760840
1871,6FGM,62.50,0.500000,1.00,-508.465,98.211,0.361292,0.303200
1872,6FS4,62.90,0.637100,1.00,-2062.768,122.101,0.637168,0.428750
1873,6FS5,62.82,0.643000,1.00,-2737.130,135.761,0.380357,0.488580
1874,6G4I,75.00,0.741800,1.00,-1461.003,84.424,0.237151,0.339680
1875,6G4K,73.96,0.698300,1.00,-1461.003,84.424,0.328605,0.393420
1876,6G4U,59.38,0.688800,1.00,-1461.003,84.424,0.554587,0.374600
1877,6G4V,60.42,0.635400,1.00,-1567.905,92.801,0.394935,0.383030
1878,6G4X,65.62,0.653200,1.00,-1567.905,92.801,0.502928,0.447940
1880,6GIF,74.17,0.657600,1.00,-1799.111,103.197,0.316440,0.521110
1881,6GIG,32.50,0.313600,1.00,-1734.709,218.557,1.080286,0.241790
1882,6GIJ,80.00,0.633700,1.00,-712.324,40.212,0.328189,0.415280
1883,6GIK,51.92,0.543100,1.00,-665.198,56.232,0.396819,0.339880
1884,6GIL,42.31,0.528400,1.00,-565.042,32.906,0.519290,0.216390
1885,6GNZ,50.00,0.460200,1.00,-1740.835,100.933,0.668515,0.348710
1886,6GO0,35.58,0.396600,1.00,-671.726,284.872,0.677690,0.198260
1887,6GS5,84.62,0.596300,1.00,-924.078,109.009,0.192875,0.447820
1888,6GS9,89.06,0.784800,1.00,-849.900,25.472,0.130203,0.446610
1889,6HH0,67.00,0.641600,1.00,-1636.369,56.018,0.443371,0.319110
1890,6HN9,26.52,0.310100,1.00,-1355.569,484.368,0.837848,0.150790
1891,6HT4,46.25,0.552200,1.00,-929.031,89.026,0.709045,0.233600
1892,6HZ2,67.59,0.691500,1.00,-1709.907,50.073,0.288150,0.446110
1893,6IHA,70.83,0.710500,1.00,-1450.326,149.453,0.262627,0.353430
1894,6ITH,69.51,0.716800,1.00,-3403.195,81.791,0.478428,0.727830
1895,6J12,39.29,0.432900,1.00,-1822.000,122.823,0.709229,0.330240
1896,6J9P,89.58,0.692700,1.00,-777.987,39.554,0.121785,0.529550
1897,6JI7,55.56,0.437700,1.00,-2391.957,545.271,0.696720,0.372360
1898,6JIC,64.58,0.477000,1.00,-2392.564,245.335,0.381014,0.534530
1899,6K4V,39.38,0.354500,1.00,-1877.943,353.312,1.379504,0.294060
1900,6K4W,34.44,0.476200,1.00,-2384.575,223.623,0.951051,0.261990
1901,6K50,90.62,0.737800,1.00,-2818.320,182.036,0.190596,0.787030
1902,6K51,90.62,0.749000,1.00,-2773.603,251.789,0.162142,0.809400
1903,6KLM,66.18,0.555200,1.00,-2431.295,230.077,0.437843,0.442630
1904,6KRA,84.85,0.688600,1.00,-2125.950,182.122,0.180678,0.639200
1905,6L8R,36.36,0.580500,1.00,-832.517,213.884,0.681929,0.213830
1906,6LF5,96.32,0.776800,1.00,-2462.573,156.576,0.092624,0.830180
1907,6M0Y,60.42,0.493300,1.00,-405.173,105.299,0.407258,0.263690
1908,6M19,50.00,0.438500,1.00,-634.346,91.055,0.570944,0.238930
1909,6M56,33.33,0.236200,1.00,-1887.113,212.728,1.355720,0.196450
1910,6M5C,75.00,0.648300,1.00,-2560.877,179.814,0.250025,0.565250
1911,6MBM,82.81,0.701300,1.00,-1069.537,58.335,0.179164,0.461560
1912,6MF8,47.28,0.612600,1.00,-3106.392,116.360,1.665741,0.400880
1913,6MJV,75.78,0.615800,1.00,-1677.777,149.824,0.221895,0.521320
1914,6MK4,75.00,0.554100,1.00,-1719.585,283.216,0.244334,0.489180
1915,6MK5,72.79,0.555400,1.00,-2364.333,197.275,0.375744,0.555100
1916,6MM4,78.79,0.660200,1.00,-2047.017,122.203,0.248619,0.566850
1917,6MW6,47.37,0.453700,1.00,-485.375,193.502,0.658325,0.215510
1918,6MZT,87.16,0.706100,1.00,-2405.166,196.781,0.127997,0.730310
1919,6NK9,85.16,0.679200,1.00,-1973.203,105.389,0.315054,0.667740
1920,6NOM,55.32,0.517000,1.00,-3361.013,249.618,0.556867,0.463580
1921,6NOX,55.36,0.403200,1.00,-662.862,98.509,0.394134,0.198100
1922,6NUG,77.08,0.686600,1.00,-1537.751,118.273,0.229523,0.380490
1923,6NW8,62.96,0.514700,1.00,-1555.387,227.327,0.351417,0.327060
1924,6O3Q,77.04,0.635800,1.00,-3528.698,240.736,0.360530,0.682330
1925,6O3S,75.00,0.613900,1.00,-3666.675,141.841,0.262937,0.670440
1931,6OBK,51.16,0.611300,1.00,-3120.421,139.663,0.795934,0.395000
1932,6OBW,63.24,0.515700,1.00,-939.214,86.404,0.425391,0.250470
1933,6OC2,61.76,0.464000,1.00,-1050.345,98.969,0.335641,0.276630
1934,6OC4,58.82,0.511200,1.00,-938.088,98.463,0.431425,0.292380
1935,6OFA,71.21,0.566600,1.00,-2813.867,179.991,0.398381,0.481600
1936,6OLD,63.24,0.558500,1.00,-938.088,98.463,0.346012,0.222510
1937,6OQP,51.92,0.544800,1.00,-547.065,111.121,0.415115,0.203810
1938,6OTA,57.81,0.567700,1.00,-598.900,101.210,0.338324,0.169750
1939,6OTB,50.00,0.471900,1.00,-821.907,365.158,0.424629,0.176530
1940,6OVJ,59.62,0.522600,1.00,-499.718,74.165,0.406411,0.272400
1941,6PIN,41.67,0.357300,1.00,-1012.259,124.961,0.635700,0.130560
1942,6PIO,52.78,0.369000,1.00,-964.892,136.515,0.750203,0.250090
1943,6PIP,54.17,0.444700,1.00,-1160.715,139.188,0.591106,0.212650
1945,6POR,42.86,0.442700,1.00,-1602.013,162.651,0.609565,0.250900
1946,6PPC,59.09,0.517900,1.00,-1430.786,339.403,0.563171,0.432700
1947,6PX7,80.15,0.632200,1.00,-2063.918,178.626,0.349430,0.571940
1948,6PX8,82.43,0.651100,1.00,-2550.490,209.425,0.249713,0.680130
1949,6Q1X,28.79,0.441100,1.00,-1182.488,236.163,1.369902,0.244130
1950,6Q5Z,72.41,0.539600,1.00,-1537.836,251.145,0.228644,0.421860
1951,6QAX,63.46,0.636800,1.00,-242.553,89.782,0.295640,0.186190
1952,6QB0,55.77,0.596700,1.00,-267.471,80.194,0.428447,0.251460
1953,6QB1,65.38,0.558400,1.00,-142.773,93.530,0.354619,0.262300
1954,6QES,41.88,0.457300,1.00,-2094.912,620.177,0.778677,0.339730
1955,6QET,46.43,0.438400,1.00,-2283.545,318.304,0.601708,0.393180
1956,6QJB,86.88,0.719700,1.00,-2569.719,211.274,0.173331,0.740020
1957,6QKF,68.06,0.526700,1.00,-768.401,102.725,0.314168,0.225930
1958,6R2X,68.00,0.554400,1.00,-1898.561,70.947,0.445317,0.536480
1959,6R95,64.58,0.664400,1.00,-1545.409,82.747,0.416469,0.317180
1960,6R96,56.25,0.636500,1.00,-1545.409,82.747,0.594658,0.297710
1961,6RRL,83.33,0.561900,1.00,-619.149,74.035,0.299020,0.351750
1962,6RRO,40.91,0.432900,1.00,-459.969,68.611,0.549842,0.310170
1963,6RSF,47.00,0.447600,1.00,-1314.598,113.544,0.502886,0.183170
1964,6RSG,42.00,0.472200,1.00,-1310.002,27.767,0.633667,0.199110
1965,6RSM,75.00,0.535600,1.00,-457.686,73.090,0.276429,0.412620
1966,6RY9,50.96,0.542900,1.00,-1359.143,41.272,0.469412,0.194420
1967,6RYQ,48.75,0.497900,1.00,-737.524,113.710,0.473998,0.155550
1968,6RZ1,47.92,0.546900,1.00,-1365.047,73.078,0.565144,0.207750
1969,6RZC,50.00,0.530900,1.00,-1132.552,93.355,0.490490,0.245580
1970,6S2D,48.96,0.538800,1.00,-1125.492,58.789,0.617502,0.189450
1971,6SAA,78.57,0.601700,1.00,-1473.328,174.298,0.295708,0.523350
1972,6SAB,61.76,0.501800,1.00,-2177.984,202.827,0.546342,0.415010
1973,6SFT,61.81,0.530200,1.00,-1484.641,264.150,0.457377,0.381430
1974,6SVC,83.57,0.730400,1.00,-2128.470,193.699,0.209351,0.630210
1975,6SVE,89.29,0.710900,1.00,-2128.470,193.699,0.135805,0.700310
1976,6SVH,88.57,0.714900,1.00,-2128.470,193.699,0.172603,0.696300
1977,6SY2,84.69,0.745400,1.00,-3727.736,195.587,0.219501,0.750740
1978,6SZF,20.83,0.310100,1.00,-1778.155,449.217,1.069310,0.277890
1979,6T33,54.55,0.453400,1.00,-3379.137,141.094,0.411309,0.391380
1980,6TVJ,47.50,0.467800,1.00,-378.851,43.520,0.485070,0.211070
1981,6TWG,92.31,0.709700,1.00,-805.916,38.406,0.090596,0.479080
1982,6U24,58.93,0.601000,1.00,-430.601,88.139,0.771042,0.204010
1983,6U6G,50.69,0.441800,1.00,-2084.801,202.317,0.576370,0.339130
1984,6U7Q,55.36,0.496300,1.00,-431.586,130.424,0.551002,0.259160
1985,6U7R,80.36,0.602500,1.00,-580.202,104.004,0.192190,0.284350
1986,6U7S,53.57,0.443500,1.00,-530.880,96.674,0.376777,0.216970
1987,6U7U,53.57,0.525400,1.00,-440.936,66.739,0.697892,0.184350
1988,6U7W,48.21,0.524800,1.00,-431.799,79.258,0.834526,0.252740
1989,6U7X,50.00,0.524500,1.00,-363.932,83.353,0.814782,0.232320
1990,6UCH,59.15,0.649000,1.00,-2236.835,189.788,0.881583,0.475630
1991,6V1N,63.24,0.514800,1.00,-1148.388,92.915,0.339843,0.264420
1992,6V6T,79.29,0.672200,1.00,-2390.445,217.679,0.238393,0.599450
1993,6VE9,38.10,0.375200,1.00,-974.553,117.121,0.790413,0.107970
1994,6VGT,24.34,0.256700,1.00,-1382.086,198.246,1.564995,0.225040
1995,6VH8,77.08,0.625700,1.00,-3030.045,219.926,0.209687,0.552520
1996,6VLA,89.71,0.751300,1.00,-1022.500,58.056,0.125890,0.397900
1997,6VLJ,47.37,0.420000,1.00,-645.044,153.779,0.522329,0.205780
1998,6VNZ,88.71,0.726500,1.00,-2176.533,117.334,0.133160,0.637170
1999,6VPN,96.28,0.775100,1.00,-3411.400,235.953,0.079990,0.885900
2000,6VXG,24.42,0.466400,1.00,-878.651,300.100,1.404960,0.204730
2001,6VY8,55.36,0.605700,1.00,-430.601,88.139,0.739194,0.224150
2002,6WQJ,71.43,0.592500,1.00,-2882.534,114.342,0.319247,0.468660
2003,6WQL,77.04,0.609300,1.00,-3649.510,172.630,0.321091,0.639800
2004,6X7I,75.00,0.673100,1.00,-2141.827,35.453,0.513176,0.644300
2005,6XCR,63.89,0.709600,1.00,-2842.376,326.655,0.711995,0.547860
2006,6XCU,71.67,0.684600,1.00,-3046.782,233.153,0.783060,0.633640
2007,6XN9,24.40,0.330900,1.00,-2478.897,644.225,0.877875,0.290130
2008,6XTH,41.67,0.470500,1.00,-855.914,154.913,0.658789,0.102400
2009,6XTI,52.94,0.518900,1.00,-573.370,131.009,0.693645,0.165290
2010,6XYH,74.38,0.574300,1.00,-2787.042,303.760,0.285687,0.621080
2011,6XYI,38.69,0.426600,1.00,-1728.598,453.756,0.578063,0.290470
2012,6Y1Q,46.43,0.375100,1.00,-725.560,109.798,0.438327,0.332010
2013,6YHF,70.00,0.684900,1.00,-1972.543,49.467,0.340664,0.453090
2014,6YHI,73.33,0.715600,1.00,-2091.123,54.802,0.358044,0.487050
2015,6YHO,71.67,0.713700,1.00,-1979.309,60.915,0.270688,0.488920
2016,6YHP,64.17,0.714900,1.00,-2000.220,39.279,0.358132,0.450240
2017,6YHX,77.50,0.708000,1.00,-1872.194,65.957,0.206785,0.549500
2018,6YJL,46.97,0.520000,1.00,-1892.657,144.763,0.697959,0.226280
2019,6YSE,94.02,0.748900,1.00,-4121.885,127.177,0.082356,0.876080
2020,6Z0G,49.49,0.589700,1.00,-3016.088,254.035,0.762394,0.432950
2021,6Z0H,54.08,0.635000,1.00,-3059.298,236.811,0.710764,0.515080
2022,6Z0I,47.45,0.584200,1.00,-3016.088,254.035,0.765435,0.466610
2023,7ALD,50.00,0.412600,1.00,-967.168,195.451,0.747262,0.160920
2024,7ASY,64.39,0.619600,1.00,-2596.662,62.781,0.337840,0.367560
2025,7AT7,61.36,0.678000,1.00,-2555.859,57.205,0.476810,0.551750
2026,7ATB,72.73,0.681000,1.00,-2868.887,73.533,0.362581,0.506500
2027,7AY8,60.26,0.537700,1.00,-2081.839,259.674,0.533107,0.442820
2028,7B2F,55.65,0.552000,1.00,-2051.885,99.439,0.822710,0.449970
2029,7BW5,36.76,0.491100,1.00,-512.462,95.402,0.852026,0.114710
2030,7BWI,91.67,0.769700,1.00,-3684.142,212.317,0.214018,0.821920
2031,7BX2,71.43,0.531600,1.00,-477.073,126.922,0.318752,0.368140
2032,7BZ7,46.67,0.404300,1.00,-748.678,91.291,0.584361,0.247580
2033,7BZ8,38.33,0.401000,1.00,-703.213,79.285,0.746876,0.207980
2034,7BZ9,51.67,0.418000,1.00,-730.881,83.504,0.580889,0.154700
2035,7BZA,40.00,0.428500,1.00,-705.645,101.023,0.838321,0.233560
2036,7CCN,47.06,0.529700,1.00,-413.649,147.349,0.856063,0.213080
2037,7CCO,51.47,0.520600,1.00,-413.649,147.349,0.854727,0.194400
2038,7CK5,64.29,0.624900,1.00,-1613.736,137.314,0.424748,0.418430
2039,7CKD,37.18,0.305100,1.00,-2994.694,225.800,1.075446,0.272680
2040,7CKE,44.23,0.421700,1.00,-2994.694,225.800,0.606037,0.333900
2041,7CSS,51.92,0.487900,1.00,-515.767,61.696,0.496127,0.145760
2042,7CU6,45.00,0.420900,1.00,-706.509,98.249,0.610386,0.289430
2043,7D13,80.13,0.750500,1.00,-2457.929,114.843,0.211614,0.668320
2044,7D16,49.36,0.565300,1.00,-2457.929,114.843,1.089241,0.395280
2045,7D37,57.69,0.493800,1.00,-515.767,61.696,0.431951,0.195550
2046,7DEH,82.26,0.695200,1.00,-1864.964,75.551,0.269067,0.574840
2047,7EDK,64.47,0.495400,1.00,-955.583,186.848,0.368789,0.196740
2048,7EES,36.25,0.582600,1.00,-514.119,136.362,1.460842,0.165900
2049,7ELY,41.35,0.429800,1.00,-1772.182,165.200,0.703779,0.169600
2050,7F32,77.78,0.650300,1.00,-883.583,94.952,0.183493,0.249320
2051,7JIA,73.96,0.688400,1.00,-1220.964,120.424,0.275079,0.344580
2052,7JIY,86.46,0.660400,1.00,-1504.925,109.733,0.278464,0.506850
2053,7JNN,87.50,0.663600,1.00,-3731.135,261.851,0.165280,0.768220
2054,7JPM,65.48,0.569500,1.00,-2341.849,234.472,0.400209,0.533540
2055,7JS6,36.67,0.491300,1.00,-374.478,93.457,0.992980,0.159910
2056,7K1M,85.42,0.716000,1.00,-631.550,81.536,0.130902,0.364100
2057,7K7X,79.31,0.652000,1.00,-1944.877,167.459,0.251007,0.495000
2058,7KNN,57.81,0.495500,1.00,-644.432,144.783,0.347949,0.234880
2059,7KPD,56.90,0.465700,1.00,-2286.441,207.236,0.504004,0.457170
2060,7L53,54.46,0.504400,1.00,-1866.113,231.850,0.550781,0.284670
2061,7L54,50.89,0.474400,1.00,-1866.113,231.850,0.597702,0.238480
2062,7L55,55.36,0.422500,1.00,-1866.113,231.850,0.661453,0.311460
2063,7L7A,51.79,0.472400,1.00,-630.610,104.109,0.347885,0.285050
2064,7L83,55.41,0.660400,1.00,-2689.853,135.612,0.699695,0.425080
2065,7LCW,38.33,0.474200,1.00,-537.820,77.069,0.719668,0.184670
2066,7LGL,49.47,0.469000,1.00,-3058.036,246.789,1.007053,0.396670
2067,7LGV,56.77,0.591000,1.00,-3173.673,250.797,0.763516,0.473380
2068,7LHC,86.21,0.728600,1.00,-1809.180,164.354,0.215978,0.661000
2069,7LI2,38.64,0.562500,1.00,-732.831,169.530,1.340282,0.198720
2070,7LIF,38.64,0.517300,1.00,-732.831,169.530,1.157741,0.142480
2071,7LP4,66.49,0.543100,1.00,-3100.009,272.532,0.648006,0.548710
2072,7LQR,66.67,0.537600,1.00,-972.658,122.076,0.465272,0.285980
2073,7LQS,65.00,0.492000,1.00,-650.929,120.582,0.436718,0.279650
2074,7LRW,65.48,0.551800,1.00,-1404.486,95.696,0.460987,0.268070
2075,7LSO,94.44,0.767800,1.00,-1070.201,36.668,0.076980,0.519050
2076,7LSP,83.33,0.680900,1.00,-1070.201,36.668,0.146709,0.400260
2077,7LT7,27.14,0.247800,1.00,-1785.210,201.964,1.499247,0.208250
2078,7LVE,73.40,0.616700,1.00,-3655.241,158.297,0.321797,0.584350
2079,7LVG,52.22,0.513200,1.00,-3547.812,162.940,0.669336,0.459240
2080,7LX4,36.59,0.391700,1.00,-2241.461,605.912,0.723857,0.239890
2081,7LZL,86.49,0.704800,1.00,-2334.145,174.017,0.136726,0.683460
2082,7M1D,45.31,0.425700,1.00,-2772.766,280.031,0.925254,0.397660
2083,7M1E,58.93,0.586600,1.00,-1296.448,164.923,0.516938,0.450350
2084,7M3U,48.15,0.341000,1.00,-1791.064,200.676,0.500797,0.193440
2085,7MJ3,38.07,0.410000,1.00,-2696.596,497.822,0.815103,0.296220
2086,7MY8,33.93,0.501200,1.00,-3225.128,213.907,0.824447,0.362080
2087,7N0T,56.25,0.502400,1.00,-713.888,106.012,0.433016,0.285640
2088,7N21,64.71,0.496000,1.00,-568.204,131.922,0.355554,0.209420
2089,7N23,66.18,0.546900,1.00,-568.204,131.922,0.338746,0.280860
2090,7N25,57.81,0.521400,1.00,-713.888,106.012,0.452259,0.242390
2091,7NIP,76.83,0.621800,1.00,-4291.875,206.270,0.189876,0.613170
2092,7NS1,85.48,0.827000,1.00,-2823.423,46.050,0.166670,0.669010
2093,7OB2,82.50,0.561000,1.00,-380.749,96.455,0.179845,0.366180
2094,7OD2,88.24,0.667700,1.00,-2460.040,167.467,0.136948,0.701380
2095,7OFM,73.33,0.689900,1.00,-1983.954,65.698,0.436045,0.506890
2096,7OFO,76.67,0.715000,1.00,-1983.954,65.698,0.347868,0.617610
2097,7OSC,50.00,0.375700,1.00,-1234.427,265.256,0.554312,0.202500
2099,7P3M,86.54,0.675400,1.00,-560.064,59.236,0.209527,0.491210
2100,7P4X,82.26,0.741500,1.00,-2067.200,72.305,0.215533,0.603550
2101,7P55,75.00,0.672900,1.00,-1693.212,41.722,0.229593,0.284830
2102,7P5G,40.00,0.472000,1.00,-1088.124,212.418,0.650952,0.176960
2103,7P5Q,44.00,0.503500,1.00,-1139.899,210.023,0.626424,0.225510
2104,7P5S,46.00,0.444000,1.00,-1103.281,240.823,0.479046,0.205510
2105,7PH8,86.29,0.776400,1.00,-2705.992,41.602,0.191373,0.609390
2106,7PHT,75.00,0.772100,1.00,-2567.569,78.398,0.212604,0.565350
2107,7PL4,68.55,0.698400,1.00,-1970.356,94.055,0.421592,0.578480
2108,7PVB,96.74,0.786200,1.00,-3286.046,128.023,0.091147,0.891380
2109,7PVM,59.68,0.536300,1.00,-1257.348,142.842,0.796813,0.397790
2110,7QAL,43.57,0.509500,1.00,-1655.068,271.092,0.863691,0.331300
2111,7QAM,45.71,0.693200,1.00,-1757.562,107.784,0.767390,0.381040
2112,7QAO,39.29,0.458200,1.00,-1500.549,194.651,0.883514,0.284750
2113,7QAP,46.43,0.651300,1.00,-2080.828,82.438,0.687205,0.352770
2114,7QLF,57.35,0.464100,1.00,-654.387,78.058,0.359847,0.139630
2115,7QXJ,64.29,0.520200,1.00,-1628.313,243.018,0.367563,0.340560
2116,7RC7,91.41,0.731000,1.00,-1971.853,193.642,0.172393,0.727600
2117,7RC8,91.41,0.725200,1.00,-1971.853,193.642,0.209314,0.735170
2118,7RFA,79.31,0.658800,1.00,-1793.493,143.166,0.316354,0.506450
2119,7RN3,82.50,0.672600,1.00,-2006.203,243.478,0.165978,0.558740
2120,7S55,75.00,0.618100,1.00,-2070.749,376.934,0.255701,0.474950
2121,7S7P,90.48,0.778800,1.00,-3046.265,149.875,0.146461,0.789940
2122,7SAG,64.52,0.517300,1.00,-1662.244,242.584,0.728773,0.433460
2123,7SKC,88.97,0.695500,1.00,-2630.217,181.096,0.121556,0.683960
2124,7T6G,58.75,0.493600,1.00,-927.384,72.654,0.424253,0.301260
2125,7T7W,79.55,0.601400,1.00,-456.130,87.594,0.183467,0.378560
2126,7TB9,30.00,0.445400,1.00,-429.097,106.091,0.663543,0.101450
2127,7TH8,57.58,0.478100,1.00,-1699.359,215.171,0.627732,0.366620
2128,7UNX,54.86,0.478900,1.00,-2201.127,211.049,0.832687,0.411840
2129,7UV3,66.67,0.569700,1.00,-3674.631,154.952,0.519564,0.575250
2130,7V5E,43.06,0.445000,1.00,-959.500,185.875,0.635968,0.129880
2131,7V5F,45.97,0.464800,1.00,-2344.768,342.432,0.735409,0.321360
2132,7VOZ,73.28,0.756900,1.00,-1835.122,56.474,0.359659,0.526970
2133,7VQH,43.06,0.411000,1.00,-632.465,159.945,0.629835,0.213220
2134,7VQI,37.50,0.420200,1.00,-632.465,159.945,0.696734,0.144700
2135,7W8K,41.00,0.407100,1.00,-1020.211,179.768,0.779107,0.168520
2136,7W8O,43.27,0.403700,1.00,-1388.229,252.132,0.577170,0.146050
2137,7W8R,36.54,0.382400,1.00,-1388.229,252.132,0.660373,0.224650
2138,7W8T,38.46,0.423100,1.00,-1056.485,217.237,0.755071,0.179370
2139,7W8Z,50.66,0.550000,1.00,-2327.698,233.763,0.557518,0.303950
2140,7W96,78.70,0.762900,1.00,-1074.771,120.262,0.236116,0.426680
2141,7WE3,32.26,0.447500,1.00,-1341.555,233.031,0.745734,0.187650
2142,7WEI,37.90,0.433500,1.00,-1341.555,233.031,0.685508,0.220400
2143,7Y7L,67.78,0.584300,1.00,-2935.531,267.842,0.451177,0.559730
2144,7YAB,65.91,0.534100,1.00,-2913.357,239.720,0.331443,0.532100
2145,7YFS,56.25,0.560700,1.00,-770.191,45.392,0.588491,0.227440
2146,7YHF,95.83,0.854900,1.00,-2429.906,212.952,0.083067,0.841040
2147,7YHG,97.22,0.840300,1.00,-2429.906,212.952,0.068632,0.875700
2148,7YHH,97.22,0.851400,1.00,-2429.906,212.952,0.063292,0.891240
2149,7YHI,95.14,0.827800,1.00,-2394.911,195.916,0.078677,0.826200
2150,7YRV,46.43,0.495400,1.00,-1873.820,197.537,0.518853,0.234430
2151,7YRW,28.23,0.367400,1.00,-1319.913,255.165,0.700121,0.240950
2152,7YRX,45.16,0.475500,1.00,-1570.079,325.350,0.772918,0.266530
2153,7YSS,69.64,0.605800,1.00,-850.647,34.160,0.439796,0.414940
2154,7YYI,75.00,0.682600,1.00,-2191.006,58.602,0.226325,0.599810
2155,7Z07,87.93,0.762000,1.00,-2205.361,64.110,0.118819,0.585780
2156,7Z08,68.97,0.701600,1.00,-2291.131,49.859,0.282765,0.534520
2157,7Z0B,81.90,0.723900,1.00,-2410.779,87.539,0.147413,0.601320
2159,7ZNF,88.33,0.729000,1.00,-1819.165,157.025,0.184751,0.639040
2160,7ZRF,47.22,0.574900,1.00,-528.975,101.651,1.062669,0.179990
2161,7ZRO,25.62,0.512300,1.00,-1174.514,286.925,1.512688,0.179360
2162,7ZRU,89.29,0.750600,1.00,-1868.115,121.081,0.161643,0.597730
2163,7ZWJ,36.76,0.549100,1.00,-338.105,105.046,1.064664,0.216040
2164,7ZZV,27.08,0.417800,1.00,-1890.328,290.820,1.130895,0.281440
2165,8A6I,29.17,0.357400,1.00,-1679.368,276.135,1.397779,0.222920
2166,8AHK,78.05,0.691700,1.00,-3139.438,299.829,0.235394,0.622950
2167,8B1L,70.83,0.611900,1.00,-1345.905,112.295,0.481840,0.458940
2168,8B1X,65.00,0.628400,1.00,-1437.221,44.629,0.609965,0.548620
2169,8B4R,51.25,0.420900,1.00,-967.168,195.451,0.674378,0.184990
2170,8B6X,80.00,0.691200,1.00,-1808.214,72.999,0.256725,0.454170
2171,8B6Y,76.00,0.694200,1.00,-1808.214,72.999,0.205047,0.420100
2172,8B9Q,24.38,0.425900,1.00,-1540.752,268.827,1.115269,0.238080
2173,8B9R,29.38,0.462700,1.00,-1540.752,268.827,1.295187,0.234220
2174,8BOO,25.00,0.514600,1.00,-644.429,106.360,1.509841,0.163270
2175,8BVC,69.05,0.558000,1.00,-2898.727,297.257,0.324132,0.655330
2176,8BVZ,39.47,0.580900,1.00,-608.563,98.896,1.157359,0.167400
2177,8BWW,59.72,0.517300,1.00,-1162.879,70.405,0.408489,0.266040
2178,8CIQ,82.86,0.702000,1.00,-2271.206,185.698,0.283476,0.673580
2183,8CJT,77.86,0.671600,1.00,-2120.742,183.935,0.213379,0.591090
2184,8CM3,63.04,0.479800,1.00,-1116.612,270.383,0.377499,0.276300
2185,8DFZ,59.30,0.461200,1.00,-3347.033,230.482,0.856646,0.446540
2186,8DYM,38.79,0.417000,1.00,-1023.391,189.698,0.655193,0.291980
2187,8DYN,45.83,0.465200,1.00,-1027.456,162.212,0.582521,0.176120
2188,8EB1,56.25,0.399700,1.00,-1466.486,144.640,0.499877,0.234970
2189,8EF4,41.25,0.600600,1.00,-421.514,81.519,0.924192,0.226200
2190,8F04,84.21,0.655800,1.00,-1018.458,98.649,0.325230,0.391630
2191,8FD4,86.76,0.649000,1.00,-2273.912,157.354,0.159966,0.672760
2192,8FEY,89.58,0.719000,1.00,-2378.749,174.374,0.186436,0.747570
2193,8G21,44.53,0.521600,1.00,-1536.124,239.897,0.677321,0.338640
2194,8GUC,27.08,0.366300,1.00,-1901.800,285.465,0.982872,0.244200
2195,8GVN,82.14,0.592100,1.00,-850.647,34.160,0.249744,0.469080
2196,8H0G,79.84,0.685500,1.00,-2006.859,79.424,0.245171,0.577180
2197,8H0U,70.16,0.677200,1.00,-2006.859,79.424,0.386059,0.587510
2198,8HJC,86.36,0.691400,1.00,-2631.396,182.712,0.177591,0.668840
2199,8HJD,86.36,0.673500,1.00,-2631.396,182.712,0.161797,0.655280
2200,8HR3,75.00,0.587000,1.00,-444.386,59.628,0.377973,0.312080
2201,8HR4,63.46,0.534800,1.00,-506.615,101.769,0.426548,0.205120
2202,8HVS,62.50,0.474300,1.00,-325.341,96.045,0.298265,0.396090
2203,8HZW,46.88,0.478100,1.00,-683.662,149.689,0.467472,0.228690
2204,8IKQ,64.29,0.525700,1.00,-425.940,84.471,0.266558,0.271580
2205,8IL1,62.50,0.529600,1.00,-425.940,84.471,0.280732,0.271380
2206,8IL2,75.00,0.522600,1.00,-448.462,91.229,0.304415,0.257450
2207,8IL6,73.33,0.517400,1.00,-448.462,91.229,0.272563,0.281810
2208,8JB4,26.04,0.373400,1.00,-1436.445,146.345,0.888947,0.145500
2209,8K3M,50.00,0.435600,1.00,-637.824,98.031,0.459193,0.261130
2210,8K3N,41.18,0.467500,1.00,-637.824,98.031,0.650305,0.168730
2211,8OR5,62.50,0.667100,1.00,-1835.721,64.453,0.380654,0.356260
2212,8ORY,77.50,0.709400,1.00,-2164.518,53.908,0.235482,0.570820
2213,8ORZ,71.67,0.692900,1.00,-1519.369,76.967,0.309899,0.454520
2214,8OS0,80.00,0.743100,1.00,-1832.003,77.711,0.215861,0.522390
2216,8PWT,36.76,0.425200,1.00,-2866.812,97.690,0.682246,0.312830
2221,8QNT,30.10,0.596600,1.00,-3718.912,157.773,1.593977,0.272820
2222,8QTQ,72.06,0.609700,1.00,-2146.469,189.899,0.331374,0.538940
2223,8R89,54.17,0.539800,1.00,-910.871,95.872,0.488174,0.216530
2224,8RHS,49.48,0.470300,1.00,-3072.664,235.811,0.648161,0.488060
2225,8RPQ,73.61,0.749300,1.00,-2704.948,68.196,0.231318,0.528420
2226,8RQ6,69.35,0.674100,1.00,-2445.401,52.654,0.375443,0.514570
2227,8S9Y,28.85,0.489300,1.00,-1322.734,291.073,1.215030,0.215320
2228,8SED,79.05,0.650400,1.00,-2465.643,214.836,0.207864,0.599550
2229,8SEM,82.69,0.710300,1.00,-1938.483,182.214,0.356369,0.673740
2230,8SVB,39.17,0.394400,1.00,-1759.271,185.045,0.845684,0.214660
2231,8T01,86.54,0.720300,1.00,-671.269,62.762,0.155167,0.378080
2232,8T61,40.62,0.437000,1.00,-532.681,95.145,0.775823,0.272730
2233,8T62,40.62,0.513100,1.00,-487.956,98.584,0.968301,0.164880
2234,8T63,43.75,0.373100,1.00,-753.089,99.356,0.612250,0.214920
2235,8TFV,48.81,0.375700,1.00,-662.657,200.549,0.665768,0.138500
2236,8TV4,46.15,0.424000,1.00,-924.078,109.009,0.553888,0.212840
2237,8TXS,51.56,0.522800,1.00,-516.567,86.092,0.573880,0.245930
2238,8TYI,79.31,0.714300,1.00,-1858.891,114.028,0.197586,0.524030
2239,8UKC,53.33,0.393500,1.00,-699.902,96.758,0.662800,0.151310
2240,8ULM,73.48,0.562300,1.00,-1699.359,215.171,0.251341,0.476480
2241,8UM1,49.40,0.473400,1.00,-3384.577,148.975,0.772555,0.449600
2242,8UM2,57.74,0.504400,1.00,-3384.577,148.975,0.957828,0.409840
2243,8UNG,84.15,0.703600,1.00,-2775.629,155.747,0.191628,0.688680
2244,8UWF,89.10,0.753600,1.00,-2379.931,225.281,0.177880,0.774450
2245,8UXR,66.30,0.556900,1.00,-1331.320,228.355,0.617172,0.288360
2246,8V2M,64.29,0.506700,1.00,-1897.541,156.868,0.419404,0.349410
2247,8V2V,26.22,0.357200,1.00,-1953.706,777.148,0.862269,0.199670
2248,8VU6,86.41,0.717200,1.00,-2925.547,270.631,0.263926,0.768080
2249,8VU7,87.78,0.726800,1.00,-3164.993,186.549,0.230102,0.775550
2250,8VU8,84.30,0.665800,1.00,-2718.724,247.666,0.165889,0.708460
2251,8VYC,44.32,0.474600,1.00,-817.565,111.847,1.012045,0.150260
2252,8W0Q,61.25,0.588800,1.00,-1192.866,126.665,0.353354,0.281300
2253,8W16,73.33,0.538300,1.00,-780.400,108.962,0.271099,0.204470
2254,8W17,65.00,0.526800,1.00,-679.173,115.775,0.320347,0.236200
2255,8W2V,30.77,0.530200,1.00,-1219.278,282.678,1.004143,0.216390
2256,8WGI,53.00,0.486100,1.00,-1397.248,153.839,0.602719,0.285410
2257,8WGJ,76.04,0.625300,1.00,-1380.829,102.834,0.196391,0.333170
2258,8WW0,35.94,0.331100,1.00,-1826.624,253.816,0.986742,0.248250
2259,8WW1,30.00,0.395200,1.00,-1773.926,155.799,0.842798,0.191800
2260,8X3N,50.00,0.493000,1.00,-374.682,162.928,0.446261,0.097970
2261,8X40,51.56,0.490500,1.00,-374.682,162.928,0.412635,0.262760
2262,8XTH,71.67,0.525400,1.00,-585.551,117.148,0.255700,0.189320
2263,8XTN,34.09,0.520500,1.00,-865.390,200.571,1.232076,0.197890
2264,8XTO,46.43,0.511800,1.00,-596.636,114.501,0.479581,0.130200
2265,8Y3S,56.82,0.504000,1.00,-371.752,70.349,0.338638,0.298860
2266,8YD6,27.50,0.363700,1.00,-1743.603,161.792,0.846480,0.201840
2267,8ZG2,63.64,0.552800,1.00,-203.783,36.642,0.393633,0.215110
2268,8ZG3,52.27,0.532100,1.00,-145.941,54.517,0.541492,0.310810
2269,8ZG4,47.73,0.509000,1.00,-299.373,53.488,0.478917,0.306010
2270,8ZP3,31.82,0.433000,1.00,-990.315,189.351,1.018747,0.213280
2271,8ZUG,42.39,0.488800,1.00,-361.536,132.101,1.021168,0.136340
2272,9AZI,90.74,0.766300,1.00,-1813.865,83.600,0.149592,0.698700
2273,9BET,57.74,0.662700,1.00,-2803.943,68.693,0.537895,0.528490
2274,9BF4,63.71,0.573200,1.00,-2296.277,170.277,0.434531,0.369620
2275,9BHN,54.55,0.448200,1.00,-364.920,104.339,0.495581,0.139880
2276,9BV0,84.26,0.683600,1.00,-2184.104,123.036,0.128999,0.491040
2277,9BV4,72.22,0.595300,1.00,-3030.045,219.926,0.213122,0.515600
2278,9BVS,48.08,0.465300,1.00,-839.257,89.574,0.521411,0.255210
2279,9BVU,45.00,0.444600,1.00,-1091.610,81.008,0.717770,0.203910
2280,9BVV,38.46,0.448300,1.00,-832.829,81.628,0.517602,0.229830
2281,9CRB,78.57,0.658200,1.00,-1539.924,258.002,0.200038,0.438750
2282,9F1E,71.43,0.648900,1.00,-1461.115,95.058,0.484674,0.456680
2283,9F1F,66.67,0.646900,1.00,-2203.745,199.755,0.556403,0.507160
2284,9F1G,76.53,0.687500,1.00,-3245.300,133.880,0.307698,0.675100
2285,9FJN,97.22,0.788900,1.00,-1316.350,29.957,0.059198,0.557300
2286,9FJW,51.43,0.613500,1.00,-1980.198,181.111,0.829724,0.411840
2287,9G0M,67.00,0.637900,1.00,-1389.266,111.267,0.453498,0.367780
2288,9G0N,66.00,0.623100,1.00,-1389.266,111.267,0.501202,0.387080
2289,9G20,66.00,0.630500,1.00,-1389.266,111.267,0.445242,0.385830
2290,9G21,60.00,0.540200,1.00,-1389.266,111.267,0.440423,0.286010
2291,9G22,67.00,0.593300,1.00,-1407.572,96.493,0.314124,0.320980
2292,9G2N,65.00,0.589500,1.00,-1407.572,96.493,0.335041,0.328700
2293,9G2O,65.00,0.589500,1.00,-1407.572,96.493,0.322092,0.316530
2294,9G31,66.00,0.545700,1.00,-1407.572,96.493,0.336009,0.303810
2295,9G32,69.00,0.555200,1.00,-1407.572,96.493,0.330476,0.342760
2296,9G5P,69.00,0.608000,1.00,-1389.266,111.267,0.448596,0.395610
2297,9GDL,73.00,0.586300,1.00,-1524.161,173.129,0.272198,0.376000
2298,9GDN,76.00,0.624500,1.00,-1524.161,173.129,0.205703,0.434380
2299,9GDT,77.00,0.622500,1.00,-1524.161,173.129,0.230975,0.437850
2300,9GDU,76.00,0.623900,1.00,-1524.161,173.129,0.253780,0.456620
2301,9GE1,75.00,0.643400,1.00,-1524.161,173.129,0.255093,0.411160
2302,9GE9,61.00,0.558000,1.00,-1387.734,93.941,0.392524,0.356590
2303,9GEB,71.00,0.598100,1.00,-1387.734,93.941,0.314405,0.391630
2304,9GEC,68.00,0.611100,1.00,-1387.734,93.941,0.359439,0.408740
2305,9IKO,68.75,0.492500,1.00,-458.157,132.807,0.326618,0.197650
2306,9ILX,57.81,0.446400,1.00,-458.157,132.807,0.504526,0.168500
2307,9J5F,28.91,0.319900,1.00,-1367.193,321.269,0.967237,0.181930
2308,9J5H,50.71,0.546800,1.00,-2359.837,236.067,0.733643,0.386560
2309,9KAR,46.67,0.493500,1.00,-585.807,87.142,0.626818,0.241320
2310,9KK0,38.00,0.500400,1.00,-609.625,195.904,0.880811,0.162890
2311,9L1M,47.92,0.552000,1.00,-148.901,50.867,0.669566,0.312760
2312,9NVH,77.14,0.619800,1.00,-1670.757,201.746,0.244660,0.566400
2313,9NWZ,37.50,0.535300,1.00,-680.788,156.729,1.118568,0.136020
2314,9NY3,51.25,0.488400,1.00,-876.173,148.560,0.478847,0.130510
2315,9UV5,65.00,0.507900,1.00,-342.090,59.407,0.344181,0.391470
