serial,pdb_id,gdt_ts,lddt,lddt_coverage,pred_dope,pred_molpdf,rmsd,tm_score
1,1A11,89.00,0.798200,1.00,-1838.080,50.218,0.135618,0.625620
2,1A3P,69.44,0.621900,1.00,-2891.118,274.754,0.432434,0.576760
3,1ACW,79.31,0.650400,1.00,-1960.318,130.279,0.180997,0.475470
4,1ADX,53.12,0.517400,1.00,-2534.497,278.398,0.510388,0.339410
5,1AG7,84.56,0.663100,1.00,-1735.624,176.727,0.265391,0.658590
6,1AGG,69.79,0.597800,1.00,-2846.218,433.078,0.611257,0.580300
7,1AGT,97.37,0.788400,1.00,-2831.031,165.847,0.071464,0.868760
8,1AHL,73.98,0.673700,1.00,-3621.144,232.738,0.318951,0.650220
9,1ALE,87.50,0.718500,1.00,-1318.623,48.055,0.193540,0.512220
10,1ALF,86.84,0.740700,1.00,-1670.635,40.640,0.165028,0.665080
11,1ALG,69.79,0.662800,1.00,-1359.887,49.734,0.598783,0.548380
12,1AMB,33.04,0.422300,1.00,-909.486,274.601,0.825373,0.201980
13,1AMC,31.25,0.418200,1.00,-909.486,274.601,0.838288,0.262310
14,1AML,25.00,0.384300,1.00,-1487.029,276.819,1.426208,0.207800
15,1ANP,29.46,0.505500,1.00,-1054.568,248.481,1.191100,0.199190
16,1ANS,38.89,0.405700,1.00,-1611.705,205.145,0.781562,0.132310
17,1AOO,67.50,0.583900,1.00,-2826.963,221.697,0.391159,0.458120
18,1APF,71.43,0.654700,1.00,-3691.784,221.205,0.382755,0.612640
19,1APO,89.29,0.734500,1.00,-2355.277,177.574,0.159204,0.760920
20,1AQG,36.36,0.433600,1.00,-351.023,51.033,0.531501,0.257290
21,1AQQ,68.12,0.591200,1.00,-2826.963,221.697,0.380913,0.506480
22,1AQR,66.25,0.579200,1.00,-2826.963,221.697,0.378653,0.452920
23,1ARD,91.38,0.750700,1.00,-2206.761,136.829,0.253126,0.733220
24,1ARE,91.38,0.718000,1.00,-2193.816,137.934,0.227795,0.718390
25,1ARF,94.83,0.786500,1.00,-2266.993,97.121,0.142060,0.806670
26,1ATX,81.52,0.670700,1.00,-3310.572,216.314,0.184790,0.707140
27,1AV3,97.22,0.769600,1.00,-1516.506,189.222,0.073855,0.736660
28,1AW6,84.88,0.726400,1.00,-2383.614,213.369,0.204430,0.709370
29,1AXH,89.86,0.763000,1.00,-2277.385,186.061,0.184907,0.759890
30,1AZ6,77.08,0.605900,1.00,-2203.136,160.929,0.215714,0.574700
31,1AZH,53.47,0.484700,1.00,-2203.136,160.929,0.507005,0.346310
32,1AZJ,90.28,0.755000,1.00,-2373.464,189.794,0.106051,0.750050
33,1AZK,75.69,0.676800,1.00,-2246.790,171.435,0.220597,0.539940
34,1B03,66.67,0.477900,1.00,-724.273,83.601,0.309906,0.317760
35,1B1V,83.70,0.697300,1.00,-1127.651,104.973,0.244958,0.517650
36,1B4G,32.50,0.335600,1.00,-965.416,231.707,1.484510,0.170630
37,1B4I,24.17,0.342100,1.00,-965.416,231.707,1.017616,0.209310
38,1B5N,78.26,0.689900,1.00,-1127.651,104.973,0.259916,0.428950
39,1B8W,82.74,0.689100,1.00,-2753.041,217.747,0.381824,0.691980
40,1B9P,72.06,0.657200,1.00,-2269.931,102.977,0.358156,0.552570
41,1B9Q,67.65,0.622000,1.00,-2269.931,102.977,0.356823,0.446230
42,1B9U,88.97,0.808800,1.00,-3104.686,70.512,0.223444,0.736030
43,1BA4,21.25,0.356900,1.00,-1487.029,276.819,1.479342,0.283730
44,1BA6,25.00,0.403500,1.00,-1487.029,276.819,1.428741,0.252160
45,1BAH,89.19,0.646200,1.00,-2483.242,178.235,0.137870,0.722470
46,1BBA,78.47,0.647200,1.00,-2697.340,153.560,0.295346,0.616050
47,1BBG,63.12,0.508200,1.00,-2992.691,223.826,0.578608,0.429160
48,1BDS,81.98,0.673200,1.00,-3246.951,227.701,0.174446,0.696850
49,1BEI,69.29,0.545700,1.00,-2550.589,244.501,0.315139,0.485240
50,1BF9,85.98,0.749600,1.00,-2341.047,230.573,0.196967,0.732620
51,1BGK,85.14,0.701200,1.00,-2977.382,172.216,0.126870,0.700790
52,1BH4,80.00,0.642500,1.00,-2043.090,159.236,0.194354,0.516210
53,1BH7,48.48,0.460400,1.00,-2394.829,181.136,0.590121,0.275870
54,1BHI,77.63,0.704000,1.00,-2279.376,216.867,0.352240,0.629530
55,1BIG,89.86,0.733800,1.00,-2936.325,145.918,0.112090,0.739680
56,1BJB,33.93,0.466400,1.00,-1016.955,247.950,1.191975,0.234410
57,1BJC,37.50,0.502800,1.00,-1106.887,196.440,0.825720,0.174550
58,1BL1,54.03,0.601000,1.00,-2453.065,82.214,0.560788,0.378400
59,1BM4,57.81,0.594100,1.00,-2143.291,156.068,0.634437,0.405950
60,1BMX,60.48,0.469600,1.00,-2606.746,131.490,0.727721,0.457210
61,1BNB,82.24,0.677900,1.00,-2774.706,220.474,0.224432,0.697330
62,1BOE,81.38,0.642000,1.00,-3534.671,199.385,0.221699,0.707520
63,1BQF,74.00,0.597200,1.00,-1320.391,139.262,0.354827,0.365770
64,1BRV,65.62,0.583800,1.00,-1970.770,249.978,0.405943,0.462600
65,1BWX,50.00,0.598500,1.00,-3028.806,94.301,0.591845,0.482700
66,1BY0,77.78,0.653900,1.00,-1720.501,73.405,0.317019,0.508980
67,1BY6,45.83,0.461000,1.00,-2371.863,148.345,0.499157,0.341410
68,1BZG,60.29,0.580200,1.00,-2344.594,84.409,0.495708,0.406930
69,1C2U,40.00,0.435600,1.00,-2556.418,159.290,0.845098,0.252890
70,1C49,92.14,0.734100,1.00,-2434.566,175.301,0.103701,0.771370
71,1C4B,51.92,0.452400,1.00,-443.473,52.329,0.460705,0.221540
72,1C4E,82.86,0.688300,1.00,-1940.860,210.771,0.182967,0.638690
73,1C55,87.50,0.673700,1.00,-3265.275,223.417,0.154668,0.731880
74,1C56,86.88,0.681400,1.00,-3265.275,223.417,0.140084,0.741520
75,1C6W,39.39,0.416900,1.00,-1610.592,171.014,0.651399,0.194310
76,1CBH,100.00,0.866000,1.00,-2358.518,233.252,0.047195,0.928010
77,1CCF,83.93,0.703600,1.00,-2355.277,177.574,0.155135,0.700070
78,1CCM,94.57,0.808200,1.00,-3750.629,145.904,0.111918,0.861590
79,1CCN,95.65,0.835200,1.00,-3750.629,145.904,0.095608,0.885700
80,1CE4,58.57,0.529200,1.00,-1796.800,172.893,0.377511,0.359950
81,1CFG,73.86,0.553800,1.00,-1496.025,63.193,0.345615,0.286320
82,1CFH,29.26,0.274800,1.00,-3781.460,228.926,1.074228,0.266910
83,1CFI,62.23,0.496100,1.00,-3781.460,228.926,0.368916,0.491630
84,1CHL,83.33,0.645300,1.00,-2608.996,131.129,0.153669,0.654810
85,1CIX,77.84,0.652200,1.00,-3216.142,168.336,0.182830,0.651990
86,1CKW,74.00,0.681500,1.00,-1635.503,87.536,0.386799,0.563970
87,1CKX,86.54,0.705900,1.00,-1851.955,51.870,0.135335,0.582320
88,1CKY,52.88,0.495100,1.00,-1851.955,51.870,0.542778,0.268920
89,1CKZ,37.00,0.442200,1.00,-1635.503,87.536,0.718077,0.204550
90,1CMR,84.68,0.664700,1.00,-2317.766,141.741,0.177943,0.591850
91,1CO4,73.21,0.664100,1.00,-2781.030,239.726,0.293462,0.590400
92,1CQ0,68.75,0.686700,1.00,-1452.269,60.875,0.355499,0.406950
93,1CR8,77.98,0.656600,1.00,-2474.303,228.602,0.199608,0.651090
94,1CSA,40.91,0.317300,1.00,-616.920,5.701,0.472138,0.175090
95,1CTI,91.38,0.760600,1.00,-1926.373,146.606,0.095018,0.703360
96,1CW5,53.65,0.564200,1.00,-2587.024,239.359,0.661082,0.531570
97,1CW6,54.73,0.576100,1.00,-1842.430,215.928,0.618639,0.374280
98,1CWX,28.41,0.442500,1.00,-1585.870,286.783,0.973168,0.273850
99,1CXR,65.76,0.586800,1.00,-3777.592,135.573,0.282561,0.553140
100,1CYA,40.91,0.462500,1.00,-616.920,5.701,0.485007,0.149140
101,1CYB,40.91,0.415700,1.00,-616.920,5.701,0.444602,0.144200
102,1CZ6,84.00,0.719100,1.00,-1062.168,134.107,0.204466,0.467120
103,1D0R,77.50,0.669200,1.00,-2141.058,60.953,0.287993,0.486220
104,1D1H,90.00,0.645800,1.00,-2348.460,198.597,0.187275,0.747460
105,1D2J,80.62,0.655000,1.00,-2178.276,231.032,0.215694,0.641980
106,1D2L,78.33,0.671600,1.00,-2432.869,280.430,0.292817,0.645420
107,1D5Q,100.00,0.835000,1.00,-1888.435,80.160,0.050750,0.829090
108,1D6B,87.50,0.719200,1.00,-2989.370,222.437,0.179348,0.769750
109,1D6X,67.31,0.510800,1.00,-544.728,85.371,0.417826,0.308200
110,1DEC,85.26,0.726700,1.00,-2422.017,202.198,0.195084,0.734950
111,1DEP,81.67,0.625100,1.00,-859.595,48.252,0.200907,0.456640
112,1DF6,88.33,0.701200,1.00,-2118.776,259.639,0.134174,0.624230
113,1DFE,85.14,0.647100,1.00,-2465.208,160.715,0.355173,0.731750
114,1DFS,73.39,0.556200,1.00,-2184.428,273.262,0.257062,0.449000
115,1DFT,62.50,0.459400,1.00,-1864.557,166.017,0.320913,0.307120
116,1DGZ,83.11,0.640700,1.00,-2465.208,160.715,0.340434,0.672770
117,1DJF,86.67,0.731400,1.00,-749.304,29.955,0.275424,0.486590
118,1DKC,78.29,0.604000,1.00,-2292.584,185.158,0.216809,0.595100
119,1DL0,90.54,0.754100,1.00,-2343.757,146.770,0.131003,0.724320
120,1DMC,50.00,0.509200,1.00,-1974.039,119.270,0.592764,0.279700
121,1DMD,48.39,0.507700,1.00,-1974.039,119.270,0.576286,0.273990
122,1DME,56.25,0.500700,1.00,-1785.085,198.893,0.471933,0.259150
123,1DMF,55.36,0.501800,1.00,-1785.085,198.893,0.469476,0.275750
124,1DN3,86.67,0.722600,1.00,-749.304,29.955,0.234951,0.475870
125,1DNG,86.67,0.717900,1.00,-709.426,42.610,0.178882,0.482430
126,1DPK,40.00,0.449000,1.00,-278.848,155.794,0.625231,0.099290
127,1DPQ,48.75,0.502500,1.00,-401.921,174.613,0.505173,0.171100
128,1DSK,64.29,0.644900,1.00,-1922.047,119.375,0.364090,0.519850
129,1DSQ,92.86,0.707800,1.00,-952.885,129.469,0.187971,0.471930
130,1DSV,78.23,0.700900,1.00,-1479.681,195.681,0.190190,0.534430
131,1DTC,89.42,0.793700,1.00,-1915.920,35.897,0.194363,0.597190
132,1DU1,66.25,0.527600,1.00,-1185.632,60.016,0.417540,0.286880
133,1DU9,91.07,0.722900,1.00,-1566.218,137.122,0.119209,0.625810
134,1DV0,87.23,0.724200,1.00,-4833.433,152.070,0.235866,0.795880
135,1DVW,38.89,0.594100,1.00,-523.909,58.265,0.769314,0.180410
136,1DX7,63.54,0.637700,1.00,-3660.515,206.772,0.522013,0.507580
137,1E0G,85.42,0.678800,1.00,-4243.892,155.232,0.180858,0.748620
138,1E0L,88.51,0.767600,1.00,-2495.807,162.789,0.264495,0.733570
139,1E0M,83.78,0.738400,1.00,-2388.153,133.172,0.257600,0.656390
140,1E0N,87.96,0.717800,1.00,-1790.798,127.417,0.136132,0.551850
141,1E0Q,77.94,0.688700,1.00,-1025.527,55.667,0.182682,0.264510
142,1E4Q,82.43,0.713100,1.00,-2725.300,180.566,0.212483,0.663710
143,1E4R,72.86,0.579700,1.00,-2391.547,133.081,0.306892,0.536100
144,1E4S,77.08,0.604300,1.00,-2627.281,156.290,0.243364,0.583680
145,1E4T,76.35,0.592400,1.00,-2598.134,155.975,0.375984,0.551840
146,1E8P,92.93,0.760400,1.00,-3500.725,260.096,0.105877,0.839630
147,1E8Q,90.22,0.755300,1.00,-3500.725,260.096,0.166217,0.817980
148,1E9K,43.42,0.579700,1.00,-2376.416,158.700,0.640026,0.289430
149,1ED0,95.65,0.815400,1.00,-3456.579,144.981,0.081662,0.884460
150,1ED7,90.56,0.719300,1.00,-4257.857,198.089,0.132858,0.796450
151,1EDP,82.35,0.630500,1.00,-1217.538,61.586,0.187944,0.283790
152,1EDS,50.00,0.477000,1.00,-2158.063,107.550,0.459438,0.272050
153,1EDV,29.41,0.440500,1.00,-1204.743,369.221,1.082685,0.189620
154,1EDW,40.38,0.485200,1.00,-1748.629,199.464,0.573364,0.171330
155,1EDX,25.00,0.369800,1.00,-2304.724,241.492,1.002965,0.236390
156,1EGT,92.65,0.711800,1.00,-800.074,72.210,0.160762,0.460660
157,1EHS,55.73,0.594000,1.00,-3545.633,175.009,0.493309,0.491820
158,1EI0,98.03,0.851800,1.00,-3145.323,133.805,0.063937,0.893440
159,1EMX,77.50,0.581000,1.00,-1903.103,176.008,0.280997,0.535900
160,1EMZ,82.14,0.693500,1.00,-1537.384,26.805,0.297587,0.470820
161,1EQX,59.72,0.514700,1.00,-572.462,111.387,0.440440,0.218130
162,1ERC,90.00,0.769400,1.00,-3463.826,101.570,0.095981,0.802020
163,1ERD,43.75,0.434600,1.00,-2652.100,161.068,0.601905,0.295720
164,1ERP,97.37,0.786000,1.00,-3205.611,184.436,0.081824,0.839250
165,1ERY,92.95,0.735800,1.00,-3411.373,159.611,0.139678,0.829300
166,1ESK,67.86,0.678300,1.00,-2154.477,174.435,0.347977,0.550180
167,1EWS,90.62,0.783500,1.00,-2045.823,170.057,0.158717,0.707030
168,1EYO,88.33,0.750800,1.00,-1955.092,155.277,0.196193,0.661330
169,1EZE,60.53,0.681000,1.00,-2721.702,122.704,0.407923,0.491880
170,1F3K,86.54,0.655200,1.00,-1786.470,183.495,0.141373,0.547850
171,1F4I,90.00,0.717300,1.00,-4505.533,117.886,0.202454,0.810550
172,1F7E,84.24,0.748100,1.00,-2598.867,287.763,0.163314,0.712490
173,1F7M,79.35,0.733800,1.00,-2598.867,287.763,0.276753,0.688440
174,1F8Z,89.74,0.741000,1.00,-2025.979,240.446,0.204832,0.770920
175,1FAC,67.86,0.573600,1.00,-1402.873,66.587,0.378186,0.241690
176,1FCT,56.25,0.483100,1.00,-1639.005,129.765,0.549390,0.418680
177,1FDF,54.00,0.581300,1.00,-1753.404,82.075,0.390061,0.254340
178,1FEO,88.46,0.685500,1.00,-1450.257,102.376,0.125274,0.551490
179,1FF7,76.63,0.694900,1.00,-2598.867,287.763,0.225442,0.635210
180,1FFM,83.70,0.750800,1.00,-2598.867,287.763,0.282451,0.736970
181,1FGD,77.78,0.659800,1.00,-898.401,63.137,0.221766,0.254160
182,1FGE,56.25,0.534000,1.00,-689.279,150.477,0.544925,0.191460
183,1FJN,91.03,0.777100,1.00,-2907.662,149.034,0.132733,0.789780
184,1FME,77.68,0.663000,1.00,-2276.718,115.126,0.225177,0.462060
185,1FMY,71.88,0.625000,1.00,-2899.730,199.753,0.331313,0.538090
186,1FQQ,75.00,0.618600,1.00,-2960.221,243.630,0.244984,0.608910
187,1FRE,41.07,0.383500,1.00,-2984.466,300.733,0.671104,0.291750
188,1FRY,42.24,0.490800,1.00,-1662.185,55.574,0.839500,0.201000
189,1FSB,86.25,0.755400,1.00,-2614.035,266.822,0.169949,0.761070
190,1FSD,75.89,0.619900,1.00,-2130.827,158.015,0.287643,0.458930
191,1FSV,75.89,0.637200,1.00,-2130.827,158.015,0.253273,0.461060
192,1FU3,90.74,0.686500,1.00,-1702.053,143.900,0.120343,0.627770
193,1FU9,85.42,0.684900,1.00,-2602.654,197.374,0.274945,0.729650
194,1FUL,54.55,0.475000,1.00,-463.761,75.583,0.435479,0.232280
195,1FUV,56.82,0.566800,1.00,-463.761,75.583,0.295339,0.181810
196,1FV5,79.17,0.629600,1.00,-2432.160,183.810,0.274660,0.622160
197,1FVY,45.97,0.598400,1.00,-2266.826,87.212,0.934667,0.347950
198,1FW5,61.25,0.559900,1.00,-896.484,83.794,0.441572,0.281450
199,1FWO,75.00,0.605400,1.00,-2282.581,211.378,0.263575,0.577550
200,1FYG,90.00,0.641200,1.00,-1266.092,141.016,0.110640,0.519600
201,1G04,30.77,0.349000,1.00,-1898.433,165.206,0.853338,0.182280
202,1G26,87.10,0.734100,1.00,-2292.461,122.218,0.146682,0.584860
203,1G92,56.00,0.700600,1.00,-1664.068,60.235,0.691727,0.334500
204,1G9P,61.67,0.603100,1.00,-2514.148,301.908,0.647812,0.526770
205,1GEA,79.76,0.652900,1.00,-1416.472,52.790,0.296117,0.349640
206,1GIB,62.50,0.516300,1.00,-1063.466,145.274,0.327543,0.210200
207,1GK5,71.94,0.566200,1.00,-3644.882,236.753,0.397723,0.587550
208,1GM2,97.73,0.737900,1.00,-393.579,44.457,0.072070,0.522670
209,1GNA,69.23,0.630400,1.00,-590.449,70.495,0.337681,0.315900
210,1GNB,57.69,0.549600,1.00,-590.449,70.495,0.385083,0.293440
211,1GNF,78.80,0.671400,1.00,-3170.394,237.793,0.308308,0.641090
212,1GP8,78.75,0.682000,1.00,-2536.796,498.410,0.315699,0.624020
213,1GPS,94.15,0.768800,1.00,-3085.336,202.655,0.118542,0.862400
214,1GPT,92.55,0.729500,1.00,-3120.567,191.720,0.115391,0.854680
215,1GUR,79.29,0.637600,1.00,-1873.792,211.290,0.173134,0.577080
216,1GW3,59.24,0.627600,1.00,-3430.325,101.380,0.435264,0.409440
217,1GW4,39.13,0.603400,1.00,-3430.325,101.380,1.058688,0.347620
218,1H20,84.62,0.704400,1.00,-2767.997,239.777,0.251363,0.711250
219,1H5O,76.19,0.611400,1.00,-2380.050,173.933,0.307967,0.620570
220,1H7D,35.20,0.461700,1.00,-2817.563,219.677,1.161637,0.313430
221,1H7J,44.23,0.438100,1.00,-1347.437,77.622,0.726463,0.250500
222,1HA9,84.56,0.772900,1.00,-1791.216,161.870,0.434533,0.723300
223,1HD6,94.59,0.812100,1.00,-3130.520,115.503,0.114698,0.848640
224,1HD9,97.73,0.735800,1.00,-424.927,49.520,0.070653,0.478460
225,1HEV,94.77,0.785400,1.00,-3131.757,215.971,0.130315,0.870750
226,1HFF,75.00,0.599900,1.00,-328.644,49.068,0.202222,0.352540
227,1HJ0,35.98,0.553200,1.00,-1944.216,215.935,0.785650,0.301960
228,1HLL,73.44,0.699600,1.00,-2218.723,99.987,0.298895,0.597400
229,1HLY,96.79,0.765900,1.00,-3030.396,171.326,0.095768,0.837000
230,1HN3,28.75,0.308100,1.00,-2164.897,236.160,1.254904,0.238030
231,1HNR,64.36,0.558700,1.00,-3289.139,234.944,0.303537,0.505370
232,1HNS,59.57,0.496600,1.00,-3289.139,234.944,0.393468,0.471470
233,1HO0,54.17,0.517300,1.00,-1911.141,125.191,0.676918,0.362130
234,1HO2,88.75,0.732600,1.00,-1253.313,38.301,0.163584,0.437690
235,1HO7,80.00,0.679000,1.00,-1253.313,38.301,0.196910,0.424690
236,1HO9,69.53,0.638300,1.00,-2455.326,72.854,0.387282,0.484970
237,1HOD,69.53,0.647100,1.00,-2455.326,72.854,0.398859,0.436240
238,1HOF,68.75,0.638800,1.00,-2218.723,99.987,0.309859,0.459690
239,1HP2,93.24,0.776500,1.00,-2718.522,182.254,0.088573,0.806590
240,1HP3,84.38,0.714500,1.00,-2039.778,154.860,0.290151,0.661470
241,1HP9,82.95,0.633300,1.00,-1661.563,57.829,0.186007,0.322520
242,1HPH,47.30,0.566400,1.00,-2905.685,75.414,0.824276,0.398950
243,1HPY,63.97,0.637400,1.00,-2750.823,50.337,0.355879,0.348940
244,1HRL,76.09,0.634000,1.00,-1146.298,116.116,0.521823,0.375330
245,1HTH,49.26,0.540300,1.00,-2636.235,76.516,0.957719,0.347870
246,1HTX,92.19,0.765000,1.00,-2276.381,205.932,0.092106,0.727260
247,1HU5,76.39,0.687400,1.00,-1030.606,29.260,0.199695,0.371710
248,1HU6,66.67,0.594500,1.00,-925.191,26.995,0.391861,0.275800
249,1HU7,83.33,0.637200,1.00,-1005.965,52.006,0.224937,0.377540
250,1HVW,97.00,0.787000,1.00,-1477.530,111.962,0.069315,0.716180
251,1HVZ,84.72,0.629900,1.00,-952.877,84.496,0.181690,0.286930
252,1HY9,89.02,0.768800,1.00,-2703.396,211.889,0.158216,0.770310
253,1HYK,80.98,0.648200,1.00,-3451.648,365.319,0.201202,0.692650
254,1HZ3,36.54,0.451700,1.00,-1215.289,172.899,0.618577,0.119950
255,1I25,50.00,0.509300,1.00,-1595.414,274.978,0.817668,0.373420
256,1I26,83.82,0.670800,1.00,-2159.734,192.460,0.198616,0.634060
257,1I2U,88.64,0.722200,1.00,-3293.431,193.015,0.153782,0.763420
258,1I2V,81.82,0.700000,1.00,-3221.066,181.888,0.166402,0.717690
259,1I6C,71.79,0.653300,1.00,-2156.443,192.280,0.414289,0.557680
260,1I8X,88.33,0.794200,1.00,-2132.560,110.326,0.148551,0.668490
261,1I8Y,78.57,0.644300,1.00,-1839.253,107.681,0.243577,0.462180
262,1IB9,79.41,0.688600,1.00,-1791.216,161.870,0.459358,0.625190
263,1IBN,73.75,0.667700,1.00,-1239.152,32.014,0.299183,0.370180
264,1IBO,76.25,0.621100,1.00,-1239.152,32.014,0.360747,0.309540
265,1IC9,81.90,0.670500,1.00,-2043.397,166.050,0.207452,0.553740
266,1ICA,72.50,0.587800,1.00,-2709.002,163.303,0.548674,0.588640
267,1ICL,68.97,0.587300,1.00,-1954.021,192.173,0.255032,0.492010
268,1ICO,85.34,0.679100,1.00,-2039.588,149.460,0.196344,0.609860
269,1ID6,40.00,0.438900,1.00,-1007.394,26.715,0.550638,0.151110
270,1ID7,43.33,0.448400,1.00,-1007.394,26.715,0.505294,0.120850
271,1IE6,34.09,0.418200,1.00,-1416.840,172.075,0.683509,0.243870
272,1IFY,84.18,0.731400,1.00,-4442.990,180.055,0.199340,0.767840
273,1IIJ,75.00,0.718400,1.00,-2603.778,73.096,0.299620,0.631120
274,1IM1,95.83,0.725400,1.00,-690.457,52.148,0.094514,0.537990
275,1IRR,75.00,0.651200,1.00,-1003.761,131.056,0.417352,0.384790
276,1IVA,69.27,0.564100,1.00,-3271.100,173.030,0.588954,0.584170
277,1IWC,41.18,0.536000,1.00,-1225.607,197.723,0.840503,0.327320
278,1IWF,26.47,0.439900,1.00,-1225.607,197.723,1.081489,0.247610
279,1IXA,87.18,0.710900,1.00,-2319.757,183.532,0.166814,0.709670
280,1IXT,85.19,0.680300,1.00,-1800.433,115.743,0.160915,0.505910
281,1IXU,41.67,0.514400,1.00,-395.345,60.745,0.603978,0.281130
282,1IYC,47.22,0.476400,1.00,-1731.400,253.721,0.668901,0.353500
283,1IYT,19.64,0.340700,1.00,-1683.266,330.704,1.302803,0.215020
284,1J4M,89.29,0.729100,1.00,-685.400,48.774,0.140357,0.426060
285,1J5J,92.36,0.757900,1.00,-2712.195,180.767,0.103053,0.780270
286,1J5L,52.50,0.531900,1.00,-1971.186,165.192,0.668023,0.326960
287,1J5M,58.04,0.512200,1.00,-1709.516,137.780,0.411823,0.300820
288,1JBL,94.64,0.717600,1.00,-503.246,63.757,0.113638,0.419200
289,1JBN,87.50,0.790900,1.00,-503.246,63.757,0.129501,0.379890
290,1JDM,73.39,0.615200,1.00,-2988.849,80.533,0.391483,0.481660
291,1JI9,64.19,0.546100,1.00,-2361.242,224.347,0.358954,0.465040
292,1JJZ,87.93,0.715600,1.00,-1844.901,150.670,0.335894,0.665860
293,1JKZ,85.33,0.710400,1.00,-3747.917,223.842,0.150648,0.750090
294,1JLZ,88.04,0.700100,1.00,-1229.298,207.364,0.156384,0.439460
295,1JMN,87.50,0.710600,1.00,-3232.119,153.126,0.146539,0.761820
296,1JMP,79.89,0.681800,1.00,-3211.036,153.133,0.216574,0.695720
297,1JN7,75.69,0.671400,1.00,-2740.808,158.418,0.470064,0.628690
298,1JO5,43.75,0.642100,1.00,-3621.835,192.964,1.278077,0.435640
299,1JO6,42.78,0.534600,1.00,-2407.992,228.808,1.036469,0.346240
300,1JRF,52.66,0.479800,1.00,-2188.469,259.826,0.729953,0.455170
301,1JRJ,83.33,0.756700,1.00,-2502.923,120.544,0.225184,0.637500
302,1JU8,81.08,0.696700,1.00,-2851.394,170.612,0.194801,0.622760
303,1JY9,76.25,0.659500,1.00,-554.195,70.905,0.226254,0.243760
304,1K0P,32.26,0.387800,1.00,-1857.523,151.616,0.665445,0.240090
305,1K18,33.06,0.384200,1.00,-1857.523,151.616,0.650523,0.250380
306,1K1V,92.68,0.741500,1.00,-3458.411,90.334,0.096111,0.823610
307,1K36,80.98,0.662500,1.00,-3464.513,235.905,0.187721,0.689760
308,1K37,79.35,0.659900,1.00,-3464.513,235.905,0.179008,0.679470
309,1K43,96.43,0.722500,1.00,-685.400,48.774,0.081435,0.452430
310,1K48,86.21,0.714800,1.00,-1844.901,150.670,0.337962,0.639410
311,1K7B,81.38,0.710700,1.00,-2241.699,260.508,0.386004,0.719710
312,1K81,69.44,0.543200,1.00,-2409.260,173.872,0.316614,0.481870
313,1K91,80.41,0.738100,1.00,-1578.764,174.069,0.185694,0.595810
314,1KAL,87.93,0.738000,1.00,-1953.253,165.209,0.222704,0.632290
315,1KBE,71.43,0.578200,1.00,-3480.872,187.991,0.224596,0.598910
316,1KBF,72.45,0.588600,1.00,-3480.872,187.991,0.229111,0.606030
317,1KDL,70.65,0.650100,1.00,-1765.173,35.298,0.370768,0.365130
318,1KGM,94.29,0.736400,1.00,-1929.860,220.786,0.097727,0.790380
319,1KIO,82.14,0.684800,1.00,-1863.283,218.219,0.290537,0.625790
320,1KJ0,74.29,0.653600,1.00,-1905.126,181.927,0.286247,0.506480
321,1KJ5,81.25,0.672700,1.00,-2620.709,136.043,0.186280,0.618510
322,1KJ6,70.00,0.574600,1.00,-2963.586,197.886,0.625230,0.593730
323,1KLR,95.83,0.809900,1.00,-1943.394,131.621,0.128447,0.803990
324,1KLS,90.00,0.724900,1.00,-1846.326,154.627,0.166225,0.698080
325,1KMR,83.33,0.661900,1.00,-975.727,32.397,0.305550,0.493740
326,1KOZ,74.31,0.621300,1.00,-2392.640,209.018,0.254257,0.545950
327,1KQH,83.55,0.686300,1.00,-2732.635,295.400,0.190016,0.685030
328,1KQI,78.95,0.680700,1.00,-2732.635,295.400,0.230892,0.632490
329,1KUW,82.50,0.665800,1.00,-309.845,29.568,0.344361,0.588540
330,1KV4,75.00,0.738000,1.00,-2573.171,119.212,0.266844,0.646990
331,1KWD,73.44,0.515800,1.00,-1037.354,74.496,0.213908,0.234900
332,1KWE,76.56,0.541500,1.00,-1037.354,74.496,0.219250,0.237000
333,1KX6,44.83,0.417900,1.00,-2317.347,66.341,0.643389,0.206580
334,1KZ0,84.38,0.599800,1.00,-918.961,35.883,0.223609,0.318670
335,1KZ2,81.25,0.647800,1.00,-955.567,38.428,0.163949,0.310600
336,1KZ5,77.08,0.530200,1.00,-721.181,28.608,0.325521,0.418930
337,1L1K,35.00,0.310300,1.00,-1062.069,89.293,0.878820,0.208000
338,1L2Y,96.25,0.799100,1.00,-1046.783,99.601,0.077689,0.510630
339,1L3Q,43.75,0.571400,1.00,-387.887,55.971,0.723286,0.168980
340,1L3Y,79.27,0.625600,1.00,-2665.008,324.927,0.238724,0.666350
341,1L4V,83.12,0.712600,1.00,-2605.808,219.388,0.204946,0.709280
342,1LA4,91.18,0.734000,1.00,-2309.115,159.024,0.128777,0.739590
343,1LB0,76.92,0.606000,1.00,-737.837,26.928,0.252835,0.398180
344,1LB7,76.56,0.652700,1.00,-971.639,33.643,0.469401,0.478150
345,1LBJ,80.68,0.663400,1.00,-1528.200,77.111,0.368750,0.421180
346,1LCX,78.85,0.630400,1.00,-737.837,26.928,0.250145,0.366390
347,1LDL,69.79,0.596500,1.00,-2820.087,244.952,0.314758,0.583440
348,1LDR,67.44,0.563300,1.00,-2421.487,197.023,0.374463,0.545040
349,1LFC,42.00,0.369400,1.00,-1455.904,132.036,0.625043,0.195040
350,1LGL,94.44,0.768600,1.00,-2712.195,180.767,0.095162,0.814500
351,1LIQ,45.37,0.558100,1.00,-1539.847,103.517,0.850197,0.240620
352,1LIR,91.22,0.744400,1.00,-2840.688,195.322,0.097619,0.783710
353,1LMM,70.00,0.592000,1.00,-2463.618,298.654,0.436602,0.548930
354,1LMR,75.71,0.637500,1.00,-2085.364,180.291,0.289212,0.568050
355,1LUP,79.03,0.560200,1.00,-2105.066,209.798,0.219920,0.518640
356,1LV4,36.90,0.430200,1.00,-1126.296,104.879,0.731898,0.132810
357,1LVZ,97.73,0.684800,1.00,-540.828,44.472,0.079474,0.481650
358,1LYP,84.38,0.726500,1.00,-2347.174,69.422,0.132024,0.623270
359,1M02,58.33,0.555300,1.00,-482.705,61.906,0.596916,0.319230
360,1M0G,78.33,0.633400,1.00,-2177.016,208.954,0.249530,0.511930
361,1M0J,71.43,0.522800,1.00,-1990.670,118.228,0.366022,0.377090
362,1M23,90.38,0.666500,1.00,-683.768,31.741,0.107087,0.468960
363,1M25,56.73,0.495500,1.00,-1898.433,165.206,0.523836,0.346510
364,1M2S,87.16,0.672800,1.00,-2708.044,150.057,0.135389,0.716960
365,1M36,89.39,0.731300,1.00,-2407.366,130.337,0.153697,0.720100
366,1M4E,73.75,0.590500,1.00,-1237.265,80.631,0.263016,0.256790
367,1M4F,66.00,0.544200,1.00,-1552.766,119.459,0.385391,0.302210
368,1MA2,70.59,0.533100,1.00,-1016.950,62.786,0.286203,0.249840
369,1MA4,36.76,0.392000,1.00,-1155.320,36.979,0.826832,0.208500
370,1MA5,57.35,0.464600,1.00,-1016.950,62.786,0.571383,0.135740
371,1MA6,47.06,0.405300,1.00,-1155.320,36.979,0.567142,0.232770
372,1MB6,93.57,0.746100,1.00,-2476.539,169.012,0.091451,0.793500
373,1MEA,64.29,0.557700,1.00,-1497.869,128.097,0.371845,0.330880
374,1MED,63.39,0.536800,1.00,-1497.869,128.097,0.397771,0.321960
375,1MEQ,69.57,0.593600,1.00,-1066.551,99.372,0.342787,0.249400
376,1MF6,68.75,0.542800,1.00,-446.495,62.871,0.378661,0.393710
377,1MGX,46.28,0.368000,1.00,-3781.460,228.926,0.778738,0.331200
378,1MHU,76.61,0.633100,1.00,-2344.797,162.184,0.242668,0.512990
379,1MKC,50.00,0.564700,1.00,-2230.749,247.211,0.633066,0.363160
380,1MM0,93.75,0.802400,1.00,-3143.830,194.529,0.095542,0.814420
381,1MMC,85.83,0.716500,1.00,-1899.766,125.409,0.140704,0.598460
382,1MOT,66.96,0.607500,1.00,-1009.359,242.461,0.465104,0.552150
383,1MPZ,37.80,0.443400,1.00,-2487.274,204.898,0.661221,0.241790
384,1MR0,92.65,0.745200,1.00,-2678.281,163.491,0.091366,0.775790
385,1MR4,91.49,0.761600,1.00,-3503.290,225.008,0.139415,0.805350
386,1MRB,78.23,0.676200,1.00,-2205.488,182.520,0.208273,0.531390
387,1MRT,70.16,0.570300,1.00,-2327.177,128.144,0.259924,0.415410
388,1MTQ,81.58,0.570600,1.00,-1245.995,49.695,0.343273,0.517190
389,1MTX,92.95,0.766700,1.00,-2947.878,184.868,0.117646,0.796390
390,1MXQ,86.36,0.756500,1.00,-630.139,26.811,0.231180,0.533840
391,1MYN,97.73,0.779300,1.00,-3329.564,165.650,0.075991,0.892210
392,1MYU,47.92,0.495600,1.00,-394.708,70.031,0.447176,0.280440
393,1MZI,51.92,0.489700,1.00,-737.837,26.928,0.367776,0.113250
394,1N0Z,74.44,0.661700,1.00,-2349.298,244.775,0.470632,0.600200
395,1N1U,94.83,0.791600,1.00,-1769.090,146.935,0.121076,0.727250
396,1N2Y,50.00,0.409700,1.00,-564.834,75.101,0.513225,0.139110
397,1N4N,96.28,0.808300,1.00,-3423.609,229.918,0.082085,0.899250
398,1N5G,30.26,0.321700,1.00,-2798.089,212.554,0.776299,0.272170
399,1N6T,55.00,0.475800,1.00,-295.174,66.831,0.400662,0.249640
400,1N8M,96.05,0.797000,1.00,-2644.389,232.603,0.108990,0.856300
401,1N9U,80.00,0.605100,1.00,-386.089,54.413,0.299199,0.367900
402,1NB1,98.28,0.833300,1.00,-1942.868,187.530,0.065480,0.810720
403,1NBJ,90.83,0.782700,1.00,-2110.775,251.722,0.238619,0.736560
404,1NBL,91.30,0.781200,1.00,-3579.755,161.070,0.120126,0.837160
405,1NC8,74.14,0.653400,1.00,-1314.498,112.386,0.489383,0.538820
406,1NCS,86.70,0.699100,1.00,-3916.681,291.859,0.185308,0.764830
407,1ND9,61.22,0.540300,1.00,-4013.578,154.063,0.331725,0.472780
408,1NE5,86.31,0.684900,1.00,-2928.240,209.670,0.166979,0.749270
409,1NIZ,75.00,0.604100,1.00,-684.782,58.453,0.305692,0.256530
410,1NJ0,78.12,0.631000,1.00,-684.782,58.453,0.231853,0.292960
411,1NJ3,87.10,0.740000,1.00,-2086.917,151.288,0.317288,0.670380
412,1NMJ,40.18,0.505100,1.00,-1027.616,230.383,0.639500,0.223450
413,1NZS,35.53,0.539500,1.00,-414.785,105.057,0.948064,0.141130
414,1O53,85.00,0.674200,1.00,-893.642,21.509,0.217974,0.491540
415,1O8Y,91.07,0.676300,1.00,-503.246,63.757,0.105792,0.327710
416,1O8Z,92.86,0.726800,1.00,-503.246,63.757,0.085186,0.395360
417,1OAV,75.52,0.592100,1.00,-3271.100,173.030,0.496811,0.690050
418,1OAW,80.21,0.642400,1.00,-3271.100,173.030,0.284487,0.697670
419,1ODP,92.50,0.694900,1.00,-1537.550,60.140,0.168315,0.489440
420,1ODQ,90.00,0.720900,1.00,-1537.550,60.140,0.149663,0.410200
421,1ODR,87.50,0.685000,1.00,-1537.550,60.140,0.152683,0.378300
422,1OEF,88.54,0.736500,1.00,-1901.543,63.785,0.124391,0.473360
423,1OEG,76.09,0.705600,1.00,-1578.882,37.491,0.321872,0.350360
424,1OEI,33.33,0.410400,1.00,-492.667,213.673,0.963003,0.151040
425,1OG7,38.95,0.551900,1.00,-2119.532,174.352,0.849423,0.372760
426,1OHM,53.41,0.505700,1.00,-2689.677,132.313,0.563387,0.408320
427,1OHN,52.91,0.568800,1.00,-2119.532,174.352,0.560023,0.358710
428,1OIG,92.71,0.745200,1.00,-1300.784,113.625,0.120766,0.534980
429,1OMA,71.88,0.619600,1.00,-2846.218,433.078,0.416832,0.606440
430,1OMB,73.44,0.594900,1.00,-2846.218,433.078,0.387501,0.625490
431,1OMQ,87.50,0.727200,1.00,-918.961,35.883,0.132829,0.551550
432,1OPP,63.16,0.620600,1.00,-2668.013,79.395,0.440963,0.495950
433,1ORL,96.20,0.783000,1.00,-3342.770,140.898,0.079996,0.890710
434,1ORX,98.96,0.817700,1.00,-1570.579,133.087,0.065533,0.664300
435,1OZZ,90.34,0.814000,1.00,-3241.551,181.158,0.145838,0.824810
436,1P00,93.18,0.802100,1.00,-3348.784,179.935,0.140446,0.858300
437,1P0A,90.91,0.762800,1.00,-3280.714,196.041,0.158814,0.817540
438,1P7A,77.03,0.689300,1.00,-2387.982,161.292,0.378033,0.614890
439,1P82,76.00,0.659300,1.00,-1410.712,63.148,0.325613,0.450880
440,1P83,56.00,0.598000,1.00,-1410.712,63.148,0.653341,0.312940
441,1P8B,89.19,0.768700,1.00,-2710.918,247.583,0.150583,0.742680
442,1P9C,53.89,0.563800,1.00,-2389.657,183.360,0.570647,0.412060
443,1P9F,82.50,0.629400,1.00,-531.464,16.207,0.329163,0.525180
444,1P9Z,82.32,0.675000,1.00,-3174.396,194.881,0.274072,0.719550
445,1PAA,90.83,0.695200,1.00,-2172.709,120.981,0.196190,0.726560
446,1PB5,93.57,0.806900,1.00,-1838.184,274.351,0.142442,0.819710
447,1PDC,80.56,0.664200,1.00,-3888.994,266.161,0.248918,0.679500
448,1PGY,72.87,0.624400,1.00,-4888.135,168.573,0.337052,0.620510
449,1PJV,91.41,0.717300,1.00,-2513.446,154.778,0.104797,0.714110
450,1PLP,63.00,0.683800,1.00,-1362.521,86.208,0.638208,0.381090
451,1PMC,86.81,0.702500,1.00,-2001.650,185.202,0.239840,0.675690
452,1PNH,92.74,0.737300,1.00,-2137.385,94.905,0.095766,0.719700
453,1PP5,48.81,0.518000,1.00,-964.201,115.386,0.557841,0.159340
454,1PSM,62.50,0.603900,1.00,-2684.569,51.519,0.484875,0.502460
455,1PSV,74.11,0.649400,1.00,-2178.026,135.649,0.285520,0.457790
456,1PT4,95.69,0.818600,1.00,-1936.897,208.387,0.076406,0.745070
457,1PV0,89.67,0.714800,1.00,-4791.637,173.097,0.246898,0.812230
458,1PVZ,83.87,0.695300,1.00,-2169.442,175.524,0.283566,0.627020
459,1PX9,85.12,0.649700,1.00,-2928.240,209.670,0.149742,0.732850
460,1PXQ,41.43,0.404800,1.00,-2237.757,83.730,0.586358,0.290560
461,1Q01,28.29,0.416800,1.00,-1264.860,162.601,1.030420,0.223220
462,1Q2F,47.66,0.628800,1.00,-2345.406,79.787,0.642143,0.321900
463,1Q2I,44.53,0.473300,1.00,-2345.406,79.787,0.737134,0.253320
464,1Q2J,78.41,0.623600,1.00,-1463.298,95.091,0.198823,0.251910
465,1Q2K,94.35,0.793400,1.00,-2137.460,118.091,0.094947,0.765190
466,1Q3J,74.31,0.597800,1.00,-2145.783,179.547,0.297919,0.584320
467,1Q3M,55.61,0.537400,1.00,-3674.358,264.578,0.931449,0.486860
468,1Q3Y,49.40,0.481500,1.00,-2203.457,234.019,0.838164,0.394380
469,1Q3Z,47.02,0.487500,1.00,-2203.457,234.019,0.731938,0.389840
470,1Q71,63.10,0.538500,1.00,-964.201,115.386,0.616024,0.210950
471,1QCM,86.36,0.701900,1.00,-356.564,36.182,0.234000,0.447230
472,1QDP,77.38,0.608500,1.00,-2340.557,262.905,0.217074,0.629080
473,1QFD,92.97,0.777200,1.00,-2276.381,205.932,0.090582,0.734620
474,1QG9,85.71,0.713100,1.00,-1621.239,48.676,0.282776,0.478640
475,1QGM,83.33,0.764600,1.00,-2132.560,110.326,0.146003,0.578360
476,1QHK,75.53,0.620600,1.00,-4044.573,204.280,0.249682,0.613740
477,1QJK,58.33,0.486600,1.00,-2585.957,178.794,0.695236,0.419590
478,1QJL,43.75,0.481500,1.00,-1882.441,194.313,0.744339,0.215180
479,1QK6,92.42,0.741600,1.00,-2132.390,250.332,0.102417,0.742530
480,1QK7,87.50,0.701800,1.00,-2294.243,201.717,0.207716,0.654280
481,1QKY,84.87,0.703500,1.00,-3072.505,167.589,0.134107,0.716600
482,1QLO,52.21,0.604700,1.00,-2493.434,93.045,0.736803,0.362940
483,1QWP,86.36,0.678100,1.00,-356.564,36.182,0.156769,0.375950
484,1QXC,50.00,0.471500,1.00,-356.564,36.182,0.422138,0.315760
485,1QYT,77.27,0.625500,1.00,-356.564,36.182,0.222687,0.340780
486,1R02,40.91,0.479800,1.00,-1910.844,224.215,0.716707,0.316770
487,1R1F,74.32,0.555400,1.00,-2605.346,197.381,0.376230,0.520710
488,1R7C,75.81,0.725700,1.00,-2733.953,71.859,0.306405,0.520970
489,1R7D,70.97,0.722700,1.00,-2733.953,71.859,0.303545,0.524330
490,1R7E,80.65,0.715600,1.00,-2733.953,71.859,0.245378,0.565180
491,1R7F,70.16,0.615400,1.00,-2733.953,71.859,0.311801,0.420080
492,1R7G,71.77,0.667600,1.00,-2733.953,71.859,0.334681,0.508360
493,1R8T,61.67,0.519800,1.00,-617.882,90.029,0.365566,0.205790
494,1R9I,47.73,0.444600,1.00,-1339.276,109.200,0.555501,0.142400
495,1RES,72.09,0.588500,1.00,-3952.648,129.416,0.454114,0.596820
496,1RET,68.60,0.552000,1.00,-3952.648,129.416,0.411084,0.529330
497,1RG3,75.00,0.654100,1.00,-1173.168,41.633,0.384495,0.345510
498,1RG4,78.12,0.662400,1.00,-1173.168,41.633,0.269395,0.372580
499,1RIJ,90.22,0.746800,1.00,-1287.401,51.971,0.112103,0.483030
500,1RIK,88.79,0.725600,1.00,-2228.185,106.069,0.147489,0.643350
501,1RIM,84.09,0.665800,1.00,-2214.287,123.631,0.191710,0.634420
502,1RJI,77.42,0.643600,1.00,-2148.810,139.841,0.309508,0.495800
503,1RKL,58.33,0.623500,1.00,-2881.801,82.687,0.678258,0.475440
504,1RMK,51.61,0.459800,1.00,-2690.219,197.012,0.592673,0.307820
505,1RO3,43.37,0.432900,1.00,-2733.728,273.665,0.589277,0.331420
506,1ROO,76.43,0.641500,1.00,-2578.051,149.974,0.186954,0.562340
507,1RPB,42.86,0.417200,1.00,-1244.143,86.154,0.608397,0.084090
508,1RPC,44.05,0.436900,1.00,-1244.143,86.154,0.589448,0.146080
509,1RSW,29.17,0.416000,1.00,-264.489,53.951,0.759898,0.121580
510,1RSX,39.58,0.515000,1.00,-264.489,53.951,0.778394,0.152220
511,1RT0,35.42,0.489600,1.00,-264.489,53.951,0.785532,0.082000
512,1S4H,44.23,0.517800,1.00,-114.605,72.367,0.524216,0.199470
513,1S4J,38.46,0.497200,1.00,-140.809,60.633,0.671658,0.321430
514,1S4T,45.24,0.540200,1.00,-1385.198,113.310,0.805480,0.181370
515,1S4W,32.50,0.434100,1.00,-150.246,191.470,0.618392,0.107700
516,1S6W,70.24,0.553600,1.00,-1338.260,94.200,0.306860,0.234340
517,1S6X,87.50,0.734900,1.00,-2456.072,184.439,0.179919,0.676620
518,1SBU,52.27,0.628400,1.00,-411.445,31.016,0.649860,0.367360
519,1SCO,82.24,0.666800,1.00,-2849.500,231.269,0.150254,0.657450
520,1SH1,79.17,0.685500,1.00,-2705.158,244.226,0.448685,0.691900
521,1SKH,76.67,0.622900,1.00,-2013.529,93.521,0.302365,0.554180
522,1SMZ,73.15,0.712100,1.00,-1815.400,38.634,0.306376,0.399860
523,1SOL,65.00,0.559200,1.00,-942.652,69.771,0.589437,0.290440
524,1SP1,87.07,0.682900,1.00,-1776.564,103.995,0.230674,0.653060
525,1SP2,91.94,0.686800,1.00,-2037.525,137.796,0.187079,0.753800
526,1SP7,89.58,0.683900,1.00,-1805.120,109.783,0.225541,0.599820
527,1SPF,82.14,0.788700,1.00,-2266.973,81.943,0.329305,0.723350
528,1SPW,87.82,0.709500,1.00,-3026.670,298.699,0.156883,0.746960
529,1SRB,64.29,0.468000,1.00,-1578.133,91.986,0.551484,0.286550
530,1SRK,75.00,0.710600,1.00,-2325.132,110.959,0.520767,0.610030
531,1SSL,69.27,0.589000,1.00,-3781.710,250.236,0.309916,0.580200
532,1SUT,38.64,0.443000,1.00,-1132.899,95.335,0.543683,0.067950
533,1SX0,96.59,0.794400,1.00,-1081.805,100.767,0.072842,0.582260
534,1SX1,94.32,0.748600,1.00,-1081.805,100.767,0.086969,0.433300
535,1T0C,26.61,0.480100,1.00,-801.171,187.709,1.192522,0.225570
536,1T2Y,44.00,0.511000,1.00,-1299.918,164.745,0.694311,0.173280
537,1T5M,51.92,0.501600,1.00,-346.746,79.163,0.399488,0.280330
538,1T5N,48.08,0.483700,1.00,-346.746,79.163,0.452154,0.245240
539,1T5Q,78.33,0.743500,1.00,-2408.932,42.321,0.242883,0.566180
540,1T9E,41.07,0.625200,1.00,-438.138,55.002,1.126302,0.263330
541,1TI5,89.67,0.736000,1.00,-3675.795,222.162,0.119831,0.815500
542,1TM6,59.09,0.493000,1.00,-1001.687,138.347,0.438415,0.269690
543,1TMR,92.11,0.748700,1.00,-1119.354,68.207,0.100745,0.336230
544,1TOR,65.00,0.500900,1.00,-285.481,44.361,0.358796,0.354050
545,1TOS,70.00,0.586800,1.00,-294.913,41.728,0.370194,0.361510
546,1TSK,90.71,0.705800,1.00,-2484.032,174.300,0.099905,0.753440
547,1TV0,79.69,0.606600,1.00,-2102.466,149.979,0.212557,0.606300
548,1TYK,77.21,0.626300,1.00,-2584.845,182.088,0.218173,0.536120
549,1U0P,54.63,0.452300,1.00,-1730.507,142.672,0.675405,0.343220
550,1U57,64.58,0.681400,1.00,-3058.194,96.885,0.484294,0.577460
551,1U6U,73.53,0.586700,1.00,-840.313,70.072,0.232730,0.274120
552,1U6V,73.53,0.573800,1.00,-840.313,70.072,0.231334,0.261940
553,1U85,75.76,0.752700,1.00,-2320.935,120.105,0.382391,0.570050
554,1U86,83.57,0.733300,1.00,-2425.309,154.380,0.278169,0.654440
555,1UAO,80.00,0.725100,1.00,-454.293,26.837,0.272322,0.386740
556,1UJL,40.48,0.499000,1.00,-2037.095,239.053,0.804792,0.327720
557,1UT3,92.76,0.703200,1.00,-2992.829,229.884,0.117239,0.799660
558,1UYA,46.88,0.452500,1.00,-669.977,78.089,0.599603,0.304310
559,1UYB,50.00,0.439500,1.00,-669.977,78.089,0.468333,0.147430
560,1V1D,89.52,0.733000,1.00,-2282.457,144.667,0.136904,0.655370
561,1V28,79.35,0.677600,1.00,-1092.365,87.724,0.457235,0.494910
562,1V4Z,75.00,0.679800,1.00,-922.994,111.502,0.475096,0.485640
563,1V50,67.11,0.633400,1.00,-922.994,111.502,0.314088,0.286330
564,1V5A,88.39,0.715900,1.00,-1693.864,202.694,0.147236,0.569180
565,1V6R,66.67,0.541100,1.00,-1525.090,83.762,0.472777,0.225700
566,1V92,88.04,0.758400,1.00,-4506.007,138.412,0.117576,0.803930
567,1VA1,80.41,0.656200,1.00,-2275.513,152.197,0.296639,0.635080
568,1VA2,89.52,0.689200,1.00,-2037.525,137.796,0.137791,0.667750
569,1VA3,88.79,0.646100,1.00,-1776.564,103.995,0.197586,0.661710
570,1VB8,89.17,0.745100,1.00,-2017.078,246.342,0.245704,0.661460
571,1VD7,67.39,0.523300,1.00,-1609.519,41.949,0.412435,0.334450
572,1VD8,65.22,0.479000,1.00,-1760.927,42.917,0.399345,0.286040
573,1VD9,72.83,0.614900,1.00,-1614.903,61.296,0.411081,0.395900
574,1VDA,59.78,0.540900,1.00,-1655.325,53.878,0.714235,0.311540
575,1VDB,81.52,0.736100,1.00,-1609.519,41.949,0.206404,0.536200
576,1VII,80.56,0.696800,1.00,-2973.681,79.967,0.220119,0.634920
577,1VPC,61.11,0.617700,1.00,-3153.230,149.659,0.404867,0.567480
578,1VPU,35.56,0.433800,1.00,-2863.484,219.607,0.835767,0.337760
579,1VQX,36.84,0.570800,1.00,-414.785,105.057,0.949344,0.113490
580,1VTP,69.23,0.708700,1.00,-1867.390,28.814,0.335820,0.442370
581,1VTX,83.93,0.642500,1.00,-2511.159,201.562,0.197751,0.702030
582,1W1N,66.67,0.572000,1.00,-2305.264,110.268,0.477353,0.518460
583,1W4E,94.15,0.754700,1.00,-3821.638,169.387,0.099526,0.861540
584,1W4F,89.89,0.759700,1.00,-3821.638,169.387,0.176846,0.805710
585,1W4G,89.89,0.751000,1.00,-3772.984,145.590,0.233926,0.829270
586,1W4H,88.30,0.769000,1.00,-3376.890,146.319,0.253974,0.793630
587,1WAZ,63.04,0.582300,1.00,-4196.121,148.435,0.433181,0.465910
588,1WCT,53.85,0.622400,1.00,-408.408,62.695,0.405980,0.265720
589,1WM7,67.24,0.602400,1.00,-1957.841,134.437,0.314384,0.329830
590,1WM8,64.29,0.537600,1.00,-1648.376,159.379,0.299904,0.315140
591,1WMT,89.63,0.724000,1.00,-3042.395,192.740,0.177859,0.768450
592,1WN4,63.39,0.608400,1.00,-1112.791,116.686,0.624319,0.405920
593,1WN8,72.73,0.601900,1.00,-1285.336,58.714,0.400731,0.477750
594,1WNK,90.22,0.716300,1.00,-1614.903,61.296,0.148853,0.595850
595,1WNM,94.57,0.721000,1.00,-1760.927,42.917,0.088538,0.579920
596,1WNN,85.87,0.691200,1.00,-1655.325,53.878,0.255024,0.486360
597,1WO3,67.00,0.560800,1.00,-1294.534,178.387,0.318749,0.292630
598,1WO4,43.00,0.538800,1.00,-1369.970,46.154,0.988215,0.296110
599,1WO5,40.00,0.546400,1.00,-1432.374,33.603,0.916645,0.240380
600,1WO6,62.00,0.517100,1.00,-1472.589,80.998,0.375139,0.296080
601,1WO7,66.00,0.488100,1.00,-1597.279,100.621,0.413679,0.321210
602,1WO9,76.43,0.706600,1.00,-1766.644,181.318,0.361370,0.574690
603,1WPD,63.97,0.519900,1.00,-2373.211,149.687,0.474243,0.377980
604,1WQB,85.16,0.683000,1.00,-1985.462,183.143,0.197013,0.631390
605,1WQC,83.65,0.679800,1.00,-1856.578,87.365,0.179500,0.458470
606,1WQD,72.22,0.650300,1.00,-1914.268,88.929,0.565795,0.406750
607,1WQE,96.74,0.778600,1.00,-1475.778,64.228,0.076917,0.596100
608,1WQK,85.71,0.761200,1.00,-3680.615,225.656,0.241890,0.749310
609,1WR3,82.64,0.704600,1.00,-2224.875,201.874,0.248776,0.662990
610,1WR4,88.89,0.779800,1.00,-2240.358,182.835,0.158391,0.742630
611,1WR7,82.32,0.696200,1.00,-2654.573,215.682,0.425858,0.714050
612,1WT7,73.78,0.610000,1.00,-3024.319,220.355,0.374209,0.587160
613,1WT8,83.87,0.658600,1.00,-2167.109,139.375,0.176850,0.578360
614,1WXN,83.33,0.702700,1.00,-3480.271,221.947,0.201922,0.703190
615,1WZ4,54.35,0.570600,1.00,-1512.574,74.994,0.484885,0.276640
616,1WZ5,65.71,0.492900,1.00,-2206.173,196.027,0.342009,0.464810
617,1X22,62.50,0.701600,1.00,-2072.771,151.057,0.361925,0.618880
618,1X32,37.77,0.436300,1.00,-3272.973,164.640,0.765809,0.287290
619,1X5V,85.29,0.656300,1.00,-2374.387,262.811,0.167176,0.607170
620,1X7K,69.74,0.543800,1.00,-1232.557,128.652,0.299683,0.237140
621,1XBH,55.77,0.493200,1.00,-582.655,47.570,0.366991,0.279460
622,1XC0,61.36,0.639300,1.00,-1903.575,129.648,0.427156,0.458200
623,1XF7,88.79,0.745900,1.00,-1864.856,126.683,0.265870,0.671590
624,1XOO,77.50,0.741300,1.00,-1351.803,27.113,0.214850,0.299840
625,1XOP,76.25,0.653500,1.00,-1332.762,26.695,0.212227,0.276450
626,1XRZ,88.33,0.720200,1.00,-1759.016,122.680,0.268820,0.697490
627,1XT7,46.15,0.509900,1.00,-346.746,79.163,0.583252,0.173880
628,1XUT,70.65,0.576500,1.00,-3589.904,255.604,0.374055,0.597460
629,1XV3,44.15,0.528300,1.00,-3017.803,250.758,0.841545,0.325390
630,1XXZ,65.91,0.464000,1.00,-387.958,55.475,0.224694,0.241900
631,1XY4,85.42,0.587500,1.00,-534.920,81.161,0.138320,0.331180
632,1XY6,64.58,0.537900,1.00,-571.121,57.830,0.350083,0.274350
633,1XY8,75.00,0.524100,1.00,-573.972,71.571,0.195056,0.292940
634,1XY9,59.09,0.442800,1.00,-447.777,53.090,0.301820,0.313840
635,1Y03,75.71,0.761000,1.00,-1398.159,46.325,0.310089,0.642660
636,1Y04,57.14,0.788100,1.00,-1398.159,46.325,0.725353,0.459870
637,1Y1B,84.90,0.680200,1.00,-3567.133,212.124,0.216700,0.748960
638,1Y1C,82.29,0.713900,1.00,-3703.559,185.477,0.236658,0.720130
639,1Y29,91.07,0.721200,1.00,-1797.782,119.464,0.107849,0.637040
640,1Y2P,89.71,0.695800,1.00,-2207.969,149.696,0.148508,0.693820
641,1Y32,82.29,0.713600,1.00,-1343.597,63.328,0.288062,0.430870
642,1Y4E,49.07,0.559400,1.00,-1779.832,106.897,0.522143,0.242810
643,1Y5C,70.45,0.470600,1.00,-563.986,25.366,0.307211,0.353060
644,1YIU,93.92,0.787800,1.00,-2371.471,167.995,0.136290,0.815470
645,1YMZ,78.49,0.716700,1.00,-2556.536,227.414,0.401046,0.680500
646,1YP8,83.33,0.707400,1.00,-2293.142,174.485,0.137228,0.639530
647,1YT6,80.00,0.632000,1.00,-401.234,48.530,0.196068,0.485190
648,1YTR,59.62,0.551000,1.00,-1766.958,46.882,0.649414,0.315110
649,1YV8,88.59,0.757600,1.00,-3750.629,145.904,0.134050,0.798350
650,1YVA,93.48,0.764600,1.00,-3750.629,145.904,0.123255,0.836840
651,1YWJ,68.29,0.618100,1.00,-2307.156,229.525,0.733345,0.578010
652,1YYB,76.85,0.708600,1.00,-1765.410,82.217,0.250703,0.440600
653,1Z0Q,22.62,0.320600,1.00,-1686.832,343.062,1.426601,0.266790
654,1Z2T,76.09,0.618700,1.00,-1884.098,42.038,0.415865,0.411220
655,1Z65,75.83,0.610400,1.00,-2088.032,54.093,0.308224,0.524500
656,1Z6V,49.49,0.438900,1.00,-3717.063,244.876,0.887330,0.404340
657,1Z6W,27.04,0.305500,1.00,-3717.063,244.876,1.169391,0.242760
658,1Z99,74.40,0.612700,1.00,-2171.296,195.379,0.420655,0.599080
659,1ZA8,88.71,0.705600,1.00,-2248.261,243.988,0.200866,0.703020
660,1ZAQ,61.93,0.573500,1.00,-3343.950,230.612,0.634360,0.470840
661,1ZDA,80.92,0.673500,1.00,-2946.574,85.431,0.369430,0.682200
662,1ZDB,77.63,0.705500,1.00,-2946.574,85.431,0.339900,0.595360
663,1ZFD,91.41,0.760000,1.00,-2083.290,148.431,0.146219,0.733520
664,1ZFU,84.38,0.692600,1.00,-2854.258,143.848,0.168100,0.709910
665,1ZJQ,81.62,0.709800,1.00,-2434.545,185.575,0.229276,0.616610
666,1ZNM,83.04,0.707400,1.00,-2066.176,88.081,0.135375,0.501280
667,1ZNU,97.41,0.784100,1.00,-1951.636,168.391,0.072786,0.778730
668,1ZR7,90.83,0.779100,1.00,-1836.367,117.143,0.177458,0.734200
669,1ZRV,76.00,0.666400,1.00,-1784.440,47.555,0.300531,0.329040
670,1ZRW,64.00,0.616400,1.00,-1784.440,47.555,0.396798,0.290330
671,1ZRX,56.55,0.701900,1.00,-2408.318,79.083,0.540534,0.448630
672,1ZTA,85.00,0.657700,1.00,-2648.378,111.501,0.247114,0.690970
673,1ZTN,33.33,0.429400,1.00,-965.416,231.707,0.910721,0.167560
674,1ZTO,55.41,0.614300,1.00,-1993.354,157.342,0.393438,0.323840
675,1ZUE,86.31,0.692300,1.00,-2901.847,238.900,0.326020,0.745890
676,1ZUF,77.98,0.606900,1.00,-2901.847,238.900,0.273893,0.642540
677,1ZUV,82.50,0.638100,1.00,-1835.403,205.017,0.282778,0.573220
678,1ZWA,41.91,0.551000,1.00,-2765.277,56.849,0.939441,0.313570
679,1ZWB,45.83,0.571900,1.00,-3002.133,51.593,1.028103,0.424200
680,1ZWC,47.97,0.586400,1.00,-2967.071,60.770,0.689704,0.360780
681,1ZWD,45.71,0.576300,1.00,-2827.796,72.415,0.669547,0.333930
682,1ZWE,48.53,0.556000,1.00,-2824.665,58.031,0.699630,0.397750
683,1ZWU,85.83,0.718200,1.00,-1879.878,124.342,0.130835,0.614040
684,2A1C,75.00,0.572900,1.00,-1270.385,59.502,0.319934,0.343430
685,2A2B,40.85,0.575100,1.00,-2020.520,177.231,0.895083,0.360310
686,2A2V,89.71,0.699300,1.00,-2173.198,209.005,0.173526,0.701710
687,2A51,78.21,0.707900,1.00,-2471.131,193.294,0.200404,0.568480
688,2AAP,86.76,0.719600,1.00,-2434.545,185.575,0.257732,0.709390
689,2AB3,87.07,0.714000,1.00,-1855.055,133.896,0.155117,0.622350
690,2AB7,93.10,0.713400,1.00,-1890.361,131.960,0.100850,0.665760
691,2AB9,38.71,0.492700,1.00,-1208.812,308.529,1.078193,0.238850
692,2ADX,51.88,0.522900,1.00,-2534.497,278.398,0.534133,0.339260
693,2AJJ,86.61,0.684100,1.00,-2112.885,43.372,0.174739,0.601350
694,2AJM,83.93,0.728000,1.00,-2112.885,43.372,0.215005,0.589040
695,2AJN,86.61,0.699200,1.00,-2112.885,43.372,0.152016,0.617850
696,2AJO,83.93,0.728000,1.00,-2112.885,43.372,0.215005,0.589040
697,2AJW,77.27,0.670800,1.00,-1043.301,165.729,0.328275,0.342780
698,2AK0,67.39,0.647600,1.00,-1201.179,116.141,0.360624,0.377290
699,2AMN,57.69,0.609100,1.00,-1935.883,41.527,0.525631,0.307420
700,2AP7,88.75,0.784600,1.00,-1000.479,25.881,0.174970,0.427300
701,2AP8,90.00,0.792000,1.00,-1000.479,25.881,0.194248,0.474350
702,2ARI,57.05,0.556100,1.00,-2323.232,57.287,0.792655,0.471220
703,2ATG,83.33,0.674900,1.00,-895.516,72.928,0.212747,0.301670
704,2AXK,86.18,0.713800,1.00,-3068.142,160.509,0.130325,0.709470
705,2B0Y,75.00,0.536700,1.00,-961.962,54.354,0.314604,0.277080
706,2B19,59.72,0.626300,1.00,-1989.282,187.988,0.418998,0.412690
707,2B38,89.52,0.752100,1.00,-2000.035,125.443,0.120273,0.695660
708,2B4N,54.76,0.548900,1.00,-3065.705,106.602,0.753935,0.491830
709,2B5B,34.72,0.427600,1.00,-2266.953,180.826,0.899627,0.240820
710,2B5P,59.09,0.468000,1.00,-470.421,49.879,0.265493,0.144890
711,2B5Q,70.45,0.486300,1.00,-470.421,49.879,0.381658,0.233500
712,2B68,89.53,0.729500,1.00,-3079.114,299.248,0.152224,0.775330
713,2B9K,68.62,0.597600,1.00,-3919.287,230.814,0.652349,0.516420
714,2BAI,46.88,0.465200,1.00,-1731.001,123.455,0.708234,0.329950
715,2BAO,90.00,0.694400,1.00,-541.551,16.668,0.121072,0.597410
716,2BAU,82.50,0.634200,1.00,-541.551,16.668,0.264237,0.395050
717,2BBG,63.12,0.507500,1.00,-2992.691,223.826,0.616267,0.456570
718,2BBL,32.95,0.488100,1.00,-600.165,156.809,0.895227,0.161930
719,2BBP,31.82,0.501300,1.00,-600.165,156.809,1.020779,0.175960
720,2BBX,81.63,0.726300,1.00,-2530.525,239.041,0.223226,0.716320
723,2BDS,80.23,0.644300,1.00,-3246.951,227.701,0.177776,0.670090
724,2BEY,75.00,0.683300,1.00,-482.936,79.453,0.545892,0.347590
725,2BL6,45.95,0.459200,1.00,-2000.302,219.770,0.658998,0.302750
726,2BMT,98.65,0.771600,1.00,-3069.438,165.725,0.060292,0.892970
727,2BN6,76.52,0.611400,1.00,-2633.558,100.063,0.270333,0.556590
728,2BP4,32.81,0.365900,1.00,-436.617,115.963,0.664887,0.194270
729,2BTG,87.77,0.744800,1.00,-3697.207,191.806,0.278010,0.782360
730,2BTH,85.11,0.729100,1.00,-3697.207,191.806,0.328411,0.755520
731,2C6A,82.07,0.698700,1.00,-3114.359,229.243,0.327958,0.691840
732,2C6B,83.15,0.720700,1.00,-3114.359,229.243,0.245516,0.719510
733,2CBH,100.00,0.864300,1.00,-2358.518,233.252,0.047115,0.927410
734,2CEF,32.89,0.519200,1.00,-625.083,103.002,0.929297,0.118600
735,2CEH,34.21,0.555900,1.00,-625.083,103.002,0.819211,0.204040
736,2CEZ,32.89,0.525100,1.00,-625.083,103.002,0.766866,0.186900
737,2CFJ,34.21,0.531300,1.00,-625.083,103.002,1.108327,0.149160
738,2CK4,85.53,0.731800,1.00,-2945.262,185.302,0.128853,0.695950
739,2CK5,89.52,0.726400,1.00,-2035.253,139.909,0.128887,0.653450
740,2CQ7,72.45,0.716200,1.00,-2781.082,224.299,0.486297,0.619720
741,2CRD,90.54,0.711100,1.00,-2845.755,158.873,0.124401,0.757750
742,2CSA,30.26,0.528300,1.00,-486.063,107.770,1.057917,0.150950
743,2CTI,97.41,0.786000,1.00,-1926.373,146.606,0.070374,0.785120
744,2CYU,77.50,0.584200,1.00,-3144.779,111.029,0.376090,0.630690
745,2DCI,63.75,0.605100,1.00,-1092.345,71.993,0.399566,0.266140
746,2DCO,42.65,0.388800,1.00,-2776.813,160.428,0.842586,0.280710
747,2DCV,85.71,0.710100,1.00,-2947.669,204.920,0.193962,0.730250
748,2DCW,88.69,0.667400,1.00,-3001.664,151.195,0.140269,0.759640
749,2DDL,68.94,0.617700,1.00,-2691.510,102.762,0.349370,0.401350
750,2DI2,70.69,0.662500,1.00,-1252.722,156.191,0.438087,0.522140
751,2DJ9,71.74,0.589400,1.00,-1115.827,94.372,0.489638,0.334760
752,2DJC,81.52,0.719600,1.00,-1087.457,132.527,0.418210,0.471100
753,2DMV,70.93,0.727300,1.00,-2317.533,211.014,0.571811,0.600800
754,2DQ5,79.79,0.662700,1.00,-3599.345,270.953,0.422187,0.708500
755,2DTB,81.73,0.793100,1.00,-1819.782,29.309,0.179295,0.591400
756,2DWF,72.79,0.574700,1.00,-3016.325,143.797,0.302494,0.541950
757,2DX2,86.36,0.615900,1.00,-623.204,32.374,0.218528,0.397150
758,2DX3,77.78,0.642500,1.00,-1100.196,36.946,0.192470,0.272970
759,2DX4,33.33,0.375300,1.00,-1100.196,36.946,0.811919,0.121000
760,2E1X,71.30,0.627300,1.00,-1227.354,195.657,0.481269,0.442070
761,2E2F,85.98,0.708000,1.00,-3152.098,212.542,0.140736,0.743500
762,2E3E,47.22,0.508200,1.00,-3108.221,278.005,0.737802,0.367860
763,2E3F,55.81,0.512400,1.00,-2865.606,303.877,0.713994,0.427130
764,2E3G,65.62,0.566700,1.00,-3051.937,171.628,0.503723,0.495190
765,2E4E,100.00,0.822300,1.00,-395.126,35.088,0.044050,0.612390
766,2E5T,83.15,0.624200,1.00,-3619.085,140.463,0.129591,0.749680
767,2E5U,51.25,0.604200,1.00,-2891.561,86.665,0.528231,0.438140
768,2E72,67.86,0.668500,1.00,-2611.020,276.839,0.829572,0.589730
769,2EBQ,71.28,0.695000,1.00,-2343.057,315.311,0.513172,0.607920
770,2EBR,70.74,0.743400,1.00,-2169.100,287.071,0.572567,0.619510
771,2EC7,68.88,0.575200,1.00,-2469.291,290.818,0.350480,0.577790
772,2EEM,92.65,0.775000,1.00,-2638.603,171.220,0.097793,0.767200
773,2EFZ,68.75,0.605300,1.00,-1036.685,61.020,0.390915,0.289690
774,2EKK,92.02,0.774000,1.00,-3989.620,131.670,0.221161,0.827090
775,2EL4,66.30,0.754700,1.00,-2265.685,211.678,0.762014,0.548480
776,2EL5,72.62,0.741300,1.00,-2102.339,197.965,0.706130,0.643090
777,2EL6,71.74,0.711600,1.00,-2276.302,218.133,0.429006,0.608180
778,2ELM,73.65,0.722800,1.00,-2129.530,175.519,0.525157,0.622530
779,2ELN,80.92,0.814000,1.00,-2310.326,131.538,0.528967,0.718270
780,2ELO,77.03,0.743400,1.00,-2135.885,151.166,0.339376,0.579130
781,2ELP,81.08,0.757400,1.00,-2353.219,159.044,0.236648,0.642120
782,2ELQ,79.86,0.743900,1.00,-1896.671,141.924,0.403157,0.675460
783,2ELR,77.78,0.796400,1.00,-1588.697,130.474,0.527914,0.638520
784,2ELS,81.94,0.793200,1.00,-2196.152,164.024,0.387745,0.709490
785,2ELT,79.17,0.823500,1.00,-1960.295,117.643,0.556648,0.705300
786,2ELU,75.00,0.752800,1.00,-2013.869,197.144,0.575830,0.619780
787,2ELV,81.94,0.749100,1.00,-1984.828,154.124,0.344747,0.692340
788,2ELW,79.05,0.740600,1.00,-1964.464,172.092,0.318465,0.620170
789,2ELX,90.00,0.822500,1.00,-1953.257,169.898,0.203309,0.782340
790,2ELY,70.11,0.736900,1.00,-2083.464,210.378,0.729424,0.566460
791,2ELZ,60.33,0.687800,1.00,-2103.094,205.058,0.888519,0.555630
792,2EM0,64.67,0.680700,1.00,-2124.025,264.587,0.635923,0.540450
793,2EM1,68.18,0.752000,1.00,-2049.331,189.801,0.697994,0.592010
794,2EM2,67.39,0.691600,1.00,-2131.003,241.223,0.592001,0.547390
795,2EM3,62.50,0.686000,1.00,-2116.689,283.338,0.782590,0.564110
796,2EM4,64.13,0.731400,1.00,-2033.245,260.734,1.200522,0.553670
797,2EM5,70.65,0.746400,1.00,-2086.103,223.143,0.445000,0.573040
798,2EM6,65.22,0.745700,1.00,-2055.036,219.441,0.652679,0.594880
799,2EM7,71.20,0.693900,1.00,-2060.443,266.243,0.592831,0.566410
800,2EM8,65.76,0.724900,1.00,-2014.127,256.742,0.998522,0.586840
801,2EM9,68.48,0.775000,1.00,-2095.609,201.602,0.620001,0.598850
802,2EMA,62.50,0.679600,1.00,-2146.865,255.071,0.808987,0.546300
803,2EMB,64.20,0.615500,1.00,-2243.826,211.944,0.825350,0.563940
804,2EMC,67.39,0.797500,1.00,-2070.016,265.795,0.763920,0.610660
805,2EME,63.04,0.730500,1.00,-2295.397,200.460,0.693489,0.561890
806,2EMF,66.85,0.733600,1.00,-2078.532,208.931,0.942639,0.596010
807,2EMG,63.59,0.703100,1.00,-2349.556,213.679,0.695085,0.576280
808,2EMH,65.76,0.709200,1.00,-2294.056,219.412,0.689096,0.572430
809,2EMI,62.50,0.683400,1.00,-2150.251,231.840,0.584486,0.516640
810,2EMJ,66.30,0.701700,1.00,-2038.566,208.037,0.864642,0.589180
811,2EMK,64.13,0.712800,1.00,-2121.378,243.957,0.682666,0.553930
812,2EML,65.76,0.749600,1.00,-1963.212,233.484,0.870877,0.583340
813,2EMM,67.39,0.741400,1.00,-2062.372,214.770,0.668886,0.572970
814,2EMP,64.13,0.681100,1.00,-2089.655,260.078,0.878865,0.586250
815,2EMV,69.32,0.748500,1.00,-2098.705,196.792,0.537903,0.603300
816,2EMW,65.91,0.708400,1.00,-2128.767,179.788,0.828887,0.589510
817,2EMX,77.84,0.794700,1.00,-2000.656,196.755,0.351132,0.670350
818,2EMY,68.48,0.783500,1.00,-2280.412,189.340,0.511820,0.567320
819,2EMZ,75.00,0.758400,1.00,-2097.911,233.959,0.429834,0.655940
820,2EN0,71.43,0.786700,1.00,-2022.604,242.643,0.519168,0.628070
821,2EN1,64.67,0.746200,1.00,-1823.794,238.779,1.033065,0.588470
822,2EN2,69.05,0.772800,1.00,-2116.790,207.803,0.914614,0.606730
823,2EN3,73.37,0.718300,1.00,-2539.435,208.618,0.448010,0.598680
824,2EN4,63.59,0.694800,1.00,-2068.386,225.883,0.564185,0.541810
825,2EN6,69.57,0.752200,1.00,-2176.810,182.358,0.633159,0.599090
826,2EN7,65.91,0.681300,1.00,-2139.490,195.805,0.608253,0.530850
827,2EN8,67.93,0.717600,1.00,-2219.097,244.055,0.603755,0.593150
828,2EN9,65.22,0.733500,1.00,-1774.706,235.657,0.778610,0.579190
829,2ENA,58.70,0.734100,1.00,-2070.545,262.046,1.288398,0.519680
830,2ENC,64.13,0.723200,1.00,-2061.177,233.169,0.834695,0.540740
831,2ENE,61.96,0.700100,1.00,-2140.500,215.140,0.724165,0.550000
832,2ENF,67.93,0.727500,1.00,-2055.081,251.659,0.470626,0.580360
833,2ENH,61.41,0.720100,1.00,-2053.793,226.910,0.826953,0.537780
834,2ENT,65.10,0.749700,1.00,-2505.965,254.485,0.742667,0.608630
835,2EOE,61.41,0.701700,1.00,-2162.560,170.461,0.729013,0.525600
836,2EOF,74.43,0.779900,1.00,-2031.700,193.163,0.411298,0.611010
837,2EOG,67.05,0.728500,1.00,-2243.289,176.539,0.687906,0.565020
838,2EOH,64.67,0.649200,1.00,-1950.879,262.556,0.616376,0.531700
839,2EOI,69.32,0.702700,1.00,-2180.903,230.437,0.653905,0.584750
840,2EOJ,61.36,0.741000,1.00,-1972.796,277.710,0.633723,0.530780
841,2EOK,76.19,0.750300,1.00,-2123.984,163.289,0.356582,0.645800
842,2EOL,75.60,0.746100,1.00,-1981.480,172.487,0.498562,0.622450
843,2EOM,67.39,0.756000,1.00,-1986.248,269.675,0.529938,0.570250
844,2EON,67.39,0.769100,1.00,-2049.208,186.185,0.530705,0.570010
845,2EOO,72.28,0.744200,1.00,-2395.690,188.133,0.573418,0.636270
846,2EOP,72.83,0.760900,1.00,-2093.405,196.502,0.385598,0.646350
847,2EOQ,71.20,0.727200,1.00,-2165.209,214.536,0.391944,0.595410
848,2EOR,69.02,0.749300,1.00,-2023.760,199.038,0.493025,0.590110
849,2EOS,65.48,0.737700,1.00,-2250.054,192.848,0.656607,0.554110
850,2EOU,61.93,0.750400,1.00,-1840.316,177.845,1.089016,0.575430
851,2EOV,63.59,0.731900,1.00,-2244.001,218.903,0.684333,0.548870
852,2EOW,65.76,0.737400,1.00,-1986.869,215.363,0.650375,0.573550
853,2EOX,61.36,0.670500,1.00,-2225.740,207.846,0.736376,0.531180
854,2EOY,59.78,0.657400,1.00,-2257.544,209.157,1.011259,0.488650
855,2EOZ,70.65,0.728600,1.00,-2303.654,231.515,0.576772,0.595820
856,2EP0,73.91,0.745600,1.00,-2120.866,251.249,0.360941,0.641220
857,2EP1,69.57,0.752900,1.00,-2054.787,217.290,0.482958,0.600460
858,2EP2,71.74,0.775800,1.00,-2087.185,217.307,0.424054,0.629590
859,2EP3,69.57,0.735500,1.00,-2128.742,255.595,0.612504,0.609790
860,2EPC,61.31,0.656400,1.00,-1959.298,203.773,1.012003,0.548210
861,2EPQ,55.56,0.667400,1.00,-2337.677,229.835,0.925964,0.454620
862,2EPR,52.08,0.678600,1.00,-2310.798,291.697,0.940342,0.458700
863,2EPT,63.41,0.676400,1.00,-1915.250,224.443,0.670080,0.543080
864,2EPU,69.44,0.743300,1.00,-2084.498,202.852,0.790945,0.593190
865,2EPV,68.18,0.794700,1.00,-2171.705,201.197,0.648731,0.598640
866,2EPW,59.78,0.664400,1.00,-2232.863,211.290,0.801516,0.507280
867,2EPX,64.89,0.670900,1.00,-2575.105,193.530,1.137251,0.578210
868,2EPY,67.86,0.745900,1.00,-1790.894,216.510,0.703852,0.585560
869,2EPZ,70.65,0.715400,1.00,-1971.073,255.638,0.521273,0.602870
870,2EQ0,60.33,0.713100,1.00,-2193.405,203.820,0.732672,0.531130
871,2EQ1,61.41,0.676700,1.00,-1984.495,192.694,0.718829,0.507030
872,2EQ2,55.43,0.620700,1.00,-1983.199,243.810,0.821783,0.470400
873,2EQ3,61.96,0.698900,1.00,-1899.642,209.939,0.649411,0.515520
874,2EQ4,53.26,0.613700,1.00,-1974.697,269.302,0.710495,0.436970
875,2EQE,64.06,0.755000,1.00,-2574.580,348.541,0.712938,0.570060
876,2EQF,64.67,0.613100,1.00,-2415.941,292.170,0.841886,0.569540
877,2EQG,75.00,0.749700,1.00,-2746.145,255.955,0.483834,0.706110
878,2EQH,78.26,0.706100,1.00,-1097.802,134.324,0.292255,0.353490
879,2EQQ,67.86,0.590100,1.00,-1557.774,141.305,0.411090,0.398220
880,2EQT,67.86,0.627000,1.00,-1557.774,141.305,0.512980,0.487130
881,2EQW,67.86,0.686600,1.00,-2154.886,211.056,0.540229,0.562510
882,2ERI,91.13,0.747200,1.00,-2192.590,255.195,0.217757,0.761200
883,2ESX,60.53,0.487600,1.00,-852.884,101.977,0.340918,0.187520
884,2ESZ,60.53,0.466800,1.00,-852.884,101.977,0.360671,0.207650
885,2ETI,81.25,0.662600,1.00,-1950.870,166.257,0.211722,0.516980
886,2EVQ,93.75,0.794600,1.00,-560.232,39.030,0.110877,0.494640
887,2EYA,90.22,0.759600,1.00,-3680.399,176.691,0.107554,0.826510
888,2EYB,91.85,0.777900,1.00,-3680.399,176.691,0.124005,0.837740
889,2EYC,84.78,0.742900,1.00,-3680.399,176.691,0.171325,0.765570
890,2EYD,87.50,0.770700,1.00,-3680.399,176.691,0.184950,0.774850
891,2F2I,92.24,0.788800,1.00,-1780.406,153.259,0.106936,0.678130
892,2F2J,95.69,0.757500,1.00,-1680.270,200.347,0.089063,0.727040
893,2F5H,60.14,0.470800,1.00,-2399.926,214.745,0.445994,0.445510
896,2FJ4,64.19,0.565800,1.00,-2399.926,214.745,0.337623,0.525220
897,2FJ5,67.57,0.563200,1.00,-2399.926,214.745,0.290582,0.481530
898,2FQA,71.30,0.577400,1.00,-1799.393,134.001,0.307128,0.414490
899,2FR9,94.23,0.728200,1.00,-706.094,69.953,0.092034,0.478850
900,2FRB,57.69,0.532600,1.00,-588.937,94.070,0.350415,0.208790
901,2FXY,81.94,0.687500,1.00,-1163.509,32.941,0.267501,0.473740
902,2FXZ,86.54,0.672600,1.00,-793.761,14.268,0.220491,0.540560
903,2G6U,48.33,0.487300,1.00,-746.699,41.001,0.580510,0.262170
904,2G9L,65.54,0.673800,1.00,-2423.707,83.461,0.508018,0.547200
905,2G9P,61.54,0.671200,1.00,-1656.103,48.113,0.424426,0.450230
906,2GD3,64.58,0.612600,1.00,-1276.400,46.620,0.453713,0.362030
907,2GDL,53.23,0.451700,1.00,-2141.783,141.988,0.522969,0.374010
908,2GFR,88.64,0.606700,1.00,-511.350,46.571,0.172584,0.383590
909,2GJ0,80.65,0.657300,1.00,-1971.118,198.796,0.286446,0.592770
910,2GL1,98.94,0.853500,1.00,-3552.909,219.356,0.049243,0.953260
911,2GOF,55.00,0.569400,1.00,-2180.996,97.142,0.578828,0.476090
912,2GOH,64.29,0.571600,1.00,-2180.996,97.142,0.480973,0.485040
913,2GP8,81.88,0.699700,1.00,-2536.796,498.410,0.265583,0.679400
914,2GQE,89.84,0.777800,1.00,-1923.477,205.532,0.162491,0.735220
915,2GW9,92.97,0.764000,1.00,-2102.466,149.979,0.144186,0.790480
916,2GWP,83.59,0.720100,1.00,-2082.493,161.599,0.211182,0.616630
917,2GX1,85.34,0.676300,1.00,-1856.349,126.691,0.146943,0.559340
918,2H1Z,91.67,0.803900,1.00,-2576.084,198.428,0.136181,0.778980
919,2H9X,73.40,0.633000,1.00,-3287.998,203.094,0.344593,0.613320
920,2HFR,67.59,0.617500,1.00,-1861.455,50.058,0.291222,0.332220
921,2HGO,62.04,0.500900,1.00,-1774.295,190.943,0.366068,0.273410
922,2HLG,97.44,0.780100,1.00,-2581.574,167.963,0.078089,0.864470
923,2HM3,66.94,0.571200,1.00,-1838.589,260.567,0.529971,0.425750
924,2HM4,36.29,0.488300,1.00,-1714.738,234.591,0.750307,0.238370
925,2HM5,62.90,0.589200,1.00,-1714.738,234.591,0.656742,0.397370
926,2HM6,37.10,0.455600,1.00,-1916.827,261.128,0.895622,0.232900
927,2HN8,83.55,0.766400,1.00,-3377.648,106.347,0.152803,0.686900
928,2I1P,81.25,0.727000,1.00,-2410.278,220.043,0.236585,0.722370
929,2I1T,76.39,0.655200,1.00,-2269.068,179.109,0.237409,0.541300
930,2I5O,89.74,0.812700,1.00,-2797.837,144.974,0.256354,0.794760
931,2I9M,89.71,0.777000,1.00,-1205.770,12.521,0.122005,0.473070
932,2I9N,51.52,0.627000,1.00,-1722.822,126.557,0.790020,0.389940
933,2I9O,51.35,0.575900,1.00,-1613.614,252.062,0.563138,0.366800
934,2IFJ,56.25,0.507300,1.00,-593.029,54.663,0.421436,0.247760
935,2IGU,75.00,0.554600,1.00,-690.457,52.148,0.246798,0.316720
936,2IH6,56.82,0.519200,1.00,-478.963,54.500,0.413889,0.155260
937,2IMU,53.26,0.671000,1.00,-2711.561,180.381,0.531384,0.415970
938,2IT7,99.11,0.858300,1.00,-2021.047,94.335,0.053406,0.840230
939,2IV4,29.69,0.443900,1.00,-294.189,61.444,0.736391,0.139830
940,2IV5,81.52,0.726600,1.00,-1242.004,43.002,0.179472,0.390870
941,2IV6,46.74,0.574100,1.00,-1201.568,45.593,0.764912,0.244870
942,2IWJ,42.59,0.468800,1.00,-1175.222,162.088,0.702715,0.258640
943,2J15,65.00,0.594100,1.00,-599.945,92.886,0.337649,0.250040
944,2J8P,54.08,0.547900,1.00,-4134.135,137.115,0.818383,0.456920
945,2JM0,89.29,0.739200,1.00,-3075.690,112.386,0.135676,0.688350
946,2JM2,23.89,0.476300,1.00,-1007.307,344.805,1.309899,0.300690
947,2JM4,88.95,0.734200,1.00,-2342.297,277.108,0.196463,0.779590
948,2JMY,93.33,0.698900,1.00,-903.591,31.244,0.115126,0.524830
949,2JN5,43.75,0.488100,1.00,-708.353,18.663,0.558190,0.209570
950,2JNH,82.61,0.684100,1.00,-4281.753,148.790,0.256045,0.706740
951,2JNI,90.48,0.724900,1.00,-1462.367,121.051,0.104600,0.390050
952,2JOC,65.54,0.592400,1.00,-2397.713,158.912,0.380437,0.478320
953,2JOF,92.50,0.749100,1.00,-903.664,112.477,0.147192,0.434300
954,2JOS,85.23,0.633700,1.00,-1564.198,25.776,0.199982,0.441920
955,2JOU,44.85,0.311100,1.00,-2934.393,171.735,1.023471,0.332420
956,2JP6,60.81,0.568900,1.00,-1858.704,247.942,0.943145,0.418270
957,2JPJ,51.28,0.670400,1.00,-2437.582,53.950,0.563099,0.359600
958,2JPK,54.29,0.621600,1.00,-2466.650,84.053,0.985058,0.431850
959,2JPL,50.64,0.631400,1.00,-2437.582,53.950,0.577372,0.377850
960,2JPM,52.14,0.625500,1.00,-2466.650,84.053,0.521236,0.391800
961,2JPW,34.38,0.472300,1.00,-984.657,201.093,0.938997,0.228970
962,2JPX,65.71,0.664100,1.00,-2232.527,79.245,0.603850,0.555400
963,2JQ2,54.17,0.515900,1.00,-482.705,61.906,0.510685,0.265670
964,2JQB,53.33,0.593400,1.00,-606.340,81.691,0.518412,0.221490
965,2JQC,51.67,0.454200,1.00,-606.340,81.691,0.410674,0.173700
966,2JQW,51.47,0.459800,1.00,-844.835,125.065,0.478842,0.138900
967,2JR3,39.88,0.408100,1.00,-3071.511,219.951,0.925449,0.338300
968,2JR8,52.98,0.542700,1.00,-2179.127,127.262,0.932858,0.493940
969,2JRD,61.11,0.566100,1.00,-1168.862,92.726,0.744645,0.362060
970,2JRV,50.00,0.497500,1.00,-767.297,76.554,0.601487,0.243280
971,2JRW,56.52,0.504300,1.00,-1182.836,121.752,0.362782,0.207040
972,2JRY,51.09,0.423900,1.00,-3225.567,239.481,0.738649,0.422030
973,2JSB,80.95,0.674100,1.00,-1459.352,101.079,0.197903,0.247440
974,2JTA,35.00,0.464400,1.00,-290.013,42.839,0.689681,0.290990
975,2JTB,93.94,0.728600,1.00,-2253.726,169.735,0.099219,0.746350
976,2JTU,68.42,0.554700,1.00,-2306.680,191.762,0.340571,0.514130
977,2JTW,66.00,0.668500,1.00,-1599.498,81.171,0.377704,0.495620
978,2JUE,32.76,0.289900,1.00,-1942.868,187.530,0.796682,0.170020
979,2JUI,67.42,0.654800,1.00,-1899.159,91.435,0.483932,0.405630
980,2JUQ,69.23,0.522600,1.00,-758.783,39.530,0.294419,0.327500
981,2JUR,67.31,0.532500,1.00,-564.043,84.675,0.372464,0.268760
982,2JUS,88.46,0.695200,1.00,-724.866,53.429,0.113743,0.411530
983,2JUT,76.92,0.591200,1.00,-697.316,64.069,0.256006,0.375420
984,2JUY,61.61,0.552300,1.00,-2101.668,138.944,0.408940,0.319080
985,2JVX,91.07,0.765500,1.00,-1961.631,158.306,0.166155,0.729410
986,2JVY,85.71,0.698400,1.00,-1999.765,125.820,0.244657,0.621500
987,2JWG,87.50,0.727500,1.00,-2840.799,183.136,0.164416,0.794860
988,2JWH,61.98,0.621500,1.00,-1988.640,295.556,0.978972,0.541820
989,2JWM,87.07,0.755100,1.00,-1877.182,198.219,0.260897,0.693030
990,2JXF,84.17,0.773600,1.00,-2653.189,60.588,0.182988,0.672890
991,2JY0,69.44,0.623500,1.00,-1610.239,85.298,0.315685,0.394740
992,2JYD,73.91,0.685900,1.00,-2047.470,349.265,0.372030,0.629680
993,2JYP,22.92,0.376600,1.00,-1902.900,195.197,1.066299,0.163560
994,2K10,57.81,0.661800,1.00,-2034.779,59.559,0.468560,0.313310
995,2K1A,55.95,0.747200,1.00,-2761.778,133.008,0.662771,0.531790
996,2K1I,89.84,0.702800,1.00,-1948.641,168.041,0.146315,0.669700
997,2K1P,81.06,0.717300,1.00,-1927.228,187.022,0.311115,0.630060
998,2K2Y,82.69,0.670900,1.00,-3173.275,154.801,0.180717,0.680430
999,2K2Z,73.08,0.602900,1.00,-2248.351,170.378,0.436225,0.600560
1000,2K44,52.68,0.624300,1.00,-2323.524,67.686,0.724712,0.368760
1001,2K4U,91.22,0.729600,1.00,-2751.845,142.673,0.110772,0.763020
1004,2K6O,68.92,0.722500,1.00,-2921.746,96.689,0.272564,0.620630
1005,2K6R,80.17,0.608300,1.00,-2114.583,180.768,0.257536,0.505830
1006,2K72,91.89,0.729400,1.00,-3483.780,161.931,0.139105,0.773510
1007,2K76,88.33,0.759800,1.00,-2142.209,84.294,0.130140,0.611900
1008,2K7G,100.00,0.839400,1.00,-2060.498,153.762,0.057944,0.823600
1009,2K7Y,35.00,0.485600,1.00,-2880.372,309.463,0.943453,0.320310
1010,2K84,55.83,0.609800,1.00,-1659.566,165.277,0.478761,0.454760
1012,2K98,59.38,0.631500,1.00,-1318.182,59.651,0.743895,0.343820
1013,2K9D,75.00,0.643200,1.00,-4695.972,113.340,0.171615,0.629620
1014,2K9O,71.53,0.561500,1.00,-2253.518,150.771,0.341466,0.503710
1015,2KAM,75.00,0.739700,1.00,-1849.165,45.185,0.226624,0.598320
1016,2KB8,73.65,0.674500,1.00,-2052.945,150.602,0.249417,0.509080
1017,2KB9,78.98,0.645600,1.00,-2812.756,449.846,0.226032,0.659160
1018,2KBL,63.79,0.627900,1.00,-1754.558,198.814,0.373724,0.368880
1019,2KCF,75.69,0.675000,1.00,-2160.232,241.931,0.361735,0.582250
1020,2KCG,97.50,0.786500,1.00,-2061.355,205.864,0.072831,0.778040
1021,2KCH,96.55,0.803400,1.00,-1981.631,204.770,0.078239,0.745040
1023,2KDT,40.00,0.494600,1.00,-2685.705,204.822,0.692600,0.385250
1024,2KE3,43.02,0.514000,1.00,-2717.091,193.506,0.656111,0.370110
1025,2KEF,77.00,0.622900,1.00,-1597.167,109.907,0.333950,0.388660
1026,2KEG,64.06,0.647300,1.00,-1900.448,117.775,0.499476,0.508680
1027,2KEH,64.84,0.593400,1.00,-1900.448,117.775,0.418891,0.430260
1028,2KES,80.21,0.784500,1.00,-3596.550,119.374,0.227045,0.677830
1029,2KFE,68.75,0.732600,1.00,-1592.616,101.296,0.258585,0.354180
1030,2KFQ,35.94,0.348400,1.00,-2422.552,79.382,0.855797,0.337930
1031,2KGH,39.74,0.446800,1.00,-2429.869,247.419,0.930157,0.305350
1032,2KGN,76.04,0.649900,1.00,-1424.942,98.547,0.263150,0.300900
1033,2KGU,90.71,0.776300,1.00,-1913.957,227.225,0.141735,0.761080
1034,2KHB,88.79,0.730900,1.00,-1874.949,175.117,0.170565,0.674200
1035,2KHF,67.00,0.652100,1.00,-1667.931,54.894,0.305056,0.342980
1036,2KHG,75.00,0.639800,1.00,-1667.931,54.894,0.238948,0.401500
1037,2KI0,75.00,0.657800,1.00,-2523.152,170.583,0.311822,0.536570
1038,2KI9,56.82,0.632200,1.00,-2693.552,54.167,0.496381,0.370820
1039,2KIO,56.82,0.601000,1.00,-2432.091,108.367,0.654353,0.350090
1040,2KIR,70.59,0.573300,1.00,-2389.357,160.520,0.255815,0.471810
1041,2KIT,71.21,0.657800,1.00,-2432.091,108.367,0.400634,0.486640
1042,2KJM,55.00,0.517100,1.00,-2044.470,140.479,0.412627,0.350760
1043,2KJN,75.00,0.670100,1.00,-1823.539,48.376,0.331671,0.506170
1044,2KJO,66.35,0.603700,1.00,-1823.539,48.376,0.329277,0.444150
1045,2KLV,50.00,0.577800,1.00,-3395.903,78.124,0.468248,0.398710
1046,2KM9,92.00,0.705600,1.00,-1336.443,140.533,0.110079,0.552280
1047,2KMO,93.75,0.762100,1.00,-2847.889,189.547,0.122432,0.840290
1048,2KMP,84.66,0.720000,1.00,-2847.889,189.547,0.310335,0.752450
1049,2KMQ,81.25,0.705400,1.00,-2847.889,189.547,0.194793,0.664930
1050,2KMR,64.20,0.572500,1.00,-2847.889,189.547,0.967018,0.524920
1051,2KNI,86.59,0.707200,1.00,-2450.233,353.939,0.241268,0.747350
1052,2KNM,94.17,0.801400,1.00,-2061.355,205.864,0.100435,0.716750
1053,2KNP,84.09,0.686800,1.00,-1900.958,166.821,0.171337,0.646460
1054,2KNS,52.27,0.628400,1.00,-1949.449,128.351,0.682946,0.340290
1055,2KNU,59.48,0.590900,1.00,-1641.736,169.953,0.437429,0.329560
1056,2KOE,46.88,0.585000,1.00,-2792.506,119.929,0.654311,0.373770
1057,2KOZ,96.97,0.783500,1.00,-2146.955,139.976,0.087960,0.826450
1058,2KP0,90.15,0.743200,1.00,-2297.439,118.263,0.104346,0.730440
1059,2KPA,52.88,0.538100,1.00,-1667.962,72.655,0.459784,0.259070
1060,2KPB,52.88,0.527800,1.00,-1667.962,72.655,0.555983,0.308040
1061,2KSG,33.85,0.607600,1.00,-3031.117,74.411,1.519351,0.272880
1062,2KSJ,61.41,0.694800,1.00,-3395.903,78.124,0.442970,0.484390
1063,2KTC,67.65,0.557700,1.00,-1833.172,225.871,0.477092,0.441890
1064,2KTX,90.79,0.726900,1.00,-2866.774,175.941,0.153541,0.785000
1065,2KUK,93.33,0.796500,1.00,-2146.171,167.789,0.093716,0.710260
1066,2KUS,91.43,0.784100,1.00,-2244.872,147.564,0.101749,0.750040
1067,2KUX,95.00,0.795400,1.00,-2151.292,246.735,0.083908,0.748800
1068,2KUY,58.14,0.463500,1.00,-3363.707,267.980,0.860017,0.456320
1069,2KV5,68.94,0.717000,1.00,-2535.916,84.682,0.426440,0.615020
1070,2KVF,87.50,0.626100,1.00,-1974.427,95.372,0.173108,0.610150
1071,2KVG,87.04,0.729300,1.00,-1853.187,93.455,0.145677,0.538900
1072,2KVH,90.74,0.669200,1.00,-1820.061,93.229,0.175365,0.642340
1073,2KVX,94.64,0.795800,1.00,-2009.481,144.013,0.090531,0.716400
1074,2KWT,67.42,0.589900,1.00,-2797.412,110.095,0.312734,0.438340
1075,2KWY,77.91,0.763300,1.00,-2699.888,76.642,0.388846,0.721220
1076,2KWZ,51.88,0.628900,1.00,-3327.090,46.482,0.651394,0.411350
1077,2KXA,46.67,0.625300,1.00,-1747.551,50.696,1.099294,0.348290
1078,2KY3,87.12,0.714900,1.00,-2153.918,143.548,0.271826,0.695990
1079,2KYA,41.18,0.475900,1.00,-1495.687,164.262,0.882025,0.253270
1080,2KYJ,92.36,0.756300,1.00,-2166.655,204.956,0.121549,0.781240
1081,2KYK,62.18,0.504700,1.00,-2362.231,242.841,0.712752,0.462520
1082,2KZQ,64.58,0.641200,1.00,-2563.014,83.165,0.393594,0.446930
1083,2L07,79.17,0.599200,1.00,-943.039,77.454,0.198128,0.273670
1084,2L0G,85.16,0.699900,1.00,-3110.532,79.378,0.310707,0.684640
1085,2L0L,53.70,0.604800,1.00,-1596.276,64.985,0.575429,0.308980
1086,2L0M,69.44,0.641500,1.00,-1596.276,64.985,0.361484,0.351040
1087,2L0N,75.00,0.657200,1.00,-2320.133,73.328,0.226920,0.499140
1088,2L0O,60.00,0.593300,1.00,-2320.133,73.328,0.412949,0.415250
1089,2L1J,54.41,0.465900,1.00,-2307.358,207.794,0.399718,0.293330
1090,2L1Q,74.38,0.665800,1.00,-2334.818,261.573,0.392000,0.613080
1091,2L1X,40.38,0.536900,1.00,-2829.269,88.644,0.935221,0.356620
1092,2L2R,77.03,0.655300,1.00,-2051.716,171.227,0.530266,0.666960
1093,2L36,62.50,0.677600,1.00,-1277.004,47.317,0.409924,0.315710
1094,2L37,88.95,0.694500,1.00,-3492.669,113.482,0.204591,0.788030
1095,2L3H,37.82,0.457600,1.00,-2401.056,126.054,1.010658,0.275860
1096,2L3I,62.50,0.570600,1.00,-2175.110,84.413,0.397221,0.498400
1097,2L44,89.47,0.595100,1.00,-817.797,74.814,0.140339,0.292420
1098,2L4G,62.04,0.658800,1.00,-1367.957,94.271,0.582468,0.385630
1099,2L4J,67.93,0.625400,1.00,-2685.120,292.506,0.426138,0.555240
1100,2L4U,58.33,0.595700,1.00,-1424.942,98.547,0.422024,0.298780
1101,2L5I,34.52,0.461700,1.00,-1048.710,177.260,0.739937,0.141880
1102,2L5J,41.67,0.455000,1.00,-1048.710,177.260,0.546202,0.079830
1103,2L5R,82.61,0.798700,1.00,-1466.061,29.268,0.171139,0.381060
1104,2L61,63.46,0.522200,1.00,-1324.987,112.903,0.329644,0.262070
1105,2L62,67.31,0.608100,1.00,-1324.987,112.903,0.427243,0.341030
1106,2L63,60.61,0.658400,1.00,-2548.299,71.537,0.456421,0.396350
1107,2L64,62.12,0.628700,1.00,-2548.299,71.537,0.379132,0.443150
1108,2L6S,46.25,0.474400,1.00,-1036.923,92.030,0.581963,0.101930
1109,2L6T,57.50,0.480600,1.00,-1036.923,92.030,0.502717,0.133550
1110,2L70,62.50,0.658900,1.00,-3065.705,106.602,0.392603,0.488630
1111,2L71,66.07,0.636400,1.00,-3065.705,106.602,0.596652,0.558220
1112,2L77,53.21,0.601500,1.00,-2336.154,133.596,0.875181,0.422280
1113,2L79,48.72,0.512300,1.00,-2336.154,133.596,0.569360,0.337080
1114,2L7C,80.26,0.608400,1.00,-1279.841,40.021,0.230492,0.331190
1115,2L7T,65.91,0.535000,1.00,-434.324,56.588,0.321969,0.250300
1116,2L87,36.11,0.490500,1.00,-1002.978,144.738,0.663453,0.316780
1117,2L8E,68.37,0.658300,1.00,-3097.194,178.042,0.516453,0.603710
1118,2L91,77.91,0.736000,1.00,-3272.507,108.303,0.232772,0.692920
1122,2L9G,90.79,0.766700,1.00,-1349.646,36.112,0.104990,0.336990
1123,2L9X,59.17,0.600200,1.00,-1987.022,139.194,0.450082,0.337300
1124,2L9Z,64.10,0.702800,1.00,-2435.841,193.872,0.627163,0.519100
1125,2LA0,70.83,0.652000,1.00,-2142.692,28.318,0.369513,0.423440
1126,2LAM,87.07,0.747300,1.00,-2057.260,168.912,0.228191,0.719360
1127,2LAQ,40.97,0.448900,1.00,-1925.739,155.841,0.639554,0.238590
1128,2LAT,69.59,0.729800,1.00,-2945.364,80.863,0.391920,0.515110
1129,2LB7,75.57,0.655800,1.00,-3048.177,227.444,0.219109,0.626710
1130,2LBG,87.96,0.865100,1.00,-1193.376,19.127,0.115735,0.540570
1131,2LBZ,47.58,0.477200,1.00,-2309.787,74.376,0.561600,0.313650
1132,2LCM,73.21,0.705300,1.00,-2012.299,75.674,0.329390,0.448570
1133,2LDE,57.00,0.472000,1.00,-1745.464,105.479,0.733715,0.247260
1134,2LDF,75.00,0.606700,1.00,-1753.580,117.140,0.284898,0.434860
1135,2LDJ,78.75,0.626600,1.00,-1220.199,60.388,0.225394,0.315550
1136,2LDS,76.39,0.602000,1.00,-2161.145,255.347,0.247404,0.550850
1137,2LE3,67.86,0.716000,1.00,-2842.739,142.583,0.354178,0.521190
1138,2LE7,61.25,0.588900,1.00,-1353.927,46.095,0.481317,0.263070
1139,2LER,56.82,0.501800,1.00,-396.978,68.393,0.298956,0.165850
1140,2LET,88.39,0.729100,1.00,-1888.295,101.155,0.125833,0.581990
1141,2LEU,49.32,0.556600,1.00,-1842.430,215.928,0.654961,0.339920
1142,2LEW,82.81,0.667700,1.00,-1926.371,234.165,0.261963,0.610320
1143,2LEY,87.50,0.710900,1.00,-2002.403,155.405,0.194881,0.693920
1144,2LFM,26.88,0.425000,1.00,-1487.029,276.819,1.520889,0.217250
1145,2LG4,95.00,0.815300,1.00,-2720.175,205.090,0.111349,0.864510
1146,2LG5,75.69,0.631900,1.00,-2616.593,211.100,0.315064,0.571120
1147,2LG6,88.19,0.708100,1.00,-2805.443,179.256,0.250349,0.725850
1148,2LI3,50.83,0.487300,1.00,-2433.132,121.354,0.629875,0.370540
1149,2LIC,38.57,0.454700,1.00,-1631.026,188.709,0.770791,0.223450
1150,2LID,27.14,0.523400,1.00,-1202.492,238.170,0.782575,0.203200
1151,2LIF,81.48,0.735700,1.00,-1809.846,85.493,0.240436,0.518150
1152,2LIX,64.81,0.531400,1.00,-1865.064,155.970,0.361711,0.425590
1153,2LIY,66.11,0.587700,1.00,-3007.596,237.642,0.337565,0.545060
1154,2LJ7,79.26,0.683300,1.00,-3448.468,254.593,0.255512,0.688020
1155,2LJQ,43.24,0.547000,1.00,-1344.589,259.331,1.096272,0.331180
1156,2LJS,91.67,0.774000,1.00,-1671.069,148.656,0.257596,0.761620
1157,2LJT,45.95,0.557300,1.00,-1674.277,214.343,0.761665,0.388740
1158,2LK9,55.00,0.532700,1.00,-2200.512,63.115,0.525206,0.454640
1159,2LKE,79.17,0.628300,1.00,-1155.920,139.089,0.354807,0.429030
1160,2LKJ,62.50,0.548200,1.00,-1155.920,139.089,0.552603,0.388270
1161,2LKQ,72.92,0.648400,1.00,-1330.057,119.759,0.266645,0.279620
1162,2LL1,82.58,0.648500,1.00,-2183.006,187.457,0.235515,0.639360
1163,2LL2,42.31,0.446900,1.00,-811.076,206.926,0.617416,0.224550
1164,2LL5,95.45,0.854000,1.00,-1198.419,55.554,0.087951,0.501350
1165,2LLD,79.38,0.673700,1.00,-2650.536,234.770,0.280832,0.673950
1166,2LLM,63.37,0.716800,1.00,-2751.182,115.560,0.447041,0.466000
1167,2LLR,72.73,0.652400,1.00,-1192.067,105.997,0.299474,0.305820
1168,2LM8,36.54,0.404500,1.00,-726.396,48.024,0.682368,0.218630
1169,2LMA,79.55,0.662200,1.00,-1251.165,85.088,0.229889,0.351830
1170,2LMB,25.58,0.281100,1.00,-1610.523,262.267,1.461099,0.184320
1171,2LMF,89.13,0.739300,1.00,-1614.282,102.197,0.163072,0.502260
1172,2LMZ,84.52,0.671200,1.00,-4019.325,184.448,0.237271,0.723990
1173,2LNE,53.85,0.449200,1.00,-507.092,63.051,0.375328,0.304010
1174,2LNF,50.00,0.453100,1.00,-507.092,63.051,0.438119,0.270040
1175,2LNG,53.85,0.492500,1.00,-507.092,63.051,0.406508,0.373000
1176,2LO2,84.87,0.713800,1.00,-2308.053,199.716,0.222414,0.689820
1177,2LO3,63.64,0.636900,1.00,-2552.682,282.439,0.525880,0.523410
1178,2LO7,53.23,0.532100,1.00,-2177.532,136.009,0.693019,0.425300
1179,2LQ0,82.00,0.710800,1.00,-1728.459,66.910,0.333053,0.525000
1180,2LQ1,47.00,0.448600,1.00,-1290.919,84.289,0.717295,0.217120
1181,2LQ2,64.17,0.669500,1.00,-1374.173,115.198,0.596052,0.459370
1182,2LQA,86.49,0.720300,1.00,-2765.158,193.685,0.201037,0.714950
1183,2LQX,84.76,0.646400,1.00,-3229.321,133.988,0.296795,0.752830
1184,2LQY,77.50,0.637900,1.00,-1543.207,24.759,0.278646,0.340610
1185,2LR3,81.91,0.615400,1.00,-3276.886,208.770,0.196846,0.715530
1186,2LR5,75.66,0.639100,1.00,-2829.440,154.017,0.285828,0.596050
1187,2LR7,31.90,0.456000,1.00,-1969.685,85.307,0.944296,0.182330
1188,2LRX,58.89,0.561500,1.00,-3204.667,211.695,0.451315,0.370800
1189,2LS1,46.25,0.429300,1.00,-1005.484,95.889,0.449483,0.094440
1190,2LS2,77.00,0.728500,1.00,-1851.006,41.422,0.295667,0.482470
1191,2LS3,82.76,0.759300,1.00,-2547.407,48.840,0.183288,0.590580
1192,2LS4,63.54,0.567000,1.00,-1410.137,30.564,0.423506,0.319540
1193,2LS9,59.00,0.604300,1.00,-1361.293,45.165,0.414958,0.292240
1194,2LSA,59.78,0.646400,1.00,-1490.618,38.638,0.484856,0.214320
1195,2LSQ,72.00,0.537800,1.00,-1520.481,73.190,0.288290,0.340190
1196,2LSW,35.00,0.485000,1.00,-1465.159,226.878,1.103856,0.257560
1197,2LT8,90.48,0.783200,1.00,-3012.328,186.973,0.142530,0.774980
1198,2LTI,30.43,0.535800,1.00,-777.885,123.632,1.204193,0.146460
1200,2LU9,79.84,0.682900,1.00,-2145.954,111.023,0.228688,0.508590
1201,2LUF,81.25,0.605900,1.00,-1021.890,77.353,0.286819,0.426760
1202,2LUG,52.08,0.554900,1.00,-1433.287,215.240,0.798213,0.431360
1203,2LUR,78.45,0.657000,1.00,-1958.104,184.445,0.216024,0.500270
1204,2LUV,56.43,0.604800,1.00,-1437.871,403.560,0.655207,0.453190
1205,2LVG,64.38,0.716900,1.00,-2889.518,88.437,0.401108,0.541840
1206,2LWB,62.50,0.466500,1.00,-1602.600,83.357,0.371128,0.184470
1207,2LWL,72.96,0.649100,1.00,-2817.801,311.093,0.489569,0.619870
1208,2LWQ,90.62,0.783000,1.00,-825.979,82.673,0.160116,0.503980
1209,2LWS,68.75,0.507000,1.00,-511.013,54.322,0.272155,0.270130
1210,2LWT,91.67,0.710700,1.00,-1001.457,82.179,0.182841,0.385040
1211,2LWU,88.33,0.797100,1.00,-702.864,51.868,0.146239,0.345290
1212,2LWV,80.88,0.686700,1.00,-847.875,80.440,0.192532,0.249310
1213,2LX0,65.62,0.665100,1.00,-2892.947,72.487,0.391270,0.477220
1214,2LX4,94.12,0.769300,1.00,-1096.498,61.441,0.083442,0.474660
1215,2LX5,83.33,0.633100,1.00,-1030.803,22.854,0.305966,0.426280
1216,2LX6,35.53,0.439300,1.00,-614.315,116.795,0.838030,0.168150
1217,2LXO,51.70,0.470000,1.00,-3297.233,225.026,0.608785,0.398990
1218,2LXZ,91.41,0.737000,1.00,-2358.675,133.334,0.106877,0.708820
1219,2LYE,94.44,0.702200,1.00,-771.996,84.966,0.085534,0.397950
1220,2LYF,83.33,0.712700,1.00,-952.877,84.496,0.180615,0.302710
1221,2LZI,86.11,0.712100,1.00,-936.632,64.437,0.170152,0.302320
1222,2LZO,70.69,0.686000,1.00,-1602.116,183.096,0.328760,0.445250
1223,2LZP,70.97,0.712700,1.00,-1606.691,127.516,0.339171,0.462210
1224,2LZQ,76.92,0.749700,1.00,-2429.215,90.834,0.247063,0.649210
1225,2LZX,89.86,0.747900,1.00,-2725.411,219.380,0.190795,0.727460
1226,2LZY,85.00,0.745300,1.00,-2372.237,171.692,0.218805,0.668730
1227,2M0H,62.50,0.641900,1.00,-1505.172,52.687,0.568919,0.410100
1228,2M0S,50.00,0.550500,1.00,-1862.200,44.979,0.635015,0.357040
1229,2M0W,60.87,0.613100,1.00,-1436.347,37.684,0.632852,0.318680
1230,2M1A,91.35,0.682100,1.00,-1353.215,47.602,0.102564,0.609570
1231,2M1J,64.17,0.599700,1.00,-1919.721,92.133,0.529604,0.481040
1232,2M1P,79.17,0.619600,1.00,-753.746,69.207,0.368886,0.338400
1233,2M1T,60.23,0.606600,1.00,-1517.698,54.692,0.501648,0.274690
1234,2M2G,86.11,0.692200,1.00,-796.370,85.768,0.193560,0.388770
1235,2M2H,87.50,0.648700,1.00,-674.046,70.719,0.152406,0.304000
1236,2M2Q,97.66,0.798200,1.00,-2434.579,227.057,0.081373,0.778960
1237,2M2R,75.76,0.655300,1.00,-2306.127,205.203,0.254858,0.526170
1238,2M2S,69.44,0.661900,1.00,-640.643,71.186,0.399452,0.230410
1239,2M2X,27.78,0.281800,1.00,-959.398,11.522,1.021057,0.138370
1240,2M2Y,86.11,0.690100,1.00,-775.448,98.927,0.149031,0.270630
1241,2M36,82.89,0.710100,1.00,-2134.052,133.603,0.271681,0.683070
1242,2M37,40.79,0.548900,1.00,-678.925,116.505,0.976510,0.097330
1243,2M3F,87.50,0.727400,1.00,-1670.421,56.781,0.120992,0.462080
1244,2M3J,85.61,0.716800,1.00,-2326.517,221.279,0.195936,0.647630
1245,2M3N,73.61,0.629200,1.00,-928.503,95.689,0.225403,0.257040
1246,2M4X,75.71,0.584800,1.00,-2476.539,169.012,0.232768,0.518440
1247,2M4Z,70.00,0.575500,1.00,-2273.702,251.807,0.270801,0.450650
1248,2M50,80.00,0.675300,1.00,-2495.235,169.925,0.190459,0.613850
1249,2M5L,62.50,0.596000,1.00,-789.918,144.484,0.488331,0.193150
1250,2M5X,92.50,0.825900,1.00,-2643.639,168.301,0.183804,0.834870
1251,2M5Z,92.61,0.742100,1.00,-5394.466,153.574,0.096256,0.850860
1252,2M60,84.88,0.707700,1.00,-5828.414,91.942,0.155804,0.722570
1253,2M62,81.25,0.613000,1.00,-691.837,39.618,0.185477,0.270030
1254,2M6A,82.14,0.642200,1.00,-1910.251,81.072,0.178682,0.488690
1255,2M6O,83.33,0.745900,1.00,-3158.828,267.073,0.288757,0.751370
1256,2M6P,85.87,0.700000,1.00,-3306.128,203.729,0.296156,0.753120
1257,2M73,66.00,0.663200,1.00,-1816.535,59.269,0.314423,0.337940
1258,2M77,88.89,0.727800,1.00,-924.852,88.249,0.120817,0.428640
1259,2M78,81.94,0.753600,1.00,-992.979,79.665,0.176114,0.365680
1260,2M79,77.78,0.735100,1.00,-969.884,95.182,0.245750,0.282780
1261,2M7C,90.48,0.686800,1.00,-1192.161,61.101,0.167956,0.410360
1262,2M7D,58.75,0.654300,1.00,-1204.914,37.781,0.802676,0.353400
1263,2M7E,62.50,0.577500,1.00,-1445.728,98.260,0.455374,0.356840
1264,2M7I,39.29,0.394100,1.00,-658.109,32.189,0.663104,0.128100
1265,2M7J,39.29,0.502400,1.00,-131.218,77.918,0.942845,0.152480
1266,2M7P,80.36,0.681000,1.00,-2634.557,193.689,0.263799,0.683030
1267,2M7T,84.09,0.740400,1.00,-1920.717,206.279,0.249791,0.690740
1268,2M7X,42.11,0.572400,1.00,-2244.806,142.722,0.781624,0.331910
1269,2M8F,52.08,0.489300,1.00,-1135.225,85.461,0.714627,0.245250
1270,2M8I,84.30,0.706500,1.00,-2717.118,198.374,0.231357,0.713550
1271,2M8J,78.49,0.661200,1.00,-2783.597,241.597,0.332586,0.679930
1272,2M8M,84.82,0.755000,1.00,-2607.816,53.088,0.209589,0.576350
1273,2M8O,72.32,0.712000,1.00,-2607.816,53.088,0.233060,0.415480
1274,2M96,75.57,0.640300,1.00,-2134.630,373.353,0.537279,0.632560
1275,2M9E,90.15,0.769100,1.00,-2208.169,270.887,0.176692,0.736920
1276,2M9F,77.27,0.711100,1.00,-2208.169,270.887,0.340129,0.570840
1277,2M9I,81.62,0.708300,1.00,-2249.429,174.001,0.293545,0.641600
1278,2M9J,83.09,0.718100,1.00,-2249.429,174.001,0.296715,0.677080
1279,2M9L,89.29,0.721200,1.00,-2404.774,217.286,0.345996,0.777950
1280,2M9O,90.52,0.743800,1.00,-1968.982,157.841,0.206908,0.689490
1281,2M9R,26.25,0.375700,1.00,-1502.648,369.573,1.818768,0.221000
1282,2M9S,26.25,0.368100,1.00,-1502.648,369.573,1.787586,0.246920
1283,2MAA,78.85,0.665600,1.00,-875.375,26.792,0.188258,0.414300
1284,2MAE,65.38,0.586400,1.00,-1385.831,155.561,0.530387,0.355030
1285,2MAU,53.33,0.475300,1.00,-1988.694,171.232,0.458865,0.252530
1286,2MBD,93.52,0.771300,1.00,-1664.875,86.983,0.079351,0.681650
1287,2MBY,59.78,0.595600,1.00,-3521.899,124.410,0.606271,0.495460
1288,2MCE,78.57,0.696000,1.00,-1154.611,65.685,0.162339,0.310620
1289,2MD1,79.41,0.604300,1.00,-1027.912,60.009,0.284033,0.413980
1290,2MD2,82.50,0.575400,1.00,-464.231,33.151,0.174834,0.405380
1291,2MD4,95.83,0.726200,1.00,-728.000,14.449,0.064822,0.509680
1292,2MD6,75.00,0.599000,1.00,-959.727,55.028,0.238451,0.298390
1293,2MDC,44.79,0.463200,1.00,-3146.826,298.483,0.730694,0.348790
1294,2MDL,40.62,0.420700,1.00,-1255.760,168.608,0.681328,0.144700
1295,2MDU,87.93,0.688700,1.00,-1993.898,207.231,0.175781,0.651110
1296,2ME1,62.04,0.550300,1.00,-2338.993,44.423,0.366327,0.378620
1297,2ME2,54.63,0.598900,1.00,-2400.173,47.285,0.443602,0.361010
1298,2ME3,64.81,0.555200,1.00,-2364.005,67.931,0.333887,0.328950
1299,2ME4,55.56,0.593300,1.00,-2419.812,47.389,0.431602,0.356190
1300,2ME7,92.42,0.768900,1.00,-2229.768,135.652,0.166041,0.797700
1301,2MEL,89.39,0.757800,1.00,-2312.715,135.382,0.153231,0.732400
1302,2MEN,83.33,0.700600,1.00,-2212.237,107.736,0.296705,0.637260
1303,2MEO,80.30,0.661800,1.00,-2236.338,115.644,0.343632,0.590170
1304,2MF3,62.77,0.447200,1.00,-3510.807,209.449,0.631559,0.543490
1305,2MFM,38.33,0.513500,1.00,-405.901,65.604,0.782959,0.217280
1306,2MFO,50.00,0.489100,1.00,-385.294,66.982,0.733295,0.222570
1307,2MFP,61.29,0.564700,1.00,-1300.764,198.554,0.519278,0.366410
1308,2MFS,83.57,0.722900,1.00,-2420.448,192.932,0.174743,0.692400
1309,2MFV,37.50,0.543800,1.00,-124.397,71.963,1.019161,0.186020
1310,2MG1,75.00,0.787600,1.00,-1876.032,34.977,0.311971,0.517740
1311,2MG2,83.04,0.729300,1.00,-2248.651,87.377,0.202344,0.559130
1312,2MG3,65.18,0.637200,1.00,-2248.651,87.377,0.428027,0.452600
1313,2MH1,82.58,0.698900,1.00,-1988.316,157.020,0.359747,0.653820
1314,2MHU,66.67,0.542600,1.00,-1907.521,144.978,0.414805,0.448090
1315,2MHW,50.00,0.619300,1.00,-1768.479,22.728,0.707680,0.315380
1316,2MI1,44.64,0.451400,1.00,-873.658,35.135,0.588852,0.192220
1317,2MI9,40.00,0.415500,1.00,-1888.968,243.380,0.798030,0.231720
1318,2MIA,40.00,0.418200,1.00,-1888.968,243.380,0.785431,0.186780
1319,2MID,41.67,0.541700,1.00,-402.497,69.978,0.711399,0.361650
1320,2MIE,31.25,0.547200,1.00,-364.992,35.736,0.724289,0.254920
1321,2MIF,45.83,0.515500,1.00,-267.038,44.555,0.630048,0.297490
1322,2MIG,43.75,0.542900,1.00,-386.159,59.422,0.700706,0.185580
1323,2MIH,41.07,0.463400,1.00,-384.308,72.730,0.773118,0.232040
1324,2MIJ,68.92,0.607700,1.00,-2825.737,160.656,0.285193,0.530460
1325,2MIX,70.24,0.677100,1.00,-1044.024,117.967,0.607750,0.310460
1326,2MJ1,40.28,0.373600,1.00,-661.526,121.913,0.707694,0.184790
1327,2MJ2,64.58,0.620000,1.00,-2332.540,135.382,0.587507,0.556760
1328,2MJ9,69.23,0.676300,1.00,-2488.232,150.553,0.476529,0.543150
1329,2MJC,66.91,0.669000,1.00,-1605.329,257.551,0.748305,0.540270
1330,2MJK,92.07,0.773900,1.00,-3959.733,180.166,0.127183,0.805380
1331,2MKB,91.00,0.726600,1.00,-2077.411,37.339,0.141172,0.581030
1332,2ML7,80.65,0.676700,1.00,-2317.281,143.537,0.168962,0.529270
1333,2MLA,91.22,0.748600,1.00,-2590.117,144.722,0.105220,0.768620
1334,2MLD,92.57,0.781800,1.00,-2605.077,143.121,0.104640,0.779730
1335,2MLJ,31.94,0.448000,1.00,-906.928,48.038,0.953889,0.091210
1336,2MLO,87.50,0.647400,1.00,-1211.583,33.695,0.155792,0.478770
1337,2MLQ,82.81,0.570000,1.00,-1211.583,33.695,0.196509,0.311160
1338,2MLU,60.00,0.512600,1.00,-1746.289,93.704,0.478725,0.431210
1339,2MLV,58.33,0.529800,1.00,-1746.289,93.704,0.579432,0.433890
1340,2MM5,85.83,0.690200,1.00,-2118.581,146.713,0.152777,0.588610
1341,2MM6,84.17,0.652300,1.00,-2114.260,213.950,0.186687,0.574810
1342,2MMM,71.53,0.738000,1.00,-2112.581,51.740,0.245103,0.527150
1343,2MMT,35.71,0.426900,1.00,-1066.039,114.947,0.958204,0.109040
1344,2MMW,51.19,0.507100,1.00,-909.116,115.817,0.617343,0.201160
1345,2MN1,95.83,0.817500,1.00,-2065.476,150.308,0.076081,0.790680
1346,2MN3,32.95,0.383100,1.00,-1966.757,301.511,0.919150,0.261950
1347,2MOC,97.73,0.837500,1.00,-485.526,22.645,0.059925,0.586770
1348,2MOF,58.33,0.633800,1.00,-2677.800,153.705,0.501433,0.591440
1349,2MPJ,80.00,0.661500,1.00,-1291.310,112.499,0.279931,0.433500
1350,2MPQ,95.14,0.788300,1.00,-2192.565,254.801,0.106739,0.827300
1351,2MQ2,42.86,0.406900,1.00,-391.165,40.685,0.635604,0.231270
1352,2MQ4,36.36,0.498100,1.00,-202.125,66.926,0.729363,0.133710
1353,2MQ5,57.50,0.473500,1.00,-98.637,52.642,0.339061,0.223260
1354,2MQF,99.26,0.809700,1.00,-2080.697,133.673,0.060309,0.886580
1355,2MQU,92.86,0.745500,1.00,-2162.135,189.750,0.092657,0.791650
1356,2MR9,90.91,0.790000,1.00,-4172.594,121.117,0.143786,0.817550
1357,2MRB,63.71,0.551900,1.00,-1951.121,158.769,0.375627,0.399000
1358,2MRF,82.58,0.708900,1.00,-2264.399,136.906,0.250138,0.628680
1359,2MRT,62.50,0.565100,1.00,-1933.785,138.085,0.322420,0.371680
1360,2MRW,37.50,0.319400,1.00,-3408.590,135.583,1.075270,0.389360
1361,2MSF,51.72,0.448300,1.00,-1737.387,230.645,0.664404,0.417070
1362,2MSO,78.33,0.619200,1.00,-1972.294,162.178,0.286672,0.509170
1363,2MSQ,86.11,0.645900,1.00,-1837.067,140.266,0.234549,0.588880
1364,2MSU,57.50,0.526600,1.00,-1072.674,55.217,0.419752,0.339110
1365,2MT7,92.86,0.789800,1.00,-2220.251,165.565,0.123246,0.792790
1366,2MT8,76.28,0.641300,1.00,-2319.279,163.553,0.303403,0.616480
1367,2MTM,53.95,0.493800,1.00,-937.044,130.243,0.434029,0.172770
1368,2MTO,75.00,0.526400,1.00,-635.491,45.822,0.276429,0.335150
1369,2MTT,65.38,0.476900,1.00,-711.812,41.673,0.352208,0.213970
1370,2MTU,71.15,0.455300,1.00,-711.812,41.673,0.429592,0.322590
1371,2MTW,35.00,0.430800,1.00,-827.000,110.155,0.575597,0.148160
1372,2MTY,55.00,0.574500,1.00,-1114.624,61.498,0.457312,0.153680
1373,2MU6,85.00,0.680600,1.00,-1494.693,29.757,0.189022,0.371220
1374,2MU7,78.75,0.642000,1.00,-1235.679,39.077,0.244675,0.333430
1375,2MU8,43.75,0.433300,1.00,-1245.281,74.285,0.507872,0.072000
1376,2MU9,76.25,0.660100,1.00,-1416.812,60.909,0.404446,0.335710
1377,2MUA,78.57,0.709700,1.00,-1255.368,58.726,0.252893,0.401170
1378,2MUB,91.07,0.742600,1.00,-3480.271,221.947,0.208011,0.819480
1379,2MUE,78.75,0.664100,1.00,-1391.017,45.339,0.312587,0.378360
1380,2MUF,86.25,0.697400,1.00,-1241.360,51.460,0.155941,0.352740
1381,2MUH,93.75,0.731100,1.00,-674.163,92.711,0.098677,0.445730
1382,2MUJ,70.24,0.610400,1.00,-1337.843,49.275,0.321649,0.341860
1383,2MUN,95.65,0.779600,1.00,-4159.669,135.648,0.083219,0.883350
1384,2MUQ,75.00,0.698000,1.00,-2821.637,196.643,0.426307,0.658730
1385,2MV6,58.67,0.702000,1.00,-3717.111,200.263,0.661626,0.504850
1386,2MVA,63.89,0.532700,1.00,-1470.025,122.387,0.451890,0.286930
1387,2MVH,73.08,0.603800,1.00,-1645.829,100.637,0.306657,0.440870
1388,2MVI,43.02,0.402300,1.00,-3391.928,234.852,0.522326,0.326930
1389,2MVJ,84.62,0.646200,1.00,-1952.560,37.885,0.187501,0.623360
1390,2MVK,48.08,0.515300,1.00,-1385.831,155.561,0.668376,0.316340
1391,2MVL,60.58,0.598100,1.00,-1385.831,155.561,0.594417,0.284710
1392,2MVM,48.86,0.589000,1.00,-2390.343,162.098,1.112266,0.462800
1393,2MVN,61.36,0.677800,1.00,-2390.343,162.098,0.645467,0.525220
1394,2MVT,85.11,0.688000,1.00,-4281.735,124.114,0.224498,0.770990
1395,2MW0,88.79,0.715900,1.00,-1941.692,130.597,0.202467,0.632050
1396,2MW3,40.48,0.500900,1.00,-1001.866,85.188,1.008016,0.129390
1397,2MW7,81.08,0.721600,1.00,-2332.093,258.600,0.312632,0.652250
1398,2MW9,83.11,0.707000,1.00,-2365.184,182.431,0.233221,0.662560
1399,2MWA,73.65,0.661000,1.00,-2629.057,173.398,0.442085,0.578790
1400,2MWB,78.38,0.685900,1.00,-2429.677,177.855,0.272686,0.640330
1401,2MWD,87.50,0.721100,1.00,-1715.182,152.977,0.111921,0.581640
1402,2MWE,85.71,0.693400,1.00,-1724.983,140.654,0.127635,0.527320
1403,2MWF,87.50,0.715300,1.00,-2096.427,136.231,0.122816,0.644540
1404,2MWJ,93.75,0.820000,1.00,-2392.468,188.288,0.099615,0.791850
1405,2MWK,94.44,0.840300,1.00,-2392.468,188.288,0.085268,0.807760
1406,2MWL,56.25,0.574100,1.00,-713.323,58.422,0.395060,0.215840
1407,2MWT,65.44,0.605600,1.00,-2191.267,96.644,0.491995,0.422910
1408,2MX4,42.78,0.573300,1.00,-2253.283,192.722,1.189162,0.350690
1409,2MXG,65.62,0.565400,1.00,-713.323,58.422,0.370857,0.224160
1410,2MXH,57.81,0.521200,1.00,-713.323,58.422,0.568969,0.216470
1411,2MXM,98.48,0.837900,1.00,-2238.353,155.761,0.056067,0.891940
1412,2MXO,88.97,0.684300,1.00,-2168.605,153.501,0.157469,0.702700
1413,2MXP,93.94,0.798200,1.00,-2649.907,158.679,0.243477,0.817760
1414,2MXQ,66.91,0.590900,1.00,-2149.392,175.808,0.313325,0.452000
1415,2MXV,79.07,0.658300,1.00,-2536.123,230.179,0.255960,0.610810
1416,2MYH,81.71,0.660400,1.00,-2443.827,242.190,0.273024,0.685870
1417,2MYL,92.50,0.753700,1.00,-1543.314,58.038,0.153768,0.449960
1418,2MYM,60.00,0.528000,1.00,-1514.329,46.324,0.413028,0.286200
1419,2MZ2,69.12,0.578000,1.00,-961.962,54.354,0.304747,0.240290
1420,2MZ3,69.12,0.525100,1.00,-961.962,54.354,0.338133,0.277310
1421,2MZ4,83.70,0.651000,1.00,-4159.669,135.648,0.175348,0.707790
1422,2MZ7,20.65,0.509900,1.00,-1285.913,313.489,1.373825,0.183420
1423,2MZA,63.24,0.510500,1.00,-961.962,54.354,0.430211,0.334230
1424,2MZX,95.00,0.620800,1.00,-679.211,28.586,0.076283,0.515970
1426,2N0X,32.81,0.513500,1.00,-492.244,105.808,0.846925,0.249860
1427,2N16,72.50,0.575100,1.00,-1206.857,77.438,0.277284,0.261830
1428,2N1C,64.13,0.572700,1.00,-1442.026,101.258,0.447686,0.342750
1429,2N1N,92.14,0.759200,1.00,-2521.500,161.859,0.108972,0.755520
1430,2N1P,65.83,0.627800,1.00,-1925.717,102.688,0.400423,0.424560
1431,2N1S,95.83,0.765100,1.00,-1824.521,200.839,0.086300,0.760270
1432,2N24,83.06,0.652500,1.00,-2135.726,187.805,0.267721,0.634610
1433,2N2C,43.60,0.578100,1.00,-2343.861,121.197,0.739442,0.333920
1434,2N2F,71.15,0.546400,1.00,-417.494,75.958,0.429379,0.287580
1435,2N2G,90.15,0.758000,1.00,-2113.146,223.930,0.156096,0.711720
1436,2N2S,78.12,0.637500,1.00,-2668.917,131.852,0.249965,0.514910
1437,2N3P,92.97,0.772200,1.00,-2043.503,211.300,0.097780,0.757490
1438,2N4K,64.53,0.590500,1.00,-2087.748,118.402,0.358625,0.471250
1439,2N4R,84.46,0.732900,1.00,-2261.438,197.196,0.381689,0.724720
1440,2N4S,87.84,0.733300,1.00,-2341.571,173.021,0.316322,0.736000
1441,2N4T,83.11,0.753600,1.00,-2420.267,179.384,0.335590,0.692300
1442,2N4U,81.76,0.703900,1.00,-2450.412,180.008,0.255972,0.612750
1443,2N4V,75.00,0.712000,1.00,-2285.460,195.541,0.535591,0.588620
1444,2N4W,85.14,0.724500,1.00,-2669.567,198.206,0.194504,0.693840
1445,2N58,80.00,0.634800,1.00,-2457.815,74.538,0.210286,0.554130
1446,2N5C,58.33,0.524800,1.00,-498.614,74.809,0.659414,0.199900
1447,2N5J,81.12,0.697900,1.00,-4810.062,127.249,0.270431,0.722130
1448,2N5K,81.03,0.671000,1.00,-1549.966,152.490,0.352186,0.568260
1449,2N5Q,86.11,0.694800,1.00,-1816.687,145.337,0.180724,0.612070
1450,2N5R,91.67,0.702200,1.00,-655.426,27.294,0.153590,0.582350
1451,2N63,43.75,0.488500,1.00,-713.323,58.422,0.513351,0.240720
1452,2N68,39.13,0.547900,1.00,-785.728,139.709,0.856834,0.153760
1453,2N6B,72.06,0.551400,1.00,-2398.975,173.033,0.258819,0.535740
1454,2N6M,73.81,0.695700,1.00,-1103.013,59.979,0.282235,0.291980
1455,2N6N,85.16,0.717400,1.00,-1875.023,236.888,0.138327,0.616240
1456,2N6O,82.14,0.642300,1.00,-2435.055,189.409,0.358424,0.660520
1457,2N6U,28.75,0.388300,1.00,-1371.785,27.298,0.908718,0.195290
1458,2N6V,40.62,0.475800,1.00,-1135.225,85.461,0.661514,0.176220
1459,2N7F,75.00,0.595800,1.00,-2776.903,146.980,0.249797,0.494430
1460,2N7I,68.24,0.706500,1.00,-2964.347,67.531,0.361947,0.590260
1461,2N85,79.27,0.702200,1.00,-2575.580,110.811,0.202952,0.727000
1462,2N8B,59.03,0.520600,1.00,-2273.346,284.354,0.484764,0.404880
1463,2N8E,69.85,0.597500,1.00,-1771.239,186.721,0.426329,0.473550
1464,2N8H,77.86,0.626300,1.00,-2078.470,168.209,0.245324,0.567300
1465,2N8S,83.97,0.737600,1.00,-2343.212,203.883,0.319421,0.695420
1466,2N8U,72.44,0.682600,1.00,-1879.548,192.644,0.357759,0.587480
1467,2N92,53.23,0.525500,1.00,-1947.421,59.998,0.735021,0.416820
1468,2N94,86.46,0.765700,1.00,-3122.648,197.732,0.196264,0.787150
1469,2N95,83.67,0.772300,1.00,-3010.702,257.848,0.376913,0.748460
1470,2N9C,42.50,0.447300,1.00,-391.547,108.733,0.549077,0.190070
1471,2N9M,70.31,0.601000,1.00,-713.323,58.422,0.428437,0.348890
1472,2N9N,57.81,0.536900,1.00,-713.323,58.422,0.439255,0.250090
1473,2N9O,79.76,0.764500,1.00,-2957.158,309.198,0.507616,0.720280
1474,2N9T,77.50,0.616400,1.00,-1795.875,208.040,0.241311,0.480120
1475,2N9Z,83.33,0.748300,1.00,-2412.553,269.891,0.372613,0.700760
1476,2NA3,89.58,0.600900,1.00,-873.627,31.968,0.176959,0.519310
1477,2NA8,63.07,0.629200,1.00,-3393.461,202.680,0.621344,0.515730
1478,2NA9,70.45,0.706000,1.00,-3799.865,123.807,0.398619,0.649620
1479,2NAB,76.22,0.689400,1.00,-2752.045,327.462,0.306969,0.619020
1480,2NAE,35.47,0.483700,1.00,-1949.932,204.437,0.704060,0.260050
1481,2NAJ,87.88,0.689800,1.00,-2172.552,137.246,0.180947,0.690880
1482,2NAL,89.58,0.657800,1.00,-880.669,21.987,0.193748,0.485770
1483,2NAT,41.96,0.502100,1.00,-2149.052,66.773,0.882705,0.232990
1484,2NAU,68.75,0.581300,1.00,-1681.627,54.704,0.362517,0.386710
1485,2NAW,63.46,0.580100,1.00,-2857.211,184.290,0.480717,0.522660
1486,2NB2,89.47,0.728900,1.00,-3332.750,110.824,0.117759,0.778390
1487,2NB5,58.82,0.439700,1.00,-831.543,86.054,0.324806,0.231900
1488,2NB6,85.94,0.783400,1.00,-842.256,85.434,0.157128,0.350560
1489,2NB7,75.00,0.607200,1.00,-1067.669,19.230,0.499543,0.413830
1490,2NB8,61.11,0.517200,1.00,-1942.404,83.337,0.679589,0.440650
1491,2NB9,82.14,0.729800,1.00,-3325.920,262.567,0.384304,0.742980
1492,2NC3,90.15,0.799100,1.00,-2208.169,270.887,0.134565,0.698960
1493,2NC4,87.12,0.778100,1.00,-2208.169,270.887,0.160449,0.650040
1494,2NC5,92.42,0.798000,1.00,-2208.169,270.887,0.124816,0.754020
1495,2NC6,91.67,0.793200,1.00,-2208.169,270.887,0.168400,0.717360
1496,2NC7,79.17,0.657200,1.00,-1007.723,67.836,0.190800,0.322810
1497,2NCS,71.53,0.686500,1.00,-2896.132,74.786,0.304892,0.553300
1498,2NCT,72.92,0.697500,1.00,-2896.132,74.786,0.270296,0.630170
1499,2NCU,64.29,0.589700,1.00,-1483.696,48.284,0.411043,0.229620
1500,2NCV,61.90,0.584500,1.00,-1508.848,42.459,0.556243,0.291430
1501,2NCW,59.38,0.655900,1.00,-1820.451,46.705,0.434327,0.339190
1502,2NCX,83.33,0.792800,1.00,-1680.783,29.767,0.194068,0.627950
1503,2NCY,65.62,0.674500,1.00,-1606.582,36.758,0.478127,0.377430
1504,2ND2,85.80,0.728100,1.00,-3855.292,125.811,0.167337,0.750580
1505,2ND3,94.74,0.778500,1.00,-3039.115,158.727,0.086769,0.820840
1506,2ND6,72.06,0.624100,1.00,-1126.536,46.535,0.247241,0.302470
1507,2ND7,73.53,0.631800,1.00,-1126.536,46.535,0.346457,0.276570
1508,2ND8,69.12,0.541000,1.00,-1126.536,46.535,0.399112,0.294910
1509,2NDB,63.27,0.483300,1.00,-3221.890,200.702,0.404550,0.555510
1510,2NDC,68.06,0.580300,1.00,-1130.227,28.118,0.422286,0.376140
1511,2NDE,59.72,0.542300,1.00,-1020.612,25.317,0.457924,0.210160
1512,2NDI,44.57,0.483000,1.00,-2565.963,185.652,0.773187,0.319970
1513,2NDK,47.92,0.711500,1.00,-2989.530,61.886,0.975622,0.373000
1514,2NDL,75.00,0.669000,1.00,-872.771,100.164,0.222883,0.223730
1515,2NDM,53.85,0.475500,1.00,-704.549,51.849,0.531524,0.287110
1516,2NDN,82.81,0.680400,1.00,-762.169,79.847,0.200161,0.284220
1517,2NOR,75.00,0.590100,1.00,-381.899,47.659,0.285122,0.356790
1518,2NOU,92.50,0.657700,1.00,-531.616,29.596,0.091154,0.449560
1519,2NR1,80.56,0.697700,1.00,-1699.482,65.398,0.296829,0.565300
1520,2NS4,66.07,0.515800,1.00,-410.078,95.166,0.301782,0.422610
1521,2NVJ,58.00,0.542000,1.00,-1733.103,92.827,0.410752,0.243780
1522,2NX6,66.67,0.584800,1.00,-1576.937,182.870,0.368346,0.325460
1523,2NX7,50.00,0.515200,1.00,-1785.991,103.718,0.662438,0.237320
1526,2NZ3,61.88,0.578800,1.00,-3133.996,167.114,0.481975,0.430540
1527,2NZZ,36.49,0.480600,1.00,-2911.259,74.544,1.218999,0.237810
1528,2O00,37.16,0.449600,1.00,-2911.259,74.544,1.040872,0.246670
1529,2O0S,54.17,0.446500,1.00,-700.202,92.263,0.351016,0.273240
1530,2OBU,58.33,0.689400,1.00,-2901.258,100.739,0.596674,0.523380
1532,2OJM,100.00,0.772000,1.00,-1413.647,55.574,0.059333,0.534240
1533,2OJN,70.45,0.588500,1.00,-1471.905,39.354,0.357285,0.311500
1534,2OJO,80.68,0.787300,1.00,-1699.008,23.723,0.177675,0.574330
1535,2OP7,46.79,0.465300,1.00,-2424.931,173.049,0.999120,0.336910
1536,2OQ9,48.96,0.561500,1.00,-1187.633,135.492,0.528168,0.186320
1537,2ORU,73.75,0.617500,1.00,-1244.878,76.535,0.303445,0.281930
1538,2OVN,91.18,0.677400,1.00,-1123.706,36.588,0.188621,0.452860
1539,2OYV,75.00,0.551000,1.00,-461.988,76.970,0.328698,0.281520
1540,2OYW,71.15,0.575600,1.00,-461.988,76.970,0.283451,0.253130
1541,2P4L,58.70,0.409600,1.00,-3225.567,239.481,0.610273,0.477130
1542,2P5J,50.00,0.416200,1.00,-784.500,64.177,0.767499,0.167140
1543,2P81,69.32,0.596700,1.00,-3143.846,140.168,0.374863,0.584640
1544,2PCO,75.96,0.635400,1.00,-1551.315,60.313,0.397322,0.557490
1545,2PDD,85.47,0.673200,1.00,-3682.180,144.115,0.259144,0.741510
1546,2PDE,32.56,0.369200,1.00,-3682.180,144.115,0.728227,0.356710
1547,2PJV,54.03,0.575700,1.00,-1023.586,112.660,0.643333,0.335350
1548,2PO8,74.26,0.670900,1.00,-1844.204,242.342,0.371796,0.565220
1549,2PPZ,74.31,0.600700,1.00,-2956.902,88.499,0.258863,0.513360
1550,2PTA,90.71,0.716600,1.00,-2498.054,181.563,0.167971,0.738920
1551,2PV6,64.77,0.631300,1.00,-2124.895,39.149,0.380264,0.327030
1552,2RLG,81.94,0.608900,1.00,-1093.198,53.292,0.281085,0.390290
1553,2RLH,83.33,0.623400,1.00,-1093.198,53.292,0.267456,0.379720
1554,2RLJ,60.94,0.544100,1.00,-674.161,56.173,0.458622,0.246370
1555,2RLW,73.53,0.721100,1.00,-2163.101,74.346,0.300168,0.532250
1556,2RME,42.76,0.581600,1.00,-2804.453,108.455,0.738231,0.265490
1557,2RMF,72.50,0.715800,1.00,-3211.649,97.288,0.280617,0.603320
1558,2RMG,53.29,0.662500,1.00,-2892.064,79.679,0.566204,0.349360
1559,2RMH,59.87,0.644300,1.00,-2573.233,111.824,0.722369,0.541000
1560,2RMI,76.67,0.725300,1.00,-2316.833,54.434,0.193267,0.558160
1561,2RMV,52.88,0.492000,1.00,-1748.612,126.408,0.495499,0.258400
1562,2RMW,42.31,0.403100,1.00,-1741.322,135.994,0.648473,0.187030
1563,2RMY,72.79,0.726600,1.00,-2227.832,94.344,0.302486,0.556450
1564,2RMZ,72.67,0.713700,1.00,-3312.466,100.203,0.291356,0.607640
1565,2RN0,64.53,0.719800,1.00,-3312.466,100.203,0.489922,0.546890
1566,2RND,75.00,0.716900,1.00,-2227.832,94.344,0.319768,0.525350
1567,2ROO,76.16,0.662300,1.00,-2768.600,177.220,0.299821,0.609420
1568,2RPS,57.81,0.652700,1.00,-1458.464,148.996,0.624712,0.397470
1570,2RQ2,70.83,0.664800,1.00,-2053.568,36.143,0.438039,0.546770
1571,2RQZ,82.24,0.706400,1.00,-2525.676,185.488,0.191682,0.659730
1572,2RR0,75.66,0.648700,1.00,-2525.676,185.488,0.243766,0.572050
1573,2RR2,79.61,0.660900,1.00,-2525.676,185.488,0.184086,0.621730
1574,2RRH,87.93,0.715900,1.00,-2225.830,70.151,0.159710,0.626520
1575,2RRI,67.24,0.697900,1.00,-2225.830,70.151,0.308363,0.497330
1576,2RRS,70.83,0.573800,1.00,-1085.138,53.054,0.299678,0.384660
1577,2RSH,74.32,0.658600,1.00,-2224.995,178.492,0.333706,0.566570
1578,2RSW,45.83,0.511900,1.00,-765.580,142.155,0.603774,0.186990
1579,2RT4,53.00,0.547600,1.00,-1193.514,88.566,0.807770,0.170160
1580,2RTY,98.33,0.764800,1.00,-1910.545,115.092,0.078282,0.781640
1581,2RTZ,87.07,0.678600,1.00,-2068.467,116.506,0.153246,0.611140
1582,2RU0,81.94,0.615800,1.00,-2677.317,158.421,0.221976,0.659700
1583,2RUM,39.47,0.465900,1.00,-630.877,104.687,0.615586,0.214150
1584,2RUN,68.06,0.571600,1.00,-1449.184,99.700,0.416263,0.291880
1585,2RUO,84.38,0.723700,1.00,-988.862,35.986,0.154683,0.357050
1586,2RUT,85.42,0.800100,1.00,-2211.836,171.275,0.218798,0.720990
1587,2RUU,84.03,0.815200,1.00,-1955.930,136.143,0.286600,0.691390
1588,2RUV,81.08,0.772000,1.00,-2224.995,178.492,0.594982,0.735640
1589,2RUW,81.08,0.758600,1.00,-1800.881,185.826,0.374533,0.675760
1590,2RUX,80.56,0.719600,1.00,-1969.379,146.722,0.370181,0.672550
1591,2RUY,77.03,0.749100,1.00,-2101.854,190.352,0.548480,0.620620
1592,2RUZ,85.53,0.816500,1.00,-2284.006,133.641,0.305151,0.754180
1593,2RV0,79.05,0.778700,1.00,-2164.062,149.067,0.645597,0.683770
1594,2RV1,77.03,0.763100,1.00,-2374.182,165.458,0.572367,0.664830
1595,2RV2,85.42,0.803600,1.00,-1838.485,179.977,0.300254,0.752780
1596,2RV3,79.17,0.737800,1.00,-1487.390,165.686,0.454389,0.661790
1597,2RV4,83.78,0.765500,1.00,-1940.341,223.252,0.265958,0.689840
1598,2RV5,82.86,0.819200,1.00,-1917.252,158.903,0.367248,0.712010
1599,2RVD,90.00,0.704500,1.00,-499.802,35.377,0.109677,0.458600
1600,2SH1,74.48,0.647500,1.00,-2705.158,244.226,0.479536,0.659610
1601,2V1V,86.21,0.695200,1.00,-1945.785,156.757,0.151544,0.569930
1602,2VY4,80.41,0.687700,1.00,-2528.313,123.502,0.295793,0.636640
1603,2VY5,80.41,0.693000,1.00,-2528.313,123.502,0.270647,0.629570
1604,2W0T,80.81,0.719300,1.00,-2744.421,169.968,0.287072,0.685610
1605,2W9O,66.30,0.603000,1.00,-2747.028,336.441,0.481824,0.567120
1606,2W9U,66.85,0.624800,1.00,-2640.556,309.127,0.592934,0.573260
1607,2W9V,82.39,0.640300,1.00,-2617.848,240.089,0.377782,0.694720
1608,2W9W,76.70,0.664200,1.00,-2609.828,262.430,0.410948,0.635400
1609,2WH9,86.11,0.743900,1.00,-2472.522,176.124,0.241092,0.710740
1610,2WXC,85.64,0.742900,1.00,-3669.913,195.630,0.250351,0.749910
1611,2XL1,66.67,0.630200,1.00,-1626.574,64.856,0.831750,0.510590
1612,2YRH,61.93,0.714900,1.00,-1980.970,202.913,0.848006,0.533350
1613,2YRJ,64.13,0.723400,1.00,-2009.320,305.292,0.612331,0.559190
1614,2YRM,69.19,0.723700,1.00,-2055.531,204.847,0.568086,0.594760
1615,2YSB,80.61,0.796400,1.00,-2856.635,256.533,0.454809,0.714430
1616,2YSC,80.77,0.764400,1.00,-2325.260,175.681,0.304034,0.638470
1617,2YSF,83.12,0.788400,1.00,-2513.305,184.244,0.466318,0.709450
1618,2YSG,77.50,0.712000,1.00,-2350.711,234.683,0.386088,0.642570
1619,2YSH,70.62,0.656500,1.00,-1978.020,287.277,0.654913,0.574820
1620,2YSI,68.75,0.743700,1.00,-2237.227,197.769,0.670772,0.592230
1621,2YSO,57.61,0.641900,1.00,-2436.654,223.469,1.014128,0.490760
1622,2YSP,60.87,0.678000,1.00,-2161.030,217.699,0.747054,0.502350
1623,2YSV,61.90,0.654600,1.00,-1851.818,217.929,0.488188,0.427340
1624,2YTA,74.39,0.727100,1.00,-1917.374,167.907,0.389235,0.666850
1625,2YTB,72.62,0.739000,1.00,-1967.452,205.556,0.376414,0.594390
1626,2YTD,67.39,0.722300,1.00,-2044.977,223.476,0.694489,0.581520
1627,2YTE,71.43,0.732900,1.00,-2072.211,211.133,0.615680,0.613780
1628,2YTF,70.65,0.709800,1.00,-2130.366,258.106,0.407717,0.604760
1629,2YTG,69.57,0.717400,1.00,-2108.342,202.428,0.664598,0.591680
1630,2YTH,64.13,0.730800,1.00,-1902.506,281.829,0.508832,0.553630
1631,2YTI,67.39,0.734500,1.00,-2038.259,255.173,0.694525,0.563880
1632,2YTJ,67.93,0.715300,1.00,-2236.266,250.945,0.594531,0.615090
1633,2YTK,71.20,0.688500,1.00,-2310.871,237.848,0.545909,0.608640
1634,2YTM,57.07,0.624600,1.00,-2023.549,265.092,0.780592,0.484850
1635,2YTN,65.22,0.673700,1.00,-1953.047,195.361,0.738616,0.546960
1636,2YTO,61.96,0.747900,1.00,-2046.581,203.872,1.027319,0.571940
1637,2YTP,61.41,0.694200,1.00,-2243.908,241.532,0.906609,0.519450
1638,2YTQ,65.76,0.720600,1.00,-2066.865,232.400,0.448959,0.574430
1639,2YTR,66.30,0.708600,1.00,-1918.613,308.748,0.781982,0.542010
1640,2YTS,72.28,0.708300,1.00,-2072.076,268.886,0.482554,0.595940
1641,2YTT,66.30,0.692500,1.00,-2355.572,200.651,0.654938,0.529570
1642,2YU5,71.02,0.722700,1.00,-2150.070,262.717,0.535238,0.558890
1643,2YU8,70.11,0.694800,1.00,-1960.887,203.089,0.490073,0.611310
1644,2YYF,38.33,0.460400,1.00,-550.014,96.706,0.815552,0.246560
1645,2Z3S,77.56,0.640400,1.00,-3046.595,188.782,0.213602,0.599560
1646,2ZAJ,73.47,0.705400,1.00,-2739.121,243.804,0.524013,0.627930
1647,2ZNF,94.44,0.745400,1.00,-876.267,82.844,0.104317,0.512120
1648,3BBG,60.62,0.490100,1.00,-3062.608,217.449,0.684078,0.434230
1649,3CMH,70.00,0.531600,1.00,-976.676,59.847,0.412523,0.345770
1650,3CTI,98.28,0.795900,1.00,-1949.328,148.890,0.056638,0.851820
1651,3LEU,50.68,0.566400,1.00,-1877.781,186.995,0.830410,0.388830
1652,3MRA,83.00,0.782300,1.00,-1984.153,44.025,0.177606,0.522670
1653,3ZNF,85.83,0.701900,1.00,-1762.090,143.815,0.237911,0.650280
1654,4A24,88.83,0.746600,1.00,-3375.586,182.494,0.201917,0.799710
1655,4APD,56.45,0.555500,1.00,-2036.140,70.188,0.501794,0.356880
1656,4B19,73.33,0.714100,1.00,-2350.137,70.030,0.274391,0.491850
1658,4B2U,90.28,0.755800,1.00,-2474.400,218.706,0.198030,0.776690
1659,4B2V,44.53,0.462300,1.00,-1611.049,277.572,0.659235,0.318640
1660,4BMF,87.50,0.736100,1.00,-2277.111,215.540,0.154834,0.715900
1661,4CYK,70.12,0.670600,1.00,-2460.839,175.643,0.475486,0.545920
1662,4ZNF,85.00,0.695200,1.00,-1762.090,143.815,0.252896,0.621780
1663,5A4H,32.69,0.356000,1.00,-2035.795,294.131,1.189124,0.224080
1664,5AAY,87.50,0.752500,1.00,-2038.614,127.094,0.200935,0.715560
1665,5AAZ,84.38,0.750200,1.00,-2058.091,142.693,0.328947,0.627010
1666,5AHT,79.65,0.672200,1.00,-2841.242,273.196,0.359809,0.674440
1667,5FZV,75.78,0.665900,1.00,-2015.675,231.576,0.492262,0.604340
1668,5FZW,82.58,0.786600,1.00,-2262.335,157.039,0.489818,0.699280
1669,5FZX,84.03,0.703600,1.00,-2228.632,175.012,0.325461,0.694920
1671,5GSF,72.22,0.577400,1.00,-2025.872,142.975,0.230658,0.345030
1672,5GVO,34.72,0.526900,1.00,-595.405,139.480,1.102012,0.247530
1673,5H1H,51.56,0.549100,1.00,-577.402,99.558,0.656045,0.232590
1674,5H1I,34.72,0.371000,1.00,-727.686,97.500,0.677999,0.132710
1675,5H2S,77.00,0.663700,1.00,-1264.889,29.442,0.266372,0.456550
1676,5I1X,90.28,0.694100,1.00,-2414.092,173.171,0.126663,0.718390
1677,5I2P,91.67,0.697900,1.00,-2534.378,158.904,0.165843,0.780690
1678,5ID5,77.00,0.710200,1.00,-1676.421,62.983,0.439688,0.539390
1679,5IJ4,91.84,0.805000,1.00,-3494.800,272.302,0.169652,0.833440
1680,5ION,92.24,0.798400,1.00,-2026.635,84.765,0.109520,0.698000
1681,5IPO,72.92,0.587300,1.00,-3259.619,197.293,0.609313,0.653840
1682,5J8T,76.06,0.659000,1.00,-2965.030,216.457,0.209051,0.670280
1683,5JHI,97.86,0.801100,1.00,-2646.721,130.594,0.059461,0.896610
1684,5JI4,97.97,0.846100,1.00,-2910.060,134.126,0.063184,0.913780
1685,5JPL,36.76,0.498900,1.00,-589.689,116.707,1.069254,0.163230
1686,5JPX,82.78,0.633300,1.00,-3321.865,190.859,0.201392,0.695890
1687,5JYH,75.00,0.592500,1.00,-3055.359,188.951,0.655225,0.662560
1688,5KGY,92.05,0.672000,1.00,-1582.467,45.901,0.134478,0.432310
1689,5KGZ,47.73,0.545000,1.00,-3414.005,100.945,0.598571,0.365140
1690,5KHB,82.14,0.671700,1.00,-1586.882,20.865,0.243308,0.402060
1691,5KI0,39.47,0.447600,1.00,-129.765,120.555,0.535370,0.126010
1692,5KKM,88.64,0.784400,1.00,-1292.360,103.203,0.158591,0.505980
1693,5KVN,95.37,0.756100,1.00,-2038.429,181.738,0.093136,0.712290
1694,5KWO,91.35,0.738800,1.00,-1829.972,126.528,0.131724,0.648170
1695,5KWX,86.00,0.665200,1.00,-1405.215,134.883,0.143996,0.470900
1696,5KWZ,100.00,0.816700,1.00,-1845.160,100.524,0.037105,0.881430
1697,5KX0,64.42,0.433800,1.00,-1732.285,83.391,0.419350,0.335020
1698,5KX1,90.91,0.761300,1.00,-1175.225,68.439,0.104400,0.399010
1699,5KX2,88.89,0.686200,1.00,-834.616,112.379,0.167254,0.402950
1700,5L1C,84.03,0.680100,1.00,-2620.375,150.435,0.196684,0.650580
1701,5L82,51.35,0.448400,1.00,-2530.299,184.069,0.621545,0.355520
1702,5LAH,30.00,0.371000,1.00,-3228.198,325.570,0.951025,0.356390
1703,5LBJ,83.57,0.805900,1.00,-2853.724,71.523,0.169461,0.650170
1704,5LCS,64.89,0.584400,1.00,-3329.379,354.551,1.063482,0.551530
1705,5LM0,82.14,0.666100,1.00,-1812.171,101.728,0.234470,0.564790
1706,5LME,83.72,0.677000,1.00,-2655.204,253.224,0.391127,0.716550
1707,5M9U,91.67,0.682600,1.00,-1297.585,83.844,0.120445,0.367360
1708,5N5A,44.59,0.553100,1.00,-980.742,287.293,0.580367,0.328810
1709,5N5B,44.64,0.553800,1.00,-892.586,338.177,0.605410,0.267900
1710,5NAM,63.02,0.701800,1.00,-3814.682,102.764,0.583706,0.531710
1711,5NAO,74.29,0.736800,1.00,-2808.168,58.972,0.537357,0.676490
1712,5NDA,84.85,0.788800,1.00,-2317.315,89.642,0.190274,0.657250
1713,5NVB,36.67,0.498500,1.00,-401.728,76.066,0.531531,0.126790
1714,5OAP,76.39,0.679600,1.00,-804.365,61.398,0.291841,0.427710
1715,5T3M,95.71,0.743200,1.00,-2480.968,200.396,0.092922,0.799870
1716,5T42,41.49,0.608800,1.00,-3342.797,148.040,0.947333,0.385720
1717,5T4R,85.71,0.672900,1.00,-2119.881,207.279,0.353464,0.725120
1718,5T7Q,72.62,0.673000,1.00,-1110.546,62.328,0.525648,0.390870
1719,5TCZ,71.09,0.497300,1.00,-1855.513,244.319,0.315963,0.467670
1720,5TJ1,35.53,0.487900,1.00,-708.380,110.957,0.884479,0.123590
1721,5TX8,96.43,0.771400,1.00,-2023.419,78.041,0.088776,0.805820
1722,5UG3,73.68,0.592200,1.00,-984.300,94.862,0.244621,0.282540
1723,5UG5,71.05,0.593300,1.00,-1029.595,68.255,0.437631,0.306410
1724,5UI6,36.11,0.401500,1.00,-895.491,39.055,0.897900,0.049870
1725,5UI7,43.42,0.435800,1.00,-774.248,87.911,0.755027,0.209400
1726,5UJG,77.08,0.642200,1.00,-1503.209,104.213,0.200688,0.310270
1727,5UJH,61.96,0.500300,1.00,-1273.786,103.862,0.382309,0.202080
1728,5UJQ,80.17,0.702400,1.00,-1960.535,57.899,0.223015,0.505040
1729,5UJR,64.39,0.595500,1.00,-2016.023,80.100,0.577307,0.442690
1730,5UKZ,53.98,0.533500,1.00,-2375.857,236.861,0.863689,0.485790
1731,5UOI,88.95,0.673600,1.00,-3774.177,108.164,0.170693,0.805300
1732,5UP5,85.00,0.618200,1.00,-3462.481,216.289,0.173956,0.684620
1733,5UY2,45.00,0.526600,1.00,-1344.472,50.996,0.546457,0.159920
1734,5UZL,31.82,0.412400,1.00,-1421.590,240.245,0.954604,0.285060
1735,5V0Y,98.81,0.751000,1.00,-1391.245,134.499,0.066980,0.479250
1736,5V11,85.71,0.779200,1.00,-1232.684,96.103,0.149452,0.288780
1737,5V2B,56.25,0.614500,1.00,-1431.833,47.749,0.455951,0.164450
1738,5V4C,44.12,0.505100,1.00,-349.202,111.770,0.585666,0.234250
1739,5V4U,76.88,0.725500,1.00,-2887.491,98.208,0.247942,0.613990
1740,5VAV,91.07,0.704200,1.00,-607.127,58.604,0.114191,0.303370
1741,5VFW,55.00,0.442000,1.00,-2028.349,50.167,0.475501,0.284540
1742,5VL6,30.88,0.417200,1.00,-322.796,69.792,0.773464,0.130210
1743,5VR5,55.00,0.506300,1.00,-1254.458,48.931,0.396878,0.182740
1744,5W54,56.00,0.542700,1.00,-907.079,150.054,0.495240,0.285420
1745,5W9F,90.85,0.750200,1.00,-3435.347,147.252,0.113348,0.799880
1746,5WCV,68.10,0.544800,1.00,-2044.883,117.083,0.491045,0.522830
1747,5WE3,84.56,0.713800,1.00,-2570.501,216.704,0.158076,0.633640
1748,5WOD,84.21,0.724500,1.00,-2995.831,68.111,0.130049,0.672190
1749,5WOV,77.94,0.680000,1.00,-1976.300,191.154,0.322949,0.606510
1750,5WOW,69.87,0.573700,1.00,-2520.249,257.241,0.508161,0.570610
1751,5WRX,51.92,0.535800,1.00,-378.632,74.532,0.762204,0.277140
1752,5WUZ,66.28,0.568500,1.00,-3201.500,194.513,0.301614,0.490120
1753,5WXE,83.04,0.686300,1.00,-2097.451,167.737,0.205992,0.551510
1754,5WYE,42.19,0.475600,1.00,-633.549,67.139,0.533634,0.276990
1755,5X34,95.14,0.861700,1.00,-2373.714,235.603,0.082648,0.825700
1756,5X35,99.31,0.855200,1.00,-2373.714,235.603,0.057707,0.896260
1757,5X36,98.61,0.849100,1.00,-2373.714,235.603,0.062346,0.885370
1758,5X37,97.92,0.843400,1.00,-2373.714,235.603,0.067718,0.868510
1759,5X38,99.31,0.882400,1.00,-2373.714,235.603,0.053475,0.911580
1760,5X39,97.22,0.854700,1.00,-2398.898,235.961,0.068921,0.859320
1761,5X3C,97.92,0.844200,1.00,-2220.900,162.592,0.068451,0.873640
1762,5X3L,80.00,0.669500,1.00,-1367.197,70.192,0.270857,0.299350
1763,5XA6,72.37,0.577600,1.00,-2605.814,188.302,0.302827,0.538260
1764,5XBD,67.36,0.527200,1.00,-2109.455,210.475,0.308765,0.475790
1765,5XDI,66.88,0.554600,1.00,-2979.187,241.682,0.301118,0.477790
1766,5XDJ,94.05,0.814200,1.00,-1249.667,53.995,0.076373,0.524020
1767,5XEK,72.02,0.612300,1.00,-3377.006,230.312,0.301228,0.561260
1768,5XIV,67.50,0.570800,1.00,-1255.252,80.136,0.271965,0.154980
1769,5XM4,35.29,0.396300,1.00,-762.232,74.926,0.753695,0.198480
1770,5XNG,91.18,0.726300,1.00,-1406.126,33.302,0.105691,0.476560
1771,5XO3,67.86,0.622600,1.00,-936.523,105.558,0.251121,0.198760
1772,5XO4,76.19,0.663300,1.00,-860.114,195.794,0.277405,0.266590
1773,5XO5,64.29,0.598000,1.00,-815.951,90.356,0.477711,0.179800
1774,5XRX,57.35,0.533700,1.00,-1406.126,33.302,0.563662,0.279380
1775,5Y0H,85.71,0.702100,1.00,-1148.695,97.369,0.215553,0.369920
1776,5Y0I,90.48,0.776400,1.00,-1245.350,109.414,0.117729,0.457770
1777,5Y0J,95.24,0.756200,1.00,-1235.528,138.725,0.080843,0.398210
1778,5Y22,77.27,0.707200,1.00,-1384.732,107.768,0.408334,0.363670
1779,5Y3U,80.68,0.705300,1.00,-1384.732,107.768,0.250917,0.352700
1780,5YKK,66.67,0.535400,1.00,-1080.288,46.781,0.359990,0.290360
1781,5YKL,64.47,0.566100,1.00,-1159.467,44.157,0.419438,0.312580
1782,5YKQ,64.47,0.527200,1.00,-1143.669,40.003,0.408040,0.298880
1783,5YZ6,90.31,0.718700,1.00,-4393.561,218.553,0.120423,0.823300
1784,5YZK,92.35,0.750400,1.00,-4341.958,221.546,0.108083,0.836750
1785,5Z1Y,46.43,0.488000,1.00,-941.024,122.062,0.648624,0.269090
1786,5Z26,58.33,0.524900,1.00,-888.312,36.085,0.593629,0.272400
1787,5Z2O,90.28,0.681000,1.00,-1070.861,38.384,0.175675,0.537800
1788,5Z31,34.72,0.467200,1.00,-576.280,97.433,0.814285,0.137060
1789,5Z32,33.33,0.443800,1.00,-535.172,90.553,0.678427,0.194750
1790,5Z5W,75.00,0.563900,1.00,-696.779,28.115,0.276145,0.368990
1791,5Z5X,62.50,0.531800,1.00,-1179.339,48.245,0.447022,0.333020
1792,5ZCN,32.14,0.390100,1.00,-1113.765,82.630,0.813746,0.171830
1793,5ZNF,95.83,0.799200,1.00,-1961.517,179.012,0.106520,0.796470
1794,5ZV6,81.67,0.691700,1.00,-1825.223,145.159,0.215509,0.488480
1795,5ZYX,61.25,0.557700,1.00,-1390.492,52.112,0.529140,0.316950
1796,6A5J,82.69,0.621500,1.00,-612.567,40.803,0.222585,0.349240
1797,6A8Y,25.96,0.437200,1.00,-943.805,163.158,0.962451,0.159300
1798,6AAB,60.71,0.636700,1.00,-860.114,195.794,0.631627,0.195320
1799,6AFQ,79.76,0.666800,1.00,-936.523,105.558,0.223694,0.307060
1800,6AHZ,52.86,0.634400,1.00,-1896.576,191.358,0.635081,0.346850
1801,6AK0,44.05,0.391800,1.00,-1361.393,84.079,0.547481,0.182580
1802,6AX2,83.15,0.694900,1.00,-3122.925,279.627,0.307425,0.713020
1803,6B3U,59.38,0.712600,1.00,-3541.100,125.531,0.503878,0.466250
1804,6B5W,39.47,0.505500,1.00,-719.741,109.068,1.007337,0.232140
1805,6B9K,65.00,0.536500,1.00,-305.605,40.898,0.286202,0.251500
1806,6B9W,80.88,0.668100,1.00,-2898.319,106.633,0.295465,0.619350
1807,6BAM,82.35,0.611300,1.00,-2713.027,140.922,0.258299,0.654140
1808,6BB6,82.35,0.647600,1.00,-2782.542,120.829,0.262198,0.634130
1809,6BEQ,50.00,0.525300,1.00,-271.386,53.492,0.613898,0.174490
1810,6BET,43.75,0.574700,1.00,-325.001,76.369,0.743013,0.307910
1811,6BEU,48.21,0.455600,1.00,-797.776,65.901,0.488790,0.261600
1812,6BI5,83.06,0.696300,1.00,-2548.761,101.722,0.313054,0.643370
1813,6BJF,90.38,0.722800,1.00,-909.808,32.202,0.117927,0.482090
1814,6BUC,93.75,0.800200,1.00,-2338.242,154.547,0.127758,0.818270
1815,6BVU,83.93,0.608300,1.00,-564.342,58.924,0.292932,0.388060
1816,6BVW,78.57,0.568900,1.00,-564.342,58.924,0.364427,0.355290
1817,6BVX,58.93,0.375100,1.00,-694.271,71.950,0.450536,0.281910
1818,6BX9,41.67,0.450600,1.00,-778.478,58.202,0.566351,0.239740
1819,6CEG,95.83,0.702300,1.00,-1713.297,147.250,0.110486,0.763980
1820,6CEI,78.91,0.672700,1.00,-1620.710,334.280,0.289691,0.650380
1821,6CEJ,62.50,0.511000,1.00,-503.592,58.699,0.360029,0.225540
1822,6CFA,78.95,0.676500,1.00,-1026.995,62.875,0.174838,0.342210
1823,6CFB,60.48,0.564600,1.00,-1756.117,177.448,0.385236,0.411430
1824,6CGW,72.41,0.573700,1.00,-1951.915,238.341,0.275929,0.409520
1825,6CGX,68.18,0.664300,1.00,-1148.566,96.837,0.675112,0.400540
1826,6CHC,62.50,0.486000,1.00,-2045.717,168.166,0.431635,0.320430
1829,6CJ8,82.35,0.633700,1.00,-1270.385,59.502,0.192926,0.309150
1830,6CKD,90.28,0.753100,1.00,-2689.492,141.229,0.104632,0.747990
1831,6CKF,89.58,0.748800,1.00,-2689.492,141.229,0.139461,0.746540
1832,6CMH,58.33,0.492100,1.00,-1216.979,118.267,0.566573,0.273030
1833,6COO,83.82,0.690600,1.00,-1298.135,38.665,0.146773,0.374050
1834,6COP,85.29,0.610700,1.00,-1360.417,50.766,0.157214,0.358840
1835,6COQ,88.24,0.648100,1.00,-1177.229,49.793,0.154445,0.410190
1836,6COR,86.76,0.671500,1.00,-1148.245,40.157,0.216235,0.495580
1837,6COS,67.65,0.586400,1.00,-1270.385,59.502,0.356797,0.280770
1838,6COT,72.06,0.652600,1.00,-1200.652,31.934,0.306989,0.333860
1839,6COU,80.88,0.652600,1.00,-1202.541,48.080,0.305292,0.482520
1840,6COV,72.06,0.633200,1.00,-1200.652,31.934,0.407650,0.324440
1841,6COW,85.29,0.652500,1.00,-1270.385,59.502,0.222013,0.372170
1842,6CSK,96.05,0.785600,1.00,-1110.281,27.000,0.085527,0.445580
1843,6CSZ,88.16,0.719600,1.00,-992.416,37.582,0.205499,0.479110
1844,6CT1,71.05,0.631100,1.00,-1235.676,94.414,0.293701,0.334010
1845,6CT4,81.58,0.684100,1.00,-986.721,92.669,0.246482,0.554530
1846,6D3T,97.50,0.723800,1.00,-2039.998,112.605,0.079468,0.799090
1847,6D8H,92.97,0.759700,1.00,-2176.186,128.367,0.121880,0.793440
1848,6D8Q,96.77,0.797600,1.00,-2124.498,120.581,0.100506,0.834430
1849,6D8R,91.13,0.704400,1.00,-2036.829,162.540,0.141324,0.708330
1850,6D8S,93.55,0.733800,1.00,-2139.853,136.511,0.106780,0.723970
1851,6D8T,89.52,0.697200,1.00,-2289.479,127.849,0.126862,0.696060
1852,6D8U,95.97,0.718600,1.00,-2183.939,113.295,0.116669,0.799300
1853,6D8Y,92.74,0.715100,1.00,-2057.204,113.551,0.136925,0.728530
1854,6D93,95.97,0.729200,1.00,-2067.281,128.684,0.126408,0.758790
1855,6D9O,91.94,0.690300,1.00,-2163.891,122.189,0.167504,0.715910
1856,6D9P,94.35,0.744800,1.00,-2161.890,155.758,0.097004,0.735720
1857,6DHR,89.66,0.755300,1.00,-1935.542,149.322,0.221478,0.745340
1858,6DMZ,86.17,0.729900,1.00,-3401.695,176.222,0.128947,0.785210
1859,6DST,72.12,0.706100,1.00,-1792.903,46.837,0.288768,0.464510
1860,6DZ9,41.07,0.510700,1.00,-391.720,73.407,0.951667,0.271790
1861,6DZA,45.31,0.527500,1.00,-541.299,89.700,0.957262,0.204490
1862,6DZB,40.62,0.550500,1.00,-475.300,79.380,0.845540,0.254430
1863,6DZC,46.88,0.609400,1.00,-463.641,116.808,1.129941,0.162240
1864,6DZE,39.06,0.523200,1.00,-422.166,93.897,0.919003,0.173750
1865,6E1L,77.08,0.594900,1.00,-1434.788,129.607,0.288163,0.470080
1867,6EFE,74.07,0.639200,1.00,-2084.622,84.510,0.243101,0.370240
1868,6ENA,95.97,0.799500,1.00,-1901.745,182.703,0.084240,0.795580
1869,6F46,44.29,0.524100,1.00,-2751.277,54.756,0.810814,0.382560
1870,6F61,92.74,0.754900,1.00,-1993.177,149.416,0.131601,0.753740
1871,6FGM,95.83,0.769400,1.00,-686.119,45.130,0.081519,0.427740
1872,6FS4,67.74,0.640000,1.00,-2426.305,95.605,0.571777,0.515050
1873,6FS5,64.10,0.673200,1.00,-3115.344,130.709,0.441738,0.551010
1874,6G4I,76.04,0.726800,1.00,-1535.784,89.749,0.222705,0.346150
1875,6G4K,71.88,0.701900,1.00,-1535.784,89.749,0.282142,0.329440
1876,6G4U,63.54,0.729700,1.00,-1535.784,89.749,0.525039,0.359900
1877,6G4V,58.33,0.630900,1.00,-1627.122,47.405,0.455163,0.391130
1878,6G4X,61.46,0.629400,1.00,-1627.122,47.405,0.521945,0.363700
1880,6GIF,79.17,0.680300,1.00,-2080.257,110.257,0.296836,0.566180
1881,6GIG,65.00,0.682500,1.00,-2083.326,91.710,0.467532,0.488700
1882,6GIJ,80.00,0.619300,1.00,-848.829,33.710,0.300439,0.421200
1883,6GIK,61.54,0.543900,1.00,-758.670,29.104,0.336748,0.312130
1884,6GIL,46.15,0.535500,1.00,-645.482,39.314,0.477688,0.192600
1885,6GNZ,74.07,0.692900,1.00,-1811.509,48.131,0.403699,0.433960
1886,6GO0,73.08,0.699100,1.00,-1399.993,54.219,0.403136,0.444150
1887,6GS5,84.62,0.680900,1.00,-1048.728,34.058,0.210949,0.382670
1888,6GS9,85.94,0.718600,1.00,-955.433,15.305,0.118758,0.367310
1889,6HH0,64.00,0.636300,1.00,-1599.498,81.171,0.347500,0.352360
1890,6HN9,59.85,0.665100,1.00,-2325.319,60.024,0.649841,0.467240
1891,6HT4,71.25,0.649800,1.00,-883.622,85.743,0.348897,0.262370
1892,6HZ2,69.44,0.687100,1.00,-1719.161,46.337,0.257906,0.425600
1893,6IHA,72.50,0.778000,1.00,-1823.562,72.393,0.316424,0.438970
1894,6ITH,64.63,0.728500,1.00,-3366.648,66.462,0.443815,0.704840
1895,6J12,45.54,0.505800,1.00,-2149.052,66.773,0.914117,0.288130
1896,6J9P,93.75,0.665900,1.00,-768.198,30.412,0.137357,0.435790
1897,6JI7,60.42,0.492400,1.00,-2521.090,260.939,0.392381,0.358960
1898,6JIC,90.28,0.709800,1.00,-2431.816,210.105,0.120233,0.726380
1899,6K4V,40.62,0.348800,1.00,-2389.729,196.790,1.405505,0.290030
1900,6K4W,45.00,0.585700,1.00,-2478.662,196.467,0.907560,0.333690
1901,6K50,91.25,0.754300,1.00,-2855.295,170.685,0.116827,0.790430
1902,6K51,90.62,0.782700,1.00,-2731.955,229.553,0.113811,0.792550
1903,6KLM,79.41,0.610100,1.00,-2529.209,161.253,0.271127,0.554700
1904,6KRA,89.39,0.742900,1.00,-2199.593,175.406,0.170060,0.690850
1905,6L8R,36.36,0.499900,1.00,-761.253,258.388,0.794832,0.252120
1906,6LF5,93.38,0.729700,1.00,-2379.698,186.254,0.099569,0.767320
1907,6M0Y,83.33,0.619800,1.00,-700.321,19.284,0.242534,0.454570
1908,6M19,43.33,0.414800,1.00,-835.269,35.104,0.682615,0.186700
1909,6M56,34.17,0.238500,1.00,-2037.551,180.801,1.349865,0.216740
1910,6M5C,75.00,0.639500,1.00,-2562.153,224.451,0.243678,0.572280
1911,6MBM,89.06,0.661400,1.00,-1072.969,36.144,0.135270,0.447710
1912,6MF8,47.28,0.587000,1.00,-3371.177,118.282,1.200135,0.427260
1913,6MJV,76.56,0.629000,1.00,-1558.962,151.141,0.212604,0.555590
1914,6MK4,92.50,0.692800,1.00,-1859.452,193.430,0.105002,0.720060
1915,6MK5,87.50,0.694700,1.00,-2478.804,207.382,0.194803,0.712800
1916,6MM4,86.36,0.702500,1.00,-2105.292,160.258,0.158526,0.658110
1917,6MW6,44.74,0.436700,1.00,-887.066,47.211,0.919653,0.182280
1918,6MZT,91.89,0.729200,1.00,-2452.211,154.462,0.123651,0.768460
1919,6NK9,85.94,0.738200,1.00,-1984.177,92.716,0.270093,0.693580
1920,6NOM,55.85,0.521400,1.00,-3367.250,265.172,0.557336,0.453730
1921,6NOX,98.21,0.730700,1.00,-641.427,59.624,0.076578,0.488380
1922,6NUG,78.12,0.614800,1.00,-1619.442,92.825,0.191683,0.345030
1923,6NW8,61.11,0.543600,1.00,-1399.205,256.216,0.463010,0.338470
1924,6O3Q,85.20,0.715900,1.00,-3739.522,208.661,0.305348,0.771960
1925,6O3S,78.72,0.665000,1.00,-3816.950,105.968,0.239170,0.703800
1931,6OBK,65.12,0.546900,1.00,-4487.008,153.771,0.315500,0.570620
1932,6OBW,60.29,0.519500,1.00,-1217.905,36.799,0.510874,0.256700
1933,6OC2,51.47,0.465100,1.00,-1339.157,30.159,0.432745,0.222440
1934,6OC4,64.71,0.550100,1.00,-1302.851,39.510,0.422056,0.308190
1935,6OFA,90.15,0.740000,1.00,-2896.353,102.623,0.158707,0.718320
1936,6OLD,63.24,0.532300,1.00,-1302.851,39.510,0.466774,0.255890
1937,6OQP,67.31,0.547200,1.00,-642.168,67.971,0.306156,0.213800
1938,6OTA,56.25,0.499500,1.00,-636.487,87.885,0.404555,0.214090
1939,6OTB,51.32,0.462200,1.00,-999.752,87.958,0.633583,0.205600
1940,6OVJ,78.85,0.571700,1.00,-639.740,105.401,0.238610,0.314930
1941,6PIN,93.06,0.797500,1.00,-944.170,101.526,0.093669,0.462510
1942,6PIO,97.22,0.771000,1.00,-1102.823,85.000,0.088927,0.571290
1943,6PIP,88.89,0.773700,1.00,-1025.022,83.683,0.128961,0.433540
1945,6POR,31.25,0.475400,1.00,-1454.299,114.499,1.321228,0.169420
1946,6PPC,80.30,0.748800,1.00,-1763.084,204.399,0.238498,0.592830
1947,6PX7,76.47,0.677700,1.00,-1967.525,193.064,0.329179,0.556010
1948,6PX8,84.46,0.716400,1.00,-2618.443,149.803,0.262114,0.726250
1949,6Q1X,31.06,0.471100,1.00,-1256.234,181.866,0.940508,0.263890
1950,6Q5Z,63.79,0.516400,1.00,-1560.199,214.290,0.449684,0.386840
1951,6QAX,73.08,0.648900,1.00,-252.606,58.822,0.303901,0.316060
1952,6QB0,61.54,0.625800,1.00,-188.830,69.763,0.299151,0.204660
1953,6QB1,53.85,0.650400,1.00,-225.047,58.135,0.417517,0.309650
1954,6QES,92.50,0.756500,1.00,-3463.075,204.504,0.108629,0.805290
1955,6QET,79.76,0.689400,1.00,-2733.193,225.917,0.221942,0.672230
1956,6QJB,85.00,0.696600,1.00,-2523.329,171.283,0.192466,0.704820
1957,6QKF,86.11,0.678900,1.00,-965.587,74.315,0.291474,0.468630
1958,6R2X,72.00,0.595000,1.00,-1948.101,58.529,0.338541,0.489930
1959,6R95,63.54,0.642700,1.00,-1564.845,66.508,0.385819,0.306700
1960,6R96,58.33,0.657800,1.00,-1564.845,66.508,0.552726,0.311620
1961,6RRL,87.50,0.668000,1.00,-841.389,38.759,0.162777,0.592940
1962,6RRO,100.00,0.775700,1.00,-737.247,30.717,0.050897,0.590350
1963,6RSF,52.00,0.483300,1.00,-1524.890,21.866,0.400634,0.265580
1964,6RSG,43.00,0.484800,1.00,-1303.727,21.512,0.624071,0.201610
1965,6RSM,77.27,0.561400,1.00,-500.299,40.646,0.251431,0.478190
1966,6RY9,50.00,0.514500,1.00,-1453.916,21.219,0.459499,0.212380
1967,6RYQ,55.00,0.490900,1.00,-900.440,26.784,0.474234,0.203030
1968,6RZ1,41.67,0.523500,1.00,-1535.157,23.065,0.597312,0.171610
1969,6RZC,57.00,0.554000,1.00,-1532.977,44.917,0.406986,0.254380
1970,6S2D,51.04,0.566700,1.00,-1304.653,20.089,0.525160,0.205340
1971,6SAA,88.39,0.716300,1.00,-1609.845,104.374,0.196029,0.666600
1972,6SAB,63.97,0.525200,1.00,-2273.883,172.654,0.574319,0.441790
1973,6SFT,58.33,0.602500,1.00,-1528.021,229.105,0.475573,0.323910
1974,6SVC,86.43,0.737900,1.00,-2199.326,164.852,0.187421,0.656970
1975,6SVE,87.86,0.719600,1.00,-2199.326,164.852,0.158726,0.725280
1976,6SVH,92.14,0.744400,1.00,-2199.326,164.852,0.136480,0.739140
1977,6SY2,84.18,0.776500,1.00,-3795.698,216.411,0.287543,0.737610
1978,6SZF,26.79,0.348000,1.00,-1683.266,330.704,1.152721,0.214670
1979,6T33,54.55,0.436300,1.00,-3252.522,170.334,0.522692,0.419270
1980,6TVJ,37.50,0.422400,1.00,-305.177,47.869,0.641462,0.257150
1981,6TWG,90.38,0.678400,1.00,-818.370,32.767,0.248787,0.592470
1982,6U24,46.43,0.652300,1.00,-438.138,55.002,1.128298,0.243880
1983,6U6G,50.69,0.370300,1.00,-2457.812,167.304,0.877975,0.338220
1984,6U7Q,94.64,0.764100,1.00,-524.985,123.647,0.075335,0.478480
1985,6U7R,96.43,0.755900,1.00,-711.701,66.421,0.090742,0.457850
1986,6U7S,91.07,0.780700,1.00,-646.400,59.107,0.139260,0.497290
1987,6U7U,50.00,0.577100,1.00,-367.602,64.352,0.699653,0.232640
1988,6U7W,53.57,0.592700,1.00,-456.994,59.527,0.948354,0.274870
1989,6U7X,53.57,0.609200,1.00,-422.309,77.350,0.906585,0.223990
1990,6UCH,66.46,0.665100,1.00,-2274.469,116.018,0.686938,0.542110
1991,6V1N,60.29,0.516300,1.00,-1248.179,44.844,0.408535,0.221560
1992,6V6T,77.86,0.669800,1.00,-2387.585,178.722,0.279640,0.598410
1993,6VE9,61.90,0.608900,1.00,-1370.400,36.989,0.493740,0.290860
1994,6VGT,45.39,0.435200,1.00,-2066.594,75.548,1.267522,0.360260
1995,6VH8,80.56,0.663600,1.00,-3215.614,199.912,0.211315,0.618000
1996,6VLA,88.24,0.717200,1.00,-1058.615,67.345,0.115964,0.521260
1997,6VLJ,43.42,0.456400,1.00,-624.432,98.928,0.653709,0.201070
1998,6VNZ,90.32,0.710500,1.00,-2273.279,103.856,0.121772,0.675920
1999,6VPN,96.28,0.781300,1.00,-3422.956,212.184,0.081239,0.886520
2000,6VXG,26.74,0.293900,1.00,-1596.154,251.152,1.160445,0.258270
2001,6VY8,41.07,0.641300,1.00,-438.138,55.002,1.105372,0.296750
2002,6WQJ,79.29,0.634400,1.00,-2985.077,86.113,0.233415,0.628630
2003,6WQL,80.61,0.628800,1.00,-3747.613,155.641,0.303928,0.680100
2004,6X7I,79.46,0.704600,1.00,-2177.329,48.190,0.460031,0.686350
2005,6XCR,70.00,0.765300,1.00,-3074.745,163.664,0.618831,0.614150
2006,6XCU,64.44,0.690900,1.00,-3030.082,184.334,0.592405,0.586030
2007,6XN9,35.71,0.411000,1.00,-3796.434,190.481,0.854905,0.257660
2008,6XTH,47.22,0.434600,1.00,-898.474,56.902,0.779163,0.187910
2009,6XTI,32.35,0.387300,1.00,-952.428,25.401,0.830250,0.177750
2010,6XYH,90.62,0.737800,1.00,-2536.661,217.086,0.131361,0.782950
2011,6XYI,82.74,0.631300,1.00,-2507.762,250.379,0.217879,0.707510
2012,6Y1Q,42.86,0.389700,1.00,-881.628,39.713,0.756256,0.107250
2013,6YHF,61.67,0.659100,1.00,-1921.442,56.260,0.390657,0.458000
2014,6YHI,67.50,0.719500,1.00,-2285.933,56.177,0.368308,0.438640
2015,6YHO,65.83,0.725100,1.00,-1958.829,63.049,0.350741,0.477540
2016,6YHP,67.50,0.735600,1.00,-1957.951,65.699,0.355955,0.491860
2017,6YHX,76.67,0.739100,1.00,-1973.093,33.951,0.238571,0.506110
2018,6YJL,46.97,0.426700,1.00,-2106.008,129.558,0.837942,0.352340
2019,6YSE,88.59,0.778100,1.00,-4392.701,113.027,0.127007,0.786890
2020,6Z0G,53.06,0.666300,1.00,-2890.160,260.233,0.648591,0.419270
2021,6Z0H,58.67,0.734800,1.00,-3012.902,194.607,0.710010,0.515010
2022,6Z0I,53.06,0.634000,1.00,-2890.160,260.233,0.769117,0.500370
2023,7ALD,92.50,0.682200,1.00,-1167.676,108.515,0.135081,0.355400
2024,7ASY,62.88,0.630400,1.00,-2530.426,67.704,0.448369,0.395780
2025,7AT7,62.88,0.661000,1.00,-2382.335,90.722,0.471345,0.578540
2026,7ATB,59.85,0.671100,1.00,-2786.233,90.652,0.465080,0.564750
2027,7AY8,83.33,0.700800,1.00,-2210.755,302.271,0.271587,0.695710
2028,7B2F,54.03,0.530500,1.00,-2198.417,84.450,0.810799,0.408940
2029,7BW5,33.82,0.499300,1.00,-494.892,80.771,0.987983,0.139650
2030,7BWI,89.88,0.799200,1.00,-3680.615,225.656,0.240282,0.799130
2031,7BX2,89.29,0.669900,1.00,-767.237,17.944,0.106537,0.495460
2032,7BZ7,43.33,0.427800,1.00,-931.862,51.485,0.676136,0.152800
2033,7BZ8,48.33,0.422700,1.00,-935.656,47.174,0.724221,0.196450
2034,7BZ9,41.67,0.404800,1.00,-873.375,60.755,0.668224,0.174230
2035,7BZA,48.33,0.438800,1.00,-903.350,44.275,0.639689,0.127920
2036,7CCN,61.76,0.587500,1.00,-609.664,89.016,0.521626,0.262020
2037,7CCO,61.76,0.590200,1.00,-609.664,89.016,0.522836,0.247910
2038,7CK5,70.54,0.611400,1.00,-1890.844,64.131,0.379440,0.483590
2039,7CKD,26.92,0.249500,1.00,-3307.374,177.790,1.186525,0.248920
2040,7CKE,30.13,0.363700,1.00,-3307.374,177.790,0.987201,0.246270
2041,7CSS,55.77,0.545600,1.00,-571.130,109.028,0.409943,0.236320
2042,7CU6,45.00,0.404800,1.00,-968.680,54.303,0.651163,0.175490
2043,7D13,82.69,0.786500,1.00,-2729.402,53.376,0.195597,0.681760
2044,7D16,46.15,0.555800,1.00,-2729.402,53.376,1.040751,0.406790
2045,7D37,67.31,0.509800,1.00,-571.130,109.028,0.287082,0.277890
2046,7DEH,78.23,0.687100,1.00,-1947.421,59.998,0.225093,0.517720
2047,7EDK,52.63,0.465700,1.00,-910.143,93.777,0.491975,0.123250
2048,7EES,40.00,0.540400,1.00,-597.402,95.553,1.290651,0.128820
2049,7ELY,46.15,0.448100,1.00,-1825.142,135.904,0.550351,0.193830
2050,7F32,72.22,0.673800,1.00,-1070.582,82.132,0.281587,0.262510
2051,7JIA,77.08,0.662400,1.00,-1290.565,171.104,0.189902,0.336840
2052,7JIY,93.75,0.722600,1.00,-1466.403,103.133,0.105517,0.543120
2053,7JNN,90.22,0.698500,1.00,-3781.735,174.136,0.153707,0.810500
2054,7JPM,76.19,0.632700,1.00,-2343.167,258.380,0.384175,0.631480
2055,7JS6,30.00,0.401600,1.00,-589.456,56.613,0.657154,0.114620
2056,7K1M,91.67,0.671300,1.00,-714.669,40.535,0.092159,0.455010
2057,7K7X,80.17,0.661300,1.00,-1975.503,141.647,0.261840,0.519750
2058,7KNN,70.31,0.562500,1.00,-952.831,43.897,0.343490,0.273850
2059,7KPD,96.55,0.789000,1.00,-2117.930,193.973,0.073652,0.760990
2060,7L53,50.89,0.392900,1.00,-2059.654,165.228,0.433853,0.209390
2061,7L54,47.32,0.369600,1.00,-2059.654,165.228,0.475016,0.189600
2062,7L55,44.64,0.317200,1.00,-2059.654,165.228,0.668635,0.249210
2063,7L7A,53.57,0.505400,1.00,-696.331,68.548,0.526486,0.210970
2064,7L83,52.03,0.644300,1.00,-2892.563,98.561,1.084651,0.435380
2065,7LCW,31.67,0.508600,1.00,-454.841,91.795,1.017398,0.070170
2066,7LGL,48.94,0.404900,1.00,-3248.036,325.690,0.997260,0.403750
2067,7LGV,59.90,0.527500,1.00,-3452.533,228.193,0.678823,0.501770
2068,7LHC,87.07,0.736700,1.00,-1832.525,154.636,0.231954,0.672160
2069,7LI2,48.86,0.582600,1.00,-841.034,161.152,0.700699,0.181170
2070,7LIF,40.91,0.502400,1.00,-841.034,161.152,0.651399,0.146780
2071,7LP4,67.55,0.523300,1.00,-3295.972,254.573,0.627139,0.570080
2072,7LQR,77.38,0.634400,1.00,-1260.593,84.921,0.284351,0.375440
2073,7LQS,75.00,0.575000,1.00,-863.239,66.209,0.330771,0.293650
2074,7LRW,44.05,0.467400,1.00,-1441.597,105.175,0.559555,0.183590
2075,7LSO,100.00,0.722800,1.00,-1106.952,25.028,0.046998,0.581470
2076,7LSP,90.28,0.721100,1.00,-1106.952,25.028,0.095330,0.495600
2077,7LT7,27.14,0.246100,1.00,-1853.585,232.333,1.487770,0.205470
2078,7LVE,71.28,0.598500,1.00,-3706.658,149.634,0.321110,0.546910
2079,7LVG,54.44,0.524100,1.00,-3515.167,143.539,0.604955,0.432330
2080,7LX4,46.95,0.395300,1.00,-3045.354,246.958,0.538514,0.371140
2081,7LZL,92.57,0.749700,1.00,-2489.844,171.168,0.128754,0.812770
2082,7M1D,46.35,0.415900,1.00,-2854.872,247.281,0.827508,0.393750
2083,7M1E,74.11,0.723500,1.00,-1896.432,24.465,0.302637,0.477890
2084,7M3U,48.15,0.350300,1.00,-2030.227,139.031,0.492830,0.197260
2085,7MJ3,31.25,0.339500,1.00,-3060.973,350.094,0.958082,0.272400
2086,7MY8,36.31,0.546000,1.00,-3079.068,155.155,1.017968,0.354660
2087,7N0T,59.38,0.507300,1.00,-886.139,61.039,0.430130,0.326970
2088,7N21,77.94,0.595700,1.00,-716.543,79.272,0.317658,0.327680
2089,7N23,80.88,0.644000,1.00,-716.543,79.272,0.260890,0.403640
2090,7N25,60.94,0.537000,1.00,-886.139,61.039,0.434435,0.324130
2091,7NIP,78.05,0.653500,1.00,-4221.440,121.158,0.185634,0.651600
2092,7NS1,77.42,0.774300,1.00,-2795.597,70.707,0.226128,0.640160
2093,7OB2,87.50,0.576500,1.00,-552.401,32.459,0.196964,0.499370
2094,7OD2,72.06,0.549100,1.00,-2397.540,142.761,0.331249,0.558400
2095,7OFM,74.17,0.693700,1.00,-1902.258,112.523,0.418278,0.536390
2096,7OFO,75.83,0.703500,1.00,-1902.258,112.523,0.304216,0.601250
2097,7OSC,90.62,0.728900,1.00,-1516.165,122.044,0.189469,0.509800
2099,7P3M,100.00,0.741500,1.00,-737.995,29.741,0.050398,0.579460
2100,7P4X,78.23,0.676300,1.00,-1907.217,97.666,0.317689,0.580800
2101,7P55,71.59,0.642500,1.00,-1781.545,52.354,0.235629,0.341300
2102,7P5G,47.00,0.524200,1.00,-1132.310,116.679,0.463204,0.214450
2103,7P5Q,32.00,0.495700,1.00,-1105.857,142.140,0.926514,0.151820
2104,7P5S,41.00,0.500400,1.00,-1101.215,120.337,0.654614,0.194300
2105,7PH8,80.65,0.773400,1.00,-2621.045,65.733,0.194673,0.704480
2106,7PHT,78.33,0.774700,1.00,-2601.714,48.118,0.183196,0.599500
2107,7PL4,72.58,0.702900,1.00,-2007.900,37.849,0.377225,0.566900
2108,7PVB,98.91,0.847800,1.00,-3495.802,139.186,0.061016,0.925140
2109,7PVM,58.06,0.579900,1.00,-1265.728,175.469,0.668059,0.426830
2110,7QAL,45.71,0.700500,1.00,-1900.370,79.871,0.967010,0.350100
2111,7QAM,47.86,0.669400,1.00,-1948.779,68.949,0.808146,0.353290
2112,7QAO,51.43,0.649500,1.00,-1875.751,72.009,0.523970,0.417350
2113,7QAP,49.29,0.661500,1.00,-1976.108,76.187,0.598839,0.373980
2114,7QLF,44.12,0.550500,1.00,-659.968,84.247,1.012967,0.209430
2115,7QXJ,89.29,0.677600,1.00,-1909.890,85.655,0.166112,0.703650
2116,7RC7,92.19,0.767700,1.00,-1955.686,174.428,0.181551,0.796790
2117,7RC8,91.41,0.789100,1.00,-1955.686,174.428,0.224308,0.770370
2118,7RFA,80.17,0.669900,1.00,-1760.846,207.329,0.298405,0.518460
2119,7RN3,94.17,0.810800,1.00,-2097.536,193.318,0.085418,0.736920
2120,7S55,98.39,0.849800,1.00,-2191.564,184.997,0.061057,0.849610
2121,7S7P,92.26,0.805100,1.00,-2831.774,221.669,0.122176,0.834040
2122,7SAG,70.16,0.537100,1.00,-1731.357,201.436,0.539563,0.495860
2123,7SKC,86.76,0.672600,1.00,-2588.419,166.342,0.164211,0.673800
2124,7T6G,52.50,0.523600,1.00,-1041.820,36.002,0.527089,0.352470
2125,7T7W,88.64,0.633000,1.00,-605.684,26.309,0.161357,0.463640
2126,7TB9,41.25,0.435400,1.00,-343.661,113.502,0.546411,0.105970
2127,7TH8,57.58,0.487000,1.00,-1901.139,194.454,0.721610,0.358330
2128,7UNX,75.00,0.589700,1.00,-2725.398,194.598,0.850695,0.608750
2129,7UV3,68.23,0.572400,1.00,-3634.157,138.629,0.569864,0.593150
2130,7V5E,47.22,0.452900,1.00,-973.733,101.009,0.603391,0.191960
2131,7V5F,61.29,0.549400,1.00,-2710.989,184.077,0.529457,0.371910
2132,7VOZ,71.55,0.746600,1.00,-1770.266,56.766,0.308790,0.516890
2133,7VQH,30.56,0.461100,1.00,-540.769,103.966,0.830263,0.180080
2134,7VQI,30.56,0.448500,1.00,-540.769,103.966,0.761919,0.145860
2135,7W8K,50.00,0.394900,1.00,-1785.816,140.071,0.489752,0.258120
2136,7W8O,41.35,0.445900,1.00,-2022.124,83.125,0.711160,0.212600
2137,7W8R,51.92,0.474500,1.00,-2022.124,83.125,0.539778,0.177850
2138,7W8T,47.12,0.427400,1.00,-1419.057,141.853,0.656754,0.234150
2139,7W8Z,59.21,0.579400,1.00,-2443.370,144.229,0.607687,0.409330
2140,7W96,86.11,0.799700,1.00,-1102.008,107.732,0.133004,0.506960
2141,7WE3,29.84,0.449500,1.00,-1577.261,163.082,0.861736,0.230690
2142,7WEI,35.48,0.460500,1.00,-1577.261,163.082,0.779159,0.191500
2143,7Y7L,69.44,0.587800,1.00,-3078.600,217.327,0.290665,0.536180
2144,7YAB,64.20,0.525900,1.00,-2905.404,225.431,0.349895,0.522530
2145,7YFS,56.25,0.552300,1.00,-935.412,35.203,0.591273,0.251150
2146,7YHF,95.14,0.863200,1.00,-2463.510,233.007,0.081396,0.834130
2147,7YHG,98.61,0.872500,1.00,-2463.510,233.007,0.065322,0.878100
2148,7YHH,97.92,0.867600,1.00,-2463.510,233.007,0.064793,0.879000
2149,7YHI,97.22,0.842600,1.00,-2358.518,233.252,0.073473,0.841400
2150,7YRV,47.32,0.510600,1.00,-2372.447,92.218,0.653468,0.290260
2151,7YRW,27.42,0.316500,1.00,-2050.393,177.034,0.958215,0.285020
2152,7YRX,65.32,0.538500,1.00,-2160.720,136.698,0.383728,0.377610
2153,7YSS,73.21,0.575600,1.00,-1016.921,28.005,0.417362,0.454760
2154,7YYI,70.69,0.707700,1.00,-2122.152,76.737,0.229429,0.551770
2155,7Z07,75.00,0.707600,1.00,-2187.191,70.603,0.216612,0.521440
2156,7Z08,68.10,0.704600,1.00,-2272.846,66.237,0.277887,0.473010
2157,7Z0B,71.55,0.732900,1.00,-2463.082,87.465,0.256145,0.612230
2159,7ZNF,85.00,0.707700,1.00,-1886.131,135.571,0.241279,0.566820
2160,7ZRF,40.28,0.426200,1.00,-878.350,76.194,0.914224,0.168840
2161,7ZRO,25.00,0.398700,1.00,-2447.709,88.545,1.225482,0.215580
2162,7ZRU,84.82,0.723300,1.00,-1838.966,88.314,0.211637,0.608960
2163,7ZWJ,41.18,0.533300,1.00,-402.678,81.512,0.988420,0.206080
2164,7ZZV,33.33,0.439300,1.00,-2776.452,77.173,1.246500,0.257980
2165,8A6I,32.14,0.381500,1.00,-2200.762,136.113,1.159002,0.261270
2166,8AHK,82.32,0.689700,1.00,-3282.560,258.954,0.219670,0.681610
2167,8B1L,86.46,0.647100,1.00,-1595.309,31.326,0.193198,0.522520
2168,8B1X,63.00,0.581800,1.00,-1455.884,47.504,0.742661,0.498440
2169,8B4R,71.25,0.623400,1.00,-1076.741,102.546,0.314976,0.285140
2170,8B6X,77.00,0.602000,1.00,-1922.798,47.668,0.249596,0.479290
2171,8B6Y,86.00,0.691300,1.00,-1922.798,47.668,0.152041,0.514510
2172,8B9Q,28.75,0.412400,1.00,-1487.029,276.819,1.407953,0.223590
2173,8B9R,30.62,0.464100,1.00,-1487.029,276.819,1.371701,0.224120
2174,8BOO,30.43,0.467700,1.00,-635.002,182.474,1.116527,0.195410
2175,8BVC,88.10,0.804000,1.00,-2970.163,209.599,0.129399,0.777200
2176,8BVZ,38.16,0.588900,1.00,-538.778,110.442,1.172144,0.152440
2177,8BWW,65.28,0.541800,1.00,-1498.542,34.081,0.394089,0.296730
2178,8CIQ,82.86,0.681700,1.00,-2163.353,158.139,0.289126,0.680820
2183,8CJT,79.29,0.684200,1.00,-2143.023,155.134,0.212122,0.589060
2184,8CM3,86.96,0.701400,1.00,-1587.220,130.407,0.195360,0.450880
2185,8DFZ,62.21,0.566900,1.00,-3305.757,310.510,1.125571,0.529440
2186,8DYM,35.34,0.557700,1.00,-865.370,180.009,1.972333,0.218300
2187,8DYN,41.67,0.506600,1.00,-1026.958,166.476,0.897010,0.158810
2188,8EB1,66.67,0.547500,1.00,-1686.939,41.937,0.604388,0.403140
2189,8EF4,45.00,0.549600,1.00,-419.623,104.793,0.692627,0.222240
2190,8F04,80.26,0.640600,1.00,-1189.821,114.162,0.289509,0.350140
2191,8FD4,85.29,0.633300,1.00,-2186.796,157.012,0.183461,0.633930
2192,8FEY,88.89,0.701100,1.00,-2338.167,190.571,0.151674,0.737950
2193,8G21,66.41,0.673900,1.00,-2239.679,77.912,0.333355,0.461190
2194,8GUC,45.14,0.387400,1.00,-2474.437,207.326,0.590075,0.323220
2195,8GVN,83.93,0.616800,1.00,-1016.921,28.005,0.222248,0.414470
2196,8H0G,70.97,0.705400,1.00,-2105.078,92.413,0.337619,0.590120
2197,8H0U,79.84,0.731100,1.00,-2105.078,92.413,0.200906,0.587550
2198,8HJC,91.67,0.774900,1.00,-2633.030,177.617,0.130754,0.782350
2199,8HJD,91.67,0.743100,1.00,-2633.030,177.617,0.117633,0.766780
2200,8HR3,55.77,0.554000,1.00,-681.619,59.828,0.459792,0.347800
2201,8HR4,78.85,0.642100,1.00,-709.142,54.346,0.192863,0.319690
2202,8HVS,87.50,0.561000,1.00,-363.021,43.298,0.223618,0.432920
2203,8HZW,56.25,0.554300,1.00,-1068.724,28.597,0.635895,0.263020
2204,8IKQ,82.14,0.608600,1.00,-671.700,57.740,0.240423,0.436780
2205,8IL1,80.36,0.513600,1.00,-671.700,57.740,0.281074,0.237120
2206,8IL2,78.33,0.618400,1.00,-725.839,63.745,0.279124,0.450740
2207,8IL6,88.33,0.650200,1.00,-725.839,63.745,0.228715,0.390740
2208,8JB4,27.08,0.371700,1.00,-1560.706,135.302,0.900389,0.169120
2209,8K3M,42.65,0.489100,1.00,-528.862,76.777,0.825321,0.267240
2210,8K3N,35.29,0.555600,1.00,-528.862,76.777,0.961748,0.226400
2211,8OR5,66.67,0.670800,1.00,-1825.670,52.171,0.335693,0.411300
2212,8ORY,82.50,0.735200,1.00,-2283.373,49.730,0.141319,0.614750
2213,8ORZ,71.67,0.678600,1.00,-1690.163,42.963,0.307463,0.456500
2214,8OS0,70.83,0.769700,1.00,-1943.786,61.278,0.266761,0.477090
2215,8OSQ,27.86,0.451200,1.00,-791.468,269.358,1.077712,0.187350
2216,8PWT,36.03,0.495100,1.00,-2711.542,68.482,1.280439,0.270310
2221,8QNT,28.06,0.588800,1.00,-3710.630,146.016,1.669474,0.262230
2222,8QTQ,69.12,0.623600,1.00,-2204.502,221.895,0.351820,0.475690
2223,8R89,61.11,0.594100,1.00,-1237.286,55.466,0.517194,0.179240
2224,8RHS,52.08,0.453200,1.00,-3175.998,213.647,0.530198,0.453010
2225,8RPQ,69.44,0.767600,1.00,-2624.889,103.667,0.365770,0.565520
2226,8RQ6,76.61,0.690500,1.00,-2301.123,63.729,0.261679,0.524230
2227,8S9Y,27.56,0.406700,1.00,-1747.522,324.729,0.854314,0.230060
2228,8SED,78.38,0.634500,1.00,-2485.545,176.109,0.241956,0.588760
2229,8SEM,84.62,0.690500,1.00,-1989.348,182.172,0.319879,0.710520
2230,8SVB,33.33,0.499800,1.00,-1385.054,102.146,1.553026,0.181060
2231,8T01,94.23,0.775300,1.00,-742.161,22.773,0.098190,0.424950
2232,8T61,79.69,0.539000,1.00,-678.432,74.957,0.241109,0.300690
2233,8T62,79.69,0.691700,1.00,-647.064,55.191,0.182415,0.289890
2234,8T63,53.12,0.634500,1.00,-568.631,100.722,0.396336,0.167630
2235,8TFV,85.71,0.747600,1.00,-858.466,111.281,0.213745,0.377460
2236,8TV4,46.15,0.434900,1.00,-1048.728,34.058,0.599064,0.257960
2237,8TXS,87.50,0.722300,1.00,-672.019,89.109,0.120042,0.381080
2238,8TYI,81.03,0.722400,1.00,-1848.219,121.024,0.203033,0.540480
2239,8UKC,36.67,0.398600,1.00,-645.787,62.443,0.867509,0.191720
2240,8ULM,72.73,0.594700,1.00,-1977.422,168.933,0.298795,0.495870
2241,8UM1,58.93,0.619200,1.00,-2917.342,118.800,0.509922,0.499310
2242,8UM2,60.12,0.608300,1.00,-2917.342,118.800,0.937365,0.484690
2243,8UNG,79.88,0.679400,1.00,-2794.659,158.322,0.203754,0.659210
2244,8UWF,89.10,0.766300,1.00,-2496.282,239.222,0.223640,0.782100
2245,8UXR,57.61,0.456900,1.00,-1724.816,113.631,0.610347,0.269320
2246,8V2M,84.82,0.673500,1.00,-1886.083,89.242,0.210792,0.579330
2247,8V2V,30.49,0.369100,1.00,-3225.142,256.691,0.916685,0.273880
2248,8VU6,89.67,0.765900,1.00,-2951.540,266.026,0.170073,0.811420
2249,8VU7,92.22,0.777700,1.00,-3307.540,211.787,0.143649,0.827480
2250,8VU8,86.05,0.705800,1.00,-2819.402,243.237,0.144294,0.734280
2251,8VYC,48.86,0.488200,1.00,-883.875,125.779,0.764787,0.176280
2252,8W0Q,72.50,0.648500,1.00,-1278.547,102.661,0.360272,0.302750
2253,8W16,76.67,0.574400,1.00,-1049.738,39.694,0.293885,0.373030
2254,8W17,78.33,0.561900,1.00,-996.652,47.524,0.251924,0.361440
2255,8W2V,30.77,0.540300,1.00,-1239.889,264.025,1.015467,0.244950
2256,8WGI,72.00,0.573200,1.00,-1484.762,123.271,0.263930,0.378600
2257,8WGJ,40.62,0.402200,1.00,-1323.911,191.442,0.570452,0.208330
2258,8WW0,76.56,0.697500,1.00,-2035.696,174.808,0.366693,0.549950
2259,8WW1,57.50,0.513600,1.00,-2504.027,154.454,0.533555,0.332930
2260,8X3N,65.62,0.509200,1.00,-657.685,97.346,0.362050,0.279660
2261,8X40,78.12,0.556700,1.00,-657.685,97.346,0.233153,0.256200
2262,8XTH,68.33,0.571900,1.00,-748.850,72.967,0.357439,0.233510
2263,8XTN,32.58,0.380700,1.00,-1386.756,190.678,1.043050,0.225850
2264,8XTO,39.29,0.434600,1.00,-851.344,102.959,0.639470,0.173910
2265,8Y3S,54.55,0.549200,1.00,-298.243,32.321,0.413281,0.374770
2266,8YD6,27.50,0.368300,1.00,-1952.116,173.834,0.837308,0.206970
2267,8ZG2,47.73,0.552800,1.00,-157.261,49.601,0.500258,0.236150
2268,8ZG3,56.82,0.552200,1.00,-158.031,33.119,0.703188,0.368910
2269,8ZG4,50.00,0.559700,1.00,-201.000,56.701,0.573623,0.208950
2270,8ZP3,34.09,0.410300,1.00,-1116.584,152.631,1.098090,0.235910
2271,8ZUG,36.96,0.354600,1.00,-633.155,97.067,1.315522,0.177750
2272,9AZI,96.30,0.818500,1.00,-1909.124,86.266,0.111723,0.832390
2273,9BET,52.38,0.675500,1.00,-2850.185,50.363,0.552999,0.559680
2274,9BF4,54.84,0.453700,1.00,-2421.328,146.680,0.680520,0.338950
2275,9BHN,40.91,0.445700,1.00,-461.952,24.415,0.537510,0.243070
2276,9BV0,84.26,0.701400,1.00,-2272.141,137.284,0.133132,0.484050
2277,9BV4,75.69,0.635300,1.00,-3215.614,199.912,0.180851,0.549920
2278,9BVS,38.46,0.459600,1.00,-1044.764,35.141,0.525528,0.211410
2279,9BVU,45.00,0.430700,1.00,-1223.940,42.938,0.679934,0.250810
2280,9BVV,44.23,0.437300,1.00,-1157.467,19.418,0.478252,0.192330
2281,9CRB,99.11,0.819300,1.00,-1714.228,131.030,0.064425,0.795520
2282,9F1E,69.64,0.653700,1.00,-1410.569,195.136,0.471074,0.530880
2283,9F1F,67.31,0.683500,1.00,-2245.442,192.828,0.529269,0.547080
2284,9F1G,57.14,0.689800,1.00,-3156.126,191.095,0.511627,0.577330
2285,9FJN,94.44,0.792600,1.00,-1299.081,34.759,0.080152,0.442730
2286,9FJW,52.14,0.644700,1.00,-2065.979,112.763,0.998084,0.410870
2287,9G0M,90.00,0.787500,1.00,-1555.429,73.868,0.137813,0.590400
2288,9G0N,87.00,0.754200,1.00,-1555.429,73.868,0.175053,0.569050
2289,9G20,90.00,0.781500,1.00,-1555.429,73.868,0.182705,0.622920
2290,9G21,73.00,0.588900,1.00,-1555.429,73.868,0.310101,0.359870
2291,9G22,89.00,0.738000,1.00,-1489.313,86.423,0.143255,0.530450
2292,9G2N,90.00,0.758100,1.00,-1489.313,86.423,0.155622,0.534810
2293,9G2O,89.00,0.755200,1.00,-1489.313,86.423,0.151892,0.512260
2294,9G31,82.00,0.686200,1.00,-1489.313,86.423,0.177609,0.414490
2295,9G32,83.00,0.693000,1.00,-1489.313,86.423,0.189459,0.421940
2296,9G5P,86.00,0.745000,1.00,-1555.429,73.868,0.174319,0.483230
2297,9GDL,76.00,0.635000,1.00,-1540.081,87.012,0.303374,0.475850
2298,9GDN,81.00,0.686900,1.00,-1540.081,87.012,0.213920,0.560360
2299,9GDT,81.00,0.682900,1.00,-1540.081,87.012,0.258879,0.530650
2300,9GDU,79.00,0.671100,1.00,-1540.081,87.012,0.278870,0.534580
2301,9GE1,78.00,0.693100,1.00,-1553.291,78.536,0.238916,0.475730
2302,9GE9,82.00,0.683100,1.00,-1513.568,75.832,0.269200,0.437330
2303,9GEB,86.00,0.737300,1.00,-1513.568,75.832,0.140051,0.539180
2304,9GEC,83.00,0.728500,1.00,-1513.568,75.832,0.197706,0.501400
2305,9IKO,70.31,0.561900,1.00,-658.501,81.595,0.332356,0.268630
2306,9ILX,76.56,0.541300,1.00,-658.501,81.595,0.271263,0.253060
2307,9J5F,63.28,0.572800,1.00,-2586.892,174.028,0.382198,0.388570
2308,9J5H,71.43,0.678000,1.00,-2726.441,128.399,0.383222,0.540130
2309,9KAR,38.33,0.420300,1.00,-699.616,63.812,0.907746,0.125940
2310,9KK0,65.00,0.519600,1.00,-1236.547,161.260,0.297407,0.229090
2311,9L1M,45.83,0.482000,1.00,-246.220,54.142,0.572528,0.214820
2312,9NVH,76.43,0.623400,1.00,-1751.120,185.080,0.281581,0.558090
2313,9NWZ,36.25,0.426100,1.00,-1126.607,38.024,1.050540,0.052180
2314,9NY3,31.25,0.365100,1.00,-1152.024,63.543,1.052234,0.106310
2315,9UV5,50.00,0.462300,1.00,-341.604,52.921,0.424446,0.165740
