serial,pdb_id,gdt_ts,lddt,lddt_coverage,pred_dope,pred_molpdf,rmsd,tm_score
1,1A11,92.00,0.822500,1.00,-1820.663,50.784,0.099428,0.674390
2,1A3P,68.89,0.623300,1.00,-2944.186,216.414,0.435008,0.575650
3,1ACW,80.17,0.648000,1.00,-1966.468,140.254,0.186199,0.461200
4,1ADX,53.75,0.515400,1.00,-2566.518,287.322,0.514020,0.343050
5,1AG7,83.09,0.642100,1.00,-1786.281,135.291,0.270082,0.647450
6,1AGG,67.19,0.597700,1.00,-2682.910,443.456,0.611988,0.574900
7,1AGT,98.03,0.792100,1.00,-2984.081,154.129,0.067967,0.879360
8,1AHL,74.49,0.671400,1.00,-3579.329,243.456,0.321466,0.647160
9,1ALE,87.50,0.724400,1.00,-1316.829,48.268,0.166511,0.516410
10,1ALF,89.47,0.775400,1.00,-1643.542,41.031,0.174150,0.507540
11,1ALG,69.79,0.665300,1.00,-1453.304,39.369,0.588264,0.554890
12,1AMB,33.04,0.434300,1.00,-981.960,235.577,0.790682,0.212950
13,1AMC,32.14,0.436600,1.00,-981.960,235.577,0.818122,0.226860
14,1AML,23.75,0.371000,1.00,-1526.310,272.045,1.420066,0.202400
15,1ANP,28.57,0.492200,1.00,-954.606,233.430,1.221112,0.159230
16,1ANS,37.96,0.403800,1.00,-1581.942,219.982,0.789562,0.160940
17,1AOO,67.50,0.565000,1.00,-2858.114,207.561,0.422414,0.460670
18,1APF,70.41,0.652200,1.00,-3615.370,228.485,0.381671,0.614320
19,1APO,85.71,0.737700,1.00,-2343.641,237.074,0.183700,0.742240
20,1AQG,36.36,0.442300,1.00,-336.430,46.526,0.593529,0.240650
21,1AQQ,69.38,0.576700,1.00,-2858.114,207.561,0.411082,0.505050
22,1AQR,65.62,0.557100,1.00,-2858.114,207.561,0.396281,0.450890
23,1ARD,91.38,0.724600,1.00,-2204.176,124.011,0.276391,0.757580
24,1ARE,88.79,0.729300,1.00,-2212.790,103.761,0.263738,0.685180
25,1ARF,92.24,0.759900,1.00,-2193.708,113.372,0.148440,0.773480
26,1ATX,80.98,0.682000,1.00,-3350.840,164.933,0.185043,0.705640
27,1AV3,97.22,0.753800,1.00,-1376.301,209.858,0.071313,0.745290
28,1AW6,84.30,0.724500,1.00,-2592.996,208.849,0.207021,0.698580
29,1AXH,90.54,0.778100,1.00,-2197.176,274.190,0.136553,0.760210
30,1AZ6,77.08,0.608600,1.00,-2235.643,174.975,0.213914,0.573880
31,1AZH,51.39,0.489000,1.00,-2235.643,174.975,0.505057,0.345800
32,1AZJ,92.36,0.758100,1.00,-2272.141,187.722,0.099112,0.777120
33,1AZK,76.39,0.679400,1.00,-2296.416,169.764,0.218813,0.536580
34,1B03,66.67,0.486400,1.00,-811.747,83.346,0.304036,0.278530
35,1B1V,86.96,0.718400,1.00,-1191.120,99.690,0.225454,0.460650
36,1B4G,32.50,0.339400,1.00,-956.989,223.635,1.470039,0.186500
37,1B4I,25.00,0.348800,1.00,-956.989,223.635,1.021279,0.220370
38,1B5N,82.61,0.706500,1.00,-1191.120,99.690,0.232291,0.451300
39,1B8W,81.55,0.672100,1.00,-2714.630,224.170,0.403927,0.675710
40,1B9P,69.12,0.629500,1.00,-2196.365,105.922,0.372570,0.543230
41,1B9Q,66.91,0.619700,1.00,-2196.365,105.922,0.364590,0.428770
42,1B9U,85.29,0.810500,1.00,-3007.814,91.888,0.226832,0.685350
43,1BA4,21.25,0.337600,1.00,-1526.310,272.045,1.495852,0.281230
44,1BA6,27.50,0.386400,1.00,-1526.310,272.045,1.424199,0.235300
45,1BAH,87.16,0.649500,1.00,-2485.009,189.960,0.141071,0.721940
46,1BBA,77.78,0.662800,1.00,-2621.485,147.219,0.269202,0.622750
47,1BBG,60.62,0.496700,1.00,-2967.047,222.270,0.675555,0.462220
48,1BDS,82.56,0.680000,1.00,-3287.039,236.415,0.172551,0.702400
49,1BEI,62.14,0.506100,1.00,-2397.428,149.355,0.389997,0.443180
50,1BF9,87.20,0.753400,1.00,-2507.850,193.642,0.195170,0.742730
51,1BGK,85.81,0.703000,1.00,-3020.542,175.970,0.122488,0.701280
52,1BH4,81.67,0.651500,1.00,-2070.557,158.966,0.189474,0.534440
53,1BH7,44.70,0.464800,1.00,-2293.200,190.948,0.615770,0.281950
54,1BHI,78.95,0.708000,1.00,-2344.506,179.357,0.340493,0.655980
55,1BIG,89.86,0.729900,1.00,-2963.320,231.425,0.120950,0.713720
56,1BJB,32.14,0.457300,1.00,-1063.965,207.880,1.178927,0.206560
57,1BJC,38.39,0.488100,1.00,-1049.336,193.784,0.864791,0.162720
58,1BL1,54.03,0.611800,1.00,-2418.986,57.790,0.571747,0.341120
59,1BM4,58.59,0.611300,1.00,-2072.530,107.738,0.686437,0.437570
60,1BMX,61.29,0.661200,1.00,-2154.896,87.441,0.896116,0.478510
61,1BNB,80.92,0.674100,1.00,-2859.829,216.969,0.218674,0.676750
62,1BOE,79.79,0.644200,1.00,-3475.523,202.570,0.221386,0.696770
63,1BQF,74.00,0.615000,1.00,-1306.598,131.095,0.356882,0.370090
64,1BRV,68.75,0.586200,1.00,-1946.052,258.084,0.422265,0.500270
65,1BWX,51.92,0.603400,1.00,-2949.349,106.833,0.584339,0.508840
66,1BY0,82.41,0.640500,1.00,-1720.280,64.032,0.297836,0.506930
67,1BY6,46.53,0.472400,1.00,-2271.525,96.266,0.463919,0.291670
68,1BZG,57.35,0.568100,1.00,-2416.904,46.282,0.557439,0.399290
69,1C2U,37.86,0.430000,1.00,-2517.554,179.442,0.845833,0.254640
70,1C49,92.14,0.742500,1.00,-2351.249,164.515,0.104768,0.769260
71,1C4B,51.92,0.451500,1.00,-409.538,65.478,0.451608,0.283360
72,1C4E,81.43,0.694300,1.00,-1929.643,188.943,0.181183,0.633410
73,1C55,86.25,0.668300,1.00,-3206.257,212.507,0.159191,0.724000
74,1C56,86.25,0.677600,1.00,-3206.257,212.507,0.142616,0.733990
75,1C6W,40.15,0.421000,1.00,-1581.347,157.427,0.653017,0.247540
76,1CBH,99.31,0.865200,1.00,-2382.257,165.760,0.051426,0.918320
77,1CCF,83.33,0.703700,1.00,-2343.641,237.074,0.161438,0.668310
78,1CCM,92.93,0.795800,1.00,-3749.347,186.777,0.113305,0.852260
79,1CCN,93.48,0.822300,1.00,-3749.347,186.777,0.110018,0.856190
80,1CE4,59.29,0.532200,1.00,-1802.235,174.700,0.360016,0.361790
81,1CFG,69.32,0.566000,1.00,-1454.630,78.130,0.353230,0.276200
82,1CFH,29.26,0.277900,1.00,-3865.858,232.229,1.078778,0.271530
83,1CFI,61.17,0.499500,1.00,-3865.858,232.229,0.375525,0.483260
84,1CHL,83.33,0.646900,1.00,-2551.017,148.267,0.157108,0.653130
85,1CIX,78.98,0.636700,1.00,-3205.569,187.156,0.185839,0.653710
86,1CKW,77.00,0.687100,1.00,-1653.840,68.347,0.326130,0.496550
87,1CKX,82.69,0.718300,1.00,-1916.079,71.873,0.191900,0.569910
88,1CKY,50.96,0.488400,1.00,-1916.079,71.873,0.559315,0.246550
89,1CKZ,35.00,0.446500,1.00,-1653.840,68.347,0.752982,0.215390
90,1CMR,84.68,0.669400,1.00,-2257.362,154.337,0.178503,0.589910
91,1CO4,73.21,0.646800,1.00,-2681.690,265.185,0.375703,0.577480
92,1CQ0,71.43,0.693300,1.00,-1439.355,70.514,0.353474,0.482560
93,1CR8,78.57,0.667300,1.00,-2454.004,215.709,0.197115,0.653460
94,1CSA,43.18,0.308300,1.00,-623.806,7.802,0.484311,0.161090
95,1CTI,90.52,0.758500,1.00,-1937.303,148.041,0.106872,0.689380
96,1CW5,53.12,0.573800,1.00,-2527.113,246.558,0.674271,0.491460
97,1CW6,54.73,0.585800,1.00,-1834.904,183.584,0.640445,0.410790
98,1CWX,29.55,0.445500,1.00,-1507.080,294.154,0.779147,0.280800
99,1CXR,65.76,0.576300,1.00,-3714.026,178.963,0.284649,0.546550
100,1CYA,40.91,0.455100,1.00,-623.806,7.802,0.485832,0.167650
101,1CYB,45.45,0.411600,1.00,-623.806,7.802,0.444408,0.215000
102,1CZ6,85.00,0.709100,1.00,-1073.633,129.529,0.197372,0.453730
103,1D0R,77.50,0.665300,1.00,-2050.861,58.558,0.210543,0.489490
104,1D1H,90.71,0.648300,1.00,-2287.388,197.982,0.175939,0.761310
105,1D2J,78.75,0.674300,1.00,-2373.189,196.648,0.217423,0.635170
106,1D2L,78.89,0.668900,1.00,-2433.789,301.789,0.299484,0.660780
107,1D5Q,100.00,0.824900,1.00,-1804.384,97.444,0.036650,0.899240
108,1D6B,86.31,0.709100,1.00,-2953.417,225.564,0.218934,0.737070
109,1D6X,73.08,0.538400,1.00,-512.252,85.483,0.377067,0.306770
110,1DEC,74.36,0.620400,1.00,-2385.259,318.932,0.641046,0.634670
111,1DEP,81.67,0.612400,1.00,-897.361,66.268,0.262655,0.444780
112,1DF6,88.33,0.712100,1.00,-2132.330,223.247,0.138525,0.629210
113,1DFE,85.14,0.651200,1.00,-2503.846,148.286,0.355314,0.725740
114,1DFS,73.39,0.564300,1.00,-2261.199,227.650,0.262362,0.456150
115,1DFT,64.17,0.454300,1.00,-1941.005,149.037,0.324611,0.314500
116,1DGZ,83.78,0.643700,1.00,-2503.846,148.286,0.339621,0.668860
117,1DJF,90.00,0.686300,1.00,-806.565,23.376,0.288503,0.554210
118,1DKC,76.32,0.607800,1.00,-2368.290,197.645,0.217778,0.611150
119,1DL0,89.86,0.757400,1.00,-2273.956,181.257,0.113327,0.750750
120,1DMC,50.00,0.501000,1.00,-1952.059,125.068,0.586736,0.299310
121,1DMD,49.19,0.505400,1.00,-1952.059,125.068,0.570262,0.304820
122,1DME,56.25,0.496300,1.00,-1764.421,205.783,0.469821,0.301840
123,1DMF,56.25,0.515300,1.00,-1764.421,205.783,0.465994,0.292050
124,1DN3,86.67,0.702100,1.00,-806.565,23.376,0.243890,0.671290
125,1DNG,86.67,0.706900,1.00,-723.945,48.118,0.181665,0.497740
126,1DPK,37.50,0.433500,1.00,-264.633,159.462,0.600307,0.178910
127,1DPQ,48.75,0.489400,1.00,-400.467,146.044,0.509651,0.209640
128,1DSK,65.18,0.661800,1.00,-1901.814,116.404,0.362236,0.522000
129,1DSQ,92.86,0.721800,1.00,-855.893,81.890,0.177644,0.511460
130,1DSV,78.23,0.709600,1.00,-1500.858,173.811,0.186773,0.545700
131,1DTC,92.31,0.775400,1.00,-1900.388,30.948,0.205325,0.680720
132,1DU1,66.25,0.498300,1.00,-1271.899,36.142,0.464688,0.282930
133,1DU9,90.18,0.700600,1.00,-1631.492,127.813,0.124045,0.597680
134,1DV0,88.30,0.739800,1.00,-4853.590,134.304,0.236511,0.798780
135,1DVW,45.83,0.602900,1.00,-523.446,64.721,0.655434,0.215000
136,1DX7,57.81,0.654300,1.00,-3624.227,179.961,0.589002,0.543990
137,1E0G,84.38,0.671300,1.00,-4214.681,166.526,0.184657,0.736830
138,1E0L,84.46,0.763500,1.00,-2447.962,175.842,0.269668,0.707850
139,1E0M,82.43,0.737800,1.00,-2386.417,142.486,0.241202,0.650360
140,1E0N,89.81,0.710300,1.00,-1794.865,140.676,0.125850,0.564040
141,1E0Q,77.94,0.683700,1.00,-877.197,86.534,0.177711,0.286530
142,1E4Q,83.78,0.719500,1.00,-2775.042,216.306,0.209861,0.667900
143,1E4R,75.71,0.597500,1.00,-2336.479,193.079,0.296441,0.549290
144,1E4S,78.47,0.596900,1.00,-2671.251,120.396,0.237642,0.597700
145,1E4T,74.32,0.600400,1.00,-2594.911,165.754,0.370147,0.552780
146,1E8P,92.93,0.759500,1.00,-3497.709,213.665,0.105178,0.841700
147,1E8Q,90.76,0.750800,1.00,-3497.709,213.665,0.167048,0.816260
148,1E9K,42.76,0.604100,1.00,-2413.918,178.785,0.630802,0.321400
149,1ED0,94.57,0.824500,1.00,-3410.707,143.733,0.079064,0.888410
150,1ED7,89.44,0.696300,1.00,-4138.909,218.328,0.132373,0.800120
151,1EDP,82.35,0.633200,1.00,-1181.633,70.882,0.190012,0.289450
152,1EDS,50.00,0.476600,1.00,-2125.254,112.083,0.466925,0.324130
153,1EDV,26.47,0.441300,1.00,-1282.176,341.075,1.103430,0.270890
154,1EDW,40.38,0.468400,1.00,-1790.046,171.874,0.552021,0.189460
155,1EDX,26.25,0.370600,1.00,-2392.111,208.188,0.994742,0.236750
156,1EGT,92.65,0.713000,1.00,-828.092,67.624,0.158483,0.463150
157,1EHS,55.21,0.594300,1.00,-3546.261,174.395,0.499557,0.482830
158,1EI0,97.37,0.824900,1.00,-3002.512,143.557,0.079513,0.863600
159,1EMX,77.50,0.576700,1.00,-1956.364,186.851,0.279320,0.503790
160,1EMZ,84.52,0.703500,1.00,-1575.443,22.972,0.267595,0.388380
161,1EQX,58.33,0.528900,1.00,-557.247,68.897,0.460503,0.261770
162,1ERC,90.62,0.777300,1.00,-3454.053,114.767,0.097840,0.800290
163,1ERD,43.12,0.437500,1.00,-2660.704,155.672,0.606594,0.298100
164,1ERP,97.37,0.787200,1.00,-3106.398,191.807,0.080841,0.840580
165,1ERY,92.95,0.742000,1.00,-3368.557,161.393,0.140599,0.824390
166,1ESK,68.45,0.680700,1.00,-2257.200,179.678,0.335699,0.542740
167,1EWS,92.19,0.782400,1.00,-2065.183,151.246,0.153548,0.734550
168,1EYO,88.33,0.727200,1.00,-1956.144,158.980,0.192900,0.661400
169,1EZE,61.18,0.672000,1.00,-2643.755,155.180,0.412391,0.482060
170,1F3K,86.54,0.660800,1.00,-1839.017,175.970,0.142462,0.542590
171,1F4I,90.00,0.725100,1.00,-4399.549,156.691,0.192477,0.813050
172,1F7E,84.24,0.755100,1.00,-2565.345,294.798,0.174203,0.709810
173,1F7M,78.26,0.740200,1.00,-2565.345,294.798,0.277491,0.682390
174,1F8Z,87.82,0.728300,1.00,-2064.015,244.867,0.217749,0.753890
175,1FAC,65.48,0.556500,1.00,-1406.871,61.344,0.378216,0.221810
176,1FCT,56.25,0.474500,1.00,-1582.689,125.694,0.551728,0.382550
177,1FDF,54.00,0.577900,1.00,-1671.968,64.752,0.397876,0.273400
178,1FEO,89.42,0.661100,1.00,-1327.193,132.094,0.149226,0.562890
179,1FF7,77.17,0.705600,1.00,-2565.345,294.798,0.221200,0.646300
180,1FFM,84.24,0.768600,1.00,-2565.345,294.798,0.284935,0.741210
181,1FGD,76.39,0.639200,1.00,-867.971,76.390,0.225031,0.228190
182,1FGE,60.00,0.516100,1.00,-721.440,149.829,0.459622,0.179350
183,1FJN,91.03,0.766800,1.00,-2880.217,157.115,0.130445,0.782290
184,1FME,79.46,0.674800,1.00,-2207.663,93.862,0.214776,0.472840
185,1FMY,71.88,0.619900,1.00,-2858.114,207.561,0.333913,0.538510
186,1FQQ,75.61,0.620700,1.00,-2980.344,293.299,0.242085,0.617180
187,1FRE,39.88,0.379600,1.00,-2954.715,212.703,0.673315,0.274430
188,1FRY,42.24,0.507100,1.00,-1596.029,80.188,0.836053,0.236270
189,1FSB,89.38,0.748900,1.00,-2580.264,252.667,0.177447,0.758860
190,1FSD,75.89,0.623100,1.00,-2057.586,131.897,0.288233,0.435160
191,1FSV,73.21,0.638200,1.00,-2057.586,131.897,0.255019,0.442900
192,1FU3,90.74,0.693800,1.00,-1738.264,155.119,0.116885,0.615490
193,1FU9,85.42,0.673400,1.00,-2651.165,218.922,0.281441,0.721580
194,1FUL,56.82,0.465200,1.00,-414.901,76.174,0.402232,0.218850
195,1FUV,59.09,0.547600,1.00,-414.901,76.174,0.289425,0.279080
196,1FV5,75.69,0.607500,1.00,-2368.107,228.851,0.349572,0.587790
197,1FVY,46.77,0.631500,1.00,-2478.883,55.578,0.930933,0.338480
198,1FW5,61.25,0.529100,1.00,-808.991,101.083,0.469230,0.293870
199,1FWO,75.00,0.607300,1.00,-2257.595,236.318,0.263043,0.574370
200,1FYG,91.00,0.659100,1.00,-1289.721,121.984,0.108683,0.535660
201,1G04,34.62,0.341300,1.00,-1966.987,134.450,0.796190,0.174590
202,1G26,86.29,0.752300,1.00,-2291.999,132.027,0.145436,0.597170
203,1G92,56.00,0.694300,1.00,-1679.794,51.039,0.707297,0.363370
204,1G9P,62.22,0.605100,1.00,-2423.182,289.230,0.618759,0.528010
205,1GEA,77.38,0.662100,1.00,-1365.993,55.584,0.322405,0.290950
206,1GIB,62.50,0.521600,1.00,-1072.373,128.593,0.326515,0.207580
207,1GK5,71.94,0.571800,1.00,-3667.522,236.707,0.397239,0.597990
208,1GM2,93.18,0.731000,1.00,-395.561,50.165,0.124192,0.443650
209,1GNA,71.15,0.631600,1.00,-579.430,80.287,0.324500,0.292420
210,1GNB,53.85,0.542700,1.00,-579.430,80.287,0.404571,0.246370
211,1GNF,78.26,0.692700,1.00,-3250.382,213.793,0.287851,0.655650
212,1GP8,80.62,0.665100,1.00,-2389.897,528.379,0.293232,0.645660
213,1GPS,94.15,0.767000,1.00,-3076.223,206.044,0.121770,0.854230
214,1GPT,92.55,0.727000,1.00,-3107.572,191.462,0.113224,0.862610
215,1GUR,78.57,0.637700,1.00,-1929.643,188.943,0.179297,0.563180
216,1GW3,60.33,0.626400,1.00,-3387.608,141.685,0.383851,0.490130
217,1GW4,44.02,0.600100,1.00,-3387.608,141.685,0.866849,0.359220
218,1H20,84.62,0.701400,1.00,-2764.694,184.908,0.250921,0.701590
219,1H5O,76.19,0.613300,1.00,-2413.850,211.837,0.299852,0.611010
220,1H7D,34.69,0.459700,1.00,-2811.067,227.982,1.020239,0.308540
221,1H7J,44.23,0.429900,1.00,-1340.040,60.909,0.697394,0.254810
222,1HA9,84.56,0.781700,1.00,-1827.089,160.017,0.435601,0.727230
223,1HD6,94.59,0.825300,1.00,-3150.115,110.102,0.119122,0.839860
224,1HD9,97.73,0.706000,1.00,-395.189,51.325,0.081599,0.467100
225,1HEV,94.77,0.785200,1.00,-3164.098,273.876,0.129726,0.865150
226,1HFF,72.50,0.548900,1.00,-350.565,40.938,0.237609,0.300300
227,1HJ0,34.76,0.566900,1.00,-2006.657,211.608,0.835790,0.285420
228,1HLL,75.00,0.691700,1.00,-2296.298,70.945,0.274173,0.563280
229,1HLY,96.15,0.757100,1.00,-2976.373,184.455,0.095071,0.840490
230,1HN3,28.75,0.315600,1.00,-2144.340,196.473,1.268144,0.250030
231,1HNR,63.83,0.555600,1.00,-3321.930,262.530,0.304936,0.498200
232,1HNS,60.11,0.490800,1.00,-3321.930,262.530,0.392292,0.468180
233,1HO0,53.33,0.522400,1.00,-1927.918,98.955,0.671133,0.326680
234,1HO2,83.75,0.720300,1.00,-1248.589,44.873,0.174113,0.421140
235,1HO7,78.75,0.706600,1.00,-1248.589,44.873,0.204251,0.361580
236,1HO9,69.53,0.638400,1.00,-2448.347,82.615,0.408690,0.495420
237,1HOD,67.97,0.644700,1.00,-2448.347,82.615,0.435380,0.448780
238,1HOF,67.97,0.624300,1.00,-2296.298,70.945,0.309394,0.416190
239,1HP2,93.92,0.792200,1.00,-2778.195,188.929,0.085213,0.816570
240,1HP3,84.38,0.711900,1.00,-2001.947,137.261,0.306064,0.654590
241,1HP9,81.82,0.618000,1.00,-1696.876,57.875,0.182299,0.332970
242,1HPH,47.30,0.574600,1.00,-3077.294,59.727,0.820238,0.417760
243,1HPY,62.50,0.617600,1.00,-2696.591,45.530,0.363037,0.353180
244,1HRL,73.91,0.623500,1.00,-1037.408,204.656,0.507822,0.340000
245,1HTH,47.79,0.545900,1.00,-2847.359,45.571,0.963033,0.334410
246,1HTX,92.97,0.770800,1.00,-2279.739,209.089,0.089313,0.737010
247,1HU5,77.78,0.688400,1.00,-1003.983,31.412,0.197183,0.395000
248,1HU6,66.67,0.621100,1.00,-880.189,38.322,0.388781,0.292360
249,1HU7,84.72,0.632900,1.00,-1009.841,33.760,0.228492,0.463660
250,1HVW,97.00,0.799700,1.00,-1530.642,137.320,0.069569,0.718290
251,1HVZ,79.17,0.681700,1.00,-970.908,68.057,0.218411,0.296890
252,1HY9,90.24,0.779200,1.00,-2781.421,193.291,0.135969,0.786840
253,1HYK,80.98,0.645100,1.00,-3459.238,270.022,0.203019,0.681600
254,1HZ3,34.62,0.454400,1.00,-1184.958,186.792,0.634689,0.131560
255,1I25,50.68,0.503900,1.00,-1713.839,235.080,0.803845,0.379720
256,1I26,83.09,0.674500,1.00,-2214.324,153.406,0.227585,0.643590
257,1I2U,88.64,0.695600,1.00,-3258.766,181.009,0.158588,0.768580
258,1I2V,83.52,0.701400,1.00,-3249.437,195.058,0.165566,0.714790
259,1I6C,67.95,0.656300,1.00,-2202.689,198.587,0.443628,0.536250
260,1I8X,87.50,0.784200,1.00,-2127.918,109.087,0.154622,0.656430
261,1I8Y,83.93,0.660900,1.00,-1797.138,81.886,0.206879,0.520380
262,1IB9,79.41,0.690900,1.00,-1827.089,160.017,0.460386,0.624850
263,1IBN,73.75,0.671400,1.00,-1253.869,25.385,0.302986,0.355970
264,1IBO,71.25,0.623100,1.00,-1253.869,25.385,0.347542,0.378110
265,1IC9,80.17,0.658600,1.00,-2044.238,145.803,0.218337,0.522450
266,1ICA,69.38,0.597100,1.00,-2699.477,246.297,0.553381,0.579090
267,1ICL,74.14,0.601200,1.00,-2066.103,179.929,0.233257,0.501660
268,1ICO,83.62,0.670000,1.00,-2007.843,175.592,0.192814,0.596960
269,1ID6,40.00,0.456700,1.00,-999.570,20.308,0.560661,0.162520
270,1ID7,41.67,0.452300,1.00,-999.570,20.308,0.533574,0.185910
271,1IE6,35.61,0.418300,1.00,-1593.439,155.176,0.679219,0.242180
272,1IFY,84.69,0.745300,1.00,-4417.922,161.624,0.196837,0.779980
273,1IIJ,77.14,0.727800,1.00,-2541.152,89.028,0.267655,0.644580
274,1IM1,95.83,0.710900,1.00,-687.435,48.179,0.101149,0.451700
275,1IRR,78.26,0.665900,1.00,-1017.807,108.963,0.343970,0.450540
276,1IVA,68.75,0.561800,1.00,-3197.844,198.627,0.588215,0.579750
277,1IWC,41.91,0.528300,1.00,-1156.922,200.575,0.827240,0.324510
278,1IWF,25.00,0.442300,1.00,-1156.922,200.575,1.076780,0.237220
279,1IXA,89.74,0.713400,1.00,-2203.362,208.076,0.165656,0.727620
280,1IXT,86.11,0.664700,1.00,-1702.391,129.873,0.165246,0.516610
281,1IXU,41.67,0.514700,1.00,-396.667,58.899,0.599136,0.261940
282,1IYC,47.22,0.475400,1.00,-1789.868,237.995,0.670688,0.367890
283,1IYT,19.64,0.333500,1.00,-1724.878,328.653,1.344806,0.196920
284,1J4M,91.07,0.753000,1.00,-641.018,46.351,0.110013,0.528060
285,1J5J,92.36,0.789500,1.00,-2731.566,169.888,0.104969,0.783610
286,1J5L,52.50,0.528200,1.00,-1942.388,166.431,0.671434,0.306570
287,1J5M,69.64,0.570400,1.00,-1576.737,135.757,0.254989,0.371610
288,1JBL,100.00,0.777500,1.00,-547.409,57.296,0.042616,0.631350
289,1JBN,98.21,0.832100,1.00,-547.409,57.296,0.070389,0.465140
290,1JDM,74.19,0.620400,1.00,-3014.865,71.499,0.386122,0.515680
291,1JI9,63.51,0.548900,1.00,-2357.725,226.720,0.358514,0.465840
292,1JJZ,87.93,0.725800,1.00,-1900.979,171.320,0.346023,0.665560
293,1JKZ,86.96,0.738300,1.00,-3753.177,201.963,0.134421,0.776220
294,1JLZ,86.96,0.725300,1.00,-1262.254,221.253,0.149151,0.456520
295,1JMN,88.59,0.705800,1.00,-3219.797,155.823,0.139369,0.773790
296,1JMP,79.89,0.681300,1.00,-3329.358,130.736,0.203265,0.706430
297,1JN7,79.17,0.676500,1.00,-2661.082,158.703,0.482193,0.643480
298,1JO5,43.75,0.638900,1.00,-3624.227,179.961,1.282466,0.434130
299,1JO6,43.89,0.536800,1.00,-2443.193,224.338,1.070179,0.350650
300,1JRF,53.19,0.478400,1.00,-2171.467,239.859,0.747949,0.457650
301,1JRJ,83.33,0.758500,1.00,-2510.686,101.820,0.203765,0.698790
302,1JU8,81.76,0.703900,1.00,-2871.464,189.233,0.198580,0.619910
303,1JY9,77.50,0.643000,1.00,-606.819,79.201,0.233654,0.258110
304,1K0P,33.06,0.390400,1.00,-1840.128,168.177,0.671736,0.251100
305,1K18,33.06,0.391400,1.00,-1840.128,168.177,0.657522,0.249810
306,1K1V,92.68,0.750000,1.00,-3415.583,97.561,0.096741,0.821830
307,1K36,79.89,0.652200,1.00,-3557.031,238.183,0.191300,0.678220
308,1K37,77.72,0.655400,1.00,-3557.031,238.183,0.184932,0.659840
309,1K43,91.07,0.713300,1.00,-641.018,46.351,0.147651,0.428490
310,1K48,87.07,0.716300,1.00,-1900.979,171.320,0.346980,0.646800
311,1K7B,81.38,0.725400,1.00,-2349.806,329.087,0.375390,0.710730
312,1K81,68.75,0.535200,1.00,-2417.274,165.815,0.331371,0.472220
313,1K91,79.73,0.744800,1.00,-1652.226,180.416,0.170993,0.620930
314,1KAL,87.93,0.717200,1.00,-1886.699,201.021,0.212831,0.626740
315,1KBE,71.43,0.576800,1.00,-3440.589,205.405,0.229026,0.603740
316,1KBF,72.45,0.586800,1.00,-3440.589,205.405,0.234708,0.611780
317,1KDL,77.17,0.681200,1.00,-1839.841,52.693,0.319860,0.348130
318,1KGM,89.29,0.721700,1.00,-1885.383,192.295,0.112728,0.708830
319,1KIO,80.71,0.675200,1.00,-1855.366,147.020,0.308284,0.613660
320,1KJ0,75.00,0.644600,1.00,-1840.317,181.858,0.290548,0.532690
321,1KJ5,80.56,0.661700,1.00,-2671.251,120.396,0.185946,0.610980
322,1KJ6,70.56,0.577600,1.00,-2990.382,194.298,0.606672,0.591570
323,1KLR,95.00,0.800000,1.00,-1937.287,146.526,0.141545,0.798650
324,1KLS,90.00,0.708800,1.00,-1809.158,147.930,0.171852,0.686160
325,1KMR,80.00,0.620500,1.00,-860.375,44.220,0.301966,0.390600
326,1KOZ,75.69,0.620100,1.00,-2399.796,180.998,0.238710,0.542820
327,1KQH,84.21,0.675300,1.00,-2770.519,232.705,0.193160,0.685360
328,1KQI,78.95,0.683300,1.00,-2770.519,232.705,0.233641,0.638750
329,1KUW,82.50,0.651000,1.00,-315.880,29.861,0.308710,0.615770
330,1KV4,80.36,0.720600,1.00,-2556.904,122.888,0.283535,0.696880
331,1KWD,75.00,0.509600,1.00,-1011.497,75.409,0.218015,0.231760
332,1KWE,76.56,0.530700,1.00,-1011.497,75.409,0.235309,0.233580
333,1KX6,44.83,0.424900,1.00,-2246.083,72.762,0.633895,0.239830
334,1KZ0,82.81,0.577000,1.00,-922.909,46.343,0.219235,0.351280
335,1KZ2,81.25,0.622300,1.00,-901.550,37.187,0.172240,0.333040
336,1KZ5,77.08,0.548200,1.00,-697.794,27.539,0.302763,0.384590
337,1L1K,33.75,0.306900,1.00,-1086.460,65.396,0.872001,0.175560
338,1L2Y,97.50,0.821100,1.00,-1120.722,81.314,0.072622,0.585010
339,1L3Q,43.75,0.564100,1.00,-365.956,64.957,0.676430,0.209250
340,1L3Y,79.88,0.629400,1.00,-2637.370,213.904,0.239529,0.661820
341,1L4V,84.38,0.708000,1.00,-2603.378,231.543,0.209383,0.708290
342,1LA4,91.18,0.731800,1.00,-2252.479,164.152,0.140852,0.734780
343,1LB0,75.00,0.594400,1.00,-806.188,24.906,0.244471,0.385030
344,1LB7,78.12,0.631200,1.00,-915.902,31.582,0.442175,0.515960
345,1LBJ,76.14,0.663900,1.00,-1596.652,59.454,0.400466,0.433100
346,1LCX,78.85,0.610000,1.00,-806.188,24.906,0.242540,0.358050
347,1LDL,69.27,0.611200,1.00,-2827.425,228.652,0.315033,0.586840
348,1LDR,66.86,0.561800,1.00,-2371.401,204.214,0.378658,0.540170
349,1LFC,44.00,0.350700,1.00,-1445.101,122.465,0.614695,0.200720
350,1LGL,93.75,0.774800,1.00,-2731.566,169.888,0.098781,0.809330
351,1LIQ,44.44,0.567800,1.00,-1535.590,134.488,0.864051,0.287550
352,1LIR,93.24,0.734500,1.00,-2771.141,234.954,0.091891,0.802820
353,1LMM,71.25,0.596200,1.00,-2365.553,287.985,0.421867,0.548610
354,1LMR,78.57,0.652400,1.00,-2011.921,156.336,0.259181,0.578930
355,1LUP,79.03,0.569500,1.00,-2176.746,175.458,0.218747,0.518180
356,1LV4,33.33,0.416400,1.00,-1181.396,50.258,0.758418,0.106770
357,1LVZ,95.45,0.722400,1.00,-567.079,36.366,0.082048,0.543810
358,1LYP,82.81,0.687200,1.00,-2249.648,58.668,0.149979,0.574190
359,1M02,56.25,0.583900,1.00,-512.482,55.374,0.544217,0.313510
360,1M0G,78.33,0.630100,1.00,-2254.460,187.564,0.251108,0.521000
361,1M0J,70.54,0.530900,1.00,-2041.617,124.068,0.361142,0.377430
362,1M23,94.23,0.657900,1.00,-724.661,34.586,0.102680,0.557470
363,1M25,61.54,0.499800,1.00,-1966.987,134.450,0.556426,0.401320
364,1M2S,87.16,0.692700,1.00,-2746.332,162.307,0.126284,0.725290
365,1M36,88.64,0.727000,1.00,-2295.518,150.354,0.153209,0.706520
366,1M4E,73.75,0.608100,1.00,-1292.473,70.579,0.260508,0.246710
367,1M4F,69.00,0.531600,1.00,-1567.753,121.718,0.375834,0.296640
368,1MA2,73.53,0.542600,1.00,-932.176,78.170,0.261588,0.238840
369,1MA4,36.76,0.401300,1.00,-1233.108,34.298,0.826595,0.207690
370,1MA5,54.41,0.483400,1.00,-932.176,78.170,0.526638,0.113930
371,1MA6,44.12,0.421200,1.00,-1233.108,34.298,0.553865,0.182550
372,1MB6,93.57,0.742300,1.00,-2474.793,233.259,0.088832,0.808570
373,1MEA,64.29,0.551300,1.00,-1499.310,140.206,0.364112,0.345820
374,1MED,65.18,0.530600,1.00,-1499.310,140.206,0.394556,0.338900
375,1MEQ,69.57,0.596500,1.00,-1156.739,99.705,0.351053,0.231870
376,1MF6,64.58,0.535300,1.00,-418.336,68.197,0.377653,0.342900
377,1MGX,46.81,0.371700,1.00,-3865.858,232.229,0.776342,0.324450
378,1MHU,78.23,0.644100,1.00,-2320.998,175.361,0.242465,0.516190
379,1MKC,49.42,0.563500,1.00,-2395.120,204.201,0.606964,0.379890
380,1MM0,93.06,0.789100,1.00,-3134.369,196.976,0.101901,0.794810
381,1MMC,86.67,0.718800,1.00,-1977.378,115.727,0.135533,0.604300
382,1MOT,66.96,0.607300,1.00,-973.319,262.571,0.499294,0.551750
383,1MPZ,37.80,0.448800,1.00,-2540.943,188.447,0.653207,0.238970
384,1MR0,93.38,0.736500,1.00,-2570.691,168.553,0.088972,0.782930
385,1MR4,91.49,0.767800,1.00,-3530.396,210.145,0.139742,0.805810
386,1MRB,77.42,0.679200,1.00,-2223.653,167.129,0.207783,0.529590
387,1MRT,70.16,0.561100,1.00,-2236.265,149.292,0.257964,0.412860
388,1MTQ,81.58,0.595100,1.00,-1194.781,46.849,0.343664,0.474120
389,1MTX,93.59,0.781300,1.00,-2938.318,168.915,0.112897,0.806010
390,1MXQ,88.64,0.726100,1.00,-688.452,17.681,0.251587,0.624090
391,1MYN,98.30,0.794900,1.00,-3396.823,193.552,0.075073,0.889580
392,1MYU,72.92,0.580700,1.00,-410.281,67.240,0.286218,0.349030
393,1MZI,50.00,0.509800,1.00,-806.188,24.906,0.373570,0.121680
394,1N0Z,74.44,0.661300,1.00,-2425.243,250.136,0.394609,0.589280
395,1N1U,94.83,0.801400,1.00,-1754.934,167.073,0.124697,0.724820
396,1N2Y,43.33,0.420500,1.00,-580.017,77.326,0.535862,0.149740
397,1N4N,96.28,0.803800,1.00,-3497.478,223.695,0.081263,0.903280
398,1N5G,30.26,0.319400,1.00,-2764.594,226.281,0.778201,0.238690
399,1N6T,47.50,0.454000,1.00,-311.766,54.652,0.406308,0.172750
400,1N8M,94.74,0.807300,1.00,-2732.982,209.545,0.114824,0.853310
401,1N9U,82.50,0.613900,1.00,-332.152,52.019,0.322358,0.397210
402,1NB1,98.28,0.835700,1.00,-1895.468,199.333,0.062608,0.820380
403,1NBJ,90.83,0.782800,1.00,-2096.172,241.106,0.228800,0.753780
404,1NBL,92.39,0.784400,1.00,-3599.889,134.558,0.111007,0.853480
405,1NC8,76.72,0.630700,1.00,-1339.099,119.482,0.437829,0.540380
406,1NCS,84.57,0.696800,1.00,-3819.304,271.957,0.195026,0.753820
407,1ND9,61.22,0.537600,1.00,-3993.722,136.128,0.331437,0.466600
408,1NE5,88.10,0.681000,1.00,-3060.103,169.113,0.161363,0.765020
409,1NIZ,75.00,0.596400,1.00,-643.357,67.431,0.285268,0.282970
410,1NJ0,79.69,0.614200,1.00,-643.357,67.431,0.214462,0.267070
411,1NJ3,85.48,0.729000,1.00,-2061.321,202.070,0.215928,0.661590
412,1NMJ,41.96,0.506600,1.00,-1007.473,206.195,0.661751,0.182870
413,1NZS,36.84,0.547800,1.00,-414.378,98.864,0.945747,0.179460
414,1O53,85.00,0.678700,1.00,-840.703,23.368,0.203645,0.488880
415,1O8Y,94.64,0.679500,1.00,-547.409,57.296,0.084439,0.385960
416,1O8Z,94.64,0.731700,1.00,-547.409,57.296,0.095367,0.380980
417,1OAV,75.52,0.592700,1.00,-3197.844,198.627,0.497318,0.696630
418,1OAW,80.73,0.650900,1.00,-3197.844,198.627,0.274657,0.709800
419,1ODP,88.75,0.670700,1.00,-1427.388,53.047,0.155959,0.493350
420,1ODQ,86.25,0.686400,1.00,-1427.388,53.047,0.170032,0.410730
421,1ODR,87.50,0.692900,1.00,-1427.388,53.047,0.144194,0.402540
422,1OEF,89.58,0.713500,1.00,-1857.379,58.083,0.116109,0.489020
423,1OEG,77.17,0.706400,1.00,-1595.402,38.360,0.299003,0.360310
424,1OEI,28.12,0.412000,1.00,-465.500,212.228,1.020872,0.135480
425,1OG7,38.95,0.544300,1.00,-2061.730,176.380,0.865987,0.376590
426,1OHM,52.84,0.494400,1.00,-2566.014,153.358,0.566049,0.409670
427,1OHN,53.49,0.576000,1.00,-2061.730,176.380,0.550266,0.411550
428,1OIG,90.62,0.734000,1.00,-1274.678,121.045,0.125266,0.504100
429,1OMA,71.88,0.614000,1.00,-2682.910,443.456,0.425519,0.607660
430,1OMB,72.92,0.597000,1.00,-2682.910,443.456,0.383684,0.619620
431,1OMQ,89.06,0.692700,1.00,-922.909,46.343,0.127045,0.528000
432,1OPP,63.82,0.625900,1.00,-2663.512,80.650,0.428768,0.507650
433,1ORL,97.28,0.792800,1.00,-3314.217,148.509,0.076457,0.900560
434,1ORX,98.96,0.826900,1.00,-1548.433,109.080,0.065362,0.661030
435,1OZZ,90.34,0.791400,1.00,-3145.872,187.142,0.147070,0.825110
436,1P00,93.18,0.794000,1.00,-3321.724,178.448,0.139050,0.863110
437,1P0A,91.48,0.760200,1.00,-3255.440,221.496,0.150212,0.807730
438,1P7A,77.03,0.701200,1.00,-2388.432,157.485,0.385114,0.611250
439,1P82,75.00,0.657900,1.00,-1380.217,65.902,0.313304,0.430440
440,1P83,56.00,0.590900,1.00,-1380.217,65.902,0.670452,0.313940
441,1P8B,89.86,0.761800,1.00,-2678.318,204.022,0.137113,0.738390
442,1P9C,56.11,0.563200,1.00,-2419.043,210.172,0.561976,0.410480
443,1P9F,87.50,0.660900,1.00,-539.226,10.778,0.289884,0.469350
444,1P9Z,81.71,0.668000,1.00,-3112.889,376.640,0.277157,0.714110
445,1PAA,90.00,0.698300,1.00,-2139.157,150.188,0.198043,0.715490
446,1PB5,95.00,0.811500,1.00,-1862.402,300.946,0.093328,0.808700
447,1PDC,80.56,0.679800,1.00,-3960.279,250.314,0.257571,0.682010
448,1PGY,72.87,0.633800,1.00,-4840.659,151.766,0.343334,0.626270
449,1PJV,92.19,0.736000,1.00,-2322.014,192.368,0.098491,0.735930
450,1PLP,64.00,0.694100,1.00,-1404.147,90.844,0.598731,0.381580
451,1PMC,85.42,0.684500,1.00,-1863.583,190.386,0.236067,0.661950
452,1PNH,93.55,0.745700,1.00,-2138.996,115.095,0.091850,0.737190
453,1PP5,52.38,0.523700,1.00,-961.352,139.046,0.555770,0.158370
454,1PSM,60.53,0.595700,1.00,-2826.968,50.023,0.500063,0.507230
455,1PSV,74.11,0.646100,1.00,-2230.807,108.292,0.285972,0.465680
456,1PT4,98.28,0.819600,1.00,-1960.427,255.377,0.065537,0.789400
457,1PV0,90.76,0.716600,1.00,-4707.985,155.190,0.241779,0.824930
458,1PVZ,83.87,0.703100,1.00,-2136.748,138.677,0.284782,0.628770
459,1PX9,83.93,0.662000,1.00,-3060.103,169.113,0.151409,0.730600
460,1PXQ,40.71,0.409200,1.00,-2251.831,90.055,0.601191,0.288110
461,1Q01,28.29,0.410500,1.00,-1227.114,217.971,1.050136,0.206480
462,1Q2F,46.88,0.608700,1.00,-2321.623,86.455,0.659639,0.303090
463,1Q2I,44.53,0.489200,1.00,-2321.623,86.455,0.757362,0.240990
464,1Q2J,79.55,0.605400,1.00,-1389.046,103.186,0.204825,0.258600
465,1Q2K,93.55,0.796800,1.00,-2077.752,137.990,0.094009,0.748060
466,1Q3J,75.69,0.609400,1.00,-2144.292,169.843,0.292111,0.585450
467,1Q3M,55.61,0.535700,1.00,-3632.709,280.554,0.939598,0.489520
468,1Q3Y,49.40,0.463600,1.00,-2193.185,188.251,0.863887,0.400010
469,1Q3Z,47.62,0.479400,1.00,-2193.185,188.251,0.734642,0.387730
470,1Q71,64.29,0.534900,1.00,-961.352,139.046,0.610156,0.229980
471,1QCM,86.36,0.742400,1.00,-357.453,33.724,0.217573,0.431920
472,1QDP,77.38,0.609100,1.00,-2325.828,202.825,0.222542,0.614960
473,1QFD,94.53,0.759400,1.00,-2279.739,209.089,0.090150,0.749300
474,1QG9,86.90,0.736900,1.00,-1669.186,45.886,0.267711,0.509020
475,1QGM,83.33,0.758900,1.00,-2127.918,109.087,0.152842,0.559400
476,1QHK,75.00,0.633100,1.00,-4034.069,216.109,0.240932,0.616410
477,1QJK,58.33,0.491400,1.00,-2575.809,198.071,0.698419,0.420010
478,1QJL,44.64,0.471700,1.00,-1932.574,197.061,0.747204,0.206200
479,1QK6,91.67,0.744500,1.00,-2243.002,155.425,0.106871,0.732520
480,1QK7,89.06,0.652000,1.00,-2322.697,215.252,0.205396,0.670080
481,1QKY,86.18,0.694100,1.00,-3053.738,157.731,0.131431,0.718100
482,1QLO,61.03,0.524000,1.00,-2394.963,151.006,0.433185,0.359120
483,1QWP,88.64,0.688400,1.00,-357.453,33.724,0.158777,0.367520
484,1QXC,52.27,0.476200,1.00,-357.453,33.724,0.451661,0.306060
485,1QYT,79.55,0.658000,1.00,-357.453,33.724,0.228300,0.317990
486,1R02,42.42,0.482200,1.00,-1776.986,244.392,0.658350,0.287910
487,1R1F,72.97,0.553000,1.00,-2607.160,216.853,0.378758,0.516860
488,1R7C,77.42,0.726500,1.00,-2549.359,111.247,0.253800,0.551400
489,1R7D,75.00,0.685700,1.00,-2549.359,111.247,0.300744,0.535800
490,1R7E,76.61,0.691800,1.00,-2549.359,111.247,0.285961,0.546490
491,1R7F,68.55,0.624100,1.00,-2549.359,111.247,0.349663,0.450440
492,1R7G,69.35,0.658900,1.00,-2549.359,111.247,0.360559,0.491350
493,1R8T,60.00,0.525100,1.00,-624.751,101.062,0.396857,0.153390
494,1R9I,57.95,0.447800,1.00,-1404.865,94.279,0.562171,0.263350
495,1RES,72.67,0.580400,1.00,-3860.708,169.481,0.450490,0.603200
496,1RET,67.44,0.547500,1.00,-3860.708,169.481,0.403287,0.536920
497,1RG3,68.75,0.662600,1.00,-1093.305,40.984,0.388919,0.374230
498,1RG4,76.56,0.663100,1.00,-1093.305,40.984,0.271749,0.380500
499,1RIJ,85.87,0.749600,1.00,-1330.588,55.784,0.136032,0.401910
500,1RIK,89.66,0.741500,1.00,-2113.158,106.182,0.148472,0.664050
501,1RIM,83.33,0.680400,1.00,-2256.083,128.603,0.192158,0.641690
502,1RJI,78.23,0.650600,1.00,-2207.428,121.101,0.298715,0.499340
503,1RKL,57.64,0.625200,1.00,-2818.876,94.073,0.695640,0.456580
504,1RMK,50.81,0.464100,1.00,-2679.827,172.083,0.592700,0.316220
505,1RO3,43.88,0.429500,1.00,-2612.199,302.924,0.592923,0.341170
506,1ROO,75.00,0.601200,1.00,-2743.547,167.854,0.238567,0.536300
507,1RPB,44.05,0.424600,1.00,-1260.841,80.668,0.601602,0.099220
508,1RPC,44.05,0.439900,1.00,-1260.841,80.668,0.583297,0.171790
509,1RSW,35.42,0.425400,1.00,-273.642,41.955,0.757648,0.201860
510,1RSX,39.58,0.510900,1.00,-273.642,41.955,0.788102,0.204280
511,1RT0,33.33,0.484600,1.00,-273.642,41.955,0.801669,0.094160
512,1S4H,61.54,0.553300,1.00,-202.926,64.107,0.455071,0.231140
513,1S4J,36.54,0.490100,1.00,-160.582,78.678,0.641196,0.247400
514,1S4T,45.24,0.533700,1.00,-1362.612,114.283,0.847700,0.195140
515,1S4W,43.75,0.446400,1.00,-264.633,159.462,0.601395,0.106210
516,1S6W,71.43,0.564500,1.00,-1324.447,102.603,0.304922,0.232890
517,1S6X,87.50,0.739300,1.00,-2493.005,159.706,0.169402,0.686270
518,1SBU,50.00,0.601800,1.00,-419.801,36.636,0.604325,0.387220
519,1SCO,81.58,0.660100,1.00,-2740.111,213.106,0.153214,0.654520
520,1SH1,78.12,0.699100,1.00,-2740.960,245.974,0.448294,0.686430
521,1SKH,75.83,0.620200,1.00,-2052.362,97.598,0.290991,0.544900
522,1SMZ,72.22,0.724400,1.00,-1805.337,32.996,0.301323,0.386110
523,1SOL,70.00,0.538500,1.00,-855.769,52.127,0.549913,0.394220
524,1SP1,87.07,0.677900,1.00,-1764.521,95.386,0.217528,0.655190
525,1SP2,92.74,0.714600,1.00,-2027.839,186.870,0.200048,0.768690
526,1SP7,89.58,0.695800,1.00,-1853.749,120.562,0.224684,0.612580
527,1SPF,81.43,0.781300,1.00,-2195.884,81.106,0.360860,0.758460
528,1SPW,88.46,0.720100,1.00,-3035.664,301.194,0.157939,0.754380
529,1SRB,64.29,0.479600,1.00,-1579.327,77.590,0.536090,0.152670
530,1SRK,77.14,0.712500,1.00,-2291.914,131.502,0.519913,0.625460
531,1SSL,70.31,0.599700,1.00,-3710.361,248.814,0.309671,0.585570
532,1SUT,37.50,0.443500,1.00,-1158.050,103.500,0.537070,0.078050
533,1SX0,96.59,0.790200,1.00,-1073.133,106.562,0.070642,0.584150
534,1SX1,96.59,0.737300,1.00,-1073.133,106.562,0.079736,0.463890
535,1T0C,30.65,0.499200,1.00,-890.862,191.612,1.046439,0.213480
536,1T2Y,45.00,0.510800,1.00,-1341.479,136.836,0.703516,0.210330
537,1T5M,51.92,0.509000,1.00,-318.955,75.462,0.380534,0.250070
538,1T5N,48.08,0.499100,1.00,-318.955,75.462,0.500590,0.208160
539,1T5Q,80.83,0.727400,1.00,-2264.442,71.226,0.241466,0.560750
540,1T9E,55.36,0.662800,1.00,-429.816,46.350,1.050242,0.291370
541,1TI5,89.67,0.720900,1.00,-3606.888,184.374,0.123757,0.809120
542,1TM6,56.82,0.480700,1.00,-1099.001,112.732,0.427517,0.264510
543,1TMR,92.11,0.724600,1.00,-1114.292,93.137,0.099075,0.364940
544,1TOR,65.00,0.492600,1.00,-340.068,41.128,0.348451,0.275490
545,1TOS,75.00,0.562700,1.00,-305.706,37.101,0.347845,0.424420
546,1TSK,90.00,0.710700,1.00,-2522.479,170.146,0.102569,0.739950
547,1TV0,80.47,0.609900,1.00,-2062.181,165.448,0.209044,0.611200
548,1TYK,78.68,0.618300,1.00,-2486.406,195.598,0.220509,0.543080
549,1U0P,53.70,0.444600,1.00,-1712.610,130.250,0.664266,0.355910
550,1U57,62.50,0.677900,1.00,-2932.757,105.758,0.494279,0.562950
551,1U6U,69.12,0.587200,1.00,-845.296,60.301,0.251625,0.279000
552,1U6V,72.06,0.587800,1.00,-845.296,60.301,0.242235,0.272810
553,1U85,76.52,0.733800,1.00,-2372.033,110.012,0.368005,0.571460
554,1U86,82.14,0.729200,1.00,-2476.007,136.772,0.239218,0.637080
555,1UAO,80.00,0.722000,1.00,-451.681,25.375,0.277301,0.380660
556,1UJL,39.29,0.485100,1.00,-2055.120,234.896,0.969504,0.304780
557,1UT3,92.11,0.703200,1.00,-2941.406,217.026,0.116313,0.801810
558,1UYA,45.31,0.461100,1.00,-633.753,83.081,0.603225,0.251600
559,1UYB,51.56,0.443100,1.00,-633.753,83.081,0.439307,0.182900
560,1V1D,87.90,0.729000,1.00,-2333.903,122.395,0.129526,0.663000
561,1V28,78.26,0.676000,1.00,-1048.429,120.045,0.436002,0.474020
562,1V4Z,73.68,0.654200,1.00,-987.977,67.071,0.446930,0.411520
563,1V50,72.37,0.627400,1.00,-987.977,67.071,0.277871,0.381660
564,1V5A,86.61,0.693700,1.00,-1660.615,200.137,0.152208,0.552780
565,1V6R,69.05,0.530500,1.00,-1463.367,107.944,0.477020,0.213430
566,1V92,88.04,0.745200,1.00,-4592.299,113.265,0.133284,0.803210
567,1VA1,79.05,0.659100,1.00,-2218.863,170.003,0.305606,0.634100
568,1VA2,87.90,0.692000,1.00,-2027.839,186.870,0.178916,0.644200
569,1VA3,89.66,0.657800,1.00,-1764.521,95.386,0.191798,0.682900
570,1VB8,87.50,0.735500,1.00,-2083.932,227.850,0.226525,0.667460
571,1VD7,66.30,0.513800,1.00,-1594.801,36.908,0.414932,0.330850
572,1VD8,65.22,0.484300,1.00,-1742.944,56.920,0.401578,0.283900
573,1VD9,75.00,0.635900,1.00,-1770.880,48.057,0.426115,0.435690
574,1VDA,59.78,0.534700,1.00,-1623.520,47.794,0.720564,0.302750
575,1VDB,81.52,0.724200,1.00,-1594.801,36.908,0.183948,0.558380
576,1VII,77.08,0.659600,1.00,-2970.486,124.407,0.239167,0.577050
577,1VPC,59.44,0.609900,1.00,-3100.317,122.513,0.412873,0.567460
578,1VPU,40.56,0.436300,1.00,-2784.852,240.883,0.824000,0.331750
579,1VQX,35.53,0.572500,1.00,-414.378,98.864,0.928542,0.196900
580,1VTP,72.12,0.698700,1.00,-1830.297,28.427,0.333420,0.470150
581,1VTX,83.33,0.644700,1.00,-2461.226,187.610,0.198156,0.702040
582,1W1N,67.42,0.566200,1.00,-2361.986,133.220,0.460113,0.487710
583,1W4E,93.09,0.752100,1.00,-3816.720,157.675,0.110214,0.847130
584,1W4F,89.36,0.755100,1.00,-3816.720,157.675,0.179648,0.805800
585,1W4G,90.96,0.758700,1.00,-3833.296,155.495,0.176224,0.833120
586,1W4H,88.30,0.778700,1.00,-3391.495,165.723,0.317021,0.798190
587,1WAZ,63.04,0.578900,1.00,-4279.340,157.391,0.418486,0.467180
588,1WCT,55.77,0.589000,1.00,-420.051,67.191,0.390530,0.227020
589,1WM7,68.10,0.613900,1.00,-1861.893,143.275,0.324673,0.328730
590,1WM8,66.96,0.542900,1.00,-1637.224,156.490,0.297045,0.341660
591,1WMT,89.02,0.728600,1.00,-3144.414,217.204,0.167786,0.776660
592,1WN4,67.86,0.613100,1.00,-1256.507,111.311,0.521589,0.429520
593,1WN8,73.86,0.586600,1.00,-1163.066,95.025,0.391660,0.413580
594,1WNK,93.48,0.767800,1.00,-1770.880,48.057,0.127240,0.638310
595,1WNM,94.57,0.741800,1.00,-1742.944,56.920,0.086622,0.552130
596,1WNN,89.13,0.722200,1.00,-1623.520,47.794,0.264928,0.551100
597,1WO3,65.00,0.555800,1.00,-1307.814,186.833,0.315879,0.328980
598,1WO4,65.00,0.545000,1.00,-1324.669,172.865,0.333034,0.363880
599,1WO5,44.00,0.541700,1.00,-1507.822,25.743,0.893680,0.216990
600,1WO6,64.00,0.503700,1.00,-1523.406,67.279,0.370986,0.299350
601,1WO7,65.00,0.483700,1.00,-1595.609,90.807,0.411612,0.321920
602,1WO9,76.43,0.701400,1.00,-1727.870,163.424,0.358726,0.589360
603,1WPD,64.71,0.512400,1.00,-2278.224,157.298,0.471853,0.387990
604,1WQB,84.38,0.690300,1.00,-1963.912,178.324,0.202442,0.629570
605,1WQC,83.65,0.665000,1.00,-1804.112,94.712,0.197577,0.445060
606,1WQD,72.22,0.651800,1.00,-1876.592,99.980,0.570182,0.402250
607,1WQE,96.74,0.773900,1.00,-1472.286,55.060,0.076909,0.585410
608,1WQK,87.50,0.763500,1.00,-3661.806,208.097,0.237131,0.763300
609,1WR3,82.64,0.720000,1.00,-2258.636,165.320,0.251206,0.661250
610,1WR4,88.89,0.783900,1.00,-2180.567,148.066,0.161031,0.745900
611,1WR7,80.49,0.715700,1.00,-2757.680,190.828,0.434858,0.707660
612,1WT7,73.78,0.610000,1.00,-2977.403,183.882,0.389874,0.583190
613,1WT8,82.26,0.672100,1.00,-2254.017,116.513,0.179545,0.575660
614,1WXN,83.33,0.697700,1.00,-3581.534,250.456,0.196614,0.690390
615,1WZ4,58.70,0.567100,1.00,-1425.199,98.954,0.480917,0.286310
616,1WZ5,66.43,0.499200,1.00,-2298.650,204.750,0.341465,0.465280
617,1X22,66.07,0.728200,1.00,-2003.236,164.840,0.337588,0.581010
618,1X32,37.23,0.434000,1.00,-3341.967,276.832,0.757932,0.296710
619,1X5V,86.03,0.661300,1.00,-2381.272,210.961,0.162068,0.605400
620,1X7K,68.42,0.553900,1.00,-1102.114,123.984,0.297547,0.281320
621,1XBH,57.69,0.490100,1.00,-685.839,56.615,0.361360,0.220870
622,1XC0,61.36,0.632900,1.00,-1928.329,92.680,0.419048,0.471870
623,1XF7,86.21,0.708800,1.00,-1822.627,129.689,0.279242,0.669280
624,1XOO,75.00,0.686500,1.00,-1265.797,34.771,0.253065,0.295410
625,1XOP,77.50,0.669700,1.00,-1350.943,20.435,0.214410,0.272840
626,1XRZ,88.33,0.742600,1.00,-1734.179,131.280,0.279080,0.708020
627,1XT7,46.15,0.525100,1.00,-318.955,75.462,0.644978,0.181450
628,1XUT,71.20,0.576400,1.00,-3542.246,265.708,0.375421,0.593710
629,1XV3,56.38,0.607800,1.00,-3068.238,251.167,0.887535,0.502190
630,1XXZ,59.09,0.476000,1.00,-421.113,61.877,0.274446,0.256500
631,1XY4,85.42,0.676400,1.00,-541.994,70.706,0.133411,0.284340
632,1XY6,58.33,0.541200,1.00,-551.260,57.763,0.390108,0.268850
633,1XY8,71.15,0.519200,1.00,-646.370,55.868,0.209277,0.206030
634,1XY9,56.82,0.438900,1.00,-438.271,51.990,0.305977,0.337190
635,1Y03,75.71,0.780000,1.00,-1295.544,56.488,0.331977,0.609330
636,1Y04,62.14,0.784100,1.00,-1295.544,56.488,0.713379,0.445810
637,1Y1B,84.90,0.704600,1.00,-3591.880,200.143,0.204184,0.748850
638,1Y1C,82.81,0.708800,1.00,-3722.774,213.525,0.237621,0.718080
639,1Y29,91.96,0.726400,1.00,-1778.692,126.380,0.106250,0.649950
640,1Y2P,88.24,0.699800,1.00,-2211.057,190.489,0.150609,0.688770
641,1Y32,84.38,0.726700,1.00,-1348.885,60.278,0.278339,0.502810
642,1Y4E,45.37,0.542900,1.00,-1722.261,121.542,0.515901,0.243520
643,1Y5C,70.45,0.475300,1.00,-537.211,21.364,0.326992,0.345290
644,1YIU,89.86,0.797600,1.00,-2465.197,160.004,0.156782,0.764110
645,1YMZ,78.49,0.704200,1.00,-2533.672,237.197,0.456679,0.677400
646,1YP8,85.61,0.702800,1.00,-2269.530,158.706,0.141844,0.642550
647,1YT6,82.50,0.632200,1.00,-424.472,40.750,0.220635,0.531220
648,1YTR,61.54,0.560800,1.00,-1749.376,41.529,0.638198,0.290580
649,1YV8,89.13,0.755500,1.00,-3643.489,264.892,0.138417,0.795090
650,1YVA,91.85,0.738400,1.00,-3643.489,264.892,0.122365,0.837970
651,1YWJ,66.46,0.603700,1.00,-2335.996,226.044,0.742402,0.559750
652,1YYB,75.93,0.713200,1.00,-1668.040,79.339,0.297883,0.426560
653,1Z0Q,23.81,0.348200,1.00,-1665.021,311.061,1.385799,0.249660
654,1Z2T,73.91,0.598200,1.00,-1801.710,54.538,0.419949,0.416510
655,1Z65,75.83,0.607800,1.00,-2193.014,73.844,0.340221,0.505910
656,1Z6V,47.96,0.440500,1.00,-3654.479,239.731,0.914914,0.409010
657,1Z6W,27.04,0.318200,1.00,-3654.479,239.731,1.158326,0.242940
658,1Z99,74.40,0.609000,1.00,-2446.362,182.759,0.415423,0.598480
659,1ZA8,88.71,0.712900,1.00,-2199.836,280.288,0.209962,0.691060
660,1ZAQ,60.80,0.572900,1.00,-3201.366,241.731,0.638146,0.461150
661,1ZDA,80.92,0.684000,1.00,-3046.287,90.301,0.378918,0.677150
662,1ZDB,78.95,0.704300,1.00,-3046.287,90.301,0.339070,0.624530
663,1ZFD,89.84,0.756700,1.00,-1974.429,142.472,0.166811,0.714000
664,1ZFU,85.62,0.700500,1.00,-2843.620,165.835,0.164886,0.720380
665,1ZJQ,83.09,0.695700,1.00,-2379.690,204.254,0.220139,0.631510
666,1ZNM,84.82,0.708600,1.00,-2025.177,88.588,0.135345,0.496210
667,1ZNU,96.55,0.795200,1.00,-1919.375,224.574,0.075124,0.773830
668,1ZR7,90.83,0.770300,1.00,-1851.838,134.216,0.187164,0.740210
669,1ZRV,73.00,0.664100,1.00,-1701.320,50.329,0.308443,0.349200
670,1ZRW,65.00,0.614100,1.00,-1701.320,50.329,0.394888,0.318020
671,1ZRX,57.74,0.698600,1.00,-2427.609,80.856,0.539693,0.425310
672,1ZTA,87.14,0.668900,1.00,-2626.319,74.880,0.244912,0.716430
673,1ZTN,28.33,0.416200,1.00,-1146.269,192.969,0.977507,0.164630
674,1ZTO,58.78,0.600500,1.00,-1999.719,157.560,0.400437,0.453010
675,1ZUE,86.90,0.701300,1.00,-2970.377,217.669,0.284923,0.757770
676,1ZUF,77.38,0.607200,1.00,-2970.377,217.669,0.284273,0.635470
677,1ZUV,85.00,0.655700,1.00,-1916.303,134.626,0.271991,0.622000
678,1ZWA,41.18,0.561800,1.00,-2708.838,66.332,0.942722,0.324060
679,1ZWB,45.14,0.583700,1.00,-2896.019,92.540,1.035557,0.417610
680,1ZWC,47.30,0.580800,1.00,-3007.646,73.103,0.693230,0.347930
681,1ZWD,42.86,0.572000,1.00,-2796.380,75.745,0.690044,0.307760
682,1ZWE,46.32,0.546700,1.00,-2826.862,49.194,0.706970,0.387980
683,1ZWU,88.33,0.735200,1.00,-1832.244,144.619,0.118891,0.657970
684,2A1C,75.00,0.549100,1.00,-1272.490,36.480,0.316596,0.330410
685,2A2B,42.68,0.564600,1.00,-1989.391,175.110,0.868290,0.358270
686,2A2V,88.97,0.720400,1.00,-2123.257,186.422,0.186596,0.722250
687,2A51,87.18,0.730000,1.00,-2502.532,227.641,0.118289,0.731840
688,2AAP,87.50,0.702800,1.00,-2379.690,204.254,0.247742,0.712890
689,2AB3,87.93,0.701400,1.00,-1809.170,155.692,0.160904,0.603770
690,2AB7,94.83,0.708400,1.00,-1790.299,136.750,0.099966,0.694470
691,2AB9,36.29,0.488700,1.00,-1207.763,244.469,1.101104,0.211640
692,2ADX,50.62,0.521900,1.00,-2540.859,279.064,0.539466,0.343630
693,2AJJ,88.39,0.681000,1.00,-2001.165,49.016,0.168036,0.607450
694,2AJM,84.82,0.685100,1.00,-2001.165,49.016,0.200215,0.595900
695,2AJN,89.29,0.685500,1.00,-2001.165,49.016,0.153793,0.633900
696,2AJO,84.82,0.685100,1.00,-2001.165,49.016,0.200215,0.595900
697,2AJW,73.86,0.681500,1.00,-1042.675,162.163,0.357636,0.343540
698,2AK0,65.22,0.633100,1.00,-1120.819,145.157,0.367262,0.358000
699,2AMN,52.88,0.616200,1.00,-1879.216,47.105,0.501433,0.285090
700,2AP7,91.25,0.792300,1.00,-993.672,18.081,0.167949,0.484920
701,2AP8,87.50,0.797300,1.00,-993.672,18.081,0.214528,0.580730
702,2ARI,58.97,0.562600,1.00,-2235.114,57.480,0.784065,0.465410
703,2ATG,81.94,0.666200,1.00,-986.347,69.699,0.226381,0.296220
704,2AXK,86.84,0.699100,1.00,-3121.070,156.680,0.128723,0.712200
705,2B0Y,77.94,0.519200,1.00,-961.887,61.772,0.323762,0.328550
706,2B19,58.33,0.654100,1.00,-2036.389,170.439,0.385049,0.322930
707,2B38,90.32,0.748500,1.00,-2023.153,215.050,0.116499,0.715890
708,2B4N,55.36,0.549600,1.00,-3070.217,80.322,0.733784,0.469990
709,2B5B,32.64,0.423400,1.00,-2300.553,205.619,0.899075,0.290420
710,2B5P,59.09,0.481400,1.00,-534.620,50.249,0.290426,0.184250
711,2B5Q,63.64,0.478200,1.00,-534.620,50.249,0.374301,0.247780
712,2B68,89.53,0.726300,1.00,-3077.684,217.725,0.143437,0.782420
713,2B9K,69.15,0.607900,1.00,-4029.661,261.071,0.645371,0.520520
714,2BAI,46.88,0.482700,1.00,-1788.232,122.317,0.699841,0.329490
715,2BAO,90.00,0.686400,1.00,-548.447,19.312,0.123688,0.543160
716,2BAU,82.50,0.632700,1.00,-548.447,19.312,0.276794,0.365520
717,2BBG,62.50,0.500500,1.00,-3081.037,217.604,0.710024,0.469270
718,2BBL,37.50,0.498000,1.00,-725.973,178.318,0.952490,0.122970
719,2BBP,35.23,0.539800,1.00,-725.973,178.318,1.015663,0.144530
720,2BBX,79.59,0.724100,1.00,-2468.339,315.742,0.251792,0.695830
723,2BDS,80.81,0.635800,1.00,-3223.037,240.579,0.178536,0.665900
724,2BEY,75.00,0.683400,1.00,-518.941,74.632,0.528144,0.350090
725,2BL6,45.95,0.458700,1.00,-2020.501,171.151,0.651455,0.303680
726,2BMT,98.65,0.760700,1.00,-3002.277,198.523,0.066029,0.874930
727,2BN6,79.55,0.625600,1.00,-2639.417,91.812,0.253012,0.552250
728,2BP4,34.38,0.375400,1.00,-581.800,82.154,0.670637,0.130010
729,2BTG,87.77,0.745700,1.00,-3656.726,194.487,0.281906,0.794770
730,2BTH,84.57,0.741500,1.00,-3656.726,194.487,0.367200,0.754460
731,2C6A,80.98,0.687800,1.00,-3100.154,222.621,0.347755,0.694310
732,2C6B,83.15,0.727800,1.00,-3100.154,222.621,0.252346,0.710460
733,2CBH,99.31,0.834500,1.00,-2215.185,201.018,0.052586,0.912350
734,2CEF,35.53,0.492600,1.00,-551.091,152.109,0.775203,0.067730
735,2CEH,50.00,0.534900,1.00,-551.091,152.109,0.647564,0.137730
736,2CEZ,46.05,0.515500,1.00,-551.091,152.109,0.628453,0.203460
737,2CFJ,50.00,0.525300,1.00,-551.091,152.109,0.698959,0.212270
738,2CK4,85.53,0.729500,1.00,-2909.337,179.928,0.128662,0.696710
739,2CK5,87.90,0.732200,1.00,-2047.178,137.422,0.140951,0.631490
740,2CQ7,72.96,0.725800,1.00,-2714.206,244.597,0.505708,0.625150
741,2CRD,90.54,0.686600,1.00,-2925.473,159.651,0.127380,0.752610
742,2CSA,32.89,0.526400,1.00,-514.010,105.935,0.945681,0.086770
743,2CTI,96.55,0.782900,1.00,-1912.480,136.900,0.071293,0.777500
744,2CYU,77.50,0.587400,1.00,-3179.590,94.954,0.376202,0.631640
745,2DCI,62.50,0.581700,1.00,-1109.726,75.840,0.382475,0.266540
746,2DCO,42.65,0.395200,1.00,-2728.598,181.327,0.841558,0.272130
747,2DCV,86.31,0.695100,1.00,-2980.354,208.315,0.195682,0.726580
748,2DCW,86.31,0.671700,1.00,-2880.578,224.488,0.157558,0.724450
749,2DDL,68.94,0.608900,1.00,-2631.560,111.202,0.346401,0.404090
750,2DI2,70.69,0.660700,1.00,-1235.696,170.514,0.425406,0.526340
751,2DJ9,73.91,0.585200,1.00,-1152.892,98.693,0.481086,0.360050
752,2DJC,80.43,0.724600,1.00,-1138.155,127.555,0.408929,0.436540
753,2DMV,69.19,0.705800,1.00,-2367.997,225.400,0.647651,0.601430
754,2DQ5,83.51,0.690500,1.00,-3245.487,259.595,0.206317,0.734450
755,2DTB,84.62,0.770700,1.00,-1828.140,47.414,0.145504,0.578540
756,2DWF,71.32,0.548600,1.00,-3005.926,132.199,0.306065,0.519270
757,2DX2,86.36,0.626800,1.00,-635.386,24.074,0.231047,0.404340
758,2DX3,76.39,0.629700,1.00,-1179.913,48.313,0.201555,0.261140
759,2DX4,34.72,0.376000,1.00,-1179.913,48.313,0.794137,0.063720
760,2E1X,69.44,0.624200,1.00,-1220.724,146.761,0.446680,0.433350
761,2E2F,85.98,0.716200,1.00,-3221.327,204.460,0.140929,0.740920
762,2E3E,47.78,0.503300,1.00,-3100.066,256.877,0.739359,0.370150
763,2E3F,55.23,0.517300,1.00,-2907.095,266.159,0.719281,0.433450
764,2E3G,65.62,0.579400,1.00,-3042.031,197.796,0.501032,0.509930
765,2E4E,97.50,0.810200,1.00,-394.246,35.763,0.053360,0.711140
766,2E5T,84.24,0.635300,1.00,-3586.926,133.740,0.129756,0.747620
767,2E5U,47.50,0.587900,1.00,-2784.986,93.452,0.531179,0.408120
768,2E72,67.35,0.686600,1.00,-2613.480,262.113,0.762633,0.587170
769,2EBQ,72.34,0.691400,1.00,-2242.065,292.444,0.426427,0.617610
770,2EBR,65.96,0.667600,1.00,-2172.160,273.472,1.053941,0.599810
771,2EC7,69.90,0.583800,1.00,-2512.206,208.761,0.347642,0.584480
772,2EEM,94.12,0.774600,1.00,-2689.366,150.859,0.085226,0.789310
773,2EFZ,70.31,0.608700,1.00,-1009.417,76.058,0.389712,0.314560
774,2EKK,91.49,0.782000,1.00,-3938.149,174.535,0.305283,0.837610
775,2EL4,64.67,0.703100,1.00,-2203.608,227.118,0.605117,0.532680
776,2EL5,72.62,0.767900,1.00,-1924.328,206.786,0.733897,0.636340
777,2EL6,70.11,0.696200,1.00,-2290.271,174.665,0.509923,0.564220
778,2ELM,75.00,0.721200,1.00,-2181.120,160.200,0.522410,0.616850
779,2ELN,80.26,0.801400,1.00,-2229.488,148.239,0.528883,0.708300
780,2ELO,74.32,0.736300,1.00,-2182.844,140.132,0.350594,0.554370
781,2ELP,81.76,0.746700,1.00,-2402.773,200.815,0.246819,0.662080
782,2ELQ,81.94,0.764300,1.00,-1928.015,159.919,0.317053,0.683580
783,2ELR,76.39,0.798500,1.00,-1644.951,137.661,0.566520,0.626370
784,2ELS,79.86,0.775600,1.00,-2242.635,157.073,0.474161,0.710100
785,2ELT,79.17,0.824600,1.00,-1942.654,127.325,0.529853,0.701590
786,2ELU,79.73,0.749500,1.00,-1943.890,153.178,0.333156,0.643320
787,2ELV,78.47,0.741900,1.00,-1983.103,153.685,0.450234,0.672340
788,2ELW,76.35,0.735100,1.00,-2021.880,167.123,0.352901,0.596130
789,2ELX,89.29,0.834200,1.00,-1907.324,158.749,0.178366,0.795460
790,2ELY,71.20,0.735100,1.00,-2041.607,219.513,0.690138,0.604840
791,2ELZ,59.78,0.686800,1.00,-2165.118,199.346,0.942864,0.542420
792,2EM0,65.22,0.698300,1.00,-2105.253,244.632,0.724786,0.536430
793,2EM1,69.32,0.739700,1.00,-2052.405,246.843,0.765809,0.589290
794,2EM2,65.76,0.693800,1.00,-2041.113,217.592,0.629573,0.595590
795,2EM3,61.96,0.737600,1.00,-2151.534,231.316,1.136260,0.566440
796,2EM4,70.11,0.718100,1.00,-2046.228,213.246,0.405229,0.617280
797,2EM5,68.48,0.752000,1.00,-2075.217,222.200,0.527777,0.571100
798,2EM6,66.30,0.736800,1.00,-2098.473,244.182,0.652397,0.605720
799,2EM7,69.02,0.705400,1.00,-2132.618,186.039,0.810131,0.580510
800,2EM8,66.30,0.725100,1.00,-2084.264,227.858,1.039385,0.583430
801,2EM9,69.02,0.764900,1.00,-2090.282,230.177,0.653214,0.582410
802,2EMA,64.67,0.707100,1.00,-2170.129,284.124,0.719520,0.567060
803,2EMB,67.61,0.619100,1.00,-2244.841,216.410,0.804137,0.594450
804,2EMC,72.28,0.778300,1.00,-2117.435,258.568,0.374897,0.625180
805,2EME,62.50,0.745000,1.00,-2331.398,194.567,0.734429,0.556940
806,2EMF,65.76,0.720900,1.00,-2011.464,221.037,0.960719,0.588920
807,2EMG,64.13,0.701000,1.00,-2374.060,215.022,0.737770,0.553790
808,2EMH,67.93,0.740700,1.00,-2286.597,213.697,0.540778,0.588410
809,2EMI,67.39,0.652400,1.00,-2152.937,237.220,0.802201,0.575680
810,2EMJ,65.76,0.719300,1.00,-2068.975,272.369,0.787252,0.581760
811,2EMK,63.59,0.695400,1.00,-2063.794,247.175,0.736122,0.527370
812,2EML,65.76,0.725400,1.00,-1915.365,258.198,0.898485,0.566740
813,2EMM,69.02,0.763400,1.00,-2031.003,220.474,0.644209,0.597340
814,2EMP,64.67,0.719200,1.00,-2140.450,221.857,0.871770,0.586330
815,2EMV,70.45,0.754100,1.00,-1980.628,236.218,0.441597,0.629590
816,2EMW,64.77,0.699900,1.00,-2095.705,217.183,0.767271,0.566440
817,2EMX,77.27,0.788100,1.00,-2028.371,190.549,0.357509,0.677480
818,2EMY,70.65,0.766400,1.00,-2310.029,175.847,0.485990,0.566000
819,2EMZ,73.37,0.745400,1.00,-1954.849,235.016,0.467550,0.623000
820,2EN0,78.57,0.784400,1.00,-2013.045,192.965,0.313494,0.672240
821,2EN1,65.22,0.716800,1.00,-1724.494,228.175,0.815600,0.587420
822,2EN2,69.64,0.805200,1.00,-2131.305,169.510,0.940050,0.601660
823,2EN3,73.37,0.704500,1.00,-2490.079,204.175,0.478171,0.609660
824,2EN4,62.50,0.690000,1.00,-2136.423,233.303,0.581137,0.533380
825,2EN6,67.93,0.756900,1.00,-2034.574,195.103,0.663207,0.580270
826,2EN7,62.50,0.694400,1.00,-2101.500,198.019,0.646576,0.514770
827,2EN8,65.22,0.693100,1.00,-2162.089,211.469,0.722140,0.585860
828,2EN9,67.39,0.718200,1.00,-1750.299,229.042,0.803119,0.576110
829,2ENA,61.41,0.709500,1.00,-2110.870,244.443,1.130858,0.550930
830,2ENC,60.87,0.717000,1.00,-2028.071,217.528,0.880617,0.521770
831,2ENE,61.41,0.694000,1.00,-2128.383,229.732,0.911715,0.554670
832,2ENF,66.30,0.725500,1.00,-2109.662,214.274,0.790299,0.564740
833,2ENH,62.50,0.728600,1.00,-2106.366,246.410,0.827524,0.547500
834,2ENT,65.10,0.724900,1.00,-2388.444,294.460,0.768815,0.583710
835,2EOE,63.04,0.697600,1.00,-2062.030,160.819,0.671351,0.527560
836,2EOF,67.05,0.750900,1.00,-1998.090,255.842,0.644904,0.568030
837,2EOG,71.59,0.768700,1.00,-2282.391,191.773,0.523252,0.605630
838,2EOH,64.67,0.629800,1.00,-1870.460,285.276,0.625091,0.520320
839,2EOI,68.18,0.697900,1.00,-2135.932,235.000,0.638538,0.576670
840,2EOJ,64.77,0.723500,1.00,-2033.580,249.094,0.557277,0.548490
841,2EOK,75.60,0.739900,1.00,-2220.693,147.963,0.357571,0.646640
842,2EOL,75.00,0.743800,1.00,-1912.107,238.229,0.493175,0.615400
843,2EOM,70.65,0.756800,1.00,-2014.029,231.175,0.484830,0.606110
844,2EON,67.93,0.754900,1.00,-2104.249,201.690,0.606172,0.577770
845,2EOO,71.74,0.718600,1.00,-2435.737,164.899,0.734003,0.628120
846,2EOP,71.74,0.759200,1.00,-2083.132,209.963,0.395449,0.612490
847,2EOQ,66.85,0.717800,1.00,-2105.495,209.003,0.640792,0.569020
848,2EOR,72.28,0.735800,1.00,-2064.300,233.436,0.365877,0.604490
849,2EOS,68.45,0.753600,1.00,-2090.089,195.428,0.665451,0.580590
850,2EOU,63.64,0.736200,1.00,-1879.910,201.548,1.102086,0.571250
851,2EOV,65.22,0.728700,1.00,-2241.207,184.213,0.638743,0.565990
852,2EOW,65.76,0.745100,1.00,-2002.155,228.266,0.835784,0.601680
853,2EOX,61.93,0.666600,1.00,-2128.955,202.835,0.704539,0.531380
854,2EOY,60.87,0.660300,1.00,-2146.399,252.777,1.053880,0.502480
855,2EOZ,69.02,0.734800,1.00,-2358.710,195.198,0.649599,0.600180
856,2EP0,68.48,0.741900,1.00,-2146.011,221.376,0.599720,0.611740
857,2EP1,70.65,0.736400,1.00,-2071.294,208.533,0.519214,0.605300
858,2EP2,69.57,0.740300,1.00,-2077.585,228.071,0.482637,0.596140
859,2EP3,69.57,0.734700,1.00,-2209.643,229.153,0.601101,0.612710
860,2EPC,61.90,0.651300,1.00,-1900.187,233.506,1.020504,0.550380
861,2EPQ,54.44,0.690000,1.00,-2367.929,205.744,0.959190,0.461870
862,2EPR,54.17,0.665400,1.00,-2334.229,274.250,0.929831,0.465910
863,2EPT,64.02,0.644900,1.00,-1904.183,203.357,0.723391,0.544310
864,2EPU,66.11,0.749200,1.00,-2067.288,175.192,0.737857,0.568170
865,2EPV,72.16,0.768800,1.00,-2094.584,186.166,0.616632,0.643500
866,2EPW,57.61,0.642800,1.00,-2111.373,252.832,0.795340,0.473930
867,2EPX,64.89,0.657000,1.00,-2548.796,226.079,0.925677,0.578590
868,2EPY,70.24,0.692900,1.00,-1710.014,229.204,0.713504,0.578060
869,2EPZ,73.91,0.750500,1.00,-2026.177,223.618,0.399445,0.647730
870,2EQ0,62.50,0.690300,1.00,-2082.172,209.439,0.675866,0.530200
871,2EQ1,60.33,0.682100,1.00,-1908.431,204.100,0.791070,0.514010
872,2EQ2,55.98,0.616500,1.00,-1870.971,244.637,0.774578,0.466660
873,2EQ3,63.04,0.695500,1.00,-1791.521,202.614,0.575864,0.536140
874,2EQ4,55.43,0.632700,1.00,-2041.052,206.350,0.820032,0.434040
875,2EQE,63.02,0.731100,1.00,-2579.773,329.135,0.749128,0.563170
876,2EQF,64.13,0.615100,1.00,-2517.705,242.984,0.853049,0.561160
877,2EQG,75.51,0.738300,1.00,-2756.087,243.370,0.397057,0.702640
878,2EQH,79.35,0.677100,1.00,-1165.391,120.363,0.272654,0.365600
879,2EQQ,69.64,0.589000,1.00,-1546.423,176.812,0.448452,0.416740
880,2EQT,69.64,0.619000,1.00,-1546.423,176.812,0.482084,0.508110
881,2EQW,64.88,0.656900,1.00,-2159.543,178.741,0.768588,0.559930
882,2ERI,90.32,0.754000,1.00,-2206.229,199.349,0.217242,0.746620
883,2ESX,59.21,0.486200,1.00,-821.321,115.564,0.315812,0.198730
884,2ESZ,57.89,0.479700,1.00,-821.321,115.564,0.339720,0.230890
885,2ETI,83.04,0.663900,1.00,-1965.955,124.628,0.215661,0.536230
886,2EVQ,89.58,0.728800,1.00,-514.920,52.872,0.145883,0.351480
887,2EYA,89.13,0.759900,1.00,-3643.489,264.892,0.119779,0.808840
888,2EYB,94.02,0.772500,1.00,-3643.489,264.892,0.130819,0.846090
889,2EYC,85.87,0.747000,1.00,-3643.489,264.892,0.181661,0.756570
890,2EYD,88.04,0.771700,1.00,-3643.489,264.892,0.193906,0.775880
891,2F2I,89.66,0.768800,1.00,-1794.643,175.168,0.107545,0.650010
892,2F2J,93.97,0.769400,1.00,-1707.956,179.977,0.094779,0.707630
893,2F5H,60.14,0.469600,1.00,-2483.154,210.001,0.450018,0.444920
896,2FJ4,66.22,0.553800,1.00,-2483.154,210.001,0.338850,0.507480
897,2FJ5,66.89,0.562200,1.00,-2483.154,210.001,0.286552,0.492860
898,2FQA,71.30,0.574800,1.00,-1881.181,134.212,0.305872,0.412150
899,2FR9,92.31,0.697700,1.00,-683.879,70.869,0.107026,0.452110
900,2FRB,53.85,0.515200,1.00,-571.199,80.468,0.385618,0.185030
901,2FXY,84.72,0.683300,1.00,-1211.845,30.310,0.255842,0.424220
902,2FXZ,88.46,0.657200,1.00,-781.783,23.814,0.225747,0.514640
903,2G6U,55.00,0.464200,1.00,-783.400,74.257,0.571204,0.206900
904,2G9L,65.54,0.695100,1.00,-2405.131,105.987,0.511047,0.588530
905,2G9P,64.42,0.691100,1.00,-1590.454,38.291,0.419371,0.472710
906,2GD3,65.62,0.601600,1.00,-1248.703,84.949,0.503071,0.376070
907,2GDL,50.81,0.452500,1.00,-2113.842,122.198,0.548508,0.326170
908,2GFR,81.82,0.597600,1.00,-507.686,48.752,0.207740,0.421570
909,2GJ0,85.48,0.655900,1.00,-1966.120,192.230,0.283844,0.596840
910,2GL1,97.87,0.833600,1.00,-3489.251,217.985,0.057125,0.941160
911,2GOF,55.00,0.578400,1.00,-2211.300,84.159,0.596913,0.445890
912,2GOH,65.71,0.573100,1.00,-2211.300,84.159,0.512190,0.485960
913,2GP8,83.75,0.733600,1.00,-2926.509,94.919,0.263897,0.722320
914,2GQE,89.84,0.785200,1.00,-1952.343,215.014,0.167307,0.715210
915,2GW9,92.97,0.770300,1.00,-2087.257,166.393,0.149948,0.788480
916,2GWP,83.59,0.717100,1.00,-2043.697,214.222,0.214350,0.621460
917,2GX1,87.07,0.690100,1.00,-1897.170,158.115,0.142772,0.565860
918,2H1Z,89.74,0.795600,1.00,-2712.701,252.857,0.139562,0.754270
919,2H9X,73.40,0.611600,1.00,-3257.891,189.144,0.342246,0.617290
920,2HFR,68.52,0.647400,1.00,-1930.079,48.861,0.282569,0.331610
921,2HGO,62.04,0.505300,1.00,-1756.521,186.993,0.375916,0.266720
922,2HLG,96.79,0.780000,1.00,-2583.020,174.202,0.079446,0.864630
923,2HM3,66.13,0.587200,1.00,-1806.288,306.710,0.525988,0.437820
924,2HM4,35.48,0.479600,1.00,-1759.498,209.853,0.764568,0.234350
925,2HM5,65.32,0.600300,1.00,-1759.498,209.853,0.646246,0.416990
926,2HM6,37.90,0.448600,1.00,-1918.510,307.891,0.919463,0.232960
927,2HN8,85.53,0.777500,1.00,-3335.428,89.471,0.150393,0.678760
928,2I1P,81.77,0.740000,1.00,-2592.118,260.847,0.252113,0.712200
929,2I1T,77.78,0.654800,1.00,-2314.854,172.952,0.228112,0.546400
930,2I5O,85.90,0.808900,1.00,-2878.886,141.848,0.298312,0.734460
931,2I9M,91.18,0.774600,1.00,-1196.543,15.200,0.113067,0.460140
932,2I9N,50.76,0.603500,1.00,-1767.504,137.602,0.798893,0.369130
933,2I9O,51.35,0.588700,1.00,-1635.836,212.068,0.612911,0.370020
934,2IFJ,62.50,0.506600,1.00,-554.235,53.688,0.331696,0.237800
935,2IGU,70.83,0.542000,1.00,-664.156,44.651,0.256556,0.204590
936,2IH6,54.55,0.519800,1.00,-546.656,53.550,0.408164,0.199430
937,2IMU,54.35,0.661900,1.00,-2688.375,170.766,0.526926,0.439530
938,2IT7,98.21,0.816100,1.00,-1965.955,124.628,0.059665,0.816790
939,2IV4,31.25,0.446500,1.00,-283.826,64.943,0.813341,0.174120
940,2IV5,82.61,0.718500,1.00,-1304.631,40.945,0.170507,0.417790
941,2IV6,44.57,0.570600,1.00,-1268.078,44.083,0.755020,0.254140
942,2IWJ,43.52,0.470800,1.00,-1220.724,146.761,0.701025,0.264790
943,2J15,68.33,0.575200,1.00,-673.054,87.117,0.346733,0.221710
944,2J8P,49.49,0.535300,1.00,-4098.026,169.138,0.833466,0.429420
945,2JM0,86.43,0.726100,1.00,-3131.319,99.423,0.149394,0.656750
946,2JM2,25.56,0.470400,1.00,-1038.870,336.261,1.241021,0.282370
947,2JM4,88.95,0.735400,1.00,-2429.988,246.095,0.191494,0.797680
948,2JMY,95.00,0.744200,1.00,-879.415,29.644,0.117079,0.445340
949,2JN5,45.83,0.473800,1.00,-751.216,19.849,0.549203,0.195320
950,2JNH,82.07,0.670800,1.00,-4247.739,137.009,0.258677,0.706920
951,2JNI,94.05,0.719100,1.00,-1513.803,115.084,0.085382,0.396670
952,2JOC,66.22,0.594500,1.00,-2465.197,160.004,0.384340,0.493990
953,2JOF,91.25,0.760300,1.00,-987.326,119.423,0.147690,0.478830
954,2JOS,84.09,0.625800,1.00,-1538.222,31.489,0.191140,0.416850
955,2JOU,45.59,0.309300,1.00,-3005.926,132.199,1.024614,0.327340
956,2JP6,61.49,0.589200,1.00,-2039.553,151.818,0.934563,0.400340
957,2JPJ,50.64,0.670200,1.00,-2415.130,69.834,0.555823,0.377920
958,2JPK,54.29,0.612900,1.00,-2461.824,77.387,0.977531,0.436530
959,2JPL,50.64,0.626800,1.00,-2415.130,69.834,0.584095,0.389100
960,2JPM,52.14,0.622700,1.00,-2461.824,77.387,0.526178,0.392040
961,2JPW,33.59,0.476800,1.00,-961.552,219.901,0.943417,0.220320
962,2JPX,68.57,0.663300,1.00,-2211.562,89.651,0.586350,0.550330
963,2JQ2,56.25,0.511900,1.00,-512.632,65.365,0.493877,0.331250
964,2JQB,53.33,0.587900,1.00,-581.489,91.792,0.533486,0.216630
965,2JQC,48.33,0.470400,1.00,-581.489,91.792,0.451678,0.205660
966,2JQW,51.47,0.459300,1.00,-850.627,81.101,0.489648,0.179370
967,2JR3,41.07,0.409600,1.00,-3029.799,223.704,0.920854,0.342900
968,2JR8,52.98,0.564600,1.00,-2106.083,118.943,0.925861,0.480550
969,2JRD,61.11,0.559000,1.00,-1276.264,66.168,0.752526,0.301490
970,2JRV,60.00,0.501500,1.00,-814.926,72.465,0.508201,0.273910
971,2JRW,59.78,0.495600,1.00,-1171.109,140.597,0.391227,0.175130
972,2JRY,52.72,0.431200,1.00,-3281.025,235.248,0.720341,0.425360
973,2JSB,80.95,0.669500,1.00,-1416.793,99.874,0.184555,0.297540
974,2JTA,32.50,0.472100,1.00,-299.351,52.604,0.653256,0.333500
975,2JTB,92.42,0.713600,1.00,-2163.415,169.536,0.109016,0.725160
976,2JTU,67.11,0.551400,1.00,-2352.365,208.484,0.347025,0.513070
977,2JTW,69.00,0.646200,1.00,-1561.300,56.336,0.345356,0.452350
978,2JUE,33.62,0.290400,1.00,-1919.375,224.574,0.797575,0.153770
979,2JUI,65.15,0.653000,1.00,-1980.371,86.879,0.426985,0.444300
980,2JUQ,67.31,0.565300,1.00,-759.496,42.661,0.288066,0.371440
981,2JUR,63.46,0.557400,1.00,-640.915,69.777,0.368242,0.220950
982,2JUS,92.31,0.677300,1.00,-727.680,65.715,0.095437,0.459490
983,2JUT,61.54,0.518600,1.00,-664.705,50.766,0.414934,0.385170
984,2JUY,60.71,0.551300,1.00,-2189.828,135.410,0.406869,0.316070
985,2JVX,89.29,0.757900,1.00,-1922.341,120.195,0.215101,0.703450
986,2JVY,85.71,0.701300,1.00,-1980.507,111.373,0.233213,0.629910
987,2JWG,87.50,0.728000,1.00,-2898.377,176.264,0.160896,0.790330
988,2JWH,60.94,0.639200,1.00,-2083.547,251.883,0.949312,0.535750
989,2JWM,89.66,0.768500,1.00,-1933.400,197.699,0.271817,0.717530
990,2JXF,85.83,0.790000,1.00,-2691.073,60.934,0.160643,0.673200
991,2JY0,69.44,0.601700,1.00,-1582.341,59.700,0.323556,0.362620
992,2JYD,74.46,0.682700,1.00,-2091.993,350.102,0.380802,0.640680
993,2JYP,22.22,0.371800,1.00,-1908.771,206.762,1.080121,0.180010
994,2K10,56.25,0.663700,1.00,-2062.855,50.210,0.480994,0.293110
995,2K1A,57.14,0.753200,1.00,-2831.696,131.601,0.659292,0.512680
996,2K1I,90.62,0.708500,1.00,-1893.005,212.174,0.152269,0.675910
997,2K1P,81.82,0.721200,1.00,-1887.477,226.863,0.298510,0.636070
998,2K2Y,83.33,0.673500,1.00,-3129.374,138.978,0.173658,0.683460
999,2K2Z,74.36,0.614300,1.00,-2314.812,169.646,0.421297,0.610280
1000,2K44,51.79,0.613100,1.00,-2279.567,82.026,0.639373,0.337320
1001,2K4U,91.22,0.709100,1.00,-2716.312,159.667,0.113610,0.756390
1004,2K6O,67.57,0.756400,1.00,-3030.985,82.753,0.287096,0.590630
1005,2K6R,79.31,0.603100,1.00,-1991.467,163.583,0.238542,0.513780
1006,2K72,93.24,0.750700,1.00,-3452.723,189.016,0.132078,0.777710
1007,2K76,88.33,0.752400,1.00,-2105.803,93.339,0.116716,0.640640
1008,2K7G,100.00,0.839400,1.00,-2013.789,162.410,0.057917,0.824170
1009,2K7Y,33.89,0.478400,1.00,-2745.322,324.574,0.927924,0.323750
1010,2K84,48.33,0.608400,1.00,-1823.601,180.160,0.517748,0.425370
1012,2K98,59.38,0.634700,1.00,-1275.287,61.705,0.728564,0.347570
1013,2K9D,75.00,0.644900,1.00,-4692.087,118.411,0.171948,0.626480
1014,2K9O,72.92,0.577200,1.00,-2315.135,157.576,0.340041,0.523930
1015,2KAM,73.08,0.733900,1.00,-1828.140,47.414,0.231293,0.683380
1016,2KB8,72.30,0.660000,1.00,-2032.282,137.752,0.399160,0.534650
1017,2KB9,77.84,0.646000,1.00,-2855.526,251.849,0.221543,0.662960
1018,2KBL,65.52,0.632400,1.00,-1771.102,184.096,0.398228,0.355530
1019,2KCF,74.31,0.659800,1.00,-2252.450,144.032,0.359460,0.573790
1020,2KCG,96.67,0.811900,1.00,-2057.408,183.960,0.074277,0.778040
1021,2KCH,97.41,0.802400,1.00,-1874.723,178.937,0.072719,0.769100
1023,2KDT,42.22,0.501600,1.00,-2736.691,184.381,0.646048,0.390450
1024,2KE3,45.35,0.520300,1.00,-2846.227,165.637,0.654317,0.356500
1025,2KEF,78.00,0.635500,1.00,-1507.566,131.325,0.355836,0.403130
1026,2KEG,64.06,0.644000,1.00,-1849.685,127.160,0.505462,0.466350
1027,2KEH,66.41,0.588100,1.00,-1849.685,127.160,0.431553,0.429050
1028,2KES,84.38,0.803100,1.00,-3781.312,106.732,0.167736,0.753960
1029,2KFE,72.92,0.709000,1.00,-1525.257,43.237,0.249006,0.354030
1030,2KFQ,35.94,0.346400,1.00,-2447.746,103.077,0.852210,0.349550
1031,2KGH,40.38,0.439500,1.00,-2456.471,235.512,0.920744,0.308630
1032,2KGN,70.83,0.632100,1.00,-1355.523,98.813,0.244997,0.286660
1033,2KGU,90.00,0.771900,1.00,-1964.465,153.195,0.142517,0.753040
1034,2KHB,89.66,0.753500,1.00,-1918.927,159.617,0.169681,0.692240
1035,2KHF,70.00,0.639700,1.00,-1656.402,51.291,0.315691,0.366620
1036,2KHG,75.00,0.617800,1.00,-1656.402,51.291,0.295792,0.463110
1037,2KI0,72.92,0.654700,1.00,-2506.573,135.583,0.315119,0.535800
1038,2KI9,59.85,0.636700,1.00,-2631.471,62.875,0.484427,0.408340
1039,2KIO,54.55,0.610300,1.00,-2278.689,127.675,0.676363,0.314090
1040,2KIR,71.32,0.568300,1.00,-2406.372,206.172,0.252922,0.460280
1041,2KIT,68.94,0.641600,1.00,-2278.689,127.675,0.392174,0.471990
1042,2KJM,54.17,0.519700,1.00,-2109.400,131.848,0.404073,0.358220
1043,2KJN,71.15,0.652600,1.00,-1847.080,49.392,0.350108,0.581410
1044,2KJO,66.35,0.589200,1.00,-1847.080,49.392,0.342031,0.450210
1045,2KLV,48.91,0.559500,1.00,-3480.232,53.559,0.449594,0.379640
1046,2KM9,91.00,0.699400,1.00,-1370.530,132.970,0.115828,0.525950
1047,2KMO,92.61,0.744900,1.00,-2914.019,201.562,0.152003,0.835130
1048,2KMP,86.93,0.719500,1.00,-2914.019,201.562,0.285860,0.780950
1049,2KMQ,81.25,0.694200,1.00,-2914.019,201.562,0.219209,0.659770
1050,2KMR,65.34,0.555300,1.00,-2914.019,201.562,0.951315,0.540150
1051,2KNI,87.80,0.732900,1.00,-2445.370,321.543,0.228525,0.762380
1052,2KNM,93.33,0.796500,1.00,-2052.856,196.867,0.104219,0.715350
1053,2KNP,85.61,0.709000,1.00,-1980.797,130.587,0.169328,0.673090
1054,2KNS,51.52,0.620200,1.00,-1869.370,127.022,0.705839,0.378390
1055,2KNU,51.72,0.595900,1.00,-1756.407,112.262,0.611073,0.285050
1056,2KOE,48.12,0.578500,1.00,-2828.668,140.143,0.656005,0.364270
1057,2KOZ,96.21,0.781500,1.00,-2118.146,205.574,0.091061,0.820750
1058,2KP0,93.94,0.744900,1.00,-2292.850,97.127,0.095833,0.759440
1059,2KPA,54.81,0.529400,1.00,-1553.707,82.301,0.472407,0.262260
1060,2KPB,52.88,0.529600,1.00,-1553.707,82.301,0.555897,0.283660
1061,2KSG,33.33,0.602100,1.00,-2911.547,75.388,1.515972,0.252100
1062,2KSJ,57.07,0.698500,1.00,-3480.232,53.559,0.413073,0.475140
1063,2KTC,67.65,0.557900,1.00,-1858.962,229.587,0.478685,0.437060
1064,2KTX,91.45,0.717400,1.00,-2910.979,166.249,0.152901,0.791890
1065,2KUK,94.17,0.794500,1.00,-2160.652,163.772,0.095767,0.702030
1066,2KUS,92.14,0.762700,1.00,-2245.621,161.435,0.108180,0.730180
1067,2KUX,95.83,0.789500,1.00,-2206.849,149.982,0.083193,0.747120
1068,2KUY,58.14,0.459400,1.00,-3425.234,287.198,0.828736,0.446830
1069,2KV5,66.67,0.690900,1.00,-2532.484,79.588,0.504933,0.572330
1070,2KVF,87.50,0.633000,1.00,-1968.568,112.277,0.167009,0.602330
1071,2KVG,86.11,0.711700,1.00,-1891.804,91.558,0.162297,0.494460
1072,2KVH,89.81,0.675800,1.00,-1858.310,114.029,0.177949,0.663150
1073,2KVX,97.32,0.807100,1.00,-2032.485,141.534,0.072405,0.751330
1074,2KWT,70.45,0.573400,1.00,-2784.536,121.296,0.326455,0.499250
1075,2KWY,70.35,0.781400,1.00,-2738.779,74.693,0.473308,0.656080
1076,2KWZ,52.50,0.645100,1.00,-3305.799,61.926,0.657680,0.427390
1077,2KXA,46.67,0.621600,1.00,-1789.630,37.205,1.102068,0.336670
1078,2KY3,87.12,0.730700,1.00,-2285.853,120.094,0.274935,0.694660
1079,2KYA,41.18,0.510500,1.00,-1389.968,130.889,0.580202,0.296680
1080,2KYJ,90.28,0.742800,1.00,-2215.829,198.174,0.146198,0.762330
1081,2KYK,60.90,0.507000,1.00,-2379.536,248.775,0.712585,0.464700
1082,2KZQ,62.50,0.641800,1.00,-2610.609,89.614,0.435138,0.435180
1083,2L07,76.39,0.587800,1.00,-841.273,77.411,0.231241,0.246720
1084,2L0G,83.59,0.695500,1.00,-3036.432,113.061,0.304887,0.695980
1085,2L0L,57.41,0.623400,1.00,-1592.774,50.774,0.567106,0.384000
1086,2L0M,70.37,0.672600,1.00,-1592.774,50.774,0.345830,0.342260
1087,2L0N,77.50,0.672500,1.00,-2336.453,81.959,0.220646,0.510830
1088,2L0O,57.50,0.596000,1.00,-2336.453,81.959,0.400213,0.432270
1089,2L1J,53.68,0.468200,1.00,-2315.683,205.899,0.400250,0.291420
1090,2L1Q,74.38,0.689400,1.00,-2394.444,226.277,0.399370,0.617140
1091,2L1X,41.03,0.538700,1.00,-2815.262,77.403,0.926098,0.358950
1092,2L2R,76.35,0.665300,1.00,-1970.174,173.074,0.529539,0.645830
1093,2L36,66.67,0.680400,1.00,-1323.330,19.590,0.393337,0.324100
1094,2L37,90.12,0.682300,1.00,-3576.174,99.213,0.196649,0.790110
1095,2L3H,35.90,0.460800,1.00,-2449.104,129.790,0.986515,0.282170
1096,2L3I,64.17,0.566500,1.00,-2140.362,85.365,0.400012,0.510510
1097,2L44,88.16,0.609300,1.00,-826.040,86.963,0.136189,0.274320
1098,2L4G,62.04,0.657800,1.00,-1348.354,89.911,0.589785,0.380450
1099,2L4J,68.48,0.627400,1.00,-2728.974,235.969,0.399432,0.545160
1100,2L4U,62.50,0.612000,1.00,-1505.494,61.904,0.396862,0.285000
1101,2L5I,35.71,0.444300,1.00,-1041.222,213.380,0.717014,0.159490
1102,2L5J,40.48,0.466700,1.00,-1041.222,213.380,0.553743,0.136280
1103,2L5R,81.52,0.768900,1.00,-1494.453,20.120,0.167900,0.393180
1104,2L61,62.50,0.509300,1.00,-1320.906,107.333,0.320659,0.273960
1105,2L62,69.23,0.591300,1.00,-1320.906,107.333,0.419167,0.341140
1106,2L63,63.64,0.669200,1.00,-2477.213,66.078,0.389650,0.379400
1107,2L64,59.09,0.635300,1.00,-2477.213,66.078,0.391301,0.417590
1108,2L6S,47.50,0.477300,1.00,-1025.225,113.700,0.614804,0.158010
1109,2L6T,56.25,0.484200,1.00,-1025.225,113.700,0.513603,0.168500
1110,2L70,64.88,0.660900,1.00,-2965.871,83.609,0.373123,0.496160
1111,2L71,63.10,0.621100,1.00,-2965.871,83.609,0.613308,0.522810
1112,2L77,51.92,0.605500,1.00,-2449.104,129.790,0.904260,0.412750
1113,2L79,51.28,0.517100,1.00,-2449.104,129.790,0.614633,0.362810
1114,2L7C,80.26,0.588200,1.00,-1223.428,32.387,0.220428,0.341640
1115,2L7T,61.36,0.524900,1.00,-472.558,55.106,0.285525,0.283210
1116,2L87,36.11,0.493400,1.00,-1009.149,142.674,0.651769,0.292630
1117,2L8E,67.86,0.656500,1.00,-3029.444,203.950,0.543585,0.599540
1118,2L91,73.84,0.726300,1.00,-3269.250,118.091,0.275552,0.632740
1122,2L9G,90.79,0.766700,1.00,-1349.646,36.112,0.104990,0.336990
1123,2L9X,60.00,0.589200,1.00,-1878.228,161.193,0.434525,0.356950
1124,2L9Z,63.46,0.697000,1.00,-2479.762,201.028,0.624048,0.510220
1125,2LA0,66.67,0.638200,1.00,-2049.681,38.805,0.387436,0.399930
1126,2LAM,90.52,0.737800,1.00,-2132.699,187.161,0.221644,0.723260
1127,2LAQ,33.33,0.458900,1.00,-1971.894,251.197,0.696891,0.204590
1128,2LAT,68.92,0.726000,1.00,-2934.114,96.480,0.401829,0.505600
1129,2LB7,75.00,0.655000,1.00,-3115.129,249.034,0.223060,0.620190
1130,2LBG,92.59,0.894200,1.00,-1200.295,12.706,0.102337,0.656970
1131,2LBZ,45.97,0.496200,1.00,-2408.313,81.559,0.562018,0.302420
1132,2LCM,75.89,0.679800,1.00,-2023.900,91.227,0.331205,0.473620
1133,2LDE,55.00,0.482800,1.00,-1718.787,107.299,0.731499,0.254060
1134,2LDF,73.96,0.613800,1.00,-1701.698,109.784,0.299114,0.398600
1135,2LDJ,77.50,0.608900,1.00,-1222.629,71.759,0.230630,0.313080
1136,2LDS,77.78,0.596800,1.00,-2152.680,237.681,0.235694,0.566400
1137,2LE3,64.88,0.714600,1.00,-2929.364,133.558,0.384183,0.474230
1138,2LE7,61.25,0.591200,1.00,-1373.439,32.241,0.481770,0.299000
1139,2LER,56.82,0.517800,1.00,-383.241,66.837,0.264502,0.178080
1140,2LET,90.18,0.730200,1.00,-1946.958,99.839,0.114040,0.591150
1141,2LEU,53.38,0.558800,1.00,-1761.820,189.574,0.603337,0.412960
1142,2LEW,84.38,0.672400,1.00,-2023.897,189.476,0.255488,0.615500
1143,2LEY,88.28,0.712100,1.00,-1988.018,186.757,0.202732,0.693670
1144,2LFM,25.62,0.388000,1.00,-1506.172,358.955,1.213441,0.239650
1145,2LG4,95.62,0.790900,1.00,-2655.620,201.222,0.102183,0.870000
1146,2LG5,75.00,0.632300,1.00,-2547.441,189.949,0.318328,0.560490
1147,2LG6,88.89,0.717600,1.00,-2735.060,199.358,0.241579,0.731640
1148,2LI3,50.83,0.494000,1.00,-2391.678,152.823,0.626025,0.370600
1149,2LIC,35.00,0.447500,1.00,-1677.327,186.845,0.817168,0.222590
1150,2LID,28.57,0.506300,1.00,-1090.086,250.688,0.856469,0.222090
1151,2LIF,81.48,0.714900,1.00,-1789.096,96.376,0.357603,0.535580
1152,2LIX,64.81,0.529800,1.00,-1845.079,134.734,0.361793,0.424340
1153,2LIY,65.56,0.573800,1.00,-2993.870,235.611,0.337020,0.547700
1154,2LJ7,78.72,0.682200,1.00,-3396.633,240.458,0.263732,0.690570
1155,2LJQ,41.89,0.520600,1.00,-1354.804,261.230,0.924064,0.391760
1156,2LJS,90.83,0.763300,1.00,-1649.062,173.478,0.269797,0.752440
1157,2LJT,52.70,0.561500,1.00,-1499.493,276.794,0.620415,0.429120
1158,2LK9,57.14,0.538700,1.00,-2209.104,112.706,0.485473,0.490050
1159,2LKE,77.08,0.628500,1.00,-1121.933,121.520,0.355613,0.476310
1160,2LKJ,67.71,0.555400,1.00,-1121.933,121.520,0.552209,0.495990
1161,2LKQ,73.96,0.661600,1.00,-1412.232,68.326,0.268735,0.288390
1162,2LL1,81.06,0.659000,1.00,-2169.383,226.980,0.242188,0.630630
1163,2LL2,35.58,0.466900,1.00,-808.562,202.701,0.762666,0.167120
1164,2LL5,96.59,0.860900,1.00,-1204.980,45.933,0.082423,0.524330
1165,2LLD,79.38,0.662500,1.00,-2549.101,247.808,0.283013,0.666730
1166,2LLM,60.47,0.717000,1.00,-2809.534,101.059,0.468383,0.437640
1167,2LLR,78.41,0.659100,1.00,-1180.114,107.285,0.240936,0.326550
1168,2LM8,40.38,0.405800,1.00,-668.971,31.362,0.669580,0.149110
1169,2LMA,80.68,0.664800,1.00,-1391.205,78.515,0.214359,0.318960
1170,2LMB,25.58,0.275600,1.00,-1740.923,274.994,1.433960,0.236940
1171,2LMF,89.13,0.753700,1.00,-1652.883,58.979,0.134955,0.525510
1172,2LMZ,84.52,0.655900,1.00,-3979.946,176.785,0.242123,0.722680
1173,2LNE,53.85,0.438800,1.00,-501.063,62.467,0.404864,0.260350
1174,2LNF,48.08,0.451700,1.00,-501.063,62.467,0.420415,0.270810
1175,2LNG,53.85,0.479800,1.00,-501.063,62.467,0.404189,0.342000
1176,2LO2,85.53,0.706500,1.00,-2189.572,183.583,0.258501,0.697730
1177,2LO3,59.66,0.610800,1.00,-2475.147,253.218,0.721891,0.508280
1178,2LO7,54.03,0.530800,1.00,-2156.121,127.181,0.689980,0.453130
1179,2LQ0,81.00,0.678700,1.00,-1719.314,71.173,0.317943,0.550370
1180,2LQ1,46.00,0.446300,1.00,-1245.927,108.568,0.705379,0.208830
1181,2LQ2,65.00,0.678600,1.00,-1451.973,114.091,0.537718,0.500130
1182,2LQA,87.16,0.712100,1.00,-2789.520,197.117,0.199101,0.718310
1183,2LQX,84.76,0.662300,1.00,-3373.270,95.465,0.287011,0.745200
1184,2LQY,77.50,0.646400,1.00,-1521.912,25.194,0.273784,0.343710
1185,2LR3,81.38,0.609000,1.00,-3269.594,220.461,0.203978,0.704380
1186,2LR5,77.63,0.649100,1.00,-2772.729,187.368,0.281686,0.608760
1187,2LR7,31.90,0.454400,1.00,-1978.033,76.165,0.944436,0.196250
1188,2LRX,60.00,0.568000,1.00,-3193.623,196.006,0.428392,0.378360
1189,2LS1,45.00,0.426500,1.00,-1081.582,94.609,0.441817,0.105940
1190,2LS2,78.00,0.737600,1.00,-1860.550,42.113,0.268973,0.513940
1191,2LS3,84.48,0.780800,1.00,-2470.822,83.885,0.183204,0.622680
1192,2LS4,65.62,0.597400,1.00,-1441.227,44.047,0.401697,0.380490
1193,2LS9,60.00,0.590600,1.00,-1310.589,30.409,0.408169,0.274840
1194,2LSA,57.61,0.662100,1.00,-1542.136,46.859,0.513525,0.248350
1195,2LSQ,72.00,0.525700,1.00,-1534.659,77.091,0.278378,0.340590
1196,2LSW,36.88,0.515700,1.00,-1489.051,200.455,1.139237,0.268750
1197,2LT8,87.50,0.768700,1.00,-2946.595,257.188,0.162372,0.762490
1198,2LTI,31.52,0.518900,1.00,-769.706,117.679,1.168462,0.153360
1200,2LU9,78.23,0.672600,1.00,-2083.276,140.463,0.237813,0.495950
1201,2LUF,80.00,0.616000,1.00,-1124.757,81.285,0.292107,0.459810
1202,2LUG,54.17,0.544800,1.00,-1343.383,288.737,0.916159,0.403940
1203,2LUR,81.03,0.645500,1.00,-2000.209,199.216,0.213723,0.503160
1204,2LUV,54.29,0.598300,1.00,-1462.269,369.599,0.681293,0.400390
1205,2LVG,60.00,0.731000,1.00,-2665.481,92.758,0.465708,0.497510
1206,2LWB,62.50,0.480800,1.00,-1651.985,72.870,0.366024,0.189880
1207,2LWL,73.47,0.655000,1.00,-2893.031,268.307,0.446809,0.621190
1208,2LWQ,89.06,0.784700,1.00,-807.702,86.190,0.161058,0.452020
1209,2LWS,72.92,0.521200,1.00,-501.188,43.303,0.299274,0.251870
1210,2LWT,91.67,0.699400,1.00,-984.914,80.927,0.159581,0.421150
1211,2LWU,93.33,0.794300,1.00,-711.241,43.540,0.129008,0.429440
1212,2LWV,82.35,0.692300,1.00,-809.205,123.277,0.174331,0.269950
1213,2LX0,66.41,0.663500,1.00,-2908.000,70.137,0.389943,0.469280
1214,2LX4,92.65,0.743000,1.00,-1139.047,68.610,0.097522,0.419000
1215,2LX5,84.72,0.649700,1.00,-877.931,106.868,0.266822,0.411900
1216,2LX6,35.53,0.481500,1.00,-638.955,105.779,0.798637,0.145620
1217,2LXO,50.57,0.468300,1.00,-3296.576,218.968,0.612353,0.396780
1218,2LXZ,91.41,0.733600,1.00,-2224.657,160.612,0.121790,0.690760
1219,2LYE,94.44,0.667000,1.00,-776.646,117.972,0.093996,0.350810
1220,2LYF,90.28,0.716600,1.00,-969.977,98.396,0.133446,0.445400
1221,2LZI,86.11,0.710100,1.00,-948.669,71.412,0.170348,0.327770
1222,2LZO,73.28,0.705600,1.00,-1583.462,159.732,0.343204,0.483570
1223,2LZP,72.58,0.721100,1.00,-1522.978,101.708,0.281809,0.485060
1224,2LZQ,76.92,0.744100,1.00,-2455.086,84.754,0.237995,0.624740
1225,2LZX,89.19,0.750000,1.00,-2742.739,240.272,0.193918,0.730310
1226,2LZY,85.00,0.732600,1.00,-2451.072,152.421,0.221797,0.669070
1227,2M0H,64.77,0.657800,1.00,-1491.200,42.693,0.567409,0.402500
1228,2M0S,49.11,0.499900,1.00,-1945.250,51.497,0.659034,0.321020
1229,2M0W,61.96,0.620000,1.00,-1455.984,42.837,0.644122,0.319850
1230,2M1A,88.46,0.689300,1.00,-1478.794,48.371,0.103013,0.580310
1231,2M1J,60.83,0.614300,1.00,-1921.277,82.841,0.542396,0.454760
1232,2M1P,79.17,0.618200,1.00,-707.751,85.363,0.360651,0.286380
1233,2M1T,60.23,0.604400,1.00,-1471.814,48.827,0.505785,0.264990
1234,2M2G,86.11,0.684400,1.00,-722.912,88.150,0.187872,0.368280
1235,2M2H,81.94,0.649900,1.00,-611.929,64.119,0.169779,0.251200
1236,2M2Q,96.88,0.804500,1.00,-2473.036,209.264,0.082787,0.787670
1237,2M2R,76.52,0.645700,1.00,-2319.680,196.682,0.255563,0.523810
1238,2M2S,69.44,0.647500,1.00,-641.758,62.239,0.418189,0.230390
1239,2M2X,29.17,0.282400,1.00,-889.935,24.138,1.020003,0.098660
1240,2M2Y,86.11,0.685000,1.00,-835.906,85.750,0.175365,0.361410
1241,2M36,82.24,0.702400,1.00,-2087.970,165.726,0.265945,0.675640
1242,2M37,42.11,0.535200,1.00,-654.309,101.042,0.994784,0.143110
1243,2M3F,88.64,0.735400,1.00,-1619.191,83.847,0.105194,0.465800
1244,2M3J,85.61,0.715000,1.00,-2332.980,224.025,0.198372,0.650400
1245,2M3N,72.22,0.596000,1.00,-918.512,85.711,0.233300,0.233840
1246,2M4X,75.71,0.588600,1.00,-2476.059,183.558,0.222906,0.530600
1247,2M4Z,70.00,0.579700,1.00,-2359.717,191.303,0.278338,0.450680
1248,2M50,80.71,0.678700,1.00,-2533.656,172.175,0.191267,0.611020
1249,2M5L,61.25,0.646100,1.00,-782.765,123.780,0.520794,0.165710
1250,2M5X,93.12,0.846600,1.00,-2792.566,145.580,0.207910,0.842800
1251,2M5Z,93.75,0.755900,1.00,-5579.439,114.036,0.091395,0.862070
1252,2M60,84.88,0.704000,1.00,-5703.015,104.734,0.151557,0.734750
1253,2M62,83.33,0.621500,1.00,-697.000,41.970,0.168274,0.233300
1254,2M6A,82.14,0.648000,1.00,-1867.170,90.072,0.167304,0.513460
1255,2M6O,82.81,0.737500,1.00,-3199.346,315.498,0.283795,0.748230
1256,2M6P,86.96,0.717600,1.00,-3293.640,203.070,0.290159,0.764330
1257,2M73,69.00,0.660100,1.00,-1774.589,57.275,0.315911,0.337670
1258,2M77,84.72,0.707600,1.00,-936.118,89.675,0.141675,0.330480
1259,2M78,86.11,0.736400,1.00,-1007.784,68.244,0.137551,0.364880
1260,2M79,81.94,0.702300,1.00,-870.062,116.153,0.199705,0.302240
1261,2M7C,90.48,0.702100,1.00,-1196.457,51.865,0.152150,0.392190
1262,2M7D,58.75,0.644900,1.00,-1200.169,57.778,0.783232,0.313950
1263,2M7E,63.46,0.568400,1.00,-1410.411,85.069,0.455204,0.361900
1264,2M7I,39.29,0.384200,1.00,-645.112,37.831,0.667051,0.147190
1265,2M7J,42.86,0.541700,1.00,-84.205,115.944,0.874858,0.247480
1266,2M7P,79.76,0.673800,1.00,-2601.798,235.300,0.276850,0.681370
1267,2M7T,83.33,0.726800,1.00,-2006.590,152.686,0.241513,0.673670
1268,2M7X,44.74,0.592400,1.00,-2077.950,131.020,0.788335,0.338420
1269,2M8F,51.04,0.491100,1.00,-1158.220,98.297,0.699584,0.256070
1270,2M8I,84.30,0.681500,1.00,-2737.893,210.111,0.225964,0.718510
1271,2M8J,79.65,0.685300,1.00,-2875.978,162.956,0.319650,0.699060
1272,2M8M,80.36,0.715800,1.00,-2573.312,63.860,0.225163,0.592920
1273,2M8O,71.43,0.690500,1.00,-2573.312,63.860,0.241416,0.398550
1274,2M96,76.14,0.654200,1.00,-2302.301,218.707,0.456920,0.637520
1275,2M9E,90.15,0.762700,1.00,-2231.706,184.043,0.192698,0.730620
1276,2M9F,76.52,0.710800,1.00,-2231.706,184.043,0.347458,0.543100
1277,2M9I,80.88,0.707600,1.00,-2296.788,161.307,0.305816,0.636090
1278,2M9J,83.09,0.717900,1.00,-2296.788,161.307,0.306595,0.676610
1279,2M9L,90.71,0.722600,1.00,-2433.152,176.401,0.345899,0.797130
1280,2M9O,90.52,0.763800,1.00,-2004.741,159.079,0.219274,0.730050
1281,2M9R,28.12,0.376900,1.00,-1506.172,358.955,1.847210,0.200790
1282,2M9S,26.88,0.381400,1.00,-1506.172,358.955,1.777694,0.244420
1283,2MAA,80.77,0.663200,1.00,-836.250,25.950,0.185969,0.385820
1284,2MAE,63.46,0.611400,1.00,-1414.599,148.141,0.540272,0.367820
1285,2MAU,52.50,0.474100,1.00,-1949.630,164.779,0.453571,0.280480
1286,2MBD,95.37,0.780500,1.00,-1741.506,79.607,0.072303,0.718430
1287,2MBY,61.41,0.616300,1.00,-3497.761,143.809,0.590452,0.482970
1288,2MCE,77.38,0.700100,1.00,-1191.905,49.639,0.160577,0.303470
1289,2MD1,75.00,0.618800,1.00,-1023.106,46.828,0.318336,0.507700
1290,2MD2,85.00,0.624500,1.00,-558.913,26.211,0.130238,0.453310
1291,2MD4,100.00,0.747800,1.00,-751.539,19.475,0.050415,0.562950
1292,2MD6,73.61,0.624100,1.00,-985.754,60.893,0.293111,0.271690
1293,2MDC,45.83,0.471500,1.00,-2989.376,275.045,0.751066,0.362630
1294,2MDL,40.62,0.406200,1.00,-1279.403,140.245,0.667099,0.116090
1295,2MDU,86.21,0.686200,1.00,-2015.357,179.971,0.184694,0.633100
1296,2ME1,60.19,0.548400,1.00,-2391.107,60.257,0.373198,0.381620
1297,2ME2,54.63,0.577100,1.00,-2420.371,66.045,0.448302,0.387580
1298,2ME3,64.81,0.553600,1.00,-2412.443,69.276,0.339048,0.324580
1299,2ME4,55.56,0.580900,1.00,-2326.535,60.827,0.438867,0.392630
1300,2ME7,93.18,0.790400,1.00,-2285.718,119.060,0.192689,0.792640
1301,2MEL,90.15,0.736900,1.00,-2258.574,108.905,0.158325,0.744510
1302,2MEN,81.82,0.682000,1.00,-2149.823,178.560,0.307633,0.620670
1303,2MEO,79.55,0.667400,1.00,-2242.051,121.617,0.334960,0.594100
1304,2MF3,62.23,0.440700,1.00,-3539.852,230.348,0.638712,0.544280
1305,2MFM,40.00,0.526700,1.00,-392.254,91.759,0.786290,0.182530
1306,2MFO,36.67,0.485400,1.00,-362.430,63.077,0.920699,0.243770
1307,2MFP,62.10,0.562900,1.00,-1329.760,204.452,0.509796,0.366310
1308,2MFS,82.86,0.720300,1.00,-2419.845,199.996,0.176538,0.679930
1309,2MFV,39.29,0.541300,1.00,-98.087,82.592,0.916833,0.178030
1310,2MG1,75.93,0.744400,1.00,-1765.852,49.998,0.309425,0.513360
1311,2MG2,80.36,0.728200,1.00,-2231.850,66.691,0.208921,0.547650
1312,2MG3,63.39,0.626500,1.00,-2231.850,66.691,0.408832,0.405760
1313,2MH1,84.09,0.705100,1.00,-1990.074,201.052,0.345892,0.655730
1314,2MHU,65.00,0.540700,1.00,-1884.338,137.189,0.417052,0.441290
1315,2MHW,50.00,0.612800,1.00,-1729.852,33.257,0.726273,0.324940
1316,2MI1,44.64,0.456300,1.00,-878.357,42.576,0.585993,0.239040
1317,2MI9,40.00,0.418400,1.00,-1882.577,234.547,0.795797,0.245340
1318,2MIA,39.17,0.419000,1.00,-1882.577,234.547,0.782826,0.194490
1319,2MID,41.67,0.561100,1.00,-372.559,73.681,0.710768,0.327160
1320,2MIE,33.33,0.541700,1.00,-361.199,34.316,0.699673,0.240580
1321,2MIF,43.75,0.521100,1.00,-306.203,50.486,0.644921,0.221460
1322,2MIG,41.67,0.555400,1.00,-427.024,56.395,0.685617,0.204270
1323,2MIH,41.07,0.483600,1.00,-404.908,62.248,0.794716,0.270660
1324,2MIJ,69.59,0.599600,1.00,-2785.450,165.326,0.291800,0.527170
1325,2MIX,70.24,0.669100,1.00,-1031.454,97.836,0.631521,0.321910
1326,2MJ1,38.89,0.371100,1.00,-615.000,114.950,0.679022,0.196410
1327,2MJ2,67.36,0.663300,1.00,-2484.948,93.900,0.633281,0.528160
1328,2MJ9,67.95,0.669700,1.00,-2523.865,133.567,0.468264,0.527660
1329,2MJC,66.91,0.663400,1.00,-1648.071,232.135,0.749326,0.535720
1330,2MJK,92.07,0.764800,1.00,-3978.786,187.350,0.130874,0.803020
1331,2MKB,88.00,0.716900,1.00,-2017.722,46.033,0.153172,0.563660
1332,2ML7,80.65,0.684200,1.00,-2329.122,163.523,0.168146,0.539710
1333,2MLA,91.22,0.752200,1.00,-2573.826,154.973,0.105227,0.767520
1334,2MLD,92.57,0.760900,1.00,-2534.787,166.817,0.105756,0.778990
1335,2MLJ,36.11,0.461300,1.00,-828.760,62.447,1.001817,0.070290
1336,2MLO,87.50,0.620600,1.00,-1246.427,37.233,0.158773,0.389700
1337,2MLQ,81.25,0.559000,1.00,-1246.427,37.233,0.200907,0.331620
1338,2MLU,58.33,0.516900,1.00,-1913.405,78.142,0.480761,0.418460
1339,2MLV,58.33,0.542900,1.00,-1913.405,78.142,0.582390,0.395340
1340,2MM5,85.83,0.692400,1.00,-2151.307,150.372,0.152961,0.589770
1341,2MM6,87.50,0.684300,1.00,-2250.605,203.732,0.176583,0.610090
1342,2MMM,68.75,0.743900,1.00,-2035.360,64.596,0.258496,0.455740
1343,2MMT,33.33,0.449900,1.00,-992.427,112.781,1.044284,0.086430
1344,2MMW,47.62,0.507500,1.00,-935.713,89.789,0.656494,0.201360
1345,2MN1,96.67,0.804600,1.00,-2051.230,190.870,0.083076,0.777810
1346,2MN3,32.95,0.386100,1.00,-2101.048,263.549,0.942902,0.254810
1347,2MOC,97.73,0.793600,1.00,-485.562,18.155,0.073646,0.612870
1348,2MOF,57.74,0.605400,1.00,-2714.871,216.730,0.495689,0.562600
1349,2MPJ,81.00,0.641500,1.00,-1282.906,118.404,0.258598,0.450940
1350,2MPQ,95.14,0.797500,1.00,-2220.557,283.612,0.105837,0.822920
1351,2MQ2,41.07,0.422000,1.00,-359.976,61.405,0.652072,0.185420
1352,2MQ4,47.73,0.467600,1.00,-196.435,67.249,0.709656,0.173160
1353,2MQ5,52.50,0.465200,1.00,-82.333,61.102,0.338919,0.293370
1354,2MQF,98.53,0.806600,1.00,-2168.353,175.213,0.059322,0.878940
1355,2MQU,94.29,0.752800,1.00,-2328.724,155.882,0.082734,0.809140
1356,2MR9,91.48,0.782700,1.00,-4186.657,124.339,0.176106,0.819420
1357,2MRB,63.71,0.545200,1.00,-1942.835,142.951,0.377057,0.405920
1358,2MRF,84.09,0.715500,1.00,-2227.030,108.256,0.225920,0.622330
1359,2MRT,61.67,0.561200,1.00,-1970.411,149.301,0.328644,0.362990
1360,2MRW,37.50,0.317300,1.00,-3311.147,153.890,1.068123,0.386960
1361,2MSF,90.52,0.716600,1.00,-1741.419,119.723,0.128599,0.622600
1362,2MSO,75.83,0.610400,1.00,-1981.300,157.863,0.287249,0.504250
1363,2MSQ,86.11,0.662400,1.00,-1829.696,141.210,0.235539,0.619450
1364,2MSU,60.00,0.544400,1.00,-1029.119,50.458,0.461953,0.317330
1365,2MT7,94.29,0.779700,1.00,-2225.549,165.468,0.118535,0.797120
1366,2MT8,76.92,0.633500,1.00,-2324.833,190.733,0.305761,0.592350
1367,2MTM,51.32,0.496900,1.00,-928.338,122.912,0.471955,0.244690
1368,2MTO,75.00,0.545400,1.00,-696.802,50.854,0.262615,0.372770
1369,2MTT,75.00,0.496100,1.00,-705.121,43.398,0.351985,0.308310
1370,2MTU,69.23,0.480900,1.00,-705.121,43.398,0.442642,0.280280
1371,2MTW,36.25,0.439200,1.00,-791.545,111.453,0.586541,0.238430
1372,2MTY,51.25,0.569700,1.00,-1108.366,55.555,0.460114,0.128760
1373,2MU6,85.00,0.684400,1.00,-1509.629,34.440,0.187149,0.358340
1374,2MU7,78.75,0.653600,1.00,-1236.957,53.539,0.250886,0.330690
1375,2MU8,42.50,0.437000,1.00,-1271.815,63.836,0.520599,0.150710
1376,2MU9,78.75,0.652000,1.00,-1310.579,83.308,0.394440,0.296610
1377,2MUA,82.14,0.684000,1.00,-1222.842,48.774,0.241296,0.371960
1378,2MUB,90.48,0.718300,1.00,-3540.781,212.238,0.206322,0.812840
1379,2MUE,75.00,0.650400,1.00,-1440.894,43.772,0.309482,0.368280
1380,2MUF,87.50,0.696800,1.00,-1294.832,62.297,0.170872,0.388990
1381,2MUH,93.75,0.668500,1.00,-700.903,96.832,0.194066,0.470660
1382,2MUJ,71.43,0.577700,1.00,-1375.355,53.532,0.325546,0.366970
1383,2MUN,96.20,0.789700,1.00,-4096.781,179.132,0.079833,0.891190
1384,2MUQ,75.57,0.713000,1.00,-2764.796,178.712,0.450544,0.656420
1385,2MV6,61.22,0.640200,1.00,-3729.146,235.872,0.701405,0.529810
1386,2MVA,62.96,0.535500,1.00,-1498.157,136.815,0.495213,0.315370
1387,2MVH,73.08,0.587600,1.00,-1636.167,117.563,0.300414,0.433670
1388,2MVI,43.60,0.408400,1.00,-3310.978,280.592,0.525167,0.330950
1389,2MVJ,85.58,0.662300,1.00,-1932.464,48.105,0.181351,0.607240
1390,2MVK,48.08,0.508000,1.00,-1414.599,148.141,0.699204,0.308430
1391,2MVL,62.50,0.592500,1.00,-1414.599,148.141,0.580396,0.302110
1392,2MVM,49.43,0.608900,1.00,-2484.400,154.810,1.158180,0.463520
1393,2MVN,61.36,0.703000,1.00,-2484.400,154.810,0.619084,0.501680
1394,2MVT,86.70,0.676900,1.00,-4177.226,125.223,0.227560,0.775240
1395,2MW0,88.79,0.711300,1.00,-1855.524,150.827,0.202740,0.628260
1396,2MW3,40.48,0.502000,1.00,-1095.405,82.591,0.990661,0.150840
1397,2MW7,87.84,0.761600,1.00,-2338.364,221.851,0.178430,0.725380
1398,2MW9,83.11,0.693800,1.00,-2369.792,187.638,0.228487,0.667380
1399,2MWA,75.68,0.658200,1.00,-2630.720,168.690,0.433386,0.576740
1400,2MWB,78.38,0.683900,1.00,-2362.464,181.399,0.266135,0.634170
1401,2MWD,88.39,0.716500,1.00,-1715.555,149.734,0.107853,0.577550
1402,2MWE,83.93,0.689700,1.00,-1761.955,126.172,0.134414,0.515790
1403,2MWF,84.38,0.732700,1.00,-2104.052,134.124,0.125677,0.652180
1404,2MWJ,93.75,0.807200,1.00,-2425.311,188.023,0.100035,0.792150
1405,2MWK,94.44,0.828500,1.00,-2425.311,188.023,0.085438,0.805850
1406,2MWL,56.25,0.550300,1.00,-710.673,67.746,0.396186,0.221020
1407,2MWT,64.71,0.625900,1.00,-2083.439,106.325,0.475212,0.467360
1408,2MX4,43.89,0.573000,1.00,-2322.534,210.350,1.192512,0.350630
1409,2MXG,64.06,0.595700,1.00,-710.673,67.746,0.378373,0.255440
1410,2MXH,57.81,0.544500,1.00,-710.673,67.746,0.534009,0.268770
1411,2MXM,97.73,0.816400,1.00,-2247.399,175.664,0.063785,0.873900
1412,2MXO,91.91,0.695500,1.00,-2253.768,137.490,0.143905,0.711880
1413,2MXP,94.70,0.807500,1.00,-2644.690,149.398,0.202759,0.822520
1414,2MXQ,69.12,0.592500,1.00,-2078.043,155.460,0.304443,0.446080
1415,2MXV,79.65,0.659300,1.00,-2644.819,199.059,0.246454,0.607910
1416,2MYH,82.32,0.662400,1.00,-2445.940,204.525,0.278340,0.692050
1417,2MYL,87.50,0.744100,1.00,-1484.069,55.101,0.169957,0.386870
1418,2MYM,60.00,0.518800,1.00,-1399.695,58.704,0.412047,0.245880
1419,2MZ2,67.65,0.570100,1.00,-895.646,75.234,0.320084,0.240510
1420,2MZ3,69.12,0.545700,1.00,-895.646,75.234,0.342185,0.291460
1421,2MZ4,82.07,0.650200,1.00,-4096.781,179.132,0.181094,0.707460
1422,2MZ7,23.91,0.445200,1.00,-1368.259,357.382,1.216564,0.197770
1423,2MZA,60.29,0.516900,1.00,-895.646,75.234,0.426577,0.322450
1424,2MZX,97.50,0.692600,1.00,-618.285,32.332,0.067413,0.562910
1426,2N0X,35.94,0.527400,1.00,-501.105,95.602,0.787417,0.245470
1427,2N16,73.75,0.565400,1.00,-1263.841,63.030,0.271855,0.255500
1428,2N1C,65.22,0.567700,1.00,-1399.207,89.333,0.435681,0.349440
1429,2N1N,91.43,0.743300,1.00,-2347.258,205.403,0.112972,0.741940
1430,2N1P,63.33,0.623100,1.00,-1961.807,115.667,0.536116,0.458840
1431,2N1S,94.17,0.783500,1.00,-1888.446,101.891,0.095641,0.746490
1432,2N24,81.45,0.647200,1.00,-2103.576,175.068,0.267677,0.651250
1433,2N2C,41.28,0.581700,1.00,-2263.058,113.925,0.760460,0.342850
1434,2N2F,55.77,0.562700,1.00,-379.782,70.423,0.446245,0.339200
1435,2N2G,89.39,0.752500,1.00,-2132.457,219.848,0.160215,0.699020
1436,2N2S,77.34,0.637100,1.00,-2704.547,102.834,0.242985,0.535760
1437,2N3P,94.53,0.785600,1.00,-2087.835,149.581,0.102846,0.757740
1438,2N4K,63.37,0.582000,1.00,-2198.480,105.655,0.355210,0.475600
1439,2N4R,84.46,0.751600,1.00,-2326.190,207.087,0.384279,0.722450
1440,2N4S,89.19,0.748700,1.00,-2348.344,172.713,0.317479,0.731760
1441,2N4T,85.81,0.761500,1.00,-2306.045,188.430,0.365448,0.708410
1442,2N4U,82.43,0.698900,1.00,-2605.137,184.511,0.200014,0.652070
1443,2N4V,77.03,0.709600,1.00,-2410.005,172.139,0.515016,0.597850
1444,2N4W,86.49,0.725800,1.00,-2659.156,172.021,0.190665,0.694380
1445,2N58,80.00,0.651200,1.00,-2496.131,75.464,0.212863,0.574430
1446,2N5C,58.33,0.522400,1.00,-535.792,71.487,0.635519,0.231950
1447,2N5J,81.12,0.694700,1.00,-4837.692,146.091,0.253198,0.736840
1448,2N5K,81.03,0.673400,1.00,-1623.419,152.954,0.254121,0.556210
1449,2N5Q,87.04,0.690900,1.00,-1914.435,135.706,0.183052,0.602700
1450,2N5R,95.83,0.671300,1.00,-634.102,32.309,0.148214,0.510030
1451,2N63,48.44,0.483200,1.00,-710.673,67.746,0.520471,0.191690
1452,2N68,44.57,0.562300,1.00,-769.706,117.679,0.972583,0.186350
1453,2N6B,69.85,0.538800,1.00,-2498.816,161.366,0.268668,0.516980
1454,2N6M,76.19,0.702100,1.00,-1160.622,65.504,0.214219,0.329620
1455,2N6N,85.16,0.716700,1.00,-1950.739,211.499,0.135702,0.618950
1456,2N6O,82.14,0.654100,1.00,-2485.496,163.437,0.372553,0.665800
1457,2N6U,25.00,0.381300,1.00,-1360.949,24.279,0.916255,0.197290
1458,2N6V,40.62,0.464900,1.00,-1158.220,98.297,0.643397,0.166010
1459,2N7F,75.78,0.590400,1.00,-2776.464,168.639,0.244371,0.493860
1460,2N7I,66.22,0.699100,1.00,-2977.960,75.131,0.333672,0.551270
1461,2N85,76.83,0.713900,1.00,-2591.716,94.960,0.215016,0.725880
1462,2N8B,59.03,0.529900,1.00,-2356.084,256.925,0.477886,0.405100
1463,2N8E,69.12,0.604000,1.00,-1808.580,169.729,0.411430,0.466410
1464,2N8H,80.71,0.657100,1.00,-2165.831,192.544,0.238342,0.608900
1465,2N8S,83.97,0.735100,1.00,-2352.496,161.827,0.308599,0.717720
1466,2N8U,73.08,0.686100,1.00,-1910.326,185.998,0.377570,0.610100
1467,2N92,52.42,0.532600,1.00,-1927.212,57.955,0.717961,0.419280
1468,2N94,85.42,0.758200,1.00,-3062.969,212.841,0.284716,0.781710
1469,2N95,84.18,0.792000,1.00,-2957.977,285.375,0.400321,0.763410
1470,2N9C,43.75,0.439000,1.00,-475.906,113.803,0.591700,0.136670
1471,2N9M,71.88,0.600700,1.00,-710.673,67.746,0.417366,0.376810
1472,2N9N,62.50,0.542800,1.00,-710.673,67.746,0.425901,0.302660
1473,2N9O,80.95,0.767500,1.00,-2929.721,343.377,0.459256,0.732660
1474,2N9T,78.33,0.599300,1.00,-1816.024,219.859,0.241488,0.490960
1475,2N9Z,83.93,0.741700,1.00,-2498.778,231.574,0.354509,0.702980
1476,2NA3,89.58,0.610700,1.00,-839.208,35.885,0.180076,0.579110
1477,2NA8,55.11,0.647500,1.00,-3483.252,190.751,0.637695,0.535100
1478,2NA9,72.73,0.688400,1.00,-3891.853,108.357,0.391181,0.652900
1479,2NAB,76.83,0.683700,1.00,-2638.730,276.641,0.329550,0.613520
1480,2NAE,34.30,0.500900,1.00,-2075.838,169.592,0.667026,0.263650
1481,2NAJ,87.88,0.675200,1.00,-2211.396,129.852,0.182856,0.690120
1482,2NAL,89.58,0.702700,1.00,-835.535,26.169,0.195199,0.471570
1483,2NAT,41.96,0.501200,1.00,-2119.435,68.575,0.894640,0.222440
1484,2NAU,66.07,0.604600,1.00,-1639.382,82.751,0.369128,0.403130
1485,2NAW,62.18,0.576300,1.00,-2891.169,210.873,0.494083,0.520270
1486,2NB2,91.45,0.728000,1.00,-3348.837,123.918,0.110659,0.791710
1487,2NB5,60.29,0.437200,1.00,-859.153,92.756,0.343628,0.250480
1488,2NB6,92.19,0.819200,1.00,-841.574,80.272,0.128111,0.447480
1489,2NB7,72.06,0.599300,1.00,-1009.215,34.854,0.513774,0.451230
1490,2NB8,60.19,0.519600,1.00,-1888.075,77.865,0.688426,0.447080
1491,2NB9,83.16,0.734300,1.00,-3354.088,351.201,0.338489,0.741500
1492,2NC3,90.15,0.828200,1.00,-2231.706,184.043,0.107766,0.720380
1493,2NC4,87.88,0.811100,1.00,-2231.706,184.043,0.137332,0.673040
1494,2NC5,94.70,0.824100,1.00,-2231.706,184.043,0.089656,0.791120
1495,2NC6,90.15,0.813900,1.00,-2231.706,184.043,0.150276,0.737620
1496,2NC7,75.00,0.679300,1.00,-942.431,87.659,0.243933,0.325290
1497,2NCS,70.83,0.668600,1.00,-2792.154,66.704,0.311920,0.544940
1498,2NCT,73.61,0.694800,1.00,-2792.154,66.704,0.274601,0.672240
1499,2NCU,64.29,0.572800,1.00,-1418.531,60.339,0.392152,0.225680
1500,2NCV,61.90,0.578300,1.00,-1527.042,50.233,0.582399,0.288720
1501,2NCW,59.38,0.662500,1.00,-1797.771,49.508,0.457108,0.362180
1502,2NCX,81.25,0.784400,1.00,-1635.051,47.655,0.199285,0.546330
1503,2NCY,62.50,0.665400,1.00,-1550.105,51.010,0.484237,0.429180
1504,2ND2,85.80,0.718600,1.00,-3876.703,117.170,0.165161,0.753790
1505,2ND3,94.74,0.781200,1.00,-2836.788,167.614,0.080451,0.838560
1506,2ND6,72.06,0.620000,1.00,-1047.899,46.685,0.276141,0.303010
1507,2ND7,72.06,0.615100,1.00,-1047.899,46.685,0.372982,0.259530
1508,2ND8,64.71,0.521600,1.00,-1047.899,46.685,0.406975,0.275820
1509,2NDB,62.76,0.484600,1.00,-3201.014,189.795,0.405807,0.549580
1510,2NDC,69.44,0.571400,1.00,-1130.556,21.035,0.409472,0.325790
1511,2NDE,54.17,0.530800,1.00,-928.006,51.590,0.460902,0.225470
1512,2NDI,45.65,0.493200,1.00,-2504.728,207.280,0.772098,0.319440
1513,2NDK,48.44,0.721100,1.00,-2911.547,75.388,0.953658,0.388300
1514,2NDL,76.56,0.672200,1.00,-875.558,126.487,0.210839,0.252880
1515,2NDM,48.08,0.482900,1.00,-674.123,47.507,0.569585,0.238380
1516,2NDN,84.38,0.733500,1.00,-817.007,66.575,0.160729,0.307890
1517,2NOR,65.00,0.594600,1.00,-345.235,52.948,0.342923,0.311340
1518,2NOU,92.50,0.662700,1.00,-599.734,25.924,0.091920,0.427600
1519,2NR1,75.00,0.696800,1.00,-1645.130,107.762,0.349262,0.476190
1520,2NS4,69.64,0.528400,1.00,-428.692,90.347,0.270996,0.370910
1521,2NVJ,57.00,0.537900,1.00,-1715.074,112.143,0.417977,0.222340
1522,2NX6,71.30,0.617200,1.00,-1534.755,169.211,0.303372,0.412270
1523,2NX7,50.00,0.514400,1.00,-1789.872,111.268,0.664789,0.246880
1526,2NZ3,61.88,0.579600,1.00,-3080.536,182.411,0.481100,0.414060
1527,2NZZ,36.49,0.487800,1.00,-2910.580,72.233,1.212943,0.247660
1528,2O00,36.49,0.453000,1.00,-2910.580,72.233,1.030709,0.246540
1529,2O0S,50.00,0.430500,1.00,-648.807,60.421,0.401213,0.249690
1530,2OBU,61.31,0.688800,1.00,-2965.871,83.609,0.570364,0.542500
1532,2OJM,95.45,0.757200,1.00,-1552.822,36.832,0.073573,0.538920
1533,2OJN,72.73,0.587900,1.00,-1349.681,58.105,0.376747,0.364710
1534,2OJO,85.23,0.782200,1.00,-1709.448,47.929,0.174615,0.522840
1535,2OP7,48.08,0.462300,1.00,-2462.805,253.384,1.008470,0.332400
1536,2OQ9,50.00,0.545700,1.00,-1128.136,104.466,0.446798,0.150470
1537,2ORU,73.75,0.624200,1.00,-1233.875,82.517,0.298152,0.277890
1538,2OVN,86.76,0.673000,1.00,-1128.962,28.448,0.190736,0.474270
1539,2OYV,75.00,0.609900,1.00,-467.453,73.563,0.306497,0.349380
1540,2OYW,80.77,0.662900,1.00,-467.453,73.563,0.176966,0.300130
1541,2P4L,58.70,0.407800,1.00,-3288.197,238.953,0.601394,0.478660
1542,2P5J,47.06,0.409200,1.00,-783.046,81.714,0.782574,0.140570
1543,2P81,67.05,0.600100,1.00,-3210.561,158.726,0.448271,0.554980
1544,2PCO,77.88,0.642100,1.00,-1565.726,52.878,0.385170,0.514420
1545,2PDD,83.14,0.684400,1.00,-3649.019,244.078,0.267147,0.719130
1546,2PDE,33.14,0.368500,1.00,-3649.019,244.078,0.727311,0.354710
1547,2PJV,57.26,0.584100,1.00,-1001.320,128.760,0.580187,0.356050
1548,2PO8,75.00,0.648200,1.00,-1709.475,216.870,0.371465,0.560120
1549,2PPZ,73.61,0.593300,1.00,-3030.729,91.987,0.274608,0.500700
1550,2PTA,89.29,0.719400,1.00,-2479.076,149.760,0.164246,0.737240
1551,2PV6,68.18,0.640400,1.00,-2103.009,50.495,0.362885,0.323230
1552,2RLG,83.33,0.613500,1.00,-1073.638,46.667,0.276506,0.361150
1553,2RLH,86.11,0.642200,1.00,-1073.638,46.667,0.267387,0.437710
1554,2RLJ,60.94,0.534400,1.00,-673.884,52.006,0.437078,0.249390
1555,2RLW,75.00,0.711500,1.00,-2049.751,78.564,0.291587,0.548830
1556,2RME,42.11,0.574800,1.00,-3019.171,69.771,0.758150,0.254310
1557,2RMF,68.12,0.706500,1.00,-3223.807,84.509,0.291220,0.611180
1558,2RMG,53.95,0.671400,1.00,-2846.345,88.166,0.562361,0.352650
1559,2RMH,59.21,0.634100,1.00,-2783.430,85.499,0.720764,0.519070
1560,2RMI,82.50,0.715700,1.00,-2232.284,71.240,0.165046,0.538810
1561,2RMV,53.85,0.484700,1.00,-1655.293,115.370,0.521241,0.261020
1562,2RMW,42.31,0.408400,1.00,-1792.285,159.621,0.641995,0.261580
1563,2RMY,72.06,0.707500,1.00,-2106.532,116.462,0.325165,0.586190
1564,2RMZ,68.02,0.682600,1.00,-3192.505,82.339,0.491638,0.686920
1565,2RN0,76.16,0.712700,1.00,-3192.505,82.339,0.306781,0.634460
1566,2RND,71.32,0.709500,1.00,-2106.532,116.462,0.396816,0.524520
1567,2ROO,75.58,0.661100,1.00,-2799.564,200.347,0.318506,0.615980
1568,2RPS,58.59,0.665900,1.00,-1522.169,160.416,0.639565,0.401530
1570,2RQ2,71.67,0.672200,1.00,-2103.005,27.529,0.450989,0.542650
1571,2RQZ,82.24,0.707200,1.00,-2635.048,162.528,0.192544,0.661160
1572,2RR0,75.66,0.646100,1.00,-2635.048,162.528,0.246172,0.568780
1573,2RR2,79.61,0.651700,1.00,-2635.048,162.528,0.187488,0.620780
1574,2RRH,83.62,0.701900,1.00,-2178.906,68.839,0.174759,0.597040
1575,2RRI,70.69,0.706600,1.00,-2178.906,68.839,0.296922,0.452410
1576,2RRS,73.61,0.565500,1.00,-1073.596,40.937,0.279834,0.396870
1577,2RSH,76.35,0.662200,1.00,-2231.704,183.011,0.347919,0.585530
1578,2RSW,45.83,0.467200,1.00,-769.018,138.138,0.564701,0.164840
1579,2RT4,54.00,0.551800,1.00,-1205.675,87.930,0.809520,0.238990
1580,2RTY,96.67,0.755700,1.00,-1893.208,115.974,0.082140,0.781750
1581,2RTZ,90.52,0.694800,1.00,-2067.147,160.831,0.140910,0.631270
1582,2RU0,82.64,0.614300,1.00,-2632.824,158.538,0.216588,0.665340
1583,2RUM,40.79,0.478700,1.00,-732.057,107.990,0.597082,0.213080
1584,2RUN,70.83,0.567600,1.00,-1413.443,92.155,0.393297,0.273930
1585,2RUO,84.38,0.776700,1.00,-1051.526,40.759,0.154324,0.427700
1586,2RUT,84.03,0.815200,1.00,-2256.271,144.712,0.255878,0.708280
1587,2RUU,81.25,0.808800,1.00,-1987.983,122.792,0.339562,0.678950
1588,2RUV,81.08,0.763300,1.00,-2231.704,183.011,0.668933,0.718640
1589,2RUW,79.73,0.766300,1.00,-1976.140,177.122,0.480021,0.634060
1590,2RUX,78.47,0.721900,1.00,-1963.257,181.147,0.438198,0.640940
1591,2RUY,76.35,0.754500,1.00,-2168.901,174.147,0.538056,0.597360
1592,2RUZ,82.89,0.813700,1.00,-2202.964,203.548,0.408110,0.743290
1593,2RV0,79.05,0.767900,1.00,-2213.077,149.005,0.690485,0.689900
1594,2RV1,76.35,0.768600,1.00,-2416.646,185.458,0.526811,0.647640
1595,2RV2,84.72,0.799900,1.00,-1884.357,180.246,0.365035,0.756210
1596,2RV3,78.47,0.751500,1.00,-1630.764,155.890,0.424389,0.669630
1597,2RV4,86.49,0.750600,1.00,-2030.849,163.077,0.194251,0.681610
1598,2RV5,82.86,0.824300,1.00,-1936.996,153.510,0.386087,0.688900
1599,2RVD,95.00,0.717700,1.00,-483.688,35.598,0.079585,0.526830
1600,2SH1,73.44,0.655900,1.00,-2728.323,233.374,0.476310,0.655970
1601,2V1V,88.79,0.707800,1.00,-1969.307,148.171,0.149637,0.593520
1602,2VY4,80.41,0.691100,1.00,-2412.672,133.121,0.313226,0.639760
1603,2VY5,80.41,0.691800,1.00,-2412.672,133.121,0.280145,0.627990
1604,2W0T,81.40,0.703300,1.00,-2749.162,160.507,0.279042,0.703170
1605,2W9O,69.02,0.600400,1.00,-2746.696,283.635,0.487255,0.579810
1606,2W9U,69.57,0.630500,1.00,-2688.351,233.825,0.585560,0.584380
1607,2W9V,80.68,0.641600,1.00,-2596.822,258.116,0.369237,0.687710
1608,2W9W,76.70,0.674500,1.00,-2646.236,303.196,0.410951,0.640290
1609,2WH9,86.11,0.732900,1.00,-2508.652,176.207,0.225440,0.701870
1610,2WXC,87.23,0.739900,1.00,-3650.130,189.754,0.234225,0.752440
1611,2XL1,66.67,0.634200,1.00,-1615.312,67.104,0.878411,0.495150
1612,2YRH,63.07,0.717800,1.00,-1881.408,259.765,0.849294,0.534440
1613,2YRJ,66.85,0.720500,1.00,-2117.526,225.209,0.590172,0.562490
1614,2YRM,69.77,0.737700,1.00,-2086.180,207.242,0.533320,0.589850
1615,2YSB,78.06,0.790000,1.00,-2879.389,225.921,0.434420,0.704950
1616,2YSC,80.13,0.759000,1.00,-2341.926,196.751,0.300145,0.632590
1617,2YSF,83.12,0.764200,1.00,-2432.520,175.008,0.496268,0.711420
1618,2YSG,79.38,0.717800,1.00,-2534.456,154.342,0.412799,0.641290
1619,2YSH,71.25,0.674000,1.00,-1925.813,207.569,0.680844,0.599380
1620,2YSI,69.38,0.736200,1.00,-2195.109,190.746,0.781584,0.595860
1621,2YSO,59.78,0.652200,1.00,-2487.971,235.141,1.038338,0.499250
1622,2YSP,63.59,0.687800,1.00,-2203.974,236.681,0.767950,0.541440
1623,2YSV,56.55,0.601300,1.00,-1876.809,189.695,0.591636,0.450420
1624,2YTA,71.95,0.716800,1.00,-2015.165,205.869,0.483967,0.649900
1625,2YTB,75.00,0.756100,1.00,-2098.593,174.323,0.377180,0.613530
1626,2YTD,70.11,0.731600,1.00,-2038.118,217.109,0.690630,0.606770
1627,2YTE,70.83,0.736900,1.00,-2150.930,220.110,0.590129,0.613280
1628,2YTF,69.57,0.711200,1.00,-2139.728,255.487,0.462093,0.578090
1629,2YTG,66.30,0.710300,1.00,-2075.609,230.405,0.752231,0.574430
1630,2YTH,63.04,0.711200,1.00,-1876.055,245.742,0.514532,0.546450
1631,2YTI,71.74,0.727400,1.00,-1990.086,246.536,0.438055,0.615650
1632,2YTJ,68.48,0.711300,1.00,-2335.355,240.979,0.598682,0.609350
1633,2YTK,67.39,0.711100,1.00,-2292.268,245.508,0.672007,0.561250
1634,2YTM,56.52,0.590500,1.00,-2033.941,193.043,0.831046,0.483080
1635,2YTN,66.30,0.713000,1.00,-1926.193,268.440,0.517554,0.538260
1636,2YTO,62.50,0.721800,1.00,-1993.180,180.818,0.939826,0.574170
1637,2YTP,60.87,0.677000,1.00,-2169.424,234.018,1.121196,0.533690
1638,2YTQ,66.30,0.742100,1.00,-2062.536,258.834,0.492439,0.543830
1639,2YTR,64.67,0.723500,1.00,-2015.374,257.180,0.752223,0.539980
1640,2YTS,77.17,0.752000,1.00,-2094.782,243.723,0.329386,0.615170
1641,2YTT,64.67,0.668700,1.00,-2429.348,213.980,0.621303,0.532390
1642,2YU5,66.48,0.730000,1.00,-2235.414,223.388,0.503899,0.572680
1643,2YU8,71.20,0.780200,1.00,-2000.324,250.486,0.661701,0.604110
1644,2YYF,35.00,0.462900,1.00,-598.051,84.145,0.813493,0.211760
1645,2Z3S,76.92,0.644800,1.00,-3036.070,178.900,0.215480,0.595460
1646,2ZAJ,70.92,0.701900,1.00,-2762.280,253.679,0.485413,0.624170
1647,2ZNF,94.44,0.686900,1.00,-803.780,83.908,0.101964,0.443330
1648,3BBG,60.62,0.491700,1.00,-3100.970,213.278,0.686065,0.428150
1649,3CMH,71.67,0.517700,1.00,-961.045,45.879,0.412622,0.338040
1650,3CTI,97.41,0.796300,1.00,-1973.565,134.288,0.067618,0.820760
1651,3LEU,49.32,0.572000,1.00,-1761.820,189.574,0.811754,0.388430
1652,3MRA,78.00,0.781400,1.00,-1932.903,47.868,0.204263,0.499070
1653,3ZNF,82.50,0.679600,1.00,-1861.305,131.651,0.279263,0.619120
1654,4A24,88.30,0.750900,1.00,-3321.160,260.627,0.202550,0.798530
1655,4APD,56.45,0.554400,1.00,-2073.010,53.041,0.478943,0.396060
1656,4B19,71.67,0.736600,1.00,-2456.268,76.162,0.252241,0.517810
1658,4B2U,91.67,0.749800,1.00,-2459.287,213.378,0.196504,0.769800
1659,4B2V,89.84,0.735800,1.00,-2091.612,210.154,0.149722,0.687550
1660,4BMF,86.84,0.722100,1.00,-2289.637,195.791,0.157902,0.706350
1661,4CYK,70.73,0.674000,1.00,-2438.274,191.176,0.453922,0.566180
1662,4ZNF,81.67,0.685000,1.00,-1861.305,131.651,0.296650,0.602820
1663,5A4H,33.33,0.360000,1.00,-2053.729,312.780,1.188207,0.229370
1664,5AAY,87.50,0.740800,1.00,-2064.531,133.299,0.210642,0.730780
1665,5AAZ,83.59,0.754900,1.00,-2053.947,155.228,0.312023,0.642940
1666,5AHT,78.49,0.682500,1.00,-2878.521,232.398,0.366866,0.679300
1667,5FZV,75.78,0.646000,1.00,-2010.733,191.872,0.457649,0.594630
1668,5FZW,81.82,0.782100,1.00,-2217.593,220.335,0.485447,0.706090
1669,5FZX,84.72,0.721800,1.00,-2251.354,172.601,0.285413,0.705180
1671,5GSF,73.15,0.584500,1.00,-1976.963,153.130,0.231710,0.348280
1672,5GVO,34.72,0.518600,1.00,-632.630,140.206,0.993970,0.195840
1673,5H1H,54.69,0.546600,1.00,-623.362,68.601,0.639658,0.237460
1674,5H1I,38.89,0.379400,1.00,-763.304,81.843,0.656351,0.146260
1675,5H2S,79.00,0.682300,1.00,-1225.242,33.888,0.237623,0.474660
1676,5I1X,91.67,0.722700,1.00,-2411.257,187.010,0.121958,0.733520
1677,5I2P,92.36,0.689300,1.00,-2484.119,185.164,0.171125,0.782590
1678,5ID5,75.00,0.695300,1.00,-1634.803,66.435,0.469492,0.489300
1679,5IJ4,90.31,0.789700,1.00,-3491.516,280.235,0.196143,0.824720
1680,5ION,93.10,0.788700,1.00,-2165.913,83.903,0.104770,0.713580
1681,5IPO,72.92,0.580100,1.00,-3208.607,229.884,0.611191,0.660680
1682,5J8T,76.60,0.654000,1.00,-2932.755,228.036,0.205191,0.673520
1683,5JHI,97.14,0.800300,1.00,-2542.436,148.236,0.064229,0.880170
1684,5JI4,98.65,0.834000,1.00,-2924.358,165.058,0.076532,0.894410
1685,5JPL,36.76,0.490700,1.00,-618.331,118.582,1.044475,0.163590
1686,5JPX,82.78,0.636900,1.00,-3313.764,198.630,0.169934,0.707510
1687,5JYH,75.00,0.589300,1.00,-3004.836,162.078,0.652648,0.663910
1688,5KGY,86.36,0.658100,1.00,-1726.805,40.108,0.164634,0.412090
1689,5KGZ,46.59,0.542700,1.00,-3353.928,126.724,0.564140,0.389900
1690,5KHB,82.14,0.670300,1.00,-1584.284,32.797,0.227991,0.337300
1691,5KI0,40.79,0.465900,1.00,-138.071,123.322,0.561345,0.121920
1692,5KKM,87.50,0.774300,1.00,-1331.635,111.090,0.145218,0.492070
1693,5KVN,94.44,0.761000,1.00,-2080.608,149.082,0.098723,0.733860
1694,5KWO,92.31,0.732900,1.00,-1894.837,115.515,0.131123,0.645970
1695,5KWX,85.00,0.680100,1.00,-1435.298,135.785,0.149304,0.454350
1696,5KWZ,99.04,0.810700,1.00,-1882.456,80.530,0.056340,0.789840
1697,5KX0,64.42,0.445000,1.00,-1844.594,84.535,0.419524,0.346200
1698,5KX1,93.18,0.761700,1.00,-1284.856,86.657,0.090305,0.414910
1699,5KX2,91.67,0.737700,1.00,-904.741,90.072,0.110061,0.462730
1700,5L1C,83.33,0.673200,1.00,-2577.826,135.958,0.194374,0.652200
1701,5L82,49.32,0.442100,1.00,-2500.383,178.831,0.620831,0.338360
1702,5LAH,30.56,0.369500,1.00,-3170.424,269.825,0.950093,0.361290
1703,5LBJ,88.57,0.801900,1.00,-2915.833,69.768,0.204146,0.721650
1704,5LCS,65.43,0.582400,1.00,-3389.628,405.105,0.902813,0.558150
1705,5LM0,87.50,0.690700,1.00,-1892.943,89.063,0.229978,0.632960
1706,5LME,82.56,0.667100,1.00,-2577.301,258.864,0.390015,0.711970
1707,5M9U,94.05,0.703400,1.00,-1317.788,90.212,0.094031,0.466850
1708,5N5A,41.89,0.550200,1.00,-986.914,304.041,0.776010,0.223620
1709,5N5B,40.18,0.567500,1.00,-1008.897,296.476,0.584610,0.263610
1710,5NAM,61.46,0.713200,1.00,-3744.324,92.887,0.534030,0.555240
1711,5NAO,72.14,0.753600,1.00,-2698.653,88.862,0.528869,0.641870
1712,5NDA,87.12,0.788600,1.00,-2332.479,76.680,0.193235,0.684780
1713,5NVB,40.00,0.498900,1.00,-311.843,84.894,0.507669,0.118540
1714,5OAP,81.94,0.653200,1.00,-706.411,87.803,0.272633,0.443970
1715,5T3M,96.43,0.746300,1.00,-2521.976,178.233,0.092070,0.811070
1716,5T42,37.23,0.604500,1.00,-3272.127,134.030,0.966171,0.429890
1717,5T4R,87.14,0.684600,1.00,-2287.405,194.962,0.346332,0.730960
1718,5T7Q,72.62,0.677900,1.00,-1116.306,58.475,0.497726,0.439110
1719,5TCZ,71.88,0.497500,1.00,-1792.915,226.564,0.312156,0.482490
1720,5TJ1,38.16,0.485900,1.00,-732.574,112.262,0.899743,0.116560
1721,5TX8,96.43,0.777200,1.00,-2092.226,76.269,0.090028,0.808950
1722,5UG3,71.05,0.566200,1.00,-1138.414,57.423,0.367728,0.303870
1723,5UG5,69.74,0.567100,1.00,-916.345,102.223,0.433872,0.307170
1724,5UI6,36.11,0.403700,1.00,-940.704,38.827,0.859890,0.140950
1725,5UI7,44.74,0.458100,1.00,-729.125,130.517,0.643278,0.146170
1726,5UJG,76.04,0.635300,1.00,-1523.239,99.472,0.203787,0.298120
1727,5UJH,61.96,0.505400,1.00,-1321.542,108.550,0.391107,0.198720
1728,5UJQ,74.14,0.708500,1.00,-1908.423,82.934,0.220743,0.452310
1729,5UJR,64.39,0.612000,1.00,-2058.030,65.121,0.592498,0.445050
1730,5UKZ,53.41,0.535400,1.00,-2308.664,277.073,0.841798,0.478860
1731,5UOI,88.37,0.661900,1.00,-3789.421,133.558,0.176080,0.803000
1732,5UP5,83.75,0.631900,1.00,-3438.626,198.634,0.176590,0.674970
1733,5UY2,45.00,0.512000,1.00,-1368.068,61.792,0.538757,0.157870
1734,5UZL,31.06,0.400000,1.00,-1503.018,212.071,0.954531,0.256710
1735,5V0Y,97.62,0.744900,1.00,-1477.469,118.212,0.073237,0.495160
1736,5V11,92.86,0.778900,1.00,-1235.422,100.086,0.101443,0.344530
1737,5V2B,53.75,0.628800,1.00,-1313.544,52.646,0.459203,0.135370
1738,5V4C,45.59,0.504700,1.00,-320.855,109.741,0.551066,0.121200
1739,5V4U,79.38,0.692700,1.00,-2852.279,97.815,0.253655,0.640210
1740,5VAV,94.64,0.713300,1.00,-562.176,57.996,0.089119,0.386690
1741,5VFW,56.00,0.451200,1.00,-1990.667,57.126,0.480101,0.284750
1742,5VL6,30.88,0.423900,1.00,-239.310,84.840,0.712733,0.131000
1743,5VR5,56.25,0.503100,1.00,-1224.057,56.341,0.395187,0.163120
1744,5W54,59.00,0.552900,1.00,-926.481,158.619,0.480160,0.279020
1745,5W9F,93.90,0.750600,1.00,-3402.635,160.774,0.103285,0.832150
1746,5WCV,68.10,0.541800,1.00,-2010.845,106.476,0.492822,0.514820
1747,5WE3,84.56,0.699700,1.00,-2532.025,191.053,0.150291,0.630680
1748,5WOD,82.89,0.706600,1.00,-2967.590,66.914,0.140927,0.644100
1749,5WOV,78.68,0.689900,1.00,-2017.324,134.998,0.318418,0.608880
1750,5WOW,70.51,0.582100,1.00,-2554.844,202.205,0.523878,0.571700
1751,5WRX,51.92,0.543300,1.00,-384.378,74.170,0.673605,0.272680
1752,5WUZ,66.28,0.566300,1.00,-3128.164,199.981,0.298770,0.489870
1753,5WXE,84.82,0.695400,1.00,-2241.795,136.255,0.194946,0.559880
1754,5WYE,42.19,0.504500,1.00,-710.673,67.746,0.501512,0.261090
1755,5X34,95.14,0.844900,1.00,-2425.311,188.023,0.080854,0.831550
1756,5X35,99.31,0.858200,1.00,-2425.311,188.023,0.057060,0.899000
1757,5X36,98.61,0.850100,1.00,-2425.311,188.023,0.062120,0.885250
1758,5X37,97.22,0.843500,1.00,-2425.311,188.023,0.067284,0.874450
1759,5X38,99.31,0.887000,1.00,-2425.311,188.023,0.051618,0.916290
1760,5X39,97.92,0.854300,1.00,-2478.786,220.348,0.065737,0.869120
1761,5X3C,97.92,0.831800,1.00,-2250.250,159.676,0.070202,0.868840
1762,5X3L,82.50,0.657600,1.00,-1303.557,63.000,0.241158,0.312850
1763,5XA6,71.71,0.569500,1.00,-2646.825,170.131,0.303550,0.533990
1764,5XBD,68.06,0.545800,1.00,-2195.058,185.567,0.307998,0.475240
1765,5XDI,66.25,0.558300,1.00,-3043.357,181.705,0.300139,0.479120
1766,5XDJ,90.48,0.736400,1.00,-1160.622,65.504,0.095112,0.407880
1767,5XEK,72.62,0.610100,1.00,-3364.733,191.459,0.302934,0.566740
1768,5XIV,70.00,0.580300,1.00,-1207.924,107.892,0.264756,0.154610
1769,5XM4,32.35,0.391200,1.00,-865.346,67.588,0.757196,0.183960
1770,5XNG,89.71,0.730700,1.00,-1431.310,30.121,0.115156,0.461580
1771,5XO3,76.19,0.646100,1.00,-978.522,108.894,0.231990,0.256200
1772,5XO4,77.38,0.662400,1.00,-855.424,184.566,0.237954,0.264770
1773,5XO5,65.48,0.591300,1.00,-808.863,96.714,0.519889,0.215600
1774,5XRX,57.35,0.518200,1.00,-1431.310,30.121,0.567899,0.275910
1775,5Y0H,85.71,0.706600,1.00,-1155.235,92.378,0.201205,0.346150
1776,5Y0I,91.67,0.773100,1.00,-1185.348,103.364,0.110545,0.457740
1777,5Y0J,96.43,0.753700,1.00,-1190.426,116.007,0.093881,0.432930
1778,5Y22,80.68,0.725400,1.00,-1364.573,102.792,0.390892,0.419570
1779,5Y3U,86.36,0.717400,1.00,-1364.573,102.792,0.228995,0.459060
1780,5YKK,66.67,0.542800,1.00,-1109.120,49.206,0.344887,0.314760
1781,5YKL,61.84,0.553800,1.00,-1200.724,51.874,0.416703,0.260690
1782,5YKQ,64.47,0.529700,1.00,-1207.641,45.446,0.400310,0.289970
1783,5YZ6,90.82,0.724900,1.00,-4433.455,184.194,0.119799,0.819390
1784,5YZK,91.84,0.769200,1.00,-4433.550,208.443,0.108168,0.840880
1785,5Z1Y,42.86,0.520300,1.00,-826.385,119.859,0.883975,0.255160
1786,5Z26,58.33,0.518900,1.00,-866.482,27.622,0.557619,0.261200
1787,5Z2O,90.28,0.725700,1.00,-989.057,41.594,0.166393,0.491930
1788,5Z31,31.94,0.461600,1.00,-552.775,113.223,0.894121,0.150960
1789,5Z32,34.72,0.460400,1.00,-552.768,86.239,0.627264,0.130960
1790,5Z5W,75.00,0.593700,1.00,-801.794,27.881,0.240039,0.351810
1791,5Z5X,68.06,0.550700,1.00,-1331.778,37.053,0.394316,0.410900
1792,5ZCN,30.95,0.387000,1.00,-1028.184,67.442,0.811010,0.171880
1793,5ZNF,95.00,0.793300,1.00,-1905.295,149.737,0.127951,0.761230
1794,5ZV6,78.33,0.668300,1.00,-1796.720,164.278,0.217523,0.464490
1795,5ZYX,61.25,0.556400,1.00,-1382.389,49.277,0.525009,0.291550
1796,6A5J,80.77,0.667500,1.00,-657.147,33.680,0.220676,0.320470
1797,6A8Y,29.81,0.439300,1.00,-852.605,183.932,0.846965,0.198930
1798,6AAB,59.52,0.628500,1.00,-855.424,184.566,0.658303,0.166120
1799,6AFQ,83.33,0.681000,1.00,-978.522,108.894,0.226045,0.361090
1800,6AHZ,53.57,0.625200,1.00,-1985.826,151.854,0.660136,0.346630
1801,6AK0,42.86,0.382700,1.00,-1369.616,87.393,0.561197,0.176860
1802,6AX2,77.17,0.659800,1.00,-2998.730,273.932,0.237361,0.668780
1803,6B3U,69.38,0.729900,1.00,-3400.085,105.806,0.385875,0.513620
1804,6B5W,38.16,0.498600,1.00,-732.574,112.262,1.009309,0.203830
1805,6B9K,67.50,0.485800,1.00,-285.204,39.033,0.269956,0.219500
1806,6B9W,80.15,0.663300,1.00,-2803.979,127.575,0.306410,0.606110
1807,6BAM,82.35,0.604500,1.00,-2684.765,117.638,0.255972,0.659650
1808,6BB6,83.09,0.641500,1.00,-2741.533,123.052,0.265690,0.642500
1809,6BEQ,45.00,0.505900,1.00,-296.114,32.166,0.651272,0.260090
1810,6BET,43.75,0.586600,1.00,-280.366,60.210,0.732494,0.175260
1811,6BEU,48.21,0.441400,1.00,-800.557,53.420,0.500243,0.195780
1812,6BI5,82.26,0.692800,1.00,-2518.773,101.259,0.293542,0.639130
1813,6BJF,92.31,0.721700,1.00,-957.630,29.821,0.127181,0.541400
1814,6BUC,93.75,0.779500,1.00,-2248.630,176.525,0.123083,0.810880
1815,6BVU,82.14,0.579100,1.00,-538.400,64.674,0.278359,0.302470
1816,6BVW,75.00,0.568500,1.00,-538.400,64.674,0.347495,0.309980
1817,6BVX,57.14,0.393400,1.00,-752.178,72.425,0.433135,0.193970
1818,6BX9,45.00,0.445500,1.00,-766.384,63.116,0.558911,0.242410
1819,6CEG,94.17,0.713800,1.00,-1615.687,228.849,0.115434,0.757330
1820,6CEI,77.34,0.652400,1.00,-1860.775,156.663,0.304613,0.670260
1821,6CEJ,58.93,0.500600,1.00,-407.891,54.865,0.398658,0.223560
1822,6CFA,77.63,0.701700,1.00,-1089.587,51.541,0.199237,0.285290
1823,6CFB,66.13,0.575600,1.00,-1706.009,161.177,0.395793,0.432760
1824,6CGW,72.41,0.561400,1.00,-2077.057,218.831,0.284786,0.394230
1825,6CGX,69.32,0.655500,1.00,-1157.928,71.814,0.733975,0.401510
1826,6CHC,62.50,0.482600,1.00,-2040.784,171.807,0.418770,0.310620
1829,6CJ8,80.88,0.637100,1.00,-1178.154,61.314,0.196412,0.334980
1830,6CKD,89.58,0.741900,1.00,-2603.143,152.471,0.106072,0.744470
1831,6CKF,89.58,0.739300,1.00,-2603.143,152.471,0.139484,0.734920
1832,6CMH,57.14,0.486600,1.00,-1332.619,94.961,0.632489,0.271200
1833,6COO,88.24,0.694000,1.00,-1239.209,32.077,0.115142,0.340310
1834,6COP,85.29,0.609800,1.00,-1220.723,51.534,0.164598,0.355830
1835,6COQ,85.29,0.666200,1.00,-1213.629,26.366,0.167871,0.395170
1836,6COR,86.76,0.711800,1.00,-1164.833,43.729,0.204707,0.434060
1837,6COS,69.12,0.598400,1.00,-1178.154,61.314,0.347584,0.292490
1838,6COT,72.06,0.623200,1.00,-1227.408,32.764,0.324976,0.325640
1839,6COU,79.41,0.648100,1.00,-1099.999,50.680,0.301904,0.431090
1840,6COV,70.59,0.574600,1.00,-1227.408,32.764,0.391105,0.359210
1841,6COW,85.29,0.663000,1.00,-1178.154,61.314,0.221568,0.382400
1842,6CSK,89.47,0.754700,1.00,-1082.304,47.800,0.099321,0.377030
1843,6CSZ,88.16,0.714700,1.00,-1103.339,33.946,0.213465,0.470120
1844,6CT1,71.05,0.599600,1.00,-1137.159,98.631,0.317411,0.405140
1845,6CT4,85.53,0.638900,1.00,-1022.671,78.885,0.229901,0.526980
1846,6D3T,96.67,0.710000,1.00,-2088.540,116.257,0.078524,0.795150
1847,6D8H,94.53,0.772900,1.00,-2147.121,130.803,0.119314,0.807780
1848,6D8Q,95.16,0.797200,1.00,-2091.469,150.641,0.120859,0.820800
1849,6D8R,91.13,0.706700,1.00,-2186.224,135.204,0.146946,0.712460
1850,6D8S,93.55,0.718600,1.00,-2123.111,98.531,0.108595,0.737900
1851,6D8T,92.74,0.678000,1.00,-2080.997,124.218,0.122405,0.734420
1852,6D8U,95.16,0.719000,1.00,-2146.786,128.279,0.107675,0.795180
1853,6D8Y,91.94,0.715700,1.00,-2036.054,131.668,0.159483,0.745280
1854,6D93,94.35,0.729600,1.00,-2064.281,136.062,0.148288,0.773930
1855,6D9O,91.94,0.711900,1.00,-2298.928,109.653,0.168866,0.735630
1856,6D9P,94.35,0.774600,1.00,-2173.080,119.112,0.102454,0.738830
1857,6DHR,89.66,0.750400,1.00,-1914.679,179.314,0.214410,0.717550
1858,6DMZ,86.17,0.717800,1.00,-3367.292,206.060,0.132544,0.779680
1859,6DST,68.27,0.688100,1.00,-1835.798,56.714,0.301734,0.468460
1860,6DZ9,44.64,0.517700,1.00,-397.620,76.851,1.076231,0.256790
1861,6DZA,42.19,0.519400,1.00,-490.957,99.783,1.057953,0.121650
1862,6DZB,42.19,0.499200,1.00,-468.254,81.055,0.871405,0.237560
1863,6DZC,45.31,0.580900,1.00,-447.425,105.925,1.012020,0.231520
1864,6DZE,40.62,0.505400,1.00,-419.993,102.575,0.945225,0.230670
1865,6E1L,78.12,0.590100,1.00,-1427.488,117.961,0.287121,0.442590
1867,6EFE,74.07,0.645300,1.00,-2092.732,83.623,0.241273,0.400420
1868,6ENA,96.77,0.826100,1.00,-1860.492,217.549,0.072865,0.820260
1869,6F46,45.71,0.530400,1.00,-2710.451,59.671,0.820970,0.404140
1870,6F61,93.55,0.777600,1.00,-1997.804,139.309,0.118432,0.752240
1871,6FGM,97.92,0.759800,1.00,-660.260,43.968,0.064314,0.502580
1872,6FS4,68.55,0.656500,1.00,-2380.266,93.048,0.563233,0.523890
1873,6FS5,64.10,0.678900,1.00,-3073.879,140.045,0.449162,0.511870
1874,6G4I,78.12,0.710600,1.00,-1502.878,92.217,0.213001,0.416070
1875,6G4K,71.88,0.673100,1.00,-1502.878,92.217,0.284109,0.370980
1876,6G4U,62.50,0.720200,1.00,-1502.878,92.217,0.512606,0.399290
1877,6G4V,62.50,0.624400,1.00,-1545.864,63.782,0.412676,0.365840
1878,6G4X,61.46,0.636200,1.00,-1545.864,63.782,0.502281,0.381270
1880,6GIF,75.83,0.704200,1.00,-2141.599,89.859,0.348719,0.520040
1881,6GIG,66.67,0.675300,1.00,-2029.001,90.944,0.484429,0.513490
1882,6GIJ,81.67,0.616800,1.00,-816.854,35.135,0.296697,0.420130
1883,6GIK,59.62,0.565100,1.00,-764.128,36.908,0.340591,0.381610
1884,6GIL,46.15,0.527400,1.00,-693.738,22.024,0.484829,0.197450
1885,6GNZ,71.30,0.673100,1.00,-1852.978,30.155,0.439071,0.400590
1886,6GO0,75.00,0.696100,1.00,-1360.235,68.193,0.367923,0.471920
1887,6GS5,86.54,0.677800,1.00,-1123.463,28.983,0.208952,0.397820
1888,6GS9,87.50,0.722200,1.00,-893.906,23.155,0.117777,0.375480
1889,6HH0,67.00,0.641000,1.00,-1547.665,64.032,0.362905,0.320470
1890,6HN9,59.85,0.656300,1.00,-2383.498,39.503,0.631597,0.499070
1891,6HT4,68.75,0.647400,1.00,-906.265,96.673,0.372793,0.217590
1892,6HZ2,70.37,0.688900,1.00,-1636.522,102.762,0.226725,0.452590
1893,6IHA,75.00,0.776800,1.00,-1764.850,77.219,0.310555,0.488810
1894,6ITH,65.24,0.725600,1.00,-3304.689,84.090,0.440630,0.678510
1895,6J12,47.32,0.503500,1.00,-2119.435,68.575,0.925549,0.295210
1896,6J9P,93.75,0.645400,1.00,-781.226,30.544,0.127203,0.504410
1897,6JI7,59.72,0.499800,1.00,-2532.193,255.852,0.388397,0.346580
1898,6JIC,89.58,0.731000,1.00,-2591.099,194.954,0.117352,0.730280
1899,6K4V,43.75,0.349200,1.00,-2304.122,221.088,1.430468,0.287030
1900,6K4W,44.44,0.594300,1.00,-2551.050,182.255,0.861371,0.321790
1901,6K50,92.50,0.746900,1.00,-2910.499,170.876,0.114343,0.801040
1902,6K51,91.25,0.782200,1.00,-2745.969,189.553,0.116078,0.794160
1903,6KLM,78.68,0.609100,1.00,-2453.479,217.168,0.266754,0.545650
1904,6KRA,87.12,0.735000,1.00,-2253.894,160.122,0.160414,0.662160
1905,6L8R,39.39,0.569400,1.00,-789.398,233.465,0.745294,0.202800
1906,6LF5,93.38,0.763300,1.00,-2571.328,141.773,0.102520,0.775960
1907,6M0Y,81.25,0.622000,1.00,-739.515,25.944,0.239127,0.413070
1908,6M19,40.00,0.414300,1.00,-807.892,63.394,0.682089,0.139690
1909,6M56,33.33,0.238600,1.00,-2015.659,181.222,1.344996,0.227000
1910,6M5C,75.00,0.652700,1.00,-2557.429,226.037,0.243386,0.576870
1911,6MBM,92.19,0.699400,1.00,-1184.105,28.719,0.139500,0.521100
1912,6MF8,47.83,0.594200,1.00,-3354.228,111.322,1.307191,0.427000
1913,6MJV,78.91,0.644400,1.00,-1654.916,165.965,0.210613,0.563000
1914,6MK4,91.67,0.682500,1.00,-1838.981,184.237,0.104036,0.715750
1915,6MK5,88.24,0.703400,1.00,-2421.727,188.855,0.189108,0.718410
1916,6MM4,87.12,0.719000,1.00,-2056.985,156.243,0.151195,0.663270
1917,6MW6,44.74,0.437100,1.00,-876.969,50.022,0.909254,0.228790
1918,6MZT,91.89,0.735300,1.00,-2417.755,167.097,0.123372,0.770260
1919,6NK9,85.16,0.737600,1.00,-2034.128,89.060,0.273422,0.691740
1920,6NOM,55.32,0.516400,1.00,-3350.200,281.240,0.555713,0.464290
1921,6NOX,92.86,0.718500,1.00,-653.088,53.765,0.107594,0.509030
1922,6NUG,77.08,0.646300,1.00,-1610.767,76.177,0.189628,0.346080
1923,6NW8,63.89,0.566000,1.00,-1528.670,173.841,0.422344,0.397140
1924,6O3Q,86.73,0.754800,1.00,-3721.801,166.498,0.276745,0.789320
1925,6O3S,78.72,0.656200,1.00,-3681.823,140.437,0.239452,0.699120
1931,6OBK,65.12,0.549800,1.00,-4697.907,130.097,0.317002,0.570950
1932,6OBW,60.29,0.508800,1.00,-1295.892,36.787,0.489532,0.277260
1933,6OC2,47.06,0.474700,1.00,-1289.241,36.948,0.429282,0.225250
1934,6OC4,66.18,0.538200,1.00,-1199.929,50.005,0.400453,0.329080
1935,6OFA,89.39,0.746500,1.00,-2809.146,117.425,0.166151,0.706490
1936,6OLD,64.71,0.525700,1.00,-1199.929,50.005,0.476353,0.253930
1937,6OQP,71.15,0.550000,1.00,-632.830,84.391,0.256217,0.241530
1938,6OTA,56.25,0.502100,1.00,-615.202,83.176,0.401985,0.254110
1939,6OTB,51.32,0.461000,1.00,-958.302,89.700,0.635149,0.214680
1940,6OVJ,78.85,0.572100,1.00,-617.612,115.755,0.221926,0.320010
1941,6PIN,93.06,0.799800,1.00,-981.333,78.824,0.102358,0.425890
1942,6PIO,95.83,0.798700,1.00,-1107.817,74.422,0.085084,0.479940
1943,6PIP,91.67,0.802200,1.00,-1012.886,76.955,0.133738,0.548770
1945,6POR,32.14,0.468400,1.00,-1466.510,113.903,1.346144,0.158650
1946,6PPC,81.06,0.734700,1.00,-1805.110,160.882,0.258718,0.615640
1947,6PX7,77.21,0.667400,1.00,-2044.915,192.115,0.300218,0.556410
1948,6PX8,83.11,0.664400,1.00,-2502.408,172.344,0.279141,0.700320
1949,6Q1X,25.00,0.493200,1.00,-1220.526,210.513,1.095507,0.290090
1950,6Q5Z,64.66,0.515700,1.00,-1544.195,291.178,0.492779,0.402350
1951,6QAX,63.46,0.610500,1.00,-216.840,59.132,0.341771,0.347910
1952,6QB0,53.85,0.619700,1.00,-229.162,62.058,0.338045,0.226300
1953,6QB1,65.38,0.668300,1.00,-232.375,44.380,0.392944,0.244880
1954,6QES,93.12,0.762200,1.00,-3464.365,225.882,0.109880,0.807180
1955,6QET,70.83,0.621100,1.00,-2641.682,208.177,0.418804,0.579140
1956,6QJB,84.38,0.689100,1.00,-2503.145,216.728,0.210031,0.694740
1957,6QKF,86.11,0.701900,1.00,-1014.643,74.701,0.290192,0.410670
1958,6R2X,73.00,0.600500,1.00,-1949.786,54.697,0.333791,0.512120
1959,6R95,66.67,0.650000,1.00,-1613.750,53.784,0.375259,0.322130
1960,6R96,53.12,0.651200,1.00,-1613.750,53.784,0.546503,0.306580
1961,6RRL,93.75,0.665200,1.00,-782.497,34.399,0.157015,0.462210
1962,6RRO,95.45,0.746800,1.00,-669.508,25.231,0.061849,0.535910
1963,6RSF,54.00,0.477700,1.00,-1531.758,31.872,0.399619,0.262760
1964,6RSG,43.00,0.480700,1.00,-1279.896,37.420,0.617811,0.175790
1965,6RSM,77.27,0.551100,1.00,-615.155,27.966,0.264010,0.395450
1966,6RY9,49.04,0.519600,1.00,-1450.455,34.631,0.467411,0.226640
1967,6RYQ,56.25,0.468100,1.00,-926.705,33.141,0.441590,0.164520
1968,6RZ1,42.71,0.530200,1.00,-1509.441,27.369,0.618736,0.182660
1969,6RZC,57.00,0.550800,1.00,-1589.897,39.163,0.408283,0.253660
1970,6S2D,51.04,0.557000,1.00,-1286.290,30.473,0.537420,0.207240
1971,6SAA,89.29,0.721600,1.00,-1577.256,99.866,0.197221,0.660240
1972,6SAB,63.24,0.537200,1.00,-2306.073,149.809,0.571917,0.445590
1973,6SFT,61.11,0.626000,1.00,-1613.814,186.192,0.491325,0.435960
1974,6SVC,81.43,0.715300,1.00,-2213.837,193.137,0.214779,0.594020
1975,6SVE,89.29,0.701300,1.00,-2213.837,193.137,0.169111,0.714070
1976,6SVH,89.29,0.717500,1.00,-2213.837,193.137,0.154472,0.696840
1977,6SY2,83.67,0.766100,1.00,-3812.055,223.796,0.263988,0.739790
1978,6SZF,23.21,0.366000,1.00,-1663.789,348.029,1.253623,0.244880
1979,6T33,54.55,0.433100,1.00,-3192.114,177.622,0.522435,0.419650
1980,6TVJ,40.00,0.468100,1.00,-323.643,46.030,0.566741,0.221530
1981,6TWG,90.38,0.633800,1.00,-846.130,25.849,0.256016,0.579830
1982,6U24,55.36,0.625300,1.00,-429.855,51.851,1.058632,0.300640
1983,6U6G,51.39,0.374000,1.00,-2407.328,185.601,0.877698,0.326530
1984,6U7Q,96.43,0.787700,1.00,-532.753,51.133,0.082490,0.496650
1985,6U7R,96.43,0.721100,1.00,-711.675,68.553,0.089457,0.485500
1986,6U7S,83.93,0.764500,1.00,-684.797,68.057,0.173538,0.396940
1987,6U7U,46.43,0.570100,1.00,-347.615,74.709,0.732886,0.254140
1988,6U7W,58.93,0.607600,1.00,-423.975,67.590,0.945734,0.283990
1989,6U7X,50.00,0.609500,1.00,-441.198,62.837,0.969323,0.259440
1990,6UCH,64.63,0.663300,1.00,-2244.143,113.048,0.699974,0.528630
1991,6V1N,58.82,0.511700,1.00,-1265.425,55.282,0.392113,0.245720
1992,6V6T,78.57,0.672600,1.00,-2437.093,162.829,0.283906,0.606150
1993,6VE9,59.52,0.611000,1.00,-1382.936,31.860,0.504804,0.259400
1994,6VGT,45.39,0.441600,1.00,-2281.442,55.391,1.268364,0.308480
1995,6VH8,79.17,0.663800,1.00,-3248.803,211.144,0.207133,0.614640
1996,6VLA,88.24,0.719500,1.00,-1006.058,55.605,0.149483,0.519510
1997,6VLJ,44.74,0.461100,1.00,-691.588,111.578,0.606866,0.130670
1998,6VNZ,89.52,0.711600,1.00,-2173.099,121.054,0.127993,0.657780
1999,6VPN,94.15,0.783300,1.00,-3491.854,197.043,0.085737,0.878170
2000,6VXG,27.33,0.286100,1.00,-1740.923,274.994,1.173439,0.260090
2001,6VY8,53.57,0.658800,1.00,-429.855,51.851,1.043186,0.299840
2002,6WQJ,79.29,0.642900,1.00,-3008.374,116.726,0.239010,0.614080
2003,6WQL,78.57,0.657300,1.00,-3819.251,209.836,0.307914,0.670800
2004,6X7I,76.79,0.693200,1.00,-2160.364,48.565,0.489157,0.670860
2005,6XCR,65.56,0.753700,1.00,-3081.531,191.216,0.603291,0.569710
2006,6XCU,69.44,0.727800,1.00,-3005.180,181.597,0.541415,0.588370
2007,6XN9,35.71,0.408500,1.00,-3851.058,243.008,0.860883,0.278850
2008,6XTH,47.22,0.432100,1.00,-866.500,67.365,0.766011,0.170110
2009,6XTI,30.88,0.401300,1.00,-937.412,29.785,0.813109,0.127580
2010,6XYH,91.88,0.729600,1.00,-2586.646,237.355,0.125238,0.802530
2011,6XYI,82.74,0.637500,1.00,-2552.375,242.304,0.220353,0.701810
2012,6Y1Q,42.86,0.394300,1.00,-935.835,54.705,0.737189,0.256990
2013,6YHF,68.33,0.686500,1.00,-2039.433,42.238,0.358332,0.469540
2014,6YHI,66.67,0.712100,1.00,-2279.104,46.401,0.361492,0.439620
2015,6YHO,64.17,0.708900,1.00,-2030.460,64.024,0.395557,0.405480
2016,6YHP,67.50,0.724200,1.00,-1987.850,47.176,0.390446,0.492280
2017,6YHX,74.17,0.723800,1.00,-1996.077,51.402,0.269986,0.548160
2018,6YJL,47.73,0.426100,1.00,-2094.470,133.570,0.820172,0.358940
2019,6YSE,92.39,0.774000,1.00,-4322.900,193.560,0.116610,0.841980
2020,6Z0G,49.49,0.657100,1.00,-2996.276,229.294,0.662781,0.404620
2021,6Z0H,60.20,0.676900,1.00,-3076.840,244.925,0.640657,0.523900
2022,6Z0I,51.02,0.626500,1.00,-2996.276,229.294,0.766896,0.486630
2023,7ALD,86.25,0.659300,1.00,-1171.777,128.012,0.158043,0.338950
2024,7ASY,65.15,0.627700,1.00,-2483.266,104.743,0.457460,0.398010
2025,7AT7,63.64,0.666600,1.00,-2361.805,86.117,0.495623,0.565450
2026,7ATB,61.36,0.670100,1.00,-2713.938,89.050,0.459837,0.581810
2027,7AY8,85.26,0.719000,1.00,-2345.078,213.436,0.272842,0.728450
2028,7B2F,51.61,0.513800,1.00,-2277.580,97.147,0.827933,0.369880
2029,7BW5,32.35,0.514900,1.00,-535.653,76.400,1.131410,0.145960
2030,7BWI,91.07,0.801300,1.00,-3678.731,231.313,0.237976,0.816470
2031,7BX2,87.50,0.665500,1.00,-712.429,35.434,0.124270,0.527490
2032,7BZ7,41.67,0.417500,1.00,-903.418,39.734,0.681332,0.139430
2033,7BZ8,45.00,0.412700,1.00,-920.040,58.808,0.744104,0.154260
2034,7BZ9,43.33,0.404100,1.00,-849.834,66.285,0.684707,0.155860
2035,7BZA,45.00,0.414400,1.00,-882.246,46.931,0.651960,0.138170
2036,7CCN,61.76,0.571900,1.00,-653.693,84.849,0.407018,0.298990
2037,7CCO,61.76,0.569600,1.00,-653.693,84.849,0.400228,0.266340
2038,7CK5,73.21,0.639300,1.00,-2028.847,60.505,0.364182,0.491160
2039,7CKD,27.56,0.255300,1.00,-3359.405,165.675,1.169218,0.229670
2040,7CKE,32.05,0.366000,1.00,-3359.405,165.675,0.983524,0.184380
2041,7CSS,55.77,0.534800,1.00,-566.641,120.450,0.425901,0.233200
2042,7CU6,43.33,0.384800,1.00,-874.988,97.408,0.660112,0.253350
2043,7D13,79.49,0.764800,1.00,-2730.205,45.142,0.218886,0.620840
2044,7D16,47.44,0.570500,1.00,-2730.205,45.142,1.053212,0.410590
2045,7D37,71.15,0.481900,1.00,-566.641,120.450,0.273830,0.301210
2046,7DEH,75.00,0.679400,1.00,-1927.212,57.955,0.233285,0.491070
2047,7EDK,55.26,0.486900,1.00,-906.435,93.039,0.427530,0.172060
2048,7EES,37.50,0.519500,1.00,-603.606,95.313,1.301178,0.127280
2049,7ELY,46.15,0.455500,1.00,-1779.227,142.064,0.549723,0.208940
2050,7F32,75.00,0.681800,1.00,-1058.651,77.840,0.235511,0.270450
2051,7JIA,80.21,0.671400,1.00,-1354.846,133.013,0.180429,0.362370
2052,7JIY,96.88,0.734900,1.00,-1491.970,142.678,0.100698,0.614460
2053,7JNN,90.76,0.684500,1.00,-3745.374,207.980,0.148308,0.813730
2054,7JPM,75.00,0.636600,1.00,-2155.527,271.436,0.383218,0.623040
2055,7JS6,33.33,0.403200,1.00,-644.648,61.565,0.675989,0.112480
2056,7K1M,93.75,0.684500,1.00,-704.275,38.370,0.076469,0.462300
2057,7K7X,80.17,0.653900,1.00,-1952.575,140.884,0.252305,0.515030
2058,7KNN,70.31,0.572400,1.00,-921.685,56.740,0.349984,0.267140
2059,7KPD,97.41,0.806300,1.00,-2170.551,161.997,0.071679,0.769890
2060,7L53,50.00,0.399400,1.00,-2055.470,218.675,0.425753,0.245080
2061,7L54,45.54,0.379600,1.00,-2055.470,218.675,0.465027,0.206210
2062,7L55,43.75,0.318400,1.00,-2055.470,218.675,0.670005,0.194540
2063,7L7A,51.79,0.503000,1.00,-697.366,66.263,0.507975,0.267870
2064,7L83,50.00,0.652500,1.00,-2906.161,102.724,1.106824,0.414190
2065,7LCW,33.33,0.538400,1.00,-428.086,94.995,1.013415,0.070220
2066,7LGL,48.94,0.397200,1.00,-3308.082,268.702,0.993405,0.406390
2067,7LGV,58.85,0.539400,1.00,-3430.251,300.035,0.688336,0.513390
2068,7LHC,87.07,0.727900,1.00,-1793.830,159.889,0.228581,0.643470
2069,7LI2,46.59,0.567400,1.00,-898.902,140.721,0.679501,0.155360
2070,7LIF,46.59,0.492500,1.00,-898.902,140.721,0.604313,0.143480
2071,7LP4,65.96,0.520800,1.00,-3251.093,291.618,0.628932,0.565180
2072,7LQR,80.95,0.665300,1.00,-1278.153,89.061,0.277092,0.369610
2073,7LQS,75.00,0.557400,1.00,-840.067,65.653,0.327104,0.299780
2074,7LRW,42.86,0.475500,1.00,-1428.458,114.422,0.558352,0.186460
2075,7LSO,100.00,0.732700,1.00,-1180.251,27.169,0.053487,0.658320
2076,7LSP,90.28,0.727000,1.00,-1180.251,27.169,0.103081,0.502470
2077,7LT7,28.57,0.244100,1.00,-1808.457,180.113,1.491867,0.204480
2078,7LVE,69.15,0.606200,1.00,-3735.168,146.779,0.341988,0.541070
2079,7LVG,54.44,0.527200,1.00,-3520.896,157.223,0.644989,0.438920
2080,7LX4,46.34,0.386600,1.00,-3048.462,347.776,0.545573,0.370410
2081,7LZL,91.22,0.740700,1.00,-2487.478,176.780,0.132015,0.794470
2082,7M1D,47.40,0.424500,1.00,-3093.221,208.118,0.827370,0.398810
2083,7M1E,72.32,0.717200,1.00,-1852.085,35.064,0.310136,0.475680
2084,7M3U,48.15,0.353900,1.00,-2060.583,160.884,0.487821,0.193750
2085,7MJ3,30.68,0.324100,1.00,-3318.245,319.432,1.026936,0.260090
2086,7MY8,33.93,0.546100,1.00,-3143.935,131.241,1.020127,0.351690
2087,7N0T,59.38,0.514800,1.00,-873.473,64.028,0.419311,0.346870
2088,7N21,76.47,0.598800,1.00,-779.940,74.431,0.311989,0.363230
2089,7N23,80.88,0.652800,1.00,-779.940,74.431,0.256798,0.451660
2090,7N25,60.94,0.531800,1.00,-873.473,64.028,0.422525,0.321300
2091,7NIP,78.66,0.641400,1.00,-4297.728,115.712,0.171932,0.654940
2092,7NS1,78.23,0.762400,1.00,-2799.954,61.217,0.226117,0.646020
2093,7OB2,85.00,0.528100,1.00,-586.935,34.857,0.203614,0.593340
2094,7OD2,86.76,0.656300,1.00,-2467.181,219.062,0.141354,0.644560
2095,7OFM,73.33,0.703100,1.00,-1707.180,155.521,0.459133,0.546970
2096,7OFO,76.67,0.703500,1.00,-1707.180,155.521,0.378414,0.625600
2097,7OSC,84.38,0.702500,1.00,-1488.035,119.820,0.225161,0.423910
2099,7P3M,96.15,0.771100,1.00,-769.088,27.375,0.068679,0.605190
2100,7P4X,79.03,0.686700,1.00,-1875.637,76.460,0.299943,0.609450
2101,7P55,75.00,0.649800,1.00,-1754.712,34.531,0.229831,0.321390
2102,7P5G,47.00,0.495700,1.00,-1074.936,120.927,0.498399,0.178380
2103,7P5Q,32.00,0.511700,1.00,-1131.942,136.393,0.849048,0.164050
2104,7P5S,38.00,0.517500,1.00,-1082.111,132.005,0.728410,0.196810
2105,7PH8,79.03,0.774000,1.00,-2555.800,86.445,0.218630,0.667100
2106,7PHT,79.17,0.762000,1.00,-2549.475,52.011,0.197091,0.528440
2107,7PL4,68.55,0.701200,1.00,-2080.467,44.544,0.432925,0.602130
2108,7PVB,97.83,0.813900,1.00,-3366.811,172.067,0.065465,0.915850
2109,7PVM,59.68,0.594500,1.00,-1202.503,147.046,0.616004,0.447650
2110,7QAL,46.43,0.740900,1.00,-1954.431,88.207,1.015883,0.351250
2111,7QAM,47.86,0.664500,1.00,-1991.924,67.912,0.815485,0.362800
2112,7QAO,50.71,0.662900,1.00,-1871.266,67.856,0.559886,0.398010
2113,7QAP,47.86,0.653900,1.00,-1844.426,104.181,0.618889,0.358230
2114,7QLF,47.06,0.555200,1.00,-559.940,97.865,0.987381,0.182040
2115,7QXJ,91.07,0.673100,1.00,-1661.264,111.571,0.167730,0.701090
2116,7RC7,92.97,0.772500,1.00,-2170.791,175.851,0.150926,0.804670
2117,7RC8,92.19,0.780000,1.00,-2170.791,175.851,0.194704,0.798980
2118,7RFA,81.03,0.673700,1.00,-1816.404,160.615,0.323753,0.526820
2119,7RN3,95.83,0.819000,1.00,-2092.754,175.928,0.070249,0.794870
2120,7S55,99.19,0.846800,1.00,-2147.970,176.126,0.057868,0.856770
2121,7S7P,93.45,0.800300,1.00,-2944.677,132.602,0.118208,0.841790
2122,7SAG,70.16,0.530000,1.00,-1723.089,157.560,0.544255,0.495790
2123,7SKC,85.29,0.677500,1.00,-2612.161,148.806,0.170616,0.660210
2124,7T6G,52.50,0.529100,1.00,-1041.777,47.418,0.523750,0.355260
2125,7T7W,88.64,0.625600,1.00,-626.728,28.418,0.152944,0.559980
2126,7TB9,37.50,0.465800,1.00,-372.764,98.326,0.581093,0.123040
2127,7TH8,56.82,0.492800,1.00,-1938.145,211.034,0.673431,0.370690
2128,7UNX,75.00,0.579500,1.00,-2784.817,158.434,0.832773,0.603860
2129,7UV3,67.71,0.574500,1.00,-3644.063,161.846,0.577188,0.586480
2130,7V5E,51.39,0.456600,1.00,-924.063,100.470,0.542101,0.163990
2131,7V5F,59.68,0.535500,1.00,-2646.264,183.926,0.536221,0.371570
2132,7VOZ,70.69,0.747400,1.00,-1829.153,45.562,0.327664,0.513340
2133,7VQH,29.17,0.482600,1.00,-552.768,86.239,0.777175,0.153810
2134,7VQI,30.56,0.472500,1.00,-552.768,86.239,0.712883,0.144120
2135,7W8K,49.00,0.407900,1.00,-1791.567,145.635,0.487786,0.275730
2136,7W8O,42.31,0.439600,1.00,-1991.892,95.605,0.710377,0.170540
2137,7W8R,51.92,0.475300,1.00,-1991.892,95.605,0.541469,0.177390
2138,7W8T,46.15,0.428300,1.00,-1406.147,134.099,0.656374,0.228240
2139,7W8Z,57.24,0.572900,1.00,-2460.386,162.521,0.609495,0.402670
2140,7W96,80.56,0.795100,1.00,-1163.540,105.523,0.155955,0.438240
2141,7WE3,31.45,0.432700,1.00,-1611.034,224.813,0.783440,0.203360
2142,7WEI,35.48,0.470800,1.00,-1611.034,224.813,0.714656,0.222840
2143,7Y7L,69.44,0.587400,1.00,-2924.731,291.902,0.304269,0.546590
2144,7YAB,64.77,0.521700,1.00,-2863.905,233.202,0.353148,0.524840
2145,7YFS,56.25,0.562200,1.00,-917.956,33.980,0.613619,0.236080
2146,7YHF,95.83,0.858600,1.00,-2560.068,177.633,0.088100,0.828550
2147,7YHG,96.53,0.888300,1.00,-2560.068,177.633,0.073714,0.862240
2148,7YHH,96.53,0.878600,1.00,-2560.068,177.633,0.071189,0.867200
2149,7YHI,97.92,0.847000,1.00,-2425.311,188.023,0.070372,0.850550
2150,7YRV,47.32,0.518300,1.00,-2301.736,106.915,0.641376,0.253100
2151,7YRW,26.61,0.318400,1.00,-1978.578,168.224,0.947932,0.273330
2152,7YRX,64.52,0.535000,1.00,-2178.936,126.837,0.383801,0.385140
2153,7YSS,67.86,0.578500,1.00,-939.559,36.086,0.441759,0.441670
2154,7YYI,76.72,0.718300,1.00,-2042.865,83.272,0.186558,0.542810
2155,7Z07,78.45,0.697800,1.00,-1988.920,104.143,0.204343,0.488110
2156,7Z08,69.83,0.699900,1.00,-2308.020,56.179,0.282328,0.468510
2157,7Z0B,76.72,0.733200,1.00,-2401.322,62.025,0.212545,0.646900
2159,7ZNF,84.17,0.698700,1.00,-1858.258,137.057,0.248872,0.559310
2160,7ZRF,43.06,0.434900,1.00,-958.691,86.602,0.857829,0.112240
2161,7ZRO,25.62,0.395600,1.00,-2340.174,97.639,1.213036,0.208870
2162,7ZRU,83.04,0.721800,1.00,-1837.268,119.178,0.229991,0.585200
2163,7ZWJ,41.18,0.499700,1.00,-421.385,83.809,0.991239,0.149820
2164,7ZZV,32.64,0.445500,1.00,-2609.058,98.968,1.250810,0.254600
2165,8A6I,32.14,0.387600,1.00,-2218.514,141.167,1.178313,0.208210
2166,8AHK,81.71,0.695700,1.00,-3298.963,254.863,0.214064,0.683390
2167,8B1L,86.46,0.658700,1.00,-1554.080,59.992,0.198657,0.543490
2168,8B1X,65.00,0.588000,1.00,-1561.522,59.258,0.706843,0.525970
2169,8B4R,68.75,0.631800,1.00,-1171.777,128.012,0.278540,0.235780
2170,8B6X,78.00,0.655600,1.00,-1927.181,60.043,0.250299,0.417090
2171,8B6Y,87.00,0.751200,1.00,-1927.181,60.043,0.157448,0.525920
2172,8B9Q,29.38,0.375000,1.00,-1506.172,358.955,1.278172,0.230200
2173,8B9R,30.62,0.450400,1.00,-1506.172,358.955,1.204016,0.213750
2174,8BOO,31.52,0.461500,1.00,-672.799,186.838,1.101304,0.208080
2175,8BVC,86.90,0.803900,1.00,-2872.940,249.427,0.143506,0.745690
2176,8BVZ,43.42,0.555200,1.00,-569.324,99.229,1.105598,0.164440
2177,8BWW,62.50,0.537600,1.00,-1508.525,18.414,0.390352,0.280060
2178,8CIQ,83.57,0.688200,1.00,-2182.364,139.303,0.287132,0.679200
2183,8CJT,80.00,0.686900,1.00,-2115.122,159.317,0.206504,0.590670
2184,8CM3,89.13,0.694400,1.00,-1520.164,97.163,0.200746,0.419840
2185,8DFZ,61.63,0.562900,1.00,-3425.234,287.198,1.107975,0.514480
2186,8DYM,34.48,0.556400,1.00,-887.200,199.466,1.932799,0.200420
2187,8DYN,35.42,0.486200,1.00,-1105.362,178.615,0.819164,0.138810
2188,8EB1,65.62,0.529000,1.00,-1681.384,39.670,0.578305,0.362720
2189,8EF4,51.25,0.600300,1.00,-433.124,108.898,0.730965,0.234980
2190,8F04,78.95,0.652700,1.00,-1145.912,101.514,0.304215,0.348540
2191,8FD4,85.29,0.641700,1.00,-2266.875,163.781,0.187774,0.642680
2192,8FEY,88.89,0.720200,1.00,-2368.324,204.390,0.157406,0.729320
2193,8G21,66.41,0.701600,1.00,-2108.679,124.654,0.329969,0.472610
2194,8GUC,46.53,0.392500,1.00,-2521.014,195.567,0.584991,0.325430
2195,8GVN,85.71,0.620500,1.00,-939.559,36.086,0.223497,0.456130
2196,8H0G,70.97,0.715200,1.00,-2073.220,94.870,0.347722,0.572470
2197,8H0U,79.03,0.727500,1.00,-2073.220,94.870,0.191231,0.633200
2198,8HJC,91.67,0.764800,1.00,-2593.530,170.710,0.134268,0.778160
2199,8HJD,91.67,0.753800,1.00,-2593.530,170.710,0.119261,0.769790
2200,8HR3,55.77,0.554900,1.00,-697.338,68.487,0.464076,0.310960
2201,8HR4,82.69,0.667400,1.00,-642.806,59.126,0.189069,0.341440
2202,8HVS,87.50,0.584000,1.00,-373.407,41.687,0.225018,0.480890
2203,8HZW,56.25,0.550700,1.00,-1025.785,34.484,0.611621,0.240120
2204,8IKQ,83.93,0.587700,1.00,-660.549,53.891,0.250005,0.427810
2205,8IL1,80.36,0.524300,1.00,-660.549,53.891,0.286257,0.184140
2206,8IL2,80.00,0.644300,1.00,-658.017,76.839,0.274708,0.401060
2207,8IL6,88.33,0.643300,1.00,-658.017,76.839,0.232482,0.362160
2208,8JB4,27.08,0.370300,1.00,-1518.915,119.341,0.896546,0.164080
2209,8K3M,42.65,0.482600,1.00,-546.242,77.748,0.820817,0.233240
2210,8K3N,35.29,0.553700,1.00,-546.242,77.748,0.956417,0.230170
2211,8OR5,66.67,0.650100,1.00,-1893.073,50.351,0.335615,0.407550
2212,8ORY,81.67,0.738600,1.00,-2184.877,62.798,0.152701,0.569010
2213,8ORZ,69.17,0.658800,1.00,-1543.959,53.269,0.328068,0.441140
2214,8OS0,73.33,0.777000,1.00,-1884.621,103.352,0.236917,0.464630
2215,8OSQ,30.71,0.461100,1.00,-836.907,249.281,1.175229,0.244550
2216,8PWT,36.03,0.489700,1.00,-2759.106,75.192,1.284351,0.269070
2221,8QNT,27.55,0.588700,1.00,-3744.418,144.389,1.702001,0.238580
2222,8QTQ,70.59,0.625700,1.00,-2213.251,214.399,0.328838,0.466830
2223,8R89,61.11,0.597900,1.00,-1236.191,62.002,0.504328,0.236350
2224,8RHS,52.60,0.450300,1.00,-3394.848,210.949,0.538232,0.437540
2225,8RPQ,70.83,0.786000,1.00,-2614.532,83.558,0.312263,0.520180
2226,8RQ6,77.42,0.715100,1.00,-2354.754,54.360,0.239825,0.546390
2227,8S9Y,26.92,0.421200,1.00,-1753.184,329.525,0.829976,0.211480
2228,8SED,79.05,0.629400,1.00,-2413.502,185.035,0.243584,0.593410
2229,8SEM,85.26,0.706100,1.00,-1993.834,196.194,0.318078,0.711650
2230,8SVB,35.00,0.496000,1.00,-1425.494,105.744,1.534154,0.198600
2231,8T01,92.31,0.737200,1.00,-763.121,24.284,0.105327,0.453470
2232,8T61,81.25,0.579600,1.00,-752.554,65.402,0.233548,0.330330
2233,8T62,84.38,0.720300,1.00,-626.916,66.465,0.164542,0.332950
2234,8T63,59.38,0.621500,1.00,-542.696,80.527,0.360541,0.208550
2235,8TFV,77.38,0.703500,1.00,-855.424,184.566,0.233531,0.310840
2236,8TV4,44.23,0.438600,1.00,-1123.463,28.983,0.562505,0.164240
2237,8TXS,87.50,0.753300,1.00,-688.778,77.523,0.110669,0.316980
2238,8TYI,80.17,0.713500,1.00,-1802.954,114.052,0.215877,0.535710
2239,8UKC,35.00,0.388100,1.00,-668.805,59.395,0.824880,0.205640
2240,8ULM,75.00,0.597800,1.00,-1938.145,211.034,0.264784,0.471330
2241,8UM1,58.93,0.603900,1.00,-2908.165,109.613,0.513449,0.502660
2242,8UM2,60.12,0.584900,1.00,-2908.165,109.613,0.940823,0.462390
2243,8UNG,81.71,0.685600,1.00,-2785.746,170.448,0.203826,0.666190
2244,8UWF,89.74,0.764700,1.00,-2378.531,231.839,0.231103,0.776370
2245,8UXR,59.78,0.457600,1.00,-1676.158,125.279,0.609483,0.286490
2246,8V2M,83.04,0.663700,1.00,-1840.689,125.853,0.215893,0.567630
2247,8V2V,29.88,0.372900,1.00,-3238.642,220.010,0.915773,0.226400
2248,8VU6,88.59,0.770300,1.00,-2978.470,232.039,0.227550,0.793840
2249,8VU7,92.78,0.776200,1.00,-3276.708,222.554,0.150249,0.829260
2250,8VU8,84.88,0.699300,1.00,-2779.725,191.146,0.147177,0.730590
2251,8VYC,47.73,0.486800,1.00,-919.248,138.336,0.717915,0.178360
2252,8W0Q,71.25,0.644700,1.00,-1224.180,90.263,0.370504,0.270160
2253,8W16,75.00,0.573600,1.00,-989.856,48.601,0.293070,0.318580
2254,8W17,76.67,0.541700,1.00,-982.707,51.893,0.248078,0.349350
2255,8W2V,28.85,0.520100,1.00,-1237.782,276.272,1.033363,0.209000
2256,8WGI,71.00,0.579500,1.00,-1578.937,112.379,0.262173,0.374270
2257,8WGJ,40.62,0.417400,1.00,-1305.553,157.961,0.564585,0.163450
2258,8WW0,75.78,0.695200,1.00,-1992.914,168.106,0.355620,0.538630
2259,8WW1,57.50,0.519900,1.00,-2525.948,149.712,0.565327,0.343720
2260,8X3N,70.31,0.517400,1.00,-740.381,80.653,0.345268,0.257910
2261,8X40,79.69,0.534300,1.00,-740.381,80.653,0.256246,0.284990
2262,8XTH,70.00,0.605400,1.00,-671.080,82.010,0.361111,0.265180
2263,8XTN,33.33,0.379200,1.00,-1355.046,197.759,1.031062,0.176580
2264,8XTO,40.48,0.430400,1.00,-863.302,102.127,0.676230,0.134100
2265,8Y3S,47.73,0.555200,1.00,-289.287,32.667,0.472382,0.349230
2266,8YD6,28.33,0.364300,1.00,-1895.588,179.423,0.839173,0.209340
2267,8ZG2,43.18,0.515300,1.00,-157.568,52.024,0.592034,0.359820
2268,8ZG3,45.45,0.531700,1.00,-168.475,37.023,0.710427,0.317890
2269,8ZG4,59.09,0.529000,1.00,-244.014,43.843,0.569966,0.208190
2270,8ZP3,34.09,0.418500,1.00,-1060.210,161.094,1.046033,0.185310
2271,8ZUG,38.04,0.350000,1.00,-627.174,94.591,1.323075,0.187150
2272,9AZI,96.30,0.825100,1.00,-1853.100,57.593,0.106550,0.838290
2273,9BET,54.76,0.664100,1.00,-2695.803,76.542,0.561123,0.565790
2274,9BF4,53.23,0.457500,1.00,-2440.095,143.505,0.670696,0.330480
2275,9BHN,38.64,0.445300,1.00,-493.844,30.872,0.539882,0.294970
2276,9BV0,83.33,0.694900,1.00,-2315.425,124.180,0.141083,0.471840
2277,9BV4,76.39,0.640200,1.00,-3248.803,211.144,0.179634,0.551920
2278,9BVS,36.54,0.456400,1.00,-1189.058,19.928,0.537729,0.202650
2279,9BVU,46.67,0.431400,1.00,-1250.858,32.891,0.677713,0.255900
2280,9BVV,44.23,0.431400,1.00,-1135.322,33.935,0.468974,0.176760
2281,9CRB,97.32,0.809500,1.00,-1668.374,127.024,0.068911,0.784960
2282,9F1E,72.32,0.647500,1.00,-1380.791,213.503,0.459644,0.525740
2283,9F1F,67.31,0.686900,1.00,-2257.774,231.757,0.573758,0.528520
2284,9F1G,58.67,0.677300,1.00,-3144.177,177.906,0.490982,0.562590
2285,9FJN,88.89,0.750100,1.00,-1300.520,32.309,0.105317,0.416590
2286,9FJW,53.57,0.641300,1.00,-2004.164,126.947,1.040359,0.412870
2287,9G0M,91.00,0.801900,1.00,-1609.737,59.476,0.128700,0.623830
2288,9G0N,88.00,0.750700,1.00,-1609.737,59.476,0.175824,0.602400
2289,9G20,91.00,0.800700,1.00,-1609.737,59.476,0.177559,0.624250
2290,9G21,71.00,0.601200,1.00,-1609.737,59.476,0.305538,0.353470
2291,9G22,88.00,0.746000,1.00,-1523.369,79.533,0.150950,0.538830
2292,9G2N,88.00,0.752600,1.00,-1523.369,79.533,0.164055,0.545130
2293,9G2O,88.00,0.758300,1.00,-1523.369,79.533,0.158154,0.521160
2294,9G31,82.00,0.685000,1.00,-1523.369,79.533,0.181694,0.413030
2295,9G32,81.00,0.681100,1.00,-1523.369,79.533,0.203686,0.396060
2296,9G5P,88.00,0.742300,1.00,-1609.737,59.476,0.162869,0.511360
2297,9GDL,79.00,0.634800,1.00,-1577.116,85.154,0.271646,0.478330
2298,9GDN,83.00,0.691100,1.00,-1577.116,85.154,0.185969,0.571120
2299,9GDT,83.00,0.684700,1.00,-1577.116,85.154,0.221162,0.556680
2300,9GDU,81.00,0.685800,1.00,-1577.116,85.154,0.241970,0.564580
2301,9GE1,81.00,0.692700,1.00,-1577.116,85.154,0.235456,0.494760
2302,9GE9,79.00,0.689600,1.00,-1538.732,80.255,0.261551,0.435040
2303,9GEB,87.00,0.727500,1.00,-1538.732,80.255,0.128060,0.536570
2304,9GEC,84.00,0.736700,1.00,-1538.732,80.255,0.181291,0.527440
2305,9IKO,76.56,0.611600,1.00,-636.460,77.474,0.224614,0.217870
2306,9ILX,78.12,0.542800,1.00,-636.460,77.474,0.237279,0.273710
2307,9J5F,66.41,0.581100,1.00,-2506.876,195.344,0.383090,0.390930
2308,9J5H,71.43,0.682700,1.00,-2738.857,109.725,0.374718,0.532770
2309,9KAR,38.33,0.425000,1.00,-673.226,51.211,0.838199,0.192630
2310,9KK0,66.00,0.513300,1.00,-1211.975,181.594,0.298024,0.234880
2311,9L1M,45.83,0.473900,1.00,-216.890,43.827,0.582235,0.228220
2312,9NVH,77.86,0.616100,1.00,-1623.343,184.687,0.261618,0.568020
2313,9NWZ,33.75,0.427700,1.00,-1162.933,47.152,1.029058,0.080410
2314,9NY3,30.00,0.366300,1.00,-1139.003,90.249,1.082790,0.118190
2315,9UV5,55.00,0.489700,1.00,-337.139,57.115,0.384639,0.285980
