serial,pdb_id,gdt_ts,lddt,lddt_coverage,pred_dope,pred_molpdf,rmsd,tm_score
1,1A11,90.00,0.770800,1.00,-1782.973,55.173,0.146393,0.602380
2,1A3P,67.22,0.643700,1.00,-2771.069,283.914,0.511826,0.529770
3,1ACW,74.14,0.617000,1.00,-1993.907,140.453,0.193885,0.398450
4,1ADX,51.88,0.523300,1.00,-2537.062,230.950,0.579223,0.367490
5,1AG7,58.82,0.478400,1.00,-1705.604,267.206,0.416340,0.369510
6,1AGG,36.46,0.391300,1.00,-3202.582,272.463,0.893760,0.368550
7,1AGT,95.39,0.780900,1.00,-2846.928,178.161,0.084590,0.831650
8,1AHL,58.16,0.515000,1.00,-3618.876,238.808,0.398445,0.528410
9,1ALE,70.83,0.622100,1.00,-1088.989,77.025,0.276812,0.306950
10,1ALF,86.84,0.758200,1.00,-1694.056,38.751,0.153423,0.535710
11,1ALG,67.71,0.655400,1.00,-1246.609,80.750,0.566723,0.408480
12,1AMB,23.21,0.388000,1.00,-879.723,179.764,0.927441,0.201230
13,1AMC,22.32,0.392000,1.00,-879.723,179.764,0.893308,0.187350
14,1AML,23.12,0.408800,1.00,-1328.132,307.141,1.288145,0.227530
15,1ANP,34.82,0.438600,1.00,-1238.332,208.886,0.892573,0.169080
16,1ANS,39.81,0.404100,1.00,-1374.329,190.244,0.658330,0.187100
17,1AOO,37.50,0.383700,1.00,-2457.181,219.204,0.770115,0.201340
18,1APF,55.10,0.491000,1.00,-3652.354,305.380,0.431733,0.444930
19,1APO,82.14,0.725200,1.00,-2377.994,282.961,0.204643,0.702890
20,1AQG,88.64,0.612500,1.00,-514.904,39.971,0.154588,0.390300
21,1AQQ,36.88,0.389700,1.00,-2457.181,219.204,0.781099,0.251450
22,1AQR,37.50,0.404300,1.00,-2457.181,219.204,0.767442,0.245700
23,1ARD,87.07,0.708500,1.00,-2147.356,120.878,0.363901,0.663240
24,1ARE,87.93,0.733900,1.00,-2146.756,108.611,0.276730,0.721710
25,1ARF,92.24,0.742300,1.00,-2194.842,144.032,0.151793,0.715640
26,1ATX,62.50,0.518500,1.00,-2926.928,233.155,0.421416,0.512150
27,1AV3,51.85,0.490800,1.00,-1398.748,184.757,0.693884,0.315030
28,1AW6,79.07,0.694200,1.00,-2516.156,199.721,0.456164,0.675510
29,1AXH,87.16,0.725700,1.00,-2314.559,238.193,0.204186,0.704170
30,1AZ6,77.08,0.617500,1.00,-2260.407,260.283,0.210594,0.571140
31,1AZH,51.39,0.495000,1.00,-2260.407,260.283,0.508680,0.346210
32,1AZJ,91.67,0.779800,1.00,-2346.302,184.693,0.094398,0.777340
33,1AZK,75.00,0.672600,1.00,-2310.512,223.754,0.226210,0.531960
34,1B03,56.94,0.485500,1.00,-756.649,82.360,0.460536,0.185220
35,1B1V,86.96,0.701800,1.00,-1119.634,149.097,0.241421,0.466240
36,1B4G,31.67,0.364000,1.00,-895.138,285.859,1.075621,0.171360
37,1B4I,30.83,0.394500,1.00,-895.138,285.859,0.961603,0.169720
38,1B5N,84.78,0.692400,1.00,-1119.634,149.097,0.266407,0.409540
39,1B8W,82.14,0.691100,1.00,-2569.245,260.512,0.484307,0.708540
40,1B9P,51.47,0.595000,1.00,-1763.475,129.651,0.542535,0.278620
41,1B9Q,52.94,0.555000,1.00,-1763.475,129.651,0.509663,0.357280
42,1B9U,79.41,0.767000,1.00,-2915.655,105.427,0.254592,0.564400
43,1BA4,21.88,0.379800,1.00,-1328.132,307.141,1.218135,0.208100
44,1BA6,27.50,0.431200,1.00,-1328.132,307.141,1.017292,0.217340
45,1BAH,85.14,0.630800,1.00,-2535.153,178.171,0.158246,0.691090
46,1BBA,82.64,0.657100,1.00,-2589.977,127.227,0.265895,0.662420
47,1BBG,39.38,0.389000,1.00,-2613.084,283.148,0.759834,0.307790
48,1BDS,81.40,0.660100,1.00,-3300.755,242.612,0.172542,0.683380
49,1BEI,80.71,0.642400,1.00,-2576.660,183.273,0.194459,0.605260
50,1BF9,86.59,0.765900,1.00,-2515.273,328.232,0.233272,0.740230
51,1BGK,86.49,0.688500,1.00,-2947.388,193.871,0.118392,0.709990
52,1BH4,69.17,0.601700,1.00,-1928.415,169.763,0.360381,0.438570
53,1BH7,37.88,0.351300,1.00,-2564.814,198.068,0.647303,0.282330
54,1BHI,74.34,0.680700,1.00,-2243.248,143.152,0.483195,0.610460
55,1BIG,91.89,0.753900,1.00,-2966.451,144.233,0.095078,0.783720
56,1BJB,28.57,0.455300,1.00,-825.020,206.047,1.054066,0.185210
57,1BJC,33.04,0.468500,1.00,-1017.301,168.155,0.818341,0.206190
58,1BL1,51.61,0.602100,1.00,-2491.180,64.066,0.586088,0.309350
59,1BM4,56.25,0.446700,1.00,-2447.327,111.403,1.125327,0.428280
60,1BMX,55.65,0.613400,1.00,-2127.727,108.235,0.695652,0.486650
61,1BNB,83.55,0.686000,1.00,-2730.778,193.518,0.228243,0.692230
62,1BOE,81.38,0.666700,1.00,-3192.912,220.780,0.221383,0.694440
63,1BQF,68.00,0.569100,1.00,-1351.169,128.629,0.697894,0.349210
64,1BRV,53.12,0.541300,1.00,-1896.913,207.139,0.635550,0.310430
65,1BWX,56.41,0.613800,1.00,-3134.021,80.773,0.580284,0.459870
66,1BY0,79.63,0.638000,1.00,-1761.175,83.150,0.312986,0.563470
67,1BY6,50.69,0.475000,1.00,-2596.598,80.583,0.556472,0.327800
68,1BZG,56.62,0.585900,1.00,-2392.314,64.522,0.521312,0.418070
69,1C2U,39.29,0.441300,1.00,-2334.362,162.616,0.896140,0.295470
70,1C49,93.57,0.739600,1.00,-2226.242,178.182,0.113847,0.770970
71,1C4B,50.00,0.408400,1.00,-441.059,81.533,0.566657,0.256740
72,1C4E,71.43,0.622600,1.00,-1975.189,189.972,0.270260,0.540910
73,1C55,80.62,0.643500,1.00,-3195.406,189.035,0.297782,0.643960
74,1C56,78.75,0.648800,1.00,-3195.406,189.035,0.296472,0.649420
75,1C6W,36.36,0.363900,1.00,-1646.719,159.588,0.680051,0.258230
76,1CBH,98.61,0.847000,1.00,-2358.494,194.320,0.060504,0.886690
77,1CCF,77.38,0.703800,1.00,-2377.994,282.961,0.183129,0.617450
78,1CCM,82.61,0.722400,1.00,-3595.065,180.127,0.238313,0.724490
79,1CCN,88.59,0.745300,1.00,-3595.065,180.127,0.178947,0.786340
80,1CE4,32.86,0.395900,1.00,-1465.825,180.815,0.659768,0.252060
81,1CFG,29.55,0.351900,1.00,-1213.073,119.130,0.918859,0.150120
82,1CFH,26.60,0.296200,1.00,-3490.144,270.616,1.197084,0.218940
83,1CFI,58.51,0.518900,1.00,-3490.144,270.616,0.450360,0.501540
84,1CHL,74.31,0.587100,1.00,-2503.176,179.602,0.229091,0.526280
85,1CIX,48.30,0.394100,1.00,-3223.149,283.313,0.784755,0.438860
86,1CKW,42.00,0.406100,1.00,-1593.082,120.706,0.882408,0.294130
87,1CKX,48.08,0.473200,1.00,-1691.419,101.112,0.680631,0.364610
88,1CKY,39.42,0.423700,1.00,-1691.419,101.112,0.606613,0.196850
89,1CKZ,43.00,0.355800,1.00,-1593.082,120.706,0.575034,0.170940
90,1CMR,83.87,0.654000,1.00,-2253.220,173.863,0.174537,0.591330
91,1CO4,65.48,0.632900,1.00,-2744.946,231.827,0.471160,0.509990
92,1CQ0,56.25,0.546200,1.00,-1336.560,142.805,0.480791,0.352750
93,1CR8,84.52,0.693400,1.00,-2305.521,297.517,0.193225,0.716040
94,1CSA,50.00,0.399200,1.00,-359.500,60.750,0.582717,0.295950
95,1CTI,90.52,0.744600,1.00,-1991.086,158.861,0.104784,0.656520
96,1CW5,38.02,0.410500,1.00,-2449.291,488.437,0.918326,0.309900
97,1CW6,47.30,0.492600,1.00,-2127.188,185.142,0.793161,0.321600
98,1CWX,22.16,0.357200,1.00,-1527.139,332.723,1.077372,0.239840
99,1CXR,60.87,0.530800,1.00,-3582.395,151.431,0.387263,0.505420
100,1CYA,52.27,0.502100,1.00,-359.500,60.750,0.336654,0.259440
101,1CYB,47.73,0.452700,1.00,-359.500,60.750,0.436539,0.350340
102,1CZ6,77.00,0.671800,1.00,-1102.007,113.342,0.280684,0.399750
103,1D0R,72.50,0.620800,1.00,-1872.021,73.928,0.373338,0.467800
104,1D1H,89.29,0.688200,1.00,-2378.005,181.437,0.168928,0.733800
105,1D2J,75.00,0.646200,1.00,-2309.193,212.758,0.280948,0.621330
106,1D2L,77.78,0.629300,1.00,-2469.654,275.178,0.293948,0.651100
107,1D5Q,99.07,0.843900,1.00,-1883.922,73.355,0.047672,0.854320
108,1D6B,81.55,0.688300,1.00,-2868.151,208.649,0.242766,0.699000
109,1D6X,57.69,0.475400,1.00,-401.613,174.708,0.305380,0.121010
110,1DEC,87.18,0.702000,1.00,-2269.237,266.311,0.243033,0.713300
111,1DEP,80.00,0.637100,1.00,-740.592,74.583,0.359860,0.439270
112,1DF6,50.00,0.414900,1.00,-1960.402,241.862,0.574685,0.281480
113,1DFE,85.14,0.621400,1.00,-2456.821,230.271,0.336150,0.722510
114,1DFS,42.74,0.407200,1.00,-1963.092,201.619,0.811466,0.263580
115,1DFT,45.83,0.395200,1.00,-1825.580,195.072,0.650367,0.242900
116,1DGZ,82.43,0.632700,1.00,-2456.821,230.271,0.319486,0.660450
117,1DJF,83.33,0.642400,1.00,-592.498,45.593,0.255185,0.398150
118,1DKC,76.97,0.583300,1.00,-2158.666,300.471,0.206313,0.588870
119,1DL0,67.57,0.536700,1.00,-2341.420,173.045,0.546712,0.531220
120,1DMC,62.10,0.549800,1.00,-2120.959,196.176,0.437092,0.400750
121,1DMD,61.29,0.551000,1.00,-2120.959,196.176,0.427145,0.392630
122,1DME,45.54,0.447300,1.00,-1538.318,227.273,0.820970,0.215660
123,1DMF,46.43,0.443100,1.00,-1538.318,227.273,0.827169,0.208880
124,1DN3,83.33,0.665600,1.00,-592.498,45.593,0.228353,0.492370
125,1DNG,76.67,0.621300,1.00,-455.569,60.353,0.333951,0.422910
126,1DPK,45.00,0.412900,1.00,-309.030,150.155,0.425872,0.143640
127,1DPQ,38.75,0.397300,1.00,-280.059,145.934,0.621656,0.145080
128,1DSK,49.11,0.487700,1.00,-1822.652,145.173,0.670835,0.399870
129,1DSQ,83.33,0.633400,1.00,-946.415,78.265,0.245324,0.380160
130,1DSV,77.42,0.683200,1.00,-1439.517,171.431,0.212169,0.496200
131,1DTC,87.50,0.766400,1.00,-1820.513,46.702,0.298127,0.732710
132,1DU1,67.50,0.511400,1.00,-1186.003,39.887,0.476132,0.283050
133,1DU9,83.93,0.648400,1.00,-1680.245,115.575,0.184227,0.539780
134,1DV0,84.57,0.717400,1.00,-4967.513,136.151,0.271571,0.777980
135,1DVW,52.78,0.548200,1.00,-624.168,88.901,0.712952,0.203660
136,1DX7,59.38,0.601400,1.00,-3918.199,132.494,0.540701,0.554360
137,1E0G,78.12,0.646900,1.00,-4239.660,197.934,0.203168,0.688530
138,1E0L,83.11,0.760400,1.00,-2388.073,165.237,0.241047,0.677060
139,1E0M,83.78,0.754100,1.00,-2268.654,178.683,0.259911,0.674140
140,1E0N,94.44,0.721300,1.00,-1719.030,188.073,0.129971,0.610030
141,1E0Q,48.53,0.558000,1.00,-650.463,70.611,0.727455,0.148820
142,1E4Q,81.08,0.693700,1.00,-2589.497,240.702,0.182635,0.624950
143,1E4R,71.43,0.569800,1.00,-2131.819,232.958,0.369669,0.493830
144,1E4S,80.56,0.617400,1.00,-2577.079,124.727,0.228125,0.627630
145,1E4T,75.68,0.603600,1.00,-2485.070,199.777,0.390577,0.553550
146,1E8P,77.72,0.651100,1.00,-3243.440,282.873,0.497977,0.674090
147,1E8Q,76.63,0.644200,1.00,-3243.440,282.873,0.530300,0.670560
148,1E9K,40.79,0.539000,1.00,-2112.071,207.693,0.687200,0.292930
149,1ED0,92.39,0.757100,1.00,-3324.914,138.489,0.117668,0.838420
150,1ED7,86.11,0.713700,1.00,-4067.040,256.289,0.142699,0.765230
151,1EDP,79.41,0.624400,1.00,-1087.227,74.201,0.233490,0.299330
152,1EDS,44.35,0.441000,1.00,-2071.823,144.064,0.561230,0.272360
153,1EDV,34.56,0.418700,1.00,-1599.978,164.103,0.721417,0.197570
154,1EDW,48.08,0.454100,1.00,-2137.327,99.506,0.501317,0.228070
155,1EDX,25.62,0.392100,1.00,-2010.292,281.893,0.954873,0.309010
156,1EGT,85.29,0.684900,1.00,-735.374,64.402,0.175240,0.337260
157,1EHS,54.17,0.566400,1.00,-3464.161,176.407,0.488684,0.474230
158,1EI0,98.68,0.820500,1.00,-2992.632,149.769,0.068617,0.878280
159,1EMX,70.83,0.507500,1.00,-1945.282,177.381,0.332879,0.413010
160,1EMZ,77.38,0.590700,1.00,-1438.073,53.427,0.361482,0.380240
161,1EQX,66.67,0.605700,1.00,-660.602,76.790,0.377846,0.311460
162,1ERC,59.38,0.470000,1.00,-3030.912,282.417,0.659745,0.512720
163,1ERD,41.25,0.384800,1.00,-2594.541,209.837,0.598523,0.314300
164,1ERP,96.05,0.803600,1.00,-3147.293,152.099,0.080384,0.840740
165,1ERY,33.97,0.377700,1.00,-2035.153,229.471,1.054466,0.307530
166,1ESK,66.07,0.650400,1.00,-1960.076,221.072,0.325609,0.505010
167,1EWS,57.81,0.506100,1.00,-1777.434,255.016,0.390712,0.423060
168,1EYO,71.67,0.585800,1.00,-1889.144,199.729,0.250089,0.454880
169,1EZE,56.58,0.618600,1.00,-2306.297,161.778,0.483393,0.438940
170,1F3K,50.00,0.486900,1.00,-1631.142,334.127,0.622684,0.257820
171,1F4I,87.78,0.673400,1.00,-4420.464,189.002,0.263382,0.771800
172,1F7E,79.89,0.736300,1.00,-2551.746,277.986,0.272316,0.706560
173,1F7M,80.98,0.729200,1.00,-2551.746,277.986,0.220256,0.698120
174,1F8Z,85.26,0.737500,1.00,-2252.693,237.532,0.218422,0.713870
175,1FAC,30.95,0.339600,1.00,-988.753,114.647,0.853465,0.124720
176,1FCT,27.34,0.383000,1.00,-1197.576,196.416,0.745021,0.220310
177,1FDF,53.00,0.562700,1.00,-1553.290,100.777,0.403334,0.259380
178,1FEO,76.92,0.626800,1.00,-1299.439,182.922,0.184313,0.373930
179,1FF7,71.20,0.693700,1.00,-2551.746,277.986,0.312458,0.590790
180,1FFM,83.70,0.740600,1.00,-2551.746,277.986,0.191450,0.712140
181,1FGD,80.56,0.640200,1.00,-824.317,102.603,0.198882,0.285830
182,1FGE,63.75,0.479400,1.00,-812.483,111.896,0.383419,0.235590
183,1FJN,95.51,0.786700,1.00,-2891.328,173.975,0.104327,0.811370
184,1FME,75.89,0.615400,1.00,-1992.059,158.759,0.256583,0.483560
185,1FMY,37.50,0.404700,1.00,-2457.181,219.204,0.747471,0.221300
186,1FQQ,70.12,0.624500,1.00,-2864.602,283.128,0.384154,0.564290
187,1FRE,40.48,0.380400,1.00,-3114.720,209.337,0.714825,0.334240
188,1FRY,38.79,0.520000,1.00,-1386.716,88.838,0.738311,0.264370
189,1FSB,79.38,0.695400,1.00,-2426.268,235.500,0.270964,0.628910
190,1FSD,82.14,0.642200,1.00,-1985.664,149.839,0.258855,0.506290
191,1FSV,81.25,0.666100,1.00,-1985.664,149.839,0.223462,0.502820
192,1FU3,48.15,0.409900,1.00,-1755.024,160.344,0.752653,0.426280
193,1FU9,82.64,0.712000,1.00,-2377.205,186.464,0.263931,0.670210
194,1FUL,47.73,0.451200,1.00,-390.575,60.463,0.455112,0.264140
195,1FUV,61.36,0.533100,1.00,-390.575,60.463,0.311757,0.187230
196,1FV5,64.58,0.613800,1.00,-2441.436,143.792,0.703241,0.504580
197,1FVY,45.16,0.592300,1.00,-2363.511,59.495,0.925979,0.351720
198,1FW5,56.25,0.507800,1.00,-941.533,99.693,0.542006,0.279340
199,1FWO,71.43,0.584500,1.00,-2334.769,151.887,0.274344,0.523640
200,1FYG,78.00,0.613700,1.00,-1175.886,158.876,0.186771,0.329310
201,1G04,34.62,0.306400,1.00,-1984.591,110.172,0.757784,0.229690
202,1G26,82.26,0.674100,1.00,-2293.444,207.620,0.262780,0.557450
203,1G92,54.00,0.542200,1.00,-1559.205,117.706,0.605254,0.305120
204,1G9P,47.22,0.442700,1.00,-2390.805,357.806,1.008444,0.395640
205,1GEA,70.24,0.602000,1.00,-1194.917,107.359,0.376560,0.386320
206,1GIB,35.23,0.412100,1.00,-614.993,154.193,0.847742,0.104500
207,1GK5,70.92,0.579500,1.00,-3503.113,221.759,0.415418,0.604040
208,1GM2,45.45,0.442600,1.00,-325.684,90.243,0.356693,0.249680
209,1GNA,59.62,0.557900,1.00,-580.772,61.399,0.348254,0.296280
210,1GNB,46.15,0.507200,1.00,-580.772,61.399,0.457416,0.216980
211,1GNF,78.80,0.654700,1.00,-3077.990,288.657,0.313044,0.651740
212,1GP8,75.00,0.635700,1.00,-2738.285,91.523,0.398914,0.619090
213,1GPS,91.49,0.768600,1.00,-2993.848,186.755,0.138097,0.816740
214,1GPT,89.36,0.713500,1.00,-3035.762,180.344,0.136422,0.804770
215,1GUR,78.57,0.606200,1.00,-1975.189,189.972,0.187193,0.606620
216,1GW3,53.26,0.629600,1.00,-3126.068,150.108,0.480352,0.393640
217,1GW4,55.43,0.592100,1.00,-3126.068,150.108,0.583613,0.430040
218,1H20,33.97,0.382300,1.00,-2463.439,308.293,0.872816,0.207750
219,1H5O,58.93,0.476000,1.00,-2413.237,296.480,0.410137,0.461290
220,1H7D,20.92,0.268500,1.00,-2594.596,466.302,1.758203,0.207180
221,1H7J,45.19,0.423500,1.00,-1188.052,108.412,0.602519,0.265940
222,1HA9,86.76,0.760000,1.00,-1737.296,211.990,0.333080,0.734900
223,1HD6,93.92,0.800300,1.00,-2959.793,121.246,0.208948,0.822200
224,1HD9,68.18,0.492500,1.00,-288.428,85.740,0.236240,0.269070
225,1HEV,97.67,0.799200,1.00,-3056.043,235.802,0.074981,0.886040
226,1HFF,57.50,0.453000,1.00,-409.007,53.673,0.334032,0.362470
227,1HJ0,35.37,0.544400,1.00,-2120.073,169.190,0.824551,0.332280
228,1HLL,79.69,0.689600,1.00,-2262.169,75.665,0.268568,0.568170
229,1HLY,88.46,0.709900,1.00,-2914.713,200.359,0.110192,0.762420
230,1HN3,21.25,0.308200,1.00,-2203.197,219.923,1.245643,0.252170
231,1HNR,62.77,0.571200,1.00,-3412.335,197.461,0.360796,0.481610
232,1HNS,57.45,0.506100,1.00,-3412.335,197.461,0.398347,0.481660
233,1HO0,47.50,0.514200,1.00,-1678.448,99.890,0.799544,0.264450
234,1HO2,92.50,0.785000,1.00,-1351.130,29.470,0.091279,0.595080
235,1HO7,86.25,0.773000,1.00,-1351.130,29.470,0.156741,0.531610
236,1HO9,62.50,0.601000,1.00,-2422.775,79.358,0.368933,0.398540
237,1HOD,60.16,0.613100,1.00,-2422.775,79.358,0.399221,0.401950
238,1HOF,61.72,0.590800,1.00,-2262.169,75.665,0.467944,0.456940
239,1HP2,93.92,0.780100,1.00,-2775.065,225.882,0.093818,0.800360
240,1HP3,66.41,0.522000,1.00,-1746.045,236.320,0.348672,0.522560
241,1HP9,82.95,0.645900,1.00,-1718.786,67.036,0.196175,0.315410
242,1HPH,46.62,0.566300,1.00,-3006.915,82.836,0.758718,0.385760
243,1HPY,58.82,0.630900,1.00,-2633.130,90.605,0.414824,0.359240
244,1HRL,75.00,0.580000,1.00,-1164.697,86.299,0.484299,0.410720
245,1HTH,47.79,0.545500,1.00,-2763.439,83.928,0.961625,0.337000
246,1HTX,63.28,0.485700,1.00,-2134.385,175.884,0.387804,0.432510
247,1HU5,76.39,0.688300,1.00,-943.372,40.649,0.215518,0.384950
248,1HU6,58.33,0.475500,1.00,-787.580,56.645,0.475366,0.237060
249,1HU7,84.72,0.639700,1.00,-832.622,45.112,0.174470,0.462290
250,1HVW,96.00,0.785800,1.00,-1502.184,124.138,0.075454,0.662070
251,1HVZ,37.50,0.348600,1.00,-799.957,96.487,0.633039,0.176780
252,1HY9,85.37,0.747100,1.00,-2576.842,179.222,0.199322,0.712890
253,1HYK,43.48,0.481600,1.00,-3315.932,305.570,0.683674,0.348970
254,1HZ3,32.69,0.438500,1.00,-1014.591,153.760,0.719505,0.147500
255,1I25,22.97,0.346500,1.00,-1600.948,248.030,1.527064,0.245610
256,1I26,80.15,0.633700,1.00,-2114.469,196.993,0.356596,0.616320
257,1I2U,74.43,0.613800,1.00,-3176.674,212.058,0.454816,0.619870
258,1I2V,73.30,0.626200,1.00,-3484.692,168.611,0.395190,0.610280
259,1I6C,68.59,0.595100,1.00,-2349.277,263.919,0.555612,0.554570
260,1I8X,82.50,0.739400,1.00,-2157.057,152.867,0.183224,0.582700
261,1I8Y,71.43,0.637400,1.00,-1748.323,180.304,0.337914,0.424600
262,1IB9,83.09,0.709200,1.00,-1737.296,211.990,0.343372,0.643780
263,1IBN,66.25,0.502400,1.00,-1011.941,109.129,0.501386,0.306780
264,1IBO,65.00,0.480000,1.00,-1011.941,109.129,0.592839,0.247620
265,1IC9,35.34,0.480400,1.00,-1605.134,172.955,1.242818,0.228710
266,1ICA,68.12,0.620200,1.00,-2428.969,243.959,0.564407,0.534440
267,1ICL,35.34,0.487600,1.00,-1561.978,125.542,1.230466,0.240690
268,1ICO,36.21,0.498000,1.00,-1529.425,147.744,1.170419,0.295390
269,1ID6,38.33,0.463900,1.00,-746.717,62.319,0.600597,0.194240
270,1ID7,41.67,0.438600,1.00,-746.717,62.319,0.537458,0.099900
271,1IE6,37.12,0.377600,1.00,-1655.448,187.296,0.619288,0.235250
272,1IFY,79.59,0.679700,1.00,-4717.355,144.637,0.190369,0.722530
273,1IIJ,70.71,0.698000,1.00,-2531.923,68.908,0.331759,0.641600
274,1IM1,70.83,0.551800,1.00,-552.821,73.194,0.316064,0.180050
275,1IRR,72.83,0.538100,1.00,-1089.659,119.585,0.380216,0.387890
276,1IVA,42.71,0.404200,1.00,-2904.522,317.977,0.757248,0.342710
277,1IWC,22.79,0.346300,1.00,-895.493,269.437,1.062568,0.206940
278,1IWF,33.09,0.398800,1.00,-895.493,269.437,0.708980,0.202430
279,1IXA,85.90,0.705500,1.00,-2278.536,227.465,0.170697,0.712850
280,1IXT,65.74,0.581500,1.00,-1607.388,166.631,0.247410,0.321290
281,1IXU,56.25,0.505200,1.00,-405.121,89.423,0.386882,0.258450
282,1IYC,48.61,0.562400,1.00,-1482.470,197.265,0.828916,0.312060
283,1IYT,18.45,0.329100,1.00,-1729.916,259.657,1.012526,0.240600
284,1J4M,50.00,0.449600,1.00,-574.241,87.683,0.638971,0.206410
285,1J5J,96.53,0.796800,1.00,-2798.107,162.359,0.082356,0.828640
286,1J5L,52.50,0.479900,1.00,-2022.369,159.846,0.643714,0.255430
287,1J5M,49.11,0.456300,1.00,-1174.948,308.814,0.556495,0.252720
288,1JBL,60.71,0.528800,1.00,-433.843,70.965,0.545554,0.285740
289,1JBN,58.93,0.532700,1.00,-433.843,70.965,0.522992,0.243490
290,1JDM,70.97,0.616800,1.00,-2966.735,73.345,0.433102,0.517040
291,1JI9,36.49,0.402900,1.00,-2175.912,177.947,0.722210,0.291440
292,1JJZ,86.21,0.688100,1.00,-1888.264,113.140,0.312419,0.579400
293,1JKZ,86.96,0.727400,1.00,-3718.081,206.838,0.133887,0.768350
294,1JLZ,89.13,0.746000,1.00,-1237.413,121.267,0.126105,0.468730
295,1JMN,84.24,0.703100,1.00,-3151.238,142.424,0.153397,0.744460
296,1JMP,82.61,0.700500,1.00,-3167.859,144.852,0.198130,0.715580
297,1JN7,70.83,0.654100,1.00,-2264.718,229.100,0.605225,0.569460
298,1JO5,42.71,0.619500,1.00,-3918.199,132.494,1.008306,0.437200
299,1JO6,36.11,0.423400,1.00,-2191.948,254.410,1.479879,0.333610
300,1JRF,53.19,0.461600,1.00,-2293.546,287.343,0.770590,0.433360
301,1JRJ,64.74,0.711600,1.00,-2176.729,153.774,0.744984,0.523160
302,1JU8,73.65,0.669000,1.00,-2675.924,197.086,0.236722,0.552960
303,1JY9,52.50,0.524500,1.00,-337.532,114.500,0.583221,0.160970
304,1K0P,34.68,0.377400,1.00,-1812.850,152.155,0.656263,0.219360
305,1K18,35.48,0.385000,1.00,-1812.850,152.155,0.642568,0.219510
306,1K1V,89.63,0.723400,1.00,-3495.004,89.264,0.117849,0.786630
307,1K36,80.98,0.640800,1.00,-3537.223,262.610,0.205713,0.681350
308,1K37,79.35,0.631500,1.00,-3537.223,262.610,0.204478,0.656750
309,1K43,51.79,0.494600,1.00,-574.241,87.683,0.635482,0.295020
310,1K48,83.62,0.691100,1.00,-1888.264,113.140,0.316703,0.553140
311,1K7B,73.94,0.668300,1.00,-2321.345,292.477,0.448604,0.640670
312,1K81,64.58,0.528700,1.00,-2371.301,181.166,0.345979,0.438220
313,1K91,81.76,0.736700,1.00,-1628.642,174.536,0.174530,0.629300
314,1KAL,80.17,0.658500,1.00,-1885.714,157.531,0.288883,0.494680
315,1KBE,66.33,0.551500,1.00,-3372.905,235.464,0.319785,0.558790
316,1KBF,66.84,0.560700,1.00,-3372.905,235.464,0.330001,0.566330
317,1KDL,68.48,0.623200,1.00,-1709.330,63.874,0.375824,0.395640
318,1KGM,84.29,0.683200,1.00,-1838.021,171.966,0.174677,0.628740
319,1KIO,76.43,0.671900,1.00,-1847.674,185.750,0.366149,0.558710
320,1KJ0,79.29,0.649100,1.00,-1667.777,230.439,0.206854,0.530400
321,1KJ5,81.25,0.669600,1.00,-2577.079,124.727,0.189068,0.610830
322,1KJ6,69.44,0.570800,1.00,-2911.433,183.869,0.618976,0.558930
323,1KLR,91.67,0.738500,1.00,-2076.130,134.803,0.186487,0.726350
324,1KLS,89.17,0.743400,1.00,-1787.754,137.412,0.216432,0.701150
325,1KMR,81.67,0.667000,1.00,-994.011,38.758,0.355423,0.529560
326,1KOZ,75.00,0.625300,1.00,-2607.048,251.189,0.226995,0.556930
327,1KQH,79.61,0.652900,1.00,-2757.626,272.720,0.258973,0.645950
328,1KQI,76.97,0.638000,1.00,-2757.626,272.720,0.287330,0.605040
329,1KUW,40.00,0.556600,1.00,-161.139,37.376,0.557819,0.239820
330,1KV4,26.19,0.321000,1.00,-2082.162,296.636,1.184059,0.198000
331,1KWD,78.12,0.576900,1.00,-1069.862,64.066,0.211077,0.266750
332,1KWE,75.00,0.541000,1.00,-1069.862,64.066,0.267971,0.236120
333,1KX6,45.69,0.418800,1.00,-2178.856,76.944,0.536180,0.254430
334,1KZ0,78.12,0.600700,1.00,-954.134,86.379,0.238991,0.285040
335,1KZ2,35.94,0.361600,1.00,-456.068,145.220,0.695934,0.242310
336,1KZ5,70.83,0.585400,1.00,-554.252,71.565,0.346019,0.391270
337,1L1K,36.25,0.325000,1.00,-1202.912,33.661,0.642925,0.131290
338,1L2Y,57.50,0.603100,1.00,-698.226,129.340,0.669604,0.253500
339,1L3Q,58.33,0.520500,1.00,-329.582,57.270,0.621754,0.173010
340,1L3Y,79.27,0.633700,1.00,-2593.587,249.082,0.261000,0.633010
341,1L4V,78.75,0.683400,1.00,-2494.622,261.048,0.234118,0.615350
342,1LA4,91.18,0.733900,1.00,-2253.261,149.802,0.133544,0.733850
343,1LB0,82.69,0.655200,1.00,-684.841,49.593,0.177039,0.300940
344,1LB7,82.81,0.602300,1.00,-812.611,55.007,0.211444,0.373310
345,1LBJ,78.41,0.590400,1.00,-1681.999,67.171,0.367411,0.416410
346,1LCX,84.62,0.664100,1.00,-684.841,49.593,0.178843,0.382530
347,1LDL,71.35,0.592600,1.00,-2877.461,359.781,0.288607,0.615220
348,1LDR,68.02,0.559800,1.00,-2389.057,211.125,0.332871,0.552630
349,1LFC,33.00,0.282100,1.00,-1767.373,92.974,0.746632,0.179170
350,1LGL,97.22,0.791400,1.00,-2798.107,162.359,0.075697,0.848890
351,1LIQ,47.22,0.571900,1.00,-1597.484,82.835,0.937350,0.311940
352,1LIR,89.86,0.733700,1.00,-2788.141,162.410,0.111244,0.753210
353,1LMM,67.50,0.585400,1.00,-2317.835,303.031,0.444984,0.546550
354,1LMR,72.14,0.637100,1.00,-2001.133,169.514,0.335612,0.546310
355,1LUP,72.58,0.530100,1.00,-1880.332,255.239,0.272789,0.479480
356,1LV4,33.33,0.459900,1.00,-660.644,115.465,0.835759,0.136930
357,1LVZ,84.09,0.583000,1.00,-480.288,56.277,0.325106,0.436400
358,1LYP,81.25,0.735200,1.00,-2311.826,56.290,0.212530,0.645020
359,1M02,58.33,0.437700,1.00,-512.311,75.722,0.408971,0.325560
360,1M0G,51.67,0.447300,1.00,-2059.695,186.604,0.449764,0.254840
361,1M0J,41.96,0.466800,1.00,-1531.847,179.831,0.813618,0.234610
362,1M23,78.85,0.572600,1.00,-559.387,84.481,0.166617,0.346440
363,1M25,55.77,0.437000,1.00,-1984.591,110.172,0.704659,0.313810
364,1M2S,87.84,0.681000,1.00,-2646.322,216.761,0.127288,0.706890
365,1M36,81.06,0.651800,1.00,-2516.998,120.395,0.343589,0.666070
366,1M4E,42.50,0.408400,1.00,-1143.873,113.648,0.538435,0.190180
367,1M4F,55.00,0.465500,1.00,-1326.675,145.783,0.434342,0.263450
368,1MA2,44.12,0.388100,1.00,-1027.378,123.433,0.519941,0.184000
369,1MA4,54.41,0.433300,1.00,-1051.486,179.777,0.396678,0.178890
370,1MA5,51.47,0.424900,1.00,-1027.378,123.433,0.451612,0.215030
371,1MA6,48.53,0.401100,1.00,-1051.486,179.777,0.542989,0.193490
372,1MB6,71.43,0.554900,1.00,-2125.932,212.819,0.264409,0.499970
373,1MEA,62.50,0.557400,1.00,-1399.850,118.429,0.451031,0.319180
374,1MED,61.61,0.532300,1.00,-1399.850,118.429,0.464316,0.295020
375,1MEQ,31.52,0.496200,1.00,-671.588,123.245,1.409227,0.162600
376,1MF6,43.75,0.487400,1.00,-347.209,92.796,0.463644,0.195780
377,1MGX,51.60,0.431200,1.00,-3490.144,270.616,0.531360,0.380330
378,1MHU,40.32,0.408900,1.00,-2111.288,149.452,0.812266,0.247670
379,1MKC,50.00,0.559400,1.00,-2385.909,202.997,0.623413,0.385110
380,1MM0,92.36,0.777100,1.00,-3060.255,205.833,0.112027,0.784890
381,1MMC,83.33,0.707700,1.00,-1902.755,138.495,0.187029,0.571980
382,1MOT,52.68,0.589100,1.00,-1181.810,125.605,0.627464,0.404690
383,1MPZ,35.98,0.444000,1.00,-2540.151,200.873,0.727830,0.254690
384,1MR0,47.06,0.459900,1.00,-2493.544,239.764,0.526624,0.283430
385,1MR4,90.96,0.736100,1.00,-3457.057,251.915,0.144226,0.792630
386,1MRB,41.94,0.434600,1.00,-2064.460,164.109,0.801621,0.234630
387,1MRT,38.71,0.397500,1.00,-2071.725,239.951,0.786363,0.220630
388,1MTQ,71.05,0.524300,1.00,-971.066,89.983,0.423217,0.269470
389,1MTX,91.03,0.746500,1.00,-2925.523,167.106,0.127569,0.773300
390,1MXQ,65.91,0.551200,1.00,-438.859,69.622,0.364266,0.371990
391,1MYN,97.16,0.775700,1.00,-3337.129,176.110,0.077080,0.886590
392,1MYU,56.25,0.534900,1.00,-410.093,82.242,0.329117,0.317130
393,1MZI,55.77,0.534300,1.00,-684.841,49.593,0.319814,0.142840
394,1N0Z,64.44,0.663600,1.00,-2230.177,230.156,0.721632,0.553750
395,1N1U,82.76,0.675900,1.00,-1584.302,185.324,0.202797,0.564700
396,1N2Y,50.00,0.417800,1.00,-566.212,80.958,0.553741,0.175670
397,1N4N,94.15,0.790800,1.00,-3535.781,233.770,0.099852,0.863650
398,1N5G,30.26,0.320000,1.00,-2611.812,206.438,0.802733,0.278760
399,1N6T,67.50,0.564400,1.00,-405.052,42.696,0.272691,0.425380
400,1N8M,92.11,0.759400,1.00,-2657.119,172.569,0.147736,0.809430
401,1N9U,60.00,0.495100,1.00,-358.219,65.335,0.356078,0.270670
402,1NB1,90.52,0.761600,1.00,-1745.995,152.859,0.166822,0.697020
403,1NBJ,64.17,0.568700,1.00,-2013.351,230.218,0.376904,0.378820
404,1NBL,84.78,0.725300,1.00,-3382.575,163.149,0.189625,0.738160
405,1NC8,73.28,0.627700,1.00,-1233.821,121.180,0.506079,0.554480
406,1NCS,81.91,0.645900,1.00,-3698.853,257.476,0.292330,0.711640
407,1ND9,52.55,0.499000,1.00,-4161.556,150.991,0.417370,0.409260
408,1NE5,72.02,0.529500,1.00,-2812.660,285.442,0.301193,0.605250
409,1NIZ,71.88,0.542000,1.00,-529.178,87.892,0.250333,0.226590
410,1NJ0,75.00,0.570800,1.00,-529.178,87.892,0.298798,0.233450
411,1NJ3,87.90,0.745600,1.00,-2042.508,160.912,0.249952,0.666500
412,1NMJ,27.68,0.465800,1.00,-973.646,170.581,0.822860,0.173630
413,1NZS,36.84,0.508100,1.00,-405.199,124.525,0.897228,0.177380
414,1O53,76.67,0.637400,1.00,-688.760,78.488,0.379852,0.319900
415,1O8Y,58.93,0.541400,1.00,-433.843,70.965,0.544397,0.225610
416,1O8Z,60.71,0.507000,1.00,-433.843,70.965,0.537668,0.260180
417,1OAV,39.06,0.408700,1.00,-2904.522,317.977,0.773995,0.330810
418,1OAW,40.10,0.413400,1.00,-2904.522,317.977,0.833146,0.349250
419,1ODP,93.75,0.659800,1.00,-1445.111,42.055,0.083228,0.486400
420,1ODQ,82.50,0.628300,1.00,-1445.111,42.055,0.232227,0.418390
421,1ODR,83.75,0.617900,1.00,-1445.111,42.055,0.194012,0.389190
422,1OEF,88.54,0.679700,1.00,-1730.674,40.566,0.135921,0.443290
423,1OEG,75.00,0.683900,1.00,-1674.443,39.171,0.338445,0.375910
424,1OEI,26.04,0.337700,1.00,-453.546,112.934,0.906178,0.139650
425,1OG7,43.02,0.515400,1.00,-2281.439,156.035,0.924780,0.351740
426,1OHM,50.00,0.483200,1.00,-2736.934,159.879,0.638385,0.413030
427,1OHN,43.60,0.481800,1.00,-2281.439,156.035,0.814432,0.356850
428,1OIG,83.33,0.701000,1.00,-1317.432,116.432,0.179388,0.374380
429,1OMA,40.62,0.402900,1.00,-3202.582,272.463,0.790388,0.392440
430,1OMB,38.54,0.406500,1.00,-3202.582,272.463,0.722616,0.365330
431,1OMQ,90.62,0.689700,1.00,-954.134,86.379,0.137629,0.424190
432,1OPP,63.82,0.634700,1.00,-2958.725,63.105,0.512218,0.506320
433,1ORL,95.11,0.784800,1.00,-3189.141,167.950,0.089904,0.872060
434,1ORX,90.62,0.723400,1.00,-1560.952,111.046,0.152954,0.546840
435,1OZZ,77.27,0.689100,1.00,-3415.619,181.664,0.437447,0.674450
436,1P00,74.43,0.634300,1.00,-3432.224,225.195,0.431425,0.638250
437,1P0A,72.73,0.644500,1.00,-3157.125,221.671,0.519367,0.603460
438,1P7A,69.59,0.695000,1.00,-2219.553,160.613,0.831281,0.577700
439,1P82,27.00,0.383900,1.00,-866.885,138.946,0.995924,0.141130
440,1P83,25.00,0.375800,1.00,-866.885,138.946,0.838602,0.134990
441,1P8B,88.51,0.746100,1.00,-2710.398,249.964,0.167097,0.753000
442,1P9C,50.56,0.497200,1.00,-2289.650,252.974,0.613482,0.351740
443,1P9F,77.50,0.572100,1.00,-464.536,57.806,0.362654,0.411250
444,1P9Z,76.83,0.668700,1.00,-2900.199,184.448,0.368970,0.641760
445,1PAA,85.00,0.721300,1.00,-1980.170,137.313,0.311440,0.652050
446,1PB5,88.57,0.762000,1.00,-1883.097,165.532,0.126569,0.710760
447,1PDC,78.89,0.651800,1.00,-3784.713,291.102,0.289672,0.661720
448,1PGY,72.34,0.627400,1.00,-4759.094,171.117,0.370405,0.603600
449,1PJV,86.72,0.702600,1.00,-2447.648,122.255,0.144733,0.639790
450,1PLP,60.00,0.652500,1.00,-1274.045,98.190,0.556315,0.429490
451,1PMC,86.11,0.726100,1.00,-1953.030,178.303,0.165555,0.676220
452,1PNH,83.87,0.680600,1.00,-1923.141,144.580,0.147103,0.586100
453,1PP5,48.81,0.485400,1.00,-846.002,122.079,0.554434,0.122580
454,1PSM,60.53,0.591900,1.00,-2635.687,68.385,0.515016,0.474640
455,1PSV,64.29,0.612600,1.00,-1954.197,133.795,0.687386,0.424050
456,1PT4,95.69,0.758900,1.00,-1936.093,149.034,0.082246,0.731860
457,1PV0,87.50,0.730000,1.00,-4323.381,167.914,0.290840,0.789980
458,1PVZ,78.23,0.609700,1.00,-2100.758,140.039,0.375402,0.571340
459,1PX9,63.10,0.514000,1.00,-2812.660,285.442,0.346826,0.461420
460,1PXQ,38.57,0.377100,1.00,-2364.411,209.582,0.636453,0.291520
461,1Q01,25.00,0.507800,1.00,-1162.993,189.950,1.177423,0.190220
462,1Q2F,49.22,0.606400,1.00,-2245.305,125.016,0.609492,0.294210
463,1Q2I,41.41,0.464400,1.00,-2245.305,125.016,0.792286,0.241050
464,1Q2J,47.73,0.452600,1.00,-853.583,164.613,0.510653,0.149430
465,1Q2K,92.74,0.772800,1.00,-2137.118,77.050,0.092293,0.744140
466,1Q3J,71.53,0.589600,1.00,-2130.938,157.896,0.313969,0.540000
467,1Q3M,57.14,0.524900,1.00,-3651.328,294.858,0.793772,0.489780
468,1Q3Y,47.62,0.502900,1.00,-2006.566,187.395,0.750459,0.378990
469,1Q3Z,50.60,0.502900,1.00,-2006.566,187.395,0.667296,0.391520
470,1Q71,60.71,0.507100,1.00,-846.002,122.079,0.507437,0.191670
471,1QCM,75.00,0.560100,1.00,-311.707,51.603,0.325705,0.331020
472,1QDP,29.76,0.365800,1.00,-2737.491,227.872,0.844546,0.271060
473,1QFD,66.41,0.502400,1.00,-2134.385,175.884,0.365957,0.454690
474,1QG9,83.33,0.715300,1.00,-1624.968,35.557,0.264199,0.532500
475,1QGM,80.83,0.737700,1.00,-2157.057,152.867,0.181916,0.561810
476,1QHK,71.81,0.618800,1.00,-4094.956,179.019,0.256860,0.581570
477,1QJK,31.94,0.391400,1.00,-2123.321,176.685,0.958614,0.223320
478,1QJL,41.96,0.460600,1.00,-1693.489,236.463,0.857919,0.209700
479,1QK6,87.88,0.706300,1.00,-2104.064,195.387,0.144416,0.676610
480,1QK7,82.81,0.639500,1.00,-2261.634,203.869,0.242930,0.610870
481,1QKY,83.55,0.636600,1.00,-2931.137,185.526,0.187452,0.685790
482,1QLO,49.26,0.424600,1.00,-2844.261,114.088,0.735528,0.341310
483,1QWP,77.27,0.560400,1.00,-311.707,51.603,0.274611,0.358010
484,1QXC,52.27,0.511000,1.00,-311.707,51.603,0.483006,0.323610
485,1QYT,56.82,0.523900,1.00,-311.707,51.603,0.312947,0.328350
486,1R02,43.94,0.437800,1.00,-1838.964,183.233,0.754245,0.344770
487,1R1F,37.16,0.417900,1.00,-2055.266,296.708,0.722428,0.288690
488,1R7C,79.84,0.752300,1.00,-2657.660,78.467,0.225976,0.542120
489,1R7D,78.23,0.697500,1.00,-2657.660,78.467,0.223427,0.504910
490,1R7E,77.42,0.704200,1.00,-2657.660,78.467,0.326086,0.519890
491,1R7F,66.94,0.653600,1.00,-2657.660,78.467,0.348639,0.412390
492,1R7G,70.16,0.678800,1.00,-2657.660,78.467,0.442025,0.495350
493,1R8T,63.33,0.518200,1.00,-510.977,105.361,0.391529,0.262140
494,1R9I,46.59,0.429000,1.00,-1073.485,171.828,0.777590,0.206660
495,1RES,70.35,0.580300,1.00,-3889.140,113.635,0.511261,0.598340
496,1RET,68.02,0.544100,1.00,-3889.140,113.635,0.460765,0.527580
497,1RG3,67.19,0.558900,1.00,-822.072,96.554,0.431023,0.283430
498,1RG4,71.88,0.612400,1.00,-822.072,96.554,0.286236,0.340530
499,1RIJ,55.43,0.618000,1.00,-1025.873,118.282,0.892306,0.302760
500,1RIK,90.52,0.751400,1.00,-2046.947,127.878,0.117389,0.708880
501,1RIM,80.30,0.655500,1.00,-2170.051,149.241,0.303227,0.620730
502,1RJI,73.39,0.584000,1.00,-2135.142,191.152,0.345004,0.468200
503,1RKL,56.94,0.613700,1.00,-2730.502,89.209,0.719218,0.482550
504,1RMK,44.35,0.473600,1.00,-2622.335,279.289,0.704202,0.234810
505,1RO3,43.37,0.435300,1.00,-2576.778,262.084,0.640086,0.326870
506,1ROO,76.43,0.639800,1.00,-2630.927,147.429,0.199036,0.553510
507,1RPB,33.33,0.407100,1.00,-1030.322,159.842,0.671850,0.174670
508,1RPC,34.52,0.387400,1.00,-1030.322,159.842,0.660659,0.154070
509,1RSW,33.33,0.414100,1.00,-236.795,66.072,0.732632,0.174740
510,1RSX,41.67,0.482800,1.00,-236.795,66.072,0.759073,0.230040
511,1RT0,35.42,0.472400,1.00,-236.795,66.072,0.727491,0.154340
512,1S4H,50.00,0.474000,1.00,-120.957,67.958,0.424936,0.177150
513,1S4J,51.92,0.459300,1.00,-159.619,94.559,0.642887,0.212910
514,1S4T,53.57,0.498800,1.00,-1210.815,142.736,0.586600,0.147880
515,1S4W,42.50,0.391100,1.00,-309.030,150.155,0.490713,0.173200
516,1S6W,77.38,0.586000,1.00,-1324.010,109.441,0.237511,0.267640
517,1S6X,83.82,0.683800,1.00,-2571.631,150.151,0.243798,0.651280
518,1SBU,63.64,0.570400,1.00,-379.380,49.094,0.466970,0.342890
519,1SCO,76.32,0.644500,1.00,-2741.573,210.458,0.186152,0.559040
520,1SH1,76.56,0.659700,1.00,-2542.785,405.352,0.435741,0.670040
521,1SKH,69.17,0.635700,1.00,-1993.901,128.629,0.434786,0.494870
522,1SMZ,54.63,0.613200,1.00,-1437.219,155.308,0.623024,0.387620
523,1SOL,30.00,0.390700,1.00,-399.518,143.877,0.772245,0.096740
524,1SP1,81.90,0.691500,1.00,-1639.150,121.082,0.258509,0.594520
525,1SP2,92.74,0.736000,1.00,-2061.901,165.928,0.151366,0.698360
526,1SP7,70.83,0.635200,1.00,-1645.507,120.318,0.295427,0.338670
527,1SPF,76.43,0.788900,1.00,-2185.701,99.793,0.576945,0.639160
528,1SPW,85.26,0.647700,1.00,-3267.442,218.549,0.217635,0.721120
529,1SRB,64.29,0.483200,1.00,-1607.627,94.066,0.479051,0.253830
530,1SRK,76.43,0.702000,1.00,-2279.803,135.349,0.499242,0.565210
531,1SSL,69.79,0.588600,1.00,-3726.266,262.904,0.316107,0.593930
532,1SUT,29.55,0.427800,1.00,-829.074,117.199,0.748019,0.108010
533,1SX0,95.45,0.757600,1.00,-1088.701,96.686,0.083513,0.563780
534,1SX1,93.18,0.699700,1.00,-1088.701,96.686,0.119049,0.557910
535,1T0C,25.81,0.504200,1.00,-808.214,187.551,1.259686,0.186740
536,1T2Y,41.00,0.451200,1.00,-1163.776,127.672,0.657644,0.197020
537,1T5M,48.08,0.345700,1.00,-368.825,59.699,0.622213,0.188210
538,1T5N,48.08,0.406000,1.00,-368.825,59.699,0.626176,0.290390
539,1T5Q,70.83,0.729000,1.00,-2188.710,88.995,0.416259,0.530370
540,1T9E,58.93,0.615700,1.00,-398.989,53.621,0.833765,0.292890
541,1TI5,91.85,0.744900,1.00,-3669.616,192.706,0.106193,0.828010
542,1TM6,53.41,0.473000,1.00,-995.841,79.345,0.453735,0.244100
543,1TMR,81.58,0.692700,1.00,-1011.242,83.565,0.181561,0.307470
544,1TOR,65.00,0.484700,1.00,-336.175,45.242,0.321644,0.287750
545,1TOS,55.00,0.459600,1.00,-252.503,46.167,0.353876,0.244150
546,1TSK,83.57,0.667500,1.00,-2380.292,148.312,0.146342,0.663470
547,1TV0,79.69,0.593500,1.00,-2044.324,160.904,0.263223,0.566300
548,1TYK,61.03,0.496000,1.00,-2300.577,229.454,0.423102,0.434200
549,1U0P,59.26,0.451500,1.00,-1637.085,120.817,0.671694,0.394320
550,1U57,35.94,0.462000,1.00,-2581.229,267.814,1.137597,0.318640
551,1U6U,63.24,0.608000,1.00,-433.048,186.217,0.302155,0.279930
552,1U6V,69.12,0.556600,1.00,-433.048,186.217,0.264820,0.196910
553,1U85,75.00,0.718300,1.00,-2134.523,208.351,0.443782,0.558960
554,1U86,77.14,0.681900,1.00,-2368.388,192.782,0.408999,0.578250
555,1UAO,67.50,0.504100,1.00,-295.061,41.746,0.278146,0.208580
556,1UJL,35.12,0.340400,1.00,-2393.141,200.361,1.109679,0.311940
557,1UT3,91.45,0.700200,1.00,-2973.396,159.976,0.129194,0.765020
558,1UYA,60.94,0.512200,1.00,-781.469,101.924,0.464456,0.261860
559,1UYB,51.56,0.528300,1.00,-781.469,101.924,0.463673,0.208470
560,1V1D,85.48,0.681500,1.00,-2240.011,135.158,0.183007,0.581050
561,1V28,82.61,0.647300,1.00,-1127.162,136.860,0.254974,0.438170
562,1V4Z,71.05,0.696800,1.00,-981.812,59.507,0.499910,0.424080
563,1V50,76.32,0.660200,1.00,-981.812,59.507,0.226947,0.350710
564,1V5A,70.54,0.607500,1.00,-1648.852,138.151,0.301519,0.401040
565,1V6R,71.43,0.519200,1.00,-1514.946,94.562,0.494038,0.267830
566,1V92,77.17,0.682500,1.00,-4758.815,175.193,0.181820,0.663410
567,1VA1,80.41,0.644100,1.00,-2378.781,143.751,0.244626,0.615580
568,1VA2,87.90,0.706100,1.00,-2061.901,165.928,0.192048,0.644400
569,1VA3,83.62,0.660200,1.00,-1639.150,121.082,0.219994,0.570130
570,1VB8,60.00,0.552400,1.00,-2050.988,254.854,0.382735,0.353890
571,1VD7,66.30,0.519300,1.00,-1497.609,50.792,0.433822,0.324750
572,1VD8,64.13,0.480500,1.00,-1713.720,51.262,0.407709,0.298220
573,1VD9,73.91,0.617500,1.00,-1651.952,42.340,0.391124,0.434740
574,1VDA,61.96,0.564000,1.00,-1457.181,48.209,0.693175,0.298510
575,1VDB,88.04,0.733800,1.00,-1497.609,50.792,0.132183,0.551470
576,1VII,81.25,0.688200,1.00,-3032.762,146.413,0.218375,0.661840
577,1VPC,58.33,0.602000,1.00,-2617.747,211.786,0.594848,0.483780
578,1VPU,34.44,0.545800,1.00,-2314.913,194.587,1.656501,0.286920
579,1VQX,34.21,0.538400,1.00,-405.199,124.525,0.920570,0.143300
580,1VTP,70.19,0.651600,1.00,-1671.189,38.479,0.356832,0.449810
581,1VTX,30.95,0.345600,1.00,-2714.810,277.277,0.755535,0.260580
582,1W1N,50.00,0.512000,1.00,-2132.753,108.095,0.588676,0.405750
583,1W4E,90.96,0.717700,1.00,-3762.325,175.717,0.200114,0.829120
584,1W4F,88.83,0.729000,1.00,-3762.325,175.717,0.211449,0.804990
585,1W4G,87.77,0.719800,1.00,-3593.188,287.732,0.268545,0.796790
586,1W4H,86.17,0.709400,1.00,-3472.905,195.598,0.498713,0.786450
587,1WAZ,44.57,0.587800,1.00,-3648.120,114.932,1.158697,0.431590
588,1WCT,57.69,0.508300,1.00,-371.446,59.682,0.305816,0.296830
589,1WM7,71.55,0.637900,1.00,-1765.837,160.288,0.226259,0.390340
590,1WM8,62.50,0.523500,1.00,-1682.021,114.385,0.312340,0.325350
591,1WMT,87.80,0.664000,1.00,-3036.569,241.468,0.185083,0.698750
592,1WN4,64.29,0.625500,1.00,-1289.658,77.038,0.592241,0.393100
593,1WN8,85.23,0.633700,1.00,-1362.355,40.523,0.295029,0.510750
594,1WNK,85.87,0.717300,1.00,-1651.952,42.340,0.204673,0.485460
595,1WNM,89.13,0.697800,1.00,-1713.720,51.262,0.138818,0.500720
596,1WNN,82.61,0.663400,1.00,-1457.181,48.209,0.262188,0.413580
597,1WO3,41.00,0.514400,1.00,-971.428,135.568,0.736199,0.283570
598,1WO4,53.00,0.459800,1.00,-1270.293,106.031,0.476166,0.302090
599,1WO5,62.00,0.571400,1.00,-1741.496,87.384,0.466917,0.264580
600,1WO6,62.00,0.490600,1.00,-1241.927,123.661,0.345267,0.240000
601,1WO7,55.00,0.526800,1.00,-1418.870,98.441,0.604214,0.232760
602,1WO9,80.00,0.712700,1.00,-1665.812,252.568,0.312754,0.613380
603,1WPD,60.29,0.512500,1.00,-2271.278,190.081,0.492555,0.339710
604,1WQB,46.09,0.427600,1.00,-1876.804,242.412,0.608097,0.325050
605,1WQC,77.88,0.626600,1.00,-1744.080,108.289,0.333332,0.423600
606,1WQD,72.22,0.649400,1.00,-1861.238,98.644,0.505660,0.414500
607,1WQE,89.13,0.726600,1.00,-1455.441,80.156,0.144474,0.438430
608,1WQK,87.50,0.746900,1.00,-3629.265,237.118,0.214926,0.763400
609,1WR3,79.86,0.691900,1.00,-2133.585,265.684,0.266969,0.604800
610,1WR4,87.50,0.756600,1.00,-2128.866,180.205,0.261091,0.738940
611,1WR7,76.83,0.709000,1.00,-2442.960,197.185,0.454407,0.654910
612,1WT7,70.73,0.577900,1.00,-3278.297,181.770,0.486712,0.565580
613,1WT8,71.77,0.546600,1.00,-2135.142,191.152,0.348594,0.441950
614,1WXN,81.55,0.696000,1.00,-3544.807,262.085,0.197813,0.674320
615,1WZ4,55.43,0.527000,1.00,-1160.629,81.498,0.464249,0.301390
616,1WZ5,63.57,0.500700,1.00,-2256.995,167.446,0.351837,0.402190
617,1X22,48.81,0.605100,1.00,-1770.817,340.188,0.581452,0.399290
618,1X32,38.83,0.417900,1.00,-3270.087,259.591,0.820048,0.284880
619,1X5V,71.32,0.557100,1.00,-2381.890,236.723,0.264226,0.493310
620,1X7K,47.37,0.351000,1.00,-1027.429,119.820,0.523111,0.177770
621,1XBH,48.08,0.411400,1.00,-386.236,95.250,0.418810,0.249390
622,1XC0,56.82,0.592100,1.00,-1516.717,277.830,0.434650,0.332330
623,1XF7,89.66,0.774200,1.00,-1767.931,111.117,0.233161,0.703600
624,1XOO,41.25,0.414400,1.00,-625.617,173.976,0.553184,0.139260
625,1XOP,60.00,0.489900,1.00,-918.072,118.189,0.617771,0.197520
626,1XRZ,85.00,0.727700,1.00,-1753.306,143.732,0.309048,0.670440
627,1XT7,51.92,0.456600,1.00,-368.825,59.699,0.395764,0.234000
628,1XUT,64.13,0.583900,1.00,-3347.764,300.597,0.445163,0.522270
629,1XV3,43.62,0.528600,1.00,-2743.213,350.253,1.216809,0.372520
630,1XXZ,45.45,0.456400,1.00,-347.889,90.110,0.540914,0.248210
631,1XY4,47.92,0.395300,1.00,-692.472,47.560,0.410758,0.182680
632,1XY6,50.00,0.428100,1.00,-571.361,73.088,0.451545,0.208800
633,1XY8,44.23,0.447300,1.00,-634.232,85.715,0.415161,0.259440
634,1XY9,47.73,0.514000,1.00,-379.430,81.778,0.538005,0.306990
635,1Y03,77.86,0.772400,1.00,-1257.402,54.509,0.346987,0.649890
636,1Y04,62.14,0.780600,1.00,-1257.402,54.509,0.668705,0.475860
637,1Y1B,83.85,0.705000,1.00,-3660.748,201.938,0.270830,0.732190
638,1Y1C,82.29,0.693400,1.00,-3656.812,239.935,0.233639,0.707650
639,1Y29,77.68,0.597300,1.00,-1636.404,234.306,0.270373,0.453050
640,1Y2P,85.29,0.687500,1.00,-2173.078,180.037,0.204048,0.657790
641,1Y32,46.88,0.509800,1.00,-953.539,93.478,0.668247,0.260180
642,1Y4E,45.37,0.523300,1.00,-1827.091,111.405,0.566603,0.225900
643,1Y5C,50.00,0.455300,1.00,-302.000,113.293,0.393858,0.308520
644,1YIU,87.84,0.774000,1.00,-2443.995,196.603,0.167362,0.725440
645,1YMZ,79.65,0.702300,1.00,-2424.451,332.401,0.308530,0.679510
646,1YP8,72.73,0.570900,1.00,-2304.171,214.499,0.330699,0.509690
647,1YT6,50.00,0.504300,1.00,-377.897,51.135,0.341189,0.299040
648,1YTR,59.62,0.552500,1.00,-1632.214,95.769,0.633039,0.334850
649,1YV8,85.33,0.699400,1.00,-3595.065,180.127,0.205566,0.753150
650,1YVA,83.15,0.681200,1.00,-3595.065,180.127,0.254477,0.712420
651,1YWJ,64.02,0.612800,1.00,-2145.251,222.675,0.922701,0.526600
652,1YYB,73.15,0.627000,1.00,-1665.112,76.592,0.582211,0.476760
653,1Z0Q,21.43,0.336200,1.00,-1729.916,259.657,1.413330,0.338400
654,1Z2T,76.09,0.620700,1.00,-1838.917,75.383,0.465604,0.431390
655,1Z65,77.50,0.637400,1.00,-2128.980,83.531,0.239594,0.498560
656,1Z6V,47.96,0.445200,1.00,-3738.977,200.505,0.864544,0.407910
657,1Z6W,26.53,0.301500,1.00,-3738.977,200.505,1.311810,0.227990
658,1Z99,60.71,0.501700,1.00,-2413.237,296.480,0.369620,0.486820
659,1ZA8,60.48,0.508000,1.00,-2288.038,140.385,0.368904,0.315800
660,1ZAQ,59.66,0.576200,1.00,-3154.597,271.600,0.679634,0.465690
661,1ZDA,77.63,0.666800,1.00,-2642.368,213.731,0.382645,0.654660
662,1ZDB,78.29,0.704000,1.00,-2642.368,213.731,0.383780,0.636810
663,1ZFD,86.72,0.713800,1.00,-1912.836,147.028,0.155087,0.627660
664,1ZFU,80.62,0.677900,1.00,-2662.795,207.307,0.207155,0.658760
665,1ZJQ,75.00,0.610800,1.00,-2429.390,150.462,0.226944,0.538780
666,1ZNM,86.61,0.712500,1.00,-1831.430,106.457,0.131638,0.506640
667,1ZNU,91.38,0.727700,1.00,-1745.995,152.859,0.171866,0.705640
668,1ZR7,90.83,0.739500,1.00,-1812.790,195.833,0.190569,0.716740
669,1ZRV,74.00,0.681000,1.00,-1773.153,53.779,0.229469,0.336040
670,1ZRW,62.00,0.605500,1.00,-1773.153,53.779,0.478866,0.306550
671,1ZRX,51.79,0.581700,1.00,-2297.003,145.412,0.678615,0.442210
672,1ZTA,80.00,0.629600,1.00,-2642.444,66.431,0.369058,0.730100
673,1ZTN,31.67,0.439900,1.00,-895.138,285.859,0.807244,0.221000
674,1ZTO,43.24,0.418300,1.00,-1867.703,218.542,1.022814,0.350240
675,1ZUE,83.93,0.705700,1.00,-2868.151,208.649,0.350183,0.727430
676,1ZUF,73.81,0.604500,1.00,-2868.151,208.649,0.305305,0.586530
677,1ZUV,82.50,0.659600,1.00,-1949.946,144.104,0.247081,0.559810
678,1ZWA,41.18,0.540000,1.00,-2633.130,90.605,0.939218,0.324000
679,1ZWB,46.53,0.562900,1.00,-2846.911,86.653,0.990019,0.404610
680,1ZWC,45.27,0.583000,1.00,-2756.180,93.292,0.706094,0.333880
681,1ZWD,45.00,0.558000,1.00,-2733.420,114.635,0.684071,0.325930
682,1ZWE,50.74,0.552600,1.00,-2674.333,81.111,0.691685,0.401430
683,1ZWU,86.67,0.747900,1.00,-1869.703,133.578,0.166873,0.616080
684,2A1C,64.71,0.545700,1.00,-915.920,90.484,0.352610,0.257220
685,2A2B,36.59,0.489800,1.00,-2240.966,174.034,0.928916,0.349100
686,2A2V,88.24,0.705500,1.00,-2071.590,222.176,0.173685,0.696230
687,2A51,62.82,0.672600,1.00,-2318.345,240.248,0.395251,0.406330
688,2AAP,85.29,0.644700,1.00,-2429.390,150.462,0.211763,0.670370
689,2AB3,85.34,0.690100,1.00,-1773.250,142.549,0.173950,0.585460
690,2AB7,93.97,0.699500,1.00,-1861.453,132.094,0.106839,0.719480
691,2AB9,34.68,0.499700,1.00,-1306.124,200.352,1.001734,0.187570
692,2ADX,51.25,0.533300,1.00,-2537.062,230.950,0.587641,0.354140
693,2AJJ,79.46,0.715900,1.00,-2158.986,58.636,0.218154,0.555610
694,2AJM,78.57,0.701600,1.00,-2158.986,58.636,0.193328,0.571210
695,2AJN,77.68,0.682400,1.00,-2158.986,58.636,0.248686,0.572470
696,2AJO,78.57,0.701600,1.00,-2158.986,58.636,0.193328,0.571210
697,2AJW,51.14,0.508000,1.00,-784.645,155.562,0.484516,0.167840
698,2AK0,42.39,0.453800,1.00,-976.311,124.049,0.686407,0.128860
699,2AMN,51.92,0.581200,1.00,-1756.031,95.575,0.538932,0.276030
700,2AP7,92.50,0.827700,1.00,-939.478,27.064,0.154590,0.481830
701,2AP8,86.25,0.741100,1.00,-939.478,27.064,0.210064,0.421730
702,2ARI,50.00,0.556900,1.00,-2112.404,107.784,0.541243,0.399230
703,2ATG,47.22,0.374400,1.00,-825.454,181.026,0.545592,0.169370
704,2AXK,83.55,0.662600,1.00,-2956.084,212.531,0.142685,0.673830
705,2B0Y,72.06,0.554200,1.00,-804.953,85.672,0.318923,0.340450
706,2B19,51.39,0.631800,1.00,-1925.014,189.918,0.487435,0.427840
707,2B38,75.81,0.623800,1.00,-1955.282,188.032,0.515045,0.603490
708,2B4N,48.21,0.562700,1.00,-2712.299,136.632,0.740248,0.490040
709,2B5B,45.14,0.441500,1.00,-1648.076,223.688,0.742458,0.264180
710,2B5P,56.82,0.456400,1.00,-374.726,57.305,0.343974,0.229120
711,2B5Q,54.55,0.494800,1.00,-374.726,57.305,0.481402,0.247210
712,2B68,86.05,0.735000,1.00,-3165.859,291.363,0.172147,0.746910
713,2B9K,67.02,0.590200,1.00,-3853.253,217.326,0.663894,0.506280
714,2BAI,30.47,0.380200,1.00,-1328.566,233.425,0.854938,0.214990
715,2BAO,50.00,0.454800,1.00,-271.726,69.277,0.362846,0.290880
716,2BAU,45.00,0.425500,1.00,-271.726,69.277,0.447475,0.166220
717,2BBG,40.00,0.392400,1.00,-2613.084,283.148,0.786972,0.311170
718,2BBL,32.95,0.524800,1.00,-729.548,113.901,1.007431,0.185640
719,2BBP,35.23,0.547800,1.00,-729.548,113.901,1.121124,0.150880
720,2BBX,75.51,0.687000,1.00,-2458.202,239.301,0.250606,0.623710
723,2BDS,80.81,0.631200,1.00,-3300.755,242.612,0.172869,0.683500
724,2BEY,43.75,0.515400,1.00,-451.155,85.814,0.759607,0.176100
725,2BL6,46.62,0.481400,1.00,-1853.522,243.442,0.689158,0.299720
726,2BMT,98.65,0.772800,1.00,-2987.003,210.290,0.058178,0.902220
727,2BN6,73.48,0.613200,1.00,-2395.520,125.418,0.305371,0.515160
728,2BP4,50.00,0.456800,1.00,-419.781,119.555,0.526288,0.175140
729,2BTG,82.98,0.729100,1.00,-3648.970,173.849,0.531624,0.750110
730,2BTH,81.38,0.672500,1.00,-3648.970,173.849,0.506187,0.722380
731,2C6A,78.80,0.713300,1.00,-2870.961,243.516,0.354713,0.680240
732,2C6B,78.80,0.727200,1.00,-2870.961,243.516,0.354297,0.664230
733,2CBH,99.31,0.845600,1.00,-2358.494,194.320,0.056393,0.899060
734,2CEF,35.53,0.481400,1.00,-680.945,84.127,0.637680,0.188900
735,2CEH,43.42,0.516900,1.00,-680.945,84.127,0.562269,0.156970
736,2CEZ,38.16,0.498000,1.00,-680.945,84.127,0.573714,0.178470
737,2CFJ,36.84,0.494000,1.00,-680.945,84.127,0.829482,0.165140
738,2CK4,78.95,0.699400,1.00,-2854.483,170.605,0.174772,0.607190
739,2CK5,80.65,0.681500,1.00,-1983.549,125.828,0.192875,0.511240
740,2CQ7,69.39,0.665400,1.00,-2815.498,294.732,0.538034,0.606640
741,2CRD,92.57,0.701200,1.00,-2795.047,172.254,0.122863,0.757490
742,2CSA,38.16,0.520800,1.00,-430.710,122.222,0.808453,0.118880
743,2CTI,93.10,0.761600,1.00,-1991.086,158.861,0.100880,0.707830
744,2CYU,75.62,0.591800,1.00,-3282.489,125.249,0.406982,0.613680
745,2DCI,55.00,0.483900,1.00,-777.725,88.064,0.456126,0.203210
746,2DCO,25.74,0.331000,1.00,-2010.419,163.533,0.788996,0.181860
747,2DCV,33.33,0.358100,1.00,-2568.768,329.738,0.725721,0.241670
748,2DCW,76.79,0.600000,1.00,-3152.377,309.864,0.285986,0.631260
749,2DDL,75.76,0.636400,1.00,-2592.899,120.410,0.332179,0.497360
750,2DI2,73.28,0.654000,1.00,-1310.828,114.001,0.434358,0.506840
751,2DJ9,76.09,0.648100,1.00,-1188.847,151.828,0.307619,0.337070
752,2DJC,78.26,0.666900,1.00,-1090.544,130.993,0.326092,0.389230
753,2DMV,72.67,0.669100,1.00,-2373.893,284.624,0.478737,0.628160
754,2DQ5,76.06,0.649000,1.00,-3344.369,240.568,0.303561,0.668000
755,2DTB,78.85,0.719500,1.00,-1820.513,46.702,0.245662,0.591450
756,2DWF,65.44,0.563800,1.00,-3041.700,102.634,0.316461,0.509280
757,2DX2,75.00,0.553600,1.00,-420.272,59.726,0.290492,0.370810
758,2DX3,31.94,0.367300,1.00,-787.531,123.953,0.792110,0.133040
759,2DX4,54.17,0.485900,1.00,-787.531,123.953,0.503660,0.191480
760,2E1X,69.44,0.638000,1.00,-1228.014,118.378,0.542296,0.422850
761,2E2F,85.37,0.694000,1.00,-3197.836,168.475,0.156961,0.731750
762,2E3E,46.11,0.456900,1.00,-3577.610,238.939,0.818319,0.357970
763,2E3F,55.81,0.539400,1.00,-2782.521,243.172,0.735472,0.441420
764,2E3G,65.62,0.557300,1.00,-2959.412,211.188,0.512705,0.504340
765,2E4E,42.50,0.502600,1.00,-323.786,64.816,0.591379,0.415150
766,2E5T,72.28,0.571900,1.00,-3678.288,131.581,0.203400,0.597370
767,2E5U,48.75,0.370000,1.00,-3005.106,109.545,1.331905,0.411360
768,2E72,57.65,0.596900,1.00,-2487.961,263.449,0.736193,0.467170
769,2EBQ,62.23,0.636200,1.00,-2390.049,232.529,0.712575,0.588690
770,2EBR,67.02,0.709400,1.00,-2269.728,285.076,0.687549,0.576610
771,2EC7,60.71,0.585300,1.00,-2387.695,249.587,0.474180,0.479490
772,2EEM,80.15,0.676600,1.00,-2548.071,198.371,0.194349,0.550870
773,2EFZ,57.81,0.508500,1.00,-865.419,95.556,0.373755,0.234530
774,2EKK,81.38,0.690900,1.00,-4118.736,159.019,0.607969,0.743820
775,2EL4,55.98,0.694300,1.00,-2261.555,219.520,0.880014,0.500190
776,2EL5,66.67,0.640700,1.00,-2012.582,248.625,0.812592,0.594050
777,2EL6,59.24,0.618100,1.00,-2475.960,202.696,1.011575,0.516650
778,2ELM,80.41,0.685100,1.00,-2222.151,153.925,0.354486,0.641400
779,2ELN,84.21,0.723100,1.00,-2338.117,183.454,0.414295,0.728940
780,2ELO,80.41,0.743300,1.00,-2227.872,163.374,0.198524,0.629530
781,2ELP,77.03,0.623100,1.00,-2431.588,176.701,0.767835,0.648750
782,2ELQ,76.39,0.739400,1.00,-2040.321,138.514,0.528344,0.640430
783,2ELR,72.92,0.747700,1.00,-1573.122,134.872,0.619885,0.606690
784,2ELS,76.39,0.714100,1.00,-2328.669,152.959,0.674412,0.646560
785,2ELT,77.78,0.771300,1.00,-2011.112,132.841,0.768213,0.700510
786,2ELU,75.68,0.692000,1.00,-2037.346,215.800,0.471577,0.622660
787,2ELV,76.39,0.736500,1.00,-2076.144,175.929,0.387108,0.629460
788,2ELW,72.97,0.675600,1.00,-2081.951,210.854,0.814841,0.617380
789,2ELX,80.00,0.735900,1.00,-2029.064,157.000,0.584405,0.691600
790,2ELY,61.41,0.661700,1.00,-2105.934,174.176,0.886075,0.534540
791,2ELZ,63.04,0.637000,1.00,-2283.541,256.854,0.787349,0.540210
792,2EM0,69.57,0.625700,1.00,-2445.065,218.272,0.613122,0.598000
793,2EM1,67.61,0.736900,1.00,-2077.067,211.110,0.522143,0.547290
794,2EM2,63.04,0.674300,1.00,-2247.568,204.532,0.661452,0.536970
795,2EM3,57.07,0.641400,1.00,-2127.851,264.711,1.001195,0.519720
796,2EM4,55.98,0.675500,1.00,-2122.390,235.633,1.018533,0.504780
797,2EM5,58.70,0.680600,1.00,-2143.940,190.561,0.909700,0.537040
798,2EM6,61.41,0.724000,1.00,-2122.483,206.209,0.918851,0.539140
799,2EM7,59.78,0.645200,1.00,-2240.320,201.375,0.817755,0.529990
800,2EM8,69.02,0.700600,1.00,-2310.954,220.116,0.498318,0.559880
801,2EM9,63.04,0.655600,1.00,-2213.648,252.779,0.945369,0.561550
802,2EMA,66.85,0.697600,1.00,-2019.095,261.252,0.641049,0.587120
803,2EMB,60.80,0.701200,1.00,-2080.679,185.100,0.864683,0.511130
804,2EMC,64.67,0.724300,1.00,-2257.792,185.487,0.628632,0.598160
805,2EME,64.67,0.689100,1.00,-2440.224,205.867,0.535303,0.556400
806,2EMF,66.30,0.689200,1.00,-2077.632,231.181,0.899896,0.604230
807,2EMG,58.70,0.620500,1.00,-2460.444,191.864,1.012514,0.535730
808,2EMH,63.59,0.714000,1.00,-2371.288,307.762,0.627081,0.529340
809,2EMI,59.24,0.614200,1.00,-2305.364,226.288,1.014684,0.526650
810,2EMJ,59.78,0.646800,1.00,-2196.375,182.681,1.106589,0.500100
811,2EMK,60.33,0.649200,1.00,-2190.453,229.593,1.009727,0.520380
812,2EML,60.87,0.660100,1.00,-2212.077,244.218,0.883504,0.537750
813,2EMM,61.96,0.627100,1.00,-2255.575,243.492,0.877413,0.548380
814,2EMP,61.41,0.717100,1.00,-2197.429,302.606,0.627835,0.524370
815,2EMV,65.91,0.677100,1.00,-2071.029,238.621,0.769343,0.560310
816,2EMW,64.77,0.636300,1.00,-2293.233,169.126,0.895646,0.539210
817,2EMX,66.48,0.734500,1.00,-1949.343,224.313,0.735380,0.602900
818,2EMY,61.41,0.638500,1.00,-2380.393,199.812,0.859384,0.550770
819,2EMZ,63.04,0.669600,1.00,-2012.953,224.764,0.708291,0.527830
820,2EN0,72.02,0.690700,1.00,-2094.411,205.997,0.555716,0.620070
821,2EN1,71.20,0.712000,1.00,-1941.268,220.454,0.645927,0.584010
822,2EN2,69.64,0.707900,1.00,-2254.349,197.115,0.501166,0.572090
823,2EN3,64.13,0.649100,1.00,-2700.282,205.080,0.856873,0.549520
824,2EN4,59.78,0.644800,1.00,-1957.318,448.259,0.976608,0.538420
825,2EN6,62.50,0.694100,1.00,-2117.642,256.518,0.778731,0.555270
826,2EN7,59.09,0.625500,1.00,-2147.184,209.586,0.835097,0.508150
827,2EN8,59.24,0.708200,1.00,-2180.440,236.962,0.989591,0.543050
828,2EN9,58.70,0.687600,1.00,-1937.183,215.564,0.916548,0.508070
829,2ENA,58.70,0.644900,1.00,-2072.633,216.383,1.145663,0.514570
830,2ENC,64.67,0.702800,1.00,-2144.026,250.156,0.851256,0.543390
831,2ENE,60.33,0.656900,1.00,-2155.219,261.180,0.952583,0.544850
832,2ENF,57.61,0.673400,1.00,-2057.077,263.593,1.164282,0.493630
833,2ENH,58.15,0.661100,1.00,-2181.379,266.880,1.044120,0.514320
834,2ENT,66.67,0.691900,1.00,-2428.546,304.768,0.687749,0.589670
835,2EOE,60.33,0.645100,1.00,-2203.520,273.450,0.847404,0.502210
836,2EOF,61.93,0.622900,1.00,-2032.657,318.298,0.964557,0.530010
837,2EOG,59.09,0.652800,1.00,-2252.595,164.160,0.827060,0.506550
838,2EOH,54.35,0.569200,1.00,-2169.933,304.772,0.959679,0.451170
839,2EOI,64.77,0.669500,1.00,-2299.539,240.549,0.652412,0.553360
840,2EOJ,56.25,0.590700,1.00,-2187.770,197.536,0.960837,0.490310
841,2EOK,75.00,0.672200,1.00,-2252.167,224.347,0.484235,0.626400
842,2EOL,69.05,0.638800,1.00,-2005.434,223.088,0.740497,0.603480
843,2EOM,58.15,0.681900,1.00,-2179.287,207.928,1.031561,0.538250
844,2EON,63.04,0.681200,1.00,-2190.815,201.188,0.855589,0.542160
845,2EOO,64.67,0.708400,1.00,-2335.924,243.620,0.949063,0.560710
846,2EOP,60.87,0.697700,1.00,-2203.197,185.471,0.965540,0.553490
847,2EOQ,63.59,0.674400,1.00,-2056.750,258.973,0.747352,0.548730
848,2EOR,60.33,0.720700,1.00,-2078.964,210.395,0.892546,0.534600
849,2EOS,70.24,0.686500,1.00,-2284.749,203.890,0.791205,0.600510
850,2EOU,61.93,0.708200,1.00,-1783.603,187.181,1.121280,0.544260
851,2EOV,59.78,0.680800,1.00,-2183.710,265.838,1.187962,0.494160
852,2EOW,65.76,0.673100,1.00,-2078.440,242.438,0.796707,0.574870
853,2EOX,57.39,0.609200,1.00,-2199.738,270.490,0.807187,0.503510
854,2EOY,60.33,0.681000,1.00,-2315.314,248.683,0.727830,0.512990
855,2EOZ,63.59,0.712300,1.00,-2392.427,230.238,0.482010,0.526550
856,2EP0,62.50,0.727200,1.00,-2266.505,191.603,0.856601,0.536690
857,2EP1,60.87,0.636600,1.00,-2115.932,249.990,0.877595,0.522670
858,2EP2,62.50,0.659300,1.00,-2227.663,212.796,1.064384,0.536520
859,2EP3,60.87,0.675200,1.00,-2379.453,201.164,0.900356,0.567210
860,2EPC,61.31,0.575300,1.00,-2096.679,226.457,0.907406,0.562130
861,2EPQ,53.33,0.606900,1.00,-2305.574,247.917,0.842055,0.440520
862,2EPR,52.08,0.628900,1.00,-2430.700,192.984,0.961499,0.245100
863,2EPT,62.80,0.604000,1.00,-1940.408,217.796,0.915440,0.548750
864,2EPU,63.33,0.678000,1.00,-2174.863,228.314,0.728484,0.540580
865,2EPV,65.34,0.640000,1.00,-2214.553,224.784,0.815398,0.573030
866,2EPW,61.41,0.579600,1.00,-2339.380,264.279,0.679689,0.499990
867,2EPX,60.11,0.629700,1.00,-2657.741,245.012,0.794470,0.526720
868,2EPY,63.10,0.640200,1.00,-1946.730,230.899,0.855536,0.560190
869,2EPZ,61.41,0.674500,1.00,-2154.955,247.576,0.860764,0.558100
870,2EQ0,63.04,0.638800,1.00,-2228.346,212.301,0.860411,0.527660
871,2EQ1,63.59,0.683000,1.00,-2086.355,207.963,0.525885,0.492310
872,2EQ2,53.80,0.590600,1.00,-1951.926,218.027,0.936802,0.462080
873,2EQ3,58.70,0.591600,1.00,-1966.609,192.969,0.799219,0.485440
874,2EQ4,50.00,0.567600,1.00,-2276.443,222.928,1.004628,0.411830
875,2EQE,68.75,0.702600,1.00,-2714.334,214.099,0.502614,0.580120
876,2EQF,60.87,0.570100,1.00,-2656.236,169.251,1.030507,0.534270
877,2EQG,68.37,0.651100,1.00,-2540.089,250.510,0.639297,0.608520
878,2EQH,77.17,0.667500,1.00,-1095.964,102.433,0.332403,0.385500
879,2EQQ,69.64,0.581000,1.00,-1312.475,198.963,0.527332,0.445800
880,2EQT,65.18,0.583600,1.00,-1312.475,198.963,0.484545,0.463470
881,2EQW,61.90,0.584400,1.00,-2171.161,184.569,0.877001,0.528010
882,2ERI,68.55,0.609500,1.00,-1961.613,177.399,0.410689,0.431300
883,2ESX,46.05,0.530800,1.00,-591.129,97.893,1.115459,0.156730
884,2ESZ,43.42,0.513300,1.00,-591.129,97.893,1.160258,0.175520
885,2ETI,81.25,0.666500,1.00,-1960.474,116.897,0.217067,0.480230
886,2EVQ,79.17,0.573700,1.00,-546.763,119.670,0.234117,0.377370
887,2EYA,83.15,0.697700,1.00,-3595.065,180.127,0.206882,0.737200
888,2EYB,84.78,0.708500,1.00,-3595.065,180.127,0.188412,0.756150
889,2EYC,83.15,0.675100,1.00,-3595.065,180.127,0.157071,0.734010
890,2EYD,88.04,0.713200,1.00,-3595.065,180.127,0.145565,0.788430
891,2F2I,84.48,0.668900,1.00,-1712.498,167.892,0.254466,0.592030
892,2F2J,83.62,0.698200,1.00,-1634.656,127.438,0.216742,0.594540
893,2F5H,35.81,0.361100,1.00,-2122.783,220.045,0.788515,0.302960
896,2FJ4,42.57,0.405300,1.00,-2122.783,220.045,0.730609,0.322590
897,2FJ5,40.54,0.411600,1.00,-2122.783,220.045,0.745967,0.278140
898,2FQA,70.37,0.576100,1.00,-1807.229,143.216,0.342399,0.408800
899,2FR9,75.00,0.510700,1.00,-525.632,55.889,0.296149,0.378280
900,2FRB,57.69,0.474300,1.00,-499.462,72.573,0.373488,0.302920
901,2FXY,84.72,0.706900,1.00,-1165.715,34.735,0.270996,0.404330
902,2FXZ,86.54,0.661000,1.00,-740.170,30.699,0.252218,0.453300
903,2G6U,63.33,0.485900,1.00,-689.620,99.784,0.473632,0.269140
904,2G9L,39.86,0.572400,1.00,-2597.753,77.948,0.830297,0.475780
905,2G9P,71.15,0.652800,1.00,-1764.072,50.836,0.275864,0.355220
906,2GD3,32.29,0.519300,1.00,-688.357,191.171,0.914149,0.212120
907,2GDL,39.52,0.415000,1.00,-1397.588,151.199,0.883136,0.302330
908,2GFR,72.73,0.511900,1.00,-459.038,74.335,0.338699,0.409240
909,2GJ0,74.19,0.620900,1.00,-2115.410,164.512,0.544716,0.528260
910,2GL1,98.94,0.859500,1.00,-3510.341,241.916,0.050717,0.951020
911,2GOF,57.86,0.563800,1.00,-2103.428,75.928,0.575040,0.451540
912,2GOH,65.71,0.573200,1.00,-2103.428,75.928,0.496566,0.501160
913,2GP8,77.50,0.655400,1.00,-2738.285,91.523,0.448650,0.653590
914,2GQE,90.62,0.788600,1.00,-1869.145,149.034,0.198757,0.756110
915,2GW9,93.75,0.734000,1.00,-2044.324,160.904,0.134945,0.734030
916,2GWP,91.41,0.732900,1.00,-2010.579,174.965,0.124546,0.699610
917,2GX1,61.21,0.499800,1.00,-1754.055,209.161,0.332540,0.373890
918,2H1Z,87.82,0.769800,1.00,-2615.272,221.292,0.160301,0.752430
919,2H9X,59.57,0.533800,1.00,-3065.031,223.566,0.379134,0.515720
920,2HFR,63.89,0.613500,1.00,-1745.956,71.957,0.388920,0.306960
921,2HGO,45.37,0.417800,1.00,-1656.125,229.191,0.551036,0.193070
922,2HLG,87.82,0.732200,1.00,-2519.226,236.684,0.179516,0.736130
923,2HM3,52.42,0.479400,1.00,-1870.090,255.679,0.753741,0.302410
924,2HM4,47.58,0.450400,1.00,-1627.176,199.373,0.973841,0.249520
925,2HM5,38.71,0.414900,1.00,-1627.176,199.373,0.779511,0.233740
926,2HM6,45.97,0.471200,1.00,-1655.611,187.904,0.704176,0.261730
927,2HN8,62.50,0.713400,1.00,-3241.377,121.800,0.476846,0.540660
928,2I1P,80.73,0.739800,1.00,-2588.821,277.520,0.263429,0.718220
929,2I1T,73.61,0.636300,1.00,-2323.490,195.501,0.260700,0.542980
930,2I5O,93.59,0.807200,1.00,-2899.580,162.423,0.136127,0.815900
931,2I9M,91.18,0.785400,1.00,-1158.266,31.205,0.112439,0.477950
932,2I9N,48.48,0.609200,1.00,-1561.530,113.775,0.746658,0.347100
933,2I9O,47.97,0.518500,1.00,-1614.069,122.193,0.788529,0.422540
934,2IFJ,66.67,0.545500,1.00,-472.143,95.012,0.412916,0.315000
935,2IGU,72.92,0.587700,1.00,-552.821,73.194,0.229773,0.350850
936,2IH6,61.36,0.509800,1.00,-449.061,72.794,0.295511,0.240500
937,2IMU,44.02,0.636400,1.00,-2669.739,219.359,0.622440,0.349940
938,2IT7,91.96,0.731800,1.00,-1960.474,116.897,0.110572,0.678260
939,2IV4,34.38,0.456900,1.00,-354.691,83.139,0.706431,0.186760
940,2IV5,58.70,0.559600,1.00,-809.619,111.495,0.722255,0.310150
941,2IV6,33.70,0.512200,1.00,-650.333,153.914,1.269444,0.186180
942,2IWJ,44.44,0.444900,1.00,-1228.014,118.378,0.790720,0.253270
943,2J15,50.00,0.460500,1.00,-605.253,141.062,0.463076,0.261470
944,2J8P,40.82,0.512800,1.00,-4576.983,131.449,1.106752,0.333800
945,2JM0,85.00,0.747100,1.00,-3103.368,166.026,0.151355,0.626280
946,2JM2,21.11,0.293800,1.00,-1376.435,250.451,1.568888,0.214050
947,2JM4,87.79,0.736100,1.00,-2347.476,309.777,0.214648,0.746650
948,2JMY,83.33,0.671100,1.00,-974.062,78.714,0.154303,0.367610
949,2JN5,43.75,0.529200,1.00,-476.346,86.195,0.617766,0.313510
950,2JNH,80.98,0.671000,1.00,-4482.170,143.363,0.265531,0.718860
951,2JNI,70.24,0.474000,1.00,-1258.004,161.087,0.397240,0.253150
952,2JOC,70.95,0.595100,1.00,-2443.995,196.603,0.370725,0.529710
953,2JOF,60.00,0.675400,1.00,-818.082,92.221,0.965202,0.329790
954,2JOS,34.09,0.334400,1.00,-913.423,112.352,0.869123,0.116990
955,2JOU,47.06,0.363200,1.00,-3041.700,102.634,1.054190,0.350730
956,2JP6,58.78,0.528800,1.00,-2133.299,158.500,0.803651,0.389010
957,2JPJ,52.56,0.592900,1.00,-1713.346,219.009,0.778259,0.375960
958,2JPK,44.29,0.532000,1.00,-2171.163,155.568,0.788824,0.410120
959,2JPL,44.87,0.548500,1.00,-1713.346,219.009,0.663960,0.370540
960,2JPM,47.14,0.545000,1.00,-2171.163,155.568,0.564594,0.378820
961,2JPW,42.19,0.534800,1.00,-703.435,245.902,0.819370,0.239360
962,2JPX,62.86,0.624000,1.00,-2159.570,174.264,0.584315,0.516870
963,2JQ2,56.25,0.447500,1.00,-512.311,75.722,0.353697,0.259570
964,2JQB,48.33,0.556300,1.00,-578.536,111.946,0.627381,0.259040
965,2JQC,53.33,0.561100,1.00,-578.536,111.946,0.408710,0.226990
966,2JQW,48.53,0.455600,1.00,-879.451,94.626,0.497666,0.170230
967,2JR3,41.07,0.397700,1.00,-2575.347,374.844,0.671214,0.276470
968,2JR8,54.17,0.631300,1.00,-1837.849,303.457,0.424728,0.467220
969,2JRD,50.00,0.377100,1.00,-835.540,121.826,0.727461,0.299610
970,2JRV,53.33,0.586500,1.00,-691.574,62.035,0.582870,0.222340
971,2JRW,42.39,0.542400,1.00,-794.857,117.086,0.775636,0.163500
972,2JRY,30.43,0.362200,1.00,-3224.167,216.998,1.009316,0.295300
973,2JSB,70.24,0.476700,1.00,-1049.911,121.684,0.408980,0.240150
974,2JTA,42.50,0.474300,1.00,-285.630,54.037,0.543218,0.308480
975,2JTB,90.91,0.694700,1.00,-2063.872,217.135,0.150770,0.705660
976,2JTU,34.87,0.374800,1.00,-2547.622,213.381,0.950226,0.282870
977,2JTW,65.00,0.653000,1.00,-1590.338,62.828,0.430645,0.376520
978,2JUE,33.62,0.299700,1.00,-1745.995,152.859,0.835548,0.186780
979,2JUI,62.12,0.641600,1.00,-1840.926,104.174,0.533556,0.398200
980,2JUQ,67.31,0.558700,1.00,-645.909,58.338,0.314111,0.370950
981,2JUR,69.23,0.564900,1.00,-610.354,80.234,0.292574,0.273880
982,2JUS,75.00,0.634800,1.00,-659.756,73.350,0.249464,0.310230
983,2JUT,61.54,0.544000,1.00,-523.886,105.251,0.359773,0.252120
984,2JUY,55.36,0.515300,1.00,-1790.783,211.703,0.472704,0.292820
985,2JVX,88.39,0.760200,1.00,-1893.484,138.402,0.222142,0.631650
986,2JVY,84.82,0.670300,1.00,-1830.967,180.743,0.264059,0.577530
987,2JWG,88.59,0.728000,1.00,-2795.265,191.823,0.159060,0.810180
988,2JWH,55.21,0.692700,1.00,-1895.354,310.796,0.815295,0.449950
989,2JWM,92.24,0.759400,1.00,-1931.214,163.620,0.170242,0.733080
990,2JXF,68.33,0.693900,1.00,-2404.152,72.050,0.325451,0.499540
991,2JY0,67.59,0.590100,1.00,-1706.231,50.860,0.368757,0.382760
992,2JYD,66.30,0.699000,1.00,-2098.158,274.285,0.846057,0.586680
993,2JYP,43.75,0.406300,1.00,-2751.026,175.589,0.792396,0.285650
994,2K10,45.31,0.612500,1.00,-1761.183,126.923,0.624623,0.300640
995,2K1A,69.05,0.757500,1.00,-2878.613,102.271,0.410007,0.532060
996,2K1I,89.84,0.737400,1.00,-1899.602,143.873,0.139766,0.694510
997,2K1P,77.27,0.670900,1.00,-1909.591,258.805,0.319357,0.580780
998,2K2Y,78.85,0.651200,1.00,-3116.065,202.449,0.278839,0.637060
999,2K2Z,60.90,0.496400,1.00,-2181.676,248.949,0.433364,0.441670
1000,2K44,53.57,0.570000,1.00,-2030.468,110.178,0.653016,0.377020
1001,2K4U,89.86,0.711700,1.00,-2572.535,190.876,0.115008,0.763220
1004,2K6O,69.59,0.754300,1.00,-3067.313,96.126,0.328610,0.500150
1005,2K6R,79.31,0.621300,1.00,-2013.950,157.889,0.201239,0.517750
1006,2K72,91.89,0.732900,1.00,-3430.904,182.053,0.111428,0.768860
1007,2K76,90.83,0.733200,1.00,-2009.542,167.625,0.119807,0.655450
1008,2K7G,86.21,0.720000,1.00,-2054.317,160.398,0.217664,0.679480
1009,2K7Y,31.67,0.594900,1.00,-2187.656,187.762,1.466888,0.260890
1010,2K84,34.17,0.515000,1.00,-1380.691,165.351,0.831903,0.276420
1012,2K98,61.46,0.655000,1.00,-1263.505,58.441,0.707148,0.377690
1013,2K9D,55.11,0.663200,1.00,-3285.162,141.484,0.975354,0.458990
1014,2K9O,71.53,0.573600,1.00,-2230.738,197.085,0.320615,0.486660
1015,2KAM,84.62,0.705900,1.00,-1820.513,46.702,0.199059,0.659010
1016,2KB8,45.27,0.600600,1.00,-1632.098,199.735,1.050904,0.323720
1017,2KB9,74.43,0.633300,1.00,-2880.228,348.277,0.239188,0.606150
1018,2KBL,69.83,0.627400,1.00,-1665.748,181.643,0.331629,0.377040
1019,2KCF,72.22,0.628600,1.00,-2290.743,223.914,0.378242,0.529210
1020,2KCG,70.00,0.590900,1.00,-1936.753,222.544,0.317644,0.383220
1021,2KCH,95.69,0.782600,1.00,-1936.093,149.034,0.075785,0.760150
1023,2KDT,45.00,0.574500,1.00,-2372.626,270.121,0.749328,0.407380
1024,2KE3,41.28,0.587400,1.00,-2542.129,226.917,0.796259,0.328350
1025,2KEF,50.00,0.454000,1.00,-1326.675,145.783,0.448773,0.206600
1026,2KEG,55.47,0.467200,1.00,-1829.559,92.701,0.802272,0.353160
1027,2KEH,57.81,0.491200,1.00,-1829.559,92.701,0.897325,0.408950
1028,2KES,52.60,0.770700,1.00,-3876.175,88.674,0.443255,0.764210
1029,2KFE,64.58,0.670600,1.00,-1614.239,60.542,0.301473,0.377240
1030,2KFQ,34.38,0.333500,1.00,-2382.212,90.174,0.842679,0.323960
1031,2KGH,37.18,0.431600,1.00,-2092.182,289.121,1.011219,0.355490
1032,2KGN,71.88,0.616400,1.00,-1109.140,96.248,0.263647,0.318940
1033,2KGU,82.86,0.680600,1.00,-1818.416,172.860,0.209725,0.644620
1034,2KHB,86.21,0.704900,1.00,-1885.545,145.213,0.162283,0.606940
1035,2KHF,70.00,0.524900,1.00,-1557.011,82.198,0.644601,0.347450
1036,2KHG,65.00,0.497000,1.00,-1557.011,82.198,0.676350,0.414310
1037,2KI0,62.50,0.583500,1.00,-2335.533,135.767,0.417869,0.393730
1038,2KI9,55.30,0.630000,1.00,-2692.830,51.190,0.502311,0.370150
1039,2KIO,51.52,0.494100,1.00,-2132.753,108.095,0.659832,0.354990
1040,2KIR,72.79,0.581200,1.00,-2295.377,143.242,0.241010,0.507880
1041,2KIT,50.00,0.525900,1.00,-2132.753,108.095,0.664776,0.371770
1042,2KJM,43.33,0.515100,1.00,-1956.148,97.334,0.985000,0.287780
1043,2KJN,77.88,0.654300,1.00,-1781.532,32.388,0.411126,0.545300
1044,2KJO,63.46,0.620400,1.00,-1781.532,32.388,0.394693,0.366260
1045,2KLV,51.09,0.554000,1.00,-3023.406,119.604,0.445304,0.398800
1046,2KM9,46.00,0.472900,1.00,-1201.271,275.954,0.670619,0.201840
1047,2KMO,88.07,0.733100,1.00,-2751.737,204.053,0.179828,0.778080
1048,2KMP,84.66,0.724300,1.00,-2751.737,204.053,0.270031,0.742240
1049,2KMQ,75.00,0.671000,1.00,-2751.737,204.053,0.255553,0.609370
1050,2KMR,67.61,0.563600,1.00,-2751.737,204.053,0.981595,0.564160
1051,2KNI,87.80,0.701900,1.00,-2408.461,302.080,0.186521,0.753590
1052,2KNM,66.67,0.586500,1.00,-1936.753,222.544,0.314249,0.371070
1053,2KNP,81.06,0.677800,1.00,-2077.012,191.613,0.275565,0.598780
1054,2KNS,46.21,0.609600,1.00,-1516.717,277.830,0.798649,0.308550
1055,2KNU,50.86,0.449000,1.00,-1358.282,241.804,0.541941,0.269240
1056,2KOE,40.00,0.559200,1.00,-3054.030,116.015,0.843127,0.336960
1057,2KOZ,96.21,0.809000,1.00,-2161.271,147.746,0.095364,0.817800
1058,2KP0,90.15,0.712100,1.00,-2233.163,118.430,0.097069,0.715810
1059,2KPA,53.85,0.534500,1.00,-1352.785,83.881,0.415848,0.240940
1060,2KPB,49.04,0.545100,1.00,-1352.785,83.881,0.562795,0.309690
1061,2KSG,33.33,0.611100,1.00,-3054.273,86.260,1.530411,0.272520
1062,2KSJ,54.89,0.666800,1.00,-3023.406,119.604,0.485969,0.532710
1063,2KTC,66.18,0.569100,1.00,-1889.131,158.359,0.559465,0.400730
1064,2KTX,87.50,0.695600,1.00,-2629.866,187.911,0.163453,0.728420
1065,2KUK,90.00,0.725500,1.00,-2121.622,141.415,0.117582,0.657170
1066,2KUS,82.14,0.736700,1.00,-2196.970,164.971,0.153003,0.638560
1067,2KUX,66.67,0.580400,1.00,-1973.652,281.982,0.331085,0.371170
1068,2KUY,49.42,0.403400,1.00,-3269.724,264.825,0.768564,0.368710
1069,2KV5,69.70,0.631800,1.00,-2393.860,161.735,0.516440,0.591760
1070,2KVF,87.50,0.649900,1.00,-1829.336,132.724,0.190511,0.613350
1071,2KVG,81.48,0.682700,1.00,-1834.869,97.226,0.184418,0.461100
1072,2KVH,91.67,0.661100,1.00,-1845.681,106.098,0.222776,0.641510
1073,2KVX,95.54,0.776000,1.00,-1966.746,176.442,0.091343,0.733970
1074,2KWT,68.18,0.540800,1.00,-2737.463,142.159,0.357200,0.490210
1075,2KWY,58.72,0.738600,1.00,-2673.429,98.156,0.489771,0.570340
1076,2KWZ,61.25,0.636800,1.00,-3220.400,96.915,0.384793,0.506850
1077,2KXA,41.67,0.450500,1.00,-1102.772,136.266,0.777091,0.307780
1078,2KY3,83.33,0.689600,1.00,-2142.446,116.673,0.281508,0.632650
1079,2KYA,34.56,0.480400,1.00,-1340.642,123.498,0.926209,0.321680
1080,2KYJ,88.89,0.646800,1.00,-2203.129,169.314,0.219835,0.732070
1081,2KYK,63.46,0.509700,1.00,-2227.380,173.680,0.663426,0.470650
1082,2KZQ,43.06,0.463600,1.00,-1969.410,307.420,1.069444,0.295060
1083,2L07,79.17,0.603700,1.00,-907.738,101.146,0.193691,0.287320
1084,2L0G,81.25,0.664200,1.00,-2884.660,116.921,0.379241,0.617400
1085,2L0L,57.41,0.629200,1.00,-1630.759,48.254,0.639798,0.357040
1086,2L0M,65.74,0.659800,1.00,-1630.759,48.254,0.358730,0.310260
1087,2L0N,71.67,0.645300,1.00,-2401.506,66.442,0.275788,0.448720
1088,2L0O,61.67,0.583300,1.00,-2401.506,66.442,0.385193,0.405640
1089,2L1J,55.15,0.521200,1.00,-2169.156,166.499,0.388976,0.399940
1090,2L1Q,73.12,0.670900,1.00,-2048.765,281.193,0.536373,0.628600
1091,2L1X,39.74,0.524700,1.00,-2611.646,123.946,0.935517,0.352790
1092,2L2R,78.38,0.600000,1.00,-2053.696,262.617,0.545979,0.671070
1093,2L36,64.58,0.682100,1.00,-1079.259,81.734,0.366298,0.347170
1094,2L37,85.47,0.647900,1.00,-3463.978,151.332,0.296659,0.734860
1095,2L3H,41.67,0.419200,1.00,-2313.303,129.635,0.926630,0.234200
1096,2L3I,60.83,0.511600,1.00,-2061.964,120.156,0.570397,0.392600
1097,2L44,85.53,0.592900,1.00,-868.756,89.030,0.166475,0.369080
1098,2L4G,62.04,0.487700,1.00,-1116.413,168.922,0.435358,0.412810
1099,2L4J,63.59,0.608000,1.00,-2771.825,238.966,0.489319,0.518050
1100,2L4U,62.50,0.563900,1.00,-1109.140,96.248,0.429520,0.265020
1101,2L5I,38.10,0.437900,1.00,-1258.427,111.402,0.679158,0.136170
1102,2L5J,47.62,0.453600,1.00,-1258.427,111.402,0.541196,0.115130
1103,2L5R,64.13,0.643900,1.00,-1226.866,52.973,0.509421,0.331920
1104,2L61,58.65,0.518400,1.00,-969.762,184.721,0.439285,0.267510
1105,2L62,59.62,0.480700,1.00,-969.762,184.721,0.452189,0.226710
1106,2L63,61.36,0.634500,1.00,-2308.281,104.269,0.529691,0.376050
1107,2L64,64.39,0.635800,1.00,-2308.281,104.269,0.314404,0.450670
1108,2L6S,42.50,0.627200,1.00,-769.393,100.334,0.828778,0.171550
1109,2L6T,43.75,0.591100,1.00,-769.393,100.334,0.651652,0.184750
1110,2L70,52.38,0.641600,1.00,-2712.299,136.632,0.570706,0.458700
1111,2L71,55.95,0.616900,1.00,-2712.299,136.632,0.553870,0.505380
1112,2L77,51.28,0.511900,1.00,-2313.303,129.635,0.826573,0.376690
1113,2L79,42.95,0.442100,1.00,-2313.303,129.635,0.846125,0.333670
1114,2L7C,57.89,0.484600,1.00,-926.334,145.542,0.394242,0.185280
1115,2L7T,63.64,0.551900,1.00,-310.319,63.520,0.417873,0.204770
1116,2L87,41.67,0.538500,1.00,-917.263,177.002,0.677447,0.214740
1117,2L8E,62.24,0.656300,1.00,-2782.611,283.155,0.878842,0.537640
1118,2L91,78.49,0.710200,1.00,-3443.426,108.739,0.206189,0.677390
1122,2L9G,75.00,0.563300,1.00,-1169.150,68.107,0.411132,0.299150
1123,2L9X,34.17,0.380000,1.00,-1564.528,161.092,0.732423,0.193400
1124,2L9Z,54.49,0.668000,1.00,-2107.139,192.329,0.845180,0.416020
1125,2LA0,29.17,0.349100,1.00,-1553.507,172.104,0.833836,0.181620
1126,2LAM,89.66,0.707900,1.00,-2023.477,208.215,0.217081,0.686640
1127,2LAQ,35.42,0.442800,1.00,-1718.835,203.953,0.706204,0.261810
1128,2LAT,66.22,0.732500,1.00,-2859.787,101.634,0.479536,0.504870
1129,2LB7,76.70,0.643700,1.00,-3079.820,301.500,0.252319,0.625710
1130,2LBG,80.56,0.867500,1.00,-1119.989,28.077,0.192933,0.552630
1131,2LBZ,37.90,0.383300,1.00,-2060.410,91.541,0.992595,0.280350
1132,2LCM,57.14,0.488000,1.00,-1797.587,158.859,0.637242,0.353500
1133,2LDE,62.00,0.523800,1.00,-1669.593,100.772,0.376697,0.312270
1134,2LDF,63.54,0.568600,1.00,-1698.979,90.657,0.554648,0.358840
1135,2LDJ,52.50,0.619400,1.00,-765.496,90.619,0.948919,0.237570
1136,2LDS,68.06,0.525500,1.00,-2182.258,239.558,0.335543,0.485990
1137,2LE3,51.79,0.607600,1.00,-2729.472,186.018,0.581962,0.367740
1138,2LE7,41.25,0.466600,1.00,-1289.543,138.482,0.572241,0.258510
1139,2LER,65.91,0.601700,1.00,-468.435,69.961,0.254890,0.386300
1140,2LET,86.61,0.695600,1.00,-1922.072,131.604,0.131687,0.560250
1141,2LEU,49.32,0.502200,1.00,-2127.188,185.142,0.709578,0.382380
1142,2LEW,57.03,0.459600,1.00,-2015.129,144.041,0.396607,0.342610
1143,2LEY,93.75,0.754200,1.00,-1979.345,204.777,0.117369,0.777900
1144,2LFM,32.50,0.464600,1.00,-1328.132,307.141,1.044383,0.307990
1145,2LG4,93.75,0.769700,1.00,-2770.333,179.892,0.126534,0.795650
1146,2LG5,72.92,0.597400,1.00,-2477.850,190.239,0.395685,0.531930
1147,2LG6,79.86,0.667100,1.00,-2635.929,174.023,0.258726,0.622650
1148,2LI3,86.67,0.696600,1.00,-2438.493,104.318,0.176395,0.605870
1149,2LIC,27.86,0.581500,1.00,-955.645,241.053,1.102191,0.191260
1150,2LID,22.86,0.511700,1.00,-1019.234,217.827,1.475728,0.192280
1151,2LIF,65.74,0.658700,1.00,-1468.429,82.674,0.453535,0.445770
1152,2LIX,62.96,0.500800,1.00,-1844.461,134.257,0.378497,0.427390
1153,2LIY,66.11,0.573000,1.00,-2893.384,262.483,0.372278,0.545050
1154,2LJ7,77.66,0.676000,1.00,-3335.219,277.597,0.265147,0.667870
1155,2LJQ,52.70,0.488900,1.00,-1583.187,270.245,0.566391,0.397860
1156,2LJS,89.17,0.726900,1.00,-1725.849,143.596,0.199530,0.664300
1157,2LJT,47.97,0.452600,1.00,-1940.745,244.007,0.819080,0.415100
1158,2LK9,60.00,0.589000,1.00,-2138.258,86.573,0.492682,0.507940
1159,2LKE,33.33,0.457600,1.00,-500.720,180.314,0.850518,0.164360
1160,2LKJ,29.17,0.441800,1.00,-500.720,180.314,0.810190,0.120350
1161,2LKQ,51.04,0.467100,1.00,-1156.616,123.813,0.411769,0.232160
1162,2LL1,81.82,0.639900,1.00,-2278.786,167.074,0.244566,0.617630
1163,2LL2,34.62,0.473700,1.00,-847.951,164.253,0.851227,0.195830
1164,2LL5,57.95,0.555500,1.00,-761.768,153.236,0.443620,0.252010
1165,2LLD,77.50,0.669900,1.00,-2387.154,271.704,0.352748,0.644510
1166,2LLM,57.56,0.720400,1.00,-2427.896,199.233,0.541151,0.459960
1167,2LLR,61.36,0.419100,1.00,-1178.246,136.212,0.599587,0.278000
1168,2LM8,51.92,0.411500,1.00,-360.522,149.485,0.471197,0.241230
1169,2LMA,51.14,0.520600,1.00,-1111.339,104.783,0.527546,0.224850
1170,2LMB,25.58,0.458000,1.00,-887.237,355.042,1.277649,0.227870
1171,2LMF,69.57,0.699100,1.00,-1584.784,78.143,0.276197,0.411430
1172,2LMZ,56.55,0.501400,1.00,-3752.553,278.895,0.495820,0.420390
1173,2LNE,53.85,0.441100,1.00,-364.692,110.465,0.409090,0.284930
1174,2LNF,46.15,0.457500,1.00,-364.692,110.465,0.391943,0.219500
1175,2LNG,44.23,0.448800,1.00,-364.692,110.465,0.411270,0.250680
1176,2LO2,73.03,0.629300,1.00,-2127.791,159.205,0.359584,0.584280
1177,2LO3,60.80,0.656300,1.00,-2712.592,210.285,0.672198,0.489290
1178,2LO7,70.16,0.558500,1.00,-2216.819,144.357,0.598661,0.500960
1179,2LQ0,69.00,0.504600,1.00,-1587.276,110.890,0.498168,0.433260
1180,2LQ1,38.00,0.494500,1.00,-1035.545,121.007,0.629682,0.177760
1181,2LQ2,52.50,0.558400,1.00,-1319.343,117.892,0.573264,0.366800
1182,2LQA,72.30,0.590100,1.00,-2705.440,213.414,0.219606,0.526190
1183,2LQX,85.98,0.649900,1.00,-3071.953,159.400,0.326167,0.759540
1184,2LQY,68.75,0.579600,1.00,-1388.168,27.605,0.438338,0.291830
1185,2LR3,79.26,0.600400,1.00,-3244.985,228.794,0.200021,0.692550
1186,2LR5,77.63,0.634900,1.00,-2856.005,169.584,0.269792,0.614180
1187,2LR7,34.48,0.445100,1.00,-2059.497,100.951,0.943301,0.205650
1188,2LRX,55.56,0.593200,1.00,-3321.503,164.762,0.529397,0.425850
1189,2LS1,38.75,0.403300,1.00,-1078.192,189.707,0.615347,0.146500
1190,2LS2,76.00,0.669200,1.00,-1924.821,49.050,0.374863,0.479040
1191,2LS3,69.83,0.701000,1.00,-2574.948,49.001,0.343634,0.503010
1192,2LS4,63.54,0.566800,1.00,-1477.014,51.244,0.371836,0.351790
1193,2LS9,61.00,0.611100,1.00,-1282.963,61.762,0.385031,0.237770
1194,2LSA,71.74,0.651200,1.00,-1250.464,98.725,0.287354,0.306940
1195,2LSQ,63.00,0.490600,1.00,-1726.206,157.017,0.459096,0.282450
1196,2LSW,34.38,0.562600,1.00,-1262.758,198.793,1.291148,0.243800
1197,2LT8,81.55,0.726000,1.00,-3163.874,177.580,0.206311,0.691780
1198,2LTI,26.09,0.539700,1.00,-670.757,167.506,1.409458,0.162600
1200,2LU9,78.23,0.682700,1.00,-2123.744,132.596,0.247590,0.502300
1201,2LUF,57.50,0.504500,1.00,-707.753,109.177,0.547590,0.181650
1202,2LUG,38.19,0.545100,1.00,-1447.434,234.731,1.349722,0.299260
1203,2LUR,68.10,0.576700,1.00,-1889.937,147.177,0.417108,0.401110
1204,2LUV,25.71,0.478700,1.00,-959.985,346.729,1.450644,0.250250
1205,2LVG,70.00,0.704900,1.00,-2791.085,70.866,0.329759,0.498140
1206,2LWB,60.00,0.482400,1.00,-1366.784,93.704,0.419604,0.213710
1207,2LWL,69.39,0.631000,1.00,-2903.534,321.230,0.593889,0.602250
1208,2LWQ,57.81,0.524200,1.00,-676.633,152.650,0.341913,0.214880
1209,2LWS,60.42,0.503700,1.00,-419.390,119.145,0.275038,0.321530
1210,2LWT,52.78,0.397800,1.00,-898.361,130.629,0.506529,0.208310
1211,2LWU,83.33,0.722700,1.00,-646.577,58.018,0.240816,0.381560
1212,2LWV,82.35,0.690000,1.00,-791.411,128.058,0.189679,0.280080
1213,2LX0,59.38,0.650800,1.00,-2969.291,57.015,0.468727,0.388680
1214,2LX4,69.12,0.485600,1.00,-1067.521,43.905,0.483671,0.432080
1215,2LX5,86.11,0.687800,1.00,-894.628,37.829,0.285430,0.474970
1216,2LX6,36.84,0.573000,1.00,-611.043,87.358,1.073306,0.156960
1217,2LXO,46.59,0.463200,1.00,-3252.653,240.929,0.602446,0.348990
1218,2LXZ,91.41,0.736000,1.00,-2253.042,161.649,0.113820,0.682240
1219,2LYE,36.11,0.321800,1.00,-594.565,140.546,0.671645,0.207140
1220,2LYF,34.72,0.340300,1.00,-799.957,96.487,0.642539,0.164980
1221,2LZI,55.56,0.377900,1.00,-692.511,132.467,0.428549,0.209400
1222,2LZO,42.24,0.399600,1.00,-1605.658,165.262,0.859779,0.191800
1223,2LZP,53.23,0.477900,1.00,-1803.576,107.920,0.619852,0.487370
1224,2LZQ,74.04,0.676000,1.00,-2126.292,158.175,0.338616,0.485830
1225,2LZX,73.65,0.598700,1.00,-2666.795,159.608,0.232524,0.545430
1226,2LZY,81.43,0.659600,1.00,-2220.913,236.379,0.288229,0.619400
1227,2M0H,70.45,0.641700,1.00,-1511.631,64.603,0.346437,0.392930
1228,2M0S,45.54,0.471100,1.00,-1592.097,128.729,0.761814,0.271980
1229,2M0W,46.74,0.577900,1.00,-987.566,173.790,0.811248,0.256000
1230,2M1A,85.58,0.627000,1.00,-1300.858,59.504,0.160906,0.485760
1231,2M1J,65.83,0.608100,1.00,-1982.578,57.205,0.523587,0.439020
1232,2M1P,44.44,0.361900,1.00,-912.740,71.069,0.471397,0.203640
1233,2M1T,61.36,0.586500,1.00,-1408.478,70.406,0.491962,0.277430
1234,2M2G,44.44,0.362000,1.00,-618.213,112.685,0.523976,0.196990
1235,2M2H,34.72,0.306000,1.00,-857.629,80.374,0.539227,0.113430
1236,2M2Q,85.16,0.713100,1.00,-2428.867,191.323,0.204849,0.652730
1237,2M2R,67.42,0.559300,1.00,-2193.295,168.992,0.313331,0.428540
1238,2M2S,44.44,0.332400,1.00,-837.731,64.127,0.455767,0.157430
1239,2M2X,30.56,0.282500,1.00,-898.926,18.222,1.030781,0.128240
1240,2M2Y,45.83,0.431500,1.00,-662.703,138.429,0.565071,0.168330
1241,2M36,45.39,0.352200,1.00,-1423.830,616.007,0.642852,0.302540
1242,2M37,32.89,0.545000,1.00,-456.238,148.412,1.157182,0.149110
1243,2M3F,87.50,0.720500,1.00,-1631.561,60.055,0.123141,0.535660
1244,2M3J,80.30,0.673300,1.00,-2224.048,198.065,0.224738,0.591900
1245,2M3N,52.78,0.459100,1.00,-621.084,114.103,0.452018,0.132020
1246,2M4X,64.29,0.504200,1.00,-2125.932,212.819,0.313706,0.372050
1247,2M4Z,57.14,0.500100,1.00,-2148.300,237.019,0.392403,0.358960
1248,2M50,65.00,0.529400,1.00,-2099.055,223.819,0.344193,0.430040
1249,2M5L,51.25,0.584000,1.00,-809.106,120.623,0.517912,0.198190
1250,2M5X,92.50,0.819300,1.00,-2801.996,154.147,0.205552,0.832900
1251,2M5Z,93.75,0.735700,1.00,-5287.151,158.596,0.106578,0.863950
1252,2M60,85.47,0.696700,1.00,-5564.520,170.099,0.166934,0.726100
1253,2M62,52.08,0.500400,1.00,-473.007,128.780,0.392163,0.194330
1254,2M6A,79.46,0.659100,1.00,-1915.543,99.008,0.170776,0.468050
1255,2M6O,78.65,0.690300,1.00,-3078.987,256.898,0.383292,0.705780
1256,2M6P,80.98,0.663300,1.00,-3303.680,240.026,0.443965,0.711940
1257,2M73,60.00,0.597200,1.00,-1666.530,54.127,0.350364,0.310020
1258,2M77,88.89,0.667600,1.00,-815.065,87.880,0.147962,0.312390
1259,2M78,54.17,0.419600,1.00,-957.168,96.170,0.391925,0.199190
1260,2M79,80.56,0.677600,1.00,-846.574,92.872,0.203779,0.252210
1261,2M7C,76.19,0.629200,1.00,-1132.111,75.678,0.341643,0.285330
1262,2M7D,62.50,0.585900,1.00,-1101.559,83.080,0.517269,0.380490
1263,2M7E,42.31,0.392100,1.00,-1406.237,141.113,0.710491,0.322950
1264,2M7I,39.29,0.542800,1.00,-268.420,59.533,0.932863,0.184020
1265,2M7J,44.64,0.421500,1.00,-358.127,93.099,0.529610,0.238720
1266,2M7P,78.57,0.675400,1.00,-2549.545,246.655,0.291424,0.656500
1267,2M7T,78.79,0.627900,1.00,-2001.551,237.931,0.266654,0.618980
1268,2M7X,40.79,0.509200,1.00,-2015.767,142.507,0.829575,0.266050
1269,2M8F,27.08,0.412200,1.00,-973.046,98.965,0.881205,0.205140
1270,2M8I,75.00,0.683700,1.00,-2488.863,207.984,0.352595,0.597470
1271,2M8J,75.00,0.710000,1.00,-2559.473,226.970,0.453603,0.632130
1272,2M8M,74.11,0.681000,1.00,-2169.316,154.329,0.313356,0.463490
1273,2M8O,68.75,0.655000,1.00,-2169.316,154.329,0.270892,0.466150
1274,2M96,72.16,0.644000,1.00,-2242.776,216.182,0.311621,0.582640
1275,2M9E,87.88,0.746100,1.00,-2213.314,190.618,0.192759,0.692150
1276,2M9F,74.24,0.702600,1.00,-2213.314,190.618,0.353089,0.514270
1277,2M9I,77.21,0.689100,1.00,-2146.181,192.683,0.314396,0.570890
1278,2M9J,81.62,0.705800,1.00,-2146.181,192.683,0.303832,0.631060
1279,2M9L,89.29,0.732600,1.00,-2396.593,168.071,0.329282,0.772390
1280,2M9O,90.52,0.731000,1.00,-1996.852,168.892,0.214272,0.707440
1281,2M9R,28.12,0.445600,1.00,-1328.132,307.141,1.618295,0.193320
1282,2M9S,30.00,0.464300,1.00,-1328.132,307.141,1.369426,0.200030
1283,2MAA,75.00,0.647700,1.00,-648.216,91.197,0.237626,0.448050
1284,2MAE,45.19,0.469700,1.00,-802.839,247.433,0.690301,0.281910
1285,2MAU,54.17,0.514300,1.00,-1856.567,312.160,0.464755,0.312300
1286,2MBD,73.15,0.646200,1.00,-1442.864,132.318,0.377834,0.510900
1287,2MBY,59.24,0.579400,1.00,-3425.373,157.742,0.676340,0.462960
1288,2MCE,47.62,0.465200,1.00,-623.137,166.673,0.507434,0.191930
1289,2MD1,80.88,0.636300,1.00,-752.210,70.564,0.169404,0.336010
1290,2MD2,50.00,0.473000,1.00,-344.647,71.786,0.356419,0.316890
1291,2MD4,89.58,0.644700,1.00,-574.899,31.561,0.131843,0.380750
1292,2MD6,79.17,0.596700,1.00,-981.801,68.494,0.182507,0.294540
1293,2MDC,44.79,0.485500,1.00,-3062.082,215.105,0.955336,0.381650
1294,2MDL,33.33,0.396900,1.00,-1328.651,137.693,0.731058,0.102040
1295,2MDU,42.24,0.466700,1.00,-1445.368,226.132,1.206737,0.272320
1296,2ME1,64.81,0.546600,1.00,-2487.225,50.401,0.376786,0.428030
1297,2ME2,58.33,0.610100,1.00,-2337.417,53.924,0.419935,0.343120
1298,2ME3,60.19,0.585400,1.00,-2336.743,70.155,0.334801,0.307930
1299,2ME4,62.04,0.577400,1.00,-2309.206,73.645,0.367382,0.388680
1300,2ME7,92.42,0.750000,1.00,-2298.350,102.016,0.246724,0.771610
1301,2MEL,89.39,0.762400,1.00,-2260.770,118.584,0.172020,0.716370
1302,2MEN,82.58,0.677500,1.00,-2041.096,117.044,0.351073,0.611570
1303,2MEO,79.55,0.649600,1.00,-2219.376,112.268,0.363529,0.590920
1304,2MF3,27.13,0.289300,1.00,-3409.699,286.004,0.890611,0.195540
1305,2MFM,41.67,0.491100,1.00,-441.249,119.349,0.588684,0.196970
1306,2MFO,53.33,0.422000,1.00,-373.731,86.838,0.441204,0.145380
1307,2MFP,36.29,0.428100,1.00,-1177.556,176.164,0.689902,0.220820
1308,2MFS,84.29,0.688500,1.00,-2333.689,175.471,0.173247,0.684610
1309,2MFV,37.50,0.539600,1.00,-88.180,60.824,0.845587,0.173280
1310,2MG1,77.78,0.717400,1.00,-1798.366,43.929,0.283029,0.489420
1311,2MG2,73.21,0.661200,1.00,-2036.356,77.235,0.375065,0.534980
1312,2MG3,72.32,0.655800,1.00,-2036.356,77.235,0.408197,0.453610
1313,2MH1,73.48,0.666800,1.00,-1813.534,184.611,0.365343,0.520520
1314,2MHU,40.83,0.428400,1.00,-1798.280,198.511,0.634552,0.208490
1315,2MHW,45.37,0.616600,1.00,-1586.185,71.698,0.720523,0.346940
1316,2MI1,48.21,0.422100,1.00,-580.713,82.807,0.449076,0.231090
1317,2MI9,42.50,0.456000,1.00,-1716.852,263.660,0.594952,0.238980
1318,2MIA,43.33,0.460700,1.00,-1716.852,263.660,0.580066,0.250680
1319,2MID,56.25,0.463100,1.00,-372.229,71.764,0.402124,0.338600
1320,2MIE,41.67,0.499800,1.00,-344.010,51.915,0.659672,0.133360
1321,2MIF,37.50,0.527700,1.00,-277.877,54.481,0.720155,0.299690
1322,2MIG,43.75,0.515500,1.00,-371.530,69.584,0.691717,0.299090
1323,2MIH,39.29,0.508800,1.00,-345.650,83.695,0.957523,0.215490
1324,2MIJ,66.22,0.585000,1.00,-2841.440,68.182,0.314741,0.502560
1325,2MIX,61.90,0.542000,1.00,-1105.246,164.300,0.558294,0.241320
1326,2MJ1,40.28,0.386700,1.00,-661.725,96.425,0.697733,0.221770
1327,2MJ2,63.89,0.595200,1.00,-2264.334,184.760,0.729294,0.535890
1328,2MJ9,51.92,0.649200,1.00,-1989.456,203.765,0.918833,0.370540
1329,2MJC,61.76,0.634200,1.00,-1835.545,197.341,0.816495,0.456120
1330,2MJK,87.20,0.725300,1.00,-3623.357,214.483,0.220739,0.738350
1331,2MKB,66.00,0.578600,1.00,-1704.034,157.727,0.413606,0.379660
1332,2ML7,66.13,0.602000,1.00,-2061.734,219.181,0.269782,0.371380
1333,2MLA,93.24,0.731100,1.00,-2365.855,177.905,0.098127,0.790020
1334,2MLD,92.57,0.750900,1.00,-2481.796,204.056,0.102030,0.793230
1335,2MLJ,34.72,0.491800,1.00,-502.154,104.842,0.993710,0.185320
1336,2MLO,82.81,0.619600,1.00,-888.228,92.965,0.167813,0.278020
1337,2MLQ,78.12,0.577000,1.00,-888.228,92.965,0.219384,0.328670
1338,2MLU,45.00,0.447900,1.00,-1074.754,195.571,0.536036,0.224540
1339,2MLV,46.67,0.482500,1.00,-1074.754,195.571,0.532176,0.223160
1340,2MM5,40.00,0.459700,1.00,-1506.994,276.652,0.663763,0.207400
1341,2MM6,85.83,0.675500,1.00,-2194.573,217.085,0.175613,0.578740
1342,2MMM,62.50,0.666400,1.00,-1515.112,299.026,0.390894,0.442450
1343,2MMT,36.90,0.378000,1.00,-979.259,131.541,0.632865,0.152350
1344,2MMW,48.81,0.454800,1.00,-963.933,165.749,0.545546,0.106890
1345,2MN1,85.83,0.696200,1.00,-2029.615,134.342,0.200899,0.645760
1346,2MN3,52.84,0.526600,1.00,-2100.920,297.295,0.503643,0.412460
1347,2MOC,65.91,0.613100,1.00,-369.566,73.751,0.271188,0.295410
1348,2MOF,60.71,0.589000,1.00,-2678.508,155.406,0.554381,0.521220
1349,2MPJ,78.00,0.609600,1.00,-1359.041,114.981,0.273138,0.440140
1350,2MPQ,84.03,0.689400,1.00,-2115.606,202.309,0.241268,0.674420
1351,2MQ2,48.21,0.461600,1.00,-336.232,99.939,0.570460,0.181080
1352,2MQ4,56.82,0.504600,1.00,-217.281,79.559,0.539430,0.238950
1353,2MQ5,60.00,0.422700,1.00,-121.508,69.061,0.384018,0.345780
1354,2MQF,97.79,0.783500,1.00,-1986.499,258.746,0.079807,0.841310
1355,2MQU,57.14,0.486500,1.00,-2731.809,262.592,0.416749,0.407190
1356,2MR9,86.36,0.709600,1.00,-4353.184,138.845,0.170916,0.774510
1357,2MRB,45.16,0.408600,1.00,-1797.840,226.938,0.629054,0.239630
1358,2MRF,79.55,0.677500,1.00,-2187.564,137.151,0.264791,0.545660
1359,2MRT,46.67,0.440600,1.00,-1799.536,208.797,0.619325,0.224930
1360,2MRW,36.88,0.300800,1.00,-3381.350,191.771,1.083422,0.363100
1361,2MSF,44.83,0.428500,1.00,-1714.044,292.718,0.669684,0.332960
1362,2MSO,72.50,0.582100,1.00,-1786.792,244.221,0.370299,0.451320
1363,2MSQ,67.59,0.565300,1.00,-1682.882,138.707,0.285875,0.337650
1364,2MSU,66.25,0.615900,1.00,-1170.455,57.612,0.367432,0.328960
1365,2MT7,95.00,0.773500,1.00,-2304.999,183.053,0.134605,0.808410
1366,2MT8,66.67,0.583400,1.00,-2351.997,222.420,0.569120,0.570140
1367,2MTM,44.74,0.473400,1.00,-942.941,168.599,0.573614,0.165590
1368,2MTO,69.23,0.502200,1.00,-589.513,101.021,0.435164,0.238380
1369,2MTT,75.00,0.546500,1.00,-509.255,76.439,0.290567,0.264080
1370,2MTU,71.15,0.538200,1.00,-509.255,76.439,0.324641,0.245780
1371,2MTW,63.75,0.537100,1.00,-1146.505,72.862,0.466742,0.288960
1372,2MTY,45.00,0.559200,1.00,-839.734,76.973,0.550746,0.108420
1373,2MU6,68.75,0.572700,1.00,-1314.089,68.452,0.471312,0.314660
1374,2MU7,51.25,0.502600,1.00,-711.909,110.112,0.494731,0.184580
1375,2MU8,40.00,0.491700,1.00,-962.016,135.715,0.619288,0.115190
1376,2MU9,75.00,0.647900,1.00,-1359.060,79.133,0.373610,0.378050
1377,2MUA,84.52,0.706700,1.00,-1258.099,71.226,0.191564,0.394820
1378,2MUB,89.88,0.716700,1.00,-3544.807,262.085,0.196721,0.793580
1379,2MUE,66.25,0.568300,1.00,-1211.568,87.470,0.402150,0.296460
1380,2MUF,65.00,0.545700,1.00,-890.994,102.746,0.405501,0.335570
1381,2MUH,46.88,0.385600,1.00,-547.921,110.473,0.575101,0.198580
1382,2MUJ,30.95,0.445900,1.00,-780.235,139.000,0.751949,0.105100
1383,2MUN,44.02,0.462600,1.00,-3526.876,178.100,0.884098,0.348140
1384,2MUQ,71.59,0.693200,1.00,-2813.848,180.032,0.453148,0.587350
1385,2MV6,54.59,0.689500,1.00,-3517.738,212.616,0.511871,0.562720
1386,2MVA,63.89,0.534100,1.00,-1380.800,161.886,0.438126,0.320570
1387,2MVH,67.31,0.634800,1.00,-1453.520,86.301,0.649155,0.410050
1388,2MVI,38.37,0.391600,1.00,-3081.733,425.038,0.731523,0.320870
1389,2MVJ,81.73,0.656200,1.00,-1885.529,81.782,0.189721,0.559550
1390,2MVK,37.50,0.459600,1.00,-802.839,247.433,0.668396,0.201550
1391,2MVL,29.81,0.457800,1.00,-802.839,247.433,0.810097,0.204400
1392,2MVM,50.00,0.636400,1.00,-2258.516,251.186,1.110118,0.414300
1393,2MVN,52.84,0.670300,1.00,-2258.516,251.186,0.749260,0.506910
1394,2MVT,46.28,0.460900,1.00,-3826.104,194.101,0.936721,0.369480
1395,2MW0,80.17,0.641100,1.00,-1854.775,188.972,0.268239,0.512290
1396,2MW3,34.52,0.515900,1.00,-915.026,111.504,0.973874,0.166330
1397,2MW7,72.30,0.664800,1.00,-1896.078,321.587,0.341120,0.527370
1398,2MW9,82.43,0.719400,1.00,-2317.078,213.720,0.360542,0.665370
1399,2MWA,70.27,0.617800,1.00,-2504.327,151.771,0.698958,0.523320
1400,2MWB,75.00,0.681700,1.00,-2268.753,202.247,0.354918,0.598990
1401,2MWD,84.82,0.686200,1.00,-1639.622,128.276,0.168339,0.508690
1402,2MWE,79.46,0.663300,1.00,-1579.734,124.690,0.199997,0.488710
1403,2MWF,77.34,0.642400,1.00,-2010.846,178.070,0.260901,0.520720
1404,2MWJ,93.75,0.822900,1.00,-2358.494,194.320,0.094886,0.798330
1405,2MWK,94.44,0.822900,1.00,-2358.494,194.320,0.089738,0.796440
1406,2MWL,50.00,0.453200,1.00,-428.476,103.717,0.520759,0.229660
1407,2MWT,49.26,0.494000,1.00,-1513.606,209.381,0.760820,0.349350
1408,2MX4,39.44,0.519300,1.00,-1831.001,351.544,1.563452,0.313400
1409,2MXG,54.69,0.482000,1.00,-428.476,103.717,0.432251,0.191110
1410,2MXH,50.00,0.500700,1.00,-428.476,103.717,0.679795,0.240910
1411,2MXM,96.21,0.794400,1.00,-2225.082,198.013,0.070367,0.844160
1412,2MXO,88.24,0.678900,1.00,-2222.472,165.689,0.154397,0.707510
1413,2MXP,92.42,0.803400,1.00,-2519.885,172.902,0.215584,0.791290
1414,2MXQ,68.38,0.561100,1.00,-2109.194,174.628,0.302981,0.454230
1415,2MXV,65.70,0.598100,1.00,-2594.647,211.909,0.666452,0.535060
1416,2MYH,50.00,0.457500,1.00,-2153.533,325.894,0.635243,0.379810
1417,2MYL,82.50,0.647700,1.00,-1562.511,36.327,0.319441,0.362060
1418,2MYM,56.25,0.541600,1.00,-1433.322,42.490,0.431628,0.245760
1419,2MZ2,70.59,0.631200,1.00,-804.953,85.672,0.362028,0.348390
1420,2MZ3,67.65,0.633800,1.00,-804.953,85.672,0.389909,0.246380
1421,2MZ4,45.11,0.469200,1.00,-3526.876,178.100,0.829862,0.363010
1422,2MZ7,17.93,0.515300,1.00,-1339.404,258.177,1.573587,0.174580
1423,2MZA,54.41,0.535700,1.00,-804.953,85.672,0.469965,0.300050
1424,2MZX,65.00,0.494600,1.00,-446.109,59.863,0.326921,0.355720
1426,2N0X,34.38,0.530400,1.00,-507.341,75.530,0.896203,0.208240
1427,2N16,72.50,0.537500,1.00,-1167.935,82.674,0.273212,0.266090
1428,2N1C,38.04,0.416100,1.00,-802.086,160.176,0.639166,0.161800
1429,2N1N,87.86,0.690100,1.00,-2531.869,196.420,0.145154,0.684980
1430,2N1P,70.00,0.589400,1.00,-1820.810,105.703,0.368943,0.467270
1431,2N1S,84.17,0.696300,1.00,-1902.779,189.074,0.177672,0.576780
1432,2N24,67.74,0.594300,1.00,-1682.374,201.168,0.673050,0.517870
1433,2N2C,40.70,0.587700,1.00,-1981.439,203.414,0.740664,0.382200
1434,2N2F,73.08,0.587200,1.00,-429.107,87.316,0.250309,0.339930
1435,2N2G,86.36,0.726700,1.00,-2167.570,228.812,0.155253,0.652260
1436,2N2S,42.97,0.450900,1.00,-2212.708,270.792,0.804723,0.262920
1437,2N3P,83.59,0.611700,1.00,-2127.320,161.080,0.247691,0.628740
1438,2N4K,64.53,0.575400,1.00,-1936.268,205.506,0.352764,0.478110
1439,2N4R,85.81,0.760200,1.00,-2371.020,174.089,0.594336,0.776360
1440,2N4S,81.76,0.737400,1.00,-2236.413,184.826,0.464139,0.696980
1441,2N4T,86.49,0.734400,1.00,-2382.799,171.751,0.320452,0.741070
1442,2N4U,81.76,0.693200,1.00,-2503.119,181.131,0.334205,0.675420
1443,2N4V,77.70,0.733600,1.00,-2322.122,179.569,0.611121,0.646550
1444,2N4W,81.08,0.719900,1.00,-2332.708,192.886,0.403585,0.661540
1445,2N58,71.67,0.584800,1.00,-2437.362,125.547,0.270245,0.449000
1446,2N5C,41.67,0.384800,1.00,-542.172,70.703,0.589234,0.215090
1447,2N5J,79.08,0.686200,1.00,-4352.893,174.283,0.199873,0.701620
1448,2N5K,74.14,0.602700,1.00,-1459.712,206.864,0.354282,0.485900
1449,2N5Q,86.11,0.693300,1.00,-1863.184,150.807,0.230623,0.617110
1450,2N5R,91.67,0.639400,1.00,-600.005,45.399,0.165922,0.494900
1451,2N63,42.19,0.418200,1.00,-428.476,103.717,0.538916,0.241480
1452,2N68,39.13,0.575200,1.00,-670.757,167.506,1.248426,0.172370
1453,2N6B,84.56,0.671200,1.00,-2553.985,153.124,0.149715,0.641180
1454,2N6M,70.24,0.682100,1.00,-1140.976,73.921,0.263817,0.307400
1455,2N6N,66.41,0.545200,1.00,-2070.702,155.331,0.513090,0.470310
1456,2N6O,82.14,0.651600,1.00,-2524.981,197.807,0.363247,0.658930
1457,2N6U,27.50,0.415000,1.00,-1072.435,67.959,1.001379,0.161370
1458,2N6V,32.29,0.417200,1.00,-973.046,98.965,0.868239,0.190380
1459,2N7F,54.69,0.473400,1.00,-2621.233,215.767,0.494330,0.309540
1460,2N7I,65.54,0.626600,1.00,-3070.049,127.600,0.526153,0.592090
1461,2N85,48.17,0.414400,1.00,-3027.348,128.181,1.102114,0.437220
1462,2N8B,59.72,0.550000,1.00,-2161.171,256.416,0.573943,0.423910
1463,2N8E,45.59,0.468700,1.00,-1642.452,306.039,0.886878,0.339680
1464,2N8H,71.43,0.536500,1.00,-2116.347,229.392,0.335253,0.483620
1465,2N8S,83.97,0.763100,1.00,-2404.708,186.134,0.327787,0.709460
1466,2N8U,73.72,0.683800,1.00,-1932.058,179.660,0.336246,0.589470
1467,2N92,45.16,0.513000,1.00,-1687.172,126.836,0.703925,0.378790
1468,2N94,85.94,0.741600,1.00,-3151.764,246.917,0.210014,0.765340
1469,2N95,81.63,0.727600,1.00,-2945.394,224.680,0.293875,0.723460
1470,2N9C,51.25,0.491000,1.00,-708.314,96.347,0.540844,0.226170
1471,2N9M,53.12,0.480700,1.00,-428.476,103.717,0.464196,0.205720
1472,2N9N,37.50,0.415300,1.00,-428.476,103.717,0.599344,0.252130
1473,2N9O,74.40,0.707700,1.00,-3064.218,255.612,0.670225,0.642960
1474,2N9T,70.00,0.535500,1.00,-1876.755,195.566,0.358393,0.453300
1475,2N9Z,79.76,0.760400,1.00,-2418.157,262.695,0.494074,0.686170
1476,2NA3,89.58,0.647300,1.00,-889.423,32.830,0.172868,0.634620
1477,2NA8,60.80,0.649500,1.00,-3186.549,166.903,0.690514,0.523650
1478,2NA9,55.68,0.601600,1.00,-3402.054,169.405,0.589373,0.518540
1479,2NAB,65.24,0.671400,1.00,-2832.617,184.049,0.856546,0.571070
1480,2NAE,26.16,0.423700,1.00,-1777.407,263.436,1.214280,0.250770
1481,2NAJ,86.36,0.711500,1.00,-2204.958,222.802,0.172339,0.647030
1482,2NAL,89.58,0.699500,1.00,-879.788,33.617,0.211385,0.468250
1483,2NAT,42.86,0.499500,1.00,-1837.045,111.489,0.608511,0.250300
1484,2NAU,64.29,0.555900,1.00,-1723.919,51.378,0.492943,0.328180
1485,2NAW,37.18,0.546700,1.00,-2331.003,190.603,1.072838,0.331310
1486,2NB2,82.24,0.700800,1.00,-3205.099,163.578,0.211273,0.651500
1487,2NB5,60.29,0.512700,1.00,-702.253,116.242,0.341196,0.245860
1488,2NB6,71.88,0.626300,1.00,-743.844,109.703,0.246882,0.304650
1489,2NB7,36.76,0.454800,1.00,-491.082,92.314,0.728221,0.180180
1490,2NB8,53.70,0.519100,1.00,-1410.807,137.735,0.704368,0.338190
1491,2NB9,72.45,0.586500,1.00,-3512.627,254.613,0.702819,0.662360
1492,2NC3,87.88,0.773800,1.00,-2213.314,190.618,0.163443,0.660380
1493,2NC4,82.58,0.762900,1.00,-2213.314,190.618,0.215014,0.608650
1494,2NC5,90.91,0.759700,1.00,-2213.314,190.618,0.177527,0.708570
1495,2NC6,90.15,0.783300,1.00,-2213.314,190.618,0.121313,0.701950
1496,2NC7,80.56,0.574000,1.00,-734.080,147.973,0.175347,0.226330
1497,2NCS,59.03,0.629100,1.00,-2558.357,164.065,0.595009,0.555480
1498,2NCT,63.89,0.619600,1.00,-2558.357,164.065,0.571896,0.594260
1499,2NCU,61.90,0.570600,1.00,-1445.397,66.613,0.425650,0.332170
1500,2NCV,58.33,0.562700,1.00,-1449.377,53.360,0.579641,0.275020
1501,2NCW,60.42,0.583200,1.00,-1531.447,86.487,0.425067,0.316110
1502,2NCX,85.42,0.749800,1.00,-1682.615,39.774,0.196502,0.452370
1503,2NCY,64.58,0.652400,1.00,-1584.800,65.186,0.519834,0.424750
1504,2ND2,86.36,0.679200,1.00,-3756.338,160.784,0.162151,0.760160
1505,2ND3,83.55,0.691900,1.00,-2986.435,162.211,0.134969,0.688110
1506,2ND6,72.06,0.631000,1.00,-953.666,61.756,0.258665,0.300160
1507,2ND7,70.59,0.634400,1.00,-953.666,61.756,0.348618,0.306700
1508,2ND8,67.65,0.547000,1.00,-953.666,61.756,0.437489,0.279990
1509,2NDB,43.37,0.409000,1.00,-3007.913,238.559,0.780023,0.349840
1510,2NDC,65.28,0.515600,1.00,-989.582,52.998,0.403065,0.288800
1511,2NDE,48.61,0.480500,1.00,-802.814,85.091,0.530802,0.204270
1512,2NDI,47.83,0.500200,1.00,-2375.169,280.067,0.785656,0.352620
1513,2NDK,46.88,0.714600,1.00,-3054.273,86.260,0.990062,0.410470
1514,2NDL,64.06,0.644300,1.00,-742.333,89.522,0.271147,0.240230
1515,2NDM,63.46,0.509700,1.00,-588.435,53.114,0.275223,0.298090
1516,2NDN,84.38,0.727100,1.00,-836.343,57.996,0.155783,0.303980
1517,2NOR,50.00,0.480900,1.00,-393.921,43.083,0.350468,0.277650
1518,2NOU,75.00,0.563600,1.00,-361.924,65.078,0.320885,0.365050
1519,2NR1,71.30,0.619800,1.00,-1542.421,84.632,0.618179,0.502500
1520,2NS4,35.71,0.427300,1.00,-246.233,151.434,0.612168,0.246750
1521,2NVJ,51.00,0.549300,1.00,-1992.552,44.156,0.578290,0.257760
1522,2NX6,43.52,0.485500,1.00,-1465.770,175.548,0.730005,0.198120
1523,2NX7,38.39,0.407000,1.00,-1443.674,183.306,0.794522,0.177070
1526,2NZ3,59.38,0.556200,1.00,-2971.569,194.552,0.533950,0.498790
1527,2NZZ,35.81,0.462900,1.00,-2826.153,101.673,1.186487,0.248080
1528,2O00,35.14,0.434100,1.00,-2826.153,101.673,1.018437,0.253310
1529,2O0S,50.00,0.437000,1.00,-514.607,90.549,0.382084,0.243910
1530,2OBU,57.74,0.655600,1.00,-2712.299,136.632,0.654931,0.497360
1532,2OJM,28.41,0.329100,1.00,-913.423,112.352,0.877330,0.124240
1533,2OJN,36.36,0.428000,1.00,-913.936,115.224,0.702691,0.122720
1534,2OJO,78.41,0.686900,1.00,-1496.002,65.041,0.181871,0.406180
1535,2OP7,48.72,0.437000,1.00,-2497.877,298.933,1.047762,0.329850
1536,2OQ9,44.79,0.582000,1.00,-962.842,102.714,0.714842,0.241670
1537,2ORU,70.00,0.605000,1.00,-1035.504,90.377,0.291585,0.193580
1538,2OVN,85.29,0.633300,1.00,-1006.058,44.567,0.217601,0.405760
1539,2OYV,65.38,0.466300,1.00,-467.139,88.074,0.528010,0.286690
1540,2OYW,67.31,0.467400,1.00,-467.139,88.074,0.517415,0.334620
1541,2P4L,28.80,0.341100,1.00,-3224.167,216.998,0.988022,0.245660
1542,2P5J,57.35,0.508200,1.00,-772.649,87.299,0.580575,0.214510
1543,2P81,61.93,0.459400,1.00,-3678.323,115.040,0.867864,0.521070
1544,2PCO,86.54,0.681600,1.00,-1514.532,105.251,0.269843,0.645910
1545,2PDD,81.98,0.653600,1.00,-3768.267,182.308,0.299562,0.716640
1546,2PDE,31.98,0.364700,1.00,-3768.267,182.308,0.705405,0.365190
1547,2PJV,41.94,0.532400,1.00,-969.068,98.197,0.639091,0.325090
1548,2PO8,69.85,0.607300,1.00,-1827.399,256.809,0.427141,0.515480
1549,2PPZ,72.22,0.581300,1.00,-2965.290,122.420,0.236559,0.526740
1550,2PTA,88.57,0.717800,1.00,-2367.736,178.956,0.190366,0.714670
1551,2PV6,63.64,0.609500,1.00,-1802.420,56.055,0.321410,0.247270
1552,2RLG,83.33,0.606800,1.00,-823.162,80.364,0.280587,0.322360
1553,2RLH,84.72,0.630300,1.00,-823.162,80.364,0.229874,0.445290
1554,2RLJ,51.56,0.508300,1.00,-562.552,96.625,0.426208,0.184520
1555,2RLW,53.68,0.554000,1.00,-2023.950,118.607,1.022280,0.411060
1556,2RME,41.45,0.571900,1.00,-2892.659,86.686,0.728822,0.324510
1557,2RMF,77.50,0.736000,1.00,-3123.124,121.259,0.241819,0.606050
1558,2RMG,56.58,0.656200,1.00,-2834.345,96.382,0.416650,0.347200
1559,2RMH,54.61,0.647000,1.00,-2752.537,60.260,0.724347,0.496580
1560,2RMI,83.33,0.720600,1.00,-2332.662,59.921,0.179859,0.529650
1561,2RMV,50.96,0.395800,1.00,-1862.294,192.879,0.762512,0.253890
1562,2RMW,40.38,0.367100,1.00,-1853.543,177.970,0.809234,0.182080
1563,2RMY,63.97,0.602000,1.00,-2034.632,129.681,0.844334,0.488690
1564,2RMZ,79.65,0.697100,1.00,-3420.295,134.455,0.432305,0.676290
1565,2RN0,72.09,0.694200,1.00,-3420.295,134.455,0.364132,0.640180
1566,2RND,58.09,0.591200,1.00,-2034.632,129.681,0.785361,0.599960
1567,2ROO,34.30,0.342100,1.00,-3042.837,320.612,0.737222,0.228280
1568,2RPS,61.72,0.574200,1.00,-1474.474,179.814,0.544141,0.380140
1570,2RQ2,50.83,0.444500,1.00,-2023.552,93.552,0.879847,0.367300
1571,2RQZ,81.58,0.697900,1.00,-2584.121,239.645,0.207259,0.642930
1572,2RR0,76.32,0.638800,1.00,-2584.121,239.645,0.229702,0.585290
1573,2RR2,78.95,0.653400,1.00,-2584.121,239.645,0.195522,0.615860
1574,2RRH,73.28,0.683000,1.00,-2156.502,69.240,0.252189,0.651470
1575,2RRI,67.24,0.675800,1.00,-2156.502,69.240,0.292986,0.511050
1576,2RRS,43.06,0.450100,1.00,-635.913,132.044,0.680260,0.214480
1577,2RSH,69.59,0.582400,1.00,-2281.982,152.622,0.681102,0.565450
1578,2RSW,44.44,0.455000,1.00,-858.767,200.811,0.465824,0.165480
1579,2RT4,49.00,0.544500,1.00,-1028.404,100.859,0.833866,0.235010
1580,2RTY,91.67,0.759700,1.00,-1842.867,116.706,0.101485,0.704760
1581,2RTZ,81.90,0.632100,1.00,-2132.886,117.391,0.229791,0.543810
1582,2RU0,81.25,0.616800,1.00,-2631.326,160.990,0.206257,0.638360
1583,2RUM,36.84,0.415400,1.00,-714.377,100.201,0.558324,0.108720
1584,2RUN,44.44,0.422500,1.00,-1131.356,110.626,0.549779,0.237310
1585,2RUO,84.38,0.727600,1.00,-1003.619,95.599,0.234922,0.370230
1586,2RUT,79.17,0.712200,1.00,-2328.669,152.959,0.448181,0.670810
1587,2RUU,77.08,0.748600,1.00,-2011.112,132.841,0.635228,0.651500
1588,2RUV,79.73,0.716700,1.00,-2281.982,152.622,0.641674,0.708710
1589,2RUW,78.38,0.713400,1.00,-2037.346,215.800,0.366091,0.651540
1590,2RUX,77.78,0.715900,1.00,-2076.144,175.929,0.419990,0.655220
1591,2RUY,71.62,0.682600,1.00,-2222.151,153.925,0.569197,0.593950
1592,2RUZ,82.89,0.754400,1.00,-2338.117,183.454,0.623956,0.746000
1593,2RV0,78.38,0.772400,1.00,-2227.872,163.374,0.584254,0.690160
1594,2RV1,76.35,0.667900,1.00,-2431.588,176.701,0.365574,0.624950
1595,2RV2,79.17,0.801500,1.00,-2040.321,138.514,0.697867,0.670110
1596,2RV3,76.39,0.754900,1.00,-1573.122,134.872,0.421007,0.616070
1597,2RV4,74.32,0.677800,1.00,-2081.951,210.854,0.657899,0.634670
1598,2RV5,82.86,0.774800,1.00,-2029.064,157.000,0.334366,0.713970
1599,2RVD,82.50,0.575300,1.00,-399.107,52.535,0.174892,0.298910
1600,2SH1,72.92,0.635200,1.00,-2542.785,405.352,0.412325,0.633200
1601,2V1V,81.03,0.677200,1.00,-2007.921,171.036,0.179851,0.478860
1602,2VY4,72.30,0.652000,1.00,-2444.698,160.987,0.405490,0.553820
1603,2VY5,76.35,0.667900,1.00,-2444.698,160.987,0.367858,0.563160
1604,2W0T,75.00,0.673400,1.00,-2611.730,237.836,0.294871,0.637800
1605,2W9O,66.30,0.594700,1.00,-2792.335,364.604,0.461182,0.546030
1606,2W9U,67.39,0.599700,1.00,-2685.118,269.365,0.545458,0.567770
1607,2W9V,78.98,0.666400,1.00,-2542.078,229.548,0.300083,0.670440
1608,2W9W,73.30,0.651600,1.00,-2566.055,247.927,0.438435,0.594720
1609,2WH9,84.72,0.725600,1.00,-2473.222,203.122,0.238508,0.682220
1610,2WXC,80.85,0.676300,1.00,-3611.891,164.100,0.366306,0.709040
1611,2XL1,56.25,0.550600,1.00,-1438.858,122.823,0.895019,0.314600
1612,2YRH,65.34,0.725900,1.00,-1881.075,164.577,0.662404,0.548370
1613,2YRJ,69.02,0.702800,1.00,-2151.890,345.246,0.609786,0.630840
1614,2YRM,71.51,0.676900,1.00,-2148.487,200.709,0.619160,0.593650
1615,2YSB,80.10,0.782200,1.00,-2768.248,314.286,0.427438,0.714120
1616,2YSC,74.36,0.701800,1.00,-2342.938,221.156,0.461256,0.601210
1617,2YSF,80.00,0.774400,1.00,-2417.481,175.718,0.450361,0.693920
1618,2YSG,79.38,0.745700,1.00,-2410.041,189.137,0.334461,0.654350
1619,2YSH,75.62,0.675900,1.00,-1918.889,239.224,0.324856,0.604470
1620,2YSI,63.75,0.676000,1.00,-2223.790,209.542,0.741611,0.521100
1621,2YSO,59.78,0.638700,1.00,-2429.412,218.472,0.844823,0.487130
1622,2YSP,52.17,0.641100,1.00,-2339.645,205.646,0.860902,0.466440
1623,2YSV,54.76,0.565200,1.00,-2005.641,225.272,0.771676,0.456650
1624,2YTA,69.51,0.704600,1.00,-1933.304,208.265,0.615066,0.588720
1625,2YTB,64.29,0.645100,1.00,-2152.086,183.489,0.711934,0.522390
1626,2YTD,58.70,0.654400,1.00,-2248.412,218.773,0.903181,0.518470
1627,2YTE,67.26,0.712700,1.00,-2071.527,207.158,0.431259,0.585700
1628,2YTF,57.61,0.636200,1.00,-2240.272,229.284,0.865649,0.215510
1629,2YTG,60.87,0.627700,1.00,-2244.289,269.514,0.970672,0.538050
1630,2YTH,60.33,0.637500,1.00,-2092.065,273.829,1.086909,0.520870
1631,2YTI,58.15,0.658400,1.00,-2149.536,232.776,0.870057,0.500860
1632,2YTJ,60.87,0.624900,1.00,-2253.427,207.029,0.805802,0.507550
1633,2YTK,58.15,0.619300,1.00,-2494.986,255.198,0.782998,0.527180
1634,2YTM,50.00,0.536800,1.00,-2187.305,222.822,0.906164,0.439640
1635,2YTN,59.24,0.719500,1.00,-1963.249,233.900,1.022341,0.536800
1636,2YTO,63.59,0.644600,1.00,-2120.712,208.819,0.751230,0.563750
1637,2YTP,64.67,0.664600,1.00,-2340.239,195.337,0.976017,0.592980
1638,2YTQ,54.89,0.626500,1.00,-2091.465,320.623,0.897682,0.489670
1639,2YTR,64.67,0.690900,1.00,-2151.522,217.597,0.641630,0.545400
1640,2YTS,63.04,0.676700,1.00,-2202.376,217.426,0.811413,0.552710
1641,2YTT,55.43,0.594900,1.00,-2481.215,217.448,0.999709,0.485440
1642,2YU5,62.50,0.555700,1.00,-2303.795,204.304,0.859737,0.541280
1643,2YU8,64.13,0.613200,1.00,-2016.807,303.922,0.794925,0.573560
1644,2YYF,45.00,0.523100,1.00,-578.536,111.946,0.849506,0.206870
1645,2Z3S,76.92,0.617800,1.00,-3052.320,169.862,0.226068,0.559010
1646,2ZAJ,66.84,0.698400,1.00,-2659.269,323.246,0.863675,0.592770
1647,2ZNF,87.50,0.709100,1.00,-869.253,70.222,0.147613,0.439470
1648,3BBG,38.75,0.398700,1.00,-2613.084,283.148,0.758893,0.302300
1649,3CMH,46.67,0.474700,1.00,-629.716,73.012,0.487656,0.249110
1650,3CTI,97.41,0.757800,1.00,-1991.086,158.861,0.089771,0.750170
1651,3LEU,47.30,0.479100,1.00,-2127.188,185.142,0.840885,0.344200
1652,3MRA,85.00,0.741000,1.00,-1857.711,61.460,0.142921,0.551020
1653,3ZNF,80.83,0.670600,1.00,-2054.381,101.075,0.284948,0.568800
1654,4A24,84.57,0.739500,1.00,-3277.401,230.618,0.253588,0.751520
1655,4APD,55.65,0.580500,1.00,-1787.114,102.877,0.454555,0.428080
1656,4B19,71.67,0.702200,1.00,-2307.709,89.700,0.276487,0.408340
1658,4B2U,47.22,0.466100,1.00,-2428.174,239.477,0.831300,0.415160
1659,4B2V,55.47,0.532700,1.00,-1665.155,273.053,0.544414,0.343480
1660,4BMF,86.84,0.693600,1.00,-2359.168,225.515,0.156663,0.730560
1661,4CYK,70.12,0.629200,1.00,-2505.755,260.047,0.496214,0.529500
1662,4ZNF,82.50,0.672300,1.00,-2054.381,101.075,0.279869,0.580560
1663,5A4H,26.28,0.477700,1.00,-1467.559,227.859,1.248809,0.198350
1664,5AAY,89.17,0.739800,1.00,-1959.964,154.441,0.215233,0.735110
1665,5AAZ,84.38,0.750300,1.00,-2017.378,149.161,0.220349,0.637020
1666,5AHT,77.91,0.671500,1.00,-2618.387,255.134,0.550184,0.686510
1667,5FZV,82.03,0.775100,1.00,-1905.302,206.222,0.518980,0.714600
1668,5FZW,68.94,0.609000,1.00,-2042.530,214.395,0.583149,0.494110
1669,5FZX,55.56,0.466000,1.00,-2356.176,216.282,0.673863,0.405840
1671,5GSF,51.85,0.428200,1.00,-1627.441,192.402,0.454456,0.213550
1672,5GVO,50.00,0.411600,1.00,-1021.645,131.455,0.709545,0.246540
1673,5H1H,51.56,0.603500,1.00,-538.087,78.702,0.587955,0.162750
1674,5H1I,40.28,0.496600,1.00,-524.274,117.407,0.732027,0.209100
1675,5H2S,79.00,0.635700,1.00,-964.962,69.669,0.235932,0.491020
1676,5I1X,89.58,0.702700,1.00,-2391.440,216.294,0.174953,0.730190
1677,5I2P,70.14,0.561800,1.00,-2283.457,247.607,0.371886,0.529620
1678,5ID5,29.00,0.350100,1.00,-966.250,168.275,0.952552,0.178460
1679,5IJ4,86.73,0.733900,1.00,-3598.667,322.587,0.263341,0.779260
1680,5ION,85.34,0.739100,1.00,-1960.549,89.462,0.148708,0.611870
1681,5IPO,72.92,0.609000,1.00,-3013.005,273.757,0.601708,0.648160
1682,5J8T,69.68,0.620500,1.00,-2767.154,299.074,0.339190,0.592890
1683,5JHI,95.71,0.756900,1.00,-2490.663,144.692,0.074794,0.856150
1684,5JI4,72.30,0.623700,1.00,-2827.324,184.777,0.287761,0.537550
1685,5JPL,42.65,0.425200,1.00,-889.960,113.821,0.544672,0.221340
1686,5JPX,78.89,0.631000,1.00,-3125.705,221.951,0.336310,0.665820
1687,5JYH,76.14,0.581500,1.00,-2927.854,219.035,0.649819,0.663920
1688,5KGY,81.82,0.672700,1.00,-1601.949,46.389,0.200304,0.324490
1689,5KGZ,44.89,0.514000,1.00,-3387.993,103.653,0.604012,0.390800
1690,5KHB,83.33,0.713000,1.00,-1382.891,52.028,0.177050,0.345110
1691,5KI0,40.79,0.550900,1.00,-167.826,106.184,0.520237,0.171340
1692,5KKM,84.09,0.607300,1.00,-1230.099,159.785,0.251166,0.433050
1693,5KVN,94.44,0.761800,1.00,-2092.510,170.319,0.096765,0.683680
1694,5KWO,78.85,0.568800,1.00,-1607.340,115.905,0.305060,0.522640
1695,5KWX,47.00,0.457800,1.00,-1115.610,130.281,0.749395,0.234830
1696,5KWZ,86.54,0.700400,1.00,-1729.477,81.773,0.140946,0.533740
1697,5KX0,58.65,0.447700,1.00,-1889.101,87.522,0.470221,0.362920
1698,5KX1,61.36,0.483700,1.00,-1110.434,111.799,0.389365,0.269090
1699,5KX2,36.11,0.460100,1.00,-570.516,114.959,0.824539,0.216790
1700,5L1C,84.72,0.692700,1.00,-2503.176,179.602,0.165667,0.665770
1701,5L82,52.03,0.455100,1.00,-2551.225,151.541,0.617923,0.383840
1702,5LAH,30.56,0.366100,1.00,-3023.711,453.420,0.906654,0.352310
1703,5LBJ,76.43,0.747400,1.00,-2827.682,105.873,0.226015,0.696390
1704,5LCS,66.49,0.619900,1.00,-3227.962,322.058,1.018813,0.577400
1705,5LM0,90.18,0.684300,1.00,-1913.699,87.945,0.147145,0.650220
1706,5LME,79.07,0.671100,1.00,-2349.604,247.793,0.408718,0.662370
1707,5M9U,69.05,0.518300,1.00,-1130.514,120.772,0.444683,0.258300
1708,5N5A,36.49,0.559300,1.00,-1144.193,193.023,0.853577,0.335740
1709,5N5B,35.71,0.527900,1.00,-885.153,137.536,0.755126,0.184800
1710,5NAM,67.19,0.702500,1.00,-3775.500,98.541,0.508369,0.578780
1711,5NAO,70.00,0.719300,1.00,-2707.439,69.867,0.552581,0.686940
1712,5NDA,89.39,0.792500,1.00,-2388.637,56.313,0.150619,0.714350
1713,5NVB,56.67,0.514000,1.00,-677.176,67.338,0.319770,0.267830
1714,5OAP,75.00,0.690600,1.00,-693.638,76.650,0.399143,0.400990
1715,5T3M,72.14,0.581600,1.00,-2135.984,224.901,0.326296,0.501330
1716,5T42,35.11,0.407600,1.00,-3609.403,255.165,0.891535,0.305950
1717,5T4R,86.43,0.706300,1.00,-2353.229,250.383,0.320680,0.726460
1718,5T7Q,66.67,0.592200,1.00,-1146.463,96.488,0.544652,0.319980
1719,5TCZ,72.66,0.524000,1.00,-1870.389,186.805,0.308278,0.494980
1720,5TJ1,35.53,0.443600,1.00,-804.552,82.319,0.989500,0.085190
1721,5TX8,91.07,0.696300,1.00,-2042.407,100.938,0.171566,0.728640
1722,5UG3,73.68,0.569800,1.00,-1111.610,74.927,0.386417,0.326450
1723,5UG5,67.11,0.573600,1.00,-1125.362,100.919,0.465877,0.294250
1724,5UI6,45.83,0.439200,1.00,-651.203,99.764,0.548733,0.211450
1725,5UI7,46.05,0.464300,1.00,-798.629,72.928,0.613446,0.167470
1726,5UJG,73.96,0.643000,1.00,-1435.821,130.368,0.221558,0.318150
1727,5UJH,59.78,0.505900,1.00,-1384.578,107.148,0.394000,0.202670
1728,5UJQ,51.72,0.496500,1.00,-1919.874,116.153,0.633854,0.346380
1729,5UJR,28.03,0.300800,1.00,-1663.180,207.828,1.339220,0.177220
1730,5UKZ,48.86,0.530700,1.00,-2338.269,195.302,0.887486,0.432870
1731,5UOI,87.21,0.665200,1.00,-3823.099,151.827,0.187576,0.785860
1732,5UP5,82.50,0.632300,1.00,-3210.634,176.231,0.174220,0.684990
1733,5UY2,36.25,0.485300,1.00,-706.130,168.848,0.728609,0.086740
1734,5UZL,32.58,0.408400,1.00,-1501.170,153.728,0.877840,0.204160
1735,5V0Y,67.86,0.498200,1.00,-1391.886,186.189,0.594531,0.339870
1736,5V11,64.29,0.499500,1.00,-1142.121,176.494,0.688983,0.302510
1737,5V2B,47.50,0.524200,1.00,-835.498,123.122,0.620359,0.167710
1738,5V4C,50.00,0.459400,1.00,-415.130,93.933,0.447214,0.171070
1739,5V4U,66.88,0.653200,1.00,-2800.224,117.930,0.401518,0.559510
1740,5VAV,71.43,0.611700,1.00,-566.418,84.978,0.231831,0.267330
1741,5VFW,54.00,0.510500,1.00,-1524.205,148.741,0.508248,0.209050
1742,5VL6,39.71,0.434700,1.00,-282.056,96.559,0.648620,0.147150
1743,5VR5,47.50,0.516300,1.00,-939.587,84.569,0.463886,0.183700
1744,5W54,54.00,0.508700,1.00,-1055.560,134.574,0.591644,0.298840
1745,5W9F,68.90,0.553100,1.00,-2753.488,243.329,0.440607,0.623410
1746,5WCV,42.24,0.445400,1.00,-1745.265,145.216,0.756545,0.229450
1747,5WE3,68.38,0.548600,1.00,-2390.168,206.842,0.365322,0.481410
1748,5WOD,82.89,0.730700,1.00,-2926.068,77.500,0.135238,0.657260
1749,5WOV,75.74,0.628800,1.00,-2038.048,174.398,0.320912,0.598130
1750,5WOW,63.46,0.584300,1.00,-2524.280,154.829,0.537601,0.533960
1751,5WRX,61.54,0.503400,1.00,-533.239,67.691,0.360728,0.263830
1752,5WUZ,65.70,0.577700,1.00,-3082.179,259.667,0.310085,0.492260
1753,5WXE,83.04,0.662700,1.00,-2032.674,150.309,0.262948,0.553820
1754,5WYE,45.31,0.438700,1.00,-428.476,103.717,0.516822,0.248410
1755,5X34,94.44,0.837500,1.00,-2358.494,194.320,0.091478,0.805830
1756,5X35,98.61,0.844200,1.00,-2358.494,194.320,0.063522,0.880270
1757,5X36,98.61,0.864500,1.00,-2358.494,194.320,0.069453,0.866510
1758,5X37,95.83,0.834800,1.00,-2358.494,194.320,0.074659,0.850860
1759,5X38,97.92,0.868800,1.00,-2358.494,194.320,0.060000,0.893970
1760,5X39,98.61,0.828900,1.00,-2419.748,206.562,0.068629,0.857900
1761,5X3C,95.83,0.829400,1.00,-2260.407,260.283,0.083685,0.831480
1762,5X3L,75.00,0.638000,1.00,-1127.993,73.581,0.360457,0.303990
1763,5XA6,73.03,0.578100,1.00,-2475.837,201.794,0.291929,0.567190
1764,5XBD,65.28,0.529200,1.00,-2050.785,151.610,0.317869,0.442320
1765,5XDI,65.00,0.570000,1.00,-2886.316,217.892,0.299216,0.467990
1766,5XDJ,97.62,0.790100,1.00,-1140.976,73.921,0.058926,0.565400
1767,5XEK,69.64,0.594400,1.00,-3289.594,245.067,0.300536,0.534240
1768,5XIV,43.75,0.444000,1.00,-766.936,114.690,0.542080,0.135370
1769,5XM4,38.24,0.551200,1.00,-534.270,73.218,1.272723,0.171640
1770,5XNG,86.76,0.727300,1.00,-1364.928,41.727,0.123367,0.355660
1771,5XO3,35.71,0.346100,1.00,-571.320,128.977,0.762282,0.153980
1772,5XO4,55.95,0.482500,1.00,-642.819,171.587,0.485417,0.164100
1773,5XO5,55.95,0.527300,1.00,-677.533,156.689,0.487843,0.172700
1774,5XRX,54.41,0.521500,1.00,-1364.928,41.727,0.593041,0.290010
1775,5Y0H,77.38,0.634600,1.00,-1090.298,97.388,0.349843,0.353650
1776,5Y0I,64.29,0.511300,1.00,-1185.415,135.600,0.606991,0.312570
1777,5Y0J,52.38,0.400100,1.00,-1309.250,151.976,0.605322,0.233790
1778,5Y22,71.59,0.603800,1.00,-1449.700,94.150,0.467518,0.399130
1779,5Y3U,69.32,0.602000,1.00,-1449.700,94.150,0.488476,0.324030
1780,5YKK,61.11,0.508500,1.00,-833.016,126.242,0.334491,0.257270
1781,5YKL,68.42,0.505200,1.00,-926.137,119.939,0.303312,0.296500
1782,5YKQ,56.58,0.518700,1.00,-864.162,151.041,0.498586,0.273050
1783,5YZ6,85.71,0.692600,1.00,-4313.091,237.516,0.153650,0.759080
1784,5YZK,88.27,0.720200,1.00,-4319.039,223.713,0.138127,0.790550
1785,5Z1Y,61.90,0.436900,1.00,-820.531,99.354,0.340891,0.259450
1786,5Z26,62.50,0.488000,1.00,-710.096,133.587,0.423537,0.196130
1787,5Z2O,91.67,0.778900,1.00,-1086.657,32.327,0.184863,0.482240
1788,5Z31,59.72,0.503600,1.00,-768.213,116.884,0.442882,0.217870
1789,5Z32,50.00,0.420000,1.00,-589.629,102.876,0.476102,0.179770
1790,5Z5W,70.83,0.521000,1.00,-524.707,120.602,0.314449,0.307050
1791,5Z5X,66.67,0.568000,1.00,-1172.000,82.617,0.469156,0.392060
1792,5ZCN,29.76,0.417600,1.00,-933.587,83.625,0.891802,0.150180
1793,5ZNF,94.17,0.766700,1.00,-1893.258,127.473,0.131332,0.783380
1794,5ZV6,83.33,0.751400,1.00,-1811.698,127.697,0.165110,0.539710
1795,5ZYX,63.75,0.556100,1.00,-1483.907,44.414,0.541505,0.285090
1796,6A5J,76.92,0.616100,1.00,-572.260,30.806,0.289777,0.371990
1797,6A8Y,41.35,0.477600,1.00,-1044.957,123.292,0.707643,0.236160
1798,6AAB,55.95,0.513300,1.00,-642.819,171.587,0.449092,0.143110
1799,6AFQ,33.33,0.341700,1.00,-571.320,128.977,0.848615,0.158820
1800,6AHZ,47.86,0.583800,1.00,-2103.396,151.338,0.756848,0.324670
1801,6AK0,34.52,0.351400,1.00,-1217.974,105.273,0.682052,0.144250
1802,6AX2,45.11,0.437500,1.00,-3122.619,316.720,0.680696,0.420500
1803,6B3U,85.62,0.745700,1.00,-3545.999,96.870,0.234920,0.708390
1804,6B5W,32.89,0.443900,1.00,-804.552,82.319,1.020144,0.120060
1805,6B9K,55.00,0.531400,1.00,-317.478,43.998,0.302960,0.292240
1806,6B9W,77.94,0.613600,1.00,-2517.873,162.913,0.334275,0.632960
1807,6BAM,77.94,0.602600,1.00,-2385.377,132.084,0.263810,0.583430
1808,6BB6,80.15,0.625600,1.00,-2361.123,145.235,0.267972,0.606490
1809,6BEQ,62.50,0.518200,1.00,-301.645,70.866,0.470710,0.389520
1810,6BET,62.50,0.558900,1.00,-499.392,56.152,0.297539,0.326080
1811,6BEU,55.36,0.512000,1.00,-617.268,130.794,0.516238,0.145020
1812,6BI5,82.26,0.696200,1.00,-2400.832,125.765,0.336122,0.636160
1813,6BJF,76.92,0.577200,1.00,-739.739,81.808,0.376793,0.471460
1814,6BUC,93.06,0.783100,1.00,-2414.773,153.094,0.132921,0.810380
1815,6BVU,44.64,0.399900,1.00,-598.503,83.794,0.473790,0.200000
1816,6BVW,42.86,0.372900,1.00,-598.503,83.794,0.513461,0.214310
1817,6BVX,62.50,0.511900,1.00,-560.752,126.649,0.402722,0.283440
1818,6BX9,56.67,0.462800,1.00,-637.048,100.207,0.492475,0.145560
1819,6CEG,46.67,0.519900,1.00,-1154.009,250.273,0.895527,0.301350
1820,6CEI,75.00,0.612900,1.00,-1771.310,200.980,0.354014,0.606250
1821,6CEJ,50.00,0.349200,1.00,-474.078,99.329,0.516625,0.259540
1822,6CFA,80.26,0.611900,1.00,-1008.596,60.380,0.274425,0.391610
1823,6CFB,55.65,0.480900,1.00,-1574.254,245.178,0.668107,0.382680
1824,6CGW,63.79,0.527900,1.00,-1936.070,207.146,0.388912,0.330560
1825,6CGX,52.27,0.484900,1.00,-906.552,206.697,0.492539,0.197970
1826,6CHC,58.33,0.470700,1.00,-1600.255,265.366,0.428995,0.296560
1829,6CJ8,72.06,0.575900,1.00,-915.920,90.484,0.271586,0.300730
1830,6CKD,89.58,0.742100,1.00,-2708.200,155.032,0.105585,0.745130
1831,6CKF,88.19,0.734600,1.00,-2708.200,155.032,0.140167,0.737550
1832,6CMH,54.76,0.442100,1.00,-1363.273,67.767,0.706383,0.250370
1833,6COO,77.94,0.609600,1.00,-959.800,95.097,0.256596,0.279240
1834,6COP,79.41,0.575900,1.00,-1097.537,47.439,0.279300,0.331320
1835,6COQ,67.65,0.553500,1.00,-797.028,112.003,0.347087,0.236190
1836,6COR,76.47,0.612500,1.00,-880.582,66.022,0.243930,0.450780
1837,6COS,58.82,0.500200,1.00,-915.920,90.484,0.424278,0.316820
1838,6COT,69.12,0.608500,1.00,-1082.300,73.298,0.324825,0.290770
1839,6COU,63.24,0.509000,1.00,-930.109,94.862,0.447624,0.367960
1840,6COV,75.00,0.624600,1.00,-1082.300,73.298,0.420843,0.382530
1841,6COW,72.06,0.568100,1.00,-915.920,90.484,0.307737,0.284510
1842,6CSK,69.74,0.603600,1.00,-889.450,75.087,0.416211,0.369030
1843,6CSZ,84.21,0.707700,1.00,-969.017,35.939,0.212100,0.518680
1844,6CT1,73.68,0.658900,1.00,-1253.893,64.654,0.367598,0.368730
1845,6CT4,75.00,0.631600,1.00,-1062.570,55.476,0.396444,0.382990
1846,6D3T,93.33,0.753600,1.00,-1937.381,130.132,0.090492,0.742190
1847,6D8H,93.75,0.768900,1.00,-2042.682,170.442,0.095471,0.770250
1848,6D8Q,95.16,0.788300,1.00,-2086.851,104.822,0.104461,0.777340
1849,6D8R,89.52,0.703500,1.00,-2163.236,107.261,0.148482,0.681500
1850,6D8S,90.32,0.710700,1.00,-2120.989,121.395,0.117061,0.693760
1851,6D8T,93.55,0.762100,1.00,-2232.941,146.948,0.113820,0.740960
1852,6D8U,91.13,0.715900,1.00,-2068.990,159.383,0.104315,0.723520
1853,6D8Y,87.10,0.678900,1.00,-1892.510,151.106,0.151412,0.637880
1854,6D93,84.68,0.681800,1.00,-1973.027,137.453,0.159848,0.588190
1855,6D9O,89.52,0.680700,1.00,-2189.348,100.474,0.145737,0.664390
1856,6D9P,93.55,0.750000,1.00,-2087.954,113.315,0.097797,0.727830
1857,6DHR,87.93,0.705700,1.00,-1901.094,191.318,0.204208,0.694320
1858,6DMZ,86.70,0.707100,1.00,-3200.112,199.765,0.143669,0.769440
1859,6DST,57.69,0.580900,1.00,-1835.701,62.567,0.456289,0.377000
1860,6DZ9,37.50,0.502300,1.00,-401.200,85.285,0.838472,0.207500
1861,6DZA,43.75,0.462200,1.00,-547.225,96.873,0.585868,0.187770
1862,6DZB,39.06,0.442300,1.00,-480.023,124.317,0.850105,0.232680
1863,6DZC,45.31,0.425700,1.00,-523.309,67.683,0.971437,0.201200
1864,6DZE,51.56,0.523900,1.00,-476.942,92.669,0.659016,0.250590
1865,6E1L,67.71,0.556700,1.00,-1339.303,89.710,0.301244,0.318200
1867,6EFE,73.15,0.648700,1.00,-2025.454,87.784,0.232559,0.383000
1868,6ENA,90.32,0.785400,1.00,-1933.994,155.787,0.155675,0.721060
1869,6F46,52.86,0.566700,1.00,-2603.100,54.489,0.801593,0.396660
1870,6F61,94.35,0.767500,1.00,-1950.194,258.696,0.147567,0.794230
1871,6FGM,81.25,0.657200,1.00,-629.748,63.296,0.143999,0.292310
1872,6FS4,66.94,0.645900,1.00,-2117.262,137.573,0.687747,0.523140
1873,6FS5,58.97,0.657700,1.00,-2671.309,128.321,0.390548,0.527690
1874,6G4I,75.00,0.740500,1.00,-1440.342,135.191,0.252161,0.357270
1875,6G4K,63.54,0.698800,1.00,-1440.342,135.191,0.427956,0.349050
1876,6G4U,66.67,0.657400,1.00,-1440.342,135.191,0.413085,0.360710
1877,6G4V,68.75,0.595900,1.00,-1605.429,64.172,0.271750,0.304480
1878,6G4X,68.75,0.595700,1.00,-1605.429,64.172,0.388563,0.389040
1880,6GIF,65.83,0.620300,1.00,-1817.648,81.065,0.503913,0.558670
1881,6GIG,65.00,0.629800,1.00,-1804.171,76.523,0.377733,0.537280
1882,6GIJ,81.67,0.614800,1.00,-750.631,75.746,0.279752,0.311640
1883,6GIK,59.62,0.578200,1.00,-695.162,43.373,0.361099,0.352490
1884,6GIL,46.15,0.510400,1.00,-668.963,28.103,0.488391,0.239830
1885,6GNZ,72.22,0.655300,1.00,-1633.276,51.338,0.319556,0.453530
1886,6GO0,42.31,0.540600,1.00,-842.828,141.281,0.653115,0.290670
1887,6GS5,73.08,0.526000,1.00,-754.639,52.935,0.319621,0.324480
1888,6GS9,82.81,0.733500,1.00,-756.160,72.231,0.204880,0.469410
1889,6HH0,67.00,0.630500,1.00,-1590.338,62.828,0.436385,0.325960
1890,6HN9,26.52,0.297100,1.00,-1769.250,178.362,1.194679,0.155520
1891,6HT4,57.50,0.626800,1.00,-917.401,115.451,0.434383,0.205250
1892,6HZ2,64.81,0.682700,1.00,-1646.494,61.909,0.330695,0.494060
1893,6IHA,70.00,0.672100,1.00,-1432.129,186.504,0.239439,0.343140
1894,6ITH,71.34,0.716800,1.00,-3447.279,68.441,0.478033,0.760600
1895,6J12,41.07,0.432600,1.00,-1837.045,111.489,0.652100,0.318370
1896,6J9P,89.58,0.656100,1.00,-764.124,43.281,0.117388,0.643650
1897,6JI7,58.33,0.488000,1.00,-2449.592,180.470,0.707984,0.471340
1898,6JIC,65.28,0.477500,1.00,-2418.725,173.683,0.408506,0.571160
1899,6K4V,35.62,0.362400,1.00,-1670.643,328.518,1.234620,0.265950
1900,6K4W,35.56,0.485600,1.00,-2404.675,240.229,1.144662,0.267580
1901,6K50,91.25,0.754700,1.00,-2889.948,191.298,0.181018,0.807220
1902,6K51,91.25,0.763200,1.00,-2882.467,237.472,0.157758,0.808310
1903,6KLM,58.82,0.473600,1.00,-2561.201,232.214,0.436551,0.384720
1904,6KRA,84.09,0.710400,1.00,-2153.934,177.692,0.167581,0.644750
1905,6L8R,34.85,0.555300,1.00,-819.513,197.208,0.746672,0.209250
1906,6LF5,94.85,0.755400,1.00,-2528.284,139.922,0.095982,0.799880
1907,6M0Y,81.25,0.564600,1.00,-503.905,70.890,0.211891,0.443560
1908,6M19,45.00,0.464400,1.00,-650.265,91.023,0.686906,0.220290
1909,6M56,34.17,0.240900,1.00,-1952.594,207.490,1.351793,0.196720
1910,6M5C,74.36,0.659600,1.00,-2548.984,183.268,0.231004,0.561840
1911,6MBM,79.69,0.671700,1.00,-1089.711,51.572,0.223583,0.425430
1912,6MF8,47.83,0.610500,1.00,-3248.647,124.375,1.519666,0.423870
1913,6MJV,78.12,0.633800,1.00,-1775.825,150.725,0.216248,0.551330
1914,6MK4,77.50,0.539700,1.00,-1997.411,175.670,0.270653,0.544000
1915,6MK5,72.79,0.564500,1.00,-2455.180,194.025,0.360426,0.547480
1916,6MM4,79.55,0.686600,1.00,-2050.482,136.156,0.240182,0.563560
1917,6MW6,59.21,0.498400,1.00,-548.027,134.264,0.603432,0.117290
1918,6MZT,89.86,0.702200,1.00,-2372.816,214.358,0.127467,0.741560
1919,6NK9,85.94,0.674300,1.00,-1902.419,194.533,0.308769,0.694090
1920,6NOM,55.85,0.515900,1.00,-3385.252,297.914,0.554258,0.452000
1921,6NOX,60.71,0.469400,1.00,-630.092,81.234,0.394545,0.242110
1922,6NUG,78.12,0.678000,1.00,-1454.762,179.727,0.218458,0.373710
1923,6NW8,55.56,0.483200,1.00,-1500.741,227.566,0.663849,0.355070
1924,6O3Q,70.41,0.627400,1.00,-3796.718,188.198,0.396896,0.605510
1925,6O3S,71.28,0.610400,1.00,-3614.181,175.130,0.480260,0.638820
1931,6OBK,51.74,0.626400,1.00,-3206.925,144.594,0.919938,0.407480
1932,6OBW,58.82,0.498200,1.00,-973.815,105.224,0.489409,0.273490
1933,6OC2,52.94,0.481500,1.00,-976.334,79.924,0.363154,0.258050
1934,6OC4,58.82,0.502100,1.00,-790.782,121.512,0.470497,0.321720
1935,6OFA,67.42,0.617900,1.00,-2713.890,138.785,0.341590,0.459370
1936,6OLD,61.76,0.525200,1.00,-790.782,121.512,0.475822,0.284000
1937,6OQP,65.38,0.547100,1.00,-484.157,111.723,0.337445,0.217170
1938,6OTA,59.38,0.527900,1.00,-621.208,112.553,0.308592,0.173250
1939,6OTB,52.63,0.503300,1.00,-888.533,190.543,0.555489,0.204010
1940,6OVJ,73.08,0.551800,1.00,-519.484,66.913,0.278562,0.323740
1941,6PIN,52.78,0.392100,1.00,-971.789,158.421,0.648580,0.174270
1942,6PIO,54.17,0.395000,1.00,-1007.820,169.113,0.686863,0.266160
1943,6PIP,56.94,0.419700,1.00,-1040.178,128.048,0.667980,0.127950
1945,6POR,42.86,0.413100,1.00,-1613.702,117.239,0.577807,0.208370
1946,6PPC,71.21,0.622800,1.00,-1793.583,230.974,0.458503,0.505730
1947,6PX7,78.68,0.653600,1.00,-2099.983,189.183,0.351078,0.579700
1948,6PX8,81.76,0.643100,1.00,-2504.626,182.253,0.253138,0.658600
1949,6Q1X,25.00,0.535900,1.00,-1156.245,226.474,1.144413,0.166160
1950,6Q5Z,67.24,0.516600,1.00,-1551.292,218.278,0.303987,0.393620
1951,6QAX,61.54,0.634000,1.00,-224.762,65.719,0.382560,0.223830
1952,6QB0,50.00,0.622500,1.00,-190.435,73.571,0.537018,0.241250
1953,6QB1,51.92,0.604600,1.00,-203.306,62.228,0.439454,0.331810
1954,6QES,61.88,0.504500,1.00,-2523.984,301.065,0.317244,0.517560
1955,6QET,51.79,0.467900,1.00,-2666.554,237.939,0.624441,0.392880
1956,6QJB,84.38,0.698600,1.00,-2457.285,193.665,0.180887,0.720540
1957,6QKF,77.78,0.578200,1.00,-977.287,82.119,0.329939,0.254540
1958,6R2X,67.00,0.522900,1.00,-1846.565,61.126,0.470647,0.501440
1959,6R95,66.67,0.670400,1.00,-1614.667,69.279,0.387538,0.378980
1960,6R96,59.38,0.623400,1.00,-1614.667,69.279,0.531756,0.273680
1961,6RRL,83.33,0.630100,1.00,-763.777,60.821,0.260290,0.367760
1962,6RRO,38.64,0.384800,1.00,-403.401,95.463,0.588493,0.240830
1963,6RSF,50.00,0.479400,1.00,-1284.823,63.781,0.397350,0.190060
1964,6RSG,41.00,0.486200,1.00,-1269.670,39.845,0.658664,0.179010
1965,6RSM,63.64,0.489800,1.00,-494.417,62.742,0.351132,0.412460
1966,6RY9,50.96,0.553200,1.00,-1392.067,35.134,0.462809,0.237360
1967,6RYQ,52.50,0.469200,1.00,-785.778,55.592,0.417897,0.142420
1968,6RZ1,43.75,0.531200,1.00,-1424.458,57.527,0.597694,0.195680
1969,6RZC,45.00,0.479400,1.00,-1249.483,68.883,0.572034,0.261200
1970,6S2D,50.00,0.538300,1.00,-1095.016,116.547,0.539653,0.199930
1971,6SAA,77.68,0.597900,1.00,-1449.066,238.833,0.331138,0.519760
1972,6SAB,64.71,0.520900,1.00,-2094.877,166.449,0.561328,0.454470
1973,6SFT,56.25,0.581900,1.00,-1528.720,192.133,0.510672,0.412290
1974,6SVC,82.86,0.706200,1.00,-2215.934,192.615,0.199021,0.613270
1975,6SVE,87.86,0.698500,1.00,-2215.934,192.615,0.155360,0.683500
1976,6SVH,87.86,0.707700,1.00,-2215.934,192.615,0.143694,0.688490
1977,6SY2,85.20,0.746900,1.00,-3797.977,195.301,0.222716,0.747990
1978,6SZF,19.05,0.345500,1.00,-1729.916,259.657,1.325293,0.255510
1979,6T33,56.82,0.451500,1.00,-3286.255,185.271,0.395800,0.400760
1980,6TVJ,52.50,0.543700,1.00,-427.264,41.626,0.400244,0.302880
1981,6TWG,90.38,0.646600,1.00,-886.353,53.201,0.162868,0.631150
1982,6U24,55.36,0.609600,1.00,-398.989,53.621,0.840721,0.280750
1983,6U6G,52.08,0.434600,1.00,-1993.469,254.874,0.640880,0.322430
1984,6U7Q,48.21,0.434500,1.00,-516.319,104.119,0.446550,0.198230
1985,6U7R,66.07,0.513200,1.00,-548.690,107.996,0.290049,0.267610
1986,6U7S,60.71,0.540000,1.00,-474.136,70.653,0.475875,0.265600
1987,6U7U,57.14,0.586400,1.00,-402.632,66.204,1.012370,0.267800
1988,6U7W,55.36,0.592000,1.00,-456.921,70.005,0.949813,0.251530
1989,6U7X,51.79,0.510200,1.00,-521.066,56.850,0.727278,0.255710
1990,6UCH,55.49,0.615600,1.00,-2030.473,187.938,0.880957,0.420350
1991,6V1N,64.71,0.560000,1.00,-934.904,88.830,0.485640,0.226520
1992,6V6T,80.00,0.680200,1.00,-2454.363,205.728,0.239938,0.609220
1993,6VE9,36.90,0.356000,1.00,-999.797,106.967,0.783473,0.173030
1994,6VGT,18.42,0.261000,1.00,-1322.459,215.215,1.716321,0.184810
1995,6VH8,54.86,0.444200,1.00,-3273.365,237.876,0.813455,0.381040
1996,6VLA,79.41,0.712900,1.00,-905.009,45.486,0.147199,0.307460
1997,6VLJ,35.53,0.490100,1.00,-628.070,115.886,0.814502,0.207320
1998,6VNZ,89.52,0.708000,1.00,-2253.315,110.541,0.124923,0.631540
1999,6VPN,95.21,0.789200,1.00,-3388.666,237.294,0.084416,0.880350
2000,6VXG,27.91,0.487500,1.00,-887.237,355.042,1.386175,0.239510
2001,6VY8,55.36,0.593700,1.00,-398.989,53.621,0.820948,0.259590
2002,6WQJ,72.14,0.609000,1.00,-3021.240,96.296,0.267153,0.503090
2003,6WQL,76.53,0.611400,1.00,-3744.868,165.978,0.304807,0.647220
2004,6X7I,75.89,0.680200,1.00,-2086.743,68.962,0.460382,0.733490
2005,6XCR,55.56,0.712600,1.00,-3023.843,168.555,0.990046,0.527870
2006,6XCU,67.78,0.684600,1.00,-3030.376,212.162,0.403177,0.576820
2007,6XN9,25.60,0.355400,1.00,-2156.891,623.196,1.045330,0.268920
2008,6XTH,40.28,0.455200,1.00,-714.286,108.521,0.760826,0.151990
2009,6XTI,48.53,0.485900,1.00,-649.024,112.663,0.659440,0.179020
2010,6XYH,71.88,0.558000,1.00,-2478.559,221.086,0.347636,0.567890
2011,6XYI,61.90,0.479600,1.00,-2512.319,302.186,0.365908,0.469230
2012,6Y1Q,46.43,0.401200,1.00,-754.836,86.848,0.418012,0.234350
2013,6YHF,65.83,0.664000,1.00,-1951.627,48.042,0.393558,0.455790
2014,6YHI,69.17,0.722200,1.00,-2219.485,51.073,0.351442,0.456740
2015,6YHO,65.83,0.717700,1.00,-1975.525,63.412,0.321440,0.534340
2016,6YHP,65.83,0.711100,1.00,-1916.201,50.547,0.307874,0.412230
2017,6YHX,76.67,0.699800,1.00,-1887.779,44.387,0.239120,0.518540
2018,6YJL,54.55,0.610600,1.00,-1600.505,192.428,0.539339,0.286800
2019,6YSE,94.02,0.783500,1.00,-4185.999,129.444,0.088576,0.870160
2020,6Z0G,50.00,0.586300,1.00,-2783.319,173.647,0.632579,0.416500
2021,6Z0H,44.90,0.632800,1.00,-2871.125,217.459,0.852330,0.416300
2022,6Z0I,47.96,0.618900,1.00,-2783.319,173.647,0.679807,0.449550
2023,7ALD,51.25,0.408900,1.00,-1095.664,144.992,0.665904,0.219490
2024,7ASY,68.18,0.632500,1.00,-2556.130,71.773,0.334100,0.425460
2025,7AT7,68.94,0.679400,1.00,-2563.123,61.987,0.438100,0.550240
2026,7ATB,66.67,0.652800,1.00,-2834.935,63.728,0.398668,0.499900
2027,7AY8,53.85,0.503400,1.00,-2196.962,262.070,0.536764,0.437920
2028,7B2F,53.23,0.535300,1.00,-2027.400,121.159,0.753708,0.461480
2029,7BW5,38.24,0.523700,1.00,-499.960,118.598,0.995213,0.183890
2030,7BWI,90.48,0.772600,1.00,-3629.265,237.118,0.212789,0.812630
2031,7BX2,71.43,0.577800,1.00,-527.352,81.355,0.315039,0.346940
2032,7BZ7,50.00,0.423400,1.00,-695.992,99.098,0.668015,0.238750
2033,7BZ8,45.00,0.400900,1.00,-726.190,93.740,0.643141,0.211440
2034,7BZ9,43.33,0.416400,1.00,-604.032,88.912,0.740624,0.200130
2035,7BZA,41.67,0.447600,1.00,-561.790,118.027,0.786250,0.212390
2036,7CCN,52.94,0.522300,1.00,-533.758,144.605,0.649083,0.257700
2037,7CCO,51.47,0.509000,1.00,-533.758,144.605,0.636349,0.217540
2038,7CK5,74.11,0.657900,1.00,-1836.372,89.711,0.353833,0.447120
2039,7CKD,37.18,0.321600,1.00,-2618.156,345.404,0.937433,0.285170
2040,7CKE,55.13,0.489500,1.00,-2618.156,345.404,0.439750,0.358680
2041,7CSS,55.77,0.555200,1.00,-565.169,59.834,0.488797,0.239230
2042,7CU6,43.33,0.428900,1.00,-715.878,99.289,0.734588,0.228220
2043,7D13,82.69,0.752000,1.00,-2628.868,87.171,0.199287,0.651950
2044,7D16,48.08,0.588700,1.00,-2628.868,87.171,1.086171,0.390710
2045,7D37,63.46,0.569200,1.00,-565.169,59.834,0.312461,0.281310
2046,7DEH,70.16,0.643800,1.00,-1687.172,126.836,0.285106,0.401040
2047,7EDK,59.21,0.481400,1.00,-1046.476,103.223,0.436373,0.220300
2048,7EES,35.00,0.545800,1.00,-536.140,124.061,1.267887,0.168180
2049,7ELY,44.23,0.430700,1.00,-1759.823,207.921,0.567766,0.239580
2050,7F32,68.06,0.654400,1.00,-997.092,71.893,0.267053,0.241680
2051,7JIA,70.83,0.683400,1.00,-1229.299,133.073,0.305553,0.309310
2052,7JIY,91.67,0.744300,1.00,-1466.116,138.546,0.158971,0.552970
2053,7JNN,89.13,0.676300,1.00,-3786.816,204.767,0.158100,0.796320
2054,7JPM,76.79,0.656100,1.00,-2496.372,293.000,0.302212,0.641150
2055,7JS6,33.33,0.449400,1.00,-554.803,61.445,0.839459,0.148310
2056,7K1M,79.17,0.649300,1.00,-539.685,89.342,0.162128,0.422010
2057,7K7X,78.45,0.623200,1.00,-1866.151,133.062,0.269768,0.504480
2058,7KNN,64.06,0.543300,1.00,-756.314,111.371,0.277011,0.238260
2059,7KPD,55.17,0.471200,1.00,-2010.567,245.286,0.490435,0.377240
2060,7L53,50.89,0.400300,1.00,-1908.069,140.669,0.403297,0.252670
2061,7L54,47.32,0.373800,1.00,-1908.069,140.669,0.445654,0.229240
2062,7L55,44.64,0.325300,1.00,-1908.069,140.669,0.646664,0.210280
2063,7L7A,57.14,0.495800,1.00,-652.055,101.757,0.324366,0.188410
2064,7L83,53.38,0.651900,1.00,-2717.785,99.875,1.030661,0.425590
2065,7LCW,41.67,0.439800,1.00,-653.393,102.612,0.684711,0.181880
2066,7LGL,51.06,0.451300,1.00,-3003.108,261.086,0.936674,0.411360
2067,7LGV,64.06,0.641400,1.00,-3144.233,290.428,0.629052,0.528910
2068,7LHC,84.48,0.703500,1.00,-1863.403,130.868,0.228088,0.615660
2069,7LI2,46.59,0.560400,1.00,-730.619,117.058,1.285813,0.167990
2070,7LIF,46.59,0.546400,1.00,-730.619,117.058,1.139788,0.153760
2071,7LP4,67.02,0.547800,1.00,-2947.521,232.452,0.695033,0.565010
2072,7LQR,55.95,0.488600,1.00,-877.447,134.237,0.465698,0.195960
2073,7LQS,75.00,0.551700,1.00,-666.590,118.782,0.259795,0.298230
2074,7LRW,64.29,0.554100,1.00,-1458.668,94.586,0.471834,0.297840
2075,7LSO,94.44,0.752900,1.00,-1115.230,21.347,0.094024,0.477990
2076,7LSP,83.33,0.687200,1.00,-1115.230,21.347,0.146997,0.400800
2077,7LT7,27.14,0.241600,1.00,-1835.499,170.501,1.536103,0.189280
2078,7LVE,71.81,0.612000,1.00,-3527.690,172.607,0.299605,0.576930
2079,7LVG,51.11,0.515800,1.00,-3667.615,180.013,0.660096,0.445460
2080,7LX4,48.78,0.418800,1.00,-2594.123,328.496,0.531601,0.360090
2081,7LZL,85.81,0.690600,1.00,-2321.742,145.025,0.182742,0.684270
2082,7M1D,45.31,0.414100,1.00,-2815.876,235.666,0.862396,0.381750
2083,7M1E,60.71,0.583700,1.00,-1396.418,135.595,0.443278,0.404970
2084,7M3U,47.22,0.380000,1.00,-1882.356,173.588,0.507388,0.207740
2085,7MJ3,30.11,0.401600,1.00,-2361.760,523.262,0.999410,0.219490
2086,7MY8,32.74,0.513600,1.00,-2919.347,215.272,1.027195,0.361050
2087,7N0T,59.38,0.489200,1.00,-495.391,143.357,0.526988,0.270820
2088,7N21,58.82,0.471600,1.00,-626.255,88.021,0.450263,0.152370
2089,7N23,58.82,0.524500,1.00,-626.255,88.021,0.429947,0.277770
2090,7N25,56.25,0.523300,1.00,-495.391,143.357,0.517919,0.242440
2091,7NIP,78.05,0.635400,1.00,-4447.690,185.960,0.196183,0.601430
2092,7NS1,90.32,0.799300,1.00,-2762.302,76.795,0.156792,0.707600
2093,7OB2,52.50,0.424600,1.00,-283.362,98.560,0.455930,0.189510
2094,7OD2,88.97,0.672800,1.00,-2430.076,166.932,0.124634,0.719580
2095,7OFM,73.33,0.690100,1.00,-1975.643,61.458,0.398692,0.579060
2096,7OFO,80.00,0.715400,1.00,-1975.643,61.458,0.290331,0.672610
2097,7OSC,70.83,0.636400,1.00,-1385.054,125.943,0.297030,0.268490
2099,7P3M,96.15,0.735000,1.00,-693.222,28.750,0.068795,0.510780
2100,7P4X,82.26,0.684300,1.00,-1941.343,79.635,0.205745,0.638400
2101,7P55,76.14,0.660900,1.00,-1652.103,44.410,0.209970,0.272270
2102,7P5G,43.00,0.441600,1.00,-1055.063,193.135,0.529709,0.221850
2103,7P5Q,48.00,0.504800,1.00,-1176.714,207.099,0.618362,0.158720
2104,7P5S,46.00,0.483700,1.00,-1179.655,171.342,0.563798,0.173560
2105,7PH8,84.68,0.741700,1.00,-2460.343,64.660,0.282200,0.624450
2106,7PHT,81.67,0.772100,1.00,-2511.320,83.278,0.197762,0.600510
2107,7PL4,70.16,0.680900,1.00,-2061.497,63.925,0.383435,0.603320
2108,7PVB,96.20,0.780400,1.00,-3324.914,138.489,0.083925,0.894740
2109,7PVM,58.06,0.557200,1.00,-1285.151,145.675,0.806734,0.388590
2110,7QAL,24.29,0.332100,1.00,-1219.808,193.635,1.059383,0.179930
2111,7QAM,23.57,0.392800,1.00,-1104.315,209.965,0.984156,0.269520
2112,7QAO,30.71,0.354000,1.00,-1145.380,225.660,1.071953,0.204120
2113,7QAP,47.14,0.637500,1.00,-2079.868,58.687,0.582054,0.372310
2114,7QLF,52.94,0.465600,1.00,-695.875,82.319,0.363086,0.226680
2115,7QXJ,55.36,0.438300,1.00,-1627.068,164.203,0.494381,0.333480
2116,7RC7,89.84,0.696000,1.00,-2069.715,173.154,0.226920,0.706780
2117,7RC8,89.84,0.694000,1.00,-2069.715,173.154,0.267003,0.709550
2118,7RFA,76.72,0.664300,1.00,-1844.994,133.796,0.357185,0.522240
2119,7RN3,68.33,0.584900,1.00,-2055.409,244.970,0.360746,0.397170
2120,7S55,66.94,0.586600,1.00,-2297.812,161.457,0.310443,0.397290
2121,7S7P,90.48,0.766700,1.00,-2869.414,149.084,0.141206,0.795660
2122,7SAG,64.52,0.501900,1.00,-1703.172,145.533,0.641414,0.440880
2123,7SKC,88.97,0.682200,1.00,-2643.708,241.833,0.117465,0.689050
2124,7T6G,60.00,0.459000,1.00,-981.160,58.506,0.460280,0.261420
2125,7T7W,79.55,0.601400,1.00,-489.499,68.618,0.191894,0.378640
2126,7TB9,40.00,0.450100,1.00,-420.553,121.066,0.560682,0.155330
2127,7TH8,58.33,0.486100,1.00,-1940.745,155.689,0.711858,0.364160
2128,7UNX,70.83,0.596900,1.00,-2318.573,241.124,0.422114,0.537490
2129,7UV3,66.67,0.570400,1.00,-3618.378,173.901,0.548215,0.570390
2130,7V5E,54.17,0.441900,1.00,-993.152,110.022,0.494548,0.215950
2131,7V5F,49.19,0.483400,1.00,-2207.174,352.076,0.667023,0.231470
2132,7VOZ,71.55,0.759900,1.00,-1769.870,58.679,0.291160,0.544570
2133,7VQH,38.89,0.400000,1.00,-589.629,102.876,0.720279,0.107190
2134,7VQI,36.11,0.397400,1.00,-589.629,102.876,0.670231,0.102420
2135,7W8K,40.00,0.428900,1.00,-1030.648,143.787,0.710096,0.157930
2136,7W8O,39.42,0.420900,1.00,-1616.641,142.310,0.741054,0.212210
2137,7W8R,45.19,0.383100,1.00,-1616.641,142.310,0.661679,0.210930
2138,7W8T,39.42,0.438100,1.00,-1263.370,215.879,0.694032,0.207300
2139,7W8Z,55.26,0.520200,1.00,-2661.144,181.323,0.638401,0.396800
2140,7W96,71.30,0.753200,1.00,-1079.950,124.679,0.257834,0.334790
2141,7WE3,27.42,0.450400,1.00,-1427.396,146.684,0.928373,0.196400
2142,7WEI,32.26,0.449700,1.00,-1427.396,146.684,0.824791,0.216990
2143,7Y7L,69.44,0.606200,1.00,-3093.081,238.893,0.426004,0.567030
2144,7YAB,66.48,0.523900,1.00,-2840.426,244.012,0.332948,0.527960
2145,7YFS,64.06,0.587400,1.00,-783.245,86.159,0.339044,0.273790
2146,7YHF,94.44,0.877400,1.00,-2441.886,191.998,0.092233,0.821900
2147,7YHG,95.83,0.869600,1.00,-2441.886,191.998,0.076800,0.853640
2148,7YHH,97.22,0.881900,1.00,-2441.886,191.998,0.071156,0.871310
2149,7YHI,95.83,0.831400,1.00,-2358.494,194.320,0.077953,0.826200
2150,7YRV,45.54,0.506600,1.00,-1542.776,179.741,0.772563,0.244390
2151,7YRW,29.84,0.388700,1.00,-1515.425,226.894,0.702937,0.210120
2152,7YRX,40.32,0.431300,1.00,-1151.942,158.201,0.578353,0.262160
2153,7YSS,71.43,0.587300,1.00,-978.272,25.544,0.435366,0.452390
2154,7YYI,85.34,0.680300,1.00,-2084.416,46.000,0.131148,0.546560
2155,7Z07,87.93,0.732200,1.00,-2078.896,64.159,0.126972,0.596800
2156,7Z08,71.55,0.691400,1.00,-2237.392,77.630,0.324151,0.508750
2157,7Z0B,75.86,0.759000,1.00,-2406.487,60.591,0.215732,0.553170
2159,7ZNF,90.00,0.737900,1.00,-1851.384,119.921,0.145613,0.672540
2160,7ZRF,41.67,0.591800,1.00,-516.653,87.331,1.346915,0.170360
2161,7ZRO,25.62,0.514300,1.00,-1216.702,356.825,1.414025,0.195090
2162,7ZRU,83.04,0.684900,1.00,-1910.515,96.347,0.278151,0.603350
2163,7ZWJ,33.82,0.526000,1.00,-399.330,103.751,0.991901,0.213310
2164,7ZZV,25.69,0.418300,1.00,-2045.933,287.722,1.329112,0.250880
2165,8A6I,32.14,0.402700,1.00,-1734.481,378.324,1.102825,0.256750
2166,8AHK,79.88,0.700300,1.00,-3036.732,346.407,0.222099,0.647330
2167,8B1L,80.21,0.700200,1.00,-1379.155,89.133,0.362206,0.429220
2168,8B1X,65.00,0.618000,1.00,-1577.628,38.870,0.621352,0.528930
2169,8B4R,51.25,0.439700,1.00,-1095.664,144.992,0.604134,0.210040
2170,8B6X,77.00,0.700500,1.00,-1677.330,75.125,0.280241,0.459610
2171,8B6Y,72.00,0.682200,1.00,-1677.330,75.125,0.265057,0.429360
2172,8B9Q,23.75,0.414600,1.00,-1328.132,307.141,1.250939,0.181270
2173,8B9R,33.12,0.455800,1.00,-1328.132,307.141,1.345327,0.190910
2174,8BOO,26.09,0.498200,1.00,-637.981,114.993,1.453240,0.164980
2175,8BVC,47.02,0.423200,1.00,-2758.283,276.303,0.449453,0.358050
2176,8BVZ,40.79,0.562500,1.00,-483.416,98.152,1.238580,0.207610
2177,8BWW,62.50,0.550200,1.00,-1367.473,37.641,0.424530,0.271170
2178,8CIQ,83.57,0.682700,1.00,-2303.402,242.392,0.308400,0.690490
2183,8CJT,78.57,0.662000,1.00,-2147.524,212.807,0.241531,0.594950
2184,8CM3,79.35,0.599600,1.00,-1442.570,111.767,0.310454,0.370400
2185,8DFZ,56.98,0.486400,1.00,-3269.724,264.825,0.691685,0.432850
2186,8DYM,37.07,0.416400,1.00,-1087.596,153.245,0.605695,0.377070
2187,8DYN,42.71,0.469300,1.00,-908.291,131.087,0.822191,0.110960
2188,8EB1,57.29,0.424500,1.00,-1255.400,178.445,0.492655,0.380570
2189,8EF4,42.50,0.610300,1.00,-385.122,77.465,1.197721,0.213530
2190,8F04,82.89,0.694000,1.00,-1036.275,72.623,0.362301,0.436440
2191,8FD4,84.56,0.629900,1.00,-2252.625,165.215,0.187649,0.648800
2192,8FEY,89.58,0.727600,1.00,-2483.087,156.952,0.186733,0.747210
2193,8G21,50.00,0.556900,1.00,-1582.434,156.701,0.591451,0.393010
2194,8GUC,26.39,0.372800,1.00,-1986.981,255.488,1.119534,0.237770
2195,8GVN,83.93,0.609100,1.00,-978.272,25.544,0.228674,0.444710
2196,8H0G,79.03,0.680400,1.00,-1879.269,109.523,0.236569,0.561280
2197,8H0U,70.16,0.684300,1.00,-1879.269,109.523,0.363043,0.525620
2198,8HJC,83.33,0.694500,1.00,-2539.237,162.524,0.237673,0.646220
2199,8HJD,83.33,0.675900,1.00,-2539.237,162.524,0.226526,0.632950
2200,8HR3,78.85,0.547800,1.00,-551.730,93.356,0.299908,0.321890
2201,8HR4,63.46,0.541200,1.00,-405.552,84.180,0.356635,0.215390
2202,8HVS,47.50,0.459900,1.00,-216.452,80.245,0.393969,0.353850
2203,8HZW,48.44,0.552100,1.00,-644.300,129.218,0.664945,0.174170
2204,8IKQ,53.57,0.460000,1.00,-425.925,103.414,0.318573,0.277780
2205,8IL1,53.57,0.450600,1.00,-425.925,103.414,0.330872,0.173320
2206,8IL2,66.67,0.501600,1.00,-488.748,92.711,0.306954,0.224130
2207,8IL6,63.33,0.488900,1.00,-488.748,92.711,0.358638,0.234200
2208,8JB4,26.04,0.374600,1.00,-1426.926,130.510,0.872496,0.148620
2209,8K3M,48.53,0.451300,1.00,-600.504,75.660,0.551466,0.162460
2210,8K3N,38.24,0.417500,1.00,-600.504,75.660,0.721470,0.201810
2211,8OR5,66.67,0.680200,1.00,-1899.424,80.707,0.318719,0.421970
2212,8ORY,80.00,0.695700,1.00,-2036.328,66.190,0.259543,0.561000
2213,8ORZ,69.17,0.696700,1.00,-1538.169,53.277,0.323529,0.472420
2214,8OS0,75.83,0.736900,1.00,-1894.520,88.669,0.242117,0.477640
2215,8OSQ,25.00,0.528800,1.00,-772.047,161.987,1.607456,0.206690
2216,8PWT,36.76,0.432700,1.00,-2877.020,110.363,0.702883,0.285520
2221,8QNT,28.57,0.603700,1.00,-3613.116,118.207,1.752688,0.280990
2222,8QTQ,71.32,0.600700,1.00,-2150.467,183.467,0.333137,0.522620
2223,8R89,50.00,0.461100,1.00,-831.368,135.194,0.528820,0.185350
2224,8RHS,49.48,0.468200,1.00,-3254.417,166.145,0.637516,0.473810
2225,8RPQ,66.67,0.772000,1.00,-2848.161,43.156,0.259428,0.675190
2226,8RQ6,71.77,0.679700,1.00,-2510.550,55.531,0.312856,0.536430
2227,8S9Y,33.97,0.482100,1.00,-1379.444,231.007,1.055531,0.225880
2228,8SED,79.73,0.636400,1.00,-2377.982,195.678,0.210179,0.610340
2229,8SEM,80.77,0.670000,1.00,-1902.177,234.854,0.332952,0.634120
2230,8SVB,39.17,0.469600,1.00,-1579.006,215.130,0.957888,0.201490
2231,8T01,86.54,0.675800,1.00,-664.521,29.850,0.129144,0.511360
2232,8T61,37.50,0.398500,1.00,-571.295,105.909,0.973453,0.189660
2233,8T62,50.00,0.534600,1.00,-525.950,94.949,0.939252,0.131780
2234,8T63,56.25,0.397600,1.00,-683.174,103.683,0.652284,0.238120
2235,8TFV,50.00,0.487400,1.00,-642.819,171.587,0.610659,0.164450
2236,8TV4,53.85,0.500300,1.00,-754.639,52.935,0.447122,0.203050
2237,8TXS,45.31,0.601400,1.00,-489.234,96.367,0.907265,0.233140
2238,8TYI,78.45,0.713700,1.00,-1915.936,115.792,0.207888,0.509230
2239,8UKC,48.33,0.407900,1.00,-668.788,127.944,0.603518,0.188160
2240,8ULM,74.24,0.625300,1.00,-1940.745,155.689,0.266520,0.487830
2241,8UM1,49.40,0.468700,1.00,-3338.016,194.248,0.774675,0.453730
2242,8UM2,57.14,0.485200,1.00,-3338.016,194.248,0.858755,0.394500
2243,8UNG,82.93,0.687100,1.00,-2822.053,188.401,0.196290,0.680760
2244,8UWF,91.67,0.754000,1.00,-2404.249,261.403,0.127886,0.792780
2245,8UXR,51.09,0.480000,1.00,-1377.996,256.722,0.520467,0.161990
2246,8V2M,77.68,0.587800,1.00,-1949.525,116.884,0.411333,0.592080
2247,8V2V,26.83,0.346900,1.00,-2486.245,369.830,0.874305,0.244740
2248,8VU6,86.96,0.719200,1.00,-2883.617,291.489,0.297501,0.773250
2249,8VU7,87.78,0.720000,1.00,-3105.752,214.524,0.235382,0.784740
2250,8VU8,84.30,0.674100,1.00,-2752.628,259.260,0.170057,0.702570
2251,8VYC,40.91,0.500100,1.00,-804.793,104.993,1.036198,0.202270
2252,8W0Q,70.00,0.602700,1.00,-1029.269,108.091,0.337338,0.291080
2253,8W16,61.67,0.439400,1.00,-684.886,73.493,0.370702,0.261540
2254,8W17,68.33,0.583700,1.00,-726.273,95.359,0.325575,0.232800
2255,8W2V,32.69,0.555000,1.00,-1163.413,349.794,0.821336,0.238580
2256,8WGI,62.00,0.533600,1.00,-1439.022,133.618,0.590237,0.309570
2257,8WGJ,62.50,0.559900,1.00,-1320.088,144.099,0.339336,0.226210
2258,8WW0,35.94,0.331000,1.00,-1967.102,176.070,0.986751,0.366400
2259,8WW1,32.50,0.388900,1.00,-1691.541,179.658,0.835604,0.240230
2260,8X3N,48.44,0.443200,1.00,-507.727,134.593,0.500565,0.215480
2261,8X40,50.00,0.445500,1.00,-507.727,134.593,0.442454,0.203960
2262,8XTH,51.67,0.395300,1.00,-635.065,95.771,0.380250,0.261640
2263,8XTN,34.85,0.440000,1.00,-1050.171,197.641,1.154002,0.232360
2264,8XTO,54.76,0.547300,1.00,-558.368,117.272,0.413327,0.118290
2265,8Y3S,54.55,0.514400,1.00,-383.907,39.279,0.322220,0.296420
2266,8YD6,25.83,0.363000,1.00,-1798.094,166.103,0.834089,0.225860
2267,8ZG2,61.36,0.525000,1.00,-181.933,41.171,0.547153,0.295960
2268,8ZG3,43.18,0.477900,1.00,-172.784,56.260,0.550240,0.362440
2269,8ZG4,56.82,0.531900,1.00,-260.130,55.302,0.598938,0.254970
2270,8ZP3,34.85,0.385000,1.00,-883.135,234.747,1.037645,0.214890
2271,8ZUG,39.13,0.406700,1.00,-385.542,142.030,1.134479,0.179350
2272,9AZI,94.44,0.793900,1.00,-1838.767,105.295,0.116342,0.737200
2273,9BET,58.93,0.676600,1.00,-2676.440,74.291,0.515477,0.523900
2274,9BF4,57.26,0.484000,1.00,-2104.198,215.396,0.541022,0.392250
2275,9BHN,59.09,0.463000,1.00,-382.039,61.057,0.464925,0.282100
2276,9BV0,85.19,0.668800,1.00,-2100.701,118.943,0.132127,0.476850
2277,9BV4,47.92,0.439400,1.00,-3273.365,237.876,0.826245,0.350210
2278,9BVS,40.38,0.463000,1.00,-999.480,48.839,0.535374,0.250140
2279,9BVU,46.67,0.443300,1.00,-1294.708,40.882,0.653192,0.244400
2280,9BVV,44.23,0.428900,1.00,-939.082,62.822,0.511009,0.247950
2281,9CRB,81.25,0.676000,1.00,-1641.163,161.399,0.206082,0.499480
2282,9F1E,64.29,0.626700,1.00,-1495.065,59.348,0.584525,0.472010
2283,9F1F,64.74,0.637600,1.00,-2369.368,178.719,0.398479,0.484680
2284,9F1G,73.47,0.714500,1.00,-3450.112,133.125,0.362318,0.641780
2285,9FJN,94.44,0.780400,1.00,-1321.704,22.975,0.070175,0.528130
2286,9FJW,55.71,0.617300,1.00,-1949.566,152.486,0.929248,0.416550
2287,9G0M,64.00,0.645900,1.00,-1319.407,99.719,0.466363,0.354910
2288,9G0N,64.00,0.651900,1.00,-1319.407,99.719,0.517209,0.388510
2289,9G20,66.00,0.628300,1.00,-1319.407,99.719,0.462665,0.383590
2290,9G21,60.00,0.540300,1.00,-1319.407,99.719,0.442520,0.283560
2291,9G22,64.00,0.618300,1.00,-1155.902,121.890,0.572638,0.377660
2292,9G2N,64.00,0.625600,1.00,-1155.902,121.890,0.586328,0.348270
2293,9G2O,60.00,0.615400,1.00,-1155.902,121.890,0.598952,0.340550
2294,9G31,62.00,0.586100,1.00,-1155.902,121.890,0.603856,0.317360
2295,9G32,58.00,0.571700,1.00,-1155.902,121.890,0.615555,0.283640
2296,9G5P,66.00,0.626900,1.00,-1319.407,99.719,0.462851,0.413840
2297,9GDL,69.00,0.561100,1.00,-1541.078,112.371,0.324102,0.355760
2298,9GDN,72.00,0.613100,1.00,-1541.078,112.371,0.270984,0.408470
2299,9GDT,73.00,0.609100,1.00,-1541.078,112.371,0.292427,0.404810
2300,9GDU,73.00,0.592800,1.00,-1541.078,112.371,0.314383,0.422390
2301,9GE1,73.00,0.626900,1.00,-1541.078,112.371,0.314401,0.404800
2302,9GE9,62.00,0.563800,1.00,-1227.760,95.376,0.397836,0.315310
2303,9GEB,73.00,0.599100,1.00,-1227.760,95.376,0.299695,0.388450
2304,9GEC,65.00,0.611900,1.00,-1227.760,95.376,0.340953,0.364640
2305,9IKO,46.88,0.422500,1.00,-461.333,109.501,0.450366,0.134210
2306,9ILX,50.00,0.415200,1.00,-461.333,109.501,0.503093,0.208780
2307,9J5F,29.69,0.342800,1.00,-1816.384,254.109,1.006562,0.208210
2308,9J5H,56.43,0.561800,1.00,-2605.582,190.711,0.621127,0.405250
2309,9KAR,41.67,0.452200,1.00,-725.172,69.417,0.638383,0.226110
2310,9KK0,47.00,0.595100,1.00,-708.387,146.508,0.942627,0.228710
2311,9L1M,45.83,0.515600,1.00,-175.860,59.226,0.705725,0.217520
2312,9NVH,75.71,0.647000,1.00,-1758.424,168.121,0.329785,0.569900
2313,9NWZ,41.25,0.493500,1.00,-697.928,100.343,0.791367,0.174640
2314,9NY3,40.00,0.372900,1.00,-1084.254,59.592,0.748665,0.098770
2315,9UV5,52.50,0.568300,1.00,-318.552,62.952,0.466870,0.233050
