serial,pdb_id,gdt_ts,lddt,lddt_coverage,pred_dope,pred_molpdf,rmsd,tm_score
1,1A11,89.00,0.798000,1.00,-1787.712,54.237,0.126180,0.584630
2,1A3P,68.33,0.627400,1.00,-2916.948,372.873,0.428393,0.582780
3,1ACW,79.31,0.650700,1.00,-1942.069,133.659,0.187830,0.453780
4,1ADX,53.12,0.514800,1.00,-2605.550,242.744,0.515844,0.355300
5,1AG7,50.00,0.474700,1.00,-1976.021,180.194,0.691460,0.330280
6,1AGG,71.35,0.632200,1.00,-2639.462,335.507,0.563924,0.626240
7,1AGT,97.37,0.801600,1.00,-2984.453,166.695,0.067239,0.879670
8,1AHL,75.51,0.683300,1.00,-3615.188,203.245,0.316843,0.647030
9,1ALE,81.94,0.715300,1.00,-1328.700,50.700,0.203501,0.496450
10,1ALF,90.79,0.776700,1.00,-1635.805,44.173,0.158872,0.534990
11,1ALG,67.71,0.639900,1.00,-1445.498,60.415,0.590867,0.484930
12,1AMB,30.36,0.426600,1.00,-928.245,218.084,0.839698,0.198140
13,1AMC,30.36,0.430900,1.00,-928.245,218.084,0.829822,0.187570
14,1AML,21.88,0.367700,1.00,-1528.405,327.326,1.446068,0.167210
15,1ANP,34.82,0.491800,1.00,-1024.002,321.630,1.039008,0.189340
16,1ANS,39.81,0.396400,1.00,-1533.355,230.283,0.810056,0.198090
17,1AOO,48.12,0.464400,1.00,-2807.142,206.630,0.733932,0.324780
18,1APF,70.92,0.641900,1.00,-3559.753,242.299,0.379031,0.612930
19,1APO,87.50,0.729600,1.00,-2288.393,232.992,0.169317,0.763220
20,1AQG,47.73,0.429200,1.00,-336.609,74.034,0.429337,0.231170
21,1AQQ,47.50,0.474500,1.00,-2807.142,206.630,0.743052,0.328990
22,1AQR,43.12,0.474800,1.00,-2807.142,206.630,0.712108,0.330130
23,1ARD,92.24,0.744800,1.00,-2234.559,133.282,0.266439,0.740220
24,1ARE,89.66,0.741400,1.00,-2255.592,118.628,0.260739,0.692170
25,1ARF,93.97,0.767000,1.00,-2280.921,115.328,0.133487,0.790240
26,1ATX,82.07,0.670500,1.00,-3367.066,185.578,0.185486,0.696620
27,1AV3,98.15,0.747300,1.00,-1479.208,217.495,0.070305,0.767400
28,1AW6,82.56,0.681900,1.00,-2517.650,248.213,0.247192,0.697840
29,1AXH,89.86,0.776500,1.00,-2246.630,187.564,0.191716,0.734250
30,1AZ6,77.08,0.608100,1.00,-2284.625,167.086,0.215530,0.575560
31,1AZH,53.47,0.484900,1.00,-2284.625,167.086,0.508561,0.345940
32,1AZJ,90.28,0.758800,1.00,-2402.892,194.964,0.108941,0.738780
33,1AZK,77.78,0.675900,1.00,-2359.999,185.023,0.210819,0.536950
34,1B03,55.56,0.497900,1.00,-878.348,67.928,0.376547,0.228860
35,1B1V,83.70,0.716400,1.00,-1181.599,93.306,0.269830,0.419340
36,1B4G,32.50,0.316300,1.00,-782.642,319.000,1.364570,0.179010
37,1B4I,25.00,0.360900,1.00,-782.642,319.000,0.866377,0.167660
38,1B5N,81.52,0.689800,1.00,-1181.599,93.306,0.268714,0.418340
39,1B8W,82.74,0.670700,1.00,-2473.081,234.267,0.411387,0.695290
40,1B9P,71.32,0.623800,1.00,-2322.240,116.776,0.293832,0.506660
41,1B9Q,66.91,0.610700,1.00,-2322.240,116.776,0.325108,0.456430
42,1B9U,90.44,0.816200,1.00,-2993.693,78.443,0.204553,0.731320
43,1BA4,20.62,0.339200,1.00,-1528.405,327.326,1.448267,0.209690
44,1BA6,25.62,0.380900,1.00,-1528.405,327.326,1.423243,0.235820
45,1BAH,87.16,0.666000,1.00,-2612.062,180.848,0.138687,0.719630
46,1BBA,81.94,0.698000,1.00,-2609.282,160.561,0.226174,0.648610
47,1BBG,61.25,0.537800,1.00,-2930.652,172.127,0.645210,0.476320
48,1BDS,81.98,0.683000,1.00,-3226.145,216.192,0.173297,0.700680
49,1BEI,60.71,0.513200,1.00,-2017.604,316.227,0.435560,0.383660
50,1BF9,86.59,0.764900,1.00,-2468.406,206.439,0.201400,0.740310
51,1BGK,85.81,0.703900,1.00,-2930.550,171.547,0.128786,0.694150
52,1BH4,81.67,0.645500,1.00,-2017.114,183.268,0.193992,0.517060
53,1BH7,45.45,0.469100,1.00,-1705.022,238.948,0.609219,0.244290
54,1BHI,79.61,0.708300,1.00,-2305.760,177.815,0.316082,0.658460
55,1BIG,89.86,0.737100,1.00,-3017.547,162.650,0.110943,0.738980
56,1BJB,31.25,0.463500,1.00,-942.119,216.895,1.095197,0.236270
57,1BJC,35.71,0.495400,1.00,-1207.641,188.341,0.813458,0.154560
58,1BL1,53.23,0.603800,1.00,-2454.989,49.620,0.565130,0.367860
59,1BM4,56.25,0.537900,1.00,-2122.074,150.998,0.803957,0.420920
60,1BMX,63.71,0.671500,1.00,-2159.182,124.521,0.578051,0.454110
61,1BNB,84.21,0.682300,1.00,-2748.387,189.257,0.198814,0.685490
62,1BOE,83.51,0.660600,1.00,-3513.264,169.991,0.199014,0.725810
63,1BQF,73.00,0.639100,1.00,-1312.583,131.210,0.359576,0.364340
64,1BRV,67.97,0.590800,1.00,-1888.583,216.857,0.542787,0.467030
65,1BWX,53.21,0.606400,1.00,-2971.272,113.007,0.575782,0.484300
66,1BY0,75.93,0.613900,1.00,-1731.513,65.575,0.360454,0.504100
67,1BY6,47.22,0.477000,1.00,-2349.198,95.051,0.447834,0.275120
68,1BZG,58.09,0.590400,1.00,-2404.936,90.094,0.497349,0.390450
69,1C2U,39.29,0.431100,1.00,-2573.093,138.388,0.847044,0.254840
70,1C49,92.86,0.729900,1.00,-2296.835,177.918,0.102284,0.768710
71,1C4B,61.54,0.457200,1.00,-474.371,83.333,0.454698,0.278520
72,1C4E,38.57,0.430300,1.00,-1937.628,316.226,0.739253,0.263330
73,1C55,87.50,0.666800,1.00,-3127.185,206.538,0.156738,0.726010
74,1C56,86.25,0.666900,1.00,-3127.185,206.538,0.142836,0.730840
75,1C6W,37.88,0.429600,1.00,-1778.696,207.375,0.705419,0.215370
76,1CBH,99.31,0.855900,1.00,-2409.656,202.429,0.049456,0.922740
77,1CCF,85.12,0.698200,1.00,-2288.393,232.992,0.152762,0.697310
78,1CCM,90.22,0.764200,1.00,-3728.902,183.175,0.145526,0.813940
79,1CCN,91.30,0.777500,1.00,-3728.902,183.175,0.127747,0.834690
80,1CE4,60.71,0.548400,1.00,-1793.906,155.432,0.357443,0.411880
81,1CFG,70.45,0.568900,1.00,-1511.525,63.563,0.372717,0.282480
82,1CFH,30.32,0.280900,1.00,-3804.276,213.019,1.086523,0.271050
83,1CFI,61.17,0.517900,1.00,-3804.276,213.019,0.368526,0.496320
84,1CHL,85.42,0.653500,1.00,-2484.229,169.724,0.151905,0.673540
85,1CIX,80.11,0.639700,1.00,-3123.387,215.316,0.167707,0.673820
86,1CKW,77.00,0.674500,1.00,-1669.018,63.289,0.322699,0.463340
87,1CKX,80.77,0.688600,1.00,-1789.965,69.041,0.209171,0.450850
88,1CKY,51.92,0.487000,1.00,-1789.965,69.041,0.524120,0.293600
89,1CKZ,37.00,0.450500,1.00,-1669.018,63.289,0.748436,0.188170
90,1CMR,85.48,0.684100,1.00,-2169.705,166.009,0.178455,0.591530
91,1CO4,74.40,0.675500,1.00,-2728.426,218.597,0.309652,0.596630
92,1CQ0,70.54,0.698100,1.00,-1403.994,73.149,0.346212,0.448360
93,1CR8,80.95,0.677600,1.00,-2360.589,191.725,0.168890,0.679850
94,1CSA,40.91,0.312000,1.00,-668.958,1.915,0.491106,0.150690
95,1CTI,89.66,0.721300,1.00,-1956.699,133.334,0.107742,0.650760
96,1CW5,56.25,0.579400,1.00,-2667.677,234.541,0.649503,0.472640
97,1CW6,56.08,0.591100,1.00,-1970.198,169.181,0.502542,0.400690
98,1CWX,30.11,0.459700,1.00,-1561.670,257.855,0.992911,0.294890
99,1CXR,66.30,0.581500,1.00,-3697.897,159.675,0.286043,0.549000
100,1CYA,38.64,0.452200,1.00,-668.958,1.915,0.471550,0.142620
101,1CYB,47.73,0.422600,1.00,-668.958,1.915,0.436794,0.146930
102,1CZ6,86.00,0.680300,1.00,-992.207,124.700,0.259909,0.489760
103,1D0R,73.33,0.677300,1.00,-2180.585,47.647,0.299724,0.486710
104,1D1H,90.71,0.663800,1.00,-2388.351,167.311,0.171194,0.755920
105,1D2J,79.38,0.663400,1.00,-2181.981,232.084,0.245834,0.638420
106,1D2L,78.89,0.672800,1.00,-2406.017,283.769,0.304645,0.651870
107,1D5Q,100.00,0.872900,1.00,-1915.382,83.270,0.042024,0.871920
108,1D6B,82.74,0.699400,1.00,-3007.808,236.828,0.220997,0.706230
109,1D6X,76.92,0.547500,1.00,-551.311,68.784,0.330833,0.357550
110,1DEC,75.64,0.654700,1.00,-2328.862,299.548,0.517433,0.655820
111,1DEP,81.67,0.644900,1.00,-1014.757,52.677,0.259108,0.502000
112,1DF6,83.33,0.671200,1.00,-2205.421,179.045,0.157175,0.551620
113,1DFE,85.81,0.649400,1.00,-2443.240,153.707,0.355341,0.736930
114,1DFS,74.19,0.575900,1.00,-2190.587,200.116,0.224219,0.449470
115,1DFT,61.67,0.468200,1.00,-1981.966,148.134,0.327639,0.319830
116,1DGZ,83.11,0.648600,1.00,-2443.240,153.707,0.339676,0.673190
117,1DJF,86.67,0.711700,1.00,-760.315,30.074,0.252912,0.545480
118,1DKC,75.66,0.618500,1.00,-2363.668,187.205,0.219537,0.603330
119,1DL0,90.54,0.771500,1.00,-2408.231,137.480,0.119932,0.742160
120,1DMC,50.00,0.499300,1.00,-1843.758,196.514,0.605766,0.299850
121,1DMD,50.81,0.489600,1.00,-1843.758,196.514,0.594409,0.294840
122,1DME,47.32,0.467400,1.00,-1799.177,166.208,0.641340,0.265120
123,1DMF,47.32,0.473700,1.00,-1799.177,166.208,0.646378,0.236480
124,1DN3,86.67,0.725800,1.00,-760.315,30.074,0.229308,0.514450
125,1DNG,95.00,0.756500,1.00,-710.559,49.646,0.130778,0.522810
126,1DPK,42.50,0.459700,1.00,-433.667,147.168,0.599012,0.189610
127,1DPQ,47.50,0.518700,1.00,-105.326,197.063,0.522440,0.162800
128,1DSK,66.07,0.648600,1.00,-1883.878,125.865,0.383454,0.464020
129,1DSQ,94.05,0.710800,1.00,-955.516,77.049,0.167980,0.515080
130,1DSV,79.03,0.685000,1.00,-1436.873,157.284,0.186291,0.536510
131,1DTC,85.58,0.743600,1.00,-1801.661,55.328,0.225527,0.593500
132,1DU1,63.75,0.502300,1.00,-1197.364,40.590,0.490265,0.283520
133,1DU9,88.39,0.692200,1.00,-1616.223,150.633,0.148144,0.572810
134,1DV0,85.64,0.728300,1.00,-4712.856,136.414,0.263652,0.777660
135,1DVW,45.83,0.616200,1.00,-526.785,67.695,0.651795,0.182930
136,1DX7,61.46,0.637800,1.00,-3727.849,198.221,0.579407,0.546140
137,1E0G,85.42,0.685600,1.00,-4185.672,156.361,0.179849,0.748050
138,1E0L,85.81,0.762400,1.00,-2356.124,164.140,0.242903,0.706320
139,1E0M,81.76,0.738400,1.00,-2370.463,141.964,0.259890,0.653820
140,1E0N,90.74,0.719500,1.00,-1786.150,178.714,0.121351,0.602680
141,1E0Q,77.94,0.666100,1.00,-968.112,82.762,0.166362,0.272760
142,1E4Q,82.43,0.710400,1.00,-2741.210,176.516,0.213495,0.661170
143,1E4R,71.43,0.578300,1.00,-2410.359,151.425,0.313050,0.529430
144,1E4S,75.69,0.608700,1.00,-2566.853,163.881,0.242542,0.587850
145,1E4T,76.35,0.598600,1.00,-2605.217,161.762,0.369831,0.552280
146,1E8P,92.93,0.741100,1.00,-3457.418,289.925,0.105046,0.843600
147,1E8Q,90.22,0.739100,1.00,-3457.418,289.925,0.166784,0.823480
148,1E9K,41.45,0.605800,1.00,-2381.705,171.119,0.676362,0.295640
149,1ED0,92.93,0.800700,1.00,-3501.287,130.375,0.095791,0.854770
150,1ED7,91.11,0.718900,1.00,-4169.915,244.204,0.131440,0.801010
151,1EDP,82.35,0.663600,1.00,-1270.692,60.732,0.203919,0.346990
152,1EDS,46.77,0.477100,1.00,-2129.179,99.038,0.477651,0.331310
153,1EDV,27.21,0.452300,1.00,-1404.981,306.811,0.956288,0.242370
154,1EDW,42.31,0.496100,1.00,-1743.724,178.478,0.587677,0.221000
155,1EDX,23.75,0.376600,1.00,-2150.453,280.685,1.056837,0.262630
156,1EGT,94.12,0.716600,1.00,-767.593,75.166,0.146475,0.535530
157,1EHS,54.69,0.601000,1.00,-3515.299,186.729,0.501086,0.488470
158,1EI0,99.34,0.856500,1.00,-3192.719,124.298,0.056410,0.914970
159,1EMX,77.50,0.571500,1.00,-1835.474,215.606,0.283761,0.525710
160,1EMZ,84.52,0.685100,1.00,-1602.571,11.507,0.283076,0.408980
161,1EQX,58.33,0.533100,1.00,-609.729,119.796,0.444307,0.235240
162,1ERC,90.00,0.757200,1.00,-3184.166,229.187,0.137867,0.783910
163,1ERD,39.38,0.418200,1.00,-2483.404,188.377,0.665672,0.296570
164,1ERP,97.37,0.785400,1.00,-3164.322,156.649,0.078533,0.845140
165,1ERY,92.95,0.753200,1.00,-3484.662,140.135,0.139325,0.812740
166,1ESK,70.83,0.701200,1.00,-2266.052,186.685,0.287701,0.577500
167,1EWS,92.97,0.784400,1.00,-1950.202,170.079,0.146817,0.729040
168,1EYO,88.33,0.760000,1.00,-1913.039,173.768,0.203611,0.663520
169,1EZE,63.82,0.675800,1.00,-2666.217,171.071,0.405848,0.520750
170,1F3K,86.54,0.666300,1.00,-1781.494,146.973,0.144362,0.533910
171,1F4I,90.56,0.708100,1.00,-4352.933,179.686,0.203222,0.813000
172,1F7E,82.61,0.749600,1.00,-2613.339,260.376,0.173215,0.712260
173,1F7M,79.89,0.734600,1.00,-2613.339,260.376,0.228027,0.682960
174,1F8Z,88.46,0.733500,1.00,-2141.331,196.946,0.223332,0.758560
175,1FAC,67.86,0.566100,1.00,-1351.733,75.341,0.347503,0.233370
176,1FCT,56.25,0.517400,1.00,-1496.402,181.994,0.541050,0.408840
177,1FDF,54.00,0.581700,1.00,-1696.864,79.377,0.413492,0.274880
178,1FEO,88.46,0.712100,1.00,-1372.430,116.512,0.122283,0.558230
179,1FF7,76.63,0.698400,1.00,-2613.339,260.376,0.240145,0.628950
180,1FFM,82.61,0.744700,1.00,-2613.339,260.376,0.252410,0.715950
181,1FGD,76.39,0.641300,1.00,-858.444,97.780,0.222646,0.236920
182,1FGE,67.50,0.519900,1.00,-889.698,99.819,0.290972,0.256280
183,1FJN,91.03,0.768200,1.00,-2884.669,188.889,0.137290,0.777080
184,1FME,74.11,0.642200,1.00,-2140.805,116.448,0.297703,0.411250
185,1FMY,49.38,0.498100,1.00,-2807.142,206.630,0.661267,0.376570
186,1FQQ,73.17,0.615000,1.00,-3046.603,271.469,0.245301,0.601130
187,1FRE,39.88,0.376000,1.00,-2987.690,227.545,0.675158,0.327760
188,1FRY,38.79,0.499200,1.00,-1722.693,45.027,0.781385,0.229070
189,1FSB,88.75,0.734600,1.00,-2615.309,277.308,0.185961,0.750070
190,1FSD,77.68,0.641900,1.00,-2098.721,115.669,0.293668,0.475490
191,1FSV,75.89,0.648400,1.00,-2098.721,115.669,0.259727,0.470740
192,1FU3,88.89,0.696500,1.00,-1754.994,253.571,0.118949,0.588450
193,1FU9,85.42,0.672500,1.00,-2708.158,169.145,0.270848,0.727230
194,1FUL,47.73,0.456200,1.00,-429.737,42.357,0.431919,0.282610
195,1FUV,54.55,0.490400,1.00,-429.737,42.357,0.329308,0.189740
196,1FV5,73.61,0.622500,1.00,-2412.907,228.456,0.349802,0.583850
197,1FVY,47.58,0.614500,1.00,-2456.717,50.503,0.937874,0.327760
198,1FW5,66.25,0.573500,1.00,-865.694,90.273,0.428574,0.293190
199,1FWO,73.57,0.605500,1.00,-2362.538,207.096,0.269868,0.557360
200,1FYG,92.00,0.667600,1.00,-1371.881,124.530,0.115447,0.526640
201,1G04,35.58,0.341500,1.00,-1910.329,182.221,0.856935,0.167240
202,1G26,86.29,0.731600,1.00,-2275.965,159.638,0.144793,0.617710
203,1G92,62.00,0.623800,1.00,-1610.572,65.539,0.483854,0.391900
204,1G9P,63.89,0.633800,1.00,-2470.638,302.098,0.550278,0.526230
205,1GEA,78.57,0.645500,1.00,-1274.009,41.564,0.294644,0.330860
206,1GIB,50.00,0.408300,1.00,-938.162,115.837,0.460939,0.099670
207,1GK5,71.43,0.558200,1.00,-3528.062,302.848,0.416560,0.617130
208,1GM2,93.18,0.716500,1.00,-375.274,48.749,0.099419,0.488930
209,1GNA,75.00,0.585600,1.00,-525.657,105.898,0.325676,0.254810
210,1GNB,61.54,0.513300,1.00,-525.657,105.898,0.457888,0.166070
211,1GNF,78.80,0.667400,1.00,-3241.060,192.378,0.290788,0.641530
212,1GP8,82.50,0.685500,1.00,-2908.853,66.387,0.305749,0.646540
213,1GPS,93.09,0.785000,1.00,-3130.732,178.789,0.123085,0.851030
214,1GPT,93.62,0.720300,1.00,-3101.451,203.566,0.114124,0.860500
215,1GUR,40.00,0.411900,1.00,-1937.628,316.226,0.724770,0.257130
216,1GW3,59.24,0.619000,1.00,-3222.163,140.809,0.386697,0.507730
217,1GW4,46.20,0.583000,1.00,-3222.163,140.809,0.760637,0.402370
218,1H20,55.13,0.445900,1.00,-2575.154,287.637,0.454137,0.385900
219,1H5O,76.19,0.625100,1.00,-2344.332,217.700,0.284559,0.619400
220,1H7D,36.73,0.470400,1.00,-2842.845,250.065,0.913028,0.348690
221,1H7J,44.23,0.440900,1.00,-1337.809,57.087,0.690853,0.230530
222,1HA9,84.56,0.732800,1.00,-1836.785,167.425,0.329586,0.698430
223,1HD6,96.62,0.818100,1.00,-3082.651,142.346,0.077465,0.860370
225,1HEV,95.35,0.774100,1.00,-3133.948,208.387,0.128301,0.879210
226,1HFF,85.00,0.560200,1.00,-375.102,31.950,0.153310,0.394040
227,1HJ0,40.24,0.563500,1.00,-2159.175,234.417,0.693380,0.373510
228,1HLL,71.09,0.666400,1.00,-2250.352,79.359,0.338968,0.564370
229,1HLY,95.51,0.758400,1.00,-3078.180,165.056,0.098020,0.835190
230,1HN3,26.88,0.296200,1.00,-2189.207,178.377,1.366137,0.236560
231,1HNR,65.43,0.557000,1.00,-3273.918,254.770,0.293443,0.510350
232,1HNS,57.98,0.495600,1.00,-3273.918,254.770,0.394209,0.477130
233,1HO0,52.50,0.502100,1.00,-1907.844,100.546,0.617823,0.337910
234,1HO2,91.25,0.738700,1.00,-1331.032,35.816,0.141578,0.450390
235,1HO7,85.00,0.687500,1.00,-1331.032,35.816,0.171599,0.419840
236,1HO9,73.44,0.643200,1.00,-2418.663,75.616,0.370300,0.479810
237,1HOD,70.31,0.653700,1.00,-2418.663,75.616,0.387858,0.397360
238,1HOF,68.75,0.605600,1.00,-2250.352,79.359,0.280273,0.480740
239,1HP2,92.57,0.775300,1.00,-2675.279,190.961,0.092018,0.796900
240,1HP3,82.03,0.695900,1.00,-1952.720,171.458,0.281064,0.626980
241,1HP9,82.95,0.622900,1.00,-1747.415,49.936,0.193610,0.331040
242,1HPH,45.95,0.563600,1.00,-3025.372,53.222,0.822914,0.378770
243,1HPY,60.29,0.624700,1.00,-2808.793,43.021,0.376620,0.381060
244,1HRL,71.74,0.646600,1.00,-1033.402,122.031,0.553718,0.364180
246,1HTX,92.97,0.749800,1.00,-2245.803,194.857,0.090027,0.739200
247,1HU5,80.56,0.673100,1.00,-855.771,27.464,0.186416,0.348720
248,1HU6,65.28,0.616700,1.00,-939.682,36.871,0.409288,0.335110
249,1HU7,84.72,0.635800,1.00,-848.912,46.802,0.223040,0.442630
250,1HVW,97.00,0.779700,1.00,-1503.944,117.237,0.070836,0.720090
251,1HVZ,81.94,0.660900,1.00,-977.781,78.159,0.227841,0.287310
252,1HY9,87.80,0.777400,1.00,-2764.602,165.295,0.155795,0.754660
253,1HYK,80.43,0.656200,1.00,-3421.975,288.086,0.203363,0.692530
254,1HZ3,35.58,0.452600,1.00,-1199.541,197.389,0.627677,0.157500
255,1I25,49.32,0.512600,1.00,-1773.021,270.390,0.801204,0.371690
256,1I26,82.35,0.678600,1.00,-2153.050,168.972,0.248529,0.631820
257,1I2U,88.07,0.711600,1.00,-3244.948,198.541,0.154912,0.751690
258,1I2V,85.80,0.716100,1.00,-3263.020,176.335,0.152796,0.754930
259,1I6C,69.23,0.651700,1.00,-2197.191,184.363,0.417563,0.554760
260,1I8X,90.83,0.796700,1.00,-2056.161,178.402,0.139197,0.697290
261,1I8Y,82.14,0.662300,1.00,-1804.121,96.905,0.206675,0.532490
262,1IB9,78.68,0.663900,1.00,-1836.785,167.425,0.356977,0.601680
263,1IBN,72.50,0.662400,1.00,-1286.956,23.901,0.296620,0.383060
264,1IBO,76.25,0.627000,1.00,-1286.956,23.901,0.356671,0.373830
265,1IC9,81.03,0.644000,1.00,-2001.373,186.459,0.205107,0.525320
266,1ICA,71.25,0.599200,1.00,-2665.986,180.196,0.532604,0.588590
267,1ICL,71.55,0.580200,1.00,-2052.019,209.613,0.240936,0.467700
268,1ICO,84.48,0.675200,1.00,-1886.990,181.530,0.164843,0.578530
269,1ID6,40.00,0.449000,1.00,-973.213,28.900,0.549101,0.157640
270,1ID7,41.67,0.462100,1.00,-973.213,28.900,0.538650,0.225540
271,1IE6,36.36,0.437000,1.00,-1566.582,188.121,0.673118,0.219850
272,1IFY,86.73,0.750200,1.00,-4444.063,226.480,0.173044,0.792310
273,1IIJ,77.14,0.722300,1.00,-2545.782,78.759,0.272726,0.675030
274,1IM1,93.75,0.751800,1.00,-658.451,45.900,0.091874,0.555640
275,1IRR,77.17,0.646000,1.00,-958.091,110.046,0.334821,0.429160
276,1IVA,66.15,0.554900,1.00,-2935.791,332.622,0.701672,0.568220
277,1IWC,43.38,0.528400,1.00,-1244.300,121.457,0.759524,0.356590
278,1IWF,27.21,0.447800,1.00,-1244.300,121.457,1.202248,0.234910
279,1IXA,86.54,0.715400,1.00,-2247.979,172.987,0.166064,0.712030
280,1IXT,85.19,0.674900,1.00,-1752.078,120.892,0.165703,0.517590
281,1IXU,47.92,0.520400,1.00,-402.924,56.193,0.629260,0.199480
282,1IYC,46.53,0.472000,1.00,-1860.746,199.503,0.754672,0.343890
283,1IYT,19.05,0.336100,1.00,-1691.401,340.816,1.237866,0.226360
284,1J4M,87.50,0.772000,1.00,-610.490,63.279,0.190222,0.554700
285,1J5J,92.36,0.778200,1.00,-2761.396,162.003,0.099140,0.796320
286,1J5L,50.00,0.518200,1.00,-1970.283,204.341,0.610019,0.279590
287,1J5M,63.39,0.528900,1.00,-1580.273,199.550,0.310079,0.347490
288,1JBL,92.86,0.726600,1.00,-583.487,110.517,0.169984,0.523770
289,1JBN,89.29,0.747800,1.00,-583.487,110.517,0.172083,0.415790
290,1JDM,70.16,0.622800,1.00,-3014.822,74.662,0.424082,0.498900
291,1JI9,64.86,0.573800,1.00,-2493.982,282.424,0.382097,0.420040
292,1JJZ,86.21,0.706900,1.00,-1941.286,153.865,0.312400,0.620440
293,1JKZ,88.04,0.729800,1.00,-3691.880,204.858,0.128719,0.786360
294,1JLZ,90.22,0.687500,1.00,-1215.910,125.435,0.129086,0.469850
295,1JMN,86.41,0.696700,1.00,-3336.571,133.353,0.154508,0.747050
296,1JMP,79.35,0.675400,1.00,-3281.831,120.456,0.211118,0.694480
297,1JN7,77.78,0.697300,1.00,-2651.550,155.917,0.458885,0.642400
298,1JO5,43.75,0.636400,1.00,-3727.849,198.221,1.299382,0.442630
299,1JO6,40.00,0.524000,1.00,-2553.510,215.245,1.163230,0.360100
300,1JRF,53.72,0.474000,1.00,-2224.635,263.789,0.736150,0.456410
301,1JRJ,86.54,0.754000,1.00,-2422.584,141.307,0.257252,0.750570
302,1JU8,79.73,0.677400,1.00,-2849.312,180.924,0.221906,0.584880
303,1JY9,77.50,0.632000,1.00,-555.906,83.606,0.224828,0.252320
304,1K0P,35.48,0.405400,1.00,-1756.599,154.410,0.635219,0.230410
305,1K18,35.48,0.401800,1.00,-1756.599,154.410,0.619022,0.240600
306,1K1V,91.46,0.735000,1.00,-3338.930,116.312,0.102184,0.806640
307,1K36,83.15,0.652400,1.00,-3577.141,238.354,0.178731,0.717660
308,1K37,80.98,0.647200,1.00,-3577.141,238.354,0.180129,0.689900
309,1K43,91.07,0.710700,1.00,-610.490,63.279,0.145491,0.412640
310,1K48,84.48,0.699200,1.00,-1941.286,153.865,0.316471,0.592010
311,1K7B,80.32,0.733300,1.00,-2116.172,313.320,0.384091,0.725180
312,1K81,68.75,0.552300,1.00,-2467.868,159.576,0.314995,0.476280
313,1K91,79.73,0.749700,1.00,-1681.337,158.763,0.184677,0.589940
314,1KAL,87.07,0.747100,1.00,-1925.599,126.335,0.231895,0.619300
315,1KBE,73.47,0.579300,1.00,-3394.275,192.569,0.239175,0.605630
316,1KBF,72.45,0.579700,1.00,-3394.275,192.569,0.238504,0.616360
317,1KDL,73.91,0.662300,1.00,-1856.617,28.341,0.346010,0.359960
318,1KGM,90.71,0.729800,1.00,-1843.491,221.809,0.101682,0.742260
319,1KIO,80.71,0.685800,1.00,-1860.531,173.127,0.272429,0.618030
320,1KJ0,74.29,0.653900,1.00,-1855.391,160.479,0.327664,0.512130
321,1KJ5,80.56,0.651200,1.00,-2566.853,163.881,0.187162,0.609540
322,1KJ6,72.22,0.584100,1.00,-3046.904,193.586,0.615857,0.597860
323,1KLR,95.00,0.784200,1.00,-1953.752,146.419,0.128957,0.786100
324,1KLS,90.83,0.731700,1.00,-1785.918,133.421,0.188112,0.699250
325,1KMR,83.33,0.648500,1.00,-944.603,31.682,0.303717,0.472170
326,1KOZ,75.69,0.625200,1.00,-2283.857,192.386,0.242521,0.542260
327,1KQH,83.55,0.699200,1.00,-2752.604,206.789,0.190314,0.693200
328,1KQI,80.26,0.688900,1.00,-2752.604,206.789,0.236268,0.641950
329,1KUW,82.50,0.653600,1.00,-283.380,31.212,0.294466,0.506180
330,1KV4,75.60,0.732800,1.00,-2524.805,143.694,0.282621,0.633930
331,1KWD,75.00,0.527200,1.00,-1083.711,79.943,0.226592,0.232640
332,1KWE,76.56,0.525600,1.00,-1083.711,79.943,0.248253,0.227040
333,1KX6,43.10,0.423700,1.00,-2327.491,75.376,0.641729,0.229990
334,1KZ0,82.81,0.595500,1.00,-929.633,50.275,0.232009,0.387980
335,1KZ2,81.25,0.621400,1.00,-886.018,34.253,0.173673,0.358280
336,1KZ5,79.17,0.522200,1.00,-726.076,34.379,0.310508,0.414940
337,1L1K,35.00,0.306600,1.00,-1034.370,79.729,0.862571,0.203940
338,1L2Y,96.25,0.823200,1.00,-1081.653,94.199,0.077147,0.512350
339,1L3Q,45.83,0.603800,1.00,-333.074,56.565,0.872038,0.323930
340,1L3Y,77.44,0.629100,1.00,-2708.861,244.615,0.238961,0.655660
341,1L4V,83.12,0.688200,1.00,-2668.985,189.166,0.210217,0.691040
342,1LA4,90.44,0.733100,1.00,-2232.303,164.336,0.143682,0.730410
343,1LB0,71.15,0.588700,1.00,-869.611,24.856,0.262491,0.335380
344,1LB7,98.44,0.773500,1.00,-983.165,47.540,0.055581,0.538750
345,1LBJ,79.55,0.661000,1.00,-1533.868,60.577,0.340900,0.435230
346,1LCX,73.08,0.584400,1.00,-869.611,24.856,0.260898,0.303240
347,1LDL,70.83,0.606500,1.00,-2753.302,246.689,0.313095,0.586080
348,1LDR,67.44,0.556200,1.00,-2400.645,256.987,0.347947,0.551730
349,1LFC,41.00,0.371800,1.00,-1412.750,114.403,0.625229,0.183170
350,1LGL,93.75,0.801300,1.00,-2761.396,162.003,0.092091,0.822810
351,1LIQ,46.30,0.570800,1.00,-1604.233,107.585,0.900232,0.211030
352,1LIR,93.24,0.726100,1.00,-2648.618,207.223,0.092943,0.801050
353,1LMM,70.62,0.609100,1.00,-2394.321,359.369,0.448917,0.565620
354,1LMR,73.57,0.639600,1.00,-2056.903,182.223,0.301719,0.560050
355,1LUP,80.65,0.576900,1.00,-2227.140,185.826,0.217080,0.531400
356,1LV4,33.33,0.417700,1.00,-1057.125,132.439,0.720476,0.100500
357,1LVZ,93.18,0.700300,1.00,-531.204,30.772,0.102658,0.483180
358,1LYP,83.59,0.687700,1.00,-2248.869,75.913,0.155144,0.589310
359,1M02,54.17,0.540500,1.00,-503.115,64.776,0.552586,0.259410
360,1M0G,80.00,0.606300,1.00,-2244.588,161.042,0.258871,0.505170
361,1M0J,70.54,0.533400,1.00,-1984.481,129.593,0.347696,0.340020
362,1M23,96.15,0.656700,1.00,-739.370,39.194,0.070826,0.609550
363,1M25,55.77,0.480500,1.00,-1910.329,182.221,0.529614,0.339290
364,1M2S,87.84,0.690100,1.00,-2743.787,187.996,0.123655,0.731540
365,1M36,85.61,0.718600,1.00,-2288.710,184.403,0.274925,0.663670
366,1M4E,72.50,0.601500,1.00,-1228.278,102.506,0.261614,0.221460
367,1M4F,67.00,0.530700,1.00,-1532.883,188.037,0.368350,0.286610
368,1MA2,76.47,0.531300,1.00,-732.002,100.291,0.251372,0.265050
369,1MA4,35.29,0.406200,1.00,-1226.522,42.275,0.837577,0.209380
370,1MA5,52.94,0.450800,1.00,-732.002,100.291,0.521692,0.135740
371,1MA6,42.65,0.413800,1.00,-1226.522,42.275,0.563102,0.192200
372,1MB6,93.57,0.747800,1.00,-2504.568,228.411,0.094265,0.799070
373,1MEA,60.71,0.535000,1.00,-1465.612,146.337,0.420822,0.300900
374,1MED,60.71,0.521400,1.00,-1465.612,146.337,0.438517,0.305220
375,1MEQ,68.48,0.602200,1.00,-1162.682,96.977,0.341925,0.256910
376,1MF6,68.75,0.548300,1.00,-428.893,54.089,0.364119,0.348440
377,1MGX,46.28,0.384600,1.00,-3804.276,213.019,0.744426,0.340660
378,1MHU,75.00,0.624900,1.00,-2354.436,219.158,0.252027,0.450550
379,1MKC,50.58,0.561800,1.00,-2427.161,242.006,0.592503,0.388630
380,1MM0,93.06,0.793800,1.00,-3162.265,189.663,0.100022,0.810280
381,1MMC,86.67,0.714200,1.00,-1870.974,132.138,0.141639,0.601870
382,1MOT,65.18,0.603800,1.00,-1148.196,201.968,0.511517,0.502670
383,1MPZ,37.20,0.447900,1.00,-2481.117,209.746,0.681254,0.232780
384,1MR0,90.44,0.729700,1.00,-2629.282,176.094,0.099215,0.745040
385,1MR4,89.89,0.765600,1.00,-3441.520,254.580,0.140104,0.800960
386,1MRB,75.81,0.656000,1.00,-2267.923,186.883,0.228332,0.488750
387,1MRT,70.16,0.557400,1.00,-2291.038,159.378,0.263126,0.424330
388,1MTQ,81.58,0.571300,1.00,-1223.721,56.785,0.348690,0.477960
389,1MTX,91.67,0.775500,1.00,-2868.736,179.617,0.120699,0.782300
390,1MXQ,88.64,0.716000,1.00,-635.523,23.673,0.241033,0.526990
391,1MYN,98.30,0.795700,1.00,-3286.483,163.340,0.073402,0.894800
392,1MYU,50.00,0.479700,1.00,-368.281,108.423,0.432836,0.260170
393,1MZI,51.92,0.512700,1.00,-869.611,24.856,0.377071,0.126870
394,1N0Z,76.67,0.683000,1.00,-2344.170,238.579,0.381254,0.627480
395,1N1U,93.97,0.784900,1.00,-1732.164,163.161,0.127796,0.743360
396,1N2Y,50.00,0.435200,1.00,-525.689,99.294,0.479906,0.133730
397,1N4N,95.74,0.792700,1.00,-3487.176,231.708,0.086966,0.893720
398,1N5G,30.92,0.313600,1.00,-2757.863,219.472,0.801537,0.281720
399,1N6T,72.50,0.539600,1.00,-400.665,62.162,0.289738,0.325180
400,1N8M,94.74,0.800800,1.00,-2655.110,184.260,0.101199,0.843810
401,1N9U,60.00,0.553000,1.00,-401.965,53.766,0.385145,0.310740
402,1NB1,98.28,0.851700,1.00,-1909.891,169.573,0.062387,0.826660
403,1NBJ,90.83,0.774800,1.00,-2083.767,208.101,0.226440,0.752130
404,1NBL,91.85,0.792800,1.00,-3563.388,170.433,0.112904,0.848100
405,1NC8,74.14,0.652200,1.00,-1319.601,117.777,0.513750,0.526630
406,1NCS,84.04,0.684800,1.00,-3912.338,270.928,0.227276,0.739860
407,1ND9,57.65,0.536000,1.00,-4115.293,154.092,0.346737,0.457830
408,1NE5,82.74,0.630400,1.00,-3089.199,203.991,0.253919,0.722600
409,1NIZ,75.00,0.587600,1.00,-603.076,71.589,0.290705,0.264320
410,1NJ0,76.56,0.639200,1.00,-603.076,71.589,0.226578,0.258580
411,1NJ3,85.48,0.761600,1.00,-2034.264,218.213,0.275487,0.651290
412,1NMJ,23.21,0.449700,1.00,-895.068,204.613,1.038078,0.166170
413,1NZS,32.89,0.515800,1.00,-414.017,116.423,0.875497,0.094460
414,1O53,85.00,0.685000,1.00,-774.720,34.337,0.197568,0.513870
415,1O8Y,87.50,0.695200,1.00,-583.487,110.517,0.195096,0.400820
416,1O8Z,85.71,0.700900,1.00,-583.487,110.517,0.179758,0.340170
417,1OAV,76.04,0.623800,1.00,-2935.791,332.622,0.523713,0.667750
418,1OAW,75.52,0.623400,1.00,-2935.791,332.622,0.308755,0.661960
419,1ODP,91.25,0.679000,1.00,-1485.255,43.374,0.112515,0.426130
420,1ODQ,87.50,0.717500,1.00,-1485.255,43.374,0.204693,0.480740
421,1ODR,83.75,0.641300,1.00,-1485.255,43.374,0.189587,0.338110
422,1OEF,86.46,0.718900,1.00,-1869.299,57.436,0.131319,0.510070
423,1OEG,76.09,0.717600,1.00,-1695.352,33.465,0.281876,0.378880
424,1OEI,32.29,0.445300,1.00,-331.553,217.557,0.888157,0.132790
425,1OG7,39.53,0.553200,1.00,-2117.195,170.949,0.930259,0.378570
426,1OHM,51.70,0.501900,1.00,-2632.312,134.073,0.552363,0.414400
427,1OHN,52.33,0.556600,1.00,-2117.195,170.949,0.549931,0.354750
428,1OIG,92.71,0.769700,1.00,-1307.314,102.689,0.122841,0.502850
429,1OMA,73.96,0.628000,1.00,-2639.462,335.507,0.487354,0.655830
430,1OMB,73.96,0.602400,1.00,-2639.462,335.507,0.383253,0.644400
431,1OMQ,85.94,0.703400,1.00,-929.633,50.275,0.146682,0.388810
432,1OPP,58.55,0.623400,1.00,-2893.259,75.761,0.533760,0.466230
433,1ORL,97.28,0.800500,1.00,-3415.146,151.111,0.078270,0.899690
434,1ORX,97.92,0.817100,1.00,-1603.159,116.290,0.073390,0.624290
435,1OZZ,84.66,0.715500,1.00,-3264.637,240.192,0.199268,0.738690
436,1P00,81.82,0.679100,1.00,-3468.259,214.782,0.323906,0.732470
437,1P0A,79.55,0.659000,1.00,-3497.798,175.295,0.326867,0.672790
438,1P7A,77.70,0.698800,1.00,-2344.190,172.215,0.386320,0.615780
439,1P82,78.00,0.693500,1.00,-1406.788,59.207,0.302223,0.441720
440,1P83,56.00,0.598500,1.00,-1406.788,59.207,0.664749,0.308570
441,1P8B,89.86,0.761800,1.00,-2737.192,260.493,0.147010,0.747500
442,1P9C,52.22,0.553500,1.00,-2472.708,185.164,0.621071,0.384860
443,1P9F,87.50,0.641900,1.00,-582.765,18.521,0.323482,0.476080
444,1P9Z,83.54,0.687700,1.00,-3134.198,239.731,0.263075,0.720340
445,1PAA,90.83,0.718600,1.00,-2123.934,162.903,0.204404,0.712240
446,1PB5,95.71,0.817300,1.00,-1852.126,151.576,0.085125,0.833650
447,1PDC,80.56,0.679900,1.00,-4017.206,234.632,0.237572,0.677950
448,1PGY,72.34,0.617500,1.00,-4726.582,125.754,0.340634,0.611390
449,1PJV,91.41,0.752600,1.00,-2551.778,124.391,0.141641,0.709450
450,1PLP,63.00,0.688800,1.00,-1368.677,91.622,0.621468,0.321010
451,1PMC,83.33,0.698500,1.00,-2003.168,172.641,0.274492,0.639370
452,1PNH,91.13,0.728900,1.00,-2120.222,145.022,0.100422,0.719530
453,1PP5,50.00,0.536500,1.00,-859.256,97.299,0.622609,0.138450
454,1PSM,61.18,0.599300,1.00,-2672.461,72.394,0.497850,0.491290
455,1PSV,72.32,0.648700,1.00,-2239.993,117.537,0.284845,0.458150
456,1PT4,99.14,0.829200,1.00,-1973.995,223.495,0.064846,0.793280
457,1PV0,89.67,0.712200,1.00,-4742.490,158.564,0.244214,0.811070
458,1PVZ,82.26,0.671300,1.00,-2145.899,130.576,0.310229,0.590390
459,1PX9,82.74,0.614100,1.00,-3089.199,203.991,0.221763,0.666190
460,1PXQ,39.29,0.386100,1.00,-2266.758,78.955,0.648259,0.278750
461,1Q01,25.00,0.388300,1.00,-1202.219,250.825,1.164243,0.220420
462,1Q2F,47.66,0.623200,1.00,-2289.458,103.591,0.623689,0.333690
463,1Q2I,46.09,0.487500,1.00,-2289.458,103.591,0.746130,0.253890
464,1Q2J,75.00,0.551400,1.00,-1252.558,152.300,0.242859,0.256400
465,1Q2K,94.35,0.819100,1.00,-2166.018,82.258,0.088396,0.786850
466,1Q3J,75.69,0.605300,1.00,-2231.998,183.902,0.294931,0.566570
467,1Q3M,55.10,0.532500,1.00,-3666.370,278.209,0.948609,0.484990
468,1Q3Y,47.62,0.454200,1.00,-2222.381,210.568,0.910854,0.385430
469,1Q3Z,48.81,0.471700,1.00,-2222.381,210.568,0.762087,0.377000
470,1Q71,63.10,0.534400,1.00,-859.256,97.299,0.669690,0.280250
471,1QCM,88.64,0.756600,1.00,-395.730,26.246,0.196011,0.421820
472,1QDP,46.43,0.402800,1.00,-2823.835,283.433,0.558244,0.304840
473,1QFD,91.41,0.756000,1.00,-2245.803,194.857,0.106384,0.736250
474,1QG9,88.10,0.737400,1.00,-1671.707,50.726,0.291786,0.535200
475,1QGM,87.50,0.794300,1.00,-2056.161,178.402,0.133752,0.619000
476,1QHK,75.53,0.625700,1.00,-3955.480,190.774,0.238760,0.620420
477,1QJK,61.81,0.532000,1.00,-2681.380,179.826,0.618499,0.479460
478,1QJL,66.07,0.578600,1.00,-1832.028,216.401,0.280199,0.369790
479,1QK6,90.15,0.759300,1.00,-2124.359,182.560,0.106513,0.721130
480,1QK7,89.84,0.690000,1.00,-2286.588,246.918,0.199266,0.683770
481,1QKY,87.50,0.695000,1.00,-3046.596,198.418,0.147068,0.727120
482,1QLO,53.68,0.566900,1.00,-2338.024,117.113,0.542477,0.394630
483,1QWP,88.64,0.703200,1.00,-395.730,26.246,0.121868,0.374080
484,1QXC,52.27,0.460700,1.00,-395.730,26.246,0.437035,0.315070
485,1QYT,77.27,0.641400,1.00,-395.730,26.246,0.223874,0.338000
486,1R02,38.64,0.457700,1.00,-1788.646,202.948,0.659867,0.284400
487,1R1F,71.62,0.559400,1.00,-2603.359,190.807,0.376969,0.505710
488,1R7C,72.58,0.736700,1.00,-2596.505,74.893,0.317802,0.525130
489,1R7D,70.97,0.683700,1.00,-2596.505,74.893,0.323088,0.554360
490,1R7E,82.26,0.713800,1.00,-2596.505,74.893,0.230827,0.613060
491,1R7F,66.94,0.624100,1.00,-2596.505,74.893,0.314305,0.457390
492,1R7G,71.77,0.684900,1.00,-2596.505,74.893,0.326408,0.519600
493,1R8T,73.33,0.563300,1.00,-610.297,135.968,0.249711,0.263650
494,1R9I,55.68,0.465800,1.00,-1372.839,157.786,0.540525,0.231430
495,1RES,72.09,0.578000,1.00,-3816.331,168.792,0.483092,0.597310
496,1RET,68.02,0.550800,1.00,-3816.331,168.792,0.437271,0.532860
497,1RG3,75.00,0.633100,1.00,-1078.980,43.822,0.370223,0.399330
498,1RG4,79.69,0.646800,1.00,-1078.980,43.822,0.258870,0.389450
499,1RIJ,85.87,0.748700,1.00,-1306.946,67.344,0.129179,0.410590
500,1RIK,89.66,0.700000,1.00,-2134.847,130.487,0.151172,0.658620
501,1RIM,81.82,0.682500,1.00,-2211.784,139.711,0.215275,0.623150
502,1RJI,79.03,0.646400,1.00,-2256.688,137.948,0.252760,0.501620
503,1RKL,60.42,0.630300,1.00,-2829.548,75.593,0.656929,0.480090
504,1RMK,52.42,0.461600,1.00,-2767.955,128.327,0.591091,0.313530
505,1RO3,44.39,0.430800,1.00,-2676.226,319.139,0.588556,0.338750
506,1ROO,65.00,0.541000,1.00,-2427.406,158.102,0.281783,0.478150
507,1RPB,41.67,0.426800,1.00,-1286.377,97.461,0.635693,0.111810
508,1RPC,44.05,0.442300,1.00,-1286.377,97.461,0.613819,0.130800
509,1RSW,33.33,0.432200,1.00,-256.906,55.500,0.740357,0.047690
510,1RSX,35.42,0.512600,1.00,-256.906,55.500,0.781482,0.119290
511,1RT0,39.58,0.495600,1.00,-256.906,55.500,0.776604,0.163290
512,1S4H,44.23,0.546700,1.00,-103.281,80.146,0.493273,0.156160
513,1S4J,30.77,0.492500,1.00,-179.045,70.543,0.706880,0.245260
514,1S4T,45.24,0.520200,1.00,-1297.025,168.870,0.881555,0.128770
515,1S4W,33.75,0.456000,1.00,-433.667,147.168,0.582184,0.109480
516,1S6W,67.86,0.552300,1.00,-1236.637,140.136,0.310627,0.205510
517,1S6X,86.76,0.731000,1.00,-2441.617,168.144,0.172512,0.673510
518,1SBU,52.27,0.610700,1.00,-355.640,53.619,0.650281,0.260040
519,1SCO,80.92,0.669700,1.00,-2816.750,224.417,0.157218,0.644200
520,1SH1,77.60,0.668000,1.00,-2639.632,247.015,0.443593,0.680270
521,1SKH,75.00,0.636600,1.00,-2119.324,75.838,0.317372,0.457440
522,1SMZ,69.44,0.723300,1.00,-1826.804,53.749,0.318758,0.362820
523,1SOL,66.25,0.520300,1.00,-870.604,62.128,0.600696,0.344960
524,1SP1,87.07,0.692600,1.00,-1815.750,93.133,0.217197,0.644690
525,1SP2,91.94,0.683100,1.00,-2066.586,135.649,0.174921,0.735770
526,1SP7,88.54,0.681900,1.00,-1785.165,102.279,0.230893,0.610000
527,1SPF,84.29,0.780600,1.00,-2279.332,71.333,0.335810,0.661240
528,1SPW,90.38,0.712900,1.00,-2993.767,257.201,0.155389,0.770220
529,1SRB,64.29,0.487900,1.00,-1514.658,85.037,0.526217,0.212950
530,1SRK,75.71,0.700400,1.00,-2279.520,120.569,0.487903,0.595500
531,1SSL,68.75,0.598200,1.00,-3784.542,238.621,0.305439,0.584890
532,1SUT,29.55,0.423100,1.00,-842.616,163.176,0.655671,0.127300
533,1SX0,93.18,0.757300,1.00,-1010.153,95.532,0.123963,0.580870
534,1SX1,94.32,0.711500,1.00,-1010.153,95.532,0.118549,0.501570
535,1T0C,23.39,0.504100,1.00,-767.382,206.077,1.169476,0.148600
536,1T2Y,44.00,0.478700,1.00,-1279.637,135.405,0.730786,0.176640
537,1T5M,53.85,0.515000,1.00,-233.611,100.029,0.327559,0.123550
538,1T5N,48.08,0.496200,1.00,-233.611,100.029,0.526450,0.191840
539,1T5Q,75.83,0.733900,1.00,-2329.538,43.911,0.261214,0.537260
540,1T9E,48.21,0.634500,1.00,-418.375,52.437,1.025422,0.290200
541,1TI5,89.13,0.725000,1.00,-3547.382,255.410,0.122384,0.807900
542,1TM6,56.82,0.477800,1.00,-949.257,168.583,0.429230,0.251640
543,1TMR,92.11,0.729600,1.00,-1049.654,88.152,0.103907,0.336820
544,1TOR,70.00,0.543200,1.00,-346.951,39.700,0.312322,0.313890
545,1TOS,65.00,0.575400,1.00,-322.989,39.602,0.365956,0.483040
546,1TSK,90.00,0.720100,1.00,-2501.818,179.117,0.101514,0.746160
547,1TV0,79.69,0.614500,1.00,-2045.835,188.929,0.220114,0.586670
548,1TYK,73.53,0.594500,1.00,-2412.063,189.804,0.230003,0.527010
549,1U0P,55.56,0.457800,1.00,-1703.504,146.347,0.671466,0.351660
550,1U57,56.77,0.686100,1.00,-2888.128,118.418,0.525485,0.490730
551,1U6U,72.06,0.585400,1.00,-871.231,51.546,0.225491,0.281450
552,1U6V,75.00,0.560300,1.00,-871.231,51.546,0.217237,0.292740
553,1U85,75.76,0.728800,1.00,-2372.877,123.718,0.386177,0.573070
554,1U86,80.71,0.710800,1.00,-2434.782,168.866,0.342941,0.599880
555,1UAO,92.50,0.737600,1.00,-377.134,108.053,0.162330,0.537920
556,1UJL,38.10,0.488300,1.00,-2115.256,225.847,0.778103,0.307280
557,1UT3,92.11,0.701100,1.00,-2995.014,217.233,0.118896,0.793600
558,1UYA,48.44,0.473400,1.00,-609.431,112.095,0.605333,0.231800
559,1UYB,51.56,0.495400,1.00,-609.431,112.095,0.417251,0.126260
560,1V1D,84.68,0.720600,1.00,-2397.176,108.825,0.176381,0.612630
561,1V28,80.43,0.675100,1.00,-1081.608,106.851,0.309443,0.487120
562,1V4Z,73.68,0.682600,1.00,-991.867,63.001,0.414520,0.424710
563,1V50,71.05,0.641800,1.00,-991.867,63.001,0.323658,0.331110
564,1V5A,91.07,0.735500,1.00,-1639.152,145.798,0.142271,0.586060
565,1V6R,64.29,0.530300,1.00,-1499.547,77.664,0.484739,0.193060
566,1V92,88.04,0.757900,1.00,-4644.178,104.669,0.138477,0.781820
567,1VA1,79.73,0.659800,1.00,-2209.560,184.993,0.267200,0.644020
568,1VA2,88.71,0.676300,1.00,-2066.586,135.649,0.137367,0.683920
569,1VA3,88.79,0.656600,1.00,-1815.750,93.133,0.189001,0.676170
570,1VB8,87.50,0.728300,1.00,-2090.511,219.572,0.234833,0.649410
571,1VD7,68.48,0.525100,1.00,-1581.996,54.619,0.412200,0.329690
572,1VD8,65.22,0.471300,1.00,-1683.503,65.202,0.416328,0.270090
573,1VD9,70.65,0.601100,1.00,-1548.590,55.231,0.424987,0.410600
574,1VDA,60.87,0.546700,1.00,-1659.042,41.493,0.712404,0.330900
575,1VDB,86.96,0.750900,1.00,-1581.996,54.619,0.178752,0.579590
576,1VII,81.25,0.671700,1.00,-2989.752,133.162,0.210471,0.641430
577,1VPC,58.89,0.628500,1.00,-3106.469,109.942,0.422118,0.538380
578,1VPU,41.67,0.459100,1.00,-2822.457,224.365,0.718345,0.361710
579,1VQX,35.53,0.553200,1.00,-414.017,116.423,0.858856,0.134280
580,1VTP,69.23,0.718000,1.00,-1859.213,34.821,0.334495,0.418440
581,1VTX,77.38,0.587400,1.00,-2270.591,304.163,0.305409,0.625130
582,1W1N,67.42,0.583100,1.00,-2272.764,168.290,0.354843,0.481990
583,1W4E,93.62,0.739700,1.00,-3680.848,171.057,0.123528,0.848140
584,1W4F,89.89,0.746300,1.00,-3680.848,171.057,0.171865,0.819880
585,1W4G,89.89,0.753000,1.00,-3745.965,173.251,0.215097,0.805800
586,1W4H,90.96,0.774900,1.00,-3513.819,223.028,0.209245,0.819850
587,1WAZ,69.02,0.612200,1.00,-4317.779,212.111,0.332374,0.493760
588,1WCT,51.92,0.616100,1.00,-416.446,62.298,0.402213,0.196160
589,1WM7,69.83,0.615900,1.00,-1933.420,138.511,0.296021,0.353900
590,1WM8,67.86,0.521200,1.00,-1592.350,112.228,0.302092,0.377160
591,1WMT,89.02,0.726800,1.00,-3236.161,232.917,0.167949,0.773640
592,1WN4,61.61,0.631800,1.00,-1254.500,111.994,0.547970,0.363390
593,1WN8,70.45,0.591800,1.00,-1262.713,76.952,0.392598,0.385230
594,1WNK,93.48,0.729700,1.00,-1548.590,55.231,0.138368,0.668010
595,1WNM,92.39,0.726500,1.00,-1683.503,65.202,0.093361,0.545700
596,1WNN,90.22,0.730200,1.00,-1659.042,41.493,0.253617,0.623610
597,1WO3,69.00,0.572300,1.00,-1328.534,189.297,0.304241,0.345160
598,1WO4,65.00,0.575800,1.00,-1383.179,132.127,0.367620,0.376660
599,1WO5,44.00,0.551500,1.00,-1555.101,22.893,0.899048,0.245160
600,1WO6,61.00,0.504600,1.00,-1476.632,81.209,0.388499,0.304000
601,1WO7,67.00,0.499400,1.00,-1545.837,104.943,0.420621,0.321360
602,1WO9,77.14,0.705000,1.00,-1699.994,185.387,0.340891,0.573110
603,1WPD,63.97,0.513200,1.00,-2318.145,145.119,0.473888,0.377130
604,1WQB,85.94,0.702800,1.00,-1999.395,171.006,0.193376,0.619800
605,1WQC,83.65,0.660900,1.00,-1793.319,108.372,0.175596,0.457590
606,1WQD,71.30,0.655500,1.00,-1882.559,94.668,0.566120,0.392010
607,1WQE,96.74,0.770400,1.00,-1490.985,62.373,0.067438,0.606110
608,1WQK,86.31,0.753400,1.00,-3692.760,213.182,0.245367,0.743580
609,1WR3,81.94,0.715800,1.00,-2265.974,176.669,0.258153,0.669520
610,1WR4,86.81,0.774700,1.00,-2072.419,186.710,0.170515,0.722830
611,1WR7,82.32,0.706800,1.00,-2724.791,245.198,0.430097,0.723940
612,1WT7,73.17,0.616700,1.00,-3038.631,196.414,0.403243,0.580860
613,1WT8,83.87,0.659900,1.00,-2256.688,137.948,0.184713,0.596620
614,1WXN,83.33,0.697200,1.00,-3512.467,242.675,0.199648,0.693040
615,1WZ4,54.35,0.574900,1.00,-1559.717,62.309,0.483044,0.286520
616,1WZ5,66.43,0.501600,1.00,-2270.693,140.403,0.342967,0.461030
617,1X22,67.26,0.714000,1.00,-2162.309,120.733,0.341811,0.609260
618,1X32,38.83,0.425600,1.00,-3270.556,191.975,0.768236,0.286550
619,1X5V,81.62,0.644000,1.00,-2309.081,212.246,0.181918,0.591780
620,1X7K,71.05,0.566100,1.00,-1073.856,112.302,0.299220,0.250400
621,1XBH,53.85,0.461900,1.00,-606.304,58.851,0.339433,0.266640
622,1XC0,63.64,0.636200,1.00,-1890.922,80.083,0.398427,0.471460
623,1XF7,87.07,0.749500,1.00,-1833.990,124.814,0.238540,0.657740
624,1XOO,77.50,0.689300,1.00,-1285.863,47.127,0.242165,0.425900
625,1XOP,73.75,0.657800,1.00,-1318.892,25.720,0.227711,0.339600
626,1XRZ,86.67,0.727800,1.00,-1754.001,149.031,0.271711,0.685390
627,1XT7,48.08,0.528400,1.00,-233.611,100.029,0.641264,0.199440
628,1XUT,72.83,0.592100,1.00,-3594.336,263.473,0.365536,0.638480
629,1XV3,44.15,0.543800,1.00,-3056.031,215.097,1.004113,0.334510
630,1XXZ,63.64,0.487700,1.00,-387.925,54.330,0.231866,0.204170
631,1XY4,43.75,0.428300,1.00,-695.208,44.104,0.642914,0.161420
632,1XY6,62.50,0.557200,1.00,-580.337,50.452,0.356258,0.296090
633,1XY8,71.15,0.512600,1.00,-671.390,52.775,0.230751,0.180280
634,1XY9,59.09,0.423600,1.00,-426.270,62.467,0.313480,0.301970
635,1Y03,73.57,0.761100,1.00,-1334.531,54.559,0.349040,0.621620
636,1Y04,58.57,0.775800,1.00,-1334.531,54.559,0.728880,0.445190
637,1Y1B,85.42,0.695500,1.00,-3674.042,169.697,0.203811,0.750790
638,1Y1C,83.33,0.710800,1.00,-3749.546,190.377,0.216425,0.726890
639,1Y29,91.96,0.726100,1.00,-1759.710,127.775,0.108412,0.643750
640,1Y2P,88.97,0.696800,1.00,-2228.406,198.701,0.148855,0.689750
641,1Y32,87.50,0.722700,1.00,-1305.365,66.259,0.224326,0.521940
642,1Y4E,47.22,0.538800,1.00,-1777.306,140.033,0.493934,0.220790
643,1Y5C,70.45,0.475200,1.00,-516.155,33.265,0.295917,0.323280
644,1YIU,90.54,0.787300,1.00,-2442.069,184.820,0.123501,0.774130
645,1YMZ,76.74,0.721700,1.00,-2570.725,251.120,0.438481,0.666010
646,1YP8,84.09,0.712400,1.00,-2289.636,152.588,0.133319,0.649960
647,1YT6,85.00,0.604000,1.00,-412.929,40.816,0.202690,0.497240
648,1YTR,59.62,0.551900,1.00,-1730.323,38.311,0.658993,0.312040
649,1YV8,86.96,0.732000,1.00,-3728.902,183.175,0.159969,0.769270
650,1YVA,88.59,0.719900,1.00,-3728.902,183.175,0.142746,0.805710
651,1YWJ,67.07,0.609200,1.00,-2217.977,222.490,0.741261,0.567340
652,1YYB,72.22,0.714100,1.00,-1754.873,70.873,0.316690,0.416860
653,1Z0Q,23.21,0.335500,1.00,-1691.401,340.816,1.367524,0.224330
654,1Z2T,68.48,0.583200,1.00,-1842.273,52.645,0.437465,0.387220
655,1Z65,74.17,0.614200,1.00,-2083.403,64.473,0.330412,0.505840
656,1Z6V,46.94,0.456300,1.00,-3633.186,232.799,0.921592,0.377270
657,1Z6W,27.04,0.318300,1.00,-3633.186,232.799,1.190363,0.238040
658,1Z99,75.00,0.612800,1.00,-2344.332,217.700,0.406099,0.602340
659,1ZA8,88.71,0.728500,1.00,-2233.310,187.283,0.206124,0.700500
660,1ZAQ,61.93,0.575100,1.00,-3297.847,217.846,0.624769,0.462600
661,1ZDA,80.92,0.673700,1.00,-2900.813,87.622,0.355079,0.688070
662,1ZDB,76.97,0.690400,1.00,-2900.813,87.622,0.348112,0.597750
663,1ZFD,89.84,0.748500,1.00,-2010.172,125.324,0.174376,0.701430
664,1ZFU,83.75,0.681300,1.00,-2731.684,185.290,0.172869,0.709050
665,1ZJQ,82.35,0.681000,1.00,-2467.006,188.948,0.180554,0.597070
666,1ZNM,82.14,0.707600,1.00,-2086.542,81.377,0.142973,0.474110
667,1ZNU,96.55,0.788300,1.00,-1909.891,169.573,0.072811,0.781580
668,1ZR7,90.00,0.778000,1.00,-1873.846,146.441,0.183678,0.740180
669,1ZRV,78.00,0.645300,1.00,-1713.013,73.950,0.307563,0.385010
670,1ZRW,66.00,0.595900,1.00,-1713.013,73.950,0.401219,0.327600
671,1ZRX,53.57,0.706000,1.00,-2247.871,83.509,0.589652,0.436730
672,1ZTA,80.71,0.659200,1.00,-2715.741,99.691,0.269974,0.728330
673,1ZTN,25.00,0.363800,1.00,-782.642,319.000,1.021443,0.185420
674,1ZTO,58.11,0.536900,1.00,-2072.302,144.118,0.543506,0.376330
675,1ZUE,84.52,0.687600,1.00,-3007.808,236.828,0.250995,0.727150
676,1ZUF,77.38,0.601500,1.00,-3007.808,236.828,0.280690,0.607450
677,1ZUV,83.33,0.656700,1.00,-1954.502,109.924,0.283451,0.619780
678,1ZWA,41.18,0.558200,1.00,-2808.793,43.021,0.938107,0.316760
679,1ZWB,47.22,0.590400,1.00,-3088.346,35.977,1.018676,0.409150
680,1ZWC,47.97,0.584200,1.00,-3142.338,42.941,0.668953,0.358370
681,1ZWD,43.57,0.561300,1.00,-3019.335,50.180,0.693277,0.325380
682,1ZWE,47.79,0.557400,1.00,-2861.861,59.186,0.711772,0.405430
683,1ZWU,88.33,0.727000,1.00,-1813.960,125.457,0.128717,0.633390
684,2A1C,73.53,0.563100,1.00,-1258.150,54.965,0.294857,0.366020
685,2A2B,44.51,0.548500,1.00,-2141.503,171.414,0.929375,0.364300
686,2A2V,88.97,0.699900,1.00,-2083.549,226.986,0.180098,0.690550
687,2A51,83.97,0.741500,1.00,-2518.166,180.894,0.158520,0.650140
688,2AAP,88.24,0.715100,1.00,-2467.006,188.948,0.164632,0.728020
689,2AB3,89.66,0.694500,1.00,-1755.892,132.569,0.145300,0.650530
690,2AB7,95.69,0.717600,1.00,-1782.421,136.597,0.097238,0.698460
691,2AB9,31.45,0.349300,1.00,-1493.370,199.726,1.043845,0.242050
692,2ADX,50.00,0.521300,1.00,-2605.550,242.744,0.536226,0.338110
693,2AJJ,82.14,0.676400,1.00,-2076.280,38.905,0.176301,0.556270
694,2AJM,83.04,0.711600,1.00,-2076.280,38.905,0.227720,0.574950
695,2AJN,84.82,0.705800,1.00,-2076.280,38.905,0.151233,0.599820
696,2AJO,83.04,0.711600,1.00,-2076.280,38.905,0.227720,0.574950
697,2AJW,79.55,0.715800,1.00,-1095.985,164.318,0.288314,0.361350
698,2AK0,68.48,0.650300,1.00,-1235.040,122.637,0.320948,0.361480
699,2AMN,52.88,0.592000,1.00,-1746.440,74.213,0.491639,0.338450
700,2AP7,91.25,0.783600,1.00,-971.162,36.105,0.175122,0.498160
701,2AP8,86.25,0.743200,1.00,-971.162,36.105,0.234701,0.470980
702,2ARI,59.62,0.571900,1.00,-2280.088,46.490,0.711852,0.505870
703,2ATG,79.17,0.681100,1.00,-929.415,82.749,0.252911,0.339860
704,2AXK,84.21,0.704000,1.00,-3133.950,164.293,0.135511,0.686940
705,2B0Y,79.41,0.642700,1.00,-1109.608,57.369,0.251216,0.335830
706,2B19,57.64,0.544700,1.00,-2029.339,226.518,0.695729,0.387050
707,2B38,89.52,0.730100,1.00,-2016.117,201.569,0.130335,0.693360
708,2B4N,54.76,0.566400,1.00,-3040.294,102.665,0.860935,0.507650
709,2B5B,29.17,0.399000,1.00,-2339.405,169.787,0.940777,0.231800
710,2B5P,56.82,0.472200,1.00,-450.448,64.642,0.277641,0.172030
711,2B5Q,68.18,0.496900,1.00,-450.448,64.642,0.347885,0.215590
712,2B68,87.21,0.730900,1.00,-3104.527,241.452,0.169017,0.759050
713,2B9K,68.62,0.586800,1.00,-3958.123,287.600,0.645149,0.517170
714,2BAI,40.62,0.342500,1.00,-2371.309,117.573,0.893976,0.230090
715,2BAO,90.00,0.694700,1.00,-537.679,22.902,0.105508,0.546860
716,2BAU,75.00,0.631100,1.00,-537.679,22.902,0.271929,0.358260
717,2BBG,63.12,0.537800,1.00,-2930.652,172.127,0.675944,0.492510
718,2BBL,37.50,0.476200,1.00,-658.329,149.538,0.919675,0.128020
719,2BBP,34.09,0.518400,1.00,-658.329,149.538,1.013148,0.094690
720,2BBX,82.14,0.727100,1.00,-2577.032,207.766,0.197196,0.721970
723,2BDS,81.98,0.639200,1.00,-3226.145,216.192,0.177691,0.671120
724,2BEY,68.75,0.644100,1.00,-509.606,86.317,0.495190,0.214350
725,2BL6,45.95,0.462500,1.00,-2101.795,165.903,0.657102,0.305460
726,2BMT,98.65,0.779300,1.00,-3109.629,185.293,0.060738,0.891340
727,2BN6,78.79,0.626200,1.00,-2609.310,86.747,0.260238,0.564720
728,2BP4,29.69,0.414800,1.00,-501.092,109.385,0.558511,0.129820
729,2BTG,87.77,0.760800,1.00,-3696.024,178.637,0.225949,0.786720
730,2BTH,85.11,0.742100,1.00,-3696.024,178.637,0.293609,0.774200
731,2C6A,83.70,0.687700,1.00,-3122.771,235.252,0.307211,0.724120
732,2C6B,84.78,0.724200,1.00,-3122.771,235.252,0.188281,0.728890
733,2CBH,100.00,0.842500,1.00,-2409.656,202.429,0.049949,0.919590
734,2CEF,32.89,0.520600,1.00,-608.223,98.898,0.862289,0.130150
735,2CEH,38.16,0.540400,1.00,-608.223,98.898,0.845099,0.154910
736,2CEZ,30.26,0.530700,1.00,-608.223,98.898,0.808908,0.098420
737,2CFJ,35.53,0.567000,1.00,-608.223,98.898,1.033203,0.166900
738,2CK4,86.18,0.736500,1.00,-2877.241,148.552,0.124869,0.711630
739,2CK5,87.90,0.737300,1.00,-2100.401,140.325,0.140868,0.628290
740,2CQ7,73.47,0.727000,1.00,-2829.531,213.095,0.348741,0.648870
741,2CRD,92.57,0.715100,1.00,-2801.123,166.047,0.116157,0.786730
742,2CSA,38.16,0.523900,1.00,-473.330,98.045,0.897493,0.099790
743,2CTI,94.83,0.737400,1.00,-1956.699,133.334,0.092908,0.723100
744,2CYU,76.88,0.576500,1.00,-3219.653,91.745,0.378207,0.626810
745,2DCI,63.75,0.589900,1.00,-1148.578,64.795,0.400202,0.239050
746,2DCO,42.65,0.400600,1.00,-2805.977,194.903,0.849384,0.282780
747,2DCV,83.93,0.696600,1.00,-2963.612,250.098,0.228902,0.697970
748,2DCW,82.14,0.671700,1.00,-2771.863,348.868,0.174737,0.707390
749,2DDL,68.94,0.608900,1.00,-2663.967,104.470,0.347158,0.408060
750,2DI2,70.69,0.676200,1.00,-1277.612,161.632,0.402328,0.528280
751,2DJ9,73.91,0.675700,1.00,-1105.090,106.262,0.330269,0.337010
752,2DJC,82.61,0.695300,1.00,-1030.635,140.902,0.325255,0.462660
753,2DMV,70.35,0.727000,1.00,-2356.049,210.425,0.631588,0.610770
754,2DQ5,83.51,0.691300,1.00,-3346.429,248.046,0.218067,0.738770
755,2DTB,78.85,0.756600,1.00,-1801.661,55.328,0.169202,0.586330
756,2DWF,74.26,0.581700,1.00,-3003.258,137.604,0.295837,0.550870
757,2DX2,86.36,0.613700,1.00,-600.635,22.487,0.212350,0.439490
758,2DX3,83.33,0.677200,1.00,-1116.259,37.812,0.157134,0.295310
759,2DX4,34.72,0.359500,1.00,-1116.259,37.812,0.846393,0.125760
760,2E1X,69.44,0.628000,1.00,-1217.321,142.536,0.482569,0.437730
761,2E2F,83.54,0.694000,1.00,-3070.809,241.379,0.153983,0.717480
762,2E3E,47.78,0.501400,1.00,-3224.089,266.537,0.736327,0.370160
763,2E3F,55.23,0.514600,1.00,-2972.138,250.469,0.721498,0.431230
764,2E3G,65.62,0.570400,1.00,-3111.630,180.265,0.501297,0.516100
765,2E4E,97.50,0.771200,1.00,-357.848,30.691,0.072111,0.624240
766,2E5T,83.15,0.622100,1.00,-3678.711,165.693,0.143787,0.711880
767,2E5U,48.75,0.595300,1.00,-2912.085,83.762,0.537502,0.448290
768,2E72,68.88,0.665400,1.00,-2560.273,283.004,0.819320,0.591460
769,2EBQ,71.28,0.641700,1.00,-2288.406,362.363,0.584834,0.628440
770,2EBR,70.74,0.724100,1.00,-2116.262,360.607,0.579882,0.636440
771,2EC7,67.86,0.598300,1.00,-2508.539,230.570,0.363591,0.570070
772,2EEM,92.65,0.782100,1.00,-2688.432,159.179,0.092746,0.769720
773,2EFZ,67.19,0.586300,1.00,-977.174,80.230,0.390179,0.255130
774,2EKK,91.49,0.776600,1.00,-3918.196,197.219,0.216878,0.817570
775,2EL4,68.48,0.773700,1.00,-2256.567,194.643,0.720428,0.560060
776,2EL5,72.62,0.736500,1.00,-2128.363,206.238,0.708485,0.636580
777,2EL6,68.48,0.686700,1.00,-2346.439,187.705,0.486977,0.563520
778,2ELM,74.32,0.717900,1.00,-2144.719,161.641,0.535493,0.615900
779,2ELN,78.95,0.808400,1.00,-2264.232,160.572,0.542578,0.685330
780,2ELO,75.00,0.744000,1.00,-2178.986,148.334,0.297583,0.558060
781,2ELP,79.73,0.744700,1.00,-2455.097,173.433,0.286852,0.651610
782,2ELQ,84.03,0.732300,1.00,-1832.697,185.270,0.248563,0.684760
783,2ELR,79.17,0.799100,1.00,-1604.080,144.902,0.609161,0.663090
784,2ELS,81.94,0.785400,1.00,-2305.061,140.686,0.438845,0.712420
785,2ELT,79.86,0.814100,1.00,-1913.865,119.785,0.402424,0.694180
786,2ELU,77.03,0.701400,1.00,-1805.802,208.213,0.463117,0.619300
787,2ELV,79.86,0.745600,1.00,-2050.528,139.034,0.458964,0.666790
788,2ELW,76.35,0.720800,1.00,-1985.516,172.631,0.393394,0.614400
789,2ELX,84.29,0.834900,1.00,-2014.247,162.561,0.322471,0.714750
790,2ELY,61.41,0.720200,1.00,-1977.405,206.391,0.977363,0.546440
791,2ELZ,65.22,0.691200,1.00,-2060.125,212.424,0.884730,0.571660
792,2EM0,63.04,0.695800,1.00,-2220.076,223.751,0.783011,0.542770
793,2EM1,73.30,0.782100,1.00,-2048.842,199.304,0.386090,0.634870
794,2EM2,63.59,0.713400,1.00,-2145.377,249.071,0.775148,0.565060
795,2EM3,61.96,0.729000,1.00,-2152.635,238.102,1.141552,0.560400
796,2EM4,63.59,0.729200,1.00,-2039.521,217.817,0.907882,0.569740
797,2EM5,66.85,0.747700,1.00,-2028.288,227.077,0.593903,0.558580
798,2EM6,69.57,0.741300,1.00,-2069.119,279.633,0.555654,0.612860
799,2EM7,65.22,0.716700,1.00,-2078.361,283.441,0.708166,0.551650
800,2EM8,66.85,0.700000,1.00,-2106.045,245.076,0.924996,0.600120
801,2EM9,64.67,0.717000,1.00,-2098.235,309.679,0.971151,0.571420
802,2EMA,66.85,0.707600,1.00,-2122.460,231.745,0.663759,0.569920
803,2EMB,63.64,0.689500,1.00,-2212.912,213.768,0.538965,0.510500
804,2EMC,68.48,0.785100,1.00,-2092.992,239.180,0.743114,0.612920
805,2EME,61.96,0.763500,1.00,-2261.500,203.415,0.790924,0.574150
806,2EMF,68.48,0.749200,1.00,-1964.307,217.628,0.588420,0.583560
807,2EMG,70.11,0.725000,1.00,-2221.344,238.236,0.792935,0.599510
808,2EMH,68.48,0.760500,1.00,-2312.327,209.179,0.566193,0.580190
809,2EMI,64.67,0.658700,1.00,-2126.377,271.991,0.659667,0.548630
810,2EMJ,65.22,0.727300,1.00,-2056.243,242.386,0.986356,0.567930
811,2EMK,66.30,0.743100,1.00,-2077.725,222.718,0.540520,0.548790
812,2EML,67.39,0.744100,1.00,-1988.385,214.467,0.806190,0.580620
813,2EMM,70.65,0.780000,1.00,-1984.747,189.088,0.424389,0.593200
814,2EMP,65.76,0.711400,1.00,-2154.752,190.961,0.805967,0.577340
815,2EMV,69.32,0.748800,1.00,-2026.153,182.826,0.533287,0.588780
816,2EMW,63.64,0.689000,1.00,-2074.656,171.128,0.897140,0.571710
817,2EMX,79.55,0.784500,1.00,-1988.491,223.493,0.345592,0.703050
818,2EMY,66.85,0.769100,1.00,-2264.878,232.382,0.636455,0.556080
819,2EMZ,78.26,0.744000,1.00,-2172.007,186.183,0.325702,0.674070
820,2EN0,70.24,0.781200,1.00,-2057.118,251.776,0.587620,0.623640
821,2EN1,66.85,0.717700,1.00,-1824.689,267.769,0.848822,0.579770
822,2EN2,72.62,0.773200,1.00,-2161.779,170.252,0.619186,0.611830
823,2EN3,70.11,0.700600,1.00,-2433.787,213.616,0.506744,0.585160
824,2EN4,64.67,0.713900,1.00,-2161.953,202.409,0.647849,0.546710
825,2EN6,66.30,0.738000,1.00,-2097.055,199.037,0.522744,0.551850
826,2EN7,64.77,0.692500,1.00,-2223.407,189.379,0.616857,0.522830
827,2EN8,67.93,0.704000,1.00,-2201.737,225.941,0.638476,0.588370
828,2EN9,66.85,0.737800,1.00,-1909.792,216.743,0.578709,0.538880
829,2ENA,58.15,0.712300,1.00,-2109.458,273.550,1.180613,0.521300
830,2ENC,63.04,0.717000,1.00,-2143.648,193.578,0.817607,0.534840
831,2ENE,63.59,0.701600,1.00,-2180.645,195.740,0.686240,0.550290
832,2ENF,65.76,0.735600,1.00,-2061.967,233.642,0.765173,0.558550
833,2ENH,62.50,0.729700,1.00,-2021.160,222.412,0.925880,0.535710
834,2ENT,63.54,0.750800,1.00,-2445.185,281.041,0.814749,0.579470
835,2EOE,65.76,0.724500,1.00,-2123.882,205.063,0.549237,0.548140
836,2EOF,72.73,0.760700,1.00,-2027.376,206.028,0.435143,0.596410
837,2EOG,65.91,0.741600,1.00,-2228.473,185.761,0.789243,0.582570
838,2EOH,62.50,0.628600,1.00,-1872.121,302.790,0.748440,0.539250
839,2EOI,67.61,0.687100,1.00,-2077.578,233.076,0.595472,0.573630
840,2EOJ,67.05,0.750200,1.00,-1997.467,220.474,0.670472,0.594400
841,2EOK,73.81,0.746700,1.00,-2221.990,149.085,0.374641,0.637460
842,2EOL,75.60,0.755200,1.00,-1922.169,187.476,0.490745,0.621730
843,2EOM,62.50,0.726500,1.00,-2154.258,222.687,0.978952,0.556590
844,2EON,63.59,0.734900,1.00,-2024.450,232.021,0.738145,0.544960
845,2EOO,71.74,0.722200,1.00,-2404.273,190.164,0.635766,0.621030
846,2EOP,66.30,0.759900,1.00,-2086.434,213.188,0.610186,0.590070
847,2EOQ,72.28,0.712000,1.00,-2075.198,211.744,0.356495,0.588210
848,2EOR,71.74,0.739800,1.00,-2081.316,244.258,0.371549,0.585420
849,2EOS,67.26,0.734800,1.00,-2126.762,217.841,0.736931,0.572750
850,2EOU,62.50,0.737600,1.00,-1903.717,193.442,0.864167,0.547470
851,2EOV,60.87,0.730800,1.00,-2159.929,233.303,1.067332,0.556140
852,2EOW,64.13,0.734700,1.00,-2073.282,214.173,0.814392,0.579710
853,2EOX,65.91,0.646700,1.00,-2190.198,209.088,0.730449,0.562950
854,2EOY,61.41,0.674200,1.00,-2304.994,287.947,1.091073,0.528740
855,2EOZ,71.20,0.761300,1.00,-2344.542,188.083,0.598577,0.626640
856,2EP0,68.48,0.758400,1.00,-2095.376,248.767,0.566475,0.610280
857,2EP1,67.93,0.750100,1.00,-2057.762,208.973,0.525096,0.574980
858,2EP2,67.39,0.770000,1.00,-2075.295,186.182,0.654232,0.598480
859,2EP3,69.02,0.737200,1.00,-2251.705,217.872,0.644577,0.613560
860,2EPC,61.31,0.670000,1.00,-1992.067,181.512,0.997872,0.552460
861,2EPQ,55.00,0.694500,1.00,-2269.552,198.996,0.983078,0.454940
862,2EPR,51.56,0.678700,1.00,-2394.349,253.246,0.982384,0.460850
863,2EPT,65.85,0.668700,1.00,-1957.782,195.193,0.580248,0.556290
864,2EPU,68.33,0.747600,1.00,-2049.469,184.736,0.813557,0.584050
865,2EPV,73.30,0.763200,1.00,-2173.194,198.568,0.443588,0.608110
866,2EPW,60.87,0.650200,1.00,-2178.126,205.594,0.796797,0.506940
867,2EPX,67.02,0.659000,1.00,-2618.296,214.281,0.806714,0.573390
868,2EPY,69.64,0.721700,1.00,-1800.600,221.022,0.705542,0.580630
869,2EPZ,66.30,0.714500,1.00,-2022.969,248.038,0.741320,0.582820
870,2EQ0,60.87,0.673900,1.00,-2124.097,231.555,0.802790,0.527780
871,2EQ1,59.78,0.668900,1.00,-1922.468,197.585,0.717861,0.507540
872,2EQ2,57.61,0.648900,1.00,-1990.668,226.571,1.007677,0.504750
873,2EQ3,64.67,0.654200,1.00,-1909.578,208.314,0.542854,0.533690
874,2EQ4,54.89,0.604000,1.00,-2050.948,270.186,0.854532,0.443480
875,2EQE,63.02,0.739000,1.00,-2580.952,290.007,0.761751,0.556060
876,2EQF,64.67,0.618300,1.00,-2518.863,235.355,0.937206,0.572830
877,2EQG,79.08,0.758800,1.00,-2755.923,239.319,0.381317,0.714310
878,2EQH,77.17,0.725100,1.00,-1025.214,141.872,0.325533,0.380440
879,2EQQ,70.54,0.598600,1.00,-1554.021,240.198,0.413801,0.434090
880,2EQT,69.64,0.634500,1.00,-1554.021,240.198,0.444054,0.524000
881,2EQW,69.05,0.696800,1.00,-2235.959,229.481,0.596606,0.569400
882,2ERI,91.13,0.753200,1.00,-2130.548,183.822,0.210357,0.764450
883,2ESX,61.84,0.483700,1.00,-869.162,79.155,0.308916,0.208280
884,2ESZ,61.84,0.471800,1.00,-869.162,79.155,0.310694,0.191640
885,2ETI,81.25,0.656900,1.00,-1975.244,88.846,0.214865,0.524660
886,2EVQ,95.83,0.817700,1.00,-560.082,39.927,0.062413,0.555940
887,2EYA,89.67,0.739600,1.00,-3728.902,183.175,0.151022,0.788000
888,2EYB,90.22,0.745000,1.00,-3728.902,183.175,0.155993,0.833070
889,2EYC,84.78,0.701400,1.00,-3728.902,183.175,0.203694,0.753140
890,2EYD,86.41,0.734400,1.00,-3728.902,183.175,0.214452,0.774470
891,2F2I,92.24,0.780300,1.00,-1793.749,170.442,0.105352,0.678990
892,2F2J,93.97,0.772200,1.00,-1711.664,151.928,0.095953,0.704170
893,2F5H,63.51,0.486000,1.00,-2318.592,340.495,0.490317,0.426580
896,2FJ4,68.92,0.559100,1.00,-2318.592,340.495,0.373050,0.491500
897,2FJ5,66.89,0.556900,1.00,-2318.592,340.495,0.308668,0.453050
898,2FQA,74.07,0.584900,1.00,-1806.595,138.124,0.303803,0.420550
899,2FR9,84.62,0.603300,1.00,-629.088,82.322,0.146748,0.378630
900,2FRB,53.85,0.510800,1.00,-562.219,104.323,0.393633,0.278840
901,2FXY,86.11,0.683500,1.00,-1124.640,30.802,0.260208,0.388830
902,2FXZ,86.54,0.691600,1.00,-793.014,18.278,0.229880,0.489030
903,2G6U,53.33,0.476100,1.00,-701.978,44.310,0.571320,0.232810
904,2G9L,68.92,0.686500,1.00,-2435.245,75.329,0.475024,0.571270
905,2G9P,65.38,0.684800,1.00,-1609.679,32.698,0.389764,0.494720
906,2GD3,63.54,0.586800,1.00,-1306.550,67.842,0.453886,0.389120
907,2GDL,59.68,0.509700,1.00,-1937.612,145.280,0.381429,0.412080
908,2GFR,88.64,0.605800,1.00,-538.339,46.762,0.155903,0.459540
909,2GJ0,83.06,0.655700,1.00,-1944.871,202.131,0.321000,0.583110
910,2GL1,98.40,0.847800,1.00,-3525.837,229.605,0.053943,0.944840
911,2GOF,60.71,0.576300,1.00,-2265.943,84.754,0.535568,0.461240
912,2GOH,64.29,0.587100,1.00,-2265.943,84.754,0.458407,0.469860
913,2GP8,86.88,0.717000,1.00,-2908.853,66.387,0.241341,0.728820
914,2GQE,90.62,0.785000,1.00,-1899.124,213.891,0.161780,0.725940
915,2GW9,91.41,0.758400,1.00,-2045.835,188.929,0.148320,0.743260
916,2GWP,85.16,0.726500,1.00,-2062.299,189.422,0.206093,0.630740
917,2GX1,84.48,0.658100,1.00,-1896.028,123.939,0.150794,0.551040
918,2H1Z,89.74,0.786000,1.00,-2558.827,264.052,0.139691,0.765090
919,2H9X,71.81,0.615300,1.00,-3099.853,202.897,0.342133,0.611250
920,2HFR,67.59,0.628900,1.00,-1826.523,46.333,0.310320,0.307320
921,2HGO,63.89,0.515600,1.00,-1780.399,170.418,0.362270,0.309740
922,2HLG,92.31,0.757400,1.00,-2699.919,259.074,0.115071,0.821120
923,2HM3,70.97,0.576500,1.00,-1901.369,276.321,0.554985,0.471960
924,2HM4,41.94,0.464000,1.00,-1843.662,168.090,0.756609,0.232640
925,2HM5,66.13,0.601100,1.00,-1843.662,168.090,0.448327,0.376600
926,2HM6,37.10,0.438100,1.00,-1906.617,226.310,0.968588,0.225300
927,2HN8,81.58,0.767200,1.00,-3367.419,96.115,0.170839,0.661500
928,2I1P,81.77,0.742600,1.00,-2496.534,231.988,0.248005,0.706300
929,2I1T,75.69,0.653900,1.00,-2273.691,186.450,0.232514,0.532910
930,2I5O,87.82,0.810200,1.00,-2775.277,138.979,0.273848,0.752690
931,2I9M,88.24,0.821000,1.00,-1093.291,17.231,0.123250,0.520170
932,2I9N,48.48,0.618900,1.00,-1738.037,198.443,0.708358,0.351380
933,2I9O,52.70,0.643400,1.00,-1677.063,189.971,0.698603,0.385140
934,2IFJ,54.17,0.529500,1.00,-586.168,56.379,0.452134,0.281170
935,2IGU,72.92,0.552000,1.00,-658.451,45.900,0.243317,0.375700
936,2IH6,59.09,0.507300,1.00,-526.273,56.618,0.384133,0.258640
937,2IMU,55.43,0.655400,1.00,-2622.999,157.416,0.532547,0.543790
938,2IT7,99.11,0.845300,1.00,-1975.244,88.846,0.056694,0.823570
939,2IV4,29.69,0.456300,1.00,-313.246,59.941,0.754217,0.121980
940,2IV5,88.04,0.744200,1.00,-1295.432,37.423,0.140446,0.481100
941,2IV6,48.91,0.568900,1.00,-1230.787,55.009,0.744181,0.246180
942,2IWJ,43.52,0.470800,1.00,-1217.321,142.536,0.720962,0.256670
943,2J15,68.33,0.601100,1.00,-685.271,77.826,0.313348,0.255370
944,2J8P,51.53,0.554400,1.00,-4147.303,159.220,0.811514,0.438670
945,2JM0,85.00,0.736000,1.00,-3131.745,114.520,0.149044,0.646190
946,2JM2,25.56,0.437600,1.00,-1102.180,330.015,1.354818,0.271530
947,2JM4,90.12,0.744600,1.00,-2388.226,257.589,0.183186,0.790950
948,2JMY,95.00,0.705200,1.00,-887.705,35.185,0.116223,0.491270
949,2JN5,45.83,0.482100,1.00,-671.412,24.112,0.532320,0.221290
950,2JNH,81.52,0.683100,1.00,-4255.242,141.478,0.284022,0.713060
951,2JNI,91.67,0.728800,1.00,-1462.504,109.357,0.106535,0.378090
952,2JOC,66.22,0.587100,1.00,-2442.069,184.820,0.364546,0.492870
953,2JOF,88.75,0.741900,1.00,-992.884,60.084,0.163655,0.378620
954,2JOS,82.95,0.637100,1.00,-1414.749,36.108,0.222682,0.379050
955,2JOU,46.32,0.309200,1.00,-3003.258,137.604,1.018983,0.351100
956,2JP6,58.78,0.584600,1.00,-2015.414,168.185,0.927695,0.405720
957,2JPJ,51.92,0.668400,1.00,-2428.977,52.841,0.550598,0.390820
958,2JPK,59.29,0.607500,1.00,-2475.309,73.555,0.964519,0.464420
959,2JPL,50.64,0.616200,1.00,-2428.977,52.841,0.581060,0.416360
960,2JPM,52.14,0.630500,1.00,-2475.309,73.555,0.494089,0.385370
961,2JPW,49.22,0.558400,1.00,-1054.232,161.387,0.543328,0.255900
962,2JPX,64.29,0.672600,1.00,-2218.870,97.047,0.624223,0.507050
963,2JQ2,47.92,0.506200,1.00,-503.115,64.776,0.451935,0.261750
964,2JQB,48.33,0.573500,1.00,-559.793,115.195,0.543238,0.171270
965,2JQC,50.00,0.461000,1.00,-559.793,115.195,0.444394,0.236370
966,2JQW,48.53,0.466900,1.00,-864.522,99.649,0.536612,0.150850
967,2JR3,45.24,0.430500,1.00,-2945.042,219.694,0.811217,0.338440
968,2JR8,59.52,0.573800,1.00,-2176.647,180.009,0.604978,0.464890
969,2JRD,57.41,0.544900,1.00,-1248.804,54.120,0.653831,0.359290
970,2JRV,55.00,0.579000,1.00,-731.780,71.915,0.632368,0.294900
971,2JRW,64.13,0.512000,1.00,-1145.041,122.335,0.363425,0.183580
972,2JRY,53.26,0.433700,1.00,-3061.858,272.149,0.660876,0.440730
973,2JSB,85.71,0.667500,1.00,-1438.996,94.828,0.163923,0.360850
974,2JTA,42.50,0.460300,1.00,-259.941,56.668,0.606429,0.281290
975,2JTB,93.18,0.721300,1.00,-2190.443,180.385,0.102127,0.730060
976,2JTU,67.11,0.549000,1.00,-2386.922,193.649,0.348055,0.517630
977,2JTW,69.00,0.655000,1.00,-1690.709,45.055,0.373627,0.405890
978,2JUE,31.90,0.290000,1.00,-1909.891,169.573,0.796534,0.174900
979,2JUI,59.09,0.672900,1.00,-2047.034,77.349,0.566364,0.399520
980,2JUQ,69.23,0.540800,1.00,-755.215,36.109,0.269215,0.406800
981,2JUR,63.46,0.537000,1.00,-603.404,68.119,0.421312,0.293570
982,2JUS,86.54,0.670100,1.00,-764.271,53.175,0.130310,0.396110
983,2JUT,61.54,0.532600,1.00,-586.945,51.768,0.383199,0.385510
984,2JUY,60.71,0.553600,1.00,-2227.103,158.537,0.410133,0.314110
985,2JVX,90.18,0.769600,1.00,-1985.363,133.541,0.184736,0.721340
986,2JVY,84.82,0.693200,1.00,-2005.106,113.501,0.253453,0.637560
987,2JWG,87.50,0.738100,1.00,-2944.812,187.264,0.164429,0.794980
988,2JWH,60.94,0.655600,1.00,-2020.985,247.185,0.665916,0.525470
989,2JWM,89.66,0.756300,1.00,-1885.245,189.256,0.196512,0.730690
990,2JXF,88.33,0.799200,1.00,-2652.000,60.629,0.125636,0.724440
991,2JY0,71.30,0.616800,1.00,-1592.308,72.583,0.292179,0.399110
992,2JYD,74.46,0.673900,1.00,-2107.112,334.787,0.368514,0.656440
993,2JYP,42.36,0.443100,1.00,-2718.509,215.377,0.671537,0.293520
994,2K10,55.47,0.674600,1.00,-2017.560,49.966,0.468019,0.299700
995,2K1A,56.55,0.755200,1.00,-2864.642,129.883,0.644317,0.489160
996,2K1I,91.41,0.710500,1.00,-1860.367,180.312,0.117150,0.697390
997,2K1P,80.30,0.732700,1.00,-1928.120,173.346,0.309525,0.627310
998,2K2Y,82.69,0.671700,1.00,-3246.755,126.060,0.179884,0.671340
999,2K2Z,74.36,0.611700,1.00,-2280.488,251.172,0.409112,0.620660
1000,2K44,55.36,0.641600,1.00,-2256.896,58.930,0.538378,0.370310
1001,2K4U,89.86,0.718000,1.00,-2676.161,137.790,0.112588,0.755350
1004,2K6O,65.54,0.740300,1.00,-2965.010,90.562,0.323443,0.601020
1005,2K6R,81.03,0.606700,1.00,-2054.373,254.876,0.222182,0.511880
1006,2K72,93.92,0.746000,1.00,-3354.298,172.443,0.099794,0.796970
1007,2K76,91.67,0.750600,1.00,-2144.158,92.125,0.099026,0.689080
1008,2K7G,98.28,0.845700,1.00,-2049.594,179.014,0.061215,0.821920
1009,2K7Y,35.56,0.505500,1.00,-2681.341,294.384,0.976261,0.312820
1010,2K84,55.83,0.606700,1.00,-1704.468,165.691,0.478426,0.422430
1012,2K98,60.42,0.621000,1.00,-1339.756,29.386,0.704538,0.347660
1013,2K9D,80.11,0.656700,1.00,-4578.530,151.208,0.154423,0.678750
1014,2K9O,70.14,0.573600,1.00,-2328.427,139.185,0.349614,0.507570
1015,2KAM,71.15,0.724100,1.00,-1801.661,55.328,0.244818,0.644950
1016,2KB8,72.97,0.664700,1.00,-2051.541,176.973,0.371715,0.549390
1017,2KB9,78.41,0.645400,1.00,-2760.770,222.061,0.216802,0.661420
1018,2KBL,62.07,0.633100,1.00,-1710.012,202.193,0.397584,0.355300
1019,2KCF,74.31,0.644300,1.00,-2258.526,192.947,0.394594,0.566400
1020,2KCG,97.50,0.824800,1.00,-2106.085,161.280,0.066635,0.807040
1021,2KCH,97.41,0.806100,1.00,-1973.995,223.495,0.075619,0.766610
1023,2KDT,42.78,0.497300,1.00,-2922.065,194.684,0.661272,0.376930
1024,2KE3,44.19,0.545400,1.00,-2658.605,213.669,0.760499,0.327980
1025,2KEF,71.00,0.602400,1.00,-1532.883,188.037,0.417467,0.343090
1026,2KEG,64.84,0.670200,1.00,-2004.556,65.672,0.490957,0.485890
1027,2KEH,63.28,0.602700,1.00,-2004.556,65.672,0.422960,0.430150
1028,2KES,82.29,0.818700,1.00,-3631.817,88.570,0.168668,0.736330
1029,2KFE,66.67,0.698800,1.00,-1595.498,98.753,0.283755,0.315410
1030,2KFQ,34.38,0.340700,1.00,-2434.155,105.503,0.852199,0.317510
1031,2KGH,41.03,0.433600,1.00,-2459.029,220.170,0.919816,0.312490
1032,2KGN,70.83,0.607500,1.00,-1362.418,85.475,0.251056,0.289710
1033,2KGU,90.71,0.776400,1.00,-1931.127,202.734,0.147450,0.753990
1034,2KHB,90.52,0.765000,1.00,-1887.449,134.086,0.154909,0.702100
1035,2KHF,68.00,0.642000,1.00,-1698.376,60.202,0.276879,0.370900
1036,2KHG,72.00,0.645300,1.00,-1698.376,60.202,0.235332,0.408970
1037,2KI0,75.00,0.659700,1.00,-2485.269,111.918,0.331592,0.532450
1038,2KI9,55.30,0.629100,1.00,-2740.813,50.201,0.485423,0.392490
1039,2KIO,56.82,0.604300,1.00,-2272.764,168.290,0.551550,0.337070
1040,2KIR,70.59,0.588300,1.00,-2351.434,140.607,0.249702,0.464430
1041,2KIT,63.64,0.631300,1.00,-2272.764,168.290,0.352743,0.456680
1042,2KJM,55.00,0.529500,1.00,-2053.670,155.436,0.410954,0.331570
1043,2KJN,74.04,0.652100,1.00,-1893.477,40.572,0.356284,0.483590
1044,2KJO,66.35,0.590900,1.00,-1893.477,40.572,0.344373,0.437670
1045,2KLV,50.00,0.564900,1.00,-3406.343,64.183,0.527489,0.377710
1046,2KM9,91.00,0.675400,1.00,-1310.187,117.326,0.117634,0.516730
1047,2KMO,90.34,0.732900,1.00,-2790.547,190.642,0.154047,0.800430
1048,2KMP,84.66,0.721900,1.00,-2790.547,190.642,0.296458,0.765960
1049,2KMQ,79.55,0.697000,1.00,-2790.547,190.642,0.212949,0.647070
1050,2KMR,66.48,0.570300,1.00,-2790.547,190.642,0.960248,0.558760
1051,2KNI,85.98,0.713800,1.00,-2453.165,319.674,0.231774,0.749920
1052,2KNM,94.17,0.817500,1.00,-2106.085,161.280,0.090029,0.741660
1053,2KNP,84.85,0.691000,1.00,-1950.520,181.281,0.175759,0.649780
1054,2KNS,52.27,0.619500,1.00,-1890.922,80.083,0.701117,0.383180
1055,2KNU,52.59,0.609300,1.00,-1568.293,187.181,0.599732,0.311440
1056,2KOE,46.88,0.597300,1.00,-2844.350,151.948,0.649140,0.335000
1057,2KOZ,95.45,0.804100,1.00,-2206.140,152.696,0.104945,0.818620
1058,2KP0,87.88,0.694900,1.00,-2280.606,96.559,0.170727,0.666520
1059,2KPA,54.81,0.534100,1.00,-1732.866,85.585,0.465544,0.265480
1060,2KPB,52.88,0.524900,1.00,-1732.866,85.585,0.544898,0.333840
1061,2KSG,31.77,0.612600,1.00,-2880.297,180.563,1.472830,0.261750
1062,2KSJ,61.96,0.699100,1.00,-3406.343,64.183,0.479267,0.513110
1063,2KTC,68.38,0.559900,1.00,-1908.289,215.032,0.505095,0.447270
1064,2KTX,92.11,0.722300,1.00,-2744.622,181.541,0.152329,0.795940
1065,2KUK,97.50,0.787500,1.00,-2164.207,177.115,0.071258,0.776640
1066,2KUS,90.71,0.773500,1.00,-2262.175,153.795,0.107188,0.736340
1067,2KUX,95.83,0.779800,1.00,-2189.259,197.690,0.080894,0.761340
1068,2KUY,57.56,0.482800,1.00,-3218.164,259.246,0.834082,0.445510
1069,2KV5,68.94,0.702800,1.00,-2427.113,78.917,0.491720,0.534380
1070,2KVF,87.50,0.629500,1.00,-1947.106,84.770,0.170920,0.597600
1071,2KVG,82.41,0.712900,1.00,-1844.585,100.110,0.192111,0.471750
1072,2KVH,90.74,0.673400,1.00,-1838.617,92.124,0.180910,0.621960
1073,2KVX,96.43,0.794200,1.00,-1934.521,170.087,0.077956,0.742120
1074,2KWT,69.70,0.586400,1.00,-2780.200,109.301,0.317154,0.490560
1075,2KWY,77.33,0.773100,1.00,-2708.174,69.233,0.416883,0.727900
1076,2KWZ,65.62,0.663400,1.00,-3385.204,74.119,0.337960,0.523080
1077,2KXA,46.67,0.622700,1.00,-1760.440,42.396,1.097083,0.354490
1078,2KY3,87.12,0.734900,1.00,-2192.376,113.366,0.245186,0.687910
1079,2KYA,39.71,0.453900,1.00,-1513.411,131.440,1.100009,0.343150
1080,2KYJ,90.97,0.739500,1.00,-2130.101,234.383,0.149634,0.758910
1081,2KYK,64.74,0.514200,1.00,-2353.867,196.568,0.692034,0.483860
1082,2KZQ,61.11,0.637900,1.00,-2576.234,82.212,0.443996,0.472630
1083,2L07,79.17,0.583600,1.00,-929.873,110.983,0.200960,0.258400
1084,2L0G,84.38,0.677800,1.00,-3057.698,131.904,0.297303,0.694260
1085,2L0L,54.63,0.611600,1.00,-1583.658,63.089,0.551203,0.372400
1086,2L0M,65.74,0.684100,1.00,-1583.658,63.089,0.381700,0.349880
1087,2L0N,80.00,0.647900,1.00,-2326.895,86.900,0.199602,0.525740
1088,2L0O,59.17,0.582700,1.00,-2326.895,86.900,0.376512,0.399620
1089,2L1J,53.68,0.484700,1.00,-2008.588,233.155,0.433599,0.330740
1090,2L1Q,74.38,0.683000,1.00,-2233.523,271.047,0.400157,0.616910
1091,2L1X,41.03,0.542600,1.00,-2847.656,72.788,0.922663,0.356430
1092,2L2R,76.35,0.663100,1.00,-1806.305,406.598,0.494434,0.657680
1093,2L36,65.62,0.685600,1.00,-1394.020,44.602,0.426942,0.343850
1094,2L37,87.21,0.672900,1.00,-3518.796,122.236,0.211183,0.781530
1095,2L3H,41.03,0.454300,1.00,-2470.597,152.722,0.875119,0.293690
1096,2L3I,65.83,0.570000,1.00,-2014.127,101.486,0.464434,0.496440
1097,2L44,88.16,0.597400,1.00,-844.085,79.214,0.141686,0.288950
1098,2L4G,61.11,0.625100,1.00,-1329.817,47.942,0.652129,0.372390
1099,2L4J,67.93,0.643300,1.00,-2878.414,213.497,0.435005,0.555430
1100,2L4U,66.67,0.589500,1.00,-1362.418,85.475,0.363407,0.286160
1101,2L5I,40.48,0.459500,1.00,-902.786,174.756,0.741400,0.152280
1102,2L5J,45.24,0.458800,1.00,-902.786,174.756,0.521755,0.134260
1103,2L5R,80.43,0.781000,1.00,-1540.630,23.254,0.179077,0.377460
1104,2L61,58.65,0.516200,1.00,-1278.050,154.236,0.476695,0.324310
1105,2L62,66.35,0.536800,1.00,-1278.050,154.236,0.426774,0.321070
1106,2L63,62.88,0.651800,1.00,-2582.306,50.865,0.476653,0.383110
1107,2L64,67.42,0.638400,1.00,-2582.306,50.865,0.322363,0.446780
1108,2L6S,42.50,0.462600,1.00,-1067.369,106.297,0.729461,0.130660
1109,2L6T,50.00,0.436100,1.00,-1067.369,106.297,0.619707,0.189820
1110,2L70,56.55,0.685800,1.00,-3040.294,102.665,0.508138,0.471000
1111,2L71,61.31,0.630200,1.00,-3040.294,102.665,0.604320,0.533110
1112,2L77,53.85,0.588900,1.00,-2470.597,152.722,0.849216,0.428410
1113,2L79,53.85,0.524800,1.00,-2470.597,152.722,0.596237,0.388640
1114,2L7C,77.63,0.596900,1.00,-1237.724,36.834,0.223039,0.322960
1115,2L7T,63.64,0.521000,1.00,-413.063,46.328,0.307603,0.284810
1116,2L87,31.48,0.503200,1.00,-969.911,161.325,0.753384,0.207580
1117,2L8E,67.35,0.654000,1.00,-3126.418,232.637,0.504626,0.595940
1118,2L91,75.00,0.724300,1.00,-3108.129,117.747,0.260265,0.608020
1122,2L9G,85.53,0.764200,1.00,-1384.507,27.809,0.120029,0.340990
1123,2L9X,55.00,0.600800,1.00,-1841.550,124.830,0.482716,0.336350
1124,2L9Z,62.82,0.706800,1.00,-2307.546,212.117,0.578672,0.518550
1125,2LA0,70.00,0.653600,1.00,-2009.290,49.047,0.297621,0.421430
1126,2LAM,89.66,0.748300,1.00,-2121.526,172.737,0.215352,0.759550
1127,2LAQ,40.28,0.463600,1.00,-1958.650,173.545,0.616012,0.251120
1128,2LAT,68.92,0.714300,1.00,-3055.102,76.429,0.427514,0.506250
1129,2LB7,75.57,0.663900,1.00,-3141.935,199.352,0.223408,0.622660
1130,2LBG,87.04,0.840100,1.00,-1163.800,25.455,0.133898,0.575320
1131,2LBZ,49.19,0.487400,1.00,-2382.416,83.828,0.522478,0.312880
1132,2LCM,77.68,0.704600,1.00,-1931.742,102.609,0.367242,0.530830
1133,2LDE,58.00,0.481100,1.00,-1689.987,115.170,0.720542,0.272790
1134,2LDF,69.79,0.613700,1.00,-1583.498,110.769,0.372678,0.369970
1135,2LDJ,75.00,0.601200,1.00,-1206.509,80.499,0.229120,0.295260
1136,2LDS,77.78,0.605100,1.00,-2188.622,187.647,0.242126,0.559510
1137,2LE3,75.00,0.731800,1.00,-3000.654,120.718,0.254340,0.584290
1138,2LE7,61.25,0.569800,1.00,-1340.356,35.104,0.495787,0.259280
1139,2LER,59.09,0.514300,1.00,-391.232,70.189,0.305850,0.124540
1140,2LET,88.39,0.741500,1.00,-1877.237,170.568,0.114069,0.580590
1141,2LEU,56.76,0.563900,1.00,-1970.198,169.181,0.550521,0.424010
1142,2LEW,83.59,0.656900,1.00,-1838.951,191.265,0.227741,0.601850
1143,2LEY,87.50,0.735000,1.00,-2058.016,148.060,0.228279,0.676540
1144,2LFM,20.00,0.375100,1.00,-1528.405,327.326,1.535982,0.183060
1145,2LG4,96.88,0.811700,1.00,-2722.260,178.152,0.098320,0.882360
1146,2LG5,75.69,0.619300,1.00,-2642.192,195.590,0.308364,0.571620
1147,2LG6,87.50,0.705200,1.00,-2767.063,164.181,0.249472,0.721280
1148,2LI3,58.33,0.533200,1.00,-2063.025,134.855,0.553388,0.427730
1149,2LIC,30.71,0.450900,1.00,-1579.626,197.507,0.849333,0.222780
1150,2LID,27.86,0.503000,1.00,-1274.907,252.552,0.914088,0.205340
1151,2LIF,79.63,0.719100,1.00,-1751.059,94.823,0.334480,0.519060
1152,2LIX,66.67,0.531900,1.00,-1764.300,144.528,0.353256,0.427550
1153,2LIY,67.22,0.586900,1.00,-2896.539,251.498,0.331305,0.567020
1154,2LJ7,78.19,0.676700,1.00,-3466.878,224.141,0.265620,0.685330
1155,2LJQ,45.95,0.507400,1.00,-1572.537,200.766,0.883738,0.331860
1156,2LJS,90.83,0.752300,1.00,-1597.501,181.999,0.253533,0.737620
1157,2LJT,47.97,0.544100,1.00,-1543.268,285.395,0.559378,0.401160
1158,2LK9,57.86,0.544500,1.00,-2300.660,60.175,0.512030,0.519150
1159,2LKE,75.00,0.631200,1.00,-1165.357,111.120,0.406146,0.457020
1160,2LKJ,71.88,0.578200,1.00,-1165.357,111.120,0.502905,0.417440
1161,2LKQ,67.71,0.643000,1.00,-1419.067,77.965,0.338368,0.277980
1162,2LL1,86.36,0.664100,1.00,-2225.891,179.123,0.172889,0.690580
1163,2LL2,41.35,0.416700,1.00,-881.982,200.432,0.653198,0.193370
1164,2LL5,93.18,0.803100,1.00,-1049.402,141.891,0.112528,0.507040
1165,2LLD,78.75,0.662300,1.00,-2634.900,225.306,0.275939,0.672780
1166,2LLM,62.21,0.728300,1.00,-2893.319,86.816,0.372893,0.468840
1167,2LLR,77.27,0.633500,1.00,-1055.018,108.443,0.235130,0.261600
1168,2LM8,42.31,0.426700,1.00,-756.453,32.276,0.651645,0.166380
1169,2LMA,76.14,0.662900,1.00,-1392.132,70.609,0.231406,0.271030
1170,2LMB,27.33,0.316000,1.00,-1997.940,210.217,1.026744,0.230700
1171,2LMF,93.48,0.746500,1.00,-1642.050,75.627,0.095688,0.582110
1172,2LMZ,83.33,0.652700,1.00,-3947.534,189.663,0.234137,0.716440
1173,2LNE,57.69,0.481800,1.00,-477.139,86.956,0.433932,0.273130
1174,2LNF,51.92,0.497100,1.00,-477.139,86.956,0.429336,0.317950
1175,2LNG,50.00,0.500600,1.00,-477.139,86.956,0.380851,0.172450
1176,2LO2,85.53,0.698500,1.00,-2177.923,163.219,0.204628,0.716810
1177,2LO3,67.05,0.646600,1.00,-2521.412,258.490,0.432958,0.532110
1178,2LO7,53.23,0.535400,1.00,-2153.581,129.406,0.704897,0.415410
1179,2LQ0,81.00,0.667500,1.00,-1670.676,89.220,0.320800,0.506430
1180,2LQ1,46.00,0.466300,1.00,-1257.811,83.192,0.690518,0.215640
1181,2LQ2,63.33,0.672500,1.00,-1334.056,111.318,0.514369,0.418940
1182,2LQA,85.81,0.705700,1.00,-2752.687,177.979,0.207029,0.703890
1183,2LQX,85.98,0.659900,1.00,-3224.772,132.285,0.298953,0.758040
1184,2LQY,76.25,0.624700,1.00,-1489.842,35.975,0.298210,0.309780
1185,2LR3,81.38,0.607900,1.00,-3293.911,213.196,0.199225,0.710040
1186,2LR5,76.97,0.649400,1.00,-2802.915,168.178,0.283726,0.615250
1187,2LR7,32.76,0.459200,1.00,-1953.090,112.822,0.925097,0.205590
1188,2LRX,58.33,0.562200,1.00,-3273.427,181.764,0.459390,0.388620
1189,2LS1,56.25,0.439800,1.00,-1043.579,148.577,0.471028,0.134530
1190,2LS2,79.00,0.744900,1.00,-1960.799,50.612,0.249744,0.494580
1191,2LS3,77.59,0.778900,1.00,-2609.216,55.364,0.214648,0.529650
1192,2LS4,65.62,0.591600,1.00,-1431.706,43.818,0.418383,0.352050
1193,2LS9,64.00,0.578900,1.00,-1374.888,27.562,0.395402,0.330820
1194,2LSA,58.70,0.669100,1.00,-1491.483,43.324,0.492498,0.219510
1195,2LSQ,68.00,0.532100,1.00,-1442.363,122.506,0.377787,0.312780
1196,2LSW,38.12,0.498200,1.00,-1472.738,256.717,1.021757,0.288500
1197,2LT8,87.50,0.784700,1.00,-3070.299,141.671,0.151618,0.763790
1198,2LTI,32.61,0.537200,1.00,-712.321,125.645,1.378571,0.136020
1200,2LU9,81.45,0.687200,1.00,-2079.018,128.856,0.232076,0.526870
1201,2LUF,82.50,0.639700,1.00,-1085.899,55.875,0.228767,0.423210
1202,2LUG,54.86,0.535400,1.00,-1363.858,265.595,0.975700,0.401560
1203,2LUR,81.03,0.636700,1.00,-2002.154,157.006,0.208694,0.508690
1204,2LUV,54.29,0.586400,1.00,-1386.341,394.850,0.822568,0.420030
1205,2LVG,71.25,0.751900,1.00,-2744.815,71.722,0.352745,0.526350
1206,2LWB,61.25,0.483400,1.00,-1652.471,82.442,0.406408,0.203030
1207,2LWL,72.45,0.654700,1.00,-2986.018,241.803,0.484154,0.621150
1208,2LWQ,92.19,0.779700,1.00,-764.242,120.533,0.109221,0.504720
1209,2LWS,68.75,0.538000,1.00,-513.368,48.223,0.260995,0.334440
1210,2LWT,93.06,0.712200,1.00,-971.394,111.720,0.093786,0.391520
1211,2LWU,93.33,0.754700,1.00,-715.848,55.906,0.116848,0.476010
1212,2LWV,79.41,0.687300,1.00,-826.600,105.922,0.189334,0.278540
1213,2LX0,65.62,0.659200,1.00,-2938.626,66.072,0.394892,0.445760
1214,2LX4,82.35,0.689900,1.00,-1222.779,42.544,0.244810,0.485860
1215,2LX5,83.33,0.638000,1.00,-1025.604,22.721,0.301282,0.455070
1216,2LX6,34.21,0.451800,1.00,-562.413,99.000,0.861731,0.189440
1217,2LXO,52.27,0.466700,1.00,-3311.713,224.113,0.603902,0.397130
1218,2LXZ,91.41,0.741100,1.00,-2276.400,139.606,0.115444,0.693960
1219,2LYE,84.72,0.644700,1.00,-734.758,108.494,0.161880,0.281150
1220,2LYF,91.67,0.750100,1.00,-977.781,78.159,0.116229,0.406690
1221,2LZI,84.72,0.677400,1.00,-836.895,105.888,0.160903,0.263030
1222,2LZO,73.28,0.711600,1.00,-1653.944,188.628,0.329785,0.430010
1223,2LZP,73.39,0.708100,1.00,-1600.932,111.762,0.348454,0.482880
1224,2LZQ,76.92,0.731500,1.00,-2542.460,62.834,0.228618,0.635360
1225,2LZX,88.51,0.749100,1.00,-2691.127,215.952,0.196192,0.726520
1226,2LZY,85.00,0.724000,1.00,-2430.214,210.494,0.211666,0.662300
1227,2M0H,64.77,0.622300,1.00,-1495.612,44.508,0.565405,0.413290
1228,2M0S,50.00,0.520100,1.00,-1923.686,53.157,0.689241,0.315610
1229,2M0W,60.87,0.636400,1.00,-1402.515,63.938,0.652873,0.330850
1230,2M1A,86.54,0.637100,1.00,-1390.601,58.674,0.128758,0.526900
1231,2M1J,61.67,0.620300,1.00,-1940.148,90.807,0.531095,0.434280
1232,2M1P,77.78,0.615700,1.00,-691.048,76.289,0.382312,0.321690
1233,2M1T,60.23,0.605600,1.00,-1582.160,48.185,0.515271,0.304440
1234,2M2G,84.72,0.675300,1.00,-761.416,93.657,0.193283,0.308940
1235,2M2H,86.11,0.643800,1.00,-616.655,66.186,0.134531,0.275070
1236,2M2Q,97.66,0.812200,1.00,-2431.140,187.147,0.082100,0.796540
1237,2M2R,75.76,0.629200,1.00,-2278.963,272.359,0.244897,0.514230
1238,2M2S,66.67,0.648900,1.00,-649.343,64.936,0.413198,0.232040
1239,2M2X,27.78,0.281000,1.00,-945.109,20.605,0.998430,0.099470
1240,2M2Y,83.33,0.686700,1.00,-826.008,87.857,0.199483,0.371820
1241,2M36,47.37,0.377900,1.00,-1965.560,232.212,0.800302,0.572150
1242,2M37,34.21,0.570900,1.00,-618.788,103.879,1.270704,0.175740
1243,2M3F,88.64,0.696800,1.00,-1598.094,57.030,0.122294,0.549060
1244,2M3J,86.36,0.712200,1.00,-2285.904,234.878,0.196236,0.649480
1245,2M3N,69.44,0.596000,1.00,-951.314,81.517,0.254632,0.229920
1246,2M4X,76.43,0.582200,1.00,-2504.568,228.411,0.225810,0.523410
1247,2M4Z,69.29,0.569300,1.00,-2385.171,215.938,0.274499,0.450080
1248,2M50,81.43,0.673500,1.00,-2556.731,191.442,0.186397,0.623230
1249,2M5L,61.25,0.648500,1.00,-840.526,89.472,0.504036,0.166750
1250,2M5X,91.88,0.841500,1.00,-2736.666,141.511,0.186043,0.828830
1251,2M5Z,94.32,0.753700,1.00,-5506.581,136.977,0.089620,0.868310
1252,2M60,86.05,0.696300,1.00,-5730.685,119.594,0.146514,0.748270
1253,2M62,83.33,0.622900,1.00,-670.686,47.619,0.171744,0.219820
1254,2M6A,81.25,0.629900,1.00,-1857.340,73.000,0.178688,0.490570
1255,2M6O,82.29,0.738400,1.00,-3175.217,297.766,0.345672,0.729600
1256,2M6P,86.96,0.704700,1.00,-3348.812,259.861,0.241655,0.764610
1257,2M73,69.00,0.663800,1.00,-1903.797,73.969,0.311371,0.321430
1258,2M77,84.72,0.698000,1.00,-935.018,94.909,0.134715,0.303590
1259,2M78,84.72,0.757100,1.00,-1030.778,83.205,0.174997,0.371810
1260,2M79,77.78,0.726900,1.00,-959.730,117.913,0.245337,0.285750
1261,2M7C,86.90,0.637500,1.00,-1180.537,49.909,0.287079,0.422220
1262,2M7D,56.25,0.636800,1.00,-1141.559,41.057,0.805907,0.327810
1263,2M7E,71.15,0.578200,1.00,-1432.936,118.746,0.445163,0.398760
1264,2M7I,37.50,0.399900,1.00,-640.257,33.776,0.673631,0.073390
1265,2M7J,48.21,0.441300,1.00,-410.749,69.289,0.638654,0.276880
1266,2M7P,79.76,0.669400,1.00,-2579.866,238.511,0.288641,0.668550
1267,2M7T,84.09,0.712500,1.00,-1967.904,322.083,0.213321,0.679090
1268,2M7X,42.11,0.573700,1.00,-2074.747,179.790,0.736301,0.348020
1269,2M8F,52.08,0.497300,1.00,-1118.834,99.745,0.731054,0.238670
1270,2M8I,84.30,0.705700,1.00,-2676.849,183.296,0.221085,0.711450
1271,2M8J,79.07,0.669400,1.00,-2804.347,227.855,0.336956,0.685870
1272,2M8M,83.04,0.724900,1.00,-2592.748,58.807,0.243228,0.572440
1273,2M8O,74.11,0.695300,1.00,-2592.748,58.807,0.218130,0.390680
1274,2M96,77.27,0.668500,1.00,-2283.477,231.236,0.431667,0.635210
1275,2M9E,91.67,0.765300,1.00,-2315.640,150.602,0.181370,0.739420
1276,2M9F,75.76,0.704600,1.00,-2315.640,150.602,0.341379,0.543950
1277,2M9I,79.41,0.700000,1.00,-2236.781,179.135,0.288659,0.596250
1278,2M9J,83.82,0.717600,1.00,-2236.781,179.135,0.286602,0.673010
1279,2M9L,90.71,0.735100,1.00,-2322.453,159.730,0.349405,0.794550
1280,2M9O,90.52,0.746500,1.00,-1974.771,182.513,0.195649,0.713430
1281,2M9R,25.00,0.385300,1.00,-1528.405,327.326,1.746975,0.225700
1282,2M9S,28.12,0.407000,1.00,-1528.405,327.326,1.850463,0.280660
1283,2MAA,80.77,0.664000,1.00,-824.205,24.561,0.181802,0.456510
1284,2MAE,67.31,0.640300,1.00,-1410.588,120.507,0.406351,0.369760
1285,2MAU,45.83,0.479100,1.00,-1770.175,147.364,0.560365,0.337180
1286,2MBD,96.30,0.762400,1.00,-1762.338,82.483,0.069326,0.730030
1287,2MBY,51.63,0.593500,1.00,-3618.001,101.603,0.557824,0.480750
1288,2MCE,75.00,0.698500,1.00,-1183.845,52.591,0.189504,0.338050
1289,2MD1,73.53,0.577900,1.00,-949.175,61.409,0.319041,0.343070
1290,2MD2,87.50,0.593100,1.00,-473.570,32.285,0.130717,0.412980
1291,2MD4,89.58,0.740800,1.00,-641.641,29.441,0.112332,0.623140
1292,2MD6,77.78,0.612900,1.00,-918.309,66.611,0.276337,0.294680
1293,2MDC,43.75,0.470600,1.00,-2860.438,284.169,0.834301,0.353010
1294,2MDL,36.46,0.411400,1.00,-1327.155,113.827,0.674265,0.132820
1295,2MDU,86.21,0.665900,1.00,-1981.570,177.665,0.176479,0.597090
1296,2ME1,58.33,0.542100,1.00,-2403.124,45.317,0.383114,0.371960
1297,2ME2,56.48,0.591300,1.00,-2301.522,64.137,0.442441,0.372500
1298,2ME3,65.74,0.544400,1.00,-2327.666,72.112,0.323918,0.328060
1299,2ME4,54.63,0.595400,1.00,-2357.763,45.939,0.428778,0.319190
1300,2ME7,93.18,0.784700,1.00,-2327.937,115.489,0.110958,0.782560
1301,2MEL,90.15,0.738500,1.00,-2340.156,127.754,0.145946,0.733050
1302,2MEN,79.55,0.692000,1.00,-2097.665,145.520,0.256599,0.584700
1303,2MEO,79.55,0.643800,1.00,-2191.544,145.457,0.365495,0.581500
1304,2MF3,64.36,0.454800,1.00,-3473.430,216.259,0.591570,0.547040
1305,2MFM,35.00,0.516500,1.00,-428.049,63.885,0.833668,0.154790
1306,2MFO,33.33,0.519800,1.00,-343.135,50.074,0.960866,0.181770
1307,2MFP,58.87,0.554900,1.00,-1400.566,125.493,0.533126,0.352940
1308,2MFS,84.29,0.708600,1.00,-2508.393,204.691,0.179367,0.695270
1309,2MFV,37.50,0.586400,1.00,-84.306,57.677,1.023905,0.180580
1310,2MG1,75.00,0.786500,1.00,-1779.693,44.955,0.271928,0.443860
1311,2MG2,82.14,0.699300,1.00,-2326.104,84.143,0.202319,0.577430
1312,2MG3,66.96,0.616700,1.00,-2326.104,84.143,0.413976,0.447350
1313,2MH1,81.06,0.696300,1.00,-1943.418,206.293,0.335460,0.639850
1314,2MHU,68.33,0.526500,1.00,-1891.639,174.841,0.387714,0.428560
1315,2MHW,50.00,0.620800,1.00,-1696.022,42.223,0.726336,0.327600
1316,2MI1,44.64,0.456800,1.00,-856.800,28.268,0.582268,0.155600
1317,2MI9,41.67,0.452600,1.00,-1639.995,199.456,0.636218,0.230630
1318,2MIA,44.17,0.461600,1.00,-1639.995,199.456,0.632557,0.231760
1319,2MID,43.75,0.541600,1.00,-406.289,66.579,0.685604,0.311980
1320,2MIE,37.50,0.519200,1.00,-331.844,67.147,0.643826,0.056490
1321,2MIF,37.50,0.533400,1.00,-296.562,57.890,0.549559,0.279880
1322,2MIG,39.58,0.544000,1.00,-385.063,57.636,0.708885,0.182450
1323,2MIH,39.29,0.458500,1.00,-385.031,76.485,0.758228,0.233850
1324,2MIJ,72.30,0.589600,1.00,-2709.844,287.476,0.280678,0.539350
1325,2MIX,67.86,0.641900,1.00,-992.914,162.603,0.599727,0.258370
1326,2MJ1,38.89,0.386600,1.00,-534.245,116.644,0.650474,0.196800
1327,2MJ2,65.28,0.642100,1.00,-2225.109,153.878,0.743576,0.537410
1328,2MJ9,70.51,0.659100,1.00,-2486.316,87.454,0.445528,0.543920
1329,2MJC,66.91,0.682600,1.00,-1667.251,232.350,0.501573,0.540190
1330,2MJK,93.90,0.775400,1.00,-4002.123,194.874,0.108061,0.830210
1331,2MKB,84.00,0.736300,1.00,-2043.363,90.985,0.204436,0.575430
1332,2ML7,83.06,0.687200,1.00,-2387.097,136.704,0.163367,0.539670
1333,2MLA,91.89,0.739100,1.00,-2560.894,199.494,0.104488,0.766970
1334,2MLD,92.57,0.763900,1.00,-2581.435,152.806,0.101521,0.788660
1335,2MLJ,41.67,0.535100,1.00,-592.003,133.438,1.184464,0.163220
1336,2MLO,87.50,0.628500,1.00,-1225.575,33.664,0.167974,0.468120
1337,2MLQ,81.25,0.565400,1.00,-1225.575,33.664,0.194929,0.288550
1338,2MLU,60.00,0.501700,1.00,-1857.015,89.153,0.507488,0.435560
1339,2MLV,58.33,0.552900,1.00,-1857.015,89.153,0.630778,0.407160
1340,2MM5,84.17,0.671500,1.00,-2073.827,176.814,0.153899,0.573310
1341,2MM6,87.50,0.666000,1.00,-2219.868,198.498,0.174618,0.582030
1342,2MMM,70.14,0.730300,1.00,-2017.743,91.276,0.277590,0.518200
1343,2MMT,38.10,0.439300,1.00,-1143.894,119.472,0.847177,0.127850
1344,2MMW,40.48,0.439300,1.00,-1036.541,126.762,0.778863,0.118050
1345,2MN1,96.67,0.789600,1.00,-2063.483,171.276,0.079190,0.780600
1346,2MN3,30.68,0.357700,1.00,-2136.105,280.274,1.027736,0.240030
1347,2MOC,95.45,0.743600,1.00,-428.785,34.103,0.161985,0.611370
1348,2MOF,57.74,0.610300,1.00,-2636.688,176.633,0.508176,0.556160
1349,2MPJ,81.00,0.667100,1.00,-1261.227,109.654,0.270285,0.436640
1350,2MPQ,95.83,0.807000,1.00,-2297.612,158.650,0.099391,0.837730
1351,2MQ2,41.07,0.460700,1.00,-342.857,48.142,0.666504,0.237380
1352,2MQ4,40.91,0.493200,1.00,-163.256,65.162,0.689215,0.271250
1353,2MQ5,70.00,0.531800,1.00,-117.420,75.161,0.268911,0.386130
1354,2MQF,97.79,0.802900,1.00,-2111.037,180.029,0.058553,0.881180
1355,2MQU,92.14,0.736700,1.00,-2311.274,173.892,0.090492,0.798690
1356,2MR9,90.34,0.773600,1.00,-4179.107,115.226,0.158274,0.814610
1357,2MRB,66.94,0.560400,1.00,-1907.980,153.391,0.375704,0.414590
1358,2MRF,81.06,0.693300,1.00,-2204.070,137.486,0.196834,0.608620
1359,2MRT,63.33,0.569600,1.00,-1933.478,157.151,0.316052,0.389560
1360,2MRW,41.25,0.313200,1.00,-3498.426,124.587,1.070965,0.373500
1361,2MSF,51.72,0.456400,1.00,-1716.827,205.450,0.669405,0.435310
1362,2MSO,78.33,0.625900,1.00,-2002.653,155.448,0.300882,0.522590
1363,2MSQ,85.19,0.664300,1.00,-1884.389,116.135,0.237021,0.602650
1364,2MSU,66.25,0.616800,1.00,-1208.107,46.114,0.345645,0.277450
1365,2MT7,92.14,0.774200,1.00,-2184.061,161.650,0.131223,0.777630
1366,2MT8,76.28,0.626600,1.00,-2228.054,254.553,0.291420,0.618750
1367,2MTM,52.63,0.485300,1.00,-946.987,107.370,0.447708,0.135960
1368,2MTO,75.00,0.534700,1.00,-665.977,48.230,0.280357,0.379850
1369,2MTT,71.15,0.492700,1.00,-764.607,32.584,0.335425,0.186220
1370,2MTU,71.15,0.469500,1.00,-764.607,32.584,0.413385,0.374950
1371,2MTW,75.00,0.601700,1.00,-1147.740,75.432,0.340887,0.371490
1372,2MTY,53.75,0.551800,1.00,-1160.150,68.231,0.468260,0.157540
1373,2MU6,87.50,0.695300,1.00,-1418.621,41.717,0.202444,0.425610
1374,2MU7,76.25,0.646400,1.00,-1123.373,65.020,0.263709,0.343250
1375,2MU8,43.75,0.447400,1.00,-1287.248,57.284,0.529281,0.112940
1376,2MU9,77.50,0.636700,1.00,-1340.915,63.750,0.386091,0.322030
1377,2MUA,77.38,0.699300,1.00,-1287.952,49.736,0.269261,0.458150
1378,2MUB,91.07,0.728100,1.00,-3512.467,242.675,0.204611,0.816960
1379,2MUE,76.25,0.649600,1.00,-1360.805,68.176,0.330988,0.336280
1380,2MUF,83.75,0.705700,1.00,-1334.868,41.182,0.182006,0.375090
1381,2MUH,89.06,0.682600,1.00,-749.345,102.575,0.182754,0.480600
1382,2MUJ,73.81,0.625900,1.00,-1331.586,59.448,0.313464,0.360010
1383,2MUN,94.57,0.749000,1.00,-4134.054,126.194,0.085771,0.871570
1384,2MUQ,76.14,0.705400,1.00,-2913.384,190.047,0.356627,0.622380
1385,2MV6,59.69,0.641000,1.00,-3791.235,187.910,0.648212,0.604810
1386,2MVA,46.30,0.487300,1.00,-1086.020,107.988,0.695146,0.238730
1387,2MVH,75.00,0.598600,1.00,-1647.180,107.866,0.300852,0.414730
1388,2MVI,43.02,0.417400,1.00,-3205.118,266.618,0.505343,0.343600
1389,2MVJ,82.69,0.660500,1.00,-2032.973,27.559,0.196383,0.561510
1390,2MVK,54.81,0.542400,1.00,-1410.588,120.507,0.616055,0.317580
1391,2MVL,59.62,0.634200,1.00,-1410.588,120.507,0.573289,0.279640
1392,2MVM,52.27,0.624300,1.00,-2492.417,138.704,1.160649,0.468220
1393,2MVN,63.07,0.674900,1.00,-2492.417,138.704,0.648341,0.536350
1394,2MVT,86.70,0.666500,1.00,-4187.882,131.737,0.210282,0.775360
1395,2MW0,89.66,0.692700,1.00,-1885.755,150.886,0.150886,0.644480
1396,2MW3,39.29,0.503700,1.00,-947.375,69.231,1.023036,0.098900
1397,2MW7,66.89,0.551400,1.00,-2323.234,279.240,0.445955,0.513450
1398,2MW9,82.43,0.705600,1.00,-2468.477,178.585,0.294707,0.676650
1399,2MWA,74.32,0.643100,1.00,-2496.858,165.943,0.444469,0.559370
1400,2MWB,79.73,0.672700,1.00,-2490.060,164.061,0.239307,0.644750
1401,2MWD,87.50,0.708600,1.00,-1645.125,159.430,0.111508,0.580780
1402,2MWE,85.71,0.677000,1.00,-1736.808,128.436,0.141168,0.505740
1403,2MWF,88.28,0.725200,1.00,-2104.661,169.372,0.118274,0.661140
1404,2MWJ,93.75,0.825100,1.00,-2409.656,202.429,0.098673,0.798710
1405,2MWK,95.83,0.825600,1.00,-2409.656,202.429,0.083630,0.820780
1406,2MWL,70.31,0.552000,1.00,-774.801,43.927,0.353068,0.234630
1407,2MWT,61.03,0.605600,1.00,-1982.552,108.485,0.547505,0.421600
1408,2MX4,43.89,0.571400,1.00,-2350.057,174.229,1.175687,0.353500
1409,2MXG,59.38,0.553200,1.00,-774.801,43.927,0.381792,0.234070
1410,2MXH,56.25,0.520400,1.00,-774.801,43.927,0.650158,0.235820
1411,2MXM,96.97,0.843500,1.00,-2247.876,157.845,0.070294,0.862010
1412,2MXO,88.97,0.678900,1.00,-2229.392,152.783,0.155838,0.706310
1413,2MXP,93.94,0.798300,1.00,-2652.062,150.373,0.207156,0.825020
1414,2MXQ,68.38,0.596400,1.00,-2096.340,172.657,0.307839,0.449100
1415,2MXV,78.49,0.658100,1.00,-2448.280,240.037,0.260636,0.608310
1416,2MYH,75.61,0.607700,1.00,-2488.536,252.614,0.361882,0.631230
1417,2MYL,91.25,0.743800,1.00,-1628.972,36.375,0.171991,0.472650
1418,2MYM,61.25,0.521400,1.00,-1398.037,74.465,0.426216,0.288870
1419,2MZ2,69.12,0.558900,1.00,-1109.608,57.369,0.324530,0.259380
1420,2MZ3,70.59,0.589900,1.00,-1109.608,57.369,0.399367,0.306460
1421,2MZ4,81.52,0.646900,1.00,-4134.054,126.194,0.182284,0.715010
1422,2MZ7,20.65,0.518400,1.00,-1289.846,413.222,1.183368,0.253490
1423,2MZA,70.59,0.601700,1.00,-1109.608,57.369,0.424707,0.370190
1424,2MZX,95.00,0.593100,1.00,-688.442,31.340,0.077611,0.446920
1426,2N0X,40.62,0.507500,1.00,-474.133,131.245,0.721468,0.152470
1427,2N16,73.75,0.568700,1.00,-1264.956,66.949,0.281487,0.262120
1428,2N1C,65.22,0.583100,1.00,-1319.296,87.417,0.409360,0.277080
1429,2N1N,90.00,0.725200,1.00,-2522.048,165.049,0.128860,0.734510
1430,2N1P,66.67,0.654000,1.00,-1812.772,136.932,0.460602,0.479930
1431,2N1S,95.83,0.792000,1.00,-1924.203,113.040,0.091721,0.762380
1432,2N24,82.26,0.681800,1.00,-2101.539,164.916,0.274123,0.661480
1433,2N2C,42.44,0.599000,1.00,-2075.464,150.161,0.696677,0.404660
1434,2N2F,61.54,0.551300,1.00,-357.338,63.994,0.457545,0.329330
1435,2N2G,89.39,0.739900,1.00,-2016.618,259.524,0.168062,0.685180
1436,2N2S,82.03,0.649400,1.00,-2526.906,190.573,0.225303,0.588390
1437,2N3P,92.97,0.758700,1.00,-1885.911,298.611,0.111637,0.721070
1438,2N4K,55.81,0.573600,1.00,-1977.358,159.772,0.463191,0.402320
1439,2N4R,83.11,0.731400,1.00,-2250.381,191.776,0.429768,0.723540
1440,2N4S,87.16,0.761900,1.00,-2339.021,173.370,0.404295,0.750540
1441,2N4T,85.14,0.754900,1.00,-2326.680,177.276,0.358850,0.695430
1442,2N4U,82.43,0.691000,1.00,-2644.346,179.037,0.188025,0.648630
1443,2N4V,78.38,0.712600,1.00,-2514.091,206.696,0.463396,0.655560
1444,2N4W,84.46,0.734400,1.00,-2610.090,211.466,0.185564,0.706550
1445,2N58,82.50,0.631600,1.00,-2551.918,89.086,0.203660,0.598740
1446,2N5C,31.67,0.454000,1.00,-735.692,42.168,0.899680,0.180860
1447,2N5J,81.12,0.696100,1.00,-4955.580,89.826,0.257717,0.741900
1448,2N5K,82.76,0.662600,1.00,-1560.699,153.036,0.266135,0.574290
1449,2N5Q,86.11,0.687300,1.00,-1822.866,138.208,0.191259,0.607690
1450,2N5R,93.75,0.688300,1.00,-587.608,34.279,0.140420,0.567830
1451,2N63,45.31,0.464100,1.00,-774.801,43.927,0.515785,0.236680
1452,2N68,38.04,0.563100,1.00,-712.321,125.645,1.140273,0.118490
1453,2N6B,72.06,0.545400,1.00,-2311.164,183.171,0.258172,0.537740
1454,2N6M,73.81,0.713700,1.00,-1256.978,56.852,0.235301,0.329210
1455,2N6N,87.50,0.723400,1.00,-1710.348,253.387,0.129904,0.636870
1456,2N6O,82.14,0.642100,1.00,-2513.902,170.800,0.368789,0.665140
1457,2N6U,27.50,0.387900,1.00,-1307.233,41.649,0.909786,0.199830
1458,2N6V,40.62,0.472900,1.00,-1118.834,99.745,0.692068,0.203980
1459,2N7F,76.56,0.613800,1.00,-2620.761,192.784,0.236629,0.506590
1460,2N7I,67.57,0.704100,1.00,-2951.936,77.855,0.343677,0.537220
1461,2N85,69.51,0.685900,1.00,-2505.496,112.735,0.266731,0.648300
1462,2N8B,59.72,0.530200,1.00,-2185.127,309.285,0.450750,0.401760
1463,2N8E,72.06,0.597300,1.00,-1733.313,215.751,0.416146,0.499090
1464,2N8H,79.29,0.621000,1.00,-2229.461,355.495,0.250546,0.572280
1465,2N8S,85.26,0.740100,1.00,-2423.998,155.946,0.283822,0.734990
1466,2N8U,75.64,0.677500,1.00,-1843.086,245.216,0.364930,0.616610
1467,2N92,52.42,0.507400,1.00,-1832.026,71.579,0.724940,0.385740
1468,2N94,88.02,0.757300,1.00,-3083.836,189.867,0.201457,0.793050
1469,2N95,84.69,0.778700,1.00,-2949.725,299.887,0.396662,0.756120
1470,2N9C,36.25,0.452100,1.00,-472.184,109.341,0.673367,0.143190
1471,2N9M,62.50,0.565400,1.00,-774.801,43.927,0.452673,0.249780
1472,2N9N,56.25,0.480900,1.00,-774.801,43.927,0.466380,0.277770
1473,2N9O,80.36,0.767200,1.00,-2934.622,263.326,0.493843,0.727810
1474,2N9T,80.00,0.616500,1.00,-1779.551,187.217,0.241073,0.493450
1475,2N9Z,30.36,0.391900,1.00,-2748.168,253.162,0.861239,0.205660
1476,2NA3,87.50,0.595300,1.00,-798.640,29.449,0.186828,0.576420
1477,2NA8,59.09,0.648600,1.00,-3479.770,223.534,0.589211,0.536110
1478,2NA9,71.59,0.709700,1.00,-3944.672,72.455,0.372514,0.650790
1479,2NAB,73.78,0.698100,1.00,-2743.871,289.777,0.394662,0.630350
1480,2NAE,38.37,0.510700,1.00,-2047.459,199.229,0.626416,0.317670
1481,2NAJ,85.61,0.679200,1.00,-2146.061,223.318,0.185578,0.669210
1482,2NAL,91.67,0.676700,1.00,-828.320,25.116,0.203147,0.497970
1483,2NAT,42.86,0.507400,1.00,-2135.310,70.651,0.899253,0.244420
1484,2NAU,66.96,0.588900,1.00,-1655.147,65.698,0.368620,0.393990
1485,2NAW,58.97,0.580100,1.00,-2987.530,166.692,0.485960,0.442810
1486,2NB2,88.82,0.736300,1.00,-3268.647,126.572,0.118716,0.754400
1487,2NB5,61.76,0.439200,1.00,-822.349,87.664,0.321563,0.265450
1488,2NB6,92.19,0.814500,1.00,-910.905,76.105,0.145280,0.456310
1489,2NB7,72.06,0.633300,1.00,-1084.464,30.215,0.489157,0.426610
1490,2NB8,62.04,0.575000,1.00,-1806.549,125.772,0.659723,0.462120
1491,2NB9,82.65,0.738400,1.00,-3454.428,240.568,0.304444,0.746100
1492,2NC3,91.67,0.795600,1.00,-2315.640,150.602,0.108870,0.716610
1493,2NC4,87.12,0.778200,1.00,-2315.640,150.602,0.145902,0.651400
1494,2NC5,92.42,0.782000,1.00,-2315.640,150.602,0.100444,0.766610
1495,2NC6,93.94,0.802200,1.00,-2315.640,150.602,0.143393,0.752090
1496,2NC7,79.17,0.663900,1.00,-918.610,87.458,0.204113,0.288200
1497,2NCS,74.31,0.654100,1.00,-2764.492,104.960,0.252100,0.546180
1498,2NCT,77.08,0.683500,1.00,-2764.492,104.960,0.313157,0.604950
1499,2NCU,63.10,0.591600,1.00,-1473.519,76.733,0.417901,0.214550
1500,2NCV,58.33,0.582700,1.00,-1507.590,46.737,0.600054,0.305760
1501,2NCW,59.38,0.635900,1.00,-1679.835,71.816,0.449458,0.325480
1502,2NCX,78.12,0.787500,1.00,-1649.340,40.637,0.202567,0.589940
1503,2NCY,66.67,0.666500,1.00,-1692.401,63.302,0.486584,0.426050
1504,2ND2,84.66,0.707800,1.00,-3736.293,119.846,0.163972,0.747830
1505,2ND3,94.74,0.787800,1.00,-2984.286,187.168,0.083878,0.833840
1506,2ND6,72.06,0.616600,1.00,-1156.776,40.278,0.255612,0.288850
1507,2ND7,72.06,0.630700,1.00,-1156.776,40.278,0.349891,0.260560
1508,2ND8,67.65,0.541700,1.00,-1156.776,40.278,0.405649,0.314560
1509,2NDB,64.80,0.495800,1.00,-2819.199,326.342,0.455747,0.521000
1510,2NDC,68.06,0.566700,1.00,-1117.739,29.629,0.411994,0.354410
1511,2NDE,58.33,0.548800,1.00,-1000.023,33.712,0.452026,0.232870
1512,2NDI,47.28,0.501800,1.00,-2416.099,276.373,0.580160,0.310540
1513,2NDK,49.48,0.730700,1.00,-2880.297,180.563,0.841992,0.392860
1514,2NDL,70.31,0.656400,1.00,-830.009,129.797,0.245071,0.241870
1515,2NDM,63.46,0.575500,1.00,-629.347,74.491,0.282726,0.221090
1516,2NDN,76.56,0.716600,1.00,-852.346,61.498,0.191768,0.273500
1517,2NOR,65.00,0.564100,1.00,-389.846,63.761,0.286972,0.390760
1518,2NOU,92.50,0.663400,1.00,-490.698,35.358,0.093367,0.428500
1519,2NR1,83.33,0.698700,1.00,-1584.731,96.882,0.288121,0.586880
1520,2NS4,71.43,0.522900,1.00,-486.141,63.879,0.252051,0.432080
1521,2NVJ,59.00,0.549800,1.00,-1709.532,77.054,0.389629,0.245960
1522,2NX6,69.44,0.585100,1.00,-1488.003,200.666,0.365318,0.368760
1523,2NX7,50.00,0.517400,1.00,-1715.751,111.670,0.648784,0.237520
1526,2NZ3,61.88,0.571800,1.00,-3156.922,174.016,0.488119,0.481770
1527,2NZZ,36.49,0.483900,1.00,-2845.768,90.529,1.198873,0.237930
1528,2O00,37.16,0.449700,1.00,-2845.768,90.529,1.017815,0.240920
1529,2O0S,64.58,0.521100,1.00,-660.944,42.483,0.364369,0.319810
1530,2OBU,59.52,0.696000,1.00,-3040.294,102.665,0.723085,0.528230
1532,2OJM,94.32,0.778000,1.00,-1414.749,36.108,0.083956,0.522860
1533,2OJN,71.59,0.589500,1.00,-1403.768,67.892,0.384904,0.298810
1534,2OJO,80.68,0.749900,1.00,-1668.979,29.946,0.167535,0.512100
1535,2OP7,49.36,0.463300,1.00,-2361.249,235.555,0.988811,0.346500
1536,2OQ9,57.29,0.551500,1.00,-1170.039,132.322,0.391985,0.204250
1537,2ORU,81.25,0.683300,1.00,-1271.281,96.292,0.292038,0.275160
1538,2OVN,91.18,0.701100,1.00,-1133.905,31.971,0.179428,0.491650
1539,2OYV,73.08,0.567300,1.00,-468.127,105.520,0.313336,0.290300
1540,2OYW,71.15,0.602300,1.00,-468.127,105.520,0.299956,0.272000
1541,2P4L,58.70,0.411800,1.00,-3061.858,272.149,0.554443,0.516010
1542,2P5J,45.59,0.422800,1.00,-839.070,75.717,0.793544,0.126340
1543,2P81,66.48,0.590700,1.00,-3156.975,131.989,0.421711,0.562070
1544,2PCO,79.81,0.642000,1.00,-1545.639,68.288,0.370790,0.587490
1545,2PDD,81.98,0.681600,1.00,-3569.656,189.058,0.275067,0.712640
1546,2PDE,32.56,0.369300,1.00,-3569.656,189.058,0.715590,0.358560
1547,2PJV,56.45,0.570800,1.00,-983.794,162.933,0.547252,0.357580
1548,2PO8,74.26,0.651100,1.00,-1818.766,205.639,0.363428,0.561300
1549,2PPZ,77.08,0.608600,1.00,-2995.318,125.186,0.218130,0.542050
1550,2PTA,90.00,0.715200,1.00,-2453.069,193.437,0.164640,0.746420
1551,2PV6,64.77,0.644600,1.00,-2076.348,48.093,0.371337,0.318760
1552,2RLG,83.33,0.604000,1.00,-1113.629,39.195,0.277957,0.384470
1553,2RLH,86.11,0.624000,1.00,-1113.629,39.195,0.270108,0.410740
1554,2RLJ,62.50,0.538700,1.00,-666.114,55.761,0.471545,0.211280
1555,2RLW,76.47,0.737300,1.00,-2158.738,80.999,0.265896,0.587870
1557,2RMF,71.25,0.701100,1.00,-3193.699,95.261,0.311963,0.591260
1558,2RMG,47.37,0.673800,1.00,-2812.161,63.723,0.673844,0.322480
1559,2RMH,60.53,0.627600,1.00,-2748.154,89.163,0.702809,0.506030
1561,2RMV,48.08,0.486700,1.00,-1730.055,119.413,0.522228,0.291940
1562,2RMW,46.15,0.409600,1.00,-1755.361,166.814,0.640553,0.248750
1563,2RMY,71.32,0.708000,1.00,-2081.567,115.943,0.370398,0.576390
1564,2RMZ,84.88,0.742000,1.00,-3291.054,125.469,0.202704,0.730580
1565,2RN0,67.44,0.718300,1.00,-3291.054,125.469,0.490943,0.599280
1566,2RND,65.44,0.700200,1.00,-2081.567,115.943,0.446307,0.573660
1567,2ROO,76.16,0.670600,1.00,-2780.111,203.420,0.289361,0.635690
1568,2RPS,60.94,0.645300,1.00,-1468.068,167.003,0.467344,0.373580
1570,2RQ2,67.50,0.657100,1.00,-2055.716,19.853,0.536749,0.578600
1571,2RQZ,82.89,0.704100,1.00,-2600.572,184.322,0.194176,0.652180
1572,2RR0,75.66,0.644200,1.00,-2600.572,184.322,0.248150,0.571320
1573,2RR2,78.95,0.655500,1.00,-2600.572,184.322,0.188027,0.611970
1574,2RRH,80.17,0.726000,1.00,-2204.145,67.132,0.201071,0.605660
1575,2RRI,65.52,0.691100,1.00,-2204.145,67.132,0.314330,0.452060
1576,2RRS,47.22,0.415000,1.00,-759.298,84.466,0.476239,0.118900
1577,2RSH,73.65,0.661100,1.00,-2202.824,155.722,0.377964,0.559580
1578,2RSW,47.22,0.457600,1.00,-726.810,145.460,0.520925,0.213520
1579,2RT4,52.00,0.547200,1.00,-1152.232,91.576,0.805729,0.148670
1580,2RTY,95.00,0.781500,1.00,-1891.546,100.151,0.089326,0.762350
1581,2RTZ,88.79,0.692600,1.00,-2042.220,178.125,0.146340,0.640860
1582,2RU0,82.64,0.604800,1.00,-2598.105,173.252,0.212785,0.666710
1583,2RUM,42.11,0.437200,1.00,-766.954,98.281,0.552905,0.197880
1584,2RUN,77.78,0.632900,1.00,-1368.851,67.411,0.289115,0.290350
1585,2RUO,87.50,0.691900,1.00,-1077.670,38.736,0.125063,0.409090
1586,2RUT,85.42,0.815100,1.00,-2305.061,140.686,0.246403,0.716500
1587,2RUU,85.42,0.822900,1.00,-1913.865,119.785,0.208430,0.707010
1588,2RUV,81.76,0.789100,1.00,-2202.824,155.722,0.521646,0.740780
1589,2RUW,81.76,0.752200,1.00,-1805.802,208.213,0.279653,0.673800
1590,2RUX,79.86,0.724700,1.00,-2050.528,139.034,0.415042,0.654890
1591,2RUY,78.38,0.756500,1.00,-2144.719,161.641,0.503255,0.613660
1592,2RUZ,85.53,0.795400,1.00,-2264.232,160.572,0.265789,0.763660
1593,2RV0,79.05,0.795100,1.00,-2178.986,148.334,0.692559,0.697470
1594,2RV1,78.38,0.750100,1.00,-2455.097,173.433,0.433299,0.687110
1595,2RV2,84.72,0.788100,1.00,-1832.697,185.270,0.409534,0.722520
1596,2RV3,77.78,0.773000,1.00,-1604.080,144.902,0.467365,0.661410
1597,2RV4,83.78,0.758800,1.00,-1985.516,172.631,0.224917,0.672340
1598,2RV5,82.14,0.811200,1.00,-2014.247,162.561,0.430783,0.687370
1599,2RVD,95.00,0.697700,1.00,-524.327,30.458,0.069411,0.486910
1600,2SH1,72.92,0.624400,1.00,-2639.632,247.015,0.470190,0.648530
1601,2V1V,85.34,0.694600,1.00,-1864.910,125.411,0.143419,0.580890
1602,2VY4,80.41,0.688500,1.00,-2508.180,107.392,0.325993,0.634320
1603,2VY5,80.41,0.690400,1.00,-2508.180,107.392,0.290588,0.627620
1604,2W0T,81.40,0.717100,1.00,-2746.564,161.271,0.304773,0.687330
1605,2W9O,69.57,0.614700,1.00,-2687.787,295.726,0.473621,0.576430
1606,2W9U,68.48,0.635400,1.00,-2736.368,243.892,0.545366,0.589300
1607,2W9V,80.11,0.649200,1.00,-2665.633,226.826,0.363412,0.678110
1608,2W9W,77.84,0.654600,1.00,-2529.566,236.615,0.415452,0.649150
1609,2WH9,86.81,0.732700,1.00,-2508.420,142.400,0.200223,0.718800
1610,2WXC,84.57,0.744500,1.00,-3620.010,187.743,0.294497,0.737960
1611,2XL1,66.67,0.602500,1.00,-1616.698,87.406,0.755051,0.488540
1612,2YRH,65.34,0.700400,1.00,-1870.198,214.408,0.520496,0.528090
1613,2YRJ,60.87,0.762900,1.00,-2028.744,192.668,0.861134,0.544480
1614,2YRM,69.77,0.721400,1.00,-2046.031,220.002,0.538608,0.599210
1615,2YSB,80.10,0.796600,1.00,-2862.932,258.947,0.435705,0.717620
1616,2YSC,80.77,0.770100,1.00,-2349.110,174.677,0.396341,0.646670
1617,2YSF,84.38,0.786200,1.00,-2435.451,199.154,0.496984,0.727550
1618,2YSG,78.75,0.730000,1.00,-2462.036,171.903,0.323824,0.642120
1619,2YSH,72.50,0.684000,1.00,-2054.688,208.055,0.648600,0.600240
1620,2YSI,70.00,0.723500,1.00,-2157.368,213.111,0.871967,0.597020
1621,2YSO,57.61,0.637000,1.00,-2497.158,238.988,0.997625,0.491630
1622,2YSP,65.22,0.730400,1.00,-2267.772,205.699,0.653110,0.567510
1623,2YSV,60.12,0.622900,1.00,-1885.195,189.299,0.566751,0.454240
1624,2YTA,72.56,0.745900,1.00,-1960.722,160.598,0.578295,0.645560
1625,2YTB,74.40,0.757400,1.00,-1985.245,210.341,0.404619,0.595960
1626,2YTD,70.11,0.749400,1.00,-2051.747,215.559,0.638436,0.595170
1627,2YTE,75.00,0.733500,1.00,-2047.515,166.200,0.600752,0.626550
1628,2YTF,69.02,0.721700,1.00,-2098.105,225.792,0.530571,0.586200
1629,2YTG,69.02,0.729300,1.00,-2091.083,242.887,0.703128,0.597190
1630,2YTH,58.15,0.724500,1.00,-1883.364,224.342,1.155316,0.526650
1631,2YTI,65.22,0.728600,1.00,-2008.188,276.117,0.662923,0.560990
1632,2YTJ,69.02,0.699100,1.00,-2275.935,230.379,0.568757,0.604350
1633,2YTK,64.67,0.703600,1.00,-2144.825,219.816,0.818735,0.555010
1634,2YTM,60.33,0.632500,1.00,-1858.985,223.531,0.632145,0.487060
1635,2YTN,63.04,0.714500,1.00,-1954.368,208.858,0.813242,0.537030
1636,2YTO,62.50,0.750300,1.00,-1985.438,211.951,1.029666,0.574560
1637,2YTP,61.41,0.703300,1.00,-2184.041,236.963,0.839398,0.532420
1638,2YTQ,62.50,0.728000,1.00,-2075.258,231.066,0.763095,0.545620
1639,2YTR,67.39,0.714200,1.00,-2014.950,230.652,0.513195,0.551050
1640,2YTS,74.46,0.729500,1.00,-1955.948,254.652,0.395698,0.590380
1641,2YTT,66.85,0.652500,1.00,-2399.283,257.010,0.681164,0.569740
1642,2YU5,75.57,0.727400,1.00,-2258.813,224.180,0.307937,0.570680
1643,2YU8,75.00,0.767600,1.00,-1955.203,289.573,0.662681,0.635710
1644,2YYF,36.67,0.451500,1.00,-559.793,115.195,0.813610,0.224150
1645,2Z3S,76.92,0.630000,1.00,-3052.846,173.460,0.211350,0.582560
1646,2ZAJ,70.92,0.714700,1.00,-2766.128,252.114,0.556264,0.627750
1647,2ZNF,94.44,0.752200,1.00,-872.788,64.471,0.096362,0.552520
1648,3BBG,59.38,0.528700,1.00,-2930.652,172.127,0.658439,0.440150
1649,3CMH,75.00,0.550400,1.00,-974.737,48.564,0.366981,0.342410
1650,3CTI,94.83,0.738500,1.00,-1956.699,133.334,0.086992,0.776450
1651,3LEU,53.38,0.584700,1.00,-1970.198,169.181,0.766999,0.410430
1652,3MRA,82.00,0.791300,1.00,-1943.863,41.835,0.200605,0.570360
1653,3ZNF,90.83,0.721100,1.00,-1922.601,112.437,0.139841,0.689790
1654,4A24,87.77,0.746600,1.00,-3240.079,282.836,0.223191,0.796510
1655,4APD,56.45,0.551300,1.00,-2024.901,56.562,0.463787,0.407700
1656,4B19,72.50,0.759400,1.00,-2525.983,50.843,0.259466,0.450200
1658,4B2U,90.97,0.736100,1.00,-2496.427,197.238,0.195361,0.758490
1659,4B2V,90.62,0.753400,1.00,-1992.709,167.306,0.105028,0.675970
1660,4BMF,87.50,0.701700,1.00,-2376.129,201.303,0.161431,0.713460
1661,4CYK,71.95,0.680200,1.00,-2451.740,185.786,0.457325,0.563720
1662,4ZNF,89.17,0.709100,1.00,-1922.601,112.437,0.156578,0.663290
1663,5A4H,35.26,0.391800,1.00,-1900.324,306.642,1.205312,0.237590
1664,5AAY,87.50,0.767900,1.00,-2043.879,149.842,0.207934,0.741000
1665,5AAZ,83.59,0.754200,1.00,-1989.294,127.973,0.297337,0.629330
1666,5AHT,79.07,0.684700,1.00,-2937.956,219.678,0.355294,0.668520
1667,5FZV,75.78,0.641500,1.00,-1917.050,244.632,0.502176,0.578170
1668,5FZW,74.24,0.636700,1.00,-2192.838,302.804,0.525390,0.554960
1669,5FZX,86.11,0.721400,1.00,-2220.902,189.686,0.215462,0.709390
1671,5GSF,71.30,0.574100,1.00,-1968.429,151.488,0.234080,0.337740
1672,5GVO,37.50,0.518100,1.00,-710.319,109.136,1.145238,0.170580
1673,5H1H,54.69,0.582500,1.00,-544.592,106.694,0.608166,0.228500
1674,5H1I,37.50,0.380800,1.00,-738.300,77.712,0.659154,0.183030
1675,5H2S,75.00,0.627600,1.00,-1284.652,42.621,0.265960,0.512360
1676,5I1X,86.11,0.656800,1.00,-2430.949,169.265,0.152917,0.704840
1677,5I2P,90.97,0.701700,1.00,-2478.327,174.402,0.166998,0.775680
1678,5ID5,77.00,0.695600,1.00,-1606.039,74.310,0.444455,0.556030
1679,5IJ4,91.33,0.795700,1.00,-3550.966,306.617,0.199567,0.826950
1680,5ION,92.24,0.783300,1.00,-2064.331,105.321,0.110778,0.687930
1681,5IPO,73.44,0.591200,1.00,-3187.489,213.824,0.589903,0.660200
1682,5J8T,76.60,0.651200,1.00,-2922.780,263.155,0.201134,0.680250
1683,5JHI,97.86,0.796800,1.00,-2507.824,130.360,0.063768,0.884690
1684,5JI4,98.65,0.842700,1.00,-2934.140,141.657,0.072905,0.902530
1685,5JPL,36.76,0.455200,1.00,-743.188,119.640,0.939394,0.089820
1686,5JPX,83.33,0.641300,1.00,-3294.381,190.384,0.158019,0.715410
1687,5JYH,73.86,0.613700,1.00,-2976.091,186.316,0.627751,0.653090
1688,5KGY,87.50,0.667900,1.00,-1767.825,36.427,0.165190,0.426830
1689,5KGZ,46.02,0.539300,1.00,-3505.918,108.791,0.570268,0.368140
1690,5KHB,86.90,0.657600,1.00,-1568.263,20.698,0.217747,0.435930
1691,5KI0,40.79,0.443400,1.00,-138.952,91.128,0.513532,0.109740
1692,5KKM,89.77,0.790300,1.00,-1373.297,109.095,0.143986,0.478480
1693,5KVN,93.52,0.749000,1.00,-2121.966,155.177,0.103730,0.703220
1694,5KWO,94.23,0.754700,1.00,-1918.377,104.025,0.127683,0.681650
1695,5KWX,82.00,0.679100,1.00,-1399.463,103.125,0.169610,0.422740
1696,5KWZ,100.00,0.806600,1.00,-1840.255,65.428,0.054835,0.778140
1697,5KX0,65.38,0.435700,1.00,-1800.295,75.976,0.422942,0.354600
1698,5KX1,89.77,0.756200,1.00,-1256.015,68.300,0.105479,0.413580
1699,5KX2,88.89,0.703400,1.00,-798.856,113.756,0.137017,0.373700
1700,5L1C,81.94,0.669500,1.00,-2484.229,169.724,0.196808,0.635110
1701,5L82,47.97,0.444900,1.00,-2495.249,158.159,0.629964,0.314860
1702,5LAH,30.56,0.366000,1.00,-3105.466,258.297,0.959698,0.339000
1703,5LBJ,80.71,0.798100,1.00,-2891.615,88.461,0.171919,0.637510
1704,5LCS,63.30,0.596100,1.00,-3266.893,455.408,1.090155,0.551400
1705,5LM0,87.50,0.687300,1.00,-1813.177,126.161,0.223552,0.626420
1706,5LME,81.40,0.707900,1.00,-2479.265,263.695,0.338067,0.708210
1707,5M9U,91.67,0.694900,1.00,-1312.769,109.760,0.099773,0.440380
1708,5N5A,36.49,0.528200,1.00,-1092.964,279.582,0.868109,0.223110
1709,5N5B,47.32,0.566300,1.00,-927.883,220.481,0.519233,0.210930
1710,5NAM,62.50,0.684000,1.00,-3801.789,86.830,0.509907,0.535510
1711,5NAO,77.14,0.748000,1.00,-2788.767,56.741,0.504057,0.661320
1712,5NDA,87.12,0.767100,1.00,-2364.085,73.718,0.147672,0.680940
1713,5NVB,41.67,0.495900,1.00,-422.240,62.468,0.519666,0.252230
1714,5OAP,76.39,0.690800,1.00,-873.602,67.984,0.296553,0.477050
1715,5T3M,85.00,0.664100,1.00,-2458.496,170.088,0.176758,0.728590
1716,5T42,38.83,0.604100,1.00,-3275.518,155.052,0.908675,0.385580
1717,5T4R,86.43,0.706500,1.00,-2234.918,204.336,0.351642,0.747030
1718,5T7Q,75.00,0.679800,1.00,-1185.282,60.868,0.564195,0.382010
1719,5TCZ,71.88,0.510100,1.00,-1919.202,188.440,0.314242,0.471710
1720,5TJ1,40.79,0.492800,1.00,-630.612,140.850,0.898870,0.113220
1721,5TX8,96.43,0.798600,1.00,-2230.729,91.097,0.094776,0.805990
1722,5UG3,75.00,0.594100,1.00,-998.275,66.633,0.276837,0.320930
1723,5UG5,69.74,0.612700,1.00,-1052.379,65.152,0.462629,0.331750
1724,5UI6,36.11,0.412400,1.00,-954.497,41.505,0.875154,0.080790
1725,5UI7,51.32,0.482700,1.00,-840.195,105.875,0.646093,0.169890
1726,5UJG,77.08,0.634400,1.00,-1476.801,85.124,0.199050,0.325020
1727,5UJH,61.96,0.500100,1.00,-1371.212,93.559,0.371174,0.210860
1728,5UJQ,79.31,0.715900,1.00,-1942.057,56.792,0.241441,0.511280
1729,5UJR,65.91,0.602800,1.00,-2019.650,86.002,0.616261,0.448070
1730,5UKZ,51.70,0.537400,1.00,-2269.934,248.471,0.898230,0.445980
1731,5UOI,88.95,0.677500,1.00,-3866.244,119.214,0.176262,0.798880
1732,5UP5,83.12,0.641500,1.00,-3380.201,222.741,0.171925,0.689250
1733,5UY2,45.00,0.520600,1.00,-1379.837,62.672,0.524550,0.119140
1734,5UZL,34.09,0.549100,1.00,-1205.683,260.111,1.248164,0.228970
1735,5V0Y,100.00,0.759400,1.00,-1476.040,84.782,0.056759,0.544520
1736,5V11,90.48,0.737200,1.00,-1188.171,122.095,0.140656,0.355770
1737,5V2B,56.25,0.592900,1.00,-1358.480,49.452,0.437929,0.143960
1738,5V4C,45.59,0.507800,1.00,-367.687,80.857,0.686781,0.214380
1739,5V4U,76.88,0.701300,1.00,-2863.457,87.799,0.268559,0.611960
1740,5VAV,82.14,0.688900,1.00,-628.749,61.972,0.160008,0.268540
1741,5VFW,54.00,0.453400,1.00,-1900.501,54.303,0.463666,0.279560
1742,5VL6,27.94,0.410900,1.00,-320.990,71.525,0.746264,0.152050
1743,5VR5,55.00,0.501200,1.00,-1205.008,75.182,0.395847,0.159650
1744,5W54,56.00,0.532400,1.00,-905.006,191.675,0.468739,0.263190
1745,5W9F,92.68,0.758500,1.00,-3410.284,194.645,0.105327,0.824600
1746,5WCV,43.10,0.419700,1.00,-1754.687,191.181,0.672458,0.249020
1747,5WE3,84.56,0.714300,1.00,-2549.265,186.655,0.156242,0.626370
1748,5WOD,84.87,0.735200,1.00,-3051.332,60.998,0.133864,0.658510
1749,5WOV,77.94,0.684000,1.00,-2026.755,201.409,0.324805,0.604120
1750,5WOW,69.87,0.557900,1.00,-2533.087,214.047,0.551283,0.566370
1751,5WRX,48.08,0.532600,1.00,-374.717,71.244,0.540380,0.128990
1752,5WUZ,65.70,0.571000,1.00,-3093.314,218.474,0.300255,0.495680
1753,5WXE,83.93,0.679000,1.00,-2199.720,151.124,0.200134,0.559520
1754,5WYE,50.00,0.504300,1.00,-774.801,43.927,0.491114,0.254840
1755,5X34,95.14,0.840000,1.00,-2409.656,202.429,0.080100,0.825980
1756,5X35,97.92,0.852000,1.00,-2409.656,202.429,0.057486,0.897060
1757,5X36,98.61,0.855400,1.00,-2409.656,202.429,0.060059,0.887720
1758,5X37,97.22,0.841700,1.00,-2409.656,202.429,0.063262,0.882040
1759,5X38,99.31,0.884500,1.00,-2409.656,202.429,0.049033,0.922340
1760,5X39,97.22,0.859900,1.00,-2413.894,211.997,0.070757,0.853590
1761,5X3C,97.92,0.842300,1.00,-2284.625,167.086,0.069134,0.871630
1762,5X3L,77.50,0.658500,1.00,-1235.154,85.008,0.247540,0.326390
1763,5XA6,73.68,0.573400,1.00,-2622.491,188.539,0.301676,0.542450
1764,5XBD,68.06,0.549000,1.00,-2186.066,174.557,0.302576,0.478560
1765,5XDI,66.88,0.553900,1.00,-3075.500,170.024,0.293877,0.478380
1766,5XDJ,94.05,0.791800,1.00,-1256.978,56.852,0.101158,0.566600
1767,5XEK,71.43,0.591300,1.00,-3460.176,180.487,0.313527,0.550490
1768,5XIV,68.75,0.548600,1.00,-1198.697,105.896,0.268238,0.133800
1769,5XM4,30.88,0.396000,1.00,-895.890,59.909,0.784597,0.167630
1770,5XNG,91.18,0.734600,1.00,-1376.083,35.314,0.110118,0.440780
1771,5XO3,71.43,0.635500,1.00,-977.871,106.915,0.311389,0.242640
1772,5XO4,72.62,0.634700,1.00,-913.256,125.765,0.283785,0.259300
1773,5XO5,67.86,0.589800,1.00,-833.944,87.562,0.335826,0.201430
1774,5XRX,54.41,0.527600,1.00,-1376.083,35.314,0.567730,0.280370
1775,5Y0H,85.71,0.730900,1.00,-1168.094,77.530,0.206558,0.405160
1776,5Y0I,89.29,0.766500,1.00,-1203.487,106.814,0.118962,0.391330
1777,5Y0J,92.86,0.762800,1.00,-1183.640,141.854,0.101411,0.440350
1778,5Y22,81.82,0.666100,1.00,-1378.703,187.549,0.315230,0.407730
1779,5Y3U,82.95,0.647800,1.00,-1378.703,187.549,0.176842,0.340280
1780,5YKK,66.67,0.549100,1.00,-1099.334,38.036,0.369866,0.307110
1781,5YKL,60.53,0.535800,1.00,-1246.271,51.824,0.494240,0.257680
1782,5YKQ,63.16,0.514700,1.00,-1142.019,41.271,0.410239,0.318390
1783,5YZ6,89.29,0.720500,1.00,-4367.880,194.954,0.123780,0.810140
1784,5YZK,91.84,0.743600,1.00,-4391.635,212.647,0.112515,0.836850
1785,5Z1Y,50.00,0.510200,1.00,-938.001,103.870,0.653985,0.255800
1786,5Z26,58.33,0.554900,1.00,-768.830,44.738,0.564286,0.267710
1787,5Z2O,91.67,0.671800,1.00,-1015.901,43.968,0.160269,0.517920
1788,5Z31,36.11,0.463300,1.00,-576.348,111.766,0.776271,0.182210
1789,5Z32,34.72,0.440600,1.00,-589.574,108.056,0.707055,0.162100
1790,5Z5W,83.33,0.630300,1.00,-817.630,22.602,0.227134,0.429180
1791,5Z5X,68.06,0.542000,1.00,-1351.568,37.190,0.404732,0.364400
1792,5ZCN,30.95,0.382600,1.00,-1137.825,72.655,0.805999,0.165420
1793,5ZNF,95.00,0.766000,1.00,-1890.440,144.615,0.107619,0.772960
1794,5ZV6,82.50,0.690100,1.00,-1872.668,116.492,0.220043,0.484320
1795,5ZYX,62.50,0.552500,1.00,-1296.298,64.575,0.534109,0.342820
1796,6A5J,80.77,0.636000,1.00,-702.973,40.683,0.211688,0.345960
1797,6A8Y,29.81,0.432300,1.00,-921.589,167.963,0.887377,0.178230
1798,6AAB,71.43,0.655600,1.00,-913.256,125.765,0.475236,0.346520
1799,6AFQ,79.76,0.695800,1.00,-977.871,106.915,0.282359,0.351660
1800,6AHZ,52.86,0.624500,1.00,-1986.886,184.859,0.657254,0.351150
1801,6AK0,44.05,0.397500,1.00,-1357.944,113.252,0.546019,0.164240
1802,6AX2,77.17,0.661300,1.00,-2993.608,250.177,0.215750,0.656270
1803,6B3U,68.75,0.749400,1.00,-3501.984,79.172,0.531699,0.571890
1804,6B5W,42.11,0.494000,1.00,-630.612,140.850,0.984002,0.137770
1805,6B9K,52.50,0.530600,1.00,-309.510,48.643,0.328099,0.232890
1806,6B9W,80.15,0.664900,1.00,-2913.938,121.200,0.301902,0.610600
1807,6BAM,83.09,0.621500,1.00,-2692.744,123.012,0.245866,0.653650
1808,6BB6,83.82,0.649300,1.00,-2735.121,132.877,0.249167,0.657410
1809,6BEQ,55.00,0.519000,1.00,-234.275,61.335,0.526286,0.237370
1810,6BET,47.92,0.558400,1.00,-363.389,81.425,0.638388,0.230840
1811,6BEU,55.36,0.499900,1.00,-556.939,92.113,0.522750,0.243420
1812,6BI5,83.06,0.704600,1.00,-2546.688,100.707,0.291745,0.637670
1813,6BJF,96.15,0.749100,1.00,-952.210,29.047,0.107680,0.547330
1814,6BUC,93.75,0.804100,1.00,-2326.412,168.137,0.124120,0.829930
1815,6BVU,44.64,0.392000,1.00,-787.557,51.846,0.393166,0.233920
1816,6BVW,48.21,0.392300,1.00,-787.557,51.846,0.443060,0.223550
1817,6BVX,57.14,0.389400,1.00,-730.035,72.384,0.449362,0.283780
1818,6BX9,41.67,0.452300,1.00,-742.126,54.865,0.554256,0.111970
1819,6CEG,93.33,0.724700,1.00,-1610.289,230.357,0.121291,0.742850
1820,6CEI,77.34,0.661100,1.00,-1861.113,161.515,0.293091,0.663180
1821,6CEJ,62.50,0.492400,1.00,-493.364,59.337,0.401088,0.210740
1822,6CFA,80.26,0.698700,1.00,-1078.794,44.410,0.198579,0.271860
1823,6CFB,62.90,0.522300,1.00,-1763.223,158.831,0.485864,0.403630
1825,6CGX,69.32,0.650000,1.00,-1157.048,79.522,0.630868,0.408920
1829,6CJ8,82.35,0.639100,1.00,-1258.150,54.965,0.195246,0.339380
1830,6CKD,91.67,0.730100,1.00,-2569.860,158.595,0.104145,0.750050
1831,6CKF,89.58,0.729100,1.00,-2569.860,158.595,0.138734,0.744630
1832,6CMH,59.52,0.504600,1.00,-1293.397,101.574,0.542123,0.325470
1833,6COO,83.82,0.680500,1.00,-1272.094,47.758,0.119142,0.342130
1834,6COP,89.71,0.624600,1.00,-1244.639,48.681,0.154774,0.372940
1835,6COQ,88.24,0.677900,1.00,-1230.754,39.774,0.153410,0.397620
1836,6COR,86.76,0.694200,1.00,-1096.250,44.791,0.218906,0.443150
1837,6COS,69.12,0.579400,1.00,-1258.150,54.965,0.342265,0.285860
1838,6COT,70.59,0.639900,1.00,-1297.401,50.766,0.314271,0.347420
1839,6COU,82.35,0.633100,1.00,-1208.425,49.530,0.308139,0.361230
1840,6COV,72.06,0.608700,1.00,-1297.401,50.766,0.405738,0.315770
1841,6COW,86.76,0.638000,1.00,-1258.150,54.965,0.204063,0.411720
1842,6CSK,90.79,0.756400,1.00,-1170.569,23.573,0.087844,0.434190
1843,6CSZ,88.16,0.718200,1.00,-973.659,37.413,0.206528,0.550440
1844,6CT1,75.00,0.634400,1.00,-1251.127,83.491,0.279968,0.377870
1845,6CT4,80.26,0.645500,1.00,-922.720,82.092,0.296582,0.439980
1846,6D3T,95.83,0.753500,1.00,-2089.726,93.802,0.078657,0.824910
1847,6D8H,93.75,0.746700,1.00,-2015.573,167.379,0.127836,0.787690
1848,6D8Q,95.97,0.788200,1.00,-2086.437,131.440,0.109817,0.833540
1849,6D8R,91.13,0.709000,1.00,-2148.707,155.332,0.144084,0.706730
1850,6D8S,93.55,0.735100,1.00,-2087.665,143.322,0.111117,0.733780
1851,6D8T,92.74,0.703000,1.00,-2226.302,101.520,0.120699,0.734510
1852,6D8U,96.77,0.716000,1.00,-2185.729,109.274,0.099688,0.792390
1853,6D8Y,91.13,0.699800,1.00,-2000.823,134.927,0.147499,0.724190
1854,6D93,95.16,0.735100,1.00,-2149.234,112.975,0.134620,0.776370
1855,6D9O,92.74,0.696800,1.00,-2211.104,131.513,0.152082,0.723300
1856,6D9P,91.94,0.757600,1.00,-2208.493,108.478,0.112118,0.703690
1857,6DHR,88.79,0.750600,1.00,-1999.783,167.378,0.230200,0.751960
1858,6DMZ,87.77,0.730500,1.00,-3383.408,231.271,0.126672,0.792970
1859,6DST,72.12,0.685800,1.00,-1703.843,44.756,0.289808,0.437020
1860,6DZ9,50.00,0.563400,1.00,-375.496,58.562,1.059274,0.218770
1861,6DZA,43.75,0.504400,1.00,-435.981,82.950,1.109336,0.154070
1862,6DZB,39.06,0.537700,1.00,-522.944,85.409,0.943932,0.187410
1863,6DZC,45.31,0.551700,1.00,-470.031,90.524,1.133907,0.225890
1864,6DZE,40.62,0.503000,1.00,-432.891,107.342,0.862557,0.156430
1865,6E1L,76.04,0.597700,1.00,-1466.379,71.230,0.288041,0.419120
1867,6EFE,75.00,0.661100,1.00,-2127.120,110.513,0.219931,0.397950
1868,6ENA,97.58,0.856400,1.00,-2060.789,136.927,0.071442,0.821180
1869,6F46,45.71,0.551800,1.00,-2678.726,67.094,0.822229,0.409960
1870,6F61,94.35,0.784000,1.00,-1991.088,233.645,0.116595,0.785950
1871,6FGM,97.92,0.752900,1.00,-693.073,38.807,0.081223,0.549230
1872,6FS4,64.52,0.629800,1.00,-2365.452,86.865,0.499393,0.488150
1873,6FS5,54.49,0.672500,1.00,-2763.053,183.906,0.644648,0.515230
1874,6G4I,78.12,0.747400,1.00,-1524.431,86.838,0.186034,0.377210
1875,6G4K,71.88,0.697700,1.00,-1524.431,86.838,0.280694,0.356340
1876,6G4U,64.58,0.695900,1.00,-1524.431,86.838,0.488120,0.347590
1877,6G4V,62.50,0.635900,1.00,-1636.492,45.806,0.423234,0.366460
1878,6G4X,62.50,0.646100,1.00,-1636.492,45.806,0.509029,0.376400
1880,6GIF,78.33,0.688200,1.00,-2107.981,110.581,0.325662,0.529740
1881,6GIG,66.67,0.678000,1.00,-2018.112,91.331,0.474889,0.523530
1882,6GIJ,78.33,0.634700,1.00,-699.351,35.843,0.306037,0.302130
1883,6GIK,65.38,0.579200,1.00,-779.178,39.813,0.342088,0.318930
1884,6GIL,48.08,0.527000,1.00,-669.955,21.907,0.470903,0.188420
1885,6GNZ,72.22,0.706600,1.00,-1719.741,55.421,0.410072,0.426340
1886,6GO0,75.96,0.719000,1.00,-1382.141,64.155,0.349441,0.477630
1887,6GS5,84.62,0.715800,1.00,-982.040,34.290,0.211007,0.368270
1888,6GS9,87.50,0.722000,1.00,-929.163,21.958,0.119931,0.324470
1889,6HH0,69.00,0.673100,1.00,-1690.709,45.055,0.341539,0.340830
1890,6HN9,59.85,0.630200,1.00,-2299.927,53.463,0.631526,0.498760
1891,6HT4,76.25,0.633300,1.00,-853.876,83.776,0.352582,0.231590
1892,6HZ2,69.44,0.699300,1.00,-1686.178,23.510,0.239947,0.462760
1893,6IHA,74.17,0.790200,1.00,-1845.962,56.301,0.289885,0.481480
1894,6ITH,60.98,0.732100,1.00,-3396.130,69.482,0.480189,0.613020
1895,6J12,45.54,0.522500,1.00,-2135.310,70.651,0.928076,0.305250
1896,6J9P,93.75,0.633200,1.00,-697.370,39.361,0.115709,0.445350
1897,6JI7,63.89,0.529400,1.00,-2476.965,306.744,0.371798,0.398300
1898,6JIC,89.58,0.676700,1.00,-2430.778,217.780,0.135517,0.720060
1899,6K4V,42.50,0.352000,1.00,-2439.074,237.012,1.413109,0.310230
1900,6K4W,42.78,0.613500,1.00,-2444.802,229.052,1.435438,0.335090
1901,6K50,91.25,0.760000,1.00,-2901.274,198.479,0.113442,0.797380
1902,6K51,90.62,0.777000,1.00,-2863.569,189.224,0.119603,0.789100
1903,6KLM,76.47,0.610600,1.00,-2510.581,164.265,0.280183,0.537160
1904,6KRA,88.64,0.728400,1.00,-2190.219,213.177,0.160446,0.688330
1905,6L8R,34.09,0.540200,1.00,-774.170,299.608,0.913287,0.200920
1906,6LF5,94.12,0.735900,1.00,-2456.894,167.781,0.098440,0.783630
1907,6M0Y,85.42,0.586900,1.00,-612.582,31.731,0.219949,0.487120
1908,6M19,41.67,0.425500,1.00,-841.127,43.564,0.675216,0.194760
1909,6M56,34.17,0.230000,1.00,-2014.211,153.454,1.349483,0.236810
1910,6M5C,75.64,0.656700,1.00,-2615.052,161.788,0.239667,0.586300
1911,6MBM,82.81,0.656700,1.00,-1113.231,24.346,0.158078,0.424550
1912,6MF8,46.74,0.589500,1.00,-3409.935,113.916,1.279606,0.429090
1913,6MJV,79.69,0.642300,1.00,-1696.870,143.731,0.210291,0.564010
1914,6MK4,94.17,0.678000,1.00,-1902.608,176.081,0.096723,0.751740
1915,6MK5,87.50,0.712400,1.00,-2498.829,174.184,0.183326,0.713660
1916,6MM4,87.12,0.695200,1.00,-2089.561,144.911,0.159347,0.673100
1917,6MW6,43.42,0.442400,1.00,-888.682,35.025,0.924737,0.162720
1918,6MZT,91.22,0.716600,1.00,-2342.290,213.155,0.121763,0.758460
1919,6NK9,83.59,0.712900,1.00,-1930.922,163.916,0.286952,0.667780
1920,6NOM,56.91,0.519600,1.00,-3340.300,284.241,0.554515,0.470620
1921,6NOX,94.64,0.733900,1.00,-672.676,59.211,0.079671,0.458380
1922,6NUG,78.12,0.613800,1.00,-1564.616,81.866,0.179949,0.359750
1923,6NW8,61.11,0.491300,1.00,-1682.387,193.312,0.661316,0.438610
1924,6O3Q,85.20,0.736200,1.00,-3823.408,195.163,0.295891,0.764120
1925,6O3S,78.72,0.647000,1.00,-3756.317,122.805,0.243094,0.717840
1931,6OBK,65.70,0.556700,1.00,-4605.992,142.349,0.302313,0.579650
1932,6OBW,60.29,0.515300,1.00,-1293.512,37.282,0.509364,0.271270
1933,6OC2,51.47,0.477000,1.00,-1192.731,48.649,0.453620,0.237150
1934,6OC4,64.71,0.546300,1.00,-1319.306,42.380,0.404055,0.291020
1935,6OFA,92.42,0.755400,1.00,-2822.163,96.550,0.150171,0.757560
1936,6OLD,66.18,0.532300,1.00,-1319.306,42.380,0.472148,0.240340
1937,6OQP,69.23,0.578300,1.00,-635.807,67.492,0.283704,0.269480
1938,6OTA,60.94,0.511800,1.00,-561.739,143.041,0.363800,0.170610
1939,6OTB,53.95,0.463900,1.00,-994.375,68.314,0.644673,0.203900
1940,6OVJ,82.69,0.625100,1.00,-718.231,63.503,0.225119,0.402890
1941,6PIN,91.67,0.762500,1.00,-1022.697,83.638,0.106857,0.385660
1942,6PIO,95.83,0.809100,1.00,-1063.879,86.600,0.062092,0.501300
1943,6PIP,95.83,0.811200,1.00,-997.878,81.575,0.080535,0.504000
1945,6POR,37.50,0.471000,1.00,-1621.315,85.855,0.981605,0.167910
1946,6PPC,77.27,0.712300,1.00,-1791.398,169.021,0.311064,0.563710
1947,6PX7,76.47,0.641500,1.00,-2003.540,209.049,0.382495,0.563240
1948,6PX8,84.46,0.673700,1.00,-2618.932,162.096,0.283421,0.718150
1949,6Q1X,26.52,0.527000,1.00,-1079.235,173.988,1.249369,0.179180
1950,6Q5Z,62.93,0.524500,1.00,-1531.769,250.204,0.455164,0.415180
1951,6QAX,73.08,0.708300,1.00,-268.319,55.096,0.264119,0.298550
1952,6QB0,53.85,0.640000,1.00,-244.757,61.708,0.413095,0.219820
1953,6QB1,73.08,0.648400,1.00,-208.940,58.047,0.402640,0.380300
1954,6QES,92.50,0.751700,1.00,-3416.698,190.343,0.108633,0.806560
1955,6QET,79.17,0.709300,1.00,-2608.162,188.055,0.272267,0.671500
1956,6QJB,85.62,0.698900,1.00,-2525.534,219.474,0.181328,0.723070
1957,6QKF,83.33,0.685400,1.00,-986.410,66.066,0.308683,0.421560
1958,6R2X,73.00,0.597300,1.00,-1816.279,73.133,0.363003,0.534830
1959,6R95,63.54,0.638100,1.00,-1626.979,49.524,0.385830,0.336550
1960,6R96,55.21,0.630700,1.00,-1626.979,49.524,0.562269,0.311860
1961,6RRL,89.58,0.664400,1.00,-761.288,28.094,0.168723,0.580580
1962,6RRO,97.73,0.736800,1.00,-626.959,27.406,0.057763,0.577870
1963,6RSF,55.00,0.466700,1.00,-1476.291,25.063,0.385394,0.217380
1964,6RSG,44.00,0.488000,1.00,-1285.420,25.758,0.613576,0.180050
1965,6RSM,77.27,0.507900,1.00,-481.678,39.185,0.278257,0.448020
1966,6RY9,47.12,0.538400,1.00,-1455.291,25.436,0.457272,0.219170
1967,6RYQ,56.25,0.483600,1.00,-990.641,22.711,0.453663,0.197640
1968,6RZ1,43.75,0.537000,1.00,-1513.050,31.696,0.612692,0.135720
1969,6RZC,58.00,0.549100,1.00,-1549.676,26.785,0.396155,0.255180
1970,6S2D,47.92,0.537900,1.00,-1094.951,62.227,0.533502,0.215550
1971,6SAA,88.39,0.712100,1.00,-1581.449,176.878,0.190409,0.646340
1972,6SAB,63.24,0.532800,1.00,-2216.676,147.866,0.575486,0.444720
1973,6SFT,64.58,0.616600,1.00,-1560.368,174.442,0.397878,0.430910
1974,6SVC,82.14,0.739000,1.00,-2211.333,168.813,0.207690,0.624180
1975,6SVE,88.57,0.717700,1.00,-2211.333,168.813,0.167184,0.712550
1976,6SVH,91.43,0.754100,1.00,-2211.333,168.813,0.146508,0.728520
1977,6SY2,84.18,0.784000,1.00,-3834.315,202.302,0.243642,0.740530
1978,6SZF,24.40,0.341100,1.00,-1691.401,340.816,1.161806,0.215490
1979,6T33,59.66,0.443800,1.00,-3317.186,230.391,0.451276,0.508930
1980,6TVJ,40.00,0.434200,1.00,-310.389,45.139,0.510512,0.282800
1981,6TWG,90.38,0.695500,1.00,-797.837,22.025,0.255500,0.565940
1982,6U24,51.79,0.620500,1.00,-418.375,52.437,1.030591,0.312710
1983,6U6G,50.00,0.442700,1.00,-2029.724,203.436,0.535048,0.344940
1984,6U7Q,94.64,0.724000,1.00,-506.382,64.542,0.098445,0.469010
1985,6U7R,92.86,0.753500,1.00,-683.978,72.548,0.101191,0.489960
1986,6U7S,91.07,0.733300,1.00,-590.681,73.903,0.146115,0.480710
1987,6U7U,48.21,0.558400,1.00,-380.468,82.004,0.694662,0.183290
1988,6U7W,55.36,0.616900,1.00,-437.324,56.772,0.947594,0.292370
1989,6U7X,57.14,0.629700,1.00,-424.575,54.743,0.993494,0.258110
1990,6UCH,64.02,0.671800,1.00,-2228.697,139.660,0.719897,0.512040
1991,6V1N,58.82,0.518700,1.00,-1221.184,47.026,0.386137,0.230240
1992,6V6T,78.57,0.667200,1.00,-2415.364,188.614,0.274027,0.604900
1993,6VE9,63.10,0.613000,1.00,-1377.458,31.456,0.496106,0.269100
1994,6VGT,45.39,0.441000,1.00,-2148.869,81.136,1.281372,0.355890
1995,6VH8,78.47,0.661400,1.00,-3211.151,174.790,0.218391,0.586060
1996,6VLA,92.65,0.748400,1.00,-1199.698,28.269,0.150305,0.383390
1997,6VLJ,40.79,0.447400,1.00,-681.063,111.049,0.671364,0.161970
1998,6VNZ,90.32,0.718600,1.00,-2132.333,169.918,0.118424,0.661630
1999,6VPN,95.21,0.779000,1.00,-3360.063,229.575,0.074732,0.897830
2000,6VXG,26.16,0.313200,1.00,-1997.940,210.217,0.933583,0.181220
2001,6VY8,50.00,0.631400,1.00,-418.375,52.437,1.021203,0.260770
2002,6WQJ,81.43,0.665800,1.00,-2931.312,99.714,0.222225,0.616890
2003,6WQL,78.06,0.645200,1.00,-3732.383,193.125,0.298056,0.669420
2004,6X7I,72.32,0.660900,1.00,-2200.095,60.796,0.470432,0.549080
2005,6XCR,68.89,0.766900,1.00,-3092.260,184.441,0.482469,0.589380
2006,6XCU,71.11,0.714800,1.00,-3001.950,166.448,0.617333,0.630810
2007,6XN9,33.33,0.370500,1.00,-3451.351,230.942,0.834737,0.272560
2008,6XTH,47.22,0.449000,1.00,-987.735,62.326,0.804062,0.183990
2009,6XTI,30.88,0.412100,1.00,-752.715,49.691,0.861837,0.177560
2010,6XYH,91.88,0.724200,1.00,-2510.109,209.173,0.125829,0.792090
2011,6XYI,82.14,0.633500,1.00,-2549.934,312.027,0.217567,0.678810
2012,6Y1Q,42.86,0.409000,1.00,-818.244,60.125,0.762484,0.215780
2013,6YHF,64.17,0.677200,1.00,-1774.033,160.952,0.365947,0.461610
2014,6YHI,67.50,0.730000,1.00,-2259.226,44.944,0.345482,0.438290
2015,6YHO,61.67,0.741300,1.00,-1908.742,66.164,0.372779,0.502800
2016,6YHP,66.67,0.754500,1.00,-1945.977,73.154,0.352079,0.459450
2017,6YHX,75.00,0.745900,1.00,-1969.285,54.636,0.254279,0.533620
2018,6YJL,46.97,0.429700,1.00,-2032.749,156.572,0.758896,0.215520
2019,6YSE,95.65,0.796000,1.00,-4505.582,106.922,0.086587,0.884180
2020,6Z0G,48.47,0.657300,1.00,-3006.357,260.707,0.639936,0.413370
2021,6Z0H,53.06,0.698100,1.00,-3044.065,231.545,0.711081,0.486760
2022,6Z0I,54.59,0.610700,1.00,-3006.357,260.707,0.770665,0.451660
2023,7ALD,85.00,0.662400,1.00,-1199.113,79.299,0.187453,0.330590
2024,7ASY,62.12,0.621100,1.00,-2470.811,85.587,0.474592,0.416560
2025,7AT7,65.15,0.669300,1.00,-2334.911,101.107,0.499775,0.551300
2026,7ATB,62.88,0.661800,1.00,-2711.663,103.434,0.484185,0.499180
2027,7AY8,86.54,0.723200,1.00,-2304.748,165.786,0.259743,0.745330
2028,7B2F,53.23,0.517800,1.00,-2167.545,94.119,0.803962,0.357940
2029,7BW5,38.24,0.511400,1.00,-466.099,116.427,0.948068,0.166100
2030,7BWI,90.48,0.797000,1.00,-3692.760,213.182,0.240336,0.809020
2031,7BX2,89.29,0.682800,1.00,-845.245,26.287,0.102978,0.454540
2032,7BZ7,43.33,0.424200,1.00,-870.045,55.289,0.722462,0.128220
2033,7BZ8,50.00,0.425400,1.00,-1005.347,41.469,0.730617,0.194170
2034,7BZ9,43.33,0.397100,1.00,-879.733,36.585,0.680852,0.170180
2035,7BZA,41.67,0.429700,1.00,-973.783,43.523,0.664495,0.120400
2036,7CCN,60.29,0.603300,1.00,-649.175,46.924,0.567693,0.236180
2037,7CCO,61.76,0.609800,1.00,-649.175,46.924,0.562609,0.232390
2038,7CK5,69.64,0.628900,1.00,-1958.524,72.606,0.365634,0.496700
2039,7CKD,35.90,0.340400,1.00,-2682.126,262.796,0.831798,0.287210
2040,7CKE,62.82,0.550700,1.00,-2682.126,262.796,0.446789,0.455030
2041,7CSS,59.62,0.569500,1.00,-609.223,112.753,0.431988,0.260310
2042,7CU6,41.67,0.401500,1.00,-972.519,69.203,0.676145,0.182150
2043,7D13,87.18,0.806200,1.00,-2680.883,56.040,0.183407,0.720080
2044,7D16,46.79,0.561500,1.00,-2680.883,56.040,1.050004,0.418720
2045,7D37,69.23,0.506700,1.00,-609.223,112.753,0.267581,0.186810
2046,7DEH,78.23,0.690300,1.00,-1832.026,71.579,0.212375,0.527680
2047,7EDK,51.32,0.486000,1.00,-985.063,112.360,0.475525,0.136710
2048,7EES,37.50,0.529700,1.00,-557.244,102.659,1.246891,0.114040
2049,7ELY,48.08,0.455100,1.00,-1806.653,170.157,0.526060,0.211310
2050,7F32,79.17,0.671400,1.00,-994.738,82.884,0.205480,0.258340
2051,7JIA,80.21,0.660300,1.00,-1223.669,168.462,0.195710,0.309660
2052,7JIY,93.75,0.743600,1.00,-1514.686,119.410,0.092955,0.574610
2053,7JNN,90.22,0.690400,1.00,-3805.448,171.245,0.149722,0.812250
2054,7JPM,74.40,0.652100,1.00,-2341.742,273.504,0.385469,0.624100
2055,7JS6,31.67,0.552500,1.00,-380.599,77.331,1.015538,0.191190
2056,7K1M,95.83,0.679500,1.00,-751.416,39.490,0.077770,0.546560
2057,7K7X,81.03,0.664400,1.00,-1955.053,148.851,0.250455,0.527890
2058,7KNN,68.75,0.578700,1.00,-933.969,49.912,0.340882,0.323450
2059,7KPD,97.41,0.815100,1.00,-2081.053,190.208,0.070056,0.766380
2060,7L53,49.11,0.393800,1.00,-2123.026,151.788,0.439049,0.218780
2061,7L54,49.11,0.365000,1.00,-2123.026,151.788,0.481648,0.189710
2062,7L55,44.64,0.310200,1.00,-2123.026,151.788,0.674869,0.259840
2063,7L7A,51.79,0.456800,1.00,-697.576,65.974,0.463507,0.253680
2064,7L83,51.35,0.656300,1.00,-2864.663,80.811,1.127427,0.425070
2065,7LCW,38.33,0.525300,1.00,-476.422,92.269,0.942501,0.108860
2066,7LGL,48.94,0.460200,1.00,-3194.459,202.412,0.994881,0.406250
2067,7LGV,59.38,0.545100,1.00,-3374.649,266.439,0.666843,0.497620
2068,7LHC,87.93,0.709400,1.00,-1853.750,238.915,0.225644,0.647990
2069,7LI2,46.59,0.587100,1.00,-863.079,102.659,0.918878,0.158530
2070,7LIF,46.59,0.521000,1.00,-863.079,102.659,0.822734,0.141250
2071,7LP4,68.09,0.535300,1.00,-3318.310,270.618,0.625021,0.573290
2072,7LQR,80.95,0.657600,1.00,-1275.465,95.640,0.276457,0.376710
2073,7LQS,73.33,0.569200,1.00,-801.885,66.157,0.324367,0.344420
2074,7LRW,42.86,0.476300,1.00,-1410.034,108.224,0.563445,0.201200
2075,7LSO,97.22,0.760200,1.00,-1161.885,25.304,0.059693,0.584290
2076,7LSP,88.89,0.719500,1.00,-1161.885,25.304,0.125203,0.487670
2077,7LT7,28.57,0.244600,1.00,-1853.933,219.155,1.503489,0.196510
2078,7LVE,69.15,0.596200,1.00,-3543.945,168.434,0.307692,0.563810
2079,7LVG,54.44,0.529700,1.00,-3381.321,139.152,0.628641,0.443760
2080,7LX4,46.34,0.398500,1.00,-2837.373,312.000,0.530743,0.359600
2081,7LZL,91.89,0.759600,1.00,-2544.881,159.013,0.124248,0.812300
2082,7M1D,46.88,0.422500,1.00,-3080.256,217.947,0.826330,0.396100
2083,7M1E,73.21,0.709900,1.00,-1763.648,72.466,0.336544,0.498460
2084,7M3U,50.93,0.367500,1.00,-1887.833,247.381,0.508333,0.183200
2085,7MJ3,34.66,0.407800,1.00,-2993.866,293.261,0.972288,0.248260
2086,7MY8,33.93,0.538500,1.00,-3106.898,144.939,1.022645,0.357620
2087,7N0T,59.38,0.521700,1.00,-885.652,70.408,0.427092,0.361500
2088,7N21,75.00,0.588200,1.00,-765.163,68.347,0.331295,0.300530
2089,7N23,77.94,0.629000,1.00,-765.163,68.347,0.271525,0.344470
2090,7N25,60.94,0.538100,1.00,-885.652,70.408,0.431426,0.338850
2091,7NIP,79.88,0.652800,1.00,-4347.346,127.967,0.176583,0.648170
2092,7NS1,88.71,0.778600,1.00,-2779.364,64.618,0.178657,0.668710
2093,7OB2,85.00,0.550600,1.00,-596.946,26.880,0.191963,0.516580
2094,7OD2,75.00,0.550100,1.00,-2374.929,225.428,0.329341,0.526000
2095,7OFM,70.00,0.697500,1.00,-1870.385,85.571,0.496429,0.588150
2096,7OFO,71.67,0.690400,1.00,-1870.385,85.571,0.387567,0.528930
2097,7OSC,85.42,0.748700,1.00,-1578.216,116.208,0.175476,0.419270
2099,7P3M,96.15,0.759900,1.00,-781.408,25.182,0.077809,0.440180
2100,7P4X,76.61,0.696500,1.00,-1952.200,92.890,0.306862,0.583760
2101,7P55,80.68,0.647000,1.00,-1814.887,39.259,0.190216,0.286920
2102,7P5G,42.00,0.413600,1.00,-1139.989,142.688,0.664409,0.230340
2103,7P5Q,39.00,0.434900,1.00,-1306.752,135.450,0.666586,0.205940
2104,7P5S,43.00,0.486000,1.00,-1072.677,142.005,0.601172,0.187460
2105,7PH8,86.29,0.771600,1.00,-2626.820,60.215,0.154777,0.718750
2106,7PHT,79.17,0.783000,1.00,-2572.632,48.562,0.186344,0.568970
2107,7PL4,74.19,0.675700,1.00,-1970.370,68.726,0.360554,0.559420
2108,7PVB,97.83,0.826300,1.00,-3501.287,130.375,0.070288,0.911720
2109,7PVM,62.10,0.595900,1.00,-1265.444,152.847,0.739130,0.428880
2110,7QAL,46.43,0.699900,1.00,-1916.176,65.026,0.931921,0.351980
2111,7QAM,45.71,0.660600,1.00,-1894.963,63.010,0.845006,0.350490
2112,7QAO,52.86,0.647900,1.00,-1913.991,70.934,0.498135,0.407310
2113,7QAP,48.57,0.670100,1.00,-2063.987,121.647,0.601397,0.397690
2114,7QLF,44.12,0.505800,1.00,-603.571,94.013,1.104820,0.198540
2115,7QXJ,87.50,0.694100,1.00,-1819.506,90.172,0.170133,0.621300
2116,7RC7,93.75,0.793000,1.00,-2074.673,165.753,0.127970,0.810100
2117,7RC8,93.75,0.800900,1.00,-2074.673,165.753,0.170914,0.793280
2118,7RFA,80.17,0.677400,1.00,-1801.349,202.261,0.328859,0.536210
2119,7RN3,95.00,0.795200,1.00,-2086.425,173.013,0.087565,0.744090
2120,7S55,97.58,0.817600,1.00,-2147.353,191.776,0.068358,0.822020
2121,7S7P,92.86,0.815100,1.00,-2955.279,147.371,0.109741,0.841690
2122,7SAG,67.74,0.528200,1.00,-1810.065,166.328,0.570246,0.488060
2123,7SKC,86.03,0.679500,1.00,-2619.287,160.097,0.166428,0.678180
2124,7T6G,52.50,0.514400,1.00,-974.926,57.703,0.525696,0.326470
2125,7T7W,86.36,0.630400,1.00,-607.651,24.141,0.144807,0.502250
2126,7TB9,35.00,0.486800,1.00,-365.854,126.213,0.651161,0.129170
2127,7TH8,58.33,0.483200,1.00,-2054.387,157.553,0.647701,0.364140
2128,7UNX,74.31,0.642800,1.00,-2675.278,197.223,0.610412,0.620300
2129,7UV3,67.19,0.573600,1.00,-3810.436,106.233,0.590008,0.567520
2130,7V5E,68.06,0.592500,1.00,-1035.679,162.062,0.356204,0.205250
2131,7V5F,62.90,0.560700,1.00,-2757.069,157.824,0.482023,0.384090
2132,7VOZ,72.41,0.719000,1.00,-1838.113,46.411,0.338459,0.497590
2133,7VQH,31.94,0.461800,1.00,-589.574,108.056,0.737761,0.207600
2134,7VQI,34.72,0.475200,1.00,-589.574,108.056,0.682552,0.124850
2135,7W8K,44.00,0.434900,1.00,-1562.172,146.922,0.718169,0.170600
2136,7W8O,41.35,0.461600,1.00,-1838.736,108.277,0.646940,0.205040
2137,7W8R,57.69,0.495000,1.00,-1838.736,108.277,0.462523,0.253180
2138,7W8T,45.19,0.506800,1.00,-1232.846,147.879,0.647901,0.198600
2139,7W8Z,59.87,0.572700,1.00,-2373.280,218.594,0.565464,0.421080
2140,7W96,80.56,0.779300,1.00,-1129.804,112.232,0.189824,0.420980
2141,7WE3,29.03,0.446600,1.00,-1539.461,210.917,0.848756,0.233290
2142,7WEI,36.29,0.468000,1.00,-1539.461,210.917,0.776393,0.173320
2143,7Y7L,68.89,0.587800,1.00,-3065.718,229.792,0.313111,0.529410
2144,7YAB,65.34,0.533400,1.00,-2956.909,218.683,0.338084,0.516660
2145,7YFS,56.25,0.555700,1.00,-909.213,32.703,0.616040,0.261350
2146,7YHF,96.53,0.868000,1.00,-2447.922,162.125,0.082293,0.834410
2147,7YHG,97.92,0.886600,1.00,-2447.922,162.125,0.065066,0.883290
2148,7YHH,97.22,0.880900,1.00,-2447.922,162.125,0.065253,0.880880
2149,7YHI,96.53,0.843900,1.00,-2409.656,202.429,0.075896,0.833620
2150,7YRV,45.54,0.532000,1.00,-2237.028,123.364,0.669380,0.291820
2151,7YRW,35.48,0.359600,1.00,-2015.658,162.963,0.891889,0.224310
2152,7YRX,67.74,0.559400,1.00,-2229.131,156.571,0.340115,0.415810
2153,7YSS,67.86,0.587400,1.00,-1085.137,24.750,0.456998,0.433070
2154,7YYI,73.28,0.697400,1.00,-2026.712,58.092,0.231981,0.514520
2155,7Z07,77.59,0.692900,1.00,-2012.517,72.211,0.196351,0.487650
2156,7Z08,74.14,0.705400,1.00,-2330.922,47.983,0.265242,0.515220
2157,7Z0B,77.59,0.765500,1.00,-2531.475,70.703,0.202942,0.672640
2159,7ZNF,82.50,0.697200,1.00,-1858.060,146.811,0.270573,0.549540
2160,7ZRF,43.06,0.414500,1.00,-843.314,71.800,0.909010,0.163010
2161,7ZRO,26.88,0.397300,1.00,-2296.435,139.481,1.130172,0.214910
2162,7ZRU,88.39,0.780200,1.00,-1875.940,85.910,0.215677,0.719830
2163,7ZWJ,39.71,0.568700,1.00,-342.799,64.910,1.145739,0.205790
2164,7ZZV,32.64,0.426100,1.00,-2428.998,137.996,1.231140,0.276820
2165,8A6I,30.36,0.360000,1.00,-1909.009,137.956,1.361182,0.258560
2166,8AHK,81.10,0.688000,1.00,-3209.842,307.202,0.225333,0.669880
2167,8B1L,84.38,0.657400,1.00,-1619.874,45.107,0.211722,0.563670
2168,8B1X,65.00,0.598300,1.00,-1435.505,39.390,0.696154,0.495790
2169,8B4R,75.00,0.618700,1.00,-1199.113,79.299,0.291553,0.255580
2170,8B6X,76.00,0.636000,1.00,-1966.997,49.211,0.273579,0.417470
2171,8B6Y,81.00,0.688900,1.00,-1966.997,49.211,0.182185,0.457180
2172,8B9Q,29.38,0.404400,1.00,-1528.405,327.326,1.370766,0.173360
2173,8B9R,27.50,0.440700,1.00,-1528.405,327.326,1.400927,0.206230
2174,8BOO,27.17,0.491800,1.00,-740.063,165.901,1.151349,0.172780
2175,8BVC,85.71,0.737900,1.00,-2946.145,237.919,0.153391,0.723770
2176,8BVZ,42.11,0.580100,1.00,-581.042,101.882,1.195246,0.150880
2177,8BWW,62.50,0.531400,1.00,-1433.084,32.998,0.409881,0.293540
2178,8CIQ,84.29,0.708400,1.00,-2182.146,136.259,0.286935,0.681550
2183,8CJT,77.86,0.697100,1.00,-2149.836,152.742,0.213126,0.590610
2184,8CM3,86.96,0.702700,1.00,-1502.019,101.540,0.182349,0.407430
2185,8DFZ,61.05,0.583300,1.00,-3218.164,259.246,1.143794,0.516950
2186,8DYM,36.21,0.565300,1.00,-856.559,224.942,2.018812,0.183800
2187,8DYN,35.42,0.499900,1.00,-1065.373,146.031,0.823328,0.124440
2188,8EB1,67.71,0.543600,1.00,-1581.337,37.826,0.557201,0.318380
2189,8EF4,47.50,0.558200,1.00,-387.785,223.995,0.786083,0.176440
2190,8F04,81.58,0.649500,1.00,-1175.863,110.307,0.284883,0.365870
2191,8FD4,85.29,0.637400,1.00,-2300.016,172.196,0.184668,0.635590
2192,8FEY,90.97,0.740600,1.00,-2360.857,172.818,0.157815,0.751950
2193,8G21,74.22,0.668700,1.00,-2132.249,129.443,0.314604,0.498200
2194,8GUC,43.06,0.388200,1.00,-2528.722,254.859,0.591558,0.322240
2195,8GVN,85.71,0.623000,1.00,-1085.137,24.750,0.207756,0.397410
2196,8H0G,67.74,0.716500,1.00,-2148.161,76.141,0.341292,0.556950
2197,8H0U,76.61,0.724100,1.00,-2148.161,76.141,0.203994,0.584280
2198,8HJC,90.91,0.731000,1.00,-2709.683,171.829,0.163920,0.775450
2199,8HJD,89.39,0.726000,1.00,-2709.683,171.829,0.154315,0.755660
2200,8HR3,55.77,0.569400,1.00,-664.837,58.502,0.465574,0.341370
2201,8HR4,61.54,0.564000,1.00,-676.420,83.222,0.362104,0.296550
2202,8HVS,87.50,0.603200,1.00,-395.725,30.928,0.234125,0.504280
2203,8HZW,53.12,0.569100,1.00,-1045.831,23.267,0.625045,0.256200
2204,8IKQ,82.14,0.588600,1.00,-624.617,55.775,0.260050,0.438470
2205,8IL1,78.57,0.539800,1.00,-624.617,55.775,0.311038,0.405380
2206,8IL2,80.00,0.637200,1.00,-684.414,64.592,0.250494,0.384250
2207,8IL6,90.00,0.646200,1.00,-684.414,64.592,0.218319,0.484380
2208,8JB4,25.00,0.371200,1.00,-1515.029,131.189,0.895263,0.161020
2209,8K3M,39.71,0.511700,1.00,-517.127,83.576,0.896199,0.256560
2210,8K3N,33.82,0.523300,1.00,-517.127,83.576,1.022487,0.216420
2211,8OR5,61.67,0.675200,1.00,-1988.352,38.439,0.398346,0.404320
2212,8ORY,86.67,0.723900,1.00,-2218.249,77.686,0.135445,0.526290
2213,8ORZ,70.00,0.684600,1.00,-1586.746,59.618,0.289090,0.446090
2214,8OS0,71.67,0.763400,1.00,-1918.402,62.710,0.295758,0.434910
2216,8PWT,36.03,0.497900,1.00,-2660.192,64.221,1.289882,0.267860
2221,8QNT,28.06,0.590800,1.00,-3895.249,130.268,1.644830,0.250690
2222,8QTQ,71.32,0.631900,1.00,-2303.933,197.518,0.336816,0.488440
2223,8R89,61.11,0.580700,1.00,-1334.079,44.907,0.510020,0.228110
2224,8RHS,51.04,0.449600,1.00,-3244.565,213.108,0.614629,0.428420
2225,8RPQ,70.14,0.760200,1.00,-2701.302,77.233,0.334575,0.618680
2226,8RQ6,68.55,0.693200,1.00,-2267.813,67.519,0.374737,0.524550
2227,8S9Y,29.49,0.436300,1.00,-1609.977,417.479,0.773425,0.232750
2228,8SED,77.70,0.633100,1.00,-2473.403,170.061,0.248640,0.579840
2229,8SEM,85.26,0.715100,1.00,-1997.069,172.663,0.284753,0.733020
2230,8SVB,32.50,0.492000,1.00,-1396.625,106.724,1.550918,0.218440
2231,8T01,92.31,0.748700,1.00,-829.092,27.117,0.113152,0.406010
2232,8T61,87.50,0.642700,1.00,-619.061,90.455,0.163687,0.362640
2233,8T62,81.25,0.698000,1.00,-629.649,60.019,0.201218,0.307360
2234,8T63,56.25,0.450300,1.00,-509.004,264.341,0.390847,0.213140
2235,8TFV,82.14,0.706000,1.00,-913.256,125.765,0.279273,0.362270
2236,8TV4,42.31,0.430800,1.00,-982.040,34.290,0.588288,0.193760
2237,8TXS,89.06,0.764400,1.00,-763.388,72.440,0.106200,0.339250
2238,8TYI,81.03,0.723200,1.00,-1884.775,112.011,0.230193,0.541330
2239,8UKC,35.00,0.387100,1.00,-760.565,58.862,0.795525,0.129500
2240,8ULM,77.27,0.615000,1.00,-2054.387,157.553,0.241513,0.508020
2241,8UM1,58.93,0.632300,1.00,-3097.499,128.935,0.513545,0.484510
2242,8UM2,57.74,0.597700,1.00,-3097.499,128.935,0.922759,0.458420
2243,8UNG,81.71,0.674900,1.00,-2797.504,186.352,0.202133,0.658440
2244,8UWF,89.10,0.767900,1.00,-2463.390,235.592,0.239984,0.777470
2245,8UXR,59.78,0.460000,1.00,-1674.054,122.282,0.614208,0.264600
2246,8V2M,81.25,0.669300,1.00,-1962.054,102.588,0.354342,0.565830
2247,8V2V,31.71,0.370400,1.00,-3299.154,273.870,0.940533,0.307860
2248,8VU6,88.04,0.762900,1.00,-2947.362,240.298,0.183861,0.794240
2249,8VU7,92.22,0.758900,1.00,-3218.016,243.021,0.130728,0.833720
2250,8VU8,84.30,0.694800,1.00,-2869.771,260.021,0.148419,0.729180
2251,8VYC,46.59,0.507100,1.00,-807.946,129.813,0.970634,0.165970
2252,8W0Q,63.75,0.623400,1.00,-1214.328,83.599,0.385299,0.287290
2253,8W16,73.33,0.579100,1.00,-956.183,46.827,0.298919,0.366240
2254,8W17,78.33,0.554500,1.00,-1058.296,41.274,0.230845,0.346150
2255,8W2V,32.05,0.569000,1.00,-1268.490,265.858,1.192129,0.284820
2256,8WGI,73.00,0.576100,1.00,-1472.595,137.924,0.262256,0.372730
2257,8WGJ,44.79,0.415500,1.00,-1342.089,201.252,0.538917,0.156510
2258,8WW0,68.75,0.682300,1.00,-2021.345,140.734,0.412872,0.428530
2259,8WW1,56.67,0.524600,1.00,-2371.040,178.885,0.584563,0.365740
2260,8X3N,71.88,0.520000,1.00,-750.281,65.458,0.307254,0.196520
2261,8X40,76.56,0.573500,1.00,-750.281,65.458,0.242735,0.266130
2262,8XTH,71.67,0.571800,1.00,-742.236,51.960,0.363793,0.265850
2263,8XTN,31.06,0.424900,1.00,-1065.636,257.487,1.293726,0.213610
2264,8XTO,38.10,0.421500,1.00,-819.952,74.403,0.695136,0.124950
2265,8Y3S,54.55,0.597000,1.00,-336.731,37.159,0.446673,0.351220
2266,8YD6,28.33,0.371200,1.00,-1960.134,139.258,0.838660,0.188070
2267,8ZG2,50.00,0.531700,1.00,-205.214,50.030,0.631779,0.216420
2268,8ZG3,45.45,0.535000,1.00,-146.784,33.669,0.700998,0.369470
2269,8ZG4,43.18,0.586000,1.00,-259.759,44.003,0.646904,0.199930
2270,8ZP3,32.58,0.341500,1.00,-1163.277,221.909,1.184146,0.203650
2271,8ZUG,38.04,0.569200,1.00,-331.092,142.586,0.719751,0.124010
2272,9AZI,96.30,0.814200,1.00,-1801.504,92.694,0.107801,0.825400
2273,9BET,51.19,0.657900,1.00,-2764.596,46.268,0.590027,0.582680
2274,9BF4,54.03,0.476800,1.00,-2285.916,228.174,0.633303,0.359800
2275,9BHN,54.55,0.427000,1.00,-499.762,38.171,0.490469,0.303100
2276,9BV0,83.33,0.684200,1.00,-2198.044,150.535,0.140600,0.473550
2277,9BV4,75.69,0.628500,1.00,-3211.151,174.790,0.188357,0.544790
2278,9BVS,44.23,0.465300,1.00,-1038.853,27.115,0.532882,0.237220
2279,9BVU,50.00,0.441700,1.00,-1235.566,43.212,0.665922,0.259300
2280,9BVV,48.08,0.433300,1.00,-1108.282,32.250,0.470349,0.200690
2281,9CRB,98.21,0.809000,1.00,-1721.279,104.492,0.067404,0.791790
2282,9F1E,63.39,0.650000,1.00,-1309.146,108.594,0.495915,0.461020
2283,9F1F,62.82,0.671200,1.00,-2266.429,144.041,0.550754,0.512350
2284,9F1G,52.04,0.670000,1.00,-3105.891,153.292,0.557009,0.500890
2285,9FJN,88.89,0.766600,1.00,-1280.298,30.455,0.107529,0.435890
2286,9FJW,52.86,0.625700,1.00,-1929.909,154.085,1.017443,0.426510
2287,9G0M,91.00,0.778700,1.00,-1545.546,137.782,0.130550,0.606200
2288,9G0N,87.00,0.765200,1.00,-1545.546,137.782,0.171184,0.599570
2289,9G20,94.00,0.792700,1.00,-1545.546,137.782,0.161156,0.640530
2290,9G21,70.00,0.605500,1.00,-1545.546,137.782,0.297833,0.331500
2291,9G22,88.00,0.731100,1.00,-1512.928,87.633,0.160933,0.543660
2292,9G2N,89.00,0.740300,1.00,-1512.928,87.633,0.173586,0.547530
2293,9G2O,86.00,0.746900,1.00,-1512.928,87.633,0.156966,0.506060
2294,9G31,82.00,0.677400,1.00,-1512.928,87.633,0.185732,0.410320
2295,9G32,81.00,0.680500,1.00,-1512.928,87.633,0.203613,0.410890
2296,9G5P,90.00,0.784100,1.00,-1545.546,137.782,0.135977,0.536030
2297,9GDL,79.00,0.623800,1.00,-1488.376,102.874,0.275258,0.472360
2298,9GDN,82.00,0.677600,1.00,-1488.376,102.874,0.182892,0.564720
2299,9GDT,83.00,0.670100,1.00,-1488.376,102.874,0.214632,0.570350
2300,9GDU,81.00,0.656700,1.00,-1488.376,102.874,0.237798,0.574320
2301,9GE1,81.00,0.682900,1.00,-1488.376,102.874,0.229501,0.525660
2302,9GE9,79.00,0.684200,1.00,-1499.555,142.412,0.289039,0.419900
2303,9GEB,85.00,0.742500,1.00,-1499.555,142.412,0.164751,0.494610
2304,9GEC,79.00,0.711700,1.00,-1499.555,142.412,0.227254,0.422080
2305,9IKO,67.19,0.589500,1.00,-687.509,69.655,0.301737,0.268960
2306,9ILX,78.12,0.561700,1.00,-687.509,69.655,0.254943,0.273700
2307,9J5F,60.16,0.591600,1.00,-2515.901,193.469,0.411808,0.350310
2308,9J5H,75.00,0.667500,1.00,-2818.453,192.577,0.367172,0.553540
2309,9KAR,40.00,0.409200,1.00,-746.956,64.580,0.829582,0.159850
2310,9KK0,68.00,0.552400,1.00,-1208.972,202.542,0.272572,0.296950
2311,9L1M,43.75,0.531500,1.00,-154.556,56.991,0.675611,0.218910
2312,9NVH,73.57,0.617000,1.00,-1733.360,136.630,0.387931,0.548010
2313,9NWZ,33.75,0.422300,1.00,-1093.176,55.677,1.038096,0.078720
2314,9NY3,30.00,0.362500,1.00,-1157.708,60.221,1.031381,0.098420
2315,9UV5,65.00,0.479600,1.00,-350.805,50.095,0.325667,0.220380
