serial,pdb_id,gdt_ts,lddt,lddt_coverage,pred_dope,pred_molpdf,rmsd,tm_score
1,1A11,92.00,0.839700,1.00,-1855.405,44.249,0.110714,0.597600
2,1A3P,69.44,0.627200,1.00,-3005.717,312.364,0.412873,0.591790
3,1ACW,79.31,0.640600,1.00,-1940.518,122.510,0.187277,0.443150
4,1ADX,54.38,0.524000,1.00,-2619.090,263.385,0.516856,0.331490
5,1AG7,52.21,0.487900,1.00,-1946.999,180.833,0.690607,0.340080
6,1AGG,72.92,0.652300,1.00,-2790.092,268.893,0.563316,0.623980
7,1AGT,97.37,0.812300,1.00,-2897.831,170.083,0.063814,0.892870
8,1AHL,76.02,0.681600,1.00,-3725.518,221.116,0.315257,0.654550
9,1ALE,91.67,0.725600,1.00,-1322.858,48.833,0.189814,0.422290
10,1ALF,85.53,0.721500,1.00,-1576.872,52.008,0.158449,0.445680
11,1ALG,69.79,0.658800,1.00,-1415.865,30.054,0.596969,0.532430
12,1AMB,30.36,0.405100,1.00,-892.132,166.014,0.849327,0.203640
13,1AMC,32.14,0.415100,1.00,-987.732,183.341,0.813933,0.194520
14,1AML,21.25,0.373300,1.00,-1609.158,305.303,1.434022,0.199920
15,1ANP,29.46,0.510700,1.00,-992.208,234.305,1.303552,0.162800
16,1ANS,39.81,0.389600,1.00,-1549.495,225.138,0.818266,0.182400
17,1AOO,47.50,0.464300,1.00,-2868.899,181.977,0.709682,0.338100
18,1APF,71.43,0.646800,1.00,-3599.813,235.717,0.379990,0.620440
19,1APO,85.71,0.727000,1.00,-2369.074,213.708,0.181969,0.741460
20,1AQG,40.91,0.437100,1.00,-375.265,52.736,0.480767,0.171810
21,1AQQ,47.50,0.469400,1.00,-2781.149,177.673,0.742882,0.323630
22,1AQR,41.88,0.472400,1.00,-2860.940,182.699,0.717331,0.315530
23,1ARD,90.52,0.731400,1.00,-2181.271,150.467,0.323206,0.726370
24,1ARE,88.79,0.731700,1.00,-2221.852,113.918,0.267861,0.695000
25,1ARF,93.10,0.777600,1.00,-2339.733,117.799,0.152984,0.785920
26,1ATX,82.61,0.669600,1.00,-3348.976,213.054,0.184871,0.698800
27,1AV3,97.22,0.746800,1.00,-1566.097,208.806,0.070176,0.768300
28,1AW6,81.40,0.699100,1.00,-2636.525,215.467,0.301205,0.713050
29,1AXH,89.86,0.780200,1.00,-2265.005,171.372,0.165366,0.760690
30,1AZ6,77.78,0.617000,1.00,-2394.663,165.367,0.213112,0.584320
31,1AZH,51.39,0.485000,1.00,-2355.719,192.642,0.508772,0.348360
32,1AZJ,90.97,0.754700,1.00,-2325.364,186.424,0.105631,0.752680
33,1AZK,76.39,0.685500,1.00,-2358.068,164.440,0.215110,0.546330
34,1B03,54.17,0.494200,1.00,-817.223,78.359,0.379707,0.229040
35,1B1V,83.70,0.704000,1.00,-1126.273,123.903,0.257398,0.441700
36,1B4G,25.00,0.314200,1.00,-534.857,312.178,1.314692,0.157990
37,1B4I,25.83,0.344700,1.00,-591.672,349.719,0.869484,0.162360
38,1B5N,83.70,0.695800,1.00,-1179.397,102.090,0.245475,0.458520
39,1B8W,81.55,0.672500,1.00,-2605.199,224.062,0.403885,0.685410
40,1B9P,69.85,0.614900,1.00,-2226.046,121.778,0.289854,0.522450
41,1B9Q,69.12,0.608100,1.00,-2258.441,109.513,0.315057,0.473680
42,1B9U,91.91,0.806300,1.00,-3025.946,94.787,0.216843,0.772640
43,1BA4,21.88,0.315500,1.00,-1675.156,306.109,1.515023,0.207050
44,1BA6,22.50,0.376300,1.00,-1586.807,278.707,1.433699,0.232010
45,1BAH,88.51,0.674800,1.00,-2557.519,178.198,0.134651,0.734440
46,1BBA,82.64,0.709500,1.00,-2778.991,160.474,0.198410,0.640730
47,1BBG,61.25,0.539500,1.00,-2872.265,195.109,0.646662,0.478300
48,1BDS,82.56,0.691200,1.00,-3175.874,219.455,0.172213,0.703780
49,1BEI,65.00,0.504500,1.00,-2441.736,184.970,0.373955,0.482910
50,1BF9,86.59,0.744700,1.00,-2459.869,207.821,0.197223,0.730950
51,1BGK,86.49,0.714700,1.00,-3122.608,151.819,0.122103,0.706090
52,1BH4,79.17,0.646000,1.00,-2078.723,243.211,0.199374,0.515030
53,1BH7,46.97,0.454500,1.00,-1883.806,252.338,0.691556,0.238920
54,1BHI,78.95,0.713000,1.00,-2370.096,169.358,0.354306,0.647610
55,1BIG,89.19,0.737500,1.00,-3083.054,147.331,0.113874,0.734440
56,1BJB,32.14,0.460100,1.00,-967.480,166.631,1.187225,0.271800
57,1BJC,32.14,0.483900,1.00,-1066.074,153.703,0.852269,0.168720
58,1BL1,52.42,0.604300,1.00,-2527.264,52.312,0.569815,0.366800
59,1BM4,57.03,0.557800,1.00,-2195.789,167.326,0.743745,0.410260
60,1BMX,64.52,0.689600,1.00,-2173.987,118.963,0.543477,0.500810
61,1BNB,82.89,0.687500,1.00,-2780.946,213.009,0.202746,0.683710
62,1BOE,82.98,0.660000,1.00,-3556.804,207.080,0.199751,0.735540
63,1BQF,74.00,0.603600,1.00,-1352.074,142.668,0.391108,0.371880
64,1BRV,70.31,0.596500,1.00,-2074.002,213.513,0.486787,0.476700
65,1BWX,49.36,0.608400,1.00,-3156.216,91.606,0.591118,0.503540
66,1BY0,75.93,0.626600,1.00,-1615.135,65.089,0.341368,0.473950
67,1BY6,48.61,0.479700,1.00,-2446.251,79.381,0.449532,0.316430
68,1BZG,61.76,0.574400,1.00,-2395.418,70.480,0.500118,0.396640
69,1C2U,39.29,0.424500,1.00,-2557.739,131.991,0.855085,0.245480
70,1C49,92.86,0.741100,1.00,-2399.320,192.675,0.103568,0.763200
71,1C4B,50.00,0.442600,1.00,-490.169,69.282,0.503017,0.279170
72,1C4E,47.86,0.425000,1.00,-1903.797,278.572,0.509277,0.412350
73,1C55,87.50,0.672500,1.00,-3197.124,213.082,0.157779,0.719250
74,1C56,86.25,0.690600,1.00,-3210.033,224.370,0.142897,0.733870
75,1C6W,38.64,0.432700,1.00,-1821.900,195.921,0.704120,0.215990
76,1CBH,98.61,0.838900,1.00,-2295.152,276.977,0.060953,0.897040
77,1CCF,85.12,0.700100,1.00,-2317.638,214.337,0.156689,0.677580
78,1CCM,90.22,0.784700,1.00,-3766.479,181.018,0.145608,0.806000
79,1CCN,91.85,0.802300,1.00,-3827.520,167.837,0.132496,0.826350
80,1CE4,59.29,0.546400,1.00,-1812.161,157.159,0.356724,0.413840
81,1CFG,72.73,0.594000,1.00,-1566.553,65.891,0.370720,0.289850
82,1CFH,30.32,0.276300,1.00,-3854.306,202.277,1.085549,0.272210
83,1CFI,62.23,0.513000,1.00,-3854.401,201.394,0.366459,0.503950
84,1CHL,86.11,0.666400,1.00,-2577.206,143.626,0.148405,0.681460
85,1CIX,79.55,0.640200,1.00,-3161.111,213.156,0.178410,0.674460
86,1CKW,69.00,0.672500,1.00,-1713.924,65.379,0.370562,0.455210
87,1CKX,81.73,0.734200,1.00,-1846.191,89.884,0.168804,0.527520
88,1CKY,49.04,0.484600,1.00,-1945.820,74.065,0.539579,0.224540
89,1CKZ,36.00,0.451000,1.00,-1684.912,55.497,0.732156,0.184550
90,1CMR,83.87,0.667400,1.00,-2314.460,152.285,0.179149,0.589300
91,1CO4,75.00,0.683200,1.00,-2783.118,216.912,0.340184,0.596590
92,1CQ0,72.32,0.653400,1.00,-1429.581,69.276,0.351812,0.452030
93,1CR8,80.36,0.686200,1.00,-2392.122,191.647,0.173544,0.678740
94,1CSA,40.91,0.312800,1.00,-617.287,5.701,0.485900,0.147490
95,1CTI,92.24,0.731500,1.00,-1920.957,149.674,0.104872,0.675670
96,1CW5,55.73,0.576800,1.00,-2728.624,220.815,0.666691,0.486420
97,1CW6,60.81,0.594100,1.00,-1871.074,171.985,0.476032,0.399760
98,1CWX,28.41,0.451200,1.00,-1474.020,242.964,0.884433,0.264080
99,1CXR,66.30,0.580100,1.00,-3695.942,158.940,0.284342,0.552700
100,1CYA,40.91,0.460400,1.00,-607.988,9.709,0.469156,0.149400
101,1CYB,47.73,0.406800,1.00,-617.849,9.587,0.449915,0.177750
102,1CZ6,78.00,0.688500,1.00,-1130.334,140.507,0.219127,0.415470
103,1D0R,73.33,0.674800,1.00,-2085.481,68.893,0.244846,0.505170
104,1D1H,88.57,0.661200,1.00,-2313.088,214.762,0.174611,0.755000
105,1D2J,78.12,0.681800,1.00,-2328.900,211.257,0.256641,0.635700
106,1D2L,78.89,0.662100,1.00,-2487.256,312.966,0.302577,0.653610
107,1D5Q,100.00,0.857300,1.00,-1940.016,87.940,0.037761,0.899880
108,1D6B,88.10,0.720100,1.00,-2941.240,220.760,0.179888,0.759210
109,1D6X,69.23,0.538700,1.00,-482.418,72.814,0.364503,0.407730
110,1DEC,75.00,0.626300,1.00,-2308.072,269.723,0.556273,0.651150
111,1DEP,85.00,0.646300,1.00,-979.998,58.482,0.241725,0.526840
112,1DF6,82.50,0.682100,1.00,-2180.368,188.918,0.149876,0.558420
113,1DFE,85.81,0.639600,1.00,-2398.677,167.940,0.353020,0.729430
114,1DFS,75.00,0.593700,1.00,-2208.790,147.993,0.227083,0.446640
115,1DFT,62.50,0.471700,1.00,-1954.624,160.566,0.325670,0.324690
116,1DGZ,84.46,0.640400,1.00,-2378.842,199.074,0.338408,0.681010
117,1DJF,90.00,0.746800,1.00,-733.890,38.449,0.265264,0.700470
118,1DKC,75.66,0.622500,1.00,-2357.639,223.860,0.208835,0.606180
119,1DL0,90.54,0.778800,1.00,-2395.585,159.001,0.119618,0.745050
120,1DMC,50.81,0.489000,1.00,-1968.165,158.776,0.605420,0.304750
121,1DMD,50.81,0.492200,1.00,-1961.558,157.589,0.603272,0.297660
122,1DME,50.00,0.478300,1.00,-1752.035,170.756,0.635331,0.245940
123,1DMF,48.21,0.479200,1.00,-1749.196,165.102,0.640009,0.241360
124,1DN3,86.67,0.740300,1.00,-772.049,26.527,0.232120,0.516020
125,1DNG,85.00,0.717200,1.00,-752.073,49.648,0.185468,0.467600
126,1DPK,37.50,0.464800,1.00,-430.809,140.647,0.558080,0.139540
127,1DPQ,48.75,0.510300,1.00,-78.816,152.874,0.570351,0.159760
128,1DSK,64.29,0.649100,1.00,-1915.588,114.539,0.419621,0.476140
129,1DSQ,91.67,0.725700,1.00,-898.845,118.572,0.176180,0.565580
130,1DSV,78.23,0.700300,1.00,-1503.508,147.913,0.186105,0.545690
131,1DTC,88.46,0.744100,1.00,-1777.465,60.273,0.205557,0.635330
132,1DU1,63.75,0.529300,1.00,-1205.537,49.448,0.502714,0.304200
133,1DU9,89.29,0.694000,1.00,-1655.431,145.944,0.151258,0.555590
134,1DV0,85.64,0.733900,1.00,-4800.396,134.859,0.265597,0.779010
135,1DVW,38.89,0.616500,1.00,-519.609,69.904,0.745187,0.222730
136,1DX7,63.02,0.640800,1.00,-3727.535,213.537,0.571764,0.541370
137,1E0G,84.38,0.675300,1.00,-4297.766,191.132,0.185285,0.741760
138,1E0L,85.14,0.756400,1.00,-2380.987,172.264,0.324987,0.704440
139,1E0M,84.46,0.745800,1.00,-2266.785,184.096,0.224670,0.696450
140,1E0N,89.81,0.720000,1.00,-1817.437,138.434,0.124083,0.582390
141,1E0Q,76.47,0.659400,1.00,-1048.375,62.143,0.214184,0.257930
142,1E4Q,83.11,0.723000,1.00,-2738.302,176.449,0.211608,0.661780
143,1E4R,74.29,0.586900,1.00,-2420.182,161.728,0.306130,0.532200
144,1E4S,77.08,0.595400,1.00,-2630.708,194.629,0.238069,0.583180
145,1E4T,75.00,0.593000,1.00,-2565.104,146.041,0.365477,0.557140
146,1E8P,91.85,0.740700,1.00,-3386.447,335.611,0.112002,0.831290
147,1E8Q,90.76,0.746000,1.00,-3417.364,328.200,0.175586,0.823170
148,1E9K,43.42,0.611600,1.00,-2492.229,158.172,0.629202,0.323090
149,1ED0,94.02,0.805000,1.00,-3500.882,140.665,0.091216,0.866950
150,1ED7,91.11,0.713500,1.00,-4268.947,219.042,0.130585,0.802660
151,1EDP,77.94,0.643800,1.00,-1256.603,61.706,0.189206,0.304540
152,1EDS,47.58,0.480700,1.00,-2156.134,87.772,0.472971,0.343170
153,1EDV,28.68,0.449300,1.00,-1400.414,219.832,0.825014,0.234360
154,1EDW,40.38,0.515500,1.00,-1782.307,110.405,0.627739,0.235520
155,1EDX,26.25,0.381300,1.00,-2176.667,226.734,1.060831,0.239370
156,1EGT,92.65,0.725500,1.00,-815.669,69.674,0.155596,0.457650
157,1EHS,56.25,0.616600,1.00,-3724.272,123.793,0.500564,0.498760
158,1EI0,98.03,0.834300,1.00,-3160.813,151.223,0.063648,0.892430
159,1EMX,78.33,0.593000,1.00,-1889.576,155.639,0.277574,0.499600
160,1EMZ,82.14,0.675400,1.00,-1559.554,22.013,0.267982,0.438650
161,1EQX,58.33,0.531100,1.00,-551.247,90.413,0.423830,0.229700
162,1ERC,91.88,0.760000,1.00,-3360.051,214.163,0.137608,0.783820
163,1ERD,39.38,0.419600,1.00,-2569.569,188.736,0.681394,0.294800
164,1ERP,94.74,0.792000,1.00,-3137.770,158.926,0.088707,0.824360
165,1ERY,92.95,0.732600,1.00,-3468.950,142.350,0.133832,0.814000
166,1ESK,70.24,0.686400,1.00,-2264.334,200.514,0.316304,0.565690
167,1EWS,92.19,0.784200,1.00,-2121.282,138.668,0.151622,0.728560
168,1EYO,87.50,0.743600,1.00,-1881.540,210.684,0.198503,0.659780
169,1EZE,61.18,0.693200,1.00,-2830.333,99.667,0.421036,0.495440
170,1F3K,85.58,0.670000,1.00,-1764.295,234.695,0.142848,0.529980
171,1F4I,90.56,0.720000,1.00,-4534.540,142.613,0.190673,0.812460
172,1F7E,85.87,0.769800,1.00,-2629.664,291.178,0.163871,0.742660
173,1F7M,82.07,0.736300,1.00,-2536.704,292.234,0.213907,0.707970
174,1F8Z,89.10,0.722900,1.00,-2171.069,206.837,0.207102,0.762860
175,1FAC,66.67,0.583200,1.00,-1411.529,50.193,0.361468,0.234030
176,1FCT,57.03,0.526000,1.00,-1621.144,123.093,0.551702,0.385570
177,1FDF,53.00,0.592200,1.00,-1799.625,55.997,0.407018,0.249780
178,1FEO,88.46,0.685800,1.00,-1463.271,113.585,0.131200,0.549190
179,1FF7,77.17,0.710200,1.00,-2715.760,252.813,0.241331,0.639380
180,1FFM,85.87,0.754700,1.00,-2635.347,244.906,0.204901,0.749870
181,1FGD,79.17,0.637300,1.00,-916.242,79.588,0.223643,0.229730
182,1FGE,70.00,0.508500,1.00,-920.618,149.772,0.296690,0.275740
183,1FJN,92.31,0.764800,1.00,-2988.694,164.945,0.130290,0.791040
184,1FME,76.79,0.658300,1.00,-2179.424,141.412,0.285102,0.446520
185,1FMY,49.38,0.496900,1.00,-2778.181,217.028,0.658014,0.376680
186,1FQQ,75.00,0.611000,1.00,-3075.431,238.090,0.241656,0.610010
187,1FRE,40.48,0.377100,1.00,-2915.429,274.309,0.677257,0.325120
188,1FRY,38.79,0.506000,1.00,-1643.681,57.454,0.788247,0.242720
189,1FSB,87.50,0.747600,1.00,-2598.747,335.261,0.185290,0.751880
190,1FSD,75.89,0.635100,1.00,-2121.889,128.689,0.289110,0.453750
191,1FSV,77.68,0.642000,1.00,-2181.518,139.478,0.247103,0.500550
192,1FU3,91.67,0.708400,1.00,-1804.865,151.083,0.109111,0.627260
193,1FU9,86.81,0.683900,1.00,-2688.184,194.044,0.266440,0.721530
194,1FUL,47.73,0.446800,1.00,-449.922,40.423,0.433892,0.239890
195,1FUV,54.55,0.471000,1.00,-463.254,35.357,0.345141,0.219670
196,1FV5,77.78,0.626000,1.00,-2536.488,200.960,0.311920,0.587800
197,1FVY,48.39,0.598400,1.00,-2485.704,68.135,0.935265,0.338410
198,1FW5,62.50,0.567900,1.00,-937.692,89.289,0.442243,0.246620
199,1FWO,76.43,0.614800,1.00,-2293.285,193.773,0.275839,0.554430
200,1FYG,93.00,0.677300,1.00,-1255.197,104.702,0.111927,0.530700
201,1G04,30.77,0.338600,1.00,-1969.014,111.140,0.850640,0.168260
202,1G26,86.29,0.738400,1.00,-2252.539,160.215,0.135301,0.634790
203,1G92,61.00,0.642600,1.00,-1596.963,71.103,0.459831,0.388970
204,1G9P,61.67,0.619700,1.00,-2508.521,290.780,0.635804,0.530650
205,1GEA,78.57,0.656000,1.00,-1412.567,65.806,0.306296,0.313200
206,1GIB,50.00,0.412600,1.00,-960.417,185.984,0.451065,0.133760
207,1GK5,71.43,0.556400,1.00,-3575.291,323.601,0.414071,0.617910
208,1GM2,93.18,0.706400,1.00,-376.124,46.429,0.168321,0.489370
209,1GNA,65.38,0.480300,1.00,-476.853,72.088,0.423343,0.170020
210,1GNB,48.08,0.501500,1.00,-468.535,76.421,0.560232,0.185320
211,1GNF,77.72,0.679300,1.00,-3253.676,226.655,0.286076,0.653710
212,1GP8,76.25,0.706000,1.00,-2902.121,76.131,0.330121,0.602610
213,1GPS,93.09,0.773800,1.00,-3128.924,172.589,0.124016,0.848890
214,1GPT,93.62,0.722100,1.00,-3101.627,199.695,0.113034,0.868970
215,1GUR,45.00,0.407000,1.00,-1955.696,307.307,0.575430,0.241970
216,1GW3,59.24,0.625900,1.00,-3378.406,145.012,0.420510,0.409700
217,1GW4,43.48,0.593500,1.00,-3499.465,125.606,0.968108,0.351020
218,1H20,54.49,0.451000,1.00,-2612.248,230.099,0.447345,0.376500
219,1H5O,77.98,0.615600,1.00,-2355.820,230.411,0.281036,0.631630
220,1H7D,35.71,0.486100,1.00,-2859.452,192.817,1.088459,0.312020
221,1H7J,44.23,0.433700,1.00,-1463.718,58.892,0.657155,0.228730
222,1HA9,83.82,0.756500,1.00,-1794.490,211.301,0.331456,0.705340
223,1HD6,97.30,0.819300,1.00,-3129.099,153.290,0.074231,0.865230
224,1HD9,75.00,0.530300,1.00,-474.881,47.715,0.272275,0.381850
225,1HEV,94.77,0.770600,1.00,-3192.789,217.224,0.130567,0.873820
226,1HFF,72.50,0.553500,1.00,-330.216,28.833,0.222136,0.356210
227,1HJ0,41.46,0.570500,1.00,-2229.844,196.969,0.670608,0.400530
228,1HLL,70.31,0.699100,1.00,-2296.926,97.358,0.336459,0.515380
229,1HLY,96.79,0.764200,1.00,-3014.541,177.906,0.095521,0.843710
230,1HN3,26.25,0.295800,1.00,-2161.354,210.103,1.363707,0.240940
231,1HNR,64.36,0.567000,1.00,-3464.014,173.867,0.290954,0.506850
232,1HNS,60.11,0.497400,1.00,-3453.911,170.205,0.389378,0.490510
233,1HO0,57.50,0.516000,1.00,-1944.215,111.003,0.548299,0.351110
234,1HO2,86.25,0.771300,1.00,-1347.151,25.344,0.159095,0.539630
235,1HO7,80.00,0.708900,1.00,-1338.265,27.784,0.202658,0.399960
236,1HO9,70.31,0.624600,1.00,-2439.650,89.915,0.363331,0.436610
237,1HOD,66.41,0.635300,1.00,-2402.190,96.085,0.404566,0.375660
238,1HOF,70.31,0.628700,1.00,-2332.416,78.311,0.296978,0.475430
239,1HP2,94.59,0.786400,1.00,-2747.051,198.564,0.086454,0.817520
240,1HP3,82.03,0.690100,1.00,-2034.172,203.167,0.286628,0.629520
241,1HP9,82.95,0.621400,1.00,-1727.389,64.075,0.189341,0.308180
242,1HPH,45.27,0.557700,1.00,-3059.731,78.430,0.809854,0.360220
243,1HPY,63.24,0.611700,1.00,-2835.312,56.022,0.375500,0.378130
244,1HRL,73.91,0.622800,1.00,-1112.352,88.400,0.559886,0.393090
245,1HTH,49.26,0.542400,1.00,-2814.665,73.576,0.953927,0.355090
246,1HTX,93.75,0.754800,1.00,-2247.676,215.606,0.091307,0.736360
247,1HU5,77.78,0.703700,1.00,-993.113,31.238,0.196670,0.380180
248,1HU6,66.67,0.606100,1.00,-880.448,33.822,0.384856,0.322760
249,1HU7,84.72,0.648900,1.00,-1048.052,34.578,0.243880,0.456720
250,1HVW,98.00,0.802900,1.00,-1511.762,100.366,0.066470,0.717640
251,1HVZ,79.17,0.685400,1.00,-1009.925,79.387,0.235226,0.298770
252,1HY9,89.02,0.778800,1.00,-2730.819,188.653,0.130905,0.778440
253,1HYK,80.98,0.662100,1.00,-3557.258,264.335,0.195480,0.699800
254,1HZ3,32.69,0.457200,1.00,-1278.635,179.601,0.626711,0.158490
255,1I25,49.32,0.506800,1.00,-1752.746,224.062,0.810171,0.378650
256,1I26,83.82,0.675200,1.00,-2224.081,165.213,0.187863,0.632270
257,1I2U,88.07,0.713600,1.00,-3342.113,173.074,0.157142,0.762520
258,1I2V,84.09,0.723500,1.00,-3360.494,178.753,0.156949,0.748160
259,1I6C,70.51,0.665100,1.00,-2173.638,226.405,0.466811,0.556290
260,1I8X,90.00,0.783000,1.00,-2137.265,148.086,0.143277,0.660550
261,1I8Y,84.82,0.668900,1.00,-1808.589,107.257,0.210243,0.550890
262,1IB9,79.41,0.667100,1.00,-1835.619,204.658,0.350164,0.596830
263,1IBN,76.25,0.690600,1.00,-1218.159,29.848,0.309746,0.431370
264,1IBO,76.25,0.635400,1.00,-1256.229,24.050,0.345854,0.347610
265,1IC9,80.17,0.674500,1.00,-2008.437,136.737,0.203345,0.534790
266,1ICA,72.50,0.606900,1.00,-2821.455,178.068,0.543102,0.588740
267,1ICL,71.55,0.585300,1.00,-1950.107,218.577,0.250770,0.474700
268,1ICO,81.90,0.667200,1.00,-1980.427,157.121,0.193357,0.498460
269,1ID6,38.33,0.433500,1.00,-919.642,29.018,0.569936,0.195900
270,1ID7,41.67,0.448100,1.00,-942.728,22.249,0.526830,0.109820
271,1IE6,36.36,0.437100,1.00,-1626.603,192.493,0.674692,0.224170
272,1IFY,85.71,0.750600,1.00,-4672.867,189.989,0.182254,0.793800
273,1IIJ,72.86,0.726400,1.00,-2504.115,77.222,0.269259,0.660320
274,1IM1,93.75,0.740500,1.00,-675.588,51.254,0.109664,0.497170
275,1IRR,77.17,0.641600,1.00,-983.772,91.036,0.336721,0.420100
276,1IVA,66.67,0.556000,1.00,-2978.822,225.381,0.709402,0.568810
277,1IWC,41.18,0.566400,1.00,-1305.486,117.026,0.773157,0.333950
278,1IWF,26.47,0.449400,1.00,-1220.752,135.881,1.153510,0.232580
279,1IXA,87.82,0.729800,1.00,-2319.293,205.306,0.167522,0.714490
280,1IXT,85.19,0.666900,1.00,-1734.733,127.255,0.156856,0.512200
281,1IXU,45.83,0.524700,1.00,-405.032,51.214,0.580912,0.215280
282,1IYC,45.83,0.467800,1.00,-1909.104,230.265,0.820780,0.341900
283,1IYT,19.05,0.334400,1.00,-1735.210,263.419,1.310350,0.191010
284,1J4M,85.71,0.679200,1.00,-636.027,65.957,0.136255,0.391590
285,1J5J,93.06,0.776000,1.00,-2743.720,170.062,0.103749,0.791310
286,1J5L,49.17,0.511500,1.00,-1998.144,167.539,0.614097,0.244160
287,1J5M,65.18,0.554100,1.00,-1618.266,216.575,0.298955,0.394350
288,1JBL,92.86,0.791700,1.00,-567.231,59.718,0.101423,0.546310
289,1JBN,91.07,0.761400,1.00,-612.834,121.157,0.101506,0.369080
290,1JDM,71.77,0.602300,1.00,-3058.784,74.202,0.397221,0.518060
291,1JI9,62.84,0.561300,1.00,-2634.593,200.590,0.395958,0.414240
292,1JJZ,82.76,0.699200,1.00,-1900.637,182.564,0.315862,0.591080
293,1JKZ,86.96,0.733100,1.00,-3677.216,185.524,0.134313,0.778890
294,1JLZ,90.22,0.727100,1.00,-1266.381,155.955,0.124878,0.441710
295,1JMN,86.41,0.703700,1.00,-3380.369,149.983,0.151572,0.752510
296,1JMP,79.35,0.678200,1.00,-3351.582,142.761,0.206217,0.705480
297,1JN7,77.08,0.687300,1.00,-2797.805,144.620,0.453077,0.636510
298,1JO5,42.71,0.631500,1.00,-3747.941,197.879,1.304021,0.442980
299,1JO6,38.33,0.522400,1.00,-2653.073,207.282,1.098261,0.323930
300,1JRF,53.19,0.469500,1.00,-2346.336,224.482,0.734873,0.448810
301,1JRJ,83.97,0.736600,1.00,-2563.265,88.700,0.281047,0.707020
302,1JU8,80.41,0.678400,1.00,-2830.702,184.176,0.224617,0.585930
303,1JY9,76.25,0.643700,1.00,-591.980,86.131,0.225424,0.277100
304,1K0P,34.68,0.403300,1.00,-1768.318,145.764,0.625017,0.196780
305,1K18,34.68,0.399000,1.00,-1835.627,155.959,0.610328,0.223200
306,1K1V,91.46,0.725600,1.00,-3454.224,104.522,0.100241,0.812610
307,1K36,82.61,0.656700,1.00,-3635.310,239.933,0.173005,0.713190
308,1K37,80.98,0.667500,1.00,-3606.448,241.350,0.174498,0.688130
309,1K43,89.29,0.676200,1.00,-638.763,64.354,0.144821,0.363510
310,1K48,85.34,0.685800,1.00,-1925.798,186.708,0.303264,0.568770
311,1K7B,79.79,0.745600,1.00,-2383.966,277.998,0.371472,0.727670
312,1K81,69.44,0.554900,1.00,-2609.396,172.810,0.317482,0.484250
313,1K91,79.05,0.750100,1.00,-1683.450,163.568,0.181703,0.594780
314,1KAL,85.34,0.734000,1.00,-1965.681,116.464,0.245296,0.605060
315,1KBE,70.41,0.572600,1.00,-3498.574,230.765,0.290748,0.591090
316,1KBF,72.96,0.581900,1.00,-3412.072,223.171,0.249330,0.601990
317,1KDL,76.09,0.663600,1.00,-1805.398,45.975,0.335414,0.339140
318,1KGM,90.71,0.713600,1.00,-1896.680,188.215,0.112313,0.705340
319,1KIO,80.00,0.669400,1.00,-1851.588,173.721,0.286733,0.599640
320,1KJ0,74.29,0.657800,1.00,-1848.910,171.074,0.306628,0.497270
321,1KJ5,81.25,0.654700,1.00,-2567.382,158.256,0.184501,0.609990
322,1KJ6,70.56,0.581900,1.00,-3060.419,181.114,0.627079,0.597920
323,1KLR,94.17,0.812200,1.00,-2014.387,127.727,0.141846,0.769850
324,1KLS,90.00,0.720100,1.00,-1891.411,137.114,0.172825,0.706440
325,1KMR,81.67,0.621200,1.00,-857.192,47.483,0.299362,0.411400
326,1KOZ,74.31,0.626300,1.00,-2370.813,229.941,0.253540,0.536020
327,1KQH,83.55,0.689400,1.00,-2783.140,267.303,0.193905,0.691150
328,1KQI,80.26,0.681300,1.00,-2635.995,292.844,0.228846,0.653130
329,1KUW,82.50,0.662000,1.00,-302.184,32.520,0.294878,0.485880
330,1KV4,75.00,0.706300,1.00,-2575.024,124.489,0.376337,0.644970
331,1KWD,81.25,0.525200,1.00,-1098.862,62.599,0.213327,0.312040
332,1KWE,73.44,0.541200,1.00,-1062.526,85.889,0.232305,0.239260
333,1KX6,45.69,0.417100,1.00,-2415.104,63.184,0.648677,0.210770
334,1KZ0,82.81,0.606800,1.00,-983.928,40.803,0.218682,0.344740
335,1KZ2,78.12,0.634500,1.00,-862.415,33.875,0.199541,0.326410
336,1KZ5,81.25,0.579500,1.00,-747.776,42.208,0.310440,0.426250
337,1L1K,37.50,0.401500,1.00,-741.685,65.354,0.812615,0.172050
338,1L2Y,92.50,0.813000,1.00,-1126.888,104.621,0.098057,0.465000
339,1L3Q,43.75,0.589700,1.00,-348.664,44.219,0.827948,0.269100
340,1L3Y,79.27,0.620300,1.00,-2633.547,263.877,0.246235,0.654050
341,1L4V,82.50,0.684900,1.00,-2746.043,199.984,0.215209,0.681450
342,1LA4,90.44,0.754400,1.00,-2287.217,154.495,0.139914,0.735390
343,1LB0,75.00,0.588000,1.00,-816.907,15.514,0.256912,0.357480
344,1LB7,98.44,0.775400,1.00,-985.090,54.889,0.067671,0.525250
345,1LBJ,76.14,0.649500,1.00,-1688.064,78.211,0.356605,0.484440
346,1LCX,75.00,0.552600,1.00,-850.645,25.432,0.253706,0.345400
347,1LDL,69.79,0.608300,1.00,-2872.108,238.474,0.314750,0.580800
348,1LDR,68.02,0.574300,1.00,-2391.345,219.545,0.345695,0.570790
349,1LFC,46.00,0.368900,1.00,-1502.769,94.655,0.618196,0.179390
350,1LGL,93.75,0.785100,1.00,-2813.434,160.607,0.096545,0.812850
351,1LIQ,48.15,0.570400,1.00,-1609.300,121.409,0.880539,0.311150
352,1LIR,93.24,0.738300,1.00,-2877.279,167.593,0.090474,0.804110
353,1LMM,71.25,0.597000,1.00,-2492.645,306.536,0.461895,0.558020
354,1LMR,75.71,0.654300,1.00,-2181.198,169.667,0.300639,0.561590
355,1LUP,79.84,0.579400,1.00,-2207.221,173.471,0.212924,0.546120
356,1LV4,35.71,0.415700,1.00,-1069.055,84.394,0.736492,0.126600
357,1LVZ,95.45,0.655900,1.00,-515.266,29.002,0.083646,0.477180
358,1LYP,80.47,0.694400,1.00,-2260.697,87.402,0.154559,0.541530
359,1M02,50.00,0.569600,1.00,-530.083,58.710,0.616145,0.276660
360,1M0G,78.33,0.598300,1.00,-2265.043,158.771,0.259866,0.521000
361,1M0J,68.75,0.533700,1.00,-1934.594,154.536,0.352692,0.340500
362,1M23,90.38,0.642100,1.00,-733.983,33.978,0.111203,0.527340
363,1M25,59.62,0.489700,1.00,-1974.125,111.165,0.533322,0.369620
364,1M2S,87.16,0.687300,1.00,-2823.980,168.534,0.129949,0.719910
365,1M36,84.09,0.725500,1.00,-2329.574,182.395,0.284799,0.677730
366,1M4E,72.50,0.589800,1.00,-1227.015,87.128,0.259716,0.226540
367,1M4F,66.00,0.539100,1.00,-1604.599,172.420,0.368383,0.295620
368,1MA2,73.53,0.532800,1.00,-889.779,75.862,0.264848,0.255420
369,1MA4,36.76,0.396700,1.00,-1220.092,59.030,0.855636,0.197190
370,1MA5,57.35,0.475800,1.00,-956.913,79.402,0.543123,0.131380
371,1MA6,44.12,0.423800,1.00,-1316.031,48.861,0.558827,0.206710
372,1MB6,94.29,0.751500,1.00,-2455.787,174.122,0.088223,0.805390
373,1MEA,60.71,0.543400,1.00,-1514.692,137.715,0.417809,0.304880
374,1MED,62.50,0.531800,1.00,-1452.820,143.935,0.446999,0.302420
375,1MEQ,68.48,0.595100,1.00,-1123.790,124.061,0.314991,0.225920
376,1MF6,72.92,0.577900,1.00,-425.653,55.927,0.338486,0.438850
377,1MGX,46.81,0.382000,1.00,-3768.394,205.926,0.737454,0.341280
378,1MHU,77.42,0.628000,1.00,-2365.872,211.329,0.255789,0.464470
379,1MKC,51.74,0.560600,1.00,-2427.046,290.266,0.593522,0.386600
380,1MM0,93.75,0.799000,1.00,-3043.119,173.447,0.099317,0.805690
381,1MMC,86.67,0.694300,1.00,-1788.036,139.458,0.143707,0.584450
382,1MOT,64.29,0.632100,1.00,-1285.986,143.643,0.530972,0.543270
383,1MPZ,37.20,0.442200,1.00,-2520.673,194.480,0.670331,0.238710
384,1MR0,93.38,0.753300,1.00,-2676.066,169.580,0.089475,0.784360
385,1MR4,91.49,0.759700,1.00,-3418.144,284.156,0.134506,0.803310
386,1MRB,75.81,0.662800,1.00,-2303.410,170.120,0.232939,0.495010
387,1MRT,66.94,0.567200,1.00,-2391.900,214.816,0.270028,0.396560
388,1MTQ,81.58,0.576100,1.00,-1193.238,63.993,0.343118,0.482130
389,1MTX,92.95,0.790600,1.00,-2983.008,167.087,0.117042,0.798410
390,1MXQ,88.64,0.794200,1.00,-665.777,24.373,0.236913,0.595260
391,1MYN,97.16,0.799300,1.00,-3343.094,166.419,0.079694,0.878350
392,1MYU,43.75,0.490600,1.00,-394.991,60.958,0.431803,0.315510
393,1MZI,51.92,0.509700,1.00,-857.672,22.979,0.378653,0.170020
394,1N0Z,77.22,0.669700,1.00,-2445.308,229.638,0.359553,0.637970
395,1N1U,93.97,0.796900,1.00,-1726.547,168.207,0.128709,0.726700
396,1N2Y,48.33,0.431100,1.00,-534.987,77.673,0.522399,0.174850
397,1N4N,95.74,0.797700,1.00,-3439.079,240.621,0.088889,0.886980
398,1N5G,30.92,0.314800,1.00,-2823.061,204.403,0.810216,0.282950
399,1N6T,75.00,0.586600,1.00,-411.158,45.204,0.298300,0.374520
400,1N8M,94.74,0.798500,1.00,-2730.911,178.596,0.114140,0.852480
401,1N9U,60.00,0.551300,1.00,-429.633,45.783,0.378867,0.288620
402,1NB1,98.28,0.838800,1.00,-1983.152,163.553,0.060470,0.826030
403,1NBJ,91.67,0.778100,1.00,-2105.324,210.691,0.233450,0.745440
404,1NBL,91.85,0.788700,1.00,-3635.862,141.321,0.113258,0.841040
405,1NC8,74.14,0.640900,1.00,-1302.471,132.407,0.499419,0.515770
406,1NCS,84.57,0.699400,1.00,-3984.325,241.067,0.214263,0.756300
407,1ND9,58.67,0.539100,1.00,-4229.989,150.139,0.341847,0.452020
408,1NE5,82.14,0.635600,1.00,-3122.624,215.265,0.255721,0.719260
409,1NIZ,78.12,0.581700,1.00,-701.219,78.492,0.273113,0.272510
410,1NJ0,75.00,0.614900,1.00,-618.683,69.991,0.258208,0.262710
411,1NJ3,89.52,0.768600,1.00,-2046.473,178.101,0.277698,0.692370
412,1NMJ,25.00,0.445100,1.00,-904.239,162.099,0.971342,0.229630
413,1NZS,35.53,0.533800,1.00,-424.088,109.570,1.018518,0.157020
414,1O53,85.00,0.655800,1.00,-826.206,21.358,0.219364,0.453460
415,1O8Y,96.43,0.729400,1.00,-594.179,102.008,0.064477,0.482330
416,1O8Z,91.07,0.712200,1.00,-552.194,74.681,0.148315,0.406990
417,1OAV,77.60,0.632100,1.00,-3018.524,218.479,0.520982,0.692970
418,1OAW,76.56,0.621400,1.00,-2966.002,237.488,0.300626,0.679760
419,1ODP,92.50,0.697100,1.00,-1497.849,48.997,0.109822,0.431260
420,1ODQ,82.50,0.690000,1.00,-1547.297,48.655,0.184081,0.416490
421,1ODR,83.75,0.614200,1.00,-1536.705,43.183,0.195150,0.366860
422,1OEF,88.54,0.700800,1.00,-1967.453,58.152,0.127354,0.485970
423,1OEG,78.26,0.659900,1.00,-1705.291,47.304,0.299733,0.402740
424,1OEI,33.33,0.426500,1.00,-545.799,140.171,0.855277,0.158830
425,1OG7,39.53,0.506000,1.00,-2339.270,171.727,0.944436,0.362900
426,1OHM,51.70,0.505800,1.00,-2642.961,138.061,0.551729,0.406290
427,1OHN,48.84,0.504600,1.00,-2313.357,163.152,0.670361,0.329600
428,1OIG,91.67,0.768400,1.00,-1347.189,117.018,0.124650,0.515570
429,1OMA,75.00,0.661200,1.00,-2659.269,309.992,0.453012,0.643290
430,1OMB,75.00,0.622000,1.00,-2641.767,311.344,0.345801,0.651330
431,1OMQ,89.06,0.688800,1.00,-913.580,43.125,0.127744,0.505720
432,1OPP,61.18,0.631100,1.00,-2924.320,81.262,0.522623,0.470380
433,1ORL,96.74,0.790900,1.00,-3274.852,216.991,0.076231,0.899070
434,1ORX,97.92,0.816200,1.00,-1588.042,127.790,0.067958,0.651790
435,1OZZ,85.23,0.732000,1.00,-3335.977,239.641,0.194973,0.743110
436,1P00,82.39,0.701500,1.00,-3387.702,210.239,0.322962,0.739950
437,1P0A,79.55,0.666300,1.00,-3476.991,225.360,0.322305,0.680790
438,1P7A,77.70,0.696900,1.00,-2398.248,167.309,0.392805,0.618740
439,1P82,79.00,0.668200,1.00,-1451.905,62.517,0.316759,0.481010
440,1P83,56.00,0.610900,1.00,-1441.715,52.982,0.666685,0.327650
441,1P8B,91.22,0.776200,1.00,-2734.598,245.596,0.138780,0.750820
442,1P9C,55.56,0.588900,1.00,-2431.272,158.386,0.517810,0.397280
443,1P9F,82.50,0.644900,1.00,-609.066,18.162,0.330915,0.429370
444,1P9Z,82.93,0.682600,1.00,-3080.056,230.852,0.264519,0.725390
445,1PAA,92.50,0.701500,1.00,-2176.576,157.368,0.193536,0.727970
446,1PB5,95.71,0.811500,1.00,-1886.999,288.187,0.080339,0.832860
447,1PDC,81.11,0.679600,1.00,-4030.733,239.187,0.259829,0.669990
448,1PGY,72.34,0.627800,1.00,-4995.285,136.392,0.342130,0.614580
449,1PJV,90.62,0.737700,1.00,-2459.598,122.759,0.110467,0.681850
450,1PLP,63.00,0.690800,1.00,-1383.090,83.962,0.655639,0.326290
451,1PMC,84.03,0.702000,1.00,-2008.536,182.953,0.254977,0.646670
452,1PNH,94.35,0.746600,1.00,-2185.346,128.656,0.091617,0.749760
453,1PP5,52.38,0.542100,1.00,-847.101,104.523,0.554310,0.168620
454,1PSM,61.84,0.604100,1.00,-2837.338,48.681,0.503362,0.488590
455,1PSV,73.21,0.646800,1.00,-2227.830,140.095,0.283059,0.467780
456,1PT4,98.28,0.829700,1.00,-1932.247,229.927,0.069075,0.770200
457,1PV0,90.76,0.708400,1.00,-4677.625,167.522,0.244943,0.821320
458,1PVZ,80.65,0.658700,1.00,-2241.361,118.404,0.318413,0.588670
459,1PX9,82.14,0.627800,1.00,-3017.337,216.807,0.222065,0.669630
460,1PXQ,39.29,0.373800,1.00,-2301.042,74.037,0.643518,0.291440
461,1Q01,28.29,0.406400,1.00,-1239.646,196.379,1.066667,0.218110
462,1Q2F,47.66,0.606000,1.00,-2369.383,77.548,0.639979,0.304920
463,1Q2I,46.88,0.488500,1.00,-2486.795,74.836,0.727335,0.264700
464,1Q2J,73.86,0.556900,1.00,-1234.431,169.574,0.245176,0.233020
465,1Q2K,94.35,0.778100,1.00,-2010.143,126.121,0.084022,0.782660
466,1Q3J,75.00,0.600800,1.00,-2112.493,181.827,0.301003,0.573520
467,1Q3M,55.61,0.544500,1.00,-3642.462,271.771,0.927038,0.486560
468,1Q3Y,48.21,0.453500,1.00,-2315.493,238.965,0.909378,0.392190
469,1Q3Z,46.43,0.459900,1.00,-2239.120,232.507,0.760210,0.375080
470,1Q71,60.71,0.554400,1.00,-945.845,108.067,0.632735,0.291410
471,1QCM,84.09,0.710400,1.00,-347.426,31.502,0.294829,0.470250
472,1QDP,45.24,0.411800,1.00,-3097.620,271.604,0.557478,0.313810
473,1QFD,89.84,0.754600,1.00,-2235.978,193.889,0.097538,0.710840
474,1QG9,85.71,0.725200,1.00,-1685.726,49.149,0.276808,0.481550
475,1QGM,86.67,0.762400,1.00,-2106.981,189.050,0.140728,0.604460
476,1QHK,75.53,0.628600,1.00,-4146.402,160.553,0.247168,0.607010
477,1QJK,64.58,0.530000,1.00,-2640.654,180.600,0.601545,0.496790
478,1QJL,67.86,0.577100,1.00,-1815.774,171.187,0.280946,0.340990
479,1QK6,90.15,0.733600,1.00,-2164.152,168.824,0.111797,0.729090
480,1QK7,89.06,0.677800,1.00,-2317.277,189.056,0.208213,0.683860
481,1QKY,85.53,0.708700,1.00,-2976.565,177.744,0.131269,0.718860
482,1QLO,55.15,0.591000,1.00,-2508.716,113.161,0.502588,0.342140
483,1QWP,79.55,0.649000,1.00,-326.598,29.833,0.265086,0.450340
484,1QXC,47.73,0.450100,1.00,-336.697,36.996,0.420916,0.304710
485,1QYT,75.00,0.630600,1.00,-362.593,29.533,0.263138,0.311920
486,1R02,41.67,0.476000,1.00,-1817.666,227.422,0.658687,0.265040
487,1R1F,72.30,0.569100,1.00,-2590.045,204.837,0.378558,0.517470
488,1R7C,73.39,0.744400,1.00,-2727.464,61.305,0.331480,0.555970
489,1R7D,73.39,0.713800,1.00,-2672.442,83.552,0.318923,0.564980
490,1R7E,82.26,0.720800,1.00,-2703.884,68.282,0.199368,0.600080
491,1R7F,70.97,0.613600,1.00,-2616.634,59.643,0.295516,0.461940
492,1R7G,74.19,0.694100,1.00,-2719.876,66.866,0.324819,0.547150
493,1R8T,56.67,0.505200,1.00,-602.827,76.030,0.453186,0.191550
494,1R9I,59.09,0.459400,1.00,-1355.410,113.897,0.543254,0.226780
495,1RES,72.09,0.580100,1.00,-3842.006,140.925,0.471429,0.605230
496,1RET,69.19,0.553200,1.00,-3923.925,117.790,0.445856,0.533560
497,1RG3,75.00,0.642500,1.00,-1132.046,56.698,0.347586,0.345010
498,1RG4,81.25,0.666400,1.00,-1130.606,46.886,0.234400,0.351430
499,1RIJ,89.13,0.729100,1.00,-1335.096,59.113,0.130548,0.421120
500,1RIK,89.66,0.735200,1.00,-2232.796,112.516,0.133137,0.690900
501,1RIM,82.58,0.689900,1.00,-2347.789,134.933,0.228519,0.624150
502,1RJI,79.03,0.633900,1.00,-2262.558,137.258,0.268096,0.488740
503,1RKL,59.72,0.620600,1.00,-2821.008,95.317,0.661600,0.476880
504,1RMK,50.81,0.460900,1.00,-2839.307,150.377,0.604939,0.285150
505,1RO3,44.90,0.431800,1.00,-2660.894,290.859,0.584330,0.342350
506,1ROO,67.86,0.539900,1.00,-2453.683,205.037,0.270648,0.481340
507,1RPB,41.67,0.420100,1.00,-1302.343,69.991,0.593521,0.110280
508,1RPC,44.05,0.442800,1.00,-1296.953,92.456,0.582354,0.138280
509,1RSW,31.25,0.449300,1.00,-254.013,68.768,0.803063,0.090090
510,1RSX,39.58,0.503700,1.00,-205.791,69.266,0.733723,0.147810
511,1RT0,33.33,0.472700,1.00,-235.310,54.890,0.770118,0.056290
512,1S4H,46.15,0.515400,1.00,-128.526,96.986,0.542534,0.225320
513,1S4J,34.62,0.487500,1.00,-143.236,84.888,0.671402,0.137800
514,1S4T,48.81,0.532200,1.00,-1293.332,111.706,0.726640,0.105160
515,1S4W,41.25,0.445000,1.00,-470.637,138.918,0.575139,0.186480
516,1S6W,69.05,0.574500,1.00,-1334.264,116.432,0.295220,0.242140
517,1S6X,87.50,0.734700,1.00,-2498.619,172.651,0.165208,0.680470
518,1SBU,59.09,0.582000,1.00,-382.720,45.680,0.572408,0.364800
519,1SCO,82.24,0.674000,1.00,-2842.030,209.599,0.158134,0.651490
520,1SH1,79.69,0.680400,1.00,-2809.568,232.449,0.450736,0.685030
521,1SKH,76.67,0.631200,1.00,-2111.542,87.012,0.305642,0.504830
522,1SMZ,69.44,0.722700,1.00,-1813.770,44.779,0.316732,0.393350
523,1SOL,67.50,0.530000,1.00,-879.061,79.414,0.521460,0.295120
524,1SP1,85.34,0.686400,1.00,-1899.543,82.499,0.231081,0.657000
525,1SP2,91.94,0.699200,1.00,-2082.460,151.881,0.175610,0.764490
526,1SP7,89.58,0.704700,1.00,-1901.269,90.324,0.225118,0.634530
527,1SPF,82.86,0.783600,1.00,-2352.516,86.228,0.318588,0.690800
528,1SPW,91.03,0.729500,1.00,-2964.158,223.430,0.139829,0.770480
529,1SRB,64.29,0.490600,1.00,-1613.898,82.006,0.532001,0.210940
530,1SRK,75.00,0.689600,1.00,-2317.689,138.393,0.518653,0.597380
531,1SSL,69.27,0.599100,1.00,-3781.740,226.961,0.309621,0.587900
532,1SUT,28.41,0.410200,1.00,-892.807,153.392,0.667781,0.144980
533,1SX0,94.32,0.741700,1.00,-1043.881,109.207,0.128397,0.562760
534,1SX1,94.32,0.713600,1.00,-1047.209,116.992,0.126702,0.461770
535,1T0C,23.39,0.491300,1.00,-866.029,174.436,1.202590,0.151380
536,1T2Y,43.00,0.496000,1.00,-1314.750,123.657,0.727459,0.187480
537,1T5M,53.85,0.532800,1.00,-283.763,107.993,0.297718,0.232600
538,1T5N,50.00,0.491600,1.00,-268.353,85.357,0.520907,0.252270
539,1T5Q,77.50,0.745400,1.00,-2301.168,62.680,0.232007,0.534490
540,1T9E,50.00,0.605600,1.00,-397.553,49.458,1.038664,0.265310
541,1TI5,89.13,0.725800,1.00,-3552.623,185.494,0.120644,0.814160
542,1TM6,59.09,0.479400,1.00,-1053.200,126.418,0.437330,0.253180
543,1TMR,92.11,0.745100,1.00,-1058.697,109.013,0.100194,0.398800
544,1TOR,65.00,0.519800,1.00,-352.725,35.278,0.326700,0.368120
545,1TOS,72.50,0.621500,1.00,-262.001,40.787,0.459574,0.418330
546,1TSK,92.86,0.722500,1.00,-2410.367,199.661,0.098558,0.752420
547,1TV0,79.69,0.607400,1.00,-2113.116,174.490,0.219736,0.582390
548,1TYK,74.26,0.594700,1.00,-2453.731,191.706,0.233073,0.524550
549,1U0P,54.63,0.442700,1.00,-1719.479,131.350,0.678580,0.326120
550,1U57,58.33,0.688400,1.00,-3008.439,102.059,0.551982,0.503720
551,1U6U,70.59,0.610400,1.00,-856.232,65.438,0.249861,0.269430
552,1U6V,75.00,0.544500,1.00,-754.460,80.005,0.232569,0.196870
553,1U85,75.76,0.738000,1.00,-2384.510,116.699,0.347769,0.565440
554,1U86,82.14,0.716300,1.00,-2489.970,176.699,0.331458,0.642070
555,1UAO,92.50,0.771600,1.00,-358.394,96.710,0.149766,0.522700
556,1UJL,39.29,0.481300,1.00,-2219.230,168.475,0.746111,0.325210
557,1UT3,90.79,0.698900,1.00,-3022.967,208.408,0.121304,0.787580
558,1UYA,48.44,0.471700,1.00,-649.959,102.751,0.614233,0.268230
559,1UYB,53.12,0.476900,1.00,-672.805,96.499,0.409154,0.183190
560,1V1D,81.45,0.734200,1.00,-2392.366,112.093,0.172287,0.594530
561,1V28,83.70,0.696600,1.00,-1097.608,108.495,0.325920,0.488190
562,1V4Z,73.68,0.671600,1.00,-1000.927,64.751,0.451487,0.435010
563,1V50,73.68,0.623300,1.00,-939.382,79.836,0.305773,0.301170
564,1V5A,89.29,0.714800,1.00,-1718.534,119.293,0.147389,0.582510
565,1V6R,69.05,0.531900,1.00,-1498.872,90.917,0.462977,0.224040
566,1V92,87.50,0.744200,1.00,-4707.822,100.378,0.139005,0.776090
567,1VA1,80.41,0.663100,1.00,-2299.462,147.121,0.276924,0.648120
568,1VA2,89.52,0.674300,1.00,-2093.291,148.470,0.135212,0.674140
569,1VA3,89.66,0.658400,1.00,-1831.115,138.562,0.176780,0.680830
570,1VB8,88.33,0.742400,1.00,-2193.860,227.987,0.244672,0.664120
571,1VD7,70.65,0.520400,1.00,-1601.306,52.048,0.397306,0.341180
572,1VD8,63.04,0.468800,1.00,-1821.177,62.865,0.413844,0.300430
573,1VD9,75.00,0.601900,1.00,-1767.178,53.945,0.420488,0.454170
574,1VDA,59.78,0.552000,1.00,-1715.400,50.951,0.719993,0.311450
575,1VDB,80.43,0.738900,1.00,-1589.882,46.707,0.191320,0.508810
576,1VII,81.25,0.675000,1.00,-3221.125,76.059,0.218365,0.633950
577,1VPC,60.00,0.634100,1.00,-3263.708,113.925,0.421211,0.545840
578,1VPU,41.67,0.450700,1.00,-2806.724,254.043,0.717340,0.357100
579,1VQX,35.53,0.540200,1.00,-463.055,110.311,0.941709,0.137610
580,1VTP,74.04,0.702000,1.00,-1841.802,33.369,0.327621,0.458450
581,1VTX,83.33,0.650700,1.00,-2562.722,174.548,0.201067,0.714970
582,1W1N,66.67,0.575700,1.00,-2359.597,164.017,0.350009,0.505980
583,1W4E,93.09,0.755200,1.00,-4015.621,152.436,0.131022,0.847310
584,1W4F,89.36,0.754200,1.00,-3789.033,144.918,0.206516,0.801610
585,1W4G,89.89,0.755000,1.00,-3801.244,138.185,0.241810,0.824640
586,1W4H,89.36,0.774700,1.00,-3500.316,193.113,0.290391,0.815260
587,1WAZ,64.13,0.586400,1.00,-4137.908,164.763,0.398065,0.436610
588,1WCT,53.85,0.572400,1.00,-383.396,59.758,0.415361,0.207790
589,1WM7,68.10,0.618700,1.00,-1867.821,145.983,0.304591,0.336690
590,1WM8,68.75,0.526800,1.00,-1653.051,111.500,0.299330,0.353220
591,1WMT,88.41,0.722400,1.00,-3150.672,239.579,0.157301,0.769620
592,1WN4,64.29,0.620100,1.00,-1221.899,102.023,0.579629,0.385380
593,1WN8,70.45,0.581800,1.00,-1262.189,63.889,0.404065,0.375180
594,1WNK,92.39,0.744400,1.00,-1775.594,45.905,0.139470,0.587150
595,1WNM,95.65,0.711500,1.00,-1744.132,49.986,0.090666,0.604430
596,1WNN,90.22,0.714600,1.00,-1695.809,55.102,0.256681,0.544500
597,1WO3,69.00,0.579000,1.00,-1318.156,65.264,0.319797,0.339930
598,1WO4,66.00,0.559400,1.00,-1399.907,98.145,0.373039,0.352690
599,1WO5,41.00,0.546700,1.00,-1533.466,37.527,0.903165,0.245030
600,1WO6,61.00,0.508100,1.00,-1503.924,75.946,0.376312,0.304070
601,1WO7,68.00,0.497600,1.00,-1541.648,123.495,0.402373,0.322970
602,1WO9,77.86,0.705600,1.00,-1632.455,165.261,0.337999,0.609060
603,1WPD,63.24,0.523300,1.00,-2451.166,137.157,0.478260,0.372200
604,1WQB,85.94,0.705600,1.00,-2078.718,154.194,0.188217,0.637230
605,1WQC,83.65,0.652000,1.00,-1767.607,83.673,0.192584,0.434310
606,1WQD,72.22,0.670100,1.00,-1995.970,109.061,0.580320,0.399690
607,1WQE,95.65,0.751400,1.00,-1488.640,58.072,0.082507,0.574560
608,1WQK,88.10,0.757100,1.00,-3696.770,264.740,0.241179,0.768050
609,1WR3,82.64,0.716200,1.00,-2299.932,152.821,0.244131,0.653710
610,1WR4,88.89,0.773900,1.00,-2245.343,149.637,0.161369,0.732000
611,1WR7,79.88,0.680100,1.00,-2817.721,203.495,0.422990,0.695420
612,1WT7,73.17,0.617000,1.00,-3142.719,192.671,0.408825,0.586100
613,1WT8,83.06,0.647300,1.00,-2297.255,127.798,0.240756,0.570690
614,1WXN,81.55,0.696500,1.00,-3609.689,226.673,0.202860,0.687310
615,1WZ4,53.26,0.582300,1.00,-1511.938,60.986,0.465235,0.278320
616,1WZ5,66.43,0.499000,1.00,-2200.732,223.755,0.341010,0.459230
617,1X22,73.21,0.715900,1.00,-2190.179,110.620,0.321024,0.600670
618,1X32,38.30,0.428800,1.00,-3281.528,206.771,0.771327,0.285110
619,1X5V,84.56,0.647300,1.00,-2445.244,167.514,0.178818,0.591860
620,1X7K,72.37,0.566100,1.00,-1091.841,160.216,0.315628,0.313190
621,1XBH,57.69,0.473100,1.00,-649.030,72.629,0.326152,0.240040
622,1XC0,65.91,0.649700,1.00,-2039.056,96.554,0.369204,0.502260
623,1XF7,88.79,0.738200,1.00,-1843.244,133.951,0.251242,0.671370
624,1XOO,78.75,0.746300,1.00,-1380.108,24.776,0.216506,0.314440
625,1XOP,77.50,0.667100,1.00,-1354.441,31.462,0.218950,0.305350
626,1XRZ,89.17,0.743800,1.00,-1796.451,137.351,0.264897,0.714240
627,1XT7,53.85,0.577900,1.00,-339.738,98.222,0.610425,0.239510
628,1XUT,70.11,0.577200,1.00,-3638.392,266.577,0.372192,0.622360
629,1XV3,44.15,0.546000,1.00,-3122.861,217.414,1.006367,0.335660
630,1XXZ,65.91,0.492000,1.00,-372.767,76.960,0.232708,0.228140
631,1XY4,43.75,0.448200,1.00,-684.279,35.637,0.617627,0.085370
632,1XY6,62.50,0.547100,1.00,-533.166,58.573,0.392127,0.262410
633,1XY8,69.23,0.502400,1.00,-722.408,70.888,0.246411,0.319150
634,1XY9,54.55,0.437500,1.00,-481.581,47.017,0.303076,0.262970
635,1Y03,77.86,0.771200,1.00,-1408.059,58.888,0.294540,0.630790
636,1Y04,57.86,0.796700,1.00,-1449.639,47.069,0.716064,0.458020
637,1Y1B,84.90,0.701500,1.00,-3646.573,173.377,0.205225,0.748350
638,1Y1C,82.29,0.708000,1.00,-3778.089,202.669,0.235330,0.714950
639,1Y29,91.96,0.719600,1.00,-1768.382,128.945,0.102170,0.657200
640,1Y2P,88.24,0.686600,1.00,-2209.751,192.552,0.150236,0.677570
641,1Y32,87.50,0.690300,1.00,-1335.324,58.658,0.220522,0.514610
642,1Y4E,49.07,0.548100,1.00,-1810.807,104.525,0.508301,0.216050
643,1Y5C,75.00,0.472600,1.00,-473.502,36.910,0.309722,0.371650
644,1YIU,91.89,0.789400,1.00,-2367.120,198.647,0.165476,0.776150
645,1YMZ,77.91,0.723700,1.00,-2641.772,264.681,0.398066,0.674590
646,1YP8,84.85,0.721500,1.00,-2298.709,176.270,0.131288,0.654030
647,1YT6,80.00,0.609100,1.00,-427.024,43.746,0.194098,0.357110
648,1YTR,61.54,0.537000,1.00,-1756.814,54.767,0.658861,0.285710
649,1YV8,85.87,0.720700,1.00,-3746.300,174.512,0.160218,0.769990
650,1YVA,90.76,0.730400,1.00,-3655.758,215.243,0.141554,0.810230
651,1YWJ,65.85,0.617000,1.00,-2242.866,280.691,0.742353,0.544670
652,1YYB,81.48,0.721600,1.00,-1737.062,69.129,0.246072,0.555530
653,1Z0Q,22.02,0.338800,1.00,-1873.477,281.460,1.372882,0.297230
654,1Z2T,71.74,0.584700,1.00,-1828.698,69.604,0.428077,0.376600
655,1Z65,72.50,0.602000,1.00,-2248.835,74.712,0.374895,0.491780
656,1Z6V,47.45,0.456400,1.00,-3499.435,255.939,0.889139,0.393160
657,1Z6W,27.04,0.322400,1.00,-3706.448,194.744,1.244199,0.244640
658,1Z99,75.00,0.615600,1.00,-2377.627,198.208,0.409260,0.604260
659,1ZA8,89.52,0.727800,1.00,-2250.892,195.548,0.204088,0.704770
660,1ZAQ,58.52,0.568900,1.00,-3309.479,222.904,0.618170,0.446650
661,1ZDA,79.61,0.668600,1.00,-2951.915,100.099,0.378113,0.665340
662,1ZDB,77.63,0.701100,1.00,-2906.069,108.544,0.353110,0.615340
663,1ZFD,91.41,0.778500,1.00,-2072.318,136.394,0.115384,0.720060
664,1ZFU,84.38,0.694700,1.00,-2815.305,194.555,0.170093,0.718220
665,1ZJQ,82.35,0.687400,1.00,-2495.917,183.296,0.181906,0.590080
666,1ZNM,83.04,0.696500,1.00,-2077.998,85.369,0.143133,0.473710
667,1ZNU,96.55,0.775800,1.00,-1978.889,175.888,0.075327,0.778850
668,1ZR7,90.00,0.788100,1.00,-1884.574,130.364,0.186570,0.731450
669,1ZRV,74.00,0.654900,1.00,-1716.036,72.864,0.295355,0.357190
670,1ZRW,65.00,0.612800,1.00,-1646.979,66.421,0.414015,0.342210
671,1ZRX,55.36,0.707000,1.00,-2415.020,72.039,0.607693,0.425730
672,1ZTA,81.43,0.675900,1.00,-2779.896,96.583,0.248831,0.700640
673,1ZTN,25.00,0.380600,1.00,-801.492,255.671,0.974614,0.207490
674,1ZTO,57.43,0.567800,1.00,-2062.271,171.021,0.452539,0.394490
675,1ZUE,75.60,0.591100,1.00,-2968.594,233.316,0.764494,0.649600
676,1ZUF,69.05,0.541200,1.00,-2982.115,277.526,0.755705,0.571260
677,1ZUV,82.50,0.646100,1.00,-1966.986,168.942,0.282334,0.576780
678,1ZWA,41.18,0.553300,1.00,-2777.702,54.117,0.936414,0.306840
679,1ZWB,47.92,0.562500,1.00,-3103.432,52.652,1.021021,0.409430
680,1ZWC,45.95,0.596000,1.00,-3085.041,65.474,0.709516,0.369470
681,1ZWD,43.57,0.568500,1.00,-2989.844,73.364,0.690242,0.325010
682,1ZWE,47.79,0.542400,1.00,-2874.789,54.083,0.702409,0.381570
683,1ZWU,86.67,0.712700,1.00,-1833.792,145.018,0.132295,0.597660
684,2A1C,75.00,0.550400,1.00,-1310.853,48.005,0.324811,0.319890
685,2A2B,42.07,0.558500,1.00,-2249.103,160.163,0.958018,0.381380
686,2A2V,89.71,0.725000,1.00,-2220.091,191.804,0.171970,0.714840
687,2A51,85.90,0.732500,1.00,-2505.509,189.916,0.143758,0.670740
688,2AAP,86.76,0.677700,1.00,-2517.004,175.534,0.164444,0.716230
689,2AB3,87.07,0.696500,1.00,-1810.753,127.875,0.169678,0.610760
690,2AB7,94.83,0.729700,1.00,-1868.262,144.653,0.101632,0.692960
691,2AB9,29.84,0.350000,1.00,-1538.374,152.258,1.072559,0.209540
692,2ADX,51.25,0.515900,1.00,-2602.332,263.168,0.536306,0.342670
693,2AJJ,84.82,0.692800,1.00,-2206.339,40.624,0.157800,0.587900
694,2AJM,85.71,0.697200,1.00,-2068.425,57.672,0.210217,0.594830
695,2AJN,89.29,0.713100,1.00,-2210.891,42.620,0.162980,0.648520
696,2AJO,86.61,0.702900,1.00,-2098.344,62.126,0.211620,0.636480
697,2AJW,80.68,0.700200,1.00,-1110.521,129.099,0.295842,0.398360
698,2AK0,67.39,0.650400,1.00,-1219.698,140.868,0.319326,0.383520
699,2AMN,56.73,0.612700,1.00,-1931.593,59.113,0.505469,0.328190
700,2AP7,88.75,0.812600,1.00,-1034.049,21.396,0.160931,0.473850
701,2AP8,87.50,0.770800,1.00,-1094.631,24.507,0.233887,0.485960
702,2ARI,57.05,0.565700,1.00,-2361.230,54.743,0.724954,0.469200
703,2ATG,79.17,0.677100,1.00,-902.228,93.976,0.242906,0.352560
704,2AXK,84.87,0.701200,1.00,-3060.541,201.387,0.138761,0.677010
705,2B0Y,73.53,0.549600,1.00,-919.715,59.014,0.330449,0.341320
706,2B19,59.72,0.628300,1.00,-1929.455,167.588,0.348993,0.401470
707,2B38,88.71,0.732300,1.00,-2050.405,149.950,0.131339,0.670990
708,2B4N,53.57,0.555500,1.00,-3112.751,102.919,0.891729,0.469910
709,2B5B,30.56,0.398000,1.00,-2403.611,187.312,0.939434,0.224900
710,2B5P,61.36,0.478800,1.00,-540.299,52.779,0.271181,0.294280
711,2B5Q,65.91,0.495800,1.00,-565.915,56.296,0.377564,0.228460
712,2B68,87.21,0.718400,1.00,-3069.212,232.292,0.172619,0.751430
713,2B9K,69.68,0.599800,1.00,-3918.561,287.014,0.647965,0.524440
714,2BAI,39.06,0.352400,1.00,-2384.702,116.952,0.886621,0.217280
715,2BAO,87.50,0.680600,1.00,-467.785,19.847,0.138186,0.452610
716,2BAU,82.50,0.627000,1.00,-537.199,15.626,0.258522,0.416240
717,2BBG,63.12,0.547800,1.00,-2948.758,147.121,0.673536,0.499330
718,2BBL,36.36,0.471900,1.00,-669.400,159.879,0.876361,0.155840
719,2BBP,31.82,0.507300,1.00,-706.324,146.258,1.086114,0.155780
720,2BBX,83.16,0.716000,1.00,-2667.901,219.623,0.215011,0.736950
723,2BDS,80.81,0.648900,1.00,-3272.175,220.787,0.180825,0.668100
724,2BEY,73.44,0.654000,1.00,-521.181,80.237,0.530815,0.254790
725,2BL6,45.95,0.459600,1.00,-2171.449,152.913,0.659158,0.304240
726,2BMT,98.65,0.779500,1.00,-3098.143,184.737,0.060925,0.890910
727,2BN6,76.52,0.610000,1.00,-2657.462,106.138,0.259576,0.548400
728,2BP4,29.69,0.422700,1.00,-527.372,101.909,0.554045,0.166400
729,2BTG,88.83,0.752400,1.00,-3774.696,174.366,0.241236,0.798900
730,2BTH,86.70,0.744500,1.00,-3747.224,177.485,0.278177,0.763040
731,2C6A,82.61,0.701900,1.00,-3197.144,226.674,0.343076,0.703080
732,2C6B,84.24,0.733500,1.00,-3097.847,255.219,0.231212,0.718480
733,2CBH,99.31,0.845600,1.00,-2306.628,192.366,0.056912,0.899800
734,2CEF,32.89,0.489700,1.00,-621.814,103.735,0.765261,0.048880
735,2CEH,38.16,0.524800,1.00,-625.660,114.744,0.814937,0.134710
736,2CEZ,34.21,0.526500,1.00,-623.059,107.237,0.721945,0.119010
737,2CFJ,36.84,0.551400,1.00,-592.046,140.356,0.876039,0.201810
738,2CK4,85.53,0.734700,1.00,-2691.301,197.086,0.127191,0.708140
739,2CK5,87.90,0.722900,1.00,-2067.163,164.198,0.142242,0.621130
740,2CQ7,75.51,0.727900,1.00,-2852.317,218.243,0.379221,0.646570
741,2CRD,92.57,0.731400,1.00,-2927.211,180.950,0.117727,0.779350
742,2CSA,34.21,0.525300,1.00,-498.987,116.281,1.042035,0.128100
743,2CTI,94.83,0.751100,1.00,-1934.204,133.649,0.085171,0.727240
744,2CYU,76.88,0.583400,1.00,-3175.295,102.810,0.379784,0.630210
745,2DCI,58.75,0.593400,1.00,-1156.526,58.341,0.409634,0.221350
746,2DCO,42.65,0.398500,1.00,-2804.278,178.891,0.849241,0.284950
747,2DCV,84.52,0.694300,1.00,-2907.657,245.207,0.223481,0.722640
748,2DCW,85.71,0.672700,1.00,-3003.005,307.605,0.167786,0.718430
749,2DDL,68.94,0.613400,1.00,-2669.817,109.632,0.345612,0.402680
750,2DI2,70.69,0.665900,1.00,-1305.117,141.522,0.404762,0.521850
751,2DJ9,75.00,0.654600,1.00,-1123.810,110.692,0.369650,0.383390
752,2DJC,79.35,0.733700,1.00,-1096.269,132.469,0.440001,0.408420
753,2DMV,73.26,0.731500,1.00,-2417.667,190.665,0.621408,0.618980
754,2DQ5,83.51,0.691000,1.00,-3323.623,269.990,0.215581,0.727750
755,2DTB,85.58,0.758000,1.00,-1813.460,52.124,0.164781,0.581720
756,2DWF,73.53,0.575400,1.00,-3034.876,141.924,0.301546,0.534910
757,2DX2,84.09,0.631700,1.00,-625.796,21.680,0.244180,0.367300
758,2DX3,77.78,0.631800,1.00,-1105.004,37.659,0.176220,0.270450
759,2DX4,36.11,0.369900,1.00,-1132.548,29.927,0.844715,0.155980
760,2E1X,69.44,0.635700,1.00,-1194.618,193.408,0.492668,0.432140
761,2E2F,85.37,0.704700,1.00,-3199.030,196.526,0.146842,0.729550
762,2E3E,48.89,0.507400,1.00,-3205.763,244.757,0.733824,0.372600
763,2E3F,56.40,0.520400,1.00,-2924.224,295.790,0.722979,0.437330
764,2E3G,65.00,0.557300,1.00,-3161.197,191.844,0.508667,0.499770
765,2E4E,97.50,0.781200,1.00,-345.865,31.945,0.063941,0.613090
766,2E5T,83.70,0.608600,1.00,-3711.250,145.630,0.133865,0.737250
767,2E5U,48.75,0.592000,1.00,-2716.222,144.959,0.561758,0.398690
768,2E72,67.86,0.668800,1.00,-2608.854,251.631,0.793476,0.594790
769,2EBQ,74.47,0.716800,1.00,-2339.138,273.568,0.392317,0.609440
770,2EBR,67.02,0.683300,1.00,-2210.232,290.404,0.796754,0.578820
771,2EC7,66.84,0.590900,1.00,-2651.030,259.834,0.371651,0.547790
772,2EEM,91.18,0.787300,1.00,-2777.654,133.616,0.097824,0.749220
773,2EFZ,67.19,0.580200,1.00,-981.755,69.434,0.380841,0.268640
774,2EKK,91.49,0.785800,1.00,-4089.841,145.001,0.267134,0.830540
775,2EL4,67.93,0.783700,1.00,-2189.514,202.918,0.717918,0.566380
776,2EL5,72.02,0.738700,1.00,-2111.552,167.002,0.766422,0.639100
777,2EL6,67.39,0.693400,1.00,-2339.659,230.126,0.467014,0.572770
778,2ELM,75.00,0.728600,1.00,-2152.000,183.299,0.514975,0.625100
779,2ELN,80.26,0.796800,1.00,-2282.707,144.052,0.511283,0.684870
780,2ELO,77.03,0.726900,1.00,-2193.958,203.025,0.329892,0.588040
781,2ELP,79.05,0.745800,1.00,-2452.534,196.649,0.379882,0.627980
782,2ELQ,80.56,0.747900,1.00,-1878.449,165.336,0.405865,0.671550
783,2ELR,75.00,0.749900,1.00,-1638.537,145.031,0.811071,0.660990
784,2ELS,80.56,0.791000,1.00,-2294.372,154.945,0.428197,0.711120
785,2ELT,79.17,0.797500,1.00,-1933.308,158.857,0.530410,0.690500
786,2ELU,77.03,0.713100,1.00,-1938.581,206.941,0.531602,0.632840
787,2ELV,80.56,0.741900,1.00,-1993.457,193.641,0.489053,0.659340
788,2ELW,77.70,0.717100,1.00,-2030.198,195.034,0.400218,0.611760
789,2ELX,90.71,0.813200,1.00,-2014.657,133.111,0.190878,0.779550
790,2ELY,61.41,0.734000,1.00,-2116.550,203.996,0.972773,0.533520
791,2ELZ,65.22,0.713700,1.00,-2148.540,185.144,0.794280,0.579110
792,2EM0,64.13,0.670900,1.00,-2292.376,227.493,0.793172,0.557110
793,2EM1,74.43,0.776200,1.00,-2148.551,179.768,0.446437,0.645260
794,2EM2,64.67,0.721400,1.00,-2185.919,236.963,0.666971,0.575090
795,2EM3,63.59,0.736800,1.00,-2125.143,254.692,1.033635,0.573030
796,2EM4,61.96,0.732000,1.00,-2026.784,236.317,0.837580,0.527540
797,2EM5,67.39,0.734700,1.00,-2062.292,217.190,0.717106,0.566640
798,2EM6,70.11,0.756000,1.00,-2097.959,223.834,0.567118,0.620460
799,2EM7,66.85,0.704100,1.00,-2178.300,153.322,0.810905,0.559400
800,2EM8,64.13,0.733400,1.00,-2090.875,229.399,1.046194,0.581780
801,2EM9,67.93,0.776600,1.00,-2144.660,225.430,0.782490,0.587710
802,2EMA,66.30,0.685600,1.00,-2151.970,233.373,0.678785,0.588470
803,2EMB,64.77,0.649900,1.00,-2123.419,250.945,0.537209,0.554190
804,2EMC,66.30,0.770500,1.00,-2226.541,210.846,0.665634,0.584580
805,2EME,62.50,0.753800,1.00,-2325.502,227.209,0.947073,0.554780
806,2EMF,67.39,0.731400,1.00,-1939.088,261.444,0.537137,0.583740
807,2EMG,68.48,0.727200,1.00,-2349.482,229.267,0.862588,0.584000
808,2EMH,68.48,0.764900,1.00,-2366.824,268.929,0.494926,0.579250
809,2EMI,70.65,0.696100,1.00,-2112.589,276.871,0.557138,0.561350
810,2EMJ,64.67,0.727900,1.00,-2101.719,194.283,0.831555,0.575030
811,2EMK,65.76,0.732000,1.00,-2091.134,223.661,0.789071,0.559320
812,2EML,67.93,0.733900,1.00,-1910.349,232.715,0.833972,0.620920
813,2EMM,67.39,0.721800,1.00,-2051.386,229.207,0.591325,0.570210
814,2EMP,67.93,0.712200,1.00,-2151.267,199.990,0.788347,0.586800
815,2EMV,69.32,0.737100,1.00,-2091.214,202.820,0.504771,0.586460
816,2EMW,64.77,0.689600,1.00,-2151.783,194.123,0.837564,0.572670
817,2EMX,82.39,0.766900,1.00,-2041.563,204.155,0.319099,0.697690
818,2EMY,67.39,0.746000,1.00,-2197.151,253.082,0.641453,0.553910
819,2EMZ,80.43,0.721100,1.00,-2088.033,198.691,0.327562,0.667230
820,2EN0,78.57,0.794600,1.00,-2096.357,280.443,0.331482,0.655550
821,2EN1,69.02,0.762000,1.00,-1885.064,224.358,0.506654,0.602510
822,2EN2,74.40,0.778900,1.00,-2140.021,166.040,0.551534,0.622480
823,2EN3,70.11,0.717200,1.00,-2598.924,193.435,0.482532,0.586220
824,2EN4,64.67,0.719800,1.00,-2028.756,197.861,0.688051,0.552780
825,2EN6,67.39,0.733200,1.00,-2133.839,218.347,0.499639,0.541010
826,2EN7,65.34,0.680500,1.00,-2206.798,194.304,0.606380,0.516820
827,2EN8,66.85,0.703200,1.00,-2223.076,200.264,0.644730,0.590530
828,2EN9,69.02,0.728200,1.00,-1869.599,199.886,0.594567,0.592880
829,2ENA,59.24,0.718200,1.00,-2151.937,212.127,1.096307,0.536440
830,2ENC,65.76,0.743300,1.00,-2108.954,207.221,0.711381,0.546610
831,2ENE,62.50,0.701700,1.00,-2217.162,221.351,0.955706,0.569050
832,2ENF,66.30,0.731700,1.00,-2038.282,242.948,0.779878,0.558440
833,2ENH,60.87,0.743900,1.00,-2126.600,207.793,0.904541,0.539650
834,2ENT,65.62,0.741000,1.00,-2415.123,263.250,0.839638,0.569520
835,2EOE,63.59,0.733800,1.00,-2160.802,268.536,0.581150,0.525870
836,2EOF,70.45,0.749000,1.00,-2004.756,192.486,0.486040,0.591700
837,2EOG,67.05,0.764400,1.00,-2155.912,202.178,0.800649,0.580970
838,2EOH,63.04,0.624800,1.00,-1931.825,242.244,0.585232,0.524220
839,2EOI,68.18,0.700600,1.00,-2238.730,226.610,0.622767,0.587160
840,2EOJ,65.34,0.736500,1.00,-2086.159,203.597,0.499258,0.555750
841,2EOK,76.19,0.741100,1.00,-2299.310,141.013,0.316422,0.640340
842,2EOL,73.21,0.765700,1.00,-1954.563,203.921,0.533303,0.612300
843,2EOM,61.41,0.758100,1.00,-2187.383,227.299,0.922274,0.546720
844,2EON,64.67,0.736800,1.00,-2109.447,257.333,0.654377,0.553450
845,2EOO,71.74,0.712000,1.00,-2407.914,197.643,0.607356,0.632140
846,2EOP,66.85,0.728100,1.00,-2161.854,231.180,0.599894,0.599070
847,2EOQ,69.57,0.703400,1.00,-2085.966,227.864,0.459531,0.579280
848,2EOR,70.11,0.733000,1.00,-2110.461,225.080,0.400960,0.567340
849,2EOS,65.48,0.760500,1.00,-2188.707,184.869,0.682899,0.543800
850,2EOU,62.50,0.748700,1.00,-1932.750,164.998,1.035943,0.552630
851,2EOV,61.96,0.743300,1.00,-2195.499,197.417,0.818959,0.553450
852,2EOW,66.30,0.737900,1.00,-1989.713,235.658,0.849621,0.609720
853,2EOX,69.32,0.661400,1.00,-2181.117,227.773,0.589877,0.599160
854,2EOY,59.78,0.651100,1.00,-2305.419,239.533,1.100398,0.523580
855,2EOZ,71.20,0.784900,1.00,-2376.281,211.762,0.571426,0.622220
856,2EP0,66.30,0.750700,1.00,-2207.068,225.430,0.788973,0.589500
857,2EP1,66.30,0.734600,1.00,-2110.201,247.388,0.508190,0.563990
858,2EP2,67.93,0.764900,1.00,-1992.792,197.234,0.585540,0.603250
859,2EP3,69.57,0.750000,1.00,-2287.996,210.727,0.680572,0.620030
860,2EPC,61.31,0.665200,1.00,-2010.444,252.920,0.966801,0.551160
861,2EPQ,55.56,0.685800,1.00,-2450.361,223.470,0.845277,0.453370
862,2EPR,53.12,0.679100,1.00,-2420.021,225.242,1.013345,0.473370
863,2EPT,63.41,0.652000,1.00,-1948.734,196.660,0.713770,0.540200
864,2EPU,68.89,0.755500,1.00,-2138.270,178.440,0.777231,0.591910
865,2EPV,70.45,0.764900,1.00,-2181.715,194.988,0.416658,0.576730
866,2EPW,63.59,0.671700,1.00,-2327.855,219.020,0.548362,0.517120
867,2EPX,65.96,0.658700,1.00,-2587.105,219.565,0.923472,0.570110
868,2EPY,67.26,0.708200,1.00,-1697.946,255.186,0.750427,0.565280
869,2EPZ,68.48,0.734000,1.00,-1987.070,263.569,0.687865,0.596510
870,2EQ0,59.24,0.678100,1.00,-2081.899,240.510,0.808926,0.527800
871,2EQ1,61.41,0.668800,1.00,-2044.916,166.466,0.813687,0.527140
872,2EQ2,55.98,0.662000,1.00,-2009.342,200.717,0.984398,0.465360
873,2EQ3,65.76,0.684700,1.00,-1869.727,198.904,0.550445,0.541690
874,2EQ4,55.98,0.591100,1.00,-2178.739,215.288,0.906488,0.443300
875,2EQE,65.10,0.731400,1.00,-2605.971,284.898,0.678321,0.568620
876,2EQF,65.22,0.627500,1.00,-2566.037,229.897,0.897208,0.562490
877,2EQG,77.55,0.739500,1.00,-2825.619,252.543,0.416569,0.711150
878,2EQH,75.00,0.663600,1.00,-1177.617,117.027,0.386498,0.358750
879,2EQQ,68.75,0.629200,1.00,-1595.455,176.368,0.416143,0.425280
880,2EQT,67.86,0.633300,1.00,-1555.399,185.321,0.485670,0.492010
881,2EQW,67.26,0.679100,1.00,-2146.064,201.302,0.617311,0.557600
882,2ERI,90.32,0.765700,1.00,-2200.947,192.394,0.213853,0.772110
883,2ESX,61.84,0.468100,1.00,-836.725,91.421,0.319831,0.207830
884,2ESZ,61.84,0.468200,1.00,-851.323,78.947,0.307170,0.198290
885,2ETI,80.36,0.659700,1.00,-1977.722,121.273,0.215574,0.534970
886,2EVQ,100.00,0.857600,1.00,-569.504,47.640,0.050687,0.718370
887,2EYA,88.59,0.752500,1.00,-3666.637,196.041,0.155667,0.780630
888,2EYB,90.22,0.744500,1.00,-3764.627,171.551,0.160889,0.830340
889,2EYC,86.41,0.708000,1.00,-3678.226,190.156,0.199586,0.762140
890,2EYD,86.41,0.745900,1.00,-3729.538,179.467,0.223999,0.764660
891,2F2I,93.10,0.787800,1.00,-1815.240,172.771,0.109450,0.671120
892,2F2J,94.83,0.773200,1.00,-1673.506,164.219,0.095657,0.709530
893,2F5H,63.51,0.484900,1.00,-2399.471,211.262,0.497055,0.432290
896,2FJ4,68.24,0.565700,1.00,-2442.124,214.264,0.380042,0.489360
897,2FJ5,66.89,0.563400,1.00,-2472.936,229.161,0.319060,0.448560
898,2FQA,71.30,0.577400,1.00,-1808.907,135.377,0.303726,0.415430
899,2FR9,88.46,0.642000,1.00,-668.286,68.410,0.131477,0.365150
900,2FRB,55.77,0.517000,1.00,-588.139,95.017,0.401764,0.221220
901,2FXY,86.11,0.681300,1.00,-1105.256,37.311,0.239097,0.396950
902,2FXZ,86.54,0.666900,1.00,-763.070,23.991,0.204821,0.621950
903,2G6U,55.00,0.466000,1.00,-792.187,81.143,0.559466,0.271490
904,2G9L,66.89,0.699400,1.00,-2380.064,77.744,0.556320,0.551380
905,2G9P,66.35,0.688700,1.00,-1759.984,51.978,0.399648,0.467930
906,2GD3,65.62,0.603100,1.00,-1288.298,72.513,0.447707,0.403540
907,2GDL,58.87,0.517000,1.00,-2010.008,85.461,0.366868,0.386130
908,2GFR,86.36,0.631300,1.00,-519.976,31.854,0.202436,0.421750
909,2GJ0,82.26,0.655800,1.00,-2011.694,186.700,0.316051,0.583650
910,2GL1,98.94,0.861400,1.00,-3559.070,208.415,0.047769,0.955130
911,2GOF,66.43,0.560100,1.00,-2266.471,136.910,0.468628,0.514170
912,2GOH,64.29,0.578000,1.00,-2276.697,95.613,0.461049,0.478160
913,2GP8,85.62,0.716700,1.00,-2899.898,96.610,0.264211,0.727850
914,2GQE,89.06,0.793400,1.00,-1996.981,206.739,0.196070,0.706530
915,2GW9,92.97,0.760400,1.00,-2015.528,171.618,0.141540,0.761920
916,2GWP,85.16,0.710700,1.00,-2045.141,210.777,0.194668,0.634640
917,2GX1,85.34,0.690500,1.00,-1958.744,135.983,0.146158,0.562870
918,2H1Z,91.03,0.815600,1.00,-2700.040,198.793,0.135217,0.781600
919,2H9X,74.47,0.619100,1.00,-3231.790,240.385,0.343985,0.627980
920,2HFR,70.37,0.627900,1.00,-1842.277,68.818,0.309714,0.317710
921,2HGO,63.89,0.518800,1.00,-1802.297,169.766,0.372987,0.314290
922,2HLG,94.87,0.751600,1.00,-2731.502,216.033,0.107585,0.839210
923,2HM3,69.35,0.583600,1.00,-1863.723,270.303,0.549846,0.428500
924,2HM4,42.74,0.462900,1.00,-1773.489,260.393,0.766578,0.256290
925,2HM5,64.52,0.588200,1.00,-1768.224,160.767,0.426362,0.412020
926,2HM6,37.90,0.430400,1.00,-1843.907,228.424,0.982609,0.226900
927,2HN8,78.95,0.741700,1.00,-3473.719,112.204,0.175923,0.636430
928,2I1P,82.81,0.747200,1.00,-2519.340,226.459,0.240534,0.710270
929,2I1T,76.39,0.644300,1.00,-2279.148,194.039,0.232578,0.540930
930,2I5O,86.54,0.819400,1.00,-2851.868,146.783,0.308287,0.755740
931,2I9M,91.18,0.767200,1.00,-1175.607,27.891,0.110885,0.430170
932,2I9N,48.48,0.595800,1.00,-1780.779,149.044,0.730097,0.330060
933,2I9O,52.70,0.647800,1.00,-1720.905,164.812,0.713990,0.390700
934,2IFJ,52.08,0.505000,1.00,-571.383,53.394,0.414836,0.232360
935,2IGU,72.92,0.553200,1.00,-662.591,44.555,0.258934,0.191750
936,2IH6,59.09,0.497900,1.00,-530.784,55.807,0.382757,0.200590
937,2IMU,57.61,0.679400,1.00,-2787.336,138.949,0.548469,0.533540
938,2IT7,98.21,0.815700,1.00,-2019.560,114.499,0.059078,0.825190
939,2IV4,31.25,0.456200,1.00,-339.737,63.819,0.693153,0.140350
940,2IV5,88.04,0.758500,1.00,-1241.760,49.327,0.155586,0.496240
941,2IV6,46.74,0.578700,1.00,-1257.186,56.457,0.769788,0.219090
942,2IWJ,43.52,0.464700,1.00,-1189.236,189.672,0.733617,0.261170
943,2J15,68.33,0.569500,1.00,-680.736,82.287,0.341784,0.197910
944,2J8P,52.55,0.548000,1.00,-4440.609,139.420,0.817859,0.448850
945,2JM0,86.43,0.728100,1.00,-3016.236,109.259,0.151291,0.654430
946,2JM2,27.22,0.438500,1.00,-1175.777,333.077,1.260141,0.258920
947,2JM4,88.95,0.750100,1.00,-2433.176,225.337,0.206959,0.792120
948,2JMY,95.00,0.715300,1.00,-976.146,34.350,0.125363,0.561090
949,2JN5,43.75,0.484500,1.00,-696.161,15.554,0.554804,0.167950
950,2JNH,83.70,0.680900,1.00,-4362.390,150.506,0.272022,0.726350
951,2JNI,89.29,0.721800,1.00,-1490.342,100.811,0.108954,0.360380
952,2JOC,66.22,0.585700,1.00,-2410.584,185.065,0.357388,0.495010
953,2JOF,88.75,0.745100,1.00,-1096.552,49.464,0.150800,0.419990
954,2JOS,85.23,0.656000,1.00,-1497.596,40.117,0.189811,0.413010
955,2JOU,45.59,0.324300,1.00,-3049.959,162.994,1.019950,0.360400
956,2JP6,59.46,0.588600,1.00,-2078.795,159.570,0.931384,0.404340
957,2JPJ,53.85,0.654300,1.00,-2391.062,50.689,0.538287,0.378270
958,2JPK,58.57,0.591200,1.00,-2531.049,72.750,0.977087,0.454700
959,2JPL,51.92,0.630600,1.00,-2484.816,63.730,0.590704,0.391890
960,2JPM,53.57,0.637400,1.00,-2613.713,67.917,0.493525,0.404190
961,2JPW,43.75,0.559600,1.00,-1007.509,128.784,0.625811,0.246250
962,2JPX,65.71,0.683300,1.00,-2358.670,96.423,0.615651,0.539700
963,2JQ2,52.08,0.478400,1.00,-501.637,66.107,0.474628,0.189460
964,2JQB,60.00,0.588700,1.00,-641.822,92.645,0.472243,0.236540
965,2JQC,51.67,0.461700,1.00,-638.530,99.151,0.379442,0.267890
966,2JQW,47.06,0.451600,1.00,-894.330,103.601,0.555659,0.154930
967,2JR3,45.24,0.435400,1.00,-2980.584,204.589,0.809816,0.327210
968,2JR8,55.95,0.583200,1.00,-2242.115,124.465,0.606958,0.476940
969,2JRD,60.19,0.545100,1.00,-1219.762,42.960,0.670954,0.346970
970,2JRV,55.00,0.519300,1.00,-787.329,67.429,0.625872,0.236210
971,2JRW,59.78,0.517300,1.00,-1134.337,133.918,0.389005,0.168230
972,2JRY,53.26,0.443800,1.00,-3281.664,243.390,0.636834,0.432040
973,2JSB,79.76,0.654700,1.00,-1443.276,119.443,0.252843,0.353060
974,2JTA,37.50,0.453800,1.00,-353.063,55.390,0.586628,0.266230
975,2JTB,93.94,0.723300,1.00,-2233.715,170.418,0.098275,0.743230
976,2JTU,67.76,0.549900,1.00,-2433.738,200.511,0.352530,0.509900
977,2JTW,71.00,0.668600,1.00,-1667.494,50.808,0.355368,0.378990
978,2JUE,32.76,0.289400,1.00,-1972.212,168.098,0.796400,0.184170
979,2JUI,65.91,0.666500,1.00,-2029.959,72.186,0.534308,0.405070
980,2JUQ,71.15,0.545700,1.00,-757.212,52.300,0.275379,0.369230
981,2JUR,65.38,0.505700,1.00,-672.581,58.449,0.420174,0.326810
982,2JUS,92.31,0.693600,1.00,-766.769,48.699,0.096013,0.466260
983,2JUT,61.54,0.523200,1.00,-705.614,46.442,0.411691,0.373560
984,2JUY,61.61,0.558000,1.00,-2131.490,140.234,0.411169,0.319640
985,2JVX,90.18,0.775600,1.00,-1937.342,130.540,0.153179,0.741230
986,2JVY,84.82,0.681100,1.00,-1935.682,162.761,0.250111,0.616220
987,2JWG,86.41,0.738900,1.00,-2947.480,215.643,0.163263,0.776940
988,2JWH,63.54,0.644400,1.00,-2169.107,315.079,0.541822,0.523890
989,2JWM,89.66,0.756700,1.00,-1917.982,204.981,0.204982,0.707080
990,2JXF,88.33,0.793000,1.00,-2689.855,58.629,0.118664,0.680010
991,2JY0,69.44,0.613700,1.00,-1644.360,70.431,0.291579,0.395840
992,2JYD,73.91,0.674400,1.00,-2196.052,334.899,0.372850,0.651480
993,2JYP,42.36,0.447900,1.00,-2676.982,214.621,0.700683,0.299080
994,2K10,53.12,0.652800,1.00,-2081.065,53.713,0.479371,0.313380
995,2K1A,57.74,0.746800,1.00,-2864.820,133.190,0.681072,0.544770
996,2K1I,90.62,0.721500,1.00,-1925.337,187.471,0.141876,0.702730
997,2K1P,80.30,0.714200,1.00,-1930.747,172.988,0.305451,0.629400
998,2K2Y,83.33,0.688100,1.00,-3219.810,149.196,0.179628,0.678980
999,2K2Z,74.36,0.597500,1.00,-2291.762,161.226,0.396907,0.614050
1000,2K44,54.46,0.643700,1.00,-2200.580,76.136,0.546077,0.376550
1001,2K4U,90.54,0.722100,1.00,-2708.130,149.384,0.111503,0.761120
1004,2K6O,66.22,0.737100,1.00,-3049.458,98.718,0.325020,0.600130
1005,2K6R,82.76,0.632300,1.00,-2193.561,120.247,0.219167,0.569690
1006,2K72,93.24,0.738800,1.00,-3457.995,256.509,0.136524,0.769290
1007,2K76,87.50,0.761300,1.00,-2150.169,75.284,0.129953,0.643480
1008,2K7G,99.14,0.863700,1.00,-2041.645,159.445,0.058330,0.821980
1009,2K7Y,34.44,0.500300,1.00,-2692.130,212.729,0.962702,0.307120
1010,2K84,52.50,0.618900,1.00,-1784.055,132.059,0.525186,0.472650
1012,2K98,59.38,0.643000,1.00,-1281.988,47.407,0.709584,0.364120
1013,2K9D,77.27,0.665800,1.00,-4806.586,89.473,0.163121,0.654980
1014,2K9O,71.53,0.575600,1.00,-2352.578,136.434,0.348728,0.514360
1015,2KAM,75.00,0.696600,1.00,-1832.006,40.972,0.232871,0.685850
1016,2KB8,68.92,0.664700,1.00,-2115.581,149.358,0.399830,0.562720
1017,2KB9,79.55,0.650200,1.00,-3045.856,231.220,0.226236,0.672390
1018,2KBL,62.93,0.640200,1.00,-1734.130,128.741,0.406843,0.369370
1019,2KCF,75.00,0.677200,1.00,-2116.084,261.789,0.377956,0.575210
1020,2KCG,97.50,0.809300,1.00,-2106.343,162.995,0.075540,0.784800
1021,2KCH,96.55,0.804900,1.00,-1985.049,221.103,0.076889,0.754060
1023,2KDT,42.22,0.496100,1.00,-2949.887,202.995,0.623133,0.379730
1024,2KE3,42.44,0.536300,1.00,-2686.302,199.935,0.725843,0.346420
1025,2KEF,70.00,0.608900,1.00,-1493.077,187.261,0.451480,0.332650
1026,2KEG,66.41,0.649500,1.00,-1919.533,91.289,0.518655,0.435650
1027,2KEH,64.84,0.594600,1.00,-1952.071,107.643,0.418006,0.387770
1028,2KES,79.17,0.801700,1.00,-3665.586,126.751,0.197409,0.700500
1029,2KFE,66.67,0.682500,1.00,-1671.262,51.023,0.279764,0.334620
1030,2KFQ,35.16,0.341600,1.00,-2452.858,111.609,0.854084,0.322710
1031,2KGH,39.74,0.436300,1.00,-2468.659,204.877,0.925255,0.306260
1032,2KGN,69.79,0.629700,1.00,-1460.101,81.996,0.279462,0.311140
1033,2KGU,88.57,0.768700,1.00,-2019.464,222.501,0.157554,0.736600
1034,2KHB,90.52,0.764500,1.00,-1924.898,136.954,0.159609,0.703570
1035,2KHF,70.00,0.650000,1.00,-1675.487,62.214,0.284760,0.374350
1036,2KHG,75.00,0.622100,1.00,-1709.228,55.811,0.215721,0.409640
1037,2KI0,75.00,0.651800,1.00,-2601.521,120.305,0.349947,0.529870
1038,2KI9,56.82,0.629000,1.00,-2774.208,70.093,0.474247,0.399760
1039,2KIO,53.79,0.594800,1.00,-2225.435,131.575,0.575991,0.327990
1040,2KIR,70.59,0.580000,1.00,-2542.294,145.818,0.253216,0.456770
1041,2KIT,70.45,0.671500,1.00,-2351.792,137.882,0.352311,0.497000
1042,2KJM,55.00,0.509100,1.00,-2034.229,169.985,0.410608,0.323500
1043,2KJN,76.92,0.673000,1.00,-1759.066,54.675,0.362094,0.507610
1044,2KJO,64.42,0.612400,1.00,-1884.361,55.695,0.361093,0.422160
1045,2KLV,45.65,0.567000,1.00,-3422.255,69.897,0.563762,0.386100
1046,2KM9,91.00,0.676700,1.00,-1408.448,94.337,0.116212,0.530930
1047,2KMO,91.48,0.759500,1.00,-2848.877,211.995,0.152119,0.795930
1048,2KMP,88.07,0.717600,1.00,-2879.883,203.900,0.240281,0.793750
1049,2KMQ,79.55,0.702000,1.00,-2822.101,209.461,0.220348,0.643900
1050,2KMR,67.61,0.578800,1.00,-2874.049,208.273,0.940658,0.569390
1051,2KNI,87.80,0.712600,1.00,-2360.731,325.674,0.247451,0.773530
1052,2KNM,95.00,0.823800,1.00,-2144.402,148.644,0.092369,0.745250
1053,2KNP,85.61,0.707700,1.00,-1970.860,149.581,0.171872,0.672790
1054,2KNS,51.52,0.637900,1.00,-1957.657,110.215,0.721517,0.370860
1055,2KNU,54.31,0.584100,1.00,-1774.731,109.856,0.571046,0.275100
1056,2KOE,43.12,0.575700,1.00,-2936.874,159.343,0.663347,0.355240
1057,2KOZ,96.21,0.784400,1.00,-2233.715,114.294,0.118882,0.835050
1058,2KP0,87.88,0.704300,1.00,-2261.185,97.469,0.180271,0.675260
1059,2KPA,54.81,0.537100,1.00,-1633.657,74.305,0.468748,0.259210
1060,2KPB,52.88,0.525300,1.00,-1628.729,90.334,0.539015,0.284910
1061,2KSG,32.29,0.609300,1.00,-2911.768,166.724,1.469403,0.265790
1062,2KSJ,59.78,0.706100,1.00,-3544.891,50.770,0.496892,0.519510
1063,2KTC,67.65,0.562800,1.00,-1929.561,184.872,0.473686,0.438660
1064,2KTX,91.45,0.744900,1.00,-2868.656,173.777,0.152426,0.790860
1065,2KUK,94.17,0.785600,1.00,-2164.682,171.651,0.078628,0.748550
1066,2KUS,91.43,0.781700,1.00,-2284.587,131.115,0.103978,0.745160
1067,2KUX,95.00,0.791100,1.00,-2231.015,207.893,0.085614,0.742660
1068,2KUY,58.14,0.478100,1.00,-3211.154,218.870,0.833039,0.444390
1069,2KV5,68.18,0.711100,1.00,-2541.503,78.562,0.550391,0.588920
1070,2KVF,86.61,0.639000,1.00,-2003.376,82.453,0.175054,0.607110
1071,2KVG,80.56,0.715800,1.00,-1835.364,100.161,0.199080,0.458580
1072,2KVH,88.89,0.670700,1.00,-1862.627,109.884,0.180010,0.608570
1073,2KVX,94.64,0.792400,1.00,-1978.801,152.321,0.088805,0.723390
1074,2KWT,67.42,0.583000,1.00,-2847.005,87.175,0.333043,0.487550
1075,2KWY,76.16,0.756900,1.00,-2688.679,86.971,0.412010,0.708030
1076,2KWZ,66.25,0.666400,1.00,-3276.037,92.697,0.327463,0.531680
1077,2KXA,45.83,0.634300,1.00,-1730.930,36.219,1.101511,0.348110
1078,2KY3,88.64,0.727500,1.00,-2262.215,116.068,0.217591,0.692430
1079,2KYA,41.18,0.449300,1.00,-1592.669,116.857,1.105132,0.344060
1080,2KYJ,90.97,0.713800,1.00,-2097.144,237.876,0.139037,0.751350
1081,2KYK,63.46,0.499000,1.00,-2385.392,205.095,0.666792,0.472910
1082,2KZQ,57.64,0.638000,1.00,-2553.963,96.130,0.486213,0.450510
1083,2L07,79.17,0.593100,1.00,-978.078,108.309,0.194816,0.262220
1084,2L0G,85.16,0.693600,1.00,-3140.538,111.222,0.305373,0.691670
1085,2L0L,57.41,0.611100,1.00,-1737.256,49.631,0.547259,0.378240
1086,2L0M,69.44,0.659500,1.00,-1610.376,70.962,0.375056,0.378880
1087,2L0N,78.33,0.648700,1.00,-2406.312,69.593,0.207280,0.518340
1088,2L0O,65.83,0.599800,1.00,-2456.982,77.007,0.361929,0.413900
1089,2L1J,55.15,0.477800,1.00,-2127.479,183.407,0.404805,0.353640
1090,2L1Q,74.38,0.683400,1.00,-2320.987,226.989,0.391019,0.616120
1091,2L1X,40.38,0.535400,1.00,-2815.039,90.856,0.917044,0.357510
1092,2L2R,76.35,0.653200,1.00,-1961.226,198.912,0.537715,0.645380
1093,2L36,63.54,0.703500,1.00,-1404.863,39.684,0.418597,0.341800
1094,2L37,90.12,0.678400,1.00,-3567.100,127.720,0.197862,0.808940
1095,2L3H,37.82,0.450500,1.00,-2401.736,153.576,0.925471,0.266110
1096,2L3I,60.00,0.568500,1.00,-2349.584,90.679,0.464027,0.518400
1097,2L44,89.47,0.592000,1.00,-880.206,71.067,0.137427,0.303830
1098,2L4G,62.96,0.626000,1.00,-1398.599,65.000,0.612504,0.369240
1099,2L4J,69.02,0.641900,1.00,-2828.740,199.045,0.395261,0.564450
1100,2L4U,64.58,0.628300,1.00,-1409.801,82.120,0.379791,0.296070
1101,2L5I,38.10,0.461100,1.00,-930.893,178.409,0.728782,0.153950
1102,2L5J,47.62,0.445700,1.00,-866.675,159.422,0.512584,0.193500
1103,2L5R,80.43,0.782600,1.00,-1551.919,18.921,0.179580,0.383060
1104,2L61,62.50,0.533200,1.00,-1291.227,117.803,0.422652,0.270510
1105,2L62,66.35,0.542500,1.00,-1316.607,111.889,0.400645,0.310590
1106,2L63,63.64,0.652200,1.00,-2664.171,54.245,0.470664,0.380500
1107,2L64,66.67,0.642800,1.00,-2613.714,50.353,0.319760,0.463540
1108,2L6S,41.25,0.467300,1.00,-1089.642,118.464,0.692496,0.192230
1109,2L6T,51.25,0.434300,1.00,-1122.997,97.804,0.595291,0.134800
1110,2L70,56.55,0.697200,1.00,-2972.837,121.820,0.483323,0.498060
1111,2L71,64.29,0.627600,1.00,-3052.674,113.625,0.612472,0.555260
1112,2L77,57.05,0.596000,1.00,-2446.984,131.944,0.805156,0.428850
1113,2L79,51.92,0.512300,1.00,-2455.518,144.290,0.564910,0.371680
1114,2L7C,78.95,0.598300,1.00,-1288.539,35.625,0.233511,0.343350
1115,2L7T,61.36,0.502400,1.00,-464.481,43.277,0.340044,0.235610
1116,2L87,35.19,0.502700,1.00,-967.422,155.918,0.779021,0.243390
1117,2L8E,68.88,0.670700,1.00,-3300.724,164.320,0.533451,0.605530
1118,2L91,75.58,0.727800,1.00,-3272.030,96.990,0.227680,0.629160
1122,2L9G,92.11,0.757200,1.00,-1350.434,34.508,0.105556,0.315320
1123,2L9X,56.67,0.604600,1.00,-1870.749,110.174,0.500869,0.347890
1124,2L9Z,63.46,0.704900,1.00,-2452.703,165.225,0.619486,0.513210
1125,2LA0,68.33,0.637200,1.00,-1998.816,85.335,0.311540,0.397020
1126,2LAM,88.79,0.750800,1.00,-2095.312,162.606,0.226803,0.752520
1127,2LAQ,31.94,0.466800,1.00,-2055.295,195.012,0.682698,0.328660
1128,2LAT,70.27,0.716200,1.00,-3022.502,77.153,0.449191,0.517150
1129,2LB7,75.57,0.671300,1.00,-3147.168,257.818,0.224840,0.610470
1130,2LBG,82.41,0.852100,1.00,-1194.660,29.668,0.151237,0.511470
1131,2LBZ,49.19,0.508800,1.00,-2316.133,92.904,0.513037,0.334430
1132,2LCM,75.00,0.693000,1.00,-1966.892,88.165,0.432656,0.441140
1133,2LDE,58.00,0.454500,1.00,-1884.257,129.756,0.788920,0.259230
1134,2LDF,72.92,0.596100,1.00,-1634.665,130.966,0.334493,0.385680
1135,2LDJ,77.50,0.614800,1.00,-1275.128,76.555,0.230247,0.334430
1136,2LDS,76.39,0.602200,1.00,-2090.118,225.140,0.234954,0.552270
1137,2LE3,69.64,0.696100,1.00,-2807.744,195.679,0.350484,0.556750
1138,2LE7,60.00,0.595000,1.00,-1382.532,35.207,0.498220,0.279380
1139,2LER,65.91,0.538400,1.00,-421.161,68.276,0.257180,0.232920
1140,2LET,89.29,0.728300,1.00,-1930.756,121.963,0.117340,0.588500
1141,2LEU,58.78,0.570900,1.00,-1798.660,170.646,0.528697,0.433700
1142,2LEW,82.81,0.642400,1.00,-1819.318,193.304,0.245151,0.602030
1143,2LEY,87.50,0.728400,1.00,-2106.238,181.922,0.215226,0.671550
1144,2LFM,21.88,0.376300,1.00,-1584.908,317.355,1.539234,0.159990
1145,2LG4,97.50,0.811200,1.00,-2741.341,192.418,0.080626,0.874630
1146,2LG5,74.31,0.617000,1.00,-2682.604,192.076,0.317071,0.571940
1147,2LG6,87.50,0.694900,1.00,-2758.443,168.103,0.246297,0.719740
1148,2LI3,55.83,0.537900,1.00,-2080.991,121.208,0.557739,0.422730
1149,2LIC,31.43,0.449000,1.00,-1723.983,180.959,0.801935,0.205780
1150,2LID,30.71,0.530000,1.00,-1229.539,242.725,0.955561,0.213800
1151,2LIF,82.41,0.730200,1.00,-1711.701,102.979,0.244103,0.524070
1152,2LIX,64.81,0.537200,1.00,-1893.011,132.997,0.362085,0.420070
1153,2LIY,66.11,0.593100,1.00,-2978.018,239.665,0.338546,0.558080
1154,2LJ7,78.19,0.688300,1.00,-3536.444,209.967,0.256389,0.686360
1155,2LJQ,45.27,0.524900,1.00,-1609.805,186.644,0.967184,0.336440
1156,2LJS,90.83,0.761300,1.00,-1648.059,171.328,0.263820,0.714590
1157,2LJT,47.97,0.568300,1.00,-1639.839,263.866,0.615700,0.418530
1158,2LK9,57.14,0.543700,1.00,-2272.821,82.818,0.511615,0.512160
1159,2LKE,65.62,0.618600,1.00,-1118.910,95.033,0.556098,0.341670
1160,2LKJ,66.67,0.590900,1.00,-1113.993,118.895,0.452364,0.402840
1161,2LKQ,66.67,0.635800,1.00,-1400.135,77.571,0.397834,0.282240
1162,2LL1,85.61,0.666200,1.00,-2175.704,157.312,0.173417,0.689490
1163,2LL2,36.54,0.415800,1.00,-882.217,189.636,0.638165,0.201220
1164,2LL5,86.36,0.794000,1.00,-1087.588,145.705,0.144321,0.451730
1165,2LLD,78.12,0.662600,1.00,-2688.062,196.723,0.291941,0.656920
1166,2LLM,62.21,0.734900,1.00,-2875.690,89.954,0.362013,0.519150
1167,2LLR,75.00,0.640000,1.00,-1198.160,121.023,0.244385,0.257570
1168,2LM8,42.31,0.427600,1.00,-741.451,37.013,0.666006,0.163420
1169,2LMA,79.55,0.657800,1.00,-1389.805,72.618,0.235656,0.312120
1170,2LMB,27.33,0.304600,1.00,-1983.426,178.504,1.014192,0.228560
1171,2LMF,91.30,0.762000,1.00,-1734.165,44.512,0.108867,0.521570
1172,2LMZ,84.52,0.661700,1.00,-4010.356,184.391,0.236757,0.712820
1173,2LNE,65.38,0.490400,1.00,-403.656,79.209,0.417061,0.278090
1174,2LNF,44.23,0.464100,1.00,-406.446,94.554,0.433032,0.308850
1175,2LNG,53.85,0.506500,1.00,-418.300,101.112,0.394104,0.271740
1176,2LO2,85.53,0.720100,1.00,-2227.660,209.299,0.218371,0.679060
1177,2LO3,65.91,0.636200,1.00,-2572.176,279.149,0.393595,0.541070
1178,2LO7,53.23,0.527600,1.00,-2165.274,123.969,0.677056,0.438580
1179,2LQ0,82.00,0.724300,1.00,-1730.432,61.229,0.305895,0.524200
1180,2LQ1,48.00,0.455400,1.00,-1278.217,85.109,0.672564,0.220080
1181,2LQ2,65.83,0.659800,1.00,-1500.464,85.745,0.541925,0.480070
1182,2LQA,85.81,0.716600,1.00,-2729.635,151.033,0.206556,0.699260
1183,2LQX,85.98,0.671300,1.00,-3118.858,161.000,0.301326,0.750220
1184,2LQY,78.75,0.634300,1.00,-1565.628,53.572,0.287863,0.340780
1185,2LR3,80.85,0.608700,1.00,-3364.402,182.245,0.198144,0.713990
1186,2LR5,77.63,0.653500,1.00,-2816.165,156.085,0.284102,0.609690
1187,2LR7,31.90,0.446000,1.00,-1995.088,103.555,0.914645,0.210690
1188,2LRX,59.44,0.569800,1.00,-3354.507,166.086,0.440880,0.421070
1189,2LS1,55.00,0.426700,1.00,-1047.513,110.543,0.454939,0.162980
1190,2LS2,79.00,0.754400,1.00,-2009.594,48.789,0.281558,0.517060
1191,2LS3,85.34,0.765900,1.00,-2560.013,58.766,0.193374,0.633180
1192,2LS4,67.71,0.603800,1.00,-1470.893,40.583,0.381163,0.325830
1193,2LS9,65.00,0.580700,1.00,-1398.852,23.492,0.386030,0.332610
1194,2LSA,57.61,0.689600,1.00,-1570.968,28.424,0.496006,0.236750
1195,2LSQ,69.00,0.528400,1.00,-1486.783,111.308,0.376791,0.319260
1196,2LSW,46.88,0.516900,1.00,-1908.778,170.345,0.653749,0.350970
1197,2LT8,86.90,0.776600,1.00,-3130.742,155.029,0.158540,0.756150
1198,2LTI,32.61,0.555400,1.00,-779.065,109.839,1.358008,0.126360
1200,2LU9,78.23,0.688900,1.00,-2116.172,160.129,0.253871,0.493920
1201,2LUF,86.25,0.648500,1.00,-1139.451,50.601,0.219991,0.447920
1202,2LUG,53.47,0.546800,1.00,-1439.128,184.695,0.824466,0.396020
1203,2LUR,77.59,0.643300,1.00,-2033.541,202.324,0.218067,0.481790
1204,2LUV,55.71,0.575900,1.00,-1514.718,290.324,0.761991,0.379840
1205,2LVG,67.50,0.733400,1.00,-2826.266,102.646,0.380856,0.529610
1206,2LWB,62.50,0.478800,1.00,-1630.948,92.964,0.386040,0.197020
1207,2LWL,73.47,0.671100,1.00,-3036.885,233.558,0.492612,0.637750
1208,2LWQ,89.06,0.712300,1.00,-813.342,75.502,0.162229,0.487980
1209,2LWS,75.00,0.543700,1.00,-538.453,60.446,0.295409,0.299730
1210,2LWT,90.28,0.726500,1.00,-922.666,132.730,0.146103,0.382680
1211,2LWU,95.00,0.817300,1.00,-697.821,52.358,0.106760,0.438760
1212,2LWV,85.29,0.719000,1.00,-827.018,100.540,0.169197,0.356800
1213,2LX0,65.62,0.661000,1.00,-3001.487,69.545,0.385690,0.472940
1214,2LX4,83.82,0.702500,1.00,-1129.285,40.797,0.264951,0.450530
1215,2LX5,83.33,0.635600,1.00,-1054.758,32.426,0.321305,0.339800
1216,2LX6,35.53,0.437900,1.00,-642.473,79.818,0.808091,0.171960
1217,2LXO,52.27,0.465500,1.00,-3419.478,211.913,0.608645,0.396270
1218,2LXZ,90.62,0.731000,1.00,-2252.032,187.216,0.110857,0.719250
1219,2LYE,84.72,0.650100,1.00,-838.046,92.029,0.207483,0.351670
1220,2LYF,94.44,0.769600,1.00,-1040.305,83.645,0.087885,0.481200
1221,2LZI,94.44,0.749900,1.00,-977.561,83.658,0.110562,0.420280
1222,2LZO,71.55,0.705100,1.00,-1682.520,158.301,0.301863,0.427010
1223,2LZP,82.26,0.726500,1.00,-1697.618,102.263,0.235554,0.610130
1224,2LZQ,78.85,0.740800,1.00,-2452.617,73.906,0.218320,0.642400
1225,2LZX,87.16,0.749600,1.00,-2804.229,205.554,0.198978,0.728700
1226,2LZY,86.43,0.707900,1.00,-2299.128,219.731,0.204150,0.661150
1227,2M0H,65.91,0.633800,1.00,-1482.456,42.592,0.566517,0.386950
1228,2M0S,50.00,0.522100,1.00,-1939.352,76.819,0.677284,0.342290
1229,2M0W,61.96,0.610500,1.00,-1370.660,66.486,0.648537,0.281720
1230,2M1A,83.65,0.674900,1.00,-1427.157,74.130,0.155727,0.504110
1231,2M1J,62.50,0.606600,1.00,-1999.421,83.757,0.521287,0.431000
1232,2M1P,80.56,0.662500,1.00,-604.352,116.733,0.322657,0.301970
1233,2M1T,62.50,0.607800,1.00,-1597.014,41.476,0.505777,0.256040
1234,2M2G,77.78,0.698900,1.00,-808.583,82.946,0.221227,0.282840
1235,2M2H,83.33,0.659400,1.00,-663.663,69.376,0.130587,0.270990
1236,2M2Q,96.88,0.819700,1.00,-2497.125,186.046,0.077030,0.794170
1237,2M2R,78.03,0.624700,1.00,-2350.066,183.309,0.240338,0.520760
1238,2M2S,66.67,0.628300,1.00,-650.368,62.726,0.410981,0.228160
1239,2M2X,27.78,0.296400,1.00,-939.469,28.534,1.009377,0.109200
1240,2M2Y,84.72,0.684000,1.00,-888.923,92.183,0.182582,0.393080
1241,2M36,47.37,0.374800,1.00,-1997.513,187.068,0.800651,0.576160
1242,2M37,34.21,0.549400,1.00,-578.985,139.932,1.284728,0.144170
1243,2M3F,87.50,0.713500,1.00,-1796.055,53.058,0.109275,0.522180
1244,2M3J,86.36,0.725300,1.00,-2289.254,231.399,0.196052,0.663360
1245,2M3N,73.61,0.581500,1.00,-941.234,86.299,0.240510,0.231860
1246,2M4X,75.71,0.590000,1.00,-2364.987,200.406,0.229797,0.527740
1247,2M4Z,69.29,0.572400,1.00,-2378.150,258.769,0.276221,0.449500
1248,2M50,83.57,0.682700,1.00,-2595.928,182.810,0.183596,0.621250
1249,2M5L,67.50,0.628500,1.00,-810.405,125.013,0.317105,0.213990
1250,2M5X,93.75,0.857800,1.00,-2773.715,147.720,0.182497,0.850560
1251,2M5Z,94.32,0.742600,1.00,-5533.110,132.241,0.091470,0.863540
1252,2M60,84.88,0.710300,1.00,-5800.241,130.950,0.149467,0.742190
1253,2M62,79.17,0.618300,1.00,-680.454,46.338,0.189453,0.293790
1254,2M6A,81.25,0.628100,1.00,-1980.903,71.948,0.186175,0.477950
1255,2M6O,81.25,0.740800,1.00,-3252.336,240.798,0.358823,0.733240
1256,2M6P,86.96,0.718200,1.00,-3344.250,281.772,0.239383,0.772830
1257,2M73,65.00,0.639300,1.00,-1769.330,58.008,0.338231,0.368200
1258,2M77,84.72,0.702100,1.00,-922.847,101.765,0.163371,0.346100
1259,2M78,84.72,0.750700,1.00,-1075.903,84.020,0.159686,0.394030
1260,2M79,80.56,0.691800,1.00,-959.654,109.973,0.207614,0.276410
1261,2M7C,85.71,0.659200,1.00,-1297.096,49.206,0.292006,0.382490
1262,2M7D,57.50,0.635000,1.00,-1205.986,43.685,0.799631,0.325900
1263,2M7E,68.27,0.594600,1.00,-1425.375,84.755,0.426377,0.410180
1264,2M7I,41.07,0.393300,1.00,-658.216,32.633,0.655477,0.159810
1265,2M7J,48.21,0.447300,1.00,-501.610,52.454,0.629812,0.224050
1266,2M7P,79.17,0.683700,1.00,-2649.031,223.667,0.287851,0.668190
1267,2M7T,84.85,0.731700,1.00,-2011.436,232.296,0.192640,0.690470
1268,2M7X,43.42,0.573200,1.00,-2218.656,135.630,0.820174,0.352360
1269,2M8F,52.08,0.489600,1.00,-1176.013,74.413,0.734711,0.252450
1270,2M8I,84.30,0.714400,1.00,-2719.019,194.883,0.226884,0.719060
1271,2M8J,77.33,0.664000,1.00,-2797.469,281.873,0.328306,0.666220
1272,2M8M,84.82,0.717600,1.00,-2671.067,51.194,0.192566,0.590540
1273,2M8O,73.21,0.701600,1.00,-2572.635,59.069,0.208503,0.385180
1274,2M96,75.57,0.666100,1.00,-2387.072,258.115,0.527073,0.652820
1275,2M9E,92.42,0.779000,1.00,-2267.071,193.856,0.155223,0.776050
1276,2M9F,77.27,0.727200,1.00,-2274.421,149.462,0.358330,0.595880
1277,2M9I,76.47,0.689600,1.00,-2351.113,166.143,0.305961,0.558750
1278,2M9J,82.35,0.710500,1.00,-2282.298,194.126,0.283778,0.648020
1279,2M9L,90.71,0.734000,1.00,-2436.141,144.483,0.354662,0.796750
1280,2M9O,91.38,0.760500,1.00,-1989.467,169.471,0.209128,0.726330
1281,2M9R,25.00,0.398500,1.00,-1632.392,267.698,1.726650,0.227240
1282,2M9S,27.50,0.425400,1.00,-1569.702,294.908,1.837809,0.259810
1283,2MAA,82.69,0.669900,1.00,-724.570,44.070,0.176766,0.378790
1284,2MAE,66.35,0.625300,1.00,-1430.534,105.898,0.434978,0.327060
1285,2MAU,46.67,0.473000,1.00,-1902.680,190.487,0.560745,0.345250
1286,2MBD,93.52,0.761700,1.00,-1693.948,94.897,0.082630,0.660730
1287,2MBY,48.37,0.578600,1.00,-3359.966,1009.046,0.650405,0.491030
1288,2MCE,73.81,0.654400,1.00,-1027.342,57.948,0.301769,0.287190
1289,2MD1,77.94,0.599500,1.00,-967.795,53.377,0.319206,0.352900
1290,2MD2,80.00,0.600000,1.00,-457.803,32.727,0.181315,0.370040
1291,2MD4,87.50,0.716700,1.00,-738.279,25.921,0.113105,0.553520
1292,2MD6,76.39,0.598200,1.00,-969.307,56.487,0.257125,0.302890
1293,2MDC,45.31,0.475700,1.00,-3030.987,279.792,0.753554,0.362320
1294,2MDL,40.62,0.415900,1.00,-1405.488,139.383,0.682980,0.174450
1295,2MDU,87.93,0.691200,1.00,-1939.521,151.767,0.182614,0.634380
1296,2ME1,60.19,0.542000,1.00,-2404.664,41.913,0.372681,0.364340
1297,2ME2,55.56,0.564100,1.00,-2527.820,49.899,0.455349,0.381550
1298,2ME3,63.89,0.545600,1.00,-2364.794,73.895,0.353922,0.321230
1299,2ME4,56.48,0.593000,1.00,-2445.365,42.503,0.423960,0.351900
1300,2ME7,94.70,0.800300,1.00,-2366.133,105.401,0.123620,0.803110
1301,2MEL,90.15,0.750300,1.00,-2348.618,114.638,0.147564,0.749330
1302,2MEN,80.30,0.709000,1.00,-2087.065,160.107,0.290305,0.592440
1303,2MEO,80.30,0.671200,1.00,-2245.331,102.454,0.307115,0.584660
1304,2MF3,61.70,0.461300,1.00,-3563.903,242.570,0.593153,0.540180
1305,2MFM,28.33,0.493200,1.00,-396.729,65.600,0.790709,0.127560
1306,2MFO,38.33,0.502200,1.00,-358.193,70.360,0.788165,0.118890
1307,2MFP,54.03,0.521300,1.00,-1301.039,227.868,0.774204,0.310810
1308,2MFS,83.57,0.716300,1.00,-2430.341,220.627,0.179963,0.688530
1309,2MFV,37.50,0.540500,1.00,-121.642,59.393,0.943133,0.090250
1310,2MG1,75.93,0.739500,1.00,-1841.366,72.499,0.284086,0.466500
1311,2MG2,82.14,0.695000,1.00,-2306.128,76.508,0.223840,0.586770
1312,2MG3,65.18,0.639600,1.00,-2365.137,57.754,0.425699,0.409070
1313,2MH1,82.58,0.693800,1.00,-2003.578,152.490,0.350096,0.648080
1314,2MHU,68.33,0.526400,1.00,-1812.735,173.887,0.390603,0.429120
1315,2MHW,49.07,0.629200,1.00,-1702.202,54.522,0.736170,0.320810
1316,2MI1,41.07,0.450100,1.00,-899.031,21.237,0.591565,0.163990
1317,2MI9,42.50,0.457700,1.00,-1627.822,157.813,0.636331,0.225910
1318,2MIA,42.50,0.460200,1.00,-1643.126,142.137,0.634790,0.226550
1319,2MID,45.83,0.548400,1.00,-422.632,76.484,0.675234,0.306140
1320,2MIE,45.83,0.469700,1.00,-329.651,51.259,0.554130,0.219960
1321,2MIF,39.58,0.560600,1.00,-319.112,57.048,0.637325,0.319490
1322,2MIG,39.58,0.539400,1.00,-387.499,59.313,0.711332,0.220610
1323,2MIH,42.86,0.473700,1.00,-383.530,71.697,0.779752,0.198360
1324,2MIJ,70.27,0.607000,1.00,-2828.073,199.389,0.282242,0.546970
1325,2MIX,69.05,0.664500,1.00,-909.726,125.623,0.612476,0.322510
1326,2MJ1,38.89,0.396600,1.00,-573.400,101.393,0.654909,0.194150
1327,2MJ2,59.03,0.649200,1.00,-2540.985,140.369,0.793512,0.484140
1328,2MJ9,70.51,0.675300,1.00,-2620.375,181.160,0.435805,0.534530
1329,2MJC,66.18,0.691900,1.00,-1766.097,188.545,0.523649,0.545220
1330,2MJK,93.29,0.767200,1.00,-4034.151,195.912,0.126101,0.826990
1331,2MKB,82.00,0.717700,1.00,-2109.180,59.454,0.200164,0.537140
1332,2ML7,82.26,0.684300,1.00,-2281.303,149.772,0.159614,0.550790
1333,2MLA,89.19,0.735300,1.00,-2630.371,151.312,0.110733,0.751310
1334,2MLD,91.89,0.772300,1.00,-2652.757,146.107,0.106529,0.776400
1335,2MLJ,40.28,0.531800,1.00,-582.133,100.119,1.130498,0.113150
1336,2MLO,82.81,0.591300,1.00,-1252.570,51.064,0.199077,0.463810
1337,2MLQ,81.25,0.568400,1.00,-1251.419,37.162,0.196985,0.300380
1338,2MLU,59.17,0.501900,1.00,-1878.156,89.522,0.520161,0.421740
1339,2MLV,57.50,0.560500,1.00,-1899.250,96.963,0.616318,0.394450
1340,2MM5,84.17,0.682700,1.00,-2083.216,172.087,0.154440,0.575100
1341,2MM6,86.67,0.680800,1.00,-2257.848,191.733,0.169443,0.598380
1342,2MMM,68.06,0.751200,1.00,-2088.539,68.970,0.284858,0.475420
1343,2MMT,34.52,0.449500,1.00,-1107.480,100.946,0.898329,0.132620
1344,2MMW,39.29,0.453200,1.00,-968.920,116.073,0.735207,0.143940
1345,2MN1,95.83,0.806800,1.00,-2074.502,189.770,0.077835,0.777260
1346,2MN3,30.68,0.358200,1.00,-2044.559,280.594,0.977672,0.243930
1347,2MOC,93.18,0.780900,1.00,-445.308,24.816,0.081148,0.591360
1348,2MOF,55.36,0.643700,1.00,-2760.223,114.327,0.553085,0.519920
1349,2MPJ,80.00,0.675400,1.00,-1279.183,134.437,0.238801,0.458410
1350,2MPQ,95.83,0.802700,1.00,-2299.020,167.107,0.096806,0.845240
1351,2MQ2,39.29,0.446600,1.00,-398.581,53.471,0.683074,0.268330
1352,2MQ4,43.18,0.486600,1.00,-225.213,60.465,0.760599,0.157760
1353,2MQ5,60.00,0.470100,1.00,-78.707,46.502,0.324866,0.206370
1354,2MQF,99.26,0.823700,1.00,-2131.041,136.445,0.052568,0.900730
1355,2MQU,93.57,0.758900,1.00,-2271.538,169.270,0.085524,0.808810
1356,2MR9,90.34,0.774700,1.00,-4191.477,154.468,0.138068,0.806070
1357,2MRB,66.13,0.555000,1.00,-1914.855,183.936,0.377349,0.412660
1358,2MRF,81.82,0.708000,1.00,-2259.817,138.587,0.236748,0.625610
1359,2MRT,65.83,0.566300,1.00,-1959.895,192.564,0.313596,0.402450
1360,2MRW,40.62,0.311900,1.00,-3451.719,130.052,1.071916,0.371330
1361,2MSF,51.72,0.468500,1.00,-1697.905,198.104,0.673621,0.440520
1362,2MSO,77.50,0.607800,1.00,-1929.106,194.082,0.285213,0.509730
1363,2MSQ,85.19,0.655000,1.00,-1902.489,106.036,0.236019,0.607800
1364,2MSU,67.50,0.608800,1.00,-1240.303,33.460,0.362949,0.287960
1365,2MT7,92.86,0.774800,1.00,-2293.322,180.379,0.126349,0.782710
1366,2MT8,78.21,0.629900,1.00,-2427.393,191.583,0.298442,0.599170
1367,2MTM,52.63,0.497100,1.00,-881.879,129.803,0.412497,0.133790
1368,2MTO,75.00,0.533200,1.00,-690.667,52.412,0.267200,0.398470
1369,2MTT,69.23,0.499300,1.00,-675.998,44.349,0.310937,0.252990
1370,2MTU,71.15,0.475200,1.00,-708.655,36.245,0.392269,0.382610
1371,2MTW,77.50,0.612700,1.00,-1175.208,67.752,0.362750,0.392900
1372,2MTY,51.25,0.542900,1.00,-1126.965,68.260,0.472990,0.171710
1373,2MU6,86.25,0.689900,1.00,-1426.453,46.181,0.171931,0.407110
1374,2MU7,82.50,0.670000,1.00,-1238.388,60.222,0.238689,0.320730
1375,2MU8,42.50,0.436300,1.00,-1213.576,65.091,0.527096,0.108830
1376,2MU9,77.50,0.667300,1.00,-1395.456,60.286,0.388886,0.386990
1377,2MUA,79.76,0.697800,1.00,-1264.088,40.954,0.273368,0.449020
1378,2MUB,92.26,0.732300,1.00,-3508.860,235.008,0.206720,0.826440
1379,2MUE,73.75,0.648400,1.00,-1364.843,66.022,0.317676,0.319900
1380,2MUF,86.25,0.705700,1.00,-1291.272,58.727,0.174522,0.372240
1381,2MUH,96.88,0.687200,1.00,-713.283,95.790,0.137523,0.461910
1382,2MUJ,71.43,0.597000,1.00,-1363.646,62.163,0.322078,0.393870
1383,2MUN,94.02,0.748800,1.00,-4138.060,158.025,0.087552,0.869660
1384,2MUQ,73.86,0.726800,1.00,-2880.492,153.700,0.501404,0.632720
1385,2MV6,57.14,0.693400,1.00,-3822.406,197.774,0.627606,0.559330
1386,2MVA,43.52,0.471100,1.00,-1080.503,118.009,0.717922,0.229950
1387,2MVH,72.12,0.611200,1.00,-1669.594,79.735,0.376415,0.442280
1388,2MVI,46.51,0.414300,1.00,-3276.122,235.827,0.444237,0.331160
1389,2MVJ,82.69,0.659200,1.00,-2018.922,36.762,0.182490,0.598330
1390,2MVK,53.85,0.549900,1.00,-1434.713,114.836,0.636618,0.309670
1391,2MVL,66.35,0.624500,1.00,-1362.925,110.458,0.550062,0.258650
1392,2MVM,50.57,0.590300,1.00,-2499.883,152.275,1.131736,0.430290
1393,2MVN,64.77,0.691500,1.00,-2556.677,147.953,0.659188,0.527580
1394,2MVT,86.17,0.670900,1.00,-4093.502,158.982,0.173606,0.775570
1395,2MW0,88.79,0.701000,1.00,-1928.125,193.787,0.150705,0.648620
1396,2MW3,38.10,0.501800,1.00,-1045.047,80.974,0.984965,0.175230
1397,2MW7,66.22,0.556500,1.00,-2382.804,250.108,0.455054,0.519940
1398,2MW9,82.43,0.704600,1.00,-2449.152,166.819,0.285488,0.670700
1399,2MWA,76.35,0.649000,1.00,-2622.541,165.453,0.387036,0.576690
1400,2MWB,81.08,0.689500,1.00,-2588.933,168.688,0.229949,0.657900
1401,2MWD,88.39,0.725600,1.00,-1787.431,145.197,0.113512,0.568550
1402,2MWE,83.93,0.683700,1.00,-1654.481,137.766,0.142088,0.487150
1403,2MWF,87.50,0.724400,1.00,-2087.914,155.351,0.118570,0.657100
1404,2MWJ,93.06,0.815700,1.00,-2389.901,186.603,0.097758,0.787190
1405,2MWK,94.44,0.834300,1.00,-2284.450,192.324,0.089893,0.796720
1406,2MWL,65.62,0.555800,1.00,-796.398,44.686,0.378374,0.208860
1407,2MWT,61.76,0.622200,1.00,-2017.223,93.289,0.561007,0.453950
1408,2MX4,42.78,0.576000,1.00,-2350.946,186.446,1.174991,0.343590
1409,2MXG,57.81,0.562200,1.00,-774.678,44.746,0.428495,0.193850
1410,2MXH,53.12,0.513900,1.00,-784.808,48.590,0.681450,0.244100
1411,2MXM,97.73,0.809300,1.00,-2222.794,183.552,0.066843,0.870900
1412,2MXO,89.71,0.698500,1.00,-2206.740,174.990,0.150623,0.707980
1413,2MXP,94.70,0.790100,1.00,-2681.276,147.312,0.175628,0.818250
1414,2MXQ,66.91,0.586300,1.00,-2127.944,139.016,0.306750,0.454360
1415,2MXV,79.65,0.667200,1.00,-2676.421,199.084,0.230311,0.619780
1416,2MYH,75.61,0.607500,1.00,-2479.954,274.078,0.362377,0.625790
1417,2MYL,91.25,0.732700,1.00,-1597.140,73.278,0.166201,0.512420
1418,2MYM,58.75,0.519800,1.00,-1466.096,52.300,0.442367,0.246340
1419,2MZ2,69.12,0.584000,1.00,-971.042,57.891,0.331330,0.255360
1420,2MZ3,70.59,0.524400,1.00,-966.101,66.583,0.344143,0.247560
1421,2MZ4,82.61,0.640100,1.00,-4076.856,168.608,0.186568,0.720210
1422,2MZ7,20.65,0.496800,1.00,-1305.829,314.775,1.310550,0.225390
1423,2MZA,58.82,0.505000,1.00,-817.334,75.069,0.462375,0.322980
1424,2MZX,95.00,0.606000,1.00,-694.909,28.968,0.080186,0.537830
1426,2N0X,35.94,0.510700,1.00,-511.666,116.242,0.935524,0.146530
1427,2N16,73.75,0.562900,1.00,-1226.900,54.594,0.291720,0.248170
1428,2N1C,66.30,0.572400,1.00,-1300.020,95.136,0.400366,0.305600
1429,2N1N,92.14,0.755900,1.00,-2513.305,172.588,0.108472,0.752100
1430,2N1P,65.83,0.663400,1.00,-1891.835,115.526,0.493465,0.442530
1431,2N1S,97.50,0.779700,1.00,-1912.131,130.989,0.098514,0.751800
1432,2N24,83.06,0.660200,1.00,-2114.921,150.783,0.274159,0.650310
1433,2N2C,41.28,0.590400,1.00,-2179.760,142.374,0.702555,0.335930
1434,2N2F,69.23,0.541900,1.00,-410.611,73.328,0.455639,0.353630
1435,2N2G,89.39,0.749800,1.00,-2140.528,222.887,0.171162,0.692150
1436,2N2S,83.59,0.666500,1.00,-2570.981,149.038,0.235651,0.591960
1437,2N3P,92.19,0.765500,1.00,-2093.523,164.387,0.122821,0.721930
1438,2N4K,57.56,0.584400,1.00,-1965.442,134.922,0.464048,0.398310
1439,2N4R,84.46,0.739500,1.00,-2299.812,202.203,0.474466,0.725930
1440,2N4S,87.84,0.748300,1.00,-2398.888,204.024,0.383873,0.757420
1441,2N4T,84.46,0.766700,1.00,-2380.258,186.143,0.381917,0.718570
1442,2N4U,82.43,0.697000,1.00,-2710.861,179.223,0.192912,0.650880
1443,2N4V,78.38,0.716500,1.00,-2562.736,171.486,0.478597,0.647470
1444,2N4W,85.81,0.759400,1.00,-2701.304,168.601,0.189103,0.715050
1445,2N58,85.00,0.627900,1.00,-2516.114,72.839,0.180501,0.594340
1446,2N5C,36.67,0.446300,1.00,-718.999,58.522,0.804924,0.110420
1447,2N5J,81.12,0.698100,1.00,-4869.918,125.504,0.266244,0.736570
1448,2N5K,80.17,0.658500,1.00,-1557.815,143.342,0.297008,0.567670
1449,2N5Q,87.04,0.675900,1.00,-1909.163,132.970,0.157520,0.603020
1450,2N5R,91.67,0.689900,1.00,-642.439,41.001,0.167566,0.511000
1451,2N63,43.75,0.470800,1.00,-806.610,46.369,0.537830,0.251850
1452,2N68,36.96,0.564900,1.00,-761.431,126.731,1.132170,0.174880
1453,2N6B,69.12,0.555100,1.00,-2616.003,162.953,0.262545,0.517310
1454,2N6M,73.81,0.726400,1.00,-1293.928,26.056,0.243632,0.316140
1455,2N6N,89.06,0.734900,1.00,-1987.085,152.479,0.119521,0.656100
1456,2N6O,82.86,0.645100,1.00,-2497.553,201.273,0.367711,0.663190
1457,2N6U,27.50,0.386500,1.00,-1374.176,31.323,0.919854,0.198940
1458,2N6V,40.62,0.474500,1.00,-1154.679,102.624,0.678501,0.188300
1459,2N7F,76.56,0.601300,1.00,-2688.463,256.799,0.233489,0.497650
1460,2N7I,66.22,0.705900,1.00,-3004.707,79.038,0.340627,0.535070
1461,2N85,70.73,0.692200,1.00,-2732.700,102.979,0.261203,0.666090
1462,2N8B,59.72,0.529300,1.00,-2293.540,323.433,0.457405,0.414320
1463,2N8E,72.06,0.614300,1.00,-1805.391,234.148,0.323769,0.500610
1464,2N8H,81.43,0.638500,1.00,-2181.675,251.066,0.241122,0.601390
1465,2N8S,85.90,0.731500,1.00,-2442.825,171.861,0.318000,0.732960
1466,2N8U,74.36,0.672400,1.00,-1980.931,187.925,0.378957,0.606540
1467,2N92,53.23,0.525700,1.00,-2001.937,52.763,0.715466,0.423830
1468,2N94,90.10,0.755300,1.00,-3073.979,240.512,0.165411,0.820250
1469,2N95,88.27,0.792600,1.00,-3037.420,238.290,0.199619,0.780120
1470,2N9C,38.75,0.444400,1.00,-448.820,115.611,0.658119,0.095880
1471,2N9M,62.50,0.567300,1.00,-750.175,52.235,0.512786,0.244660
1472,2N9N,54.69,0.465100,1.00,-795.446,42.842,0.489252,0.264740
1473,2N9O,80.95,0.775300,1.00,-3013.332,318.730,0.468204,0.734740
1474,2N9T,79.17,0.621500,1.00,-1920.310,185.969,0.240307,0.482680
1475,2N9Z,29.17,0.400600,1.00,-2687.555,331.835,0.853696,0.248960
1476,2NA3,87.50,0.596600,1.00,-840.278,29.450,0.185129,0.559800
1477,2NA8,69.32,0.655700,1.00,-3477.229,148.771,0.532412,0.601320
1478,2NA9,76.70,0.709200,1.00,-3963.536,131.211,0.343666,0.632920
1479,2NAB,75.00,0.702000,1.00,-2839.539,180.349,0.348693,0.629650
1480,2NAE,39.53,0.504000,1.00,-2165.141,148.874,0.653692,0.263910
1481,2NAJ,85.61,0.707400,1.00,-2206.638,128.876,0.178846,0.680350
1482,2NAL,93.75,0.646800,1.00,-855.471,32.135,0.184182,0.417890
1483,2NAT,43.75,0.500400,1.00,-2140.970,55.406,0.881581,0.239590
1484,2NAU,69.64,0.593500,1.00,-1794.824,57.153,0.347157,0.395440
1485,2NAW,56.41,0.573100,1.00,-3042.589,170.857,0.511360,0.453230
1486,2NB2,90.13,0.745600,1.00,-3358.609,100.773,0.121279,0.774320
1487,2NB5,64.71,0.437700,1.00,-814.315,89.027,0.307943,0.271710
1488,2NB6,93.75,0.831900,1.00,-883.110,66.793,0.117512,0.531500
1489,2NB7,75.00,0.605000,1.00,-986.815,36.749,0.489137,0.456310
1490,2NB8,62.04,0.583800,1.00,-1780.379,132.032,0.798445,0.472320
1491,2NB9,82.14,0.739300,1.00,-3442.649,236.312,0.330311,0.743700
1492,2NC3,92.42,0.801800,1.00,-2210.841,224.304,0.101771,0.729250
1493,2NC4,87.88,0.781500,1.00,-2254.788,169.242,0.149890,0.664190
1494,2NC5,93.18,0.805700,1.00,-2271.643,166.280,0.120188,0.778730
1495,2NC6,93.18,0.796100,1.00,-2207.341,179.885,0.141349,0.774800
1496,2NC7,81.94,0.670000,1.00,-916.013,109.968,0.181621,0.290480
1497,2NCS,72.22,0.687200,1.00,-2826.684,92.960,0.251121,0.524120
1498,2NCT,86.11,0.719600,1.00,-2807.837,86.191,0.280646,0.714480
1499,2NCU,63.10,0.574800,1.00,-1476.148,72.795,0.414569,0.235040
1500,2NCV,61.90,0.580200,1.00,-1512.295,63.285,0.592612,0.268130
1501,2NCW,58.33,0.633400,1.00,-1766.081,83.146,0.469223,0.306430
1502,2NCX,80.21,0.771300,1.00,-1693.051,33.570,0.182362,0.753700
1503,2NCY,62.50,0.652200,1.00,-1623.086,50.257,0.473298,0.444980
1504,2ND2,86.93,0.732800,1.00,-3852.422,144.339,0.167690,0.754580
1505,2ND3,97.37,0.765000,1.00,-2970.898,165.866,0.066115,0.884580
1506,2ND6,73.53,0.592900,1.00,-1162.363,50.667,0.271469,0.313400
1507,2ND7,72.06,0.625200,1.00,-1223.881,46.723,0.352010,0.250160
1508,2ND8,64.71,0.538000,1.00,-1153.464,35.610,0.417049,0.279670
1509,2NDB,62.76,0.502700,1.00,-3001.456,288.512,0.459540,0.525470
1510,2NDC,68.06,0.558000,1.00,-1068.158,36.879,0.404096,0.349850
1511,2NDE,56.94,0.525200,1.00,-982.160,38.111,0.451529,0.202900
1512,2NDI,47.83,0.500300,1.00,-2477.622,274.101,0.640242,0.308270
1513,2NDK,50.00,0.735400,1.00,-3008.461,162.303,0.837564,0.400520
1514,2NDL,75.00,0.661300,1.00,-870.867,130.802,0.245310,0.237940
1515,2NDM,59.62,0.608600,1.00,-651.817,71.861,0.274333,0.227340
1516,2NDN,89.06,0.734500,1.00,-821.452,76.823,0.149424,0.283460
1517,2NOR,57.50,0.503700,1.00,-351.800,67.453,0.350768,0.302390
1518,2NOU,90.00,0.703000,1.00,-419.858,38.350,0.112542,0.405880
1519,2NR1,81.48,0.701000,1.00,-1653.333,80.894,0.317476,0.603930
1520,2NS4,73.21,0.508200,1.00,-464.249,58.686,0.241776,0.344700
1521,2NVJ,58.00,0.537900,1.00,-1784.154,62.185,0.397660,0.231570
1522,2NX6,68.52,0.579800,1.00,-1549.616,158.230,0.371215,0.345970
1523,2NX7,49.11,0.532300,1.00,-1756.367,113.188,0.655043,0.270190
1526,2NZ3,61.88,0.578200,1.00,-3096.691,170.150,0.486154,0.422100
1527,2NZZ,37.84,0.474000,1.00,-2780.390,71.595,1.183861,0.234620
1528,2O00,37.84,0.450800,1.00,-2857.563,100.669,1.013888,0.248650
1529,2O0S,64.58,0.523200,1.00,-656.656,50.767,0.401519,0.275450
1530,2OBU,58.33,0.709800,1.00,-2973.562,126.814,0.757201,0.510440
1532,2OJM,100.00,0.799700,1.00,-1494.934,29.065,0.058088,0.582830
1533,2OJN,68.18,0.593300,1.00,-1471.950,46.468,0.400696,0.290210
1534,2OJO,80.68,0.757300,1.00,-1761.273,18.792,0.161000,0.473910
1535,2OP7,48.08,0.466600,1.00,-2521.137,186.453,0.999228,0.336570
1536,2OQ9,51.04,0.588700,1.00,-1133.546,139.608,0.542177,0.218100
1537,2ORU,80.00,0.662900,1.00,-1278.770,91.629,0.298934,0.269030
1538,2OVN,88.24,0.672500,1.00,-1116.199,40.456,0.190134,0.463020
1539,2OYV,71.15,0.554200,1.00,-490.594,83.749,0.308107,0.266960
1540,2OYW,80.77,0.629500,1.00,-477.853,85.856,0.142735,0.300560
1541,2P4L,59.24,0.415400,1.00,-3133.594,234.735,0.539016,0.512000
1542,2P5J,48.53,0.417700,1.00,-795.691,74.734,0.796033,0.153260
1543,2P81,67.61,0.587200,1.00,-3115.360,144.981,0.403320,0.536540
1544,2PCO,75.96,0.655600,1.00,-1614.265,67.815,0.379558,0.521540
1545,2PDD,83.14,0.687100,1.00,-3656.016,212.542,0.259209,0.719220
1546,2PDE,31.98,0.372200,1.00,-3612.357,209.813,0.732810,0.358060
1547,2PJV,54.84,0.578000,1.00,-1100.890,108.605,0.601888,0.325790
1548,2PO8,73.53,0.649700,1.00,-1742.015,228.875,0.375426,0.562580
1549,2PPZ,74.31,0.604300,1.00,-2980.320,133.772,0.246724,0.553150
1550,2PTA,89.29,0.732600,1.00,-2455.676,207.096,0.175359,0.730210
1551,2PV6,63.64,0.616600,1.00,-1984.060,49.013,0.376027,0.323220
1552,2RLG,86.11,0.617000,1.00,-1135.851,45.905,0.276317,0.509580
1553,2RLH,87.50,0.647900,1.00,-1196.528,39.743,0.264917,0.455780
1554,2RLJ,59.38,0.536200,1.00,-648.649,65.377,0.553192,0.242440
1555,2RLW,77.21,0.713300,1.00,-2200.877,67.663,0.266656,0.592140
1556,2RME,42.11,0.573400,1.00,-2900.205,105.677,0.742018,0.278640
1557,2RMF,64.38,0.693000,1.00,-3098.988,96.630,0.345987,0.579850
1558,2RMG,48.03,0.675400,1.00,-2819.938,80.664,0.695310,0.347630
1559,2RMH,57.89,0.619100,1.00,-2679.702,106.352,0.694871,0.491340
1560,2RMI,85.83,0.756800,1.00,-2438.531,52.421,0.157358,0.602270
1561,2RMV,50.96,0.494300,1.00,-1663.099,138.474,0.520665,0.274590
1562,2RMW,40.38,0.415600,1.00,-1841.399,108.576,0.649939,0.275060
1563,2RMY,73.53,0.700500,1.00,-2126.740,107.650,0.379745,0.565300
1564,2RMZ,81.40,0.737100,1.00,-3327.726,122.741,0.239796,0.682460
1565,2RN0,70.93,0.707100,1.00,-3253.834,122.816,0.511208,0.574860
1566,2RND,67.65,0.697400,1.00,-2112.935,106.198,0.430201,0.491160
1567,2ROO,76.74,0.680000,1.00,-2890.062,175.975,0.281691,0.644030
1568,2RPS,63.28,0.671400,1.00,-1575.136,150.648,0.491757,0.409050
1570,2RQ2,70.00,0.635500,1.00,-2016.892,35.819,0.524657,0.583650
1571,2RQZ,82.24,0.712700,1.00,-2615.440,196.409,0.192934,0.660600
1572,2RR0,75.66,0.644100,1.00,-2540.483,195.183,0.246722,0.562680
1573,2RR2,80.26,0.657400,1.00,-2622.355,173.433,0.178292,0.641670
1574,2RRH,76.72,0.698400,1.00,-2214.792,71.320,0.227359,0.544650
1575,2RRI,68.10,0.689100,1.00,-2185.588,63.317,0.296444,0.440440
1576,2RRS,70.83,0.563800,1.00,-1101.389,45.247,0.327213,0.362150
1577,2RSH,74.32,0.675300,1.00,-2177.885,176.965,0.369475,0.583330
1578,2RSW,51.39,0.441900,1.00,-800.913,118.322,0.493053,0.175400
1579,2RT4,54.00,0.555900,1.00,-1175.752,96.988,0.829350,0.149250
1580,2RTY,97.50,0.768200,1.00,-1875.592,138.695,0.079988,0.790740
1581,2RTZ,87.93,0.695900,1.00,-2053.646,113.768,0.153645,0.635610
1582,2RU0,81.25,0.611200,1.00,-2657.116,174.769,0.217995,0.656210
1583,2RUM,40.79,0.468200,1.00,-802.947,156.804,0.616131,0.192360
1584,2RUN,73.61,0.635600,1.00,-1471.006,58.008,0.278809,0.308570
1585,2RUO,84.38,0.715900,1.00,-1101.704,32.390,0.116644,0.410080
1586,2RUT,84.03,0.842000,1.00,-2267.422,146.784,0.244549,0.720100
1587,2RUU,84.72,0.805000,1.00,-1965.508,124.958,0.201394,0.674280
1588,2RUV,82.43,0.773800,1.00,-2217.875,179.797,0.479238,0.744330
1589,2RUW,85.14,0.769800,1.00,-1865.277,180.211,0.259255,0.733780
1590,2RUX,80.56,0.713300,1.00,-2114.266,138.169,0.373752,0.682010
1591,2RUY,79.73,0.768200,1.00,-2139.365,180.626,0.414111,0.609190
1592,2RUZ,83.55,0.818800,1.00,-2285.563,138.728,0.347683,0.739440
1593,2RV0,79.73,0.791900,1.00,-2194.026,186.548,0.674378,0.696570
1594,2RV1,82.43,0.756900,1.00,-2481.813,227.160,0.375743,0.711420
1595,2RV2,86.81,0.792800,1.00,-1830.972,166.272,0.342043,0.749000
1596,2RV3,77.78,0.747800,1.00,-1579.135,151.562,0.472231,0.671120
1597,2RV4,81.76,0.760700,1.00,-1990.232,166.352,0.254593,0.651240
1598,2RV5,85.00,0.816600,1.00,-2018.414,158.133,0.374161,0.716320
1599,2RVD,90.00,0.673600,1.00,-479.557,39.916,0.114365,0.433260
1600,2SH1,73.44,0.623900,1.00,-2761.037,257.820,0.476193,0.648890
1601,2V1V,84.48,0.702700,1.00,-1942.315,134.317,0.149131,0.554050
1602,2VY4,79.05,0.677600,1.00,-2528.293,132.092,0.313265,0.622220
1603,2VY5,79.73,0.688200,1.00,-2602.970,125.170,0.293619,0.617180
1604,2W0T,81.40,0.716200,1.00,-2756.169,162.199,0.266600,0.700900
1605,2W9O,67.93,0.594700,1.00,-2759.459,257.031,0.480923,0.565850
1606,2W9U,67.93,0.630000,1.00,-2720.388,246.957,0.564709,0.582300
1607,2W9V,80.68,0.658300,1.00,-2660.631,224.063,0.372379,0.684170
1608,2W9W,74.43,0.656200,1.00,-2490.132,322.719,0.418327,0.632360
1609,2WH9,86.11,0.726100,1.00,-2513.832,156.187,0.223783,0.714500
1610,2WXC,86.70,0.754000,1.00,-3798.082,151.288,0.278029,0.757020
1611,2XL1,67.71,0.623600,1.00,-1614.883,81.550,0.703994,0.474910
1612,2YRH,65.91,0.742100,1.00,-1929.489,210.876,0.706249,0.548620
1613,2YRJ,60.87,0.745500,1.00,-2116.500,226.825,0.885937,0.547540
1614,2YRM,69.19,0.703500,1.00,-2057.161,236.751,0.522890,0.593360
1615,2YSB,82.14,0.793600,1.00,-2884.828,268.625,0.405728,0.733500
1616,2YSC,79.49,0.778200,1.00,-2406.480,167.338,0.397465,0.641970
1617,2YSF,83.75,0.785700,1.00,-2457.600,191.628,0.474740,0.710860
1618,2YSG,80.62,0.735200,1.00,-2515.599,180.579,0.354608,0.660460
1619,2YSH,70.62,0.686100,1.00,-2014.012,214.106,0.686540,0.587220
1620,2YSI,67.50,0.723300,1.00,-2155.992,174.996,0.795953,0.577110
1621,2YSO,59.24,0.653300,1.00,-2490.104,243.078,0.957182,0.497750
1622,2YSP,60.33,0.703700,1.00,-2203.822,244.568,0.873999,0.524110
1623,2YSV,60.71,0.623500,1.00,-1912.127,196.606,0.557284,0.456000
1624,2YTA,71.95,0.744800,1.00,-1962.240,147.663,0.564738,0.634640
1625,2YTB,73.81,0.759100,1.00,-2033.306,191.798,0.385296,0.576220
1626,2YTD,68.48,0.736700,1.00,-2175.886,180.748,0.640323,0.577990
1627,2YTE,74.40,0.732000,1.00,-2117.150,186.368,0.626577,0.628760
1628,2YTF,68.48,0.730400,1.00,-2136.379,206.519,0.587683,0.598550
1629,2YTG,70.11,0.723500,1.00,-2122.281,231.686,0.635234,0.586650
1630,2YTH,61.41,0.731700,1.00,-1922.019,212.700,0.928614,0.527790
1631,2YTI,66.85,0.747900,1.00,-2068.147,202.799,0.610709,0.568330
1632,2YTJ,66.30,0.702100,1.00,-2309.939,207.309,0.731654,0.573380
1633,2YTK,66.85,0.705700,1.00,-2096.165,208.764,0.684039,0.561980
1634,2YTM,59.78,0.635300,1.00,-2020.211,213.818,0.782224,0.495680
1635,2YTN,64.67,0.688900,1.00,-2015.435,182.241,0.784972,0.538450
1636,2YTO,62.50,0.707300,1.00,-2068.235,233.323,1.076871,0.568810
1637,2YTP,60.87,0.694800,1.00,-2158.092,214.183,0.797872,0.523130
1638,2YTQ,61.96,0.721100,1.00,-2185.864,235.375,0.792074,0.549240
1639,2YTR,67.39,0.717400,1.00,-2050.663,239.371,0.496120,0.545300
1640,2YTS,77.72,0.755900,1.00,-2142.346,258.947,0.286588,0.615470
1641,2YTT,65.76,0.654500,1.00,-2350.601,193.372,0.615211,0.527410
1642,2YU5,69.89,0.709100,1.00,-2321.983,235.052,0.530009,0.559090
1643,2YU8,70.11,0.746300,1.00,-2010.306,217.973,0.620685,0.616800
1644,2YYF,40.00,0.465700,1.00,-602.133,101.926,0.726252,0.231500
1645,2Z3S,76.28,0.636900,1.00,-2986.581,254.630,0.214340,0.575010
1646,2ZAJ,71.43,0.699500,1.00,-2792.159,249.332,0.570131,0.624730
1647,2ZNF,94.44,0.765800,1.00,-831.887,87.788,0.086956,0.518420
1648,3BBG,58.75,0.532700,1.00,-2976.608,165.512,0.657619,0.443730
1649,3CMH,78.33,0.557400,1.00,-1053.667,43.370,0.370583,0.420760
1650,3CTI,98.28,0.755000,1.00,-1904.970,221.260,0.074780,0.816690
1651,3LEU,52.70,0.577100,1.00,-1834.824,186.027,0.798330,0.415790
1652,3MRA,82.00,0.778600,1.00,-1969.354,58.064,0.184127,0.485650
1653,3ZNF,90.83,0.714400,1.00,-2007.948,111.843,0.136090,0.673670
1654,4A24,87.77,0.732000,1.00,-3259.426,285.580,0.198838,0.792510
1655,4APD,54.84,0.561500,1.00,-2026.853,56.082,0.490008,0.374570
1656,4B19,75.00,0.763400,1.00,-2494.119,61.136,0.258437,0.473170
1658,4B2U,81.94,0.672900,1.00,-2511.220,201.858,0.254312,0.644980
1659,4B2V,90.62,0.732600,1.00,-2094.141,176.072,0.106378,0.682770
1660,4BMF,86.84,0.713600,1.00,-2314.926,198.424,0.152336,0.717840
1661,4CYK,73.17,0.678500,1.00,-2374.852,188.153,0.433140,0.581250
1662,4ZNF,90.00,0.712500,1.00,-1976.419,143.754,0.137015,0.678880
1663,5A4H,34.62,0.384200,1.00,-1946.240,263.392,1.205390,0.228500
1664,5AAY,89.17,0.755000,1.00,-2065.287,128.849,0.190211,0.752710
1665,5AAZ,82.81,0.760100,1.00,-2071.129,123.991,0.327497,0.644280
1666,5AHT,80.81,0.686300,1.00,-2936.444,234.259,0.348854,0.679970
1667,5FZV,74.22,0.640900,1.00,-1953.925,230.559,0.478070,0.584280
1668,5FZW,81.82,0.737700,1.00,-2296.426,206.531,0.568793,0.695360
1669,5FZX,84.03,0.715800,1.00,-2313.768,194.274,0.222636,0.705040
1671,5GSF,71.30,0.577200,1.00,-1980.511,130.883,0.236813,0.340020
1672,5GVO,37.50,0.491800,1.00,-822.472,110.580,1.057852,0.201380
1673,5H1H,54.69,0.555500,1.00,-600.122,75.612,0.600989,0.234980
1674,5H1I,38.89,0.371400,1.00,-691.059,93.079,0.650815,0.160110
1675,5H2S,80.00,0.665700,1.00,-1315.421,43.046,0.216690,0.483100
1676,5I1X,87.50,0.676000,1.00,-2497.010,184.318,0.141134,0.701710
1677,5I2P,91.67,0.697700,1.00,-2581.140,172.785,0.172989,0.768670
1678,5ID5,72.00,0.665600,1.00,-1580.968,73.081,0.476482,0.456700
1679,5IJ4,91.33,0.793900,1.00,-3580.735,246.331,0.177026,0.835260
1680,5ION,92.24,0.782100,1.00,-2013.151,112.474,0.092914,0.710660
1681,5IPO,73.44,0.598100,1.00,-3301.424,225.596,0.599819,0.659800
1682,5J8T,76.60,0.658600,1.00,-3031.354,243.924,0.202705,0.674140
1683,5JHI,97.14,0.778100,1.00,-2576.323,160.882,0.068762,0.859710
1684,5JI4,98.65,0.848400,1.00,-2926.596,159.698,0.063796,0.917730
1685,5JPL,36.76,0.476700,1.00,-725.818,126.879,1.020578,0.178170
1686,5JPX,81.67,0.641700,1.00,-3331.861,204.591,0.181730,0.704250
1687,5JYH,72.73,0.610600,1.00,-2956.113,206.983,0.640143,0.657340
1688,5KGY,89.77,0.690700,1.00,-1645.101,49.355,0.163799,0.418850
1689,5KGZ,44.89,0.548400,1.00,-3324.624,146.500,0.605795,0.363400
1690,5KHB,80.95,0.641000,1.00,-1521.260,39.113,0.229770,0.332890
1691,5KI0,42.11,0.455200,1.00,-182.749,99.210,0.525968,0.133230
1692,5KKM,88.64,0.793500,1.00,-1298.129,108.255,0.163260,0.512420
1693,5KVN,93.52,0.760500,1.00,-2102.735,146.398,0.105562,0.704310
1694,5KWO,95.19,0.733500,1.00,-1897.401,100.638,0.126077,0.723240
1695,5KWX,80.00,0.657200,1.00,-1449.570,100.550,0.168007,0.419520
1696,5KWZ,99.04,0.793200,1.00,-1981.564,81.844,0.049523,0.844920
1697,5KX0,64.42,0.437300,1.00,-1895.450,79.707,0.421993,0.360640
1698,5KX1,90.91,0.745900,1.00,-1283.342,81.851,0.100444,0.426000
1699,5KX2,86.11,0.712700,1.00,-870.326,110.688,0.137966,0.297780
1700,5L1C,81.25,0.672400,1.00,-2595.458,151.615,0.200535,0.622630
1701,5L82,49.32,0.442800,1.00,-2542.058,161.175,0.646202,0.354790
1702,5LAH,30.56,0.369800,1.00,-3119.700,342.978,0.957271,0.343220
1703,5LBJ,81.43,0.807900,1.00,-2980.216,72.987,0.183344,0.614440
1704,5LCS,63.83,0.604500,1.00,-3345.250,302.149,1.041758,0.562610
1705,5LM0,86.61,0.680100,1.00,-1868.211,104.335,0.215104,0.619080
1706,5LME,81.40,0.681500,1.00,-2469.106,275.267,0.348674,0.702130
1707,5M9U,90.48,0.697300,1.00,-1270.549,106.892,0.106147,0.397850
1708,5N5A,39.86,0.548800,1.00,-1101.685,227.916,0.711633,0.257470
1709,5N5B,37.50,0.569100,1.00,-1009.982,178.319,0.588209,0.199770
1710,5NAM,61.98,0.687700,1.00,-3823.214,85.443,0.500623,0.537440
1711,5NAO,77.14,0.731400,1.00,-2717.714,66.111,0.505250,0.651970
1712,5NDA,84.09,0.771500,1.00,-2353.298,88.372,0.190019,0.641630
1713,5NVB,41.67,0.536800,1.00,-421.672,82.651,0.490644,0.171590
1714,5OAP,75.00,0.703500,1.00,-711.988,105.142,0.326895,0.342670
1715,5T3M,85.71,0.671700,1.00,-2540.550,168.555,0.176348,0.711020
1716,5T42,39.89,0.604100,1.00,-3441.743,140.837,0.893632,0.405710
1717,5T4R,86.43,0.712900,1.00,-2336.471,257.421,0.356607,0.749400
1718,5T7Q,76.19,0.687000,1.00,-1221.134,72.844,0.543709,0.431720
1719,5TCZ,70.31,0.509700,1.00,-1838.155,201.357,0.319236,0.478250
1720,5TJ1,38.16,0.458200,1.00,-661.859,112.984,0.826091,0.161460
1721,5TX8,96.43,0.802900,1.00,-2264.594,78.611,0.080716,0.840420
1722,5UG3,75.00,0.606900,1.00,-1022.718,59.687,0.273167,0.345190
1723,5UG5,56.58,0.538100,1.00,-549.980,539.501,0.497631,0.208970
1724,5UI6,36.11,0.412300,1.00,-953.274,36.069,0.916140,0.145490
1725,5UI7,51.32,0.480300,1.00,-854.473,95.271,0.630075,0.186300
1726,5UJG,78.12,0.644400,1.00,-1551.102,78.731,0.188381,0.349520
1727,5UJH,61.96,0.501500,1.00,-1324.066,92.611,0.374272,0.206680
1728,5UJQ,80.17,0.729200,1.00,-2028.100,42.779,0.225688,0.548410
1729,5UJR,64.39,0.609600,1.00,-2067.956,76.967,0.609441,0.451940
1730,5UKZ,52.84,0.550400,1.00,-2385.507,225.898,0.875666,0.458990
1731,5UOI,88.95,0.659800,1.00,-3740.969,146.864,0.176347,0.799290
1732,5UP5,83.12,0.619800,1.00,-3462.222,202.965,0.178579,0.667670
1733,5UY2,46.25,0.528600,1.00,-1385.343,39.389,0.552425,0.166720
1734,5UZL,34.09,0.560400,1.00,-1246.165,264.036,1.439543,0.239180
1735,5V0Y,97.62,0.762500,1.00,-1507.162,100.051,0.078097,0.466800
1736,5V11,91.67,0.726900,1.00,-1214.499,116.205,0.102900,0.376170
1737,5V2B,55.00,0.588800,1.00,-1279.671,54.939,0.438761,0.127380
1738,5V4C,55.88,0.504000,1.00,-307.607,85.466,0.569881,0.253710
1739,5V4U,78.75,0.695900,1.00,-2923.398,96.669,0.261106,0.606870
1740,5VAV,87.50,0.702900,1.00,-665.924,81.239,0.124137,0.277300
1741,5VFW,55.00,0.439500,1.00,-2007.193,69.146,0.485689,0.262170
1742,5VL6,29.41,0.418100,1.00,-321.645,73.396,0.777137,0.119880
1743,5VR5,55.00,0.496900,1.00,-1229.342,64.402,0.397265,0.172500
1744,5W54,57.00,0.540100,1.00,-948.352,159.101,0.471472,0.246900
1745,5W9F,93.29,0.747800,1.00,-3370.347,228.662,0.105694,0.835060
1746,5WCV,42.24,0.419300,1.00,-1738.939,182.005,0.681921,0.237410
1747,5WE3,84.56,0.703300,1.00,-2551.156,205.993,0.154596,0.629420
1748,5WOD,84.87,0.742000,1.00,-3025.690,79.474,0.132616,0.666810
1749,5WOV,79.41,0.674800,1.00,-1996.470,173.915,0.322285,0.606360
1750,5WOW,70.51,0.553000,1.00,-2580.198,245.009,0.556961,0.569370
1751,5WRX,46.15,0.520500,1.00,-421.740,60.370,0.713406,0.176340
1752,5WUZ,66.86,0.574000,1.00,-3156.136,229.808,0.296503,0.490030
1753,5WXE,84.82,0.682500,1.00,-2210.683,154.218,0.186285,0.558610
1754,5WYE,50.00,0.490700,1.00,-757.906,50.343,0.533505,0.271060
1755,5X34,95.83,0.833000,1.00,-2455.109,172.393,0.078687,0.834260
1756,5X35,97.92,0.848000,1.00,-2353.896,222.518,0.062611,0.881530
1757,5X36,98.61,0.860800,1.00,-2404.153,191.058,0.058775,0.891930
1758,5X37,98.61,0.847500,1.00,-2280.423,244.942,0.066679,0.873000
1759,5X38,100.00,0.861000,1.00,-2251.056,264.584,0.047857,0.925970
1760,5X39,97.92,0.852600,1.00,-2440.801,211.629,0.067147,0.864580
1761,5X3C,97.22,0.842200,1.00,-2349.130,163.478,0.075231,0.858430
1762,5X3L,77.50,0.692300,1.00,-1299.243,41.249,0.214002,0.329820
1763,5XA6,72.37,0.575800,1.00,-2710.151,187.878,0.301157,0.532970
1764,5XBD,65.97,0.539300,1.00,-2177.090,213.022,0.306984,0.461960
1765,5XDI,66.88,0.556700,1.00,-3072.436,246.210,0.298932,0.479120
1766,5XDJ,92.86,0.784500,1.00,-1337.692,30.153,0.106404,0.443100
1767,5XEK,70.83,0.595000,1.00,-3397.318,244.644,0.317411,0.547510
1768,5XIV,71.25,0.560200,1.00,-1238.745,113.696,0.264790,0.162540
1769,5XM4,32.35,0.391600,1.00,-910.915,62.665,0.755295,0.243760
1770,5XNG,94.12,0.728400,1.00,-1360.002,43.609,0.093540,0.474140
1771,5XO3,67.86,0.631800,1.00,-986.295,94.572,0.387029,0.257250
1772,5XO4,66.67,0.701800,1.00,-887.778,110.104,0.325438,0.219440
1773,5XO5,67.86,0.576400,1.00,-820.509,102.137,0.389893,0.183270
1774,5XRX,57.35,0.536800,1.00,-1423.243,34.578,0.579868,0.270100
1775,5Y0H,88.10,0.709000,1.00,-1109.485,102.004,0.189118,0.386140
1776,5Y0I,92.86,0.732500,1.00,-1301.450,98.050,0.106254,0.471280
1777,5Y0J,95.24,0.733300,1.00,-1208.208,130.898,0.099096,0.358540
1778,5Y22,81.82,0.691900,1.00,-1387.711,98.876,0.237124,0.364000
1779,5Y3U,80.68,0.660100,1.00,-1469.059,78.032,0.282879,0.393670
1780,5YKK,66.67,0.550000,1.00,-1139.386,37.376,0.373279,0.303710
1781,5YKL,60.53,0.523600,1.00,-1178.243,49.078,0.500561,0.227850
1782,5YKQ,64.47,0.528300,1.00,-1215.159,40.521,0.387846,0.289360
1783,5YZ6,89.80,0.724000,1.00,-4335.429,213.928,0.124703,0.806630
1784,5YZK,90.31,0.747800,1.00,-4485.860,186.784,0.111095,0.832690
1785,5Z1Y,44.05,0.486100,1.00,-890.388,91.117,0.816935,0.291900
1786,5Z26,58.33,0.545500,1.00,-824.911,38.607,0.530185,0.274080
1787,5Z2O,93.06,0.715800,1.00,-1042.108,44.012,0.144576,0.611940
1788,5Z31,36.11,0.442300,1.00,-556.499,137.511,0.797220,0.172920
1789,5Z32,33.33,0.427100,1.00,-445.081,90.413,0.721546,0.081000
1790,5Z5W,79.17,0.618000,1.00,-719.255,31.464,0.228484,0.375750
1791,5Z5X,72.22,0.574400,1.00,-1482.132,25.770,0.417083,0.389910
1792,5ZCN,29.76,0.386200,1.00,-1135.705,74.225,0.815428,0.137860
1793,5ZNF,95.83,0.764400,1.00,-1891.968,147.444,0.117694,0.770830
1794,5ZV6,81.67,0.691400,1.00,-1861.053,99.004,0.212351,0.493180
1795,5ZYX,61.25,0.578500,1.00,-1494.958,54.245,0.532515,0.296510
1796,6A5J,80.77,0.644500,1.00,-655.380,35.054,0.231395,0.352120
1797,6A8Y,26.92,0.432500,1.00,-972.581,172.464,1.004866,0.164290
1798,6AAB,66.67,0.687500,1.00,-897.556,129.687,0.723921,0.330410
1799,6AFQ,82.14,0.723800,1.00,-980.563,129.395,0.264626,0.380280
1800,6AHZ,52.14,0.617300,1.00,-2019.232,157.581,0.635072,0.367820
1801,6AK0,45.24,0.395200,1.00,-1375.293,113.047,0.542890,0.148280
1802,6AX2,78.80,0.664200,1.00,-2976.775,270.138,0.237184,0.670210
1803,6B3U,65.00,0.730200,1.00,-3530.354,85.370,0.542237,0.527400
1804,6B5W,42.11,0.473700,1.00,-713.916,121.611,0.801380,0.187370
1805,6B9K,52.50,0.510800,1.00,-277.549,48.579,0.342100,0.242580
1806,6B9W,80.88,0.667800,1.00,-2937.310,120.210,0.301760,0.610770
1807,6BAM,82.35,0.631000,1.00,-2633.012,144.664,0.256222,0.660750
1808,6BB6,81.62,0.660600,1.00,-2825.603,155.060,0.254258,0.632370
1809,6BEQ,50.00,0.524100,1.00,-302.072,43.638,0.540815,0.246990
1810,6BET,45.83,0.610900,1.00,-362.744,76.478,0.691750,0.180570
1811,6BEU,57.14,0.488900,1.00,-594.151,85.333,0.521511,0.256680
1812,6BI5,83.06,0.691700,1.00,-2523.388,102.427,0.309579,0.638620
1813,6BJF,92.31,0.706300,1.00,-913.043,39.573,0.102409,0.468060
1814,6BUC,93.06,0.796500,1.00,-2341.968,166.116,0.116871,0.823740
1815,6BVU,44.64,0.410600,1.00,-819.270,63.353,0.391121,0.176650
1816,6BVW,42.86,0.383200,1.00,-680.763,112.038,0.451628,0.175820
1817,6BVX,55.36,0.395700,1.00,-763.869,73.017,0.446546,0.226720
1818,6BX9,45.00,0.445400,1.00,-718.197,59.016,0.558634,0.274000
1819,6CEG,95.83,0.716100,1.00,-1672.824,230.267,0.106563,0.775840
1820,6CEI,76.56,0.653700,1.00,-1892.663,204.434,0.295355,0.675650
1821,6CEJ,58.93,0.494800,1.00,-438.393,45.827,0.388164,0.195000
1822,6CFA,80.26,0.702600,1.00,-1093.545,41.372,0.177845,0.280310
1823,6CFB,63.71,0.528100,1.00,-1827.414,139.753,0.471953,0.426650
1824,6CGW,74.14,0.558400,1.00,-1908.381,207.569,0.276780,0.406970
1825,6CGX,69.32,0.650100,1.00,-1192.790,102.506,0.635525,0.409880
1826,6CHC,60.83,0.481800,1.00,-2027.710,152.444,0.433673,0.315890
1829,6CJ8,83.82,0.625500,1.00,-1307.245,45.582,0.175624,0.320780
1830,6CKD,90.28,0.728100,1.00,-2704.332,144.501,0.101897,0.756330
1831,6CKF,89.58,0.744000,1.00,-2697.198,162.685,0.138437,0.749860
1832,6CMH,59.52,0.507500,1.00,-1301.777,74.566,0.552943,0.322350
1833,6COO,85.29,0.669600,1.00,-1257.573,65.313,0.140363,0.333470
1834,6COP,85.29,0.591700,1.00,-1292.540,51.358,0.153599,0.377620
1835,6COQ,88.24,0.669600,1.00,-1258.529,42.565,0.154430,0.438040
1836,6COR,86.76,0.674000,1.00,-1172.171,43.906,0.237595,0.495140
1837,6COS,67.65,0.558800,1.00,-1233.617,35.680,0.350699,0.295070
1838,6COT,70.59,0.651700,1.00,-1285.111,37.899,0.319766,0.343450
1839,6COU,85.29,0.656100,1.00,-1177.307,29.466,0.283975,0.471910
1840,6COV,72.06,0.609700,1.00,-1172.140,47.329,0.408237,0.392410
1841,6COW,85.29,0.654100,1.00,-1330.886,46.295,0.197066,0.384190
1842,6CSK,85.53,0.734000,1.00,-1061.106,37.980,0.121189,0.476250
1843,6CSZ,85.53,0.728100,1.00,-1085.831,30.949,0.198472,0.461450
1844,6CT1,69.74,0.618400,1.00,-1179.814,69.281,0.358993,0.353220
1845,6CT4,80.26,0.676200,1.00,-1172.384,45.889,0.295966,0.433880
1846,6D3T,97.50,0.782500,1.00,-2027.195,106.007,0.073202,0.840350
1847,6D8H,94.53,0.761500,1.00,-2223.353,128.305,0.118979,0.806480
1848,6D8Q,95.97,0.809300,1.00,-2089.443,122.341,0.083139,0.845040
1849,6D8R,91.13,0.710000,1.00,-2044.578,146.855,0.146750,0.710290
1850,6D8S,95.16,0.727800,1.00,-2107.879,139.145,0.097419,0.758570
1851,6D8T,91.94,0.711000,1.00,-2265.782,119.016,0.127264,0.733560
1852,6D8U,95.97,0.719600,1.00,-2116.224,128.064,0.095248,0.788530
1853,6D8Y,91.13,0.702700,1.00,-2001.258,128.178,0.154227,0.735160
1854,6D93,94.35,0.741900,1.00,-2059.074,110.249,0.128032,0.760430
1855,6D9O,94.35,0.705200,1.00,-2193.771,120.002,0.152810,0.759780
1856,6D9P,91.94,0.760400,1.00,-2265.667,111.227,0.110341,0.733290
1857,6DHR,89.66,0.759300,1.00,-1966.195,160.013,0.220843,0.757760
1858,6DMZ,87.77,0.725200,1.00,-3379.204,191.125,0.127885,0.787190
1859,6DST,69.23,0.727800,1.00,-1927.159,48.624,0.284331,0.419880
1860,6DZ9,46.43,0.563900,1.00,-372.532,82.158,1.051642,0.226640
1861,6DZA,45.31,0.509600,1.00,-429.016,94.137,1.134597,0.129620
1862,6DZB,43.75,0.558500,1.00,-433.633,100.219,0.808175,0.221210
1863,6DZC,46.88,0.590400,1.00,-418.306,112.962,1.099786,0.214990
1864,6DZE,37.50,0.486500,1.00,-404.713,123.768,0.960570,0.199240
1865,6E1L,76.04,0.600900,1.00,-1459.638,91.176,0.281639,0.439760
1867,6EFE,73.15,0.625500,1.00,-2201.189,93.618,0.236182,0.384720
1868,6ENA,96.77,0.826800,1.00,-2092.090,136.636,0.075979,0.825560
1869,6F46,45.71,0.537600,1.00,-2673.080,81.656,0.828280,0.420870
1870,6F61,93.55,0.773700,1.00,-2051.305,167.303,0.131039,0.760640
1871,6FGM,95.83,0.783000,1.00,-719.637,35.138,0.071305,0.447400
1872,6FS4,66.13,0.614900,1.00,-2439.056,89.305,0.517032,0.548980
1873,6FS5,64.10,0.670900,1.00,-2706.190,157.738,0.359968,0.589340
1874,6G4I,77.08,0.727100,1.00,-1631.042,75.209,0.187308,0.396000
1875,6G4K,72.92,0.696600,1.00,-1655.469,70.795,0.287825,0.369900
1876,6G4U,62.50,0.688600,1.00,-1591.330,68.393,0.485636,0.367700
1877,6G4V,60.42,0.621500,1.00,-1620.431,52.737,0.445269,0.385600
1878,6G4X,60.42,0.630400,1.00,-1655.410,54.749,0.510015,0.360920
1880,6GIF,76.67,0.690200,1.00,-2153.412,82.039,0.323092,0.512820
1881,6GIG,68.33,0.702300,1.00,-2139.394,80.369,0.466043,0.503530
1882,6GIJ,78.33,0.635600,1.00,-738.996,36.139,0.295661,0.362180
1883,6GIK,63.46,0.570600,1.00,-762.762,29.883,0.328570,0.367540
1884,6GIL,44.23,0.521300,1.00,-635.951,23.495,0.499876,0.205930
1885,6GNZ,73.15,0.689100,1.00,-1863.253,25.045,0.406340,0.431080
1886,6GO0,75.00,0.716500,1.00,-1427.267,56.010,0.398490,0.435310
1887,6GS5,80.77,0.655700,1.00,-939.364,34.775,0.233879,0.416570
1888,6GS9,87.50,0.726900,1.00,-979.155,21.903,0.119661,0.320540
1889,6HH0,68.00,0.650300,1.00,-1627.087,71.814,0.376838,0.327360
1890,6HN9,59.09,0.659300,1.00,-2307.599,48.475,0.626471,0.469280
1891,6HT4,67.50,0.604300,1.00,-947.613,104.843,0.481966,0.215030
1892,6HZ2,69.44,0.691100,1.00,-1772.664,20.265,0.239575,0.421690
1893,6IHA,73.33,0.778400,1.00,-1844.540,74.854,0.295783,0.469950
1894,6ITH,64.63,0.743100,1.00,-3476.116,84.143,0.489842,0.761410
1895,6J12,47.32,0.523100,1.00,-2026.172,84.793,0.882305,0.309730
1896,6J9P,89.58,0.619400,1.00,-709.768,22.765,0.147171,0.454030
1897,6JI7,65.97,0.555800,1.00,-2531.797,187.109,0.358175,0.409120
1898,6JIC,88.89,0.703800,1.00,-2519.199,205.047,0.127729,0.722360
1899,6K4V,43.12,0.352100,1.00,-2367.413,231.806,1.427804,0.322560
1900,6K4W,43.33,0.612300,1.00,-2608.944,201.809,1.407495,0.336220
1901,6K50,91.88,0.752400,1.00,-2863.950,196.335,0.112577,0.798800
1902,6K51,90.00,0.779000,1.00,-2775.676,215.303,0.115499,0.791390
1903,6KLM,78.68,0.612000,1.00,-2593.695,191.041,0.275105,0.536530
1904,6KRA,89.39,0.756000,1.00,-2278.865,163.719,0.149951,0.706220
1905,6L8R,34.85,0.547100,1.00,-687.836,231.905,0.820002,0.200640
1906,6LF5,94.12,0.749900,1.00,-2521.525,145.284,0.096020,0.787580
1907,6M0Y,81.25,0.589600,1.00,-734.701,29.424,0.254795,0.476970
1908,6M19,45.00,0.435900,1.00,-851.384,70.342,0.693070,0.190700
1909,6M56,33.33,0.232300,1.00,-2095.609,186.861,1.346505,0.220520
1910,6M5C,75.64,0.653400,1.00,-2592.527,170.341,0.244029,0.572950
1911,6MBM,87.50,0.664700,1.00,-1141.380,36.954,0.136091,0.484130
1912,6MF8,48.91,0.597500,1.00,-3479.444,111.561,1.310137,0.428140
1913,6MJV,78.91,0.650300,1.00,-1734.887,162.856,0.219128,0.558020
1914,6MK4,93.33,0.686100,1.00,-1767.413,162.156,0.097629,0.747720
1915,6MK5,87.50,0.713500,1.00,-2567.110,160.008,0.189217,0.713710
1916,6MM4,86.36,0.693300,1.00,-2126.282,150.808,0.163834,0.642720
1917,6MW6,42.11,0.437100,1.00,-835.394,26.429,0.928276,0.199530
1918,6MZT,92.57,0.731700,1.00,-2408.019,188.433,0.118789,0.766700
1919,6NK9,82.81,0.717800,1.00,-2018.650,97.877,0.291691,0.647400
1920,6NOM,56.91,0.517200,1.00,-3446.770,216.487,0.564772,0.460500
1921,6NOX,96.43,0.750400,1.00,-663.637,65.117,0.084526,0.528370
1922,6NUG,80.21,0.628200,1.00,-1621.425,79.153,0.176980,0.369500
1923,6NW8,58.33,0.503600,1.00,-1633.955,172.655,0.671946,0.430150
1924,6O3Q,85.71,0.754900,1.00,-3848.155,211.506,0.299278,0.775660
1925,6O3S,78.72,0.660700,1.00,-3768.029,121.309,0.231317,0.719500
1931,6OBK,66.86,0.557000,1.00,-4595.258,154.075,0.302593,0.580810
1932,6OBW,60.29,0.537800,1.00,-1283.119,49.283,0.465284,0.231900
1933,6OC2,51.47,0.470800,1.00,-1339.421,34.402,0.433207,0.212240
1934,6OC4,66.18,0.566100,1.00,-1239.352,38.890,0.395155,0.307610
1935,6OFA,93.18,0.753700,1.00,-2896.544,105.791,0.154584,0.753050
1936,6OLD,67.65,0.516600,1.00,-1243.193,51.808,0.424420,0.292560
1937,6OQP,76.92,0.621000,1.00,-625.809,56.363,0.211202,0.259640
1938,6OTA,59.38,0.515100,1.00,-598.729,116.540,0.375776,0.142030
1939,6OTB,55.26,0.461400,1.00,-1014.569,57.323,0.661386,0.186400
1940,6OVJ,84.62,0.622300,1.00,-644.428,77.777,0.224686,0.327350
1941,6PIN,94.44,0.762900,1.00,-1026.649,89.010,0.079489,0.495850
1942,6PIO,91.67,0.774000,1.00,-978.187,102.658,0.143799,0.465410
1943,6PIP,95.83,0.781900,1.00,-1042.439,77.775,0.104616,0.566050
1945,6POR,33.93,0.465300,1.00,-1636.494,109.902,1.077083,0.174070
1946,6PPC,81.82,0.729100,1.00,-1788.143,147.421,0.218156,0.604680
1947,6PX7,77.94,0.683300,1.00,-2127.414,186.883,0.295675,0.563900
1948,6PX8,84.46,0.677800,1.00,-2577.451,199.631,0.282090,0.702920
1949,6Q1X,29.55,0.504400,1.00,-1152.471,200.346,1.123695,0.254210
1950,6Q5Z,64.66,0.521600,1.00,-1574.087,229.710,0.452705,0.407450
1951,6QAX,80.77,0.702200,1.00,-266.803,52.009,0.270941,0.332180
1952,6QB0,59.62,0.605700,1.00,-205.788,57.053,0.314603,0.251080
1953,6QB1,67.31,0.650500,1.00,-182.152,51.752,0.345555,0.323430
1954,6QES,93.75,0.752700,1.00,-3395.166,235.099,0.100487,0.818590
1955,6QET,79.17,0.692400,1.00,-2572.892,225.961,0.350152,0.667590
1956,6QJB,85.62,0.713100,1.00,-2537.793,181.548,0.182017,0.724690
1957,6QKF,86.11,0.685100,1.00,-1122.782,89.296,0.295314,0.429990
1958,6R2X,73.00,0.600300,1.00,-2024.090,56.177,0.362702,0.482090
1959,6R95,65.62,0.665000,1.00,-1684.375,56.001,0.380812,0.332390
1960,6R96,53.12,0.647300,1.00,-1675.407,50.013,0.560706,0.308550
1961,6RRL,93.75,0.664400,1.00,-766.516,21.806,0.185779,0.530860
1962,6RRO,93.18,0.742900,1.00,-752.310,21.061,0.078571,0.618840
1963,6RSF,54.00,0.467700,1.00,-1482.271,26.520,0.384922,0.220480
1964,6RSG,43.00,0.482600,1.00,-1330.370,28.857,0.621446,0.212900
1965,6RSM,75.00,0.519000,1.00,-477.571,39.908,0.256474,0.452330
1966,6RY9,50.00,0.539200,1.00,-1467.895,43.504,0.456898,0.239840
1967,6RYQ,55.00,0.472800,1.00,-1039.859,22.723,0.473266,0.203410
1968,6RZ1,43.75,0.542100,1.00,-1557.203,44.215,0.626175,0.181380
1969,6RZC,58.00,0.556300,1.00,-1563.430,37.948,0.403719,0.243780
1970,6S2D,46.88,0.547300,1.00,-1201.977,64.306,0.541815,0.234170
1971,6SAA,87.50,0.710200,1.00,-1581.740,108.260,0.191286,0.646020
1972,6SAB,63.97,0.508700,1.00,-2286.569,161.521,0.572466,0.447960
1973,6SFT,58.33,0.648600,1.00,-1530.395,187.118,0.520629,0.396760
1974,6SVC,82.86,0.733300,1.00,-2273.743,192.709,0.192942,0.643360
1975,6SVE,87.86,0.690100,1.00,-2262.842,162.269,0.162949,0.701460
1976,6SVH,92.14,0.741600,1.00,-2249.033,180.231,0.124755,0.743810
1977,6SY2,84.69,0.772500,1.00,-3853.565,197.296,0.220223,0.729510
1978,6SZF,23.81,0.342100,1.00,-1767.636,280.859,1.162136,0.208130
1979,6T33,60.80,0.440800,1.00,-3371.974,191.083,0.449354,0.502830
1980,6TVJ,40.00,0.452100,1.00,-302.941,53.505,0.505656,0.178560
1981,6TWG,90.38,0.673400,1.00,-815.926,32.411,0.268200,0.620690
1982,6U24,50.00,0.615600,1.00,-390.376,62.309,1.067693,0.226170
1983,6U6G,50.00,0.441200,1.00,-2057.725,213.888,0.541811,0.340820
1984,6U7Q,91.07,0.737000,1.00,-489.831,61.957,0.113751,0.348230
1985,6U7R,91.07,0.743600,1.00,-730.752,70.858,0.148211,0.443210
1986,6U7S,92.86,0.803300,1.00,-634.150,61.732,0.159904,0.571280
1987,6U7U,44.64,0.601600,1.00,-357.726,56.327,0.862887,0.178600
1988,6U7W,50.00,0.608400,1.00,-415.273,64.024,0.962525,0.274180
1989,6U7X,53.57,0.655900,1.00,-414.527,61.992,0.963068,0.223180
1990,6UCH,62.80,0.663200,1.00,-2353.771,109.358,0.768860,0.513640
1991,6V1N,55.88,0.526000,1.00,-1167.158,54.942,0.390329,0.259330
1992,6V6T,80.00,0.672600,1.00,-2370.851,197.925,0.268116,0.617150
1993,6VE9,61.90,0.608200,1.00,-1381.632,29.470,0.479273,0.292400
1994,6VGT,45.39,0.448300,1.00,-2281.463,54.547,1.286598,0.359150
1995,6VH8,79.17,0.659500,1.00,-3319.112,162.306,0.226948,0.581980
1996,6VLA,91.18,0.736500,1.00,-1019.296,66.692,0.139134,0.498600
1997,6VLJ,42.11,0.445700,1.00,-688.128,113.656,0.694077,0.111760
1998,6VNZ,88.71,0.703300,1.00,-2154.401,107.299,0.135169,0.646470
1999,6VPN,95.21,0.786500,1.00,-3339.604,242.223,0.087218,0.877470
2000,6VXG,26.74,0.323500,1.00,-1945.972,165.766,0.950498,0.185160
2001,6VY8,48.21,0.656500,1.00,-425.089,46.239,0.993642,0.287070
2002,6WQJ,79.29,0.641700,1.00,-2820.871,113.907,0.239799,0.598550
2003,6WQL,79.59,0.641900,1.00,-3890.881,145.199,0.292299,0.679650
2004,6X7I,72.32,0.639400,1.00,-2185.895,59.217,0.541904,0.622940
2005,6XCR,66.67,0.755300,1.00,-3041.104,159.720,0.441465,0.532720
2006,6XCU,68.33,0.703400,1.00,-2950.258,175.080,0.587751,0.629430
2007,6XN9,33.93,0.373300,1.00,-3600.001,249.089,0.828266,0.237410
2008,6XTH,44.44,0.436200,1.00,-917.629,73.974,0.801877,0.180310
2009,6XTI,30.88,0.412700,1.00,-814.466,53.302,0.871164,0.107210
2010,6XYH,90.62,0.719800,1.00,-2536.991,258.522,0.135144,0.775420
2011,6XYI,81.55,0.635900,1.00,-2616.697,248.887,0.213584,0.686550
2012,6Y1Q,42.86,0.423200,1.00,-931.579,63.795,0.747514,0.131760
2013,6YHF,66.67,0.675000,1.00,-1985.686,56.122,0.348542,0.468600
2014,6YHI,66.67,0.717600,1.00,-2296.739,35.847,0.356755,0.455730
2015,6YHO,62.50,0.737800,1.00,-1965.347,60.216,0.401663,0.513780
2016,6YHP,64.17,0.749400,1.00,-2084.437,48.752,0.327005,0.469260
2017,6YHX,71.67,0.741000,1.00,-1962.519,45.184,0.281670,0.512250
2018,6YJL,46.97,0.433200,1.00,-2046.050,153.162,0.784701,0.247950
2019,6YSE,95.11,0.799800,1.00,-4477.589,125.479,0.080922,0.884760
2020,6Z0G,51.02,0.661000,1.00,-3116.628,186.351,0.584540,0.442180
2021,6Z0H,57.14,0.721900,1.00,-3023.579,239.108,0.633076,0.496200
2022,6Z0I,54.59,0.631300,1.00,-3108.351,210.984,0.619256,0.468300
2023,7ALD,95.00,0.693300,1.00,-1180.259,77.533,0.125927,0.426960
2024,7ASY,63.64,0.625000,1.00,-2624.923,87.873,0.466753,0.406370
2025,7AT7,65.91,0.660200,1.00,-2437.026,99.381,0.481003,0.563940
2026,7ATB,63.64,0.662000,1.00,-2828.033,84.195,0.480908,0.571420
2027,7AY8,87.18,0.721000,1.00,-2382.950,176.027,0.258001,0.744390
2028,7B2F,53.23,0.523900,1.00,-2161.443,138.003,0.816664,0.378090
2029,7BW5,33.82,0.516400,1.00,-479.112,73.275,1.048967,0.197140
2030,7BWI,92.26,0.804700,1.00,-3678.136,262.254,0.238786,0.813220
2031,7BX2,87.50,0.694300,1.00,-736.788,31.330,0.107544,0.453860
2032,7BZ7,43.33,0.431300,1.00,-824.998,36.422,0.726722,0.168190
2033,7BZ8,45.00,0.424100,1.00,-975.931,49.959,0.690540,0.073360
2034,7BZ9,43.33,0.404100,1.00,-916.276,45.334,0.671091,0.168400
2035,7BZA,46.67,0.423300,1.00,-959.443,44.642,0.655760,0.140620
2036,7CCN,61.76,0.595800,1.00,-559.628,50.848,0.565251,0.299770
2037,7CCO,61.76,0.591500,1.00,-581.151,53.829,0.516441,0.254000
2038,7CK5,71.43,0.613500,1.00,-2038.962,69.581,0.391971,0.482750
2039,7CKD,35.26,0.346800,1.00,-2816.146,215.642,0.827242,0.272360
2040,7CKE,62.82,0.562100,1.00,-2768.519,213.975,0.440690,0.457070
2041,7CSS,57.69,0.571000,1.00,-613.873,92.028,0.443134,0.144750
2042,7CU6,45.00,0.416200,1.00,-943.258,50.521,0.668499,0.196800
2043,7D13,85.90,0.819500,1.00,-2717.625,61.091,0.181544,0.741080
2044,7D16,47.44,0.555800,1.00,-2725.332,56.947,1.056444,0.429510
2045,7D37,67.31,0.505500,1.00,-594.891,86.900,0.274726,0.144130
2046,7DEH,73.39,0.707100,1.00,-1936.467,63.642,0.226681,0.500790
2047,7EDK,53.95,0.479700,1.00,-993.140,94.507,0.453573,0.182730
2048,7EES,37.50,0.541800,1.00,-574.680,113.095,1.241777,0.144410
2049,7ELY,47.12,0.454700,1.00,-1844.905,169.177,0.532558,0.206630
2050,7F32,76.39,0.664200,1.00,-994.536,78.986,0.215688,0.239280
2051,7JIA,77.08,0.678000,1.00,-1339.456,151.049,0.194158,0.325700
2052,7JIY,94.79,0.734600,1.00,-1533.419,89.927,0.099381,0.588440
2053,7JNN,89.67,0.698500,1.00,-3750.897,197.070,0.147635,0.816540
2054,7JPM,74.40,0.639100,1.00,-2372.463,238.343,0.396753,0.606050
2055,7JS6,30.00,0.521100,1.00,-473.335,72.567,1.071433,0.179910
2056,7K1M,97.92,0.750500,1.00,-730.800,39.667,0.054767,0.630410
2057,7K7X,80.17,0.657600,1.00,-1972.228,149.540,0.267978,0.507750
2058,7KNN,68.75,0.555500,1.00,-965.070,52.585,0.343137,0.292030
2059,7KPD,97.41,0.791400,1.00,-2119.568,217.690,0.070514,0.769910
2060,7L53,49.11,0.392800,1.00,-2190.398,135.243,0.439132,0.226570
2061,7L54,49.11,0.366900,1.00,-2196.344,145.348,0.486174,0.219110
2062,7L55,43.75,0.316000,1.00,-2174.373,145.326,0.674855,0.271540
2063,7L7A,51.79,0.457600,1.00,-688.447,54.477,0.481358,0.252200
2064,7L83,52.70,0.657900,1.00,-3010.980,68.952,1.095358,0.427970
2065,7LCW,35.00,0.526900,1.00,-472.217,97.593,1.062698,0.132080
2066,7LGL,48.94,0.469600,1.00,-3233.057,223.875,0.995575,0.407270
2067,7LGV,56.77,0.531800,1.00,-3322.894,267.501,0.678965,0.483320
2068,7LHC,87.93,0.716600,1.00,-1864.761,228.112,0.218952,0.663180
2069,7LI2,44.32,0.584200,1.00,-873.074,102.196,0.948959,0.158760
2070,7LIF,42.05,0.502300,1.00,-868.530,104.134,0.879927,0.137820
2071,7LP4,67.55,0.536400,1.00,-3406.921,232.227,0.629145,0.569540
2072,7LQR,83.33,0.658200,1.00,-1291.682,88.348,0.263605,0.380280
2073,7LQS,73.33,0.566300,1.00,-798.414,74.963,0.331176,0.325780
2074,7LRW,41.67,0.479000,1.00,-1538.881,113.365,0.567686,0.217200
2075,7LSO,100.00,0.810900,1.00,-1224.074,22.832,0.036142,0.713230
2076,7LSP,94.44,0.774500,1.00,-1256.230,25.000,0.089107,0.497940
2077,7LT7,27.86,0.247000,1.00,-1823.670,212.301,1.498924,0.198550
2078,7LVE,69.68,0.609600,1.00,-3794.035,157.799,0.323419,0.541100
2079,7LVG,54.44,0.510300,1.00,-3426.478,166.145,0.591579,0.451860
2080,7LX4,46.95,0.413300,1.00,-2808.510,357.919,0.543933,0.300350
2081,7LZL,93.24,0.734300,1.00,-2489.409,165.518,0.132818,0.818390
2082,7M1D,46.35,0.424000,1.00,-2980.827,279.278,0.834834,0.395160
2083,7M1E,72.32,0.716400,1.00,-1760.308,53.964,0.327280,0.473580
2084,7M3U,51.85,0.364400,1.00,-1954.191,264.471,0.509703,0.176480
2085,7MJ3,30.11,0.355300,1.00,-3518.120,299.699,0.977951,0.293370
2086,7MY8,35.12,0.553100,1.00,-3203.822,120.119,1.034328,0.357120
2087,7N0T,59.38,0.508300,1.00,-860.442,65.772,0.427653,0.367880
2088,7N21,73.53,0.616500,1.00,-797.173,74.968,0.317881,0.303420
2089,7N23,80.88,0.647400,1.00,-812.547,71.827,0.250740,0.346890
2090,7N25,60.94,0.531900,1.00,-867.860,74.534,0.444887,0.331860
2091,7NIP,79.27,0.645400,1.00,-4307.716,115.070,0.177591,0.620480
2092,7NS1,85.48,0.771000,1.00,-2747.053,85.219,0.175902,0.706340
2093,7OB2,85.00,0.607400,1.00,-562.183,32.910,0.169720,0.491410
2094,7OD2,72.79,0.548200,1.00,-2365.933,228.693,0.333817,0.518890
2095,7OFM,72.50,0.718500,1.00,-1922.383,84.219,0.474757,0.612650
2096,7OFO,76.67,0.703500,1.00,-1859.282,73.248,0.350182,0.625160
2097,7OSC,85.42,0.751900,1.00,-1591.681,107.185,0.202275,0.422040
2099,7P3M,96.15,0.767400,1.00,-675.028,43.355,0.069981,0.466460
2100,7P4X,78.23,0.704600,1.00,-2049.937,66.307,0.309100,0.564850
2101,7P55,76.14,0.638900,1.00,-1815.028,40.289,0.201623,0.291370
2102,7P5G,41.00,0.421200,1.00,-1217.313,128.790,0.661934,0.165400
2103,7P5Q,41.00,0.442300,1.00,-1356.266,108.279,0.689504,0.217070
2104,7P5S,45.00,0.501400,1.00,-1168.531,142.378,0.680934,0.184520
2105,7PH8,85.48,0.783700,1.00,-2757.083,45.673,0.157961,0.713630
2106,7PHT,77.50,0.781900,1.00,-2590.721,48.000,0.202464,0.545850
2107,7PL4,72.58,0.706500,1.00,-1967.344,62.877,0.355451,0.561430
2108,7PVB,98.37,0.804700,1.00,-3429.153,155.238,0.070424,0.913040
2109,7PVM,61.29,0.598200,1.00,-1277.388,157.221,0.580144,0.439610
2110,7QAL,48.57,0.716400,1.00,-2092.969,70.520,0.976579,0.377390
2111,7QAM,50.71,0.672400,1.00,-2039.954,55.903,0.847987,0.364300
2112,7QAO,52.14,0.657300,1.00,-1949.226,67.082,0.552329,0.384040
2113,7QAP,47.86,0.679000,1.00,-2070.550,110.320,0.653175,0.362420
2114,7QLF,47.06,0.517800,1.00,-633.010,71.556,1.072260,0.196980
2115,7QXJ,89.29,0.667500,1.00,-1957.726,85.382,0.164687,0.661770
2116,7RC7,92.97,0.791900,1.00,-2063.832,193.503,0.154258,0.800190
2117,7RC8,91.41,0.784900,1.00,-2081.125,179.374,0.170993,0.783200
2118,7RFA,78.45,0.635700,1.00,-1901.499,177.173,0.361121,0.514260
2119,7RN3,94.17,0.804800,1.00,-2146.424,160.819,0.087866,0.749230
2120,7S55,98.39,0.846100,1.00,-2224.715,168.730,0.058382,0.868330
2121,7S7P,92.26,0.807800,1.00,-2968.132,146.720,0.117905,0.835980
2122,7SAG,68.55,0.531400,1.00,-1819.681,152.163,0.558513,0.494940
2123,7SKC,86.03,0.689900,1.00,-2616.333,169.483,0.163650,0.668530
2124,7T6G,52.50,0.510300,1.00,-1032.430,36.582,0.518001,0.393190
2125,7T7W,93.18,0.634700,1.00,-557.259,27.600,0.155646,0.556800
2126,7TB9,36.25,0.473400,1.00,-436.830,108.229,0.640114,0.124150
2127,7TH8,58.33,0.484800,1.00,-1983.799,155.800,0.644746,0.357290
2128,7UNX,78.47,0.634300,1.00,-2645.682,183.090,0.490860,0.622820
2129,7UV3,67.19,0.567000,1.00,-3727.059,142.658,0.571316,0.578580
2130,7V5E,68.06,0.566800,1.00,-1078.713,120.737,0.396573,0.205600
2131,7V5F,61.29,0.547800,1.00,-2721.192,185.316,0.490328,0.375580
2132,7VOZ,75.00,0.722900,1.00,-1848.644,59.209,0.327670,0.499610
2133,7VQH,31.94,0.498700,1.00,-574.710,71.942,0.776665,0.149550
2134,7VQI,30.56,0.475200,1.00,-573.465,91.899,0.737641,0.161770
2135,7W8K,43.00,0.435600,1.00,-1551.622,147.690,0.717854,0.186570
2136,7W8O,44.23,0.471600,1.00,-1789.001,105.847,0.657020,0.206500
2137,7W8R,53.85,0.497100,1.00,-1783.782,104.302,0.484079,0.217080
2138,7W8T,45.19,0.503200,1.00,-1236.426,145.134,0.643129,0.204520
2139,7W8Z,59.21,0.559600,1.00,-2522.305,191.752,0.560313,0.419510
2140,7W96,83.33,0.784600,1.00,-1099.006,106.864,0.199944,0.527460
2141,7WE3,33.06,0.454000,1.00,-1570.171,217.035,0.827143,0.251100
2142,7WEI,35.48,0.485200,1.00,-1612.498,179.225,0.760473,0.210620
2143,7Y7L,68.33,0.596600,1.00,-3035.394,252.844,0.319867,0.529770
2144,7YAB,65.91,0.538100,1.00,-2949.301,212.114,0.338879,0.524310
2145,7YFS,57.81,0.555700,1.00,-965.290,36.688,0.618241,0.260630
2146,7YHF,96.53,0.841900,1.00,-2343.848,203.944,0.083751,0.833510
2147,7YHG,97.22,0.857300,1.00,-2404.253,237.927,0.070884,0.865000
2148,7YHH,97.22,0.871200,1.00,-2450.895,191.036,0.064990,0.884460
2149,7YHI,97.22,0.842600,1.00,-2335.783,179.316,0.071931,0.847590
2150,7YRV,47.32,0.533400,1.00,-2224.246,112.507,0.664658,0.257020
2151,7YRW,29.03,0.336800,1.00,-2052.081,188.669,0.908525,0.233560
2152,7YRX,67.74,0.561100,1.00,-2160.962,147.350,0.342920,0.409970
2153,7YSS,69.64,0.576100,1.00,-945.094,30.343,0.455693,0.407570
2154,7YYI,71.55,0.711700,1.00,-2229.655,56.745,0.224708,0.576800
2155,7Z07,76.72,0.706200,1.00,-2046.080,75.856,0.194556,0.602410
2156,7Z08,74.14,0.713100,1.00,-2273.041,78.425,0.270081,0.462370
2157,7Z0B,75.00,0.750500,1.00,-2561.423,58.792,0.221185,0.650260
2159,7ZNF,83.33,0.679100,1.00,-1897.546,139.936,0.267973,0.554030
2160,7ZRF,40.28,0.442300,1.00,-858.244,64.896,0.940958,0.183910
2161,7ZRO,25.62,0.412800,1.00,-2388.024,135.780,1.133297,0.199070
2162,7ZRU,88.39,0.779000,1.00,-1932.552,106.021,0.219029,0.716530
2163,7ZWJ,38.24,0.544500,1.00,-405.726,79.227,1.062832,0.208560
2164,7ZZV,34.03,0.431800,1.00,-2535.639,129.549,1.234778,0.280190
2165,8A6I,29.76,0.358800,1.00,-2024.341,85.272,1.358340,0.291060
2166,8AHK,80.49,0.698000,1.00,-3241.114,316.898,0.230694,0.666440
2167,8B1L,84.38,0.687000,1.00,-1675.752,32.912,0.218095,0.578820
2168,8B1X,62.00,0.610000,1.00,-1509.260,41.368,0.686081,0.538670
2169,8B4R,72.50,0.632900,1.00,-1225.098,91.777,0.302035,0.253190
2170,8B6X,75.00,0.607700,1.00,-1972.546,54.267,0.276410,0.416400
2171,8B6Y,80.00,0.716700,1.00,-2054.669,47.107,0.203654,0.412410
2172,8B9Q,28.75,0.417000,1.00,-1566.579,290.228,1.345584,0.162240
2173,8B9R,27.50,0.459000,1.00,-1569.830,285.233,1.436342,0.200370
2174,8BOO,27.17,0.489700,1.00,-746.540,146.624,1.286237,0.160920
2175,8BVC,87.50,0.737500,1.00,-2956.065,271.089,0.141168,0.742310
2176,8BVZ,40.79,0.609300,1.00,-575.471,90.864,1.248573,0.145640
2177,8BWW,62.50,0.521100,1.00,-1384.042,41.446,0.403631,0.285470
2178,8CIQ,82.86,0.697800,1.00,-2179.324,195.128,0.282900,0.680310
2183,8CJT,78.57,0.693900,1.00,-2086.481,174.194,0.213098,0.584760
2184,8CM3,86.96,0.701900,1.00,-1589.272,106.435,0.173660,0.472240
2185,8DFZ,61.05,0.590000,1.00,-3315.682,220.035,1.131510,0.520240
2186,8DYM,36.21,0.552200,1.00,-926.443,177.137,1.906630,0.220460
2187,8DYN,37.50,0.484700,1.00,-1087.748,140.040,0.846446,0.130060
2188,8EB1,66.67,0.548400,1.00,-1708.712,52.908,0.577466,0.366960
2189,8EF4,47.50,0.569300,1.00,-379.784,161.610,0.826011,0.140050
2190,8F04,81.58,0.642700,1.00,-1115.769,120.308,0.304944,0.335390
2191,8FD4,86.76,0.651700,1.00,-2423.099,148.600,0.179638,0.657450
2192,8FEY,90.28,0.752000,1.00,-2394.219,163.163,0.162152,0.754520
2193,8G21,75.78,0.664100,1.00,-1982.305,111.323,0.308534,0.503050
2194,8GUC,42.36,0.386600,1.00,-2440.102,244.695,0.589073,0.301410
2195,8GVN,83.93,0.601300,1.00,-1013.039,25.508,0.228463,0.394550
2196,8H0G,68.55,0.720800,1.00,-2173.613,68.654,0.341676,0.627300
2197,8H0U,79.03,0.724000,1.00,-2101.704,107.766,0.206770,0.601460
2198,8HJC,86.36,0.703400,1.00,-2649.984,197.993,0.218682,0.717180
2199,8HJD,86.36,0.695100,1.00,-2664.748,160.339,0.205445,0.712120
2200,8HR3,55.77,0.576300,1.00,-667.719,65.734,0.461326,0.264440
2201,8HR4,61.54,0.610700,1.00,-705.765,81.128,0.380096,0.297500
2202,8HVS,90.00,0.651200,1.00,-431.708,35.824,0.214764,0.528910
2203,8HZW,56.25,0.553200,1.00,-1013.487,27.399,0.647400,0.260290
2204,8IKQ,83.93,0.594600,1.00,-630.559,59.360,0.268241,0.430100
2205,8IL1,80.36,0.522200,1.00,-682.871,55.464,0.283274,0.180510
2206,8IL2,80.00,0.642400,1.00,-677.365,64.680,0.254586,0.371390
2207,8IL6,90.00,0.658500,1.00,-658.565,60.491,0.209902,0.460480
2208,8JB4,27.08,0.373700,1.00,-1572.241,116.666,0.887243,0.153100
2209,8K3M,35.29,0.504300,1.00,-536.728,96.581,0.848209,0.226170
2210,8K3N,33.82,0.540500,1.00,-517.631,98.531,0.999284,0.196650
2211,8OR5,65.00,0.669700,1.00,-2010.180,38.086,0.372549,0.421990
2212,8ORY,86.67,0.722100,1.00,-2291.432,48.837,0.118172,0.560100
2213,8ORZ,73.33,0.687000,1.00,-1531.885,47.354,0.269943,0.467540
2214,8OS0,72.50,0.792700,1.00,-1903.488,82.811,0.260434,0.503120
2215,8OSQ,28.57,0.534200,1.00,-784.745,187.432,1.218404,0.186740
2216,8PWT,36.03,0.495900,1.00,-2783.821,79.000,1.278712,0.272570
2221,8QNT,29.08,0.594800,1.00,-3714.833,150.037,1.722514,0.260510
2222,8QTQ,71.32,0.639700,1.00,-2299.800,244.184,0.327473,0.490400
2223,8R89,61.11,0.578100,1.00,-1283.494,60.524,0.498417,0.270480
2224,8RHS,50.52,0.454800,1.00,-3320.319,212.806,0.628238,0.443420
2225,8RPQ,68.75,0.766900,1.00,-2780.469,64.891,0.289424,0.492100
2226,8RQ6,72.58,0.700600,1.00,-2398.608,50.970,0.271252,0.485200
2227,8S9Y,25.64,0.435300,1.00,-1634.664,225.709,0.842030,0.203060
2228,8SED,79.05,0.636600,1.00,-2513.228,204.731,0.236694,0.588860
2229,8SEM,85.26,0.723100,1.00,-1976.681,189.902,0.282714,0.727910
2230,8SVB,32.50,0.502800,1.00,-1406.441,105.903,1.567313,0.225040
2231,8T01,94.23,0.771500,1.00,-801.758,20.997,0.094766,0.555040
2232,8T61,89.06,0.671600,1.00,-716.744,72.471,0.185135,0.420010
2233,8T62,82.81,0.698300,1.00,-674.752,57.961,0.176730,0.291120
2234,8T63,57.81,0.487000,1.00,-629.084,75.149,0.378713,0.218340
2235,8TFV,85.71,0.738200,1.00,-953.148,112.250,0.223724,0.342790
2236,8TV4,44.23,0.437200,1.00,-1070.032,31.409,0.547603,0.170280
2237,8TXS,93.75,0.762900,1.00,-720.445,74.172,0.086891,0.397020
2238,8TYI,81.03,0.726900,1.00,-1861.013,137.175,0.206392,0.539720
2239,8UKC,33.33,0.389000,1.00,-766.950,56.227,0.802711,0.182110
2240,8ULM,75.76,0.612900,1.00,-1958.423,147.792,0.241645,0.506250
2241,8UM1,59.52,0.647700,1.00,-3125.277,134.740,0.520793,0.525370
2242,8UM2,58.33,0.603400,1.00,-3004.153,139.154,0.937351,0.457150
2243,8UNG,80.49,0.677300,1.00,-2799.334,183.834,0.201401,0.666530
2244,8UWF,89.10,0.756500,1.00,-2324.449,318.745,0.219826,0.774010
2245,8UXR,59.78,0.467800,1.00,-1571.316,162.838,0.621253,0.277410
2246,8V2M,76.79,0.643900,1.00,-1813.678,175.277,0.369942,0.509020
2247,8V2V,29.88,0.375000,1.00,-3368.122,229.627,0.947885,0.288680
2248,8VU6,88.59,0.775100,1.00,-2964.613,233.254,0.181321,0.806390
2249,8VU7,91.67,0.782600,1.00,-3217.610,262.674,0.141742,0.835470
2250,8VU8,86.63,0.711900,1.00,-2780.606,200.912,0.147605,0.738820
2251,8VYC,42.05,0.498200,1.00,-931.836,113.242,0.964532,0.168960
2252,8W0Q,65.00,0.632000,1.00,-1245.687,114.735,0.367722,0.275320
2253,8W16,73.33,0.571900,1.00,-987.949,56.257,0.286032,0.248860
2254,8W17,76.67,0.568700,1.00,-1007.761,41.307,0.249346,0.338610
2255,8W2V,32.05,0.578200,1.00,-1261.763,272.768,1.301198,0.218600
2256,8WGI,70.00,0.561000,1.00,-1627.298,141.817,0.262921,0.366590
2257,8WGJ,42.71,0.417800,1.00,-1388.558,173.047,0.545831,0.165070
2258,8WW0,67.97,0.688400,1.00,-1958.209,183.686,0.388291,0.450380
2259,8WW1,60.00,0.527700,1.00,-2484.648,138.817,0.586141,0.372960
2260,8X3N,68.75,0.505800,1.00,-701.700,101.733,0.353495,0.259750
2261,8X40,76.56,0.574800,1.00,-780.644,92.858,0.279438,0.263150
2262,8XTH,68.33,0.562700,1.00,-718.817,64.128,0.357043,0.259930
2263,8XTN,31.82,0.429500,1.00,-1107.828,212.773,1.370857,0.215570
2264,8XTO,40.48,0.423900,1.00,-776.576,101.972,0.709226,0.142800
2265,8Y3S,56.82,0.576300,1.00,-302.606,37.570,0.456596,0.372150
2266,8YD6,27.50,0.368000,1.00,-1930.790,214.566,0.846310,0.194600
2267,8ZG2,52.27,0.546100,1.00,-213.207,47.999,0.547608,0.244800
2268,8ZG3,50.00,0.490600,1.00,-142.393,36.011,0.594072,0.177470
2269,8ZG4,52.27,0.540900,1.00,-240.317,51.142,0.648536,0.261270
2270,8ZP3,32.58,0.337200,1.00,-1157.635,181.624,1.184149,0.205670
2271,8ZUG,35.87,0.547800,1.00,-424.239,114.447,0.832406,0.137320
2272,9AZI,96.30,0.813700,1.00,-1863.099,97.160,0.123025,0.849280
2273,9BET,51.79,0.657700,1.00,-2861.030,54.547,0.569891,0.570690
2274,9BF4,54.03,0.463100,1.00,-2353.478,255.291,0.631944,0.352190
2275,9BHN,54.55,0.435400,1.00,-542.716,38.282,0.484902,0.284210
2276,9BV0,86.11,0.691800,1.00,-2254.244,133.161,0.127248,0.498550
2277,9BV4,77.08,0.637700,1.00,-3211.643,198.581,0.184843,0.549400
2278,9BVS,38.46,0.461600,1.00,-971.151,28.597,0.533984,0.210310
2279,9BVU,46.67,0.448700,1.00,-1246.198,45.766,0.685412,0.255800
2280,9BVV,44.23,0.432700,1.00,-1134.396,40.861,0.479246,0.186730
2281,9CRB,97.32,0.801500,1.00,-1687.844,110.917,0.067295,0.799200
2282,9F1E,66.07,0.659000,1.00,-1501.233,87.556,0.466427,0.470990
2283,9F1F,61.54,0.667100,1.00,-2354.182,166.078,0.557434,0.522860
2284,9F1G,58.67,0.666000,1.00,-3266.248,118.905,0.495187,0.506310
2285,9FJN,93.06,0.778000,1.00,-1363.614,35.108,0.091083,0.482270
2286,9FJW,50.71,0.607300,1.00,-2051.874,135.905,0.969741,0.378940
2287,9G0M,93.00,0.784200,1.00,-1540.982,125.346,0.116194,0.622710
2288,9G0N,87.00,0.765400,1.00,-1467.411,124.890,0.168646,0.594400
2289,9G20,94.00,0.794000,1.00,-1588.381,97.262,0.163409,0.653120
2290,9G21,70.00,0.582500,1.00,-1558.791,121.239,0.304125,0.328960
2291,9G22,89.00,0.727800,1.00,-1545.028,62.832,0.161155,0.538190
2292,9G2N,89.00,0.744300,1.00,-1619.212,71.441,0.175831,0.518060
2293,9G2O,88.00,0.737800,1.00,-1555.885,73.540,0.147455,0.523010
2294,9G31,82.00,0.676700,1.00,-1506.363,71.520,0.194116,0.425390
2295,9G32,82.00,0.687100,1.00,-1549.089,80.078,0.211789,0.405300
2296,9G5P,92.00,0.749800,1.00,-1617.559,147.874,0.137971,0.550110
2297,9GDL,76.00,0.619900,1.00,-1649.735,89.130,0.293015,0.458230
2298,9GDN,80.00,0.673900,1.00,-1646.354,79.503,0.203656,0.523270
2299,9GDT,79.00,0.663100,1.00,-1589.766,84.738,0.232007,0.499560
2300,9GDU,79.00,0.644600,1.00,-1431.815,99.989,0.262216,0.516620
2301,9GE1,77.00,0.682200,1.00,-1473.537,89.274,0.260062,0.465570
2302,9GE9,78.00,0.663600,1.00,-1593.664,141.989,0.278335,0.408310
2303,9GEB,85.00,0.698700,1.00,-1475.462,163.714,0.150272,0.468110
2304,9GEC,77.00,0.695800,1.00,-1562.837,140.538,0.236271,0.401580
2305,9IKO,71.88,0.600600,1.00,-663.355,88.226,0.293697,0.255650
2306,9ILX,76.56,0.546400,1.00,-669.282,82.983,0.249972,0.291870
2307,9J5F,61.72,0.582500,1.00,-2506.846,169.265,0.411051,0.345280
2308,9J5H,70.71,0.649700,1.00,-2749.772,207.539,0.375113,0.516280
2309,9KAR,40.00,0.426900,1.00,-646.965,56.839,0.784045,0.169040
2310,9KK0,70.00,0.570300,1.00,-1238.570,173.553,0.274248,0.304350
2311,9L1M,47.92,0.478300,1.00,-243.748,40.135,0.578396,0.244930
2312,9NVH,75.00,0.609200,1.00,-1807.373,144.603,0.389826,0.563900
2313,9NWZ,32.50,0.421100,1.00,-1059.642,44.334,1.039412,0.086550
2314,9NY3,31.25,0.373200,1.00,-1157.830,54.526,1.077998,0.156770
2315,9UV5,60.00,0.436700,1.00,-293.189,55.914,0.407814,0.312040
