serial,pdb_id,gdt_ts,lddt,lddt_coverage,pred_dope,pred_molpdf,rmsd,tm_score
1,1A11,91.00,0.791500,1.00,-1922.967,42.645,0.127869,0.596370
2,1A3P,67.78,0.606500,1.00,-2818.599,284.814,0.420474,0.536660
3,1ACW,75.00,0.629700,1.00,-1953.348,166.106,0.202657,0.398510
4,1ADX,44.38,0.480000,1.00,-2353.641,263.016,0.693898,0.303690
5,1AG7,83.09,0.671500,1.00,-1780.832,262.997,0.260327,0.642360
6,1AGG,63.54,0.599800,1.00,-2635.043,268.230,0.706996,0.525710
7,1AGT,96.71,0.780700,1.00,-2806.417,201.851,0.079441,0.855110
8,1AHL,48.47,0.442100,1.00,-3488.111,328.672,0.551442,0.428410
9,1ALE,88.89,0.778400,1.00,-1416.863,28.997,0.177074,0.507640
10,1ALF,90.79,0.711600,1.00,-1599.712,42.113,0.141511,0.495380
11,1ALG,79.17,0.629100,1.00,-1314.476,53.623,0.342009,0.434980
12,1AMB,21.43,0.404400,1.00,-929.548,158.695,1.004568,0.272530
13,1AMC,22.32,0.418700,1.00,-929.548,158.695,1.012718,0.224450
14,1AML,24.38,0.352800,1.00,-1466.055,302.361,1.287267,0.205020
15,1ANP,32.14,0.427000,1.00,-1112.193,329.747,0.964513,0.158710
16,1ANS,46.30,0.438300,1.00,-1509.866,139.556,0.563231,0.214340
17,1AOO,35.62,0.431100,1.00,-2148.914,269.124,0.945333,0.245270
18,1APF,48.47,0.419000,1.00,-3732.075,272.218,0.548400,0.458720
19,1APO,85.12,0.720100,1.00,-2407.189,228.523,0.197389,0.724320
20,1AQG,77.27,0.545600,1.00,-460.586,35.949,0.316544,0.378020
21,1AQQ,36.25,0.434700,1.00,-2148.914,269.124,0.950810,0.241180
22,1AQR,36.25,0.438900,1.00,-2148.914,269.124,0.922516,0.253110
23,1ARD,93.97,0.736000,1.00,-2128.867,123.846,0.144678,0.707820
24,1ARE,93.97,0.768500,1.00,-2220.869,132.267,0.174858,0.773840
25,1ARF,88.79,0.743700,1.00,-2298.228,127.769,0.324334,0.709540
26,1ATX,51.63,0.485100,1.00,-2953.319,348.777,0.601639,0.496110
27,1AV3,86.11,0.662200,1.00,-1526.713,237.567,0.191103,0.627970
28,1AW6,81.40,0.708700,1.00,-2497.279,179.684,0.294234,0.675630
29,1AXH,92.57,0.781200,1.00,-2209.348,274.225,0.178994,0.796860
30,1AZ6,77.78,0.622600,1.00,-2248.292,183.353,0.218857,0.600200
31,1AZH,51.39,0.496000,1.00,-2248.292,183.353,0.506793,0.354230
32,1AZJ,91.67,0.763200,1.00,-2290.096,187.217,0.102902,0.758210
33,1AZK,76.39,0.668600,1.00,-2295.121,174.703,0.214873,0.537620
34,1B03,65.28,0.555900,1.00,-752.721,78.347,0.295058,0.196310
35,1B1V,81.52,0.587100,1.00,-1192.096,83.485,0.448607,0.445410
36,1B4G,34.17,0.365200,1.00,-1188.629,192.969,1.156102,0.180480
37,1B4I,25.00,0.420100,1.00,-1188.629,192.969,0.922029,0.186980
38,1B5N,77.17,0.572100,1.00,-1192.096,83.485,0.426990,0.396940
39,1B8W,82.14,0.709700,1.00,-2788.568,239.564,0.390467,0.704570
40,1B9P,71.32,0.687600,1.00,-2252.575,79.990,0.322669,0.589210
41,1B9Q,64.71,0.627600,1.00,-2252.575,79.990,0.397832,0.477390
42,1B9U,86.76,0.789000,1.00,-2960.920,58.234,0.215614,0.731030
43,1BA4,21.25,0.317400,1.00,-1466.055,302.361,1.293039,0.214010
44,1BA6,25.62,0.364500,1.00,-1466.055,302.361,1.240143,0.238150
45,1BAH,56.08,0.455600,1.00,-2433.757,208.202,0.686590,0.398720
46,1BBA,79.86,0.691200,1.00,-2641.966,131.229,0.282292,0.630410
47,1BBG,71.88,0.582900,1.00,-3127.839,193.244,0.369341,0.562390
48,1BDS,52.33,0.439400,1.00,-3301.448,249.427,0.527936,0.488390
49,1BEI,82.86,0.646000,1.00,-2725.474,201.597,0.174572,0.604680
50,1BF9,85.98,0.744200,1.00,-2402.195,227.367,0.210208,0.741990
51,1BGK,84.46,0.714400,1.00,-2972.353,149.768,0.128437,0.703600
52,1BH4,80.83,0.639600,1.00,-2154.261,207.133,0.207328,0.528240
53,1BH7,32.58,0.408600,1.00,-2013.645,163.547,0.792526,0.266830
54,1BHI,76.97,0.705000,1.00,-2060.497,140.311,0.375913,0.629780
55,1BIG,91.22,0.755600,1.00,-2964.136,233.267,0.100526,0.763870
56,1BJB,28.57,0.430700,1.00,-922.628,164.518,1.045852,0.190270
57,1BJC,35.71,0.411300,1.00,-1091.544,177.664,0.749285,0.188870
58,1BL1,47.58,0.444400,1.00,-2153.754,109.371,0.619373,0.389710
59,1BM4,57.03,0.458900,1.00,-2552.051,92.382,1.129436,0.420030
60,1BMX,59.68,0.437200,1.00,-2618.709,108.520,0.697536,0.430470
61,1BNB,82.24,0.660200,1.00,-2838.071,258.089,0.210793,0.670900
62,1BOE,79.79,0.638900,1.00,-3430.827,188.068,0.228436,0.685660
63,1BQF,71.00,0.553400,1.00,-1317.868,166.326,0.282572,0.378070
64,1BRV,50.00,0.524100,1.00,-1870.273,219.288,0.787985,0.331940
65,1BWX,52.56,0.627900,1.00,-3125.848,97.621,0.594821,0.413980
66,1BY0,82.41,0.660900,1.00,-1810.978,76.407,0.299630,0.535260
67,1BY6,48.61,0.492200,1.00,-2536.086,71.438,0.533351,0.365700
68,1BZG,61.76,0.571700,1.00,-2516.763,88.210,0.512705,0.390630
69,1C2U,38.57,0.405800,1.00,-2473.069,215.026,0.665749,0.260560
70,1C49,92.14,0.712600,1.00,-2409.303,180.676,0.110777,0.741600
71,1C4B,50.00,0.385800,1.00,-630.882,50.513,0.551861,0.234900
72,1C4E,78.57,0.685500,1.00,-2107.148,258.847,0.188312,0.616470
73,1C55,80.00,0.633700,1.00,-3074.022,203.974,0.249238,0.646730
74,1C56,82.50,0.638300,1.00,-3074.022,203.974,0.235421,0.665540
75,1C6W,80.30,0.655600,1.00,-1503.507,161.715,0.196988,0.574710
76,1CBH,99.31,0.854800,1.00,-2324.779,172.218,0.056610,0.902780
77,1CCF,82.14,0.711700,1.00,-2407.189,228.523,0.169672,0.637660
78,1CCM,42.93,0.416000,1.00,-2748.022,379.426,0.800511,0.352290
79,1CCN,42.39,0.415200,1.00,-2748.022,379.426,0.754647,0.333860
80,1CE4,62.86,0.556000,1.00,-1647.932,187.230,0.458326,0.454040
81,1CFG,30.68,0.339400,1.00,-1058.455,154.934,0.934841,0.164850
82,1CFH,37.77,0.335600,1.00,-3593.948,222.618,1.014650,0.295490
83,1CFI,37.77,0.398100,1.00,-3593.948,222.618,1.089198,0.349840
84,1CHL,77.78,0.604200,1.00,-2408.994,252.356,0.185015,0.588810
85,1CIX,77.84,0.647100,1.00,-3242.516,184.735,0.195298,0.653970
86,1CKW,38.00,0.476900,1.00,-972.870,135.741,0.740957,0.229860
87,1CKX,52.88,0.488900,1.00,-1046.838,238.207,0.488733,0.215490
88,1CKY,46.15,0.520400,1.00,-1046.838,238.207,0.592619,0.202020
89,1CKZ,34.00,0.586100,1.00,-972.870,135.741,1.228310,0.184540
90,1CMR,84.68,0.641900,1.00,-2368.430,128.956,0.146029,0.612600
91,1CO4,69.05,0.654500,1.00,-2780.095,242.769,0.524435,0.548850
92,1CQ0,57.14,0.614000,1.00,-1649.062,65.435,0.524693,0.350960
93,1CR8,79.17,0.649800,1.00,-2154.252,244.083,0.259770,0.664310
94,1CSA,72.73,0.682300,1.00,-298.647,46.389,0.240572,0.282060
95,1CTI,88.79,0.738600,1.00,-1947.729,173.519,0.124548,0.598610
96,1CW5,38.54,0.507900,1.00,-2337.914,305.673,0.937955,0.343810
97,1CW6,54.73,0.519700,1.00,-2090.953,178.244,0.882096,0.410640
98,1CWX,26.14,0.423400,1.00,-1704.241,303.013,0.837825,0.289730
99,1CXR,39.67,0.366700,1.00,-3744.819,258.133,0.699377,0.327360
100,1CYA,54.55,0.632600,1.00,-298.647,46.389,0.581102,0.254440
101,1CYB,47.73,0.686600,1.00,-298.647,46.389,0.438761,0.250190
102,1CZ6,82.00,0.674400,1.00,-1116.716,110.650,0.259932,0.473560
103,1D0R,50.00,0.554900,1.00,-1905.264,82.029,0.562524,0.378660
104,1D1H,90.71,0.689900,1.00,-2480.204,215.208,0.189842,0.745960
105,1D2J,80.00,0.649200,1.00,-2287.471,167.872,0.235568,0.639020
106,1D2L,75.56,0.625700,1.00,-2415.571,266.133,0.346682,0.654630
107,1D5Q,100.00,0.823900,1.00,-1894.970,146.438,0.049321,0.840160
108,1D6B,85.71,0.686300,1.00,-3104.920,193.988,0.310403,0.748100
109,1D6X,84.62,0.586000,1.00,-612.122,58.415,0.195469,0.443540
110,1DEC,54.49,0.506200,1.00,-2343.750,202.485,1.014771,0.474050
111,1DEP,98.33,0.773800,1.00,-1041.700,42.472,0.063610,0.484410
112,1DF6,50.83,0.427800,1.00,-2087.778,195.041,0.600981,0.311900
113,1DFE,77.03,0.617000,1.00,-2352.184,161.039,0.417824,0.594000
114,1DFS,70.97,0.573400,1.00,-2032.939,176.330,0.266690,0.436370
115,1DFT,58.33,0.438300,1.00,-1771.870,172.392,0.415195,0.286080
116,1DGZ,75.00,0.613600,1.00,-2352.184,161.039,0.437388,0.585610
117,1DJF,88.33,0.738300,1.00,-746.384,23.348,0.257483,0.505740
118,1DKC,75.00,0.607200,1.00,-2318.163,157.795,0.224094,0.580300
119,1DL0,89.19,0.758700,1.00,-2483.536,116.810,0.145421,0.724470
120,1DMC,66.94,0.595500,1.00,-2032.132,169.302,0.369705,0.448210
121,1DMD,69.35,0.592100,1.00,-2032.132,169.302,0.361174,0.453320
122,1DME,49.11,0.458400,1.00,-1709.545,149.208,0.730300,0.266330
123,1DMF,49.11,0.477700,1.00,-1709.545,149.208,0.719309,0.255170
124,1DN3,88.33,0.749300,1.00,-746.384,23.348,0.220647,0.573630
125,1DNG,85.00,0.720700,1.00,-716.644,40.431,0.207455,0.444720
126,1DPK,36.25,0.444100,1.00,-247.229,127.723,0.700976,0.179430
127,1DPQ,35.00,0.461900,1.00,-217.479,132.761,0.861771,0.127840
128,1DSK,78.57,0.667700,1.00,-1817.165,134.699,0.281687,0.496040
129,1DSQ,88.10,0.679600,1.00,-908.609,141.609,0.232561,0.429270
130,1DSV,74.19,0.686100,1.00,-1409.368,156.419,0.218814,0.458210
131,1DTC,87.50,0.729400,1.00,-1964.022,32.931,0.255824,0.647120
132,1DU1,65.00,0.525800,1.00,-1286.420,54.174,0.507564,0.288110
133,1DU9,85.71,0.651200,1.00,-1527.283,184.920,0.146409,0.497160
134,1DV0,85.11,0.699100,1.00,-5026.034,144.847,0.271285,0.777980
135,1DVW,55.56,0.587200,1.00,-730.605,58.430,0.596037,0.257050
136,1DX7,56.77,0.609300,1.00,-3880.294,89.040,0.536845,0.536450
137,1E0G,80.21,0.650300,1.00,-4198.680,183.970,0.193757,0.700640
138,1E0L,82.43,0.756600,1.00,-2325.755,165.191,0.283243,0.680950
139,1E0M,85.14,0.748600,1.00,-2264.586,142.784,0.245509,0.684400
140,1E0N,83.33,0.666900,1.00,-1760.310,129.639,0.267497,0.487580
141,1E0Q,77.94,0.645400,1.00,-1094.181,68.071,0.223203,0.264570
142,1E4Q,83.11,0.715300,1.00,-2796.881,186.967,0.221418,0.650610
143,1E4R,74.29,0.600900,1.00,-2384.663,168.235,0.295915,0.554130
144,1E4S,77.08,0.609700,1.00,-2531.563,141.261,0.259690,0.570800
145,1E4T,75.00,0.603400,1.00,-2591.379,149.248,0.384140,0.553230
146,1E8P,84.24,0.699800,1.00,-3237.042,342.244,0.218983,0.744990
147,1E8Q,85.33,0.705100,1.00,-3237.042,342.244,0.255661,0.745120
148,1E9K,46.71,0.551600,1.00,-2656.799,140.631,0.551919,0.371440
149,1ED0,92.93,0.792900,1.00,-3366.593,189.333,0.102745,0.859030
150,1ED7,87.22,0.709800,1.00,-4173.506,188.091,0.136381,0.780700
151,1EDP,82.35,0.682000,1.00,-1242.521,58.266,0.229326,0.297830
152,1EDS,42.74,0.407100,1.00,-1719.904,138.207,0.832752,0.330070
153,1EDV,26.47,0.405500,1.00,-1233.103,312.760,1.067541,0.189410
154,1EDW,31.73,0.374600,1.00,-1463.358,155.281,0.775806,0.171330
155,1EDX,21.88,0.419000,1.00,-1845.394,275.548,1.141525,0.191000
156,1EGT,89.71,0.717800,1.00,-793.279,54.617,0.162404,0.412330
157,1EHS,55.73,0.606100,1.00,-3753.805,139.340,0.495484,0.480610
158,1EI0,98.03,0.823900,1.00,-3074.384,118.941,0.070247,0.883350
159,1EMX,75.83,0.566000,1.00,-1939.634,150.964,0.292826,0.473840
160,1EMZ,82.14,0.660400,1.00,-1484.426,28.930,0.247753,0.435020
161,1EQX,58.33,0.528000,1.00,-581.916,76.884,0.436238,0.167450
162,1ERC,88.12,0.745700,1.00,-3543.706,182.060,0.113995,0.762730
163,1ERD,38.75,0.435800,1.00,-2847.678,171.088,0.874153,0.342070
164,1ERP,36.84,0.403400,1.00,-2215.662,228.132,0.759337,0.239890
165,1ERY,42.31,0.476200,1.00,-2305.953,267.807,0.755821,0.236940
166,1ESK,66.67,0.659000,1.00,-2010.798,246.055,0.363424,0.525570
167,1EWS,75.78,0.593500,1.00,-2065.771,181.244,0.230296,0.675490
168,1EYO,90.00,0.750000,1.00,-1938.462,160.381,0.184372,0.687730
169,1EZE,68.42,0.663000,1.00,-2795.402,104.018,0.284274,0.530420
170,1F3K,86.54,0.679100,1.00,-1857.927,167.268,0.134825,0.568410
171,1F4I,90.56,0.696800,1.00,-4722.691,152.964,0.128314,0.815170
172,1F7E,79.35,0.754100,1.00,-2559.272,321.387,0.270768,0.698440
173,1F7M,80.43,0.748500,1.00,-2559.272,321.387,0.245218,0.677470
174,1F8Z,88.46,0.732200,1.00,-2126.495,202.937,0.230841,0.744820
175,1FAC,33.33,0.357400,1.00,-1179.452,107.412,0.787557,0.100310
176,1FCT,21.88,0.444400,1.00,-937.417,155.488,1.907898,0.168070
177,1FDF,55.00,0.563900,1.00,-1729.462,52.622,0.398102,0.229990
178,1FEO,89.42,0.687200,1.00,-1420.123,104.743,0.122994,0.549860
179,1FF7,77.17,0.703900,1.00,-2559.272,321.387,0.268430,0.627830
180,1FFM,84.78,0.751600,1.00,-2559.272,321.387,0.186280,0.734770
181,1FGD,79.17,0.679700,1.00,-857.851,74.391,0.187700,0.278980
182,1FGE,55.00,0.536000,1.00,-785.938,93.688,0.560589,0.165310
183,1FJN,88.46,0.750400,1.00,-2941.346,163.221,0.169879,0.759960
184,1FME,75.89,0.645700,1.00,-2144.637,140.058,0.226384,0.434000
185,1FMY,43.12,0.461700,1.00,-2148.914,269.124,0.935645,0.290570
186,1FQQ,72.56,0.614000,1.00,-2887.088,316.775,0.251129,0.590730
187,1FRE,41.07,0.373200,1.00,-2977.573,230.970,0.704276,0.348020
188,1FRY,41.38,0.518200,1.00,-1699.292,72.150,0.835982,0.214340
189,1FSB,86.88,0.750200,1.00,-2574.294,211.891,0.163537,0.737020
190,1FSD,79.46,0.615800,1.00,-1928.814,108.917,0.270709,0.511350
191,1FSV,79.46,0.625200,1.00,-1928.814,108.917,0.237754,0.531600
192,1FU3,90.74,0.723900,1.00,-1840.414,136.747,0.107373,0.575090
193,1FU9,79.86,0.682000,1.00,-2349.475,196.306,0.381836,0.661440
194,1FUL,61.36,0.486200,1.00,-461.494,80.090,0.328369,0.322910
195,1FUV,63.64,0.524600,1.00,-461.494,80.090,0.281894,0.258210
196,1FV5,70.14,0.635500,1.00,-2412.457,154.977,0.654432,0.556140
197,1FVY,46.77,0.599700,1.00,-2470.428,70.192,0.923307,0.340690
198,1FW5,73.75,0.673300,1.00,-1235.881,61.784,0.340173,0.373190
199,1FWO,55.71,0.480000,1.00,-2173.434,192.601,0.510299,0.359460
200,1FYG,88.00,0.647000,1.00,-1336.676,106.452,0.137701,0.470950
201,1G04,37.50,0.303100,1.00,-1910.222,146.210,0.631121,0.216510
202,1G26,62.90,0.601500,1.00,-2148.320,206.206,0.435342,0.359750
203,1G92,51.00,0.616400,1.00,-1733.693,41.361,0.716565,0.340240
204,1G9P,63.33,0.637300,1.00,-2466.226,222.373,0.540030,0.529960
205,1GEA,72.62,0.653300,1.00,-1417.872,57.559,0.344068,0.275750
206,1GIB,70.45,0.588700,1.00,-961.115,172.223,0.270175,0.226050
207,1GK5,66.84,0.580900,1.00,-3426.134,254.329,0.334816,0.559470
208,1GM2,56.82,0.475200,1.00,-215.445,86.100,0.441954,0.351070
209,1GNA,67.31,0.622800,1.00,-593.047,118.366,0.314518,0.296370
210,1GNB,46.15,0.509400,1.00,-593.047,118.366,0.439560,0.266680
211,1GNF,78.26,0.664200,1.00,-3197.566,209.701,0.327062,0.643180
212,1GP8,75.00,0.638000,1.00,-2762.499,88.390,0.425544,0.618500
213,1GPS,92.02,0.773200,1.00,-3139.413,166.675,0.139404,0.845850
214,1GPT,92.55,0.714800,1.00,-3062.445,189.812,0.120203,0.843360
215,1GUR,80.71,0.641100,1.00,-2107.148,258.847,0.178305,0.597340
216,1GW3,55.43,0.625800,1.00,-3427.465,115.970,0.472403,0.404300
217,1GW4,38.59,0.587800,1.00,-3427.465,115.970,1.087094,0.322390
218,1H20,73.72,0.578200,1.00,-2813.390,193.472,0.461853,0.608970
219,1H5O,80.95,0.631900,1.00,-2515.266,193.042,0.264184,0.673180
220,1H7D,33.67,0.343100,1.00,-2998.561,314.447,1.859291,0.264910
221,1H7J,46.15,0.431200,1.00,-1384.547,69.389,0.748000,0.240570
222,1HA9,83.09,0.757700,1.00,-1887.804,169.024,0.372178,0.704680
223,1HD6,39.19,0.500700,1.00,-2004.191,247.841,0.950485,0.289730
225,1HEV,93.60,0.760700,1.00,-3122.406,226.733,0.132506,0.855320
226,1HFF,67.50,0.599500,1.00,-347.094,54.732,0.298326,0.373070
227,1HJ0,34.15,0.541000,1.00,-2116.819,168.541,0.829460,0.319870
228,1HLL,74.22,0.684000,1.00,-2484.825,72.998,0.306147,0.532780
229,1HLY,92.31,0.736700,1.00,-3024.457,175.848,0.099133,0.803060
230,1HN3,21.25,0.277400,1.00,-2011.937,305.540,1.289023,0.200250
231,1HNR,63.30,0.571900,1.00,-3357.591,191.796,0.344789,0.487100
232,1HNS,57.45,0.508900,1.00,-3357.591,191.796,0.412639,0.474800
233,1HO0,54.17,0.447800,1.00,-2042.466,177.383,0.567418,0.283580
234,1HO2,91.25,0.766300,1.00,-1337.022,27.597,0.110111,0.473040
235,1HO7,82.50,0.742900,1.00,-1337.022,27.597,0.176595,0.466640
236,1HO9,64.84,0.605400,1.00,-2418.205,70.734,0.396212,0.409950
237,1HOD,59.38,0.611300,1.00,-2418.205,70.734,0.427274,0.368060
238,1HOF,63.28,0.594200,1.00,-2484.825,72.998,0.343036,0.377740
239,1HP2,93.24,0.769100,1.00,-2767.104,165.513,0.098977,0.786530
240,1HP3,82.03,0.689400,1.00,-1947.078,175.850,0.314120,0.633130
241,1HP9,81.82,0.630700,1.00,-1752.157,59.784,0.192607,0.288910
242,1HPH,46.62,0.574500,1.00,-3043.486,60.119,0.834089,0.409740
243,1HPY,61.03,0.643900,1.00,-2749.787,66.084,0.428726,0.363350
244,1HRL,77.17,0.614600,1.00,-1169.248,73.094,0.391445,0.423110
246,1HTX,87.50,0.689400,1.00,-2130.833,215.471,0.176661,0.664730
247,1HU5,80.56,0.696500,1.00,-939.622,36.434,0.156012,0.396520
248,1HU6,65.28,0.605200,1.00,-835.622,26.999,0.404450,0.270880
249,1HU7,84.72,0.633900,1.00,-1004.165,28.633,0.248307,0.439050
250,1HVW,98.00,0.811100,1.00,-1526.897,115.045,0.069396,0.717370
251,1HVZ,77.78,0.655600,1.00,-1025.774,90.573,0.301245,0.267180
252,1HY9,87.80,0.748500,1.00,-2688.959,176.244,0.159875,0.766020
253,1HYK,82.61,0.673500,1.00,-3553.774,263.999,0.197505,0.721830
254,1HZ3,25.00,0.508000,1.00,-778.808,157.133,1.072764,0.121420
255,1I25,45.95,0.429900,1.00,-1503.419,259.963,1.072517,0.403770
256,1I26,83.82,0.679500,1.00,-2155.718,189.936,0.211814,0.643550
257,1I2U,82.39,0.654000,1.00,-3104.321,305.315,0.318709,0.695250
258,1I2V,88.07,0.747600,1.00,-3275.306,244.281,0.138271,0.779340
259,1I6C,70.51,0.640000,1.00,-2133.764,236.840,0.464024,0.556850
260,1I8X,73.33,0.621100,1.00,-2189.763,127.075,0.418604,0.528850
261,1I8Y,76.79,0.642000,1.00,-1756.782,126.078,0.341233,0.491610
262,1IB9,77.94,0.693700,1.00,-1887.804,169.024,0.399685,0.592160
263,1IBN,36.25,0.408000,1.00,-597.957,122.780,0.690158,0.107360
264,1IBO,35.00,0.435800,1.00,-597.957,122.780,0.681049,0.097560
265,1IC9,36.21,0.472000,1.00,-1555.455,171.260,1.276828,0.272850
266,1ICA,67.50,0.598100,1.00,-2740.447,161.611,0.591056,0.511790
267,1ICL,33.62,0.624000,1.00,-1152.572,143.397,1.691958,0.203150
268,1ICO,40.52,0.498500,1.00,-1524.517,124.683,1.304867,0.336840
269,1ID6,35.00,0.481100,1.00,-860.323,70.086,0.573806,0.176830
270,1ID7,45.00,0.443800,1.00,-860.323,70.086,0.540145,0.143790
271,1IE6,81.06,0.681700,1.00,-1395.903,162.618,0.326533,0.618760
272,1IFY,78.06,0.665800,1.00,-4838.682,150.185,0.215559,0.700090
273,1IIJ,75.00,0.705200,1.00,-2685.306,75.264,0.297826,0.652890
274,1IM1,93.75,0.748000,1.00,-649.679,47.744,0.096181,0.477210
275,1IRR,75.00,0.539100,1.00,-1005.137,151.934,0.399001,0.391500
276,1IVA,65.10,0.584000,1.00,-3088.747,199.552,0.580108,0.564610
277,1IWC,35.29,0.525600,1.00,-1247.464,139.003,1.008289,0.322090
278,1IWF,27.21,0.451600,1.00,-1247.464,139.003,1.310327,0.283810
279,1IXA,85.26,0.709700,1.00,-2228.282,184.695,0.175044,0.689190
280,1IXT,83.33,0.675900,1.00,-1764.742,113.731,0.152961,0.466400
281,1IXU,52.08,0.579300,1.00,-390.523,58.783,0.543953,0.165510
282,1IYC,42.36,0.492300,1.00,-1586.720,224.092,0.998373,0.315390
283,1IYT,32.14,0.386200,1.00,-1786.295,280.091,1.383394,0.234020
284,1J4M,91.07,0.710400,1.00,-642.368,54.944,0.148384,0.544940
285,1J5J,93.75,0.798500,1.00,-2689.406,179.551,0.099561,0.801810
286,1J5L,76.67,0.666600,1.00,-2272.448,165.060,0.194384,0.466160
287,1J5M,47.32,0.471100,1.00,-1635.582,217.513,0.700465,0.216830
288,1JBL,94.64,0.795800,1.00,-580.786,70.332,0.090934,0.644190
289,1JBN,91.07,0.741900,1.00,-580.786,70.332,0.115447,0.371900
290,1JDM,66.94,0.625000,1.00,-3062.473,51.804,0.436313,0.517840
291,1JI9,55.41,0.527700,1.00,-2152.689,230.467,0.430924,0.343830
292,1JJZ,86.21,0.696500,1.00,-1835.341,168.330,0.304596,0.621360
293,1JKZ,85.33,0.720500,1.00,-3712.552,216.796,0.138672,0.762310
294,1JLZ,90.22,0.686600,1.00,-1117.255,153.733,0.168281,0.457060
295,1JMN,84.24,0.689700,1.00,-3323.722,148.719,0.172389,0.741420
296,1JMP,83.70,0.709300,1.00,-3272.506,137.263,0.186738,0.726460
297,1JN7,70.14,0.667100,1.00,-2325.515,193.650,0.633065,0.563740
298,1JO5,43.75,0.597000,1.00,-3880.294,89.040,1.131297,0.436600
299,1JO6,41.11,0.475600,1.00,-2977.052,129.748,0.967991,0.379930
300,1JRF,50.53,0.473300,1.00,-2279.351,262.013,0.779514,0.432270
301,1JRJ,82.69,0.765800,1.00,-2675.666,121.257,0.280078,0.687260
302,1JU8,75.00,0.648800,1.00,-2769.146,213.327,0.230312,0.538950
303,1JY9,72.50,0.630800,1.00,-570.915,86.716,0.260431,0.261680
304,1K0P,35.48,0.377500,1.00,-2039.334,125.642,0.700604,0.205440
305,1K18,37.10,0.375500,1.00,-2039.334,125.642,0.686719,0.224390
306,1K1V,89.63,0.700700,1.00,-3381.653,104.196,0.112169,0.778800
307,1K36,77.72,0.629100,1.00,-3646.863,282.699,0.192210,0.677300
308,1K37,75.54,0.626900,1.00,-3646.863,282.699,0.199413,0.632970
309,1K43,92.86,0.674100,1.00,-642.368,54.944,0.093956,0.536940
310,1K48,83.62,0.688800,1.00,-1835.341,168.330,0.306674,0.587650
311,1K7B,78.72,0.695200,1.00,-2259.453,356.422,0.362772,0.682120
312,1K81,67.36,0.530400,1.00,-2395.498,175.729,0.331877,0.448080
313,1K91,78.38,0.725500,1.00,-1656.216,180.331,0.233048,0.595690
314,1KAL,65.52,0.603100,1.00,-1856.937,227.349,0.289767,0.349900
315,1KBE,69.39,0.569000,1.00,-3385.916,217.915,0.304931,0.574390
316,1KBF,68.88,0.576600,1.00,-3385.916,217.915,0.307492,0.581320
317,1KDL,75.00,0.660000,1.00,-1766.240,47.269,0.346291,0.367500
318,1KGM,91.43,0.732800,1.00,-1841.793,153.732,0.108274,0.728400
319,1KIO,79.29,0.678600,1.00,-1873.728,214.429,0.314821,0.591210
320,1KJ0,73.57,0.617600,1.00,-1738.796,184.588,0.337149,0.507820
321,1KJ5,82.64,0.679500,1.00,-2531.563,141.261,0.182266,0.641980
322,1KJ6,70.00,0.567400,1.00,-2956.801,176.878,0.647160,0.573850
323,1KLR,94.17,0.794400,1.00,-2015.739,115.517,0.162857,0.775280
324,1KLS,89.17,0.729100,1.00,-1913.743,147.882,0.202295,0.709140
325,1KMR,76.67,0.662300,1.00,-1001.539,25.220,0.357746,0.435780
326,1KOZ,75.69,0.634900,1.00,-2426.357,228.562,0.227779,0.552730
327,1KQH,80.26,0.643600,1.00,-2704.968,223.134,0.238999,0.646580
328,1KQI,79.61,0.678000,1.00,-2704.968,223.134,0.220596,0.638360
329,1KUW,80.00,0.676600,1.00,-225.588,35.071,0.320819,0.502120
330,1KV4,37.50,0.524000,1.00,-1713.211,284.113,1.024825,0.232280
331,1KWD,76.56,0.531800,1.00,-1012.305,81.079,0.213044,0.254700
332,1KWE,75.00,0.525300,1.00,-1012.305,81.079,0.233465,0.214260
333,1KX6,47.41,0.420900,1.00,-2253.009,53.991,0.525959,0.232150
334,1KZ0,76.56,0.575200,1.00,-1043.418,49.232,0.240452,0.262310
335,1KZ2,81.25,0.654000,1.00,-870.697,31.465,0.175902,0.353430
336,1KZ5,72.92,0.577900,1.00,-659.439,50.840,0.352518,0.357430
337,1L1K,50.00,0.519000,1.00,-451.472,176.320,0.448221,0.192290
338,1L2Y,98.75,0.822100,1.00,-1109.860,66.541,0.052238,0.614230
339,1L3Q,41.67,0.544000,1.00,-326.493,48.675,0.747899,0.211670
340,1L3Y,76.22,0.636900,1.00,-2587.813,241.832,0.251801,0.610600
341,1L4V,81.25,0.677100,1.00,-2713.158,133.519,0.186274,0.659750
342,1LA4,92.65,0.719300,1.00,-2085.921,242.478,0.123781,0.755160
343,1LB0,76.92,0.630800,1.00,-681.272,33.739,0.217207,0.385770
344,1LB7,78.12,0.644800,1.00,-743.425,100.318,0.302171,0.401420
345,1LBJ,76.14,0.675000,1.00,-1492.891,82.386,0.395802,0.491430
346,1LCX,82.69,0.647000,1.00,-681.272,33.739,0.212069,0.380980
347,1LDL,69.27,0.588500,1.00,-2814.165,278.133,0.340128,0.570840
348,1LDR,68.02,0.559600,1.00,-2409.049,193.438,0.313689,0.547170
349,1LFC,45.00,0.374000,1.00,-1581.236,121.828,0.598521,0.214760
350,1LGL,94.44,0.783200,1.00,-2689.406,179.551,0.095792,0.816040
351,1LIQ,44.44,0.552800,1.00,-1667.306,100.172,0.879607,0.277050
352,1LIR,88.51,0.738200,1.00,-2847.286,169.257,0.113152,0.741740
353,1LMM,67.50,0.612100,1.00,-2387.028,294.019,0.464107,0.503100
354,1LMR,73.57,0.630500,1.00,-2059.837,158.174,0.333649,0.552280
355,1LUP,77.42,0.586400,1.00,-2026.459,187.419,0.182208,0.503660
356,1LV4,34.52,0.471900,1.00,-707.564,128.598,0.972273,0.150210
357,1LVZ,84.09,0.604900,1.00,-412.385,57.156,0.210772,0.446150
358,1LYP,87.50,0.708200,1.00,-2274.719,65.405,0.148654,0.634440
359,1M02,58.33,0.471300,1.00,-513.725,60.292,0.320167,0.203440
360,1M0G,65.00,0.523400,1.00,-1681.349,355.059,0.347984,0.343970
361,1M0J,67.86,0.518900,1.00,-1870.646,223.002,0.362418,0.314390
362,1M23,92.31,0.665400,1.00,-768.014,23.972,0.095950,0.608920
363,1M25,54.81,0.419300,1.00,-1910.222,146.210,0.785138,0.359360
364,1M2S,83.78,0.642900,1.00,-2732.243,215.433,0.151034,0.653870
365,1M36,84.09,0.689200,1.00,-2464.898,112.038,0.266144,0.671880
366,1M4E,75.00,0.607300,1.00,-1244.077,103.486,0.260971,0.258580
367,1M4F,67.00,0.523000,1.00,-1465.792,133.315,0.372880,0.292350
368,1MA2,67.65,0.540900,1.00,-881.562,103.482,0.314336,0.278770
369,1MA4,47.06,0.465200,1.00,-615.379,126.081,0.837328,0.224230
370,1MA5,51.47,0.455400,1.00,-881.562,103.482,0.576033,0.125480
371,1MA6,45.59,0.487100,1.00,-615.379,126.081,0.660358,0.093170
372,1MB6,94.29,0.704600,1.00,-2426.387,246.426,0.095770,0.784950
373,1MEA,59.82,0.532100,1.00,-1369.425,162.316,0.494559,0.288300
374,1MED,59.82,0.542100,1.00,-1369.425,162.316,0.554197,0.283890
375,1MEQ,31.52,0.472500,1.00,-692.187,136.645,1.009354,0.186280
376,1MF6,50.00,0.464900,1.00,-243.799,51.337,0.446636,0.099740
377,1MGX,33.51,0.374600,1.00,-3593.948,222.618,0.967678,0.329380
378,1MHU,69.35,0.581300,1.00,-2033.336,162.315,0.276412,0.389680
379,1MKC,47.67,0.554500,1.00,-2289.332,226.920,0.647234,0.362450
380,1MM0,90.28,0.758300,1.00,-3087.928,179.796,0.131908,0.749880
381,1MMC,86.67,0.714100,1.00,-1911.583,135.765,0.146783,0.592030
382,1MOT,65.18,0.649800,1.00,-1408.929,104.750,0.566819,0.515970
383,1MPZ,40.85,0.424100,1.00,-2888.125,229.141,0.605787,0.260830
384,1MR0,82.35,0.613700,1.00,-2718.961,268.134,0.197102,0.616470
385,1MR4,90.43,0.765800,1.00,-3573.755,219.354,0.141697,0.802960
386,1MRB,75.81,0.630300,1.00,-1953.998,138.008,0.220570,0.469280
387,1MRT,65.32,0.544800,1.00,-2105.333,200.548,0.307614,0.347040
388,1MTQ,81.58,0.559000,1.00,-1221.134,73.005,0.334697,0.430690
389,1MTX,90.38,0.755300,1.00,-2969.735,166.662,0.134941,0.765970
390,1MXQ,54.55,0.533500,1.00,-412.633,407.549,0.415480,0.245800
391,1MYN,88.07,0.699200,1.00,-3220.974,258.435,0.155817,0.773100
392,1MYU,37.50,0.478100,1.00,-381.429,82.694,0.435827,0.217530
393,1MZI,50.00,0.496500,1.00,-681.272,33.739,0.359892,0.178180
394,1N0Z,68.89,0.632500,1.00,-2378.466,226.100,0.600553,0.564620
395,1N1U,91.38,0.787300,1.00,-1764.720,175.461,0.130646,0.680550
396,1N2Y,43.33,0.451600,1.00,-511.476,96.297,0.521399,0.226750
397,1N4N,95.21,0.796800,1.00,-3525.281,237.881,0.090008,0.890540
398,1N5G,34.21,0.339100,1.00,-2728.303,174.755,0.986885,0.268070
399,1N6T,70.00,0.529600,1.00,-340.534,47.759,0.332430,0.406310
400,1N8M,92.11,0.786100,1.00,-2695.983,150.969,0.129411,0.797210
401,1N9U,67.50,0.505600,1.00,-452.601,41.112,0.352775,0.299230
402,1NB1,95.69,0.809000,1.00,-1970.067,184.373,0.090681,0.756500
403,1NBJ,47.50,0.451200,1.00,-1814.063,158.292,0.629094,0.296570
404,1NBL,92.39,0.786200,1.00,-3500.600,227.616,0.114965,0.838600
405,1NC8,71.55,0.636400,1.00,-1283.618,107.114,0.536922,0.550400
406,1NCS,76.60,0.633800,1.00,-4231.698,197.334,0.338229,0.681550
407,1ND9,53.06,0.510900,1.00,-4262.410,133.652,0.407606,0.420830
408,1NE5,81.55,0.587500,1.00,-3003.484,302.312,0.278917,0.695920
409,1NIZ,50.00,0.517900,1.00,-421.275,83.706,0.638638,0.122090
410,1NJ0,54.69,0.549200,1.00,-421.275,83.706,0.632288,0.214620
411,1NJ3,87.10,0.695800,1.00,-2100.610,137.356,0.374643,0.676900
412,1NMJ,30.36,0.423700,1.00,-957.950,139.985,0.815147,0.180090
413,1NZS,35.53,0.520800,1.00,-408.974,95.698,0.856287,0.129880
414,1O53,80.00,0.636900,1.00,-816.247,61.654,0.285353,0.482230
415,1O8Y,91.07,0.703500,1.00,-580.786,70.332,0.109234,0.461760
416,1O8Z,96.43,0.760900,1.00,-580.786,70.332,0.087836,0.466760
417,1OAV,77.08,0.621500,1.00,-3088.747,199.552,0.441874,0.702370
418,1OAW,80.21,0.662700,1.00,-3088.747,199.552,0.315092,0.705300
419,1ODP,88.75,0.665300,1.00,-1599.052,38.460,0.150531,0.415610
420,1ODQ,86.25,0.688800,1.00,-1599.052,38.460,0.179057,0.376600
421,1ODR,86.25,0.634100,1.00,-1599.052,38.460,0.142053,0.352090
422,1OEF,86.46,0.733600,1.00,-1856.343,46.618,0.138348,0.558600
423,1OEG,76.09,0.712700,1.00,-1695.395,40.585,0.337997,0.416740
424,1OEI,30.21,0.405100,1.00,-354.470,103.763,0.834523,0.141280
425,1OG7,32.56,0.477500,1.00,-1797.106,270.310,0.947914,0.319180
426,1OHM,36.36,0.362000,1.00,-2963.152,355.657,0.964073,0.235230
427,1OHN,33.14,0.472400,1.00,-1797.106,270.310,0.860637,0.258060
428,1OIG,86.46,0.707200,1.00,-1268.073,139.813,0.157201,0.395690
429,1OMA,68.75,0.617800,1.00,-2635.043,268.230,0.501317,0.585270
430,1OMB,60.94,0.591400,1.00,-2635.043,268.230,0.610957,0.529280
431,1OMQ,90.62,0.648800,1.00,-1043.418,49.232,0.129386,0.448410
432,1OPP,65.13,0.643100,1.00,-3047.592,84.666,0.473179,0.506620
433,1ORL,94.02,0.797400,1.00,-3471.921,135.513,0.100557,0.858980
434,1ORX,96.88,0.787500,1.00,-1562.775,125.631,0.074802,0.604980
435,1OZZ,82.95,0.683300,1.00,-3362.556,219.274,0.334117,0.733980
436,1P00,84.66,0.680700,1.00,-3389.920,265.078,0.354829,0.734540
437,1P0A,77.84,0.642900,1.00,-3477.682,225.080,0.352994,0.644350
438,1P7A,68.92,0.678800,1.00,-2292.319,145.826,0.824987,0.581010
439,1P82,34.00,0.422900,1.00,-808.029,166.436,0.815136,0.135400
440,1P83,27.00,0.416900,1.00,-808.029,166.436,0.720592,0.146860
441,1P8B,89.86,0.731900,1.00,-2761.031,176.116,0.132439,0.759050
442,1P9C,46.67,0.533400,1.00,-2739.362,138.151,0.914422,0.424220
443,1P9F,85.00,0.631600,1.00,-547.678,19.491,0.308161,0.412750
444,1P9Z,78.05,0.635800,1.00,-3171.122,240.133,0.405764,0.699080
445,1PAA,89.17,0.737800,1.00,-2012.603,177.456,0.215951,0.703070
446,1PB5,87.14,0.738700,1.00,-2000.858,151.492,0.136212,0.683220
447,1PDC,81.67,0.671900,1.00,-3980.471,234.328,0.254063,0.691390
448,1PGY,68.09,0.601500,1.00,-4655.514,111.416,0.372873,0.573440
449,1PJV,87.50,0.692200,1.00,-2346.316,158.809,0.153450,0.627690
450,1PLP,67.00,0.680700,1.00,-1357.256,82.062,0.814050,0.362750
451,1PMC,83.33,0.686600,1.00,-1945.828,213.728,0.212501,0.642480
452,1PNH,91.94,0.722900,1.00,-2047.748,124.837,0.094605,0.710580
453,1PP5,53.57,0.449800,1.00,-852.243,182.174,0.520388,0.125930
454,1PSM,57.24,0.605200,1.00,-2789.806,53.895,0.526547,0.481880
455,1PSV,77.68,0.632300,1.00,-2183.912,103.472,0.231317,0.502560
456,1PT4,88.79,0.766600,1.00,-1902.051,183.560,0.220254,0.681500
457,1PV0,90.76,0.692000,1.00,-4460.163,142.110,0.241111,0.811830
458,1PVZ,80.65,0.685500,1.00,-2054.013,131.379,0.293698,0.587860
459,1PX9,73.81,0.562900,1.00,-3003.484,302.312,0.305421,0.586140
460,1PXQ,35.71,0.444600,1.00,-1480.292,337.781,1.187496,0.223880
461,1Q01,30.92,0.426200,1.00,-1220.581,347.281,0.979654,0.206380
462,1Q2F,54.69,0.612300,1.00,-2583.433,67.639,0.491377,0.313460
463,1Q2I,42.97,0.455500,1.00,-2583.433,67.639,0.727941,0.247990
464,1Q2J,70.45,0.557500,1.00,-1305.449,132.388,0.246819,0.174250
465,1Q2K,94.35,0.757900,1.00,-1948.509,136.754,0.094710,0.756320
466,1Q3J,75.00,0.588900,1.00,-2226.875,168.032,0.312540,0.576930
467,1Q3M,56.12,0.544000,1.00,-3805.437,266.453,0.989721,0.498000
468,1Q3Y,45.24,0.459900,1.00,-2153.479,242.621,0.928312,0.350000
469,1Q3Z,44.05,0.461400,1.00,-2153.479,242.621,0.769839,0.366970
470,1Q71,48.81,0.417000,1.00,-852.243,182.174,0.586655,0.138390
471,1QCM,77.27,0.607700,1.00,-309.438,35.819,0.266882,0.373400
472,1QDP,82.14,0.652700,1.00,-2420.793,227.669,0.163622,0.696760
473,1QFD,83.59,0.670000,1.00,-2130.833,215.471,0.192156,0.614960
474,1QG9,82.14,0.715800,1.00,-1593.160,29.141,0.343877,0.465060
475,1QGM,75.00,0.627900,1.00,-2189.763,127.075,0.416880,0.520700
476,1QHK,73.94,0.619300,1.00,-4145.735,151.367,0.245902,0.602570
477,1QJK,38.19,0.420800,1.00,-1775.433,266.228,0.937564,0.249630
478,1QJL,58.93,0.506900,1.00,-1928.866,183.532,0.469732,0.358540
479,1QK6,89.39,0.730200,1.00,-2047.454,213.539,0.127305,0.705950
480,1QK7,91.41,0.727300,1.00,-2334.250,184.375,0.115550,0.716930
481,1QKY,81.58,0.675000,1.00,-3145.988,178.228,0.204319,0.666670
482,1QLO,63.24,0.591000,1.00,-2424.426,99.454,0.335706,0.389050
483,1QWP,79.55,0.602400,1.00,-309.438,35.819,0.252631,0.380290
484,1QXC,52.27,0.529500,1.00,-309.438,35.819,0.483625,0.220370
485,1QYT,75.00,0.616600,1.00,-309.438,35.819,0.271342,0.195470
486,1R02,42.42,0.468200,1.00,-1820.406,229.823,0.822067,0.274870
487,1R1F,52.03,0.461000,1.00,-2050.479,241.868,0.498466,0.343280
488,1R7C,70.16,0.721500,1.00,-2757.899,80.405,0.339943,0.520900
489,1R7D,70.97,0.690700,1.00,-2757.899,80.405,0.316373,0.522550
490,1R7E,80.65,0.703900,1.00,-2757.899,80.405,0.206496,0.577920
491,1R7F,70.97,0.637400,1.00,-2757.899,80.405,0.294816,0.409930
492,1R7G,77.42,0.689300,1.00,-2757.899,80.405,0.295929,0.507970
493,1R8T,73.33,0.578500,1.00,-656.525,98.268,0.254973,0.298030
494,1R9I,65.91,0.495800,1.00,-1315.899,99.691,0.350204,0.216310
495,1RES,76.74,0.621500,1.00,-3894.284,132.279,0.532832,0.647750
496,1RET,70.35,0.580400,1.00,-3894.284,132.279,0.483377,0.559350
497,1RG3,59.38,0.528800,1.00,-734.227,91.956,0.448461,0.233400
498,1RG4,65.62,0.559900,1.00,-734.227,91.956,0.384692,0.280070
499,1RIJ,95.65,0.776500,1.00,-1354.944,98.661,0.095537,0.576550
500,1RIK,88.79,0.735200,1.00,-2093.721,106.708,0.144879,0.669140
501,1RIM,77.27,0.680200,1.00,-2340.573,116.025,0.473109,0.584580
502,1RJI,79.84,0.654000,1.00,-2158.994,161.987,0.256996,0.506860
503,1RKL,60.42,0.646000,1.00,-2997.634,75.730,0.653740,0.488540
504,1RMK,83.87,0.655800,1.00,-2574.031,244.637,0.211766,0.567500
505,1RO3,40.82,0.432100,1.00,-2520.123,296.565,0.715349,0.322330
506,1ROO,82.86,0.676700,1.00,-2767.666,181.120,0.192344,0.634220
507,1RPB,39.29,0.420800,1.00,-1115.040,147.919,0.737891,0.178600
508,1RPC,41.67,0.420400,1.00,-1115.040,147.919,0.710536,0.225440
509,1RSW,52.08,0.458400,1.00,-309.754,37.851,0.405358,0.284600
510,1RSX,79.17,0.520100,1.00,-309.754,37.851,0.303034,0.422040
511,1RT0,52.08,0.464000,1.00,-309.754,37.851,0.452145,0.220150
512,1S4H,53.85,0.511900,1.00,-150.500,85.651,0.435411,0.136800
513,1S4J,38.46,0.465900,1.00,-74.364,131.172,0.642287,0.246480
514,1S4T,50.00,0.473500,1.00,-1349.555,100.820,0.593098,0.106190
515,1S4W,32.50,0.453800,1.00,-247.229,127.723,0.683157,0.107350
516,1S6W,71.43,0.576100,1.00,-1258.561,132.349,0.295852,0.266290
517,1S6X,83.82,0.692600,1.00,-2485.175,162.255,0.199476,0.653660
518,1SBU,56.82,0.583100,1.00,-376.580,44.706,0.558750,0.282030
519,1SCO,78.95,0.656700,1.00,-2864.373,166.155,0.187325,0.593060
520,1SH1,34.38,0.390300,1.00,-2415.365,434.939,0.902450,0.349820
521,1SKH,62.50,0.659700,1.00,-1964.558,116.829,0.488732,0.511920
522,1SMZ,62.96,0.655700,1.00,-1660.050,105.784,0.497612,0.370440
523,1SOL,38.75,0.466400,1.00,-351.358,140.519,0.691293,0.101480
524,1SP1,85.34,0.667600,1.00,-1886.294,115.721,0.261669,0.618190
525,1SP2,87.90,0.665100,1.00,-2174.985,137.688,0.243628,0.662060
526,1SP7,93.75,0.792700,1.00,-1730.486,102.569,0.117982,0.619790
527,1SPF,79.29,0.773300,1.00,-2117.195,78.697,0.539307,0.685350
528,1SPW,86.54,0.658800,1.00,-3258.477,192.881,0.198192,0.731550
529,1SRB,83.33,0.662200,1.00,-1515.295,121.816,0.211257,0.320150
530,1SRK,77.14,0.703700,1.00,-2211.330,128.252,0.396505,0.597310
531,1SSL,61.98,0.556000,1.00,-3603.767,283.059,0.346567,0.508510
532,1SUT,15.91,0.420400,1.00,-704.805,110.945,1.030774,0.121600
533,1SX0,95.45,0.751200,1.00,-1040.523,110.467,0.119826,0.528560
534,1SX1,94.32,0.763200,1.00,-1040.523,110.467,0.114697,0.495800
535,1T0C,25.00,0.475200,1.00,-847.830,218.006,1.033958,0.155860
536,1T2Y,48.00,0.441500,1.00,-923.020,396.120,0.560812,0.167760
537,1T5M,65.38,0.566100,1.00,-264.307,75.199,0.353474,0.333090
538,1T5N,50.00,0.530800,1.00,-264.307,75.199,0.481381,0.245610
539,1T5Q,78.33,0.738200,1.00,-2363.065,41.163,0.257167,0.568510
540,1T9E,48.21,0.614300,1.00,-401.443,50.234,0.842382,0.253650
541,1TI5,87.50,0.681000,1.00,-3445.230,199.368,0.143659,0.760450
542,1TM6,59.09,0.460900,1.00,-1044.476,90.288,0.407031,0.224350
543,1TMR,85.53,0.704800,1.00,-1101.964,86.282,0.124773,0.332660
544,1TOR,67.50,0.548500,1.00,-359.309,47.331,0.337981,0.379170
545,1TOS,72.50,0.537200,1.00,-333.111,41.502,0.358487,0.392360
546,1TSK,85.71,0.687700,1.00,-2604.425,146.339,0.121145,0.690690
547,1TV0,78.12,0.612200,1.00,-1993.114,202.438,0.220604,0.591250
548,1TYK,77.94,0.620300,1.00,-2335.889,197.841,0.212380,0.542320
549,1U0P,51.85,0.442100,1.00,-1657.613,174.380,0.639447,0.301190
550,1U57,51.56,0.665000,1.00,-2822.153,176.032,0.522507,0.570040
551,1U6U,70.59,0.643300,1.00,-710.214,78.325,0.239984,0.268160
552,1U6V,72.06,0.669300,1.00,-710.214,78.325,0.236536,0.277460
553,1U85,74.24,0.730200,1.00,-2325.617,153.124,0.497018,0.573560
554,1U86,78.57,0.703400,1.00,-2301.412,142.461,0.395272,0.598130
555,1UAO,92.50,0.749600,1.00,-395.215,115.477,0.182332,0.517100
556,1UJL,35.12,0.503500,1.00,-1930.272,220.590,1.105055,0.268780
557,1UT3,90.79,0.693500,1.00,-2935.609,194.519,0.124666,0.767230
558,1UYA,60.94,0.510100,1.00,-813.856,94.566,0.431530,0.218980
559,1UYB,54.69,0.517600,1.00,-813.856,94.566,0.471503,0.262310
560,1V1D,84.68,0.714100,1.00,-2407.849,110.786,0.153021,0.612940
561,1V28,78.26,0.571800,1.00,-1059.523,105.034,0.507106,0.427150
562,1V4Z,73.68,0.695900,1.00,-951.741,49.408,0.470524,0.474560
563,1V50,68.42,0.625800,1.00,-951.741,49.408,0.298409,0.339180
564,1V5A,88.39,0.720300,1.00,-1642.281,169.670,0.152322,0.566720
565,1V6R,70.24,0.592100,1.00,-1515.813,85.012,0.432983,0.241120
566,1V92,78.26,0.699300,1.00,-4898.320,86.619,0.166605,0.678360
567,1VA1,78.38,0.635500,1.00,-2397.881,127.819,0.307557,0.612910
568,1VA2,83.87,0.657200,1.00,-2174.985,137.688,0.182328,0.557720
569,1VA3,84.48,0.653200,1.00,-1886.294,115.721,0.238815,0.600440
570,1VB8,47.50,0.442600,1.00,-1799.951,172.779,0.616379,0.258470
571,1VD7,67.39,0.514100,1.00,-1575.312,52.640,0.420304,0.348730
572,1VD8,65.22,0.475000,1.00,-1594.314,73.091,0.411345,0.281640
573,1VD9,71.74,0.614700,1.00,-1676.329,31.759,0.427949,0.414160
574,1VDA,61.96,0.529800,1.00,-1651.933,39.562,0.668708,0.316010
575,1VDB,91.30,0.724000,1.00,-1575.312,52.640,0.154629,0.508690
576,1VII,82.64,0.693100,1.00,-3153.478,83.214,0.211396,0.661830
577,1VPC,58.89,0.626900,1.00,-3267.338,121.995,0.462180,0.561010
578,1VPU,36.11,0.503500,1.00,-2932.376,123.659,1.103313,0.317990
579,1VQX,40.79,0.578800,1.00,-408.974,95.698,0.791442,0.154660
580,1VTP,72.12,0.672600,1.00,-1824.642,28.213,0.349757,0.444580
581,1VTX,80.36,0.612700,1.00,-2490.708,196.153,0.222321,0.687960
582,1W1N,70.45,0.610400,1.00,-2637.089,101.842,0.327008,0.468800
583,1W4E,88.30,0.703900,1.00,-3739.966,211.544,0.254674,0.805240
584,1W4F,89.89,0.701200,1.00,-3739.966,211.544,0.186945,0.802570
585,1W4G,86.70,0.742400,1.00,-3851.283,206.127,0.339549,0.801610
586,1W4H,87.23,0.707700,1.00,-3562.753,144.354,0.419886,0.797130
587,1WAZ,55.43,0.510600,1.00,-4632.180,105.215,0.625577,0.476110
588,1WCT,67.31,0.589600,1.00,-446.866,53.971,0.277512,0.150870
589,1WM7,64.66,0.599400,1.00,-1846.290,189.492,0.325928,0.346040
590,1WM8,66.07,0.527200,1.00,-1576.958,154.564,0.271362,0.342110
591,1WMT,88.41,0.720900,1.00,-3190.327,211.407,0.143777,0.772850
592,1WN4,62.50,0.616700,1.00,-1302.831,84.369,0.566986,0.389940
593,1WN8,79.55,0.645300,1.00,-1469.216,70.642,0.337970,0.577970
594,1WNK,88.04,0.744800,1.00,-1676.329,31.759,0.155600,0.544740
595,1WNM,97.83,0.736000,1.00,-1594.314,73.091,0.070852,0.608100
596,1WNN,88.04,0.719500,1.00,-1651.933,39.562,0.268042,0.581010
597,1WO3,46.00,0.525300,1.00,-1243.919,73.870,0.716328,0.228250
598,1WO4,44.00,0.509200,1.00,-1231.265,74.707,0.935789,0.286410
599,1WO5,44.00,0.560200,1.00,-1633.126,41.543,0.941913,0.245470
600,1WO6,44.00,0.528300,1.00,-921.077,103.810,0.817278,0.185230
601,1WO7,43.00,0.549000,1.00,-1288.564,74.290,0.854132,0.243220
602,1WO9,76.43,0.702600,1.00,-1657.121,177.686,0.338679,0.575610
603,1WPD,63.97,0.537000,1.00,-2414.639,147.871,0.477002,0.374530
604,1WQB,83.59,0.671900,1.00,-1892.376,171.985,0.208650,0.592720
605,1WQC,78.85,0.652600,1.00,-1841.988,112.863,0.312319,0.406280
606,1WQD,72.22,0.672800,1.00,-1862.021,101.032,0.519638,0.444830
607,1WQE,96.74,0.745200,1.00,-1482.754,75.195,0.078822,0.520830
608,1WQK,73.21,0.557400,1.00,-3384.710,223.959,0.321622,0.631700
609,1WR3,80.56,0.699000,1.00,-2170.083,216.918,0.271321,0.619960
610,1WR4,90.97,0.765400,1.00,-2175.869,171.141,0.141166,0.770330
611,1WR7,78.66,0.722300,1.00,-2659.509,235.682,0.469107,0.684920
612,1WT7,70.12,0.560500,1.00,-3361.939,189.650,0.504428,0.564390
613,1WT8,83.06,0.637300,1.00,-2158.994,161.987,0.183732,0.585130
614,1WXN,58.93,0.508500,1.00,-3013.220,291.504,0.467033,0.474760
615,1WZ4,55.43,0.554200,1.00,-1542.042,78.636,0.500863,0.259830
616,1WZ5,62.14,0.490300,1.00,-2238.079,164.390,0.364614,0.435130
617,1X22,41.07,0.538500,1.00,-1646.375,234.317,0.731699,0.328160
618,1X32,37.23,0.413500,1.00,-3702.434,227.760,0.746499,0.283210
619,1X5V,81.62,0.652000,1.00,-2414.018,146.339,0.192262,0.577950
620,1X7K,81.58,0.647900,1.00,-1075.051,101.138,0.179814,0.256530
621,1XBH,53.85,0.487000,1.00,-650.615,65.112,0.383140,0.213840
622,1XC0,65.91,0.620800,1.00,-1994.958,80.255,0.344851,0.500670
623,1XF7,90.52,0.743000,1.00,-1884.475,182.451,0.218196,0.701950
624,1XOO,65.00,0.546800,1.00,-865.168,100.796,0.402402,0.259510
625,1XOP,31.25,0.428800,1.00,-564.993,139.103,0.670034,0.104730
626,1XRZ,90.83,0.760200,1.00,-1793.214,116.902,0.283923,0.699950
627,1XT7,51.92,0.577500,1.00,-264.307,75.199,0.561388,0.234000
628,1XUT,63.59,0.560700,1.00,-3706.441,200.653,0.419271,0.529800
629,1XV3,40.96,0.503000,1.00,-3007.578,246.977,0.995550,0.327070
630,1XXZ,61.36,0.439100,1.00,-357.135,72.187,0.324239,0.284590
631,1XY4,52.08,0.436200,1.00,-690.976,80.804,0.533114,0.171850
632,1XY6,54.17,0.475000,1.00,-524.696,61.814,0.396842,0.143840
633,1XY8,53.85,0.438700,1.00,-711.618,51.151,0.567173,0.198500
634,1XY9,52.27,0.451200,1.00,-441.566,64.843,0.358054,0.348670
635,1Y03,74.29,0.773900,1.00,-1192.971,55.965,0.342990,0.603470
636,1Y04,63.57,0.762400,1.00,-1192.971,55.965,0.745247,0.448830
637,1Y1B,82.29,0.685700,1.00,-3674.814,199.143,0.283905,0.724380
638,1Y1C,82.29,0.693300,1.00,-3690.706,214.046,0.236652,0.712790
639,1Y29,91.96,0.746700,1.00,-1794.342,138.450,0.096975,0.655080
640,1Y2P,84.56,0.704400,1.00,-2240.597,157.761,0.145432,0.665300
641,1Y32,25.00,0.457900,1.00,-670.383,135.839,0.797695,0.203920
642,1Y4E,47.22,0.540500,1.00,-1877.781,86.594,0.516557,0.240430
643,1Y5C,61.36,0.430700,1.00,-667.551,29.844,0.373249,0.240460
644,1YIU,86.49,0.763900,1.00,-2292.950,237.284,0.188855,0.703640
645,1YMZ,81.40,0.719000,1.00,-2512.935,205.071,0.276669,0.674250
646,1YP8,80.30,0.643300,1.00,-2162.834,195.043,0.309066,0.608570
647,1YT6,65.00,0.598800,1.00,-423.878,39.944,0.238133,0.308240
648,1YTR,63.46,0.569000,1.00,-1625.349,41.174,0.609567,0.378130
649,1YV8,42.93,0.403100,1.00,-2748.022,379.426,0.798236,0.312380
650,1YVA,41.85,0.397800,1.00,-2748.022,379.426,0.827917,0.341050
651,1YWJ,64.63,0.623400,1.00,-2212.139,254.852,0.556204,0.520730
652,1YYB,72.22,0.628100,1.00,-1842.272,55.219,0.365263,0.462870
653,1Z0Q,32.14,0.371600,1.00,-1786.295,280.091,1.414663,0.310530
654,1Z2T,73.91,0.615200,1.00,-1965.744,55.054,0.425018,0.414950
655,1Z65,72.50,0.599500,1.00,-2233.946,60.100,0.294695,0.496700
656,1Z6V,39.29,0.451400,1.00,-2839.532,265.162,0.776059,0.329990
657,1Z6W,21.94,0.335100,1.00,-2839.532,265.162,1.239465,0.272970
658,1Z99,88.10,0.666300,1.00,-2515.266,193.042,0.124892,0.757990
659,1ZA8,38.71,0.433000,1.00,-1273.114,230.641,0.975854,0.200420
660,1ZAQ,60.80,0.556300,1.00,-3230.547,270.556,0.665429,0.477390
661,1ZDA,80.26,0.686600,1.00,-3022.184,87.235,0.404327,0.697840
662,1ZDB,73.03,0.671800,1.00,-3022.184,87.235,0.379310,0.561960
663,1ZFD,85.94,0.712200,1.00,-2092.946,117.099,0.176212,0.618990
664,1ZFU,76.88,0.592000,1.00,-2910.314,162.369,0.285878,0.600920
665,1ZJQ,79.41,0.664400,1.00,-2494.941,150.307,0.210903,0.567450
666,1ZNM,82.14,0.669200,1.00,-2011.890,116.053,0.159279,0.400390
667,1ZNU,96.55,0.784300,1.00,-1970.067,184.373,0.084308,0.767680
668,1ZR7,89.17,0.765900,1.00,-1795.373,136.776,0.185850,0.704250
669,1ZRV,70.00,0.657000,1.00,-1918.940,46.141,0.326769,0.325850
670,1ZRW,61.00,0.614700,1.00,-1918.940,46.141,0.418965,0.299910
671,1ZRX,50.00,0.589100,1.00,-2386.319,177.673,0.706510,0.499060
672,1ZTA,77.86,0.635200,1.00,-2657.600,107.719,0.332263,0.636830
673,1ZTN,35.83,0.422500,1.00,-1188.629,192.969,0.805025,0.153050
674,1ZTO,56.08,0.485500,1.00,-1973.755,231.792,0.622221,0.410340
675,1ZUE,86.31,0.669200,1.00,-3104.920,193.988,0.310322,0.745990
676,1ZUF,77.98,0.586100,1.00,-3104.920,193.988,0.235845,0.624260
677,1ZUV,85.00,0.680200,1.00,-2011.513,122.654,0.271299,0.631260
678,1ZWA,39.71,0.548700,1.00,-2749.787,66.084,0.925416,0.317050
679,1ZWB,47.22,0.563200,1.00,-3052.450,40.950,1.008693,0.408580
680,1ZWC,48.65,0.592900,1.00,-3124.379,68.385,0.715439,0.363920
681,1ZWD,42.14,0.558800,1.00,-2956.632,65.878,0.690690,0.321590
682,1ZWE,48.53,0.544800,1.00,-2762.641,103.724,0.705713,0.382270
683,1ZWU,89.17,0.773200,1.00,-1975.725,145.896,0.131278,0.657320
684,2A1C,72.06,0.537700,1.00,-1223.850,56.044,0.344962,0.359730
685,2A2B,32.93,0.478100,1.00,-1695.378,274.551,0.913391,0.204510
686,2A2V,88.24,0.713700,1.00,-2109.712,163.934,0.176396,0.705280
687,2A51,69.87,0.676800,1.00,-2260.487,277.329,0.251345,0.485540
688,2AAP,87.50,0.700300,1.00,-2494.941,150.307,0.209616,0.696750
689,2AB3,85.34,0.681400,1.00,-1833.012,119.406,0.193391,0.574430
690,2AB7,89.66,0.696500,1.00,-1897.461,133.366,0.140348,0.626410
691,2AB9,33.87,0.373100,1.00,-1350.857,195.122,0.979161,0.197030
692,2ADX,44.38,0.475300,1.00,-2353.641,263.016,0.747267,0.339120
693,2AJJ,83.93,0.666300,1.00,-2086.533,48.358,0.182005,0.509020
694,2AJM,84.82,0.697000,1.00,-2086.533,48.358,0.225867,0.589070
695,2AJN,83.93,0.655700,1.00,-2086.533,48.358,0.164767,0.523780
696,2AJO,84.82,0.697000,1.00,-2086.533,48.358,0.225867,0.589070
697,2AJW,81.82,0.718800,1.00,-1224.434,95.562,0.252552,0.379010
698,2AK0,84.78,0.734000,1.00,-1245.983,207.017,0.199940,0.472990
699,2AMN,54.81,0.602200,1.00,-2030.433,62.095,0.542374,0.274200
700,2AP7,85.00,0.762300,1.00,-866.540,56.527,0.164154,0.467080
701,2AP8,86.25,0.741800,1.00,-866.540,56.527,0.202656,0.505840
702,2ARI,31.41,0.529500,1.00,-1285.428,282.625,0.921529,0.269700
703,2ATG,59.72,0.381800,1.00,-682.337,91.782,0.434254,0.200540
704,2AXK,85.53,0.686800,1.00,-3089.550,151.837,0.136510,0.691410
705,2B0Y,82.35,0.620400,1.00,-1000.937,45.337,0.273006,0.290860
706,2B19,44.44,0.567200,1.00,-1995.642,167.445,1.071163,0.361770
707,2B38,84.68,0.707000,1.00,-1990.450,225.035,0.298389,0.631830
708,2B4N,52.98,0.548500,1.00,-3108.699,103.307,0.816274,0.494150
709,2B5B,34.03,0.422800,1.00,-2306.079,194.352,0.921955,0.252770
710,2B5P,75.00,0.545300,1.00,-500.637,67.720,0.255245,0.331050
711,2B5Q,50.00,0.471100,1.00,-500.637,67.720,0.444403,0.229770
712,2B68,82.56,0.676000,1.00,-2879.625,244.595,0.237889,0.688560
713,2B9K,47.87,0.459500,1.00,-3588.230,198.647,0.878114,0.349970
714,2BAI,36.72,0.392100,1.00,-1943.162,126.073,0.795947,0.262400
715,2BAO,50.00,0.470900,1.00,-291.318,45.074,0.415355,0.297060
716,2BAU,47.50,0.460000,1.00,-291.318,45.074,0.380540,0.211830
717,2BBG,71.88,0.583600,1.00,-3127.839,193.244,0.320513,0.539840
718,2BBL,36.36,0.519300,1.00,-703.044,154.774,1.004515,0.172240
719,2BBP,31.82,0.533400,1.00,-703.044,154.774,1.117741,0.132110
720,2BBX,81.12,0.720800,1.00,-2589.858,259.155,0.223257,0.696310
723,2BDS,54.07,0.426200,1.00,-3301.448,249.427,0.542574,0.466890
724,2BEY,45.31,0.547900,1.00,-438.119,75.917,0.730584,0.185490
725,2BL6,47.30,0.481100,1.00,-1909.492,168.784,0.664717,0.323550
726,2BMT,96.62,0.722600,1.00,-3080.007,191.247,0.098993,0.845500
727,2BN6,72.73,0.629600,1.00,-2644.674,72.323,0.339874,0.506420
728,2BP4,29.69,0.404300,1.00,-465.062,75.236,0.658549,0.159570
729,2BTG,84.04,0.687200,1.00,-3883.331,159.890,0.394700,0.748260
730,2BTH,82.98,0.682000,1.00,-3883.331,159.890,0.450641,0.761170
731,2C6A,77.72,0.715100,1.00,-2976.738,216.646,0.478062,0.684640
732,2C6B,81.52,0.734200,1.00,-2976.738,216.646,0.451502,0.698790
733,2CBH,98.61,0.846500,1.00,-2324.779,172.218,0.058345,0.900450
734,2CEF,43.42,0.505300,1.00,-707.353,121.732,0.736659,0.134400
735,2CEH,36.84,0.489900,1.00,-707.353,121.732,0.760969,0.158950
736,2CEZ,39.47,0.481200,1.00,-707.353,121.732,0.679647,0.167150
737,2CFJ,31.58,0.488500,1.00,-707.353,121.732,0.858488,0.158110
738,2CK4,80.26,0.702100,1.00,-2846.203,183.955,0.164912,0.621830
739,2CK5,79.03,0.627200,1.00,-1989.141,167.046,0.205564,0.479480
740,2CQ7,69.90,0.624900,1.00,-2908.896,293.757,0.568489,0.621940
741,2CRD,91.22,0.706600,1.00,-2765.865,206.529,0.116703,0.759210
742,2CSA,34.21,0.531000,1.00,-474.554,110.644,0.884684,0.154700
743,2CTI,94.83,0.764100,1.00,-1947.729,173.519,0.090833,0.717870
744,2CYU,76.88,0.602500,1.00,-3092.624,132.172,0.412713,0.626940
745,2DCI,52.50,0.548700,1.00,-666.713,119.551,0.765933,0.246320
746,2DCO,31.62,0.477500,1.00,-1258.254,207.817,1.112334,0.236460
747,2DCV,82.74,0.681000,1.00,-2873.152,186.096,0.180247,0.685700
748,2DCW,83.33,0.676000,1.00,-2991.235,169.110,0.203016,0.687800
749,2DDL,68.18,0.643300,1.00,-2515.819,174.647,0.342872,0.431170
750,2DI2,74.14,0.657800,1.00,-1320.860,127.553,0.440016,0.542090
751,2DJ9,70.65,0.555800,1.00,-1238.310,91.386,0.561218,0.340080
752,2DJC,80.43,0.722100,1.00,-1026.258,154.445,0.441980,0.455760
753,2DMV,69.19,0.649100,1.00,-2373.940,233.054,0.730516,0.593790
754,2DQ5,73.94,0.645900,1.00,-3597.710,211.254,0.413427,0.654020
755,2DTB,80.77,0.752700,1.00,-1964.022,32.931,0.206852,0.517140
756,2DWF,58.09,0.515600,1.00,-3065.512,126.476,0.413932,0.544780
757,2DX2,86.36,0.665900,1.00,-686.186,20.197,0.133339,0.401760
758,2DX3,56.94,0.537400,1.00,-858.605,105.987,0.496805,0.233550
759,2DX4,45.83,0.445300,1.00,-858.605,105.987,0.994480,0.210670
760,2E1X,66.67,0.599700,1.00,-1240.954,115.610,0.519772,0.368290
761,2E2F,77.44,0.647500,1.00,-2898.810,256.477,0.198626,0.625990
762,2E3E,50.00,0.489500,1.00,-3162.244,265.682,0.719182,0.369420
763,2E3F,58.72,0.516300,1.00,-3045.230,188.524,0.626436,0.363110
764,2E3G,65.62,0.551900,1.00,-3083.339,156.735,0.471849,0.472700
765,2E4E,87.50,0.688500,1.00,-364.145,87.288,0.126606,0.394910
766,2E5T,76.63,0.588300,1.00,-3695.730,120.051,0.188996,0.636740
767,2E5U,49.38,0.389300,1.00,-3300.249,94.006,1.334330,0.412290
768,2E72,47.96,0.529400,1.00,-2045.734,396.475,1.002429,0.383360
769,2EBQ,65.43,0.604600,1.00,-2490.087,248.898,1.038685,0.573120
770,2EBR,64.36,0.594700,1.00,-2248.896,263.104,0.869347,0.580280
771,2EC7,60.20,0.564000,1.00,-2425.491,197.872,0.468347,0.477390
772,2EEM,88.97,0.771900,1.00,-2795.786,142.818,0.151649,0.685970
773,2EFZ,68.75,0.631600,1.00,-968.409,140.347,0.377439,0.342550
774,2EKK,84.04,0.722100,1.00,-4077.832,164.610,0.404827,0.754550
775,2EL4,53.26,0.630700,1.00,-2411.220,210.729,0.891709,0.476340
776,2EL5,67.86,0.651200,1.00,-2073.832,295.726,0.901382,0.619360
777,2EL6,62.50,0.651100,1.00,-2298.466,249.583,0.775477,0.532530
778,2ELM,77.03,0.707800,1.00,-2252.161,179.177,0.482090,0.630730
779,2ELN,84.87,0.783500,1.00,-2220.418,164.026,0.427416,0.743050
780,2ELO,74.32,0.687500,1.00,-2127.971,195.329,0.350517,0.555160
781,2ELP,74.32,0.681100,1.00,-2437.577,159.205,0.451814,0.589310
782,2ELQ,80.56,0.693900,1.00,-1977.821,149.517,0.371005,0.643180
783,2ELR,76.39,0.742800,1.00,-1531.002,164.320,0.806603,0.659110
784,2ELS,78.47,0.713100,1.00,-2316.358,177.130,0.487361,0.679800
785,2ELT,81.25,0.729300,1.00,-2061.985,159.387,0.341513,0.692000
786,2ELU,79.05,0.700400,1.00,-1923.577,215.542,0.415030,0.659650
787,2ELV,70.83,0.607200,1.00,-2133.498,169.722,0.801266,0.597670
788,2ELW,77.70,0.699900,1.00,-1986.033,204.124,0.568818,0.656770
789,2ELX,80.71,0.734000,1.00,-2062.016,175.260,0.396433,0.699190
790,2ELY,62.50,0.653600,1.00,-2041.821,204.644,0.854829,0.530750
791,2ELZ,61.41,0.630500,1.00,-2249.408,197.538,1.078978,0.558450
792,2EM0,61.41,0.674700,1.00,-2085.474,263.819,0.654631,0.529800
793,2EM1,61.93,0.666000,1.00,-2193.617,244.011,0.930512,0.536430
794,2EM2,62.50,0.658700,1.00,-2234.893,202.292,0.795913,0.542110
795,2EM3,57.61,0.660900,1.00,-2117.831,239.070,1.224188,0.518370
796,2EM4,55.98,0.640300,1.00,-1988.749,198.327,0.929909,0.291700
797,2EM5,59.24,0.658200,1.00,-2171.493,230.034,0.917643,0.527280
798,2EM6,59.78,0.672700,1.00,-2084.933,188.281,0.960657,0.528780
799,2EM7,58.70,0.646900,1.00,-2176.919,215.722,0.861268,0.527990
800,2EM8,60.87,0.674800,1.00,-2337.554,193.018,0.773561,0.548590
801,2EM9,63.04,0.644100,1.00,-2453.010,203.736,0.877240,0.529740
802,2EMA,65.76,0.655200,1.00,-2154.561,216.304,0.887532,0.560190
803,2EMB,59.09,0.630500,1.00,-2200.886,208.446,0.861558,0.505820
804,2EMC,65.76,0.725700,1.00,-2103.743,213.117,0.735209,0.583240
805,2EME,64.67,0.673200,1.00,-2332.391,256.840,0.613558,0.544210
806,2EMF,66.30,0.692600,1.00,-2172.651,188.277,0.699056,0.581760
807,2EMG,57.61,0.650500,1.00,-2460.219,175.325,0.980205,0.528720
808,2EMH,64.67,0.674400,1.00,-2325.126,285.444,0.841139,0.545610
809,2EMI,57.07,0.605000,1.00,-2277.168,233.479,0.949027,0.515430
810,2EMJ,55.98,0.680100,1.00,-2203.037,177.746,1.121022,0.493900
811,2EMK,60.87,0.664900,1.00,-2182.107,200.208,0.898548,0.547940
812,2EML,59.24,0.656400,1.00,-2078.074,221.744,1.119986,0.522610
813,2EMM,60.33,0.696300,1.00,-2116.903,213.714,0.905574,0.541780
814,2EMP,63.04,0.697100,1.00,-2200.599,228.278,0.842768,0.537640
815,2EMV,61.93,0.670800,1.00,-2094.304,287.687,0.905381,0.559670
816,2EMW,62.50,0.662400,1.00,-2325.793,210.188,0.952308,0.559080
817,2EMX,76.14,0.745700,1.00,-1994.453,178.501,0.618361,0.677160
818,2EMY,61.41,0.678900,1.00,-2316.875,203.701,0.823972,0.551630
819,2EMZ,70.11,0.688300,1.00,-2187.145,159.288,0.726990,0.616310
820,2EN0,72.02,0.738500,1.00,-2222.612,190.167,0.618808,0.652710
821,2EN1,62.50,0.711400,1.00,-1951.097,227.244,0.816340,0.546410
822,2EN2,72.02,0.750200,1.00,-2224.854,173.864,0.481593,0.591290
823,2EN3,58.70,0.643500,1.00,-2640.562,293.261,1.015059,0.514180
824,2EN4,61.41,0.658300,1.00,-2193.531,177.714,0.931898,0.554500
825,2EN6,58.70,0.663800,1.00,-2221.245,192.007,0.882403,0.535440
826,2EN7,57.95,0.617400,1.00,-2268.016,202.473,1.055112,0.514690
827,2EN8,59.78,0.656800,1.00,-2171.655,193.678,0.773188,0.536890
828,2EN9,59.78,0.672000,1.00,-1927.510,205.441,0.764709,0.512640
829,2ENA,58.70,0.680400,1.00,-1988.469,301.512,1.146320,0.512520
830,2ENC,58.15,0.655800,1.00,-2139.424,215.106,0.979289,0.501940
831,2ENE,56.52,0.643600,1.00,-2329.646,180.375,0.948420,0.516470
832,2ENF,58.15,0.631300,1.00,-2120.365,236.187,0.875992,0.515730
833,2ENH,57.61,0.678300,1.00,-2196.749,178.682,1.015503,0.502440
834,2ENT,63.02,0.610600,1.00,-2553.627,363.344,0.998213,0.573210
835,2EOE,58.70,0.659600,1.00,-2196.619,176.672,1.015992,0.529390
836,2EOF,59.66,0.672300,1.00,-2070.438,258.794,0.839300,0.504120
837,2EOG,58.52,0.649200,1.00,-2341.324,220.038,0.806594,0.502190
838,2EOH,54.89,0.586100,1.00,-2095.946,182.021,0.879387,0.461710
839,2EOI,65.34,0.673400,1.00,-2352.770,190.943,0.747404,0.574240
840,2EOJ,57.39,0.636900,1.00,-2118.712,219.238,0.836881,0.502550
841,2EOK,67.26,0.666700,1.00,-2270.605,170.194,0.639532,0.598530
842,2EOL,69.05,0.693700,1.00,-2150.160,175.379,0.775685,0.614880
843,2EOM,61.41,0.655100,1.00,-2173.734,174.476,0.990028,0.535960
844,2EON,59.78,0.664600,1.00,-2069.734,239.321,0.912509,0.530580
845,2EOO,66.30,0.658500,1.00,-2598.037,229.004,0.753699,0.591990
846,2EOP,59.24,0.696900,1.00,-2356.388,209.055,0.822578,0.544430
847,2EOQ,67.39,0.712800,1.00,-2116.882,204.007,0.525402,0.555750
848,2EOR,57.07,0.642300,1.00,-2195.630,227.432,0.939407,0.489390
849,2EOS,66.67,0.698700,1.00,-2233.756,226.445,0.909258,0.578570
850,2EOU,63.07,0.739200,1.00,-1836.496,184.402,1.063627,0.574660
851,2EOV,64.67,0.662100,1.00,-2308.468,254.376,0.728777,0.520720
852,2EOW,61.96,0.647200,1.00,-2078.624,216.399,0.964468,0.563050
853,2EOX,63.64,0.621800,1.00,-2278.568,227.644,0.713612,0.538840
854,2EOY,62.50,0.640600,1.00,-2119.031,230.570,0.527326,0.537500
855,2EOZ,61.96,0.719200,1.00,-2396.580,228.633,0.771015,0.558920
856,2EP0,59.78,0.700600,1.00,-2315.277,190.111,0.818286,0.512210
857,2EP1,59.78,0.643200,1.00,-2147.019,188.127,0.850359,0.521800
858,2EP2,58.70,0.668400,1.00,-2272.710,197.097,0.956167,0.531620
859,2EP3,60.33,0.666800,1.00,-2270.608,258.866,0.908834,0.558430
860,2EPC,62.50,0.666100,1.00,-1970.282,267.226,1.004187,0.545990
861,2EPQ,54.44,0.596200,1.00,-2389.948,271.984,0.807728,0.441890
862,2EPR,52.60,0.565800,1.00,-2452.665,217.332,0.724070,0.444480
863,2EPT,66.46,0.619100,1.00,-1991.913,151.954,0.797049,0.540020
864,2EPU,66.67,0.718500,1.00,-2149.472,186.296,0.758028,0.575520
865,2EPV,65.34,0.678900,1.00,-2243.108,234.162,0.872229,0.565010
866,2EPW,60.33,0.625000,1.00,-2280.938,261.415,0.733955,0.493530
867,2EPX,63.83,0.650600,1.00,-2592.572,183.412,0.872621,0.537420
868,2EPY,68.45,0.695600,1.00,-2055.089,161.908,0.921007,0.600310
869,2EPZ,61.41,0.681200,1.00,-2121.356,189.832,0.861223,0.559860
870,2EQ0,59.78,0.633900,1.00,-2137.579,195.990,0.866077,0.512600
871,2EQ1,55.98,0.629700,1.00,-2078.367,191.907,0.844381,0.465320
872,2EQ2,54.35,0.546100,1.00,-2092.616,237.708,0.931271,0.473620
873,2EQ3,57.61,0.624800,1.00,-2007.556,206.014,0.958419,0.478250
874,2EQ4,52.17,0.559600,1.00,-2151.225,211.784,0.817261,0.407950
875,2EQE,70.31,0.708400,1.00,-2679.077,266.220,0.656875,0.610020
876,2EQF,62.50,0.574100,1.00,-2626.886,231.930,0.939726,0.562560
877,2EQG,69.90,0.685700,1.00,-2722.444,258.903,0.546346,0.626010
878,2EQH,75.00,0.592800,1.00,-1199.872,119.772,0.349434,0.366820
879,2EQQ,73.21,0.568700,1.00,-1745.459,118.307,0.412490,0.463300
880,2EQT,70.54,0.601100,1.00,-1745.459,118.307,0.484219,0.471660
881,2EQW,63.69,0.611400,1.00,-2262.004,209.355,0.831743,0.546150
882,2ERI,89.52,0.754900,1.00,-2310.781,149.212,0.175119,0.719550
883,2ESX,47.37,0.618700,1.00,-490.889,112.731,1.200158,0.192680
884,2ESZ,44.74,0.590800,1.00,-490.889,112.731,1.222623,0.155260
885,2ETI,82.14,0.669900,1.00,-1965.082,135.782,0.212904,0.496380
886,2EVQ,97.92,0.804300,1.00,-583.368,38.443,0.048911,0.675810
887,2EYA,44.57,0.417600,1.00,-2748.022,379.426,0.780399,0.361750
888,2EYB,41.30,0.400800,1.00,-2748.022,379.426,0.794875,0.321340
889,2EYC,41.85,0.392800,1.00,-2748.022,379.426,0.748112,0.320810
890,2EYD,41.85,0.404700,1.00,-2748.022,379.426,0.728122,0.306960
891,2F2I,90.52,0.752400,1.00,-1786.172,173.718,0.123402,0.637500
892,2F2J,90.52,0.748600,1.00,-1698.192,171.720,0.116906,0.659810
893,2F5H,50.68,0.475000,1.00,-1835.886,310.506,0.542616,0.348200
896,2FJ4,50.00,0.486700,1.00,-1835.886,310.506,0.554865,0.337780
897,2FJ5,49.32,0.490000,1.00,-1835.886,310.506,0.573328,0.325890
898,2FQA,73.15,0.590100,1.00,-1780.048,178.509,0.308979,0.426120
899,2FR9,80.77,0.538300,1.00,-598.524,101.640,0.195701,0.401620
900,2FRB,75.00,0.542500,1.00,-577.544,90.457,0.251923,0.248180
901,2FXY,79.17,0.670100,1.00,-943.156,42.075,0.275596,0.340560
902,2FXZ,88.46,0.669000,1.00,-777.120,22.615,0.222659,0.541610
903,2G6U,71.67,0.510100,1.00,-703.948,81.778,0.290495,0.331630
904,2G9L,63.51,0.734800,1.00,-2524.795,63.227,0.477751,0.564750
905,2G9P,69.23,0.677600,1.00,-1443.145,58.567,0.426029,0.445270
906,2GD3,53.12,0.504500,1.00,-1085.678,146.215,0.639845,0.303280
907,2GDL,39.52,0.466500,1.00,-1416.604,168.393,0.911818,0.367630
908,2GFR,52.27,0.500200,1.00,-459.305,52.625,0.328539,0.292660
909,2GJ0,82.26,0.665200,1.00,-1947.383,228.821,0.260622,0.588000
910,2GL1,98.40,0.850900,1.00,-3509.168,221.741,0.054622,0.945320
911,2GOF,54.29,0.525900,1.00,-2483.855,46.337,0.611587,0.487500
912,2GOH,62.14,0.532800,1.00,-2483.855,46.337,0.524866,0.487510
913,2GP8,78.75,0.660300,1.00,-2762.499,88.390,0.453749,0.675190
914,2GQE,85.16,0.748600,1.00,-1934.936,185.926,0.313257,0.692080
915,2GW9,93.75,0.756100,1.00,-1993.114,202.438,0.135531,0.758910
916,2GWP,85.16,0.726900,1.00,-2097.628,145.085,0.179220,0.641900
917,2GX1,86.21,0.680200,1.00,-1909.040,135.099,0.150064,0.549570
918,2H1Z,89.74,0.807600,1.00,-2685.553,302.222,0.140219,0.770600
919,2H9X,45.21,0.420000,1.00,-2726.761,356.385,0.610960,0.372550
920,2HFR,65.74,0.626100,1.00,-1806.947,53.067,0.275515,0.306520
921,2HGO,53.70,0.469000,1.00,-1591.812,219.913,0.427837,0.230390
922,2HLG,89.74,0.707200,1.00,-2595.951,247.011,0.175659,0.767670
923,2HM3,41.13,0.416400,1.00,-1589.839,255.215,0.892916,0.194320
924,2HM4,39.52,0.452600,1.00,-1620.586,187.193,0.822798,0.205210
925,2HM5,50.00,0.520300,1.00,-1620.586,187.193,0.499552,0.250520
926,2HM6,57.26,0.535000,1.00,-1739.700,185.416,0.940112,0.389320
927,2HN8,66.45,0.701900,1.00,-3248.481,100.224,0.353812,0.522520
928,2I1P,82.81,0.731700,1.00,-2565.034,207.237,0.243535,0.728920
929,2I1T,77.78,0.653300,1.00,-2282.526,162.481,0.234109,0.562800
930,2I5O,88.46,0.769600,1.00,-2796.935,186.851,0.153669,0.742490
931,2I9M,92.65,0.787200,1.00,-1202.135,17.269,0.103659,0.500700
932,2I9N,47.73,0.406600,1.00,-2135.821,79.742,0.927633,0.304920
933,2I9O,47.97,0.434300,1.00,-1878.123,187.994,0.609282,0.392400
934,2IFJ,79.17,0.548400,1.00,-614.691,42.995,0.273752,0.227040
935,2IGU,72.92,0.530600,1.00,-649.679,47.744,0.243398,0.300620
936,2IH6,72.73,0.596900,1.00,-546.780,55.552,0.252456,0.275920
937,2IMU,41.85,0.595000,1.00,-2124.407,235.429,0.696835,0.335930
938,2IT7,99.11,0.822000,1.00,-1965.082,135.782,0.052308,0.848290
939,2IV4,26.56,0.437900,1.00,-319.129,56.187,0.911819,0.133840
940,2IV5,27.17,0.328000,1.00,-796.929,119.186,0.886359,0.135160
941,2IV6,30.43,0.460600,1.00,-499.214,136.591,0.907943,0.185280
942,2IWJ,46.30,0.477200,1.00,-1240.954,115.610,0.757362,0.290640
943,2J15,76.67,0.595700,1.00,-671.538,84.916,0.236933,0.239670
944,2J8P,40.82,0.566600,1.00,-4331.263,127.778,1.072052,0.352470
945,2JM0,85.71,0.744300,1.00,-3116.705,102.357,0.140350,0.681930
946,2JM2,21.67,0.300800,1.00,-1620.487,370.375,1.561437,0.164790
947,2JM4,86.63,0.716700,1.00,-2431.085,212.051,0.263483,0.776340
948,2JMY,93.33,0.706700,1.00,-1066.391,24.592,0.097673,0.492450
949,2JN5,45.83,0.465700,1.00,-774.231,29.282,0.570710,0.243310
950,2JNH,83.15,0.673800,1.00,-4518.725,154.687,0.255138,0.727260
951,2JNI,90.48,0.712100,1.00,-1339.484,106.606,0.168535,0.452930
952,2JOC,68.24,0.583700,1.00,-2292.950,237.284,0.354376,0.526940
953,2JOF,91.25,0.753400,1.00,-1120.726,68.789,0.130338,0.439230
954,2JOS,82.95,0.660000,1.00,-1588.046,13.608,0.212209,0.457820
955,2JOU,47.06,0.360600,1.00,-3065.512,126.476,1.013891,0.342960
956,2JP6,57.43,0.568200,1.00,-2131.188,133.789,0.732227,0.405400
957,2JPJ,48.72,0.674500,1.00,-2470.871,52.720,0.634666,0.361700
958,2JPK,37.14,0.574000,1.00,-1815.348,194.974,1.131152,0.338340
959,2JPL,52.56,0.632100,1.00,-2470.871,52.720,0.596600,0.417200
960,2JPM,41.43,0.577700,1.00,-1815.348,194.974,0.751116,0.284160
961,2JPW,35.94,0.521200,1.00,-724.904,225.630,0.800458,0.248250
962,2JPX,66.43,0.651000,1.00,-2324.673,75.373,0.530330,0.509770
963,2JQ2,54.17,0.453000,1.00,-513.725,60.292,0.344599,0.284460
964,2JQB,48.33,0.494900,1.00,-668.657,84.764,0.454467,0.221870
965,2JQC,53.33,0.410600,1.00,-668.657,84.764,0.434041,0.174490
966,2JQW,54.41,0.457700,1.00,-778.985,76.488,0.525673,0.214900
967,2JR3,27.98,0.417000,1.00,-1689.348,318.860,1.068702,0.221600
968,2JR8,36.90,0.474100,1.00,-1879.132,250.432,1.152801,0.334710
969,2JRD,59.26,0.474200,1.00,-739.571,170.228,0.410141,0.337170
970,2JRV,55.00,0.555300,1.00,-736.035,92.981,0.576984,0.270470
971,2JRW,56.52,0.487700,1.00,-1102.983,115.424,0.403718,0.158480
972,2JRY,70.11,0.589900,1.00,-2683.100,353.671,0.338925,0.583340
973,2JSB,75.00,0.637000,1.00,-1454.146,105.070,0.270129,0.176800
974,2JTA,47.50,0.460900,1.00,-337.967,53.829,0.521261,0.321380
975,2JTB,93.94,0.742600,1.00,-2188.380,133.735,0.100021,0.741470
976,2JTU,74.34,0.601800,1.00,-2462.708,209.743,0.333479,0.540470
977,2JTW,72.00,0.660900,1.00,-1704.448,39.888,0.344537,0.357420
978,2JUE,31.90,0.295500,1.00,-1970.067,184.373,0.797373,0.189510
979,2JUI,62.88,0.643600,1.00,-2040.125,71.044,0.590143,0.407840
980,2JUQ,84.62,0.608300,1.00,-705.461,48.848,0.168040,0.342510
981,2JUR,86.54,0.698100,1.00,-692.731,58.636,0.185346,0.408330
982,2JUS,94.23,0.700600,1.00,-724.678,61.035,0.103552,0.476810
983,2JUT,90.38,0.666700,1.00,-688.361,60.091,0.173098,0.448070
984,2JUY,51.79,0.492500,1.00,-1963.716,259.303,0.568347,0.313790
985,2JVX,89.29,0.752500,1.00,-1910.795,143.416,0.203350,0.720160
986,2JVY,83.04,0.698600,1.00,-1900.232,123.885,0.291305,0.620940
987,2JWG,86.41,0.721000,1.00,-2796.375,179.392,0.155383,0.776770
988,2JWH,53.12,0.691000,1.00,-1773.576,224.041,0.991228,0.455900
989,2JWM,92.24,0.795200,1.00,-1919.227,188.969,0.170902,0.729300
990,2JXF,79.17,0.739200,1.00,-2622.260,72.331,0.296822,0.577840
991,2JY0,70.37,0.643600,1.00,-1772.304,53.184,0.378669,0.429040
992,2JYD,31.52,0.395000,1.00,-2291.413,304.311,0.913964,0.268730
993,2JYP,43.06,0.421700,1.00,-2672.126,231.875,0.869998,0.267540
994,2K10,53.91,0.691900,1.00,-2190.575,49.206,0.530136,0.246320
995,2K1A,73.81,0.740400,1.00,-2650.812,155.012,0.456191,0.639510
996,2K1I,90.62,0.722000,1.00,-1935.622,132.571,0.117090,0.702030
997,2K1P,81.06,0.717200,1.00,-1931.691,167.529,0.308103,0.644770
998,2K2Y,81.41,0.662200,1.00,-3210.225,135.172,0.210849,0.667870
999,2K2Z,59.62,0.492700,1.00,-2146.673,151.786,0.537341,0.491260
1000,2K44,53.57,0.614000,1.00,-2223.240,69.039,0.827348,0.356740
1001,2K4U,89.86,0.732800,1.00,-2635.821,181.930,0.111735,0.769260
1004,2K6O,69.59,0.732600,1.00,-2783.433,105.262,0.342577,0.540810
1005,2K6R,72.41,0.626700,1.00,-1975.310,133.383,0.283503,0.462460
1006,2K72,90.54,0.725800,1.00,-3254.698,245.388,0.116241,0.759410
1007,2K76,85.00,0.717700,1.00,-1973.234,154.364,0.147650,0.574810
1008,2K7G,93.97,0.806900,1.00,-2050.357,175.411,0.087814,0.696280
1009,2K7Y,44.44,0.501800,1.00,-3119.680,150.538,0.568160,0.388600
1010,2K84,41.67,0.514000,1.00,-1502.281,181.428,0.597327,0.280300
1012,2K98,55.21,0.632100,1.00,-1434.523,37.095,0.829952,0.379220
1013,2K9D,75.57,0.645100,1.00,-4760.149,83.671,0.180258,0.600900
1014,2K9O,68.75,0.574900,1.00,-2258.478,178.075,0.365620,0.514120
1015,2KAM,87.50,0.749500,1.00,-1964.022,32.931,0.141873,0.585760
1016,2KB8,50.68,0.555400,1.00,-2184.795,207.685,1.080658,0.388180
1017,2KB9,73.86,0.648300,1.00,-3016.963,269.903,0.248343,0.598350
1018,2KBL,66.38,0.627900,1.00,-1752.605,128.440,0.358318,0.362440
1019,2KCF,75.00,0.662400,1.00,-2244.883,152.806,0.360332,0.554360
1020,2KCG,95.00,0.789400,1.00,-2100.812,191.280,0.078408,0.757940
1021,2KCH,89.66,0.724100,1.00,-1902.051,183.560,0.200491,0.702010
1023,2KDT,38.89,0.544600,1.00,-2663.580,270.338,0.882745,0.294240
1024,2KE3,41.86,0.511300,1.00,-3034.230,140.244,0.947868,0.327170
1025,2KEF,77.00,0.701200,1.00,-1465.792,133.315,0.396258,0.417050
1026,2KEG,57.03,0.463700,1.00,-1817.794,122.326,0.825713,0.356700
1027,2KEH,59.38,0.468900,1.00,-1817.794,122.326,0.932883,0.449790
1028,2KES,68.23,0.783200,1.00,-3958.843,73.835,0.294092,0.736310
1029,2KFE,70.83,0.726900,1.00,-1749.168,39.742,0.249168,0.333210
1030,2KFQ,32.81,0.315100,1.00,-2256.646,134.490,0.902719,0.344080
1031,2KGH,39.10,0.432800,1.00,-1825.261,259.039,1.081986,0.367150
1032,2KGN,70.83,0.561500,1.00,-1289.807,63.889,0.293417,0.311060
1033,2KGU,90.71,0.791800,1.00,-1892.052,140.449,0.121521,0.771340
1034,2KHB,87.93,0.719100,1.00,-1927.428,180.402,0.244542,0.676000
1035,2KHF,69.00,0.642600,1.00,-1765.646,48.833,0.302782,0.395370
1036,2KHG,70.00,0.590400,1.00,-1765.646,48.833,0.329168,0.415440
1037,2KI0,63.89,0.585100,1.00,-2407.009,158.909,0.419234,0.437600
1038,2KI9,56.06,0.623300,1.00,-2885.937,38.210,0.502010,0.390690
1039,2KIO,56.82,0.592700,1.00,-2637.089,101.842,0.524769,0.334880
1040,2KIR,68.38,0.557500,1.00,-2269.323,165.343,0.273289,0.452010
1041,2KIT,76.52,0.665800,1.00,-2637.089,101.842,0.359177,0.570560
1042,2KJM,43.33,0.573400,1.00,-2171.220,71.747,1.283928,0.307610
1043,2KJN,75.96,0.634400,1.00,-1982.075,36.985,0.396132,0.560250
1044,2KJO,69.23,0.610100,1.00,-1982.075,36.985,0.351118,0.413190
1045,2KLV,50.54,0.591400,1.00,-3283.089,84.805,0.563960,0.384180
1046,2KM9,93.00,0.676600,1.00,-1411.915,121.208,0.100666,0.563140
1047,2KMO,91.48,0.724800,1.00,-2780.987,216.571,0.133397,0.824160
1048,2KMP,84.66,0.714400,1.00,-2780.987,216.571,0.332645,0.755530
1049,2KMQ,78.98,0.684000,1.00,-2780.987,216.571,0.233253,0.659200
1050,2KMR,65.91,0.557000,1.00,-2780.987,216.571,0.983934,0.542300
1051,2KNI,86.59,0.708000,1.00,-2315.238,366.882,0.215820,0.741270
1052,2KNM,93.33,0.779900,1.00,-2100.812,191.280,0.103552,0.728630
1053,2KNP,82.58,0.695100,1.00,-1970.938,193.801,0.186473,0.619610
1054,2KNS,46.21,0.633000,1.00,-1994.958,80.255,0.882347,0.321590
1055,2KNU,53.45,0.533000,1.00,-1851.354,73.546,0.511027,0.369360
1056,2KOE,42.50,0.577300,1.00,-3164.186,90.957,0.818853,0.348080
1057,2KOZ,96.21,0.791500,1.00,-2313.324,103.690,0.126638,0.802520
1058,2KP0,87.88,0.705500,1.00,-2303.284,128.877,0.139754,0.654470
1059,2KPA,53.85,0.545000,1.00,-1455.695,95.002,0.455392,0.246870
1060,2KPB,50.00,0.538500,1.00,-1455.695,95.002,0.576242,0.340590
1061,2KSG,31.77,0.612700,1.00,-3083.439,81.751,1.468659,0.269570
1062,2KSJ,59.78,0.721900,1.00,-3283.089,84.805,0.488894,0.512780
1063,2KTC,65.44,0.561200,1.00,-1913.719,195.261,0.562711,0.436670
1064,2KTX,88.82,0.701000,1.00,-2732.293,188.377,0.174351,0.754470
1065,2KUK,92.50,0.760200,1.00,-2117.639,187.800,0.092495,0.707320
1066,2KUS,89.29,0.770600,1.00,-2261.138,148.022,0.114176,0.735610
1067,2KUX,95.83,0.784400,1.00,-2180.461,174.018,0.090325,0.736390
1068,2KUY,52.33,0.406500,1.00,-3554.637,204.131,0.978296,0.395870
1069,2KV5,72.73,0.669100,1.00,-2631.284,81.783,0.482541,0.634420
1070,2KVF,87.50,0.630000,1.00,-1988.760,99.270,0.180152,0.560880
1071,2KVG,74.07,0.659200,1.00,-1825.566,92.471,0.233610,0.399280
1072,2KVH,86.11,0.644900,1.00,-1749.035,111.391,0.209260,0.569650
1073,2KVX,94.64,0.769900,1.00,-1982.325,153.939,0.094898,0.701310
1074,2KWT,72.73,0.568000,1.00,-2848.137,86.466,0.367759,0.524160
1075,2KWY,63.37,0.756900,1.00,-2588.747,83.342,0.418874,0.638220
1076,2KWZ,65.00,0.655700,1.00,-3199.496,81.639,0.353238,0.487070
1077,2KXA,45.00,0.631500,1.00,-1463.229,116.384,1.070733,0.317280
1078,2KY3,84.85,0.727000,1.00,-2099.251,140.016,0.298601,0.671670
1079,2KYA,44.85,0.531800,1.00,-1690.703,118.003,0.732419,0.379980
1080,2KYJ,90.28,0.756100,1.00,-2115.533,237.118,0.136454,0.758980
1081,2KYK,60.90,0.498500,1.00,-2417.218,209.272,0.715047,0.453350
1082,2KZQ,54.17,0.446700,1.00,-2586.434,139.252,1.258875,0.433880
1083,2L07,81.94,0.588100,1.00,-838.776,111.233,0.169480,0.240350
1084,2L0G,83.59,0.669600,1.00,-2903.250,109.755,0.303588,0.648990
1085,2L0L,56.48,0.649300,1.00,-1602.904,54.268,0.622656,0.340620
1086,2L0M,66.67,0.655900,1.00,-1602.904,54.268,0.319602,0.351320
1087,2L0N,70.83,0.643600,1.00,-2471.504,61.816,0.288489,0.457110
1088,2L0O,60.83,0.610000,1.00,-2471.504,61.816,0.415162,0.418080
1089,2L1J,62.50,0.536400,1.00,-2060.330,215.079,0.359280,0.395160
1090,2L1Q,70.00,0.689500,1.00,-2156.950,265.678,0.746982,0.608790
1091,2L1X,39.74,0.528900,1.00,-2653.049,129.610,0.835511,0.339750
1092,2L2R,80.41,0.620300,1.00,-2137.720,155.958,0.438682,0.707940
1093,2L36,60.42,0.680000,1.00,-1479.269,21.292,0.446216,0.324770
1094,2L37,86.63,0.653900,1.00,-3608.470,124.723,0.217521,0.770460
1095,2L3H,40.38,0.476000,1.00,-2441.462,134.944,0.984718,0.280560
1096,2L3I,59.17,0.537100,1.00,-2274.428,80.311,0.566795,0.414820
1097,2L44,78.95,0.572500,1.00,-799.413,90.964,0.231707,0.279640
1098,2L4G,54.63,0.595900,1.00,-886.980,126.480,0.430485,0.264160
1099,2L4J,63.59,0.579400,1.00,-2807.291,199.413,0.663491,0.518930
1100,2L4U,62.50,0.582700,1.00,-1289.807,63.889,0.329367,0.270530
1101,2L5I,35.71,0.435100,1.00,-1277.930,130.104,0.736223,0.155930
1102,2L5J,42.86,0.446400,1.00,-1277.930,130.104,0.560286,0.095820
1103,2L5R,80.43,0.756200,1.00,-1571.563,18.937,0.222929,0.468690
1104,2L61,40.38,0.448200,1.00,-1147.382,191.112,0.797380,0.173170
1105,2L62,38.46,0.436300,1.00,-1147.382,191.112,0.872905,0.196890
1106,2L63,62.88,0.658200,1.00,-2596.037,59.711,0.500475,0.367350
1107,2L64,65.91,0.644900,1.00,-2596.037,59.711,0.324977,0.471010
1108,2L6S,48.75,0.522000,1.00,-890.874,118.242,0.796415,0.129730
1109,2L6T,52.50,0.557300,1.00,-890.874,118.242,0.613373,0.170830
1110,2L70,58.93,0.665800,1.00,-3108.699,103.307,0.508119,0.479040
1111,2L71,57.14,0.608700,1.00,-3108.699,103.307,0.594787,0.508620
1112,2L77,52.56,0.589700,1.00,-2441.462,134.944,0.952576,0.447120
1113,2L79,46.15,0.501000,1.00,-2441.462,134.944,0.627028,0.359020
1114,2L7C,34.21,0.455700,1.00,-589.205,135.396,0.603525,0.091430
1115,2L7T,52.27,0.538200,1.00,-236.702,59.338,0.409165,0.226390
1116,2L87,37.96,0.501700,1.00,-920.014,154.436,0.733286,0.170220
1117,2L8E,66.84,0.679500,1.00,-3141.357,208.279,0.527700,0.582680
1118,2L91,72.67,0.725900,1.00,-3214.107,96.654,0.334486,0.586580
1122,2L9G,81.58,0.727800,1.00,-1299.180,43.391,0.153731,0.329290
1123,2L9X,24.17,0.395600,1.00,-1025.651,224.483,0.822899,0.186430
1124,2L9Z,66.03,0.660500,1.00,-2463.151,255.880,0.542234,0.512130
1125,2LA0,50.83,0.404100,1.00,-1287.402,237.974,0.725518,0.284570
1126,2LAM,90.52,0.730200,1.00,-2057.158,226.183,0.212143,0.736480
1127,2LAQ,39.58,0.457200,1.00,-1799.020,224.859,0.682059,0.252540
1128,2LAT,63.51,0.714200,1.00,-2883.980,88.787,0.517648,0.607690
1129,2LB7,82.95,0.709200,1.00,-3071.286,271.731,0.168044,0.704340
1130,2LBG,73.15,0.757000,1.00,-1012.700,54.620,0.237567,0.418330
1131,2LBZ,37.90,0.389300,1.00,-2052.646,100.888,1.041895,0.284900
1132,2LCM,65.18,0.634600,1.00,-1789.346,89.980,0.377882,0.404730
1133,2LDE,60.00,0.544600,1.00,-1702.018,141.993,0.471179,0.319580
1134,2LDF,51.04,0.563200,1.00,-1533.331,152.796,0.759555,0.302400
1135,2LDJ,82.50,0.629100,1.00,-1195.447,183.970,0.172229,0.317130
1136,2LDS,78.47,0.593100,1.00,-2087.468,263.238,0.247599,0.567530
1137,2LE3,67.26,0.568700,1.00,-2919.299,165.011,0.637827,0.548440
1138,2LE7,43.75,0.505300,1.00,-780.114,150.281,0.610091,0.212160
1139,2LER,56.82,0.554100,1.00,-452.204,80.152,0.298038,0.216270
1140,2LET,91.07,0.746400,1.00,-1926.584,107.372,0.105370,0.617720
1141,2LEU,63.51,0.545600,1.00,-2090.953,178.244,0.824069,0.482690
1142,2LEW,82.81,0.666300,1.00,-1982.656,134.999,0.238839,0.594330
1143,2LEY,89.84,0.732900,1.00,-1976.856,169.647,0.188196,0.740140
1144,2LFM,28.75,0.397800,1.00,-1466.055,302.361,1.074063,0.258350
1145,2LG4,95.00,0.789600,1.00,-2712.240,211.355,0.101017,0.836580
1146,2LG5,77.08,0.640700,1.00,-2568.931,183.631,0.310561,0.578680
1147,2LG6,84.03,0.690100,1.00,-2667.957,163.602,0.257072,0.668800
1148,2LI3,61.67,0.521100,1.00,-2182.698,119.467,0.505533,0.408330
1149,2LIC,32.86,0.436200,1.00,-1475.468,198.891,0.714462,0.209440
1150,2LID,34.29,0.497600,1.00,-1410.204,291.964,0.664758,0.218500
1151,2LIF,70.37,0.660900,1.00,-1601.772,94.245,0.475039,0.380790
1152,2LIX,64.81,0.533400,1.00,-1787.448,148.679,0.362788,0.409130
1153,2LIY,66.11,0.593500,1.00,-2879.401,211.588,0.366978,0.548110
1154,2LJ7,77.66,0.670400,1.00,-3257.664,272.164,0.271661,0.668580
1155,2LJQ,56.08,0.569600,1.00,-1473.539,199.109,0.614954,0.382850
1156,2LJS,89.17,0.728800,1.00,-1713.949,139.172,0.238079,0.682280
1157,2LJT,37.84,0.419100,1.00,-1761.673,225.053,0.911373,0.314540
1158,2LK9,52.86,0.497600,1.00,-2382.213,51.670,0.556955,0.456910
1159,2LKE,58.33,0.541800,1.00,-848.233,120.468,0.723102,0.293470
1160,2LKJ,59.38,0.511100,1.00,-848.233,120.468,0.588356,0.275660
1161,2LKQ,60.42,0.625300,1.00,-1188.678,116.544,0.430087,0.324770
1162,2LL1,83.33,0.668600,1.00,-2207.897,184.202,0.201319,0.645990
1163,2LL2,38.46,0.495800,1.00,-923.687,194.674,0.837287,0.179850
1164,2LL5,95.45,0.832500,1.00,-1134.911,57.307,0.099405,0.592310
1165,2LLD,81.88,0.651600,1.00,-2850.735,166.781,0.336080,0.688710
1166,2LLM,60.47,0.676600,1.00,-2581.049,179.796,0.914350,0.556180
1167,2LLR,80.68,0.654300,1.00,-1224.857,103.967,0.201984,0.299200
1168,2LM8,48.08,0.525800,1.00,-357.655,100.640,0.868608,0.236670
1169,2LMA,28.41,0.447100,1.00,-830.705,120.437,0.593853,0.080180
1170,2LMB,23.26,0.388300,1.00,-1374.110,221.628,1.164279,0.218280
1171,2LMF,80.43,0.754700,1.00,-1783.226,59.938,0.170819,0.392220
1172,2LMZ,85.71,0.680500,1.00,-4081.883,148.137,0.187362,0.728830
1173,2LNE,73.08,0.547500,1.00,-392.740,69.469,0.372288,0.180340
1174,2LNF,51.92,0.491600,1.00,-392.740,69.469,0.413735,0.256620
1175,2LNG,51.92,0.485900,1.00,-392.740,69.469,0.383650,0.143130
1176,2LO2,77.63,0.635000,1.00,-2295.138,122.074,0.339691,0.612320
1177,2LO3,60.23,0.632300,1.00,-2663.568,207.236,0.874392,0.507090
1178,2LO7,57.26,0.521600,1.00,-2100.568,116.644,0.686152,0.461320
1179,2LQ0,84.00,0.683700,1.00,-1616.104,77.127,0.396766,0.556240
1180,2LQ1,48.00,0.509900,1.00,-1067.055,126.389,0.589133,0.275710
1181,2LQ2,50.83,0.559100,1.00,-1163.016,193.887,0.857493,0.356180
1182,2LQA,95.95,0.782600,1.00,-2690.156,190.236,0.117167,0.847090
1183,2LQX,85.98,0.665100,1.00,-3306.508,129.333,0.263579,0.758920
1184,2LQY,77.50,0.630900,1.00,-1527.943,40.989,0.321207,0.365280
1185,2LR3,81.91,0.612100,1.00,-3171.447,220.851,0.205405,0.716940
1186,2LR5,78.29,0.656700,1.00,-2898.051,173.028,0.260913,0.616700
1187,2LR7,33.62,0.467700,1.00,-2024.851,97.851,1.005818,0.212510
1188,2LRX,57.78,0.591800,1.00,-3215.649,191.586,0.501449,0.430440
1189,2LS1,40.00,0.442800,1.00,-766.067,121.634,0.736702,0.140900
1190,2LS2,80.00,0.667700,1.00,-2008.980,42.435,0.336471,0.523620
1191,2LS3,68.97,0.720700,1.00,-2538.942,77.743,0.333866,0.453960
1192,2LS4,63.54,0.557900,1.00,-1617.836,41.026,0.408457,0.352170
1193,2LS9,58.00,0.623300,1.00,-1312.297,54.672,0.446902,0.275650
1194,2LSA,55.43,0.626300,1.00,-1319.018,92.419,0.483430,0.265420
1195,2LSQ,62.00,0.494700,1.00,-1478.097,111.634,0.496965,0.285140
1196,2LSW,30.00,0.366900,1.00,-1450.776,257.984,1.113360,0.200910
1197,2LT8,81.55,0.732100,1.00,-3054.220,179.401,0.229940,0.689990
1198,2LTI,32.61,0.468300,1.00,-886.157,113.712,0.909240,0.112970
1200,2LU9,83.87,0.686000,1.00,-1916.564,170.776,0.240089,0.532140
1201,2LUF,73.75,0.567200,1.00,-963.167,104.807,0.334165,0.322030
1202,2LUG,45.83,0.523500,1.00,-1459.509,181.338,1.557361,0.375650
1203,2LUR,68.10,0.567600,1.00,-1934.551,178.799,0.468901,0.405390
1204,2LUV,51.43,0.630000,1.00,-1609.482,198.693,0.671161,0.393460
1205,2LVG,70.62,0.706800,1.00,-3032.668,71.923,0.346357,0.532770
1206,2LWB,60.00,0.453800,1.00,-1477.535,94.506,0.356667,0.210200
1207,2LWL,71.94,0.636800,1.00,-2930.639,213.458,0.456330,0.595220
1208,2LWQ,57.81,0.482200,1.00,-622.124,116.375,0.401468,0.156460
1209,2LWS,72.92,0.526400,1.00,-554.322,39.801,0.290991,0.301100
1210,2LWT,55.56,0.421400,1.00,-702.071,127.264,0.590129,0.183760
1211,2LWU,86.67,0.763600,1.00,-708.167,56.174,0.161928,0.363690
1212,2LWV,82.35,0.679000,1.00,-844.767,70.680,0.171666,0.292080
1213,2LX0,61.72,0.652600,1.00,-2881.347,62.325,0.388351,0.428770
1214,2LX4,83.82,0.701200,1.00,-1110.014,43.877,0.163677,0.417700
1215,2LX5,84.72,0.605000,1.00,-1016.495,43.115,0.291892,0.415870
1216,2LX6,35.53,0.485100,1.00,-641.789,99.802,0.852981,0.143040
1217,2LXO,52.84,0.460000,1.00,-3228.450,297.990,0.617128,0.400310
1218,2LXZ,91.41,0.723900,1.00,-2245.372,151.101,0.116805,0.686020
1219,2LYE,93.06,0.749100,1.00,-956.660,69.267,0.145653,0.466070
1220,2LYF,95.83,0.732500,1.00,-1025.774,90.573,0.094131,0.537810
1221,2LZI,54.17,0.439200,1.00,-754.642,124.609,0.431213,0.222680
1222,2LZO,70.69,0.694200,1.00,-1697.554,137.729,0.392357,0.437110
1223,2LZP,58.06,0.559600,1.00,-1633.495,168.547,0.716420,0.387670
1224,2LZQ,81.73,0.747100,1.00,-2421.404,86.886,0.294125,0.511420
1225,2LZX,91.22,0.780700,1.00,-2678.106,188.796,0.114114,0.793320
1226,2LZY,84.29,0.712000,1.00,-2487.787,164.840,0.233584,0.649370
1227,2M0H,65.91,0.636200,1.00,-1486.262,71.070,0.551724,0.407600
1228,2M0S,45.54,0.453100,1.00,-1894.109,92.463,0.931842,0.272800
1229,2M0W,60.87,0.638100,1.00,-1358.528,49.001,0.685224,0.318710
1230,2M1A,84.62,0.636800,1.00,-1408.232,47.716,0.155684,0.499090
1231,2M1J,66.67,0.623600,1.00,-2147.723,70.203,0.563049,0.490430
1232,2M1P,76.39,0.629900,1.00,-744.394,69.977,0.362638,0.365150
1233,2M1T,60.23,0.616400,1.00,-1552.068,70.895,0.519189,0.224370
1234,2M2G,81.94,0.688000,1.00,-823.949,87.633,0.219463,0.368290
1235,2M2H,86.11,0.709000,1.00,-639.741,85.374,0.133406,0.350000
1236,2M2Q,92.19,0.766000,1.00,-2417.721,150.296,0.135029,0.743700
1237,2M2R,82.58,0.690700,1.00,-2288.725,286.725,0.244613,0.601920
1238,2M2S,75.00,0.652100,1.00,-673.265,68.581,0.348297,0.249700
1239,2M2X,30.56,0.285500,1.00,-907.781,34.066,1.016644,0.104520
1240,2M2Y,69.44,0.567100,1.00,-1040.229,122.189,0.453361,0.328550
1241,2M36,84.87,0.700200,1.00,-1935.285,255.333,0.237884,0.691080
1242,2M37,42.11,0.480500,1.00,-538.285,133.195,0.788715,0.128080
1243,2M3F,90.91,0.719700,1.00,-1651.229,63.390,0.117187,0.456000
1244,2M3J,88.64,0.754000,1.00,-2402.164,155.179,0.175217,0.683680
1245,2M3N,62.50,0.540300,1.00,-761.134,113.931,0.304318,0.210060
1246,2M4X,75.00,0.574000,1.00,-2426.387,246.426,0.230072,0.517690
1247,2M4Z,70.00,0.581800,1.00,-2338.665,226.080,0.275679,0.459810
1248,2M50,83.57,0.670900,1.00,-2609.548,186.628,0.185356,0.611670
1249,2M5L,57.50,0.606400,1.00,-766.498,90.522,0.532472,0.182590
1250,2M5X,91.25,0.851200,1.00,-2668.729,152.522,0.164712,0.828470
1251,2M5Z,94.89,0.744400,1.00,-5669.106,100.781,0.087546,0.873770
1252,2M60,86.63,0.708000,1.00,-5709.259,114.579,0.151216,0.749000
1253,2M62,60.42,0.559000,1.00,-601.744,58.683,0.337859,0.218050
1254,2M6A,74.11,0.619800,1.00,-1801.893,79.950,0.224674,0.423670
1255,2M6O,77.08,0.733300,1.00,-3078.647,260.464,0.350424,0.708610
1256,2M6P,78.26,0.696600,1.00,-3095.003,266.043,0.554029,0.686960
1257,2M73,65.00,0.586400,1.00,-1532.476,89.748,0.367325,0.338620
1258,2M77,93.06,0.752700,1.00,-981.799,79.994,0.110572,0.332680
1259,2M78,94.44,0.756000,1.00,-1086.021,84.763,0.100169,0.443450
1260,2M79,88.89,0.716900,1.00,-922.187,89.175,0.134882,0.340850
1261,2M7C,78.57,0.647000,1.00,-1210.693,96.510,0.434033,0.357600
1262,2M7D,61.25,0.616400,1.00,-1143.189,44.732,0.690418,0.331950
1263,2M7E,50.96,0.588600,1.00,-1095.221,157.016,0.609492,0.283090
1264,2M7I,39.29,0.440800,1.00,-662.334,41.526,0.683168,0.208760
1265,2M7J,44.64,0.509900,1.00,-224.296,75.080,0.865836,0.138280
1266,2M7P,78.57,0.679300,1.00,-2614.578,284.174,0.248499,0.666300
1267,2M7T,87.88,0.770900,1.00,-1956.487,173.128,0.200547,0.716800
1268,2M7X,39.47,0.465800,1.00,-2454.839,199.929,0.988115,0.346740
1269,2M8F,51.04,0.445600,1.00,-1278.056,102.835,0.777300,0.224980
1270,2M8I,78.49,0.719300,1.00,-2616.382,204.013,0.329634,0.651070
1271,2M8J,83.14,0.724300,1.00,-2556.606,219.764,0.224384,0.748230
1272,2M8M,78.57,0.708200,1.00,-2583.266,49.636,0.216481,0.578890
1273,2M8O,68.75,0.701700,1.00,-2583.266,49.636,0.247185,0.439540
1274,2M96,78.41,0.635600,1.00,-2391.904,221.759,0.256621,0.656640
1275,2M9E,87.12,0.764700,1.00,-2027.656,269.439,0.187812,0.695020
1276,2M9F,75.00,0.711400,1.00,-2027.656,269.439,0.336523,0.526140
1277,2M9I,79.41,0.716100,1.00,-2237.931,174.687,0.295442,0.614550
1278,2M9J,83.09,0.705100,1.00,-2237.931,174.687,0.293050,0.684140
1279,2M9L,90.00,0.716800,1.00,-2505.124,165.587,0.346454,0.774430
1280,2M9O,93.97,0.765400,1.00,-1883.697,184.626,0.167531,0.703820
1281,2M9R,26.25,0.409100,1.00,-1466.055,302.361,1.890635,0.216130
1282,2M9S,30.00,0.399000,1.00,-1466.055,302.361,1.726892,0.258990
1283,2MAA,55.77,0.497500,1.00,-508.786,104.774,0.430038,0.315920
1284,2MAE,32.69,0.480700,1.00,-808.873,150.368,0.782832,0.236330
1285,2MAU,96.67,0.769000,1.00,-2089.181,193.171,0.078956,0.745950
1286,2MBD,68.52,0.607300,1.00,-1541.792,116.793,0.382114,0.465090
1287,2MBY,58.15,0.607300,1.00,-3601.018,138.024,0.467655,0.499420
1288,2MCE,32.14,0.418900,1.00,-637.719,136.123,0.655632,0.104580
1289,2MD1,77.94,0.639700,1.00,-1113.518,30.631,0.292154,0.394170
1290,2MD2,85.00,0.657800,1.00,-629.521,22.871,0.154282,0.519380
1291,2MD4,91.67,0.732900,1.00,-722.509,24.095,0.092708,0.562210
1292,2MD6,86.11,0.659300,1.00,-1139.462,79.500,0.199749,0.332450
1293,2MDC,45.31,0.478400,1.00,-3106.417,344.421,0.817923,0.371440
1294,2MDL,44.79,0.491500,1.00,-727.316,179.194,0.782408,0.185250
1295,2MDU,87.93,0.707000,1.00,-1993.825,155.601,0.204988,0.619470
1296,2ME1,62.04,0.542100,1.00,-2456.911,41.419,0.386845,0.344480
1297,2ME2,54.63,0.564200,1.00,-2399.445,54.052,0.439609,0.364860
1298,2ME3,63.89,0.516200,1.00,-2516.082,70.103,0.341852,0.319500
1299,2ME4,55.56,0.523600,1.00,-2178.445,117.231,0.509216,0.307390
1300,2ME7,91.67,0.786000,1.00,-2232.295,135.448,0.224222,0.792500
1301,2MEL,91.67,0.753800,1.00,-2248.938,135.301,0.102475,0.755670
1302,2MEN,81.06,0.713800,1.00,-2088.032,153.760,0.326274,0.609490
1303,2MEO,81.06,0.677600,1.00,-2054.231,170.836,0.361545,0.594510
1304,2MF3,46.28,0.408200,1.00,-3220.891,281.859,0.562931,0.442090
1305,2MFM,40.00,0.519900,1.00,-490.492,60.958,0.727269,0.210870
1306,2MFO,45.00,0.512300,1.00,-409.278,85.657,0.650309,0.239560
1307,2MFP,43.55,0.456000,1.00,-1240.557,598.754,0.612995,0.244750
1308,2MFS,95.71,0.820500,1.00,-2405.148,160.799,0.078250,0.841360
1309,2MFV,37.50,0.489500,1.00,-138.763,48.411,0.799115,0.175120
1310,2MG1,74.07,0.746200,1.00,-1813.426,59.637,0.276341,0.502690
1311,2MG2,84.82,0.736600,1.00,-2316.479,62.374,0.164835,0.511990
1312,2MG3,67.86,0.641200,1.00,-2316.479,62.374,0.426773,0.431590
1313,2MH1,75.76,0.650800,1.00,-1952.809,161.938,0.391813,0.554550
1314,2MHU,65.00,0.515300,1.00,-1718.954,232.960,0.399009,0.391600
1315,2MHW,48.15,0.632100,1.00,-1671.593,73.228,0.722069,0.320350
1316,2MI1,50.00,0.443700,1.00,-505.695,95.009,0.471423,0.145150
1317,2MI9,76.67,0.596200,1.00,-1924.689,196.625,0.215311,0.506230
1318,2MIA,75.00,0.583300,1.00,-1924.689,196.625,0.218095,0.502600
1319,2MID,52.08,0.519600,1.00,-380.772,46.627,0.577376,0.261780
1320,2MIE,41.67,0.512700,1.00,-355.750,45.414,0.608544,0.166610
1321,2MIF,47.92,0.525300,1.00,-293.936,42.281,0.530409,0.268990
1322,2MIG,50.00,0.526300,1.00,-403.005,53.793,0.557010,0.214420
1323,2MIH,39.29,0.476900,1.00,-401.702,61.086,0.848567,0.138960
1324,2MIJ,65.54,0.596500,1.00,-2819.441,156.074,0.342661,0.486090
1325,2MIX,63.10,0.590600,1.00,-1114.946,113.709,0.566273,0.250290
1326,2MJ1,37.50,0.425700,1.00,-468.525,113.272,0.545469,0.110780
1327,2MJ2,68.06,0.590400,1.00,-2443.986,148.105,0.487717,0.517070
1328,2MJ9,69.87,0.665700,1.00,-2662.853,113.794,0.469294,0.538080
1329,2MJC,67.65,0.669400,1.00,-1783.220,146.190,0.714605,0.521110
1330,2MJK,93.90,0.766000,1.00,-3944.366,176.757,0.120152,0.821780
1331,2MKB,64.00,0.518300,1.00,-2282.012,46.563,0.653968,0.441420
1332,2ML7,86.29,0.719800,1.00,-2304.057,162.817,0.117883,0.620060
1333,2MLA,91.89,0.750400,1.00,-2538.841,184.044,0.104541,0.770820
1334,2MLD,96.62,0.788100,1.00,-2559.657,156.362,0.076477,0.858860
1335,2MLJ,34.72,0.457300,1.00,-809.255,54.288,1.010441,0.151580
1336,2MLO,84.38,0.641200,1.00,-1147.153,53.116,0.204204,0.438080
1337,2MLQ,81.25,0.605200,1.00,-1147.153,53.116,0.227589,0.381820
1338,2MLU,43.33,0.381200,1.00,-1647.616,128.677,0.581491,0.283310
1339,2MLV,45.83,0.410700,1.00,-1647.616,128.677,0.552970,0.310860
1340,2MM5,84.17,0.665300,1.00,-2129.993,206.640,0.212134,0.599600
1341,2MM6,85.00,0.676500,1.00,-2189.433,210.598,0.197637,0.576680
1342,2MMM,63.89,0.649000,1.00,-1800.314,127.150,0.433120,0.491970
1343,2MMT,30.95,0.384300,1.00,-1170.743,114.236,1.049817,0.135140
1344,2MMW,51.19,0.436600,1.00,-997.771,137.356,0.639506,0.137820
1345,2MN1,94.17,0.804500,1.00,-1952.722,202.990,0.096819,0.752510
1346,2MN3,61.93,0.575300,1.00,-2237.225,181.683,0.475493,0.494300
1347,2MOC,88.64,0.711700,1.00,-521.454,27.112,0.190085,0.472150
1348,2MOF,58.33,0.579400,1.00,-2872.581,128.942,0.484701,0.581170
1349,2MPJ,78.00,0.628400,1.00,-1293.266,251.278,0.264803,0.432420
1350,2MPQ,92.36,0.784400,1.00,-2299.475,157.018,0.145043,0.791740
1351,2MQ2,35.71,0.468500,1.00,-176.446,53.659,0.934644,0.160150
1352,2MQ4,43.18,0.497600,1.00,-160.621,62.480,0.705721,0.128410
1353,2MQ5,50.00,0.505400,1.00,-148.156,39.216,0.341044,0.194040
1354,2MQF,99.26,0.807700,1.00,-2130.286,175.858,0.064557,0.875390
1355,2MQU,88.57,0.728000,1.00,-2251.933,180.247,0.122392,0.690000
1356,2MR9,85.80,0.714800,1.00,-4303.104,194.236,0.150828,0.778440
1357,2MRB,60.48,0.506500,1.00,-1983.281,211.219,0.418715,0.388660
1358,2MRF,81.06,0.703200,1.00,-2219.097,125.238,0.238599,0.584790
1359,2MRT,71.67,0.575300,1.00,-1915.858,221.453,0.282810,0.430080
1360,2MRW,41.25,0.304300,1.00,-3412.268,136.484,1.110677,0.389130
1361,2MSF,49.14,0.420100,1.00,-1631.225,313.486,0.707532,0.378910
1362,2MSO,75.00,0.646000,1.00,-1944.996,172.381,0.337645,0.517270
1363,2MSQ,75.00,0.580500,1.00,-2005.034,251.794,0.257540,0.395890
1364,2MSU,66.25,0.580400,1.00,-1152.870,48.046,0.386665,0.304630
1365,2MT7,93.57,0.784600,1.00,-2266.993,200.758,0.145707,0.798730
1366,2MT8,67.31,0.618300,1.00,-2268.271,186.882,0.597379,0.552630
1367,2MTM,57.89,0.510100,1.00,-879.224,103.993,0.310891,0.177490
1368,2MTO,75.00,0.533700,1.00,-617.918,54.378,0.284497,0.352560
1369,2MTT,69.23,0.545000,1.00,-619.313,44.521,0.285756,0.218590
1370,2MTU,69.23,0.540300,1.00,-619.313,44.521,0.369130,0.358650
1371,2MTW,60.00,0.534600,1.00,-988.754,86.153,0.456490,0.331660
1372,2MTY,60.00,0.517100,1.00,-964.223,99.642,0.385876,0.145040
1373,2MU6,70.00,0.639400,1.00,-1367.251,60.983,0.351200,0.285060
1374,2MU7,48.75,0.480400,1.00,-639.241,171.383,0.576913,0.182490
1375,2MU8,42.50,0.437600,1.00,-1251.902,55.563,0.528392,0.156570
1376,2MU9,76.25,0.616600,1.00,-1478.492,62.552,0.419961,0.365010
1377,2MUA,82.14,0.686200,1.00,-1143.649,66.884,0.232099,0.354890
1378,2MUB,59.52,0.481200,1.00,-3013.220,291.504,0.469721,0.543340
1379,2MUE,70.00,0.570200,1.00,-1239.943,67.184,0.355807,0.339890
1380,2MUF,81.25,0.629400,1.00,-1063.977,80.195,0.370564,0.345180
1381,2MUH,87.50,0.670200,1.00,-699.262,85.378,0.142548,0.365330
1382,2MUJ,45.24,0.489300,1.00,-806.014,218.089,0.624738,0.204100
1383,2MUN,71.74,0.588000,1.00,-3426.479,267.699,0.446410,0.620210
1384,2MUQ,75.57,0.674000,1.00,-3030.779,141.041,0.469786,0.626030
1385,2MV6,60.20,0.719100,1.00,-3862.533,152.483,0.462879,0.568010
1386,2MVA,59.26,0.541100,1.00,-1527.353,111.351,0.492738,0.306980
1387,2MVH,64.42,0.564700,1.00,-1435.050,173.644,0.437149,0.348100
1388,2MVI,40.12,0.372200,1.00,-3544.502,244.814,0.957282,0.331520
1389,2MVJ,63.46,0.545600,1.00,-1547.704,88.042,0.771379,0.384320
1390,2MVK,28.85,0.463900,1.00,-808.873,150.368,0.927851,0.190060
1391,2MVL,28.85,0.487200,1.00,-808.873,150.368,0.967092,0.162110
1392,2MVM,56.82,0.587500,1.00,-2461.713,143.666,0.840651,0.487610
1393,2MVN,67.05,0.647200,1.00,-2461.713,143.666,0.339353,0.514410
1394,2MVT,67.55,0.577800,1.00,-3650.042,195.708,0.344258,0.596410
1395,2MW0,72.41,0.584200,1.00,-1784.768,243.092,0.246809,0.386840
1396,2MW3,39.29,0.494000,1.00,-989.520,94.090,0.895609,0.166250
1397,2MW7,83.78,0.732300,1.00,-2244.334,231.477,0.300270,0.673830
1398,2MW9,85.81,0.738500,1.00,-2367.448,161.526,0.173347,0.682200
1399,2MWA,76.35,0.661100,1.00,-2372.180,141.970,0.442528,0.599280
1400,2MWB,76.35,0.699900,1.00,-2338.507,175.445,0.313727,0.589360
1401,2MWD,84.82,0.689000,1.00,-1771.193,112.833,0.121870,0.541310
1402,2MWE,82.14,0.658500,1.00,-1660.582,138.007,0.158360,0.469480
1403,2MWF,82.03,0.694300,1.00,-2073.337,125.825,0.154955,0.578970
1404,2MWJ,93.75,0.829400,1.00,-2324.779,172.218,0.109947,0.770710
1405,2MWK,95.14,0.829900,1.00,-2324.779,172.218,0.093415,0.783340
1406,2MWL,51.56,0.528100,1.00,-486.767,83.354,0.680231,0.234070
1407,2MWT,52.21,0.681300,1.00,-1917.130,118.051,0.884407,0.455800
1408,2MX4,35.56,0.488700,1.00,-2225.445,197.373,1.265088,0.275430
1409,2MXG,40.62,0.541300,1.00,-486.767,83.354,0.761291,0.142610
1410,2MXH,34.38,0.501200,1.00,-486.767,83.354,0.961802,0.270360
1411,2MXM,96.97,0.826400,1.00,-2271.884,153.853,0.065778,0.864660
1412,2MXO,88.97,0.696300,1.00,-2087.818,195.515,0.149890,0.695370
1413,2MXP,95.45,0.806700,1.00,-2591.475,196.901,0.176573,0.829070
1414,2MXQ,66.91,0.572400,1.00,-2105.407,167.262,0.306694,0.450170
1415,2MXV,68.60,0.637000,1.00,-2692.237,203.433,0.738281,0.570940
1416,2MYH,82.93,0.650100,1.00,-2411.593,205.540,0.299495,0.720680
1417,2MYL,92.50,0.702600,1.00,-1554.926,48.235,0.147915,0.453120
1418,2MYM,60.00,0.537000,1.00,-1499.297,56.349,0.412229,0.245440
1419,2MZ2,72.06,0.576200,1.00,-1000.937,45.337,0.296852,0.305760
1420,2MZ3,73.53,0.623900,1.00,-1000.937,45.337,0.366941,0.231550
1421,2MZ4,64.13,0.571200,1.00,-3426.479,267.699,0.400780,0.540070
1422,2MZ7,22.83,0.498600,1.00,-1390.861,282.257,1.174264,0.241740
1423,2MZA,72.06,0.573000,1.00,-1000.937,45.337,0.448672,0.339780
1424,2MZX,95.00,0.597200,1.00,-762.571,26.130,0.093816,0.524240
1426,2N0X,37.50,0.539400,1.00,-490.952,79.706,0.682946,0.210350
1427,2N16,52.50,0.539300,1.00,-1175.500,80.864,0.612963,0.242190
1428,2N1C,43.48,0.446100,1.00,-901.423,126.131,0.575705,0.148740
1429,2N1N,90.71,0.703400,1.00,-2519.632,202.659,0.120864,0.728840
1430,2N1P,67.50,0.655900,1.00,-1995.061,81.252,0.379518,0.486530
1431,2N1S,92.50,0.769600,1.00,-1946.388,148.693,0.138262,0.728980
1432,2N24,72.58,0.725600,1.00,-1765.124,142.238,0.631360,0.578540
1433,2N2C,39.53,0.589000,1.00,-2074.698,150.511,0.754105,0.360520
1434,2N2F,63.46,0.519300,1.00,-436.425,64.503,0.429546,0.331860
1435,2N2G,90.15,0.763100,1.00,-2232.461,173.088,0.152230,0.720490
1436,2N2S,49.22,0.512900,1.00,-2324.217,231.994,0.733128,0.310700
1437,2N3P,94.53,0.803100,1.00,-2120.934,144.859,0.101760,0.777140
1438,2N4K,48.84,0.462700,1.00,-1950.670,224.717,0.819622,0.380740
1439,2N4R,87.16,0.768800,1.00,-2344.427,155.679,0.400737,0.756330
1440,2N4S,83.78,0.759900,1.00,-2253.717,186.385,0.413584,0.720830
1441,2N4T,87.16,0.764400,1.00,-2430.248,175.617,0.376575,0.746640
1442,2N4U,82.43,0.727800,1.00,-2508.470,178.506,0.348605,0.684610
1443,2N4V,79.05,0.747000,1.00,-2202.526,159.364,0.509980,0.617700
1444,2N4W,82.43,0.750200,1.00,-2440.835,214.509,0.413307,0.694420
1445,2N58,48.33,0.562300,1.00,-2544.198,45.542,0.960161,0.363430
1446,2N5C,36.67,0.502200,1.00,-317.934,109.864,0.905651,0.133640
1447,2N5J,78.57,0.668100,1.00,-4875.618,143.686,0.292086,0.725360
1448,2N5K,78.45,0.622600,1.00,-1836.651,128.186,0.264318,0.482470
1449,2N5Q,77.78,0.575900,1.00,-1795.397,160.143,0.293026,0.479310
1450,2N5R,89.58,0.596400,1.00,-783.985,29.347,0.164570,0.558140
1451,2N63,35.94,0.488100,1.00,-486.767,83.354,0.765849,0.175660
1452,2N68,43.48,0.440900,1.00,-886.157,113.712,0.740697,0.126890
1453,2N6B,83.82,0.686900,1.00,-2490.287,181.283,0.166698,0.643180
1454,2N6M,83.33,0.715200,1.00,-1170.029,31.093,0.149608,0.387010
1455,2N6N,86.72,0.735400,1.00,-1971.470,206.181,0.130194,0.623290
1456,2N6O,82.14,0.649200,1.00,-2488.802,184.847,0.374096,0.667990
1457,2N6U,28.75,0.417700,1.00,-1093.184,44.806,0.969889,0.139210
1458,2N6V,36.46,0.397000,1.00,-1278.056,102.835,0.728912,0.206570
1459,2N7F,72.66,0.604700,1.00,-2803.950,206.484,0.303089,0.481220
1460,2N7I,69.59,0.696100,1.00,-3090.170,60.136,0.463124,0.539870
1461,2N85,75.61,0.758100,1.00,-2742.892,127.919,0.232550,0.774120
1462,2N8B,59.03,0.520200,1.00,-2679.801,212.697,0.494540,0.408250
1463,2N8E,72.06,0.608100,1.00,-1710.285,206.649,0.471838,0.517310
1464,2N8H,79.29,0.595400,1.00,-2153.518,142.790,0.277526,0.599990
1465,2N8S,83.33,0.735900,1.00,-2524.844,137.746,0.337230,0.705630
1466,2N8U,75.64,0.663900,1.00,-1933.980,154.987,0.303205,0.629020
1467,2N92,51.61,0.531700,1.00,-2128.777,58.846,0.736225,0.391810
1468,2N94,84.90,0.742400,1.00,-3053.419,288.217,0.218287,0.750270
1469,2N95,76.02,0.673300,1.00,-3208.342,257.806,0.367892,0.689550
1470,2N9C,48.75,0.517900,1.00,-621.598,76.778,0.653890,0.215970
1471,2N9M,48.44,0.549400,1.00,-486.767,83.354,0.801272,0.273260
1472,2N9N,51.56,0.525000,1.00,-486.767,83.354,0.701441,0.241030
1473,2N9O,77.98,0.709600,1.00,-3064.597,264.258,0.563529,0.676440
1474,2N9T,80.00,0.624500,1.00,-1941.356,187.131,0.219331,0.489410
1475,2N9Z,79.17,0.723000,1.00,-2409.277,265.635,0.568448,0.678080
1476,2NA3,89.58,0.558100,1.00,-924.734,32.854,0.161264,0.631850
1477,2NA8,57.39,0.648500,1.00,-3719.258,168.225,0.892590,0.526670
1478,2NA9,71.59,0.701600,1.00,-4061.849,89.604,0.398954,0.680030
1479,2NAB,75.61,0.704300,1.00,-2708.798,225.503,0.578980,0.646440
1480,2NAE,26.74,0.471600,1.00,-1886.854,252.796,1.046978,0.217070
1481,2NAJ,87.88,0.695900,1.00,-2219.632,119.346,0.182212,0.690480
1482,2NAL,89.58,0.672900,1.00,-808.255,36.251,0.200108,0.401850
1483,2NAT,41.07,0.501300,1.00,-2145.252,83.910,0.718672,0.227330
1484,2NAU,60.71,0.544100,1.00,-1605.254,87.747,0.478797,0.414220
1485,2NAW,46.15,0.520200,1.00,-2758.283,168.249,0.688575,0.378530
1486,2NB2,84.87,0.713300,1.00,-3397.992,104.438,0.175598,0.696480
1487,2NB5,89.71,0.663400,1.00,-812.577,77.984,0.170936,0.363040
1488,2NB6,78.12,0.640600,1.00,-766.956,111.451,0.180480,0.263210
1489,2NB7,35.29,0.461300,1.00,-473.509,90.277,0.710968,0.142610
1490,2NB8,50.93,0.571500,1.00,-1387.415,209.279,0.974001,0.373020
1491,2NB9,74.49,0.625200,1.00,-3572.261,190.594,0.548765,0.671520
1492,2NC3,87.88,0.779200,1.00,-2027.656,269.439,0.167944,0.695460
1493,2NC4,84.85,0.769900,1.00,-2027.656,269.439,0.190632,0.657680
1494,2NC5,87.88,0.773200,1.00,-2027.656,269.439,0.157619,0.702010
1495,2NC6,86.36,0.773500,1.00,-2027.656,269.439,0.197123,0.690550
1496,2NC7,77.78,0.666400,1.00,-1005.849,71.628,0.241806,0.296960
1497,2NCS,68.75,0.685300,1.00,-3051.982,62.457,0.301327,0.540220
1498,2NCT,65.28,0.639800,1.00,-3051.982,62.457,0.333645,0.629330
1499,2NCU,58.33,0.579300,1.00,-1305.106,73.059,0.500899,0.209770
1500,2NCV,58.33,0.578200,1.00,-1425.688,55.738,0.634271,0.272070
1501,2NCW,57.29,0.596600,1.00,-1898.289,42.417,0.458808,0.314610
1502,2NCX,85.42,0.762200,1.00,-1745.502,44.532,0.181605,0.460940
1503,2NCY,64.58,0.648000,1.00,-1576.981,67.332,0.501364,0.412120
1504,2ND2,85.23,0.697200,1.00,-3737.162,141.804,0.163843,0.754770
1505,2ND3,90.79,0.706200,1.00,-3069.433,151.647,0.111119,0.761310
1506,2ND6,72.06,0.621800,1.00,-1005.150,63.152,0.251507,0.305600
1507,2ND7,73.53,0.608000,1.00,-1005.150,63.152,0.348104,0.240440
1508,2ND8,69.12,0.530000,1.00,-1005.150,63.152,0.415325,0.327610
1509,2NDB,62.76,0.489300,1.00,-3090.151,213.235,0.372785,0.534330
1510,2NDC,68.06,0.554800,1.00,-1154.891,28.958,0.401652,0.360700
1511,2NDE,54.17,0.528200,1.00,-1020.100,31.325,0.464804,0.235010
1512,2NDI,45.11,0.504100,1.00,-2449.773,252.079,0.859017,0.338360
1513,2NDK,45.31,0.721600,1.00,-3083.439,81.751,0.942450,0.409870
1514,2NDL,73.44,0.645900,1.00,-839.585,79.815,0.221379,0.248460
1515,2NDM,57.69,0.468500,1.00,-649.696,63.093,0.430197,0.263440
1516,2NDN,89.06,0.744100,1.00,-842.666,64.069,0.136672,0.361630
1517,2NOR,52.50,0.568100,1.00,-354.376,49.936,0.320689,0.232030
1518,2NOU,45.00,0.446800,1.00,-334.888,35.873,0.447672,0.227110
1519,2NR1,75.93,0.696300,1.00,-1605.917,97.546,0.313563,0.573990
1520,2NS4,78.57,0.642400,1.00,-330.157,82.100,0.273767,0.381210
1521,2NVJ,52.00,0.537300,1.00,-1980.703,36.206,0.550573,0.238460
1522,2NX6,66.67,0.574900,1.00,-1540.134,232.582,0.380928,0.343760
1523,2NX7,64.29,0.574600,1.00,-1693.531,195.650,0.548752,0.357260
1526,2NZ3,63.75,0.562000,1.00,-3162.469,193.194,0.496855,0.509020
1527,2NZZ,35.81,0.472400,1.00,-2979.737,75.998,1.200505,0.234810
1528,2O00,36.49,0.437300,1.00,-2979.737,75.998,1.019628,0.241470
1529,2O0S,37.50,0.421600,1.00,-378.137,60.871,0.580669,0.248490
1530,2OBU,57.14,0.687700,1.00,-3108.699,103.307,0.649935,0.493070
1532,2OJM,100.00,0.763100,1.00,-1588.046,13.608,0.066232,0.617680
1533,2OJN,54.55,0.599500,1.00,-944.616,161.355,0.492711,0.266360
1534,2OJO,90.91,0.778300,1.00,-1755.914,24.580,0.110166,0.533690
1535,2OP7,48.72,0.430500,1.00,-2710.682,208.091,0.893681,0.343270
1536,2OQ9,48.96,0.532900,1.00,-987.098,150.520,0.575003,0.188300
1537,2ORU,75.00,0.609000,1.00,-1205.171,92.371,0.294947,0.226840
1538,2OVN,89.71,0.692700,1.00,-1091.161,61.373,0.173367,0.518960
1539,2OYV,63.46,0.490000,1.00,-477.633,91.471,0.297562,0.237060
1540,2OYW,67.31,0.516100,1.00,-477.633,91.471,0.325422,0.260280
1541,2P4L,61.41,0.542800,1.00,-2683.100,353.671,0.445486,0.491070
1542,2P5J,48.53,0.562800,1.00,-630.535,69.535,0.537323,0.250520
1543,2P81,62.50,0.467800,1.00,-3874.851,138.050,0.848222,0.500690
1544,2PCO,73.08,0.637500,1.00,-1736.373,48.807,0.427584,0.602870
1545,2PDD,82.56,0.675100,1.00,-3636.902,157.530,0.270455,0.716640
1546,2PDE,33.14,0.363700,1.00,-3636.902,157.530,0.727063,0.354660
1547,2PJV,45.97,0.566800,1.00,-843.891,210.430,0.850976,0.268490
1548,2PO8,74.26,0.666800,1.00,-1790.545,200.576,0.371699,0.562890
1549,2PPZ,78.47,0.581500,1.00,-3235.121,91.267,0.206829,0.567190
1550,2PTA,86.43,0.706900,1.00,-2357.345,177.163,0.173291,0.680650
1551,2PV6,65.91,0.567700,1.00,-1985.562,65.782,0.430053,0.268400
1552,2RLG,84.72,0.610500,1.00,-1142.191,22.081,0.285102,0.412360
1553,2RLH,80.56,0.629400,1.00,-1142.191,22.081,0.280848,0.394590
1554,2RLJ,45.31,0.485300,1.00,-516.715,71.858,0.622636,0.112010
1555,2RLW,45.59,0.543800,1.00,-1568.555,256.322,0.963222,0.396190
1557,2RMF,71.88,0.724600,1.00,-3076.354,121.107,0.332602,0.648000
1558,2RMG,51.32,0.683000,1.00,-2902.411,64.817,0.586626,0.325110
1559,2RMH,59.87,0.680400,1.00,-2628.833,82.366,0.608976,0.505310
1561,2RMV,49.04,0.377800,1.00,-2027.068,83.723,0.789054,0.238950
1562,2RMW,39.42,0.354400,1.00,-1989.331,100.062,0.866040,0.243250
1563,2RMY,80.88,0.762300,1.00,-2500.386,40.376,0.290442,0.602090
1564,2RMZ,73.84,0.705400,1.00,-3280.868,94.555,0.441002,0.662370
1565,2RN0,74.42,0.682200,1.00,-3280.868,94.555,0.323787,0.644410
1566,2RND,71.32,0.684000,1.00,-2500.386,40.376,0.414082,0.538900
1567,2ROO,76.16,0.673100,1.00,-2855.562,196.813,0.299861,0.634940
1568,2RPS,60.16,0.593800,1.00,-1590.151,135.399,0.521024,0.376730
1570,2RQ2,75.83,0.651600,1.00,-2013.609,85.284,0.324653,0.525610
1571,2RQZ,81.58,0.704000,1.00,-2538.325,187.737,0.200084,0.647680
1572,2RR0,75.66,0.642900,1.00,-2538.325,187.737,0.241719,0.568680
1573,2RR2,81.58,0.657900,1.00,-2538.325,187.737,0.187526,0.612330
1574,2RRH,75.00,0.681100,1.00,-2238.384,60.292,0.250409,0.581490
1575,2RRI,70.69,0.720700,1.00,-2238.384,60.292,0.256537,0.498960
1576,2RRS,40.28,0.449000,1.00,-579.510,90.126,0.869921,0.125610
1577,2RSH,72.30,0.604900,1.00,-2149.135,174.243,0.470455,0.570310
1578,2RSW,33.33,0.450700,1.00,-645.754,139.510,0.704437,0.125160
1579,2RT4,53.00,0.573000,1.00,-1156.162,114.623,0.829578,0.217250
1580,2RTY,92.50,0.723100,1.00,-1826.517,140.665,0.110861,0.708670
1581,2RTZ,83.62,0.658100,1.00,-2062.216,195.810,0.183828,0.579820
1582,2RU0,77.08,0.591800,1.00,-2729.775,137.548,0.250375,0.576910
1583,2RUM,43.42,0.482600,1.00,-888.351,152.249,0.614653,0.186620
1584,2RUN,56.94,0.520400,1.00,-1256.798,50.774,0.431194,0.267190
1585,2RUO,82.81,0.727400,1.00,-1131.198,27.069,0.137011,0.356970
1586,2RUT,80.56,0.743700,1.00,-2316.358,177.130,0.514833,0.683360
1587,2RUU,78.47,0.708700,1.00,-2061.985,159.387,0.376191,0.654760
1588,2RUV,80.41,0.737100,1.00,-2149.135,174.243,0.668908,0.730990
1589,2RUW,78.38,0.747400,1.00,-1923.577,215.542,0.364004,0.664260
1590,2RUX,70.83,0.579400,1.00,-2133.498,169.722,0.815613,0.614840
1591,2RUY,74.32,0.709500,1.00,-2252.161,179.177,0.439122,0.602780
1592,2RUZ,82.24,0.787300,1.00,-2220.418,164.026,0.516174,0.746380
1593,2RV0,83.78,0.756900,1.00,-2127.971,195.329,0.359027,0.695190
1594,2RV1,73.65,0.711500,1.00,-2437.577,159.205,0.500732,0.589170
1595,2RV2,78.47,0.764700,1.00,-1977.821,149.517,0.447208,0.680460
1596,2RV3,78.47,0.734900,1.00,-1531.002,164.320,0.709343,0.664060
1597,2RV4,77.03,0.731800,1.00,-1986.033,204.124,0.401672,0.655570
1598,2RV5,82.86,0.760600,1.00,-2062.016,175.260,0.288737,0.699320
1599,2RVD,82.50,0.663300,1.00,-355.571,97.706,0.182163,0.408110
1600,2SH1,34.38,0.392900,1.00,-2415.365,434.939,0.952729,0.347790
1601,2V1V,87.93,0.715600,1.00,-1981.135,164.696,0.143832,0.585070
1602,2VY4,79.73,0.668600,1.00,-2626.970,126.498,0.363709,0.617950
1603,2VY5,78.38,0.673800,1.00,-2626.970,126.498,0.340355,0.632130
1604,2W0T,77.91,0.689300,1.00,-2847.365,150.713,0.265267,0.668100
1605,2W9O,70.65,0.633500,1.00,-2762.437,279.247,0.473843,0.611350
1606,2W9U,69.57,0.648800,1.00,-2749.866,293.798,0.565647,0.587260
1607,2W9V,77.84,0.686500,1.00,-2639.862,253.176,0.310315,0.655590
1608,2W9W,81.25,0.721900,1.00,-2561.420,301.784,0.323015,0.697550
1609,2WH9,85.42,0.729700,1.00,-2523.000,156.273,0.243301,0.676060
1610,2WXC,84.04,0.663300,1.00,-3619.825,162.128,0.227443,0.741150
1611,2XL1,72.92,0.627400,1.00,-1612.399,164.684,0.481545,0.439380
1612,2YRH,61.93,0.674000,1.00,-1993.994,183.194,0.802728,0.541340
1613,2YRJ,69.02,0.722600,1.00,-2180.863,215.699,0.542772,0.620920
1614,2YRM,69.19,0.604700,1.00,-2284.206,216.274,0.564728,0.590780
1615,2YSB,76.53,0.757700,1.00,-2840.726,264.540,0.606921,0.687760
1616,2YSC,71.79,0.654700,1.00,-2558.340,184.985,0.764508,0.599310
1617,2YSF,85.62,0.752400,1.00,-2602.702,188.162,0.346800,0.744330
1618,2YSG,76.88,0.679400,1.00,-2529.179,190.035,0.547841,0.650490
1619,2YSH,70.00,0.627700,1.00,-2208.115,199.112,0.574234,0.570890
1620,2YSI,64.38,0.661600,1.00,-2191.885,202.057,0.534788,0.505790
1621,2YSO,55.98,0.587800,1.00,-2515.113,248.054,1.038750,0.489110
1622,2YSP,54.35,0.607000,1.00,-2174.541,178.706,0.929274,0.472160
1623,2YSV,54.17,0.559800,1.00,-2028.714,218.791,0.825667,0.450110
1624,2YTA,66.46,0.673800,1.00,-2014.159,161.013,0.618662,0.575130
1625,2YTB,65.48,0.708100,1.00,-2074.879,182.423,0.626927,0.511650
1626,2YTD,58.15,0.644600,1.00,-2278.491,196.686,0.930805,0.514860
1627,2YTE,63.69,0.645900,1.00,-2148.655,232.682,0.606786,0.536840
1628,2YTF,58.15,0.618500,1.00,-2281.089,201.440,0.908844,0.521460
1629,2YTG,58.70,0.679900,1.00,-2194.334,207.115,0.968053,0.530350
1630,2YTH,57.61,0.678100,1.00,-1905.982,199.200,1.081124,0.520240
1631,2YTI,57.61,0.671500,1.00,-2094.684,189.219,0.959949,0.514600
1632,2YTJ,63.59,0.641000,1.00,-2290.140,217.529,0.645890,0.523210
1633,2YTK,60.33,0.657200,1.00,-2356.411,276.844,0.873279,0.548020
1634,2YTM,53.26,0.523600,1.00,-2160.948,245.808,0.873238,0.446570
1635,2YTN,57.07,0.649300,1.00,-1982.202,195.738,0.977293,0.527810
1636,2YTO,64.13,0.662800,1.00,-2108.641,233.043,0.841897,0.573100
1637,2YTP,63.59,0.673200,1.00,-2197.194,208.599,0.741321,0.561400
1638,2YTQ,53.80,0.629700,1.00,-2305.187,180.296,0.955079,0.487590
1639,2YTR,60.87,0.694600,1.00,-2028.644,198.288,0.727116,0.527710
1640,2YTS,61.96,0.677100,1.00,-2203.319,241.207,0.822909,0.539320
1641,2YTT,64.67,0.637400,1.00,-2473.222,192.796,0.535283,0.511430
1642,2YU5,60.80,0.659000,1.00,-2234.666,238.240,0.741589,0.523480
1643,2YU8,60.87,0.651700,1.00,-2013.993,195.872,0.898686,0.563670
1644,2YYF,41.67,0.434300,1.00,-668.657,84.764,0.687022,0.209680
1645,2Z3S,70.51,0.592300,1.00,-3127.314,217.872,0.260277,0.476580
1646,2ZAJ,64.29,0.699800,1.00,-2521.782,283.464,0.924386,0.563010
1647,2ZNF,95.83,0.761900,1.00,-928.399,61.883,0.087827,0.464560
1648,3BBG,68.75,0.580200,1.00,-3127.839,193.244,0.323104,0.544540
1649,3CMH,45.00,0.475500,1.00,-529.185,139.114,0.540714,0.245420
1650,3CTI,95.69,0.766200,1.00,-1947.729,173.519,0.081062,0.771790
1651,3LEU,36.49,0.404900,1.00,-2090.953,178.244,0.917196,0.223570
1652,3MRA,84.00,0.709100,1.00,-1859.456,44.962,0.193321,0.619900
1653,3ZNF,89.17,0.700000,1.00,-1983.314,158.878,0.228795,0.681060
1654,4A24,81.91,0.711600,1.00,-3328.411,224.170,0.323971,0.716350
1655,4APD,52.42,0.532100,1.00,-2078.141,71.973,0.661480,0.372330
1656,4B19,73.33,0.705200,1.00,-2486.136,84.790,0.287582,0.430100
1658,4B2U,87.50,0.756500,1.00,-2505.557,188.668,0.227136,0.724250
1659,4B2V,88.28,0.681100,1.00,-1791.606,335.667,0.154475,0.729580
1660,4BMF,84.21,0.694000,1.00,-2299.614,180.205,0.183090,0.686590
1661,4CYK,63.41,0.607400,1.00,-2500.575,236.162,0.455221,0.502710
1662,4ZNF,87.50,0.686400,1.00,-1983.314,158.878,0.227037,0.661580
1663,5A4H,26.92,0.444600,1.00,-1673.660,219.045,1.504984,0.199590
1664,5AAY,88.33,0.739300,1.00,-1928.657,126.584,0.211111,0.741950
1665,5AAZ,83.59,0.762400,1.00,-2027.197,128.265,0.299310,0.664930
1666,5AHT,80.81,0.680300,1.00,-2858.817,228.220,0.373799,0.692280
1667,5FZV,84.38,0.801400,1.00,-1987.232,139.857,0.405247,0.780460
1668,5FZW,80.30,0.732900,1.00,-2170.775,141.585,0.587157,0.675120
1669,5FZX,76.39,0.604800,1.00,-2224.714,309.975,0.495751,0.623980
1671,5GSF,69.44,0.548100,1.00,-1899.363,176.522,0.250072,0.351410
1672,5GVO,38.89,0.445500,1.00,-975.250,72.924,0.825129,0.169640
1673,5H1H,59.38,0.509800,1.00,-491.106,114.092,0.404106,0.178450
1674,5H1I,48.61,0.519000,1.00,-492.807,128.907,0.665563,0.187970
1675,5H2S,75.00,0.657400,1.00,-1381.586,19.673,0.320704,0.522280
1676,5I1X,88.89,0.690500,1.00,-2436.303,202.204,0.201299,0.730480
1677,5I2P,91.67,0.724000,1.00,-2377.791,210.997,0.173609,0.769970
1678,5ID5,46.00,0.514400,1.00,-953.464,193.444,0.714475,0.231100
1679,5IJ4,77.55,0.669800,1.00,-3433.087,269.977,0.353247,0.696420
1680,5ION,88.79,0.760400,1.00,-2040.890,110.015,0.134160,0.650040
1681,5IPO,71.35,0.598100,1.00,-3247.724,186.932,0.581279,0.653180
1682,5J8T,76.06,0.650100,1.00,-2880.009,226.337,0.241870,0.631500
1683,5JHI,95.71,0.747200,1.00,-2650.338,132.067,0.075812,0.830070
1684,5JI4,94.59,0.804300,1.00,-2805.218,175.499,0.118575,0.824470
1685,5JPL,35.29,0.462100,1.00,-605.546,125.162,0.962883,0.136970
1686,5JPX,77.78,0.623400,1.00,-3347.528,234.090,0.283258,0.639150
1687,5JYH,76.70,0.592000,1.00,-3120.299,175.775,0.566474,0.662080
1688,5KGY,88.64,0.646900,1.00,-1747.043,75.295,0.172242,0.393120
1689,5KGZ,46.02,0.526000,1.00,-3398.019,104.778,0.579376,0.398800
1690,5KHB,80.95,0.697100,1.00,-1466.408,27.401,0.230722,0.430380
1691,5KI0,40.79,0.541100,1.00,-113.892,87.497,0.554426,0.148990
1692,5KKM,90.91,0.728500,1.00,-1382.493,115.694,0.199336,0.572760
1693,5KVN,93.52,0.745700,1.00,-2019.276,149.837,0.110421,0.731370
1694,5KWO,75.00,0.590500,1.00,-1695.906,102.711,0.390337,0.526320
1695,5KWX,57.00,0.430100,1.00,-1163.009,134.415,0.459982,0.267910
1696,5KWZ,95.19,0.733700,1.00,-1905.625,71.167,0.085280,0.692520
1697,5KX0,50.00,0.523200,1.00,-1809.846,89.850,1.029418,0.371730
1698,5KX1,72.73,0.564500,1.00,-1041.094,143.422,0.259549,0.244270
1699,5KX2,81.94,0.636400,1.00,-892.686,112.270,0.167856,0.349180
1700,5L1C,86.11,0.701300,1.00,-2408.994,252.356,0.128129,0.695530
1701,5L82,45.27,0.363600,1.00,-3061.658,144.947,0.790292,0.310680
1702,5LAH,58.89,0.485700,1.00,-3178.330,331.293,0.534832,0.445480
1703,5LBJ,78.57,0.739200,1.00,-2842.845,97.975,0.196349,0.691840
1704,5LCS,63.30,0.575700,1.00,-3368.034,354.291,1.134598,0.545640
1705,5LM0,91.96,0.707900,1.00,-1949.634,62.863,0.140605,0.656810
1706,5LME,78.49,0.675000,1.00,-2477.977,227.980,0.331876,0.649170
1707,5M9U,88.10,0.714800,1.00,-1377.295,102.399,0.131351,0.339730
1708,5N5A,29.73,0.503900,1.00,-1169.667,212.683,1.321500,0.214080
1709,5N5B,39.29,0.488200,1.00,-1065.247,141.897,0.861430,0.209940
1710,5NAM,63.54,0.672900,1.00,-3996.465,70.396,0.503777,0.526730
1711,5NAO,69.29,0.720500,1.00,-2770.897,73.284,0.526917,0.669220
1712,5NDA,75.00,0.775400,1.00,-2370.941,95.843,0.217043,0.654860
1713,5NVB,56.67,0.538700,1.00,-427.713,79.887,0.471043,0.213580
1714,5OAP,79.17,0.682000,1.00,-816.010,64.826,0.271022,0.395420
1715,5T3M,95.00,0.747600,1.00,-2524.463,190.627,0.105209,0.802600
1716,5T42,39.89,0.592200,1.00,-3062.670,181.758,0.902712,0.402070
1717,5T4R,89.29,0.683100,1.00,-2388.601,221.968,0.280848,0.735740
1718,5T7Q,77.38,0.719100,1.00,-1146.439,76.001,0.590967,0.495650
1719,5TCZ,73.44,0.513000,1.00,-1652.777,215.001,0.297824,0.457000
1720,5TJ1,30.26,0.461400,1.00,-795.277,93.081,1.101328,0.150170
1721,5TX8,92.86,0.718100,1.00,-2146.043,106.215,0.217225,0.745060
1722,5UG3,82.89,0.600700,1.00,-1217.038,77.132,0.209587,0.324900
1723,5UG5,85.53,0.676200,1.00,-1250.693,58.796,0.230459,0.412950
1724,5UI6,33.33,0.501100,1.00,-449.126,107.618,1.293792,0.189470
1725,5UI7,44.74,0.456700,1.00,-648.912,115.200,0.766425,0.175570
1726,5UJG,75.00,0.647600,1.00,-1505.234,114.001,0.213410,0.302170
1727,5UJH,64.13,0.517400,1.00,-1348.242,104.393,0.352845,0.247870
1728,5UJQ,64.66,0.659900,1.00,-2083.380,18.066,0.565113,0.440700
1729,5UJR,35.61,0.382200,1.00,-1504.701,223.884,0.875391,0.176120
1730,5UKZ,30.11,0.347600,1.00,-2446.119,248.535,1.019144,0.267090
1731,5UOI,87.79,0.671900,1.00,-3964.658,127.394,0.178049,0.799780
1732,5UP5,83.75,0.624300,1.00,-3434.189,190.537,0.173771,0.687340
1733,5UY2,41.25,0.460400,1.00,-877.817,148.820,0.532473,0.124180
1734,5UZL,31.82,0.516100,1.00,-1442.745,214.896,1.212680,0.182170
1735,5V0Y,88.10,0.788300,1.00,-1430.390,98.231,0.117112,0.387200
1736,5V11,85.71,0.711100,1.00,-1133.432,122.341,0.150084,0.371490
1737,5V2B,51.25,0.520200,1.00,-839.579,153.932,0.420019,0.171300
1738,5V4C,58.82,0.542600,1.00,-312.871,106.621,0.384955,0.141930
1739,5V4U,64.38,0.643000,1.00,-2908.900,113.161,0.405308,0.575880
1740,5VAV,87.50,0.728000,1.00,-616.902,71.185,0.120673,0.313440
1741,5VFW,55.00,0.431600,1.00,-1882.722,53.840,0.495478,0.290790
1742,5VL6,38.24,0.416300,1.00,-303.005,121.447,0.597268,0.139120
1743,5VR5,55.00,0.530400,1.00,-1140.353,101.650,0.371698,0.137860
1744,5W54,54.00,0.496800,1.00,-1095.469,93.133,0.666205,0.283190
1745,5W9F,86.59,0.702100,1.00,-3249.875,169.731,0.146925,0.717540
1746,5WCV,95.69,0.806000,1.00,-1853.628,108.154,0.071452,0.759190
1747,5WE3,83.82,0.708200,1.00,-2596.791,176.358,0.154356,0.640140
1748,5WOD,80.26,0.707600,1.00,-3022.689,72.545,0.157435,0.632590
1749,5WOV,80.15,0.708900,1.00,-2105.820,220.587,0.332659,0.626740
1750,5WOW,71.79,0.613000,1.00,-2496.943,196.893,0.441090,0.575060
1751,5WRX,44.23,0.521300,1.00,-398.502,62.848,0.660658,0.187790
1752,5WUZ,65.12,0.582400,1.00,-3074.374,231.264,0.316161,0.487450
1753,5WXE,73.21,0.582800,1.00,-2015.400,173.150,0.308554,0.408850
1754,5WYE,39.06,0.527700,1.00,-486.767,83.354,0.864545,0.209390
1755,5X34,93.06,0.811700,1.00,-2324.779,172.218,0.092464,0.778940
1756,5X35,97.92,0.839100,1.00,-2324.779,172.218,0.067301,0.863810
1757,5X36,97.22,0.840800,1.00,-2324.779,172.218,0.073793,0.845060
1758,5X37,97.92,0.835700,1.00,-2324.779,172.218,0.071002,0.853950
1759,5X38,98.61,0.854100,1.00,-2324.779,172.218,0.059975,0.887440
1760,5X39,96.53,0.820700,1.00,-2325.857,188.172,0.074638,0.840190
1761,5X3C,97.92,0.844300,1.00,-2248.292,183.353,0.075123,0.846470
1762,5X3L,75.00,0.659300,1.00,-1158.220,85.561,0.326187,0.284290
1763,5XA6,73.68,0.570900,1.00,-2663.840,153.872,0.291044,0.545580
1764,5XBD,65.28,0.535700,1.00,-2153.460,239.229,0.309468,0.467020
1765,5XDI,65.62,0.587000,1.00,-2935.349,182.340,0.303622,0.469310
1766,5XDJ,82.14,0.722400,1.00,-1170.029,31.093,0.154155,0.441360
1767,5XEK,79.17,0.625500,1.00,-3369.811,226.937,0.270468,0.661530
1768,5XIV,62.50,0.555400,1.00,-827.510,134.031,0.578371,0.226690
1769,5XM4,38.24,0.537800,1.00,-557.106,79.760,1.102627,0.159200
1770,5XNG,95.59,0.719900,1.00,-1497.850,45.375,0.085789,0.493570
1771,5XO3,65.48,0.603800,1.00,-941.058,78.799,0.433397,0.198330
1772,5XO4,60.71,0.606200,1.00,-854.532,95.411,0.361185,0.190840
1773,5XO5,71.43,0.612500,1.00,-728.566,97.179,0.236709,0.172830
1774,5XRX,58.82,0.518800,1.00,-1497.850,45.375,0.578426,0.265570
1775,5Y0H,86.90,0.729700,1.00,-1144.125,96.770,0.201319,0.346340
1776,5Y0I,85.71,0.703100,1.00,-1121.930,97.362,0.180688,0.413970
1777,5Y0J,90.48,0.738100,1.00,-1255.463,128.503,0.102471,0.351920
1778,5Y22,53.41,0.484100,1.00,-1001.095,234.936,0.471458,0.197380
1779,5Y3U,50.00,0.481200,1.00,-1001.095,234.936,0.572122,0.193900
1780,5YKK,65.28,0.518000,1.00,-1106.496,40.160,0.409676,0.285840
1781,5YKL,59.21,0.526900,1.00,-1177.656,53.774,0.446841,0.240270
1782,5YKQ,63.16,0.513600,1.00,-1310.613,37.253,0.423963,0.264610
1783,5YZ6,89.29,0.724700,1.00,-4342.509,235.583,0.126677,0.808920
1784,5YZK,90.31,0.757300,1.00,-4236.390,194.150,0.105880,0.832350
1785,5Z1Y,45.24,0.505900,1.00,-787.102,167.901,0.788481,0.284650
1786,5Z26,58.33,0.521700,1.00,-876.956,28.280,0.559373,0.254780
1787,5Z2O,88.89,0.727400,1.00,-1073.167,29.859,0.167464,0.563670
1788,5Z31,52.78,0.522500,1.00,-633.915,111.128,0.639965,0.231700
1789,5Z32,37.50,0.441700,1.00,-545.310,84.428,0.880641,0.178070
1790,5Z5W,79.17,0.592100,1.00,-831.216,18.904,0.252735,0.373010
1791,5Z5X,66.67,0.532600,1.00,-1206.842,60.657,0.410539,0.387450
1792,5ZCN,34.52,0.373000,1.00,-1037.746,58.583,0.770265,0.115620
1793,5ZNF,96.67,0.777400,1.00,-1998.529,159.480,0.110972,0.793520
1794,5ZV6,81.67,0.695400,1.00,-1801.485,164.911,0.192977,0.518500
1795,5ZYX,63.75,0.554300,1.00,-1452.385,57.994,0.520625,0.294750
1796,6A5J,82.69,0.657800,1.00,-704.982,19.273,0.226900,0.389430
1797,6A8Y,25.00,0.432100,1.00,-888.825,214.518,0.966158,0.190160
1798,6AAB,61.90,0.631500,1.00,-854.532,95.411,0.769257,0.226780
1799,6AFQ,80.95,0.657400,1.00,-941.058,78.799,0.307160,0.274610
1800,6AHZ,55.71,0.587000,1.00,-2013.086,161.842,0.502067,0.418410
1801,6AK0,45.24,0.523100,1.00,-1046.232,211.283,0.524882,0.110600
1802,6AX2,80.43,0.645400,1.00,-3101.353,245.636,0.194253,0.693080
1803,6B3U,74.38,0.730000,1.00,-3570.992,79.010,0.323294,0.643530
1804,6B5W,28.95,0.473300,1.00,-795.277,93.081,1.118175,0.170890
1805,6B9K,60.00,0.635500,1.00,-292.784,41.840,0.332779,0.338340
1806,6B9W,77.94,0.664000,1.00,-2904.729,118.246,0.341546,0.603770
1807,6BAM,82.35,0.632100,1.00,-2764.179,122.833,0.265612,0.683970
1808,6BB6,80.88,0.659800,1.00,-2680.512,182.300,0.291049,0.656320
1809,6BEQ,45.00,0.504200,1.00,-267.914,36.759,0.646224,0.209940
1810,6BET,68.75,0.549400,1.00,-329.216,97.037,0.304254,0.427610
1811,6BEU,58.93,0.552300,1.00,-690.758,84.897,0.484583,0.263670
1812,6BI5,82.26,0.678200,1.00,-2380.837,126.996,0.322513,0.612970
1813,6BJF,80.77,0.631100,1.00,-801.230,45.752,0.258404,0.517440
1814,6BUC,93.75,0.788100,1.00,-2388.568,139.933,0.130492,0.813880
1815,6BVU,42.86,0.459800,1.00,-529.045,101.797,0.628903,0.316720
1816,6BVW,44.64,0.463900,1.00,-529.045,101.797,0.682416,0.143880
1817,6BVX,66.07,0.534700,1.00,-607.143,64.127,0.558011,0.344630
1818,6BX9,58.33,0.458600,1.00,-796.622,74.603,0.424290,0.150220
1819,6CEG,95.00,0.713900,1.00,-1629.041,211.752,0.116894,0.778260
1820,6CEI,77.34,0.626500,1.00,-1928.935,226.335,0.317898,0.647300
1821,6CEJ,58.93,0.515900,1.00,-383.796,85.739,0.494935,0.169850
1822,6CFA,84.21,0.705300,1.00,-1082.901,49.145,0.176076,0.337660
1823,6CFB,65.32,0.511400,1.00,-1796.192,134.120,0.458585,0.427150
1825,6CGX,46.59,0.443700,1.00,-766.294,204.701,0.725173,0.195310
1829,6CJ8,79.41,0.608900,1.00,-1223.850,56.044,0.223754,0.362050
1830,6CKD,90.97,0.754300,1.00,-2620.548,155.833,0.103418,0.752840
1831,6CKF,91.67,0.756600,1.00,-2620.548,155.833,0.132805,0.759760
1832,6CMH,40.48,0.425200,1.00,-907.216,232.876,0.711661,0.149070
1833,6COO,86.76,0.666700,1.00,-1039.993,41.781,0.138193,0.378500
1834,6COP,85.29,0.631700,1.00,-1335.768,36.905,0.155300,0.356690
1835,6COQ,83.82,0.673400,1.00,-1298.383,36.760,0.170227,0.401200
1836,6COR,73.53,0.628300,1.00,-1033.216,50.131,0.315761,0.402680
1837,6COS,66.18,0.568800,1.00,-1223.850,56.044,0.368476,0.287180
1838,6COT,69.12,0.643700,1.00,-1209.264,33.060,0.341401,0.320290
1839,6COU,86.76,0.653200,1.00,-1296.691,35.442,0.269904,0.451660
1840,6COV,73.53,0.632300,1.00,-1209.264,33.060,0.369536,0.368730
1841,6COW,80.88,0.630400,1.00,-1223.850,56.044,0.244057,0.330990
1842,6CSK,89.47,0.729000,1.00,-1196.376,17.848,0.109180,0.465260
1843,6CSZ,81.58,0.685100,1.00,-1014.501,43.110,0.206546,0.425890
1844,6CT1,73.68,0.674900,1.00,-1438.646,53.234,0.341865,0.380590
1845,6CT4,82.89,0.668400,1.00,-1188.695,39.713,0.260656,0.451010
1846,6D3T,98.33,0.772600,1.00,-2056.482,119.520,0.070749,0.814140
1847,6D8H,92.97,0.771600,1.00,-2106.791,152.325,0.120070,0.792620
1848,6D8Q,95.97,0.791600,1.00,-2021.780,122.393,0.132663,0.821400
1849,6D8R,89.52,0.731800,1.00,-2079.384,125.127,0.136362,0.712780
1850,6D8S,93.55,0.710600,1.00,-2063.827,147.322,0.099761,0.755520
1851,6D8T,94.35,0.752800,1.00,-2239.076,136.296,0.109505,0.750170
1852,6D8U,95.16,0.731000,1.00,-2096.976,114.437,0.113208,0.779830
1853,6D8Y,90.32,0.716800,1.00,-1992.369,149.917,0.116339,0.708370
1854,6D93,95.16,0.760700,1.00,-1973.638,142.102,0.115880,0.772360
1855,6D9O,91.94,0.696500,1.00,-2084.452,96.479,0.157337,0.711220
1856,6D9P,91.94,0.770700,1.00,-2043.545,106.652,0.114506,0.699640
1857,6DHR,93.97,0.767300,1.00,-1941.587,182.709,0.149593,0.715310
1858,6DMZ,86.70,0.713100,1.00,-3296.654,192.113,0.129801,0.790270
1859,6DST,62.50,0.654200,1.00,-1833.167,48.270,0.328177,0.522000
1860,6DZ9,46.43,0.554500,1.00,-379.905,59.290,0.938842,0.250910
1861,6DZA,46.88,0.507600,1.00,-476.990,94.675,1.173445,0.150180
1862,6DZB,45.31,0.516900,1.00,-437.933,70.982,0.817379,0.215230
1863,6DZC,46.88,0.588500,1.00,-470.946,75.051,1.079220,0.187190
1864,6DZE,42.19,0.526800,1.00,-470.650,76.303,0.883921,0.206260
1865,6E1L,75.00,0.588700,1.00,-1421.070,82.928,0.281732,0.413040
1867,6EFE,75.00,0.647900,1.00,-2140.653,91.178,0.203952,0.407790
1868,6ENA,95.97,0.838000,1.00,-1995.021,146.941,0.130892,0.817450
1869,6F46,46.43,0.538500,1.00,-2670.494,78.174,0.829233,0.394960
1870,6F61,91.94,0.790700,1.00,-1986.865,162.256,0.110666,0.720680
1871,6FGM,93.75,0.755900,1.00,-626.496,40.918,0.083174,0.444280
1872,6FS4,67.74,0.642000,1.00,-2159.231,108.421,0.430457,0.516670
1873,6FS5,56.41,0.650300,1.00,-2873.299,141.429,0.648489,0.488220
1874,6G4I,81.25,0.736000,1.00,-1669.606,72.569,0.162366,0.380680
1875,6G4K,72.92,0.705600,1.00,-1669.606,72.569,0.320418,0.341560
1876,6G4U,65.62,0.704400,1.00,-1669.606,72.569,0.449231,0.450670
1877,6G4V,62.50,0.623300,1.00,-1660.415,58.943,0.370993,0.385200
1878,6G4X,61.46,0.633500,1.00,-1660.415,58.943,0.482192,0.371690
1880,6GIF,80.83,0.683200,1.00,-2143.296,63.673,0.242920,0.589680
1881,6GIG,35.83,0.296200,1.00,-1774.963,163.607,1.063303,0.219170
1882,6GIJ,80.00,0.631000,1.00,-828.879,44.673,0.312633,0.386220
1883,6GIK,59.62,0.579000,1.00,-757.523,26.048,0.341592,0.270460
1884,6GIL,46.15,0.530700,1.00,-458.364,126.201,0.501434,0.182380
1885,6GNZ,73.15,0.690600,1.00,-1766.453,69.921,0.344414,0.488900
1886,6GO0,79.81,0.701500,1.00,-1500.494,37.305,0.276430,0.513780
1887,6GS5,86.54,0.674300,1.00,-1129.320,26.042,0.202471,0.442690
1888,6GS9,90.62,0.747300,1.00,-904.003,24.240,0.101890,0.420020
1889,6HH0,70.00,0.686900,1.00,-1704.448,39.888,0.296716,0.341770
1890,6HN9,52.27,0.481200,1.00,-1573.983,219.401,0.659103,0.392600
1891,6HT4,75.00,0.652500,1.00,-898.670,85.393,0.295639,0.223580
1892,6HZ2,66.67,0.698400,1.00,-1760.601,27.581,0.291566,0.437470
1893,6IHA,81.67,0.806000,1.00,-1738.902,79.293,0.193304,0.526750
1894,6ITH,76.22,0.710700,1.00,-3592.269,50.405,0.449594,0.695060
1895,6J12,41.96,0.469500,1.00,-2145.252,83.910,0.787612,0.307170
1896,6J9P,91.67,0.670400,1.00,-810.078,23.669,0.109113,0.603530
1897,6JI7,72.22,0.600900,1.00,-2703.807,175.471,0.267094,0.528270
1898,6JIC,90.97,0.720900,1.00,-2549.921,174.527,0.129028,0.729390
1899,6K4V,48.12,0.368700,1.00,-2203.596,260.321,1.440745,0.383100
1900,6K4W,45.56,0.491800,1.00,-2455.595,247.048,0.665640,0.355210
1901,6K50,83.12,0.687600,1.00,-2999.142,164.664,0.227759,0.712840
1902,6K51,79.38,0.684300,1.00,-2967.704,164.212,0.263777,0.689250
1903,6KLM,75.74,0.599900,1.00,-2427.758,153.917,0.274852,0.533370
1904,6KRA,88.64,0.729500,1.00,-2186.819,172.589,0.177938,0.674870
1905,6L8R,34.85,0.525400,1.00,-849.903,259.201,0.893137,0.220250
1906,6LF5,91.91,0.783600,1.00,-2500.230,130.138,0.101652,0.763260
1907,6M0Y,56.25,0.505400,1.00,-313.797,80.388,0.324280,0.267790
1908,6M19,36.67,0.522400,1.00,-568.890,58.005,0.960937,0.174930
1909,6M56,33.33,0.237900,1.00,-1975.275,162.939,1.357772,0.204090
1910,6M5C,74.36,0.645300,1.00,-2561.354,173.774,0.250246,0.564360
1911,6MBM,92.19,0.684400,1.00,-1086.476,23.800,0.118959,0.533640
1912,6MF8,44.02,0.561200,1.00,-3541.609,98.334,1.364474,0.403700
1913,6MJV,79.69,0.633100,1.00,-1593.550,131.041,0.224071,0.554320
1914,6MK4,95.83,0.760200,1.00,-1926.994,164.778,0.084400,0.803950
1915,6MK5,83.82,0.669700,1.00,-2516.295,203.387,0.240128,0.643080
1916,6MM4,85.61,0.724200,1.00,-2086.977,136.269,0.169700,0.677850
1917,6MW6,39.47,0.442400,1.00,-735.047,59.347,1.010244,0.185080
1918,6MZT,84.46,0.660600,1.00,-2400.325,174.599,0.185557,0.675080
1919,6NK9,83.59,0.703400,1.00,-1923.943,97.021,0.361638,0.648220
1920,6NOM,56.91,0.508500,1.00,-3380.133,263.203,0.572077,0.471240
1921,6NOX,42.86,0.399800,1.00,-624.231,116.459,0.578660,0.252560
1922,6NUG,78.12,0.698600,1.00,-1611.239,92.612,0.186839,0.410200
1923,6NW8,62.04,0.547500,1.00,-1674.275,204.537,0.576701,0.406190
1924,6O3Q,85.20,0.706600,1.00,-4033.671,140.342,0.274475,0.756560
1925,6O3S,77.66,0.658600,1.00,-3756.668,132.367,0.257369,0.692450
1931,6OBK,66.86,0.552000,1.00,-4588.506,115.250,0.293913,0.584660
1932,6OBW,66.18,0.523800,1.00,-1110.669,34.163,0.459113,0.269040
1933,6OC2,52.94,0.460400,1.00,-1231.152,46.716,0.457693,0.234010
1934,6OC4,64.71,0.564500,1.00,-1388.250,34.381,0.395092,0.365560
1935,6OFA,87.88,0.760100,1.00,-2810.455,108.199,0.187164,0.692580
1936,6OLD,64.71,0.533500,1.00,-1388.250,34.381,0.453181,0.279230
1937,6OQP,75.00,0.532600,1.00,-664.739,82.737,0.246514,0.284070
1938,6OTA,64.06,0.512700,1.00,-839.877,51.343,0.321655,0.188400
1939,6OTB,56.58,0.462200,1.00,-1002.921,152.615,0.419253,0.222990
1940,6OVJ,76.92,0.556500,1.00,-635.806,61.078,0.250287,0.346380
1941,6PIN,94.44,0.725100,1.00,-966.282,79.196,0.093010,0.424410
1942,6PIO,95.83,0.754100,1.00,-1079.109,81.533,0.080468,0.441730
1943,6PIP,93.06,0.809500,1.00,-949.349,93.317,0.102065,0.472400
1945,6POR,37.50,0.471300,1.00,-1355.383,158.841,0.746345,0.154730
1946,6PPC,56.82,0.495300,1.00,-1587.925,256.171,0.640366,0.406350
1947,6PX7,79.41,0.695500,1.00,-1918.296,155.416,0.303029,0.580780
1948,6PX8,79.05,0.670300,1.00,-2635.921,229.617,0.267785,0.611340
1949,6Q1X,30.30,0.517800,1.00,-1071.299,251.530,0.962776,0.200360
1950,6Q5Z,67.24,0.491800,1.00,-1655.867,144.276,0.533010,0.430740
1951,6QAX,63.46,0.610700,1.00,-152.893,75.081,0.374086,0.238620
1952,6QB0,50.00,0.633700,1.00,-242.326,58.167,0.511525,0.251620
1953,6QB1,75.00,0.663300,1.00,-210.260,49.816,0.240596,0.347440
1954,6QES,87.50,0.712700,1.00,-3266.784,252.361,0.157067,0.746420
1955,6QET,66.67,0.509000,1.00,-2908.368,195.655,0.327206,0.545710
1956,6QJB,86.25,0.721700,1.00,-2457.221,170.387,0.168168,0.725400
1957,6QKF,87.50,0.680600,1.00,-1025.723,85.679,0.229618,0.367210
1958,6R2X,68.00,0.604300,1.00,-1781.437,86.383,0.411711,0.456040
1959,6R95,62.50,0.640600,1.00,-1638.354,44.896,0.385505,0.321110
1960,6R96,52.08,0.622700,1.00,-1638.354,44.896,0.555125,0.308420
1961,6RRL,85.42,0.604600,1.00,-783.332,23.675,0.250825,0.453440
1962,6RRO,38.64,0.417900,1.00,-352.035,37.728,0.525739,0.223680
1963,6RSF,55.00,0.488000,1.00,-1286.763,79.636,0.361662,0.248060
1964,6RSG,43.00,0.475500,1.00,-1435.324,18.304,0.663088,0.229260
1965,6RSM,63.64,0.554800,1.00,-305.314,49.599,0.344197,0.245750
1966,6RY9,43.27,0.547000,1.00,-1103.477,102.551,0.580964,0.222700
1967,6RYQ,37.50,0.518700,1.00,-369.010,128.502,0.819619,0.179660
1968,6RZ1,46.88,0.512000,1.00,-1509.103,74.009,0.457428,0.160130
1969,6RZC,42.00,0.498200,1.00,-934.319,134.589,0.716956,0.223410
1970,6S2D,50.00,0.519900,1.00,-910.705,129.424,0.706165,0.206260
1971,6SAA,89.29,0.710000,1.00,-1580.602,183.606,0.216058,0.651000
1972,6SAB,64.71,0.523100,1.00,-2210.987,149.152,0.513171,0.445900
1973,6SFT,21.53,0.375800,1.00,-1410.348,299.994,1.307713,0.195270
1974,6SVC,85.00,0.757100,1.00,-2232.391,147.426,0.194751,0.661000
1975,6SVE,87.86,0.715900,1.00,-2232.391,147.426,0.152797,0.708610
1976,6SVH,90.71,0.765900,1.00,-2232.391,147.426,0.133272,0.747120
1977,6SY2,69.39,0.616500,1.00,-3959.377,216.580,0.360710,0.615830
1978,6SZF,25.60,0.376600,1.00,-1786.295,280.091,1.278395,0.249440
1979,6T33,23.86,0.396100,1.00,-1789.759,361.183,1.006784,0.226310
1980,6TVJ,50.00,0.467700,1.00,-296.999,50.298,0.539207,0.229080
1981,6TWG,94.23,0.716400,1.00,-962.887,25.587,0.179228,0.681650
1982,6U24,50.00,0.594900,1.00,-401.443,50.234,0.839793,0.244250
1983,6U6G,50.69,0.385900,1.00,-2439.842,218.311,0.876726,0.310710
1984,6U7Q,39.29,0.513500,1.00,-360.523,103.063,0.903569,0.247710
1985,6U7R,96.43,0.721800,1.00,-646.134,77.339,0.101231,0.404750
1986,6U7S,85.71,0.733700,1.00,-641.282,60.582,0.157419,0.389420
1987,6U7U,51.79,0.612500,1.00,-373.882,55.307,0.736272,0.229800
1988,6U7W,48.21,0.609300,1.00,-460.762,72.758,1.036146,0.228070
1989,6U7X,53.57,0.593500,1.00,-429.820,72.590,1.051762,0.151850
1990,6UCH,68.90,0.661700,1.00,-2302.447,137.125,0.594470,0.590250
1991,6V1N,60.29,0.517900,1.00,-1290.883,37.067,0.437176,0.254220
1992,6V6T,78.57,0.676400,1.00,-2432.375,193.487,0.279594,0.606050
1993,6VE9,50.00,0.458700,1.00,-1114.733,193.487,0.625672,0.249430
1994,6VGT,30.26,0.341200,1.00,-1463.117,162.856,1.159819,0.212800
1995,6VH8,77.78,0.641000,1.00,-3075.762,186.310,0.217162,0.575850
1996,6VLA,91.18,0.745500,1.00,-1104.144,34.618,0.141235,0.413470
1997,6VLJ,55.26,0.451400,1.00,-698.012,157.018,0.585480,0.166420
1998,6VNZ,88.71,0.734400,1.00,-2189.544,97.068,0.151041,0.636150
1999,6VPN,95.21,0.782700,1.00,-3384.080,212.857,0.086623,0.878590
2000,6VXG,25.00,0.383700,1.00,-1374.110,221.628,1.114006,0.211270
2001,6VY8,46.43,0.637200,1.00,-401.443,50.234,0.824225,0.272530
2002,6WQJ,71.43,0.613000,1.00,-3084.099,82.721,0.296830,0.484290
2003,6WQL,79.59,0.625700,1.00,-3718.634,157.686,0.288336,0.683420
2004,6X7I,81.25,0.709300,1.00,-2282.497,34.523,0.448063,0.628970
2005,6XCR,57.78,0.622300,1.00,-3342.757,106.108,0.758138,0.485940
2006,6XCU,62.22,0.602600,1.00,-3311.088,127.410,0.485547,0.550500
2007,6XN9,52.98,0.504500,1.00,-2657.742,414.520,0.684434,0.408430
2008,6XTH,38.89,0.466400,1.00,-893.436,74.701,0.782788,0.136900
2009,6XTI,30.88,0.398900,1.00,-760.830,65.255,0.783393,0.122440
2010,6XYH,86.25,0.648400,1.00,-2549.670,312.600,0.201045,0.719410
2011,6XYI,76.79,0.644500,1.00,-2540.166,275.230,0.268259,0.650630
2012,6Y1Q,48.21,0.399400,1.00,-818.571,63.572,0.359098,0.279180
2013,6YHF,67.50,0.677000,1.00,-2116.488,21.072,0.316227,0.450130
2014,6YHI,67.50,0.696600,1.00,-2256.012,46.551,0.366104,0.474000
2015,6YHO,66.67,0.713600,1.00,-2092.793,44.152,0.323422,0.480610
2016,6YHP,68.33,0.720100,1.00,-1886.696,45.869,0.380565,0.466290
2017,6YHX,83.33,0.725500,1.00,-1817.998,40.642,0.236677,0.579760
2018,6YJL,53.03,0.589600,1.00,-1623.798,162.723,0.530060,0.265760
2019,6YSE,89.67,0.771500,1.00,-4388.752,103.912,0.125191,0.805730
2020,6Z0G,51.53,0.652600,1.00,-3064.805,199.959,0.567285,0.402010
2021,6Z0H,68.37,0.696000,1.00,-3000.071,175.763,0.423810,0.602610
2022,6Z0I,53.57,0.626400,1.00,-3064.805,199.959,0.646296,0.454150
2023,7ALD,93.75,0.701000,1.00,-1131.202,82.380,0.134744,0.478880
2024,7ASY,62.88,0.611400,1.00,-2622.490,101.169,0.367443,0.372620
2025,7AT7,69.70,0.664200,1.00,-2474.022,98.968,0.374122,0.603920
2026,7ATB,65.91,0.695700,1.00,-2908.813,83.899,0.404497,0.557000
2027,7AY8,85.26,0.728100,1.00,-2280.766,180.917,0.245733,0.717140
2028,7B2F,50.81,0.513600,1.00,-2284.135,66.901,0.860169,0.367800
2029,7BW5,38.24,0.451000,1.00,-511.148,116.948,0.881800,0.119740
2030,7BWI,70.24,0.557100,1.00,-3384.710,223.959,0.375650,0.635200
2031,7BX2,87.50,0.651500,1.00,-747.192,31.127,0.123167,0.395880
2032,7BZ7,40.00,0.526300,1.00,-678.033,47.468,0.994302,0.142910
2033,7BZ8,33.33,0.460900,1.00,-678.134,72.558,1.004470,0.168560
2034,7BZ9,38.33,0.508900,1.00,-572.698,62.396,0.985474,0.203930
2035,7BZA,33.33,0.505200,1.00,-699.224,54.695,0.960522,0.176860
2036,7CCN,88.24,0.661800,1.00,-566.342,132.733,0.191160,0.360180
2037,7CCO,86.76,0.667500,1.00,-566.342,132.733,0.178105,0.393060
2038,7CK5,70.54,0.662300,1.00,-1972.178,77.790,0.349907,0.458050
2039,7CKD,33.97,0.311400,1.00,-2769.807,268.643,0.908100,0.298490
2040,7CKE,59.62,0.534000,1.00,-2769.807,268.643,0.450025,0.415260
2041,7CSS,61.54,0.544200,1.00,-554.758,66.275,0.453381,0.201190
2042,7CU6,35.00,0.567300,1.00,-715.901,74.721,1.116573,0.205100
2043,7D13,71.79,0.708000,1.00,-2413.926,126.566,0.384544,0.606450
2044,7D16,43.59,0.523200,1.00,-2413.926,126.566,0.936528,0.383930
2045,7D37,55.77,0.514000,1.00,-554.758,66.275,0.400800,0.250670
2046,7DEH,78.23,0.700800,1.00,-2128.777,58.846,0.235617,0.548700
2047,7EDK,61.84,0.495000,1.00,-1100.798,102.906,0.415969,0.207030
2048,7EES,35.00,0.562200,1.00,-537.281,114.769,1.319404,0.149070
2049,7ELY,44.23,0.434900,1.00,-1970.760,123.746,0.574745,0.198140
2050,7F32,75.00,0.677200,1.00,-1067.085,88.008,0.292452,0.219880
2051,7JIA,80.21,0.699700,1.00,-1307.713,86.304,0.203782,0.420530
2052,7JIY,91.67,0.733900,1.00,-1466.213,122.821,0.116704,0.506300
2053,7JNN,89.67,0.676400,1.00,-3817.658,245.742,0.159619,0.800790
2054,7JPM,76.79,0.657200,1.00,-2441.883,215.647,0.375844,0.615240
2055,7JS6,35.00,0.512300,1.00,-493.824,71.127,0.867393,0.148090
2056,7K1M,93.75,0.712600,1.00,-714.620,50.677,0.088542,0.506170
2057,7K7X,84.48,0.700400,1.00,-1975.930,165.187,0.164132,0.553060
2058,7KNN,70.31,0.620800,1.00,-824.136,81.093,0.340694,0.286990
2059,7KPD,95.69,0.767500,1.00,-2221.378,165.432,0.078045,0.754560
2060,7L53,44.64,0.391100,1.00,-1527.740,267.463,0.542500,0.210660
2061,7L54,43.75,0.390900,1.00,-1527.740,267.463,0.542073,0.230060
2062,7L55,36.61,0.337300,1.00,-1527.740,267.463,0.747863,0.176330
2063,7L7A,57.14,0.540800,1.00,-637.510,90.332,0.517050,0.250630
2064,7L83,52.70,0.685900,1.00,-2888.999,73.689,1.206964,0.456210
2065,7LCW,33.33,0.522600,1.00,-429.221,107.020,0.966741,0.176770
2066,7LGL,45.74,0.410200,1.00,-3014.518,280.650,0.933531,0.382840
2067,7LGV,55.21,0.560400,1.00,-3243.772,255.296,0.775440,0.481230
2068,7LHC,93.97,0.803600,1.00,-1875.261,176.472,0.095692,0.707420
2069,7LI2,43.18,0.518600,1.00,-836.788,101.465,1.148490,0.160540
2070,7LIF,48.86,0.526600,1.00,-836.788,101.465,1.017998,0.159930
2071,7LP4,68.09,0.558200,1.00,-2920.435,220.259,0.531000,0.561670
2072,7LQR,84.52,0.720100,1.00,-1420.362,81.270,0.307134,0.459390
2073,7LQS,76.67,0.575600,1.00,-902.365,83.020,0.300238,0.280690
2074,7LRW,66.67,0.541400,1.00,-1547.569,85.198,0.416361,0.359520
2075,7LSO,100.00,0.772000,1.00,-1255.359,21.269,0.034887,0.734070
2076,7LSP,94.44,0.729500,1.00,-1255.359,21.269,0.090125,0.476940
2077,7LT7,27.14,0.330000,1.00,-1700.986,178.540,1.431728,0.243060
2078,7LVE,68.09,0.598400,1.00,-3888.020,125.840,0.357304,0.521620
2079,7LVG,52.78,0.517600,1.00,-3647.173,128.326,0.671658,0.443500
2080,7LX4,69.51,0.574200,1.00,-2901.126,230.268,0.605256,0.536050
2081,7LZL,92.57,0.760900,1.00,-2470.107,171.442,0.113852,0.787590
2082,7M1D,45.31,0.427200,1.00,-2887.761,245.088,0.879666,0.384530
2083,7M1E,66.07,0.613500,1.00,-1662.311,57.964,0.356233,0.474690
2084,7M3U,32.41,0.372900,1.00,-1615.526,208.183,1.012361,0.197750
2085,7MJ3,71.59,0.630300,1.00,-3609.267,213.645,0.334127,0.607850
2086,7MY8,36.90,0.480600,1.00,-3002.031,273.887,0.878897,0.281600
2087,7N0T,87.50,0.695300,1.00,-918.345,68.056,0.137784,0.379340
2088,7N21,80.88,0.686400,1.00,-880.973,53.423,0.236869,0.431870
2089,7N23,85.29,0.715800,1.00,-880.973,53.423,0.186485,0.401640
2090,7N25,90.62,0.730700,1.00,-918.345,68.056,0.124336,0.330660
2091,7NIP,53.66,0.578700,1.00,-3734.154,111.702,0.755796,0.418450
2092,7NS1,83.06,0.771300,1.00,-2791.878,56.193,0.226565,0.665310
2093,7OB2,55.00,0.496800,1.00,-369.431,59.762,0.337123,0.352750
2094,7OD2,86.76,0.664700,1.00,-2453.550,191.412,0.138833,0.660050
2095,7OFM,69.17,0.666100,1.00,-2028.183,88.079,0.410436,0.557770
2096,7OFO,75.00,0.706900,1.00,-2028.183,88.079,0.292320,0.665670
2097,7OSC,73.96,0.668200,1.00,-1359.218,149.717,0.235334,0.285630
2099,7P3M,96.15,0.732100,1.00,-707.629,34.388,0.084236,0.599000
2100,7P4X,86.29,0.723000,1.00,-2017.950,66.599,0.217955,0.707790
2101,7P55,81.82,0.647700,1.00,-1692.764,34.855,0.176268,0.295030
2102,7P5G,49.00,0.495100,1.00,-1005.113,242.686,0.647969,0.243440
2103,7P5Q,32.00,0.510700,1.00,-891.742,220.051,1.041988,0.147980
2104,7P5S,37.00,0.550800,1.00,-940.316,212.842,0.779399,0.208080
2105,7PH8,82.26,0.761400,1.00,-2499.897,73.074,0.197527,0.606860
2106,7PHT,85.83,0.795700,1.00,-2688.985,58.361,0.166162,0.619300
2107,7PL4,77.42,0.713600,1.00,-2237.881,42.716,0.322235,0.600980
2108,7PVB,97.28,0.810200,1.00,-3366.593,189.333,0.075954,0.907900
2109,7PVM,62.10,0.535900,1.00,-1352.548,145.147,0.480713,0.413060
2110,7QAL,47.14,0.712100,1.00,-1998.179,109.217,0.919505,0.395520
2111,7QAM,50.00,0.587200,1.00,-1645.707,111.583,0.618725,0.361910
2112,7QAO,44.29,0.519200,1.00,-2036.242,203.688,0.872050,0.322600
2113,7QAP,47.14,0.691800,1.00,-2200.641,87.362,0.695944,0.407310
2114,7QLF,51.47,0.424100,1.00,-686.891,101.773,0.419781,0.187960
2115,7QXJ,89.29,0.680900,1.00,-1845.843,65.836,0.174942,0.673390
2116,7RC7,92.97,0.756400,1.00,-2014.219,167.888,0.135223,0.753990
2117,7RC8,90.62,0.751900,1.00,-2014.219,167.888,0.170232,0.725210
2118,7RFA,81.03,0.644100,1.00,-1740.021,164.957,0.193234,0.520030
2119,7RN3,92.50,0.769600,1.00,-2072.334,217.591,0.102317,0.719860
2120,7S55,99.19,0.846900,1.00,-2258.096,156.490,0.054692,0.869750
2121,7S7P,91.07,0.773800,1.00,-2964.048,128.500,0.158097,0.807590
2122,7SAG,70.16,0.562900,1.00,-1660.760,182.755,0.531094,0.484180
2123,7SKC,85.29,0.658200,1.00,-2594.059,231.140,0.144697,0.645250
2124,7T6G,57.50,0.491200,1.00,-973.889,45.839,0.385314,0.319450
2125,7T7W,88.64,0.654500,1.00,-689.299,24.613,0.159327,0.439960
2126,7TB9,36.25,0.448700,1.00,-382.329,117.836,0.624422,0.142280
2127,7TH8,59.09,0.496100,1.00,-1941.996,157.811,0.631824,0.352220
2128,7UNX,72.22,0.557000,1.00,-2829.750,227.860,0.841307,0.567940
2129,7UV3,67.19,0.559700,1.00,-3523.511,162.304,0.535143,0.573460
2130,7V5E,58.33,0.460000,1.00,-1250.261,85.321,0.465874,0.233820
2131,7V5F,66.94,0.541500,1.00,-2651.600,148.642,0.489011,0.417180
2132,7VOZ,82.76,0.749000,1.00,-1969.895,55.283,0.198390,0.513360
2133,7VQH,36.11,0.472600,1.00,-545.310,84.428,0.774866,0.131270
2134,7VQI,37.50,0.470300,1.00,-545.310,84.428,0.769019,0.176590
2135,7W8K,40.00,0.454200,1.00,-1021.241,159.831,0.657067,0.168900
2136,7W8O,49.04,0.434000,1.00,-1636.777,195.633,0.730918,0.240300
2137,7W8R,43.27,0.372300,1.00,-1636.777,195.633,0.905387,0.181770
2138,7W8T,50.00,0.484400,1.00,-1253.375,228.820,0.508784,0.213140
2139,7W8Z,57.24,0.565300,1.00,-2536.356,208.016,0.522940,0.403010
2140,7W96,87.96,0.792300,1.00,-1107.079,111.372,0.132391,0.522620
2141,7WE3,29.84,0.430300,1.00,-1555.892,182.357,0.760858,0.210330
2142,7WEI,40.32,0.483500,1.00,-1555.892,182.357,0.673777,0.216410
2143,7Y7L,72.78,0.607100,1.00,-2940.609,231.510,0.245395,0.578140
2144,7YAB,65.91,0.534300,1.00,-2899.548,204.448,0.312657,0.535320
2145,7YFS,57.81,0.508100,1.00,-741.674,84.381,0.629550,0.262590
2146,7YHF,94.44,0.828600,1.00,-2398.199,198.129,0.096342,0.803650
2147,7YHG,95.14,0.849200,1.00,-2398.199,198.129,0.082367,0.836010
2148,7YHH,95.83,0.854600,1.00,-2398.199,198.129,0.079546,0.839530
2149,7YHI,92.36,0.819900,1.00,-2324.779,172.218,0.089977,0.782250
2150,7YRV,46.43,0.529900,1.00,-2194.691,167.314,0.673124,0.260080
2151,7YRW,48.39,0.482900,1.00,-1607.885,192.711,0.520708,0.338090
2152,7YRX,66.94,0.545200,1.00,-1795.808,233.603,0.261907,0.328950
2153,7YSS,71.43,0.550200,1.00,-1001.393,25.561,0.427117,0.420300
2154,7YYI,73.28,0.675800,1.00,-2208.566,37.807,0.235348,0.508530
2155,7Z07,76.72,0.703600,1.00,-2234.526,71.825,0.203370,0.656680
2156,7Z08,69.83,0.733900,1.00,-2418.292,51.817,0.273689,0.506820
2157,7Z0B,83.62,0.770100,1.00,-2555.834,53.580,0.130145,0.563940
2159,7ZNF,84.17,0.729400,1.00,-1884.785,145.334,0.200422,0.557990
2160,7ZRF,52.78,0.427800,1.00,-821.708,77.379,0.660511,0.236810
2161,7ZRO,28.13,0.508900,1.00,-1191.506,298.480,1.234246,0.221780
2162,7ZRU,91.96,0.730100,1.00,-1920.648,162.866,0.134000,0.713580
2163,7ZWJ,44.12,0.548400,1.00,-379.383,84.885,1.041136,0.180860
2164,7ZZV,27.78,0.385700,1.00,-2412.565,154.751,0.878931,0.256710
2165,8A6I,32.74,0.392800,1.00,-2211.312,87.082,1.101399,0.232850
2166,8AHK,78.66,0.728200,1.00,-3056.163,334.473,0.205511,0.646760
2167,8B1L,84.38,0.734200,1.00,-1558.743,43.442,0.288997,0.492990
2168,8B1X,65.00,0.612700,1.00,-1383.657,39.152,0.701729,0.506940
2169,8B4R,81.25,0.637200,1.00,-1131.202,82.380,0.214012,0.331270
2170,8B6X,74.00,0.623600,1.00,-2095.715,46.824,0.267899,0.465050
2171,8B6Y,80.00,0.714900,1.00,-2095.715,46.824,0.171567,0.414350
2172,8B9Q,23.75,0.391800,1.00,-1466.055,302.361,1.313359,0.215800
2173,8B9R,27.50,0.442800,1.00,-1466.055,302.361,1.110658,0.220380
2174,8BOO,25.00,0.489100,1.00,-635.559,149.080,1.414528,0.154430
2175,8BVC,79.76,0.658600,1.00,-2882.193,234.988,0.183992,0.621120
2176,8BVZ,43.42,0.501300,1.00,-520.831,139.023,0.951579,0.118790
2177,8BWW,61.11,0.538600,1.00,-1423.260,29.987,0.397471,0.294510
2178,8CIQ,84.29,0.697500,1.00,-2325.027,149.948,0.259173,0.697730
2183,8CJT,78.57,0.652500,1.00,-2214.161,187.860,0.223079,0.591270
2184,8CM3,88.04,0.685400,1.00,-1529.202,113.100,0.186227,0.474860
2185,8DFZ,63.95,0.511600,1.00,-3554.637,204.131,0.443834,0.491920
2186,8DYM,36.21,0.433300,1.00,-956.401,184.738,1.093128,0.212100
2187,8DYN,42.71,0.440800,1.00,-1116.633,170.947,0.655085,0.173110
2188,8EB1,65.62,0.534200,1.00,-1551.898,87.660,0.481982,0.368900
2189,8EF4,51.25,0.587000,1.00,-383.134,102.148,0.570266,0.212970
2190,8F04,31.58,0.500400,1.00,-622.367,98.350,0.966858,0.199020
2191,8FD4,85.29,0.648600,1.00,-2194.798,246.401,0.204028,0.635060
2192,8FEY,88.19,0.716600,1.00,-2331.907,198.634,0.200617,0.720710
2193,8G21,92.19,0.727900,1.00,-2160.901,101.707,0.245239,0.805770
2194,8GUC,42.36,0.457300,1.00,-2306.630,292.651,0.739665,0.285310
2195,8GVN,85.71,0.606000,1.00,-1001.393,25.561,0.216323,0.434970
2196,8H0G,71.77,0.685100,1.00,-2100.009,81.943,0.298595,0.540510
2197,8H0U,79.03,0.683800,1.00,-2100.009,81.943,0.253756,0.568000
2198,8HJC,86.36,0.691200,1.00,-2584.394,154.122,0.204622,0.691810
2199,8HJD,86.36,0.681000,1.00,-2584.394,154.122,0.190187,0.694770
2200,8HR3,61.54,0.533300,1.00,-464.538,90.841,0.447450,0.286680
2201,8HR4,57.69,0.534100,1.00,-464.218,150.028,0.457085,0.180170
2202,8HVS,77.50,0.513500,1.00,-352.653,65.150,0.299397,0.372610
2203,8HZW,56.25,0.588000,1.00,-1000.457,50.120,0.644335,0.240700
2204,8IKQ,78.57,0.539600,1.00,-584.609,60.084,0.290015,0.363930
2205,8IL1,75.00,0.547400,1.00,-584.609,60.084,0.332924,0.185800
2206,8IL2,78.33,0.610800,1.00,-653.040,54.025,0.275439,0.362420
2207,8IL6,90.00,0.626700,1.00,-653.040,54.025,0.237995,0.546470
2208,8JB4,26.04,0.372200,1.00,-1462.419,119.786,0.925187,0.158110
2209,8K3M,44.12,0.476600,1.00,-548.307,105.065,0.502360,0.271700
2210,8K3N,44.12,0.469100,1.00,-548.307,105.065,0.628493,0.223140
2211,8OR5,65.00,0.696900,1.00,-1848.093,40.597,0.303705,0.454370
2212,8ORY,83.33,0.741400,1.00,-2178.634,64.399,0.144852,0.614620
2213,8ORZ,70.00,0.691000,1.00,-1465.278,52.795,0.361895,0.447310
2214,8OS0,75.83,0.763700,1.00,-1856.112,54.340,0.200309,0.477090
2216,8PWT,36.76,0.499800,1.00,-2759.567,54.571,1.275728,0.280170
2221,8QNT,30.61,0.620300,1.00,-3801.075,150.090,1.817804,0.287500
2222,8QTQ,68.38,0.618100,1.00,-2213.145,205.372,0.348122,0.468910
2223,8R89,58.33,0.480600,1.00,-1048.585,95.175,0.422441,0.250920
2224,8RHS,50.52,0.450400,1.00,-3427.395,188.151,0.532967,0.451860
2225,8RPQ,72.22,0.770400,1.00,-2834.124,55.282,0.268386,0.500780
2226,8RQ6,75.00,0.699000,1.00,-2526.673,43.433,0.317182,0.522180
2227,8S9Y,33.33,0.419100,1.00,-1892.462,195.658,0.863751,0.233820
2228,8SED,79.73,0.649900,1.00,-2528.932,203.077,0.221837,0.594450
2229,8SEM,83.97,0.714200,1.00,-1916.722,169.988,0.353843,0.687440
2230,8SVB,39.17,0.423700,1.00,-1409.792,203.948,0.772951,0.209380
2231,8T01,92.31,0.753100,1.00,-762.521,19.184,0.099483,0.458420
2232,8T61,89.06,0.582500,1.00,-854.532,66.474,0.182631,0.399110
2233,8T62,90.62,0.732400,1.00,-614.894,59.566,0.141778,0.418090
2234,8T63,53.12,0.400500,1.00,-725.052,129.422,0.367859,0.165540
2235,8TFV,79.76,0.699400,1.00,-854.532,95.411,0.196616,0.253130
2236,8TV4,46.15,0.430100,1.00,-1129.320,26.042,0.555855,0.192010
2237,8TXS,50.00,0.546300,1.00,-533.097,74.904,1.275665,0.207450
2238,8TYI,81.03,0.678900,1.00,-1816.516,249.299,0.258725,0.560980
2239,8UKC,43.33,0.372000,1.00,-575.782,62.927,0.720975,0.189450
2240,8ULM,78.03,0.626800,1.00,-1941.996,157.811,0.249347,0.502240
2241,8UM1,56.55,0.625900,1.00,-3336.731,133.224,0.482572,0.472830
2242,8UM2,60.12,0.610300,1.00,-3336.731,133.224,0.973817,0.448940
2243,8UNG,77.44,0.675400,1.00,-2870.188,181.157,0.209429,0.638920
2244,8UWF,87.82,0.750000,1.00,-2561.621,205.711,0.227632,0.750170
2245,8UXR,46.74,0.443400,1.00,-1163.904,281.073,0.447943,0.134200
2246,8V2M,75.89,0.601500,1.00,-1887.116,173.232,0.408541,0.515820
2247,8V2V,28.66,0.435100,1.00,-2330.942,317.846,0.927642,0.222410
2248,8VU6,88.04,0.724400,1.00,-2992.845,285.967,0.268010,0.800310
2249,8VU7,92.22,0.743200,1.00,-3181.992,251.870,0.141873,0.824400
2250,8VU8,82.56,0.692100,1.00,-2726.050,255.090,0.151824,0.715140
2251,8VYC,42.05,0.464100,1.00,-863.615,160.786,0.859540,0.190720
2252,8W0Q,70.00,0.640500,1.00,-1279.003,70.461,0.357501,0.270820
2253,8W16,76.67,0.576600,1.00,-855.784,73.525,0.243453,0.297970
2254,8W17,85.00,0.607000,1.00,-820.241,71.424,0.195482,0.307130
2255,8W2V,33.33,0.438900,1.00,-1372.143,290.766,1.141154,0.248340
2256,8WGI,53.00,0.481900,1.00,-1321.233,151.968,0.467942,0.279280
2257,8WGJ,60.42,0.543800,1.00,-1382.245,131.188,0.425034,0.317220
2258,8WW0,67.19,0.659500,1.00,-1913.805,199.352,0.439135,0.423310
2259,8WW1,54.17,0.529800,1.00,-2280.245,150.696,0.629607,0.319680
2260,8X3N,68.75,0.549200,1.00,-679.539,82.853,0.344331,0.211270
2261,8X40,78.12,0.564700,1.00,-679.539,82.853,0.268926,0.271630
2262,8XTH,71.67,0.551900,1.00,-777.612,50.604,0.313698,0.257630
2263,8XTN,34.09,0.413800,1.00,-1064.413,252.575,0.874912,0.217240
2264,8XTO,42.86,0.581900,1.00,-581.576,90.614,0.649879,0.106780
2265,8Y3S,52.27,0.580000,1.00,-269.986,42.889,0.412573,0.276340
2266,8YD6,28.33,0.371500,1.00,-1844.822,217.538,0.847393,0.194210
2267,8ZG2,56.82,0.509200,1.00,-178.896,42.772,0.553922,0.322030
2268,8ZG3,45.45,0.532900,1.00,-154.147,35.500,0.644051,0.231890
2269,8ZG4,56.82,0.537700,1.00,-240.662,41.819,0.583199,0.215630
2270,8ZP3,31.82,0.353800,1.00,-1179.492,250.936,1.040077,0.200280
2271,8ZUG,36.96,0.537300,1.00,-394.815,156.926,0.746976,0.157340
2272,9AZI,94.44,0.807800,1.00,-1731.449,86.851,0.127287,0.774870
2273,9BET,61.31,0.670700,1.00,-2972.279,46.928,0.526504,0.517370
2274,9BF4,56.45,0.450100,1.00,-2483.213,120.129,0.541603,0.395470
2275,9BHN,54.55,0.487700,1.00,-513.536,57.874,0.491426,0.195580
2276,9BV0,82.41,0.652700,1.00,-2219.120,172.201,0.223031,0.445120
2277,9BV4,75.00,0.631800,1.00,-3075.762,186.310,0.193402,0.530890
2278,9BVS,40.38,0.451400,1.00,-1163.408,19.762,0.532226,0.182870
2279,9BVU,50.00,0.449700,1.00,-1389.995,22.669,0.653084,0.230080
2280,9BVV,44.23,0.457300,1.00,-1185.461,18.474,0.458252,0.150910
2281,9CRB,97.32,0.793700,1.00,-1606.866,159.765,0.075380,0.757420
2282,9F1E,69.64,0.545700,1.00,-1718.978,97.028,0.651801,0.483010
2283,9F1F,69.87,0.651800,1.00,-2362.657,137.289,0.489043,0.530710
2284,9F1G,75.00,0.667300,1.00,-3422.259,114.181,0.304504,0.653940
2285,9FJN,91.67,0.756000,1.00,-1218.215,32.804,0.161129,0.546190
2286,9FJW,47.86,0.601100,1.00,-1842.435,217.159,0.918696,0.369280
2287,9G0M,91.00,0.766500,1.00,-1627.522,71.001,0.119332,0.595190
2288,9G0N,85.00,0.744500,1.00,-1627.522,71.001,0.167267,0.522850
2289,9G20,94.00,0.780200,1.00,-1627.522,71.001,0.143589,0.644980
2290,9G21,70.00,0.598900,1.00,-1627.522,71.001,0.297529,0.339270
2291,9G22,89.00,0.726700,1.00,-1604.448,73.616,0.148301,0.512580
2292,9G2N,88.00,0.737800,1.00,-1604.448,73.616,0.158457,0.531550
2293,9G2O,89.00,0.741800,1.00,-1604.448,73.616,0.146748,0.542420
2294,9G31,83.00,0.680400,1.00,-1604.448,73.616,0.169768,0.410900
2295,9G32,84.00,0.691700,1.00,-1604.448,73.616,0.178938,0.419210
2296,9G5P,90.00,0.728000,1.00,-1627.522,71.001,0.135205,0.514700
2297,9GDL,83.00,0.711900,1.00,-1677.614,60.023,0.215297,0.502320
2298,9GDN,92.00,0.789900,1.00,-1677.614,60.023,0.124098,0.643110
2299,9GDT,94.00,0.786700,1.00,-1677.614,60.023,0.135227,0.624470
2300,9GDU,91.00,0.773800,1.00,-1677.614,60.023,0.176924,0.599420
2301,9GE1,87.00,0.776900,1.00,-1677.614,60.023,0.188401,0.545400
2302,9GE9,80.00,0.673200,1.00,-1561.280,87.461,0.260174,0.442520
2303,9GEB,85.00,0.701600,1.00,-1561.280,87.461,0.145568,0.522620
2304,9GEC,81.00,0.684800,1.00,-1561.280,87.461,0.199869,0.480180
2305,9IKO,70.31,0.541000,1.00,-621.662,73.967,0.326013,0.238410
2306,9ILX,76.56,0.536800,1.00,-621.662,73.967,0.259264,0.383490
2307,9J5F,57.03,0.586100,1.00,-2398.723,196.698,0.413563,0.306050
2308,9J5H,70.71,0.678500,1.00,-2620.877,188.816,0.280014,0.527630
2309,9KAR,36.67,0.448100,1.00,-631.839,57.790,0.954192,0.235820
2310,9KK0,73.00,0.604800,1.00,-1289.961,142.095,0.283649,0.302880
2311,9L1M,43.75,0.548900,1.00,-133.367,57.677,0.726233,0.220460
2312,9NVH,78.57,0.649000,1.00,-1708.954,196.096,0.286050,0.603730
2313,9NWZ,41.25,0.405700,1.00,-975.265,149.914,0.837180,0.127350
2314,9NY3,38.75,0.421600,1.00,-799.583,198.566,0.895288,0.142920
2315,9UV5,47.50,0.499100,1.00,-279.729,48.020,0.517854,0.408080
