serial,pdb_id,gdt_ts,lddt,lddt_coverage,pred_dope,pred_molpdf,rmsd,tm_score
1,1A11,88.00,0.779400,1.00,-1748.002,41.769,0.121388,0.532630
2,1A3P,70.56,0.617000,1.00,-2939.030,236.531,0.412299,0.597910
3,1ACW,79.31,0.648400,1.00,-1986.467,136.651,0.188792,0.449250
4,1ADX,53.12,0.519700,1.00,-2679.231,195.461,0.520823,0.356130
5,1AG7,53.68,0.514000,1.00,-1915.658,197.160,0.718508,0.358620
6,1AGG,73.44,0.617700,1.00,-2922.733,268.340,0.525770,0.626740
7,1AGT,98.68,0.814400,1.00,-2979.110,156.309,0.060669,0.899630
8,1AHL,75.00,0.676700,1.00,-3629.084,275.088,0.310998,0.647280
9,1ALE,93.06,0.739100,1.00,-1349.505,37.897,0.170385,0.553760
10,1ALF,90.79,0.744900,1.00,-1661.004,50.103,0.150367,0.469320
11,1ALG,68.75,0.696900,1.00,-1428.160,44.043,0.590293,0.552050
12,1AMB,30.36,0.434400,1.00,-948.303,193.475,0.779596,0.182390
13,1AMC,32.14,0.434300,1.00,-948.303,193.475,0.762089,0.201070
14,1AML,26.88,0.403700,1.00,-1480.347,361.217,1.281159,0.191170
15,1ANP,33.93,0.457800,1.00,-1055.201,245.451,1.095328,0.169140
16,1ANS,37.04,0.388100,1.00,-1487.627,253.098,0.821511,0.187940
17,1AOO,47.50,0.465000,1.00,-2711.019,217.869,0.733333,0.347330
18,1APF,68.37,0.648400,1.00,-3641.879,258.434,0.383238,0.591640
19,1APO,86.90,0.741700,1.00,-2328.146,215.459,0.170713,0.751720
20,1AQG,38.64,0.441900,1.00,-352.947,53.595,0.496764,0.241110
21,1AQQ,48.12,0.472700,1.00,-2711.019,217.869,0.743017,0.349760
22,1AQR,43.12,0.478800,1.00,-2711.019,217.869,0.710950,0.331550
23,1ARD,91.38,0.740200,1.00,-2207.745,132.284,0.260013,0.743140
24,1ARE,87.93,0.714300,1.00,-2082.969,116.829,0.283403,0.654780
25,1ARF,92.24,0.769800,1.00,-2328.862,140.365,0.144683,0.758490
26,1ATX,82.07,0.671800,1.00,-3377.334,177.127,0.179641,0.709470
27,1AV3,97.22,0.771900,1.00,-1478.030,157.561,0.067977,0.805900
28,1AW6,83.72,0.715000,1.00,-2614.239,278.925,0.277880,0.683990
29,1AXH,91.22,0.757500,1.00,-2242.951,166.940,0.150160,0.774610
30,1AZ6,78.47,0.612200,1.00,-2258.885,185.067,0.214290,0.582060
31,1AZH,52.78,0.488000,1.00,-2258.885,185.067,0.507841,0.343240
32,1AZJ,90.97,0.759900,1.00,-2418.167,181.114,0.106603,0.752320
33,1AZK,78.47,0.679500,1.00,-2257.058,182.736,0.213655,0.540110
34,1B03,55.56,0.488100,1.00,-871.791,65.693,0.364551,0.243970
35,1B1V,83.70,0.710900,1.00,-1088.843,124.500,0.289666,0.492170
36,1B4G,35.00,0.508000,1.00,-970.099,187.466,0.697914,0.203870
37,1B4I,28.33,0.500200,1.00,-970.099,187.466,0.984589,0.180910
38,1B5N,79.35,0.703200,1.00,-1088.843,124.500,0.300021,0.461160
39,1B8W,82.14,0.693800,1.00,-2652.702,220.776,0.406730,0.689240
40,1B9P,67.65,0.630100,1.00,-2274.152,126.127,0.319391,0.572420
41,1B9Q,69.12,0.590900,1.00,-2274.152,126.127,0.306440,0.544250
42,1B9U,76.47,0.823500,1.00,-3049.270,95.904,0.274689,0.586040
43,1BA4,21.88,0.365100,1.00,-1480.347,361.217,1.302605,0.207220
44,1BA6,26.25,0.399100,1.00,-1480.347,361.217,1.236548,0.230270
45,1BAH,85.14,0.647400,1.00,-2652.497,167.024,0.144444,0.695110
46,1BBA,77.78,0.680500,1.00,-2705.493,164.868,0.241653,0.612910
47,1BBG,60.00,0.536300,1.00,-2904.616,166.614,0.661770,0.499710
48,1BDS,83.14,0.699500,1.00,-3277.749,251.230,0.166272,0.715450
49,1BEI,66.43,0.563100,1.00,-2698.881,205.416,0.352825,0.471440
50,1BF9,85.37,0.751700,1.00,-2457.238,276.270,0.204076,0.719130
51,1BGK,87.16,0.710200,1.00,-2991.144,163.350,0.117758,0.712910
52,1BH4,77.50,0.633300,1.00,-2032.366,173.012,0.204378,0.494850
53,1BH7,44.70,0.502000,1.00,-1671.327,296.726,0.641211,0.242060
54,1BHI,76.32,0.692500,1.00,-2293.479,187.767,0.356875,0.624330
55,1BIG,89.19,0.731700,1.00,-2966.825,159.877,0.117180,0.726480
56,1BJB,32.14,0.446100,1.00,-1047.303,241.348,0.933063,0.231860
57,1BJC,40.18,0.498200,1.00,-1032.645,229.058,0.657361,0.195430
58,1BL1,50.00,0.584600,1.00,-2373.950,58.791,0.553752,0.333810
59,1BM4,57.03,0.584100,1.00,-2120.827,108.455,0.749607,0.384100
60,1BMX,59.68,0.635800,1.00,-2196.298,81.116,0.663624,0.426580
61,1BNB,80.26,0.659600,1.00,-2830.003,226.396,0.230894,0.648610
62,1BOE,81.38,0.641400,1.00,-3396.871,168.856,0.216687,0.714550
63,1BQF,72.00,0.625600,1.00,-1356.439,145.895,0.369125,0.350510
64,1BRV,65.62,0.598700,1.00,-1908.806,220.861,0.564836,0.444790
65,1BWX,53.21,0.608100,1.00,-3019.922,86.758,0.594934,0.462060
66,1BY0,75.00,0.652100,1.00,-1753.536,58.914,0.336608,0.509350
67,1BY6,52.08,0.495100,1.00,-2411.342,83.941,0.421059,0.328550
68,1BZG,58.82,0.599400,1.00,-2364.882,93.323,0.488362,0.402190
69,1C2U,39.29,0.441400,1.00,-2353.270,179.433,0.823036,0.227750
70,1C49,92.14,0.750500,1.00,-2361.760,164.435,0.104846,0.766690
71,1C4B,53.85,0.499800,1.00,-422.637,82.216,0.440659,0.216010
72,1C4E,82.86,0.713800,1.00,-2053.022,189.215,0.184244,0.627560
73,1C55,87.50,0.684700,1.00,-3192.937,241.325,0.158569,0.713540
74,1C56,85.62,0.676600,1.00,-3192.937,241.325,0.143309,0.722250
75,1C6W,40.15,0.456500,1.00,-1740.946,188.062,0.675150,0.224120
76,1CBH,100.00,0.861100,1.00,-2254.340,267.829,0.048916,0.923040
77,1CCF,85.12,0.708700,1.00,-2328.146,215.459,0.150934,0.697990
78,1CCM,91.30,0.791000,1.00,-3713.581,187.171,0.135773,0.825770
79,1CCN,92.39,0.790700,1.00,-3713.581,187.171,0.126809,0.833110
80,1CE4,61.43,0.553200,1.00,-1742.613,209.195,0.367079,0.431770
81,1CFG,76.14,0.586300,1.00,-1525.655,89.897,0.288409,0.297980
82,1CFH,30.85,0.270700,1.00,-3873.720,196.854,1.089044,0.256220
83,1CFI,63.30,0.511100,1.00,-3873.720,196.854,0.367086,0.525430
84,1CHL,82.64,0.633500,1.00,-2557.482,165.157,0.160153,0.640600
85,1CIX,78.41,0.628400,1.00,-3197.098,235.869,0.209981,0.664100
86,1CKW,75.00,0.653700,1.00,-1618.120,100.681,0.324925,0.425030
87,1CKX,72.12,0.689700,1.00,-1721.563,86.921,0.255336,0.381170
88,1CKY,51.92,0.513000,1.00,-1721.563,86.921,0.584006,0.260180
89,1CKZ,36.00,0.465200,1.00,-1618.120,100.681,0.773712,0.218260
90,1CMR,86.29,0.688800,1.00,-2341.882,122.287,0.146709,0.614260
91,1CO4,70.24,0.660400,1.00,-2706.596,224.169,0.344182,0.555660
92,1CQ0,65.18,0.673200,1.00,-1357.976,109.851,0.372555,0.385170
93,1CR8,79.76,0.666900,1.00,-2357.510,215.402,0.185809,0.678310
94,1CSA,40.91,0.322500,1.00,-607.959,10.071,0.481756,0.122660
95,1CTI,90.52,0.738500,1.00,-1990.666,129.021,0.124050,0.649460
96,1CW5,53.65,0.570100,1.00,-2740.216,233.083,0.683920,0.472210
97,1CW6,60.81,0.599700,1.00,-1844.824,168.518,0.523548,0.437200
98,1CWX,26.70,0.472500,1.00,-1517.146,347.966,1.079084,0.238010
99,1CXR,67.39,0.586100,1.00,-3711.694,143.113,0.274614,0.557560
100,1CYA,38.64,0.463600,1.00,-607.959,10.071,0.492762,0.148040
101,1CYB,43.18,0.421900,1.00,-607.959,10.071,0.451007,0.180250
102,1CZ6,88.00,0.738600,1.00,-1085.284,108.333,0.175070,0.465830
103,1D0R,72.50,0.665500,1.00,-2163.604,50.649,0.292658,0.505560
104,1D1H,90.71,0.666500,1.00,-2396.916,209.765,0.173281,0.762190
105,1D2J,76.88,0.647800,1.00,-2195.280,232.892,0.223443,0.617950
106,1D2L,79.44,0.654700,1.00,-2340.706,330.613,0.288004,0.665040
107,1D5Q,100.00,0.891400,1.00,-1944.423,67.218,0.035727,0.904400
108,1D6B,85.12,0.694300,1.00,-2935.520,228.987,0.195587,0.735500
109,1D6X,71.15,0.510600,1.00,-585.658,95.051,0.389810,0.356790
110,1DEC,51.28,0.517000,1.00,-2310.492,297.862,0.610377,0.384370
111,1DEP,81.67,0.623100,1.00,-914.133,60.966,0.249483,0.431880
112,1DF6,54.17,0.462600,1.00,-2163.590,140.287,0.526951,0.313150
113,1DFE,84.46,0.630700,1.00,-2383.241,182.514,0.353452,0.719330
114,1DFS,70.97,0.560500,1.00,-2111.202,171.417,0.244057,0.420330
115,1DFT,61.67,0.465800,1.00,-1876.573,187.638,0.332936,0.322670
116,1DGZ,83.11,0.642200,1.00,-2383.241,182.514,0.336360,0.675860
117,1DJF,90.00,0.762100,1.00,-722.652,49.437,0.166159,0.556090
118,1DKC,75.00,0.615400,1.00,-2264.995,186.274,0.222998,0.586250
119,1DL0,91.89,0.765900,1.00,-2362.982,184.975,0.113352,0.762910
120,1DMC,50.00,0.502200,1.00,-1869.756,162.892,0.616502,0.248300
121,1DMD,50.00,0.496000,1.00,-1869.756,162.892,0.602179,0.290210
122,1DME,68.75,0.562200,1.00,-1714.159,249.386,0.319494,0.367110
123,1DMF,69.64,0.560800,1.00,-1714.159,249.386,0.329074,0.387440
124,1DN3,91.67,0.717700,1.00,-722.652,49.437,0.228729,0.496650
125,1DNG,86.67,0.736200,1.00,-762.755,28.038,0.195834,0.549990
126,1DPK,37.50,0.438900,1.00,-385.680,162.762,0.569842,0.103360
127,1DPQ,40.00,0.491300,1.00,-272.359,241.173,0.532653,0.170020
128,1DSK,70.54,0.634700,1.00,-1876.954,108.870,0.475979,0.453540
129,1DSQ,91.67,0.695200,1.00,-872.596,136.252,0.181356,0.472180
130,1DSV,78.23,0.678700,1.00,-1375.822,186.315,0.199441,0.523300
131,1DTC,89.42,0.742500,1.00,-1826.811,49.787,0.223793,0.643740
132,1DU1,65.00,0.520700,1.00,-1217.305,37.921,0.438491,0.264330
133,1DU9,85.71,0.689000,1.00,-1582.436,220.662,0.147041,0.553130
134,1DV0,88.83,0.732000,1.00,-4762.753,170.625,0.224510,0.803720
135,1DVW,47.22,0.602300,1.00,-540.954,61.743,0.723817,0.190560
136,1DX7,59.38,0.612300,1.00,-3701.954,252.555,0.562414,0.559200
137,1E0G,83.85,0.683300,1.00,-4253.998,156.686,0.183846,0.742630
138,1E0L,84.46,0.766800,1.00,-2334.572,195.884,0.268980,0.674780
139,1E0M,82.43,0.737400,1.00,-2289.738,165.079,0.238875,0.660660
140,1E0N,88.89,0.709400,1.00,-1709.743,152.138,0.146390,0.577930
141,1E0Q,73.53,0.540300,1.00,-928.434,80.400,0.240765,0.252350
142,1E4Q,81.76,0.714700,1.00,-2708.127,178.788,0.215884,0.657030
143,1E4R,73.57,0.590800,1.00,-2359.187,153.348,0.291533,0.539930
144,1E4S,77.78,0.604600,1.00,-2619.681,129.977,0.238826,0.591230
145,1E4T,75.68,0.589500,1.00,-2551.038,168.236,0.362043,0.550920
146,1E8P,92.93,0.759400,1.00,-3496.648,222.130,0.107476,0.835840
147,1E8Q,89.67,0.755900,1.00,-3496.648,222.130,0.168179,0.811610
148,1E9K,44.74,0.597700,1.00,-2395.892,144.885,0.580017,0.287890
149,1ED0,94.02,0.804100,1.00,-3414.468,143.791,0.088056,0.872140
150,1ED7,90.00,0.707400,1.00,-4143.599,253.807,0.132287,0.797990
151,1EDP,83.82,0.656800,1.00,-1149.148,85.328,0.216738,0.297090
152,1EDS,48.39,0.469100,1.00,-2086.189,163.567,0.470981,0.306500
153,1EDV,29.41,0.451900,1.00,-1248.137,431.491,1.002090,0.161960
154,1EDW,50.00,0.466600,1.00,-2020.043,153.717,0.450980,0.251990
155,1EDX,26.88,0.407200,1.00,-1923.477,214.006,1.079209,0.229140
156,1EGT,92.65,0.708700,1.00,-768.887,85.678,0.148539,0.467920
157,1EHS,56.77,0.599300,1.00,-3379.300,167.671,0.499140,0.488930
158,1EI0,99.34,0.846500,1.00,-3127.856,119.151,0.054140,0.915880
159,1EMX,75.83,0.590600,1.00,-1912.730,173.417,0.278908,0.500910
160,1EMZ,86.90,0.729000,1.00,-1594.253,21.602,0.258807,0.459890
161,1EQX,58.33,0.519300,1.00,-508.692,85.174,0.447809,0.191470
162,1ERC,43.75,0.479300,1.00,-3206.597,193.723,0.793131,0.416290
163,1ERD,38.75,0.422800,1.00,-2511.656,298.967,0.660296,0.291760
164,1ERP,97.37,0.768300,1.00,-3131.462,148.651,0.081672,0.834930
165,1ERY,90.38,0.712900,1.00,-3376.168,198.743,0.143166,0.782770
166,1ESK,68.45,0.692700,1.00,-2195.190,194.078,0.308744,0.562840
167,1EWS,92.19,0.773200,1.00,-2027.764,160.514,0.149779,0.736180
168,1EYO,89.17,0.724800,1.00,-1855.024,154.535,0.193981,0.668350
169,1EZE,64.47,0.687500,1.00,-2729.290,133.869,0.348357,0.482440
170,1F3K,86.54,0.673300,1.00,-1748.985,166.277,0.146216,0.524570
171,1F4I,90.56,0.714900,1.00,-4445.720,195.077,0.202128,0.837930
172,1F7E,81.52,0.749800,1.00,-2539.100,311.170,0.191281,0.697780
173,1F7M,79.89,0.723700,1.00,-2539.100,311.170,0.264060,0.663140
174,1F8Z,89.10,0.731500,1.00,-2098.494,237.554,0.215131,0.762240
175,1FAC,66.67,0.565900,1.00,-1377.520,98.124,0.387849,0.216400
176,1FCT,53.91,0.545000,1.00,-1522.742,227.028,0.599200,0.381420
177,1FDF,55.00,0.595300,1.00,-1668.423,65.703,0.410490,0.259030
178,1FEO,87.50,0.662700,1.00,-1387.682,144.145,0.148180,0.567730
179,1FF7,78.26,0.686600,1.00,-2539.100,311.170,0.214318,0.642330
180,1FFM,83.15,0.743600,1.00,-2539.100,311.170,0.249482,0.712950
181,1FGD,79.17,0.644500,1.00,-903.066,82.825,0.217143,0.255540
182,1FGE,53.75,0.515200,1.00,-791.290,129.160,0.557227,0.204000
183,1FJN,87.82,0.764600,1.00,-2928.619,198.572,0.150527,0.730660
184,1FME,76.79,0.648400,1.00,-2162.241,159.643,0.277035,0.445580
185,1FMY,50.62,0.503200,1.00,-2726.598,198.631,0.656390,0.376020
186,1FQQ,76.22,0.617600,1.00,-3039.463,227.443,0.241292,0.617180
187,1FRE,37.50,0.377100,1.00,-2876.273,249.812,0.683950,0.299730
188,1FRY,41.38,0.516600,1.00,-1619.241,55.526,0.829387,0.216190
189,1FSB,85.62,0.719500,1.00,-2569.260,302.574,0.189303,0.710840
190,1FSD,79.46,0.629200,1.00,-2116.338,117.718,0.285477,0.515960
191,1FSV,80.36,0.653800,1.00,-2116.338,117.718,0.244876,0.512650
192,1FU3,93.52,0.717900,1.00,-1844.650,128.351,0.100297,0.657510
193,1FU9,84.72,0.696300,1.00,-2532.873,175.220,0.280573,0.708660
194,1FUL,43.18,0.434400,1.00,-402.994,39.428,0.455405,0.164510
195,1FUV,52.27,0.456000,1.00,-402.994,39.428,0.354406,0.239950
196,1FV5,74.31,0.603300,1.00,-2328.545,238.198,0.436823,0.565120
197,1FVY,50.00,0.618900,1.00,-2369.237,58.998,0.937206,0.332200
198,1FW5,58.75,0.545500,1.00,-896.460,98.848,0.463508,0.201710
199,1FWO,75.00,0.609000,1.00,-2271.211,209.423,0.262718,0.554320
200,1FYG,88.00,0.636100,1.00,-1353.577,111.358,0.141857,0.454310
201,1G04,35.58,0.346300,1.00,-1863.213,142.512,0.849986,0.160970
202,1G26,86.29,0.746100,1.00,-2227.582,137.647,0.157412,0.609620
203,1G92,61.00,0.634900,1.00,-1599.000,62.659,0.483433,0.354300
204,1G9P,61.67,0.646900,1.00,-2554.136,238.545,0.670833,0.535320
205,1GEA,78.57,0.661500,1.00,-1340.774,69.761,0.325713,0.322910
206,1GIB,70.45,0.540900,1.00,-1005.008,131.182,0.245417,0.212300
207,1GK5,72.96,0.568900,1.00,-3523.925,370.540,0.407498,0.611350
208,1GM2,79.55,0.677400,1.00,-300.209,56.071,0.237778,0.388510
209,1GNA,76.92,0.634300,1.00,-603.350,69.467,0.350853,0.352070
210,1GNB,57.69,0.557200,1.00,-603.350,69.467,0.381661,0.133440
211,1GNF,77.72,0.667100,1.00,-3238.658,185.386,0.305779,0.636690
212,1GP8,80.62,0.688400,1.00,-2842.525,83.601,0.321729,0.657880
213,1GPS,93.09,0.776400,1.00,-3150.232,172.299,0.125146,0.854000
214,1GPT,92.55,0.736500,1.00,-3135.447,204.856,0.111204,0.866610
215,1GUR,77.14,0.608500,1.00,-1976.311,215.467,0.189732,0.549600
216,1GW3,55.43,0.631500,1.00,-3217.955,133.151,0.390545,0.527790
217,1GW4,46.74,0.583600,1.00,-3217.955,133.151,0.738548,0.370590
218,1H20,42.95,0.422500,1.00,-2466.027,306.740,0.973758,0.281820
219,1H5O,77.38,0.618700,1.00,-2136.657,250.112,0.283693,0.624350
220,1H7D,38.78,0.489600,1.00,-2737.156,236.717,0.780156,0.349900
221,1H7J,44.23,0.439900,1.00,-1333.561,63.160,0.672870,0.185270
222,1HA9,83.82,0.738700,1.00,-1867.253,158.535,0.355360,0.691510
223,1HD6,95.95,0.803600,1.00,-3104.964,135.847,0.101736,0.846320
224,1HD9,70.45,0.487000,1.00,-440.198,58.656,0.288054,0.337890
225,1HEV,95.35,0.775300,1.00,-3121.347,280.627,0.129223,0.878430
226,1HFF,80.00,0.534800,1.00,-393.207,31.624,0.216107,0.378310
227,1HJ0,37.20,0.560800,1.00,-1995.952,219.501,0.757648,0.328560
228,1HLL,71.09,0.704100,1.00,-2262.262,100.155,0.320021,0.578740
229,1HLY,95.51,0.755400,1.00,-2966.834,183.905,0.096298,0.838650
230,1HN3,28.75,0.303300,1.00,-2141.648,215.713,1.322081,0.239660
231,1HNR,67.02,0.583200,1.00,-3385.492,234.381,0.285711,0.546780
232,1HNS,59.57,0.517900,1.00,-3385.492,234.381,0.392640,0.484180
233,1HO0,54.17,0.516500,1.00,-1948.263,96.917,0.565070,0.314100
234,1HO2,83.75,0.754300,1.00,-1320.337,23.193,0.175697,0.382130
235,1HO7,78.75,0.714700,1.00,-1320.337,23.193,0.201947,0.334930
236,1HO9,73.44,0.646300,1.00,-2418.837,71.313,0.352644,0.475610
237,1HOD,69.53,0.655300,1.00,-2418.837,71.313,0.362525,0.407980
238,1HOF,69.53,0.627100,1.00,-2262.262,100.155,0.298843,0.473300
239,1HP2,93.92,0.779900,1.00,-2670.515,170.134,0.087633,0.812660
240,1HP3,81.25,0.677800,1.00,-1999.279,166.653,0.301854,0.632600
241,1HP9,82.95,0.632900,1.00,-1764.354,47.523,0.192838,0.341060
242,1HPH,47.30,0.574800,1.00,-2903.872,89.184,0.799938,0.370710
243,1HPY,59.56,0.618400,1.00,-2743.957,74.336,0.372049,0.318590
244,1HRL,73.91,0.668400,1.00,-1154.844,143.497,0.511180,0.412570
245,1HTH,44.85,0.550600,1.00,-2574.741,80.788,0.987403,0.364900
246,1HTX,90.62,0.730800,1.00,-2210.771,224.498,0.121799,0.699010
247,1HU5,76.39,0.663100,1.00,-915.317,39.028,0.227366,0.425800
248,1HU6,66.67,0.611700,1.00,-1008.860,15.823,0.391344,0.326850
249,1HU7,84.72,0.645300,1.00,-905.650,33.185,0.246540,0.377220
250,1HVW,98.00,0.794400,1.00,-1517.626,99.850,0.071758,0.697550
251,1HVZ,79.17,0.649000,1.00,-965.796,82.035,0.260041,0.262850
252,1HY9,90.24,0.762500,1.00,-2725.160,167.002,0.135459,0.785910
253,1HYK,80.43,0.646200,1.00,-3451.169,281.438,0.208216,0.682330
254,1HZ3,28.85,0.464500,1.00,-874.413,275.692,0.797145,0.193610
255,1I25,53.38,0.505200,1.00,-1578.311,348.260,0.802951,0.372410
256,1I26,83.09,0.674900,1.00,-2247.843,149.113,0.232486,0.633500
257,1I2U,87.50,0.720900,1.00,-3134.856,187.235,0.144743,0.775030
258,1I2V,87.50,0.698900,1.00,-3315.549,230.639,0.158174,0.767680
259,1I6C,67.95,0.660400,1.00,-2201.372,170.473,0.515423,0.535520
260,1I8X,87.50,0.755800,1.00,-2203.489,126.814,0.194207,0.640540
261,1I8Y,81.25,0.658100,1.00,-1761.921,96.827,0.211634,0.515250
262,1IB9,78.68,0.670200,1.00,-1867.253,158.535,0.382671,0.614040
263,1IBN,75.00,0.656800,1.00,-1217.286,41.872,0.267114,0.422130
264,1IBO,75.00,0.617500,1.00,-1217.286,41.872,0.337621,0.314700
265,1IC9,84.48,0.682300,1.00,-2015.335,185.432,0.184634,0.542830
266,1ICA,70.62,0.599200,1.00,-2763.927,147.032,0.539509,0.593340
267,1ICL,74.14,0.592600,1.00,-2032.857,177.105,0.232679,0.483510
268,1ICO,87.07,0.685600,1.00,-1935.496,205.392,0.147652,0.560130
269,1ID6,38.33,0.441200,1.00,-923.795,36.957,0.566917,0.166960
270,1ID7,43.33,0.447300,1.00,-923.795,36.957,0.532738,0.199440
271,1IE6,37.88,0.443500,1.00,-1424.851,191.464,0.654366,0.260200
272,1IFY,91.33,0.762200,1.00,-4435.399,208.575,0.158858,0.832260
273,1IIJ,74.29,0.727400,1.00,-2516.806,82.394,0.255328,0.650410
274,1IM1,93.75,0.758100,1.00,-683.280,49.344,0.095668,0.479530
275,1IRR,79.35,0.667100,1.00,-974.345,120.790,0.343302,0.415760
276,1IVA,67.19,0.552400,1.00,-2996.758,252.721,0.699048,0.564060
277,1IWC,44.12,0.539200,1.00,-1219.723,139.732,0.778741,0.361370
278,1IWF,26.47,0.464400,1.00,-1219.723,139.732,1.271513,0.239150
279,1IXA,88.46,0.708200,1.00,-2261.631,176.829,0.162560,0.722080
280,1IXT,71.30,0.565100,1.00,-1693.559,171.643,0.302118,0.363180
281,1IXU,56.25,0.552000,1.00,-405.957,63.945,0.584531,0.224950
282,1IYC,45.83,0.479100,1.00,-2019.799,191.394,0.811276,0.364490
283,1IYT,23.81,0.382500,1.00,-1584.769,329.495,0.982192,0.219960
284,1J4M,91.07,0.733400,1.00,-672.741,54.080,0.150871,0.473350
285,1J5J,91.67,0.777800,1.00,-2732.266,158.982,0.107127,0.773440
286,1J5L,50.00,0.522000,1.00,-1898.205,236.253,0.606104,0.306760
287,1J5M,64.29,0.549600,1.00,-1489.091,210.186,0.336618,0.364260
288,1JBL,91.07,0.757200,1.00,-558.530,99.989,0.136587,0.441220
289,1JBN,91.07,0.755400,1.00,-558.530,99.989,0.135509,0.360300
290,1JDM,68.55,0.604600,1.00,-2984.730,47.127,0.386344,0.477040
291,1JI9,66.22,0.567800,1.00,-2369.532,308.025,0.395034,0.452230
292,1JJZ,86.21,0.701200,1.00,-1866.916,196.585,0.314954,0.633620
293,1JKZ,89.13,0.736000,1.00,-3754.617,199.927,0.128800,0.789550
294,1JLZ,89.13,0.719700,1.00,-1303.149,136.575,0.150153,0.442530
295,1JMN,85.87,0.705700,1.00,-3306.395,149.826,0.148673,0.754040
296,1JMP,79.35,0.677900,1.00,-3283.240,155.700,0.211647,0.696490
297,1JN7,77.08,0.700200,1.00,-2620.945,157.686,0.438742,0.634430
298,1JO5,42.71,0.602800,1.00,-3795.090,173.388,1.221932,0.435190
299,1JO6,41.11,0.520100,1.00,-2628.292,236.803,1.212626,0.352380
300,1JRF,53.19,0.491100,1.00,-2238.807,276.924,0.783892,0.445000
301,1JRJ,85.26,0.758800,1.00,-2468.552,119.641,0.225464,0.712360
302,1JU8,79.05,0.690800,1.00,-2770.165,216.087,0.217157,0.580880
303,1JY9,78.75,0.636800,1.00,-596.940,79.465,0.234752,0.250130
304,1K0P,33.87,0.397600,1.00,-1686.786,174.186,0.650993,0.211530
305,1K18,35.48,0.399000,1.00,-1686.786,174.186,0.637031,0.225930
306,1K1V,93.90,0.730300,1.00,-3429.659,101.986,0.093535,0.829990
307,1K36,80.98,0.659800,1.00,-3607.001,284.555,0.194107,0.692430
308,1K37,79.89,0.659200,1.00,-3607.001,284.555,0.188565,0.671030
309,1K43,91.07,0.743800,1.00,-672.741,54.080,0.120712,0.484890
310,1K48,86.21,0.698100,1.00,-1866.916,196.585,0.316170,0.621750
311,1K7B,78.19,0.723400,1.00,-2184.301,302.508,0.385265,0.691820
312,1K81,66.67,0.565000,1.00,-2351.368,158.905,0.314297,0.454980
313,1K91,80.41,0.767500,1.00,-1677.130,184.149,0.171605,0.596680
314,1KAL,87.93,0.724400,1.00,-1918.923,147.137,0.215044,0.610140
315,1KBE,71.43,0.571500,1.00,-3358.714,228.673,0.264109,0.597770
316,1KBF,71.43,0.581400,1.00,-3358.714,228.673,0.259630,0.607040
317,1KDL,69.57,0.654000,1.00,-1774.331,45.617,0.350655,0.397270
318,1KGM,90.00,0.719100,1.00,-1946.059,175.961,0.114397,0.713310
319,1KIO,81.43,0.667400,1.00,-1880.800,149.666,0.283329,0.615790
320,1KJ0,75.00,0.655600,1.00,-1880.976,167.601,0.279625,0.515090
321,1KJ5,81.94,0.668100,1.00,-2620.485,132.868,0.183461,0.626400
322,1KJ6,71.11,0.573700,1.00,-2935.521,185.747,0.621963,0.599410
323,1KLR,93.33,0.798400,1.00,-1945.833,133.780,0.104725,0.761260
324,1KLS,90.00,0.730200,1.00,-1892.740,122.221,0.171705,0.693380
325,1KMR,83.33,0.623900,1.00,-961.457,27.005,0.298413,0.470340
326,1KOZ,75.00,0.628800,1.00,-2371.132,193.336,0.239602,0.553220
327,1KQH,85.53,0.679400,1.00,-2752.497,285.498,0.185122,0.691520
328,1KQI,81.58,0.679900,1.00,-2752.497,285.498,0.213650,0.650770
329,1KUW,82.50,0.648000,1.00,-274.774,33.297,0.292441,0.536290
330,1KV4,70.83,0.707500,1.00,-2551.029,127.878,0.276876,0.592180
331,1KWD,75.00,0.516700,1.00,-1025.434,96.508,0.239616,0.250000
332,1KWE,71.88,0.509100,1.00,-1025.434,96.508,0.257395,0.244090
333,1KX6,44.83,0.413400,1.00,-2386.899,80.203,0.618551,0.209090
334,1KZ0,79.69,0.597500,1.00,-845.072,56.574,0.205585,0.293330
335,1KZ2,81.25,0.648200,1.00,-920.730,45.633,0.190777,0.378090
336,1KZ5,79.17,0.573800,1.00,-706.718,38.346,0.306283,0.360570
337,1L1K,36.25,0.386200,1.00,-765.952,72.940,0.862390,0.168310
338,1L2Y,93.75,0.808800,1.00,-1037.418,108.347,0.094209,0.491620
339,1L3Q,43.75,0.595600,1.00,-358.010,50.453,0.759780,0.195820
340,1L3Y,78.66,0.622100,1.00,-2642.242,234.002,0.253058,0.648670
341,1L4V,83.75,0.690000,1.00,-2707.823,174.337,0.196747,0.710040
342,1LA4,91.18,0.732800,1.00,-2276.517,185.769,0.136688,0.733250
343,1LB0,78.85,0.650400,1.00,-683.739,37.406,0.227454,0.347420
344,1LB7,76.56,0.613700,1.00,-987.210,48.475,0.509760,0.566760
345,1LBJ,79.55,0.670000,1.00,-1521.108,58.301,0.425025,0.421150
346,1LCX,82.69,0.641900,1.00,-683.739,37.406,0.227692,0.414510
347,1LDL,68.75,0.613700,1.00,-2770.875,272.044,0.350599,0.604580
348,1LDR,66.86,0.568200,1.00,-2384.004,193.863,0.374706,0.552130
349,1LFC,30.00,0.295200,1.00,-1567.716,83.058,1.042232,0.158730
350,1LGL,93.06,0.783100,1.00,-2732.266,158.982,0.100643,0.799220
351,1LIQ,45.37,0.576200,1.00,-1648.388,94.814,0.884154,0.278940
352,1LIR,93.24,0.728300,1.00,-2749.966,196.566,0.091728,0.802230
353,1LMM,70.62,0.599400,1.00,-2374.376,312.481,0.416244,0.542140
354,1LMR,77.14,0.649800,1.00,-2109.695,177.377,0.269840,0.568330
355,1LUP,82.26,0.588300,1.00,-1949.902,218.128,0.207106,0.545520
356,1LV4,34.52,0.435000,1.00,-1081.273,104.649,0.762719,0.124010
357,1LVZ,63.64,0.526200,1.00,-372.712,50.873,0.375768,0.313540
358,1LYP,78.91,0.696000,1.00,-2346.303,72.051,0.169884,0.554770
359,1M02,47.92,0.531000,1.00,-504.836,77.478,0.568942,0.216750
360,1M0G,80.00,0.628700,1.00,-2157.292,162.394,0.257723,0.518520
361,1M0J,71.43,0.571300,1.00,-1849.458,166.864,0.325340,0.329530
362,1M23,96.15,0.660700,1.00,-800.854,33.109,0.092268,0.639470
363,1M25,58.65,0.501400,1.00,-1863.213,142.512,0.541326,0.356190
364,1M2S,87.16,0.678000,1.00,-2789.233,157.782,0.137181,0.713190
365,1M36,83.33,0.729000,1.00,-2412.653,194.923,0.312332,0.670420
366,1M4E,73.75,0.619900,1.00,-1151.635,91.548,0.236308,0.244880
367,1M4F,64.00,0.535200,1.00,-1540.385,146.837,0.381462,0.282410
368,1MA2,70.59,0.540500,1.00,-977.512,80.777,0.255660,0.217480
369,1MA4,38.24,0.402100,1.00,-1155.774,61.115,0.806702,0.201720
370,1MA5,51.47,0.448400,1.00,-977.512,80.777,0.537273,0.174840
371,1MA6,42.65,0.435300,1.00,-1155.774,61.115,0.566722,0.195840
372,1MB6,92.86,0.740900,1.00,-2308.518,262.875,0.099735,0.784450
373,1MEA,65.18,0.550500,1.00,-1474.968,149.333,0.370199,0.342540
374,1MED,64.29,0.534800,1.00,-1474.968,149.333,0.398051,0.331780
375,1MEQ,69.57,0.601000,1.00,-1091.300,110.780,0.321044,0.298060
376,1MF6,70.83,0.552700,1.00,-450.897,57.325,0.290301,0.373710
377,1MGX,47.34,0.377900,1.00,-3873.720,196.854,0.687261,0.350010
378,1MHU,73.39,0.596400,1.00,-2292.800,166.156,0.284752,0.429460
379,1MKC,51.16,0.564300,1.00,-2396.380,227.860,0.593381,0.378200
380,1MM0,95.14,0.821900,1.00,-3153.702,174.821,0.091062,0.820360
381,1MMC,85.00,0.710600,1.00,-1814.454,135.949,0.142009,0.578670
382,1MOT,68.75,0.612200,1.00,-1312.447,128.498,0.434570,0.533730
383,1MPZ,37.80,0.450800,1.00,-2489.370,238.704,0.680605,0.225540
384,1MR0,92.65,0.717400,1.00,-2552.127,199.074,0.093387,0.770860
385,1MR4,91.49,0.777000,1.00,-3452.956,248.986,0.130612,0.813580
386,1MRB,74.19,0.625900,1.00,-2226.619,223.945,0.270361,0.439690
387,1MRT,67.74,0.539100,1.00,-2273.510,160.006,0.282451,0.364610
388,1MTQ,73.68,0.555600,1.00,-1021.995,101.361,0.400418,0.303880
389,1MTX,93.59,0.779100,1.00,-2909.912,163.590,0.115879,0.800730
390,1MXQ,86.36,0.735200,1.00,-635.068,23.428,0.239403,0.573990
391,1MYN,97.16,0.803500,1.00,-3359.423,150.018,0.083441,0.874960
392,1MYU,64.58,0.579700,1.00,-493.637,83.491,0.388361,0.293920
393,1MZI,51.92,0.513700,1.00,-683.739,37.406,0.375459,0.201310
394,1N0Z,74.44,0.673500,1.00,-2262.822,277.603,0.437024,0.615160
395,1N1U,94.83,0.797300,1.00,-1775.631,193.278,0.118207,0.727210
396,1N2Y,46.67,0.432200,1.00,-524.117,85.768,0.498754,0.148680
397,1N4N,94.68,0.781800,1.00,-3434.230,249.390,0.092440,0.883390
398,1N5G,30.92,0.319500,1.00,-2753.959,215.593,0.782963,0.272040
399,1N6T,77.50,0.622000,1.00,-394.022,48.085,0.280739,0.415310
400,1N8M,95.39,0.805400,1.00,-2723.544,172.654,0.113280,0.851880
401,1N9U,67.50,0.587500,1.00,-429.064,43.070,0.353456,0.335990
402,1NB1,100.00,0.846200,1.00,-1985.619,188.032,0.058026,0.823540
403,1NBJ,90.83,0.773500,1.00,-2187.111,159.594,0.227710,0.691710
404,1NBL,90.22,0.774000,1.00,-3554.943,167.239,0.117910,0.827540
405,1NC8,78.45,0.625900,1.00,-1362.361,134.193,0.417063,0.559590
406,1NCS,85.11,0.696800,1.00,-3971.325,293.602,0.209103,0.751320
407,1ND9,58.16,0.536000,1.00,-4091.960,127.875,0.354303,0.451040
408,1NE5,81.55,0.621800,1.00,-2988.731,223.367,0.269365,0.697920
409,1NIZ,73.44,0.561300,1.00,-571.456,69.632,0.275662,0.247910
410,1NJ0,78.12,0.596800,1.00,-571.456,69.632,0.203644,0.257630
411,1NJ3,87.90,0.741100,1.00,-2068.742,179.664,0.270349,0.670430
412,1NMJ,34.82,0.492600,1.00,-981.650,156.469,0.730972,0.240690
413,1NZS,39.47,0.533500,1.00,-421.992,147.500,0.809413,0.134520
414,1O53,81.67,0.686000,1.00,-870.498,30.932,0.240971,0.476170
415,1O8Y,85.71,0.711000,1.00,-558.530,99.989,0.153502,0.338480
416,1O8Z,85.71,0.702200,1.00,-558.530,99.989,0.142047,0.303110
417,1OAV,75.52,0.625300,1.00,-2996.758,252.721,0.526619,0.668540
418,1OAW,77.08,0.635100,1.00,-2996.758,252.721,0.306213,0.657640
419,1ODP,90.00,0.684400,1.00,-1454.872,55.317,0.135426,0.418930
420,1ODQ,81.25,0.726100,1.00,-1454.872,55.317,0.204335,0.404360
421,1ODR,83.75,0.660000,1.00,-1454.872,55.317,0.174718,0.347170
422,1OEF,88.54,0.736900,1.00,-1873.434,48.493,0.120548,0.512960
423,1OEG,81.52,0.704500,1.00,-1657.784,34.385,0.233334,0.424350
424,1OEI,36.46,0.422900,1.00,-398.314,215.713,0.864932,0.160350
425,1OG7,39.53,0.539300,1.00,-2162.560,194.798,0.937308,0.369660
426,1OHM,50.00,0.490000,1.00,-2664.719,162.633,0.590049,0.397900
427,1OHN,50.00,0.547900,1.00,-2162.560,194.798,0.582353,0.364290
428,1OIG,88.54,0.748800,1.00,-1345.387,133.551,0.125889,0.470540
429,1OMA,73.96,0.624500,1.00,-2922.733,268.340,0.471276,0.624940
430,1OMB,74.48,0.616400,1.00,-2922.733,268.340,0.370754,0.624090
431,1OMQ,92.19,0.737100,1.00,-845.072,56.574,0.097765,0.489160
432,1OPP,59.87,0.632700,1.00,-2803.585,95.756,0.563701,0.557970
433,1ORL,96.20,0.795000,1.00,-3387.806,143.234,0.080006,0.893650
434,1ORX,96.88,0.821500,1.00,-1614.252,115.023,0.071574,0.634970
435,1OZZ,81.82,0.713300,1.00,-3137.213,226.185,0.348751,0.711450
436,1P00,82.95,0.688400,1.00,-3374.331,288.837,0.316884,0.748630
437,1P0A,78.98,0.683000,1.00,-3160.437,328.959,0.342894,0.678900
438,1P7A,77.03,0.708900,1.00,-2334.173,175.839,0.430695,0.612230
439,1P82,77.00,0.647500,1.00,-1227.715,74.528,0.314820,0.425870
440,1P83,56.00,0.578700,1.00,-1227.715,74.528,0.657315,0.290640
441,1P8B,91.22,0.760400,1.00,-2786.974,192.495,0.142440,0.763560
442,1P9C,52.22,0.585000,1.00,-2376.156,238.699,0.591334,0.361290
443,1P9F,82.50,0.631000,1.00,-488.478,19.293,0.318682,0.447780
444,1P9Z,81.71,0.674300,1.00,-3116.374,244.360,0.282243,0.711070
445,1PAA,91.67,0.725600,1.00,-2150.782,166.045,0.174302,0.734320
446,1PB5,97.14,0.816900,1.00,-1819.607,165.916,0.079238,0.842190
447,1PDC,81.11,0.676300,1.00,-4020.936,253.265,0.251535,0.674480
448,1PGY,73.94,0.620900,1.00,-4845.526,120.984,0.327847,0.635770
449,1PJV,89.06,0.738100,1.00,-2500.492,103.382,0.131646,0.673240
450,1PLP,61.00,0.697500,1.00,-1486.624,92.036,0.727979,0.347240
451,1PMC,84.03,0.704400,1.00,-1921.993,190.558,0.216967,0.660750
452,1PNH,91.94,0.739100,1.00,-2186.990,100.192,0.096221,0.720200
453,1PP5,39.29,0.510100,1.00,-826.082,116.167,0.840596,0.158720
454,1PSM,61.18,0.596400,1.00,-2923.483,59.006,0.503257,0.486710
455,1PSV,75.00,0.654600,1.00,-2199.050,108.060,0.267778,0.479860
456,1PT4,98.28,0.830100,1.00,-1942.204,203.413,0.070007,0.786440
457,1PV0,90.22,0.717500,1.00,-4668.269,169.639,0.252636,0.823330
458,1PVZ,80.65,0.654700,1.00,-2156.033,126.381,0.317997,0.576860
459,1PX9,81.55,0.612400,1.00,-2988.731,223.367,0.239910,0.659010
460,1PXQ,37.86,0.387300,1.00,-2192.753,123.410,0.617640,0.303260
461,1Q01,24.34,0.534100,1.00,-1013.346,202.766,1.725055,0.188000
462,1Q2F,46.88,0.597300,1.00,-2293.819,106.995,0.686006,0.311800
463,1Q2I,42.19,0.462300,1.00,-2293.819,106.995,0.792360,0.240490
464,1Q2J,80.68,0.616700,1.00,-1308.791,183.061,0.215391,0.306890
465,1Q2K,95.16,0.811100,1.00,-2112.440,106.569,0.096252,0.786580
466,1Q3J,73.61,0.604700,1.00,-2182.560,176.776,0.302710,0.562950
467,1Q3M,57.14,0.542200,1.00,-3620.694,283.666,0.854223,0.482030
468,1Q3Y,49.40,0.459100,1.00,-2204.558,219.644,0.887793,0.387630
469,1Q3Z,48.21,0.467400,1.00,-2204.558,219.644,0.730133,0.378580
470,1Q71,38.10,0.490500,1.00,-826.082,116.167,0.874194,0.148170
471,1QCM,86.36,0.718600,1.00,-391.495,36.370,0.160186,0.415550
472,1QDP,45.24,0.425500,1.00,-2979.243,211.088,0.566834,0.279720
473,1QFD,85.16,0.731700,1.00,-2210.771,224.498,0.137192,0.640120
474,1QG9,84.52,0.730300,1.00,-1545.352,62.189,0.322550,0.518990
475,1QGM,82.50,0.721700,1.00,-2203.489,126.814,0.194262,0.547760
476,1QHK,75.53,0.627500,1.00,-4032.169,207.894,0.240102,0.623810
477,1QJK,61.81,0.555400,1.00,-2401.058,165.999,0.509168,0.464760
478,1QJL,61.61,0.558800,1.00,-1800.040,193.982,0.287661,0.334230
479,1QK6,90.91,0.723500,1.00,-2168.530,159.809,0.111314,0.722720
480,1QK7,89.06,0.677000,1.00,-2473.649,130.650,0.208618,0.693890
481,1QKY,85.53,0.682400,1.00,-3089.702,161.313,0.139404,0.706570
482,1QLO,57.35,0.575900,1.00,-2398.169,99.389,0.458337,0.306170
483,1QWP,81.82,0.662500,1.00,-391.495,36.370,0.189376,0.378830
484,1QXC,45.45,0.464900,1.00,-391.495,36.370,0.441123,0.311580
485,1QYT,79.55,0.651200,1.00,-391.495,36.370,0.193831,0.294620
486,1R02,41.67,0.491600,1.00,-1819.841,207.510,0.703796,0.303200
487,1R1F,78.38,0.615300,1.00,-2502.727,188.608,0.252362,0.598260
488,1R7C,80.65,0.763000,1.00,-2672.539,86.562,0.286681,0.630370
489,1R7D,75.81,0.694300,1.00,-2672.539,86.562,0.270790,0.584120
490,1R7E,81.45,0.722100,1.00,-2672.539,86.562,0.244469,0.618280
491,1R7F,68.55,0.639500,1.00,-2672.539,86.562,0.344870,0.474420
492,1R7G,69.35,0.681500,1.00,-2672.539,86.562,0.417193,0.572520
493,1R8T,60.00,0.529700,1.00,-622.398,80.086,0.371356,0.193170
494,1R9I,56.82,0.460300,1.00,-1325.739,122.683,0.521728,0.218380
495,1RES,68.60,0.581400,1.00,-3801.256,153.396,0.523040,0.581220
496,1RET,66.86,0.543100,1.00,-3801.256,153.396,0.473895,0.513470
497,1RG3,68.75,0.648700,1.00,-992.662,52.393,0.452193,0.359680
498,1RG4,78.12,0.711100,1.00,-992.662,52.393,0.308891,0.436240
499,1RIJ,85.87,0.743200,1.00,-1257.693,57.492,0.129371,0.413980
500,1RIK,87.93,0.729000,1.00,-2099.070,120.689,0.151399,0.638150
501,1RIM,79.55,0.674400,1.00,-2274.005,130.831,0.245688,0.599650
502,1RJI,79.03,0.652200,1.00,-2261.829,109.380,0.254792,0.504040
503,1RKL,56.25,0.624600,1.00,-2881.669,71.951,0.676352,0.489190
504,1RMK,88.71,0.693400,1.00,-2486.906,217.755,0.153377,0.605010
505,1RO3,43.88,0.434700,1.00,-2749.217,237.596,0.599190,0.342850
506,1ROO,80.71,0.676400,1.00,-2604.760,186.007,0.181623,0.634400
507,1RPB,42.86,0.427600,1.00,-1265.611,100.480,0.630203,0.165600
508,1RPC,44.05,0.419300,1.00,-1265.611,100.480,0.611493,0.134840
509,1RSW,35.42,0.422700,1.00,-264.548,51.543,0.737250,0.153960
510,1RSX,39.58,0.505600,1.00,-264.548,51.543,0.779966,0.138280
511,1RT0,31.25,0.496700,1.00,-264.548,51.543,0.784256,0.239730
512,1S4H,50.00,0.565500,1.00,-124.356,102.071,0.521932,0.257900
513,1S4J,48.08,0.470900,1.00,-180.060,88.386,0.614060,0.153510
514,1S4T,42.86,0.540500,1.00,-1258.904,123.548,0.727436,0.193180
515,1S4W,38.75,0.433700,1.00,-370.913,162.277,0.576528,0.087120
516,1S6W,71.43,0.555800,1.00,-1350.779,117.169,0.299317,0.244510
517,1S6X,86.03,0.706300,1.00,-2427.524,321.717,0.227389,0.663490
518,1SBU,47.73,0.579800,1.00,-387.572,48.336,0.542977,0.288260
519,1SCO,82.89,0.678300,1.00,-2834.567,197.717,0.158725,0.648320
520,1SH1,80.21,0.690900,1.00,-2682.690,272.801,0.435225,0.701660
521,1SKH,71.67,0.632400,1.00,-2054.075,83.663,0.298448,0.538650
522,1SMZ,71.30,0.702100,1.00,-1646.449,63.585,0.388518,0.441270
523,1SOL,70.00,0.575400,1.00,-946.650,43.975,0.465874,0.376140
524,1SP1,84.48,0.693100,1.00,-1837.204,112.816,0.248574,0.624050
525,1SP2,91.13,0.681900,1.00,-2183.260,115.489,0.175764,0.723960
526,1SP7,87.50,0.692000,1.00,-1869.983,94.331,0.245294,0.614590
527,1SPF,77.14,0.788800,1.00,-2228.356,82.095,0.411799,0.649020
528,1SPW,89.74,0.724700,1.00,-2992.612,248.061,0.152143,0.763260
529,1SRB,65.48,0.475900,1.00,-1575.924,80.904,0.557987,0.219970
530,1SRK,72.86,0.713900,1.00,-2390.445,130.463,0.507570,0.585590
531,1SSL,69.79,0.595200,1.00,-3796.376,281.318,0.299533,0.584250
532,1SUT,28.41,0.402000,1.00,-728.992,201.992,0.704773,0.081180
533,1SX0,95.45,0.787200,1.00,-1083.926,93.835,0.083427,0.515950
534,1SX1,92.05,0.748600,1.00,-1083.926,93.835,0.104612,0.436040
535,1T0C,25.81,0.507200,1.00,-866.219,213.567,1.099028,0.145090
536,1T2Y,45.00,0.472400,1.00,-1172.127,174.843,0.694108,0.164630
537,1T5M,63.46,0.530800,1.00,-355.947,79.245,0.305750,0.252500
538,1T5N,40.38,0.509500,1.00,-355.947,79.245,0.520907,0.218080
539,1T5Q,76.67,0.747100,1.00,-2342.026,48.361,0.256644,0.563890
540,1T9E,50.00,0.643800,1.00,-417.550,51.135,0.993085,0.307100
541,1TI5,90.22,0.729800,1.00,-3610.117,165.820,0.121458,0.810780
542,1TM6,60.23,0.500300,1.00,-1119.575,92.113,0.421498,0.266850
543,1TMR,92.11,0.766900,1.00,-1149.399,91.003,0.097503,0.327050
544,1TOR,67.50,0.517400,1.00,-286.345,39.974,0.293872,0.295140
545,1TOS,67.50,0.590600,1.00,-303.412,42.794,0.310953,0.389810
546,1TSK,92.14,0.735100,1.00,-2436.923,147.559,0.098094,0.760090
547,1TV0,81.25,0.612200,1.00,-2109.997,171.340,0.208314,0.600250
548,1TYK,74.26,0.606200,1.00,-2549.448,212.665,0.230556,0.532920
549,1U0P,55.56,0.451900,1.00,-1820.555,139.824,0.672725,0.355380
550,1U57,55.73,0.692600,1.00,-2958.640,192.066,0.564847,0.524710
551,1U6U,70.59,0.573900,1.00,-850.177,61.327,0.230498,0.242530
552,1U6V,73.53,0.561800,1.00,-850.177,61.327,0.218761,0.232210
553,1U85,76.52,0.740600,1.00,-2354.177,135.557,0.357890,0.589850
554,1U86,80.00,0.697900,1.00,-2404.083,173.286,0.341487,0.604760
555,1UAO,92.50,0.715200,1.00,-373.517,81.143,0.194150,0.515280
556,1UJL,41.67,0.500100,1.00,-1899.600,223.346,0.695559,0.273260
557,1UT3,92.11,0.694500,1.00,-2966.033,235.819,0.120546,0.792890
558,1UYA,50.00,0.494600,1.00,-476.442,101.074,0.602544,0.177180
559,1UYB,53.12,0.463700,1.00,-476.442,101.074,0.466314,0.146100
560,1V1D,83.06,0.717600,1.00,-2349.335,117.202,0.176359,0.600380
561,1V28,81.52,0.682700,1.00,-1051.217,109.352,0.355943,0.490420
562,1V4Z,72.37,0.631400,1.00,-919.013,68.215,0.424128,0.447310
563,1V50,68.42,0.624700,1.00,-919.013,68.215,0.328650,0.377750
564,1V5A,88.39,0.731900,1.00,-1679.875,143.107,0.147262,0.574850
565,1V6R,69.05,0.528400,1.00,-1577.833,72.580,0.434906,0.201140
566,1V92,90.22,0.751300,1.00,-4628.329,129.710,0.116398,0.789720
567,1VA1,79.73,0.646800,1.00,-2352.159,187.512,0.286584,0.632900
568,1VA2,90.32,0.676300,1.00,-2183.260,115.489,0.136941,0.675300
569,1VA3,85.34,0.665300,1.00,-1837.204,112.816,0.226846,0.616760
570,1VB8,89.17,0.736800,1.00,-2048.361,200.278,0.234752,0.680780
571,1VD7,67.39,0.514900,1.00,-1554.757,45.642,0.406829,0.346700
572,1VD8,64.13,0.481900,1.00,-1759.268,63.066,0.399673,0.263640
573,1VD9,72.83,0.617000,1.00,-1675.063,51.566,0.413588,0.442730
574,1VDA,58.70,0.551600,1.00,-1692.693,47.742,0.717196,0.356450
575,1VDB,86.96,0.706300,1.00,-1554.757,45.642,0.182361,0.564860
576,1VII,83.33,0.679000,1.00,-3143.472,82.805,0.200760,0.664080
577,1VPC,61.67,0.613700,1.00,-3058.604,164.401,0.422738,0.546640
578,1VPU,36.67,0.485400,1.00,-2311.870,285.209,0.819344,0.289080
579,1VQX,39.47,0.549600,1.00,-421.992,147.500,0.746575,0.187960
580,1VTP,69.23,0.690500,1.00,-1725.990,41.542,0.336731,0.443530
581,1VTX,38.69,0.377400,1.00,-3085.828,250.853,0.600905,0.302550
582,1W1N,67.42,0.583400,1.00,-2236.796,153.510,0.435894,0.470940
583,1W4E,92.55,0.758500,1.00,-3782.759,167.949,0.108605,0.841370
584,1W4F,89.36,0.746100,1.00,-3782.759,167.949,0.214278,0.806030
585,1W4G,90.96,0.770900,1.00,-3768.149,160.346,0.186769,0.832000
586,1W4H,92.02,0.802900,1.00,-3500.102,180.252,0.151756,0.843130
587,1WAZ,62.50,0.597800,1.00,-4199.632,168.150,0.370516,0.472320
588,1WCT,53.85,0.586600,1.00,-296.754,78.548,0.418577,0.180610
589,1WM7,69.83,0.612300,1.00,-1848.067,145.454,0.291023,0.349260
590,1WM8,66.96,0.518200,1.00,-1581.700,158.809,0.296310,0.352050
591,1WMT,89.02,0.712600,1.00,-3171.746,270.833,0.161438,0.771780
592,1WN4,60.71,0.603000,1.00,-1196.672,128.330,0.557509,0.352060
593,1WN8,86.36,0.655300,1.00,-1476.024,48.248,0.275934,0.488400
594,1WNK,91.30,0.748900,1.00,-1675.063,51.566,0.155602,0.537160
595,1WNM,96.74,0.722300,1.00,-1759.268,63.066,0.081631,0.635940
596,1WNN,90.22,0.696100,1.00,-1692.693,47.742,0.290262,0.536500
597,1WO3,64.00,0.572700,1.00,-1296.775,123.981,0.371075,0.321430
598,1WO4,62.00,0.549800,1.00,-1283.583,96.840,0.437896,0.367050
599,1WO5,43.00,0.551400,1.00,-1500.851,40.266,0.899413,0.241200
600,1WO6,64.00,0.512700,1.00,-1398.146,107.403,0.341556,0.317410
601,1WO7,70.00,0.515300,1.00,-1444.510,122.067,0.367783,0.328760
602,1WO9,77.86,0.712100,1.00,-1644.860,181.238,0.338011,0.592860
603,1WPD,63.24,0.514600,1.00,-2355.519,140.348,0.477252,0.377670
604,1WQB,85.16,0.702600,1.00,-1990.058,167.372,0.188836,0.612990
605,1WQC,84.62,0.684200,1.00,-1927.206,96.190,0.160550,0.461710
606,1WQD,72.22,0.639700,1.00,-1844.089,93.995,0.561616,0.403430
607,1WQE,97.83,0.798500,1.00,-1529.790,58.018,0.072383,0.611590
608,1WQK,89.29,0.776600,1.00,-3669.732,242.154,0.229834,0.798320
609,1WR3,84.03,0.730000,1.00,-2184.357,202.489,0.233758,0.670880
610,1WR4,89.58,0.784800,1.00,-2160.086,194.860,0.148415,0.749720
611,1WR7,85.37,0.700200,1.00,-2722.331,194.123,0.418234,0.755930
612,1WT7,73.78,0.605200,1.00,-3198.640,187.816,0.424196,0.589260
613,1WT8,83.87,0.665700,1.00,-2245.103,129.209,0.178770,0.585260
614,1WXN,80.95,0.678000,1.00,-3493.697,198.494,0.210609,0.661770
615,1WZ4,54.35,0.559100,1.00,-1491.903,81.204,0.472874,0.300150
616,1WZ5,66.43,0.499900,1.00,-2275.925,190.248,0.337669,0.464720
617,1X22,70.24,0.695900,1.00,-1981.282,133.853,0.303207,0.602770
618,1X32,37.77,0.425600,1.00,-3333.393,188.401,0.789222,0.277100
619,1X5V,63.97,0.525100,1.00,-2185.111,271.061,0.290874,0.345980
620,1X7K,73.68,0.588000,1.00,-1075.348,113.268,0.246331,0.309190
621,1XBH,57.69,0.480300,1.00,-564.388,60.267,0.306230,0.201570
622,1XC0,66.67,0.637400,1.00,-1868.890,75.962,0.378139,0.477070
623,1XF7,90.52,0.758200,1.00,-1904.330,107.898,0.152156,0.671260
624,1XOO,81.25,0.730900,1.00,-1249.317,53.113,0.183290,0.339010
625,1XOP,75.00,0.641800,1.00,-1295.153,42.629,0.224272,0.334270
626,1XRZ,88.33,0.727300,1.00,-1716.823,129.654,0.254114,0.690560
627,1XT7,48.08,0.516600,1.00,-355.947,79.245,0.609941,0.206430
628,1XUT,72.83,0.597200,1.00,-3551.365,224.487,0.372435,0.622680
629,1XV3,42.55,0.496000,1.00,-2901.581,304.224,0.858839,0.331080
630,1XXZ,61.36,0.495400,1.00,-349.478,57.438,0.255201,0.355500
631,1XY4,75.00,0.497800,1.00,-425.943,90.502,0.202488,0.204650
632,1XY6,62.50,0.526000,1.00,-590.660,56.826,0.393127,0.221320
633,1XY8,69.23,0.513500,1.00,-561.977,59.799,0.238405,0.202010
634,1XY9,59.09,0.453100,1.00,-444.913,78.242,0.324533,0.165700
635,1Y03,72.86,0.766000,1.00,-1277.331,52.351,0.329686,0.577320
636,1Y04,62.86,0.782800,1.00,-1277.331,52.351,0.716750,0.457150
637,1Y1B,84.90,0.708200,1.00,-3642.691,201.588,0.206368,0.744450
638,1Y1C,82.29,0.709400,1.00,-3746.264,186.676,0.223838,0.717650
639,1Y29,91.07,0.723500,1.00,-1792.293,140.358,0.108691,0.638660
640,1Y2P,87.50,0.693500,1.00,-2326.726,207.179,0.147841,0.678950
641,1Y32,81.25,0.698900,1.00,-1304.123,64.593,0.236716,0.418780
642,1Y4E,46.30,0.552900,1.00,-1697.348,140.976,0.538611,0.205140
643,1Y5C,68.18,0.473600,1.00,-504.991,28.746,0.316670,0.390720
644,1YIU,89.86,0.787100,1.00,-2322.824,172.525,0.172673,0.770390
645,1YMZ,78.49,0.719200,1.00,-2505.847,259.701,0.395924,0.671520
646,1YP8,80.30,0.630500,1.00,-2096.198,209.913,0.301024,0.646920
647,1YT6,80.00,0.610700,1.00,-430.495,41.173,0.199663,0.452260
648,1YTR,62.50,0.546700,1.00,-1715.078,31.854,0.635007,0.330540
649,1YV8,86.41,0.732500,1.00,-3713.581,187.171,0.158434,0.752880
650,1YVA,88.59,0.711600,1.00,-3713.581,187.171,0.140022,0.800090
651,1YWJ,62.80,0.595200,1.00,-2172.112,256.268,0.705536,0.541350
652,1YYB,70.37,0.703100,1.00,-1629.548,93.029,0.273574,0.424470
653,1Z0Q,22.62,0.381200,1.00,-1620.351,357.165,1.150737,0.219090
654,1Z2T,73.91,0.579500,1.00,-1759.400,62.344,0.438074,0.422570
655,1Z65,72.50,0.605600,1.00,-2152.251,49.612,0.343701,0.491440
656,1Z6V,48.98,0.460600,1.00,-3689.786,195.056,0.881736,0.398750
657,1Z6W,27.04,0.317900,1.00,-3689.786,195.056,1.288245,0.230980
658,1Z99,74.40,0.602000,1.00,-2226.678,225.697,0.400018,0.606170
659,1ZA8,90.32,0.722800,1.00,-2245.022,154.391,0.211076,0.728060
660,1ZAQ,59.66,0.564700,1.00,-3330.526,234.970,0.650624,0.469320
661,1ZDA,78.29,0.668600,1.00,-2905.340,85.959,0.370267,0.665180
662,1ZDB,76.97,0.713500,1.00,-2905.340,85.959,0.368017,0.612430
663,1ZFD,89.06,0.762400,1.00,-1998.310,143.151,0.169321,0.697400
664,1ZFU,83.12,0.680200,1.00,-2836.405,218.599,0.174916,0.689070
665,1ZJQ,83.09,0.710400,1.00,-2359.637,215.061,0.180177,0.607570
666,1ZNM,83.93,0.716400,1.00,-1962.557,100.931,0.136614,0.505390
667,1ZNU,97.41,0.799300,1.00,-1983.055,161.589,0.063430,0.804890
668,1ZR7,91.67,0.768800,1.00,-1829.465,147.559,0.172868,0.729590
669,1ZRV,75.00,0.647300,1.00,-1710.905,50.128,0.279626,0.324600
670,1ZRW,66.00,0.606800,1.00,-1710.905,50.128,0.396698,0.324220
671,1ZRX,54.17,0.696500,1.00,-2438.680,74.305,0.553731,0.413370
672,1ZTA,77.86,0.672400,1.00,-2743.399,72.698,0.254845,0.699510
673,1ZTN,29.17,0.498400,1.00,-970.099,187.466,1.253574,0.152490
674,1ZTO,54.05,0.600400,1.00,-1977.909,154.907,0.581607,0.363480
675,1ZUE,85.71,0.674400,1.00,-2929.740,213.691,0.304679,0.747600
676,1ZUF,77.38,0.589900,1.00,-2929.740,213.691,0.274925,0.619490
677,1ZUV,86.67,0.677900,1.00,-1905.266,122.276,0.255397,0.648990
678,1ZWA,41.91,0.550700,1.00,-2850.319,48.768,0.933858,0.306970
679,1ZWB,47.22,0.555600,1.00,-2974.221,63.468,1.024910,0.410540
680,1ZWC,47.97,0.573800,1.00,-3005.801,74.383,0.678682,0.346740
681,1ZWD,46.43,0.564000,1.00,-2832.429,63.720,0.675969,0.329390
682,1ZWE,48.53,0.550100,1.00,-2730.180,73.589,0.721064,0.405790
683,1ZWU,88.33,0.742500,1.00,-1834.188,223.652,0.131310,0.629210
684,2A1C,76.47,0.558300,1.00,-1153.917,45.075,0.316962,0.332420
685,2A2B,42.68,0.572300,1.00,-2167.539,153.381,0.978537,0.332270
686,2A2V,89.71,0.717000,1.00,-2062.556,173.805,0.171109,0.715610
687,2A51,85.26,0.740000,1.00,-2503.676,183.419,0.152534,0.669110
688,2AAP,88.97,0.715200,1.00,-2359.637,215.061,0.193740,0.716340
689,2AB3,87.07,0.691600,1.00,-1867.570,144.892,0.157587,0.612810
690,2AB7,92.24,0.712400,1.00,-1807.201,173.883,0.101363,0.676400
691,2AB9,28.23,0.366400,1.00,-1342.766,173.430,0.999663,0.210440
692,2ADX,50.62,0.516400,1.00,-2679.231,195.461,0.543576,0.330650
693,2AJJ,83.04,0.683400,1.00,-2069.411,50.784,0.176794,0.548620
694,2AJM,85.71,0.704700,1.00,-2069.411,50.784,0.194742,0.584330
695,2AJN,91.07,0.674700,1.00,-2069.411,50.784,0.140893,0.655470
696,2AJO,85.71,0.704700,1.00,-2069.411,50.784,0.194742,0.584330
697,2AJW,73.86,0.724100,1.00,-1083.511,111.210,0.405410,0.352710
698,2AK0,66.30,0.653400,1.00,-1253.722,127.667,0.419405,0.377680
699,2AMN,55.77,0.591000,1.00,-1857.623,65.966,0.499517,0.287970
700,2AP7,90.00,0.796100,1.00,-1001.193,37.668,0.182649,0.473090
701,2AP8,86.25,0.753400,1.00,-1001.193,37.668,0.230687,0.410450
702,2ARI,58.97,0.553100,1.00,-2206.268,63.560,0.700745,0.482860
703,2ATG,83.33,0.678000,1.00,-957.714,69.364,0.195497,0.320930
704,2AXK,84.87,0.693700,1.00,-3156.152,159.798,0.136027,0.686370
705,2B0Y,79.41,0.605300,1.00,-922.001,54.039,0.294138,0.351510
706,2B19,59.72,0.606500,1.00,-2051.052,218.331,0.329679,0.414780
707,2B38,89.52,0.739000,1.00,-1983.362,221.206,0.136216,0.692320
708,2B4N,57.74,0.539300,1.00,-3016.189,106.331,0.639226,0.464850
709,2B5B,34.72,0.437700,1.00,-2239.156,204.665,0.901714,0.214420
710,2B5P,61.36,0.516400,1.00,-466.238,86.186,0.276157,0.136510
711,2B5Q,65.91,0.505700,1.00,-466.238,86.186,0.372130,0.215150
712,2B68,90.12,0.737800,1.00,-3028.697,280.918,0.130993,0.800230
713,2B9K,68.09,0.603800,1.00,-4071.787,234.238,0.651547,0.515190
714,2BAI,37.50,0.342800,1.00,-2328.766,104.213,0.864831,0.261640
715,2BAO,87.50,0.693600,1.00,-501.278,21.826,0.113595,0.579780
716,2BAU,80.00,0.619600,1.00,-501.278,21.826,0.289412,0.295110
717,2BBG,61.25,0.542600,1.00,-2904.616,166.614,0.686411,0.481940
718,2BBL,32.95,0.511300,1.00,-713.976,137.376,1.002462,0.123800
719,2BBP,30.68,0.528200,1.00,-713.976,137.376,1.129139,0.133780
720,2BBX,84.69,0.733100,1.00,-2548.267,213.233,0.216289,0.737910
723,2BDS,81.98,0.661000,1.00,-3277.749,251.230,0.171031,0.692860
724,2BEY,51.56,0.537400,1.00,-468.062,77.285,0.746794,0.198260
725,2BL6,45.27,0.460100,1.00,-2052.031,194.003,0.660385,0.305230
726,2BMT,98.65,0.755000,1.00,-3011.846,179.119,0.061867,0.888770
727,2BN6,76.52,0.624800,1.00,-2547.890,97.708,0.275932,0.544540
728,2BP4,35.94,0.417600,1.00,-504.569,110.091,0.552854,0.189820
729,2BTG,86.70,0.756300,1.00,-3758.248,174.123,0.214937,0.787270
730,2BTH,86.70,0.756200,1.00,-3758.248,174.123,0.258413,0.781070
731,2C6A,82.61,0.669900,1.00,-3085.194,237.044,0.286179,0.711710
732,2C6B,87.50,0.711500,1.00,-3085.194,237.044,0.167088,0.753570
733,2CBH,99.31,0.849700,1.00,-2254.340,267.829,0.048854,0.924520
734,2CEF,31.58,0.502500,1.00,-575.692,111.567,0.883225,0.129740
735,2CEH,39.47,0.544200,1.00,-575.692,111.567,0.888967,0.128810
736,2CEZ,35.53,0.531700,1.00,-575.692,111.567,0.806908,0.167760
737,2CFJ,40.79,0.552200,1.00,-575.692,111.567,1.051719,0.191150
738,2CK4,84.87,0.736800,1.00,-2811.054,207.926,0.130637,0.693340
739,2CK5,87.90,0.721900,1.00,-2099.791,107.610,0.142514,0.621730
740,2CQ7,72.45,0.717100,1.00,-2723.562,278.980,0.481961,0.627910
741,2CRD,91.89,0.699700,1.00,-2897.936,175.307,0.120509,0.779740
742,2CSA,35.53,0.538500,1.00,-474.985,107.028,0.955558,0.157630
743,2CTI,93.97,0.773600,1.00,-1990.666,129.021,0.101920,0.750060
744,2CYU,76.25,0.577000,1.00,-3242.829,94.078,0.379093,0.626470
745,2DCI,63.75,0.592400,1.00,-1187.549,18.687,0.374682,0.260810
746,2DCO,60.29,0.527100,1.00,-2596.110,157.057,0.356494,0.365560
747,2DCV,83.93,0.705000,1.00,-2938.726,199.218,0.191143,0.711400
748,2DCW,85.71,0.702700,1.00,-3032.441,171.937,0.173435,0.735930
749,2DDL,70.45,0.617500,1.00,-2632.834,131.779,0.340515,0.410460
750,2DI2,70.69,0.651900,1.00,-1262.954,137.445,0.419272,0.506100
751,2DJ9,73.91,0.668600,1.00,-1155.117,136.423,0.324420,0.357120
752,2DJC,83.70,0.710700,1.00,-1097.926,132.931,0.251312,0.465350
753,2DMV,72.09,0.695400,1.00,-2245.303,237.931,0.618921,0.603740
754,2DQ5,78.72,0.667100,1.00,-3334.808,259.714,0.246818,0.692600
755,2DTB,81.73,0.735800,1.00,-1818.400,51.320,0.152097,0.556250
756,2DWF,75.00,0.577600,1.00,-3079.473,194.281,0.283064,0.562950
757,2DX2,86.36,0.644800,1.00,-554.495,21.715,0.207867,0.453510
758,2DX3,79.17,0.649200,1.00,-1188.833,42.356,0.179641,0.269990
759,2DX4,36.11,0.377900,1.00,-1188.833,42.356,0.836276,0.110680
760,2E1X,75.93,0.614400,1.00,-1375.315,126.048,0.344425,0.483210
761,2E2F,84.15,0.707400,1.00,-3121.186,165.208,0.150471,0.720360
762,2E3E,48.33,0.510200,1.00,-3016.172,327.388,0.758828,0.371120
763,2E3F,57.56,0.528900,1.00,-2844.509,315.819,0.708633,0.437210
764,2E3G,65.00,0.568600,1.00,-3167.351,171.660,0.498952,0.499240
765,2E4E,85.00,0.713500,1.00,-304.402,91.160,0.201675,0.420830
766,2E5T,84.24,0.601900,1.00,-3742.441,116.340,0.141762,0.706250
767,2E5U,48.75,0.591100,1.00,-2869.402,67.901,0.524090,0.412220
768,2E72,68.37,0.653700,1.00,-2579.165,260.795,0.745680,0.596560
769,2EBQ,74.47,0.743500,1.00,-2317.018,308.679,0.363241,0.649840
770,2EBR,68.62,0.711500,1.00,-2145.932,352.116,0.765387,0.610640
771,2EC7,66.84,0.587100,1.00,-2589.266,219.604,0.363692,0.528380
772,2EEM,91.91,0.762400,1.00,-2754.505,144.130,0.099965,0.751170
773,2EFZ,67.19,0.575500,1.00,-1021.642,52.778,0.387191,0.255180
774,2EKK,90.96,0.779900,1.00,-3921.013,143.081,0.186709,0.820960
775,2EL4,60.33,0.740500,1.00,-2211.488,250.842,0.659808,0.512360
776,2EL5,76.19,0.748900,1.00,-1973.632,236.601,0.555073,0.644660
777,2EL6,72.28,0.738000,1.00,-2406.334,215.868,0.582296,0.585580
778,2ELM,74.32,0.736800,1.00,-2171.692,178.805,0.595766,0.611590
779,2ELN,80.26,0.794000,1.00,-2149.410,162.856,0.524495,0.725020
780,2ELO,80.41,0.718900,1.00,-2086.669,183.159,0.265749,0.600080
781,2ELP,79.05,0.754000,1.00,-2492.881,170.009,0.347526,0.654940
782,2ELQ,81.25,0.745300,1.00,-1945.515,156.475,0.428338,0.674680
783,2ELR,77.08,0.759600,1.00,-1575.310,137.090,0.511205,0.650620
784,2ELS,81.25,0.782800,1.00,-2282.314,140.158,0.456712,0.696690
785,2ELT,79.86,0.809800,1.00,-1935.919,116.539,0.468118,0.700390
786,2ELU,77.70,0.722600,1.00,-1878.367,185.800,0.467916,0.638220
787,2ELV,80.56,0.745300,1.00,-1953.708,179.951,0.428136,0.662390
788,2ELW,75.00,0.671200,1.00,-1881.243,173.512,0.374462,0.576910
789,2ELX,87.14,0.817900,1.00,-2019.509,144.064,0.353987,0.753930
790,2ELY,65.76,0.755000,1.00,-2060.797,249.563,0.710788,0.568650
791,2ELZ,67.39,0.701100,1.00,-2042.531,183.491,0.655540,0.574010
792,2EM0,64.67,0.697900,1.00,-2191.985,216.111,0.737987,0.540890
793,2EM1,74.43,0.767600,1.00,-2023.473,220.197,0.392629,0.659990
794,2EM2,69.02,0.720900,1.00,-1972.698,209.421,0.508834,0.581430
795,2EM3,64.13,0.742900,1.00,-2025.339,262.511,0.946599,0.575660
796,2EM4,64.13,0.689400,1.00,-2007.841,300.685,0.937156,0.550620
797,2EM5,62.50,0.719100,1.00,-2002.565,256.468,0.706449,0.537400
798,2EM6,67.39,0.769800,1.00,-2015.823,216.705,0.531036,0.581310
799,2EM7,67.93,0.702300,1.00,-2154.373,172.741,0.798384,0.586210
800,2EM8,67.39,0.722200,1.00,-1956.495,242.723,0.970715,0.590560
801,2EM9,66.85,0.742300,1.00,-2112.633,206.390,1.073335,0.570590
802,2EMA,65.76,0.695000,1.00,-2130.065,231.024,0.725433,0.554200
803,2EMB,64.20,0.684900,1.00,-2114.537,207.737,0.572362,0.525470
804,2EMC,67.93,0.799700,1.00,-2255.952,266.473,0.653067,0.594730
805,2EME,64.13,0.745900,1.00,-2290.652,224.212,0.716434,0.556310
806,2EMF,70.11,0.765000,1.00,-1946.574,218.550,0.725737,0.615960
807,2EMG,67.39,0.711200,1.00,-2194.710,210.693,0.570374,0.569410
808,2EMH,69.02,0.760600,1.00,-2246.176,232.433,0.682239,0.589790
809,2EMI,65.22,0.703400,1.00,-2116.170,272.408,0.591289,0.533370
810,2EMJ,63.59,0.729300,1.00,-2059.473,190.889,1.002160,0.550860
811,2EMK,64.67,0.753500,1.00,-2012.985,235.823,0.626019,0.556190
812,2EML,66.30,0.756400,1.00,-1974.019,221.903,0.693845,0.565370
813,2EMM,68.48,0.705600,1.00,-1876.320,261.651,0.585926,0.554780
814,2EMP,66.30,0.748100,1.00,-2192.174,168.654,0.886200,0.598940
815,2EMV,68.75,0.722500,1.00,-1961.865,209.792,0.564624,0.603650
816,2EMW,68.18,0.738000,1.00,-2105.550,265.968,0.546720,0.586110
817,2EMX,75.57,0.780100,1.00,-2047.432,186.357,0.358319,0.643810
818,2EMY,65.76,0.771800,1.00,-2268.813,262.342,0.732388,0.571390
819,2EMZ,72.83,0.734200,1.00,-1970.434,214.555,0.724119,0.649260
820,2EN0,76.79,0.800800,1.00,-2036.988,189.972,0.451635,0.650570
821,2EN1,67.39,0.768400,1.00,-1947.142,207.609,0.596666,0.593400
822,2EN2,73.21,0.774500,1.00,-2113.337,200.290,0.616387,0.620050
823,2EN3,71.20,0.716400,1.00,-2576.606,235.210,0.588424,0.599500
824,2EN4,64.67,0.693500,1.00,-2099.349,235.058,0.749670,0.544660
825,2EN6,67.39,0.751600,1.00,-2073.953,190.737,0.726552,0.560600
826,2EN7,64.20,0.702100,1.00,-2145.973,201.405,0.670763,0.495840
827,2EN8,67.93,0.737700,1.00,-2196.782,211.709,0.585325,0.569230
828,2EN9,61.96,0.699700,1.00,-1864.595,229.018,0.842367,0.546930
829,2ENA,60.87,0.714100,1.00,-2129.083,235.320,1.248237,0.536670
830,2ENC,63.59,0.728200,1.00,-2001.181,209.539,0.781393,0.523480
831,2ENE,61.96,0.709900,1.00,-2127.020,249.538,1.071607,0.565190
832,2ENF,63.04,0.735700,1.00,-2069.995,220.149,0.768888,0.555590
833,2ENH,59.78,0.730600,1.00,-2023.824,259.054,0.677956,0.510120
834,2ENT,67.19,0.758800,1.00,-2414.954,221.099,0.773299,0.569940
835,2EOE,64.67,0.727400,1.00,-2083.796,297.298,0.587995,0.531820
836,2EOF,67.61,0.767100,1.00,-2046.205,236.884,0.624887,0.562060
837,2EOG,67.05,0.768500,1.00,-2241.742,176.058,0.772642,0.593640
838,2EOH,67.39,0.670000,1.00,-2048.299,207.012,0.448188,0.573450
839,2EOI,68.75,0.700300,1.00,-2131.858,259.341,0.636232,0.581920
840,2EOJ,61.93,0.739200,1.00,-2036.259,240.002,0.793149,0.524420
841,2EOK,73.21,0.746300,1.00,-2228.013,181.519,0.404225,0.623670
842,2EOL,73.81,0.750200,1.00,-2011.879,178.908,0.395227,0.639450
843,2EOM,62.50,0.744900,1.00,-2193.562,334.335,0.739189,0.571970
844,2EON,63.59,0.761700,1.00,-2015.217,214.778,0.848778,0.557480
845,2EOO,71.20,0.731400,1.00,-2476.238,192.324,0.588778,0.596200
846,2EOP,71.74,0.752000,1.00,-2093.077,184.977,0.408514,0.617410
847,2EOQ,69.57,0.721500,1.00,-2061.840,188.234,0.493254,0.580990
848,2EOR,63.59,0.736900,1.00,-2040.079,241.072,0.727216,0.550980
849,2EOS,64.88,0.715500,1.00,-2057.530,223.994,0.656558,0.524230
850,2EOU,61.93,0.748300,1.00,-1921.122,170.207,1.173424,0.552140
851,2EOV,64.67,0.748600,1.00,-2169.211,208.272,0.855923,0.575360
852,2EOW,65.22,0.734600,1.00,-1968.980,227.442,0.787701,0.590850
853,2EOX,64.20,0.650100,1.00,-2211.809,234.369,0.794878,0.549020
854,2EOY,60.87,0.676300,1.00,-2262.938,289.462,1.044456,0.517060
855,2EOZ,70.11,0.749700,1.00,-2322.729,204.826,0.567707,0.617310
856,2EP0,72.83,0.753900,1.00,-2052.221,288.995,0.404936,0.623170
857,2EP1,66.30,0.735900,1.00,-2055.197,180.076,0.601083,0.570410
858,2EP2,64.13,0.751100,1.00,-2051.795,225.162,0.641435,0.547620
859,2EP3,70.11,0.755100,1.00,-2195.710,282.986,0.586251,0.626100
860,2EPC,62.50,0.668300,1.00,-1986.241,188.820,1.034784,0.554020
861,2EPQ,51.67,0.692700,1.00,-2250.277,252.234,0.891958,0.430790
862,2EPR,53.12,0.667700,1.00,-2400.723,223.501,1.020336,0.477620
863,2EPT,64.02,0.674300,1.00,-1937.515,191.814,0.736089,0.553140
864,2EPU,68.33,0.752300,1.00,-2067.378,230.397,0.752957,0.572890
865,2EPV,70.45,0.761200,1.00,-2123.190,197.881,0.531127,0.575130
866,2EPW,61.96,0.619600,1.00,-2160.548,254.901,0.796846,0.547410
867,2EPX,67.02,0.692000,1.00,-2517.608,195.654,0.860377,0.603780
868,2EPY,69.64,0.732900,1.00,-1819.184,203.194,0.628606,0.579080
869,2EPZ,70.65,0.734200,1.00,-1963.856,247.145,0.648516,0.597750
870,2EQ0,61.96,0.712500,1.00,-2113.737,272.037,0.632911,0.536010
871,2EQ1,64.67,0.693300,1.00,-1954.069,186.495,0.795693,0.542240
872,2EQ2,59.24,0.621400,1.00,-2002.957,192.668,0.634515,0.486140
873,2EQ3,57.61,0.684600,1.00,-1796.211,307.645,0.822468,0.501350
874,2EQ4,53.26,0.634700,1.00,-2097.334,213.098,0.931007,0.429510
875,2EQE,63.02,0.735200,1.00,-2470.573,342.552,0.719976,0.566240
876,2EQF,64.67,0.595500,1.00,-2505.177,231.040,0.876727,0.549800
877,2EQG,77.55,0.737100,1.00,-2765.356,242.260,0.419349,0.718720
878,2EQH,75.00,0.674900,1.00,-1098.286,102.079,0.381517,0.369830
879,2EQQ,72.32,0.632900,1.00,-1656.898,130.084,0.346625,0.432460
880,2EQT,77.68,0.684100,1.00,-1656.898,130.084,0.419650,0.510740
881,2EQW,63.10,0.677600,1.00,-2134.958,232.420,0.751663,0.548800
882,2ERI,90.32,0.755000,1.00,-2128.649,225.103,0.217479,0.757790
883,2ESX,61.84,0.486100,1.00,-787.707,97.127,0.305897,0.225510
884,2ESZ,65.79,0.484500,1.00,-787.707,97.127,0.273945,0.241460
885,2ETI,80.36,0.658500,1.00,-1963.395,182.210,0.218379,0.509710
886,2EVQ,100.00,0.801700,1.00,-616.786,49.643,0.049901,0.601800
887,2EYA,88.04,0.753100,1.00,-3696.360,179.143,0.149176,0.778390
888,2EYB,91.85,0.744700,1.00,-3696.360,179.143,0.154327,0.826930
889,2EYC,85.87,0.706000,1.00,-3696.360,179.143,0.202047,0.762950
890,2EYD,85.87,0.738800,1.00,-3696.360,179.143,0.215482,0.764900
891,2F2I,92.24,0.757200,1.00,-1789.989,192.977,0.109386,0.666430
892,2F2J,93.10,0.782000,1.00,-1778.326,189.247,0.099326,0.691730
893,2F5H,63.51,0.495000,1.00,-2246.202,305.909,0.480757,0.428890
896,2FJ4,67.57,0.561800,1.00,-2246.202,305.909,0.392300,0.456600
897,2FJ5,62.16,0.551100,1.00,-2246.202,305.909,0.353850,0.417180
898,2FQA,74.07,0.592600,1.00,-1865.043,195.534,0.300225,0.421210
899,2FR9,84.62,0.598400,1.00,-612.501,108.046,0.171229,0.349750
900,2FRB,57.69,0.526100,1.00,-510.335,87.243,0.391367,0.242240
901,2FXY,84.72,0.691700,1.00,-1157.886,29.403,0.251522,0.398480
902,2FXZ,82.69,0.643200,1.00,-690.138,38.590,0.254501,0.507200
903,2G6U,68.33,0.507200,1.00,-751.661,84.250,0.292137,0.321040
904,2G9L,61.49,0.700600,1.00,-2480.472,70.734,0.445845,0.499900
905,2G9P,72.12,0.689600,1.00,-1490.222,49.465,0.278814,0.395870
906,2GD3,61.46,0.597700,1.00,-1185.607,60.597,0.499376,0.354110
907,2GDL,61.29,0.498200,1.00,-2033.544,89.587,0.347908,0.322810
908,2GFR,81.82,0.630400,1.00,-558.963,32.086,0.178566,0.425410
909,2GJ0,86.29,0.661700,1.00,-1933.899,179.626,0.244451,0.616020
910,2GL1,99.47,0.843400,1.00,-3503.558,231.046,0.046800,0.956500
911,2GOF,57.86,0.582100,1.00,-2250.916,78.905,0.581679,0.520500
912,2GOH,64.29,0.560900,1.00,-2250.916,78.905,0.536917,0.506190
913,2GP8,83.75,0.699800,1.00,-2842.525,83.601,0.262070,0.723210
914,2GQE,89.06,0.770900,1.00,-1948.634,144.256,0.211098,0.707470
915,2GW9,92.19,0.766700,1.00,-2109.997,171.340,0.142942,0.741900
916,2GWP,83.59,0.721400,1.00,-2078.489,156.099,0.198787,0.622770
917,2GX1,85.34,0.681600,1.00,-1895.114,146.355,0.145928,0.558870
918,2H1Z,89.10,0.796600,1.00,-2690.102,189.498,0.145520,0.750670
919,2H9X,73.94,0.619500,1.00,-3211.285,198.169,0.340142,0.630950
920,2HFR,67.59,0.640900,1.00,-1821.405,43.558,0.310305,0.321500
921,2HGO,80.56,0.655500,1.00,-1553.228,148.819,0.294719,0.505090
922,2HLG,91.67,0.756000,1.00,-2591.380,270.288,0.108498,0.819020
923,2HM3,70.16,0.636600,1.00,-1811.882,182.588,0.518157,0.487060
924,2HM4,37.10,0.459200,1.00,-1807.394,321.226,0.794682,0.207520
925,2HM5,62.90,0.595500,1.00,-1807.394,321.226,0.386304,0.357880
926,2HM6,38.71,0.449900,1.00,-1809.647,365.143,0.915838,0.185110
927,2HN8,78.95,0.743900,1.00,-3368.378,114.149,0.158867,0.670850
928,2I1P,82.81,0.747800,1.00,-2439.629,283.521,0.241039,0.708360
929,2I1T,76.39,0.658500,1.00,-2269.721,155.422,0.230030,0.553850
930,2I5O,85.26,0.786100,1.00,-2664.210,189.697,0.291563,0.707000
931,2I9M,95.59,0.835700,1.00,-1155.896,21.864,0.096359,0.599210
932,2I9N,49.24,0.619800,1.00,-1701.834,131.340,0.709117,0.384530
933,2I9O,52.03,0.620200,1.00,-1583.006,218.866,0.629006,0.401730
934,2IFJ,68.75,0.508700,1.00,-532.103,73.463,0.349338,0.325910
935,2IGU,72.92,0.545800,1.00,-683.280,49.344,0.250979,0.296130
936,2IH6,65.91,0.545200,1.00,-491.655,63.704,0.382041,0.197990
937,2IMU,51.09,0.645600,1.00,-2508.951,300.444,0.585033,0.413830
938,2IT7,99.11,0.815600,1.00,-1939.172,194.248,0.056490,0.837300
939,2IV4,29.69,0.441200,1.00,-316.191,79.584,0.725818,0.158520
940,2IV5,84.78,0.714700,1.00,-1294.151,40.204,0.162326,0.422360
941,2IV6,50.00,0.583600,1.00,-1159.807,48.752,0.744925,0.242350
942,2IWJ,45.37,0.468800,1.00,-1271.521,140.011,0.638768,0.269980
943,2J15,71.67,0.585100,1.00,-684.110,78.434,0.282705,0.244270
944,2J8P,52.04,0.552500,1.00,-4256.564,160.889,0.820805,0.426750
945,2JM0,82.14,0.719200,1.00,-3067.172,122.698,0.171040,0.611530
946,2JM2,29.44,0.473500,1.00,-1086.324,306.570,0.884860,0.305310
947,2JM4,88.37,0.732000,1.00,-2420.587,268.295,0.260067,0.778520
948,2JMY,91.67,0.709000,1.00,-849.220,27.012,0.144337,0.486460
949,2JN5,47.92,0.482900,1.00,-747.366,15.278,0.545218,0.214020
950,2JNH,82.07,0.672100,1.00,-4372.198,145.816,0.292101,0.710770
951,2JNI,95.24,0.692400,1.00,-1334.980,117.996,0.088948,0.480350
952,2JOC,65.54,0.587200,1.00,-2294.903,177.568,0.346660,0.480660
953,2JOF,90.00,0.772700,1.00,-1021.408,119.594,0.151867,0.464060
954,2JOS,85.23,0.643700,1.00,-1560.351,36.154,0.217693,0.395660
955,2JOU,46.32,0.313900,1.00,-3021.574,176.758,1.004847,0.340130
956,2JP6,59.46,0.578100,1.00,-2006.405,155.497,0.924194,0.411550
957,2JPJ,49.36,0.643700,1.00,-2437.783,60.180,0.564533,0.343560
958,2JPK,57.14,0.626000,1.00,-2458.667,94.623,0.954398,0.464100
959,2JPL,48.72,0.619400,1.00,-2437.783,60.180,0.613849,0.383750
960,2JPM,52.14,0.641100,1.00,-2458.667,94.623,0.504040,0.379550
961,2JPW,43.75,0.523400,1.00,-999.591,182.248,0.588305,0.216700
962,2JPX,64.29,0.667400,1.00,-2288.511,100.379,0.642450,0.516870
963,2JQ2,47.92,0.487600,1.00,-504.836,77.478,0.469505,0.298910
964,2JQB,63.33,0.618000,1.00,-660.049,95.075,0.451792,0.220840
965,2JQC,51.67,0.468800,1.00,-660.049,95.075,0.380888,0.250780
966,2JQW,47.06,0.460400,1.00,-858.463,99.792,0.572183,0.187210
967,2JR3,39.29,0.412400,1.00,-2677.912,556.177,0.955148,0.294610
968,2JR8,55.36,0.629000,1.00,-2108.213,168.987,0.471986,0.516120
969,2JRD,60.19,0.573900,1.00,-1263.570,77.403,0.721679,0.319480
970,2JRV,51.67,0.545700,1.00,-529.958,95.216,0.640652,0.265780
971,2JRW,60.87,0.501600,1.00,-1120.316,105.007,0.374946,0.201260
972,2JRY,55.43,0.456600,1.00,-2974.495,293.100,0.479043,0.429190
973,2JSB,82.14,0.662600,1.00,-1450.243,125.811,0.179287,0.310450
974,2JTA,37.50,0.447600,1.00,-288.499,53.744,0.601229,0.187390
975,2JTB,91.67,0.718200,1.00,-2171.116,189.996,0.109125,0.721060
976,2JTU,59.87,0.501600,1.00,-2374.499,258.133,0.410963,0.435820
977,2JTW,70.00,0.653600,1.00,-1604.358,58.257,0.364963,0.422480
978,2JUE,30.17,0.290800,1.00,-1985.619,188.032,0.795630,0.174350
979,2JUI,58.33,0.662700,1.00,-2053.927,95.918,0.592139,0.397610
980,2JUQ,67.31,0.569400,1.00,-723.568,55.599,0.257807,0.378080
981,2JUR,65.38,0.526600,1.00,-629.316,70.894,0.388908,0.333260
982,2JUS,88.46,0.686600,1.00,-750.719,49.487,0.132734,0.428300
983,2JUT,61.54,0.522100,1.00,-696.498,51.341,0.419571,0.370320
984,2JUY,60.71,0.555900,1.00,-2127.425,157.561,0.409554,0.313590
985,2JVX,91.07,0.786600,1.00,-1936.270,138.158,0.153703,0.758660
986,2JVY,84.82,0.700600,1.00,-2030.979,121.026,0.242954,0.625470
987,2JWG,88.04,0.732800,1.00,-2748.840,176.962,0.159354,0.789910
988,2JWH,62.50,0.639800,1.00,-2046.486,263.153,0.521130,0.513340
989,2JWM,93.10,0.748400,1.00,-1962.632,167.581,0.139077,0.738090
990,2JXF,81.67,0.777900,1.00,-2615.897,65.979,0.186951,0.720540
991,2JY0,67.59,0.589400,1.00,-1647.346,62.483,0.341898,0.448350
992,2JYD,73.91,0.700600,1.00,-2185.926,301.712,0.457624,0.630850
993,2JYP,43.75,0.447900,1.00,-2644.532,212.136,0.523546,0.285180
994,2K10,56.25,0.660000,1.00,-2089.117,41.194,0.463231,0.305560
995,2K1A,55.36,0.749000,1.00,-2802.560,129.375,0.669054,0.507600
996,2K1I,90.62,0.706000,1.00,-1912.559,144.093,0.126268,0.692280
997,2K1P,80.30,0.722300,1.00,-1879.028,200.898,0.309416,0.629980
998,2K2Y,83.33,0.675800,1.00,-3142.984,140.972,0.178021,0.681330
999,2K2Z,73.72,0.608700,1.00,-2348.707,138.034,0.404409,0.616300
1000,2K44,53.57,0.623900,1.00,-2281.895,57.596,0.497251,0.326000
1001,2K4U,90.54,0.718400,1.00,-2721.993,154.648,0.113475,0.751740
1004,2K6O,67.57,0.724000,1.00,-2967.404,77.825,0.369819,0.559720
1005,2K6R,81.03,0.627600,1.00,-2129.518,130.174,0.263560,0.572480
1006,2K72,94.59,0.737300,1.00,-3455.897,175.663,0.091860,0.807000
1007,2K76,90.00,0.758700,1.00,-2220.807,80.236,0.113279,0.632350
1008,2K7G,90.52,0.765000,1.00,-1945.749,143.992,0.218526,0.761390
1009,2K7Y,36.11,0.503100,1.00,-2527.371,275.880,0.986683,0.290050
1010,2K84,61.67,0.618500,1.00,-1848.806,144.925,0.451044,0.465340
1012,2K98,57.29,0.627500,1.00,-1392.415,29.006,0.764997,0.354300
1013,2K9D,69.89,0.610100,1.00,-3970.936,156.136,0.292097,0.494160
1014,2K9O,72.22,0.576800,1.00,-2353.039,150.953,0.334482,0.516350
1015,2KAM,80.77,0.715800,1.00,-1823.801,63.649,0.206495,0.592000
1016,2KB8,74.32,0.666000,1.00,-2109.290,123.593,0.313078,0.547300
1017,2KB9,78.41,0.649400,1.00,-2949.583,219.391,0.238087,0.661150
1018,2KBL,65.52,0.611000,1.00,-1764.853,181.640,0.397693,0.363730
1019,2KCF,75.69,0.668900,1.00,-2170.818,218.517,0.377306,0.573070
1020,2KCG,97.50,0.818800,1.00,-2061.782,198.153,0.067727,0.805250
1021,2KCH,97.41,0.793600,1.00,-1976.005,203.240,0.073568,0.773830
1023,2KDT,43.89,0.490500,1.00,-2889.668,190.499,0.616021,0.389950
1024,2KE3,41.86,0.533700,1.00,-2775.657,224.967,0.828592,0.318720
1025,2KEF,74.00,0.616300,1.00,-1545.439,130.336,0.397004,0.348900
1026,2KEG,64.84,0.657500,1.00,-1932.036,105.668,0.494389,0.476150
1027,2KEH,66.41,0.600300,1.00,-1932.036,105.668,0.410344,0.456680
1028,2KES,76.04,0.786900,1.00,-3706.179,93.771,0.243406,0.677550
1029,2KFE,68.75,0.732700,1.00,-1624.414,37.333,0.270488,0.363140
1030,2KFQ,35.94,0.347900,1.00,-2386.410,92.943,0.852411,0.326210
1031,2KGH,36.54,0.473200,1.00,-1929.403,346.700,1.055752,0.338250
1032,2KGN,75.00,0.625100,1.00,-1500.454,59.037,0.193091,0.368390
1033,2KGU,89.29,0.726000,1.00,-1984.445,178.252,0.149511,0.732710
1034,2KHB,88.79,0.767700,1.00,-1915.716,166.159,0.164253,0.687880
1035,2KHF,69.00,0.688100,1.00,-1616.909,61.816,0.332899,0.387520
1036,2KHG,74.00,0.650900,1.00,-1616.909,61.816,0.303912,0.406390
1037,2KI0,75.00,0.671900,1.00,-2612.648,154.717,0.311303,0.515310
1038,2KI9,57.58,0.649400,1.00,-2626.298,49.041,0.492312,0.399850
1039,2KIO,53.79,0.596100,1.00,-2249.763,186.436,0.663220,0.367450
1040,2KIR,69.85,0.585500,1.00,-2534.141,149.032,0.250075,0.465620
1041,2KIT,66.67,0.622100,1.00,-2249.763,186.436,0.405075,0.494510
1042,2KJM,55.83,0.511000,1.00,-2170.017,131.711,0.429984,0.373230
1043,2KJN,75.96,0.682100,1.00,-1795.932,42.889,0.351540,0.496060
1044,2KJO,65.38,0.632200,1.00,-1795.932,42.889,0.355491,0.419910
1045,2KLV,45.65,0.566900,1.00,-3306.802,84.838,0.653183,0.410480
1046,2KM9,89.00,0.686800,1.00,-1304.496,119.755,0.116599,0.483870
1047,2KMO,90.91,0.743100,1.00,-2828.265,213.599,0.157622,0.790830
1048,2KMP,85.80,0.699300,1.00,-2828.265,213.599,0.279859,0.756690
1049,2KMQ,77.27,0.692800,1.00,-2828.265,213.599,0.233890,0.632310
1050,2KMR,66.48,0.566900,1.00,-2828.265,213.599,0.949410,0.548940
1051,2KNI,86.59,0.697800,1.00,-2483.944,330.034,0.237234,0.744010
1052,2KNM,94.17,0.800100,1.00,-2061.782,198.153,0.101229,0.722150
1053,2KNP,84.09,0.716600,1.00,-1989.593,121.570,0.187347,0.634640
1054,2KNS,53.03,0.636600,1.00,-1873.178,75.569,0.662896,0.350650
1055,2KNU,51.72,0.584700,1.00,-1654.179,94.034,0.604787,0.325020
1056,2KOE,44.38,0.587500,1.00,-2861.334,181.442,0.665555,0.355830
1057,2KOZ,96.21,0.793500,1.00,-2255.480,133.080,0.099673,0.832330
1058,2KP0,87.88,0.694600,1.00,-2259.155,99.317,0.166381,0.676270
1059,2KPA,51.92,0.549300,1.00,-1722.519,79.220,0.463352,0.261170
1060,2KPB,53.85,0.535600,1.00,-1722.519,79.220,0.576982,0.320400
1061,2KSG,32.81,0.603200,1.00,-2761.768,176.983,1.487564,0.266690
1062,2KSJ,53.80,0.695500,1.00,-3306.802,84.838,0.573864,0.478100
1063,2KTC,66.91,0.565200,1.00,-1972.554,207.967,0.505558,0.420320
1064,2KTX,92.11,0.732200,1.00,-2844.710,189.373,0.154283,0.790620
1065,2KUK,90.83,0.771000,1.00,-2074.662,212.231,0.103824,0.669380
1066,2KUS,92.86,0.795600,1.00,-2262.323,148.538,0.102514,0.752120
1067,2KUX,93.33,0.772200,1.00,-2123.655,235.001,0.090595,0.713460
1068,2KUY,57.56,0.474100,1.00,-3206.225,216.517,0.864405,0.443280
1069,2KV5,66.67,0.706400,1.00,-2513.470,77.597,0.474348,0.567080
1070,2KVF,86.61,0.642000,1.00,-2084.385,82.532,0.173021,0.611590
1071,2KVG,84.26,0.714200,1.00,-1827.758,104.416,0.190941,0.495140
1072,2KVH,87.96,0.664400,1.00,-1793.765,101.864,0.172614,0.636640
1073,2KVX,94.64,0.783000,1.00,-1946.222,233.926,0.091802,0.716440
1074,2KWT,68.18,0.609700,1.00,-2630.669,135.100,0.332610,0.480470
1075,2KWY,77.91,0.762800,1.00,-2673.454,77.048,0.377342,0.716980
1076,2KWZ,69.38,0.664700,1.00,-3300.011,86.686,0.338313,0.579460
1077,2KXA,45.83,0.618000,1.00,-1644.836,69.665,1.093286,0.334570
1078,2KY3,87.12,0.720000,1.00,-2176.522,113.433,0.204594,0.684760
1079,2KYA,36.76,0.433100,1.00,-1446.983,211.603,0.855380,0.302090
1080,2KYJ,80.56,0.623900,1.00,-2025.551,254.905,0.652485,0.655400
1081,2KYK,62.82,0.508700,1.00,-2389.924,197.775,0.676031,0.461210
1082,2KZQ,63.19,0.645700,1.00,-2547.723,92.366,0.437064,0.451790
1083,2L07,75.00,0.569300,1.00,-874.088,119.052,0.220414,0.229140
1084,2L0G,82.81,0.692100,1.00,-3019.855,92.137,0.300725,0.631440
1085,2L0L,55.56,0.616600,1.00,-1654.874,72.322,0.604855,0.300370
1086,2L0M,62.96,0.648700,1.00,-1654.874,72.322,0.370412,0.300000
1087,2L0N,80.00,0.663900,1.00,-2402.873,62.325,0.224608,0.514020
1088,2L0O,57.50,0.583000,1.00,-2402.873,62.325,0.414913,0.408370
1089,2L1J,51.47,0.480500,1.00,-2200.408,253.881,0.460617,0.306920
1090,2L1Q,76.88,0.661100,1.00,-2385.012,250.965,0.387715,0.632000
1091,2L1X,41.67,0.537100,1.00,-2829.865,86.868,0.887486,0.351500
1092,2L2R,77.70,0.651500,1.00,-1945.863,205.657,0.508356,0.651020
1093,2L36,62.50,0.677200,1.00,-1337.529,47.837,0.407762,0.341040
1094,2L37,88.95,0.685300,1.00,-3548.843,100.918,0.203458,0.798020
1095,2L3H,37.18,0.409200,1.00,-2478.363,228.291,0.699671,0.264030
1096,2L3I,64.17,0.577300,1.00,-2279.923,77.879,0.414749,0.526250
1097,2L44,89.47,0.621100,1.00,-914.124,62.335,0.132082,0.307480
1098,2L4G,68.52,0.634700,1.00,-1295.329,122.342,0.510626,0.399150
1099,2L4J,69.02,0.628900,1.00,-2721.835,259.662,0.425987,0.540780
1100,2L4U,58.33,0.584100,1.00,-1500.454,59.037,0.451346,0.281540
1101,2L5I,41.67,0.440100,1.00,-939.586,238.734,0.682177,0.120670
1102,2L5J,42.86,0.444700,1.00,-939.586,238.734,0.525034,0.145630
1103,2L5R,81.52,0.790200,1.00,-1537.211,19.629,0.177575,0.409990
1104,2L61,66.35,0.544900,1.00,-1269.609,300.704,0.302102,0.333100
1105,2L62,67.31,0.535400,1.00,-1269.609,300.704,0.448628,0.365750
1106,2L63,59.85,0.649200,1.00,-2541.274,61.608,0.490446,0.402690
1107,2L64,66.67,0.636100,1.00,-2541.274,61.608,0.325885,0.434380
1108,2L6S,42.50,0.488800,1.00,-802.741,147.434,0.511013,0.164990
1109,2L6T,46.25,0.491000,1.00,-802.741,147.434,0.623879,0.147190
1110,2L70,67.26,0.676000,1.00,-3016.189,106.331,0.358649,0.490940
1111,2L71,57.14,0.620300,1.00,-3016.189,106.331,0.604049,0.505640
1112,2L77,59.62,0.537000,1.00,-2455.160,230.306,0.321174,0.430720
1113,2L79,42.31,0.408700,1.00,-2455.160,230.306,0.797029,0.357130
1114,2L7C,78.95,0.622100,1.00,-1102.454,51.415,0.233296,0.324910
1115,2L7T,61.36,0.543700,1.00,-419.523,40.016,0.349230,0.255890
1116,2L87,34.26,0.503700,1.00,-984.858,163.446,0.832770,0.186250
1117,2L8E,69.90,0.668100,1.00,-3043.923,268.152,0.572797,0.603680
1118,2L91,66.28,0.712700,1.00,-3232.998,174.844,0.410548,0.515880
1122,2L9G,85.53,0.730800,1.00,-1308.046,29.736,0.143570,0.287430
1123,2L9X,58.33,0.590700,1.00,-1780.662,123.534,0.472028,0.314470
1124,2L9Z,61.54,0.695900,1.00,-2270.510,213.997,0.784945,0.495910
1125,2LA0,71.67,0.659400,1.00,-1965.075,68.828,0.332609,0.467300
1126,2LAM,87.93,0.740300,1.00,-2105.532,167.904,0.231895,0.741860
1127,2LAQ,35.42,0.460900,1.00,-1869.933,249.815,0.716104,0.266480
1128,2LAT,67.57,0.730400,1.00,-3050.864,92.184,0.474228,0.565650
1129,2LB7,75.00,0.655500,1.00,-3115.634,268.076,0.222800,0.624190
1130,2LBG,87.96,0.872300,1.00,-1224.739,19.506,0.119358,0.593650
1131,2LBZ,50.81,0.492700,1.00,-2393.721,69.596,0.520422,0.290440
1132,2LCM,59.82,0.611900,1.00,-1795.140,95.633,0.614298,0.418320
1133,2LDE,69.00,0.613300,1.00,-1400.371,151.480,0.381185,0.350350
1134,2LDF,70.83,0.586400,1.00,-1644.982,138.369,0.290205,0.351840
1135,2LDJ,77.50,0.610100,1.00,-1220.696,87.921,0.223677,0.317090
1136,2LDS,77.78,0.609300,1.00,-2074.158,201.437,0.245101,0.553730
1137,2LE3,75.60,0.718500,1.00,-2848.651,133.931,0.235265,0.593130
1138,2LE7,61.25,0.591500,1.00,-1320.270,40.308,0.515221,0.292590
1139,2LER,65.91,0.543200,1.00,-457.375,74.012,0.241046,0.173640
1140,2LET,88.39,0.735600,1.00,-1881.792,180.890,0.125796,0.579550
1141,2LEU,52.70,0.595400,1.00,-1844.824,168.518,0.538530,0.410130
1142,2LEW,83.59,0.664500,1.00,-2025.122,177.071,0.245373,0.580420
1143,2LEY,86.72,0.747300,1.00,-2073.636,151.451,0.206272,0.673970
1144,2LFM,29.38,0.422100,1.00,-1480.347,361.217,1.311440,0.210120
1145,2LG4,97.50,0.808100,1.00,-2717.171,157.379,0.077546,0.883400
1146,2LG5,77.08,0.636700,1.00,-2653.396,201.912,0.319155,0.558670
1147,2LG6,87.50,0.690300,1.00,-2750.933,194.021,0.265853,0.716800
1148,2LI3,55.00,0.543000,1.00,-2166.622,130.947,0.602762,0.392330
1149,2LIC,32.86,0.485700,1.00,-1411.234,239.943,0.846712,0.213300
1150,2LID,26.43,0.522800,1.00,-1126.086,279.304,1.324018,0.190070
1151,2LIF,80.56,0.710400,1.00,-1846.285,82.977,0.320437,0.491220
1152,2LIX,70.37,0.545900,1.00,-1797.934,133.835,0.355313,0.420580
1153,2LIY,66.67,0.582400,1.00,-2921.765,255.171,0.330397,0.555130
1154,2LJ7,78.72,0.683600,1.00,-3420.665,270.344,0.250853,0.687000
1155,2LJQ,43.92,0.537000,1.00,-1464.248,210.359,0.885124,0.352290
1156,2LJS,90.83,0.758400,1.00,-1654.546,176.730,0.234480,0.731170
1157,2LJT,54.05,0.571000,1.00,-1570.557,195.346,0.565764,0.425410
1158,2LK9,55.71,0.512200,1.00,-2184.280,81.034,0.535895,0.483530
1159,2LKE,63.54,0.644600,1.00,-1105.585,96.235,0.633628,0.394810
1160,2LKJ,70.83,0.603400,1.00,-1105.585,96.235,0.550798,0.434830
1161,2LKQ,67.71,0.654000,1.00,-1428.475,68.802,0.438790,0.320970
1162,2LL1,86.36,0.688300,1.00,-2233.943,175.258,0.166830,0.677610
1163,2LL2,34.62,0.408200,1.00,-787.304,214.366,0.666593,0.156330
1164,2LL5,96.59,0.815000,1.00,-1191.253,55.051,0.082557,0.505110
1165,2LLD,80.00,0.662300,1.00,-2749.083,210.854,0.271352,0.673490
1166,2LLM,59.88,0.718500,1.00,-2808.691,78.638,0.448497,0.544870
1167,2LLR,72.73,0.633500,1.00,-1217.107,116.245,0.292542,0.273590
1168,2LM8,42.31,0.410000,1.00,-607.572,45.860,0.672493,0.145080
1169,2LMA,75.00,0.654300,1.00,-1393.023,67.347,0.291664,0.300180
1170,2LMB,26.16,0.323900,1.00,-1810.178,276.214,0.892767,0.199430
1171,2LMF,93.48,0.770000,1.00,-1605.707,55.166,0.101662,0.521420
1172,2LMZ,84.52,0.661900,1.00,-4059.012,145.001,0.237154,0.720300
1173,2LNE,61.54,0.470800,1.00,-421.607,76.979,0.354412,0.319510
1174,2LNF,48.08,0.469300,1.00,-421.607,76.979,0.377298,0.292000
1175,2LNG,51.92,0.505400,1.00,-421.607,76.979,0.378823,0.176580
1176,2LO2,84.87,0.685600,1.00,-2249.128,173.366,0.211619,0.705010
1177,2LO3,64.20,0.646000,1.00,-2607.408,299.540,0.507572,0.527390
1178,2LO7,54.03,0.534300,1.00,-2157.515,97.804,0.663837,0.450140
1179,2LQ0,79.00,0.684500,1.00,-1661.072,81.313,0.310591,0.539910
1180,2LQ1,31.00,0.446200,1.00,-874.013,166.512,0.604646,0.186990
1181,2LQ2,65.83,0.654900,1.00,-1360.078,131.843,0.516456,0.486810
1182,2LQA,84.46,0.713200,1.00,-2690.643,214.209,0.210207,0.701960
1183,2LQX,85.98,0.648300,1.00,-3219.230,132.249,0.292935,0.752560
1184,2LQY,76.25,0.664900,1.00,-1555.853,32.075,0.284434,0.299080
1185,2LR3,82.45,0.604800,1.00,-3201.182,230.592,0.194583,0.722130
1186,2LR5,77.63,0.651500,1.00,-2711.858,188.129,0.278510,0.611520
1187,2LR7,31.90,0.459400,1.00,-1940.882,76.478,0.938569,0.232680
1188,2LRX,57.78,0.571600,1.00,-3327.178,180.796,0.477666,0.417260
1189,2LS1,48.75,0.439900,1.00,-969.791,107.903,0.438391,0.125590
1190,2LS2,79.00,0.747300,1.00,-1944.943,41.383,0.279859,0.509500
1191,2LS3,75.00,0.774300,1.00,-2610.676,73.437,0.277958,0.494510
1192,2LS4,67.71,0.608500,1.00,-1446.015,42.910,0.386429,0.341360
1193,2LS9,62.00,0.592100,1.00,-1331.714,39.058,0.401264,0.307340
1194,2LSA,60.87,0.671100,1.00,-1412.554,62.074,0.454869,0.230010
1195,2LSQ,66.00,0.547100,1.00,-1529.915,139.754,0.413390,0.291900
1196,2LSW,38.75,0.503800,1.00,-1483.444,259.495,1.051992,0.277890
1197,2LT8,86.31,0.755200,1.00,-2942.565,181.732,0.191955,0.735070
1198,2LTI,28.26,0.525500,1.00,-707.355,162.794,1.129843,0.160460
1200,2LU9,80.65,0.680200,1.00,-2107.565,124.262,0.235684,0.506500
1201,2LUF,82.50,0.625600,1.00,-1094.369,65.087,0.239641,0.413700
1202,2LUG,52.78,0.562500,1.00,-1328.114,168.379,0.986444,0.415620
1203,2LUR,77.59,0.619600,1.00,-2000.341,168.905,0.230921,0.490330
1204,2LUV,53.57,0.572200,1.00,-1377.068,305.892,0.843391,0.377440
1205,2LVG,67.50,0.719500,1.00,-2886.765,74.595,0.349447,0.565880
1206,2LWB,61.25,0.486000,1.00,-1668.992,93.686,0.373488,0.200460
1207,2LWL,74.49,0.655500,1.00,-2992.378,243.329,0.486477,0.639240
1208,2LWQ,71.88,0.613100,1.00,-800.471,100.795,0.224561,0.250480
1209,2LWS,72.92,0.544000,1.00,-522.612,41.367,0.269884,0.311220
1210,2LWT,90.28,0.707500,1.00,-976.538,116.148,0.151630,0.358600
1211,2LWU,85.00,0.774600,1.00,-656.378,61.270,0.141511,0.346320
1212,2LWV,82.35,0.696100,1.00,-829.031,85.425,0.171186,0.239300
1213,2LX0,64.84,0.660600,1.00,-2920.992,63.485,0.399551,0.447380
1214,2LX4,94.12,0.769900,1.00,-1123.317,64.939,0.148519,0.608390
1215,2LX5,87.50,0.667100,1.00,-1026.749,30.861,0.099141,0.402320
1216,2LX6,36.84,0.445200,1.00,-609.785,95.242,0.844342,0.132770
1217,2LXO,50.57,0.464100,1.00,-3365.929,251.639,0.616801,0.378660
1218,2LXZ,89.06,0.736700,1.00,-2299.036,143.940,0.118859,0.671710
1219,2LYE,90.28,0.743500,1.00,-921.661,81.799,0.127562,0.399170
1220,2LYF,95.83,0.728500,1.00,-965.796,82.035,0.111265,0.550080
1221,2LZI,88.89,0.711400,1.00,-973.180,68.141,0.166697,0.334750
1222,2LZO,70.69,0.696600,1.00,-1557.315,193.052,0.306426,0.414930
1223,2LZP,78.23,0.676800,1.00,-1709.101,122.136,0.348070,0.608350
1224,2LZQ,74.04,0.733600,1.00,-2444.766,81.982,0.310712,0.655180
1225,2LZX,87.84,0.746500,1.00,-2640.714,154.166,0.193241,0.714820
1226,2LZY,85.00,0.710300,1.00,-2396.801,163.860,0.230594,0.664910
1227,2M0H,63.64,0.678500,1.00,-1486.711,47.511,0.567398,0.351130
1228,2M0S,50.00,0.534700,1.00,-2028.166,49.745,0.685373,0.304200
1229,2M0W,60.87,0.677100,1.00,-1395.542,42.633,0.681703,0.341640
1230,2M1A,86.54,0.656900,1.00,-1474.196,41.717,0.132724,0.531180
1231,2M1J,62.50,0.618900,1.00,-1949.631,73.835,0.530493,0.407050
1232,2M1P,79.17,0.615600,1.00,-710.933,84.560,0.367038,0.362330
1233,2M1T,59.09,0.608500,1.00,-1576.641,52.605,0.514067,0.293290
1234,2M2G,87.50,0.709400,1.00,-770.470,84.433,0.183542,0.444060
1235,2M2H,84.72,0.659500,1.00,-606.129,81.295,0.142071,0.266110
1236,2M2Q,96.09,0.801500,1.00,-2469.801,135.692,0.080130,0.787160
1237,2M2R,76.52,0.635900,1.00,-2347.567,193.503,0.254880,0.503920
1238,2M2S,69.44,0.629900,1.00,-665.188,64.838,0.425151,0.232600
1239,2M2X,27.78,0.288200,1.00,-962.646,31.590,1.005601,0.084910
1240,2M2Y,80.56,0.707300,1.00,-898.459,90.105,0.199756,0.331540
1241,2M36,38.82,0.397800,1.00,-1995.243,359.103,0.718182,0.249370
1242,2M37,39.47,0.529500,1.00,-541.022,120.518,1.057600,0.118290
1243,2M3F,85.23,0.720500,1.00,-1737.716,65.846,0.132186,0.472070
1244,2M3J,84.85,0.729300,1.00,-2307.743,223.552,0.188471,0.648810
1245,2M3N,77.78,0.577700,1.00,-808.391,92.703,0.250396,0.255760
1246,2M4X,76.43,0.592600,1.00,-2308.518,262.875,0.231621,0.520780
1247,2M4Z,69.29,0.572400,1.00,-2383.954,209.276,0.268421,0.456230
1248,2M50,81.43,0.681000,1.00,-2556.017,178.570,0.194583,0.607620
1249,2M5L,61.25,0.588700,1.00,-851.154,126.314,0.504334,0.145960
1250,2M5X,93.12,0.851400,1.00,-2706.078,167.693,0.189076,0.851200
1251,2M5Z,93.75,0.736800,1.00,-5574.660,125.629,0.090644,0.860430
1252,2M60,85.47,0.714000,1.00,-5581.989,119.348,0.147589,0.749070
1253,2M62,81.25,0.613100,1.00,-627.272,52.596,0.195123,0.274390
1254,2M6A,80.36,0.649600,1.00,-1947.216,100.287,0.177016,0.463700
1255,2M6O,81.77,0.749500,1.00,-3192.731,275.572,0.329047,0.739740
1256,2M6P,84.24,0.678900,1.00,-3216.519,214.119,0.389421,0.745990
1257,2M73,64.00,0.665800,1.00,-1765.962,61.754,0.321081,0.332620
1258,2M77,91.67,0.707600,1.00,-899.867,73.927,0.119219,0.433340
1259,2M78,95.83,0.789100,1.00,-1083.222,87.635,0.079280,0.413800
1260,2M79,80.56,0.702100,1.00,-939.674,109.209,0.195046,0.309560
1261,2M7C,80.95,0.631500,1.00,-1198.215,96.073,0.286261,0.313680
1262,2M7D,57.50,0.668000,1.00,-1187.473,51.258,0.779907,0.353030
1263,2M7E,69.23,0.595700,1.00,-1445.744,110.310,0.427505,0.382270
1264,2M7I,39.29,0.407300,1.00,-472.517,254.945,0.611190,0.264790
1265,2M7J,44.64,0.466200,1.00,-333.584,114.496,0.714681,0.173520
1266,2M7P,78.57,0.660900,1.00,-2587.368,243.235,0.324390,0.674750
1267,2M7T,87.12,0.741800,1.00,-1981.843,225.132,0.175512,0.716280
1268,2M7X,44.08,0.580500,1.00,-2102.122,151.422,0.831839,0.355080
1269,2M8F,50.00,0.474700,1.00,-1014.484,153.759,0.711320,0.198820
1270,2M8I,84.88,0.715300,1.00,-2675.021,289.576,0.224743,0.701890
1271,2M8J,77.91,0.666800,1.00,-2715.503,266.530,0.348886,0.680780
1272,2M8M,81.25,0.738800,1.00,-2481.925,64.028,0.215713,0.618370
1273,2M8O,71.43,0.699100,1.00,-2481.925,64.028,0.241656,0.399220
1274,2M96,80.11,0.674500,1.00,-2279.563,244.529,0.217718,0.654600
1275,2M9E,90.15,0.773000,1.00,-2269.369,132.536,0.185071,0.728390
1276,2M9F,77.27,0.720600,1.00,-2269.369,132.536,0.341093,0.539820
1277,2M9I,80.15,0.707000,1.00,-2294.178,149.589,0.289628,0.592630
1278,2M9J,80.88,0.709200,1.00,-2294.178,149.589,0.288715,0.646540
1279,2M9L,90.71,0.732200,1.00,-2558.166,167.206,0.340200,0.810050
1280,2M9O,91.38,0.755000,1.00,-1913.255,188.783,0.212415,0.711670
1281,2M9R,28.12,0.423900,1.00,-1363.514,398.934,1.638796,0.192700
1282,2M9S,26.88,0.424200,1.00,-1363.514,398.934,1.804374,0.260750
1283,2MAA,80.77,0.642700,1.00,-725.021,49.253,0.204177,0.375260
1284,2MAE,70.19,0.637800,1.00,-1364.706,145.190,0.426886,0.351660
1285,2MAU,92.50,0.754500,1.00,-2126.753,181.194,0.089637,0.721520
1286,2MBD,94.44,0.773900,1.00,-1747.879,64.082,0.073565,0.701740
1287,2MBY,48.37,0.610800,1.00,-3659.659,120.341,0.561782,0.490090
1288,2MCE,83.33,0.704200,1.00,-1036.086,63.443,0.187957,0.306160
1289,2MD1,69.12,0.603900,1.00,-983.107,52.009,0.340297,0.316320
1290,2MD2,82.50,0.598500,1.00,-492.562,41.309,0.161966,0.397590
1291,2MD4,91.67,0.701800,1.00,-751.815,27.664,0.092128,0.505990
1292,2MD6,83.33,0.624900,1.00,-1050.324,56.796,0.202440,0.276830
1293,2MDC,45.31,0.479600,1.00,-2860.206,314.553,0.740318,0.352460
1294,2MDL,41.67,0.417300,1.00,-1108.961,162.202,0.652081,0.123600
1295,2MDU,46.55,0.455100,1.00,-1709.653,166.576,1.181206,0.347920
1296,2ME1,56.48,0.545200,1.00,-2517.398,55.879,0.468654,0.373520
1297,2ME2,62.96,0.576700,1.00,-2326.427,52.008,0.434923,0.357740
1298,2ME3,67.59,0.567000,1.00,-2407.506,60.353,0.340700,0.362720
1299,2ME4,54.63,0.589200,1.00,-2368.079,65.994,0.445132,0.340770
1300,2ME7,91.67,0.795400,1.00,-2261.483,118.618,0.189232,0.774310
1301,2MEL,89.39,0.737300,1.00,-2326.432,120.019,0.167334,0.695200
1302,2MEN,82.58,0.706400,1.00,-2093.952,128.249,0.237323,0.620360
1303,2MEO,81.82,0.671500,1.00,-2188.282,139.335,0.360529,0.594760
1304,2MF3,49.47,0.385000,1.00,-3299.638,349.943,0.645323,0.357240
1305,2MFM,40.00,0.510500,1.00,-415.090,79.230,0.734909,0.143260
1306,2MFO,40.00,0.480100,1.00,-386.491,67.043,0.901912,0.218420
1307,2MFP,58.87,0.615900,1.00,-1222.584,213.763,0.683488,0.360120
1308,2MFS,85.71,0.705800,1.00,-2423.876,180.352,0.168926,0.698860
1309,2MFV,41.07,0.548100,1.00,-81.517,83.136,0.810112,0.252200
1310,2MG1,75.93,0.768400,1.00,-1703.813,46.673,0.290336,0.522570
1311,2MG2,82.14,0.733400,1.00,-2364.629,65.017,0.199060,0.563570
1312,2MG3,67.86,0.654300,1.00,-2364.629,65.017,0.419463,0.414270
1313,2MH1,79.55,0.692800,1.00,-1933.159,192.675,0.391704,0.617070
1314,2MHU,68.33,0.555700,1.00,-1888.248,178.533,0.365165,0.428340
1315,2MHW,48.15,0.620500,1.00,-1720.655,21.893,0.708200,0.328030
1316,2MI1,42.86,0.451300,1.00,-854.674,38.062,0.604264,0.133450
1317,2MI9,40.83,0.438200,1.00,-1445.533,222.147,0.676441,0.218380
1318,2MIA,43.33,0.447500,1.00,-1445.533,222.147,0.672158,0.192400
1319,2MID,41.67,0.530100,1.00,-376.334,52.784,0.688922,0.279960
1320,2MIE,50.00,0.503500,1.00,-361.409,59.411,0.533549,0.182490
1321,2MIF,39.58,0.559300,1.00,-307.644,62.995,0.666033,0.301100
1322,2MIG,41.67,0.543400,1.00,-388.737,58.961,0.725883,0.264580
1323,2MIH,37.50,0.478900,1.00,-369.825,62.352,0.842873,0.259190
1324,2MIJ,66.22,0.592600,1.00,-2716.755,125.403,0.309339,0.480220
1325,2MIX,67.86,0.646700,1.00,-1034.112,119.976,0.616921,0.332770
1326,2MJ1,48.61,0.354800,1.00,-598.687,150.956,0.769561,0.204480
1327,2MJ2,68.06,0.663100,1.00,-2415.011,133.203,0.516233,0.532010
1328,2MJ9,68.59,0.662000,1.00,-2481.125,125.731,0.457731,0.534140
1329,2MJC,66.91,0.676300,1.00,-1807.813,203.468,0.506747,0.523790
1330,2MJK,93.29,0.765000,1.00,-3861.634,213.457,0.117195,0.822140
1331,2MKB,84.00,0.746700,1.00,-2111.700,38.032,0.184100,0.547260
1332,2ML7,86.29,0.723200,1.00,-2282.286,177.116,0.122579,0.622170
1333,2MLA,91.22,0.753800,1.00,-2603.196,194.572,0.102201,0.773660
1334,2MLD,92.57,0.765900,1.00,-2548.181,132.900,0.098048,0.795420
1335,2MLJ,37.50,0.539000,1.00,-593.394,95.550,1.277100,0.205710
1336,2MLO,87.50,0.689700,1.00,-1167.253,29.786,0.153210,0.453910
1337,2MLQ,81.25,0.611900,1.00,-1167.253,29.786,0.191349,0.340780
1338,2MLU,60.83,0.501700,1.00,-1901.318,74.156,0.507609,0.448400
1339,2MLV,57.50,0.553500,1.00,-1901.318,74.156,0.622105,0.375950
1340,2MM5,85.00,0.682900,1.00,-2197.672,157.468,0.203537,0.622930
1341,2MM6,36.67,0.435800,1.00,-1932.398,251.282,0.607771,0.259670
1342,2MMM,67.36,0.723200,1.00,-2084.549,92.631,0.292639,0.471510
1343,2MMT,39.29,0.431300,1.00,-1055.587,114.055,0.747724,0.132440
1344,2MMW,40.48,0.434000,1.00,-1016.917,162.268,0.797663,0.099740
1345,2MN1,95.83,0.785200,1.00,-2041.302,173.496,0.082161,0.777040
1346,2MN3,28.41,0.340600,1.00,-2050.825,398.739,0.991622,0.276040
1347,2MOC,93.18,0.807500,1.00,-473.864,32.251,0.188270,0.545340
1348,2MOF,62.50,0.622800,1.00,-2825.331,149.149,0.475385,0.575160
1349,2MPJ,82.00,0.647700,1.00,-1247.443,118.715,0.242153,0.416170
1350,2MPQ,95.14,0.789200,1.00,-2263.219,154.686,0.104696,0.823210
1351,2MQ2,42.86,0.437800,1.00,-392.445,40.390,0.668178,0.255540
1352,2MQ4,38.64,0.473500,1.00,-127.827,66.384,0.761159,0.203980
1353,2MQ5,47.50,0.463400,1.00,-129.949,44.263,0.348918,0.234720
1354,2MQF,98.53,0.807000,1.00,-2180.190,162.090,0.069251,0.862970
1355,2MQU,92.14,0.731800,1.00,-2423.830,216.379,0.097433,0.777980
1356,2MR9,89.77,0.773200,1.00,-4221.181,120.022,0.166703,0.811820
1357,2MRB,64.52,0.557600,1.00,-1845.320,166.453,0.368964,0.404550
1358,2MRF,81.82,0.707000,1.00,-2214.707,165.360,0.239398,0.607950
1359,2MRT,65.83,0.566700,1.00,-1918.002,168.128,0.315181,0.408760
1360,2MRW,40.62,0.315100,1.00,-3514.600,154.832,1.076585,0.390310
1361,2MSF,64.66,0.565700,1.00,-1589.102,252.488,0.513051,0.386620
1362,2MSO,77.50,0.640500,1.00,-2033.422,154.103,0.357187,0.530030
1363,2MSQ,75.93,0.626700,1.00,-1853.596,129.858,0.238822,0.461170
1364,2MSU,58.75,0.540100,1.00,-1024.722,91.596,0.452609,0.295690
1365,2MT7,92.86,0.772200,1.00,-2194.125,172.354,0.115351,0.794460
1366,2MT8,77.56,0.635200,1.00,-2158.602,280.445,0.321869,0.621930
1367,2MTM,50.00,0.373600,1.00,-1304.469,69.062,0.466422,0.157010
1368,2MTO,76.92,0.545600,1.00,-662.500,46.536,0.278872,0.377680
1369,2MTT,69.23,0.503200,1.00,-728.563,46.388,0.347680,0.262230
1370,2MTU,71.15,0.490700,1.00,-728.563,46.388,0.429252,0.340550
1371,2MTW,77.50,0.638700,1.00,-1238.439,63.184,0.379131,0.366230
1372,2MTY,52.50,0.580400,1.00,-992.680,87.321,0.430057,0.122990
1373,2MU6,85.00,0.690800,1.00,-1502.601,34.946,0.194488,0.367470
1374,2MU7,81.25,0.688100,1.00,-1215.827,57.266,0.251181,0.306720
1375,2MU8,38.75,0.461800,1.00,-1281.772,66.252,0.535570,0.124280
1376,2MU9,75.00,0.633100,1.00,-1360.782,76.154,0.402337,0.384740
1377,2MUA,79.76,0.680800,1.00,-1198.315,69.494,0.278038,0.462530
1378,2MUB,89.29,0.726400,1.00,-3493.697,198.494,0.213910,0.801600
1379,2MUE,75.00,0.675300,1.00,-1435.740,50.529,0.320216,0.318340
1380,2MUF,86.25,0.702400,1.00,-1388.760,39.887,0.156357,0.367620
1381,2MUH,79.69,0.646700,1.00,-718.237,99.820,0.186795,0.321630
1382,2MUJ,67.86,0.608800,1.00,-1338.190,61.565,0.327406,0.310740
1383,2MUN,94.02,0.745200,1.00,-4115.384,167.665,0.087288,0.869490
1384,2MUQ,75.57,0.691200,1.00,-2952.624,197.649,0.465782,0.670630
1385,2MV6,59.69,0.691000,1.00,-3503.894,234.699,0.668187,0.538270
1386,2MVA,45.37,0.499300,1.00,-1087.350,113.751,0.712732,0.236930
1387,2MVH,64.42,0.628300,1.00,-1644.087,106.116,0.529363,0.370040
1388,2MVI,47.09,0.423000,1.00,-3257.745,252.776,0.456796,0.364700
1389,2MVJ,81.73,0.659800,1.00,-1963.215,67.012,0.200979,0.532740
1390,2MVK,53.85,0.547800,1.00,-1364.706,145.190,0.613616,0.315750
1391,2MVL,62.50,0.603700,1.00,-1364.706,145.190,0.494719,0.302650
1392,2MVM,50.57,0.616600,1.00,-2431.309,170.655,1.124585,0.417100
1393,2MVN,64.77,0.670800,1.00,-2431.309,170.655,0.638830,0.532080
1394,2MVT,87.77,0.691100,1.00,-4121.804,204.621,0.155841,0.800630
1395,2MW0,88.79,0.707200,1.00,-1941.621,150.403,0.210464,0.616330
1396,2MW3,38.10,0.495500,1.00,-1030.663,86.253,0.989894,0.095270
1397,2MW7,85.14,0.735200,1.00,-2231.486,198.822,0.214412,0.680550
1398,2MW9,83.78,0.709700,1.00,-2466.440,173.599,0.249872,0.688090
1399,2MWA,75.00,0.664200,1.00,-2626.304,163.631,0.430096,0.585600
1400,2MWB,80.41,0.691300,1.00,-2509.185,173.024,0.230855,0.650720
1401,2MWD,88.39,0.721200,1.00,-1710.643,131.376,0.116450,0.569890
1402,2MWE,85.71,0.699700,1.00,-1688.630,178.570,0.132680,0.496270
1403,2MWF,86.72,0.712500,1.00,-2005.811,165.064,0.123475,0.638640
1404,2MWJ,93.75,0.833900,1.00,-2409.940,235.085,0.099198,0.804700
1405,2MWK,95.14,0.837300,1.00,-2409.940,235.085,0.082498,0.819870
1406,2MWL,62.50,0.527000,1.00,-735.827,71.026,0.384570,0.234390
1407,2MWT,59.56,0.594600,1.00,-1905.044,166.846,0.602156,0.459750
1408,2MX4,86.67,0.742500,1.00,-3041.567,228.361,0.229934,0.772520
1409,2MXG,59.38,0.587000,1.00,-735.827,71.026,0.424439,0.248990
1410,2MXH,53.12,0.532300,1.00,-735.827,71.026,0.686408,0.270630
1411,2MXM,97.73,0.824200,1.00,-2264.079,161.221,0.065314,0.863470
1412,2MXO,87.50,0.690700,1.00,-2130.748,166.373,0.176035,0.698690
1413,2MXP,92.42,0.792500,1.00,-2624.016,135.910,0.242597,0.802140
1414,2MXQ,68.38,0.596700,1.00,-2127.838,147.407,0.308593,0.463810
1415,2MXV,75.00,0.651000,1.00,-2589.710,230.744,0.322447,0.583010
1416,2MYH,68.90,0.559700,1.00,-2433.372,243.212,0.362639,0.526440
1417,2MYL,92.50,0.769300,1.00,-1396.974,44.827,0.100306,0.414350
1418,2MYM,60.00,0.541400,1.00,-1467.839,67.193,0.453704,0.247860
1419,2MZ2,72.06,0.578900,1.00,-922.001,54.039,0.307983,0.267530
1420,2MZ3,72.06,0.601700,1.00,-922.001,54.039,0.371368,0.238970
1421,2MZ4,80.43,0.639800,1.00,-4115.384,167.665,0.196037,0.698330
1422,2MZ7,19.02,0.514300,1.00,-1280.762,356.526,1.409834,0.187730
1423,2MZA,66.18,0.554500,1.00,-922.001,54.039,0.418624,0.309310
1424,2MZX,52.50,0.440400,1.00,-450.410,77.892,0.347089,0.307740
1426,2N0X,40.62,0.513600,1.00,-529.247,127.915,0.739114,0.202840
1427,2N16,73.75,0.545300,1.00,-1153.289,86.546,0.294231,0.294710
1428,2N1C,67.39,0.552200,1.00,-1222.586,151.673,0.427988,0.322750
1429,2N1N,92.14,0.724600,1.00,-2468.785,181.898,0.117501,0.747680
1430,2N1P,68.33,0.635200,1.00,-1935.817,116.405,0.433238,0.457910
1431,2N1S,91.67,0.771000,1.00,-1915.794,142.657,0.112623,0.699550
1432,2N24,81.45,0.702000,1.00,-2079.487,175.041,0.354786,0.635020
1433,2N2C,42.44,0.624500,1.00,-1988.110,111.642,0.945758,0.323190
1434,2N2F,65.38,0.531300,1.00,-405.387,57.715,0.471343,0.345020
1435,2N2G,90.15,0.724500,1.00,-2127.394,169.731,0.164796,0.690510
1436,2N2S,79.69,0.656700,1.00,-2521.525,204.433,0.224805,0.567980
1437,2N3P,95.31,0.785600,1.00,-2043.702,177.120,0.150286,0.774230
1438,2N4K,58.14,0.579900,1.00,-1987.598,155.505,0.434181,0.412820
1439,2N4R,85.81,0.752000,1.00,-2358.818,208.266,0.477122,0.752890
1440,2N4S,83.78,0.725700,1.00,-2357.312,190.469,0.346037,0.712570
1441,2N4T,85.14,0.749000,1.00,-2298.995,185.453,0.324224,0.696660
1442,2N4U,83.11,0.713000,1.00,-2614.670,186.258,0.230479,0.662170
1443,2N4V,75.68,0.722900,1.00,-2350.677,178.087,0.530233,0.584350
1444,2N4W,84.46,0.737300,1.00,-2617.881,184.294,0.217468,0.669820
1445,2N58,85.00,0.652200,1.00,-2567.226,72.045,0.195552,0.583830
1446,2N5C,35.00,0.455900,1.00,-669.594,59.773,0.885136,0.176550
1447,2N5J,81.63,0.691000,1.00,-4937.396,116.662,0.271715,0.743130
1448,2N5K,81.03,0.666900,1.00,-1599.035,150.257,0.320490,0.558610
1449,2N5Q,89.81,0.696100,1.00,-1909.241,136.784,0.140737,0.630450
1450,2N5R,83.33,0.624000,1.00,-654.873,44.352,0.221184,0.488680
1451,2N63,43.75,0.465700,1.00,-735.827,71.026,0.550465,0.245500
1452,2N68,43.48,0.586600,1.00,-729.572,130.666,0.991628,0.160570
1453,2N6B,69.85,0.548500,1.00,-2504.269,194.420,0.262637,0.520420
1454,2N6M,78.57,0.718600,1.00,-1154.271,69.321,0.203149,0.326390
1455,2N6N,89.06,0.716800,1.00,-1913.890,183.379,0.115820,0.661900
1456,2N6O,82.86,0.663600,1.00,-2399.211,182.656,0.365770,0.676900
1457,2N6U,27.50,0.386900,1.00,-1327.154,28.627,0.927306,0.198350
1458,2N6V,42.71,0.456000,1.00,-1014.484,153.759,0.691638,0.180730
1459,2N7F,75.00,0.608600,1.00,-2618.323,257.234,0.239932,0.507150
1460,2N7I,72.30,0.713800,1.00,-2967.054,58.867,0.359500,0.613180
1461,2N85,70.12,0.722000,1.00,-2657.414,84.761,0.262763,0.645510
1462,2N8B,57.64,0.526900,1.00,-2152.199,289.231,0.508358,0.413610
1463,2N8E,72.79,0.601600,1.00,-1705.412,251.965,0.383915,0.495800
1464,2N8H,79.29,0.615000,1.00,-2220.058,159.970,0.240528,0.586060
1465,2N8S,85.26,0.752400,1.00,-2420.345,212.335,0.322204,0.723300
1466,2N8U,71.15,0.672500,1.00,-1906.750,206.890,0.361357,0.578020
1467,2N92,53.23,0.540400,1.00,-1840.982,67.336,0.705453,0.368200
1468,2N94,85.94,0.772300,1.00,-3202.230,220.357,0.226544,0.793890
1469,2N95,83.67,0.770000,1.00,-3070.989,317.491,0.296368,0.736460
1470,2N9C,35.00,0.474100,1.00,-425.075,113.934,0.727659,0.111550
1471,2N9M,60.94,0.578000,1.00,-735.827,71.026,0.512653,0.281270
1472,2N9N,56.25,0.497200,1.00,-735.827,71.026,0.503736,0.265790
1473,2N9O,79.76,0.757800,1.00,-3006.529,278.087,0.502946,0.717830
1474,2N9T,78.33,0.632500,1.00,-1929.518,224.228,0.231433,0.496110
1475,2N9Z,30.36,0.385800,1.00,-2408.987,331.452,0.917121,0.219030
1476,2NA3,89.58,0.606600,1.00,-795.011,30.187,0.173388,0.588420
1477,2NA8,58.52,0.653100,1.00,-3321.305,223.506,0.659681,0.536280
1478,2NA9,69.89,0.688000,1.00,-3879.371,110.508,0.355203,0.624430
1479,2NAB,73.17,0.682700,1.00,-2759.065,228.357,0.409366,0.607100
1480,2NAE,39.53,0.506100,1.00,-2017.936,204.910,0.719273,0.281910
1481,2NAJ,84.09,0.679200,1.00,-2144.809,182.029,0.187559,0.657690
1482,2NAL,89.58,0.703600,1.00,-875.074,25.153,0.210111,0.446600
1483,2NAT,39.29,0.498000,1.00,-1922.255,89.504,0.930341,0.240460
1484,2NAU,66.96,0.594900,1.00,-1634.385,63.366,0.353735,0.426050
1485,2NAW,57.69,0.586300,1.00,-3078.747,153.175,0.509541,0.471430
1486,2NB2,92.11,0.754900,1.00,-3336.496,107.625,0.121167,0.808080
1487,2NB5,67.65,0.441700,1.00,-797.543,106.138,0.303642,0.241330
1488,2NB6,95.31,0.825100,1.00,-920.726,59.440,0.109883,0.551920
1489,2NB7,33.82,0.461000,1.00,-433.982,89.663,0.775474,0.172980
1490,2NB8,57.41,0.575300,1.00,-1688.470,182.637,0.799333,0.460170
1491,2NB9,83.16,0.733700,1.00,-3330.885,276.954,0.297005,0.770830
1492,2NC3,90.91,0.814100,1.00,-2269.369,132.536,0.109915,0.713380
1493,2NC4,88.64,0.787700,1.00,-2269.369,132.536,0.145406,0.656510
1494,2NC5,92.42,0.801800,1.00,-2269.369,132.536,0.100794,0.756530
1495,2NC6,90.91,0.807600,1.00,-2269.369,132.536,0.150034,0.732520
1496,2NC7,76.39,0.645500,1.00,-955.808,83.804,0.240626,0.300880
1497,2NCS,71.53,0.678900,1.00,-2746.147,111.385,0.270046,0.509010
1498,2NCT,83.33,0.707000,1.00,-2746.147,111.385,0.318034,0.682730
1499,2NCU,65.48,0.582600,1.00,-1351.796,81.227,0.415148,0.244820
1500,2NCV,64.29,0.578900,1.00,-1329.383,78.600,0.567630,0.276760
1501,2NCW,59.37,0.619300,1.00,-1747.140,62.062,0.494620,0.324300
1502,2NCX,82.29,0.800200,1.00,-1661.461,29.807,0.192266,0.561010
1503,2NCY,66.67,0.660200,1.00,-1664.060,63.827,0.489513,0.430610
1504,2ND2,84.09,0.716900,1.00,-3838.172,157.213,0.175139,0.739070
1505,2ND3,94.74,0.799500,1.00,-2997.693,154.481,0.087743,0.825650
1506,2ND6,72.06,0.596400,1.00,-1086.062,43.639,0.279675,0.294700
1507,2ND7,72.06,0.613000,1.00,-1086.062,43.639,0.377837,0.258520
1508,2ND8,64.71,0.538200,1.00,-1086.062,43.639,0.425520,0.257500
1509,2NDB,62.76,0.519000,1.00,-2815.483,289.562,0.451335,0.520280
1510,2NDC,68.06,0.575200,1.00,-1150.155,38.051,0.408171,0.354270
1511,2NDE,56.94,0.515300,1.00,-964.591,48.483,0.468187,0.213250
1512,2NDI,50.54,0.534400,1.00,-2429.128,263.343,0.539852,0.330070
1513,2NDK,46.88,0.721700,1.00,-2947.128,60.048,0.956694,0.369040
1514,2NDL,82.81,0.716300,1.00,-973.682,77.027,0.156306,0.326740
1515,2NDM,65.38,0.490100,1.00,-592.952,55.051,0.294720,0.287750
1516,2NDN,81.25,0.677300,1.00,-738.685,59.676,0.169923,0.256780
1517,2NOR,85.00,0.651400,1.00,-430.182,50.640,0.129714,0.421450
1518,2NOU,87.50,0.664600,1.00,-480.940,50.369,0.124210,0.399720
1519,2NR1,79.63,0.710700,1.00,-1634.326,89.566,0.277992,0.577300
1520,2NS4,78.57,0.534500,1.00,-508.390,53.819,0.216307,0.327050
1521,2NVJ,57.00,0.538100,1.00,-1744.444,71.989,0.406178,0.240620
1522,2NX6,73.15,0.625000,1.00,-1554.951,183.189,0.271151,0.412690
1523,2NX7,70.54,0.620000,1.00,-1684.427,120.310,0.436249,0.469740
1526,2NZ3,62.50,0.581700,1.00,-3203.523,169.983,0.485119,0.403970
1527,2NZZ,36.49,0.472200,1.00,-2795.468,88.750,1.201719,0.215220
1528,2O00,36.49,0.443700,1.00,-2795.468,88.750,1.025086,0.224560
1529,2O0S,68.75,0.537000,1.00,-671.807,40.133,0.331554,0.316150
1530,2OBU,68.45,0.693600,1.00,-3022.557,93.186,0.459976,0.555740
1532,2OJM,94.32,0.747700,1.00,-1526.508,41.989,0.092099,0.487420
1533,2OJN,75.00,0.597500,1.00,-1379.705,35.665,0.353849,0.361330
1534,2OJO,84.09,0.771700,1.00,-1604.780,36.936,0.163527,0.497490
1535,2OP7,49.36,0.461500,1.00,-2456.000,272.248,0.943141,0.342200
1536,2OQ9,46.88,0.501400,1.00,-1081.065,173.838,0.578938,0.139100
1537,2ORU,80.00,0.673000,1.00,-1360.395,83.955,0.248643,0.252750
1538,2OVN,91.18,0.697200,1.00,-1170.800,30.543,0.195118,0.439160
1539,2OYV,63.46,0.548600,1.00,-430.448,107.534,0.286539,0.226460
1540,2OYW,78.85,0.625100,1.00,-430.448,107.534,0.190431,0.338900
1541,2P4L,60.87,0.433200,1.00,-2974.495,293.100,0.396788,0.521070
1542,2P5J,45.59,0.419700,1.00,-850.546,73.627,0.767100,0.128640
1543,2P81,65.91,0.590200,1.00,-3303.434,156.121,0.452970,0.530360
1544,2PCO,75.00,0.630800,1.00,-1559.727,53.270,0.391065,0.522180
1545,2PDD,83.72,0.675500,1.00,-3590.590,214.529,0.263011,0.732110
1546,2PDE,31.98,0.367900,1.00,-3590.590,214.529,0.732778,0.356630
1547,2PJV,57.26,0.567000,1.00,-1013.455,116.893,0.518732,0.366840
1548,2PO8,73.53,0.668500,1.00,-1814.052,203.988,0.369496,0.556030
1549,2PPZ,76.39,0.576800,1.00,-3230.526,125.026,0.218661,0.567400
1550,2PTA,90.71,0.735800,1.00,-2417.996,183.771,0.160720,0.749660
1551,2PV6,65.91,0.620600,1.00,-1960.171,61.434,0.343268,0.301310
1552,2RLG,84.72,0.595200,1.00,-1056.604,28.161,0.278095,0.455450
1553,2RLH,84.72,0.645400,1.00,-1056.604,28.161,0.270300,0.484390
1554,2RLJ,50.00,0.518200,1.00,-687.873,50.377,0.612968,0.247410
1555,2RLW,72.79,0.719000,1.00,-2001.210,79.736,0.285087,0.552860
1556,2RME,43.42,0.590700,1.00,-3021.043,77.324,0.746170,0.288080
1557,2RMF,71.88,0.703600,1.00,-3195.404,83.739,0.288434,0.543440
1558,2RMG,51.97,0.670000,1.00,-2729.975,92.202,0.555413,0.373920
1559,2RMH,55.92,0.630300,1.00,-2723.656,94.183,0.723525,0.474630
1560,2RMI,76.67,0.715300,1.00,-2225.735,86.902,0.193805,0.577960
1561,2RMV,50.00,0.514000,1.00,-1727.122,121.918,0.543063,0.243440
1562,2RMW,39.42,0.428000,1.00,-1675.057,154.392,0.672996,0.198420
1563,2RMY,69.12,0.702700,1.00,-2130.591,116.712,0.370762,0.564610
1564,2RMZ,72.09,0.712200,1.00,-3242.049,82.492,0.315261,0.617780
1565,2RN0,63.95,0.714600,1.00,-3242.049,82.492,0.507315,0.534700
1566,2RND,66.18,0.714100,1.00,-2130.591,116.712,0.447548,0.557340
1567,2ROO,75.00,0.655500,1.00,-2846.660,198.326,0.279095,0.593380
1568,2RPS,60.16,0.656200,1.00,-1525.923,155.182,0.513129,0.374910
1570,2RQ2,65.00,0.649200,1.00,-2024.572,33.723,0.531037,0.529790
1571,2RQZ,83.55,0.707800,1.00,-2626.905,195.962,0.189351,0.671540
1572,2RR0,75.66,0.647100,1.00,-2626.905,195.962,0.244964,0.567810
1573,2RR2,78.95,0.644500,1.00,-2626.905,195.962,0.186392,0.623150
1574,2RRH,76.72,0.726500,1.00,-2116.121,84.418,0.223394,0.550090
1575,2RRI,70.69,0.673900,1.00,-2116.121,84.418,0.281466,0.439190
1576,2RRS,62.50,0.572600,1.00,-992.154,87.421,0.480927,0.305730
1577,2RSH,72.30,0.658100,1.00,-2162.529,199.476,0.341111,0.555310
1578,2RSW,45.83,0.453400,1.00,-783.717,125.215,0.611707,0.183470
1579,2RT4,54.00,0.559000,1.00,-1089.616,123.222,0.791748,0.233220
1580,2RTY,96.67,0.767800,1.00,-1843.131,131.405,0.095504,0.794310
1581,2RTZ,91.38,0.717700,1.00,-2181.721,113.030,0.138087,0.645660
1582,2RU0,82.64,0.609600,1.00,-2626.542,129.077,0.214620,0.647390
1583,2RUM,43.42,0.479100,1.00,-773.979,134.014,0.592569,0.186130
1584,2RUN,77.78,0.647700,1.00,-1416.220,76.726,0.268460,0.313970
1585,2RUO,79.69,0.723100,1.00,-1047.337,41.382,0.155624,0.441310
1586,2RUT,85.42,0.785300,1.00,-2196.032,173.075,0.238536,0.704020
1587,2RUU,81.25,0.812400,1.00,-1905.895,159.913,0.292887,0.675280
1588,2RUV,82.43,0.789200,1.00,-2162.529,199.476,0.548388,0.748600
1589,2RUW,83.78,0.749300,1.00,-1943.285,185.793,0.246253,0.715480
1590,2RUX,80.56,0.721000,1.00,-2011.434,160.828,0.354510,0.683640
1591,2RUY,75.00,0.726500,1.00,-2191.694,190.550,0.558113,0.613380
1592,2RUZ,87.50,0.796300,1.00,-2277.884,141.686,0.224590,0.763940
1593,2RV0,79.05,0.790000,1.00,-2188.505,172.223,0.656979,0.700170
1594,2RV1,78.38,0.759100,1.00,-2445.675,186.569,0.453847,0.694530
1595,2RV2,85.42,0.817300,1.00,-1827.023,167.189,0.327900,0.735850
1596,2RV3,79.17,0.782700,1.00,-1533.814,140.413,0.401435,0.663040
1597,2RV4,87.16,0.733700,1.00,-1973.649,184.615,0.156662,0.711460
1598,2RV5,85.00,0.782400,1.00,-1933.419,173.329,0.432780,0.752870
1599,2RVD,87.50,0.642200,1.00,-403.235,114.570,0.112669,0.374150
1600,2SH1,74.48,0.631800,1.00,-2682.690,272.801,0.463584,0.666270
1601,2V1V,84.48,0.711600,1.00,-1912.991,155.463,0.161910,0.549130
1602,2VY4,78.38,0.684900,1.00,-2590.896,123.942,0.317829,0.637400
1603,2VY5,81.08,0.696900,1.00,-2590.896,123.942,0.283047,0.639780
1604,2W0T,83.72,0.721000,1.00,-2724.117,151.664,0.277853,0.702890
1605,2W9O,69.02,0.607000,1.00,-2768.558,350.717,0.481994,0.597450
1606,2W9U,70.65,0.633100,1.00,-2742.740,255.478,0.545571,0.601820
1607,2W9V,80.68,0.667900,1.00,-2651.852,219.742,0.353353,0.709350
1608,2W9W,75.00,0.672300,1.00,-2661.647,230.178,0.405416,0.630050
1609,2WH9,86.81,0.737900,1.00,-2520.982,155.306,0.207426,0.711180
1610,2WXC,85.64,0.740800,1.00,-3651.202,155.143,0.252451,0.751360
1611,2XL1,66.67,0.620900,1.00,-1552.517,102.811,0.731986,0.513710
1612,2YRH,60.80,0.682200,1.00,-1885.272,214.282,0.789820,0.515160
1613,2YRJ,66.85,0.741500,1.00,-2036.619,246.823,0.656038,0.573460
1614,2YRM,70.93,0.730500,1.00,-2048.792,217.396,0.501703,0.584970
1615,2YSB,81.12,0.818400,1.00,-2808.217,262.061,0.412105,0.728830
1616,2YSC,82.69,0.767500,1.00,-2285.095,163.792,0.310536,0.636700
1617,2YSF,87.50,0.782000,1.00,-2406.920,224.284,0.259676,0.734820
1618,2YSG,79.38,0.720900,1.00,-2487.046,159.427,0.359901,0.641950
1619,2YSH,70.62,0.688900,1.00,-1975.200,186.155,0.635161,0.593470
1620,2YSI,70.00,0.734000,1.00,-2072.215,216.421,0.767497,0.609310
1621,2YSO,57.61,0.664500,1.00,-2490.437,242.355,0.988051,0.496600
1622,2YSP,65.76,0.706200,1.00,-2221.525,216.726,0.845869,0.576890
1623,2YSV,59.52,0.653500,1.00,-1881.469,175.490,0.787301,0.471510
1624,2YTA,73.17,0.747400,1.00,-1946.729,164.052,0.463066,0.640410
1625,2YTB,71.43,0.758700,1.00,-2025.669,194.409,0.506204,0.590360
1626,2YTD,68.48,0.759700,1.00,-2128.636,203.395,0.670817,0.594660
1627,2YTE,70.24,0.722000,1.00,-2163.550,171.648,0.631455,0.605500
1628,2YTF,67.39,0.733100,1.00,-2038.209,239.562,0.589803,0.588830
1629,2YTG,68.48,0.721700,1.00,-1953.894,272.222,0.686167,0.596350
1630,2YTH,63.04,0.728100,1.00,-1917.599,293.085,0.682886,0.539930
1631,2YTI,67.93,0.726500,1.00,-2065.235,199.991,0.670295,0.601790
1632,2YTJ,65.76,0.708700,1.00,-2295.308,218.227,0.782190,0.579830
1633,2YTK,65.22,0.734000,1.00,-2171.352,227.950,0.637150,0.569390
1634,2YTM,57.61,0.622600,1.00,-1974.840,220.929,0.850593,0.478250
1635,2YTN,64.13,0.707700,1.00,-1965.547,195.073,0.833134,0.542020
1636,2YTO,65.76,0.728400,1.00,-2034.591,225.021,0.751902,0.579450
1637,2YTP,63.04,0.710200,1.00,-2073.577,231.054,0.990113,0.565090
1638,2YTQ,65.76,0.712700,1.00,-2161.436,221.111,0.614475,0.559430
1639,2YTR,65.22,0.734400,1.00,-2037.494,207.810,0.640034,0.553000
1640,2YTS,67.93,0.769200,1.00,-2146.813,245.969,0.577779,0.588450
1641,2YTT,66.85,0.651500,1.00,-2373.630,247.845,0.588058,0.558400
1642,2YU5,65.34,0.727100,1.00,-2300.437,221.876,0.586250,0.553830
1643,2YU8,63.04,0.750600,1.00,-1961.791,279.535,0.971136,0.564140
1644,2YYF,43.33,0.452700,1.00,-661.517,94.083,0.655762,0.242930
1645,2Z3S,77.56,0.642400,1.00,-3139.147,151.304,0.209648,0.601090
1646,2ZAJ,70.41,0.704900,1.00,-2751.843,339.689,0.496124,0.610740
1647,2ZNF,94.44,0.735800,1.00,-845.769,77.884,0.096250,0.504590
1648,3BBG,59.38,0.531600,1.00,-2930.041,174.367,0.672081,0.448310
1649,3CMH,73.33,0.567900,1.00,-1048.938,55.169,0.426913,0.319810
1650,3CTI,93.97,0.749200,1.00,-1965.744,131.825,0.104812,0.753620
1651,3LEU,49.32,0.575400,1.00,-1867.217,176.919,0.773248,0.403810
1652,3MRA,79.00,0.771300,1.00,-1948.148,43.834,0.215396,0.528340
1653,3ZNF,90.83,0.745000,1.00,-1972.491,117.621,0.138720,0.692060
1654,4A24,87.77,0.746500,1.00,-3353.668,267.995,0.232670,0.800740
1655,4APD,56.45,0.569500,1.00,-1977.045,79.413,0.482097,0.380650
1656,4B19,75.00,0.764800,1.00,-2402.472,89.870,0.254779,0.433460
1658,4B2U,37.50,0.364800,1.00,-2576.850,225.059,0.879838,0.198900
1659,4B2V,82.81,0.640200,1.00,-1929.330,206.806,0.241085,0.630710
1660,4BMF,86.18,0.716000,1.00,-2254.239,212.658,0.159214,0.711030
1661,4CYK,73.78,0.720500,1.00,-2440.426,174.628,0.456998,0.600030
1662,4ZNF,90.83,0.726700,1.00,-1972.491,117.621,0.157389,0.660130
1663,5A4H,32.05,0.496200,1.00,-1469.488,272.912,1.063534,0.238360
1664,5AAY,87.50,0.764600,1.00,-1982.890,131.637,0.195285,0.735370
1665,5AAZ,81.25,0.755100,1.00,-2048.636,150.929,0.388956,0.624410
1666,5AHT,79.65,0.680400,1.00,-2856.355,262.651,0.344544,0.683770
1667,5FZV,76.56,0.658200,1.00,-1984.946,174.287,0.386889,0.604300
1668,5FZW,72.73,0.627800,1.00,-2302.354,241.893,0.514001,0.531160
1669,5FZX,85.42,0.722600,1.00,-2303.648,218.202,0.214712,0.699810
1671,5GSF,72.22,0.598200,1.00,-1983.791,150.339,0.228661,0.351990
1672,5GVO,31.94,0.501100,1.00,-812.117,136.657,1.080185,0.218590
1673,5H1H,53.12,0.551000,1.00,-556.501,72.098,0.659010,0.221330
1674,5H1I,38.89,0.397500,1.00,-671.306,87.021,0.749926,0.140490
1675,5H2S,80.00,0.655200,1.00,-1241.685,27.460,0.253165,0.454390
1676,5I1X,88.89,0.684000,1.00,-2257.138,202.879,0.163944,0.711040
1677,5I2P,90.97,0.707200,1.00,-2367.127,186.375,0.151867,0.781450
1678,5ID5,73.00,0.682400,1.00,-1665.980,69.370,0.489676,0.433560
1679,5IJ4,92.86,0.798600,1.00,-3517.422,284.941,0.190928,0.845300
1680,5ION,92.24,0.783000,1.00,-2076.118,114.148,0.104767,0.714400
1681,5IPO,72.40,0.605700,1.00,-3250.388,219.507,0.626426,0.658560
1682,5J8T,80.32,0.657700,1.00,-2874.179,327.603,0.188175,0.701980
1683,5JHI,97.14,0.788200,1.00,-2513.613,149.464,0.068697,0.869800
1684,5JI4,98.65,0.842000,1.00,-2952.901,139.745,0.069741,0.908620
1685,5JPL,39.71,0.430200,1.00,-777.040,151.438,0.872062,0.187190
1686,5JPX,83.33,0.632000,1.00,-3195.241,229.059,0.167426,0.714810
1687,5JYH,74.43,0.584300,1.00,-2983.631,212.103,0.640709,0.666310
1688,5KGY,86.36,0.645200,1.00,-1636.169,76.968,0.159699,0.359870
1689,5KGZ,48.30,0.538600,1.00,-3272.552,170.278,0.585215,0.354210
1690,5KHB,86.90,0.694400,1.00,-1494.432,14.917,0.222746,0.391460
1691,5KI0,44.74,0.448300,1.00,-164.185,100.846,0.495190,0.133160
1692,5KKM,88.64,0.815300,1.00,-1315.243,105.873,0.147280,0.561870
1693,5KVN,94.44,0.779900,1.00,-2095.761,155.676,0.092520,0.756720
1694,5KWO,93.27,0.752600,1.00,-1925.381,90.158,0.129456,0.690000
1695,5KWX,71.00,0.523200,1.00,-1545.694,104.640,0.223975,0.295190
1696,5KWZ,98.08,0.801800,1.00,-1802.458,73.913,0.059994,0.804280
1697,5KX0,63.46,0.468100,1.00,-1886.395,139.041,0.434924,0.403150
1698,5KX1,90.91,0.762900,1.00,-1258.928,56.858,0.102902,0.395920
1699,5KX2,93.06,0.706400,1.00,-823.709,102.231,0.109749,0.446220
1700,5L1C,83.33,0.688100,1.00,-2575.767,167.642,0.188841,0.655900
1701,5L82,50.68,0.498600,1.00,-2317.411,205.155,0.660593,0.370600
1702,5LAH,30.00,0.371000,1.00,-3143.613,296.123,0.902970,0.305870
1703,5LBJ,88.57,0.789500,1.00,-2904.063,59.782,0.119985,0.696520
1704,5LCS,63.83,0.579200,1.00,-3399.199,324.972,1.113961,0.550970
1705,5LM0,95.54,0.727200,1.00,-1936.676,71.477,0.096278,0.769860
1706,5LME,79.07,0.691600,1.00,-2447.916,196.138,0.391490,0.682910
1707,5M9U,92.86,0.701300,1.00,-1334.901,93.060,0.118953,0.436870
1708,5N5A,43.24,0.539100,1.00,-1030.161,331.408,0.782636,0.271710
1709,5N5B,37.50,0.563900,1.00,-949.152,249.751,0.657764,0.216640
1710,5NAM,64.06,0.679000,1.00,-3754.110,103.343,0.541513,0.534470
1711,5NAO,78.57,0.749900,1.00,-2625.610,63.410,0.461564,0.663660
1712,5NDA,79.55,0.749000,1.00,-2270.254,75.446,0.206800,0.628240
1713,5NVB,38.33,0.501300,1.00,-415.012,62.701,0.554633,0.216590
1714,5OAP,79.17,0.656600,1.00,-751.152,67.131,0.264182,0.444320
1715,5T3M,96.43,0.764700,1.00,-2414.282,188.604,0.092249,0.834650
1716,5T42,43.09,0.606300,1.00,-3299.429,158.723,0.982881,0.418250
1717,5T4R,88.57,0.714300,1.00,-2403.233,163.415,0.252053,0.744640
1718,5T7Q,72.62,0.693800,1.00,-1139.619,74.764,0.601967,0.371230
1719,5TCZ,71.88,0.501700,1.00,-1888.612,185.544,0.313210,0.479390
1720,5TJ1,36.84,0.533700,1.00,-616.481,151.320,1.219830,0.141140
1721,5TX8,92.86,0.775100,1.00,-2109.815,86.251,0.122570,0.781770
1722,5UG3,71.05,0.559700,1.00,-1012.847,59.359,0.298767,0.300460
1723,5UG5,69.74,0.626800,1.00,-1123.702,67.563,0.469511,0.300020
1724,5UI6,40.28,0.506100,1.00,-371.176,116.718,1.337993,0.170050
1725,5UI7,46.05,0.448300,1.00,-726.190,113.427,0.585694,0.158010
1726,5UJG,79.17,0.652000,1.00,-1548.425,89.538,0.203846,0.336350
1727,5UJH,61.96,0.494800,1.00,-1267.328,100.341,0.375687,0.176900
1728,5UJQ,81.90,0.693700,1.00,-1869.035,74.278,0.250813,0.464880
1729,5UJR,66.67,0.650200,1.00,-2101.346,82.157,0.527133,0.466350
1730,5UKZ,51.14,0.541000,1.00,-2300.936,257.097,0.884516,0.442830
1731,5UOI,88.37,0.657800,1.00,-3639.931,144.393,0.177168,0.788220
1732,5UP5,84.38,0.616400,1.00,-3320.489,205.082,0.173041,0.684240
1733,5UY2,47.50,0.518400,1.00,-1313.426,49.366,0.555854,0.161950
1734,5UZL,37.12,0.526000,1.00,-1297.091,294.761,1.055513,0.242300
1735,5V0Y,98.81,0.744500,1.00,-1511.775,94.749,0.052819,0.568070
1736,5V11,91.67,0.781000,1.00,-1203.983,124.401,0.098883,0.402000
1737,5V2B,56.25,0.626200,1.00,-1319.256,49.289,0.428812,0.142070
1738,5V4C,48.53,0.473700,1.00,-269.072,100.745,0.485977,0.190560
1739,5V4U,78.75,0.687400,1.00,-2794.920,118.428,0.240523,0.644860
1740,5VAV,87.50,0.721700,1.00,-616.914,61.810,0.126648,0.318150
1741,5VFW,56.00,0.452800,1.00,-1971.566,58.074,0.467936,0.311180
1742,5VL6,30.88,0.430600,1.00,-275.240,77.489,0.659588,0.121910
1743,5VR5,56.25,0.524400,1.00,-1314.400,54.386,0.402590,0.201650
1744,5W54,55.00,0.530300,1.00,-897.332,206.170,0.515523,0.289260
1745,5W9F,90.85,0.742600,1.00,-3376.976,183.034,0.114058,0.803010
1746,5WCV,52.59,0.448400,1.00,-1518.067,253.084,0.493730,0.278150
1747,5WE3,82.35,0.679600,1.00,-2482.284,193.625,0.205002,0.616870
1748,5WOD,85.53,0.723500,1.00,-3012.321,65.543,0.132430,0.663580
1749,5WOV,78.68,0.673600,1.00,-2027.392,160.915,0.310626,0.600850
1750,5WOW,69.87,0.570100,1.00,-2479.414,217.876,0.549193,0.570580
1751,5WRX,48.08,0.524000,1.00,-407.354,62.762,0.774789,0.164850
1752,5WUZ,65.12,0.572800,1.00,-3166.277,191.167,0.306254,0.481940
1753,5WXE,85.71,0.681700,1.00,-2147.495,141.842,0.191388,0.563250
1754,5WYE,48.44,0.482200,1.00,-697.124,65.886,0.522096,0.258200
1755,5X34,95.14,0.838900,1.00,-2328.688,229.237,0.087384,0.815080
1756,5X35,97.92,0.857400,1.00,-2328.688,229.237,0.062558,0.882930
1757,5X36,97.92,0.853100,1.00,-2328.688,229.237,0.065177,0.882730
1758,5X37,97.22,0.846500,1.00,-2328.688,229.237,0.069844,0.865180
1759,5X38,98.61,0.885700,1.00,-2328.688,229.237,0.056770,0.903740
1760,5X39,96.53,0.864400,1.00,-2430.766,229.091,0.071394,0.852060
1761,5X3C,97.22,0.837300,1.00,-2295.990,184.322,0.070824,0.869180
1762,5X3L,81.25,0.694900,1.00,-1292.692,87.128,0.224575,0.312860
1763,5XA6,72.37,0.569800,1.00,-2559.814,191.227,0.293033,0.552260
1764,5XBD,68.06,0.541000,1.00,-2106.438,222.529,0.307240,0.461040
1765,5XDI,65.62,0.551400,1.00,-2965.770,231.069,0.300809,0.467950
1766,5XDJ,90.48,0.783100,1.00,-1132.284,71.808,0.096838,0.473850
1767,5XEK,76.79,0.633800,1.00,-3426.458,196.499,0.272492,0.628470
1768,5XIV,65.00,0.520200,1.00,-1110.733,118.194,0.387165,0.143780
1769,5XM4,33.82,0.578900,1.00,-544.544,85.371,1.149780,0.208210
1770,5XNG,92.65,0.736900,1.00,-1468.218,28.616,0.107786,0.462740
1771,5XO3,67.86,0.656100,1.00,-985.195,82.014,0.342323,0.222560
1772,5XO4,70.24,0.680900,1.00,-927.581,91.720,0.308112,0.253120
1773,5XO5,60.71,0.549900,1.00,-780.174,104.510,0.544235,0.183340
1774,5XRX,57.35,0.512700,1.00,-1468.218,28.616,0.558007,0.274160
1775,5Y0H,88.10,0.701700,1.00,-1151.684,107.126,0.195669,0.358050
1776,5Y0I,90.48,0.741600,1.00,-1218.368,91.971,0.116505,0.415840
1777,5Y0J,85.71,0.745700,1.00,-1196.388,142.093,0.143444,0.309440
1778,5Y22,85.23,0.704600,1.00,-1385.411,102.823,0.283485,0.411270
1779,5Y3U,78.41,0.706900,1.00,-1385.411,102.823,0.308207,0.378100
1780,5YKK,65.28,0.558600,1.00,-1085.559,55.665,0.370455,0.292130
1781,5YKL,61.84,0.547800,1.00,-1195.324,35.993,0.416971,0.225710
1782,5YKQ,63.16,0.522800,1.00,-1138.741,52.857,0.391787,0.286740
1783,5YZ6,90.82,0.719500,1.00,-4326.783,225.685,0.121201,0.820660
1784,5YZK,92.35,0.751900,1.00,-4351.721,206.131,0.107749,0.840000
1785,5Z1Y,44.05,0.515000,1.00,-863.767,125.567,0.848288,0.259540
1786,5Z26,54.17,0.518300,1.00,-828.003,36.590,0.563608,0.250480
1787,5Z2O,90.28,0.719500,1.00,-1112.741,30.793,0.157593,0.527830
1788,5Z31,33.33,0.472000,1.00,-533.567,105.215,0.977485,0.178410
1789,5Z32,31.94,0.438700,1.00,-563.174,89.328,0.708833,0.149130
1790,5Z5W,81.25,0.581600,1.00,-747.847,31.037,0.233528,0.379530
1791,5Z5X,69.44,0.555200,1.00,-1383.621,28.530,0.433088,0.358890
1792,5ZCN,32.14,0.391500,1.00,-1068.459,81.487,0.819387,0.136600
1793,5ZNF,95.83,0.799400,1.00,-1959.255,131.625,0.099240,0.786990
1794,5ZV6,81.67,0.686500,1.00,-1840.550,118.327,0.217360,0.498500
1795,5ZYX,65.00,0.544400,1.00,-1401.946,38.783,0.543281,0.337350
1796,6A5J,80.77,0.647600,1.00,-663.888,30.065,0.218752,0.368260
1797,6A8Y,27.88,0.426000,1.00,-865.808,205.600,0.832217,0.198130
1798,6AAB,66.67,0.672800,1.00,-927.581,91.720,0.713437,0.289330
1799,6AFQ,76.19,0.687000,1.00,-985.195,82.014,0.338038,0.324700
1800,6AHZ,51.43,0.582500,1.00,-1850.975,199.584,0.591871,0.394460
1801,6AK0,54.76,0.484500,1.00,-1046.481,245.131,0.476058,0.128930
1802,6AX2,79.89,0.662300,1.00,-2983.175,258.357,0.208329,0.685600
1803,6B3U,66.25,0.730900,1.00,-3391.700,144.754,0.471940,0.519430
1804,6B5W,39.47,0.543200,1.00,-569.164,162.217,1.187735,0.169420
1805,6B9K,65.00,0.533700,1.00,-278.707,45.265,0.289732,0.176310
1806,6B9W,80.88,0.661800,1.00,-2839.011,116.835,0.295311,0.612850
1807,6BAM,84.56,0.622700,1.00,-2656.476,163.358,0.213936,0.677040
1808,6BB6,83.82,0.668000,1.00,-2801.419,120.774,0.249104,0.658710
1809,6BEQ,42.50,0.550700,1.00,-251.137,39.894,0.605939,0.198840
1810,6BET,45.83,0.576600,1.00,-368.974,60.051,0.640088,0.208060
1811,6BEU,50.00,0.539900,1.00,-596.871,112.340,0.513238,0.177440
1812,6BI5,81.45,0.674300,1.00,-2473.294,144.782,0.267701,0.617790
1813,6BJF,98.08,0.744800,1.00,-956.034,34.187,0.070495,0.488440
1814,6BUC,93.06,0.803700,1.00,-2280.121,172.315,0.117816,0.831970
1815,6BVU,62.50,0.514600,1.00,-490.300,141.620,0.350642,0.237520
1816,6BVW,62.50,0.491600,1.00,-490.300,141.620,0.453061,0.186720
1817,6BVX,58.93,0.379100,1.00,-692.620,82.098,0.433680,0.235380
1818,6BX9,50.00,0.450300,1.00,-775.589,66.028,0.553539,0.195320
1819,6CEG,93.33,0.712800,1.00,-1685.900,167.602,0.110220,0.753170
1820,6CEI,79.69,0.662800,1.00,-1826.371,201.834,0.278827,0.683110
1821,6CEJ,58.93,0.504400,1.00,-549.833,61.595,0.373434,0.251580
1822,6CFA,81.58,0.716500,1.00,-1062.443,59.860,0.176445,0.267560
1823,6CFB,64.52,0.504000,1.00,-1721.632,190.017,0.481591,0.434560
1824,6CGW,75.00,0.584400,1.00,-1934.774,181.315,0.268427,0.401080
1825,6CGX,70.45,0.667000,1.00,-1163.451,87.767,0.665042,0.430820
1826,6CHC,61.67,0.476300,1.00,-1995.408,177.612,0.419857,0.331230
1829,6CJ8,83.82,0.620300,1.00,-1153.917,45.075,0.197069,0.352940
1830,6CKD,90.97,0.746600,1.00,-2731.197,149.897,0.104382,0.746300
1831,6CKF,88.89,0.741100,1.00,-2731.197,149.897,0.141486,0.733310
1832,6CMH,58.33,0.508300,1.00,-1098.852,188.725,0.554143,0.298760
1833,6COO,83.82,0.642100,1.00,-1290.310,35.581,0.150142,0.351200
1834,6COP,88.24,0.626000,1.00,-1227.444,50.974,0.158578,0.388640
1835,6COQ,83.82,0.650200,1.00,-1269.406,38.564,0.170921,0.369070
1836,6COR,86.76,0.694300,1.00,-1154.505,40.331,0.230339,0.391930
1837,6COS,67.65,0.570500,1.00,-1153.917,45.075,0.363891,0.324260
1838,6COT,72.06,0.640900,1.00,-1322.043,23.191,0.321564,0.332580
1839,6COU,82.35,0.638600,1.00,-1202.050,40.305,0.287405,0.526430
1840,6COV,72.06,0.600600,1.00,-1322.043,23.191,0.414976,0.327650
1841,6COW,85.29,0.665600,1.00,-1153.917,45.075,0.203365,0.388330
1842,6CSK,82.89,0.741900,1.00,-1157.716,32.881,0.125118,0.409260
1843,6CSZ,89.47,0.712100,1.00,-997.696,37.433,0.238003,0.464450
1844,6CT1,73.68,0.642000,1.00,-1253.367,61.544,0.333717,0.432360
1845,6CT4,82.89,0.667300,1.00,-1035.265,100.604,0.267157,0.482180
1846,6D3T,95.83,0.751000,1.00,-2063.472,111.178,0.084883,0.797630
1847,6D8H,95.31,0.772300,1.00,-2228.811,122.503,0.095145,0.797410
1848,6D8Q,95.97,0.820500,1.00,-2083.398,106.732,0.104356,0.838660
1849,6D8R,91.13,0.719800,1.00,-2207.233,132.204,0.140936,0.713740
1850,6D8S,94.35,0.763100,1.00,-2092.562,142.698,0.100458,0.762300
1851,6D8T,93.55,0.697600,1.00,-2170.556,155.478,0.113166,0.762390
1852,6D8U,96.77,0.722700,1.00,-2146.316,123.454,0.103784,0.805170
1853,6D8Y,91.13,0.717600,1.00,-1992.725,149.595,0.147633,0.730370
1854,6D93,95.97,0.739800,1.00,-1975.107,142.090,0.119938,0.765880
1855,6D9O,91.13,0.701700,1.00,-2196.195,108.127,0.153599,0.718260
1856,6D9P,92.74,0.731400,1.00,-2128.081,148.406,0.100481,0.720060
1857,6DHR,93.10,0.765100,1.00,-1891.568,170.408,0.228229,0.737020
1858,6DMZ,88.30,0.727100,1.00,-3331.279,211.807,0.121575,0.801000
1859,6DST,68.27,0.691400,1.00,-1829.589,45.708,0.314872,0.413650
1860,6DZ9,42.86,0.561800,1.00,-388.947,68.107,1.089088,0.283800
1861,6DZA,40.62,0.525200,1.00,-484.489,80.159,0.965428,0.165740
1862,6DZB,40.62,0.518900,1.00,-432.279,76.407,1.040770,0.180540
1863,6DZC,50.00,0.614800,1.00,-407.755,105.649,1.147138,0.222870
1864,6DZE,40.62,0.517600,1.00,-433.286,97.694,0.835335,0.179280
1865,6E1L,76.04,0.602000,1.00,-1490.086,96.656,0.279408,0.434070
1867,6EFE,74.07,0.644500,1.00,-2075.233,89.773,0.228965,0.399040
1868,6ENA,95.97,0.818800,1.00,-1930.983,249.756,0.085206,0.798130
1869,6F46,46.43,0.548400,1.00,-2634.020,57.938,0.874857,0.380110
1870,6F61,91.13,0.761500,1.00,-1895.554,127.914,0.146890,0.727550
1871,6FGM,91.67,0.737200,1.00,-663.959,49.523,0.104850,0.481110
1872,6FS4,66.13,0.668300,1.00,-2395.274,111.497,0.553939,0.545120
1873,6FS5,60.90,0.651700,1.00,-3205.612,107.770,0.536590,0.457590
1874,6G4I,78.12,0.742500,1.00,-1576.913,59.268,0.194473,0.392000
1875,6G4K,71.88,0.710400,1.00,-1576.913,59.268,0.284541,0.366020
1876,6G4U,63.54,0.696300,1.00,-1576.913,59.268,0.493753,0.392920
1877,6G4V,63.54,0.624100,1.00,-1503.304,87.509,0.435299,0.371920
1878,6G4X,58.33,0.625400,1.00,-1503.304,87.509,0.494777,0.381320
1880,6GIF,77.50,0.699000,1.00,-2096.045,114.215,0.330538,0.542710
1881,6GIG,63.33,0.681100,1.00,-2012.536,103.962,0.509831,0.468680
1882,6GIJ,75.00,0.625300,1.00,-699.368,47.352,0.338046,0.356670
1883,6GIK,63.46,0.570900,1.00,-796.608,30.388,0.342082,0.345200
1884,6GIL,44.23,0.519000,1.00,-612.616,28.450,0.465866,0.237450
1885,6GNZ,66.67,0.675700,1.00,-1822.672,51.785,0.421098,0.394940
1886,6GO0,75.96,0.722500,1.00,-1363.690,66.687,0.396488,0.474060
1887,6GS5,82.69,0.686100,1.00,-977.724,33.824,0.225584,0.397060
1888,6GS9,90.62,0.771400,1.00,-988.119,13.728,0.109549,0.355090
1889,6HH0,69.00,0.651000,1.00,-1604.358,58.257,0.325914,0.317110
1890,6HN9,59.09,0.650700,1.00,-2348.908,42.813,0.634805,0.516720
1891,6HT4,75.00,0.621600,1.00,-895.616,97.273,0.257507,0.216870
1892,6HZ2,70.37,0.703900,1.00,-1767.488,21.355,0.235299,0.438580
1893,6IHA,80.00,0.777100,1.00,-1743.790,66.951,0.184086,0.512370
1894,6ITH,68.29,0.732800,1.00,-3432.501,64.593,0.475054,0.739220
1895,6J12,46.43,0.527200,1.00,-1922.255,89.504,0.969694,0.286750
1896,6J9P,93.75,0.644200,1.00,-725.618,36.721,0.142255,0.447550
1897,6JI7,63.89,0.558000,1.00,-2340.552,236.215,0.351814,0.422710
1898,6JIC,87.50,0.689800,1.00,-2532.044,201.389,0.119046,0.712830
1899,6K4V,46.25,0.472700,1.00,-1761.644,296.018,0.966914,0.376160
1900,6K4W,46.67,0.557000,1.00,-2334.672,232.165,0.610685,0.331380
1901,6K50,92.50,0.771100,1.00,-2906.908,194.999,0.103493,0.816780
1902,6K51,90.00,0.776800,1.00,-2877.930,175.772,0.111072,0.797520
1903,6KLM,79.41,0.613200,1.00,-2403.652,207.636,0.259183,0.554880
1904,6KRA,87.88,0.741600,1.00,-2199.485,146.695,0.164588,0.675910
1905,6L8R,42.42,0.512300,1.00,-703.531,283.694,0.749255,0.252010
1906,6LF5,93.38,0.758200,1.00,-2621.191,165.342,0.094994,0.791570
1907,6M0Y,85.42,0.617800,1.00,-705.124,23.817,0.227989,0.465010
1908,6M19,40.00,0.446900,1.00,-792.514,42.078,0.730519,0.102660
1909,6M56,34.17,0.226200,1.00,-2131.016,209.627,1.357725,0.229250
1910,6M5C,75.64,0.644700,1.00,-2525.736,207.199,0.236645,0.584590
1911,6MBM,85.94,0.668500,1.00,-1103.894,36.838,0.142362,0.402230
1912,6MF8,48.91,0.604600,1.00,-3244.830,133.251,1.424212,0.427350
1913,6MJV,79.69,0.643500,1.00,-1725.780,161.029,0.214995,0.546350
1914,6MK4,94.17,0.694600,1.00,-1965.983,173.477,0.096176,0.747580
1915,6MK5,88.24,0.700300,1.00,-2431.777,172.257,0.190475,0.702430
1916,6MM4,87.12,0.687500,1.00,-2056.538,228.734,0.160889,0.663360
1917,6MW6,42.11,0.439800,1.00,-918.943,48.428,0.926331,0.196680
1918,6MZT,91.22,0.742600,1.00,-2418.101,161.577,0.116598,0.782250
1919,6NK9,85.16,0.725700,1.00,-1988.761,93.825,0.283134,0.681990
1920,6NOM,55.32,0.512000,1.00,-3290.696,285.297,0.561941,0.469110
1921,6NOX,87.50,0.706500,1.00,-653.719,66.269,0.117366,0.376670
1922,6NUG,79.17,0.642200,1.00,-1581.393,70.988,0.196236,0.345550
1923,6NW8,65.74,0.515200,1.00,-1390.365,244.090,0.461278,0.409240
1924,6O3Q,82.65,0.737400,1.00,-3960.291,146.701,0.296982,0.737910
1925,6O3S,78.72,0.659800,1.00,-3670.861,120.020,0.238565,0.700470
1931,6OBK,67.44,0.555200,1.00,-4658.603,117.007,0.307069,0.577730
1932,6OBW,60.29,0.505100,1.00,-1179.141,46.960,0.479959,0.268820
1933,6OC2,48.53,0.479400,1.00,-1135.039,41.299,0.437081,0.231860
1934,6OC4,63.24,0.575200,1.00,-1238.271,39.961,0.410425,0.301950
1935,6OFA,87.88,0.760100,1.00,-2914.467,115.129,0.184026,0.687140
1936,6OLD,64.71,0.532900,1.00,-1238.271,39.961,0.443198,0.298740
1937,6OQP,71.15,0.550000,1.00,-650.029,75.577,0.292973,0.252090
1938,6OTA,54.69,0.504600,1.00,-654.871,122.725,0.417197,0.230890
1939,6OTB,55.26,0.459900,1.00,-946.841,72.129,0.665979,0.169780
1940,6OVJ,55.77,0.510400,1.00,-616.470,57.978,0.470079,0.267530
1941,6PIN,95.83,0.818500,1.00,-1078.370,81.054,0.071974,0.461350
1942,6PIO,93.06,0.763800,1.00,-1014.316,93.234,0.103739,0.451790
1943,6PIP,100.00,0.837400,1.00,-1023.449,80.356,0.054366,0.569250
1945,6POR,38.39,0.490800,1.00,-1430.863,109.442,1.083935,0.178780
1946,6PPC,82.58,0.712800,1.00,-1751.157,143.197,0.206780,0.610440
1947,6PX7,77.94,0.645400,1.00,-1943.750,185.672,0.372932,0.560880
1948,6PX8,83.78,0.685800,1.00,-2580.777,167.816,0.297729,0.711180
1949,6Q1X,27.27,0.556400,1.00,-1066.814,173.764,1.512055,0.202810
1950,6Q5Z,65.52,0.506800,1.00,-1553.158,212.828,0.475780,0.414040
1951,6QAX,71.15,0.651400,1.00,-199.764,56.096,0.309992,0.312890
1952,6QB0,55.77,0.586500,1.00,-180.553,74.771,0.418175,0.225100
1953,6QB1,67.31,0.661100,1.00,-190.414,48.137,0.342522,0.298870
1954,6QES,88.75,0.742000,1.00,-3167.867,257.868,0.155016,0.762660
1955,6QET,79.76,0.703600,1.00,-2687.096,192.744,0.295662,0.668090
1956,6QJB,85.00,0.695500,1.00,-2553.260,194.407,0.195937,0.707780
1957,6QKF,86.11,0.700800,1.00,-961.215,70.561,0.255822,0.371190
1958,6R2X,73.00,0.617800,1.00,-1966.190,52.339,0.361265,0.578710
1959,6R95,62.50,0.656100,1.00,-1656.719,51.483,0.391141,0.317850
1960,6R96,55.21,0.650400,1.00,-1656.719,51.483,0.581663,0.319440
1961,6RRL,91.67,0.644900,1.00,-863.419,23.101,0.208531,0.386120
1962,6RRO,95.45,0.680400,1.00,-620.377,23.893,0.082954,0.483250
1963,6RSF,55.00,0.461500,1.00,-1503.922,37.756,0.391781,0.200790
1964,6RSG,44.00,0.494500,1.00,-1331.443,23.764,0.618400,0.196550
1965,6RSM,77.27,0.561300,1.00,-499.776,43.219,0.266519,0.429460
1966,6RY9,50.96,0.521000,1.00,-1379.476,35.706,0.481900,0.205790
1967,6RYQ,56.25,0.517000,1.00,-1029.916,19.107,0.448713,0.197260
1968,6RZ1,43.75,0.522100,1.00,-1617.770,20.697,0.610864,0.158810
1969,6RZC,57.00,0.542800,1.00,-1526.918,30.195,0.407286,0.222180
1970,6S2D,50.00,0.575400,1.00,-1236.369,32.165,0.547048,0.206550
1971,6SAA,88.39,0.726200,1.00,-1637.043,105.838,0.188919,0.668560
1972,6SAB,63.24,0.529700,1.00,-2301.373,165.712,0.571072,0.443170
1973,6SFT,63.19,0.624400,1.00,-1536.682,183.767,0.430885,0.415860
1974,6SVC,81.43,0.739600,1.00,-2223.416,176.641,0.196091,0.620080
1975,6SVE,87.86,0.721400,1.00,-2223.416,176.641,0.150135,0.706520
1976,6SVH,92.14,0.758300,1.00,-2223.416,176.641,0.135643,0.717870
1977,6SY2,85.20,0.785300,1.00,-3876.216,197.778,0.195229,0.764650
1978,6SZF,23.81,0.403200,1.00,-1584.769,329.495,1.018729,0.250540
1979,6T33,60.80,0.451000,1.00,-3236.467,202.708,0.432731,0.494290
1980,6TVJ,37.50,0.451700,1.00,-343.576,33.961,0.582180,0.367450
1981,6TWG,90.38,0.666000,1.00,-859.438,34.163,0.250047,0.636230
1982,6U24,51.79,0.640300,1.00,-417.550,51.135,0.995455,0.224210
1983,6U6G,51.39,0.378400,1.00,-2330.691,194.953,0.861428,0.335900
1984,6U7Q,92.86,0.750700,1.00,-539.427,65.507,0.091878,0.363570
1985,6U7R,96.43,0.699200,1.00,-663.317,63.312,0.083104,0.461600
1986,6U7S,87.50,0.779000,1.00,-628.227,77.650,0.136075,0.410110
1987,6U7U,46.43,0.576200,1.00,-366.211,52.606,0.858250,0.186250
1988,6U7W,55.36,0.654400,1.00,-440.155,55.876,1.098644,0.303760
1989,6U7X,46.43,0.622200,1.00,-403.817,68.251,1.029062,0.238250
1990,6UCH,66.46,0.656700,1.00,-2227.226,127.307,0.721272,0.516080
1991,6V1N,55.88,0.504400,1.00,-1180.005,63.818,0.393373,0.222090
1992,6V6T,78.57,0.677400,1.00,-2407.690,161.267,0.273885,0.606180
1993,6VE9,60.71,0.615500,1.00,-1323.162,36.598,0.489859,0.280260
1994,6VGT,43.42,0.436900,1.00,-2248.615,110.084,1.287910,0.336510
1995,6VH8,78.47,0.671200,1.00,-3103.493,318.664,0.221290,0.587880
1996,6VLA,85.29,0.683500,1.00,-992.687,59.244,0.198591,0.358950
1997,6VLJ,42.11,0.448700,1.00,-648.029,101.195,0.608722,0.143710
1998,6VNZ,89.52,0.712900,1.00,-2194.739,113.397,0.132941,0.681100
1999,6VPN,97.34,0.778000,1.00,-3394.953,256.876,0.071676,0.906500
2000,6VXG,26.74,0.323700,1.00,-1868.458,191.631,0.873146,0.250340
2001,6VY8,51.79,0.664800,1.00,-417.550,51.135,0.979569,0.276820
2002,6WQJ,79.29,0.634000,1.00,-2825.303,140.497,0.221414,0.589510
2003,6WQL,77.04,0.643900,1.00,-3784.752,175.446,0.292468,0.672490
2004,6X7I,66.07,0.670800,1.00,-2179.282,34.539,0.537012,0.631900
2005,6XCR,61.67,0.727700,1.00,-3011.647,181.642,0.466491,0.503870
2006,6XCU,70.00,0.704300,1.00,-2988.451,174.227,0.666915,0.609110
2007,6XN9,33.33,0.378500,1.00,-3464.274,259.892,0.840176,0.245410
2008,6XTH,50.00,0.429300,1.00,-665.028,91.617,0.774857,0.153480
2009,6XTI,33.82,0.407000,1.00,-725.750,49.087,0.891758,0.164110
2010,6XYH,91.88,0.733600,1.00,-2556.860,226.557,0.131409,0.799860
2011,6XYI,85.12,0.704700,1.00,-2523.469,293.875,0.192012,0.731460
2012,6Y1Q,48.21,0.416500,1.00,-838.380,80.035,0.781852,0.172500
2013,6YHF,70.83,0.660700,1.00,-1622.157,150.035,0.299732,0.456290
2014,6YHI,68.33,0.732200,1.00,-2328.909,35.429,0.393481,0.468830
2015,6YHO,63.33,0.741000,1.00,-2090.476,34.910,0.394977,0.497570
2016,6YHP,70.83,0.743200,1.00,-1934.511,46.312,0.385174,0.439610
2017,6YHX,80.83,0.719600,1.00,-1863.579,47.949,0.185457,0.537930
2018,6YJL,46.97,0.436400,1.00,-2010.384,166.558,0.748396,0.364130
2019,6YSE,90.22,0.787000,1.00,-4286.717,109.656,0.123745,0.817100
2020,6Z0G,50.00,0.618700,1.00,-3021.425,237.055,0.705249,0.422990
2021,6Z0H,51.53,0.696000,1.00,-2953.036,195.506,0.748911,0.464700
2022,6Z0I,50.00,0.617000,1.00,-3021.425,237.055,0.750841,0.465470
2023,7ALD,87.50,0.645300,1.00,-1038.402,115.246,0.175340,0.364750
2024,7ASY,66.67,0.653100,1.00,-2476.859,73.158,0.314881,0.381900
2025,7AT7,66.67,0.680400,1.00,-2412.417,85.075,0.507344,0.521150
2026,7ATB,62.12,0.662700,1.00,-2712.410,96.940,0.469874,0.562620
2027,7AY8,87.18,0.727500,1.00,-2312.422,193.950,0.217176,0.743110
2028,7B2F,52.42,0.530800,1.00,-2168.818,102.325,0.817434,0.401410
2029,7BW5,36.76,0.535200,1.00,-441.411,106.522,1.058288,0.174900
2030,7BWI,92.86,0.793300,1.00,-3669.732,242.154,0.231493,0.825210
2031,7BX2,87.50,0.712000,1.00,-798.855,24.372,0.109074,0.465260
2032,7BZ7,43.33,0.420800,1.00,-859.485,53.370,0.751725,0.234190
2033,7BZ8,41.67,0.437600,1.00,-874.848,48.898,0.730897,0.070720
2034,7BZ9,45.00,0.403600,1.00,-888.194,50.882,0.679474,0.130510
2035,7BZA,43.33,0.416900,1.00,-838.058,47.915,0.682214,0.129450
2036,7CCN,60.29,0.573700,1.00,-558.676,93.794,0.496590,0.264960
2037,7CCO,60.29,0.573000,1.00,-558.676,93.794,0.492861,0.242520
2038,7CK5,70.54,0.628400,1.00,-2003.363,55.193,0.378282,0.478910
2039,7CKD,35.26,0.304500,1.00,-2917.800,267.743,1.176988,0.295950
2040,7CKE,53.21,0.488100,1.00,-2917.800,267.743,0.466239,0.397410
2041,7CSS,59.62,0.585600,1.00,-704.088,88.007,0.431501,0.305340
2042,7CU6,46.67,0.414900,1.00,-979.596,53.939,0.644020,0.199720
2043,7D13,84.62,0.801300,1.00,-2639.845,56.123,0.182317,0.716220
2044,7D16,46.15,0.551000,1.00,-2639.845,56.123,1.054404,0.388590
2045,7D37,71.15,0.512900,1.00,-704.088,88.007,0.256407,0.234420
2046,7DEH,79.84,0.694200,1.00,-1840.982,67.336,0.182908,0.562610
2047,7EDK,52.63,0.472000,1.00,-897.591,105.834,0.467092,0.092790
2048,7EES,38.75,0.556800,1.00,-605.829,103.153,1.218072,0.140680
2049,7ELY,45.19,0.454300,1.00,-1786.412,171.170,0.534248,0.196990
2050,7F32,73.61,0.678400,1.00,-1017.467,69.467,0.257388,0.231630
2051,7JIA,78.12,0.678000,1.00,-1334.083,130.532,0.196197,0.353800
2052,7JIY,92.71,0.742900,1.00,-1502.681,126.527,0.096789,0.556900
2053,7JNN,90.76,0.684500,1.00,-3605.389,222.786,0.152594,0.823220
2054,7JPM,75.00,0.637900,1.00,-2228.804,320.986,0.403875,0.617050
2055,7JS6,35.00,0.529700,1.00,-371.335,97.976,0.915644,0.230930
2056,7K1M,97.92,0.705000,1.00,-690.441,42.362,0.055864,0.607880
2057,7K7X,81.90,0.647900,1.00,-1878.238,182.074,0.249911,0.532620
2058,7KNN,68.75,0.578300,1.00,-964.717,42.223,0.333178,0.295210
2059,7KPD,96.55,0.799800,1.00,-2103.195,198.184,0.076820,0.742770
2060,7L53,51.79,0.394200,1.00,-2190.313,166.146,0.423625,0.234560
2061,7L54,45.54,0.369600,1.00,-2190.313,166.146,0.470283,0.181750
2062,7L55,43.75,0.309900,1.00,-2190.313,166.146,0.686349,0.208100
2063,7L7A,48.21,0.490900,1.00,-680.262,82.146,0.476358,0.202680
2064,7L83,53.38,0.641300,1.00,-2925.439,113.224,1.094691,0.452930
2065,7LCW,33.33,0.533100,1.00,-406.606,82.176,1.058602,0.125830
2066,7LGL,48.94,0.415400,1.00,-3195.904,288.591,0.987187,0.411980
2067,7LGV,60.42,0.615100,1.00,-3074.207,239.638,0.639018,0.485260
2068,7LHC,87.93,0.698800,1.00,-1837.038,232.421,0.222306,0.660750
2069,7LI2,40.91,0.590300,1.00,-831.045,132.290,1.248763,0.186720
2070,7LIF,50.00,0.535300,1.00,-831.045,132.290,1.102591,0.206410
2071,7LP4,65.96,0.534400,1.00,-3283.170,244.661,0.609281,0.566740
2072,7LQR,80.95,0.653600,1.00,-1242.956,85.539,0.274876,0.355080
2073,7LQS,60.00,0.512400,1.00,-690.829,72.394,0.393547,0.169110
2074,7LRW,42.86,0.481200,1.00,-1395.996,103.472,0.559955,0.186780
2075,7LSO,97.22,0.781300,1.00,-1208.352,23.684,0.062486,0.596850
2076,7LSP,87.50,0.745400,1.00,-1208.352,23.684,0.122240,0.562970
2077,7LT7,27.86,0.234800,1.00,-1807.990,218.093,1.502538,0.163910
2078,7LVE,69.15,0.597900,1.00,-3765.460,152.202,0.303416,0.554630
2079,7LVG,55.00,0.526500,1.00,-3457.666,126.747,0.584783,0.434250
2080,7LX4,45.73,0.383800,1.00,-2856.326,255.224,0.532044,0.292570
2081,7LZL,92.57,0.761500,1.00,-2461.932,159.432,0.130250,0.813070
2082,7M1D,46.35,0.426000,1.00,-3110.143,189.458,0.826719,0.392510
2083,7M1E,72.32,0.705000,1.00,-1880.815,36.493,0.326958,0.469040
2084,7M3U,50.93,0.350400,1.00,-2033.095,166.610,0.489901,0.194110
2085,7MJ3,31.82,0.359000,1.00,-3604.942,354.202,0.774136,0.277800
2086,7MY8,35.71,0.535200,1.00,-3060.268,158.665,1.024848,0.351130
2087,7N0T,59.38,0.520000,1.00,-855.891,66.191,0.395930,0.336950
2088,7N21,66.18,0.549800,1.00,-838.121,73.460,0.337812,0.244360
2089,7N23,73.53,0.603800,1.00,-838.121,73.460,0.289138,0.290680
2090,7N25,60.94,0.524200,1.00,-855.891,66.191,0.399597,0.349800
2091,7NIP,81.71,0.649600,1.00,-4340.826,126.701,0.157532,0.659330
2092,7NS1,86.29,0.775700,1.00,-2711.017,76.246,0.179517,0.683780
2093,7OB2,87.50,0.547700,1.00,-502.802,31.435,0.187514,0.606140
2094,7OD2,76.47,0.608900,1.00,-2204.134,213.987,0.186817,0.558290
2095,7OFM,73.33,0.677900,1.00,-1898.433,83.119,0.440578,0.587530
2096,7OFO,77.50,0.683400,1.00,-1898.433,83.119,0.323930,0.614530
2097,7OSC,84.38,0.732600,1.00,-1507.890,117.600,0.223993,0.450640
2099,7P3M,96.15,0.741500,1.00,-736.054,22.896,0.068730,0.708560
2100,7P4X,75.00,0.702500,1.00,-1879.569,138.090,0.308626,0.543490
2101,7P55,81.82,0.650000,1.00,-1736.895,49.368,0.181933,0.284790
2102,7P5G,40.00,0.438100,1.00,-1242.243,159.682,0.620080,0.205980
2103,7P5Q,37.00,0.508600,1.00,-1095.168,153.309,0.993724,0.152540
2104,7P5S,40.00,0.503900,1.00,-1151.855,140.628,0.710393,0.187970
2105,7PH8,83.06,0.797700,1.00,-2598.117,71.842,0.187315,0.703570
2106,7PHT,80.00,0.778000,1.00,-2494.205,55.752,0.185185,0.516340
2107,7PL4,71.77,0.697200,1.00,-1997.942,57.146,0.398492,0.589430
2108,7PVB,96.20,0.812100,1.00,-3408.318,146.622,0.086019,0.882650
2109,7PVM,59.68,0.600100,1.00,-1224.058,190.446,0.831874,0.409290
2110,7QAL,50.00,0.717900,1.00,-1961.689,88.497,0.843115,0.368170
2111,7QAM,47.86,0.648200,1.00,-1854.581,92.543,0.857624,0.340200
2112,7QAO,57.14,0.654700,1.00,-1982.785,55.033,0.479255,0.382720
2113,7QAP,50.00,0.668900,1.00,-2161.546,110.270,0.768375,0.377250
2114,7QLF,45.59,0.570900,1.00,-605.010,103.471,0.950332,0.269630
2115,7QXJ,88.39,0.703100,1.00,-1816.934,60.331,0.176436,0.646490
2116,7RC7,93.75,0.799700,1.00,-2049.969,169.186,0.136423,0.799310
2117,7RC8,92.19,0.785900,1.00,-2049.969,169.186,0.184256,0.770580
2118,7RFA,81.03,0.680400,1.00,-1809.394,162.661,0.279479,0.521390
2119,7RN3,95.83,0.771400,1.00,-2047.100,177.215,0.084978,0.738400
2120,7S55,97.58,0.806300,1.00,-2079.217,226.824,0.070262,0.815010
2121,7S7P,93.45,0.804700,1.00,-2954.262,118.629,0.106846,0.846900
2122,7SAG,70.16,0.528500,1.00,-1840.667,145.986,0.576402,0.533150
2123,7SKC,86.03,0.677100,1.00,-2574.478,185.704,0.178074,0.661950
2124,7T6G,52.50,0.502100,1.00,-925.790,56.743,0.511874,0.284960
2125,7T7W,90.91,0.608800,1.00,-557.988,39.485,0.135753,0.514320
2126,7TB9,31.25,0.451100,1.00,-352.397,108.300,0.649735,0.133390
2127,7TH8,58.33,0.483000,1.00,-1895.579,173.514,0.632898,0.364940
2128,7UNX,75.69,0.620200,1.00,-2552.743,185.020,0.583112,0.605250
2129,7UV3,68.75,0.578100,1.00,-3561.042,150.773,0.567775,0.589550
2130,7V5E,59.72,0.558100,1.00,-914.335,94.107,0.438943,0.233110
2131,7V5F,65.32,0.548600,1.00,-2819.357,163.235,0.453782,0.399200
2132,7VOZ,68.97,0.743400,1.00,-1817.887,47.563,0.344254,0.512560
2133,7VQH,33.33,0.477100,1.00,-523.810,100.688,0.788464,0.190970
2134,7VQI,34.72,0.459700,1.00,-523.810,100.688,0.751807,0.150660
2135,7W8K,45.00,0.432400,1.00,-1274.401,194.042,0.542416,0.159290
2136,7W8O,61.54,0.520100,1.00,-1710.346,126.026,0.308264,0.277310
2137,7W8R,54.81,0.466300,1.00,-1710.346,126.026,0.466830,0.242610
2138,7W8T,48.08,0.513300,1.00,-1154.505,158.098,0.661940,0.216390
2139,7W8Z,61.18,0.571200,1.00,-2366.079,204.391,0.517818,0.435270
2140,7W96,76.85,0.765200,1.00,-1126.542,115.522,0.186600,0.432110
2141,7WE3,30.65,0.469700,1.00,-1471.533,226.091,0.796387,0.210710
2142,7WEI,35.48,0.494900,1.00,-1471.533,226.091,0.738353,0.194530
2143,7Y7L,71.11,0.600300,1.00,-3050.455,229.807,0.268835,0.549010
2144,7YAB,69.89,0.589100,1.00,-2986.383,230.599,0.318802,0.578290
2145,7YFS,56.25,0.560400,1.00,-925.469,32.577,0.615345,0.255150
2146,7YHF,94.44,0.860600,1.00,-2494.671,157.521,0.095720,0.823930
2147,7YHG,96.53,0.877100,1.00,-2494.671,157.521,0.081481,0.855360
2148,7YHH,95.83,0.884500,1.00,-2494.671,157.521,0.080082,0.852990
2149,7YHI,96.53,0.832400,1.00,-2254.340,267.829,0.077455,0.827170
2150,7YRV,59.82,0.507600,1.00,-2012.758,232.503,0.362475,0.258310
2151,7YRW,34.68,0.367100,1.00,-1750.853,249.927,0.972094,0.215930
2152,7YRX,50.81,0.460500,1.00,-1776.685,277.317,0.562253,0.266660
2153,7YSS,67.86,0.559600,1.00,-942.518,38.590,0.474989,0.415520
2154,7YYI,74.14,0.694000,1.00,-2058.739,66.991,0.199600,0.505110
2155,7Z07,78.45,0.717200,1.00,-2116.426,88.243,0.195536,0.535240
2156,7Z08,68.10,0.699000,1.00,-2220.559,86.553,0.338744,0.470400
2157,7Z0B,77.59,0.724500,1.00,-2411.109,83.635,0.197898,0.596520
2159,7ZNF,85.00,0.709600,1.00,-1821.180,141.760,0.251641,0.578820
2160,7ZRF,40.28,0.444500,1.00,-793.001,92.976,0.902446,0.147090
2161,7ZRO,25.00,0.408500,1.00,-2266.216,114.265,1.282794,0.205120
2162,7ZRU,79.46,0.676000,1.00,-1798.862,111.901,0.237272,0.524660
2163,7ZWJ,36.76,0.547900,1.00,-330.125,91.886,1.123046,0.195710
2164,7ZZV,31.25,0.432700,1.00,-2492.667,140.941,1.256422,0.282740
2165,8A6I,31.55,0.381900,1.00,-2285.876,109.077,1.248113,0.255790
2166,8AHK,81.10,0.688300,1.00,-3255.227,265.737,0.226783,0.673930
2167,8B1L,85.42,0.667900,1.00,-1638.921,26.986,0.205331,0.600210
2168,8B1X,60.00,0.610400,1.00,-1461.401,45.004,0.694062,0.489120
2169,8B4R,77.50,0.643000,1.00,-1158.188,77.708,0.276329,0.275470
2170,8B6X,75.00,0.650300,1.00,-1964.892,48.082,0.279150,0.409510
2171,8B6Y,84.00,0.737000,1.00,-1964.892,48.082,0.172701,0.464190
2172,8B9Q,29.38,0.417500,1.00,-1480.347,361.217,1.275810,0.187090
2173,8B9R,30.00,0.455700,1.00,-1480.347,361.217,1.303758,0.165570
2174,8BOO,32.61,0.499600,1.00,-616.694,212.575,1.037454,0.098940
2175,8BVC,84.52,0.707800,1.00,-2966.779,214.366,0.151830,0.719450
2176,8BVZ,40.79,0.544500,1.00,-549.198,104.091,0.711335,0.175580
2177,8BWW,62.50,0.536600,1.00,-1370.716,49.162,0.398981,0.269770
2178,8CIQ,83.57,0.709000,1.00,-2161.713,174.815,0.285684,0.678940
2183,8CJT,79.29,0.692300,1.00,-2127.779,145.930,0.214641,0.583430
2184,8CM3,88.04,0.715800,1.00,-1598.550,90.771,0.196865,0.443110
2185,8DFZ,61.05,0.554400,1.00,-3126.999,396.406,1.128599,0.507760
2186,8DYM,34.48,0.560700,1.00,-899.492,210.452,1.851753,0.183210
2187,8DYN,36.46,0.539400,1.00,-968.546,152.262,1.051661,0.132670
2188,8EB1,66.67,0.537400,1.00,-1570.759,46.957,0.563806,0.396020
2189,8EF4,56.25,0.485300,1.00,-417.934,142.951,0.503646,0.189000
2190,8F04,84.21,0.701600,1.00,-1155.089,116.370,0.208977,0.369280
2191,8FD4,87.50,0.653900,1.00,-2315.157,153.475,0.183419,0.656330
2192,8FEY,91.67,0.719700,1.00,-2367.800,194.479,0.134609,0.758990
2193,8G21,66.41,0.678800,1.00,-2223.463,93.144,0.353595,0.475580
2194,8GUC,47.22,0.478700,1.00,-2315.701,212.059,0.506288,0.280800
2195,8GVN,85.71,0.607800,1.00,-942.518,38.590,0.211171,0.481100
2196,8H0G,72.58,0.686300,1.00,-1992.282,104.810,0.286465,0.547390
2197,8H0U,77.42,0.709200,1.00,-1992.282,104.810,0.270985,0.595850
2198,8HJC,90.91,0.725100,1.00,-2670.434,176.448,0.133840,0.737610
2199,8HJD,90.91,0.711800,1.00,-2670.434,176.448,0.119490,0.737900
2200,8HR3,53.85,0.515000,1.00,-506.809,65.376,0.472973,0.264210
2201,8HR4,82.69,0.658900,1.00,-670.184,53.660,0.216510,0.358480
2202,8HVS,87.50,0.570800,1.00,-323.284,45.735,0.212521,0.471190
2203,8HZW,51.56,0.576300,1.00,-1008.957,31.163,0.636688,0.247480
2204,8IKQ,83.93,0.595300,1.00,-685.534,53.243,0.246606,0.437060
2205,8IL1,78.57,0.514100,1.00,-685.534,53.243,0.292420,0.211460
2206,8IL2,81.67,0.643500,1.00,-677.883,54.337,0.246410,0.415730
2207,8IL6,91.67,0.640800,1.00,-677.883,54.337,0.224763,0.434090
2208,8JB4,27.08,0.378000,1.00,-1449.803,127.194,0.864651,0.148710
2209,8K3M,32.35,0.490400,1.00,-531.968,104.477,0.906384,0.190850
2210,8K3N,32.35,0.559100,1.00,-531.968,104.477,1.049101,0.208320
2211,8OR5,61.67,0.679000,1.00,-1869.223,65.147,0.386442,0.346630
2212,8ORY,84.17,0.725700,1.00,-2209.137,48.272,0.150397,0.593580
2213,8ORZ,61.67,0.652100,1.00,-1571.307,58.693,0.424780,0.463420
2214,8OS0,72.50,0.766300,1.00,-1804.072,89.951,0.295389,0.420930
2215,8OSQ,28.57,0.530400,1.00,-805.014,160.959,1.131192,0.206390
2216,8PWT,36.03,0.508700,1.00,-2824.905,42.986,1.271960,0.280720
2221,8QNT,30.61,0.583900,1.00,-3658.214,163.732,1.695167,0.259620
2222,8QTQ,71.32,0.615900,1.00,-2246.013,199.391,0.337884,0.485500
2223,8R89,61.11,0.567100,1.00,-1300.240,50.232,0.496899,0.260930
2224,8RHS,50.52,0.451700,1.00,-3334.818,211.182,0.670504,0.417370
2225,8RPQ,67.36,0.795400,1.00,-2749.269,79.406,0.305051,0.572400
2226,8RQ6,75.00,0.698500,1.00,-2333.641,65.674,0.248685,0.507070
2227,8S9Y,28.21,0.487600,1.00,-1307.876,279.729,0.807682,0.208830
2228,8SED,79.05,0.631400,1.00,-2521.928,171.578,0.245031,0.593980
2229,8SEM,85.26,0.710300,1.00,-2003.431,189.229,0.287130,0.723030
2230,8SVB,32.50,0.489700,1.00,-1407.606,132.587,1.487178,0.192030
2231,8T01,94.23,0.756900,1.00,-720.794,20.785,0.080477,0.461330
2232,8T61,68.75,0.520000,1.00,-669.060,75.740,0.303572,0.217140
2233,8T62,79.69,0.676300,1.00,-626.195,64.303,0.195028,0.226230
2234,8T63,57.81,0.508700,1.00,-595.630,84.664,0.437749,0.184280
2235,8TFV,84.52,0.717300,1.00,-918.381,121.857,0.252632,0.368410
2236,8TV4,44.23,0.441700,1.00,-977.724,33.824,0.596407,0.205840
2237,8TXS,92.19,0.742500,1.00,-699.798,69.493,0.084176,0.351330
2238,8TYI,82.76,0.746500,1.00,-1869.908,130.802,0.183991,0.572790
2239,8UKC,33.33,0.397600,1.00,-800.023,52.818,0.853762,0.198420
2240,8ULM,77.27,0.628800,1.00,-1971.060,175.152,0.246750,0.525740
2241,8UM1,58.93,0.632500,1.00,-2984.652,110.762,0.510479,0.542230
2242,8UM2,60.71,0.606100,1.00,-2984.652,110.762,0.954880,0.482240
2243,8UNG,81.71,0.691700,1.00,-2782.133,191.467,0.197155,0.675460
2244,8UWF,89.10,0.760500,1.00,-2484.386,238.815,0.220776,0.780000
2245,8UXR,60.87,0.457600,1.00,-1619.587,135.562,0.619756,0.278300
2246,8V2M,79.46,0.639000,1.00,-1935.178,105.574,0.381396,0.518190
2247,8V2V,24.39,0.360900,1.00,-2829.158,262.852,1.042604,0.265250
2248,8VU6,87.50,0.759100,1.00,-2990.875,305.174,0.231621,0.803370
2249,8VU7,92.78,0.768900,1.00,-3122.343,255.928,0.155880,0.831310
2250,8VU8,83.72,0.673300,1.00,-2846.252,214.231,0.165047,0.709980
2251,8VYC,46.59,0.502500,1.00,-797.499,139.985,0.965179,0.171860
2252,8W0Q,62.50,0.621700,1.00,-1290.663,103.313,0.383081,0.217550
2253,8W16,75.00,0.576400,1.00,-1030.947,36.947,0.284782,0.354520
2254,8W17,58.33,0.484200,1.00,-754.819,73.548,0.400103,0.277360
2255,8W2V,27.56,0.557700,1.00,-1378.594,252.549,0.948990,0.243340
2256,8WGI,66.00,0.573300,1.00,-1515.598,96.812,0.294101,0.325360
2257,8WGJ,38.54,0.392700,1.00,-1138.023,255.968,0.623700,0.165610
2258,8WW0,72.66,0.648800,1.00,-1766.195,224.894,0.372240,0.492150
2259,8WW1,60.00,0.545700,1.00,-2341.300,171.690,0.506142,0.378280
2260,8X3N,68.75,0.520500,1.00,-622.696,102.017,0.334208,0.290150
2261,8X40,81.25,0.550300,1.00,-622.696,102.017,0.210168,0.292030
2262,8XTH,71.67,0.557000,1.00,-750.391,77.012,0.318202,0.197890
2263,8XTN,32.58,0.410500,1.00,-1157.034,176.094,1.099810,0.200220
2264,8XTO,40.48,0.428800,1.00,-741.358,77.363,0.692380,0.180870
2265,8Y3S,52.27,0.555400,1.00,-267.574,40.562,0.446831,0.381650
2266,8YD6,27.50,0.370700,1.00,-2000.966,145.300,0.837429,0.188140
2267,8ZG2,52.27,0.537000,1.00,-194.721,47.247,0.626253,0.297250
2268,8ZG3,47.73,0.573500,1.00,-170.434,39.126,0.669635,0.259210
2269,8ZG4,47.73,0.567700,1.00,-218.086,49.018,0.583317,0.300120
2270,8ZP3,35.61,0.379700,1.00,-1112.012,213.993,1.253869,0.203260
2271,8ZUG,39.13,0.569100,1.00,-396.005,117.947,0.784667,0.167920
2272,9AZI,96.30,0.809400,1.00,-1855.357,84.468,0.113070,0.824440
2273,9BET,52.38,0.674800,1.00,-2662.002,56.392,0.578960,0.571080
2274,9BF4,69.35,0.585600,1.00,-2646.661,117.470,0.328923,0.420040
2275,9BHN,38.64,0.445100,1.00,-433.157,43.675,0.551117,0.289570
2276,9BV0,83.33,0.698000,1.00,-2197.513,151.925,0.151245,0.459530
2277,9BV4,74.31,0.623000,1.00,-3103.493,318.664,0.189178,0.532740
2278,9BVS,40.38,0.470900,1.00,-1019.646,26.252,0.517643,0.213410
2279,9BVU,46.67,0.424200,1.00,-1306.487,26.487,0.672377,0.252450
2280,9BVV,46.15,0.438200,1.00,-1072.316,29.802,0.501018,0.174820
2281,9CRB,93.75,0.824200,1.00,-1701.791,135.641,0.090632,0.737770
2282,9F1E,67.86,0.678600,1.00,-1487.440,92.324,0.409708,0.449670
2283,9F1F,61.54,0.664000,1.00,-2236.854,148.870,0.827936,0.543040
2284,9F1G,59.69,0.701200,1.00,-3051.453,189.470,0.494272,0.566150
2285,9FJN,86.11,0.762700,1.00,-1342.858,30.711,0.128158,0.544060
2286,9FJW,51.43,0.610200,1.00,-1940.607,201.263,0.846320,0.419600
2287,9G0M,91.00,0.792600,1.00,-1479.548,152.120,0.131920,0.602180
2288,9G0N,89.00,0.757800,1.00,-1479.548,152.120,0.172094,0.614990
2289,9G20,90.00,0.797800,1.00,-1479.548,152.120,0.179253,0.617270
2290,9G21,71.00,0.588800,1.00,-1479.548,152.120,0.303266,0.327360
2291,9G22,88.00,0.735900,1.00,-1505.823,73.111,0.163701,0.524090
2292,9G2N,88.00,0.750300,1.00,-1505.823,73.111,0.176488,0.523160
2293,9G2O,88.00,0.738700,1.00,-1505.823,73.111,0.157286,0.496970
2294,9G31,82.00,0.683400,1.00,-1505.823,73.111,0.177006,0.443540
2295,9G32,81.00,0.676700,1.00,-1505.823,73.111,0.194165,0.400840
2296,9G5P,88.00,0.760700,1.00,-1479.548,152.120,0.153688,0.520260
2297,9GDL,78.00,0.624900,1.00,-1548.397,71.639,0.280850,0.476920
2298,9GDN,81.00,0.682400,1.00,-1548.397,71.639,0.197071,0.546410
2299,9GDT,82.00,0.690800,1.00,-1548.397,71.639,0.233062,0.539750
2300,9GDU,80.00,0.665600,1.00,-1548.397,71.639,0.255693,0.559870
2301,9GE1,78.00,0.676100,1.00,-1596.469,61.741,0.258925,0.433350
2302,9GE9,71.00,0.606500,1.00,-1613.761,68.171,0.334035,0.377790
2303,9GEB,77.00,0.670700,1.00,-1613.761,68.171,0.223833,0.516940
2304,9GEC,72.00,0.643000,1.00,-1613.761,68.171,0.290402,0.473920
2305,9IKO,73.44,0.607400,1.00,-653.033,85.706,0.245024,0.262030
2306,9ILX,78.12,0.554400,1.00,-653.033,85.706,0.219674,0.255510
2307,9J5F,54.69,0.563000,1.00,-2400.126,200.357,0.435192,0.316890
2308,9J5H,70.00,0.659200,1.00,-2655.168,204.259,0.316756,0.503630
2309,9KAR,36.67,0.408400,1.00,-763.930,62.018,0.867127,0.212970
2310,9KK0,65.00,0.549400,1.00,-1153.266,232.097,0.282934,0.280180
2311,9L1M,45.83,0.513300,1.00,-225.834,60.235,0.650356,0.267290
2312,9NVH,75.00,0.611800,1.00,-1719.028,153.563,0.391732,0.549710
2313,9NWZ,33.75,0.419600,1.00,-1036.651,68.195,0.994662,0.077990
2314,9NY3,31.25,0.374900,1.00,-1161.780,68.328,1.080045,0.117310
2315,9UV5,57.50,0.511600,1.00,-351.459,52.514,0.436740,0.351630
