serial,pdb_id,gdt_ts,lddt,lddt_coverage,pred_dope,pred_molpdf,rmsd,tm_score
1,1A11,90.00,0.775800,1.00,-1830.761,51.022,0.143228,0.591340
2,1A3P,68.89,0.649000,1.00,-2776.597,281.567,0.494415,0.546850
3,1ACW,75.00,0.629400,1.00,-1952.867,136.969,0.194876,0.387760
4,1ADX,53.75,0.529500,1.00,-2503.747,226.765,0.517668,0.348440
5,1AG7,69.12,0.550100,1.00,-1696.138,200.790,0.330634,0.473180
6,1AGG,34.38,0.382600,1.00,-3092.477,261.805,0.924233,0.335090
7,1AGT,95.39,0.768600,1.00,-2835.978,216.763,0.090307,0.818160
8,1AHL,55.10,0.497000,1.00,-3595.619,241.067,0.425041,0.505730
9,1ALE,69.44,0.618800,1.00,-1102.638,83.219,0.308115,0.362560
10,1ALF,90.79,0.784400,1.00,-1611.323,45.071,0.143386,0.605610
11,1ALG,69.79,0.701100,1.00,-1196.832,91.414,0.618208,0.453050
12,1AMB,23.21,0.393600,1.00,-829.753,153.567,0.938207,0.227570
13,1AMC,22.32,0.387100,1.00,-829.753,153.567,0.945550,0.248120
14,1AML,30.00,0.427000,1.00,-1393.941,252.472,1.333153,0.208060
15,1ANP,42.86,0.473600,1.00,-1102.957,322.051,0.735510,0.228440
16,1ANS,36.11,0.388700,1.00,-1332.677,183.084,0.702137,0.175220
17,1AOO,36.25,0.401700,1.00,-2380.257,229.165,0.706576,0.239050
18,1APF,44.90,0.410700,1.00,-3454.956,392.000,0.504753,0.392950
19,1APO,85.12,0.733500,1.00,-2305.834,221.744,0.209920,0.726340
20,1AQG,65.91,0.565500,1.00,-486.254,55.494,0.338336,0.359180
21,1AQQ,36.25,0.411300,1.00,-2380.257,229.165,0.713876,0.249270
22,1AQR,37.50,0.405700,1.00,-2380.257,229.165,0.674727,0.239280
23,1ARD,84.48,0.717100,1.00,-2015.036,137.056,0.391088,0.664330
24,1ARE,88.79,0.745700,1.00,-2160.999,159.567,0.280089,0.679560
25,1ARF,94.83,0.756700,1.00,-2278.814,141.369,0.117037,0.723970
26,1ATX,63.59,0.517700,1.00,-2948.000,222.111,0.378225,0.514000
27,1AV3,50.93,0.497000,1.00,-1400.319,177.754,0.725607,0.322640
28,1AW6,78.49,0.699200,1.00,-2616.138,205.653,0.498788,0.672820
29,1AXH,86.49,0.718900,1.00,-2111.991,240.929,0.195090,0.710700
30,1AZ6,78.47,0.618200,1.00,-2227.411,222.197,0.212143,0.567580
31,1AZH,52.08,0.491100,1.00,-2227.411,222.197,0.511219,0.335340
32,1AZJ,92.36,0.784500,1.00,-2441.925,181.268,0.091687,0.791130
33,1AZK,78.47,0.671300,1.00,-2293.804,181.743,0.209506,0.530390
34,1B03,54.17,0.497900,1.00,-709.621,81.798,0.490178,0.166670
35,1B1V,88.04,0.689400,1.00,-1102.622,145.738,0.235856,0.445950
36,1B4G,33.33,0.481900,1.00,-839.467,307.035,0.636760,0.193550
37,1B4I,30.83,0.475500,1.00,-839.467,307.035,1.054145,0.185980
38,1B5N,83.70,0.658800,1.00,-1102.622,145.738,0.253805,0.405080
39,1B8W,80.36,0.685700,1.00,-2720.913,237.787,0.483293,0.705160
40,1B9P,52.94,0.586100,1.00,-1766.007,115.866,0.554543,0.311060
41,1B9Q,52.21,0.565600,1.00,-1766.007,115.866,0.511319,0.362590
42,1B9U,83.82,0.791300,1.00,-2951.140,91.023,0.198088,0.623330
43,1BA4,21.25,0.380200,1.00,-1393.941,252.472,1.489808,0.239270
44,1BA6,21.25,0.414700,1.00,-1393.941,252.472,1.475288,0.222210
45,1BAH,85.14,0.632600,1.00,-2530.527,212.152,0.157146,0.691150
46,1BBA,77.78,0.640500,1.00,-2586.102,163.641,0.281140,0.619780
47,1BBG,41.25,0.385400,1.00,-2867.349,193.356,0.772027,0.296670
48,1BDS,81.98,0.669200,1.00,-3209.321,241.606,0.169168,0.691480
49,1BEI,82.86,0.660500,1.00,-2704.743,174.173,0.196970,0.635610
50,1BF9,85.98,0.754500,1.00,-2458.657,239.548,0.234155,0.732190
51,1BGK,83.78,0.698300,1.00,-3069.023,158.672,0.125434,0.698780
52,1BH4,64.17,0.558900,1.00,-1979.012,216.639,0.412346,0.341320
53,1BH7,36.36,0.350600,1.00,-2623.014,159.112,0.649019,0.286380
54,1BHI,73.03,0.681000,1.00,-2249.396,168.833,0.505125,0.617090
55,1BIG,93.92,0.773000,1.00,-2901.733,153.089,0.094334,0.789460
56,1BJB,31.25,0.441000,1.00,-872.523,167.530,1.175481,0.151430
57,1BJC,34.82,0.484600,1.00,-1023.807,182.438,0.876935,0.186760
58,1BL1,49.19,0.595800,1.00,-2447.313,86.910,0.585416,0.317120
59,1BM4,57.03,0.457000,1.00,-2398.705,115.234,1.114465,0.427240
60,1BMX,58.87,0.624100,1.00,-2101.766,121.899,0.506701,0.401960
61,1BNB,83.55,0.671700,1.00,-2757.426,266.590,0.232734,0.679430
62,1BOE,80.85,0.675300,1.00,-3292.788,264.591,0.209051,0.692490
63,1BQF,68.00,0.574600,1.00,-1237.205,120.613,0.725028,0.353030
64,1BRV,52.34,0.549000,1.00,-1896.970,167.974,0.629438,0.303410
65,1BWX,54.49,0.620600,1.00,-3212.915,59.730,0.583588,0.469510
66,1BY0,81.48,0.622700,1.00,-1593.812,82.559,0.287854,0.530500
67,1BY6,50.69,0.475000,1.00,-2596.598,80.583,0.556472,0.327800
68,1BZG,58.09,0.583100,1.00,-2490.119,64.826,0.482235,0.399330
69,1C2U,37.86,0.438200,1.00,-2394.183,174.125,0.866608,0.246580
70,1C49,95.71,0.747200,1.00,-2305.538,235.562,0.104790,0.805600
71,1C4B,50.00,0.433300,1.00,-573.116,81.339,0.513603,0.244570
72,1C4E,72.86,0.632600,1.00,-1804.176,294.130,0.232951,0.540980
73,1C55,80.00,0.642700,1.00,-3130.197,218.135,0.306228,0.644380
74,1C56,78.12,0.627400,1.00,-3130.197,218.135,0.302430,0.652940
75,1C6W,40.15,0.362700,1.00,-1654.493,178.936,0.661229,0.230710
76,1CBH,99.31,0.848200,1.00,-2345.299,197.182,0.053628,0.910090
77,1CCF,80.36,0.710000,1.00,-2305.834,221.744,0.176322,0.637660
78,1CCM,82.07,0.726300,1.00,-3639.706,172.901,0.252559,0.715910
79,1CCN,86.41,0.742100,1.00,-3639.706,172.901,0.198986,0.770540
80,1CE4,32.86,0.402200,1.00,-1523.385,159.475,0.641993,0.284130
81,1CFG,28.41,0.292900,1.00,-1054.430,143.945,1.034239,0.101710
82,1CFH,28.19,0.278000,1.00,-3376.657,274.964,1.101318,0.266630
83,1CFI,60.64,0.488100,1.00,-3376.657,274.964,0.390100,0.507340
84,1CHL,75.69,0.589100,1.00,-2582.354,169.483,0.230291,0.553090
85,1CIX,50.00,0.405400,1.00,-3248.532,269.646,0.790188,0.448260
86,1CKW,43.00,0.392900,1.00,-1514.872,148.148,0.882795,0.285090
87,1CKX,50.00,0.501300,1.00,-1696.918,83.674,0.631442,0.339000
88,1CKY,37.50,0.441800,1.00,-1696.918,83.674,0.608422,0.186130
89,1CKZ,43.00,0.353600,1.00,-1514.872,148.148,0.540445,0.182440
90,1CMR,83.87,0.664000,1.00,-2206.799,170.000,0.175130,0.578250
91,1CO4,68.45,0.617300,1.00,-2833.363,250.253,0.290720,0.536080
92,1CQ0,56.25,0.546200,1.00,-1336.560,142.805,0.480791,0.352750
93,1CR8,79.76,0.676900,1.00,-2288.719,272.941,0.177350,0.676680
94,1CSA,43.18,0.392900,1.00,-382.229,90.852,0.684478,0.237040
95,1CTI,90.52,0.728400,1.00,-2052.010,182.756,0.107245,0.664690
96,1CW5,36.46,0.388100,1.00,-2207.660,489.139,0.878500,0.289410
97,1CW6,43.92,0.534400,1.00,-2049.350,178.190,0.846205,0.339410
98,1CWX,23.86,0.381600,1.00,-1557.889,301.952,0.972127,0.183360
99,1CXR,62.50,0.528600,1.00,-3594.497,170.852,0.390634,0.504470
100,1CYA,52.27,0.461500,1.00,-382.229,90.852,0.389998,0.234930
101,1CYB,50.00,0.450300,1.00,-382.229,90.852,0.557264,0.241110
102,1CZ6,74.00,0.668400,1.00,-1139.441,128.384,0.292286,0.393420
103,1D0R,72.50,0.616700,1.00,-1834.451,105.394,0.368611,0.479160
104,1D1H,89.29,0.699600,1.00,-2370.009,197.817,0.169391,0.733480
105,1D2J,75.62,0.641900,1.00,-2278.566,255.328,0.237582,0.615040
106,1D2L,76.67,0.626200,1.00,-2306.697,344.817,0.324331,0.640340
107,1D5Q,99.07,0.836400,1.00,-1834.135,90.407,0.059438,0.831590
108,1D6B,72.62,0.624300,1.00,-2757.402,211.705,0.840635,0.637850
109,1D6X,59.62,0.478600,1.00,-400.831,132.499,0.325464,0.318440
110,1DEC,85.26,0.699300,1.00,-2391.086,249.906,0.187731,0.712450
111,1DEP,78.33,0.614600,1.00,-865.765,52.538,0.346127,0.418540
112,1DF6,42.50,0.416500,1.00,-2027.872,225.158,0.610603,0.234970
113,1DFE,80.41,0.604100,1.00,-2421.093,157.319,0.349519,0.667290
114,1DFS,40.32,0.413300,1.00,-2119.573,157.723,0.776242,0.220570
115,1DFT,42.50,0.409000,1.00,-1796.776,178.155,0.696116,0.226250
116,1DGZ,79.73,0.600200,1.00,-2421.093,157.319,0.332138,0.631480
117,1DJF,33.33,0.446000,1.00,-153.421,90.282,0.534051,0.267890
118,1DKC,74.34,0.580700,1.00,-2084.747,240.026,0.207306,0.577960
119,1DL0,66.89,0.535200,1.00,-2345.651,153.615,0.534515,0.513890
120,1DMC,54.84,0.507500,1.00,-1866.684,142.264,0.602492,0.354120
121,1DMD,56.45,0.497300,1.00,-1866.684,142.264,0.591172,0.350410
122,1DME,39.29,0.429400,1.00,-1513.956,314.526,0.809076,0.209060
123,1DMF,40.18,0.430300,1.00,-1513.956,314.526,0.817991,0.210900
124,1DN3,30.00,0.403400,1.00,-153.421,90.282,0.556748,0.108800
125,1DNG,78.33,0.587900,1.00,-526.896,67.088,0.234607,0.395510
126,1DPK,46.25,0.421000,1.00,-393.198,133.830,0.428076,0.193220
127,1DPQ,37.50,0.381000,1.00,-302.804,201.806,0.614418,0.085010
128,1DSK,44.64,0.472500,1.00,-1695.804,154.400,0.651615,0.338870
129,1DSQ,85.71,0.634600,1.00,-927.639,97.758,0.223030,0.402650
130,1DSV,77.42,0.676900,1.00,-1453.854,172.866,0.230070,0.486540
131,1DTC,88.46,0.763900,1.00,-1830.681,43.117,0.299538,0.732540
132,1DU1,63.75,0.534600,1.00,-1215.139,47.197,0.487232,0.274980
133,1DU9,83.04,0.649400,1.00,-1622.209,134.476,0.176126,0.511670
134,1DV0,84.57,0.714200,1.00,-4898.467,133.453,0.279696,0.777780
135,1DVW,48.61,0.564400,1.00,-612.959,73.416,0.752497,0.189900
136,1DX7,59.90,0.610200,1.00,-3900.095,149.722,0.480044,0.533350
137,1E0G,78.12,0.647900,1.00,-4132.397,212.264,0.204288,0.684970
138,1E0L,83.78,0.748800,1.00,-2323.179,194.715,0.252895,0.688790
139,1E0M,79.73,0.715800,1.00,-2303.312,185.348,0.331601,0.631210
140,1E0N,87.96,0.687200,1.00,-1887.711,134.366,0.142600,0.560510
141,1E0Q,48.53,0.558000,1.00,-650.463,70.611,0.727455,0.148820
142,1E4Q,81.08,0.693100,1.00,-2583.419,232.116,0.179336,0.635900
143,1E4R,72.14,0.573700,1.00,-2099.128,185.272,0.388353,0.513370
144,1E4S,81.25,0.619000,1.00,-2565.051,138.401,0.227502,0.641780
145,1E4T,73.65,0.599000,1.00,-2475.288,210.968,0.391135,0.543350
146,1E8P,81.52,0.696600,1.00,-3285.232,261.030,0.387705,0.723670
147,1E8Q,79.89,0.695100,1.00,-3285.232,261.030,0.418226,0.719450
148,1E9K,43.42,0.555700,1.00,-2043.034,216.584,0.670923,0.303900
149,1ED0,91.85,0.752700,1.00,-3283.659,166.827,0.116485,0.833560
150,1ED7,88.33,0.703100,1.00,-3976.553,253.385,0.134938,0.784070
151,1EDP,86.76,0.674600,1.00,-1144.367,69.456,0.190305,0.394830
152,1EDS,39.52,0.422900,1.00,-1974.762,130.068,0.596120,0.274230
153,1EDV,31.62,0.382200,1.00,-1763.117,188.482,0.751244,0.219450
154,1EDW,48.08,0.450200,1.00,-2137.208,89.348,0.497117,0.226180
155,1EDX,29.38,0.387900,1.00,-2366.768,225.535,0.963036,0.285150
156,1EGT,85.29,0.678800,1.00,-761.605,94.568,0.172395,0.362060
157,1EHS,54.69,0.544400,1.00,-3762.559,128.148,0.532946,0.440380
158,1EI0,98.03,0.853200,1.00,-3223.868,125.722,0.070351,0.873040
159,1EMX,70.00,0.516200,1.00,-1819.913,178.624,0.333625,0.389220
160,1EMZ,76.19,0.592200,1.00,-1433.348,52.929,0.356854,0.414620
161,1EQX,75.00,0.600200,1.00,-745.361,73.711,0.381144,0.368320
162,1ERC,58.12,0.459500,1.00,-3093.407,254.687,0.665071,0.508090
163,1ERD,35.62,0.369100,1.00,-2893.027,220.211,0.759203,0.238510
164,1ERP,96.05,0.811700,1.00,-3090.649,162.426,0.079141,0.856360
165,1ERY,50.64,0.449900,1.00,-2310.990,338.116,0.561862,0.374260
166,1ESK,69.05,0.669400,1.00,-2054.113,218.137,0.297765,0.507300
167,1EWS,64.06,0.508400,1.00,-1866.422,234.782,0.373497,0.499790
168,1EYO,71.67,0.585800,1.00,-1889.144,199.729,0.250089,0.454880
169,1EZE,55.26,0.622900,1.00,-2396.498,138.337,0.526366,0.465280
170,1F3K,46.15,0.465000,1.00,-1716.278,240.897,0.589979,0.233140
171,1F4I,87.78,0.686300,1.00,-4554.367,146.757,0.279843,0.779130
172,1F7E,80.43,0.737100,1.00,-2527.323,276.629,0.342234,0.704720
173,1F7M,79.89,0.727000,1.00,-2527.323,276.629,0.304651,0.687240
174,1F8Z,86.54,0.730600,1.00,-2280.959,284.828,0.222982,0.708030
175,1FAC,38.10,0.372700,1.00,-1014.144,122.542,0.817787,0.079630
176,1FCT,28.12,0.375300,1.00,-1144.123,216.471,0.693152,0.207300
177,1FDF,53.00,0.564700,1.00,-1662.216,96.173,0.407659,0.273450
178,1FEO,77.88,0.606600,1.00,-1271.776,204.172,0.173483,0.359690
179,1FF7,74.46,0.687000,1.00,-2527.323,276.629,0.332699,0.605910
180,1FFM,83.70,0.735600,1.00,-2527.323,276.629,0.234039,0.724940
181,1FGD,79.17,0.644300,1.00,-884.352,85.109,0.219905,0.242140
182,1FGE,65.00,0.489500,1.00,-834.996,105.749,0.377517,0.248400
183,1FJN,94.87,0.805000,1.00,-2943.826,179.300,0.106105,0.814310
184,1FME,72.32,0.594700,1.00,-2007.956,114.682,0.302674,0.462180
185,1FMY,41.25,0.414300,1.00,-2380.257,229.165,0.665434,0.252960
186,1FQQ,70.12,0.613300,1.00,-2937.525,247.206,0.257575,0.570390
187,1FRE,38.10,0.377700,1.00,-3008.254,221.541,0.728159,0.334860
188,1FRY,43.10,0.517700,1.00,-1502.635,91.891,0.570477,0.217460
189,1FSB,78.12,0.690700,1.00,-2482.548,234.145,0.271311,0.611460
190,1FSD,77.68,0.628800,1.00,-2055.955,154.511,0.256791,0.442140
191,1FSV,77.68,0.642500,1.00,-2055.955,154.511,0.221271,0.473470
192,1FU3,50.00,0.399500,1.00,-1706.307,164.911,0.755012,0.379980
193,1FU9,77.78,0.658200,1.00,-2606.377,173.048,0.391179,0.650500
194,1FUL,50.00,0.417200,1.00,-466.822,70.110,0.443456,0.319750
195,1FUV,59.09,0.523700,1.00,-466.822,70.110,0.291145,0.188110
196,1FV5,65.28,0.603600,1.00,-2452.901,148.106,0.707168,0.509630
197,1FVY,47.58,0.596700,1.00,-2467.128,61.128,0.908250,0.340040
198,1FW5,53.75,0.470000,1.00,-1061.179,68.371,0.651987,0.319390
199,1FWO,70.00,0.576400,1.00,-2316.264,240.964,0.291381,0.500920
200,1FYG,82.00,0.630600,1.00,-1121.621,215.463,0.159470,0.387540
201,1G04,32.69,0.308000,1.00,-2061.197,89.234,0.703821,0.153170
202,1G26,54.84,0.498500,1.00,-2086.379,211.050,0.632204,0.306990
203,1G92,53.00,0.516100,1.00,-1552.075,133.496,0.618088,0.337500
204,1G9P,43.89,0.410300,1.00,-2426.410,550.469,0.958109,0.346950
205,1GEA,71.43,0.658900,1.00,-1106.520,91.242,0.371067,0.295450
206,1GIB,39.77,0.417800,1.00,-676.472,138.063,0.799704,0.099030
207,1GK5,71.94,0.567900,1.00,-3537.473,336.352,0.425457,0.604980
208,1GM2,56.82,0.479200,1.00,-344.644,61.452,0.292506,0.165460
209,1GNA,53.85,0.517000,1.00,-585.299,83.104,0.433281,0.223790
210,1GNB,50.00,0.469400,1.00,-585.299,83.104,0.438088,0.220520
211,1GNF,75.54,0.634300,1.00,-3155.788,232.788,0.308657,0.626090
212,1GP8,73.12,0.622500,1.00,-2684.272,103.624,0.397959,0.583680
213,1GPS,88.30,0.725300,1.00,-2959.892,192.533,0.149366,0.784990
214,1GPT,87.23,0.697500,1.00,-2898.904,210.034,0.144955,0.793940
215,1GUR,75.00,0.600700,1.00,-1804.176,294.130,0.212383,0.555210
216,1GW3,54.89,0.637700,1.00,-3141.234,180.417,0.419291,0.424180
217,1GW4,51.63,0.600000,1.00,-3141.234,180.417,0.659289,0.409890
218,1H20,33.97,0.376000,1.00,-2421.004,368.077,0.875653,0.216520
219,1H5O,58.93,0.453600,1.00,-2409.059,317.961,0.413265,0.450460
220,1H7D,22.45,0.271300,1.00,-2319.915,387.641,1.829661,0.175970
221,1H7J,42.31,0.343200,1.00,-1634.823,115.673,0.691931,0.237890
222,1HA9,86.76,0.765500,1.00,-1774.285,229.658,0.369279,0.731410
223,1HD6,47.97,0.524000,1.00,-2798.189,217.009,0.685111,0.325560
225,1HEV,95.93,0.770200,1.00,-3144.365,239.930,0.079464,0.877560
226,1HFF,57.50,0.420500,1.00,-420.168,58.924,0.317983,0.190000
227,1HJ0,34.76,0.543900,1.00,-2040.325,183.388,0.824813,0.246830
228,1HLL,67.19,0.659600,1.00,-2190.530,114.630,0.284847,0.552150
229,1HLY,89.10,0.723200,1.00,-3002.408,178.258,0.126812,0.746640
230,1HN3,23.12,0.312500,1.00,-2081.510,204.588,1.273361,0.200570
231,1HNR,62.23,0.558600,1.00,-3323.682,237.248,0.374106,0.475370
232,1HNS,58.51,0.488200,1.00,-3323.682,237.248,0.411838,0.470500
233,1HO0,47.50,0.493000,1.00,-1783.299,88.179,0.756856,0.271120
234,1HO2,95.00,0.772200,1.00,-1365.321,35.863,0.086274,0.541530
235,1HO7,83.75,0.748900,1.00,-1365.321,35.863,0.158150,0.460890
236,1HO9,61.72,0.616300,1.00,-2311.924,89.311,0.367328,0.456330
237,1HOD,61.72,0.617100,1.00,-2311.924,89.311,0.370725,0.428260
238,1HOF,57.81,0.580200,1.00,-2190.530,114.630,0.435984,0.449860
239,1HP2,93.92,0.780100,1.00,-2775.065,225.882,0.093818,0.800360
240,1HP3,85.16,0.714000,1.00,-1735.286,246.094,0.158129,0.624690
241,1HP9,82.95,0.640400,1.00,-1774.118,64.889,0.201084,0.311990
242,1HPH,44.59,0.559100,1.00,-2970.275,91.102,0.743548,0.412690
243,1HPY,61.76,0.649600,1.00,-2784.946,83.582,0.379075,0.356750
244,1HRL,75.00,0.585000,1.00,-1160.102,92.978,0.489558,0.407280
246,1HTX,52.34,0.442800,1.00,-1667.816,217.186,0.426015,0.284260
247,1HU5,76.39,0.633300,1.00,-829.208,55.758,0.234003,0.327960
248,1HU6,56.94,0.448100,1.00,-788.484,65.849,0.503174,0.291800
249,1HU7,86.11,0.657600,1.00,-826.196,69.361,0.152964,0.379840
250,1HVW,94.00,0.780900,1.00,-1578.089,129.669,0.085111,0.622660
251,1HVZ,43.06,0.362700,1.00,-751.544,110.217,0.593275,0.128380
252,1HY9,70.73,0.573700,1.00,-2474.458,197.563,0.470059,0.550470
253,1HYK,70.65,0.571700,1.00,-3457.008,264.698,0.303169,0.594010
254,1HZ3,27.88,0.496900,1.00,-979.889,135.695,0.868793,0.189670
255,1I25,46.62,0.501700,1.00,-1426.745,284.355,1.432758,0.388780
256,1I26,48.53,0.446800,1.00,-2171.676,220.567,0.833056,0.322680
257,1I2U,74.43,0.597700,1.00,-3132.258,227.299,0.447280,0.617850
258,1I2V,73.86,0.614600,1.00,-3346.613,229.502,0.477697,0.600510
259,1I6C,70.51,0.594400,1.00,-2319.181,261.312,0.547340,0.554480
260,1I8X,80.00,0.711600,1.00,-2151.484,110.639,0.208126,0.539040
261,1I8Y,68.75,0.606600,1.00,-1814.823,214.621,0.360671,0.382250
262,1IB9,82.35,0.709000,1.00,-1774.285,229.658,0.381352,0.623970
263,1IBN,70.00,0.506400,1.00,-977.500,93.931,0.415267,0.232300
264,1IBO,61.25,0.515100,1.00,-977.500,93.931,0.521102,0.216200
265,1IC9,37.93,0.478800,1.00,-1386.485,189.414,1.341801,0.216080
266,1ICA,72.50,0.618700,1.00,-2660.828,164.294,0.487242,0.562950
267,1ICL,35.34,0.481200,1.00,-1406.806,188.889,1.217685,0.225640
268,1ICO,39.66,0.503600,1.00,-1679.017,190.405,1.296273,0.308680
269,1ID6,36.67,0.472500,1.00,-830.754,40.283,0.607744,0.147020
270,1ID7,43.33,0.448900,1.00,-830.754,40.283,0.585619,0.203600
271,1IE6,37.88,0.384100,1.00,-1688.094,165.846,0.635773,0.218680
272,1IFY,79.08,0.678600,1.00,-4920.247,140.082,0.198813,0.711080
273,1IIJ,73.57,0.699900,1.00,-2474.774,73.437,0.289171,0.629250
274,1IM1,77.08,0.596000,1.00,-566.561,57.591,0.264526,0.348570
275,1IRR,76.09,0.659100,1.00,-1043.363,104.306,0.288913,0.417770
276,1IVA,42.19,0.393100,1.00,-2979.139,358.575,0.743901,0.343710
277,1IWC,21.32,0.342500,1.00,-922.912,254.335,0.965460,0.198100
278,1IWF,31.62,0.431200,1.00,-922.912,254.335,0.733467,0.203110
279,1IXA,84.62,0.694600,1.00,-2282.874,182.777,0.177058,0.690790
280,1IXT,65.74,0.581500,1.00,-1607.388,166.631,0.247410,0.321290
281,1IXU,58.33,0.459800,1.00,-403.421,74.614,0.383385,0.201980
282,1IYC,43.75,0.509200,1.00,-1781.986,197.956,0.853127,0.334810
283,1IYT,19.05,0.351200,1.00,-1591.880,312.451,0.948015,0.254070
284,1J4M,42.86,0.380000,1.00,-522.068,97.462,0.570826,0.228780
285,1J5J,95.83,0.812900,1.00,-2867.986,150.830,0.075751,0.845260
286,1J5L,52.50,0.453000,1.00,-1880.267,157.867,0.691256,0.249960
287,1J5M,47.32,0.458500,1.00,-1396.965,210.250,0.805813,0.236970
288,1JBL,62.50,0.525900,1.00,-480.562,80.082,0.350534,0.251950
289,1JBN,69.64,0.549400,1.00,-480.562,80.082,0.332227,0.272870
290,1JDM,66.94,0.611400,1.00,-2864.004,89.247,0.479883,0.458690
291,1JI9,37.84,0.396400,1.00,-2346.036,226.698,0.701172,0.265410
292,1JJZ,84.48,0.678300,1.00,-1904.704,130.407,0.315962,0.575580
293,1JKZ,85.87,0.726200,1.00,-3719.614,215.901,0.138079,0.757880
294,1JLZ,88.04,0.702000,1.00,-1202.908,99.756,0.158139,0.432670
295,1JMN,83.70,0.703100,1.00,-3244.746,147.493,0.155146,0.733800
296,1JMP,80.98,0.694600,1.00,-3155.294,136.487,0.205479,0.708020
297,1JN7,67.36,0.585300,1.00,-2633.200,139.760,0.631593,0.558130
298,1JO5,43.75,0.618600,1.00,-3900.095,149.722,1.029581,0.422230
299,1JO6,32.78,0.411300,1.00,-2311.488,249.231,1.482123,0.326680
300,1JRF,52.66,0.464300,1.00,-2312.128,239.440,0.774426,0.433480
301,1JRJ,55.13,0.582700,1.00,-2206.628,169.840,1.082573,0.456300
302,1JU8,73.65,0.669000,1.00,-2675.924,197.086,0.236722,0.552960
303,1JY9,43.75,0.501700,1.00,-400.123,96.109,0.775732,0.179350
304,1K0P,33.06,0.376900,1.00,-1795.641,186.810,0.666965,0.206550
305,1K18,33.06,0.380800,1.00,-1795.641,186.810,0.653087,0.188690
306,1K1V,89.63,0.704300,1.00,-3337.910,124.564,0.118902,0.781160
307,1K36,78.80,0.629000,1.00,-3523.472,251.064,0.216750,0.679380
308,1K37,76.63,0.631800,1.00,-3523.472,251.064,0.218128,0.646650
309,1K43,44.64,0.397900,1.00,-522.068,97.462,0.570018,0.215830
310,1K48,82.76,0.681000,1.00,-1904.704,130.407,0.320568,0.541850
311,1K7B,78.19,0.669100,1.00,-2315.175,333.329,0.460272,0.670440
312,1K81,63.19,0.532400,1.00,-2313.136,174.435,0.355908,0.422360
313,1K91,85.81,0.752000,1.00,-1595.030,180.194,0.159443,0.694030
314,1KAL,81.03,0.641200,1.00,-1929.195,161.154,0.287881,0.507680
315,1KBE,69.90,0.562400,1.00,-3352.074,264.454,0.296010,0.579070
316,1KBF,69.90,0.566100,1.00,-3352.074,264.454,0.304458,0.586240
317,1KDL,71.74,0.655700,1.00,-1766.664,40.027,0.323215,0.386800
318,1KGM,87.14,0.721000,1.00,-1870.009,185.330,0.134305,0.659460
319,1KIO,77.14,0.670100,1.00,-1799.740,221.711,0.321484,0.564250
320,1KJ0,77.86,0.661600,1.00,-1670.119,193.720,0.211909,0.547220
321,1KJ5,78.47,0.662000,1.00,-2565.051,138.401,0.196320,0.592830
322,1KJ6,69.44,0.570800,1.00,-2911.433,183.869,0.618976,0.558930
323,1KLR,90.00,0.767800,1.00,-1855.161,145.855,0.185023,0.703540
324,1KLS,89.17,0.733600,1.00,-1847.583,156.361,0.202245,0.687920
325,1KMR,80.00,0.666800,1.00,-850.811,33.692,0.356193,0.488510
326,1KOZ,76.39,0.618100,1.00,-2575.829,197.118,0.231473,0.565160
327,1KQH,80.26,0.648400,1.00,-2828.759,215.628,0.262759,0.649490
328,1KQI,76.97,0.634200,1.00,-2828.759,215.628,0.291259,0.616890
329,1KUW,42.50,0.525700,1.00,-146.135,49.566,0.484879,0.176950
330,1KV4,28.57,0.364400,1.00,-2073.860,285.447,1.084726,0.266350
331,1KWD,73.44,0.515700,1.00,-1058.734,72.215,0.260923,0.243520
332,1KWE,67.19,0.506100,1.00,-1058.734,72.215,0.292412,0.210740
333,1KX6,43.10,0.415100,1.00,-2280.254,63.448,0.552493,0.224860
334,1KZ0,84.38,0.585600,1.00,-801.944,85.578,0.191127,0.258210
335,1KZ2,71.88,0.564800,1.00,-500.080,106.552,0.376021,0.333980
336,1KZ5,75.00,0.500300,1.00,-530.528,84.965,0.359840,0.328300
337,1L1K,35.00,0.324200,1.00,-1195.702,42.977,0.642969,0.124320
338,1L2Y,56.25,0.553300,1.00,-673.458,119.511,0.475963,0.241310
339,1L3Q,64.58,0.431500,1.00,-359.104,54.814,0.371696,0.189540
340,1L3Y,74.39,0.605300,1.00,-2715.827,239.434,0.286684,0.602760
341,1L4V,71.88,0.614900,1.00,-2489.066,197.516,0.400065,0.569190
342,1LA4,88.97,0.726300,1.00,-2223.369,251.814,0.166965,0.733030
343,1LB0,84.62,0.622800,1.00,-689.587,45.432,0.168727,0.345600
344,1LB7,82.81,0.602300,1.00,-812.611,55.007,0.211444,0.373310
345,1LBJ,79.55,0.594000,1.00,-1699.357,70.597,0.390699,0.519680
346,1LCX,88.46,0.629700,1.00,-689.587,45.432,0.166029,0.408030
347,1LDL,69.79,0.597500,1.00,-2835.575,305.170,0.292418,0.588270
348,1LDR,69.19,0.558000,1.00,-2418.878,254.875,0.345063,0.563850
349,1LFC,32.00,0.282800,1.00,-1781.633,86.535,0.734573,0.190820
350,1LGL,97.22,0.795200,1.00,-2867.986,150.830,0.068807,0.869410
351,1LIQ,44.44,0.564600,1.00,-1573.377,102.084,0.929150,0.285040
352,1LIR,89.86,0.733700,1.00,-2788.141,162.410,0.111244,0.753210
353,1LMM,68.12,0.587900,1.00,-2383.805,270.518,0.439100,0.533040
354,1LMR,72.86,0.622200,1.00,-1925.185,186.967,0.339593,0.524010
355,1LUP,75.81,0.517400,1.00,-1810.992,255.358,0.316974,0.504960
356,1LV4,38.10,0.466400,1.00,-732.919,107.543,0.710024,0.112820
357,1LVZ,86.36,0.604200,1.00,-581.833,55.154,0.147871,0.464120
358,1LYP,82.03,0.711800,1.00,-2281.615,76.619,0.204845,0.666730
359,1M02,60.42,0.471100,1.00,-507.074,69.139,0.316384,0.247250
360,1M0G,51.67,0.431900,1.00,-2035.575,179.213,0.437687,0.254240
361,1M0J,43.75,0.473200,1.00,-1498.566,174.965,0.722471,0.217090
362,1M23,73.08,0.465300,1.00,-329.873,94.487,0.350999,0.319170
363,1M25,56.73,0.437400,1.00,-2061.197,89.234,0.765678,0.345130
364,1M2S,84.46,0.667100,1.00,-2560.315,184.985,0.134083,0.688020
365,1M36,81.06,0.656100,1.00,-2441.316,140.707,0.345952,0.664960
366,1M4E,47.50,0.430900,1.00,-962.366,178.663,0.533679,0.120330
367,1M4F,48.00,0.424100,1.00,-1297.388,123.097,0.550063,0.151250
368,1MA2,44.12,0.387600,1.00,-976.347,108.539,0.525351,0.294260
369,1MA4,51.47,0.438900,1.00,-909.267,176.130,0.454186,0.229790
370,1MA5,52.94,0.429600,1.00,-976.347,108.539,0.438199,0.213770
371,1MA6,48.53,0.414500,1.00,-909.267,176.130,0.488391,0.190700
372,1MB6,71.43,0.554900,1.00,-2125.932,212.819,0.264409,0.499970
373,1MEA,63.39,0.506400,1.00,-1372.797,187.012,0.468997,0.326770
374,1MED,61.61,0.480400,1.00,-1372.797,187.012,0.500284,0.319010
375,1MEQ,40.22,0.439300,1.00,-815.106,118.964,0.776134,0.169220
376,1MF6,43.75,0.418900,1.00,-372.448,58.287,0.495146,0.134460
377,1MGX,47.87,0.395800,1.00,-3376.657,274.964,0.677469,0.380270
378,1MHU,37.90,0.413100,1.00,-2163.173,189.768,0.815664,0.242770
379,1MKC,50.58,0.561700,1.00,-2316.076,184.207,0.603178,0.385420
380,1MM0,92.36,0.784900,1.00,-3055.816,195.722,0.109079,0.789590
381,1MMC,84.17,0.717100,1.00,-1923.016,110.413,0.171182,0.578700
382,1MOT,57.14,0.598800,1.00,-1241.011,131.928,0.623550,0.447760
383,1MPZ,35.37,0.448800,1.00,-2533.147,208.912,0.716083,0.241660
384,1MR0,62.50,0.540500,1.00,-2650.503,202.583,0.313616,0.413180
385,1MR4,89.89,0.739900,1.00,-3478.918,218.069,0.151340,0.792990
386,1MRB,42.74,0.446300,1.00,-2008.060,194.056,0.796905,0.227300
387,1MRT,39.52,0.404000,1.00,-1997.858,204.597,0.755994,0.227660
388,1MTQ,71.05,0.524300,1.00,-971.066,89.983,0.423217,0.269470
389,1MTX,90.38,0.753800,1.00,-2877.297,239.834,0.126042,0.769940
390,1MXQ,68.18,0.542600,1.00,-462.042,59.817,0.368622,0.390610
391,1MYN,93.75,0.713600,1.00,-3173.181,174.429,0.119869,0.852300
392,1MYU,39.58,0.468400,1.00,-372.660,51.784,0.484104,0.304250
393,1MZI,50.00,0.498200,1.00,-689.587,45.432,0.333758,0.157130
394,1N0Z,65.00,0.677600,1.00,-2221.169,267.614,0.721256,0.552150
395,1N1U,81.90,0.659700,1.00,-1686.965,205.921,0.209437,0.549700
396,1N2Y,36.67,0.418700,1.00,-529.370,105.587,0.555337,0.225840
397,1N4N,94.68,0.789800,1.00,-3657.600,228.348,0.096213,0.864950
398,1N5G,30.26,0.311200,1.00,-2753.275,218.321,0.822639,0.236110
399,1N6T,67.50,0.564400,1.00,-405.052,42.696,0.272691,0.425380
400,1N8M,92.11,0.762200,1.00,-2582.871,185.118,0.139389,0.801060
401,1N9U,70.00,0.458700,1.00,-398.160,59.369,0.306364,0.330560
402,1NB1,90.52,0.765800,1.00,-1748.176,154.962,0.175316,0.695680
403,1NBJ,62.50,0.549500,1.00,-1946.054,268.774,0.382929,0.353570
404,1NBL,89.67,0.753400,1.00,-3421.066,157.416,0.130315,0.798110
405,1NC8,72.41,0.658500,1.00,-1265.585,104.465,0.533448,0.556800
406,1NCS,79.26,0.668800,1.00,-4065.852,238.326,0.289882,0.705370
407,1ND9,53.06,0.508500,1.00,-4167.807,150.697,0.419211,0.406240
408,1NE5,76.19,0.547800,1.00,-2906.648,266.341,0.268174,0.626290
409,1NIZ,60.94,0.536100,1.00,-509.117,87.849,0.376773,0.256390
410,1NJ0,62.50,0.573000,1.00,-509.117,87.849,0.307911,0.232260
411,1NJ3,86.29,0.732100,1.00,-1998.871,137.786,0.255658,0.649720
412,1NMJ,28.57,0.449200,1.00,-981.684,139.356,0.889853,0.215340
413,1NZS,39.47,0.522000,1.00,-428.827,114.505,0.779257,0.190190
414,1O53,81.67,0.685300,1.00,-627.429,78.457,0.292275,0.403220
415,1O8Y,60.71,0.534400,1.00,-480.562,80.082,0.337724,0.221740
416,1O8Z,62.50,0.516000,1.00,-480.562,80.082,0.342227,0.353810
417,1OAV,38.54,0.397400,1.00,-2979.139,358.575,0.809745,0.320520
418,1OAW,38.02,0.408800,1.00,-2979.139,358.575,0.881543,0.335460
419,1ODP,90.00,0.676500,1.00,-1564.588,52.978,0.112860,0.444690
420,1ODQ,77.50,0.691900,1.00,-1564.588,52.978,0.272623,0.460230
421,1ODR,85.00,0.593000,1.00,-1564.588,52.978,0.219292,0.384460
422,1OEF,88.54,0.679700,1.00,-1730.674,40.566,0.135921,0.443290
423,1OEG,73.91,0.673600,1.00,-1574.134,48.079,0.341923,0.386880
424,1OEI,30.21,0.329200,1.00,-610.096,121.825,0.682645,0.174270
425,1OG7,42.44,0.492500,1.00,-2213.872,218.881,0.939881,0.351790
426,1OHM,49.43,0.487500,1.00,-2653.252,185.811,0.631929,0.407310
427,1OHN,44.19,0.473900,1.00,-2213.872,218.881,0.795954,0.346510
428,1OIG,85.42,0.708300,1.00,-1305.512,121.847,0.169336,0.421110
429,1OMA,38.54,0.400700,1.00,-3092.477,261.805,0.898703,0.367130
430,1OMB,34.90,0.399200,1.00,-3092.477,261.805,0.910494,0.297400
431,1OMQ,82.81,0.673300,1.00,-801.944,85.578,0.145248,0.378650
432,1OPP,63.82,0.634700,1.00,-2958.725,63.105,0.512218,0.506320
433,1ORL,92.93,0.780600,1.00,-3270.078,171.684,0.097372,0.861260
434,1ORX,88.54,0.733300,1.00,-1649.262,107.711,0.158238,0.542040
435,1OZZ,78.41,0.677400,1.00,-3508.003,158.031,0.426308,0.688450
436,1P00,74.43,0.650100,1.00,-3427.311,191.134,0.425419,0.642790
437,1P0A,72.73,0.625300,1.00,-3307.672,229.401,0.485060,0.591350
438,1P7A,68.92,0.701300,1.00,-2199.520,147.947,0.802993,0.577410
439,1P82,30.00,0.388000,1.00,-900.170,129.228,1.019632,0.191280
440,1P83,26.00,0.375500,1.00,-900.170,129.228,0.881797,0.141050
441,1P8B,89.86,0.757000,1.00,-2679.036,215.011,0.147073,0.776470
442,1P9C,48.89,0.456700,1.00,-2528.250,226.954,0.736963,0.364200
443,1P9F,80.00,0.605000,1.00,-406.201,72.023,0.211677,0.393500
444,1P9Z,76.83,0.659400,1.00,-2919.091,176.696,0.393713,0.651980
445,1PAA,88.33,0.681600,1.00,-2173.401,170.657,0.208855,0.676860
446,1PB5,95.00,0.771600,1.00,-1794.936,212.178,0.092107,0.784500
447,1PDC,79.44,0.643500,1.00,-3839.006,284.612,0.280839,0.658030
448,1PGY,72.34,0.627400,1.00,-4759.094,171.117,0.370405,0.603600
449,1PJV,89.84,0.695200,1.00,-2388.112,123.594,0.118783,0.676580
450,1PLP,63.00,0.653000,1.00,-1452.636,107.638,0.548663,0.368770
451,1PMC,84.72,0.709500,1.00,-1937.079,203.945,0.249066,0.660320
452,1PNH,90.32,0.763100,1.00,-2182.089,109.504,0.112987,0.689890
453,1PP5,47.62,0.454100,1.00,-915.074,126.544,0.434468,0.136140
454,1PSM,60.53,0.591900,1.00,-2635.687,68.385,0.515016,0.474640
455,1PSV,57.14,0.608500,1.00,-1972.336,106.465,0.747861,0.362350
456,1PT4,94.83,0.767600,1.00,-1937.022,150.147,0.089510,0.697820
457,1PV0,87.50,0.736700,1.00,-4254.675,194.587,0.284837,0.799300
458,1PVZ,77.42,0.609700,1.00,-2128.278,162.210,0.374011,0.557930
459,1PX9,66.67,0.528400,1.00,-2906.648,266.341,0.317593,0.502440
460,1PXQ,35.71,0.346700,1.00,-2380.570,186.599,0.716718,0.224340
461,1Q01,24.34,0.485400,1.00,-1293.676,187.890,1.103742,0.205980
462,1Q2F,47.66,0.600600,1.00,-2536.679,84.931,0.557754,0.302370
463,1Q2I,41.41,0.468800,1.00,-2536.679,84.931,0.738795,0.242710
464,1Q2J,47.73,0.432100,1.00,-822.953,188.500,0.498884,0.131270
465,1Q2K,93.55,0.805100,1.00,-2141.364,79.477,0.086818,0.756580
466,1Q3J,72.92,0.591000,1.00,-2138.981,158.959,0.317722,0.535700
467,1Q3M,58.67,0.527600,1.00,-3660.422,239.255,0.850109,0.493560
468,1Q3Y,47.62,0.487300,1.00,-2025.732,183.480,0.775330,0.372880
469,1Q3Z,50.60,0.501600,1.00,-2025.732,183.480,0.662702,0.387840
470,1Q71,55.95,0.485100,1.00,-915.074,126.544,0.472488,0.137100
471,1QCM,86.36,0.682700,1.00,-349.599,43.442,0.223109,0.482250
472,1QDP,33.33,0.364300,1.00,-2785.938,280.376,0.756735,0.261270
473,1QFD,53.91,0.460000,1.00,-1667.816,217.186,0.408115,0.324650
474,1QG9,82.14,0.717200,1.00,-1570.530,26.310,0.307574,0.435550
475,1QGM,79.17,0.685100,1.00,-2151.484,110.639,0.215146,0.518360
476,1QHK,72.87,0.624300,1.00,-4089.482,212.950,0.252319,0.588970
477,1QJK,33.33,0.391100,1.00,-2230.743,210.298,0.983204,0.241750
478,1QJL,42.86,0.437800,1.00,-1852.911,193.772,0.837268,0.213920
479,1QK6,87.88,0.706300,1.00,-2104.064,195.387,0.144416,0.676610
480,1QK7,82.81,0.628900,1.00,-2273.150,201.659,0.245486,0.616590
481,1QKY,83.55,0.644200,1.00,-2969.986,188.156,0.193072,0.668270
482,1QLO,49.26,0.410100,1.00,-2718.809,130.967,0.718230,0.328130
483,1QWP,88.64,0.619700,1.00,-349.599,43.442,0.153623,0.413450
484,1QXC,52.27,0.472700,1.00,-349.599,43.442,0.425178,0.312350
485,1QYT,75.00,0.593900,1.00,-349.599,43.442,0.230751,0.234890
486,1R02,43.94,0.437800,1.00,-1838.964,183.233,0.754245,0.344770
487,1R1F,56.76,0.477800,1.00,-2054.104,212.061,0.420297,0.473220
488,1R7C,75.81,0.765800,1.00,-2638.710,80.171,0.252750,0.591090
489,1R7D,70.97,0.692800,1.00,-2638.710,80.171,0.272023,0.567740
490,1R7E,79.03,0.703600,1.00,-2638.710,80.171,0.278664,0.571210
491,1R7F,70.16,0.670600,1.00,-2638.710,80.171,0.311511,0.429350
492,1R7G,74.19,0.688100,1.00,-2638.710,80.171,0.413178,0.553500
493,1R8T,75.00,0.529800,1.00,-634.372,89.742,0.268838,0.346210
494,1R9I,47.73,0.445700,1.00,-1107.159,150.312,0.747606,0.201960
495,1RES,69.77,0.570000,1.00,-3809.690,171.512,0.539231,0.580760
496,1RET,67.44,0.536600,1.00,-3809.690,171.512,0.491586,0.508240
497,1RG3,56.25,0.498700,1.00,-726.054,116.048,0.390815,0.300040
498,1RG4,59.38,0.472900,1.00,-726.054,116.048,0.391317,0.151130
499,1RIJ,55.43,0.626900,1.00,-1105.093,82.309,1.007838,0.281380
500,1RIK,91.38,0.756800,1.00,-2063.573,125.622,0.119763,0.710810
501,1RIM,81.82,0.656700,1.00,-2170.340,130.082,0.303528,0.621580
502,1RJI,70.97,0.608900,1.00,-2144.216,190.144,0.567660,0.491100
503,1RKL,54.86,0.610900,1.00,-2729.553,88.432,0.727612,0.507530
504,1RMK,77.42,0.608800,1.00,-2493.761,200.230,0.260099,0.509700
505,1RO3,44.39,0.430500,1.00,-2671.730,255.308,0.637083,0.330280
506,1ROO,81.43,0.671800,1.00,-2645.183,161.761,0.176384,0.615440
507,1RPB,36.90,0.403000,1.00,-1278.430,111.790,0.648638,0.130420
508,1RPC,39.29,0.379700,1.00,-1278.430,111.790,0.632479,0.161640
509,1RSW,33.33,0.416400,1.00,-240.850,67.552,0.646810,0.090160
510,1RSX,41.67,0.489700,1.00,-240.850,67.552,0.663785,0.154010
511,1RT0,35.42,0.490300,1.00,-240.850,67.552,0.682237,0.168770
512,1S4H,51.92,0.471400,1.00,-178.520,81.341,0.407922,0.234600
513,1S4J,48.08,0.488600,1.00,-193.107,76.807,0.636396,0.214790
514,1S4T,48.81,0.478300,1.00,-1134.301,118.247,0.803759,0.191640
515,1S4W,38.75,0.407800,1.00,-393.198,133.830,0.467232,0.144500
516,1S6W,80.95,0.611200,1.00,-1225.084,112.144,0.182899,0.286700
517,1S6X,84.56,0.686900,1.00,-2478.644,192.209,0.241781,0.649840
518,1SBU,63.64,0.570400,1.00,-379.380,49.094,0.466970,0.342890
519,1SCO,77.63,0.641800,1.00,-2654.030,198.892,0.183753,0.568930
520,1SH1,78.12,0.671300,1.00,-2774.585,275.646,0.458765,0.677600
521,1SKH,64.17,0.617400,1.00,-1940.231,135.545,0.473754,0.520130
522,1SMZ,54.63,0.579400,1.00,-1607.172,94.346,0.672170,0.382010
523,1SOL,32.50,0.375400,1.00,-429.757,132.017,0.805942,0.128700
524,1SP1,85.34,0.685500,1.00,-1709.902,123.595,0.244213,0.610600
525,1SP2,91.94,0.723400,1.00,-1937.937,146.740,0.145815,0.706210
526,1SP7,66.67,0.617900,1.00,-1586.415,132.660,0.351730,0.264030
527,1SPF,72.14,0.782000,1.00,-2028.676,150.070,0.484236,0.717300
528,1SPW,85.26,0.640500,1.00,-3273.624,259.469,0.219075,0.726260
529,1SRB,64.29,0.480000,1.00,-1566.011,95.254,0.466452,0.250860
530,1SRK,77.14,0.700700,1.00,-2269.325,120.769,0.500790,0.592620
531,1SSL,68.75,0.584400,1.00,-3604.574,269.836,0.315594,0.586600
532,1SUT,29.55,0.429700,1.00,-911.212,124.398,0.697529,0.182480
533,1SX0,95.45,0.780400,1.00,-1122.752,87.333,0.091548,0.517240
534,1SX1,93.18,0.711400,1.00,-1122.752,87.333,0.121284,0.503340
535,1T0C,25.81,0.483900,1.00,-804.111,174.383,1.240296,0.201350
536,1T2Y,43.00,0.441000,1.00,-1238.974,136.077,0.679589,0.137620
537,1T5M,46.15,0.311000,1.00,-408.718,63.250,0.620969,0.274430
538,1T5N,55.77,0.395900,1.00,-408.718,63.250,0.635196,0.211230
539,1T5Q,70.83,0.700200,1.00,-2120.630,85.319,0.301317,0.505250
540,1T9E,58.93,0.557200,1.00,-386.374,67.729,0.891145,0.258910
541,1TI5,92.39,0.744200,1.00,-3573.699,157.712,0.108283,0.823910
542,1TM6,56.82,0.479600,1.00,-1011.042,97.429,0.409718,0.228410
543,1TMR,81.58,0.679900,1.00,-1068.927,99.258,0.173832,0.321740
544,1TOR,60.00,0.546700,1.00,-317.415,57.396,0.299565,0.360400
545,1TOS,52.50,0.495000,1.00,-285.811,49.905,0.288358,0.200970
546,1TSK,82.86,0.675400,1.00,-2470.687,157.468,0.143241,0.649450
547,1TV0,78.91,0.580900,1.00,-1999.432,172.459,0.261599,0.554900
548,1TYK,61.76,0.511000,1.00,-2314.287,254.597,0.406529,0.456580
549,1U0P,55.56,0.433200,1.00,-1692.052,158.293,0.672423,0.361480
550,1U57,39.58,0.548800,1.00,-2563.685,198.738,0.836690,0.335840
551,1U6U,67.65,0.507700,1.00,-592.717,168.445,0.295549,0.272280
552,1U6V,57.35,0.473600,1.00,-592.717,168.445,0.341483,0.220670
553,1U85,75.00,0.749500,1.00,-2201.341,161.298,0.450499,0.568280
554,1U86,77.14,0.692900,1.00,-2296.329,193.556,0.417561,0.574580
555,1UAO,57.50,0.497400,1.00,-314.669,57.014,0.280258,0.300310
556,1UJL,34.52,0.330500,1.00,-2431.893,243.930,1.130984,0.306930
557,1UT3,90.79,0.706900,1.00,-3009.037,160.646,0.125973,0.777120
558,1UYA,60.94,0.512200,1.00,-781.469,101.924,0.464456,0.261860
559,1UYB,51.56,0.528300,1.00,-781.469,101.924,0.463673,0.208470
560,1V1D,86.29,0.667600,1.00,-2183.733,121.797,0.185098,0.608110
561,1V28,82.61,0.652600,1.00,-1022.561,246.820,0.201710,0.370540
562,1V4Z,69.74,0.690400,1.00,-966.545,55.164,0.455307,0.368810
563,1V50,76.32,0.679100,1.00,-966.545,55.164,0.228239,0.343480
564,1V5A,72.32,0.606300,1.00,-1602.847,166.972,0.299758,0.409930
565,1V6R,69.05,0.516700,1.00,-1610.308,88.951,0.495270,0.280360
566,1V92,78.26,0.697900,1.00,-4752.903,139.323,0.165630,0.688660
567,1VA1,78.38,0.642000,1.00,-2272.868,186.418,0.280965,0.615820
568,1VA2,86.29,0.692200,1.00,-1937.937,146.740,0.154933,0.625850
569,1VA3,83.62,0.664400,1.00,-1709.902,123.595,0.180198,0.566990
570,1VB8,60.00,0.552400,1.00,-2050.988,254.854,0.382735,0.353890
571,1VD7,66.30,0.526100,1.00,-1439.635,57.431,0.423673,0.354170
572,1VD8,63.04,0.489500,1.00,-1719.222,45.215,0.417618,0.277050
573,1VD9,71.74,0.605300,1.00,-1715.245,40.509,0.418963,0.456610
574,1VDA,59.78,0.556200,1.00,-1515.513,64.454,0.696139,0.283920
575,1VDB,88.04,0.727600,1.00,-1439.635,57.431,0.130814,0.521810
576,1VII,78.47,0.677500,1.00,-2920.150,119.219,0.243611,0.607800
577,1VPC,56.11,0.592700,1.00,-2698.589,227.852,0.545700,0.441300
578,1VPU,32.22,0.544400,1.00,-2381.274,231.048,1.824884,0.263780
579,1VQX,39.47,0.522500,1.00,-428.827,114.505,0.793462,0.177750
580,1VTP,65.38,0.675100,1.00,-1778.554,44.190,0.400764,0.474170
581,1VTX,32.74,0.351400,1.00,-2920.306,315.039,0.734405,0.237410
582,1W1N,55.30,0.509200,1.00,-1993.406,148.126,0.481082,0.410270
583,1W4E,90.96,0.725500,1.00,-3728.201,249.165,0.226049,0.832900
584,1W4F,88.83,0.734500,1.00,-3728.201,249.165,0.240095,0.797170
585,1W4G,87.23,0.724000,1.00,-3786.636,246.953,0.309754,0.791650
586,1W4H,86.70,0.709300,1.00,-3496.222,163.413,0.482794,0.788420
587,1WAZ,47.28,0.548700,1.00,-3834.278,141.653,0.759876,0.474200
588,1WCT,57.69,0.488300,1.00,-338.088,58.325,0.348638,0.186080
589,1WM7,72.41,0.626900,1.00,-1840.168,173.635,0.275191,0.383520
590,1WM8,64.29,0.522600,1.00,-1728.057,121.575,0.309171,0.314950
591,1WMT,87.80,0.664900,1.00,-3094.878,230.298,0.187215,0.696120
592,1WN4,63.39,0.635600,1.00,-1308.866,71.040,0.545349,0.410530
593,1WN8,85.23,0.633700,1.00,-1362.355,40.523,0.295029,0.510750
594,1WNK,84.78,0.771500,1.00,-1715.245,40.509,0.171207,0.485770
595,1WNM,90.22,0.707800,1.00,-1719.222,45.215,0.126284,0.469170
596,1WNN,81.52,0.669200,1.00,-1515.513,64.454,0.269131,0.435730
597,1WO3,39.00,0.491200,1.00,-1067.521,76.204,0.724541,0.295790
598,1WO4,53.00,0.459800,1.00,-1270.293,106.031,0.476166,0.302090
599,1WO5,62.00,0.556100,1.00,-1714.305,86.861,0.472455,0.264960
600,1WO6,62.00,0.483400,1.00,-1164.971,153.148,0.334004,0.239770
601,1WO7,59.00,0.508500,1.00,-1553.048,102.000,0.543061,0.346160
602,1WO9,80.00,0.698700,1.00,-1661.787,248.872,0.330371,0.624640
603,1WPD,61.76,0.519400,1.00,-2338.583,156.106,0.488991,0.339530
604,1WQB,71.88,0.531600,1.00,-2016.385,263.663,0.345424,0.491970
605,1WQC,76.92,0.621700,1.00,-1847.100,84.040,0.312764,0.412420
606,1WQD,75.00,0.641300,1.00,-1846.848,133.708,0.525227,0.448970
607,1WQE,89.13,0.726600,1.00,-1455.441,80.156,0.144474,0.438430
608,1WQK,85.12,0.748100,1.00,-3656.375,240.683,0.217235,0.748530
609,1WR3,80.56,0.703700,1.00,-2170.445,195.153,0.276969,0.643320
610,1WR4,88.19,0.763100,1.00,-2133.076,182.740,0.228214,0.744900
611,1WR7,74.39,0.723300,1.00,-2474.407,218.476,0.506637,0.648090
612,1WT7,70.12,0.577000,1.00,-3215.958,178.431,0.490521,0.569780
613,1WT8,69.35,0.588600,1.00,-2144.216,190.144,0.461877,0.435060
614,1WXN,83.33,0.703900,1.00,-3529.028,212.499,0.193311,0.684020
615,1WZ4,55.43,0.518000,1.00,-1176.626,106.642,0.485480,0.295540
616,1WZ5,63.57,0.506800,1.00,-2268.363,152.916,0.362525,0.412920
617,1X22,32.14,0.417000,1.00,-2010.497,275.248,1.123688,0.264830
618,1X32,39.36,0.413400,1.00,-3646.147,211.347,0.778656,0.306330
619,1X5V,75.00,0.613300,1.00,-2380.792,207.038,0.232588,0.545110
620,1X7K,43.42,0.308000,1.00,-1271.201,108.439,0.575264,0.186430
621,1XBH,50.00,0.451100,1.00,-539.229,113.328,0.369635,0.222760
622,1XC0,59.85,0.600600,1.00,-1674.488,102.917,0.393363,0.369650
623,1XF7,88.79,0.766200,1.00,-1863.596,112.193,0.240878,0.680750
624,1XOO,36.25,0.432000,1.00,-778.193,145.393,0.555455,0.158040
625,1XOP,61.25,0.471800,1.00,-870.925,126.907,0.577283,0.283140
626,1XRZ,85.00,0.690800,1.00,-1767.917,132.303,0.290024,0.662730
627,1XT7,53.85,0.439500,1.00,-408.718,63.250,0.346381,0.195720
628,1XUT,61.96,0.552700,1.00,-3198.948,292.097,0.449425,0.484940
629,1XV3,43.62,0.528600,1.00,-2743.213,350.253,1.216809,0.372520
630,1XXZ,45.45,0.456400,1.00,-347.889,90.110,0.540914,0.248210
631,1XY4,47.92,0.410400,1.00,-558.258,87.208,0.412449,0.197950
632,1XY6,60.42,0.474500,1.00,-543.447,66.664,0.379966,0.165980
633,1XY8,44.23,0.447300,1.00,-634.232,85.715,0.415161,0.259440
634,1XY9,50.00,0.493900,1.00,-437.587,78.349,0.535018,0.240580
635,1Y03,73.57,0.784200,1.00,-1331.548,49.910,0.387411,0.647440
636,1Y04,57.86,0.783600,1.00,-1331.548,49.910,0.776150,0.472100
637,1Y1B,81.77,0.702300,1.00,-3655.644,234.553,0.269016,0.724780
638,1Y1C,83.85,0.699000,1.00,-3709.033,201.314,0.225288,0.715450
639,1Y29,75.00,0.614000,1.00,-1654.841,185.119,0.281493,0.498560
640,1Y2P,85.29,0.699900,1.00,-2128.387,194.772,0.201685,0.664530
641,1Y32,44.79,0.542800,1.00,-776.728,117.182,0.599058,0.204440
642,1Y4E,44.44,0.524700,1.00,-1870.994,119.473,0.590680,0.213910
643,1Y5C,52.27,0.450700,1.00,-347.893,101.788,0.403609,0.309300
644,1YIU,89.86,0.788700,1.00,-2400.242,183.547,0.154383,0.740230
645,1YMZ,80.81,0.707800,1.00,-2491.414,301.810,0.297132,0.688910
646,1YP8,75.76,0.620500,1.00,-2091.247,147.551,0.386780,0.538680
647,1YT6,75.00,0.594400,1.00,-346.113,53.795,0.226698,0.323580
648,1YTR,61.54,0.536800,1.00,-1590.271,70.329,0.582698,0.324020
649,1YV8,84.24,0.700500,1.00,-3639.706,172.901,0.225862,0.718360
650,1YVA,80.98,0.682700,1.00,-3639.706,172.901,0.273822,0.699400
651,1YWJ,61.59,0.611700,1.00,-2067.983,218.531,0.819442,0.496770
652,1YYB,76.85,0.632800,1.00,-1772.690,61.314,0.559448,0.481420
653,1Z0Q,20.83,0.340700,1.00,-1591.880,312.451,1.284000,0.222640
654,1Z2T,79.35,0.602000,1.00,-1616.801,73.972,0.471972,0.536040
655,1Z65,77.50,0.637400,1.00,-2128.980,83.531,0.239594,0.498560
656,1Z6V,47.45,0.467400,1.00,-3567.656,172.979,0.801604,0.394290
657,1Z6W,26.53,0.319200,1.00,-3567.656,172.979,1.209754,0.268900
658,1Z99,59.52,0.489000,1.00,-2409.059,317.961,0.362912,0.479350
659,1ZA8,64.52,0.528300,1.00,-2309.521,217.536,0.374619,0.370370
660,1ZAQ,59.66,0.567500,1.00,-3110.931,274.360,0.681004,0.437230
661,1ZDA,80.92,0.658500,1.00,-2730.282,164.329,0.379446,0.686000
662,1ZDB,76.32,0.677800,1.00,-2730.282,164.329,0.418635,0.587520
663,1ZFD,86.72,0.723300,1.00,-1954.820,125.412,0.153363,0.654820
664,1ZFU,80.62,0.677900,1.00,-2662.795,207.307,0.207155,0.658760
665,1ZJQ,76.47,0.618600,1.00,-2432.516,146.244,0.220274,0.550100
666,1ZNM,82.14,0.696200,1.00,-1779.242,110.378,0.158630,0.473720
667,1ZNU,91.38,0.735000,1.00,-1748.176,154.962,0.179751,0.701210
668,1ZR7,90.00,0.745700,1.00,-1815.465,161.363,0.192834,0.722080
669,1ZRV,74.00,0.672500,1.00,-1702.814,53.846,0.221796,0.331850
670,1ZRW,62.00,0.590500,1.00,-1702.814,53.846,0.481203,0.286070
671,1ZRX,50.00,0.568800,1.00,-2185.024,203.346,0.715576,0.434070
672,1ZTA,80.00,0.621300,1.00,-2649.044,75.530,0.362252,0.710970
673,1ZTN,34.17,0.506000,1.00,-839.467,307.035,1.157231,0.191000
674,1ZTO,39.19,0.411400,1.00,-1738.988,215.504,0.931106,0.322700
675,1ZUE,73.81,0.626700,1.00,-2757.402,211.705,0.798894,0.662030
676,1ZUF,64.29,0.558200,1.00,-2757.402,211.705,0.735886,0.526600
677,1ZUV,80.00,0.626000,1.00,-1927.280,143.520,0.249076,0.528100
678,1ZWA,41.18,0.537500,1.00,-2784.946,83.582,0.926580,0.312170
679,1ZWB,45.83,0.541700,1.00,-2809.776,126.995,0.979713,0.409300
680,1ZWC,46.62,0.575600,1.00,-2822.465,115.962,0.710147,0.346280
681,1ZWD,42.14,0.562300,1.00,-2820.986,62.513,0.692422,0.317450
682,1ZWE,48.53,0.554900,1.00,-2673.896,92.014,0.697734,0.430100
683,1ZWU,75.00,0.622200,1.00,-1862.301,122.035,0.303020,0.484010
684,2A1C,75.00,0.578700,1.00,-979.898,103.013,0.294441,0.249590
685,2A2B,35.98,0.484700,1.00,-2060.536,262.303,0.921785,0.339110
686,2A2V,88.24,0.723500,1.00,-2135.712,194.598,0.174414,0.697110
687,2A51,65.38,0.655000,1.00,-2329.241,220.982,0.381424,0.419550
688,2AAP,85.29,0.651300,1.00,-2432.516,146.244,0.199456,0.672850
689,2AB3,87.93,0.687700,1.00,-1670.351,158.163,0.151863,0.611360
690,2AB7,91.38,0.709700,1.00,-1805.084,138.648,0.111084,0.675020
691,2AB9,41.94,0.508100,1.00,-1301.703,200.985,0.969356,0.216080
692,2ADX,50.62,0.533200,1.00,-2503.747,226.765,0.548350,0.360080
693,2AJJ,78.57,0.730900,1.00,-2152.127,52.174,0.206692,0.562800
694,2AJM,80.36,0.697400,1.00,-2152.127,52.174,0.180575,0.543220
695,2AJN,79.46,0.708000,1.00,-2152.127,52.174,0.230148,0.564360
696,2AJO,80.36,0.697400,1.00,-2152.127,52.174,0.180575,0.543220
697,2AJW,51.14,0.505500,1.00,-852.971,110.551,0.552739,0.170230
698,2AK0,44.57,0.470900,1.00,-1021.678,102.927,0.648734,0.125340
699,2AMN,51.92,0.592200,1.00,-1899.710,76.305,0.519020,0.269660
700,2AP7,87.50,0.796300,1.00,-940.534,111.815,0.224053,0.473080
701,2AP8,80.00,0.725200,1.00,-940.534,111.815,0.300665,0.364850
702,2ARI,51.92,0.576900,1.00,-2011.872,121.261,0.514660,0.428620
703,2ATG,51.39,0.386000,1.00,-746.056,136.146,0.483531,0.085020
704,2AXK,84.21,0.668600,1.00,-3050.398,171.497,0.142851,0.676680
705,2B0Y,70.59,0.543700,1.00,-828.758,76.542,0.303094,0.269960
706,2B19,56.25,0.648400,1.00,-1874.507,189.038,0.467568,0.386120
707,2B38,76.61,0.644600,1.00,-1998.233,219.560,0.496773,0.600690
708,2B4N,45.83,0.561700,1.00,-2735.347,160.907,0.719220,0.434320
709,2B5B,43.75,0.413300,1.00,-1698.094,252.484,0.893074,0.279350
710,2B5P,56.82,0.456400,1.00,-374.726,57.305,0.343974,0.229120
711,2B5Q,54.55,0.494800,1.00,-374.726,57.305,0.481402,0.247210
712,2B68,87.21,0.748900,1.00,-3026.137,251.493,0.175565,0.746230
713,2B9K,67.02,0.577400,1.00,-3895.526,250.512,0.641166,0.508980
714,2BAI,32.03,0.373300,1.00,-1496.831,156.119,0.840208,0.219110
715,2BAO,50.00,0.450400,1.00,-246.570,50.683,0.389059,0.183930
716,2BAU,40.00,0.454300,1.00,-246.570,50.683,0.577502,0.289610
717,2BBG,41.88,0.388400,1.00,-2867.349,193.356,0.798035,0.301560
718,2BBL,36.36,0.531500,1.00,-729.208,133.483,0.921092,0.148970
719,2BBP,38.64,0.535600,1.00,-729.208,133.483,1.006177,0.109510
720,2BBX,78.06,0.681000,1.00,-2493.741,202.561,0.251091,0.676830
723,2BDS,81.40,0.640600,1.00,-3209.321,241.606,0.172886,0.680930
724,2BEY,48.44,0.553900,1.00,-405.770,65.854,0.849945,0.199790
725,2BL6,47.97,0.484100,1.00,-2053.469,192.389,0.696095,0.307970
726,2BMT,97.97,0.781300,1.00,-2978.043,186.791,0.061233,0.894460
727,2BN6,72.73,0.631100,1.00,-2484.363,124.587,0.337620,0.501340
728,2BP4,35.94,0.432200,1.00,-447.235,82.140,0.603153,0.222140
729,2BTG,82.98,0.717900,1.00,-3783.416,134.084,0.540241,0.757590
730,2BTH,80.32,0.679900,1.00,-3783.416,134.084,0.517601,0.723920
731,2C6A,79.89,0.703100,1.00,-2856.548,276.794,0.283489,0.685990
732,2C6B,81.52,0.720500,1.00,-2856.548,276.794,0.283205,0.688750
733,2CBH,100.00,0.841000,1.00,-2345.299,197.182,0.052737,0.912340
734,2CEF,38.16,0.475800,1.00,-710.709,88.766,0.662482,0.121190
735,2CEH,40.79,0.499700,1.00,-710.709,88.766,0.646690,0.172420
736,2CEZ,42.11,0.506300,1.00,-710.709,88.766,0.602537,0.108040
737,2CFJ,42.11,0.517300,1.00,-710.709,88.766,0.897833,0.207650
738,2CK4,78.95,0.704300,1.00,-2768.863,190.463,0.170747,0.623150
739,2CK5,80.65,0.681500,1.00,-1983.549,125.828,0.192875,0.511240
740,2CQ7,70.41,0.676600,1.00,-2849.092,302.569,0.528213,0.620360
741,2CRD,93.24,0.690000,1.00,-2801.104,215.327,0.126208,0.755350
742,2CSA,35.53,0.522000,1.00,-449.113,105.338,0.765284,0.153830
743,2CTI,93.97,0.748000,1.00,-2052.010,182.756,0.102166,0.722650
744,2CYU,75.00,0.579500,1.00,-3137.152,127.206,0.411743,0.615030
745,2DCI,60.00,0.514400,1.00,-853.637,108.764,0.385740,0.171210
746,2DCO,27.94,0.345900,1.00,-1701.682,326.892,0.896801,0.206750
747,2DCV,66.67,0.488900,1.00,-3211.999,293.974,0.370524,0.530110
748,2DCW,75.00,0.584700,1.00,-3127.244,282.012,0.293438,0.628890
749,2DDL,78.03,0.635300,1.00,-2603.212,123.672,0.325094,0.521420
750,2DI2,72.41,0.650900,1.00,-1353.161,115.364,0.448376,0.504850
751,2DJ9,72.83,0.665200,1.00,-1180.871,144.173,0.324935,0.339000
752,2DJC,79.35,0.652700,1.00,-1102.443,151.861,0.406814,0.426550
753,2DMV,69.19,0.642600,1.00,-2371.191,301.024,0.636702,0.591200
754,2DQ5,75.00,0.642400,1.00,-3391.183,242.011,0.337370,0.665430
755,2DTB,78.85,0.743700,1.00,-1830.681,43.117,0.234758,0.590910
756,2DWF,66.18,0.565800,1.00,-3224.925,108.795,0.327670,0.496930
757,2DX2,70.45,0.530500,1.00,-399.653,74.230,0.326134,0.452820
758,2DX3,43.06,0.460600,1.00,-867.258,95.066,0.672067,0.181150
759,2DX4,52.78,0.489600,1.00,-867.258,95.066,0.505544,0.156210
760,2E1X,72.22,0.650400,1.00,-1203.668,121.684,0.464103,0.415110
761,2E2F,85.37,0.694600,1.00,-3209.148,183.208,0.157010,0.736130
762,2E3E,46.11,0.465900,1.00,-3632.167,253.451,0.812098,0.346730
763,2E3F,55.81,0.544700,1.00,-2823.196,255.684,0.734968,0.424860
764,2E3G,65.62,0.551600,1.00,-2990.290,238.364,0.520678,0.490180
765,2E4E,80.00,0.557400,1.00,-303.485,43.344,0.220384,0.390360
766,2E5T,69.57,0.577500,1.00,-3649.144,133.447,0.208560,0.573800
767,2E5U,49.38,0.375100,1.00,-3144.759,125.943,1.333193,0.397980
768,2E72,63.78,0.628000,1.00,-2591.042,335.520,0.995912,0.566750
769,2EBQ,63.83,0.602600,1.00,-2367.321,261.131,0.651218,0.594250
770,2EBR,69.68,0.700600,1.00,-2287.888,274.055,0.545522,0.595020
771,2EC7,59.69,0.571600,1.00,-2366.781,223.898,0.484944,0.454610
772,2EEM,81.62,0.711700,1.00,-2612.721,119.458,0.177759,0.586460
773,2EFZ,64.06,0.525000,1.00,-813.045,76.502,0.371376,0.199930
774,2EKK,81.38,0.711500,1.00,-4086.001,151.213,0.608526,0.745390
775,2EL4,55.43,0.678400,1.00,-2216.927,238.558,0.861089,0.476640
776,2EL5,66.67,0.691500,1.00,-2045.290,223.589,0.802273,0.585630
777,2EL6,57.61,0.638400,1.00,-2432.778,187.131,0.937044,0.510470
778,2ELM,81.08,0.694400,1.00,-2258.113,156.221,0.364931,0.628690
779,2ELN,83.55,0.747400,1.00,-2266.240,164.559,0.426333,0.744190
780,2ELO,77.03,0.726700,1.00,-2287.835,154.593,0.297059,0.591510
781,2ELP,77.03,0.617100,1.00,-2404.299,173.419,0.769223,0.642320
782,2ELQ,74.31,0.745800,1.00,-1971.491,137.553,0.560982,0.624260
783,2ELR,70.83,0.757400,1.00,-1551.174,115.786,0.789214,0.583580
784,2ELS,79.17,0.704100,1.00,-2314.420,128.530,0.636528,0.693460
785,2ELT,77.08,0.781700,1.00,-2059.503,134.120,0.792763,0.688950
786,2ELU,75.00,0.725600,1.00,-1937.997,203.976,0.629649,0.626310
787,2ELV,74.31,0.715800,1.00,-1947.656,158.354,0.438563,0.591480
788,2ELW,72.97,0.671000,1.00,-2145.370,175.041,0.590167,0.587520
789,2ELX,79.29,0.763600,1.00,-2042.229,149.546,0.554676,0.693660
790,2ELY,64.67,0.707200,1.00,-2145.681,204.635,0.685696,0.541070
791,2ELZ,61.96,0.651500,1.00,-2168.170,238.413,0.776166,0.541920
792,2EM0,67.39,0.617900,1.00,-2391.708,265.293,0.644191,0.595640
793,2EM1,67.05,0.713200,1.00,-1930.454,310.989,0.639589,0.538650
794,2EM2,61.96,0.663100,1.00,-2399.479,230.402,0.680003,0.539320
795,2EM3,58.70,0.708500,1.00,-2026.193,231.044,1.147091,0.521980
796,2EM4,57.61,0.674700,1.00,-2086.293,323.103,0.939364,0.517250
797,2EM5,58.70,0.678200,1.00,-2138.737,194.927,0.966804,0.532760
798,2EM6,63.04,0.695000,1.00,-2095.568,243.702,0.905100,0.552010
799,2EM7,59.24,0.646600,1.00,-2266.253,190.334,0.850662,0.532960
800,2EM8,69.57,0.709700,1.00,-2261.045,210.222,0.413090,0.576940
801,2EM9,62.50,0.667700,1.00,-2281.692,284.608,0.909781,0.561710
802,2EMA,66.30,0.714500,1.00,-2122.185,238.156,0.652956,0.565930
803,2EMB,59.66,0.676700,1.00,-2145.151,181.931,0.932843,0.507560
804,2EMC,63.59,0.728700,1.00,-2266.530,206.985,0.799133,0.572320
805,2EME,66.85,0.695900,1.00,-2383.876,180.356,0.659842,0.597130
806,2EMF,65.76,0.691500,1.00,-2046.965,254.559,0.907099,0.568290
807,2EMG,57.61,0.648400,1.00,-2312.365,228.108,0.999719,0.533280
808,2EMH,64.13,0.750400,1.00,-2298.971,198.727,0.613432,0.557020
809,2EMI,58.15,0.647800,1.00,-2289.516,214.147,0.910483,0.501480
810,2EMJ,59.78,0.663100,1.00,-2116.552,226.845,0.947103,0.498480
811,2EMK,59.78,0.627700,1.00,-2215.109,208.093,1.034839,0.517250
812,2EML,60.33,0.662700,1.00,-2151.183,232.124,1.121648,0.532650
813,2EMM,63.04,0.648900,1.00,-2231.600,240.996,0.829653,0.554130
814,2EMP,67.39,0.763400,1.00,-2101.295,255.351,0.676787,0.610280
815,2EMV,64.20,0.647900,1.00,-2150.521,239.811,0.707391,0.556270
816,2EMW,66.48,0.667900,1.00,-2229.038,170.841,0.747911,0.553960
817,2EMX,67.61,0.726600,1.00,-1945.455,193.672,0.703931,0.598120
818,2EMY,60.33,0.677800,1.00,-2341.038,223.563,0.959915,0.548220
819,2EMZ,69.57,0.720000,1.00,-1988.515,211.809,0.556125,0.555840
820,2EN0,70.24,0.737100,1.00,-2081.475,227.350,0.608540,0.607120
821,2EN1,61.41,0.644300,1.00,-1855.809,218.301,0.629057,0.507090
822,2EN2,73.81,0.681900,1.00,-2176.407,235.925,0.438956,0.588590
823,2EN3,59.24,0.611200,1.00,-2557.129,226.211,0.661070,0.486380
824,2EN4,61.41,0.671400,1.00,-2195.182,214.332,0.876745,0.557150
825,2EN6,59.24,0.707500,1.00,-1933.972,277.528,0.913824,0.540630
826,2EN7,60.23,0.627700,1.00,-2165.248,264.703,0.786164,0.523740
827,2EN8,58.15,0.727000,1.00,-2218.146,259.376,0.914402,0.519490
828,2EN9,57.07,0.690500,1.00,-1974.868,193.440,0.860807,0.515520
829,2ENA,56.52,0.679300,1.00,-2167.328,205.033,1.201806,0.493660
830,2ENC,64.67,0.679000,1.00,-2116.765,236.263,0.839630,0.534810
831,2ENE,61.41,0.695100,1.00,-2198.412,267.423,0.971816,0.550630
832,2ENF,59.78,0.656200,1.00,-2005.098,237.675,0.863243,0.526190
833,2ENH,60.33,0.680100,1.00,-2160.692,237.844,0.970391,0.506130
834,2ENT,69.79,0.690100,1.00,-2405.021,245.114,0.763636,0.595440
835,2EOE,68.48,0.651500,1.00,-2194.371,241.914,0.889943,0.609450
836,2EOF,61.93,0.620500,1.00,-2019.779,269.854,0.914798,0.522260
837,2EOG,59.66,0.653100,1.00,-2254.541,186.542,0.823656,0.509260
838,2EOH,54.89,0.608600,1.00,-2024.392,227.141,0.800118,0.453690
839,2EOI,66.48,0.677800,1.00,-2291.228,205.570,0.855130,0.557050
840,2EOJ,56.82,0.595200,1.00,-2125.803,245.732,0.982657,0.474370
841,2EOK,76.79,0.690700,1.00,-2222.239,174.592,0.407778,0.649590
842,2EOL,68.45,0.686400,1.00,-2003.896,308.279,0.771877,0.588670
843,2EOM,59.24,0.678300,1.00,-2216.055,200.907,0.964716,0.524710
844,2EON,60.87,0.673500,1.00,-2161.051,317.622,0.805053,0.534170
845,2EOO,69.02,0.726700,1.00,-2434.763,203.699,0.734880,0.579430
846,2EOP,60.33,0.669100,1.00,-2213.768,220.435,0.868291,0.552750
847,2EOQ,62.50,0.675200,1.00,-2148.626,232.881,0.697195,0.532300
848,2EOR,63.04,0.715800,1.00,-1963.350,258.859,0.831941,0.555650
849,2EOS,71.43,0.750900,1.00,-2220.208,195.450,0.707133,0.604490
850,2EOU,61.93,0.704700,1.00,-1785.396,201.075,1.103391,0.530020
851,2EOV,61.41,0.685700,1.00,-1938.989,358.671,0.884583,0.524380
852,2EOW,68.48,0.670900,1.00,-2062.756,248.758,0.708942,0.569900
853,2EOX,56.82,0.646900,1.00,-2143.758,163.331,0.911372,0.490880
854,2EOY,65.22,0.706700,1.00,-2294.909,220.451,0.563356,0.541620
855,2EOZ,61.96,0.722700,1.00,-2400.673,197.703,0.714249,0.519840
856,2EP0,60.33,0.682800,1.00,-2274.939,204.361,0.762374,0.532430
857,2EP1,60.87,0.662000,1.00,-2270.296,188.198,0.951465,0.524850
858,2EP2,57.61,0.682900,1.00,-2197.073,224.189,0.910155,0.518170
859,2EP3,60.87,0.695800,1.00,-2371.291,202.350,0.827746,0.566120
860,2EPC,61.90,0.576500,1.00,-1977.625,215.687,0.864404,0.548910
861,2EPQ,54.44,0.604000,1.00,-2391.273,245.468,0.751808,0.451280
862,2EPR,55.73,0.655800,1.00,-2427.874,197.522,0.865922,0.472540
863,2EPT,61.59,0.576400,1.00,-2014.185,209.681,0.953380,0.527230
864,2EPU,65.00,0.682600,1.00,-2189.687,188.043,0.731897,0.569610
865,2EPV,67.61,0.663700,1.00,-2189.573,187.842,0.649888,0.583280
866,2EPW,61.96,0.587800,1.00,-2240.048,232.952,0.509399,0.485690
867,2EPX,61.17,0.644900,1.00,-2644.708,232.367,0.758202,0.537070
868,2EPY,63.69,0.662100,1.00,-1908.533,221.196,0.779105,0.563320
869,2EPZ,61.41,0.687200,1.00,-2093.632,194.382,0.871823,0.556250
870,2EQ0,64.13,0.670500,1.00,-2285.773,246.864,0.777254,0.545640
871,2EQ1,59.24,0.681500,1.00,-2078.250,210.251,0.614770,0.498230
872,2EQ2,52.72,0.582300,1.00,-1974.077,243.224,0.947497,0.446450
873,2EQ3,55.98,0.605800,1.00,-2107.848,226.310,0.940042,0.491420
874,2EQ4,52.72,0.611700,1.00,-2096.072,263.569,0.577340,0.378150
875,2EQE,67.71,0.707700,1.00,-2716.985,229.166,0.495724,0.586620
876,2EQF,61.41,0.577900,1.00,-2571.893,198.548,1.018706,0.541920
877,2EQG,66.33,0.662200,1.00,-2573.804,254.820,0.814285,0.600990
878,2EQH,76.09,0.669100,1.00,-1149.922,108.505,0.297713,0.339160
879,2EQQ,69.64,0.575600,1.00,-1377.395,220.094,0.541447,0.445680
880,2EQT,65.18,0.567700,1.00,-1377.395,220.094,0.540693,0.463020
881,2EQW,60.71,0.604800,1.00,-2184.006,211.967,0.859250,0.520350
882,2ERI,70.97,0.612300,1.00,-2057.864,187.219,0.387786,0.429450
883,2ESX,44.74,0.478700,1.00,-621.966,121.882,0.955740,0.166090
884,2ESZ,46.05,0.418700,1.00,-621.966,121.882,1.000399,0.159500
885,2ETI,81.25,0.666500,1.00,-1960.474,116.897,0.217067,0.480230
886,2EVQ,70.83,0.572100,1.00,-389.453,71.590,0.379965,0.302420
887,2EYA,82.61,0.700500,1.00,-3639.706,172.901,0.225086,0.718520
888,2EYB,85.33,0.709400,1.00,-3639.706,172.901,0.198987,0.743250
889,2EYC,83.70,0.690800,1.00,-3639.706,172.901,0.159051,0.732490
890,2EYD,89.67,0.724700,1.00,-3639.706,172.901,0.141861,0.796110
891,2F2I,83.62,0.682800,1.00,-1737.236,165.622,0.216947,0.570200
892,2F2J,83.62,0.713100,1.00,-1678.275,149.829,0.232572,0.597050
893,2F5H,35.81,0.368400,1.00,-2259.570,216.411,0.792518,0.253350
896,2FJ4,42.57,0.418100,1.00,-2259.570,216.411,0.720875,0.353700
897,2FJ5,45.27,0.419700,1.00,-2259.570,216.411,0.738100,0.301930
898,2FQA,70.37,0.585100,1.00,-1863.092,160.799,0.335271,0.415360
899,2FR9,75.00,0.510700,1.00,-525.632,55.889,0.296149,0.378280
900,2FRB,55.77,0.457000,1.00,-467.639,72.819,0.410069,0.225550
901,2FXY,75.00,0.652000,1.00,-934.901,41.028,0.322670,0.312600
902,2FXZ,88.46,0.702900,1.00,-695.484,38.437,0.191338,0.528920
903,2G6U,66.67,0.486500,1.00,-576.113,113.488,0.421019,0.303860
904,2G9L,46.62,0.635500,1.00,-2576.017,135.813,0.581048,0.529040
905,2G9P,71.15,0.652800,1.00,-1764.072,50.836,0.275864,0.355220
906,2GD3,32.29,0.519300,1.00,-688.357,191.171,0.914149,0.212120
907,2GDL,32.26,0.415200,1.00,-1387.238,177.160,0.874649,0.308900
908,2GFR,56.82,0.519900,1.00,-452.258,90.032,0.323754,0.306270
909,2GJ0,77.42,0.653500,1.00,-2006.590,210.058,0.461935,0.552500
910,2GL1,98.40,0.855900,1.00,-3559.687,216.090,0.052832,0.946990
911,2GOF,57.86,0.575900,1.00,-2158.361,74.973,0.549911,0.422310
912,2GOH,63.57,0.579500,1.00,-2158.361,74.973,0.511996,0.469590
913,2GP8,77.50,0.643100,1.00,-2684.272,103.624,0.445011,0.652520
914,2GQE,85.94,0.746800,1.00,-1973.130,161.026,0.396615,0.715300
915,2GW9,91.41,0.701200,1.00,-1999.432,172.459,0.136359,0.720920
916,2GWP,89.84,0.719100,1.00,-2046.171,166.274,0.137819,0.675810
917,2GX1,58.62,0.500300,1.00,-1833.630,218.671,0.346050,0.373640
918,2H1Z,88.46,0.771500,1.00,-2672.575,305.994,0.172596,0.742870
919,2H9X,60.64,0.517700,1.00,-2966.654,225.356,0.391513,0.509570
920,2HFR,68.52,0.618900,1.00,-1978.482,57.166,0.297213,0.350940
921,2HGO,37.96,0.383200,1.00,-1706.900,210.447,0.573640,0.229100
922,2HLG,88.46,0.722100,1.00,-2528.850,220.408,0.195259,0.752050
923,2HM3,60.48,0.515700,1.00,-1780.917,227.351,0.669399,0.384260
924,2HM4,42.74,0.408100,1.00,-1462.392,270.123,0.806082,0.204830
925,2HM5,42.74,0.422300,1.00,-1462.392,270.123,0.638197,0.237530
926,2HM6,44.35,0.466100,1.00,-1676.323,222.974,0.692804,0.283080
927,2HN8,65.79,0.718500,1.00,-3347.726,130.570,0.435845,0.543590
928,2I1P,77.60,0.736500,1.00,-2574.985,243.731,0.275747,0.673980
929,2I1T,75.00,0.640800,1.00,-2317.106,165.624,0.258739,0.529080
930,2I5O,93.59,0.780800,1.00,-2888.033,181.687,0.155505,0.834930
931,2I9M,91.18,0.789600,1.00,-1205.355,34.698,0.102526,0.470980
932,2I9N,50.76,0.621200,1.00,-1550.242,111.152,0.678649,0.323870
933,2I9O,47.97,0.458600,1.00,-1791.447,121.031,0.730032,0.368080
934,2IFJ,77.08,0.554000,1.00,-551.425,92.120,0.263686,0.272170
935,2IGU,68.75,0.540600,1.00,-566.561,57.591,0.258602,0.303290
936,2IH6,61.36,0.532100,1.00,-416.443,88.920,0.442124,0.334020
937,2IMU,50.00,0.617100,1.00,-2687.518,193.181,0.565943,0.411020
938,2IT7,91.96,0.731800,1.00,-1960.474,116.897,0.110572,0.678260
939,2IV4,29.69,0.443600,1.00,-307.276,97.074,0.827887,0.152330
940,2IV5,64.13,0.608300,1.00,-889.435,89.273,0.634931,0.376840
941,2IV6,38.04,0.536600,1.00,-716.120,105.237,1.240705,0.190600
942,2IWJ,45.37,0.451000,1.00,-1203.668,121.684,0.737307,0.262500
943,2J15,45.00,0.449600,1.00,-678.782,128.712,0.560080,0.233030
944,2J8P,41.33,0.507000,1.00,-4603.465,127.829,1.114820,0.328740
945,2JM0,81.43,0.725600,1.00,-3122.872,101.588,0.177898,0.584950
946,2JM2,21.67,0.305200,1.00,-1312.649,252.780,1.524467,0.187560
947,2JM4,83.14,0.722900,1.00,-2267.920,237.619,0.217367,0.696350
948,2JMY,88.33,0.687000,1.00,-1008.328,73.733,0.129187,0.480330
949,2JN5,58.33,0.540900,1.00,-352.272,98.663,0.558323,0.260600
950,2JNH,80.98,0.668900,1.00,-4567.886,120.555,0.275723,0.711330
951,2JNI,71.43,0.484600,1.00,-1264.453,154.093,0.391360,0.298490
952,2JOC,66.89,0.591800,1.00,-2400.242,183.547,0.377079,0.508300
953,2JOF,61.25,0.670200,1.00,-890.276,75.867,0.901994,0.310120
954,2JOS,35.23,0.338700,1.00,-908.834,119.830,0.848476,0.164240
955,2JOU,47.06,0.353800,1.00,-3224.925,108.795,1.053136,0.354650
956,2JP6,58.78,0.543800,1.00,-2127.654,144.130,0.814299,0.388730
957,2JPJ,52.56,0.579100,1.00,-1916.379,171.358,0.833185,0.420250
958,2JPK,45.00,0.522100,1.00,-2119.496,150.214,0.824372,0.394930
959,2JPL,42.95,0.544800,1.00,-1916.379,171.358,0.751266,0.332410
960,2JPM,46.43,0.533700,1.00,-2119.496,150.214,0.557940,0.351810
961,2JPW,32.81,0.484100,1.00,-780.092,181.158,0.698717,0.198420
962,2JPX,65.71,0.632700,1.00,-2254.029,148.838,0.502601,0.539170
963,2JQ2,54.17,0.442400,1.00,-507.074,69.139,0.303810,0.189720
964,2JQB,53.33,0.495200,1.00,-569.232,102.186,0.378803,0.276340
965,2JQC,48.33,0.424100,1.00,-569.232,102.186,0.485815,0.260340
966,2JQW,47.06,0.444100,1.00,-816.562,134.527,0.501585,0.181290
967,2JR3,35.71,0.396300,1.00,-2608.741,290.590,0.752640,0.305660
968,2JR8,54.17,0.631300,1.00,-1837.849,303.457,0.424728,0.467220
969,2JRD,53.70,0.384500,1.00,-758.361,174.466,0.620095,0.304020
970,2JRV,65.00,0.595600,1.00,-728.935,64.681,0.584231,0.280550
971,2JRW,46.74,0.528500,1.00,-786.320,113.991,0.794278,0.180400
972,2JRY,29.89,0.344900,1.00,-3390.326,229.986,1.007100,0.251510
973,2JSB,67.86,0.477000,1.00,-1277.819,136.306,0.439499,0.252450
974,2JTA,55.00,0.497200,1.00,-324.416,42.733,0.511001,0.240910
975,2JTB,92.42,0.698800,1.00,-2042.813,194.903,0.136384,0.734380
976,2JTU,36.18,0.360300,1.00,-2608.914,199.543,0.940557,0.271330
977,2JTW,65.00,0.653000,1.00,-1590.338,62.828,0.430645,0.376520
978,2JUE,33.62,0.300800,1.00,-1748.176,154.962,0.840251,0.224080
979,2JUI,60.61,0.634700,1.00,-1754.363,83.237,0.708332,0.406220
980,2JUQ,67.31,0.550600,1.00,-629.283,63.164,0.325208,0.312240
981,2JUR,82.69,0.603900,1.00,-583.947,94.470,0.207946,0.310150
982,2JUS,78.85,0.586800,1.00,-605.246,86.090,0.327018,0.364800
983,2JUT,75.00,0.583200,1.00,-591.086,79.593,0.285631,0.279240
984,2JUY,53.57,0.523600,1.00,-1790.704,171.890,0.486040,0.297060
985,2JVX,89.29,0.743100,1.00,-1794.554,159.163,0.216703,0.712870
986,2JVY,82.14,0.655300,1.00,-1831.028,161.827,0.277258,0.604260
987,2JWG,89.13,0.737300,1.00,-2712.624,202.194,0.160305,0.806700
988,2JWH,51.04,0.619800,1.00,-1883.704,359.646,0.717515,0.417400
989,2JWM,92.24,0.759400,1.00,-1931.214,163.620,0.170242,0.733080
990,2JXF,72.50,0.709200,1.00,-2396.402,128.807,0.312674,0.500510
991,2JY0,66.67,0.587700,1.00,-1689.834,45.525,0.398705,0.386040
992,2JYD,65.76,0.698900,1.00,-2044.185,258.488,0.722815,0.569930
993,2JYP,42.36,0.408000,1.00,-2707.010,143.019,0.796772,0.285400
994,2K10,42.19,0.620900,1.00,-1903.240,93.911,0.603319,0.269360
995,2K1A,75.60,0.771300,1.00,-2970.218,133.913,0.226757,0.623290
996,2K1I,89.84,0.713500,1.00,-1884.385,133.935,0.144729,0.662380
997,2K1P,78.03,0.680800,1.00,-1925.157,223.298,0.310101,0.583280
998,2K2Y,78.85,0.650400,1.00,-3080.822,188.987,0.285127,0.628890
999,2K2Z,59.62,0.497800,1.00,-2138.618,257.704,0.414677,0.421440
1000,2K44,49.11,0.500300,1.00,-1981.757,160.727,0.661516,0.375010
1001,2K4U,91.22,0.721400,1.00,-2665.891,241.783,0.112333,0.771440
1004,2K6O,72.97,0.756600,1.00,-3164.657,108.482,0.313472,0.547620
1005,2K6R,63.79,0.531800,1.00,-2010.916,102.882,0.647659,0.415900
1006,2K72,89.19,0.717100,1.00,-3510.773,194.027,0.130979,0.751100
1007,2K76,91.67,0.740600,1.00,-2006.477,150.262,0.110239,0.672190
1008,2K7G,85.34,0.710500,1.00,-2048.902,167.103,0.241098,0.671560
1009,2K7Y,30.56,0.597300,1.00,-2337.029,176.860,1.357095,0.267290
1010,2K84,34.17,0.515000,1.00,-1380.691,165.351,0.831903,0.276420
1012,2K98,57.29,0.624500,1.00,-1255.798,58.681,0.719296,0.339020
1013,2K9D,55.11,0.666000,1.00,-3254.055,103.876,1.019173,0.457300
1014,2K9O,70.83,0.565200,1.00,-2212.189,194.823,0.317473,0.479850
1015,2KAM,85.58,0.722800,1.00,-1830.681,43.117,0.203568,0.687380
1016,2KB8,45.95,0.586500,1.00,-1692.891,250.108,0.933405,0.328350
1017,2KB9,75.00,0.638700,1.00,-2983.815,301.727,0.252763,0.608300
1018,2KBL,68.97,0.626700,1.00,-1672.759,201.516,0.331368,0.371150
1019,2KCF,72.92,0.638400,1.00,-2219.759,228.301,0.381028,0.526740
1020,2KCG,68.33,0.589500,1.00,-1932.607,179.420,0.325301,0.360450
1021,2KCH,95.69,0.777100,1.00,-1937.022,150.147,0.080553,0.730040
1023,2KDT,43.89,0.562700,1.00,-2418.107,241.962,0.687958,0.475530
1024,2KE3,38.37,0.527900,1.00,-2439.276,267.215,0.876950,0.327410
1025,2KEF,47.00,0.425100,1.00,-1297.388,123.097,0.424933,0.184660
1026,2KEG,57.03,0.482000,1.00,-1809.952,104.619,0.775533,0.422900
1027,2KEH,57.81,0.477800,1.00,-1809.952,104.619,0.879525,0.438530
1028,2KES,47.92,0.756200,1.00,-3813.793,116.501,0.457501,0.753060
1029,2KFE,64.58,0.670600,1.00,-1614.239,60.542,0.301473,0.377240
1030,2KFQ,34.38,0.332000,1.00,-2462.530,118.367,0.846517,0.323980
1031,2KGH,39.10,0.424000,1.00,-1994.259,375.825,0.930586,0.327960
1032,2KGN,69.79,0.608000,1.00,-1152.006,85.714,0.252139,0.288690
1033,2KGU,82.86,0.680600,1.00,-1818.416,172.860,0.209725,0.644620
1034,2KHB,81.03,0.700600,1.00,-1879.307,135.369,0.231760,0.578640
1035,2KHF,72.00,0.530400,1.00,-1591.876,88.222,0.632076,0.425600
1036,2KHG,64.00,0.498600,1.00,-1591.876,88.222,0.669507,0.433230
1037,2KI0,62.50,0.576200,1.00,-2293.346,134.705,0.420929,0.416900
1038,2KI9,55.30,0.614200,1.00,-2767.615,57.940,0.509901,0.394410
1039,2KIO,50.00,0.509100,1.00,-1993.406,148.126,0.621200,0.344420
1040,2KIR,72.79,0.580800,1.00,-2282.239,173.577,0.243077,0.486040
1041,2KIT,51.52,0.527600,1.00,-1993.406,148.126,0.604796,0.370160
1042,2KJM,43.33,0.511900,1.00,-1855.234,96.957,0.988719,0.316200
1043,2KJN,76.92,0.623200,1.00,-1841.847,33.418,0.455336,0.564140
1044,2KJO,64.42,0.595200,1.00,-1841.847,33.418,0.416835,0.384490
1045,2KLV,48.37,0.564600,1.00,-2960.780,137.093,0.638169,0.419580
1046,2KM9,48.00,0.476300,1.00,-1219.346,193.039,0.670499,0.246800
1047,2KMO,86.93,0.718500,1.00,-2805.566,172.971,0.231776,0.758260
1048,2KMP,85.80,0.723000,1.00,-2805.566,172.971,0.258379,0.754350
1049,2KMQ,75.00,0.668100,1.00,-2805.566,172.971,0.302338,0.590470
1050,2KMR,68.75,0.570500,1.00,-2805.566,172.971,0.932997,0.571210
1051,2KNI,87.80,0.703700,1.00,-2216.151,300.028,0.188899,0.754670
1052,2KNM,63.33,0.593400,1.00,-1932.607,179.420,0.329243,0.363350
1053,2KNP,46.97,0.454600,1.00,-1440.493,339.665,0.729067,0.267470
1054,2KNS,46.97,0.613800,1.00,-1674.488,102.917,0.972261,0.310420
1055,2KNU,51.72,0.425100,1.00,-1466.494,204.680,0.620331,0.302420
1056,2KOE,38.75,0.587700,1.00,-3035.495,101.154,1.016420,0.322370
1057,2KOZ,96.21,0.790700,1.00,-2182.270,116.113,0.098176,0.816930
1058,2KP0,87.12,0.695300,1.00,-2237.189,108.178,0.127909,0.678370
1059,2KPA,54.81,0.515000,1.00,-1381.161,101.116,0.392133,0.251110
1060,2KPB,53.85,0.515600,1.00,-1381.161,101.116,0.493771,0.273390
1061,2KSG,33.33,0.611100,1.00,-3054.273,86.260,1.530411,0.272520
1062,2KSJ,51.09,0.677600,1.00,-2960.780,137.093,0.540840,0.441340
1063,2KTC,63.97,0.578300,1.00,-1833.717,170.030,0.613286,0.403980
1064,2KTX,88.16,0.695400,1.00,-2653.386,178.431,0.158931,0.728260
1065,2KUK,89.17,0.737000,1.00,-2051.106,210.545,0.115590,0.653940
1066,2KUS,80.00,0.721400,1.00,-2185.956,175.600,0.160250,0.625510
1067,2KUX,65.83,0.585100,1.00,-2168.497,168.963,0.341463,0.374820
1068,2KUY,51.16,0.404600,1.00,-3305.281,304.092,0.765481,0.366200
1069,2KV5,69.70,0.631800,1.00,-2393.860,161.735,0.516440,0.591760
1070,2KVF,89.29,0.674000,1.00,-1828.478,113.170,0.188983,0.651720
1071,2KVG,80.56,0.678600,1.00,-1861.419,90.665,0.174800,0.474130
1072,2KVH,88.89,0.678200,1.00,-1872.274,87.319,0.235418,0.619480
1073,2KVX,93.75,0.773800,1.00,-1938.289,211.432,0.108108,0.681380
1074,2KWT,66.67,0.535300,1.00,-2604.454,131.465,0.417002,0.506110
1075,2KWY,59.30,0.732500,1.00,-2631.005,100.913,0.481965,0.641890
1076,2KWZ,60.00,0.642400,1.00,-3268.199,84.162,0.398515,0.488240
1077,2KXA,45.00,0.430500,1.00,-1207.200,158.458,0.887516,0.339230
1078,2KY3,84.85,0.684200,1.00,-2148.974,152.493,0.287800,0.640200
1079,2KYA,33.82,0.476500,1.00,-1408.457,131.649,0.897194,0.264310
1080,2KYJ,86.81,0.646100,1.00,-2003.148,293.603,0.224050,0.702200
1081,2KYK,63.46,0.501100,1.00,-2310.946,175.796,0.657592,0.487030
1082,2KZQ,36.81,0.409200,1.00,-2016.015,277.744,0.796631,0.279630
1083,2L07,79.17,0.577000,1.00,-862.436,125.276,0.203805,0.267400
1084,2L0G,84.38,0.671500,1.00,-2842.564,124.533,0.361432,0.661200
1085,2L0L,57.41,0.638100,1.00,-1556.972,52.864,0.588795,0.355530
1086,2L0M,63.89,0.646700,1.00,-1556.972,52.864,0.363300,0.316430
1087,2L0N,69.17,0.668000,1.00,-2264.412,93.804,0.290882,0.432910
1088,2L0O,60.00,0.577300,1.00,-2264.412,93.804,0.414569,0.411640
1089,2L1J,47.06,0.443500,1.00,-2171.990,178.176,0.578916,0.284630
1090,2L1Q,73.75,0.705100,1.00,-2211.088,243.978,0.648552,0.627140
1091,2L1X,38.46,0.511700,1.00,-2548.369,137.029,0.916140,0.281320
1092,2L2R,77.70,0.599900,1.00,-1975.092,268.239,0.588034,0.672110
1093,2L36,62.50,0.716600,1.00,-1200.595,47.822,0.365703,0.310330
1094,2L37,86.63,0.628700,1.00,-3359.448,164.570,0.284247,0.760170
1095,2L3H,34.62,0.395900,1.00,-2422.319,135.519,0.934099,0.290110
1096,2L3I,60.00,0.521300,1.00,-2214.021,87.715,0.559809,0.408070
1097,2L44,88.16,0.639800,1.00,-924.040,83.599,0.155918,0.411980
1098,2L4G,62.04,0.487700,1.00,-1116.413,168.922,0.435358,0.412810
1099,2L4J,65.76,0.616700,1.00,-2851.166,215.873,0.433003,0.542070
1100,2L4U,62.50,0.586300,1.00,-1152.006,85.714,0.414146,0.300810
1101,2L5I,40.48,0.446200,1.00,-1152.739,113.338,0.695780,0.156880
1102,2L5J,44.05,0.445600,1.00,-1152.739,113.338,0.530977,0.116170
1103,2L5R,59.78,0.662100,1.00,-1386.976,34.843,0.514802,0.344290
1104,2L61,55.77,0.508700,1.00,-1037.763,179.634,0.460178,0.258570
1105,2L62,54.81,0.462200,1.00,-1037.763,179.634,0.464434,0.243220
1106,2L63,61.36,0.624100,1.00,-2436.508,90.457,0.543859,0.383750
1107,2L64,71.21,0.623600,1.00,-2436.508,90.457,0.299850,0.402650
1108,2L6S,47.50,0.644200,1.00,-763.174,72.680,0.843383,0.187450
1109,2L6T,47.50,0.607100,1.00,-763.174,72.680,0.673679,0.171640
1110,2L70,51.79,0.626100,1.00,-2735.347,160.907,0.598259,0.446730
1111,2L71,55.36,0.607100,1.00,-2735.347,160.907,0.495841,0.465460
1112,2L77,53.85,0.524200,1.00,-2422.319,135.519,0.740748,0.448790
1113,2L79,46.79,0.434600,1.00,-2422.319,135.519,0.963070,0.349980
1114,2L7C,47.37,0.459100,1.00,-996.489,136.401,0.597564,0.272210
1115,2L7T,63.64,0.551900,1.00,-310.319,63.520,0.417873,0.204770
1116,2L87,39.81,0.525000,1.00,-912.375,143.818,0.705538,0.218760
1117,2L8E,62.24,0.677800,1.00,-2796.343,322.631,0.887238,0.538540
1118,2L91,77.91,0.729700,1.00,-3447.268,107.607,0.252027,0.668600
1122,2L9G,75.00,0.590000,1.00,-1218.098,62.820,0.415008,0.273360
1123,2L9X,34.17,0.356100,1.00,-1702.679,126.720,0.760824,0.200520
1124,2L9Z,57.05,0.677600,1.00,-2135.379,162.374,0.819726,0.435390
1125,2LA0,38.33,0.369200,1.00,-1542.672,190.127,0.741263,0.193220
1126,2LAM,88.79,0.710500,1.00,-1977.218,215.090,0.241158,0.662240
1127,2LAQ,35.42,0.442800,1.00,-1718.835,203.953,0.706204,0.261810
1128,2LAT,65.54,0.709400,1.00,-2687.204,96.259,0.521367,0.535890
1129,2LB7,78.41,0.665300,1.00,-3171.550,269.593,0.239414,0.638130
1130,2LBG,78.70,0.862700,1.00,-1176.115,22.119,0.185617,0.589620
1131,2LBZ,36.29,0.403700,1.00,-2195.968,119.804,0.866852,0.253780
1132,2LCM,43.75,0.388500,1.00,-2050.636,142.528,0.917936,0.301700
1133,2LDE,62.00,0.533100,1.00,-1691.178,84.708,0.373730,0.303680
1134,2LDF,64.58,0.564200,1.00,-1738.630,94.866,0.550461,0.346080
1135,2LDJ,52.50,0.610400,1.00,-872.171,115.411,0.664487,0.253120
1136,2LDS,70.14,0.530200,1.00,-2185.840,215.143,0.347580,0.504110
1137,2LE3,67.26,0.654100,1.00,-2858.181,170.538,0.315852,0.503490
1138,2LE7,42.50,0.496000,1.00,-1258.654,76.448,0.537820,0.222620
1139,2LER,59.09,0.497500,1.00,-299.280,93.381,0.289112,0.341030
1140,2LET,86.61,0.696000,1.00,-1881.148,108.776,0.141542,0.576140
1141,2LEU,44.59,0.525500,1.00,-2049.350,178.190,0.777166,0.383010
1142,2LEW,55.47,0.457900,1.00,-2041.168,150.040,0.378918,0.391400
1143,2LEY,92.97,0.744400,1.00,-2062.164,173.646,0.135664,0.772540
1144,2LFM,22.50,0.439100,1.00,-1393.941,252.472,1.612860,0.201320
1145,2LG4,93.75,0.756700,1.00,-2742.898,180.654,0.137976,0.783490
1146,2LG5,71.53,0.599900,1.00,-2516.552,223.548,0.401801,0.524590
1147,2LG6,80.56,0.662100,1.00,-2663.257,189.506,0.248988,0.624920
1148,2LI3,66.67,0.540300,1.00,-2263.511,213.721,0.458380,0.389860
1149,2LIC,26.43,0.493300,1.00,-963.931,268.045,1.016165,0.180560
1150,2LID,27.86,0.511800,1.00,-1084.220,219.572,1.298013,0.187070
1151,2LIF,60.19,0.637500,1.00,-1448.387,80.746,0.460914,0.432860
1152,2LIX,62.96,0.515600,1.00,-1865.363,126.292,0.376770,0.426900
1153,2LIY,66.11,0.573000,1.00,-2893.384,262.483,0.372278,0.545050
1154,2LJ7,78.19,0.676200,1.00,-3314.946,315.497,0.258221,0.674090
1155,2LJQ,48.65,0.467700,1.00,-1697.597,202.280,0.578367,0.360160
1156,2LJS,87.50,0.707600,1.00,-1622.099,152.822,0.205852,0.626960
1157,2LJT,53.38,0.453900,1.00,-1877.727,226.808,0.648659,0.411850
1158,2LK9,60.71,0.596900,1.00,-2093.840,76.548,0.470841,0.487800
1159,2LKE,33.33,0.457600,1.00,-500.720,180.314,0.850518,0.164360
1160,2LKJ,29.17,0.441800,1.00,-500.720,180.314,0.810190,0.120350
1161,2LKQ,50.00,0.492700,1.00,-1201.657,133.029,0.444316,0.243460
1162,2LL1,81.82,0.644400,1.00,-2321.356,174.779,0.240714,0.619760
1163,2LL2,28.85,0.484600,1.00,-839.896,172.476,0.732125,0.168880
1164,2LL5,48.86,0.618900,1.00,-611.446,110.449,0.882532,0.303330
1165,2LLD,76.88,0.660700,1.00,-2550.552,161.341,0.321224,0.619360
1166,2LLM,62.21,0.723200,1.00,-2394.844,204.626,0.529217,0.483370
1167,2LLR,62.50,0.463000,1.00,-1157.955,147.804,0.407271,0.266320
1168,2LM8,61.54,0.444400,1.00,-411.608,89.316,0.358914,0.280760
1169,2LMA,42.05,0.520500,1.00,-1033.321,133.471,0.508249,0.181650
1170,2LMB,24.42,0.456900,1.00,-979.040,279.124,1.182720,0.210360
1171,2LMF,71.74,0.729700,1.00,-1599.918,47.647,0.264825,0.402220
1172,2LMZ,43.45,0.462400,1.00,-3201.230,340.112,0.679738,0.297290
1173,2LNE,50.00,0.436200,1.00,-436.095,110.981,0.439786,0.232970
1174,2LNF,50.00,0.479800,1.00,-436.095,110.981,0.392621,0.264140
1175,2LNG,53.85,0.431400,1.00,-436.095,110.981,0.415296,0.216640
1176,2LO2,74.34,0.638800,1.00,-2049.165,185.807,0.346587,0.587080
1177,2LO3,63.07,0.662000,1.00,-2714.388,196.355,0.506897,0.488070
1178,2LO7,68.55,0.559600,1.00,-2259.519,143.913,0.623340,0.478210
1179,2LQ0,75.00,0.533500,1.00,-1598.890,95.277,0.441873,0.537060
1180,2LQ1,36.00,0.475200,1.00,-1062.127,114.550,0.645698,0.153350
1181,2LQ2,54.17,0.573700,1.00,-1125.000,112.935,0.543270,0.311190
1182,2LQA,68.24,0.546200,1.00,-2632.020,203.478,0.246510,0.489240
1183,2LQX,85.37,0.656700,1.00,-3109.742,164.720,0.317037,0.742230
1184,2LQY,70.00,0.590200,1.00,-1264.776,45.439,0.413309,0.313650
1185,2LR3,78.72,0.615000,1.00,-3266.493,235.811,0.195388,0.686110
1186,2LR5,78.29,0.633500,1.00,-2782.940,172.440,0.275965,0.616480
1187,2LR7,31.90,0.452300,1.00,-2026.237,89.018,0.947197,0.170640
1188,2LRX,56.11,0.588400,1.00,-3300.577,168.075,0.494509,0.434590
1189,2LS1,36.25,0.403200,1.00,-1100.255,169.863,0.607003,0.176940
1190,2LS2,74.00,0.668700,1.00,-1961.573,31.611,0.409680,0.533430
1191,2LS3,68.97,0.701600,1.00,-2551.807,55.981,0.350626,0.519040
1192,2LS4,64.58,0.579800,1.00,-1452.383,40.043,0.386452,0.293460
1193,2LS9,62.00,0.596000,1.00,-1328.550,61.341,0.397079,0.235180
1194,2LSA,56.52,0.547400,1.00,-1326.459,147.458,0.385219,0.269910
1195,2LSQ,62.00,0.450500,1.00,-1743.423,149.205,0.500415,0.261130
1196,2LSW,25.00,0.543300,1.00,-1286.637,167.474,1.146797,0.216510
1197,2LT8,82.74,0.729800,1.00,-3237.282,144.610,0.198910,0.699380
1198,2LTI,27.17,0.518800,1.00,-673.894,150.134,1.254620,0.162380
1200,2LU9,81.45,0.666000,1.00,-2047.600,128.271,0.225408,0.526510
1201,2LUF,61.25,0.509700,1.00,-843.255,104.220,0.464922,0.301320
1202,2LUG,38.19,0.493200,1.00,-1467.308,227.835,1.583103,0.295760
1203,2LUR,68.97,0.577800,1.00,-1888.490,143.185,0.436779,0.404390
1204,2LUV,29.29,0.487500,1.00,-851.915,315.750,1.396159,0.237970
1205,2LVG,70.00,0.704900,1.00,-2791.085,70.866,0.329759,0.498140
1206,2LWB,63.75,0.496900,1.00,-1481.450,76.372,0.391784,0.210320
1207,2LWL,45.92,0.498300,1.00,-2790.767,268.069,0.554595,0.404880
1208,2LWQ,68.75,0.528000,1.00,-667.503,142.540,0.280674,0.196870
1209,2LWS,64.58,0.554200,1.00,-441.438,61.956,0.241731,0.351410
1210,2LWT,55.56,0.418100,1.00,-950.940,109.636,0.476333,0.257420
1211,2LWU,83.33,0.722700,1.00,-646.577,58.018,0.240816,0.381560
1212,2LWV,73.53,0.662500,1.00,-653.884,126.947,0.240887,0.318650
1213,2LX0,60.16,0.659900,1.00,-2944.625,50.958,0.449868,0.401710
1214,2LX4,67.65,0.488500,1.00,-1145.526,59.198,0.491928,0.411130
1215,2LX5,81.94,0.691000,1.00,-834.962,92.087,0.224416,0.484350
1216,2LX6,35.53,0.551400,1.00,-609.510,116.869,0.951786,0.171370
1217,2LXO,47.73,0.458900,1.00,-3170.057,204.244,0.610672,0.347790
1218,2LXZ,91.41,0.731200,1.00,-2208.170,137.299,0.104171,0.705950
1219,2LYE,36.11,0.321800,1.00,-594.565,140.546,0.671645,0.207140
1220,2LYF,44.44,0.352500,1.00,-751.544,110.217,0.606087,0.202440
1221,2LZI,54.17,0.391300,1.00,-753.465,104.589,0.492189,0.185770
1222,2LZO,41.38,0.401400,1.00,-1560.197,210.596,0.881847,0.233650
1223,2LZP,53.23,0.480500,1.00,-1818.357,112.014,0.614429,0.479030
1224,2LZQ,74.04,0.659700,1.00,-2151.700,121.548,0.308760,0.527950
1225,2LZX,72.97,0.596700,1.00,-2673.752,166.559,0.242251,0.538140
1226,2LZY,80.00,0.669000,1.00,-2361.270,220.284,0.268230,0.613220
1227,2M0H,69.32,0.643700,1.00,-1445.165,65.224,0.334714,0.357320
1228,2M0S,45.54,0.518200,1.00,-1452.731,156.843,0.524180,0.261700
1229,2M0W,50.00,0.580600,1.00,-944.088,141.146,0.831592,0.238070
1230,2M1A,83.65,0.661400,1.00,-1434.290,53.960,0.152338,0.518820
1231,2M1J,65.00,0.597000,1.00,-2072.078,70.252,0.535138,0.485530
1232,2M1P,44.44,0.359000,1.00,-842.976,63.304,0.503245,0.149060
1233,2M1T,61.36,0.559200,1.00,-1388.371,83.159,0.456354,0.233830
1234,2M2G,34.72,0.325400,1.00,-444.942,153.940,0.783279,0.213260
1235,2M2H,37.50,0.306200,1.00,-939.107,80.711,0.538566,0.138230
1236,2M2Q,85.94,0.715200,1.00,-2383.006,142.774,0.203068,0.645310
1237,2M2R,79.55,0.650900,1.00,-2206.786,204.427,0.245457,0.570160
1238,2M2S,41.67,0.329100,1.00,-845.344,87.093,0.479383,0.141180
1239,2M2X,29.17,0.288500,1.00,-863.150,27.002,1.019131,0.132280
1240,2M2Y,30.56,0.397500,1.00,-613.937,130.430,0.615931,0.171120
1241,2M36,40.13,0.353100,1.00,-1920.723,370.443,0.928024,0.294740
1242,2M37,35.53,0.539400,1.00,-520.233,123.042,1.123337,0.167750
1243,2M3F,81.82,0.740300,1.00,-1658.296,56.808,0.145499,0.510120
1244,2M3J,78.79,0.652400,1.00,-2303.137,143.551,0.227064,0.561370
1245,2M3N,51.39,0.460900,1.00,-667.414,113.263,0.458165,0.151330
1246,2M4X,64.29,0.504200,1.00,-2125.932,212.819,0.313706,0.372050
1247,2M4Z,55.71,0.492600,1.00,-2104.580,219.381,0.424110,0.324670
1248,2M50,67.14,0.528200,1.00,-2238.077,208.599,0.326753,0.436130
1249,2M5L,48.75,0.578300,1.00,-806.927,95.030,0.508886,0.177590
1250,2M5X,91.88,0.835400,1.00,-2682.243,170.375,0.164744,0.818130
1251,2M5Z,93.75,0.735700,1.00,-5287.151,158.596,0.106578,0.863950
1252,2M60,84.88,0.704100,1.00,-5488.116,150.064,0.163491,0.711160
1253,2M62,52.08,0.500400,1.00,-473.007,128.780,0.392163,0.194330
1254,2M6A,80.36,0.675700,1.00,-1757.841,105.077,0.153817,0.485770
1255,2M6O,78.12,0.676800,1.00,-3024.167,262.772,0.365101,0.710920
1256,2M6P,80.43,0.648800,1.00,-3347.983,304.813,0.444026,0.705380
1257,2M73,60.00,0.555200,1.00,-1677.504,62.692,0.523427,0.336450
1258,2M77,83.33,0.667500,1.00,-907.487,81.516,0.262026,0.333010
1259,2M78,61.11,0.503800,1.00,-825.230,200.110,0.332146,0.201080
1260,2M79,81.94,0.689400,1.00,-920.328,98.996,0.156220,0.246520
1261,2M7C,76.19,0.629200,1.00,-1132.111,75.678,0.341643,0.285330
1262,2M7D,62.50,0.600400,1.00,-1065.612,89.013,0.569517,0.374620
1263,2M7E,42.31,0.384000,1.00,-1473.599,136.535,0.684773,0.310520
1264,2M7I,48.21,0.558400,1.00,-161.172,104.388,0.790020,0.178560
1265,2M7J,44.64,0.463200,1.00,-287.679,113.363,0.673000,0.208760
1266,2M7P,77.98,0.671300,1.00,-2552.248,231.928,0.233710,0.639910
1267,2M7T,78.79,0.607900,1.00,-2047.892,190.612,0.269394,0.641950
1268,2M7X,40.79,0.502500,1.00,-1935.449,194.168,0.877489,0.312020
1269,2M8F,28.12,0.442500,1.00,-1055.180,135.200,0.874036,0.197980
1270,2M8I,71.51,0.709800,1.00,-2518.832,232.514,0.591923,0.589680
1271,2M8J,75.58,0.692100,1.00,-2603.011,288.706,0.353799,0.642230
1272,2M8M,71.43,0.680500,1.00,-2249.510,144.856,0.303533,0.573720
1273,2M8O,72.32,0.670500,1.00,-2249.510,144.856,0.217938,0.408910
1274,2M96,68.75,0.632500,1.00,-2221.200,236.084,0.349239,0.549610
1275,2M9E,90.15,0.758600,1.00,-2124.812,247.861,0.186376,0.739400
1276,2M9F,75.00,0.703200,1.00,-2124.812,247.861,0.333126,0.540620
1277,2M9I,82.35,0.698500,1.00,-2258.903,239.797,0.286114,0.634900
1278,2M9J,83.82,0.715400,1.00,-2258.903,239.797,0.279666,0.672640
1279,2M9L,81.43,0.635400,1.00,-2427.474,262.458,0.350508,0.633970
1280,2M9O,89.66,0.712200,1.00,-1987.688,170.376,0.218170,0.683080
1281,2M9R,25.00,0.426300,1.00,-1393.941,252.472,1.565613,0.223280
1282,2M9S,28.75,0.439700,1.00,-1393.941,252.472,1.802731,0.293320
1283,2MAA,75.00,0.647700,1.00,-648.216,91.197,0.237626,0.448050
1284,2MAE,46.15,0.478100,1.00,-855.282,214.486,0.846337,0.263040
1285,2MAU,55.83,0.503100,1.00,-1767.112,383.546,0.453879,0.329760
1286,2MBD,73.15,0.667700,1.00,-1455.124,72.492,0.341629,0.501550
1287,2MBY,57.07,0.580400,1.00,-3398.281,156.439,0.673925,0.475700
1288,2MCE,57.14,0.522700,1.00,-778.570,131.063,0.467050,0.216570
1289,2MD1,72.06,0.532700,1.00,-765.789,73.680,0.337579,0.281200
1290,2MD2,65.00,0.523500,1.00,-382.510,43.975,0.322164,0.430770
1291,2MD4,89.58,0.650500,1.00,-522.196,41.910,0.120800,0.430270
1292,2MD6,75.00,0.596700,1.00,-966.961,59.426,0.267395,0.272920
1293,2MDC,43.75,0.489000,1.00,-2969.487,272.237,0.954519,0.374960
1294,2MDL,31.25,0.406000,1.00,-1299.232,133.748,0.745252,0.137850
1295,2MDU,42.24,0.460300,1.00,-1310.781,202.800,1.303797,0.310420
1296,2ME1,62.04,0.557700,1.00,-2450.926,49.723,0.452003,0.386230
1297,2ME2,61.11,0.608100,1.00,-2247.257,88.264,0.418180,0.337020
1298,2ME3,65.74,0.584000,1.00,-2407.540,64.723,0.314870,0.323780
1299,2ME4,58.33,0.566400,1.00,-2398.385,72.307,0.425347,0.332390
1300,2ME7,90.91,0.769500,1.00,-2188.660,138.166,0.244386,0.768890
1301,2MEL,87.88,0.763800,1.00,-2263.441,122.368,0.183346,0.700300
1302,2MEN,82.58,0.682200,1.00,-2055.394,157.128,0.337003,0.624270
1303,2MEO,78.79,0.640200,1.00,-2186.504,112.225,0.361080,0.582190
1304,2MF3,26.60,0.281900,1.00,-3249.002,418.368,0.923719,0.240700
1305,2MFM,40.00,0.496100,1.00,-514.387,58.044,0.611572,0.154630
1306,2MFO,43.33,0.460700,1.00,-394.190,59.872,0.660028,0.217760
1307,2MFP,31.45,0.428200,1.00,-1238.959,300.115,0.860060,0.202050
1308,2MFS,83.57,0.710100,1.00,-2435.724,186.128,0.180215,0.661800
1309,2MFV,35.71,0.588100,1.00,-120.141,75.621,0.972560,0.233160
1310,2MG1,70.37,0.691700,1.00,-1713.724,50.974,0.318524,0.506760
1311,2MG2,71.43,0.649500,1.00,-2084.148,78.946,0.333322,0.482930
1312,2MG3,74.11,0.655000,1.00,-2084.148,78.946,0.360285,0.466480
1313,2MH1,73.48,0.695800,1.00,-1748.516,278.140,0.523373,0.549230
1314,2MHU,40.00,0.425400,1.00,-1768.899,202.026,0.640410,0.203100
1315,2MHW,49.07,0.631200,1.00,-1694.348,44.032,0.708344,0.353220
1316,2MI1,50.00,0.461400,1.00,-528.398,92.172,0.467020,0.187070
1317,2MI9,44.17,0.427800,1.00,-1824.703,216.107,0.570858,0.227810
1318,2MIA,44.17,0.431400,1.00,-1824.703,216.107,0.557440,0.193460
1319,2MID,56.25,0.463100,1.00,-372.229,71.764,0.402124,0.338600
1320,2MIE,39.58,0.480300,1.00,-351.132,79.810,0.568444,0.066420
1321,2MIF,50.00,0.548300,1.00,-303.713,55.654,0.632286,0.223020
1322,2MIG,43.75,0.510500,1.00,-372.663,59.443,0.584461,0.245150
1323,2MIH,39.29,0.498900,1.00,-277.207,91.758,0.699663,0.118650
1324,2MIJ,70.27,0.591800,1.00,-2813.479,78.064,0.306056,0.521270
1325,2MIX,52.38,0.467200,1.00,-1050.830,116.348,0.613136,0.209650
1326,2MJ1,41.67,0.365500,1.00,-709.301,101.211,0.647248,0.207620
1327,2MJ2,61.81,0.617900,1.00,-2354.492,103.250,0.737082,0.521370
1328,2MJ9,64.10,0.687300,1.00,-2473.647,146.483,0.396234,0.453350
1329,2MJC,61.76,0.646700,1.00,-1684.404,205.123,0.855298,0.440070
1330,2MJK,86.59,0.724300,1.00,-3581.095,180.242,0.235609,0.738390
1331,2MKB,55.00,0.502400,1.00,-1495.408,233.776,0.393357,0.287550
1332,2ML7,67.74,0.605300,1.00,-2179.036,212.258,0.275660,0.373300
1333,2MLA,92.57,0.727100,1.00,-2431.363,244.979,0.103315,0.777240
1334,2MLD,92.57,0.745900,1.00,-2401.879,188.928,0.105347,0.786890
1335,2MLJ,45.83,0.505200,1.00,-538.610,67.962,1.069467,0.132180
1336,2MLO,76.56,0.558600,1.00,-968.168,90.486,0.256423,0.331150
1337,2MLQ,71.88,0.538100,1.00,-968.168,90.486,0.286246,0.293890
1338,2MLU,46.67,0.449100,1.00,-1193.825,275.931,0.511892,0.237180
1339,2MLV,45.00,0.454000,1.00,-1193.825,275.931,0.548198,0.218560
1340,2MM5,40.83,0.436400,1.00,-1684.443,266.144,0.674542,0.247890
1341,2MM6,81.67,0.647800,1.00,-2119.781,241.922,0.197169,0.559680
1342,2MMM,62.50,0.657400,1.00,-1499.983,323.465,0.314229,0.476440
1343,2MMT,36.90,0.384200,1.00,-973.892,167.373,0.619102,0.192620
1344,2MMW,48.81,0.454800,1.00,-963.933,165.749,0.545546,0.106890
1345,2MN1,85.83,0.696200,1.00,-2029.615,134.342,0.200899,0.645760
1346,2MN3,52.84,0.471300,1.00,-2318.349,230.783,0.392178,0.389480
1347,2MOC,50.00,0.512000,1.00,-365.039,43.561,0.406316,0.297270
1348,2MOF,55.95,0.578800,1.00,-2660.427,180.411,0.646302,0.548600
1349,2MPJ,72.00,0.595800,1.00,-1341.884,138.291,0.355693,0.395350
1350,2MPQ,85.42,0.685600,1.00,-2109.978,205.809,0.241758,0.674050
1351,2MQ2,58.93,0.469900,1.00,-320.408,119.526,0.567163,0.249600
1352,2MQ4,59.09,0.470000,1.00,-252.938,102.663,0.426324,0.246940
1353,2MQ5,60.00,0.422700,1.00,-121.508,69.061,0.384018,0.345780
1354,2MQF,97.79,0.782800,1.00,-2057.866,189.487,0.073699,0.852090
1355,2MQU,55.00,0.483900,1.00,-2485.641,192.906,0.445647,0.364190
1356,2MR9,86.93,0.714800,1.00,-4323.130,121.212,0.167806,0.772860
1357,2MRB,41.94,0.422200,1.00,-1770.641,152.292,0.621938,0.255230
1358,2MRF,79.55,0.689800,1.00,-2189.787,139.398,0.272252,0.547720
1359,2MRT,44.17,0.432700,1.00,-1724.119,173.479,0.643859,0.192670
1360,2MRW,36.88,0.309400,1.00,-3438.127,143.610,1.082485,0.362850
1361,2MSF,46.55,0.448100,1.00,-1642.267,242.137,0.677713,0.339000
1362,2MSO,72.50,0.582100,1.00,-1786.792,244.221,0.370299,0.451320
1363,2MSQ,68.52,0.574600,1.00,-1679.475,157.889,0.327682,0.360920
1364,2MSU,66.25,0.615900,1.00,-1170.455,57.612,0.367432,0.328960
1365,2MT7,94.29,0.782400,1.00,-2310.577,182.092,0.126459,0.811410
1366,2MT8,65.38,0.591900,1.00,-2281.129,230.887,0.565709,0.562970
1367,2MTM,52.63,0.436200,1.00,-1028.295,309.208,0.376434,0.173110
1368,2MTO,69.23,0.521200,1.00,-561.425,114.370,0.449087,0.243850
1369,2MTT,69.23,0.566700,1.00,-498.258,82.841,0.316965,0.282520
1370,2MTU,69.23,0.586800,1.00,-498.258,82.841,0.369723,0.259020
1371,2MTW,63.75,0.526800,1.00,-1067.335,92.393,0.504913,0.399260
1372,2MTY,45.00,0.557600,1.00,-811.904,61.367,0.540338,0.106840
1373,2MU6,67.50,0.604600,1.00,-1255.491,76.774,0.433374,0.305580
1374,2MU7,38.75,0.448300,1.00,-701.056,122.043,0.558802,0.144810
1375,2MU8,41.25,0.490200,1.00,-784.914,138.585,0.653267,0.127600
1376,2MU9,65.00,0.602500,1.00,-1329.340,88.169,0.455558,0.303750
1377,2MUA,82.14,0.691800,1.00,-1220.675,57.473,0.187843,0.392820
1378,2MUB,88.69,0.719100,1.00,-3529.028,212.499,0.203447,0.777190
1379,2MUE,73.75,0.638700,1.00,-1386.205,57.302,0.314225,0.241600
1380,2MUF,65.00,0.545500,1.00,-703.191,118.129,0.443191,0.328940
1381,2MUH,56.25,0.393600,1.00,-517.499,102.099,0.502877,0.181880
1382,2MUJ,30.95,0.445900,1.00,-780.235,139.000,0.751949,0.105100
1383,2MUN,45.11,0.451500,1.00,-3540.595,168.415,0.878052,0.356270
1384,2MUQ,72.16,0.706900,1.00,-2835.616,147.588,0.436965,0.606530
1385,2MV6,54.59,0.689500,1.00,-3517.738,212.616,0.511871,0.562720
1386,2MVA,62.96,0.533500,1.00,-1384.702,178.709,0.470124,0.297610
1387,2MVH,58.65,0.621600,1.00,-1450.221,110.149,0.707474,0.358060
1388,2MVI,41.28,0.390600,1.00,-2988.994,343.020,0.783416,0.323160
1389,2MVJ,79.81,0.628100,1.00,-1853.825,64.730,0.207698,0.526320
1390,2MVK,39.42,0.481700,1.00,-855.282,214.486,0.649265,0.175270
1391,2MVL,29.81,0.468800,1.00,-855.282,214.486,0.758911,0.184960
1392,2MVM,52.84,0.618600,1.00,-2349.872,223.742,1.192985,0.416740
1393,2MVN,57.39,0.646200,1.00,-2349.872,223.742,0.778914,0.512050
1394,2MVT,43.62,0.456500,1.00,-3691.876,197.262,0.971661,0.363490
1395,2MW0,79.31,0.642200,1.00,-1867.102,128.275,0.269244,0.513820
1396,2MW3,35.71,0.489900,1.00,-924.780,113.761,1.005669,0.190490
1397,2MW7,74.32,0.663700,1.00,-2023.224,251.773,0.310618,0.531600
1398,2MW9,82.43,0.725700,1.00,-2253.305,186.515,0.322102,0.664740
1399,2MWA,71.62,0.631100,1.00,-2442.029,185.492,0.616035,0.528040
1400,2MWB,73.65,0.677900,1.00,-2355.728,211.827,0.376817,0.574320
1401,2MWD,84.82,0.669700,1.00,-1716.108,145.761,0.150131,0.510570
1402,2MWE,79.46,0.670800,1.00,-1707.654,181.767,0.157066,0.466220
1403,2MWF,78.12,0.634000,1.00,-2033.354,131.456,0.265934,0.535200
1404,2MWJ,93.75,0.818900,1.00,-2345.299,197.182,0.096557,0.798000
1405,2MWK,95.14,0.826300,1.00,-2345.299,197.182,0.085097,0.807330
1406,2MWL,51.56,0.458400,1.00,-480.096,97.333,0.443278,0.249130
1407,2MWT,48.53,0.501300,1.00,-1420.625,333.038,0.736561,0.329750
1408,2MX4,41.11,0.462400,1.00,-2334.565,238.466,1.005664,0.355720
1409,2MXG,51.56,0.459600,1.00,-480.096,97.333,0.355545,0.237260
1410,2MXH,45.31,0.473100,1.00,-480.096,97.333,0.582481,0.263570
1411,2MXM,96.21,0.794400,1.00,-2225.082,198.013,0.070367,0.844160
1412,2MXO,88.24,0.678900,1.00,-2222.472,165.689,0.154397,0.707510
1413,2MXP,90.91,0.788000,1.00,-2527.941,155.728,0.216695,0.783180
1414,2MXQ,69.12,0.575100,1.00,-2101.602,153.409,0.291976,0.453160
1415,2MXV,65.70,0.591900,1.00,-2574.484,194.577,0.656474,0.536620
1416,2MYH,61.59,0.535500,1.00,-2513.387,210.977,0.428602,0.456760
1417,2MYL,83.75,0.656500,1.00,-1440.196,54.921,0.285190,0.332040
1418,2MYM,58.75,0.563300,1.00,-1478.260,64.470,0.462584,0.251730
1419,2MZ2,69.12,0.629600,1.00,-828.758,76.542,0.411382,0.291730
1420,2MZ3,64.71,0.577200,1.00,-828.758,76.542,0.425400,0.211370
1421,2MZ4,44.57,0.457300,1.00,-3540.595,168.415,0.824964,0.347520
1422,2MZ7,21.74,0.492300,1.00,-1272.230,292.569,1.403911,0.193400
1423,2MZA,55.88,0.523200,1.00,-828.758,76.542,0.482004,0.296740
1424,2MZX,65.00,0.502900,1.00,-364.267,69.517,0.229804,0.370180
1426,2N0X,34.38,0.528700,1.00,-524.070,79.775,0.928016,0.221420
1427,2N16,72.50,0.528800,1.00,-1125.939,91.625,0.286271,0.271170
1428,2N1C,36.96,0.414600,1.00,-816.354,126.950,0.688098,0.127790
1429,2N1N,87.86,0.683300,1.00,-2539.257,189.972,0.148874,0.684780
1430,2N1P,70.83,0.633200,1.00,-1717.077,117.932,0.364700,0.456400
1431,2N1S,85.00,0.712800,1.00,-1879.214,164.641,0.331773,0.604310
1432,2N24,58.06,0.511900,1.00,-1744.760,217.084,0.918586,0.500800
1433,2N2C,37.79,0.616600,1.00,-1813.597,229.923,0.837925,0.395700
1434,2N2F,67.31,0.570000,1.00,-290.402,81.983,0.291642,0.321260
1435,2N2G,87.12,0.734300,1.00,-2258.721,164.718,0.155834,0.671180
1436,2N2S,39.84,0.443000,1.00,-2171.736,246.579,0.802041,0.293570
1437,2N3P,87.50,0.746100,1.00,-1921.358,277.835,0.189290,0.649850
1438,2N4K,64.53,0.575400,1.00,-1936.268,205.506,0.352764,0.478110
1439,2N4R,85.81,0.748800,1.00,-2379.096,172.247,0.557328,0.768180
1440,2N4S,82.43,0.723200,1.00,-2356.724,209.438,0.473284,0.672920
1441,2N4T,87.16,0.733500,1.00,-2311.982,172.430,0.309087,0.738410
1442,2N4U,83.11,0.702500,1.00,-2483.155,188.903,0.345360,0.688160
1443,2N4V,77.03,0.735400,1.00,-2242.603,244.762,0.643978,0.635740
1444,2N4W,81.76,0.711900,1.00,-2462.099,238.706,0.353417,0.676580
1445,2N58,71.67,0.580900,1.00,-2390.286,134.531,0.278233,0.455610
1446,2N5C,45.00,0.423800,1.00,-572.383,93.954,0.583723,0.194980
1447,2N5J,79.59,0.688500,1.00,-4497.516,179.423,0.214226,0.694200
1448,2N5K,72.41,0.573100,1.00,-1394.152,228.560,0.401036,0.487660
1449,2N5Q,87.96,0.689700,1.00,-1757.391,174.943,0.200007,0.598440
1450,2N5R,91.67,0.639400,1.00,-600.005,45.399,0.165922,0.494900
1451,2N63,39.06,0.417800,1.00,-480.096,97.333,0.501979,0.133600
1452,2N68,41.30,0.570600,1.00,-673.894,150.134,1.061479,0.153240
1453,2N6B,86.03,0.688300,1.00,-2540.317,155.216,0.151987,0.637660
1454,2N6M,69.05,0.593900,1.00,-1161.059,78.707,0.395858,0.330310
1455,2N6N,66.41,0.529500,1.00,-1972.395,157.616,0.506098,0.443610
1456,2N6O,82.14,0.650900,1.00,-2352.270,201.084,0.357457,0.655450
1457,2N6U,35.00,0.507900,1.00,-756.937,113.894,1.061749,0.109680
1458,2N6V,28.12,0.462300,1.00,-1055.180,135.200,0.804789,0.149870
1459,2N7F,66.41,0.573400,1.00,-2823.127,155.082,0.372521,0.423460
1460,2N7I,62.84,0.624600,1.00,-3062.693,90.305,0.498769,0.577450
1461,2N85,46.95,0.398200,1.00,-3058.056,130.225,1.178102,0.433330
1462,2N8B,59.03,0.498600,1.00,-2447.044,160.139,0.606221,0.406580
1463,2N8E,61.76,0.552500,1.00,-1538.609,289.135,0.536053,0.413550
1464,2N8H,70.71,0.547500,1.00,-2200.064,232.269,0.336669,0.490680
1465,2N8S,82.05,0.754100,1.00,-2364.411,213.609,0.333779,0.692340
1466,2N8U,74.36,0.667300,1.00,-1895.922,187.435,0.320645,0.638870
1467,2N92,49.19,0.514200,1.00,-2086.174,49.878,0.698933,0.391180
1468,2N94,85.94,0.746400,1.00,-3105.825,301.937,0.198252,0.770880
1469,2N95,82.65,0.710000,1.00,-3019.614,244.220,0.277306,0.742870
1470,2N9C,53.75,0.459200,1.00,-653.544,75.365,0.538259,0.213760
1471,2N9M,54.69,0.464900,1.00,-480.096,97.333,0.387299,0.253890
1472,2N9N,48.44,0.446000,1.00,-480.096,97.333,0.453812,0.229370
1473,2N9O,76.19,0.723800,1.00,-3056.198,247.036,0.663261,0.669030
1474,2N9T,70.00,0.534500,1.00,-1805.200,165.839,0.347252,0.445820
1475,2N9Z,73.81,0.638300,1.00,-2714.139,223.889,0.507159,0.636600
1476,2NA3,89.58,0.639100,1.00,-811.790,39.270,0.172625,0.555710
1477,2NA8,59.09,0.667200,1.00,-3328.976,147.460,0.844825,0.510180
1478,2NA9,56.82,0.659300,1.00,-3326.688,192.919,0.662892,0.496720
1479,2NAB,67.68,0.650800,1.00,-2710.225,201.307,0.888524,0.568020
1480,2NAE,27.33,0.424800,1.00,-1618.756,296.585,1.237397,0.217520
1481,2NAJ,86.36,0.711500,1.00,-2204.958,222.802,0.172339,0.647030
1482,2NAL,85.42,0.659400,1.00,-818.543,39.838,0.215167,0.465170
1483,2NAT,41.96,0.491800,1.00,-1870.110,86.394,0.805228,0.272990
1484,2NAU,58.04,0.520600,1.00,-1760.479,61.408,0.508685,0.358800
1485,2NAW,39.10,0.532400,1.00,-2324.335,150.109,0.909140,0.327360
1486,2NB2,82.24,0.713000,1.00,-3253.350,131.536,0.205252,0.677180
1487,2NB5,69.12,0.579500,1.00,-777.833,155.011,0.280317,0.201400
1488,2NB6,62.50,0.559500,1.00,-676.443,117.556,0.281929,0.204740
1489,2NB7,47.06,0.454300,1.00,-498.544,102.780,0.516380,0.107630
1490,2NB8,53.70,0.536700,1.00,-1336.032,153.778,0.751127,0.354850
1491,2NB9,78.06,0.703400,1.00,-3179.434,243.739,0.341706,0.691010
1492,2NC3,88.64,0.774600,1.00,-2124.812,247.861,0.164131,0.696930
1493,2NC4,85.61,0.767500,1.00,-2124.812,247.861,0.210354,0.654410
1494,2NC5,91.67,0.761600,1.00,-2124.812,247.861,0.174307,0.745960
1495,2NC6,93.18,0.786600,1.00,-2124.812,247.861,0.109940,0.753210
1496,2NC7,76.39,0.576100,1.00,-836.315,120.316,0.208664,0.188380
1497,2NCS,59.72,0.610600,1.00,-2644.151,141.220,0.646043,0.563270
1498,2NCT,63.19,0.596100,1.00,-2644.151,141.220,0.611561,0.569540
1499,2NCU,64.29,0.566900,1.00,-1390.174,74.685,0.405937,0.264740
1500,2NCV,58.33,0.582100,1.00,-1441.284,54.360,0.606172,0.289090
1501,2NCW,59.38,0.613200,1.00,-1471.797,82.835,0.446666,0.360400
1502,2NCX,85.42,0.749800,1.00,-1682.615,39.774,0.196502,0.452370
1503,2NCY,63.54,0.630000,1.00,-1499.059,58.291,0.514342,0.368990
1504,2ND2,86.36,0.686100,1.00,-3751.308,180.230,0.168059,0.756430
1505,2ND3,86.84,0.694000,1.00,-2914.989,209.274,0.133222,0.704250
1506,2ND6,73.53,0.653500,1.00,-1054.376,48.420,0.237304,0.278910
1507,2ND7,75.00,0.641300,1.00,-1054.376,48.420,0.334127,0.334100
1508,2ND8,67.65,0.525000,1.00,-1054.376,48.420,0.417956,0.300730
1509,2NDB,42.35,0.406600,1.00,-2722.511,335.482,0.771331,0.367390
1510,2NDC,59.72,0.511800,1.00,-910.531,77.065,0.374024,0.340500
1511,2NDE,48.61,0.497000,1.00,-648.939,112.240,0.592748,0.175920
1512,2NDI,46.20,0.499300,1.00,-2421.568,253.345,0.825077,0.351790
1513,2NDK,46.88,0.714600,1.00,-3054.273,86.260,0.990062,0.410470
1514,2NDL,68.75,0.581800,1.00,-700.082,81.101,0.280321,0.259230
1515,2NDM,73.08,0.548400,1.00,-595.323,66.130,0.245202,0.279570
1516,2NDN,76.56,0.675200,1.00,-750.430,58.661,0.181003,0.197910
1517,2NOR,45.00,0.445300,1.00,-337.321,62.876,0.439140,0.255180
1518,2NOU,77.50,0.633100,1.00,-417.525,77.188,0.255012,0.428440
1519,2NR1,63.89,0.615000,1.00,-1505.098,98.703,0.653574,0.480850
1520,2NS4,44.64,0.462700,1.00,-133.692,134.021,0.760134,0.212750
1521,2NVJ,51.00,0.548000,1.00,-1961.211,45.010,0.566801,0.230590
1522,2NX6,43.52,0.485500,1.00,-1465.770,175.548,0.730005,0.198120
1523,2NX7,41.96,0.494600,1.00,-1695.695,181.472,0.639294,0.182390
1526,2NZ3,57.50,0.555000,1.00,-2936.678,191.170,0.532297,0.506500
1527,2NZZ,35.81,0.470400,1.00,-2954.171,90.955,1.171789,0.239470
1528,2O00,37.16,0.442900,1.00,-2954.171,90.955,0.990101,0.244710
1529,2O0S,66.67,0.459100,1.00,-536.695,80.750,0.422983,0.302740
1530,2OBU,54.17,0.650300,1.00,-2735.347,160.907,0.644468,0.500070
1532,2OJM,32.95,0.339900,1.00,-908.834,119.830,0.855289,0.170160
1533,2OJN,39.77,0.424100,1.00,-883.086,110.515,0.680853,0.164630
1534,2OJO,79.55,0.712100,1.00,-1511.774,58.978,0.183006,0.388050
1535,2OP7,48.72,0.435400,1.00,-2497.444,246.877,1.044892,0.342640
1536,2OQ9,55.21,0.556200,1.00,-980.922,124.247,0.528409,0.204160
1537,2ORU,72.50,0.619300,1.00,-1103.416,89.325,0.295561,0.237560
1538,2OVN,86.76,0.637000,1.00,-977.630,31.920,0.200386,0.436880
1539,2OYV,73.08,0.514300,1.00,-436.483,76.535,0.377740,0.247860
1540,2OYW,69.23,0.532900,1.00,-436.483,76.535,0.386163,0.249680
1541,2P4L,27.17,0.317000,1.00,-3390.326,229.986,1.021487,0.258610
1542,2P5J,58.82,0.523100,1.00,-761.925,126.470,0.435176,0.178730
1543,2P81,60.23,0.458500,1.00,-3699.922,122.548,0.870275,0.511440
1544,2PCO,83.65,0.651400,1.00,-1413.223,101.691,0.276092,0.585290
1545,2PDD,81.40,0.652800,1.00,-3649.831,167.316,0.299910,0.723210
1546,2PDE,32.56,0.361300,1.00,-3649.831,167.316,0.701527,0.364880
1547,2PJV,45.97,0.517300,1.00,-955.047,90.962,0.607870,0.294880
1548,2PO8,71.32,0.607600,1.00,-1860.940,196.652,0.408598,0.526120
1549,2PPZ,73.61,0.593100,1.00,-3071.774,122.628,0.230796,0.526580
1550,2PTA,86.43,0.719500,1.00,-2360.195,189.080,0.191635,0.699920
1551,2PV6,68.18,0.588400,1.00,-1912.299,82.018,0.286915,0.339160
1552,2RLG,83.33,0.611100,1.00,-955.112,53.737,0.279294,0.403440
1553,2RLH,86.11,0.632700,1.00,-955.112,53.737,0.248696,0.403400
1554,2RLJ,53.12,0.481400,1.00,-613.470,87.088,0.408856,0.217100
1555,2RLW,57.35,0.590800,1.00,-1830.047,171.629,0.892862,0.416850
1557,2RMF,75.00,0.735100,1.00,-3009.561,83.148,0.255368,0.609490
1558,2RMG,55.26,0.663000,1.00,-2788.988,82.548,0.453336,0.359470
1559,2RMH,59.87,0.662800,1.00,-2544.673,89.214,0.713601,0.510930
1561,2RMV,48.08,0.403800,1.00,-1804.414,199.111,0.713154,0.254270
1562,2RMW,34.62,0.384200,1.00,-1817.680,157.517,0.791289,0.238790
1563,2RMY,64.71,0.590800,1.00,-2017.319,133.983,0.866635,0.472320
1564,2RMZ,68.02,0.689400,1.00,-3396.335,87.198,0.367140,0.652400
1565,2RN0,70.35,0.714600,1.00,-3396.335,87.198,0.457787,0.579040
1566,2RND,58.09,0.581100,1.00,-2017.319,133.983,0.778492,0.606270
1567,2ROO,32.56,0.336100,1.00,-3091.180,303.066,0.748482,0.233130
1568,2RPS,66.41,0.586000,1.00,-1484.505,192.089,0.490125,0.399480
1570,2RQ2,54.17,0.449100,1.00,-1988.941,130.118,0.873939,0.370350
1571,2RQZ,82.24,0.701300,1.00,-2586.453,237.856,0.213421,0.641880
1572,2RR0,76.97,0.642200,1.00,-2586.453,237.856,0.229608,0.577470
1573,2RR2,76.97,0.651900,1.00,-2586.453,237.856,0.204629,0.599830
1574,2RRH,69.83,0.677800,1.00,-2172.201,54.921,0.297009,0.621420
1575,2RRI,73.28,0.687300,1.00,-2172.201,54.921,0.259334,0.538580
1576,2RRS,38.89,0.445700,1.00,-682.605,142.228,0.634012,0.230670
1577,2RSH,69.59,0.596100,1.00,-2288.076,128.350,0.659593,0.542970
1578,2RSW,54.17,0.519900,1.00,-793.696,111.676,0.481361,0.185720
1579,2RT4,49.00,0.544500,1.00,-1028.404,100.859,0.833866,0.235010
1580,2RTY,93.33,0.731200,1.00,-1835.669,137.412,0.098865,0.714100
1581,2RTZ,82.76,0.632400,1.00,-2085.854,108.792,0.224412,0.538420
1582,2RU0,77.78,0.591800,1.00,-2676.838,143.751,0.212152,0.609150
1583,2RUM,27.63,0.443500,1.00,-690.351,99.707,0.749593,0.095170
1584,2RUN,51.39,0.454100,1.00,-1072.521,138.949,0.553999,0.245620
1585,2RUO,76.56,0.682700,1.00,-898.358,102.821,0.243994,0.345640
1586,2RUT,81.25,0.715100,1.00,-2314.420,128.530,0.418257,0.711830
1587,2RUU,76.39,0.771900,1.00,-2059.503,134.120,0.610850,0.623270
1588,2RUV,79.73,0.695400,1.00,-2288.076,128.350,0.608963,0.697330
1589,2RUW,80.41,0.741600,1.00,-1937.997,203.976,0.312659,0.681680
1590,2RUX,77.78,0.715700,1.00,-1947.656,158.354,0.478087,0.641040
1591,2RUY,70.95,0.695800,1.00,-2258.113,156.221,0.598728,0.588320
1592,2RUZ,80.26,0.751700,1.00,-2266.240,164.559,0.643396,0.729940
1593,2RV0,79.73,0.793300,1.00,-2287.835,154.593,0.489519,0.718760
1594,2RV1,76.35,0.656600,1.00,-2404.299,173.419,0.366238,0.615450
1595,2RV2,77.78,0.809100,1.00,-1971.491,137.553,0.727947,0.666190
1596,2RV3,74.31,0.750700,1.00,-1551.174,115.786,0.549636,0.615060
1597,2RV4,74.32,0.688100,1.00,-2145.370,175.041,0.612345,0.651660
1598,2RV5,84.29,0.771300,1.00,-2042.229,149.546,0.347882,0.699090
1599,2RVD,80.00,0.577500,1.00,-390.843,52.620,0.144162,0.393540
1600,2SH1,72.92,0.625100,1.00,-2774.585,275.646,0.476561,0.644310
1601,2V1V,79.31,0.661300,1.00,-1982.367,170.221,0.187171,0.479840
1602,2VY4,72.97,0.640900,1.00,-2403.698,174.286,0.420251,0.531900
1603,2VY5,73.65,0.656100,1.00,-2403.698,174.286,0.377850,0.549340
1604,2W0T,76.16,0.678400,1.00,-2620.320,248.296,0.232358,0.638880
1605,2W9O,70.65,0.603900,1.00,-2609.418,413.849,0.414477,0.585410
1606,2W9U,73.37,0.651900,1.00,-2557.277,284.508,0.341415,0.612910
1607,2W9V,35.80,0.371300,1.00,-2341.063,249.376,0.850063,0.332230
1608,2W9W,76.14,0.639700,1.00,-2638.529,328.528,0.294810,0.624190
1609,2WH9,84.72,0.708800,1.00,-2550.420,220.543,0.239396,0.679900
1610,2WXC,80.85,0.674800,1.00,-3647.054,157.466,0.396084,0.707980
1611,2XL1,56.25,0.550600,1.00,-1438.858,122.823,0.895019,0.314600
1612,2YRH,63.64,0.673300,1.00,-1928.393,191.801,0.672974,0.523720
1613,2YRJ,67.39,0.709300,1.00,-2112.458,211.143,0.653877,0.621920
1614,2YRM,72.09,0.688300,1.00,-2160.603,223.586,0.740450,0.600760
1615,2YSB,77.04,0.768500,1.00,-2823.211,270.483,0.511011,0.686320
1616,2YSC,75.64,0.706800,1.00,-2336.319,199.010,0.393435,0.600890
1617,2YSF,77.50,0.781100,1.00,-2371.396,170.417,0.544969,0.664600
1618,2YSG,79.38,0.738300,1.00,-2466.693,215.273,0.242997,0.633220
1619,2YSH,73.12,0.678400,1.00,-1975.249,243.896,0.323439,0.576300
1620,2YSI,62.50,0.642700,1.00,-2014.576,228.496,0.680996,0.501920
1621,2YSO,54.89,0.620800,1.00,-2459.831,219.209,0.924661,0.477540
1622,2YSP,56.52,0.659200,1.00,-2302.243,189.718,0.867259,0.481160
1623,2YSV,57.74,0.578600,1.00,-2019.771,233.559,0.796100,0.469980
1624,2YTA,68.29,0.684900,1.00,-2058.995,170.348,0.653670,0.585790
1625,2YTB,68.45,0.700400,1.00,-2034.275,170.248,0.427408,0.512890
1626,2YTD,59.78,0.669100,1.00,-2178.303,223.699,0.845852,0.536370
1627,2YTE,70.24,0.708800,1.00,-2050.966,214.674,0.383763,0.576730
1628,2YTF,57.61,0.646100,1.00,-2141.493,249.068,0.788921,0.527550
1629,2YTG,57.07,0.698800,1.00,-2148.295,215.173,0.940226,0.503230
1630,2YTH,59.78,0.690000,1.00,-2106.487,253.611,1.184475,0.524210
1631,2YTI,57.07,0.625600,1.00,-2190.654,229.474,0.838360,0.513220
1632,2YTJ,64.67,0.628400,1.00,-2269.995,218.067,0.712439,0.527590
1633,2YTK,59.78,0.640400,1.00,-2425.708,213.842,0.884332,0.520970
1634,2YTM,51.09,0.564300,1.00,-2215.572,207.114,0.878309,0.448160
1635,2YTN,63.59,0.668900,1.00,-1959.664,220.229,1.026170,0.543090
1636,2YTO,64.67,0.667700,1.00,-2218.074,183.642,0.787567,0.554990
1637,2YTP,63.59,0.686600,1.00,-2202.011,240.613,0.992620,0.574070
1638,2YTQ,55.43,0.646400,1.00,-2177.101,249.494,0.861805,0.489850
1639,2YTR,63.04,0.710100,1.00,-2098.731,223.941,0.667603,0.523180
1640,2YTS,62.50,0.659500,1.00,-2224.934,199.019,0.814214,0.547320
1641,2YTT,54.89,0.625900,1.00,-2413.423,195.296,0.934090,0.485250
1642,2YU5,61.93,0.570000,1.00,-2260.305,268.276,0.920386,0.526120
1643,2YU8,63.04,0.643500,1.00,-2102.435,205.636,0.879418,0.569990
1644,2YYF,48.33,0.460200,1.00,-569.232,102.186,0.554549,0.264470
1645,2Z3S,75.64,0.612000,1.00,-2969.511,190.558,0.221763,0.575120
1646,2ZAJ,64.80,0.689800,1.00,-2720.208,304.539,0.804874,0.589270
1647,2ZNF,75.00,0.614600,1.00,-825.340,78.331,0.316365,0.325930
1648,3BBG,41.25,0.393100,1.00,-2867.349,193.356,0.764925,0.307780
1649,3CMH,38.33,0.410000,1.00,-669.098,85.762,0.500356,0.225440
1650,3CTI,95.69,0.750100,1.00,-2052.010,182.756,0.091636,0.754450
1651,3LEU,49.32,0.491900,1.00,-2049.350,178.190,0.691419,0.362350
1652,3MRA,81.00,0.747500,1.00,-1839.322,80.662,0.174418,0.539570
1653,3ZNF,82.50,0.668800,1.00,-2075.603,90.432,0.294640,0.572020
1654,4A24,81.91,0.708700,1.00,-3361.744,222.270,0.286519,0.738860
1655,4APD,58.06,0.590200,1.00,-1812.365,86.607,0.433832,0.397460
1656,4B19,71.67,0.700300,1.00,-2346.035,80.780,0.271871,0.452810
1658,4B2U,34.03,0.357500,1.00,-2255.336,222.557,0.910835,0.292820
1659,4B2V,52.34,0.495100,1.00,-1687.480,285.909,0.639354,0.315410
1660,4BMF,87.50,0.696400,1.00,-2274.672,225.689,0.158663,0.729250
1661,4CYK,64.63,0.605500,1.00,-2530.729,178.799,0.484297,0.479640
1662,4ZNF,82.50,0.666700,1.00,-2075.603,90.432,0.290108,0.589260
1663,5A4H,27.56,0.474500,1.00,-1480.049,227.342,1.230855,0.200320
1664,5AAY,89.17,0.756100,1.00,-1990.387,130.320,0.224631,0.748700
1665,5AAZ,82.81,0.753300,1.00,-1999.417,155.857,0.277242,0.628790
1666,5AHT,77.91,0.665500,1.00,-2736.025,234.267,0.562800,0.677290
1667,5FZV,82.81,0.766000,1.00,-1851.690,216.800,0.495014,0.727400
1668,5FZW,69.70,0.636300,1.00,-2218.249,222.263,0.557624,0.526590
1669,5FZX,54.17,0.463500,1.00,-2254.764,217.578,0.687352,0.414480
1671,5GSF,37.96,0.433800,1.00,-1478.387,180.714,0.831575,0.233610
1672,5GVO,58.33,0.458700,1.00,-1117.097,155.739,0.680005,0.249660
1673,5H1H,57.81,0.606500,1.00,-545.967,88.856,0.595741,0.184740
1674,5H1I,40.28,0.496600,1.00,-524.274,117.407,0.732027,0.209100
1675,5H2S,76.00,0.638400,1.00,-989.072,51.727,0.273877,0.406200
1676,5I1X,88.89,0.692000,1.00,-2479.059,218.078,0.174802,0.724390
1677,5I2P,66.67,0.539100,1.00,-2275.009,240.818,0.407230,0.524890
1678,5ID5,39.00,0.383700,1.00,-1104.936,159.369,0.908764,0.253480
1679,5IJ4,88.27,0.722200,1.00,-3478.209,286.691,0.234342,0.775830
1680,5ION,86.21,0.756900,1.00,-1998.735,95.696,0.167087,0.617170
1681,5IPO,71.88,0.590900,1.00,-3017.696,229.591,0.593296,0.645160
1682,5J8T,71.81,0.637300,1.00,-2691.978,309.955,0.341044,0.595060
1683,5JHI,95.71,0.756900,1.00,-2490.663,144.692,0.074794,0.856150
1684,5JI4,71.62,0.625600,1.00,-2821.174,195.117,0.303034,0.519470
1685,5JPL,45.59,0.480100,1.00,-846.125,120.190,0.575571,0.221020
1686,5JPX,75.56,0.631000,1.00,-3098.957,228.465,0.314128,0.645490
1687,5JYH,73.86,0.574100,1.00,-2885.493,256.791,0.662599,0.655410
1688,5KGY,84.09,0.698100,1.00,-1627.008,55.868,0.198846,0.408360
1689,5KGZ,44.32,0.518500,1.00,-3347.773,84.411,0.593071,0.407520
1690,5KHB,77.38,0.658900,1.00,-1414.469,56.623,0.267601,0.453520
1691,5KI0,48.68,0.539700,1.00,-190.057,118.953,0.426653,0.205000
1692,5KKM,86.36,0.628400,1.00,-1433.640,113.492,0.220785,0.529360
1693,5KVN,94.44,0.761800,1.00,-2092.510,170.319,0.096765,0.683680
1694,5KWO,79.81,0.574400,1.00,-1690.529,116.426,0.316054,0.512370
1695,5KWX,47.00,0.457800,1.00,-1115.610,130.281,0.749395,0.234830
1696,5KWZ,89.42,0.701300,1.00,-1739.784,88.688,0.131713,0.553000
1697,5KX0,57.69,0.447200,1.00,-1954.853,107.326,0.477732,0.357760
1698,5KX1,59.09,0.484700,1.00,-1065.928,111.980,0.384658,0.288200
1699,5KX2,31.94,0.428300,1.00,-648.398,135.046,1.052052,0.243030
1700,5L1C,84.03,0.702400,1.00,-2582.354,169.483,0.169246,0.679240
1701,5L82,49.32,0.442100,1.00,-2536.257,150.796,0.635667,0.378850
1702,5LAH,31.67,0.373700,1.00,-2940.550,309.809,0.973929,0.358630
1703,5LBJ,76.43,0.747400,1.00,-2827.682,105.873,0.226015,0.696390
1704,5LCS,64.89,0.622100,1.00,-3270.012,279.114,1.133838,0.561020
1705,5LM0,88.39,0.696500,1.00,-1882.857,94.457,0.164978,0.632120
1706,5LME,77.91,0.663200,1.00,-2405.734,268.496,0.424556,0.669890
1707,5M9U,69.05,0.518300,1.00,-1130.514,120.772,0.444683,0.258300
1708,5N5A,39.86,0.556500,1.00,-1155.581,223.075,0.744915,0.289310
1709,5N5B,39.29,0.542400,1.00,-1038.574,117.248,0.599662,0.217580
1710,5NAM,66.15,0.700800,1.00,-3813.592,111.515,0.516396,0.558650
1711,5NAO,75.00,0.724200,1.00,-2743.375,71.215,0.521626,0.694650
1712,5NDA,90.91,0.813900,1.00,-2286.292,67.421,0.104243,0.726930
1713,5NVB,60.00,0.541200,1.00,-649.838,76.412,0.321461,0.318630
1714,5OAP,73.61,0.659000,1.00,-697.687,69.151,0.432625,0.388160
1715,5T3M,73.57,0.586000,1.00,-2281.833,241.812,0.307539,0.516800
1716,5T42,39.89,0.473800,1.00,-3191.291,189.621,0.674402,0.328220
1717,5T4R,87.14,0.724200,1.00,-2397.808,194.620,0.321029,0.733300
1718,5T7Q,69.05,0.603400,1.00,-1035.091,116.581,0.527069,0.402870
1719,5TCZ,69.53,0.507000,1.00,-1913.837,212.752,0.316453,0.436380
1720,5TJ1,32.89,0.447100,1.00,-851.052,74.801,1.195656,0.190200
1721,5TX8,91.96,0.691900,1.00,-2197.437,99.438,0.177219,0.747030
1722,5UG3,69.74,0.569400,1.00,-1038.577,84.866,0.334589,0.306470
1723,5UG5,65.79,0.589200,1.00,-1161.052,76.958,0.490451,0.274530
1724,5UI6,48.61,0.453900,1.00,-675.107,121.181,0.554664,0.229790
1725,5UI7,47.37,0.450200,1.00,-742.373,93.995,0.653739,0.164660
1726,5UJG,77.08,0.608800,1.00,-1521.615,108.493,0.230159,0.342200
1727,5UJH,57.61,0.494100,1.00,-1298.994,71.305,0.404038,0.171960
1728,5UJQ,51.72,0.496500,1.00,-1919.874,116.153,0.633854,0.346380
1729,5UJR,34.85,0.373100,1.00,-1415.661,185.138,1.337704,0.253510
1730,5UKZ,35.23,0.424000,1.00,-1856.835,238.091,1.392325,0.300380
1731,5UOI,87.79,0.675900,1.00,-3981.516,127.023,0.189943,0.785700
1732,5UP5,82.50,0.632300,1.00,-3210.634,176.231,0.174220,0.684990
1733,5UY2,36.25,0.485300,1.00,-706.130,168.848,0.728609,0.086740
1734,5UZL,33.33,0.475800,1.00,-1460.822,157.645,0.873637,0.222520
1735,5V0Y,69.05,0.535000,1.00,-1417.849,121.120,0.551720,0.332600
1736,5V11,61.90,0.478200,1.00,-1041.295,174.529,0.599638,0.248450
1737,5V2B,46.25,0.504600,1.00,-820.597,131.459,0.501157,0.141190
1738,5V4C,42.65,0.398500,1.00,-369.752,102.953,0.608592,0.134930
1739,5V4U,72.50,0.651400,1.00,-2791.978,123.603,0.329384,0.564630
1740,5VAV,71.43,0.611700,1.00,-566.418,84.978,0.231831,0.267330
1741,5VFW,57.00,0.516000,1.00,-1592.511,128.032,0.448178,0.284820
1742,5VL6,35.29,0.419600,1.00,-345.440,111.833,0.630641,0.205580
1743,5VR5,50.00,0.510500,1.00,-879.616,101.196,0.459543,0.138670
1744,5W54,53.00,0.508100,1.00,-1008.254,102.516,0.659157,0.292040
1745,5W9F,68.90,0.544100,1.00,-2707.644,213.852,0.401321,0.593930
1746,5WCV,42.24,0.449700,1.00,-1673.967,158.945,0.813289,0.237950
1747,5WE3,69.85,0.544700,1.00,-2347.500,274.449,0.373451,0.486930
1748,5WOD,82.89,0.730700,1.00,-2926.068,77.500,0.135238,0.657260
1749,5WOV,74.26,0.609200,1.00,-1996.422,157.267,0.330373,0.566300
1750,5WOW,72.44,0.616300,1.00,-2478.944,183.536,0.484858,0.584260
1751,5WRX,57.69,0.456100,1.00,-483.948,59.647,0.377340,0.261520
1752,5WUZ,65.12,0.571700,1.00,-3055.866,296.952,0.318262,0.492110
1753,5WXE,81.25,0.659800,1.00,-2010.557,165.456,0.261007,0.546140
1754,5WYE,50.00,0.429600,1.00,-480.096,97.333,0.398878,0.263050
1755,5X34,94.44,0.839100,1.00,-2345.299,197.182,0.086965,0.810450
1756,5X35,98.61,0.850000,1.00,-2345.299,197.182,0.058666,0.896430
1757,5X36,97.92,0.866200,1.00,-2345.299,197.182,0.063792,0.881160
1758,5X37,97.92,0.863200,1.00,-2345.299,197.182,0.065366,0.879610
1759,5X38,99.31,0.878100,1.00,-2345.299,197.182,0.051132,0.917220
1760,5X39,97.22,0.835600,1.00,-2404.020,236.929,0.072062,0.848460
1761,5X3C,96.53,0.834400,1.00,-2227.411,222.197,0.078255,0.844730
1762,5X3L,78.75,0.637000,1.00,-1095.621,58.048,0.349905,0.286060
1763,5XA6,73.03,0.573600,1.00,-2550.930,179.301,0.290571,0.566680
1764,5XBD,66.67,0.528900,1.00,-2032.190,211.461,0.315584,0.452540
1765,5XDI,63.75,0.578500,1.00,-2915.397,216.369,0.289320,0.465040
1766,5XDJ,72.62,0.636000,1.00,-1161.059,78.707,0.436081,0.374610
1767,5XEK,72.02,0.599900,1.00,-3157.426,253.191,0.249500,0.559550
1768,5XIV,51.25,0.464700,1.00,-846.362,146.467,0.672982,0.182130
1769,5XM4,35.29,0.516600,1.00,-515.507,86.785,1.176322,0.200390
1770,5XNG,85.29,0.743600,1.00,-1412.353,53.940,0.137679,0.449690
1771,5XO3,35.71,0.346100,1.00,-571.320,128.977,0.762282,0.153980
1772,5XO4,53.57,0.544400,1.00,-753.344,158.384,0.497365,0.182630
1773,5XO5,50.00,0.476200,1.00,-638.558,161.540,0.536786,0.164280
1774,5XRX,48.53,0.520000,1.00,-1412.353,53.940,0.576061,0.274760
1775,5Y0H,84.52,0.679300,1.00,-1052.726,110.737,0.286641,0.459570
1776,5Y0I,65.48,0.475300,1.00,-1296.616,106.532,0.636104,0.361400
1777,5Y0J,48.81,0.389500,1.00,-1303.853,145.412,0.624708,0.188380
1778,5Y22,71.59,0.615700,1.00,-1544.569,76.077,0.471262,0.489840
1779,5Y3U,69.32,0.613500,1.00,-1544.569,76.077,0.501945,0.372990
1780,5YKK,63.89,0.530100,1.00,-817.758,98.463,0.362449,0.298050
1781,5YKL,67.11,0.504000,1.00,-953.825,91.029,0.329793,0.312310
1782,5YKQ,56.58,0.518700,1.00,-864.162,151.041,0.498586,0.273050
1783,5YZ6,85.71,0.688000,1.00,-4189.636,216.570,0.156150,0.752990
1784,5YZK,87.76,0.725900,1.00,-4333.427,186.783,0.137576,0.789950
1785,5Z1Y,58.33,0.442100,1.00,-834.976,135.592,0.384374,0.234380
1786,5Z26,62.50,0.488000,1.00,-710.096,133.587,0.423537,0.196130
1787,5Z2O,93.06,0.768100,1.00,-1122.913,40.017,0.174364,0.616830
1788,5Z31,52.78,0.490600,1.00,-850.214,104.885,0.545844,0.240930
1789,5Z32,45.83,0.424300,1.00,-679.812,81.220,0.522110,0.199490
1790,5Z5W,50.00,0.436900,1.00,-445.232,120.479,0.464154,0.270260
1791,5Z5X,72.22,0.585800,1.00,-1144.414,70.102,0.436218,0.376740
1792,5ZCN,29.76,0.403400,1.00,-983.982,68.498,0.876092,0.149040
1793,5ZNF,93.33,0.754900,1.00,-1923.815,137.609,0.185323,0.768300
1794,5ZV6,85.00,0.728900,1.00,-1827.619,131.619,0.155543,0.553200
1795,5ZYX,61.25,0.568400,1.00,-1484.949,54.525,0.548926,0.295040
1796,6A5J,80.77,0.599500,1.00,-533.841,32.719,0.273010,0.406540
1797,6A8Y,41.35,0.477600,1.00,-1044.957,123.292,0.707643,0.236160
1798,6AAB,44.05,0.534200,1.00,-753.344,158.384,0.695895,0.175450
1799,6AFQ,33.33,0.341700,1.00,-571.320,128.977,0.848615,0.158820
1800,6AHZ,47.86,0.591500,1.00,-2029.434,151.639,0.799426,0.362830
1801,6AK0,36.90,0.362900,1.00,-1225.398,150.711,0.642501,0.121270
1802,6AX2,43.48,0.454000,1.00,-3025.148,291.258,0.820977,0.328670
1803,6B3U,82.50,0.743000,1.00,-3524.446,79.519,0.310584,0.710290
1804,6B5W,30.26,0.458600,1.00,-851.052,74.801,1.203418,0.121250
1805,6B9K,57.50,0.504900,1.00,-317.866,45.064,0.322597,0.355790
1806,6B9W,78.68,0.620300,1.00,-2521.491,167.989,0.323092,0.634680
1807,6BAM,75.00,0.587200,1.00,-2391.965,150.757,0.285577,0.569540
1808,6BB6,80.15,0.649900,1.00,-2308.943,184.378,0.226530,0.611780
1809,6BEQ,57.50,0.521100,1.00,-304.292,38.841,0.468130,0.382230
1810,6BET,62.50,0.549400,1.00,-455.054,83.392,0.288091,0.247410
1811,6BEU,55.36,0.523000,1.00,-535.034,136.121,0.390009,0.268050
1812,6BI5,82.26,0.694300,1.00,-2484.542,101.628,0.346461,0.624040
1813,6BJF,73.08,0.549900,1.00,-710.499,95.644,0.455485,0.373010
1814,6BUC,91.67,0.752200,1.00,-2256.817,207.579,0.129690,0.775780
1815,6BVU,44.64,0.399900,1.00,-598.503,83.794,0.473790,0.200000
1816,6BVW,42.86,0.372900,1.00,-598.503,83.794,0.513461,0.214310
1817,6BVX,48.21,0.508100,1.00,-647.154,102.634,0.589375,0.218420
1818,6BX9,56.67,0.462800,1.00,-637.048,100.207,0.492475,0.145560
1819,6CEG,48.33,0.479900,1.00,-1659.873,216.067,0.863398,0.310080
1820,6CEI,64.84,0.498800,1.00,-1773.620,191.986,0.370008,0.342640
1821,6CEJ,55.36,0.372200,1.00,-357.565,114.343,0.503087,0.176170
1822,6CFA,76.32,0.607700,1.00,-954.503,61.651,0.278400,0.374610
1823,6CFB,56.45,0.466900,1.00,-1548.755,293.283,0.679946,0.369170
1825,6CGX,47.73,0.475400,1.00,-845.687,179.046,0.544037,0.200850
1829,6CJ8,77.94,0.583400,1.00,-979.898,103.013,0.242199,0.321920
1830,6CKD,88.89,0.730900,1.00,-2697.938,188.806,0.102712,0.752400
1831,6CKF,89.58,0.752500,1.00,-2697.938,188.806,0.142202,0.747760
1832,6CMH,59.52,0.433500,1.00,-1373.730,83.257,0.668579,0.278150
1833,6COO,76.47,0.605000,1.00,-1116.451,57.364,0.290734,0.332080
1834,6COP,80.88,0.576400,1.00,-1080.968,57.083,0.293366,0.363730
1835,6COQ,54.41,0.479700,1.00,-789.358,103.807,0.509555,0.347640
1836,6COR,77.94,0.624900,1.00,-953.479,69.929,0.243854,0.459490
1837,6COS,66.18,0.541000,1.00,-979.898,103.013,0.376280,0.317460
1838,6COT,70.59,0.629500,1.00,-1160.757,40.870,0.324036,0.329340
1839,6COU,67.65,0.507600,1.00,-946.064,65.794,0.451915,0.332230
1840,6COV,73.53,0.643100,1.00,-1160.757,40.870,0.408540,0.348430
1841,6COW,77.94,0.564600,1.00,-979.898,103.013,0.231694,0.321640
1842,6CSK,63.16,0.531800,1.00,-944.700,67.718,0.553399,0.332540
1843,6CSZ,86.84,0.677900,1.00,-883.171,35.446,0.212845,0.445620
1844,6CT1,65.79,0.590200,1.00,-1022.140,94.976,0.358359,0.337320
1845,6CT4,75.00,0.609100,1.00,-992.018,55.607,0.395872,0.437660
1846,6D3T,95.00,0.735600,1.00,-1959.826,126.184,0.093778,0.750910
1847,6D8H,93.75,0.777700,1.00,-2043.737,167.898,0.106338,0.750460
1848,6D8Q,95.97,0.794000,1.00,-2030.193,122.313,0.091460,0.788300
1849,6D8R,85.48,0.661600,1.00,-2071.558,154.517,0.175193,0.586640
1850,6D8S,93.55,0.722000,1.00,-2023.557,140.585,0.099027,0.711480
1851,6D8T,95.16,0.730400,1.00,-2164.326,114.619,0.121838,0.737300
1852,6D8U,95.16,0.708800,1.00,-2096.798,140.436,0.100733,0.725370
1853,6D8Y,87.90,0.711000,1.00,-1985.362,144.908,0.151833,0.644730
1854,6D93,88.71,0.747200,1.00,-2000.453,124.994,0.126066,0.681640
1855,6D9O,81.45,0.644000,1.00,-2123.258,114.329,0.229106,0.536260
1856,6D9P,92.74,0.739100,1.00,-2147.174,109.547,0.094863,0.725210
1857,6DHR,88.79,0.723400,1.00,-1930.456,176.232,0.222169,0.701740
1858,6DMZ,85.64,0.698600,1.00,-3132.130,215.753,0.141254,0.766750
1859,6DST,61.54,0.593900,1.00,-1800.996,47.595,0.388269,0.317160
1860,6DZ9,39.29,0.386200,1.00,-552.949,73.910,0.659676,0.162810
1861,6DZA,43.75,0.420200,1.00,-537.178,116.004,0.599747,0.201150
1862,6DZB,35.94,0.417600,1.00,-597.185,71.009,0.835939,0.262050
1863,6DZC,35.94,0.350300,1.00,-555.115,137.065,0.893113,0.191840
1864,6DZE,56.25,0.521000,1.00,-435.108,83.050,0.568576,0.250440
1865,6E1L,73.96,0.623300,1.00,-1207.924,117.446,0.305028,0.341800
1867,6EFE,73.15,0.650800,1.00,-1993.613,84.354,0.235466,0.381030
1868,6ENA,85.48,0.727300,1.00,-1906.675,163.389,0.184955,0.650940
1869,6F46,52.86,0.566700,1.00,-2603.100,54.489,0.801593,0.396660
1870,6F61,96.77,0.767800,1.00,-2004.962,262.681,0.088021,0.787330
1871,6FGM,81.25,0.657200,1.00,-629.748,63.296,0.143999,0.292310
1872,6FS4,63.71,0.646100,1.00,-2116.760,121.572,0.629114,0.419110
1873,6FS5,60.26,0.649600,1.00,-2632.535,147.234,0.416520,0.507060
1874,6G4I,73.96,0.699000,1.00,-1502.339,76.082,0.276967,0.344330
1875,6G4K,64.58,0.699500,1.00,-1502.339,76.082,0.426127,0.322270
1876,6G4U,65.62,0.669100,1.00,-1502.339,76.082,0.432742,0.389730
1877,6G4V,66.67,0.561000,1.00,-1529.647,60.002,0.321115,0.315130
1878,6G4X,68.75,0.576100,1.00,-1529.647,60.002,0.398339,0.396740
1880,6GIF,70.83,0.631900,1.00,-1869.463,93.434,0.424530,0.549840
1881,6GIG,68.33,0.632900,1.00,-1863.037,72.336,0.382598,0.578780
1882,6GIJ,75.00,0.642500,1.00,-726.552,51.348,0.319752,0.353110
1883,6GIK,61.54,0.549500,1.00,-654.909,31.280,0.349604,0.281140
1884,6GIL,46.15,0.516800,1.00,-544.767,23.798,0.493071,0.185610
1885,6GNZ,68.52,0.639200,1.00,-1643.715,63.672,0.351024,0.390330
1886,6GO0,47.12,0.538400,1.00,-755.220,204.058,0.568033,0.320810
1887,6GS5,75.00,0.549900,1.00,-888.302,64.100,0.327301,0.318720
1888,6GS9,81.25,0.746600,1.00,-732.819,40.219,0.191435,0.480440
1889,6HH0,67.00,0.630500,1.00,-1590.338,62.828,0.436385,0.325960
1890,6HN9,25.76,0.279400,1.00,-1726.910,178.810,1.234501,0.211360
1891,6HT4,55.00,0.627600,1.00,-890.157,106.597,0.506076,0.215670
1892,6HZ2,70.37,0.706400,1.00,-1682.285,46.525,0.267123,0.492840
1893,6IHA,66.67,0.625800,1.00,-1458.205,190.665,0.270775,0.386000
1894,6ITH,74.39,0.729000,1.00,-3436.096,57.113,0.459596,0.767490
1895,6J12,33.93,0.439400,1.00,-1870.110,86.394,0.818313,0.292910
1896,6J9P,91.67,0.692900,1.00,-732.045,38.790,0.121893,0.483980
1897,6JI7,57.64,0.496000,1.00,-2453.653,216.853,0.690413,0.447230
1898,6JIC,65.28,0.479200,1.00,-2374.582,279.960,0.423445,0.554570
1899,6K4V,38.12,0.355900,1.00,-1639.890,367.210,1.283284,0.279660
1900,6K4W,32.78,0.461000,1.00,-2408.714,222.755,1.302259,0.273200
1901,6K50,91.88,0.735300,1.00,-2824.962,192.719,0.134858,0.818040
1902,6K51,91.25,0.765400,1.00,-2873.734,215.978,0.160560,0.826480
1903,6KLM,55.88,0.502600,1.00,-2226.552,172.211,0.607996,0.367480
1904,6KRA,84.09,0.710400,1.00,-2153.934,177.692,0.167581,0.644750
1905,6L8R,35.61,0.530900,1.00,-949.644,199.352,0.832519,0.224540
1906,6LF5,94.12,0.779900,1.00,-2526.741,178.871,0.090224,0.802010
1907,6M0Y,87.50,0.559700,1.00,-575.658,65.977,0.223657,0.482030
1908,6M19,40.00,0.440500,1.00,-545.334,106.998,0.716751,0.146850
1909,6M56,31.67,0.241900,1.00,-2012.330,194.581,1.357723,0.197210
1910,6M5C,75.64,0.655000,1.00,-2601.705,155.375,0.229829,0.570930
1911,6MBM,75.00,0.614200,1.00,-963.466,69.908,0.272541,0.316550
1912,6MF8,49.46,0.582700,1.00,-3139.297,145.599,1.602163,0.395600
1913,6MJV,78.12,0.620300,1.00,-1752.367,141.296,0.205031,0.559320
1914,6MK4,81.67,0.596700,1.00,-1885.509,179.653,0.295414,0.625410
1915,6MK5,72.06,0.566500,1.00,-2314.424,201.739,0.360778,0.539210
1916,6MM4,79.55,0.664600,1.00,-2047.568,113.555,0.247034,0.557490
1917,6MW6,59.21,0.498400,1.00,-548.027,134.264,0.603432,0.117290
1918,6MZT,91.22,0.712800,1.00,-2291.657,196.898,0.124077,0.748510
1919,6NK9,85.94,0.678800,1.00,-1952.621,203.715,0.309609,0.702950
1920,6NOM,55.85,0.518000,1.00,-3317.715,243.014,0.556239,0.465750
1921,6NOX,62.50,0.452500,1.00,-676.599,77.185,0.357552,0.172620
1922,6NUG,78.12,0.655700,1.00,-1454.610,192.571,0.205215,0.357250
1923,6NW8,57.41,0.498200,1.00,-1533.803,287.278,0.673179,0.374570
1924,6O3Q,71.94,0.636900,1.00,-3847.083,190.720,0.359304,0.624850
1925,6O3S,72.34,0.603000,1.00,-3622.627,166.879,0.464934,0.630230
1931,6OBK,51.74,0.635300,1.00,-3295.947,160.818,0.943246,0.389100
1932,6OBW,57.35,0.525800,1.00,-860.996,67.988,0.504429,0.268550
1933,6OC2,51.47,0.500700,1.00,-838.783,99.563,0.387384,0.231220
1934,6OC4,55.88,0.514900,1.00,-830.578,89.055,0.429295,0.300260
1935,6OFA,68.94,0.621500,1.00,-2661.264,215.199,0.329186,0.466760
1936,6OLD,64.71,0.530200,1.00,-830.578,89.055,0.434351,0.220980
1937,6OQP,69.23,0.552700,1.00,-574.006,94.726,0.324633,0.192380
1938,6OTA,60.94,0.531900,1.00,-616.151,107.402,0.329025,0.258500
1939,6OTB,51.32,0.523300,1.00,-886.601,143.536,0.514819,0.148820
1940,6OVJ,76.92,0.584900,1.00,-606.952,66.208,0.236014,0.350790
1941,6PIN,52.78,0.392100,1.00,-971.789,158.421,0.648580,0.174270
1942,6PIO,48.61,0.384700,1.00,-1097.302,144.601,0.641173,0.204510
1943,6PIP,44.44,0.391600,1.00,-1033.368,120.960,0.679557,0.194570
1945,6POR,41.07,0.416600,1.00,-1628.877,169.556,0.605666,0.215760
1946,6PPC,71.21,0.648000,1.00,-1774.347,184.383,0.424259,0.512450
1947,6PX7,79.41,0.646000,1.00,-2141.844,170.927,0.356779,0.574950
1948,6PX8,79.73,0.643000,1.00,-2368.170,208.303,0.256576,0.656940
1949,6Q1X,30.30,0.552500,1.00,-1114.257,168.660,1.390444,0.207320
1950,6Q5Z,65.52,0.505600,1.00,-1526.256,209.650,0.292256,0.399620
1951,6QAX,73.08,0.658400,1.00,-261.457,75.811,0.301278,0.285280
1952,6QB0,50.00,0.563100,1.00,-150.565,67.717,0.549781,0.262690
1953,6QB1,63.46,0.615000,1.00,-223.261,75.133,0.409114,0.236200
1954,6QES,63.75,0.525200,1.00,-2759.552,277.585,0.274627,0.492950
1955,6QET,53.57,0.473400,1.00,-2748.466,235.592,0.600935,0.395040
1956,6QJB,86.88,0.714000,1.00,-2626.410,184.308,0.170356,0.740650
1957,6QKF,79.17,0.644200,1.00,-919.049,87.455,0.260882,0.282970
1958,6R2X,69.00,0.549700,1.00,-1800.274,70.664,0.472579,0.497600
1959,6R95,66.67,0.670400,1.00,-1614.667,69.279,0.387538,0.378980
1960,6R96,59.38,0.623400,1.00,-1614.667,69.279,0.531756,0.273680
1961,6RRL,81.25,0.575700,1.00,-762.297,47.292,0.311035,0.425170
1962,6RRO,40.91,0.426600,1.00,-467.137,73.773,0.525104,0.244720
1963,6RSF,50.00,0.479400,1.00,-1284.823,63.781,0.397350,0.190060
1964,6RSG,39.00,0.475700,1.00,-1156.259,57.129,0.695520,0.209840
1965,6RSM,65.91,0.524500,1.00,-543.090,45.022,0.313519,0.443870
1966,6RY9,50.96,0.553200,1.00,-1392.067,35.134,0.462809,0.237360
1967,6RYQ,53.75,0.497400,1.00,-754.650,54.666,0.399542,0.142890
1968,6RZ1,43.75,0.531200,1.00,-1424.458,57.527,0.597694,0.195680
1969,6RZC,43.00,0.453400,1.00,-1378.408,52.316,0.605811,0.222950
1970,6S2D,52.08,0.568700,1.00,-1223.650,51.221,0.607242,0.279190
1971,6SAA,80.36,0.601700,1.00,-1442.765,145.451,0.353592,0.560420
1972,6SAB,66.91,0.514900,1.00,-2106.105,161.462,0.554305,0.442880
1973,6SFT,40.28,0.459900,1.00,-1426.079,177.846,0.990461,0.251480
1974,6SVC,81.43,0.699700,1.00,-2242.628,182.838,0.209238,0.599750
1975,6SVE,88.57,0.683900,1.00,-2242.628,182.838,0.146589,0.684370
1976,6SVH,86.43,0.700300,1.00,-2242.628,182.838,0.159375,0.679670
1977,6SY2,85.20,0.745400,1.00,-3794.335,197.529,0.223510,0.742950
1978,6SZF,20.24,0.349600,1.00,-1591.880,312.451,1.158580,0.206240
1979,6T33,51.14,0.394900,1.00,-3161.062,199.242,0.535066,0.459110
1980,6TVJ,52.50,0.470100,1.00,-393.603,41.078,0.489480,0.345890
1981,6TWG,88.46,0.644700,1.00,-822.812,46.303,0.235865,0.534450
1982,6U24,51.79,0.563500,1.00,-386.374,67.729,0.906056,0.189290
1983,6U6G,52.78,0.452300,1.00,-2080.614,175.231,0.670246,0.342710
1984,6U7Q,60.71,0.482000,1.00,-561.077,79.160,0.359308,0.273440
1985,6U7R,51.79,0.450100,1.00,-586.154,104.613,0.376817,0.212790
1986,6U7S,53.57,0.558900,1.00,-442.101,92.776,0.894045,0.272550
1987,6U7U,48.21,0.567900,1.00,-369.172,44.404,1.028848,0.207520
1988,6U7W,53.57,0.606000,1.00,-452.641,69.164,1.016763,0.212620
1989,6U7X,50.00,0.516000,1.00,-545.489,52.507,0.797716,0.184590
1990,6UCH,55.49,0.615600,1.00,-2030.473,187.938,0.880957,0.420350
1991,6V1N,55.88,0.525000,1.00,-771.975,90.831,0.389035,0.224630
1992,6V6T,80.00,0.678900,1.00,-2441.595,250.394,0.255225,0.602860
1993,6VE9,54.76,0.463500,1.00,-1395.011,64.853,0.555047,0.244950
1994,6VGT,18.42,0.254700,1.00,-1389.419,159.152,1.798021,0.248520
1995,6VH8,52.78,0.454500,1.00,-3392.167,196.242,0.802196,0.380140
1996,6VLA,85.29,0.723000,1.00,-1064.408,52.715,0.135969,0.347380
1997,6VLJ,32.89,0.456500,1.00,-500.541,121.401,0.870820,0.179790
1998,6VNZ,87.90,0.698800,1.00,-2185.226,132.983,0.131258,0.610420
1999,6VPN,93.62,0.774700,1.00,-3297.723,251.033,0.088413,0.872430
2000,6VXG,29.65,0.458200,1.00,-979.040,279.124,1.281758,0.246340
2001,6VY8,57.14,0.586700,1.00,-386.374,67.729,0.909125,0.234000
2002,6WQJ,73.57,0.605700,1.00,-2968.779,128.982,0.256426,0.514050
2003,6WQL,78.57,0.602100,1.00,-3684.459,157.096,0.309949,0.646570
2004,6X7I,74.11,0.695200,1.00,-1990.241,52.435,0.520333,0.680500
2005,6XCR,64.44,0.707000,1.00,-3099.095,146.568,0.689484,0.538220
2006,6XCU,66.67,0.655900,1.00,-2926.244,176.738,0.888740,0.601040
2007,6XN9,30.95,0.356100,1.00,-2557.474,350.590,0.945907,0.237000
2008,6XTH,47.22,0.477400,1.00,-742.994,113.437,0.716508,0.154130
2009,6XTI,50.00,0.479000,1.00,-555.805,113.505,0.618553,0.158970
2010,6XYH,72.50,0.552500,1.00,-2708.876,278.392,0.284165,0.620100
2011,6XYI,62.50,0.479200,1.00,-2701.773,240.152,0.350435,0.485490
2012,6Y1Q,44.64,0.415900,1.00,-698.980,88.859,0.453549,0.234450
2013,6YHF,65.83,0.664000,1.00,-1951.627,48.042,0.393558,0.455790
2014,6YHI,67.50,0.712500,1.00,-2217.074,50.025,0.384774,0.438720
2015,6YHO,66.67,0.712200,1.00,-1915.094,67.911,0.305367,0.524390
2016,6YHP,64.17,0.702100,1.00,-1816.911,54.682,0.358823,0.440110
2017,6YHX,76.67,0.715300,1.00,-1814.713,47.095,0.236395,0.516660
2018,6YJL,54.55,0.610600,1.00,-1704.781,149.931,0.613002,0.301300
2019,6YSE,94.02,0.783500,1.00,-4185.999,129.444,0.088576,0.870160
2020,6Z0G,47.45,0.595600,1.00,-2715.485,192.998,0.594428,0.451410
2021,6Z0H,44.39,0.631200,1.00,-2834.160,231.816,0.864680,0.387790
2022,6Z0I,49.49,0.633100,1.00,-2715.485,192.998,0.668997,0.437090
2023,7ALD,51.25,0.408900,1.00,-1095.664,144.992,0.665904,0.219490
2024,7ASY,66.67,0.624000,1.00,-2488.507,94.863,0.328785,0.428280
2025,7AT7,64.39,0.690200,1.00,-2596.325,67.463,0.472448,0.558220
2026,7ATB,65.91,0.651300,1.00,-2758.258,76.384,0.404400,0.564230
2027,7AY8,52.56,0.484300,1.00,-2192.135,236.291,0.531710,0.398530
2028,7B2F,51.61,0.535700,1.00,-2074.909,111.226,0.701682,0.442980
2029,7BW5,45.59,0.475300,1.00,-662.686,80.503,0.830484,0.174870
2030,7BWI,89.29,0.764300,1.00,-3656.375,240.683,0.212940,0.797580
2031,7BX2,60.71,0.500500,1.00,-594.944,134.284,0.422967,0.250240
2032,7BZ7,45.00,0.426800,1.00,-771.532,108.180,0.637245,0.195430
2033,7BZ8,45.00,0.400900,1.00,-726.190,93.740,0.643141,0.211440
2034,7BZ9,38.33,0.404700,1.00,-560.926,86.169,0.718473,0.205520
2035,7BZA,36.67,0.428700,1.00,-683.831,75.741,0.759581,0.081420
2036,7CCN,50.00,0.510300,1.00,-451.524,149.218,0.573910,0.237180
2037,7CCO,48.53,0.485700,1.00,-451.524,149.218,0.561307,0.208260
2038,7CK5,74.11,0.669500,1.00,-1781.148,102.620,0.344429,0.443600
2039,7CKD,32.69,0.323100,1.00,-2589.381,326.339,0.832885,0.263740
2040,7CKE,58.97,0.521500,1.00,-2589.381,326.339,0.451486,0.412570
2041,7CSS,55.77,0.537600,1.00,-563.148,73.640,0.502295,0.181910
2042,7CU6,45.00,0.443200,1.00,-711.766,83.527,0.660886,0.236080
2043,7D13,76.28,0.750900,1.00,-2511.534,77.219,0.304337,0.626710
2044,7D16,50.64,0.581400,1.00,-2511.534,77.219,1.012255,0.406600
2045,7D37,59.62,0.548100,1.00,-563.148,73.640,0.410473,0.274210
2046,7DEH,75.81,0.656800,1.00,-2086.174,49.878,0.297473,0.576440
2047,7EDK,59.21,0.481400,1.00,-1046.476,103.223,0.436373,0.220300
2048,7EES,33.75,0.549500,1.00,-578.750,126.133,1.288271,0.207050
2049,7ELY,41.35,0.433700,1.00,-1651.944,197.459,0.570870,0.201090
2050,7F32,66.67,0.631500,1.00,-1048.387,76.456,0.299841,0.217240
2051,7JIA,75.00,0.686100,1.00,-1298.660,124.603,0.272037,0.350830
2052,7JIY,82.29,0.686900,1.00,-1483.104,136.440,0.233875,0.477100
2053,7JNN,89.67,0.683700,1.00,-3698.984,243.677,0.153362,0.812660
2054,7JPM,77.38,0.643700,1.00,-2455.421,240.872,0.316488,0.640160
2055,7JS6,35.00,0.448900,1.00,-591.315,54.550,0.722595,0.161180
2056,7K1M,79.17,0.649300,1.00,-539.685,89.342,0.162128,0.422010
2057,7K7X,73.28,0.629400,1.00,-1978.800,128.443,0.283821,0.467270
2058,7KNN,73.44,0.558300,1.00,-777.614,94.223,0.224951,0.217970
2059,7KPD,55.17,0.471200,1.00,-2010.567,245.286,0.490435,0.377240
2060,7L53,50.89,0.398100,1.00,-2037.445,164.907,0.394284,0.231600
2061,7L54,45.54,0.369600,1.00,-2037.445,164.907,0.436045,0.196340
2062,7L55,44.64,0.326700,1.00,-2037.445,164.907,0.668651,0.205010
2063,7L7A,57.14,0.495800,1.00,-652.055,101.757,0.324366,0.188410
2064,7L83,54.05,0.635000,1.00,-2612.915,130.382,1.042867,0.444110
2065,7LCW,43.33,0.432400,1.00,-633.606,59.179,0.762831,0.213420
2066,7LGL,50.53,0.461400,1.00,-2954.602,296.553,0.895046,0.407450
2067,7LGV,58.85,0.542500,1.00,-2911.717,367.408,0.715981,0.492270
2068,7LHC,81.03,0.692700,1.00,-1920.733,112.228,0.243787,0.593470
2069,7LI2,46.59,0.560400,1.00,-730.619,117.058,1.285813,0.167990
2070,7LIF,46.59,0.546400,1.00,-730.619,117.058,1.139788,0.153760
2071,7LP4,65.43,0.522000,1.00,-3004.697,240.089,0.706255,0.559310
2072,7LQR,47.62,0.458800,1.00,-885.857,108.873,0.524119,0.178190
2073,7LQS,75.00,0.582100,1.00,-754.083,94.517,0.312022,0.309610
2074,7LRW,64.29,0.529500,1.00,-1459.248,82.521,0.483417,0.230450
2075,7LSO,93.06,0.711700,1.00,-1006.969,41.311,0.103215,0.509780
2076,7LSP,81.94,0.696700,1.00,-1006.969,41.311,0.174184,0.417040
2077,7LT7,28.57,0.238500,1.00,-1859.492,169.143,1.585715,0.167940
2078,7LVE,75.00,0.625000,1.00,-3570.269,175.907,0.291104,0.620470
2079,7LVG,53.33,0.521800,1.00,-3454.439,177.193,0.667391,0.450170
2080,7LX4,48.17,0.421000,1.00,-2556.332,316.572,0.520757,0.369790
2081,7LZL,86.49,0.713200,1.00,-2362.053,161.261,0.170528,0.699240
2082,7M1D,45.31,0.414100,1.00,-2815.876,235.666,0.862396,0.381750
2083,7M1E,59.82,0.576400,1.00,-1323.548,129.260,0.447408,0.404860
2084,7M3U,46.30,0.359700,1.00,-1888.187,170.463,0.486162,0.181470
2085,7MJ3,32.95,0.355900,1.00,-3044.177,290.955,0.921174,0.272450
2086,7MY8,33.93,0.506800,1.00,-2924.780,186.994,0.934205,0.361490
2087,7N0T,59.38,0.489200,1.00,-495.391,143.357,0.526988,0.270820
2088,7N21,60.29,0.505500,1.00,-735.045,115.992,0.356677,0.213830
2089,7N23,66.18,0.571400,1.00,-735.045,115.992,0.307836,0.278320
2090,7N25,56.25,0.523300,1.00,-495.391,143.357,0.517919,0.242440
2091,7NIP,76.83,0.635200,1.00,-4468.559,168.870,0.198702,0.606200
2092,7NS1,83.87,0.774200,1.00,-2869.181,64.270,0.167356,0.728980
2093,7OB2,50.00,0.442000,1.00,-277.680,114.519,0.433636,0.262030
2094,7OD2,88.97,0.663500,1.00,-2523.576,159.737,0.120520,0.712120
2095,7OFM,75.83,0.659100,1.00,-2018.001,82.394,0.399645,0.586170
2096,7OFO,78.33,0.695700,1.00,-2018.001,82.394,0.299396,0.635410
2097,7OSC,70.83,0.621100,1.00,-1243.967,135.941,0.305487,0.317680
2099,7P3M,86.54,0.688200,1.00,-667.211,53.919,0.199672,0.545150
2100,7P4X,83.87,0.714400,1.00,-1933.087,74.244,0.233142,0.637220
2101,7P55,73.86,0.677500,1.00,-1582.831,42.408,0.232951,0.298390
2102,7P5G,36.00,0.397100,1.00,-1065.169,173.686,0.753083,0.160880
2103,7P5Q,41.00,0.465800,1.00,-1216.470,205.117,0.712700,0.182140
2104,7P5S,50.00,0.486400,1.00,-1079.769,157.032,0.432295,0.198660
2105,7PH8,82.26,0.688200,1.00,-2417.863,107.316,0.262654,0.594980
2106,7PHT,76.67,0.751500,1.00,-2475.804,66.450,0.218658,0.546130
2107,7PL4,68.55,0.686100,1.00,-1946.452,85.739,0.397552,0.515900
2108,7PVB,96.74,0.788300,1.00,-3283.659,166.827,0.079451,0.898040
2109,7PVM,57.26,0.523800,1.00,-1297.316,141.546,0.804712,0.379160
2110,7QAL,22.86,0.330200,1.00,-1384.721,200.691,1.012582,0.186150
2111,7QAM,25.71,0.402900,1.00,-1144.183,180.073,0.857541,0.198810
2112,7QAO,27.86,0.370800,1.00,-1183.462,181.143,1.074901,0.271540
2113,7QAP,47.86,0.644800,1.00,-2179.449,90.906,0.644857,0.376200
2114,7QLF,42.65,0.460400,1.00,-598.716,70.810,0.774583,0.215650
2115,7QXJ,54.46,0.414600,1.00,-1688.580,166.138,0.498891,0.396850
2116,7RC7,89.06,0.719500,1.00,-2129.588,194.753,0.215126,0.708700
2117,7RC8,89.06,0.701300,1.00,-2129.588,194.753,0.255305,0.704560
2118,7RFA,78.45,0.658400,1.00,-1849.303,149.010,0.362595,0.520250
2119,7RN3,70.00,0.571700,1.00,-2120.834,162.024,0.327843,0.381080
2120,7S55,66.94,0.588300,1.00,-2263.312,180.574,0.288935,0.404050
2121,7S7P,89.29,0.766700,1.00,-2816.842,136.576,0.152730,0.790530
2122,7SAG,62.90,0.492800,1.00,-1631.124,178.896,0.663978,0.424260
2123,7SKC,88.24,0.682300,1.00,-2597.513,200.660,0.120944,0.686130
2124,7T6G,60.00,0.449300,1.00,-881.802,70.277,0.459617,0.277210
2125,7T7W,81.82,0.580000,1.00,-529.401,59.411,0.215210,0.381720
2126,7TB9,32.50,0.479900,1.00,-440.473,97.930,0.897368,0.105850
2127,7TH8,59.09,0.489300,1.00,-1707.062,206.398,0.637688,0.369250
2128,7UNX,71.53,0.601700,1.00,-2305.609,200.398,0.386106,0.539430
2129,7UV3,67.71,0.568200,1.00,-3688.843,158.368,0.511889,0.584370
2130,7V5E,50.00,0.430700,1.00,-1135.210,154.277,0.554161,0.143420
2131,7V5F,45.97,0.486500,1.00,-2227.022,343.534,0.724723,0.272760
2132,7VOZ,75.00,0.758800,1.00,-1997.045,34.926,0.307615,0.534410
2133,7VQH,45.83,0.441500,1.00,-679.812,81.220,0.578095,0.126820
2134,7VQI,47.22,0.439200,1.00,-679.812,81.220,0.529898,0.183640
2135,7W8K,38.00,0.433300,1.00,-886.302,171.436,0.853690,0.159610
2136,7W8O,34.62,0.405000,1.00,-1664.225,144.205,0.755760,0.167310
2137,7W8R,45.19,0.386200,1.00,-1664.225,144.205,0.659380,0.240040
2138,7W8T,50.96,0.507500,1.00,-1170.107,172.028,0.595750,0.197860
2139,7W8Z,53.95,0.518900,1.00,-2453.653,217.308,0.590805,0.343210
2140,7W96,69.44,0.744600,1.00,-1049.895,126.710,0.271720,0.328340
2141,7WE3,31.45,0.452000,1.00,-1471.846,152.357,0.728896,0.184410
2142,7WEI,36.29,0.436200,1.00,-1471.846,152.357,0.674732,0.242090
2143,7Y7L,71.11,0.601000,1.00,-3056.479,246.948,0.406334,0.572050
2144,7YAB,63.64,0.519400,1.00,-2806.822,274.238,0.343313,0.512760
2145,7YFS,56.25,0.508800,1.00,-732.120,84.264,0.522459,0.246820
2146,7YHF,95.14,0.835400,1.00,-2490.958,234.666,0.088567,0.823780
2147,7YHG,95.83,0.831200,1.00,-2490.958,234.666,0.075891,0.848990
2148,7YHH,96.53,0.849000,1.00,-2490.958,234.666,0.068711,0.874590
2149,7YHI,95.83,0.831700,1.00,-2345.299,197.182,0.076355,0.832850
2150,7YRV,41.07,0.477400,1.00,-1756.161,200.066,0.695044,0.233030
2151,7YRW,31.45,0.364300,1.00,-1456.019,204.910,0.697072,0.205990
2152,7YRX,45.97,0.425400,1.00,-1285.540,222.484,0.523328,0.248080
2153,7YSS,71.43,0.530900,1.00,-751.060,54.887,0.415271,0.439720
2154,7YYI,75.86,0.696900,1.00,-2106.381,64.302,0.180925,0.557540
2155,7Z07,84.48,0.724400,1.00,-2098.735,83.025,0.149764,0.564910
2156,7Z08,72.41,0.686100,1.00,-2278.584,71.425,0.234685,0.516780
2157,7Z0B,75.86,0.759000,1.00,-2406.487,60.591,0.215732,0.553170
2159,7ZNF,86.67,0.732900,1.00,-1819.638,140.414,0.177490,0.596400
2160,7ZRF,44.44,0.600600,1.00,-532.752,137.182,1.337937,0.176040
2161,7ZRO,27.50,0.475900,1.00,-1635.913,227.235,1.303772,0.203270
2162,7ZRU,87.50,0.715000,1.00,-1901.269,91.499,0.212247,0.623620
2163,7ZWJ,36.76,0.454900,1.00,-378.622,77.599,0.755109,0.172600
2164,7ZZV,25.69,0.396000,1.00,-1961.435,244.276,1.273912,0.279210
2165,8A6I,30.36,0.434000,1.00,-1582.308,385.033,1.453973,0.217450
2166,8AHK,76.83,0.701800,1.00,-3038.726,306.180,0.246062,0.633000
2167,8B1L,79.17,0.691500,1.00,-1407.989,77.749,0.383304,0.426050
2168,8B1X,66.00,0.608600,1.00,-1482.566,47.390,0.620202,0.511470
2169,8B4R,51.25,0.439700,1.00,-1095.664,144.992,0.604134,0.210040
2170,8B6X,74.00,0.655200,1.00,-1543.205,113.995,0.321925,0.446520
2171,8B6Y,71.00,0.644600,1.00,-1543.205,113.995,0.307472,0.408540
2172,8B9Q,25.62,0.429300,1.00,-1393.941,252.472,1.431887,0.193270
2173,8B9R,25.62,0.453100,1.00,-1393.941,252.472,1.427502,0.226350
2174,8BOO,28.26,0.519300,1.00,-688.923,115.565,0.972969,0.133770
2175,8BVC,46.43,0.428100,1.00,-2732.085,288.994,0.449352,0.356820
2176,8BVZ,42.11,0.572100,1.00,-584.275,96.077,1.306656,0.190040
2177,8BWW,65.28,0.565300,1.00,-1314.583,58.608,0.426112,0.295400
2178,8CIQ,83.57,0.684500,1.00,-2296.889,221.845,0.310410,0.682530
2183,8CJT,79.29,0.665800,1.00,-2188.740,181.983,0.233848,0.585310
2184,8CM3,79.35,0.598900,1.00,-1363.530,107.043,0.397388,0.454320
2185,8DFZ,55.23,0.480100,1.00,-3305.281,304.092,0.674969,0.437640
2186,8DYM,50.86,0.405300,1.00,-1079.829,154.462,0.505219,0.315760
2187,8DYN,43.75,0.454100,1.00,-1048.302,115.814,0.652745,0.187540
2188,8EB1,54.17,0.416700,1.00,-1329.379,184.335,0.517107,0.399050
2189,8EF4,38.75,0.605200,1.00,-473.305,98.978,1.168706,0.194570
2190,8F04,82.89,0.694000,1.00,-1036.275,72.623,0.362301,0.436440
2191,8FD4,86.76,0.655400,1.00,-2253.855,179.218,0.183762,0.659130
2192,8FEY,88.19,0.724400,1.00,-2511.262,182.987,0.194037,0.740640
2193,8G21,48.44,0.523300,1.00,-1834.575,132.249,0.739667,0.376760
2194,8GUC,24.31,0.369200,1.00,-1996.394,277.375,1.109496,0.213350
2195,8GVN,80.36,0.624300,1.00,-751.060,54.887,0.274018,0.415560
2196,8H0G,79.03,0.680400,1.00,-1879.269,109.523,0.236569,0.561280
2197,8H0U,70.16,0.684300,1.00,-1879.269,109.523,0.363043,0.525620
2198,8HJC,83.33,0.666300,1.00,-2425.720,233.838,0.236174,0.644820
2199,8HJD,82.58,0.650500,1.00,-2425.720,233.838,0.225681,0.622880
2200,8HR3,67.31,0.586600,1.00,-503.741,71.472,0.358632,0.348350
2201,8HR4,67.31,0.574800,1.00,-622.308,73.494,0.391160,0.274720
2202,8HVS,80.00,0.568500,1.00,-385.378,79.215,0.239062,0.371090
2203,8HZW,40.62,0.457100,1.00,-524.629,121.547,0.783487,0.194290
2204,8IKQ,55.36,0.462800,1.00,-565.096,95.561,0.320865,0.255290
2205,8IL1,57.14,0.466900,1.00,-565.096,95.561,0.307470,0.182840
2206,8IL2,63.33,0.532300,1.00,-496.704,95.999,0.287317,0.305590
2207,8IL6,63.33,0.519300,1.00,-496.704,95.999,0.361531,0.250010
2208,8JB4,27.08,0.366100,1.00,-1443.655,121.439,0.885387,0.154250
2209,8K3M,39.71,0.446700,1.00,-558.638,116.511,0.538603,0.167660
2210,8K3N,36.76,0.417500,1.00,-558.638,116.511,0.673661,0.178240
2211,8OR5,60.00,0.666800,1.00,-1789.677,62.107,0.405010,0.387840
2212,8ORY,82.50,0.670600,1.00,-2078.356,64.886,0.295878,0.586130
2213,8ORZ,65.83,0.677600,1.00,-1550.059,31.874,0.319327,0.450070
2214,8OS0,74.17,0.733700,1.00,-1802.358,81.630,0.251942,0.445460
2216,8PWT,36.03,0.425500,1.00,-2854.206,95.940,0.714576,0.297850
2221,8QNT,29.59,0.607700,1.00,-3605.642,130.650,1.783561,0.257350
2222,8QTQ,70.59,0.594100,1.00,-2085.242,202.041,0.338766,0.507300
2223,8R89,54.17,0.497100,1.00,-916.630,113.913,0.416249,0.257840
2224,8RHS,51.56,0.481600,1.00,-3154.979,192.832,0.590732,0.436530
2225,8RPQ,77.08,0.761900,1.00,-2739.923,54.467,0.247637,0.543240
2226,8RQ6,70.97,0.674700,1.00,-2568.324,30.384,0.306538,0.488370
2227,8S9Y,26.28,0.483100,1.00,-1276.511,220.650,1.284950,0.235110
2228,8SED,78.38,0.628100,1.00,-2282.029,219.686,0.219787,0.613240
2229,8SEM,81.41,0.668300,1.00,-1884.721,196.744,0.323253,0.645650
2230,8SVB,35.83,0.455900,1.00,-1522.695,158.613,0.939969,0.184510
2231,8T01,86.54,0.697200,1.00,-671.477,36.715,0.121828,0.428510
2232,8T61,37.50,0.410700,1.00,-578.455,133.592,1.039774,0.106430
2233,8T62,37.50,0.514700,1.00,-449.703,80.037,0.923502,0.189190
2234,8T63,50.00,0.370200,1.00,-743.705,99.597,0.586748,0.196680
2235,8TFV,57.14,0.560000,1.00,-753.344,158.384,0.385284,0.214960
2236,8TV4,59.62,0.463800,1.00,-888.302,64.100,0.422474,0.174470
2237,8TXS,53.12,0.536500,1.00,-540.888,72.682,0.928540,0.265000
2238,8TYI,79.31,0.712400,1.00,-1860.620,115.485,0.197056,0.518510
2239,8UKC,48.33,0.403700,1.00,-601.527,87.427,0.476685,0.253550
2240,8ULM,73.48,0.563100,1.00,-1707.062,206.398,0.238739,0.466970
2241,8UM1,49.40,0.470900,1.00,-3373.823,152.157,0.780161,0.473660
2242,8UM2,57.74,0.480300,1.00,-3373.823,152.157,0.876426,0.410900
2243,8UNG,84.15,0.685800,1.00,-2761.576,190.118,0.190591,0.695940
2244,8UWF,87.82,0.755100,1.00,-2436.882,229.172,0.169015,0.756130
2245,8UXR,55.43,0.474200,1.00,-1233.732,277.013,0.489956,0.183380
2246,8V2M,67.86,0.581200,1.00,-1813.068,172.699,0.380810,0.411860
2247,8V2V,28.05,0.343000,1.00,-2531.858,388.356,0.852726,0.255160
2248,8VU6,85.87,0.723300,1.00,-2959.402,283.936,0.276623,0.758860
2249,8VU7,88.33,0.725900,1.00,-3098.240,216.524,0.207416,0.783100
2250,8VU8,84.30,0.685800,1.00,-2815.230,256.701,0.168380,0.703230
2251,8VYC,40.91,0.500100,1.00,-804.793,104.993,1.036198,0.202270
2252,8W0Q,72.50,0.641800,1.00,-1111.139,133.812,0.344650,0.317080
2253,8W16,73.33,0.527700,1.00,-790.815,87.307,0.312534,0.298020
2254,8W17,63.33,0.494300,1.00,-691.500,70.243,0.398168,0.282570
2255,8W2V,32.05,0.545200,1.00,-1372.166,233.780,0.963817,0.235800
2256,8WGI,58.00,0.542200,1.00,-1389.034,143.938,0.605821,0.273130
2257,8WGJ,65.62,0.533600,1.00,-1254.312,107.557,0.319306,0.284810
2258,8WW0,36.72,0.322300,1.00,-1927.510,225.276,0.975528,0.334710
2259,8WW1,31.67,0.391100,1.00,-1858.286,171.553,0.865578,0.220460
2260,8X3N,45.31,0.476400,1.00,-387.381,180.860,0.503972,0.167940
2261,8X40,48.44,0.449200,1.00,-387.381,180.860,0.457906,0.190840
2262,8XTH,51.67,0.395300,1.00,-635.065,95.771,0.380250,0.261640
2263,8XTN,37.88,0.492500,1.00,-1090.971,155.632,1.058060,0.193000
2264,8XTO,44.05,0.569600,1.00,-648.983,105.585,0.638184,0.099100
2265,8Y3S,59.09,0.477500,1.00,-414.224,43.680,0.323785,0.349020
2266,8YD6,27.50,0.370800,1.00,-1725.475,163.835,0.833727,0.239170
2267,8ZG2,50.00,0.488300,1.00,-187.422,79.158,0.423450,0.206870
2268,8ZG3,47.73,0.546700,1.00,-181.778,51.967,0.557705,0.216950
2269,8ZG4,63.64,0.561400,1.00,-261.589,46.322,0.428083,0.225730
2270,8ZP3,33.33,0.430100,1.00,-914.910,220.812,0.827359,0.215040
2271,8ZUG,35.87,0.465900,1.00,-376.428,113.818,1.136154,0.177410
2272,9AZI,94.44,0.785700,1.00,-1841.843,75.429,0.114903,0.745670
2273,9BET,57.14,0.690200,1.00,-2761.802,77.991,0.515074,0.534430
2274,9BF4,54.84,0.407900,1.00,-2381.670,183.767,0.573950,0.319270
2275,9BHN,56.82,0.512400,1.00,-443.555,89.244,0.404414,0.195990
2276,9BV0,86.11,0.681700,1.00,-2119.615,133.770,0.117176,0.523560
2277,9BV4,48.61,0.448600,1.00,-3392.167,196.242,0.819884,0.359660
2278,9BVS,42.31,0.475000,1.00,-960.125,41.435,0.552777,0.266130
2279,9BVU,48.33,0.441200,1.00,-1198.189,58.968,0.704879,0.238540
2280,9BVV,44.23,0.455900,1.00,-810.452,87.014,0.545648,0.185090
2281,9CRB,79.46,0.669400,1.00,-1626.385,146.017,0.232087,0.484710
2282,9F1E,66.96,0.650400,1.00,-1458.311,82.716,0.545287,0.425160
2283,9F1F,62.82,0.659300,1.00,-2359.814,155.844,0.511568,0.489990
2284,9F1G,68.88,0.724300,1.00,-3113.029,170.098,0.655700,0.625660
2285,9FJN,91.67,0.765000,1.00,-1300.599,21.379,0.091878,0.480380
2286,9FJW,51.43,0.583500,1.00,-1905.467,130.807,0.917704,0.403280
2287,9G0M,64.00,0.645900,1.00,-1319.407,99.719,0.466363,0.354910
2288,9G0N,64.00,0.651900,1.00,-1319.407,99.719,0.517209,0.388510
2289,9G20,66.00,0.628300,1.00,-1319.407,99.719,0.462665,0.383590
2290,9G21,60.00,0.540300,1.00,-1319.407,99.719,0.442520,0.283560
2291,9G22,66.00,0.611300,1.00,-1287.300,126.775,0.441426,0.427400
2292,9G2N,66.00,0.602100,1.00,-1287.300,126.775,0.461404,0.398020
2293,9G2O,63.00,0.587600,1.00,-1287.300,126.775,0.477953,0.370840
2294,9G31,65.00,0.559200,1.00,-1287.300,126.775,0.491059,0.300710
2295,9G32,62.00,0.541300,1.00,-1287.300,126.775,0.491499,0.331270
2296,9G5P,66.00,0.626900,1.00,-1319.407,99.719,0.462851,0.413840
2297,9GDL,71.00,0.591100,1.00,-1513.677,147.449,0.292479,0.405880
2298,9GDN,72.00,0.622700,1.00,-1513.677,147.449,0.253279,0.407560
2299,9GDT,73.00,0.618500,1.00,-1513.677,147.449,0.274389,0.383560
2300,9GDU,75.00,0.609600,1.00,-1513.677,147.449,0.297864,0.421260
2301,9GE1,72.00,0.626600,1.00,-1513.677,147.449,0.302246,0.364590
2302,9GE9,62.00,0.559400,1.00,-1419.175,90.709,0.409491,0.319740
2303,9GEB,71.00,0.591300,1.00,-1419.175,90.709,0.330062,0.350280
2304,9GEC,66.00,0.615300,1.00,-1419.175,90.709,0.373807,0.357510
2305,9IKO,45.31,0.381400,1.00,-506.838,103.968,0.443161,0.201360
2306,9ILX,50.00,0.368000,1.00,-506.838,103.968,0.509079,0.164820
2307,9J5F,30.47,0.336300,1.00,-1814.531,263.585,0.961014,0.226790
2308,9J5H,60.71,0.566500,1.00,-2526.522,224.940,0.537562,0.431680
2309,9KAR,40.00,0.412200,1.00,-736.383,99.363,0.650090,0.208430
2310,9KK0,66.00,0.549000,1.00,-1133.419,196.404,0.355452,0.342550
2311,9L1M,45.83,0.515600,1.00,-175.860,59.226,0.705725,0.217520
2312,9NVH,74.29,0.647800,1.00,-1717.177,204.284,0.316878,0.562390
2313,9NWZ,41.25,0.493500,1.00,-697.928,100.343,0.791367,0.174640
2314,9NY3,42.50,0.370500,1.00,-1072.102,82.157,0.723017,0.175710
2315,9UV5,55.00,0.506300,1.00,-353.624,65.300,0.442782,0.370250
