serial,pdb_id,gdt_ts,lddt,lddt_coverage,pred_dope,pred_molpdf,rmsd,tm_score
1,1A11,88.00,0.805600,1.00,-1788.093,54.828,0.143866,0.633180
2,1A3P,68.33,0.583900,1.00,-2192.424,424.892,0.397413,0.566570
3,1ACW,77.59,0.643000,1.00,-1565.586,162.414,0.186836,0.477660
4,1ADX,44.38,0.467800,1.00,-2176.194,313.313,0.631707,0.303080
5,1AG7,36.76,0.343200,1.00,-1842.391,339.716,0.634924,0.201400
6,1AGG,59.90,0.438600,1.00,-2961.790,321.977,0.611857,0.517550
7,1AGT,82.89,0.640600,1.00,-2303.016,259.772,0.178858,0.645920
8,1AHL,56.63,0.478500,1.00,-2834.228,508.569,0.409605,0.496220
9,1ALE,90.28,0.760100,1.00,-1335.677,44.941,0.167822,0.583390
10,1ALF,89.47,0.760700,1.00,-1574.198,52.418,0.158773,0.433740
11,1ALG,76.04,0.631100,1.00,-1359.285,75.864,0.373658,0.431190
12,1AMB,39.29,0.311400,1.00,-1267.936,134.832,0.962695,0.291820
13,1AMC,41.07,0.315200,1.00,-1267.936,134.832,0.955122,0.258430
14,1AML,36.25,0.459400,1.00,-2043.474,165.581,0.686047,0.349650
15,1ANP,34.82,0.368600,1.00,-1190.423,210.500,0.770066,0.177080
16,1ANS,47.22,0.395300,1.00,-1544.253,383.074,0.619817,0.216670
17,1AOO,46.88,0.388900,1.00,-1915.375,345.278,0.551200,0.336500
18,1APF,58.67,0.519500,1.00,-2807.294,605.937,0.375140,0.479880
19,1APO,81.55,0.623900,1.00,-1786.851,395.343,0.226712,0.693220
20,1AQG,52.27,0.462100,1.00,-325.354,76.573,0.388352,0.155330
21,1AQQ,46.88,0.387900,1.00,-1915.375,345.278,0.569211,0.339050
22,1AQR,46.25,0.398800,1.00,-1915.375,345.278,0.572278,0.356440
23,1ARD,87.07,0.625600,1.00,-1966.185,131.695,0.204443,0.638450
24,1ARE,84.48,0.639600,1.00,-2120.228,119.469,0.265645,0.606030
25,1ARF,85.34,0.645900,1.00,-2199.370,129.529,0.267038,0.634480
26,1ATX,66.30,0.521000,1.00,-2619.018,390.629,0.306428,0.544580
27,1AV3,33.33,0.385200,1.00,-1644.226,145.036,0.669511,0.194340
28,1AW6,43.60,0.429700,1.00,-2460.575,247.399,0.809405,0.351730
29,1AXH,54.73,0.437900,1.00,-1931.382,248.974,0.706011,0.412890
30,1AZ6,72.92,0.598500,1.00,-1932.009,247.681,0.318596,0.567350
31,1AZH,51.39,0.484800,1.00,-1838.366,247.872,0.537016,0.360910
32,1AZJ,79.17,0.618000,1.00,-1910.723,267.497,0.243795,0.567310
33,1AZK,71.53,0.592800,1.00,-1916.446,272.557,0.239297,0.461660
34,1B03,66.67,0.528700,1.00,-572.603,135.108,0.285682,0.271250
35,1B1V,71.74,0.566900,1.00,-961.227,141.502,0.448678,0.334720
36,1B4G,30.00,0.306400,1.00,-808.932,373.538,1.075855,0.180020
37,1B4I,33.33,0.325900,1.00,-808.932,373.538,0.952225,0.223490
38,1B5N,73.91,0.570900,1.00,-961.227,141.502,0.432318,0.348440
39,1B8W,54.17,0.456100,1.00,-2241.545,383.219,0.563536,0.391270
40,1B9P,61.76,0.505500,1.00,-2069.345,163.886,0.692802,0.505350
41,1B9Q,61.03,0.506300,1.00,-2069.345,163.886,0.598863,0.408210
42,1B9U,81.62,0.767700,1.00,-2835.349,124.019,0.225744,0.622950
43,1BA4,43.12,0.458000,1.00,-2043.474,165.581,0.811676,0.335680
44,1BA6,46.88,0.444600,1.00,-2043.474,165.581,0.553100,0.301450
45,1BAH,78.38,0.599200,1.00,-2077.683,212.612,0.172266,0.575750
46,1BBA,75.69,0.591800,1.00,-2491.281,200.447,0.249751,0.577450
47,1BBG,65.00,0.499700,1.00,-2245.159,329.007,0.292802,0.480050
48,1BDS,58.72,0.438000,1.00,-2677.795,658.653,0.316569,0.461960
49,1BEI,43.57,0.430500,1.00,-2501.209,183.027,0.677961,0.302740
50,1BF9,78.05,0.629000,1.00,-1900.094,387.405,0.219488,0.627470
51,1BGK,57.43,0.512100,1.00,-2588.875,202.247,0.592810,0.429000
52,1BH4,61.67,0.506600,1.00,-1842.452,302.312,0.417837,0.337600
53,1BH7,38.64,0.344800,1.00,-2246.399,192.770,0.636570,0.279070
54,1BHI,70.39,0.612900,1.00,-2281.603,170.046,0.529710,0.554130
55,1BIG,78.38,0.639600,1.00,-2579.833,210.292,0.203109,0.602370
56,1BJB,38.39,0.360500,1.00,-1087.171,196.436,0.794291,0.289820
57,1BJC,57.14,0.444500,1.00,-1857.196,79.920,0.626952,0.368770
58,1BL1,43.55,0.353000,1.00,-2258.327,146.754,0.875178,0.283300
59,1BM4,57.03,0.434300,1.00,-2464.894,118.689,1.119090,0.400990
60,1BMX,64.52,0.510000,1.00,-2135.242,168.836,0.592947,0.456000
61,1BNB,74.34,0.592100,1.00,-2322.031,269.603,0.265227,0.588120
62,1BOE,64.89,0.555900,1.00,-2963.825,431.208,0.314607,0.544410
63,1BQF,77.00,0.588300,1.00,-1016.823,187.444,0.324544,0.405900
64,1BRV,50.78,0.334500,1.00,-2284.189,173.216,0.817823,0.316310
65,1BWX,52.56,0.582400,1.00,-2757.066,101.403,0.560524,0.445540
66,1BY0,75.93,0.630900,1.00,-1732.107,76.163,0.356667,0.463440
67,1BY6,34.03,0.296100,1.00,-2624.030,163.385,1.166465,0.296770
68,1BZG,59.56,0.562700,1.00,-2408.428,73.538,0.504063,0.425650
69,1C2U,31.43,0.380000,1.00,-2141.220,196.215,0.763408,0.287320
70,1C49,80.71,0.620800,1.00,-1893.373,296.786,0.174422,0.596880
71,1C4B,59.62,0.489300,1.00,-412.070,114.365,0.317072,0.277580
72,1C4E,44.29,0.366500,1.00,-1374.256,519.541,0.520435,0.259830
73,1C55,73.12,0.552700,1.00,-2473.264,265.713,0.315113,0.562200
74,1C56,75.62,0.576300,1.00,-2539.510,259.289,0.304842,0.594570
75,1C6W,31.82,0.330300,1.00,-1709.925,175.841,0.728188,0.189150
76,1CBH,66.67,0.558400,1.00,-1986.788,244.822,0.314104,0.484660
77,1CCF,76.79,0.616200,1.00,-1757.433,413.402,0.213732,0.618790
78,1CCM,78.80,0.644800,1.00,-3170.181,299.279,0.220255,0.684770
79,1CCN,83.70,0.657300,1.00,-3170.181,299.279,0.181234,0.746710
80,1CE4,27.86,0.341100,1.00,-1361.989,413.988,1.079447,0.189900
81,1CFG,29.55,0.352100,1.00,-1131.742,160.314,0.942682,0.144090
82,1CFH,28.72,0.253400,1.00,-3537.692,250.782,1.077828,0.223130
83,1CFI,47.87,0.411400,1.00,-3537.692,250.782,0.877835,0.375380
84,1CHL,58.33,0.480000,1.00,-1751.581,423.850,0.502380,0.385940
85,1CIX,42.05,0.379100,1.00,-3006.806,348.702,0.984011,0.330120
86,1CKW,48.00,0.406800,1.00,-1563.108,103.951,0.762192,0.301030
87,1CKX,45.19,0.439600,1.00,-1687.546,135.619,0.764699,0.360400
88,1CKY,39.42,0.372000,1.00,-1687.546,135.619,0.695391,0.181860
89,1CKZ,39.00,0.379800,1.00,-1647.710,116.303,0.694611,0.158200
90,1CMR,77.42,0.597600,1.00,-2138.749,193.301,0.186072,0.485700
91,1CO4,64.88,0.505800,1.00,-1855.604,417.489,0.349302,0.491740
92,1CQ0,53.57,0.511200,1.00,-1543.138,86.072,0.718309,0.324000
93,1CR8,77.98,0.604200,1.00,-1951.612,297.886,0.252846,0.636170
94,1CSA,63.64,0.495200,1.00,-368.429,38.706,0.393544,0.257620
95,1CTI,75.00,0.611000,1.00,-1764.741,187.741,0.274838,0.433690
96,1CW5,50.00,0.418200,1.00,-2564.263,381.526,0.920177,0.451470
97,1CW6,47.97,0.427700,1.00,-2047.838,175.705,0.888397,0.392310
98,1CWX,26.70,0.375900,1.00,-1298.502,487.912,0.859616,0.272910
99,1CXR,60.87,0.545400,1.00,-3090.688,258.531,0.324051,0.476900
100,1CYA,54.55,0.537700,1.00,-368.429,38.706,0.322765,0.264080
101,1CYB,70.45,0.564500,1.00,-368.429,38.706,0.249439,0.255330
102,1CZ6,34.00,0.322000,1.00,-1065.633,157.574,0.868524,0.216050
103,1D0R,75.83,0.632200,1.00,-1972.448,120.625,0.356436,0.448280
104,1D1H,62.14,0.478900,1.00,-2124.937,264.196,0.421655,0.402190
105,1D2J,76.88,0.608100,1.00,-2003.451,276.414,0.252306,0.610290
106,1D2L,70.00,0.553800,1.00,-2019.381,305.814,0.440090,0.581110
107,1D5Q,88.89,0.697900,1.00,-1628.888,193.980,0.131407,0.573410
108,1D6B,58.93,0.430100,1.00,-2726.353,311.659,0.620561,0.461950
109,1D6X,57.69,0.454800,1.00,-350.638,140.613,0.359438,0.230620
110,1DEC,37.18,0.383500,1.00,-1733.248,521.320,0.738021,0.269700
111,1DEP,76.67,0.573400,1.00,-776.661,101.704,0.218554,0.262230
112,1DF6,61.67,0.520300,1.00,-1731.077,285.192,0.491973,0.255640
113,1DFE,77.70,0.585100,1.00,-1913.572,224.997,0.336422,0.610370
114,1DFS,46.77,0.395000,1.00,-1538.200,347.301,0.690120,0.227980
115,1DFT,39.17,0.360600,1.00,-1458.648,239.015,0.710102,0.203030
116,1DGZ,72.97,0.581300,1.00,-1913.572,224.997,0.321044,0.552540
117,1DJF,51.67,0.509400,1.00,-281.610,113.050,0.473340,0.282600
118,1DKC,63.82,0.517600,1.00,-1823.784,416.126,0.331265,0.468160
119,1DL0,33.78,0.379000,1.00,-1812.007,279.990,0.837205,0.277110
120,1DMC,55.65,0.474600,1.00,-1782.579,190.329,0.477437,0.317930
121,1DMD,54.03,0.472700,1.00,-1782.579,190.329,0.471717,0.333560
122,1DME,36.61,0.392300,1.00,-1193.697,339.423,0.641653,0.166210
123,1DMF,39.29,0.389700,1.00,-1193.697,339.423,0.657763,0.169200
124,1DN3,38.33,0.467300,1.00,-281.610,113.050,0.491608,0.110390
125,1DNG,53.33,0.536300,1.00,-247.342,147.073,0.406420,0.160120
126,1DPK,41.25,0.426300,1.00,-346.303,95.125,0.464019,0.261280
127,1DPQ,45.00,0.445100,1.00,-107.661,173.395,0.506140,0.142000
128,1DSK,65.18,0.628500,1.00,-1831.020,119.896,0.515884,0.431760
129,1DSQ,76.19,0.555100,1.00,-858.773,132.919,0.287974,0.267800
130,1DSV,43.55,0.495900,1.00,-1057.820,342.869,0.679498,0.217030
131,1DTC,82.69,0.720100,1.00,-1773.908,68.467,0.262608,0.611140
132,1DU1,65.00,0.534500,1.00,-1357.626,40.201,0.462265,0.284120
133,1DU9,83.04,0.629800,1.00,-1226.053,194.560,0.216449,0.509130
134,1DV0,78.72,0.595300,1.00,-4073.876,263.293,0.245038,0.682070
135,1DVW,50.00,0.548100,1.00,-522.207,129.026,0.632509,0.168440
136,1DX7,50.52,0.560700,1.00,-3746.689,153.130,0.809487,0.504990
137,1E0G,82.81,0.598000,1.00,-3680.750,304.318,0.197430,0.720400
138,1E0L,79.73,0.600700,1.00,-2010.947,241.364,0.216025,0.638580
139,1E0M,82.43,0.620600,1.00,-1576.475,282.234,0.317475,0.666300
140,1E0N,83.33,0.644900,1.00,-1482.482,196.739,0.155346,0.457840
141,1E0Q,79.41,0.603500,1.00,-858.921,72.422,0.216442,0.285870
142,1E4Q,75.68,0.621600,1.00,-2137.235,346.863,0.208590,0.588600
143,1E4R,62.86,0.492800,1.00,-1745.932,319.840,0.380052,0.460820
144,1E4S,79.17,0.581500,1.00,-1881.280,225.266,0.245047,0.584730
145,1E4T,72.30,0.583800,1.00,-2361.152,269.856,0.423015,0.570810
146,1E8P,67.93,0.555300,1.00,-2857.967,369.531,0.383008,0.574990
147,1E8Q,66.30,0.539000,1.00,-2899.404,365.723,0.432283,0.565820
148,1E9K,46.05,0.532000,1.00,-2829.631,165.448,0.586639,0.321930
149,1ED0,83.70,0.658700,1.00,-2772.977,255.829,0.181077,0.710810
150,1ED7,78.89,0.593700,1.00,-3485.913,342.882,0.175725,0.680390
151,1EDP,64.71,0.521000,1.00,-784.097,100.153,0.450935,0.213500
152,1EDS,47.58,0.459800,1.00,-1844.420,153.243,0.536482,0.261780
153,1EDV,29.41,0.321400,1.00,-1827.064,292.477,0.756195,0.224910
154,1EDW,43.27,0.447100,1.00,-1921.683,91.645,0.613272,0.214980
155,1EDX,24.38,0.298100,1.00,-1877.893,478.971,1.030075,0.238680
156,1EGT,70.59,0.608400,1.00,-535.875,97.178,0.232735,0.227840
157,1EHS,52.08,0.480700,1.00,-3496.258,181.030,0.487895,0.533380
158,1EI0,90.13,0.691100,1.00,-2943.019,118.106,0.120618,0.753680
159,1EMX,58.33,0.429000,1.00,-1557.188,248.780,0.526025,0.329630
160,1EMZ,73.81,0.597000,1.00,-1387.873,66.622,0.320109,0.539600
161,1EQX,51.39,0.507200,1.00,-462.267,127.707,0.455268,0.269290
162,1ERC,68.12,0.595600,1.00,-2683.534,314.468,0.287569,0.517590
163,1ERD,64.38,0.523400,1.00,-2934.151,220.999,0.494795,0.522210
164,1ERP,67.11,0.563300,1.00,-2616.564,243.579,0.334298,0.510310
165,1ERY,44.87,0.505200,1.00,-2817.444,229.794,0.930482,0.319730
166,1ESK,53.57,0.569300,1.00,-1494.969,293.315,0.497687,0.428540
167,1EWS,42.97,0.421500,1.00,-1349.283,404.449,0.632523,0.212010
168,1EYO,60.83,0.473200,1.00,-1327.970,396.038,0.476284,0.352050
169,1EZE,71.05,0.627300,1.00,-2584.277,117.137,0.338002,0.550440
170,1F3K,40.38,0.454600,1.00,-1314.163,306.336,0.621083,0.266460
171,1F4I,80.56,0.599600,1.00,-3974.464,263.636,0.395507,0.700300
172,1F7E,72.83,0.627500,1.00,-2005.966,421.946,0.311557,0.599530
173,1F7M,73.37,0.595000,1.00,-2098.865,370.535,0.311474,0.610150
174,1F8Z,83.97,0.669600,1.00,-1826.567,270.479,0.215748,0.675020
175,1FAC,33.33,0.357100,1.00,-1068.469,171.519,0.799392,0.112520
176,1FCT,53.12,0.420200,1.00,-1768.704,155.893,0.594154,0.429520
177,1FDF,51.00,0.547800,1.00,-1580.083,98.189,0.432554,0.295070
178,1FEO,52.88,0.452700,1.00,-711.350,360.076,0.525441,0.258430
179,1FF7,68.48,0.557700,1.00,-2118.354,445.058,0.320305,0.541050
180,1FFM,70.65,0.561500,1.00,-2157.445,547.614,0.316203,0.598250
181,1FGD,75.00,0.566300,1.00,-630.039,112.329,0.226761,0.209950
182,1FGE,66.25,0.495800,1.00,-839.484,123.119,0.345917,0.195520
183,1FJN,64.10,0.518900,1.00,-2564.060,222.668,0.540741,0.492600
184,1FME,79.46,0.585300,1.00,-1924.070,148.672,0.246811,0.508050
185,1FMY,50.00,0.407100,1.00,-1915.375,345.278,0.576246,0.394000
186,1FQQ,75.00,0.607900,1.00,-2495.522,369.062,0.238646,0.598370
187,1FRE,39.88,0.367100,1.00,-2503.180,294.827,0.697397,0.291220
188,1FRY,38.79,0.430900,1.00,-1959.739,119.733,0.615716,0.256400
189,1FSB,75.62,0.614800,1.00,-2239.388,340.486,0.239591,0.582490
190,1FSD,78.57,0.660600,1.00,-2037.166,164.027,0.260009,0.495060
191,1FSV,75.89,0.645400,1.00,-2037.166,164.027,0.238842,0.475110
192,1FU3,45.37,0.414800,1.00,-1611.278,179.488,0.669726,0.181700
193,1FU9,69.44,0.536000,1.00,-2254.400,181.107,0.491875,0.522370
194,1FUL,52.27,0.472200,1.00,-280.225,98.349,0.424570,0.188650
195,1FUV,56.82,0.497100,1.00,-280.225,98.349,0.365324,0.250210
196,1FV5,64.58,0.474800,1.00,-2404.432,201.484,0.493735,0.497030
197,1FVY,44.35,0.567400,1.00,-2192.931,101.849,0.876296,0.333900
198,1FW5,46.25,0.474100,1.00,-819.201,121.785,0.552903,0.221560
199,1FWO,59.29,0.468400,1.00,-1358.388,458.953,0.471641,0.352140
200,1FYG,44.00,0.446400,1.00,-1062.925,232.575,0.731914,0.262520
201,1G04,32.69,0.315200,1.00,-1903.490,145.163,0.800665,0.184980
202,1G26,75.81,0.623900,1.00,-1942.475,235.841,0.262068,0.457140
203,1G92,57.00,0.617900,1.00,-1780.107,66.506,0.574219,0.375280
204,1G9P,34.44,0.306200,1.00,-2244.621,576.192,1.042566,0.290060
205,1GEA,75.00,0.584200,1.00,-1300.153,66.593,0.285833,0.303870
206,1GIB,47.73,0.440600,1.00,-821.568,258.929,0.488220,0.156340
207,1GK5,66.84,0.495300,1.00,-2681.477,586.382,0.347220,0.554960
208,1GM2,56.82,0.459700,1.00,-270.993,72.726,0.335906,0.306710
209,1GNA,59.62,0.509100,1.00,-389.938,112.103,0.295399,0.274390
210,1GNB,48.08,0.472100,1.00,-389.938,112.103,0.606014,0.226010
211,1GNF,79.89,0.593800,1.00,-2965.093,291.833,0.283947,0.697390
212,1GP8,84.38,0.692700,1.00,-2812.703,106.859,0.248973,0.722700
213,1GPS,88.30,0.684700,1.00,-2498.524,256.594,0.151549,0.803220
214,1GPT,89.89,0.669900,1.00,-2641.991,314.562,0.146797,0.813110
215,1GUR,45.71,0.364100,1.00,-1374.256,519.541,0.536418,0.239300
216,1GW3,48.91,0.612400,1.00,-3294.853,109.691,0.596988,0.398740
217,1GW4,47.28,0.565400,1.00,-3293.124,120.585,0.762708,0.375180
218,1H20,33.97,0.352100,1.00,-2252.279,284.693,0.885184,0.249750
219,1H5O,58.93,0.430800,1.00,-1928.092,368.672,0.416922,0.504680
220,1H7D,26.53,0.236200,1.00,-4290.706,249.513,1.821969,0.259710
221,1H7J,44.23,0.345800,1.00,-1645.005,97.250,0.707300,0.224190
222,1HA9,38.24,0.390700,1.00,-1685.875,295.635,0.755327,0.301640
223,1HD6,49.32,0.461300,1.00,-2455.957,259.298,0.488605,0.287110
225,1HEV,59.88,0.498800,1.00,-2437.769,445.816,0.617039,0.487170
226,1HFF,60.00,0.534000,1.00,-369.616,49.249,0.303261,0.321210
227,1HJ0,57.93,0.652700,1.00,-2691.027,177.148,0.505588,0.522660
228,1HLL,58.59,0.534500,1.00,-2126.139,125.655,0.676632,0.444520
229,1HLY,73.08,0.604700,1.00,-2529.040,221.305,0.201730,0.577300
230,1HN3,23.75,0.246000,1.00,-1653.881,294.935,1.397599,0.210700
231,1HNR,63.83,0.547800,1.00,-2784.080,311.249,0.324138,0.499560
232,1HNS,56.38,0.454000,1.00,-2621.749,317.175,0.411524,0.458460
233,1HO0,55.00,0.445700,1.00,-1917.715,140.494,0.590860,0.315550
234,1HO2,81.25,0.651400,1.00,-1265.023,48.503,0.279363,0.418420
235,1HO7,73.75,0.646200,1.00,-1265.023,48.503,0.282655,0.404240
236,1HO9,57.81,0.515600,1.00,-2154.745,110.283,0.655432,0.411000
237,1HOD,55.47,0.518200,1.00,-2033.532,133.023,0.586546,0.373280
238,1HOF,54.69,0.545400,1.00,-2168.072,115.738,0.685926,0.411440
239,1HP2,79.73,0.616100,1.00,-2166.084,243.266,0.176176,0.634160
240,1HP3,60.16,0.442500,1.00,-1433.975,338.680,0.423459,0.406810
241,1HP9,82.95,0.617000,1.00,-1445.035,96.813,0.192048,0.358790
242,1HPH,47.97,0.550100,1.00,-2690.642,90.125,0.767370,0.405600
243,1HPY,58.82,0.572500,1.00,-2309.849,97.530,0.409149,0.438810
244,1HRL,73.91,0.574600,1.00,-1007.927,175.220,0.461557,0.322740
246,1HTX,39.06,0.368200,1.00,-1550.157,432.555,0.688112,0.228950
247,1HU5,76.39,0.638600,1.00,-687.405,71.699,0.284340,0.304460
248,1HU6,69.44,0.599900,1.00,-774.447,45.669,0.367661,0.336800
249,1HU7,77.78,0.613900,1.00,-652.622,55.188,0.239203,0.317870
250,1HVW,71.00,0.528700,1.00,-1195.919,229.839,0.270302,0.305650
251,1HVZ,56.94,0.496700,1.00,-649.639,117.587,0.445219,0.255190
252,1HY9,75.00,0.597300,1.00,-2117.264,343.221,0.230600,0.587200
253,1HYK,40.76,0.367200,1.00,-3095.081,324.190,0.735472,0.357000
254,1HZ3,40.38,0.430600,1.00,-1419.573,146.904,0.518981,0.187430
255,1I25,50.00,0.384900,1.00,-1444.865,355.337,0.943963,0.398300
256,1I26,44.12,0.415900,1.00,-1745.680,405.145,0.738842,0.325450
257,1I2U,60.23,0.473300,1.00,-2800.181,308.097,0.510476,0.582470
258,1I2V,63.07,0.486400,1.00,-3024.267,332.753,0.449592,0.572820
259,1I6C,69.23,0.545600,1.00,-1661.040,339.944,0.406743,0.522280
260,1I8X,87.50,0.670400,1.00,-1758.573,242.324,0.166041,0.632830
261,1I8Y,75.00,0.604300,1.00,-1523.145,197.146,0.363528,0.464300
262,1IB9,40.44,0.392600,1.00,-1685.875,295.635,0.744780,0.265530
263,1IBN,66.25,0.579200,1.00,-1086.507,86.314,0.310679,0.244570
264,1IBO,68.75,0.578200,1.00,-1086.507,86.314,0.354938,0.283490
265,1IC9,36.21,0.376500,1.00,-1155.405,237.515,1.189377,0.222100
266,1ICA,61.88,0.489000,1.00,-2304.295,410.558,0.690694,0.485060
267,1ICL,34.48,0.449400,1.00,-1098.847,164.317,1.136393,0.243210
268,1ICO,36.21,0.434100,1.00,-1202.014,259.917,1.239135,0.214110
269,1ID6,53.33,0.437700,1.00,-560.977,114.369,0.480491,0.199350
270,1ID7,48.33,0.439200,1.00,-560.977,114.369,0.543908,0.246430
271,1IE6,30.30,0.343000,1.00,-1588.780,173.630,0.759436,0.314390
272,1IFY,86.22,0.655700,1.00,-4202.220,292.370,0.220812,0.761440
273,1IIJ,74.29,0.701200,1.00,-2384.615,76.641,0.348216,0.665840
274,1IM1,68.75,0.509500,1.00,-355.111,81.283,0.299694,0.288950
275,1IRR,80.43,0.531300,1.00,-869.046,182.977,0.255650,0.311930
276,1IVA,57.81,0.445100,1.00,-2311.511,471.030,0.643312,0.471910
277,1IWC,26.47,0.272700,1.00,-852.340,363.770,1.297230,0.236090
278,1IWF,27.94,0.286200,1.00,-852.340,363.770,0.761833,0.231660
279,1IXA,77.56,0.610100,1.00,-1934.009,295.621,0.188819,0.617520
280,1IXT,67.59,0.553200,1.00,-1577.903,173.454,0.276887,0.354920
281,1IXU,43.75,0.452200,1.00,-438.136,83.347,0.459228,0.240800
282,1IYC,34.03,0.349700,1.00,-1925.153,284.770,0.819179,0.251130
283,1IYT,47.62,0.535000,1.00,-2482.134,130.792,0.787306,0.334150
284,1J4M,69.64,0.478400,1.00,-405.903,98.529,0.277503,0.270060
285,1J5J,84.03,0.627000,1.00,-2145.482,309.549,0.171306,0.676390
286,1J5L,51.67,0.475400,1.00,-1727.338,210.019,0.467695,0.247660
287,1J5M,41.07,0.427700,1.00,-1392.063,195.562,0.744117,0.191480
288,1JBL,48.21,0.467400,1.00,-368.136,101.348,0.561931,0.181820
289,1JBN,48.21,0.506400,1.00,-405.690,136.417,0.755357,0.223810
290,1JDM,69.35,0.630800,1.00,-2922.590,68.106,0.432099,0.530580
291,1JI9,35.81,0.366400,1.00,-1642.210,404.594,0.672122,0.284870
292,1JJZ,58.62,0.467000,1.00,-1019.829,548.299,0.383906,0.246960
293,1JKZ,86.41,0.648400,1.00,-3210.942,269.158,0.147681,0.763580
294,1JLZ,73.91,0.585300,1.00,-844.073,213.707,0.230119,0.257240
295,1JMN,77.17,0.637200,1.00,-2880.017,225.865,0.296150,0.670060
296,1JMP,76.09,0.629100,1.00,-2553.840,523.059,0.247371,0.663340
297,1JN7,68.06,0.558900,1.00,-2433.049,163.478,0.404256,0.532780
298,1JO5,44.27,0.566100,1.00,-3746.689,153.130,0.843937,0.475750
299,1JO6,36.11,0.374400,1.00,-3044.865,208.803,0.886660,0.352440
300,1JRF,44.68,0.418700,1.00,-1849.242,339.385,0.814790,0.375140
301,1JRJ,62.18,0.534800,1.00,-2280.828,174.239,0.518466,0.530640
302,1JU8,66.89,0.543700,1.00,-2256.535,383.010,0.281058,0.460600
303,1JY9,60.00,0.557400,1.00,-328.604,91.793,0.339161,0.203140
304,1K0P,35.48,0.370500,1.00,-1578.932,236.095,0.687450,0.208550
305,1K18,33.87,0.368300,1.00,-1578.932,236.095,0.672268,0.195830
306,1K1V,83.54,0.662900,1.00,-3225.481,182.617,0.179830,0.703620
307,1K36,73.91,0.569300,1.00,-2822.378,389.625,0.231863,0.625790
308,1K37,70.11,0.565800,1.00,-2896.864,338.661,0.255127,0.560410
309,1K43,75.00,0.488200,1.00,-405.903,98.529,0.232770,0.285340
310,1K48,49.14,0.439100,1.00,-1141.007,374.242,0.664662,0.246440
311,1K7B,65.43,0.540200,1.00,-1990.723,427.931,0.425116,0.520020
312,1K81,65.97,0.529200,1.00,-2003.905,201.012,0.328175,0.443960
313,1K91,59.46,0.556700,1.00,-1252.129,260.915,0.355980,0.386160
314,1KAL,39.66,0.383500,1.00,-1092.785,574.281,0.678829,0.246430
315,1KBE,75.00,0.557000,1.00,-2990.472,294.756,0.216984,0.644600
316,1KBF,74.49,0.555000,1.00,-2990.472,294.756,0.214167,0.649620
317,1KDL,76.09,0.670100,1.00,-1737.633,57.576,0.352099,0.411950
318,1KGM,71.43,0.537600,1.00,-1516.193,290.647,0.644995,0.533420
319,1KIO,64.29,0.509100,1.00,-1428.730,280.575,0.578375,0.432410
320,1KJ0,62.14,0.453200,1.00,-1556.308,296.519,0.752737,0.444260
321,1KJ5,79.17,0.620300,1.00,-1833.559,228.314,0.221790,0.553740
322,1KJ6,68.33,0.507300,1.00,-2109.104,305.278,0.370423,0.558120
323,1KLR,85.00,0.614500,1.00,-1655.437,162.808,0.216988,0.602740
324,1KLS,85.00,0.668700,1.00,-1706.012,155.715,0.197100,0.640700
325,1KMR,48.33,0.460800,1.00,-539.998,116.211,0.369696,0.220410
326,1KOZ,64.58,0.508500,1.00,-1887.928,342.734,0.336679,0.475580
327,1KQH,50.66,0.414700,1.00,-2376.586,404.340,0.531044,0.355080
328,1KQI,45.39,0.400200,1.00,-2376.586,404.340,0.555285,0.344950
329,1KUW,45.00,0.459600,1.00,-194.428,58.757,0.385713,0.396090
330,1KV4,79.17,0.699100,1.00,-2747.422,92.915,0.306974,0.709550
331,1KWD,51.56,0.438900,1.00,-541.776,129.508,0.427263,0.244050
332,1KWE,59.38,0.478600,1.00,-541.776,129.508,0.317658,0.213490
333,1KX6,37.07,0.401300,1.00,-2133.532,105.135,0.643827,0.216300
334,1KZ0,43.75,0.431600,1.00,-300.625,148.524,0.489632,0.135880
335,1KZ2,51.56,0.439500,1.00,-258.357,151.379,0.428659,0.203010
336,1KZ5,62.50,0.463200,1.00,-343.861,93.241,0.323163,0.282590
337,1L1K,36.25,0.299300,1.00,-972.923,142.375,0.954767,0.149540
338,1L2Y,62.50,0.534200,1.00,-754.322,113.586,0.427789,0.242890
339,1L3Q,54.17,0.541500,1.00,-330.840,73.510,0.525313,0.203150
340,1L3Y,59.76,0.481600,1.00,-1867.432,456.750,0.409599,0.429470
341,1L4V,75.62,0.522200,1.00,-2533.893,299.982,0.323065,0.630870
342,1LA4,64.71,0.472500,1.00,-1966.668,273.577,0.465433,0.422650
343,1LB0,46.15,0.426300,1.00,-456.291,90.900,0.558580,0.132390
344,1LB7,54.69,0.471500,1.00,-425.713,137.870,0.393771,0.221320
345,1LBJ,78.41,0.653600,1.00,-1601.063,77.702,0.322479,0.363350
346,1LCX,48.08,0.431100,1.00,-362.775,96.513,0.536663,0.290900
347,1LDL,70.31,0.541800,1.00,-2639.579,368.796,0.333023,0.583450
348,1LDR,66.28,0.524500,1.00,-2150.000,294.369,0.354486,0.536540
349,1LFC,30.00,0.278400,1.00,-1669.013,119.583,0.747640,0.136480
350,1LGL,82.64,0.623700,1.00,-2202.396,263.083,0.182880,0.671100
351,1LIQ,44.44,0.535100,1.00,-1512.684,144.115,0.867780,0.268840
352,1LIR,85.14,0.647800,1.00,-2380.376,218.679,0.148572,0.672660
353,1LMM,40.00,0.381200,1.00,-1283.953,586.032,0.698261,0.365180
354,1LMR,39.29,0.359100,1.00,-1611.943,415.122,0.849055,0.230880
355,1LUP,41.94,0.385800,1.00,-1835.904,285.781,0.667633,0.259300
356,1LV4,54.76,0.448900,1.00,-871.400,130.777,0.595690,0.171010
357,1LVZ,68.18,0.484500,1.00,-383.982,109.337,0.352945,0.169410
358,1LYP,83.59,0.662200,1.00,-2200.496,77.350,0.159525,0.571360
359,1M02,50.00,0.490500,1.00,-389.229,133.105,0.450921,0.295220
360,1M0G,41.67,0.377600,1.00,-902.421,688.331,0.806543,0.211030
361,1M0J,44.64,0.409300,1.00,-1231.100,314.905,0.664605,0.258230
362,1M23,48.08,0.438800,1.00,-219.341,109.162,0.448681,0.174730
363,1M25,54.81,0.465800,1.00,-1903.490,145.163,0.578548,0.359830
364,1M2S,80.41,0.612200,1.00,-2135.193,221.857,0.280280,0.617820
365,1M36,83.33,0.652300,1.00,-2480.886,155.432,0.296196,0.669490
366,1M4E,41.25,0.441300,1.00,-883.960,139.914,0.573323,0.119390
367,1M4F,36.00,0.371900,1.00,-1601.984,150.894,0.629524,0.173330
368,1MA2,72.06,0.557800,1.00,-671.268,80.837,0.268854,0.209380
369,1MA4,55.88,0.473200,1.00,-679.399,168.306,0.388077,0.157320
370,1MA5,60.29,0.469200,1.00,-671.268,80.837,0.568643,0.267740
371,1MA6,52.94,0.448700,1.00,-679.399,168.306,0.431978,0.168290
372,1MB6,63.57,0.526700,1.00,-2051.792,299.835,0.337483,0.460930
373,1MEA,60.71,0.530000,1.00,-1177.471,193.438,0.390501,0.273100
374,1MED,57.14,0.516100,1.00,-1236.481,181.705,0.463113,0.256450
375,1MEQ,56.52,0.594400,1.00,-850.792,164.006,0.761314,0.309510
376,1MF6,45.83,0.472700,1.00,-292.196,94.837,0.379345,0.141150
377,1MGX,49.47,0.364800,1.00,-3393.405,327.470,0.774885,0.385390
378,1MHU,46.77,0.380600,1.00,-1648.519,440.412,0.612685,0.256520
379,1MKC,51.74,0.509700,1.00,-1794.676,391.823,0.500028,0.392610
380,1MM0,75.00,0.623900,1.00,-2677.285,198.616,0.235223,0.560520
381,1MMC,71.67,0.575500,1.00,-1501.526,267.685,0.317793,0.455890
382,1MOT,64.29,0.640700,1.00,-1540.186,59.343,0.601521,0.556120
383,1MPZ,42.68,0.430000,1.00,-2054.126,363.456,0.557891,0.277150
384,1MR0,52.94,0.416000,1.00,-1836.702,408.659,0.489987,0.404420
385,1MR4,88.83,0.692800,1.00,-2605.326,378.026,0.135093,0.788160
386,1MRB,50.00,0.448600,1.00,-1542.932,269.489,0.700375,0.284660
387,1MRT,42.74,0.410800,1.00,-1952.181,309.865,0.665557,0.225060
388,1MTQ,68.42,0.502200,1.00,-725.093,174.561,0.325438,0.184550
389,1MTX,76.92,0.613900,1.00,-2450.366,257.645,0.175841,0.603810
390,1MXQ,59.09,0.490300,1.00,-304.070,123.969,0.349333,0.280830
391,1MYN,88.07,0.668600,1.00,-2967.225,441.357,0.156951,0.778340
392,1MYU,39.58,0.448000,1.00,-352.454,83.093,0.450106,0.193120
393,1MZI,46.15,0.437500,1.00,-431.372,127.778,0.472614,0.157740
394,1N0Z,69.44,0.534300,1.00,-2266.793,243.686,0.399391,0.576470
395,1N1U,54.31,0.511000,1.00,-1191.255,351.873,0.545575,0.279310
396,1N2Y,45.00,0.417400,1.00,-393.570,124.929,0.496188,0.194030
397,1N4N,87.23,0.670900,1.00,-2826.370,383.830,0.118839,0.799230
398,1N5G,29.61,0.329600,1.00,-2460.491,266.258,0.821146,0.267210
399,1N6T,47.50,0.475800,1.00,-295.555,62.384,0.369630,0.229730
400,1N8M,79.61,0.614300,1.00,-2324.645,261.829,0.226571,0.618370
401,1N9U,62.50,0.490900,1.00,-347.281,67.549,0.332972,0.296500
402,1NB1,68.10,0.565600,1.00,-1537.078,384.944,0.363757,0.371120
403,1NBJ,45.83,0.472500,1.00,-1660.059,301.560,0.519045,0.329020
404,1NBL,80.98,0.650900,1.00,-2836.604,244.815,0.228915,0.686490
405,1NC8,67.24,0.572500,1.00,-1178.686,189.433,0.360429,0.404990
406,1NCS,70.21,0.551800,1.00,-3930.078,244.285,0.361914,0.600000
407,1ND9,50.51,0.489200,1.00,-3954.316,241.324,0.467217,0.408600
408,1NE5,66.67,0.464600,1.00,-2686.238,312.754,0.399559,0.568430
409,1NIZ,60.94,0.486600,1.00,-444.510,132.005,0.389047,0.279770
410,1NJ0,56.25,0.455800,1.00,-500.633,119.643,0.322079,0.225010
411,1NJ3,82.26,0.623700,1.00,-1625.934,180.340,0.298412,0.584880
412,1NMJ,42.86,0.365500,1.00,-1244.520,161.266,0.943412,0.249020
413,1NZS,44.74,0.448200,1.00,-440.430,127.985,0.617550,0.162090
414,1O53,40.00,0.416600,1.00,-390.562,130.233,0.586788,0.250040
415,1O8Y,44.64,0.489400,1.00,-405.690,136.417,0.783713,0.204290
416,1O8Z,50.00,0.458200,1.00,-368.136,101.348,0.539845,0.242540
417,1OAV,53.12,0.420800,1.00,-2311.511,471.030,0.602674,0.462440
418,1OAW,61.46,0.469300,1.00,-2311.511,471.030,0.341878,0.497520
419,1ODP,90.00,0.690400,1.00,-1559.679,46.549,0.146348,0.377220
420,1ODQ,82.50,0.642800,1.00,-1559.679,46.549,0.176833,0.364570
421,1ODR,87.50,0.681000,1.00,-1559.679,46.549,0.146045,0.341180
422,1OEF,84.38,0.700000,1.00,-1915.003,52.306,0.186257,0.481120
423,1OEG,79.35,0.713200,1.00,-1690.118,41.308,0.294478,0.439970
424,1OEI,38.54,0.360000,1.00,-730.215,172.628,0.605806,0.157330
425,1OG7,47.67,0.457600,1.00,-1577.428,386.431,0.674665,0.405530
426,1OHM,50.00,0.465300,1.00,-1637.178,443.128,0.761639,0.382960
427,1OHN,51.74,0.472600,1.00,-1596.508,389.458,0.653928,0.338820
428,1OIG,66.67,0.567600,1.00,-1138.744,190.024,0.294415,0.315160
429,1OMA,54.69,0.412200,1.00,-2961.790,321.977,0.523883,0.479380
430,1OMB,58.85,0.432400,1.00,-2961.790,321.977,0.477919,0.504480
431,1OMQ,37.50,0.416200,1.00,-321.303,181.236,0.584401,0.142940
432,1OPP,69.74,0.641200,1.00,-2596.066,121.217,0.406276,0.522300
433,1ORL,84.78,0.648700,1.00,-2579.161,245.759,0.212619,0.728080
434,1ORX,52.08,0.481700,1.00,-940.830,345.055,0.431825,0.159630
435,1OZZ,63.64,0.497000,1.00,-2960.889,289.069,0.502505,0.580360
436,1P00,60.23,0.481500,1.00,-2963.193,315.955,0.496380,0.565470
437,1P0A,61.93,0.506200,1.00,-2992.296,346.457,0.494538,0.565890
438,1P7A,70.27,0.586100,1.00,-1920.724,258.903,0.555200,0.570510
439,1P82,29.00,0.375300,1.00,-764.967,135.488,1.060045,0.174330
440,1P83,24.00,0.363400,1.00,-764.967,135.488,0.873341,0.184620
441,1P8B,67.57,0.555000,1.00,-2373.648,332.879,0.358990,0.489880
442,1P9C,45.56,0.336500,1.00,-2395.144,228.558,1.242209,0.377000
443,1P9F,47.50,0.467700,1.00,-258.042,39.334,0.329973,0.255500
444,1P9Z,64.63,0.508200,1.00,-2355.362,460.370,0.336775,0.534600
445,1PAA,81.67,0.630800,1.00,-1971.203,189.334,0.229923,0.582320
446,1PB5,58.57,0.466100,1.00,-1282.009,603.023,0.418378,0.361750
447,1PDC,74.44,0.558700,1.00,-3096.489,446.877,0.300040,0.616420
448,1PGY,75.53,0.586200,1.00,-4392.436,164.464,0.283540,0.652070
449,1PJV,80.47,0.612800,1.00,-1534.817,236.994,0.194170,0.530720
450,1PLP,67.00,0.645400,1.00,-1434.998,84.622,0.481939,0.377450
451,1PMC,56.25,0.438400,1.00,-1548.706,464.398,0.760839,0.380170
452,1PNH,80.65,0.655700,1.00,-1871.410,191.260,0.171284,0.570990
453,1PP5,42.86,0.468700,1.00,-971.229,126.142,0.773391,0.198490
454,1PSM,62.50,0.598200,1.00,-2511.235,75.583,0.495369,0.484380
455,1PSV,73.21,0.577700,1.00,-1915.334,147.202,0.278441,0.452540
456,1PT4,68.10,0.545500,1.00,-1622.451,315.943,0.411374,0.375690
457,1PV0,84.78,0.669500,1.00,-3898.172,196.111,0.253872,0.752960
458,1PVZ,75.00,0.583200,1.00,-1900.949,196.334,0.331653,0.469180
459,1PX9,67.26,0.478000,1.00,-2686.238,312.754,0.374971,0.509180
460,1PXQ,35.71,0.360700,1.00,-1777.367,129.256,1.210083,0.239630
461,1Q01,34.87,0.303700,1.00,-806.442,671.216,0.758281,0.254940
462,1Q2F,50.00,0.407000,1.00,-2452.986,121.288,0.686616,0.323270
463,1Q2I,42.97,0.316900,1.00,-2452.986,121.288,0.832006,0.304450
464,1Q2J,45.45,0.419700,1.00,-423.359,372.153,0.596942,0.158700
465,1Q2K,79.84,0.612800,1.00,-1640.354,192.711,0.394079,0.589200
466,1Q3J,57.64,0.474000,1.00,-1203.905,713.058,0.442040,0.389530
467,1Q3M,53.06,0.462900,1.00,-3559.342,388.577,0.593489,0.416990
468,1Q3Y,44.64,0.441500,1.00,-1553.109,335.883,0.847972,0.322130
469,1Q3Z,47.62,0.442800,1.00,-1433.357,323.854,0.733411,0.351210
470,1Q71,46.43,0.486900,1.00,-971.229,126.142,0.812061,0.192620
471,1QCM,61.36,0.528900,1.00,-241.660,141.150,0.310018,0.211210
472,1QDP,33.33,0.332300,1.00,-1997.114,404.777,0.761363,0.276560
473,1QFD,42.19,0.390600,1.00,-1550.157,432.555,0.670175,0.206300
474,1QG9,82.14,0.667500,1.00,-1619.126,44.029,0.298594,0.411380
475,1QGM,85.83,0.677600,1.00,-1788.175,237.178,0.158857,0.589600
476,1QHK,73.94,0.590200,1.00,-3405.973,233.524,0.259101,0.592450
477,1QJK,29.86,0.338500,1.00,-1598.449,367.615,0.912235,0.200480
478,1QJL,43.75,0.410000,1.00,-1530.631,342.917,0.737518,0.208540
479,1QK6,68.18,0.560000,1.00,-1439.234,375.823,0.384897,0.449870
480,1QK7,67.97,0.565300,1.00,-1589.107,246.520,0.382186,0.420880
481,1QKY,83.55,0.626000,1.00,-2587.065,267.815,0.233702,0.682670
482,1QLO,50.74,0.359300,1.00,-2776.548,125.484,0.703284,0.350270
483,1QWP,56.82,0.482800,1.00,-241.660,141.150,0.342734,0.160210
484,1QXC,54.55,0.535400,1.00,-241.660,141.150,0.334161,0.173090
485,1QYT,54.55,0.498300,1.00,-241.660,141.150,0.402115,0.181120
486,1R02,40.91,0.360300,1.00,-2092.254,159.699,0.971660,0.268430
487,1R1F,58.78,0.497700,1.00,-2200.823,337.839,0.407236,0.373620
488,1R7C,66.13,0.697200,1.00,-2443.754,128.970,0.427408,0.576980
489,1R7D,68.55,0.693700,1.00,-2443.754,128.970,0.395543,0.554560
490,1R7E,79.84,0.673000,1.00,-2443.754,128.970,0.258269,0.613630
491,1R7F,64.52,0.618500,1.00,-2443.754,128.970,0.325431,0.419350
492,1R7G,79.03,0.682800,1.00,-2443.754,128.970,0.227276,0.550750
493,1R8T,51.67,0.445600,1.00,-393.492,123.125,0.431922,0.175600
494,1R9I,50.00,0.441200,1.00,-963.903,202.287,0.637942,0.165970
495,1RES,71.51,0.558200,1.00,-3542.307,191.566,0.681001,0.614910
496,1RET,65.12,0.520900,1.00,-3464.640,197.192,0.624877,0.521990
497,1RG3,51.56,0.466900,1.00,-597.027,165.036,0.402824,0.244140
498,1RG4,43.75,0.450000,1.00,-597.027,165.036,0.520856,0.194270
499,1RIJ,60.87,0.555600,1.00,-999.979,150.972,0.498964,0.316760
500,1RIK,82.76,0.634900,1.00,-1638.112,148.855,0.295516,0.565950
501,1RIM,78.79,0.616400,1.00,-1983.331,204.321,0.404856,0.617610
502,1RJI,50.81,0.427300,1.00,-1265.548,564.322,0.614280,0.288810
503,1RKL,60.42,0.642000,1.00,-2807.529,83.155,0.675767,0.444760
504,1RMK,41.13,0.373500,1.00,-1920.277,465.256,0.609566,0.202300
505,1RO3,40.31,0.402300,1.00,-1795.058,535.517,0.714863,0.326680
506,1ROO,42.86,0.424300,1.00,-2284.467,245.865,0.646615,0.302850
507,1RPB,48.81,0.438700,1.00,-972.822,237.155,0.516968,0.142630
508,1RPC,51.19,0.427300,1.00,-972.822,237.155,0.510356,0.128780
509,1RSW,41.67,0.410800,1.00,-254.493,56.908,0.494100,0.317670
510,1RSX,45.83,0.447400,1.00,-248.114,65.949,0.479929,0.244570
511,1RT0,41.67,0.474500,1.00,-248.114,65.949,0.539937,0.144380
512,1S4H,53.85,0.438700,1.00,-129.695,69.652,0.342440,0.197800
513,1S4J,51.92,0.453000,1.00,-83.727,66.954,0.448034,0.275030
514,1S4T,54.76,0.477100,1.00,-1135.050,93.415,0.579018,0.187370
515,1S4W,47.50,0.412200,1.00,-346.303,95.125,0.435881,0.206050
516,1S6W,36.90,0.399100,1.00,-933.822,182.645,0.820172,0.096640
517,1S6X,61.03,0.523200,1.00,-1926.578,264.470,0.376532,0.437450
518,1SBU,61.36,0.535500,1.00,-353.724,68.456,0.397470,0.341970
519,1SCO,77.63,0.591800,1.00,-2433.611,215.594,0.194217,0.613900
520,1SH1,65.10,0.526500,1.00,-1839.215,469.189,0.399876,0.539500
521,1SKH,55.83,0.546600,1.00,-2024.393,100.800,0.563295,0.426180
522,1SMZ,73.15,0.687000,1.00,-1576.615,93.498,0.280711,0.466550
523,1SOL,43.75,0.387300,1.00,-485.034,199.345,0.703166,0.120390
524,1SP1,75.86,0.611300,1.00,-1484.362,148.158,0.284165,0.515170
525,1SP2,79.84,0.637800,1.00,-1952.222,155.744,0.254333,0.569080
526,1SP7,68.75,0.472500,1.00,-1527.964,142.695,0.405589,0.261470
527,1SPF,79.29,0.758000,1.00,-2280.462,78.658,0.292125,0.633710
528,1SPW,78.21,0.528200,1.00,-2823.366,287.680,0.268391,0.617440
529,1SRB,64.29,0.482200,1.00,-1560.965,89.056,0.397573,0.244090
530,1SRK,70.00,0.598700,1.00,-2118.621,164.849,0.569865,0.560800
531,1SSL,61.46,0.488300,1.00,-3160.282,423.526,0.413189,0.461230
532,1SUT,30.68,0.351200,1.00,-842.533,145.575,0.796263,0.136650
533,1SX0,76.14,0.599600,1.00,-783.549,186.311,0.191810,0.263020
534,1SX1,78.41,0.588300,1.00,-826.682,186.708,0.221347,0.261150
535,1T0C,29.84,0.372300,1.00,-1300.839,187.708,0.876871,0.216180
536,1T2Y,49.00,0.467000,1.00,-1133.449,260.755,0.498880,0.144670
537,1T5M,48.08,0.376500,1.00,-397.118,63.548,0.542880,0.285230
538,1T5N,51.92,0.385700,1.00,-397.118,63.548,0.443432,0.224590
539,1T5Q,50.83,0.426900,1.00,-2226.893,126.575,0.954215,0.457550
540,1T9E,50.00,0.541800,1.00,-371.691,114.235,0.538485,0.246630
541,1TI5,87.50,0.633700,1.00,-3192.741,331.057,0.151840,0.773540
542,1TM6,52.27,0.458100,1.00,-969.354,127.595,0.447198,0.199370
543,1TMR,67.11,0.519200,1.00,-757.495,159.183,0.296005,0.161600
544,1TOR,45.00,0.431500,1.00,-233.672,94.887,0.460937,0.332170
545,1TOS,47.50,0.481400,1.00,-228.210,56.853,0.430008,0.299100
546,1TSK,73.57,0.583900,1.00,-2120.726,246.675,0.210525,0.475540
547,1TV0,42.19,0.420800,1.00,-1189.281,268.955,0.712696,0.323810
548,1TYK,65.44,0.506400,1.00,-1965.124,222.651,0.315426,0.441180
549,1U0P,59.26,0.464000,1.00,-1456.007,226.805,0.686926,0.362720
550,1U57,63.54,0.596000,1.00,-2662.702,223.571,0.697169,0.559920
551,1U6U,54.41,0.457100,1.00,-641.425,115.666,0.473680,0.241990
552,1U6V,54.41,0.452600,1.00,-641.425,115.666,0.463693,0.205350
553,1U85,76.52,0.619900,1.00,-2112.854,145.405,0.328383,0.560480
554,1U86,71.43,0.597500,1.00,-2482.045,169.452,0.553997,0.539180
555,1UAO,52.50,0.454300,1.00,-256.507,61.078,0.368666,0.214490
556,1UJL,34.52,0.274200,1.00,-2362.599,288.582,1.451153,0.268020
557,1UT3,82.89,0.605000,1.00,-2396.109,265.045,0.162141,0.652550
558,1UYA,54.69,0.540200,1.00,-448.896,120.725,0.482652,0.231900
559,1UYB,43.75,0.519600,1.00,-448.896,120.725,0.662731,0.140390
560,1V1D,77.42,0.661400,1.00,-2293.213,150.048,0.234623,0.531340
561,1V28,77.17,0.579600,1.00,-927.855,171.721,0.319247,0.361030
562,1V4Z,73.68,0.638800,1.00,-943.252,75.112,0.333909,0.364900
563,1V50,65.79,0.517300,1.00,-943.252,75.112,0.504303,0.258560
564,1V5A,46.43,0.461800,1.00,-1220.911,251.721,0.670958,0.232250
565,1V6R,59.52,0.514900,1.00,-1489.519,79.386,0.473688,0.212270
566,1V92,87.50,0.692500,1.00,-4302.869,208.254,0.139181,0.757270
567,1VA1,73.65,0.564600,1.00,-2011.973,206.193,0.394839,0.614640
568,1VA2,83.87,0.632600,1.00,-2073.991,155.895,0.165600,0.600790
569,1VA3,80.17,0.617400,1.00,-1491.915,160.829,0.232004,0.485330
570,1VB8,41.67,0.460700,1.00,-1644.792,314.171,0.532398,0.279040
571,1VD7,66.30,0.531800,1.00,-1491.958,48.203,0.428191,0.311820
572,1VD8,56.52,0.510100,1.00,-1355.332,83.673,0.554362,0.288860
573,1VD9,63.04,0.503100,1.00,-1483.597,66.496,0.540034,0.381430
574,1VDA,61.96,0.562000,1.00,-1477.397,72.510,0.722083,0.335720
575,1VDB,78.26,0.690900,1.00,-1491.958,48.203,0.213695,0.434050
576,1VII,71.53,0.581800,1.00,-2855.104,146.892,0.266407,0.497950
577,1VPC,55.00,0.593900,1.00,-3041.303,168.218,0.762987,0.541950
578,1VPU,44.44,0.414600,1.00,-3040.866,294.070,0.557061,0.396630
579,1VQX,34.21,0.444300,1.00,-440.430,127.985,0.731345,0.200170
580,1VTP,41.35,0.390400,1.00,-1081.395,142.461,0.667186,0.313100
581,1VTX,44.64,0.359500,1.00,-2130.028,476.291,0.778801,0.366530
582,1W1N,49.24,0.440400,1.00,-2445.199,140.210,0.672369,0.444320
583,1W4E,81.38,0.658900,1.00,-3437.399,233.590,0.240062,0.721040
584,1W4F,78.19,0.666300,1.00,-3454.615,240.045,0.324035,0.710050
585,1W4G,82.45,0.673600,1.00,-3374.860,236.960,0.185149,0.724870
586,1W4H,86.17,0.716200,1.00,-3139.016,235.617,0.239126,0.785180
587,1WAZ,48.91,0.442200,1.00,-4480.926,146.593,0.776608,0.485080
588,1WCT,67.31,0.527200,1.00,-166.540,102.850,0.298455,0.240210
589,1WM7,62.93,0.565100,1.00,-1391.154,206.221,0.349462,0.346430
590,1WM8,69.64,0.551600,1.00,-1313.532,168.558,0.242843,0.382310
591,1WMT,73.78,0.597400,1.00,-2772.964,289.665,0.208771,0.616210
592,1WN4,65.18,0.539800,1.00,-1471.358,246.690,0.379573,0.420390
593,1WN8,78.41,0.665800,1.00,-1291.094,80.527,0.319252,0.526140
594,1WNK,66.30,0.562700,1.00,-1483.597,66.496,0.485516,0.357470
595,1WNM,69.57,0.646700,1.00,-1355.332,83.673,0.415736,0.370190
596,1WNN,86.96,0.695300,1.00,-1477.397,72.510,0.291755,0.527580
597,1WO3,44.00,0.529700,1.00,-1079.753,73.544,0.878102,0.238000
598,1WO4,45.00,0.514700,1.00,-1248.931,54.247,0.755642,0.345070
599,1WO5,41.00,0.546400,1.00,-1545.120,31.604,0.886045,0.233140
600,1WO6,45.00,0.429800,1.00,-1128.419,180.525,0.723043,0.193970
601,1WO7,49.00,0.486300,1.00,-1324.960,110.930,0.606660,0.277600
602,1WO9,64.29,0.505800,1.00,-1607.135,320.961,0.646582,0.428280
603,1WPD,58.09,0.479000,1.00,-1989.997,198.790,0.527642,0.331170
604,1WQB,48.44,0.397400,1.00,-1803.228,285.634,0.867023,0.306620
605,1WQC,76.92,0.631900,1.00,-1639.894,106.270,0.257783,0.397120
606,1WQD,75.00,0.626400,1.00,-1911.211,106.639,0.532042,0.462940
607,1WQE,77.17,0.630100,1.00,-1252.422,88.528,0.206807,0.276030
608,1WQK,75.60,0.609800,1.00,-3242.690,411.124,0.276775,0.594960
609,1WR3,80.56,0.578300,1.00,-1635.217,286.204,0.322823,0.648520
610,1WR4,85.42,0.651800,1.00,-1749.440,299.594,0.171318,0.670300
611,1WR7,73.78,0.554200,1.00,-2314.543,297.984,0.555061,0.632220
612,1WT7,70.73,0.528600,1.00,-2867.488,349.994,0.400573,0.556060
613,1WT8,50.00,0.454400,1.00,-1265.548,564.322,0.605335,0.256260
614,1WXN,73.21,0.592600,1.00,-3033.501,368.110,0.265011,0.567970
615,1WZ4,54.35,0.451000,1.00,-1160.910,161.609,0.448032,0.253310
616,1WZ5,60.71,0.507700,1.00,-1860.941,233.701,0.359289,0.407330
617,1X22,64.88,0.658900,1.00,-2438.117,85.535,0.481233,0.599350
618,1X32,39.36,0.398200,1.00,-3244.058,264.058,0.751216,0.322220
619,1X5V,50.74,0.456300,1.00,-1984.578,363.081,0.628890,0.321350
620,1X7K,43.42,0.364100,1.00,-818.868,139.422,0.596905,0.131470
621,1XBH,51.92,0.436700,1.00,-474.380,98.305,0.552802,0.254430
622,1XC0,57.58,0.551100,1.00,-1855.417,126.108,0.718650,0.400580
623,1XF7,88.79,0.696900,1.00,-1656.940,150.943,0.148243,0.619230
624,1XOO,68.75,0.555100,1.00,-1153.980,82.636,0.402523,0.283830
625,1XOP,60.00,0.450300,1.00,-1164.802,91.311,0.610065,0.235290
626,1XRZ,89.17,0.669400,1.00,-1723.092,164.294,0.204202,0.644590
627,1XT7,53.85,0.439700,1.00,-397.118,63.548,0.401974,0.223660
628,1XUT,52.17,0.432200,1.00,-3254.029,319.272,0.704403,0.439130
629,1XV3,44.15,0.346700,1.00,-3100.357,295.843,1.029983,0.409180
630,1XXZ,56.82,0.423900,1.00,-277.409,55.293,0.424768,0.243200
631,1XY4,54.17,0.477400,1.00,-372.045,98.399,0.597503,0.182540
632,1XY6,52.08,0.449300,1.00,-378.477,102.037,0.352095,0.233360
633,1XY8,59.62,0.447000,1.00,-506.754,96.454,0.417752,0.138420
634,1XY9,59.09,0.438300,1.00,-369.510,66.136,0.380863,0.290130
635,1Y03,74.29,0.729200,1.00,-1172.157,49.309,0.280899,0.594920
636,1Y04,56.43,0.730900,1.00,-1172.157,49.309,0.679998,0.446490
637,1Y1B,73.96,0.618200,1.00,-3409.237,363.631,0.445414,0.638640
638,1Y1C,84.90,0.665400,1.00,-3389.183,356.353,0.205467,0.742000
639,1Y29,42.86,0.468300,1.00,-1191.277,240.030,0.665252,0.296600
640,1Y2P,72.06,0.591800,1.00,-1994.848,193.536,0.229308,0.496110
641,1Y32,77.08,0.636200,1.00,-1395.562,64.212,0.303312,0.489900
642,1Y4E,47.22,0.522400,1.00,-1721.238,117.334,0.548848,0.188550
643,1Y5C,61.36,0.479400,1.00,-194.840,80.499,0.352062,0.234950
644,1YIU,79.73,0.645100,1.00,-2114.646,291.875,0.297171,0.621030
645,1YMZ,75.00,0.560300,1.00,-2471.260,246.767,0.401198,0.630230
646,1YP8,68.94,0.514000,1.00,-1775.818,372.458,0.375976,0.460910
647,1YT6,67.50,0.544700,1.00,-288.355,71.425,0.398173,0.261610
648,1YTR,62.50,0.550800,1.00,-1447.583,74.572,0.634307,0.350330
649,1YV8,85.33,0.652400,1.00,-3137.531,264.585,0.181557,0.773490
650,1YVA,82.07,0.647300,1.00,-3137.531,264.585,0.216462,0.702700
651,1YWJ,62.80,0.543200,1.00,-2130.975,297.070,0.543874,0.489610
652,1YYB,69.44,0.625100,1.00,-1502.807,107.806,0.442743,0.420220
653,1Z0Q,38.10,0.509000,1.00,-2482.134,130.792,0.762636,0.331480
654,1Z2T,67.39,0.581400,1.00,-1699.763,100.201,0.488472,0.398150
655,1Z65,71.67,0.567500,1.00,-1880.281,124.674,0.281648,0.457080
656,1Z6V,44.90,0.421100,1.00,-3144.408,374.359,0.882537,0.368900
657,1Z6W,29.08,0.298400,1.00,-3069.123,284.310,1.312043,0.241950
658,1Z99,61.31,0.456400,1.00,-1928.092,368.672,0.364911,0.543270
659,1ZA8,68.55,0.554800,1.00,-1850.823,306.709,0.305153,0.436770
660,1ZAQ,57.39,0.522000,1.00,-2702.915,351.079,0.656434,0.429600
661,1ZDA,69.74,0.555500,1.00,-2834.091,158.541,0.448388,0.515070
662,1ZDB,66.45,0.569100,1.00,-2834.091,158.541,0.362577,0.438070
663,1ZFD,78.91,0.645300,1.00,-2034.494,127.564,0.215346,0.560390
664,1ZFU,68.75,0.526300,1.00,-2160.428,359.899,0.406737,0.549330
665,1ZJQ,69.85,0.563600,1.00,-2101.888,308.247,0.300152,0.452700
666,1ZNM,82.14,0.649600,1.00,-1721.874,117.336,0.163911,0.417420
667,1ZNU,66.38,0.553700,1.00,-1707.838,325.839,0.359629,0.388820
668,1ZR7,85.83,0.653300,1.00,-1672.091,178.756,0.222168,0.626680
669,1ZRV,77.00,0.687000,1.00,-1761.260,62.566,0.227966,0.364630
670,1ZRW,63.00,0.598700,1.00,-1761.260,62.566,0.422449,0.333870
671,1ZRX,58.33,0.680100,1.00,-2177.963,252.645,0.497125,0.464240
672,1ZTA,79.29,0.691000,1.00,-2543.613,84.854,0.264206,0.692710
673,1ZTN,43.33,0.386500,1.00,-808.932,373.538,0.502939,0.229580
674,1ZTO,47.97,0.404100,1.00,-2452.270,112.999,0.876817,0.369380
675,1ZUE,57.74,0.427800,1.00,-2726.353,311.659,0.632030,0.454560
676,1ZUF,54.76,0.418600,1.00,-2726.353,311.659,0.703689,0.415420
677,1ZUV,68.33,0.501700,1.00,-1919.292,238.542,0.469204,0.454810
678,1ZWA,41.91,0.532800,1.00,-2492.215,93.562,0.864556,0.323730
679,1ZWB,48.61,0.535800,1.00,-2727.657,86.003,0.867175,0.414540
680,1ZWC,47.30,0.563700,1.00,-2830.387,85.806,0.657833,0.351060
681,1ZWD,51.43,0.550700,1.00,-2573.935,84.852,0.663817,0.371210
682,1ZWE,50.00,0.545400,1.00,-2563.753,85.138,0.677939,0.410510
683,1ZWU,73.33,0.593200,1.00,-1449.091,328.692,0.277666,0.479780
684,2A1C,66.18,0.543800,1.00,-897.762,70.370,0.427813,0.305980
685,2A2B,46.34,0.428200,1.00,-2305.312,206.029,0.554780,0.337230
686,2A2V,67.65,0.511900,1.00,-2138.712,222.523,0.369734,0.464440
687,2A51,53.85,0.562700,1.00,-1810.116,290.475,0.482196,0.396170
688,2AAP,72.79,0.570000,1.00,-2031.105,305.941,0.291149,0.526930
689,2AB3,81.90,0.659800,1.00,-1890.020,108.668,0.205151,0.545450
690,2AB7,81.03,0.623100,1.00,-1710.498,171.079,0.173179,0.535210
691,2AB9,32.26,0.276800,1.00,-1051.886,346.939,0.861712,0.193490
692,2ADX,43.12,0.444900,1.00,-1919.662,528.217,0.658906,0.289020
693,2AJJ,82.14,0.702200,1.00,-2159.131,55.491,0.182524,0.525950
694,2AJM,83.93,0.717300,1.00,-2159.131,55.491,0.229490,0.570790
695,2AJN,82.14,0.706100,1.00,-2159.131,55.491,0.195405,0.564300
696,2AJO,83.93,0.717300,1.00,-2159.131,55.491,0.229490,0.570790
697,2AJW,63.64,0.526300,1.00,-856.779,132.512,0.366498,0.220250
698,2AK0,60.87,0.543200,1.00,-1029.514,165.503,0.448683,0.247300
699,2AMN,55.77,0.584400,1.00,-1862.662,71.055,0.499469,0.317220
700,2AP7,91.25,0.768300,1.00,-764.081,74.931,0.173324,0.491540
701,2AP8,83.75,0.752200,1.00,-764.081,74.931,0.252120,0.455360
702,2ARI,59.62,0.560400,1.00,-2220.256,68.474,0.580424,0.473630
703,2ATG,61.11,0.552100,1.00,-756.389,82.760,0.382411,0.263420
704,2AXK,80.92,0.627400,1.00,-2582.716,265.270,0.158369,0.599100
705,2B0Y,75.00,0.664200,1.00,-868.984,97.198,0.303898,0.314860
706,2B19,40.97,0.368900,1.00,-2675.959,149.343,1.280568,0.338020
707,2B38,70.16,0.552100,1.00,-1494.728,307.521,0.368725,0.476240
708,2B4N,39.88,0.282400,1.00,-3332.510,162.196,1.212905,0.329000
709,2B5B,34.72,0.358200,1.00,-1413.633,455.334,0.685703,0.227350
710,2B5P,54.55,0.438300,1.00,-290.708,75.256,0.421982,0.173540
711,2B5Q,47.73,0.444400,1.00,-290.708,75.256,0.472967,0.160060
712,2B68,69.19,0.532000,1.00,-2615.416,332.663,0.511481,0.596100
713,2B9K,66.49,0.538400,1.00,-3306.271,318.807,0.594052,0.527250
714,2BAI,41.41,0.333800,1.00,-1737.912,253.203,0.959329,0.267380
715,2BAO,65.00,0.530300,1.00,-257.226,72.855,0.364612,0.221400
716,2BAU,60.00,0.503000,1.00,-257.226,72.855,0.277855,0.418410
717,2BBG,67.50,0.513000,1.00,-2245.159,329.007,0.288979,0.506090
718,2BBL,32.95,0.522100,1.00,-673.703,146.892,0.987263,0.190180
719,2BBP,32.95,0.515000,1.00,-673.703,146.892,1.125801,0.106250
720,2BBX,70.41,0.586400,1.00,-2014.160,368.217,0.271576,0.571460
723,2BDS,59.88,0.430400,1.00,-2805.821,445.392,0.319508,0.461950
724,2BEY,45.31,0.430900,1.00,-411.224,136.036,0.473933,0.204940
725,2BL6,49.32,0.464100,1.00,-1786.396,245.453,0.541689,0.395510
726,2BMT,81.76,0.617600,1.00,-2533.685,193.331,0.163913,0.651960
727,2BN6,68.94,0.576100,1.00,-2547.656,117.631,0.356666,0.474200
728,2BP4,29.69,0.351700,1.00,-502.948,108.909,0.741481,0.107190
729,2BTG,82.45,0.668800,1.00,-3321.328,270.782,0.308332,0.739290
730,2BTH,79.26,0.677200,1.00,-3321.328,270.782,0.281204,0.703010
731,2C6A,69.02,0.478200,1.00,-2380.552,359.072,0.419687,0.609690
732,2C6B,66.85,0.475600,1.00,-2380.552,359.072,0.447658,0.570550
733,2CBH,75.69,0.614500,1.00,-1921.448,241.958,0.258619,0.518810
734,2CEF,51.32,0.443500,1.00,-629.118,161.963,0.462635,0.107840
735,2CEH,43.42,0.409400,1.00,-629.118,161.963,0.699476,0.183710
736,2CEZ,43.42,0.417500,1.00,-629.118,161.963,0.529404,0.210700
737,2CFJ,44.74,0.417600,1.00,-629.118,161.963,0.573744,0.175020
738,2CK4,75.00,0.612800,1.00,-2424.604,228.279,0.210023,0.579820
739,2CK5,75.00,0.588000,1.00,-1586.724,254.759,0.201893,0.447720
740,2CQ7,58.16,0.514500,1.00,-2567.254,264.882,0.549260,0.483610
741,2CRD,81.08,0.631900,1.00,-2449.017,222.030,0.184188,0.611890
742,2CSA,43.42,0.420800,1.00,-387.876,191.876,0.495951,0.152470
743,2CTI,76.72,0.636000,1.00,-1764.741,187.741,0.257609,0.482470
744,2CYU,70.62,0.519900,1.00,-2767.631,197.991,0.446947,0.560370
745,2DCI,78.75,0.661500,1.00,-902.668,84.509,0.206562,0.278040
746,2DCO,23.53,0.298800,1.00,-1677.583,240.394,0.936267,0.226000
747,2DCV,55.95,0.396200,1.00,-2209.208,860.616,0.436441,0.430680
748,2DCW,54.17,0.389800,1.00,-2321.801,800.437,0.518964,0.433750
749,2DDL,68.94,0.594200,1.00,-2202.742,177.892,0.359162,0.436560
750,2DI2,72.41,0.594300,1.00,-1305.272,179.898,0.358949,0.401930
751,2DJ9,69.57,0.562400,1.00,-999.238,183.788,0.444506,0.269800
752,2DJC,78.26,0.572100,1.00,-929.365,165.084,0.299957,0.356320
753,2DMV,66.86,0.533200,1.00,-1804.402,299.508,0.612587,0.579980
754,2DQ5,67.02,0.540500,1.00,-3159.031,311.055,0.361173,0.579510
755,2DTB,75.00,0.704700,1.00,-1773.908,68.467,0.273654,0.480170
756,2DWF,50.74,0.454000,1.00,-2735.056,158.279,0.521923,0.409110
757,2DX2,59.09,0.507800,1.00,-325.477,98.851,0.336179,0.313830
758,2DX3,41.67,0.431000,1.00,-754.383,123.495,0.630495,0.203110
759,2DX4,48.61,0.479600,1.00,-754.383,123.495,0.636660,0.113200
760,2E1X,68.52,0.533600,1.00,-1162.136,173.960,0.366224,0.342660
761,2E2F,81.10,0.627800,1.00,-2504.816,336.087,0.165085,0.660540
762,2E3E,53.89,0.449500,1.00,-2960.199,283.728,0.470546,0.414110
763,2E3F,52.91,0.430100,1.00,-2858.217,327.883,0.615929,0.398270
764,2E3G,56.88,0.450500,1.00,-2614.630,350.656,0.737021,0.447560
765,2E4E,62.50,0.484600,1.00,-263.832,60.147,0.406437,0.290900
766,2E5T,77.17,0.595900,1.00,-3467.682,146.850,0.171526,0.664520
767,2E5U,46.88,0.374400,1.00,-2838.882,170.044,1.339843,0.375810
768,2E72,53.06,0.482500,1.00,-2581.758,247.911,0.685275,0.436750
769,2EBQ,61.17,0.428900,1.00,-2472.124,468.672,0.460987,0.509490
770,2EBR,56.91,0.381800,1.00,-2260.432,320.379,0.980736,0.507480
771,2EC7,45.41,0.489600,1.00,-2077.269,457.630,0.640638,0.333310
772,2EEM,77.21,0.612600,1.00,-2046.427,204.166,0.238193,0.527860
773,2EFZ,57.81,0.504100,1.00,-489.284,155.077,0.411139,0.156930
774,2EKK,81.91,0.693500,1.00,-3454.484,226.257,0.444930,0.738480
775,2EL4,54.89,0.489900,1.00,-2414.195,304.082,0.765213,0.461480
776,2EL5,65.48,0.541700,1.00,-1953.080,212.927,0.628392,0.529890
777,2EL6,56.52,0.512500,1.00,-2070.713,399.268,0.727919,0.502560
778,2ELM,68.92,0.518800,1.00,-2160.217,201.697,0.558506,0.538000
779,2ELN,71.71,0.571700,1.00,-2005.348,208.761,0.552247,0.551720
780,2ELO,69.59,0.561700,1.00,-2074.416,187.783,0.701250,0.557060
781,2ELP,69.59,0.532400,1.00,-2217.062,242.515,0.518652,0.538240
782,2ELQ,72.22,0.525000,1.00,-1888.965,179.299,0.603374,0.538360
783,2ELR,75.69,0.597200,1.00,-1556.538,169.178,0.370068,0.594330
784,2ELS,73.61,0.572100,1.00,-2318.361,167.773,0.714383,0.631900
785,2ELT,76.39,0.581900,1.00,-1998.672,164.930,0.567230,0.609240
786,2ELU,74.32,0.641300,1.00,-1682.467,203.656,0.515213,0.611210
787,2ELV,72.22,0.519600,1.00,-1910.206,204.322,0.776247,0.600580
788,2ELW,72.97,0.606700,1.00,-1828.763,211.348,0.471648,0.578040
789,2ELX,82.14,0.665900,1.00,-1881.027,166.932,0.346815,0.634620
790,2ELY,60.33,0.530800,1.00,-2029.110,299.545,0.704777,0.501110
791,2ELZ,55.43,0.537700,1.00,-2211.295,253.979,0.821947,0.498890
792,2EM0,61.41,0.514600,1.00,-2462.340,265.308,0.785083,0.512100
793,2EM1,60.80,0.556000,1.00,-2174.022,218.055,0.709191,0.487440
794,2EM2,54.89,0.516000,1.00,-1870.133,351.769,0.796081,0.502510
795,2EM3,55.43,0.559800,1.00,-1992.125,243.507,0.969687,0.476700
796,2EM4,54.35,0.542800,1.00,-2012.358,267.675,0.883320,0.492940
797,2EM5,60.33,0.506600,1.00,-2065.200,258.940,0.606006,0.522360
798,2EM6,58.15,0.577100,1.00,-2164.840,239.821,0.689874,0.509570
799,2EM7,66.85,0.605100,1.00,-2165.750,285.748,0.401173,0.561200
800,2EM8,59.24,0.552200,1.00,-2263.149,291.502,0.772755,0.490280
801,2EM9,53.26,0.536900,1.00,-2010.236,396.856,1.017914,0.480650
802,2EMA,64.13,0.555700,1.00,-2109.762,289.965,0.568426,0.574020
803,2EMB,59.66,0.519200,1.00,-2234.119,284.584,0.850047,0.508640
804,2EMC,60.33,0.585100,1.00,-1987.528,293.562,0.619818,0.495050
805,2EME,54.89,0.524300,1.00,-2527.526,238.404,0.855542,0.491600
806,2EMF,64.67,0.571700,1.00,-1971.380,267.309,0.726890,0.580350
807,2EMG,57.07,0.530200,1.00,-2196.611,283.508,0.758228,0.539020
808,2EMH,59.24,0.551400,1.00,-2180.068,300.141,0.597440,0.537520
809,2EMI,55.98,0.547700,1.00,-2043.073,344.865,0.745178,0.481580
810,2EMJ,55.43,0.521300,1.00,-1880.800,235.741,0.726375,0.449190
811,2EMK,61.96,0.579700,1.00,-2127.660,236.427,0.498807,0.503350
812,2EML,58.15,0.524600,1.00,-1981.010,262.677,0.670327,0.501370
813,2EMM,63.59,0.549600,1.00,-1964.902,248.693,0.532728,0.541480
814,2EMP,58.70,0.577700,1.00,-2065.755,361.411,0.609958,0.507360
815,2EMV,60.80,0.627100,1.00,-1753.727,294.545,0.602117,0.540340
816,2EMW,63.64,0.594600,1.00,-2226.403,230.259,0.649130,0.534010
817,2EMX,63.64,0.571600,1.00,-1990.225,241.678,0.538024,0.510190
818,2EMY,55.43,0.560600,1.00,-2184.499,235.775,0.820567,0.484350
819,2EMZ,61.41,0.546700,1.00,-2257.671,179.614,0.652591,0.545300
820,2EN0,64.88,0.611400,1.00,-2058.663,283.250,0.554304,0.530460
821,2EN1,58.15,0.503900,1.00,-1798.487,277.681,0.750196,0.493260
822,2EN2,60.71,0.585800,1.00,-2185.699,315.203,0.629168,0.513320
823,2EN3,60.87,0.574000,1.00,-2498.971,260.512,0.725942,0.524750
824,2EN4,63.59,0.578700,1.00,-2198.648,233.705,0.535892,0.530820
825,2EN6,58.15,0.494000,1.00,-2095.275,271.349,0.660262,0.496580
826,2EN7,61.93,0.550400,1.00,-2101.549,217.339,0.678330,0.493810
827,2EN8,58.15,0.595000,1.00,-2217.358,235.784,0.865879,0.509230
828,2EN9,59.78,0.585500,1.00,-1804.240,269.136,0.558486,0.498240
829,2ENA,54.89,0.551700,1.00,-1977.354,357.470,1.067575,0.466290
830,2ENC,57.61,0.534800,1.00,-2205.262,204.191,0.621939,0.498600
831,2ENE,59.24,0.559900,1.00,-2234.311,262.673,0.694567,0.509130
832,2ENF,53.26,0.514400,1.00,-1506.188,442.760,1.037576,0.462310
833,2ENH,59.78,0.572800,1.00,-2233.059,269.328,0.697929,0.486860
834,2ENT,58.33,0.549300,1.00,-2267.974,401.883,0.655953,0.494550
835,2EOE,52.17,0.576300,1.00,-1991.899,345.451,0.867657,0.439170
836,2EOF,64.20,0.569200,1.00,-1910.226,310.203,0.536102,0.530880
837,2EOG,60.23,0.570500,1.00,-2097.860,306.666,0.752198,0.526640
838,2EOH,54.35,0.542700,1.00,-2004.757,317.942,0.724727,0.430100
839,2EOI,59.66,0.494800,1.00,-2222.955,219.755,0.656717,0.516110
840,2EOJ,60.23,0.529000,1.00,-1920.298,305.721,0.567923,0.475560
841,2EOK,62.50,0.569000,1.00,-2207.975,212.934,0.644876,0.521170
842,2EOL,66.07,0.554000,1.00,-1886.611,265.697,0.628683,0.552630
843,2EOM,54.89,0.507000,1.00,-2027.339,277.612,0.819694,0.507260
844,2EON,53.80,0.547000,1.00,-1806.380,303.718,0.773848,0.447450
845,2EOO,63.59,0.530200,1.00,-2556.121,242.887,0.779914,0.554940
846,2EOP,54.89,0.557300,1.00,-1810.528,384.293,0.895827,0.474400
847,2EOQ,65.76,0.555600,1.00,-2098.171,282.474,0.472060,0.550380
848,2EOR,57.61,0.604700,1.00,-1988.871,291.026,0.709114,0.472910
849,2EOS,63.10,0.579100,1.00,-2264.985,211.525,0.523003,0.514270
850,2EOU,67.05,0.567600,1.00,-1846.577,255.875,0.363579,0.583580
851,2EOV,57.07,0.563000,1.00,-2222.251,295.460,0.895100,0.502440
852,2EOW,60.87,0.583500,1.00,-1824.061,355.853,0.677609,0.511620
853,2EOX,59.09,0.513100,1.00,-2283.296,226.118,0.597454,0.489970
854,2EOY,53.80,0.499000,1.00,-2263.115,271.825,0.922375,0.473790
855,2EOZ,60.33,0.551700,1.00,-2730.684,280.347,0.762390,0.515610
856,2EP0,57.61,0.557400,1.00,-2103.258,270.183,0.793359,0.465530
857,2EP1,58.15,0.585500,1.00,-2073.032,259.386,0.705845,0.530120
858,2EP2,56.52,0.548800,1.00,-1845.634,334.719,0.753042,0.479930
859,2EP3,59.24,0.569200,1.00,-2079.618,317.534,0.724289,0.543070
860,2EPC,63.69,0.494000,1.00,-2100.085,190.759,0.736551,0.579400
861,2EPQ,53.33,0.537000,1.00,-2160.794,346.393,0.755473,0.416780
862,2EPR,52.08,0.481300,1.00,-2241.240,367.799,0.677882,0.474070
863,2EPT,64.63,0.521300,1.00,-1981.334,269.216,0.650026,0.541950
864,2EPU,57.78,0.528400,1.00,-1968.737,235.477,0.915363,0.508330
865,2EPV,59.66,0.550600,1.00,-2145.694,298.062,0.798836,0.528210
866,2EPW,54.35,0.503400,1.00,-2124.391,246.821,0.851471,0.460770
867,2EPX,63.83,0.585400,1.00,-2509.232,272.529,0.603688,0.567730
868,2EPY,66.07,0.581400,1.00,-1768.604,284.226,0.681234,0.545460
869,2EPZ,61.96,0.607000,1.00,-1955.043,267.724,0.608952,0.515890
870,2EQ0,58.70,0.565300,1.00,-2077.589,227.329,0.824772,0.507410
871,2EQ1,54.89,0.533600,1.00,-1829.567,307.860,0.786113,0.444680
872,2EQ2,46.74,0.464200,1.00,-1969.918,301.635,1.004039,0.394860
873,2EQ3,53.80,0.547100,1.00,-1632.008,312.290,0.736659,0.458780
874,2EQ4,49.46,0.426600,1.00,-2015.773,298.481,0.820496,0.418120
875,2EQE,48.44,0.445600,1.00,-2540.676,291.552,1.025525,0.379460
876,2EQF,49.46,0.395000,1.00,-2184.206,325.435,1.068803,0.389170
877,2EQG,37.24,0.452600,1.00,-2713.170,296.675,0.934611,0.289500
878,2EQH,72.83,0.523300,1.00,-905.428,177.858,0.381186,0.285000
879,2EQQ,66.07,0.548400,1.00,-1212.559,254.571,0.473500,0.397950
880,2EQT,71.43,0.594900,1.00,-1212.559,254.571,0.348567,0.424830
881,2EQW,57.74,0.545500,1.00,-2086.907,230.054,0.571870,0.462730
882,2ERI,69.35,0.586500,1.00,-1730.088,418.745,0.329003,0.404420
883,2ESX,57.89,0.414800,1.00,-717.167,141.604,0.448798,0.211320
884,2ESZ,57.89,0.386500,1.00,-690.673,111.456,0.453799,0.241910
885,2ETI,56.25,0.464000,1.00,-1625.376,198.259,0.438144,0.246660
886,2EVQ,56.25,0.521900,1.00,-451.556,64.264,0.397109,0.176640
887,2EYA,82.07,0.647000,1.00,-3137.531,264.585,0.205565,0.725510
888,2EYB,80.98,0.659500,1.00,-3137.531,264.585,0.197126,0.712760
889,2EYC,78.26,0.613300,1.00,-3202.313,300.180,0.194081,0.665580
890,2EYD,80.43,0.641800,1.00,-3137.531,264.585,0.200520,0.691730
891,2F2I,73.28,0.588600,1.00,-1374.248,317.409,0.297397,0.459590
892,2F2J,68.10,0.563200,1.00,-1298.894,301.046,0.378890,0.408670
893,2F5H,34.46,0.307100,1.00,-1959.676,219.793,0.745981,0.289490
896,2FJ4,39.86,0.387500,1.00,-1959.676,219.793,0.635236,0.304410
897,2FJ5,41.22,0.398100,1.00,-1959.676,219.793,0.580051,0.311620
898,2FQA,64.81,0.488000,1.00,-1451.701,413.539,0.426199,0.287400
899,2FR9,53.85,0.479400,1.00,-398.966,141.448,0.511336,0.298980
900,2FRB,48.08,0.427600,1.00,-251.912,78.226,0.458262,0.220020
901,2FXY,69.44,0.562900,1.00,-658.847,106.394,0.426909,0.371460
902,2FXZ,63.46,0.518300,1.00,-450.918,95.169,0.322143,0.326180
903,2G6U,53.33,0.484400,1.00,-357.115,138.595,0.425113,0.216500
904,2G9L,64.86,0.701500,1.00,-2400.122,82.267,0.476980,0.563110
905,2G9P,75.00,0.658600,1.00,-1467.697,95.396,0.242036,0.417770
906,2GD3,65.62,0.597400,1.00,-1278.999,58.514,0.486649,0.374660
907,2GDL,44.35,0.485300,1.00,-2091.940,104.954,0.668793,0.358870
908,2GFR,43.18,0.447500,1.00,-350.527,107.180,0.377486,0.261340
909,2GJ0,63.71,0.498900,1.00,-1767.345,284.049,0.628628,0.407760
910,2GL1,89.36,0.663600,1.00,-2883.044,301.431,0.117742,0.806320
911,2GOF,58.57,0.532500,1.00,-2279.749,67.291,0.616240,0.501350
912,2GOH,64.29,0.536800,1.00,-2208.043,62.305,0.491080,0.474300
913,2GP8,84.38,0.703000,1.00,-2812.703,106.859,0.215514,0.726490
914,2GQE,81.25,0.610700,1.00,-1722.194,197.219,0.443820,0.646630
915,2GW9,45.31,0.389900,1.00,-1211.948,246.945,0.735329,0.321050
916,2GWP,46.09,0.407000,1.00,-1491.545,298.716,0.681766,0.271550
917,2GX1,59.48,0.507700,1.00,-1736.538,195.314,0.363454,0.270660
918,2H1Z,46.15,0.399500,1.00,-1645.302,480.472,0.682947,0.282240
919,2H9X,56.91,0.468700,1.00,-2480.366,570.140,0.409126,0.483450
920,2HFR,71.30,0.630200,1.00,-2017.699,64.143,0.296175,0.312620
921,2HGO,36.11,0.347100,1.00,-1272.369,302.469,0.871708,0.270420
922,2HLG,32.69,0.329200,1.00,-2027.583,479.180,0.847114,0.247120
923,2HM3,39.52,0.378500,1.00,-1644.017,153.005,0.903208,0.254730
924,2HM4,41.94,0.378400,1.00,-1615.750,219.458,0.776593,0.266610
925,2HM5,37.10,0.374700,1.00,-1615.750,219.458,0.914868,0.233780
926,2HM6,48.39,0.377800,1.00,-1831.654,185.808,0.720087,0.345760
927,2HN8,51.97,0.408500,1.00,-3388.643,180.555,1.339677,0.443910
928,2I1P,72.92,0.568800,1.00,-2159.665,321.089,0.401359,0.620150
929,2I1T,68.75,0.480600,1.00,-1642.460,333.426,0.407615,0.500150
930,2I5O,84.62,0.694100,1.00,-2796.359,170.558,0.314760,0.723070
931,2I9M,51.47,0.523100,1.00,-574.740,146.404,0.317745,0.229020
932,2I9N,47.73,0.393900,1.00,-2019.563,172.786,0.741282,0.339440
933,2I9O,48.65,0.397700,1.00,-1968.101,158.303,0.558310,0.382920
934,2IFJ,62.50,0.485100,1.00,-376.634,87.601,0.387575,0.284630
935,2IGU,68.75,0.533600,1.00,-355.111,81.283,0.355824,0.281750
936,2IH6,50.00,0.439700,1.00,-334.329,88.114,0.444589,0.300230
937,2IMU,48.91,0.444700,1.00,-3256.175,195.404,1.193725,0.409730
938,2IT7,57.14,0.441700,1.00,-1625.376,198.259,0.495227,0.293880
939,2IV4,37.50,0.424200,1.00,-345.037,82.233,0.526905,0.184880
940,2IV5,31.52,0.356800,1.00,-434.369,138.391,0.759835,0.127120
941,2IV6,29.35,0.435400,1.00,-529.761,113.322,0.886325,0.098100
942,2IWJ,48.15,0.457500,1.00,-1162.136,173.960,0.577264,0.264330
943,2J15,60.00,0.453800,1.00,-499.497,103.166,0.387205,0.243480
944,2J8P,47.96,0.540700,1.00,-3825.316,192.316,0.980590,0.408850
945,2JM0,82.86,0.661700,1.00,-2813.642,172.484,0.143532,0.618280
946,2JM2,22.22,0.184400,1.00,-1629.784,462.115,1.756527,0.166410
947,2JM4,76.74,0.590700,1.00,-2027.399,303.427,0.287282,0.630560
948,2JMY,41.67,0.451400,1.00,-445.915,154.347,0.465835,0.149210
949,2JN5,56.25,0.469100,1.00,-313.491,102.931,0.410219,0.195840
950,2JNH,78.26,0.625300,1.00,-4111.942,187.851,0.281869,0.686620
951,2JNI,61.90,0.423700,1.00,-1364.753,183.352,0.678201,0.218500
952,2JOC,66.22,0.543300,1.00,-2181.562,261.449,0.342823,0.500580
953,2JOF,61.25,0.515900,1.00,-647.990,153.785,0.525412,0.282120
954,2JOS,80.68,0.625000,1.00,-1564.985,29.493,0.220015,0.533960
955,2JOU,38.24,0.290800,1.00,-2735.056,158.279,1.006630,0.289790
956,2JP6,62.16,0.521400,1.00,-1792.773,232.371,0.542686,0.436570
957,2JPJ,50.00,0.530100,1.00,-2310.761,175.219,0.788224,0.369430
958,2JPK,46.43,0.327000,1.00,-2391.846,186.998,0.806251,0.238980
959,2JPL,39.74,0.510400,1.00,-2310.761,175.219,0.735655,0.396670
960,2JPM,37.14,0.282200,1.00,-2391.846,186.998,1.322370,0.253540
961,2JPW,38.28,0.359500,1.00,-1293.760,178.477,1.017380,0.241100
962,2JPX,64.29,0.679600,1.00,-2238.143,73.729,0.537343,0.485530
963,2JQ2,58.33,0.469600,1.00,-389.229,133.105,0.353127,0.255070
964,2JQB,56.67,0.516500,1.00,-495.600,115.683,0.461918,0.159830
965,2JQC,50.00,0.540500,1.00,-495.600,115.683,0.423494,0.195220
966,2JQW,42.65,0.451700,1.00,-720.817,189.946,0.550358,0.194910
967,2JR3,32.14,0.367800,1.00,-2098.753,392.229,0.825202,0.266650
968,2JR8,63.10,0.634900,1.00,-2225.866,101.108,0.479836,0.548330
969,2JRD,49.07,0.406700,1.00,-1058.268,124.575,0.784506,0.321510
970,2JRV,56.67,0.482800,1.00,-679.822,156.294,0.435385,0.251810
971,2JRW,44.57,0.377400,1.00,-993.319,153.542,0.517620,0.176360
972,2JRY,34.78,0.316100,1.00,-3041.754,456.534,0.884675,0.292450
973,2JSB,64.29,0.412500,1.00,-1152.699,149.761,0.641182,0.245380
974,2JTA,47.50,0.407600,1.00,-317.583,54.770,0.439812,0.204610
975,2JTB,71.21,0.564800,1.00,-1404.989,292.860,0.340630,0.452520
976,2JTU,33.55,0.384900,1.00,-2009.174,460.296,0.783637,0.286090
977,2JTW,71.00,0.648400,1.00,-1549.361,87.145,0.344282,0.394380
978,2JUE,26.72,0.300300,1.00,-1553.328,346.299,0.813856,0.223960
979,2JUI,38.64,0.338200,1.00,-2058.850,237.781,0.969995,0.307710
980,2JUQ,55.77,0.487900,1.00,-369.037,110.585,0.351746,0.245820
981,2JUR,50.00,0.462000,1.00,-435.638,102.293,0.462054,0.277760
982,2JUS,61.54,0.455400,1.00,-406.901,90.459,0.423073,0.236470
983,2JUT,53.85,0.477900,1.00,-242.396,107.957,0.550129,0.242350
984,2JUY,39.29,0.361900,1.00,-1714.719,227.674,0.677677,0.286670
985,2JVX,93.75,0.727500,1.00,-1709.494,123.421,0.140783,0.734500
986,2JVY,83.04,0.646600,1.00,-1843.036,116.293,0.306475,0.610130
987,2JWG,75.00,0.631000,1.00,-2468.440,266.817,0.252368,0.617270
988,2JWH,45.31,0.402300,1.00,-2069.653,389.217,0.786944,0.357520
989,2JWM,62.07,0.523000,1.00,-1629.688,309.580,0.439163,0.342270
990,2JXF,68.33,0.694400,1.00,-2419.075,94.324,0.380683,0.511510
991,2JY0,63.89,0.590000,1.00,-1663.518,88.538,0.469667,0.375550
992,2JYD,40.76,0.426900,1.00,-2242.040,321.049,0.655245,0.339100
993,2JYP,44.44,0.419400,1.00,-3103.428,140.061,0.644834,0.312270
994,2K10,50.78,0.674800,1.00,-2170.674,53.918,0.513203,0.254450
995,2K1A,73.21,0.692700,1.00,-2796.707,162.502,0.349377,0.645450
996,2K1I,68.75,0.548800,1.00,-1344.911,233.716,0.260362,0.474390
997,2K1P,78.03,0.597600,1.00,-1470.642,255.837,0.245607,0.511920
998,2K2Y,67.31,0.532500,1.00,-2413.450,333.200,0.304874,0.480140
999,2K2Z,62.18,0.482800,1.00,-1890.416,280.803,0.516281,0.455460
1000,2K44,50.00,0.507500,1.00,-2175.667,146.679,0.677543,0.386710
1001,2K4U,84.46,0.662000,1.00,-2120.558,224.912,0.139863,0.671100
1004,2K6O,67.57,0.679400,1.00,-2840.598,143.579,0.352168,0.527460
1005,2K6R,81.03,0.572000,1.00,-1802.617,137.658,0.242471,0.520920
1006,2K72,70.27,0.562200,1.00,-2520.848,342.059,0.249314,0.492440
1007,2K76,70.00,0.647100,1.00,-1930.923,129.707,0.259509,0.420460
1008,2K7G,62.07,0.516300,1.00,-1807.047,321.978,0.486172,0.312660
1009,2K7Y,36.67,0.420400,1.00,-3268.926,197.959,0.880099,0.289310
1010,2K84,35.83,0.364400,1.00,-2112.053,114.701,0.854556,0.269840
1012,2K98,56.25,0.624000,1.00,-1289.764,56.818,0.757106,0.325960
1013,2K9D,65.34,0.563500,1.00,-4142.624,187.435,0.335469,0.490830
1014,2K9O,68.06,0.559200,1.00,-2036.889,245.597,0.332953,0.518350
1015,2KAM,91.35,0.754000,1.00,-1773.908,68.467,0.124982,0.635730
1016,2KB8,52.70,0.416200,1.00,-2520.796,143.475,1.419795,0.421670
1017,2KB9,59.66,0.496700,1.00,-2051.670,535.185,0.303507,0.458910
1018,2KBL,56.03,0.526800,1.00,-1507.826,301.039,0.543543,0.341540
1019,2KCF,72.92,0.599000,1.00,-1981.576,250.541,0.361309,0.539950
1020,2KCG,65.00,0.512000,1.00,-1873.626,339.313,0.467358,0.349390
1021,2KCH,68.10,0.568400,1.00,-1603.346,291.833,0.383947,0.424380
1023,2KDT,36.11,0.305800,1.00,-3601.574,167.951,1.658856,0.291100
1024,2KE3,36.63,0.336700,1.00,-3655.138,241.296,1.278839,0.342240
1025,2KEF,38.00,0.363500,1.00,-1601.984,150.894,0.612319,0.161630
1026,2KEG,60.16,0.549500,1.00,-1858.592,113.852,0.673208,0.442070
1027,2KEH,60.16,0.478800,1.00,-1858.592,113.852,0.677695,0.415270
1028,2KES,78.65,0.785400,1.00,-3531.594,132.717,0.225511,0.714760
1029,2KFE,70.83,0.691000,1.00,-1546.508,41.537,0.240754,0.327710
1030,2KFQ,35.94,0.288700,1.00,-2313.328,188.305,0.996980,0.301750
1031,2KGH,34.62,0.343100,1.00,-932.369,2237.306,0.817400,0.351190
1032,2KGN,61.46,0.517900,1.00,-1206.352,86.540,0.529580,0.263560
1033,2KGU,62.14,0.490200,1.00,-1768.718,310.125,0.360199,0.392950
1034,2KHB,62.07,0.511600,1.00,-1336.194,520.013,0.715945,0.324950
1035,2KHF,66.00,0.547600,1.00,-1583.197,73.668,0.368733,0.276640
1036,2KHG,67.00,0.521800,1.00,-1583.197,73.668,0.497835,0.410140
1037,2KI0,76.39,0.634700,1.00,-2286.002,139.964,0.297360,0.541920
1038,2KI9,57.58,0.615200,1.00,-2814.045,55.682,0.519586,0.412170
1039,2KIO,54.55,0.466100,1.00,-2350.885,176.238,0.681527,0.372720
1040,2KIR,65.44,0.525400,1.00,-1932.182,211.161,0.318925,0.457250
1041,2KIT,54.55,0.454900,1.00,-2435.480,142.393,0.598073,0.439560
1042,2KJM,45.00,0.508900,1.00,-2062.768,99.286,0.883950,0.254330
1043,2KJN,76.92,0.633500,1.00,-1931.144,41.421,0.406898,0.521780
1044,2KJO,70.19,0.601900,1.00,-1931.144,41.421,0.375077,0.386940
1045,2KLV,51.09,0.583800,1.00,-3303.328,77.923,0.520589,0.439310
1046,2KM9,45.00,0.483600,1.00,-1077.633,179.383,0.698662,0.257790
1047,2KMO,88.07,0.664800,1.00,-2543.062,332.170,0.198287,0.757920
1048,2KMP,82.39,0.621100,1.00,-2527.198,316.453,0.300484,0.693660
1049,2KMQ,77.84,0.636700,1.00,-2631.142,345.210,0.270382,0.643880
1050,2KMR,59.09,0.488500,1.00,-2483.884,329.727,0.922321,0.459550
1051,2KNI,44.51,0.378200,1.00,-1139.910,757.590,0.700035,0.387950
1052,2KNM,65.83,0.538500,1.00,-1926.146,306.507,0.448590,0.366100
1053,2KNP,43.94,0.385100,1.00,-1395.593,337.297,0.556373,0.312500
1054,2KNS,59.85,0.576600,1.00,-1855.417,126.108,0.385406,0.406850
1055,2KNU,50.00,0.495000,1.00,-1752.846,114.290,0.687271,0.325500
1056,2KOE,47.50,0.528400,1.00,-2928.933,201.142,0.578252,0.325740
1057,2KOZ,78.03,0.622800,1.00,-1250.070,426.615,0.274138,0.571220
1058,2KP0,78.03,0.554300,1.00,-1296.486,431.786,0.294808,0.585630
1059,2KPA,52.88,0.546900,1.00,-1527.995,88.471,0.462784,0.235760
1060,2KPB,49.04,0.533600,1.00,-1527.995,88.471,0.597934,0.324210
1061,2KSG,34.90,0.620000,1.00,-2870.300,75.461,1.485079,0.271270
1062,2KSJ,61.96,0.683100,1.00,-3303.328,77.923,0.377960,0.489280
1063,2KTC,57.35,0.476700,1.00,-1466.800,225.651,0.585072,0.356990
1064,2KTX,78.95,0.608800,1.00,-2268.989,243.619,0.204216,0.645050
1065,2KUK,68.33,0.529600,1.00,-1727.217,270.552,0.303234,0.396820
1066,2KUS,72.86,0.570500,1.00,-1980.163,335.950,0.280443,0.480310
1067,2KUX,55.00,0.475300,1.00,-1750.687,547.448,0.503741,0.363300
1068,2KUY,49.42,0.361000,1.00,-3227.742,349.651,0.993428,0.397680
1069,2KV5,70.45,0.660200,1.00,-2450.253,92.389,0.461346,0.567380
1070,2KVF,87.50,0.648700,1.00,-1900.128,116.081,0.192087,0.584240
1071,2KVG,77.78,0.632000,1.00,-1756.594,122.765,0.235469,0.404350
1072,2KVH,86.11,0.673300,1.00,-1804.422,122.059,0.192464,0.566840
1073,2KVX,69.64,0.536800,1.00,-1782.049,224.000,0.331048,0.348450
1074,2KWT,60.61,0.562200,1.00,-2685.954,109.243,0.552866,0.451680
1075,2KWY,56.98,0.689900,1.00,-2425.536,170.349,0.612165,0.589410
1076,2KWZ,60.00,0.549400,1.00,-3228.456,97.454,0.534410,0.456390
1077,2KXA,50.00,0.449300,1.00,-1232.459,311.800,0.853188,0.374050
1078,2KY3,81.06,0.675800,1.00,-1855.031,200.937,0.259191,0.609230
1079,2KYA,33.82,0.432100,1.00,-675.695,450.950,0.721364,0.268120
1080,2KYJ,60.42,0.495400,1.00,-1633.594,333.297,0.769230,0.444360
1081,2KYK,60.26,0.457300,1.00,-2134.161,303.549,0.648769,0.457320
1082,2KZQ,34.72,0.269400,1.00,-2466.233,183.782,1.546273,0.199930
1083,2L07,54.17,0.417000,1.00,-598.317,158.268,0.367530,0.226890
1084,2L0G,79.69,0.601600,1.00,-2874.909,148.573,0.298815,0.607150
1085,2L0L,54.63,0.622000,1.00,-1607.133,63.302,0.596034,0.318690
1086,2L0M,66.67,0.642100,1.00,-1664.553,77.459,0.355580,0.305330
1087,2L0N,66.67,0.643600,1.00,-2352.001,66.895,0.331868,0.389000
1088,2L0O,65.00,0.586200,1.00,-2414.030,69.521,0.390379,0.366660
1089,2L1J,50.00,0.428600,1.00,-1531.162,378.753,0.493315,0.349380
1090,2L1Q,50.62,0.443100,1.00,-2030.246,435.405,0.434795,0.385930
1091,2L1X,40.38,0.519700,1.00,-2561.492,150.916,0.812958,0.341730
1092,2L2R,61.49,0.519500,1.00,-2027.250,179.237,0.453775,0.471720
1093,2L36,64.58,0.703500,1.00,-1184.191,54.154,0.400192,0.337690
1094,2L37,79.07,0.617700,1.00,-3177.624,160.654,0.223941,0.644840
1095,2L3H,37.18,0.335400,1.00,-2650.020,159.853,1.015341,0.227170
1096,2L3I,62.50,0.528100,1.00,-2203.370,133.950,0.492708,0.460750
1097,2L44,72.37,0.573700,1.00,-747.275,122.125,0.224839,0.192040
1098,2L4G,50.93,0.479200,1.00,-1107.500,166.070,0.467834,0.318990
1099,2L4J,63.04,0.521000,1.00,-2335.260,432.216,0.619651,0.505520
1100,2L4U,63.54,0.503300,1.00,-1206.352,86.540,0.485629,0.323800
1101,2L5I,40.48,0.439200,1.00,-901.131,152.952,0.615710,0.129280
1102,2L5J,50.00,0.451900,1.00,-1029.682,165.813,0.533945,0.098820
1103,2L5R,84.78,0.744500,1.00,-1468.510,33.445,0.174432,0.366390
1104,2L61,49.04,0.433300,1.00,-928.211,164.978,0.531746,0.153480
1105,2L62,40.38,0.406700,1.00,-928.211,164.978,0.663606,0.133430
1106,2L63,61.36,0.564800,1.00,-2270.811,103.174,0.477037,0.397240
1107,2L64,56.82,0.577800,1.00,-2439.336,98.688,0.555548,0.410910
1108,2L6S,47.50,0.425700,1.00,-917.131,161.320,0.640112,0.157850
1109,2L6T,48.75,0.378600,1.00,-917.131,161.320,0.710464,0.174410
1110,2L70,38.10,0.418800,1.00,-3090.919,138.204,1.013681,0.352020
1111,2L71,48.81,0.368800,1.00,-3259.882,159.328,1.110452,0.417540
1112,2L77,52.56,0.427200,1.00,-2399.121,175.497,0.803869,0.380550
1113,2L79,46.79,0.405500,1.00,-2424.630,178.020,0.915787,0.343580
1114,2L7C,78.95,0.601900,1.00,-1137.399,56.346,0.386841,0.363220
1115,2L7T,59.09,0.496500,1.00,-273.275,77.462,0.386417,0.273520
1116,2L87,28.70,0.246800,1.00,-1086.748,242.578,1.292950,0.183780
1117,2L8E,53.57,0.432800,1.00,-2862.494,420.562,0.737664,0.426570
1118,2L91,76.74,0.718700,1.00,-3133.295,157.776,0.320034,0.673750
1122,2L9G,76.32,0.687200,1.00,-778.401,133.618,0.176263,0.263910
1123,2L9X,38.33,0.469500,1.00,-1580.375,120.789,0.913730,0.312310
1124,2L9Z,46.15,0.401000,1.00,-2427.191,385.812,0.733003,0.355170
1125,2LA0,49.17,0.462900,1.00,-1742.396,130.546,0.737317,0.237110
1126,2LAM,58.62,0.490700,1.00,-1792.448,321.369,0.565810,0.290890
1127,2LAQ,29.86,0.236400,1.00,-2061.430,363.050,1.159051,0.198470
1128,2LAT,70.95,0.688400,1.00,-2988.156,90.905,0.491053,0.556690
1129,2LB7,71.02,0.573000,1.00,-2702.787,550.749,0.250322,0.569770
1130,2LBG,87.04,0.840700,1.00,-1196.294,22.317,0.129533,0.564890
1131,2LBZ,37.10,0.396700,1.00,-2023.877,139.708,0.943228,0.316310
1132,2LCM,77.68,0.687400,1.00,-1985.673,90.451,0.258379,0.475190
1133,2LDE,53.00,0.409100,1.00,-1570.519,135.944,0.787773,0.300790
1134,2LDF,54.17,0.446800,1.00,-1587.775,96.070,0.650888,0.338600
1135,2LDJ,58.75,0.565200,1.00,-982.951,144.275,0.525970,0.224070
1136,2LDS,61.11,0.481800,1.00,-1739.393,259.305,0.641443,0.412890
1137,2LE3,44.05,0.459700,1.00,-2585.129,240.899,0.918095,0.375480
1138,2LE7,36.25,0.405800,1.00,-1229.400,91.948,0.628753,0.268350
1139,2LER,47.73,0.475400,1.00,-250.764,59.556,0.429707,0.269810
1140,2LET,52.68,0.428700,1.00,-1742.105,213.418,0.533035,0.249680
1141,2LEU,45.95,0.408100,1.00,-2047.838,175.705,0.891546,0.382930
1142,2LEW,42.19,0.388400,1.00,-1088.371,396.664,0.680677,0.285180
1143,2LEY,42.19,0.397000,1.00,-1411.964,254.619,0.703810,0.347710
1144,2LFM,32.50,0.350600,1.00,-2043.474,165.581,0.870888,0.293370
1145,2LG4,81.25,0.622900,1.00,-2344.348,208.772,0.173082,0.676360
1146,2LG5,69.44,0.545200,1.00,-2066.052,447.810,0.311383,0.503510
1147,2LG6,73.61,0.546200,1.00,-1955.656,532.945,0.284846,0.545420
1148,2LI3,63.33,0.516200,1.00,-2009.367,128.685,0.566007,0.381860
1149,2LIC,34.29,0.375000,1.00,-1716.709,141.710,0.569965,0.264130
1150,2LID,32.14,0.304800,1.00,-1338.273,198.286,0.695852,0.236790
1151,2LIF,73.15,0.676800,1.00,-1749.135,116.930,0.358455,0.506410
1152,2LIX,54.63,0.478000,1.00,-1697.605,170.552,0.423156,0.337930
1153,2LIY,61.11,0.518500,1.00,-2122.865,480.362,0.337433,0.474290
1154,2LJ7,78.72,0.590700,1.00,-2831.588,290.274,0.244782,0.694900
1155,2LJQ,48.65,0.418200,1.00,-2028.845,177.198,0.803656,0.371520
1156,2LJS,75.00,0.594000,1.00,-1496.082,177.781,0.314163,0.474580
1157,2LJT,41.89,0.350600,1.00,-2142.322,191.509,0.953496,0.408130
1158,2LK9,51.43,0.500500,1.00,-2293.104,73.030,0.574848,0.462400
1159,2LKE,69.79,0.605900,1.00,-960.564,126.499,0.354459,0.409080
1160,2LKJ,69.79,0.585100,1.00,-960.564,126.499,0.454445,0.375080
1161,2LKQ,52.08,0.459100,1.00,-1097.677,144.862,0.508970,0.152090
1162,2LL1,44.70,0.421000,1.00,-1749.269,345.922,0.637029,0.315500
1163,2LL2,30.77,0.354900,1.00,-957.893,169.011,0.783651,0.171820
1164,2LL5,56.82,0.504400,1.00,-612.061,172.468,0.525587,0.245470
1165,2LLD,73.75,0.514300,1.00,-2506.498,316.241,0.369612,0.593070
1166,2LLM,54.07,0.717900,1.00,-2435.972,155.167,0.453657,0.592820
1167,2LLR,38.64,0.321300,1.00,-959.743,177.736,0.546571,0.143370
1168,2LM8,51.92,0.445000,1.00,-351.564,105.363,0.514880,0.170880
1169,2LMA,35.23,0.314500,1.00,-1164.132,141.869,0.782407,0.154290
1170,2LMB,25.58,0.294000,1.00,-2071.581,151.075,1.112138,0.197760
1171,2LMF,61.96,0.537800,1.00,-1468.405,94.047,0.519702,0.433710
1172,2LMZ,71.43,0.547600,1.00,-3228.089,244.034,0.259773,0.567260
1173,2LNE,57.69,0.521900,1.00,-407.843,92.939,0.411436,0.264290
1174,2LNF,50.00,0.492700,1.00,-407.843,92.939,0.403094,0.180110
1175,2LNG,51.92,0.454800,1.00,-407.843,92.939,0.391917,0.191730
1176,2LO2,65.13,0.603700,1.00,-2261.741,176.516,0.317955,0.448670
1177,2LO3,55.68,0.412900,1.00,-2882.062,252.744,1.106944,0.474450
1178,2LO7,59.68,0.530500,1.00,-1863.591,169.479,0.575449,0.340920
1179,2LQ0,76.00,0.669000,1.00,-1634.896,80.721,0.450183,0.479120
1180,2LQ1,58.00,0.675900,1.00,-1370.367,94.809,0.470305,0.356700
1181,2LQ2,57.50,0.482400,1.00,-1539.721,172.938,0.850885,0.442360
1182,2LQA,71.62,0.563500,1.00,-2518.041,422.017,0.268434,0.531870
1183,2LQX,75.00,0.579600,1.00,-2898.591,156.035,0.311649,0.595190
1184,2LQY,76.25,0.645600,1.00,-1563.433,43.908,0.275087,0.295410
1185,2LR3,80.32,0.616600,1.00,-2480.053,350.625,0.203827,0.703220
1186,2LR5,73.03,0.584500,1.00,-2338.336,250.209,0.317384,0.563180
1187,2LR7,31.03,0.442200,1.00,-2100.784,70.822,0.954861,0.239370
1188,2LRX,48.33,0.491300,1.00,-2639.626,288.004,0.618545,0.374530
1189,2LS1,42.50,0.375300,1.00,-1080.175,139.455,0.570374,0.199150
1190,2LS2,71.00,0.669900,1.00,-1975.220,43.364,0.449769,0.508860
1191,2LS3,76.72,0.686800,1.00,-2477.273,68.117,0.296357,0.505840
1192,2LS4,64.58,0.577500,1.00,-1521.803,44.409,0.391597,0.299860
1193,2LS9,45.00,0.414800,1.00,-1482.905,79.711,0.719123,0.341470
1194,2LSA,57.61,0.691300,1.00,-1487.063,43.782,0.459741,0.234030
1195,2LSQ,66.00,0.588200,1.00,-1431.251,146.314,0.431852,0.309840
1196,2LSW,36.88,0.347600,1.00,-1798.833,217.908,1.034066,0.301790
1197,2LT8,74.40,0.581600,1.00,-2279.068,434.523,0.303089,0.624490
1198,2LTI,38.04,0.391200,1.00,-697.442,221.175,0.648813,0.168310
1200,2LU9,74.19,0.645000,1.00,-1794.068,199.892,0.252442,0.418420
1201,2LUF,40.00,0.364300,1.00,-334.135,237.371,0.614853,0.127090
1202,2LUG,41.67,0.382500,1.00,-1751.160,274.204,0.833246,0.331330
1203,2LUR,51.72,0.475900,1.00,-1540.781,318.528,0.473926,0.253440
1204,2LUV,47.86,0.466700,1.00,-1397.854,243.751,0.819216,0.368600
1205,2LVG,67.50,0.704400,1.00,-2746.201,125.829,0.384786,0.538130
1206,2LWB,47.50,0.477800,1.00,-1431.018,76.213,0.650338,0.198460
1207,2LWL,41.84,0.367000,1.00,-2369.674,526.078,0.760592,0.332620
1208,2LWQ,60.94,0.451900,1.00,-538.133,163.420,0.347142,0.135940
1209,2LWS,62.50,0.491300,1.00,-346.917,74.717,0.287408,0.325940
1210,2LWT,54.17,0.423500,1.00,-896.742,102.661,0.371446,0.151890
1211,2LWU,75.00,0.577400,1.00,-512.535,83.453,0.270849,0.311020
1212,2LWV,57.35,0.475500,1.00,-646.021,91.748,0.384243,0.269030
1213,2LX0,57.03,0.645900,1.00,-2695.858,91.663,0.398692,0.393710
1214,2LX4,32.35,0.357400,1.00,-714.138,93.023,0.698902,0.124110
1215,2LX5,95.83,0.680200,1.00,-878.838,79.003,0.135970,0.513040
1216,2LX6,43.42,0.374300,1.00,-595.968,159.676,0.715626,0.171700
1217,2LXO,47.73,0.432700,1.00,-2289.148,454.765,0.618719,0.435200
1218,2LXZ,60.16,0.454800,1.00,-1695.322,263.013,0.571283,0.368960
1219,2LYE,73.61,0.618700,1.00,-701.557,89.734,0.251101,0.221460
1220,2LYF,56.94,0.510400,1.00,-649.639,117.587,0.562598,0.264100
1221,2LZI,38.89,0.413600,1.00,-513.550,153.839,0.678631,0.226240
1222,2LZO,53.45,0.408600,1.00,-1445.582,240.610,0.720703,0.280320
1223,2LZP,54.84,0.394100,1.00,-1745.400,156.644,0.839285,0.416120
1224,2LZQ,74.04,0.697300,1.00,-2352.761,95.747,0.279091,0.626690
1225,2LZX,70.95,0.549100,1.00,-2490.960,368.340,0.283160,0.540530
1226,2LZY,67.14,0.514300,1.00,-1824.990,334.211,0.285831,0.479830
1227,2M0H,68.18,0.649300,1.00,-1573.904,59.087,0.544532,0.409970
1228,2M0S,60.71,0.604500,1.00,-1763.354,70.143,0.338215,0.358470
1229,2M0W,60.87,0.658600,1.00,-1346.776,37.689,0.695679,0.271670
1230,2M1A,75.96,0.641200,1.00,-1263.385,104.122,0.270475,0.568160
1231,2M1J,68.33,0.600800,1.00,-1888.540,151.363,0.568183,0.437330
1232,2M1P,41.67,0.384100,1.00,-473.538,205.700,0.628500,0.219520
1233,2M1T,60.23,0.621200,1.00,-1548.954,72.119,0.513723,0.282030
1234,2M2G,73.61,0.636400,1.00,-559.735,91.785,0.264988,0.250960
1235,2M2H,59.72,0.515400,1.00,-470.479,90.068,0.343425,0.196960
1236,2M2Q,82.81,0.673700,1.00,-2073.440,248.575,0.200229,0.581130
1237,2M2R,43.18,0.440300,1.00,-1543.857,420.811,0.587612,0.261690
1238,2M2S,50.00,0.401600,1.00,-633.812,138.207,0.437989,0.139380
1239,2M2X,47.22,0.419500,1.00,-458.294,155.419,0.555992,0.171910
1240,2M2Y,65.28,0.538400,1.00,-628.857,144.701,0.435216,0.248810
1241,2M36,35.53,0.297100,1.00,-1719.491,611.459,0.967733,0.337200
1242,2M37,43.42,0.435200,1.00,-569.325,137.162,0.576094,0.213730
1243,2M3F,80.68,0.612000,1.00,-1309.476,129.472,0.262769,0.412780
1244,2M3J,68.18,0.565700,1.00,-1846.060,288.661,0.279473,0.443320
1245,2M3N,56.94,0.504800,1.00,-605.561,163.921,0.429753,0.178430
1246,2M4X,67.14,0.496000,1.00,-2051.792,299.835,0.341573,0.482100
1247,2M4Z,70.71,0.540200,1.00,-2113.311,276.039,0.285437,0.486060
1248,2M50,65.00,0.518000,1.00,-2176.741,267.849,0.344268,0.418410
1249,2M5L,41.25,0.364000,1.00,-717.972,211.726,0.637848,0.173740
1250,2M5X,87.50,0.705500,1.00,-2318.249,283.014,0.199132,0.751440
1251,2M5Z,89.77,0.672200,1.00,-5081.732,207.853,0.125741,0.789070
1252,2M60,76.16,0.625800,1.00,-5133.073,192.693,0.211524,0.627670
1253,2M62,50.00,0.492700,1.00,-428.689,79.952,0.475985,0.238950
1254,2M6A,79.46,0.580400,1.00,-1646.353,96.809,0.185541,0.411360
1255,2M6O,75.52,0.590700,1.00,-2835.537,345.165,0.586084,0.672540
1256,2M6P,72.28,0.559400,1.00,-2680.822,410.464,0.524675,0.613660
1257,2M73,41.00,0.363700,1.00,-1544.146,147.045,0.843165,0.303630
1258,2M77,86.11,0.660500,1.00,-816.104,86.440,0.156456,0.270510
1259,2M78,80.56,0.627200,1.00,-813.321,109.346,0.159995,0.253150
1260,2M79,80.56,0.641500,1.00,-825.918,75.435,0.150902,0.248450
1261,2M7C,59.52,0.571900,1.00,-981.315,96.405,0.650957,0.407280
1262,2M7D,45.00,0.545900,1.00,-775.944,146.772,0.618694,0.199820
1263,2M7E,46.15,0.371200,1.00,-1335.518,169.322,0.821240,0.295060
1264,2M7I,50.00,0.500100,1.00,-189.835,137.415,0.583808,0.246740
1265,2M7J,50.00,0.441800,1.00,-198.919,168.120,0.427149,0.183510
1266,2M7P,77.38,0.583400,1.00,-2150.375,305.051,0.352662,0.652130
1267,2M7T,50.76,0.403200,1.00,-1962.577,234.589,0.452008,0.266930
1268,2M7X,44.08,0.418700,1.00,-2218.753,163.409,0.806227,0.330680
1269,2M8F,48.96,0.453400,1.00,-1094.547,146.028,0.628929,0.164440
1270,2M8I,76.16,0.559700,1.00,-2081.888,343.181,0.355303,0.629850
1271,2M8J,74.42,0.577800,1.00,-2403.383,339.259,0.438603,0.627690
1272,2M8M,71.43,0.619000,1.00,-2156.265,121.133,0.267560,0.502780
1273,2M8O,66.07,0.610700,1.00,-2259.064,100.068,0.275936,0.500430
1274,2M96,65.34,0.494600,1.00,-2264.087,394.998,0.768516,0.527580
1275,2M9E,82.58,0.656300,1.00,-1942.053,220.996,0.264076,0.634300
1276,2M9F,75.76,0.591400,1.00,-1925.139,229.701,0.382437,0.538270
1277,2M9I,77.94,0.622400,1.00,-1867.181,231.792,0.307606,0.578860
1278,2M9J,80.88,0.613700,1.00,-2045.083,239.422,0.303188,0.629730
1279,2M9L,66.43,0.531300,1.00,-2366.528,247.740,0.322368,0.420890
1280,2M9O,66.38,0.515400,1.00,-1579.147,395.806,0.580210,0.362440
1281,2M9R,20.00,0.216900,1.00,-2043.474,165.581,1.155025,0.219490
1282,2M9S,21.25,0.215400,1.00,-2043.474,165.581,1.091072,0.207780
1283,2MAA,42.31,0.399800,1.00,-499.550,121.751,0.520416,0.246620
1284,2MAE,80.77,0.610400,1.00,-1647.355,76.224,0.238518,0.460510
1285,2MAU,35.83,0.433000,1.00,-1744.179,246.178,0.721711,0.273490
1286,2MBD,68.52,0.534700,1.00,-1133.908,184.654,0.425487,0.428890
1287,2MBY,48.37,0.566500,1.00,-3521.499,161.395,0.629393,0.473550
1288,2MCE,72.62,0.623400,1.00,-1095.847,60.402,0.316345,0.296960
1289,2MD1,52.94,0.448200,1.00,-407.195,129.611,0.388670,0.156120
1290,2MD2,47.50,0.459900,1.00,-317.861,60.854,0.369350,0.249870
1291,2MD4,43.75,0.455700,1.00,-407.095,108.231,0.450638,0.210720
1292,2MD6,69.44,0.549600,1.00,-755.201,129.870,0.209619,0.196950
1293,2MDC,50.00,0.438900,1.00,-2454.798,516.856,0.616834,0.411930
1294,2MDL,37.50,0.390400,1.00,-933.121,205.552,0.741476,0.169090
1295,2MDU,55.17,0.417800,1.00,-1535.209,197.246,0.799097,0.344570
1296,2ME1,67.59,0.565200,1.00,-2308.976,72.088,0.393896,0.439450
1297,2ME2,59.26,0.616500,1.00,-2088.729,99.006,0.445574,0.333130
1298,2ME3,62.04,0.597900,1.00,-2152.893,110.882,0.359551,0.312580
1299,2ME4,63.89,0.649100,1.00,-2138.135,120.948,0.390922,0.368270
1300,2ME7,81.06,0.620600,1.00,-2147.040,184.936,0.288221,0.608790
1301,2MEL,81.82,0.623700,1.00,-1959.703,219.813,0.317434,0.606530
1302,2MEN,82.58,0.590900,1.00,-1972.468,196.852,0.328180,0.644320
1303,2MEO,71.21,0.617500,1.00,-1920.031,239.821,0.440834,0.478410
1304,2MF3,27.66,0.264700,1.00,-2709.535,413.550,1.010211,0.239750
1305,2MFM,46.67,0.408300,1.00,-422.889,93.000,0.432240,0.140470
1306,2MFO,43.33,0.414200,1.00,-342.315,113.332,0.621590,0.118960
1307,2MFP,44.35,0.435200,1.00,-1045.705,350.838,0.589413,0.252030
1308,2MFS,50.00,0.401000,1.00,-1460.731,847.958,0.530974,0.299260
1309,2MFV,46.43,0.420200,1.00,-4.391,86.526,0.657456,0.275720
1310,2MG1,72.22,0.751200,1.00,-1626.352,52.118,0.270604,0.482460
1311,2MG2,75.89,0.610000,1.00,-2079.961,86.103,0.297935,0.474600
1312,2MG3,70.54,0.585400,1.00,-2083.601,97.032,0.349228,0.371490
1313,2MH1,59.09,0.471100,1.00,-1598.103,441.398,0.696159,0.374070
1314,2MHU,40.00,0.374500,1.00,-1314.316,318.034,0.693486,0.203230
1315,2MHW,49.07,0.627800,1.00,-1679.374,82.621,0.674541,0.296040
1316,2MI1,48.21,0.462200,1.00,-511.068,74.866,0.474202,0.192670
1317,2MI9,59.17,0.486100,1.00,-1707.562,381.944,0.322926,0.303710
1318,2MIA,55.83,0.468600,1.00,-1707.562,381.944,0.340358,0.298220
1319,2MID,50.00,0.492100,1.00,-362.221,86.540,0.533131,0.207260
1320,2MIE,45.83,0.490100,1.00,-377.571,75.173,0.549781,0.212690
1321,2MIF,47.92,0.450000,1.00,-309.188,75.241,0.490963,0.208820
1322,2MIG,54.17,0.463100,1.00,-361.808,82.063,0.399991,0.169180
1323,2MIH,55.36,0.451200,1.00,-322.480,141.343,0.427954,0.176740
1324,2MIJ,48.65,0.480500,1.00,-2473.025,225.847,0.555284,0.336280
1325,2MIX,42.86,0.394600,1.00,-989.367,167.169,0.551964,0.193600
1326,2MJ1,58.33,0.462300,1.00,-650.349,121.879,0.451827,0.228340
1327,2MJ2,59.72,0.606500,1.00,-2225.315,147.821,0.638744,0.452880
1328,2MJ9,56.41,0.508300,1.00,-2191.236,185.437,0.480270,0.469250
1329,2MJC,53.68,0.441600,1.00,-1553.785,233.344,0.582955,0.370100
1330,2MJK,80.49,0.578700,1.00,-3017.730,319.734,0.186456,0.644180
1331,2MKB,67.00,0.477100,1.00,-2056.154,152.686,0.692260,0.491310
1332,2ML7,45.16,0.393900,1.00,-1809.079,470.479,0.549003,0.314450
1333,2MLA,81.08,0.635100,1.00,-2012.229,295.717,0.185395,0.611540
1334,2MLD,77.03,0.634800,1.00,-2021.692,233.922,0.193720,0.558470
1335,2MLJ,41.67,0.462400,1.00,-482.394,124.176,0.877103,0.192190
1336,2MLO,43.75,0.450700,1.00,-635.745,120.490,0.536736,0.259990
1337,2MLQ,40.62,0.432400,1.00,-635.745,120.490,0.614974,0.281340
1338,2MLU,45.00,0.369000,1.00,-2020.051,144.178,0.595621,0.324470
1339,2MLV,52.50,0.407500,1.00,-2020.051,144.178,0.481188,0.318440
1340,2MM5,65.00,0.500600,1.00,-1703.179,365.421,0.269327,0.348330
1341,2MM6,57.50,0.449200,1.00,-1792.345,318.937,0.321801,0.329910
1342,2MMM,65.28,0.737600,1.00,-2129.558,70.679,0.494265,0.469630
1343,2MMT,44.05,0.401100,1.00,-817.981,199.277,0.653067,0.127700
1344,2MMW,42.86,0.406800,1.00,-909.625,205.075,0.648753,0.179370
1345,2MN1,67.50,0.503500,1.00,-1620.375,292.765,0.538241,0.403840
1346,2MN3,47.16,0.444500,1.00,-953.992,792.566,0.426753,0.357170
1347,2MOC,45.45,0.429800,1.00,-243.547,62.748,0.456154,0.036240
1348,2MOF,61.90,0.524700,1.00,-2913.870,114.797,0.564934,0.534700
1349,2MPJ,66.00,0.542200,1.00,-1133.052,174.000,0.555623,0.312170
1350,2MPQ,67.36,0.533200,1.00,-2071.862,275.422,0.358754,0.463460
1351,2MQ2,32.14,0.398600,1.00,-168.555,81.960,0.707587,0.220090
1352,2MQ4,47.73,0.491700,1.00,-137.229,78.722,0.678952,0.202070
1353,2MQ5,67.50,0.499500,1.00,-76.431,75.295,0.255757,0.252710
1354,2MQF,72.79,0.551000,1.00,-1704.089,265.046,0.294052,0.502160
1355,2MQU,48.57,0.398000,1.00,-2134.602,248.297,0.651241,0.329370
1356,2MR9,84.09,0.693200,1.00,-3769.250,189.085,0.158137,0.778770
1357,2MRB,41.94,0.401900,1.00,-1753.279,171.011,0.583249,0.277180
1358,2MRF,78.03,0.664700,1.00,-1947.893,137.323,0.211731,0.508450
1359,2MRT,37.50,0.377000,1.00,-1131.655,339.955,0.649816,0.190050
1360,2MRW,40.62,0.296700,1.00,-2909.776,183.529,1.106159,0.382770
1361,2MSF,45.69,0.421600,1.00,-1506.810,244.521,0.786458,0.274040
1362,2MSO,66.67,0.544700,1.00,-1729.357,258.034,0.381717,0.356800
1363,2MSQ,32.41,0.371900,1.00,-1456.372,200.099,0.712164,0.205500
1364,2MSU,66.25,0.600200,1.00,-1207.711,37.582,0.350227,0.299340
1365,2MT7,65.71,0.515500,1.00,-1981.193,238.488,0.388129,0.491540
1366,2MT8,39.74,0.341200,1.00,-2286.898,227.647,0.946982,0.340810
1367,2MTM,51.32,0.445600,1.00,-883.864,157.072,0.413874,0.133560
1368,2MTO,51.92,0.417800,1.00,-362.988,85.684,0.429141,0.221730
1369,2MTT,59.62,0.519500,1.00,-392.293,101.091,0.414350,0.205340
1370,2MTU,61.54,0.455500,1.00,-392.293,101.091,0.444981,0.199050
1371,2MTW,57.50,0.510100,1.00,-976.569,116.495,0.580133,0.300630
1372,2MTY,43.75,0.349600,1.00,-661.124,147.028,0.643744,0.136930
1373,2MU6,60.00,0.578600,1.00,-1090.221,75.718,0.531756,0.232810
1374,2MU7,71.25,0.620100,1.00,-999.193,95.180,0.457968,0.289840
1375,2MU8,46.25,0.414700,1.00,-1013.227,93.995,0.472204,0.134290
1376,2MU9,80.00,0.649300,1.00,-1373.964,46.112,0.342525,0.319120
1377,2MUA,80.95,0.679400,1.00,-1050.777,49.384,0.254744,0.302100
1378,2MUB,74.40,0.601800,1.00,-3033.501,368.110,0.272847,0.603180
1379,2MUE,78.75,0.645300,1.00,-1234.908,93.534,0.294673,0.322520
1380,2MUF,71.25,0.621200,1.00,-972.440,79.410,0.377697,0.351920
1381,2MUH,59.38,0.432800,1.00,-532.208,82.423,0.434482,0.235440
1382,2MUJ,45.24,0.341500,1.00,-1202.791,118.373,0.729334,0.193760
1383,2MUN,79.35,0.609100,1.00,-3513.516,193.978,0.257930,0.672260
1384,2MUQ,51.70,0.416000,1.00,-3077.659,220.812,0.636006,0.421000
1385,2MV6,64.80,0.694800,1.00,-3385.797,223.719,0.394194,0.490920
1386,2MVA,59.26,0.473200,1.00,-1066.848,320.715,0.503900,0.266030
1387,2MVH,73.08,0.585300,1.00,-1596.437,99.387,0.311887,0.411510
1388,2MVI,38.95,0.308900,1.00,-3155.639,330.778,0.840970,0.311210
1389,2MVJ,65.38,0.588600,1.00,-1493.181,87.890,0.610524,0.435380
1390,2MVK,59.62,0.567900,1.00,-1378.375,95.029,0.526361,0.276820
1391,2MVL,59.62,0.570200,1.00,-1490.354,143.826,0.599554,0.301380
1392,2MVM,56.25,0.510400,1.00,-2041.205,240.523,0.588249,0.432830
1393,2MVN,53.41,0.565100,1.00,-1757.868,259.909,0.731146,0.457480
1394,2MVT,79.79,0.622400,1.00,-3457.972,189.667,0.199327,0.702240
1395,2MW0,45.69,0.397100,1.00,-1682.961,176.519,0.613380,0.236610
1396,2MW3,54.76,0.446300,1.00,-1121.535,127.045,0.615552,0.198980
1397,2MW7,29.05,0.357700,1.00,-1800.771,350.740,0.790621,0.213520
1398,2MW9,75.00,0.566000,1.00,-1928.122,236.949,0.415299,0.602620
1399,2MWA,66.89,0.559100,1.00,-1976.878,265.570,0.494579,0.475760
1400,2MWB,68.92,0.561400,1.00,-1694.981,269.222,0.335408,0.488220
1401,2MWD,82.14,0.587500,1.00,-1301.451,196.217,0.178314,0.500420
1402,2MWE,79.46,0.601100,1.00,-1432.540,185.316,0.204877,0.469100
1403,2MWF,76.56,0.633100,1.00,-1811.564,215.432,0.217979,0.484710
1404,2MWJ,64.58,0.552600,1.00,-1976.553,253.301,0.341350,0.449510
1405,2MWK,74.31,0.588900,1.00,-1930.847,225.243,0.266185,0.534860
1406,2MWL,48.44,0.463100,1.00,-393.479,121.263,0.519364,0.192630
1407,2MWT,54.41,0.483700,1.00,-2076.715,122.928,0.771189,0.390950
1408,2MX4,39.44,0.412900,1.00,-2175.268,460.387,1.047237,0.332950
1409,2MXG,60.94,0.521900,1.00,-393.479,121.263,0.418748,0.230820
1410,2MXH,50.00,0.448400,1.00,-393.479,121.263,0.639126,0.213940
1411,2MXM,75.76,0.559500,1.00,-1709.467,212.898,0.280702,0.509380
1412,2MXO,75.00,0.550900,1.00,-1995.537,297.610,0.272753,0.513160
1413,2MXP,68.94,0.540200,1.00,-2366.588,197.436,0.350945,0.394410
1414,2MXQ,63.97,0.515000,1.00,-1588.438,218.256,0.353024,0.444450
1415,2MXV,68.02,0.475700,1.00,-2584.822,341.161,0.601443,0.539280
1416,2MYH,45.12,0.374200,1.00,-2009.287,438.937,0.749016,0.358540
1417,2MYL,78.75,0.672300,1.00,-1449.460,56.811,0.277608,0.522290
1418,2MYM,57.50,0.545000,1.00,-1443.082,55.198,0.448411,0.286400
1419,2MZ2,73.53,0.601700,1.00,-868.984,97.198,0.280577,0.333140
1420,2MZ3,76.47,0.590800,1.00,-868.984,97.198,0.338267,0.265800
1421,2MZ4,67.93,0.546500,1.00,-3513.516,193.978,0.383154,0.531020
1422,2MZ7,23.91,0.484800,1.00,-1237.937,407.110,1.200452,0.196590
1423,2MZA,72.06,0.614600,1.00,-868.984,97.198,0.393758,0.344510
1424,2MZX,42.50,0.416700,1.00,-288.214,91.976,0.386747,0.295250
1426,2N0X,50.00,0.439400,1.00,-624.122,123.372,0.422200,0.222660
1427,2N16,68.75,0.554200,1.00,-986.468,67.404,0.294601,0.271830
1428,2N1C,42.39,0.386500,1.00,-794.508,137.934,0.523910,0.137530
1429,2N1N,66.43,0.516900,1.00,-2008.870,280.962,0.369900,0.475760
1430,2N1P,60.00,0.595400,1.00,-2095.204,101.668,0.426389,0.469890
1431,2N1S,67.50,0.544100,1.00,-1645.214,261.806,0.315944,0.451730
1432,2N24,50.81,0.480000,1.00,-1845.589,260.708,0.668483,0.280660
1433,2N2C,43.60,0.581100,1.00,-2326.277,165.800,0.848270,0.324510
1434,2N2F,57.69,0.492900,1.00,-289.156,117.520,0.369122,0.254380
1435,2N2G,72.73,0.590800,1.00,-1800.176,256.615,0.236065,0.473040
1436,2N2S,47.66,0.547100,1.00,-1980.224,163.157,0.719903,0.328330
1437,2N3P,70.31,0.548300,1.00,-1762.142,284.176,0.301402,0.468990
1438,2N4K,48.84,0.417900,1.00,-1841.662,198.478,0.770613,0.395200
1439,2N4R,79.05,0.610200,1.00,-2065.872,284.810,0.299136,0.611380
1440,2N4S,77.70,0.645200,1.00,-1902.496,242.190,0.414137,0.611260
1441,2N4T,77.70,0.618100,1.00,-2027.305,215.665,0.392702,0.623250
1442,2N4U,79.05,0.584300,1.00,-2098.613,308.682,0.237663,0.623820
1443,2N4V,73.65,0.608300,1.00,-1966.755,282.015,0.478491,0.576250
1444,2N4W,76.35,0.610400,1.00,-2164.459,245.613,0.256810,0.585110
1445,2N58,71.67,0.582700,1.00,-2113.687,159.862,0.323009,0.433010
1446,2N5C,38.33,0.517500,1.00,-444.843,83.061,0.899654,0.209170
1447,2N5J,81.12,0.676800,1.00,-4391.476,156.974,0.296779,0.728200
1448,2N5K,45.69,0.456700,1.00,-1339.528,170.022,0.773966,0.221240
1449,2N5Q,35.19,0.406800,1.00,-1724.529,228.377,0.673501,0.160700
1450,2N5R,45.83,0.451600,1.00,-340.023,116.638,0.510062,0.172060
1451,2N63,39.06,0.438000,1.00,-393.479,121.263,0.538211,0.178730
1452,2N68,42.39,0.334800,1.00,-697.442,221.175,0.815833,0.184910
1453,2N6B,46.32,0.443900,1.00,-2034.106,189.809,0.653836,0.286790
1454,2N6M,72.62,0.606000,1.00,-999.737,102.106,0.330513,0.273390
1455,2N6N,57.03,0.444200,1.00,-1620.058,383.624,0.590569,0.384370
1456,2N6O,65.00,0.500600,1.00,-2182.485,301.311,0.406198,0.443410
1457,2N6U,28.75,0.408000,1.00,-1117.277,50.680,0.872799,0.194240
1458,2N6V,42.71,0.381200,1.00,-1094.547,146.028,0.679539,0.180640
1459,2N7F,39.84,0.396800,1.00,-1749.209,647.714,0.673184,0.192540
1460,2N7I,68.92,0.641900,1.00,-2911.948,76.571,0.444052,0.556660
1461,2N85,57.93,0.492800,1.00,-2921.846,161.735,0.875394,0.486430
1462,2N8B,55.56,0.479400,1.00,-1969.661,267.008,0.528223,0.386510
1463,2N8E,33.09,0.362000,1.00,-1927.214,197.809,0.820050,0.239270
1464,2N8H,54.29,0.411700,1.00,-1461.461,572.355,0.513953,0.368700
1465,2N8S,79.49,0.602100,1.00,-1885.010,291.725,0.366432,0.670510
1466,2N8U,71.79,0.568800,1.00,-1483.753,268.894,0.480347,0.547130
1467,2N92,55.65,0.547400,1.00,-1881.402,72.758,0.742110,0.353840
1468,2N94,61.98,0.460400,1.00,-2477.646,430.020,0.742006,0.547760
1469,2N95,63.78,0.498100,1.00,-2495.653,330.055,0.640423,0.530980
1470,2N9C,37.50,0.443300,1.00,-452.758,202.149,0.690789,0.128290
1471,2N9M,57.81,0.506700,1.00,-393.479,121.263,0.415658,0.190310
1472,2N9N,48.44,0.475400,1.00,-393.479,121.263,0.508188,0.169070
1473,2N9O,69.05,0.478300,1.00,-2984.444,335.886,0.443523,0.528940
1474,2N9T,61.67,0.445700,1.00,-1359.743,313.451,0.357927,0.339020
1475,2N9Z,33.33,0.341200,1.00,-1700.324,584.315,0.722079,0.286890
1476,2NA3,45.83,0.404800,1.00,-379.743,92.106,0.513141,0.245740
1477,2NA8,59.09,0.555600,1.00,-3304.184,272.164,0.675684,0.539290
1478,2NA9,61.93,0.603700,1.00,-3254.794,279.213,0.547191,0.616840
1479,2NAB,65.85,0.488300,1.00,-2642.496,247.481,0.660400,0.520280
1480,2NAE,20.35,0.193500,1.00,-2431.674,264.572,1.863489,0.197490
1481,2NAJ,40.91,0.353800,1.00,-1315.964,850.150,0.767185,0.240010
1482,2NAL,62.50,0.487400,1.00,-407.987,74.390,0.384616,0.239150
1483,2NAT,40.18,0.470000,1.00,-2035.055,74.998,0.721334,0.241340
1484,2NAU,58.93,0.498800,1.00,-1654.874,83.223,0.563259,0.365850
1485,2NAW,46.79,0.428600,1.00,-2806.434,186.401,0.613896,0.354850
1486,2NB2,61.84,0.598300,1.00,-2866.426,175.144,0.327819,0.432710
1487,2NB5,72.06,0.560600,1.00,-657.554,92.556,0.242974,0.230090
1488,2NB6,59.38,0.514000,1.00,-562.647,124.384,0.428591,0.187510
1489,2NB7,42.65,0.459700,1.00,-512.483,83.862,0.542522,0.164160
1490,2NB8,48.15,0.377500,1.00,-1775.604,165.135,0.775988,0.346810
1491,2NB9,66.33,0.467000,1.00,-3225.418,306.437,0.900669,0.574860
1492,2NC3,87.12,0.676400,1.00,-1845.766,238.593,0.154241,0.683830
1493,2NC4,85.61,0.669800,1.00,-1859.962,233.429,0.152905,0.617150
1494,2NC5,84.85,0.673000,1.00,-1892.782,246.842,0.144063,0.637130
1495,2NC6,89.39,0.661200,1.00,-1957.864,222.818,0.177061,0.690100
1496,2NC7,63.89,0.545400,1.00,-801.251,82.584,0.385005,0.175770
1497,2NCS,65.28,0.596000,1.00,-2026.328,287.581,0.382495,0.485330
1498,2NCT,65.28,0.597200,1.00,-2026.328,287.581,0.330138,0.499790
1499,2NCU,63.10,0.580500,1.00,-1555.979,46.425,0.409782,0.221900
1500,2NCV,59.52,0.575500,1.00,-1502.788,54.702,0.561615,0.292970
1501,2NCW,62.50,0.601900,1.00,-1619.890,86.644,0.456715,0.297780
1502,2NCX,83.33,0.761100,1.00,-1552.651,55.949,0.230409,0.465600
1503,2NCY,63.54,0.654000,1.00,-1579.389,56.006,0.532091,0.426010
1504,2ND2,80.68,0.638100,1.00,-3665.348,180.440,0.185890,0.701030
1505,2ND3,50.66,0.598500,1.00,-1973.364,221.056,0.950732,0.426710
1506,2ND6,42.65,0.431600,1.00,-300.061,131.647,0.491607,0.119300
1507,2ND7,39.71,0.445000,1.00,-516.536,154.887,0.535946,0.154940
1508,2ND8,51.47,0.465700,1.00,-396.774,132.911,0.398049,0.267730
1509,2NDB,51.02,0.382700,1.00,-2449.331,351.165,0.595614,0.440830
1510,2NDC,62.50,0.583700,1.00,-936.106,53.048,0.456195,0.319960
1511,2NDE,58.33,0.565700,1.00,-696.982,86.577,0.430078,0.216400
1512,2NDI,40.76,0.399600,1.00,-2262.260,376.780,0.819412,0.334840
1513,2NDK,47.40,0.689900,1.00,-2870.300,75.461,0.980208,0.410640
1514,2NDL,71.88,0.574300,1.00,-724.358,88.483,0.253102,0.265960
1515,2NDM,59.62,0.548500,1.00,-485.208,98.897,0.464815,0.314820
1516,2NDN,73.44,0.623800,1.00,-558.184,94.837,0.223198,0.238360
1517,2NOR,52.50,0.454000,1.00,-351.238,45.980,0.372995,0.299750
1518,2NOU,45.00,0.462400,1.00,-293.879,67.949,0.382176,0.195340
1519,2NR1,62.96,0.617900,1.00,-1506.312,123.638,0.415287,0.359010
1520,2NS4,71.43,0.512300,1.00,-288.520,108.128,0.428860,0.285190
1521,2NVJ,48.00,0.434700,1.00,-1946.078,103.342,0.541169,0.263000
1522,2NX6,45.37,0.438200,1.00,-1038.437,493.649,0.559977,0.209200
1523,2NX7,43.75,0.495900,1.00,-1540.290,173.608,0.764792,0.185920
1526,2NZ3,55.62,0.474200,1.00,-2819.387,266.632,0.590762,0.426470
1527,2NZZ,37.84,0.466800,1.00,-2635.115,119.364,1.065974,0.239330
1528,2O00,37.84,0.437100,1.00,-2616.112,120.944,0.920009,0.246180
1529,2O0S,50.00,0.462000,1.00,-514.222,92.764,0.374015,0.330580
1530,2OBU,50.00,0.437400,1.00,-3173.297,193.997,1.029998,0.473600
1532,2OJM,95.45,0.744900,1.00,-1564.985,29.493,0.065877,0.562220
1533,2OJN,73.86,0.588900,1.00,-1454.823,65.210,0.382290,0.297960
1534,2OJO,84.09,0.736600,1.00,-1673.639,36.587,0.143061,0.484340
1535,2OP7,48.72,0.424000,1.00,-2069.655,307.027,0.961045,0.344440
1536,2OQ9,45.83,0.414400,1.00,-848.360,211.282,0.735956,0.217790
1537,2ORU,63.75,0.448700,1.00,-1170.098,165.745,0.418910,0.221240
1538,2OVN,80.88,0.604600,1.00,-722.994,101.065,0.223574,0.266370
1539,2OYV,55.77,0.470100,1.00,-376.785,85.882,0.421473,0.252760
1540,2OYW,61.54,0.491500,1.00,-376.785,85.882,0.460260,0.252080
1541,2P4L,28.80,0.292700,1.00,-3041.754,456.534,0.995765,0.270270
1542,2P5J,50.00,0.433600,1.00,-572.196,142.984,0.682396,0.217410
1543,2P81,62.50,0.434500,1.00,-3449.924,195.139,0.878382,0.517900
1544,2PCO,74.04,0.635800,1.00,-1736.865,62.945,0.413274,0.578310
1545,2PDD,75.58,0.618100,1.00,-3255.441,226.408,0.299775,0.634600
1546,2PDE,34.30,0.369000,1.00,-3156.324,220.682,0.743041,0.379610
1547,2PJV,48.39,0.555000,1.00,-1223.540,60.476,0.748197,0.337890
1548,2PO8,58.82,0.432700,1.00,-1634.689,353.499,0.450001,0.393910
1549,2PPZ,69.44,0.531900,1.00,-2866.028,158.447,0.267112,0.535900
1550,2PTA,78.57,0.607900,1.00,-1912.069,250.469,0.207517,0.594640
1551,2PV6,57.95,0.516600,1.00,-1709.316,132.764,0.427957,0.322620
1552,2RLG,77.78,0.611200,1.00,-761.757,70.530,0.281785,0.282930
1553,2RLH,79.17,0.630200,1.00,-761.757,70.530,0.290136,0.255330
1554,2RLJ,45.31,0.431500,1.00,-496.023,90.672,0.444901,0.162460
1555,2RLW,41.18,0.348100,1.00,-2350.036,218.301,1.135302,0.288060
1557,2RMF,52.50,0.516200,1.00,-3246.133,130.206,1.046602,0.453180
1558,2RMG,42.11,0.387000,1.00,-3206.640,132.301,1.078766,0.323700
1559,2RMH,46.71,0.369200,1.00,-2973.379,158.290,1.043002,0.381490
1561,2RMV,50.00,0.403900,1.00,-1823.956,133.209,0.586183,0.252790
1562,2RMW,39.42,0.374200,1.00,-1799.368,125.467,0.673815,0.186290
1563,2RMY,66.91,0.629300,1.00,-2126.257,143.658,0.492910,0.544260
1564,2RMZ,76.74,0.665400,1.00,-3142.608,130.523,0.282515,0.613450
1565,2RN0,72.09,0.666700,1.00,-3142.608,130.523,0.526227,0.641860
1566,2RND,68.38,0.609700,1.00,-2126.257,143.658,0.562830,0.480600
1567,2ROO,42.44,0.350800,1.00,-2195.904,544.824,0.799184,0.309460
1568,2RPS,31.25,0.277000,1.00,-1432.173,347.320,1.097712,0.255110
1570,2RQ2,46.67,0.359900,1.00,-2163.611,127.253,1.033538,0.375950
1571,2RQZ,73.68,0.572000,1.00,-2145.081,305.752,0.236318,0.548930
1572,2RR0,68.42,0.549400,1.00,-2348.176,291.187,0.299640,0.466680
1573,2RR2,71.71,0.563000,1.00,-2365.783,338.533,0.230161,0.532330
1574,2RRH,73.28,0.695300,1.00,-2298.519,75.457,0.303517,0.687620
1575,2RRI,76.72,0.685400,1.00,-2176.214,64.097,0.241225,0.468250
1576,2RRS,48.61,0.487500,1.00,-740.758,127.063,0.495988,0.157980
1577,2RSH,66.89,0.530100,1.00,-2170.652,195.952,0.611112,0.515500
1578,2RSW,50.00,0.443400,1.00,-677.449,199.346,0.424313,0.199130
1579,2RT4,49.00,0.496100,1.00,-801.830,177.254,0.740600,0.148580
1580,2RTY,81.67,0.582300,1.00,-1584.814,238.171,0.389648,0.581830
1581,2RTZ,75.00,0.558500,1.00,-1651.224,223.917,0.259308,0.433730
1582,2RU0,77.08,0.591500,1.00,-2348.546,197.496,0.240930,0.562730
1583,2RUM,42.11,0.433900,1.00,-949.402,146.974,0.547821,0.219180
1584,2RUN,34.72,0.394800,1.00,-809.505,98.678,0.544243,0.065840
1585,2RUO,42.19,0.465400,1.00,-615.921,155.670,0.456752,0.194080
1586,2RUT,77.78,0.607900,1.00,-2067.533,182.278,0.449064,0.617800
1587,2RUU,73.61,0.580900,1.00,-1949.272,168.431,0.719388,0.559960
1588,2RUV,75.68,0.618500,1.00,-2082.118,162.495,0.360057,0.631060
1589,2RUW,77.70,0.670100,1.00,-1820.634,245.898,0.488224,0.641240
1590,2RUX,71.53,0.532200,1.00,-2012.709,157.960,0.778093,0.570100
1591,2RUY,69.59,0.529400,1.00,-2251.619,199.415,0.861728,0.554300
1592,2RUZ,74.34,0.599600,1.00,-2141.084,220.760,0.485615,0.571680
1593,2RV0,70.95,0.601700,1.00,-2104.526,195.646,0.720552,0.571740
1594,2RV1,65.54,0.509500,1.00,-2113.975,235.540,0.608205,0.485890
1595,2RV2,75.69,0.572200,1.00,-1976.025,161.916,0.399780,0.569620
1596,2RV3,75.69,0.577500,1.00,-1583.620,157.790,0.510566,0.608400
1597,2RV4,75.68,0.584400,1.00,-1658.061,229.760,0.589324,0.631240
1598,2RV5,82.86,0.700000,1.00,-1833.602,186.926,0.387092,0.684330
1599,2RVD,65.00,0.447000,1.00,-352.983,49.687,0.357710,0.334250
1600,2SH1,62.50,0.503600,1.00,-1839.215,469.189,0.394673,0.503500
1601,2V1V,45.69,0.409800,1.00,-1174.174,441.857,0.510490,0.267010
1602,2VY4,77.03,0.603600,1.00,-2167.481,162.981,0.411414,0.589280
1603,2VY5,79.73,0.650500,1.00,-2264.381,163.071,0.387064,0.619710
1604,2W0T,62.21,0.514300,1.00,-2613.750,221.783,0.400007,0.478700
1605,2W9O,48.91,0.412200,1.00,-2369.305,410.282,0.689342,0.399370
1606,2W9U,50.54,0.469300,1.00,-2389.546,385.437,0.687614,0.412510
1607,2W9V,51.70,0.444800,1.00,-2374.682,457.744,0.709799,0.390110
1608,2W9W,54.55,0.469600,1.00,-2249.840,402.882,0.553240,0.428020
1609,2WH9,67.36,0.514100,1.00,-1664.203,363.996,0.348387,0.455790
1610,2WXC,82.45,0.668300,1.00,-3297.904,254.650,0.300922,0.714740
1611,2XL1,35.42,0.367100,1.00,-1382.292,147.009,0.723897,0.207360
1612,2YRH,58.52,0.554300,1.00,-1876.147,201.315,0.679477,0.486410
1613,2YRJ,55.43,0.561900,1.00,-1937.972,319.604,0.927854,0.477690
1614,2YRM,63.95,0.554500,1.00,-2120.968,210.768,0.613933,0.536240
1615,2YSB,70.92,0.577800,1.00,-1978.882,421.288,0.484248,0.610330
1616,2YSC,75.64,0.590200,1.00,-1761.251,304.606,0.440198,0.595960
1617,2YSF,80.00,0.604100,1.00,-1982.611,255.855,0.279672,0.649260
1618,2YSG,76.25,0.574700,1.00,-2030.350,284.853,0.317673,0.629090
1619,2YSH,73.75,0.531200,1.00,-1529.502,324.935,0.386949,0.604650
1620,2YSI,68.12,0.501900,1.00,-1525.139,283.001,0.765366,0.568910
1621,2YSO,52.72,0.473100,1.00,-1731.564,336.461,0.716445,0.442890
1622,2YSP,54.35,0.511500,1.00,-1925.515,310.683,0.698593,0.480040
1623,2YSV,57.14,0.499000,1.00,-1939.777,276.801,0.646374,0.476040
1624,2YTA,62.80,0.495300,1.00,-2033.875,248.254,0.918110,0.526230
1625,2YTB,60.71,0.590800,1.00,-1974.716,256.759,0.652567,0.480900
1626,2YTD,63.04,0.568400,1.00,-2166.835,298.279,0.524543,0.495810
1627,2YTE,66.07,0.565400,1.00,-1857.999,293.249,0.609180,0.534410
1628,2YTF,60.33,0.568300,1.00,-2085.634,284.764,0.685467,0.515960
1629,2YTG,53.80,0.535200,1.00,-1896.616,332.911,0.655027,0.480570
1630,2YTH,53.80,0.527700,1.00,-2074.411,277.167,1.004419,0.468360
1631,2YTI,57.07,0.524600,1.00,-1758.684,353.953,0.804475,0.480840
1632,2YTJ,60.33,0.536600,1.00,-2255.378,234.322,0.608848,0.498280
1633,2YTK,61.96,0.520300,1.00,-2375.142,245.741,0.665732,0.529710
1634,2YTM,51.63,0.496000,1.00,-1984.626,320.152,0.906738,0.437570
1635,2YTN,54.89,0.520700,1.00,-1635.073,312.628,0.773524,0.505630
1636,2YTO,63.04,0.533100,1.00,-2108.433,279.746,0.554259,0.521810
1637,2YTP,61.96,0.566600,1.00,-2003.953,326.368,0.674847,0.541140
1638,2YTQ,53.80,0.539700,1.00,-1903.160,331.436,0.724674,0.445030
1639,2YTR,58.70,0.582400,1.00,-1965.560,270.100,0.771756,0.512020
1640,2YTS,55.98,0.545700,1.00,-1765.863,345.929,0.662638,0.475970
1641,2YTT,53.26,0.538200,1.00,-2236.845,317.303,0.786117,0.460170
1642,2YU5,61.36,0.523700,1.00,-2322.239,286.671,0.819156,0.538260
1643,2YU8,57.07,0.551500,1.00,-1784.614,296.128,0.864833,0.486870
1644,2YYF,43.33,0.479200,1.00,-495.600,115.683,0.739280,0.191980
1645,2Z3S,72.44,0.598000,1.00,-2688.757,243.736,0.259448,0.556840
1646,2ZAJ,60.71,0.520300,1.00,-2373.455,467.449,0.591901,0.531910
1647,2ZNF,80.56,0.602400,1.00,-668.175,119.076,0.216442,0.237700
1648,3BBG,61.88,0.509700,1.00,-2245.159,329.007,0.317314,0.476330
1649,3CMH,58.33,0.522800,1.00,-719.710,77.370,0.339065,0.249550
1650,3CTI,74.14,0.616900,1.00,-1764.741,187.741,0.275766,0.463050
1651,3LEU,54.73,0.422600,1.00,-2047.838,175.705,0.577713,0.343520
1652,3MRA,85.00,0.751900,1.00,-1861.053,59.240,0.168232,0.489430
1653,3ZNF,79.17,0.632300,1.00,-1757.855,117.658,0.335128,0.571290
1654,4A24,81.91,0.655200,1.00,-3082.005,240.000,0.291307,0.726340
1655,4APD,54.84,0.568600,1.00,-2005.321,83.564,0.485936,0.392950
1656,4B19,70.00,0.720100,1.00,-2335.436,68.642,0.299619,0.456690
1658,4B2U,35.42,0.336600,1.00,-1673.668,567.329,0.832331,0.220200
1659,4B2V,47.66,0.417700,1.00,-1334.443,410.410,0.528360,0.264030
1660,4BMF,73.03,0.563000,1.00,-2148.775,240.306,0.269288,0.496340
1661,4CYK,30.49,0.314200,1.00,-1869.381,452.102,0.704483,0.226980
1662,4ZNF,82.50,0.682800,1.00,-1851.292,137.351,0.242215,0.587870
1663,5A4H,28.85,0.282800,1.00,-2281.424,192.886,0.981497,0.236330
1664,5AAY,84.17,0.698900,1.00,-1806.903,159.000,0.249197,0.608630
1665,5AAZ,74.22,0.586200,1.00,-1767.289,253.051,0.561983,0.561510
1666,5AHT,72.67,0.504100,1.00,-2072.812,373.049,0.495888,0.610860
1667,5FZV,32.81,0.379500,1.00,-2546.159,178.042,0.765462,0.206390
1668,5FZW,34.85,0.336500,1.00,-2750.501,201.434,0.699481,0.202550
1669,5FZX,43.75,0.365800,1.00,-1881.251,225.878,0.687063,0.280560
1671,5GSF,48.15,0.409500,1.00,-1485.695,290.531,0.478977,0.201600
1672,5GVO,47.22,0.448600,1.00,-837.807,138.375,0.538061,0.172650
1673,5H1H,60.94,0.542300,1.00,-468.792,178.618,0.313905,0.152020
1674,5H1I,44.44,0.396600,1.00,-448.559,194.083,0.567890,0.175580
1675,5H2S,79.00,0.651200,1.00,-1257.425,37.747,0.245386,0.525880
1676,5I1X,70.14,0.515700,1.00,-1937.507,302.641,0.328701,0.512230
1677,5I2P,71.53,0.528500,1.00,-1788.074,447.401,0.341584,0.516910
1678,5ID5,38.00,0.362400,1.00,-1456.901,109.858,0.726569,0.319520
1679,5IJ4,73.47,0.558200,1.00,-2561.021,472.854,0.351859,0.636080
1680,5ION,86.21,0.670400,1.00,-1929.549,119.125,0.150180,0.590990
1681,5IPO,58.33,0.467800,1.00,-2519.607,422.928,0.655817,0.519330
1682,5J8T,52.13,0.443000,1.00,-2385.813,408.792,0.630234,0.415240
1683,5JHI,80.71,0.621000,1.00,-2034.680,189.448,0.173040,0.549620
1684,5JI4,75.68,0.586300,1.00,-2412.594,255.074,0.242823,0.574990
1685,5JPL,48.53,0.418000,1.00,-703.417,91.891,0.567487,0.207920
1686,5JPX,77.22,0.592700,1.00,-3169.973,278.678,0.226072,0.677430
1687,5JYH,57.39,0.447000,1.00,-2115.698,431.070,0.707242,0.461380
1688,5KGY,84.09,0.621000,1.00,-1517.125,56.314,0.177287,0.384100
1689,5KGZ,44.89,0.538400,1.00,-2958.838,102.027,0.636114,0.383330
1690,5KHB,76.19,0.707300,1.00,-1324.101,54.388,0.254330,0.482420
1691,5KI0,43.42,0.417400,1.00,-206.260,87.154,0.620739,0.181800
1692,5KKM,82.95,0.606900,1.00,-1024.218,146.902,0.173920,0.295960
1693,5KVN,82.41,0.625600,1.00,-1587.633,151.103,0.164383,0.500510
1694,5KWO,48.08,0.440100,1.00,-905.515,306.953,0.697421,0.201800
1695,5KWX,64.00,0.439800,1.00,-1340.422,119.645,0.316998,0.283230
1696,5KWZ,80.77,0.569400,1.00,-1623.043,100.702,0.167407,0.413010
1697,5KX0,60.58,0.448700,1.00,-1730.238,109.920,0.465670,0.345370
1698,5KX1,70.45,0.570800,1.00,-1001.381,103.717,0.279569,0.305040
1699,5KX2,76.39,0.603900,1.00,-757.018,115.644,0.255459,0.242510
1700,5L1C,60.42,0.491600,1.00,-1751.581,423.850,0.500569,0.419560
1701,5L82,56.08,0.408400,1.00,-2618.396,182.591,0.730019,0.393850
1702,5LAH,30.00,0.328500,1.00,-2210.805,772.837,1.012982,0.279050
1703,5LBJ,67.86,0.681800,1.00,-2525.190,211.616,0.583095,0.529590
1704,5LCS,60.11,0.425800,1.00,-2977.681,542.829,0.757227,0.501880
1705,5LM0,87.50,0.665100,1.00,-1823.956,95.781,0.135762,0.610110
1706,5LME,69.19,0.557400,1.00,-2356.716,284.521,0.439601,0.580090
1707,5M9U,63.10,0.392300,1.00,-1278.937,136.122,0.641358,0.272990
1708,5N5A,37.84,0.426300,1.00,-1259.093,254.533,1.182472,0.228290
1709,5N5B,36.61,0.379500,1.00,-976.231,223.191,1.064355,0.192360
1710,5NAM,61.98,0.642800,1.00,-3272.111,200.873,0.465296,0.576630
1711,5NAO,75.71,0.738900,1.00,-2425.949,135.229,0.371427,0.647280
1712,5NDA,76.52,0.712400,1.00,-2104.708,91.364,0.314755,0.623980
1713,5NVB,45.00,0.508900,1.00,-356.098,77.533,0.545380,0.204370
1714,5OAP,75.00,0.599000,1.00,-578.537,139.475,0.274126,0.279990
1715,5T3M,64.29,0.513600,1.00,-2244.824,255.880,0.364926,0.441310
1716,5T42,45.74,0.577600,1.00,-3165.379,254.948,0.615813,0.430310
1717,5T4R,61.43,0.479300,1.00,-2169.120,275.056,0.436734,0.451130
1718,5T7Q,71.43,0.602600,1.00,-1070.964,95.961,0.601990,0.363940
1719,5TCZ,64.06,0.464700,1.00,-1581.959,310.109,0.303762,0.371980
1720,5TJ1,36.84,0.379600,1.00,-691.693,152.165,0.677440,0.165340
1721,5TX8,91.07,0.696100,1.00,-2058.128,98.999,0.198338,0.724260
1722,5UG3,67.11,0.522500,1.00,-848.521,136.195,0.375035,0.223890
1723,5UG5,57.89,0.537400,1.00,-903.728,124.113,0.538457,0.218080
1724,5UI6,37.50,0.463300,1.00,-512.395,151.051,0.861711,0.192000
1725,5UI7,43.42,0.472000,1.00,-555.586,104.659,0.808960,0.157390
1726,5UJG,75.00,0.571500,1.00,-1123.689,193.112,0.297309,0.321460
1727,5UJH,57.61,0.456900,1.00,-1096.751,176.327,0.385123,0.153380
1728,5UJQ,61.21,0.669800,1.00,-1914.154,41.314,0.604083,0.441650
1729,5UJR,28.03,0.261500,1.00,-1569.351,300.529,1.441162,0.156310
1730,5UKZ,50.00,0.480000,1.00,-1950.045,325.334,0.693951,0.431250
1731,5UOI,69.19,0.528200,1.00,-3089.888,225.769,0.288219,0.520100
1732,5UP5,83.75,0.630200,1.00,-2990.511,207.241,0.172943,0.687240
1733,5UY2,43.75,0.542700,1.00,-1002.063,80.361,0.595715,0.114290
1734,5UZL,27.27,0.453200,1.00,-857.690,429.659,1.064345,0.218300
1735,5V0Y,84.52,0.620400,1.00,-1009.314,173.548,0.162358,0.246170
1736,5V11,89.29,0.628300,1.00,-1002.078,124.696,0.122856,0.447290
1737,5V2B,55.00,0.614900,1.00,-1128.890,70.243,0.416988,0.162500
1738,5V4C,45.59,0.483500,1.00,-355.029,84.940,0.530928,0.217250
1739,5V4U,41.25,0.420400,1.00,-2420.716,212.035,1.087183,0.438630
1740,5VAV,73.21,0.604800,1.00,-524.274,80.996,0.214286,0.284690
1741,5VFW,54.00,0.419000,1.00,-1689.804,74.487,0.505171,0.328500
1742,5VL6,38.24,0.416600,1.00,-269.922,102.769,0.488809,0.145390
1743,5VR5,50.00,0.535600,1.00,-1000.817,73.366,0.427423,0.177580
1744,5W54,49.00,0.380800,1.00,-873.404,236.241,0.684987,0.196850
1745,5W9F,70.12,0.624200,1.00,-2876.542,230.571,0.267166,0.553160
1746,5WCV,44.83,0.392100,1.00,-1789.828,185.877,0.596129,0.271390
1747,5WE3,68.38,0.549700,1.00,-2118.151,252.108,0.290440,0.444060
1748,5WOD,92.11,0.746400,1.00,-2814.760,111.484,0.098912,0.787000
1749,5WOV,56.62,0.439800,1.00,-2023.189,279.781,0.483081,0.343460
1750,5WOW,41.67,0.377500,1.00,-2572.470,318.695,0.733013,0.277950
1751,5WRX,55.77,0.521900,1.00,-423.271,74.622,0.397489,0.151080
1752,5WUZ,58.14,0.482800,1.00,-2351.962,485.480,0.475543,0.422990
1753,5WXE,46.43,0.453000,1.00,-1019.361,541.818,0.677990,0.212320
1754,5WYE,50.00,0.458300,1.00,-393.479,121.263,0.529420,0.133950
1755,5X34,77.78,0.581100,1.00,-1958.796,226.469,0.239807,0.548720
1756,5X35,82.64,0.612900,1.00,-2060.201,253.310,0.223518,0.605060
1757,5X36,78.47,0.611600,1.00,-1871.823,227.255,0.241181,0.584670
1758,5X37,79.17,0.597000,1.00,-1785.858,236.475,0.238689,0.570350
1759,5X38,79.86,0.622600,1.00,-2044.466,235.508,0.219970,0.602100
1760,5X39,77.08,0.620900,1.00,-1896.537,246.040,0.255033,0.556450
1761,5X3C,81.25,0.627700,1.00,-1901.196,234.767,0.216685,0.593030
1762,5X3L,71.25,0.657000,1.00,-1174.598,60.418,0.339982,0.304900
1763,5XA6,71.05,0.563000,1.00,-1549.306,453.083,0.252570,0.565760
1764,5XBD,69.44,0.532400,1.00,-1992.179,296.683,0.280696,0.481310
1765,5XDI,60.62,0.515000,1.00,-2339.709,451.460,0.351339,0.423800
1766,5XDJ,80.95,0.660700,1.00,-999.737,102.106,0.367156,0.313590
1767,5XEK,70.24,0.553400,1.00,-3039.317,278.023,0.273108,0.533070
1768,5XIV,57.50,0.455700,1.00,-992.032,115.882,0.440841,0.191460
1769,5XM4,48.53,0.517200,1.00,-470.153,100.947,0.742954,0.210330
1770,5XNG,66.18,0.541200,1.00,-818.655,129.421,0.355509,0.242390
1771,5XO3,44.05,0.345000,1.00,-866.991,107.140,0.760817,0.171070
1772,5XO4,41.67,0.342800,1.00,-580.680,161.088,0.807569,0.173440
1773,5XO5,63.10,0.577500,1.00,-550.928,188.177,0.294907,0.165030
1774,5XRX,47.06,0.484800,1.00,-818.655,129.421,0.589770,0.262520
1775,5Y0H,76.19,0.596800,1.00,-935.054,138.474,0.278703,0.258770
1776,5Y0I,72.62,0.542400,1.00,-967.812,126.725,0.302928,0.264680
1777,5Y0J,39.29,0.347000,1.00,-957.559,252.543,0.598185,0.076580
1778,5Y22,60.23,0.513800,1.00,-1485.681,103.339,0.571565,0.335690
1779,5Y3U,62.50,0.490200,1.00,-1485.681,103.339,0.681399,0.355320
1780,5YKK,48.61,0.472400,1.00,-514.588,191.507,0.386716,0.124210
1781,5YKL,55.26,0.512700,1.00,-712.643,164.617,0.407203,0.242340
1782,5YKQ,71.05,0.567800,1.00,-832.561,105.944,0.238002,0.241370
1783,5YZ6,81.12,0.583800,1.00,-3710.840,299.377,0.185453,0.708130
1784,5YZK,86.73,0.650900,1.00,-3969.895,318.560,0.137081,0.780470
1785,5Z1Y,52.38,0.446700,1.00,-464.658,238.009,0.508055,0.211320
1786,5Z26,62.50,0.566500,1.00,-546.029,76.940,0.526280,0.272150
1787,5Z2O,86.11,0.666900,1.00,-846.250,67.948,0.165959,0.360440
1788,5Z31,44.44,0.431800,1.00,-644.426,120.804,0.497287,0.138040
1789,5Z32,41.67,0.412500,1.00,-632.774,130.842,0.614710,0.212100
1790,5Z5W,52.08,0.478400,1.00,-390.585,86.854,0.362901,0.318740
1791,5Z5X,68.06,0.561900,1.00,-1215.666,44.802,0.410336,0.379170
1792,5ZCN,34.52,0.420100,1.00,-802.247,124.955,0.766568,0.101020
1793,5ZNF,85.00,0.654900,1.00,-1774.450,157.861,0.278259,0.618130
1794,5ZV6,66.67,0.553600,1.00,-1370.934,292.873,0.371191,0.420380
1795,5ZYX,66.25,0.574300,1.00,-1435.989,47.299,0.544618,0.339130
1796,6A5J,42.31,0.452000,1.00,-173.729,104.941,0.421745,0.304610
1797,6A8Y,40.38,0.348300,1.00,-1392.595,180.917,0.779461,0.250430
1798,6AAB,34.52,0.378500,1.00,-580.680,161.088,0.718135,0.145440
1799,6AFQ,42.86,0.350000,1.00,-866.991,107.140,0.821674,0.141570
1800,6AHZ,51.43,0.448800,1.00,-2030.952,189.494,0.886329,0.378830
1801,6AK0,48.81,0.458800,1.00,-906.762,256.407,0.486069,0.157010
1802,6AX2,38.04,0.355700,1.00,-2465.282,427.452,1.024741,0.299720
1803,6B3U,69.38,0.668000,1.00,-3303.202,114.154,0.507291,0.618240
1804,6B5W,38.16,0.383300,1.00,-691.693,152.165,0.665013,0.158900
1805,6B9K,77.50,0.566700,1.00,-266.548,55.701,0.222472,0.417460
1806,6B9W,73.53,0.535000,1.00,-2203.756,192.445,0.375667,0.543570
1807,6BAM,75.74,0.539100,1.00,-2055.099,259.695,0.383061,0.557200
1808,6BB6,74.26,0.570700,1.00,-2142.088,269.931,0.390318,0.546390
1809,6BEQ,57.50,0.485400,1.00,-227.334,61.858,0.398940,0.296150
1810,6BET,52.08,0.551500,1.00,-310.349,135.017,0.517806,0.204410
1811,6BEU,64.29,0.465300,1.00,-539.705,123.411,0.374267,0.283730
1812,6BI5,79.03,0.599600,1.00,-1917.297,172.119,0.362383,0.522020
1813,6BJF,51.92,0.463700,1.00,-452.600,120.537,0.492425,0.301470
1814,6BUC,81.25,0.623600,1.00,-1882.204,209.244,0.228712,0.651020
1815,6BVU,57.14,0.470400,1.00,-484.761,105.640,0.426015,0.191200
1816,6BVW,64.29,0.532200,1.00,-484.761,105.640,0.420774,0.203500
1817,6BVX,55.36,0.423900,1.00,-530.464,97.832,0.461034,0.255600
1818,6BX9,45.00,0.453400,1.00,-429.476,109.858,0.494975,0.181010
1819,6CEG,39.17,0.401100,1.00,-1593.809,106.799,0.704372,0.237300
1820,6CEI,58.59,0.488200,1.00,-1726.471,305.393,0.445169,0.336230
1821,6CEJ,60.71,0.507900,1.00,-360.420,103.103,0.319590,0.256020
1822,6CFA,77.63,0.687800,1.00,-922.317,87.847,0.233182,0.384910
1823,6CFB,44.35,0.441400,1.00,-1603.114,181.856,0.684397,0.290570
1825,6CGX,59.09,0.542400,1.00,-900.757,132.737,0.525860,0.205930
1829,6CJ8,70.59,0.606000,1.00,-897.762,70.370,0.316707,0.276320
1830,6CKD,79.17,0.597600,1.00,-2147.117,243.218,0.242912,0.553520
1831,6CKF,79.17,0.623900,1.00,-2239.838,187.627,0.236544,0.594950
1832,6CMH,54.76,0.483000,1.00,-1275.925,86.714,0.619993,0.311390
1833,6COO,79.41,0.616100,1.00,-936.009,84.551,0.257207,0.347690
1834,6COP,75.00,0.592400,1.00,-766.007,87.440,0.311707,0.279700
1835,6COQ,75.00,0.616800,1.00,-1018.289,80.223,0.280820,0.274540
1836,6COR,79.41,0.620800,1.00,-777.279,105.579,0.239662,0.290500
1837,6COS,61.76,0.529300,1.00,-897.762,70.370,0.393534,0.278390
1838,6COT,67.65,0.596100,1.00,-959.967,78.150,0.315287,0.373560
1839,6COU,80.88,0.621600,1.00,-916.117,70.695,0.169235,0.310600
1840,6COV,70.59,0.547900,1.00,-959.967,78.150,0.383601,0.303380
1841,6COW,76.47,0.611300,1.00,-897.762,70.370,0.415239,0.316470
1842,6CSK,52.63,0.464900,1.00,-529.100,144.867,0.565264,0.208170
1843,6CSZ,80.26,0.638700,1.00,-530.860,140.451,0.276091,0.335940
1844,6CT1,68.42,0.630800,1.00,-978.986,139.487,0.347491,0.275620
1845,6CT4,80.26,0.644300,1.00,-1087.989,70.160,0.237166,0.427620
1846,6D3T,83.33,0.667900,1.00,-1721.703,228.098,0.168580,0.552670
1847,6D8H,85.94,0.706100,1.00,-1911.843,189.280,0.168143,0.600050
1848,6D8Q,84.68,0.666200,1.00,-1771.603,187.881,0.184642,0.614640
1849,6D8R,79.03,0.644400,1.00,-1903.034,208.647,0.194895,0.526290
1850,6D8S,84.68,0.655700,1.00,-1829.995,196.072,0.189752,0.580840
1851,6D8T,84.68,0.658000,1.00,-1940.410,188.756,0.177372,0.596470
1852,6D8U,81.45,0.631900,1.00,-1842.492,200.850,0.192058,0.554350
1853,6D8Y,79.84,0.653600,1.00,-1872.286,190.629,0.198860,0.549190
1854,6D93,84.68,0.639400,1.00,-1918.697,196.018,0.173030,0.573190
1855,6D9O,79.03,0.636400,1.00,-1786.222,231.280,0.186676,0.534060
1856,6D9P,81.45,0.614300,1.00,-1969.586,208.791,0.195388,0.557080
1857,6DHR,59.48,0.506100,1.00,-1689.366,303.500,0.462732,0.324510
1858,6DMZ,87.77,0.681200,1.00,-2907.239,313.905,0.166122,0.772650
1859,6DST,66.35,0.695200,1.00,-1729.097,52.502,0.360578,0.451050
1860,6DZ9,50.00,0.456900,1.00,-328.856,123.870,0.581294,0.271420
1861,6DZA,39.06,0.439900,1.00,-496.011,122.338,0.893427,0.239790
1862,6DZB,39.06,0.529900,1.00,-324.098,141.083,0.837991,0.171410
1863,6DZC,42.19,0.403900,1.00,-362.800,125.252,0.564868,0.220000
1864,6DZE,42.19,0.519200,1.00,-360.843,110.647,0.939073,0.175550
1865,6E1L,76.04,0.569800,1.00,-1148.095,189.129,0.292159,0.340560
1867,6EFE,69.44,0.626900,1.00,-1677.674,76.903,0.268796,0.401990
1868,6ENA,40.32,0.408500,1.00,-1429.786,354.900,0.819567,0.377450
1869,6F46,47.14,0.548000,1.00,-2847.340,54.879,0.858950,0.356780
1870,6F61,54.03,0.431000,1.00,-1585.742,346.981,0.532856,0.317650
1871,6FGM,45.83,0.459900,1.00,-323.908,88.649,0.546849,0.288180
1872,6FS4,63.71,0.483700,1.00,-2337.260,127.044,0.625663,0.489360
1873,6FS5,48.08,0.411200,1.00,-2927.692,155.913,1.213935,0.418050
1874,6G4I,79.17,0.709900,1.00,-1494.278,139.919,0.180242,0.360960
1875,6G4K,70.83,0.645500,1.00,-1494.278,139.919,0.320754,0.318140
1876,6G4U,64.58,0.643200,1.00,-1494.278,139.919,0.398349,0.326160
1877,6G4V,64.58,0.588300,1.00,-1453.328,120.217,0.393217,0.319310
1878,6G4X,66.67,0.610300,1.00,-1479.502,124.010,0.437591,0.427010
1880,6GIF,76.67,0.701800,1.00,-2015.202,72.017,0.293558,0.536170
1881,6GIG,56.67,0.555400,1.00,-1660.277,121.634,0.581565,0.498460
1882,6GIJ,40.00,0.410300,1.00,-457.069,140.129,0.596904,0.155570
1883,6GIK,51.92,0.421800,1.00,-469.430,98.524,0.432634,0.219110
1884,6GIL,46.15,0.466200,1.00,-358.625,113.146,0.455517,0.244250
1885,6GNZ,51.85,0.436200,1.00,-1790.258,86.680,0.623875,0.417800
1886,6GO0,79.81,0.636700,1.00,-1379.024,67.274,0.278699,0.476980
1887,6GS5,48.08,0.466800,1.00,-474.827,126.881,0.426173,0.191030
1888,6GS9,71.88,0.671400,1.00,-559.890,85.883,0.244282,0.304160
1889,6HH0,70.00,0.667500,1.00,-1549.361,87.145,0.317142,0.355320
1890,6HN9,28.79,0.297000,1.00,-1466.673,377.092,0.974169,0.205510
1891,6HT4,41.25,0.349100,1.00,-849.729,236.847,0.593678,0.136360
1892,6HZ2,69.44,0.693000,1.00,-1653.475,83.770,0.255523,0.452210
1893,6IHA,73.33,0.727300,1.00,-1750.139,77.106,0.249501,0.439090
1894,6ITH,66.46,0.712300,1.00,-3393.619,73.824,0.435588,0.726710
1895,6J12,41.07,0.427500,1.00,-2035.055,74.998,0.793195,0.273770
1896,6J9P,41.67,0.466300,1.00,-331.830,99.815,0.385393,0.257720
1897,6JI7,54.17,0.443200,1.00,-1992.228,448.917,0.547646,0.318500
1898,6JIC,34.03,0.355600,1.00,-2169.154,231.124,0.891596,0.228270
1899,6K4V,43.75,0.306600,1.00,-1718.774,387.054,1.390304,0.352080
1900,6K4W,37.78,0.306900,1.00,-2852.211,305.899,0.986642,0.305460
1901,6K50,72.50,0.547700,1.00,-2519.905,262.071,0.472539,0.601770
1902,6K51,73.75,0.550400,1.00,-2229.238,327.761,0.379107,0.616690
1903,6KLM,55.88,0.457500,1.00,-2011.389,366.436,0.527633,0.393340
1904,6KRA,56.06,0.438300,1.00,-1461.532,340.896,0.595712,0.325410
1905,6L8R,23.48,0.237600,1.00,-1365.448,144.127,1.309636,0.204570
1906,6LF5,83.82,0.660900,1.00,-2122.983,220.590,0.154118,0.607550
1907,6M0Y,50.00,0.401900,1.00,-347.363,87.479,0.492723,0.248290
1908,6M19,41.67,0.492800,1.00,-490.148,91.549,0.843284,0.171950
1909,6M56,32.50,0.221900,1.00,-1723.413,227.568,1.323742,0.228430
1910,6M5C,63.46,0.496400,1.00,-2123.640,437.892,0.568260,0.437220
1911,6MBM,46.88,0.495900,1.00,-553.628,139.001,0.385583,0.247780
1912,6MF8,45.65,0.568600,1.00,-3000.136,144.744,1.170592,0.426550
1913,6MJV,78.91,0.610700,1.00,-1100.196,253.686,0.208292,0.542960
1914,6MK4,66.67,0.455000,1.00,-1459.030,263.308,0.412080,0.381350
1915,6MK5,67.65,0.531600,1.00,-2152.809,222.525,0.299414,0.462640
1916,6MM4,43.94,0.416300,1.00,-1387.561,415.141,0.677300,0.256290
1917,6MW6,48.68,0.498800,1.00,-449.991,143.483,0.804767,0.161050
1918,6MZT,83.11,0.648300,1.00,-2119.939,217.720,0.160604,0.663010
1919,6NK9,51.56,0.472300,1.00,-1329.394,365.052,0.697005,0.381860
1920,6NOM,53.72,0.463500,1.00,-2707.483,277.209,0.565346,0.451630
1921,6NOX,46.43,0.469100,1.00,-595.304,119.620,0.572862,0.265200
1922,6NUG,73.96,0.563800,1.00,-1148.347,164.929,0.236106,0.301840
1923,6NW8,55.56,0.468500,1.00,-1160.282,255.677,0.679700,0.320880
1924,6O3Q,76.53,0.616500,1.00,-3509.212,186.553,0.394433,0.665420
1925,6O3S,79.79,0.645200,1.00,-3469.373,161.927,0.277499,0.710960
1931,6OBK,66.86,0.517200,1.00,-3891.762,203.377,0.367653,0.566870
1932,6OBW,64.71,0.513400,1.00,-879.878,95.413,0.474729,0.358000
1933,6OC2,51.47,0.489900,1.00,-903.611,90.063,0.489290,0.206000
1934,6OC4,61.76,0.499600,1.00,-752.111,110.268,0.369914,0.230580
1935,6OFA,66.67,0.593500,1.00,-2605.428,141.523,0.375818,0.484630
1936,6OLD,52.94,0.480200,1.00,-752.111,110.268,0.405039,0.269420
1937,6OQP,59.62,0.498800,1.00,-493.634,69.142,0.424924,0.235250
1938,6OTA,62.50,0.549200,1.00,-460.373,101.289,0.428218,0.235740
1939,6OTB,57.89,0.436500,1.00,-954.727,146.229,0.435188,0.209190
1940,6OVJ,57.69,0.494600,1.00,-387.199,131.608,0.348607,0.252330
1941,6PIN,59.72,0.486800,1.00,-551.722,120.410,0.371769,0.230340
1942,6PIO,44.44,0.376200,1.00,-865.870,102.782,0.596798,0.178300
1943,6PIP,38.89,0.357700,1.00,-820.597,184.741,0.710652,0.141000
1945,6POR,41.96,0.382300,1.00,-1679.731,148.516,0.814964,0.250480
1946,6PPC,52.27,0.501600,1.00,-1414.560,456.980,0.603617,0.295350
1947,6PX7,38.97,0.386300,1.00,-1915.229,222.774,0.777842,0.262160
1948,6PX8,74.32,0.552300,1.00,-2215.633,271.632,0.384660,0.611530
1949,6Q1X,29.55,0.405800,1.00,-1360.761,220.273,0.794611,0.226630
1950,6Q5Z,45.69,0.374600,1.00,-1631.589,203.707,0.709694,0.240750
1951,6QAX,63.46,0.552600,1.00,-193.525,99.479,0.354436,0.257140
1952,6QB0,61.54,0.452000,1.00,-229.480,115.130,0.387630,0.226340
1953,6QB1,55.77,0.523700,1.00,-172.423,107.069,0.415626,0.251750
1954,6QES,79.38,0.598400,1.00,-2712.548,364.209,0.208993,0.641700
1955,6QET,65.48,0.450700,1.00,-2535.499,430.263,0.415993,0.500890
1956,6QJB,68.12,0.589800,1.00,-2002.394,246.186,0.254957,0.514060
1957,6QKF,56.94,0.404200,1.00,-842.342,126.809,0.401203,0.202630
1958,6R2X,71.00,0.546500,1.00,-1797.839,73.957,0.493225,0.479120
1959,6R95,66.67,0.653300,1.00,-1486.311,116.715,0.313776,0.305400
1960,6R96,61.46,0.629500,1.00,-1430.394,128.900,0.405648,0.325780
1961,6RRL,45.83,0.434600,1.00,-444.880,95.090,0.410235,0.237530
1962,6RRO,47.73,0.432300,1.00,-390.074,70.102,0.441041,0.225910
1963,6RSF,42.00,0.426500,1.00,-1360.898,62.834,0.568738,0.220920
1964,6RSG,41.00,0.495800,1.00,-1317.899,45.302,0.644294,0.230690
1965,6RSM,63.64,0.456400,1.00,-323.754,147.387,0.303684,0.297950
1966,6RY9,40.38,0.360400,1.00,-1499.479,78.059,0.730843,0.187120
1967,6RYQ,43.75,0.379800,1.00,-860.197,123.918,0.551268,0.178240
1968,6RZ1,42.71,0.536300,1.00,-1491.202,38.483,0.635852,0.184570
1969,6RZC,51.00,0.507100,1.00,-1317.154,74.040,0.476019,0.247990
1970,6S2D,48.96,0.355000,1.00,-1029.757,136.261,0.625731,0.216000
1971,6SAA,46.43,0.492700,1.00,-1142.926,225.616,0.656987,0.262430
1972,6SAB,64.71,0.498400,1.00,-1821.656,233.309,0.613824,0.432670
1973,6SFT,37.50,0.376700,1.00,-1753.995,242.479,0.732232,0.219300
1974,6SVC,80.71,0.661200,1.00,-1804.153,220.947,0.186741,0.601010
1975,6SVE,82.86,0.590600,1.00,-1941.416,235.719,0.206923,0.637900
1976,6SVH,90.00,0.664900,1.00,-1762.303,255.261,0.152621,0.725210
1977,6SY2,84.69,0.638400,1.00,-3466.093,282.927,0.312174,0.765490
1978,6SZF,42.86,0.471600,1.00,-2482.134,130.792,0.841519,0.317560
1979,6T33,42.05,0.359500,1.00,-2743.211,342.033,0.740895,0.318380
1980,6TVJ,52.50,0.436900,1.00,-344.829,67.979,0.353238,0.215570
1981,6TWG,55.77,0.445300,1.00,-462.892,156.711,0.477575,0.239890
1982,6U24,48.21,0.562100,1.00,-371.691,114.235,0.558351,0.253190
1983,6U6G,52.08,0.395600,1.00,-1995.653,274.742,0.756926,0.341360
1984,6U7Q,46.43,0.453000,1.00,-381.199,97.043,0.647574,0.270940
1985,6U7R,71.43,0.556400,1.00,-559.998,101.845,0.308208,0.256700
1986,6U7S,58.93,0.506500,1.00,-473.551,105.859,0.429832,0.232140
1987,6U7U,48.21,0.533400,1.00,-337.789,77.432,0.692188,0.231930
1988,6U7W,55.36,0.558000,1.00,-334.982,97.539,0.655550,0.309670
1989,6U7X,51.79,0.649600,1.00,-382.429,113.658,0.981664,0.275850
1990,6UCH,63.41,0.628400,1.00,-2234.594,312.727,0.710819,0.529210
1991,6V1N,54.41,0.489900,1.00,-833.815,103.788,0.381909,0.241530
1992,6V6T,76.43,0.552000,1.00,-2089.907,336.139,0.294764,0.569200
1993,6VE9,59.52,0.591100,1.00,-1313.319,31.727,0.499642,0.245950
1994,6VGT,43.42,0.439400,1.00,-2270.873,107.555,1.228754,0.317900
1995,6VH8,59.03,0.442200,1.00,-2530.498,395.712,0.525499,0.431640
1996,6VLA,79.41,0.639300,1.00,-890.420,58.880,0.188471,0.427200
1997,6VLJ,52.63,0.466300,1.00,-840.666,121.164,0.647051,0.235230
1998,6VNZ,78.23,0.594100,1.00,-1927.972,195.925,0.212815,0.464060
1999,6VPN,92.02,0.651900,1.00,-2814.169,271.637,0.124853,0.819730
2000,6VXG,25.58,0.301800,1.00,-2071.581,151.075,0.806463,0.243810
2001,6VY8,48.21,0.549200,1.00,-371.691,114.235,0.559532,0.197140
2002,6WQJ,75.71,0.603900,1.00,-2479.432,110.014,0.258114,0.565640
2003,6WQL,68.88,0.629200,1.00,-3550.812,216.920,0.473018,0.599910
2004,6X7I,85.71,0.655100,1.00,-2039.786,79.287,0.410402,0.688110
2005,6XCR,70.00,0.651600,1.00,-3536.516,94.340,0.727726,0.653010
2006,6XCU,73.33,0.621800,1.00,-3363.103,107.964,0.682778,0.660330
2007,6XN9,32.74,0.328500,1.00,-3074.993,387.022,0.838027,0.290040
2008,6XTH,40.28,0.388700,1.00,-714.047,151.202,0.596779,0.117320
2009,6XTI,44.12,0.450400,1.00,-435.442,89.630,0.698937,0.222290
2010,6XYH,50.62,0.397400,1.00,-2495.232,411.951,0.496413,0.364250
2011,6XYI,26.19,0.293500,1.00,-2607.556,361.788,0.935871,0.262050
2012,6Y1Q,50.00,0.480800,1.00,-479.209,93.761,0.671924,0.187590
2013,6YHF,68.33,0.654000,1.00,-1914.905,51.993,0.302602,0.459790
2014,6YHI,65.00,0.671700,1.00,-2026.506,47.923,0.366456,0.467710
2015,6YHO,74.17,0.691500,1.00,-1926.768,61.402,0.235420,0.425960
2016,6YHP,66.67,0.685800,1.00,-1882.147,40.848,0.371195,0.424080
2017,6YHX,75.83,0.741900,1.00,-1928.265,42.213,0.222186,0.523040
2018,6YJL,43.94,0.320800,1.00,-2134.150,135.566,0.923533,0.327130
2019,6YSE,77.72,0.650900,1.00,-3930.832,146.961,0.260737,0.615410
2020,6Z0G,53.06,0.602100,1.00,-2846.773,246.321,0.554413,0.475400
2021,6Z0H,45.41,0.605500,1.00,-2848.370,258.982,0.630875,0.474600
2022,6Z0I,57.65,0.591000,1.00,-2846.773,246.321,0.719096,0.477690
2023,7ALD,78.75,0.585600,1.00,-902.927,88.021,0.171528,0.232680
2024,7ASY,65.91,0.628600,1.00,-2464.792,94.355,0.289204,0.406260
2025,7AT7,62.88,0.672000,1.00,-2328.603,181.471,0.482690,0.462670
2026,7ATB,65.91,0.648100,1.00,-2712.312,112.192,0.376624,0.499330
2027,7AY8,58.97,0.500000,1.00,-2296.317,247.319,0.490818,0.421680
2028,7B2F,54.84,0.455000,1.00,-1769.445,136.850,0.852400,0.360160
2029,7BW5,42.65,0.438100,1.00,-481.560,128.131,0.753524,0.222920
2030,7BWI,72.02,0.601200,1.00,-3242.690,411.124,0.326858,0.587630
2031,7BX2,35.71,0.457600,1.00,-303.500,125.529,0.514015,0.231330
2032,7BZ7,41.67,0.485600,1.00,-606.844,86.116,0.710434,0.179680
2033,7BZ8,46.67,0.469600,1.00,-674.975,88.325,0.709667,0.149570
2034,7BZ9,48.33,0.405400,1.00,-625.313,84.276,0.610068,0.145230
2035,7BZA,43.33,0.447000,1.00,-595.151,79.748,0.716447,0.135090
2036,7CCN,52.94,0.499800,1.00,-580.704,101.262,0.532252,0.184460
2037,7CCO,54.41,0.509900,1.00,-580.704,101.262,0.510004,0.202570
2038,7CK5,79.46,0.639500,1.00,-1864.485,104.432,0.222787,0.473810
2039,7CKD,39.10,0.263300,1.00,-2664.016,308.186,1.132893,0.299890
2040,7CKE,39.10,0.342000,1.00,-2664.016,308.186,0.939484,0.327790
2041,7CSS,61.54,0.488500,1.00,-397.490,68.560,0.451085,0.234790
2042,7CU6,45.00,0.435400,1.00,-669.322,109.181,0.635206,0.225110
2043,7D13,82.05,0.753100,1.00,-2557.729,83.285,0.193224,0.686340
2044,7D16,45.51,0.571200,1.00,-2557.729,83.285,1.019499,0.400120
2045,7D37,53.85,0.542500,1.00,-397.490,68.560,0.462262,0.276550
2046,7DEH,77.42,0.696400,1.00,-1881.402,72.758,0.267588,0.527850
2047,7EDK,50.00,0.436200,1.00,-793.107,115.413,0.568147,0.216870
2048,7EES,46.25,0.373500,1.00,-908.636,109.919,0.764164,0.089100
2049,7ELY,44.23,0.389500,1.00,-1548.718,215.605,0.590869,0.167010
2050,7F32,59.72,0.613300,1.00,-953.903,84.823,0.319519,0.164870
2051,7JIA,81.25,0.608800,1.00,-843.945,172.565,0.197597,0.381640
2052,7JIY,83.33,0.594300,1.00,-1204.909,170.436,0.164608,0.369510
2053,7JNN,86.96,0.597000,1.00,-2920.091,285.073,0.200583,0.747750
2054,7JPM,57.74,0.441100,1.00,-2030.707,653.091,0.485073,0.439650
2055,7JS6,45.00,0.500300,1.00,-414.660,65.205,0.738160,0.148680
2056,7K1M,68.75,0.498700,1.00,-533.536,60.243,0.389603,0.350700
2057,7K7X,57.76,0.497600,1.00,-1786.114,296.528,0.474838,0.304080
2058,7KNN,54.69,0.514200,1.00,-681.472,112.947,0.500853,0.214710
2059,7KPD,42.24,0.442300,1.00,-1117.169,695.352,0.686367,0.237620
2060,7L53,56.25,0.378600,1.00,-1829.199,221.440,0.526965,0.349340
2061,7L54,51.79,0.368800,1.00,-1829.199,221.440,0.524161,0.235740
2062,7L55,42.86,0.300500,1.00,-1829.199,221.440,0.858020,0.234590
2063,7L7A,57.14,0.507200,1.00,-484.570,73.389,0.502155,0.254370
2064,7L83,61.49,0.564800,1.00,-3266.991,100.793,0.472661,0.461460
2065,7LCW,43.33,0.436600,1.00,-523.583,127.729,0.614116,0.258680
2066,7LGL,39.36,0.313400,1.00,-2950.009,362.967,0.980779,0.280960
2067,7LGV,55.21,0.414800,1.00,-2553.474,510.257,0.821084,0.466570
2068,7LHC,65.52,0.539200,1.00,-1584.717,310.842,0.539517,0.413450
2069,7LI2,54.55,0.487300,1.00,-801.455,149.882,0.412606,0.162520
2070,7LIF,43.18,0.479300,1.00,-801.455,149.882,0.572369,0.146300
2071,7LP4,61.70,0.438400,1.00,-2424.652,443.643,0.698656,0.540810
2072,7LQR,72.62,0.598100,1.00,-977.501,121.767,0.297924,0.220410
2073,7LQS,55.00,0.493500,1.00,-481.862,132.605,0.484228,0.101310
2074,7LRW,60.71,0.520700,1.00,-1207.192,110.655,0.477146,0.217930
2075,7LSO,80.56,0.711200,1.00,-946.846,71.985,0.187160,0.335200
2076,7LSP,73.61,0.663700,1.00,-946.846,71.985,0.240087,0.343120
2077,7LT7,25.71,0.267000,1.00,-1499.524,263.451,1.434823,0.173530
2078,7LVE,69.15,0.610500,1.00,-3323.034,157.161,0.397647,0.519280
2079,7LVG,55.00,0.517600,1.00,-3018.037,222.458,0.594915,0.460500
2080,7LX4,34.76,0.362700,1.00,-2312.052,363.249,0.936219,0.222700
2081,7LZL,85.81,0.664500,1.00,-1874.011,294.292,0.141909,0.675440
2082,7M1D,42.71,0.378900,1.00,-2733.970,316.301,0.806793,0.325920
2083,7M1E,51.79,0.437300,1.00,-1546.285,87.484,0.783216,0.319950
2084,7M3U,47.22,0.341700,1.00,-1504.293,286.240,0.706774,0.260180
2085,7MJ3,32.39,0.325000,1.00,-2924.776,671.074,0.869946,0.236920
2086,7MY8,36.31,0.409400,1.00,-3432.207,219.465,0.831027,0.285640
2087,7N0T,65.62,0.478900,1.00,-527.248,100.229,0.292243,0.209030
2088,7N21,64.71,0.528900,1.00,-495.068,132.993,0.313199,0.150070
2089,7N23,67.65,0.481500,1.00,-495.068,132.993,0.284121,0.194230
2090,7N25,65.62,0.509100,1.00,-527.248,100.229,0.305077,0.240260
2091,7NIP,67.68,0.592700,1.00,-4049.227,152.157,0.273770,0.533020
2092,7NS1,86.29,0.739900,1.00,-2536.643,67.254,0.268590,0.675730
2093,7OB2,52.50,0.458000,1.00,-250.607,57.806,0.285726,0.130440
2094,7OD2,51.47,0.454400,1.00,-1974.244,227.574,0.540243,0.295330
2095,7OFM,79.17,0.734700,1.00,-1840.069,123.824,0.288626,0.579250
2096,7OFO,68.33,0.715700,1.00,-1983.948,93.792,0.337034,0.624630
2097,7OSC,32.29,0.294100,1.00,-1352.480,240.826,0.890891,0.192710
2099,7P3M,36.54,0.446800,1.00,-309.305,126.384,0.457841,0.186470
2100,7P4X,79.84,0.662200,1.00,-1922.502,98.255,0.321348,0.610070
2101,7P55,77.27,0.678100,1.00,-1701.185,44.597,0.201597,0.276760
2102,7P5G,33.00,0.304300,1.00,-1418.014,231.973,0.930263,0.208430
2103,7P5Q,39.00,0.408500,1.00,-1262.910,205.603,0.773833,0.168330
2104,7P5S,37.00,0.372300,1.00,-1138.148,181.571,0.863559,0.153010
2105,7PH8,88.71,0.738500,1.00,-2565.225,85.509,0.156450,0.646350
2106,7PHT,77.50,0.777200,1.00,-2438.145,106.179,0.243150,0.560600
2107,7PL4,72.58,0.618900,1.00,-2030.390,90.811,0.550629,0.538910
2108,7PVB,85.87,0.679800,1.00,-2772.977,255.829,0.161287,0.748370
2109,7PVM,49.19,0.428900,1.00,-1301.322,208.413,0.843652,0.304940
2110,7QAL,45.71,0.386300,1.00,-2419.927,244.413,0.768020,0.312350
2111,7QAM,46.43,0.396300,1.00,-2208.521,235.123,0.720750,0.345830
2112,7QAO,40.00,0.347900,1.00,-2365.737,125.051,1.087591,0.327820
2113,7QAP,42.86,0.380500,1.00,-2526.168,210.439,0.936581,0.321020
2114,7QLF,61.76,0.470800,1.00,-624.642,130.570,0.364031,0.219650
2115,7QXJ,76.79,0.563100,1.00,-1689.241,110.657,0.215303,0.479830
2116,7RC7,39.84,0.386900,1.00,-1319.576,328.270,0.842953,0.217280
2117,7RC8,42.19,0.386600,1.00,-1256.925,309.678,0.776546,0.211320
2118,7RFA,56.03,0.473900,1.00,-1080.068,357.331,0.809294,0.308730
2119,7RN3,63.33,0.485900,1.00,-1658.840,415.587,0.439431,0.334990
2120,7S55,55.65,0.417300,1.00,-1126.746,564.450,0.599768,0.344400
2121,7S7P,82.14,0.619000,1.00,-2569.860,234.821,0.231258,0.679630
2122,7SAG,55.65,0.469200,1.00,-1570.878,240.482,0.663779,0.363110
2123,7SKC,66.91,0.522400,1.00,-1916.699,336.290,0.293990,0.427910
2124,7T6G,56.25,0.426400,1.00,-868.436,81.437,0.467621,0.292130
2125,7T7W,54.55,0.476100,1.00,-306.390,118.093,0.445526,0.221940
2126,7TB9,50.00,0.502300,1.00,-756.002,79.614,0.563403,0.194530
2127,7TH8,57.58,0.453800,1.00,-1515.857,231.030,0.662217,0.387290
2128,7UNX,68.06,0.473800,1.00,-2283.831,278.426,0.843844,0.509320
2129,7UV3,60.94,0.556200,1.00,-3351.025,167.991,0.573605,0.527310
2130,7V5E,56.94,0.479300,1.00,-726.882,139.776,0.516113,0.178260
2131,7V5F,50.00,0.468400,1.00,-2334.259,193.350,0.480796,0.251820
2132,7VOZ,79.31,0.738400,1.00,-1708.618,58.904,0.244420,0.495890
2133,7VQH,45.83,0.446900,1.00,-632.774,130.842,0.494933,0.209870
2134,7VQI,55.56,0.446600,1.00,-632.774,130.842,0.412226,0.155090
2135,7W8K,48.00,0.447200,1.00,-1563.078,128.800,0.735418,0.230770
2136,7W8O,41.35,0.412800,1.00,-1312.629,294.819,0.591929,0.176190
2137,7W8R,29.81,0.322000,1.00,-1312.629,294.819,0.746682,0.177490
2138,7W8T,44.23,0.385700,1.00,-1025.897,309.008,0.572650,0.172060
2139,7W8Z,47.37,0.358600,1.00,-2339.053,267.849,0.668320,0.394450
2140,7W96,37.96,0.314500,1.00,-861.588,298.170,1.106108,0.230460
2141,7WE3,31.45,0.344700,1.00,-1298.461,272.314,0.798811,0.243600
2142,7WEI,29.03,0.341000,1.00,-1298.461,272.314,0.946058,0.229690
2143,7Y7L,67.22,0.575800,1.00,-2676.084,289.774,0.506165,0.541050
2144,7YAB,67.05,0.519100,1.00,-2600.692,260.257,0.309477,0.530700
2145,7YFS,57.81,0.491200,1.00,-594.473,93.012,0.475074,0.253740
2146,7YHF,76.39,0.600700,1.00,-2020.149,264.953,0.242026,0.560620
2147,7YHG,80.56,0.636400,1.00,-1931.959,267.251,0.234982,0.607900
2148,7YHH,79.17,0.622600,1.00,-1945.540,292.081,0.250103,0.580510
2149,7YHI,72.22,0.573700,1.00,-1913.980,283.183,0.291960,0.524350
2150,7YRV,51.79,0.518400,1.00,-2168.592,138.049,0.661492,0.267550
2151,7YRW,57.26,0.458200,1.00,-2064.247,164.807,0.502859,0.371410
2152,7YRX,62.90,0.504200,1.00,-2164.845,192.421,0.346755,0.350980
2153,7YSS,53.57,0.437200,1.00,-406.957,151.358,0.380193,0.227030
2154,7YYI,75.00,0.679600,1.00,-2112.157,70.652,0.207992,0.557070
2155,7Z07,78.45,0.688400,1.00,-2207.813,70.960,0.170757,0.545660
2156,7Z08,71.55,0.695300,1.00,-2172.881,67.802,0.226924,0.444630
2157,7Z0B,79.31,0.704700,1.00,-2316.364,72.558,0.189867,0.609660
2159,7ZNF,82.50,0.663600,1.00,-1642.512,136.270,0.219512,0.552520
2160,7ZRF,51.39,0.448300,1.00,-640.400,158.267,0.752814,0.215100
2161,7ZRO,28.75,0.353400,1.00,-1854.181,153.680,0.839584,0.242320
2162,7ZRU,71.43,0.572500,1.00,-1743.301,129.385,0.577537,0.421610
2163,7ZWJ,42.65,0.426200,1.00,-406.948,92.104,0.724979,0.247590
2164,7ZZV,28.47,0.362100,1.00,-2363.981,149.949,0.876493,0.276180
2165,8A6I,32.74,0.337100,1.00,-2235.527,110.524,1.147570,0.320760
2166,8AHK,35.98,0.368700,1.00,-2112.126,571.263,0.764003,0.293600
2167,8B1L,83.33,0.655200,1.00,-1561.043,54.967,0.230677,0.495770
2168,8B1X,65.00,0.602400,1.00,-1535.219,66.078,0.670940,0.532120
2169,8B4R,73.75,0.613500,1.00,-902.927,88.021,0.238204,0.217590
2170,8B6X,69.00,0.558200,1.00,-1912.554,79.946,0.383387,0.368690
2171,8B6Y,79.00,0.652000,1.00,-1908.339,66.834,0.302281,0.431970
2172,8B9Q,24.38,0.362600,1.00,-2043.474,165.581,0.994099,0.200170
2173,8B9R,28.12,0.378000,1.00,-2043.474,165.581,1.060862,0.218290
2174,8BOO,38.04,0.432800,1.00,-690.040,161.107,0.754225,0.155240
2175,8BVC,56.55,0.478200,1.00,-2507.811,395.982,0.346272,0.435650
2176,8BVZ,44.74,0.460900,1.00,-675.770,99.262,0.976476,0.176880
2177,8BWW,62.50,0.553000,1.00,-1256.393,47.955,0.392369,0.282660
2178,8CIQ,66.43,0.488200,1.00,-1907.144,255.877,0.319660,0.487810
2183,8CJT,59.29,0.466100,1.00,-2307.494,227.960,0.401268,0.420480
2184,8CM3,43.48,0.418200,1.00,-902.498,241.073,0.671302,0.207630
2185,8DFZ,64.53,0.437900,1.00,-3227.742,349.651,0.660681,0.496320
2186,8DYM,31.03,0.257700,1.00,-1345.228,174.939,1.088980,0.322240
2187,8DYN,51.04,0.437500,1.00,-1220.019,187.806,0.495976,0.202490
2188,8EB1,71.88,0.548200,1.00,-1369.772,104.413,0.300545,0.382910
2189,8EF4,55.00,0.516600,1.00,-379.894,195.342,0.496676,0.185190
2190,8F04,55.26,0.475300,1.00,-819.252,144.089,0.451182,0.199280
2191,8FD4,67.65,0.511300,1.00,-1483.381,417.831,0.425019,0.481970
2192,8FEY,64.58,0.466800,1.00,-1983.719,304.356,0.454113,0.456420
2193,8G21,49.22,0.404700,1.00,-2206.840,157.743,1.068837,0.431550
2194,8GUC,24.31,0.349900,1.00,-2043.350,296.786,0.872017,0.263180
2195,8GVN,51.79,0.452700,1.00,-406.957,151.358,0.430314,0.202080
2196,8H0G,74.19,0.710800,1.00,-2158.530,73.063,0.253270,0.535080
2197,8H0U,80.65,0.691400,1.00,-2158.530,73.063,0.193952,0.584260
2198,8HJC,50.00,0.472800,1.00,-2272.464,359.842,0.549615,0.305770
2199,8HJD,50.00,0.463900,1.00,-2272.464,359.842,0.560256,0.299220
2200,8HR3,48.08,0.519800,1.00,-339.810,83.425,0.518196,0.251380
2201,8HR4,55.77,0.488100,1.00,-381.955,75.643,0.384902,0.200480
2202,8HVS,52.50,0.428000,1.00,-216.025,69.689,0.351761,0.300160
2203,8HZW,53.12,0.514800,1.00,-621.351,72.407,0.580434,0.256000
2204,8IKQ,58.93,0.518900,1.00,-399.199,86.209,0.416865,0.304570
2205,8IL1,66.07,0.529100,1.00,-399.199,86.209,0.404604,0.306950
2206,8IL2,60.00,0.460900,1.00,-289.567,112.644,0.328646,0.217640
2207,8IL6,60.00,0.483900,1.00,-289.567,112.644,0.339497,0.182800
2208,8JB4,26.04,0.342600,1.00,-1122.591,169.642,0.921325,0.171210
2209,8K3M,48.53,0.428700,1.00,-619.857,124.995,0.380556,0.146690
2210,8K3N,39.71,0.468300,1.00,-619.857,124.995,0.642971,0.190730
2211,8OR5,65.83,0.676800,1.00,-1852.104,77.184,0.326468,0.365360
2212,8ORY,75.83,0.662400,1.00,-2147.684,80.660,0.192683,0.486120
2213,8ORZ,59.17,0.615400,1.00,-1310.617,190.657,0.451402,0.477920
2214,8OS0,72.50,0.698200,1.00,-1833.817,77.649,0.303785,0.456270
2216,8PWT,38.97,0.468300,1.00,-2615.884,83.690,0.818543,0.303850
2221,8QNT,27.55,0.602400,1.00,-3444.917,172.618,1.748122,0.289810
2222,8QTQ,70.59,0.572100,1.00,-1969.038,247.536,0.320959,0.512100
2223,8R89,38.89,0.420600,1.00,-637.232,108.979,0.641267,0.104860
2224,8RHS,46.88,0.433200,1.00,-3201.552,278.079,0.662198,0.400290
2225,8RPQ,70.83,0.734700,1.00,-2580.939,58.627,0.252556,0.548730
2226,8RQ6,70.16,0.640800,1.00,-2395.114,60.255,0.342595,0.504520
2227,8S9Y,27.56,0.325500,1.00,-1673.176,327.839,0.778078,0.299410
2228,8SED,40.54,0.510100,1.00,-2221.972,120.036,1.198853,0.288440
2229,8SEM,61.54,0.479600,1.00,-1903.363,342.427,0.380155,0.442540
2230,8SVB,45.00,0.426600,1.00,-1304.621,363.862,0.608301,0.282410
2231,8T01,44.23,0.476600,1.00,-246.119,129.397,0.421734,0.180380
2232,8T61,53.12,0.450000,1.00,-434.016,94.232,0.516039,0.263230
2233,8T62,65.62,0.531100,1.00,-448.280,133.414,0.317208,0.301200
2234,8T63,46.88,0.380900,1.00,-643.792,146.534,0.532733,0.123440
2235,8TFV,36.90,0.364500,1.00,-580.680,161.088,0.809656,0.140640
2236,8TV4,50.00,0.446600,1.00,-474.827,126.881,0.555763,0.277370
2237,8TXS,59.38,0.442900,1.00,-634.017,87.571,0.338792,0.219970
2238,8TYI,68.10,0.549700,1.00,-1631.435,341.144,0.478563,0.429400
2239,8UKC,56.67,0.414500,1.00,-551.990,134.793,0.552750,0.306400
2240,8ULM,63.64,0.496800,1.00,-1757.058,256.866,0.407599,0.380320
2241,8UM1,46.43,0.420100,1.00,-3264.314,191.819,0.890671,0.413500
2242,8UM2,51.19,0.418100,1.00,-3264.314,191.819,0.629131,0.423900
2243,8UNG,49.39,0.375000,1.00,-2098.775,565.112,0.651438,0.375890
2244,8UWF,46.15,0.387700,1.00,-1845.398,325.286,0.630615,0.371190
2245,8UXR,48.91,0.411200,1.00,-1224.331,184.925,0.557941,0.187580
2246,8V2M,45.54,0.406300,1.00,-1632.285,179.140,0.643492,0.327360
2247,8V2V,35.37,0.348200,1.00,-2831.813,400.736,0.826482,0.273850
2248,8VU6,63.59,0.448700,1.00,-2183.124,594.401,0.559560,0.503240
2249,8VU7,68.33,0.564900,1.00,-2609.842,620.463,0.328545,0.577080
2250,8VU8,66.28,0.523500,1.00,-2157.195,613.016,0.271652,0.494490
2251,8VYC,38.64,0.365700,1.00,-1000.966,127.891,0.806789,0.218430
2252,8W0Q,50.00,0.493700,1.00,-925.960,121.298,0.450495,0.186680
2253,8W16,56.67,0.428000,1.00,-550.311,133.964,0.405881,0.183660
2254,8W17,53.33,0.435700,1.00,-413.749,164.543,0.383529,0.179680
2255,8W2V,25.00,0.225900,1.00,-1654.729,404.358,1.452529,0.233210
2256,8WGI,58.00,0.497000,1.00,-1546.272,152.963,0.401598,0.274320
2257,8WGJ,48.96,0.467800,1.00,-1562.620,85.806,0.692857,0.219920
2258,8WW0,35.94,0.325700,1.00,-1260.866,718.792,1.202359,0.277170
2259,8WW1,40.00,0.369000,1.00,-1909.000,223.002,0.823272,0.254700
2260,8X3N,50.00,0.464900,1.00,-522.595,148.782,0.454870,0.225350
2261,8X40,57.81,0.449600,1.00,-522.595,148.782,0.423101,0.143350
2262,8XTH,66.67,0.484500,1.00,-398.384,130.395,0.435741,0.273330
2263,8XTN,37.12,0.344100,1.00,-1442.871,206.618,0.770121,0.231150
2264,8XTO,51.19,0.500400,1.00,-552.298,111.452,0.382201,0.167000
2265,8Y3S,56.82,0.619400,1.00,-332.623,72.860,0.326490,0.300350
2266,8YD6,26.67,0.372500,1.00,-1613.309,254.441,0.833978,0.198000
2267,8ZG2,50.00,0.524500,1.00,-208.991,49.104,0.405470,0.270300
2268,8ZG3,54.55,0.535600,1.00,-175.171,56.750,0.507941,0.215900
2269,8ZG4,54.55,0.482300,1.00,-247.597,80.000,0.336710,0.264750
2270,8ZP3,28.03,0.237600,1.00,-1306.196,303.489,1.222405,0.196750
2271,8ZUG,34.78,0.313300,1.00,-700.909,94.688,1.031641,0.185430
2272,9AZI,93.52,0.694500,1.00,-1666.821,107.602,0.129868,0.670500
2273,9BET,58.93,0.675000,1.00,-2746.483,83.693,0.526054,0.531290
2274,9BF4,60.48,0.473200,1.00,-2214.363,149.047,0.466579,0.331770
2275,9BHN,47.73,0.434800,1.00,-255.677,59.038,0.535080,0.327440
2276,9BV0,66.67,0.571200,1.00,-1842.426,194.757,0.304722,0.386980
2277,9BV4,53.47,0.429700,1.00,-2530.498,395.712,0.524716,0.369600
2278,9BVS,63.46,0.488500,1.00,-612.913,104.516,0.369991,0.190620
2279,9BVU,41.67,0.420300,1.00,-733.028,124.787,0.666077,0.150500
2280,9BVV,51.92,0.489600,1.00,-513.325,120.329,0.414355,0.207300
2281,9CRB,66.07,0.570300,1.00,-1374.218,246.815,0.282743,0.348870
2282,9F1E,71.43,0.576000,1.00,-1474.664,136.011,0.392009,0.439550
2283,9F1F,65.38,0.635200,1.00,-2274.049,191.486,0.490147,0.521530
2284,9F1G,70.41,0.653100,1.00,-3035.842,199.462,0.426098,0.596720
2285,9FJN,88.89,0.693700,1.00,-1152.552,37.540,0.175439,0.447640
2286,9FJW,52.14,0.388000,1.00,-2077.428,145.876,0.636040,0.362240
2287,9G0M,62.00,0.576800,1.00,-1370.551,158.927,0.471517,0.384730
2288,9G0N,61.00,0.569900,1.00,-1370.551,158.927,0.548510,0.387340
2289,9G20,66.00,0.580000,1.00,-1370.551,158.927,0.471232,0.393150
2290,9G21,56.00,0.516500,1.00,-1370.551,158.927,0.491775,0.253070
2291,9G22,64.00,0.527200,1.00,-1172.576,178.028,0.465697,0.409060
2292,9G2N,62.00,0.503900,1.00,-1269.995,160.779,0.478089,0.362210
2293,9G2O,59.00,0.492000,1.00,-1269.995,160.779,0.487146,0.383690
2294,9G31,65.00,0.481500,1.00,-1326.728,128.622,0.391665,0.316410
2295,9G32,55.00,0.466500,1.00,-1172.576,178.028,0.513095,0.328740
2296,9G5P,67.00,0.580900,1.00,-1370.551,158.927,0.446168,0.457280
2297,9GDL,63.00,0.498500,1.00,-1332.162,131.448,0.415004,0.308510
2298,9GDN,58.00,0.520700,1.00,-1318.119,161.833,0.540468,0.340070
2299,9GDT,59.00,0.514900,1.00,-1318.119,161.833,0.533094,0.361970
2300,9GDU,59.00,0.519200,1.00,-1318.119,161.833,0.549483,0.377120
2301,9GE1,59.00,0.509800,1.00,-1332.162,131.448,0.527295,0.376670
2302,9GE9,53.00,0.496200,1.00,-1312.602,157.090,0.613628,0.325130
2303,9GEB,60.00,0.504800,1.00,-1296.063,162.077,0.534294,0.328340
2304,9GEC,59.00,0.500600,1.00,-1339.323,143.884,0.583436,0.329860
2305,9IKO,53.12,0.432800,1.00,-416.899,139.456,0.446684,0.178850
2306,9ILX,62.50,0.476400,1.00,-416.899,139.456,0.316201,0.208010
2307,9J5F,48.44,0.455100,1.00,-2208.782,181.072,0.720904,0.252240
2308,9J5H,57.14,0.426900,1.00,-2180.296,249.847,0.611444,0.281380
2309,9KAR,46.67,0.486900,1.00,-471.524,82.619,0.660718,0.211080
2310,9KK0,51.00,0.442000,1.00,-1151.099,158.605,0.700925,0.214360
2311,9L1M,52.08,0.474900,1.00,-128.059,132.227,0.422361,0.284810
2312,9NVH,52.14,0.400300,1.00,-1724.179,350.890,0.475334,0.309390
2313,9NWZ,52.50,0.461900,1.00,-780.289,157.859,0.635360,0.152920
2314,9NY3,48.75,0.419600,1.00,-865.955,184.537,0.645009,0.174950
2315,9UV5,55.00,0.504300,1.00,-273.951,48.677,0.413346,0.350230
