serial,pdb_id,gdt_ts,lddt,lddt_coverage,pred_dope,pred_molpdf,rmsd,tm_score
1,1A11,89.00,0.799000,1.00,-1818.642,57.096,0.114159,0.652040
2,1A3P,67.22,0.603200,1.00,-2926.485,204.725,0.419467,0.549140
3,1ACW,77.59,0.622700,1.00,-1895.862,145.840,0.197418,0.405040
4,1ADX,45.00,0.481500,1.00,-2429.238,230.002,0.693990,0.304510
5,1AG7,84.56,0.672500,1.00,-1819.184,279.668,0.256610,0.644810
6,1AGG,64.06,0.594800,1.00,-2698.954,285.865,0.719386,0.533590
7,1AGT,95.39,0.787000,1.00,-2867.722,185.113,0.084453,0.845950
8,1AHL,47.96,0.423100,1.00,-3405.688,303.966,0.566601,0.415320
9,1ALE,88.89,0.741200,1.00,-1453.568,25.782,0.185880,0.473150
10,1ALF,88.16,0.673000,1.00,-1524.751,48.327,0.162568,0.530750
11,1ALG,75.00,0.639700,1.00,-1380.262,47.892,0.387787,0.403810
12,1AMB,22.32,0.389800,1.00,-894.316,173.483,0.960703,0.237270
13,1AMC,21.43,0.390900,1.00,-894.316,173.483,0.968389,0.205820
14,1AML,23.75,0.360800,1.00,-1313.872,330.044,1.320596,0.197140
15,1ANP,32.14,0.433700,1.00,-1195.566,334.641,0.944350,0.157020
16,1ANS,46.30,0.445600,1.00,-1559.633,194.647,0.562713,0.204590
17,1AOO,40.00,0.441600,1.00,-2208.455,313.255,0.715108,0.283010
18,1APF,51.53,0.452300,1.00,-3482.538,316.235,0.549667,0.500650
19,1APO,85.12,0.705800,1.00,-2362.006,246.353,0.199206,0.704510
20,1AQG,77.27,0.576800,1.00,-460.176,41.655,0.324146,0.383700
21,1AQQ,40.00,0.451200,1.00,-2208.455,313.255,0.732075,0.281410
22,1AQR,39.38,0.442100,1.00,-2208.455,313.255,0.706697,0.280880
23,1ARD,93.10,0.750900,1.00,-2175.855,108.506,0.144333,0.715550
24,1ARE,93.10,0.771300,1.00,-2210.957,129.901,0.173291,0.737810
25,1ARF,89.66,0.736800,1.00,-2230.642,138.855,0.337694,0.712480
26,1ATX,52.72,0.480300,1.00,-2886.500,346.611,0.562163,0.480540
27,1AV3,86.11,0.663300,1.00,-1484.952,195.634,0.181616,0.603760
28,1AW6,81.40,0.684300,1.00,-2524.760,197.243,0.337164,0.675910
29,1AXH,92.57,0.774400,1.00,-2229.284,276.502,0.187414,0.774470
30,1AZ6,77.08,0.617200,1.00,-2186.204,189.666,0.218753,0.585680
31,1AZH,52.08,0.492500,1.00,-2186.204,189.666,0.508698,0.335630
32,1AZJ,90.97,0.755900,1.00,-2215.655,191.146,0.103523,0.759390
33,1AZK,76.39,0.667400,1.00,-2289.626,163.266,0.218885,0.530850
34,1B03,68.06,0.524200,1.00,-756.284,82.554,0.256961,0.194080
35,1B1V,81.52,0.595700,1.00,-1211.851,87.480,0.434394,0.436630
36,1B4G,32.50,0.378000,1.00,-1087.007,196.411,1.127433,0.163850
37,1B4I,25.00,0.401300,1.00,-1087.007,196.411,0.973903,0.187930
38,1B5N,76.09,0.582300,1.00,-1211.851,87.480,0.414029,0.385830
39,1B8W,82.14,0.714800,1.00,-2692.336,226.386,0.381960,0.713070
40,1B9P,80.88,0.682200,1.00,-2243.660,78.499,0.271179,0.652220
41,1B9Q,66.91,0.640000,1.00,-2243.660,78.499,0.389943,0.492550
42,1B9U,84.56,0.785400,1.00,-3029.245,75.368,0.219260,0.670630
43,1BA4,19.38,0.323700,1.00,-1313.872,330.044,1.306045,0.224400
44,1BA6,21.88,0.388600,1.00,-1313.872,330.044,1.337993,0.284020
45,1BAH,58.78,0.458200,1.00,-2531.011,132.923,0.701925,0.426470
46,1BBA,81.94,0.676400,1.00,-2809.469,104.839,0.262453,0.655590
47,1BBG,70.62,0.637400,1.00,-3108.924,228.886,0.400667,0.555570
48,1BDS,53.49,0.444300,1.00,-3421.134,239.587,0.526848,0.487860
49,1BEI,83.57,0.667000,1.00,-2781.524,175.966,0.169722,0.613460
50,1BF9,84.76,0.747700,1.00,-2468.595,207.363,0.194910,0.715160
51,1BGK,81.76,0.699700,1.00,-2996.047,196.293,0.138877,0.674370
52,1BH4,80.00,0.638200,1.00,-2110.783,210.557,0.210278,0.537280
53,1BH7,32.58,0.415900,1.00,-1896.020,163.478,0.770829,0.210350
54,1BHI,75.66,0.701600,1.00,-2147.625,142.642,0.398258,0.618920
55,1BIG,90.54,0.740100,1.00,-2897.926,223.668,0.102072,0.760780
56,1BJB,28.57,0.444200,1.00,-959.552,170.586,1.069203,0.197320
57,1BJC,35.71,0.398400,1.00,-1106.154,129.240,0.738001,0.179240
58,1BL1,52.42,0.444800,1.00,-2170.808,162.546,0.648031,0.360540
59,1BM4,57.03,0.455500,1.00,-2569.945,120.049,1.125533,0.415750
60,1BMX,59.68,0.465300,1.00,-2588.222,111.218,0.693801,0.428770
61,1BNB,80.92,0.655700,1.00,-2833.994,250.398,0.209536,0.665550
62,1BOE,80.32,0.655400,1.00,-3392.182,163.893,0.223808,0.699930
63,1BQF,73.00,0.621400,1.00,-1343.690,177.287,0.244321,0.384010
64,1BRV,46.88,0.529900,1.00,-1834.192,216.271,0.821247,0.312750
65,1BWX,52.56,0.619700,1.00,-3214.437,52.762,0.586251,0.436290
66,1BY0,82.41,0.622400,1.00,-1702.316,95.230,0.274817,0.491250
67,1BY6,51.39,0.477500,1.00,-2469.473,83.440,0.542812,0.336930
68,1BZG,58.09,0.576100,1.00,-2408.426,72.371,0.513113,0.412870
69,1C2U,40.71,0.403900,1.00,-2365.585,189.700,0.657591,0.265700
70,1C49,91.43,0.713800,1.00,-2342.744,200.965,0.110680,0.748190
71,1C4B,50.00,0.397600,1.00,-613.456,54.202,0.550866,0.284880
72,1C4E,78.57,0.681700,1.00,-2124.131,247.760,0.185105,0.613250
73,1C55,85.00,0.685700,1.00,-3102.893,212.127,0.175102,0.697710
74,1C56,83.12,0.669300,1.00,-3102.893,212.127,0.170128,0.699030
75,1C6W,80.30,0.650600,1.00,-1515.347,173.286,0.195791,0.573350
76,1CBH,99.31,0.857500,1.00,-2299.143,174.303,0.055683,0.903250
77,1CCF,80.95,0.715400,1.00,-2362.006,246.353,0.173114,0.626770
78,1CCM,42.39,0.423200,1.00,-2728.864,363.977,0.748096,0.354280
79,1CCN,41.30,0.422800,1.00,-2728.864,363.977,0.702537,0.339590
80,1CE4,63.57,0.546600,1.00,-1635.276,181.380,0.429089,0.480000
81,1CFG,29.55,0.338400,1.00,-1061.271,147.077,0.921391,0.126580
82,1CFH,29.79,0.291700,1.00,-3792.894,177.177,1.279844,0.277740
83,1CFI,49.47,0.480700,1.00,-3792.894,177.177,0.687501,0.415680
84,1CHL,79.17,0.581300,1.00,-2525.286,183.863,0.204578,0.588320
85,1CIX,77.84,0.649800,1.00,-3143.864,284.114,0.214346,0.641170
86,1CKW,40.00,0.491600,1.00,-1003.943,200.857,0.638923,0.241420
87,1CKX,44.23,0.445000,1.00,-1104.858,228.317,0.609272,0.233310
88,1CKY,43.27,0.448500,1.00,-1104.858,228.317,0.570652,0.169940
89,1CKZ,37.00,0.554900,1.00,-1003.943,200.857,1.005598,0.166950
90,1CMR,83.87,0.645100,1.00,-2298.281,146.045,0.154994,0.581740
91,1CO4,69.05,0.661900,1.00,-2771.057,206.547,0.544085,0.544040
92,1CQ0,53.57,0.487800,1.00,-1723.958,150.424,0.634886,0.322950
93,1CR8,76.79,0.647100,1.00,-2238.858,236.157,0.261374,0.664800
94,1CSA,70.45,0.725800,1.00,-297.884,39.814,0.233700,0.247310
95,1CTI,89.66,0.734500,1.00,-1956.579,144.920,0.117660,0.614970
96,1CW5,46.88,0.518400,1.00,-2373.594,316.993,0.857543,0.381800
97,1CW6,56.76,0.537100,1.00,-2045.631,206.339,0.869692,0.429970
98,1CWX,28.98,0.414500,1.00,-1719.820,338.109,0.878140,0.274560
99,1CXR,39.13,0.377400,1.00,-3834.153,253.260,0.670766,0.320170
100,1CYA,54.55,0.652100,1.00,-297.884,39.814,0.587065,0.350810
101,1CYB,56.82,0.722100,1.00,-297.884,39.814,0.406447,0.276150
102,1CZ6,76.00,0.668400,1.00,-1121.640,147.595,0.288767,0.392020
103,1D0R,48.33,0.534800,1.00,-1906.275,77.938,0.630737,0.398380
104,1D1H,90.00,0.703400,1.00,-2444.442,192.702,0.177102,0.749950
105,1D2J,78.12,0.646000,1.00,-2264.888,193.084,0.238100,0.636640
106,1D2L,76.67,0.632600,1.00,-2471.144,277.977,0.353716,0.644300
107,1D5Q,100.00,0.837500,1.00,-1904.527,81.620,0.042369,0.873470
108,1D6B,84.52,0.671100,1.00,-3181.090,181.415,0.325546,0.740560
109,1D6X,80.77,0.551100,1.00,-571.267,52.195,0.228129,0.403080
110,1DEC,54.49,0.497000,1.00,-2423.999,232.757,0.993120,0.481210
111,1DEP,95.00,0.726100,1.00,-1059.577,59.808,0.149584,0.557720
112,1DF6,47.50,0.416300,1.00,-2098.376,140.391,0.586805,0.264480
113,1DFE,81.76,0.673300,1.00,-2420.793,155.203,0.418873,0.697770
114,1DFS,72.58,0.575800,1.00,-2043.004,157.093,0.255166,0.436110
115,1DFT,59.17,0.447400,1.00,-1763.652,174.818,0.407747,0.291150
116,1DGZ,81.08,0.671400,1.00,-2420.793,155.203,0.435830,0.661650
117,1DJF,88.33,0.764000,1.00,-759.188,30.263,0.266659,0.538780
118,1DKC,74.34,0.604600,1.00,-2315.167,146.855,0.229348,0.571410
119,1DL0,89.19,0.762200,1.00,-2508.786,132.675,0.141941,0.722130
120,1DMC,67.74,0.599700,1.00,-2104.944,165.958,0.371879,0.447440
121,1DMD,69.35,0.589500,1.00,-2104.944,165.958,0.363616,0.453320
122,1DME,47.32,0.458900,1.00,-1669.837,237.343,0.737884,0.253770
123,1DMF,49.11,0.479100,1.00,-1669.837,237.343,0.727736,0.261960
124,1DN3,93.33,0.769400,1.00,-759.188,30.263,0.219985,0.609180
125,1DNG,83.33,0.689800,1.00,-726.490,35.533,0.207523,0.394150
126,1DPK,38.75,0.453900,1.00,-306.071,114.812,0.559256,0.102690
127,1DPQ,35.00,0.470000,1.00,-253.831,125.188,0.855140,0.093620
128,1DSK,71.43,0.678000,1.00,-1822.658,124.004,0.339307,0.435080
129,1DSQ,88.10,0.689500,1.00,-900.988,135.621,0.234879,0.414520
130,1DSV,74.19,0.673500,1.00,-1333.294,140.497,0.214397,0.468630
131,1DTC,88.46,0.742600,1.00,-1845.844,59.551,0.240081,0.633730
132,1DU1,63.75,0.496600,1.00,-1304.606,39.980,0.505617,0.290940
133,1DU9,86.61,0.675800,1.00,-1517.466,132.683,0.137670,0.501450
134,1DV0,85.64,0.704200,1.00,-4943.636,176.752,0.271843,0.781230
135,1DVW,54.17,0.569100,1.00,-752.740,71.159,0.583504,0.254130
136,1DX7,57.81,0.599600,1.00,-3952.287,96.731,0.538611,0.555490
137,1E0G,79.17,0.656800,1.00,-4237.494,160.575,0.194875,0.700860
138,1E0L,83.78,0.758600,1.00,-2298.497,171.330,0.305292,0.693250
139,1E0M,81.08,0.745600,1.00,-2181.983,150.683,0.253764,0.654740
140,1E0N,86.11,0.679500,1.00,-1712.059,150.610,0.203928,0.574070
141,1E0Q,79.41,0.638600,1.00,-1108.180,71.028,0.184307,0.279720
142,1E4Q,81.76,0.708100,1.00,-2723.101,199.918,0.219132,0.643530
143,1E4R,74.29,0.576500,1.00,-2308.623,179.501,0.295792,0.548540
144,1E4S,75.00,0.603900,1.00,-2510.777,145.030,0.265677,0.570180
145,1E4T,76.35,0.602300,1.00,-2435.334,183.158,0.374912,0.571490
146,1E8P,87.50,0.711500,1.00,-3198.006,272.294,0.158599,0.776410
147,1E8Q,85.87,0.705400,1.00,-3198.006,272.294,0.218703,0.752580
148,1E9K,46.71,0.539800,1.00,-2546.748,140.081,0.560646,0.390140
149,1ED0,93.48,0.793200,1.00,-3389.420,180.808,0.097202,0.863670
150,1ED7,87.22,0.703400,1.00,-4043.651,223.016,0.136138,0.780440
151,1EDP,80.88,0.685900,1.00,-1122.013,57.469,0.243970,0.327110
152,1EDS,43.55,0.406500,1.00,-1733.607,154.865,0.776715,0.357170
153,1EDV,24.26,0.402500,1.00,-1242.439,295.086,0.976112,0.182440
154,1EDW,31.73,0.363100,1.00,-1541.843,132.870,0.796812,0.145730
155,1EDX,23.12,0.409900,1.00,-1791.379,340.320,1.083457,0.184020
156,1EGT,88.24,0.711000,1.00,-801.897,63.660,0.185849,0.440280
157,1EHS,55.21,0.602000,1.00,-3731.600,137.772,0.498728,0.476950
158,1EI0,96.71,0.832400,1.00,-3200.088,125.028,0.073653,0.861100
159,1EMX,75.83,0.555600,1.00,-1848.417,169.659,0.289393,0.471440
160,1EMZ,84.52,0.653500,1.00,-1390.692,33.948,0.253849,0.468000
161,1EQX,58.33,0.537000,1.00,-654.286,103.080,0.445126,0.273890
162,1ERC,89.38,0.754300,1.00,-3485.266,186.234,0.103628,0.782590
163,1ERD,37.50,0.421700,1.00,-2821.106,221.459,0.914550,0.357180
164,1ERP,35.53,0.377100,1.00,-2319.204,236.087,0.830748,0.298140
165,1ERY,41.03,0.448200,1.00,-2317.117,234.775,0.762601,0.270210
166,1ESK,66.67,0.642100,1.00,-1964.635,258.936,0.371508,0.557030
167,1EWS,78.12,0.589200,1.00,-2073.702,180.489,0.229307,0.687350
168,1EYO,88.33,0.750400,1.00,-1966.402,175.371,0.193851,0.659910
169,1EZE,67.76,0.655900,1.00,-2766.735,107.658,0.295739,0.507250
170,1F3K,87.50,0.677200,1.00,-1839.538,172.709,0.130917,0.570350
171,1F4I,90.00,0.711600,1.00,-4567.192,143.832,0.125493,0.823830
172,1F7E,79.35,0.748600,1.00,-2586.550,246.817,0.242348,0.694280
173,1F7M,80.43,0.752100,1.00,-2586.550,246.817,0.237407,0.678700
174,1F8Z,85.90,0.729500,1.00,-2170.990,171.350,0.231157,0.735150
175,1FAC,33.33,0.367000,1.00,-1121.469,129.384,0.795065,0.158400
176,1FCT,27.34,0.438100,1.00,-979.051,174.703,1.940833,0.149980
177,1FDF,54.00,0.557100,1.00,-1690.678,62.301,0.407464,0.237390
178,1FEO,89.42,0.687800,1.00,-1411.557,109.068,0.124634,0.574720
179,1FF7,75.54,0.700800,1.00,-2586.550,246.817,0.246904,0.615420
180,1FFM,83.15,0.754800,1.00,-2586.550,246.817,0.184139,0.724210
181,1FGD,77.78,0.674700,1.00,-845.761,86.472,0.192785,0.238410
182,1FGE,53.75,0.540400,1.00,-787.215,130.502,0.611388,0.172540
183,1FJN,87.82,0.737400,1.00,-2824.056,165.499,0.185032,0.739060
184,1FME,76.79,0.647300,1.00,-2169.645,124.147,0.224084,0.439580
185,1FMY,41.88,0.464800,1.00,-2208.455,313.255,0.755426,0.296840
186,1FQQ,74.39,0.614700,1.00,-2951.789,319.665,0.245601,0.603460
187,1FRE,41.07,0.370900,1.00,-3067.675,224.914,0.706544,0.347070
188,1FRY,42.24,0.516300,1.00,-1731.370,85.721,0.834777,0.233110
189,1FSB,85.00,0.754900,1.00,-2443.243,230.301,0.195403,0.726340
190,1FSD,79.46,0.629300,1.00,-2124.028,119.663,0.254793,0.509820
191,1FSV,80.36,0.641000,1.00,-2124.028,119.663,0.226468,0.547910
192,1FU3,90.74,0.732500,1.00,-1869.405,139.995,0.106805,0.574480
193,1FU9,81.25,0.700700,1.00,-2436.455,191.631,0.346299,0.673840
194,1FUL,50.00,0.434500,1.00,-445.744,63.446,0.396800,0.218570
195,1FUV,65.91,0.494600,1.00,-445.744,63.446,0.310738,0.172580
196,1FV5,71.53,0.641400,1.00,-2377.053,223.912,0.645065,0.566730
197,1FVY,47.58,0.608800,1.00,-2548.415,74.642,0.921790,0.349700
198,1FW5,72.50,0.677100,1.00,-1235.419,65.169,0.357424,0.342380
199,1FWO,56.43,0.484400,1.00,-2239.109,176.608,0.516666,0.356240
200,1FYG,87.00,0.643800,1.00,-1302.064,120.983,0.141748,0.464810
201,1G04,34.62,0.303400,1.00,-1976.549,150.467,0.658753,0.176560
202,1G26,62.10,0.605400,1.00,-2153.579,133.463,0.472151,0.349330
203,1G92,53.00,0.647100,1.00,-1775.529,57.317,0.733240,0.342100
204,1G9P,64.44,0.653300,1.00,-2346.158,287.545,0.506821,0.536780
205,1GEA,73.81,0.663900,1.00,-1357.621,56.278,0.353303,0.285060
206,1GIB,77.27,0.615000,1.00,-1023.271,154.243,0.228397,0.309510
207,1GK5,66.33,0.587000,1.00,-3510.815,236.479,0.359380,0.542850
208,1GM2,45.45,0.471000,1.00,-272.048,63.702,0.644381,0.270130
209,1GNA,69.23,0.633300,1.00,-540.498,105.593,0.298266,0.280340
210,1GNB,51.92,0.521000,1.00,-540.498,105.593,0.459047,0.170460
211,1GNF,76.63,0.664100,1.00,-3187.736,202.675,0.330204,0.631870
212,1GP8,75.62,0.628900,1.00,-2661.586,87.341,0.430927,0.621060
213,1GPS,90.96,0.766200,1.00,-3121.821,184.335,0.143095,0.832490
214,1GPT,92.02,0.724900,1.00,-3030.255,217.346,0.116569,0.856520
215,1GUR,79.29,0.641000,1.00,-2124.131,247.760,0.180286,0.590130
216,1GW3,56.52,0.635200,1.00,-3454.068,104.167,0.476885,0.404460
217,1GW4,38.04,0.591700,1.00,-3454.068,104.167,1.093673,0.335250
218,1H20,77.56,0.593300,1.00,-2704.973,200.872,0.458531,0.616520
219,1H5O,82.14,0.642600,1.00,-2487.379,251.175,0.265978,0.684220
220,1H7D,36.73,0.447000,1.00,-2342.975,313.272,1.779177,0.260850
221,1H7J,43.27,0.429500,1.00,-1415.227,69.034,0.731518,0.226950
222,1HA9,83.82,0.740800,1.00,-1799.105,154.866,0.353539,0.703790
223,1HD6,39.86,0.506800,1.00,-2217.429,253.385,0.904869,0.285300
225,1HEV,93.60,0.761300,1.00,-3118.874,259.867,0.131079,0.860770
226,1HFF,60.00,0.646500,1.00,-342.447,43.429,0.298928,0.218720
227,1HJ0,34.15,0.533000,1.00,-2088.854,180.049,0.829933,0.321860
228,1HLL,77.34,0.689800,1.00,-2497.042,62.825,0.293531,0.531050
229,1HLY,91.03,0.728500,1.00,-3047.697,188.377,0.101251,0.796590
230,1HN3,20.00,0.284200,1.00,-2112.957,279.786,1.325130,0.220720
231,1HNR,62.23,0.573500,1.00,-3487.431,209.064,0.365898,0.461140
232,1HNS,56.91,0.503000,1.00,-3487.431,209.064,0.416076,0.464800
233,1HO0,55.00,0.428800,1.00,-2086.556,144.544,0.564618,0.284790
234,1HO2,92.50,0.763700,1.00,-1246.948,31.956,0.101372,0.445750
235,1HO7,81.25,0.700700,1.00,-1246.948,31.956,0.180117,0.437380
236,1HO9,65.62,0.600500,1.00,-2480.628,61.525,0.410336,0.467040
237,1HOD,60.94,0.600100,1.00,-2480.628,61.525,0.432236,0.387170
238,1HOF,65.62,0.593200,1.00,-2497.042,62.825,0.368066,0.413380
239,1HP2,92.57,0.763200,1.00,-2779.238,147.857,0.094122,0.802790
240,1HP3,81.25,0.675800,1.00,-1938.152,160.664,0.351294,0.635980
241,1HP9,81.82,0.628000,1.00,-1686.729,75.374,0.203863,0.292120
242,1HPH,47.30,0.591500,1.00,-3023.673,62.096,0.831403,0.416220
243,1HPY,60.29,0.628400,1.00,-2841.468,75.128,0.415315,0.331700
244,1HRL,77.17,0.609500,1.00,-1177.248,77.067,0.389942,0.386840
246,1HTX,86.72,0.690400,1.00,-2153.257,222.853,0.178901,0.649920
247,1HU5,79.17,0.676200,1.00,-906.521,49.837,0.152433,0.380980
248,1HU6,66.67,0.603100,1.00,-917.401,28.304,0.386963,0.284780
249,1HU7,86.11,0.640100,1.00,-936.583,44.621,0.228654,0.418720
250,1HVW,98.00,0.819000,1.00,-1511.269,103.647,0.065309,0.756150
251,1HVZ,81.94,0.670100,1.00,-1054.498,82.244,0.300916,0.323290
252,1HY9,89.02,0.753700,1.00,-2685.096,217.340,0.152413,0.773370
253,1HYK,81.52,0.682400,1.00,-3499.754,265.864,0.189044,0.711770
254,1HZ3,27.88,0.514800,1.00,-843.644,167.586,1.180754,0.153540
255,1I25,43.92,0.426200,1.00,-1502.050,244.491,1.007572,0.380320
256,1I26,83.09,0.678100,1.00,-2230.541,158.093,0.209292,0.627620
257,1I2U,82.39,0.648900,1.00,-3085.917,314.823,0.309109,0.697900
258,1I2V,89.20,0.739900,1.00,-3282.416,185.536,0.148825,0.773910
259,1I6C,68.59,0.636700,1.00,-2230.217,230.054,0.477818,0.544390
260,1I8X,71.67,0.619900,1.00,-2210.509,116.420,0.422794,0.539860
261,1I8Y,77.68,0.642100,1.00,-1789.461,128.415,0.342419,0.516400
262,1IB9,78.68,0.673500,1.00,-1799.105,154.866,0.380153,0.609200
263,1IBN,38.75,0.405800,1.00,-539.486,176.721,0.581454,0.120760
264,1IBO,36.25,0.418200,1.00,-539.486,176.721,0.611860,0.112340
265,1IC9,36.21,0.449800,1.00,-1553.696,212.011,1.287176,0.296670
266,1ICA,67.50,0.597700,1.00,-2767.522,128.048,0.600666,0.514900
267,1ICL,37.93,0.628900,1.00,-1145.602,151.853,1.728440,0.228240
268,1ICO,37.07,0.486100,1.00,-1608.418,130.157,1.341239,0.353130
269,1ID6,43.33,0.452700,1.00,-879.045,78.796,0.566084,0.149030
270,1ID7,45.00,0.434700,1.00,-879.045,78.796,0.529403,0.151650
271,1IE6,80.30,0.666300,1.00,-1461.810,146.410,0.338605,0.605740
272,1IFY,77.55,0.654200,1.00,-4820.348,129.142,0.221896,0.695620
273,1IIJ,75.00,0.721500,1.00,-2684.031,62.831,0.310936,0.634370
274,1IM1,91.67,0.733400,1.00,-638.925,63.876,0.108474,0.453600
275,1IRR,75.00,0.542800,1.00,-1012.518,110.837,0.402295,0.404160
276,1IVA,67.19,0.609200,1.00,-2776.923,263.959,0.517655,0.542010
277,1IWC,37.50,0.505800,1.00,-1221.209,138.416,1.024179,0.324070
278,1IWF,25.74,0.437400,1.00,-1221.209,138.416,1.292901,0.269560
279,1IXA,86.54,0.707300,1.00,-2232.442,181.759,0.166679,0.703060
280,1IXT,84.26,0.679400,1.00,-1757.993,124.140,0.137126,0.487450
281,1IXU,54.17,0.585900,1.00,-359.001,54.853,0.602821,0.326560
282,1IYC,40.97,0.516700,1.00,-1521.331,211.774,1.011535,0.317470
283,1IYT,34.52,0.403400,1.00,-1834.685,240.396,1.362313,0.308750
284,1J4M,89.29,0.707500,1.00,-629.958,54.060,0.163116,0.472520
285,1J5J,93.75,0.789600,1.00,-2782.082,180.383,0.100624,0.797570
286,1J5L,75.83,0.660200,1.00,-2180.444,175.565,0.186620,0.488250
287,1J5M,46.43,0.472900,1.00,-1486.824,203.178,0.707524,0.214550
288,1JBL,92.86,0.819800,1.00,-594.340,55.265,0.108692,0.545600
289,1JBN,91.07,0.761700,1.00,-594.340,55.265,0.116324,0.420610
290,1JDM,69.35,0.628700,1.00,-3086.378,55.120,0.413057,0.504110
291,1JI9,53.38,0.523800,1.00,-2220.412,227.761,0.398184,0.373030
292,1JJZ,87.93,0.710700,1.00,-1837.579,170.188,0.217486,0.610640
293,1JKZ,87.50,0.732100,1.00,-3786.846,189.697,0.128569,0.784850
294,1JLZ,92.39,0.704900,1.00,-1224.176,137.352,0.157467,0.477490
295,1JMN,85.87,0.704600,1.00,-3324.728,125.418,0.155428,0.760410
296,1JMP,83.70,0.701400,1.00,-3299.422,197.363,0.181127,0.737480
297,1JN7,72.92,0.646900,1.00,-2570.278,177.126,0.494679,0.575530
298,1JO5,44.79,0.588600,1.00,-3952.287,96.731,1.141130,0.445740
299,1JO6,41.11,0.477500,1.00,-3048.027,125.465,0.984215,0.387090
300,1JRF,51.06,0.478100,1.00,-2303.891,269.454,0.787232,0.437290
301,1JRJ,76.92,0.741800,1.00,-2558.237,114.937,0.377328,0.603760
302,1JU8,75.00,0.638400,1.00,-2748.647,215.686,0.256008,0.538400
303,1JY9,77.50,0.641000,1.00,-586.377,95.151,0.248336,0.229950
304,1K0P,30.65,0.372500,1.00,-1963.810,217.063,0.708908,0.192830
305,1K18,30.65,0.369000,1.00,-1963.810,217.063,0.695926,0.204680
306,1K1V,89.63,0.693500,1.00,-3372.029,86.203,0.107335,0.793550
307,1K36,78.80,0.624800,1.00,-3587.226,314.494,0.199691,0.663890
308,1K37,75.54,0.625600,1.00,-3587.226,314.494,0.201417,0.637070
309,1K43,92.86,0.690900,1.00,-629.958,54.060,0.154007,0.528520
310,1K48,85.34,0.700500,1.00,-1837.579,170.188,0.222374,0.578790
311,1K7B,79.26,0.703700,1.00,-2383.402,265.987,0.345626,0.675720
312,1K81,66.67,0.527200,1.00,-2397.021,175.529,0.339915,0.446310
313,1K91,77.70,0.719000,1.00,-1590.864,161.167,0.215842,0.581430
314,1KAL,62.93,0.588000,1.00,-1770.586,148.011,0.336152,0.343860
315,1KBE,68.88,0.575600,1.00,-3491.088,207.896,0.317373,0.579550
316,1KBF,69.90,0.578700,1.00,-3491.088,207.896,0.319402,0.586590
317,1KDL,71.74,0.650500,1.00,-1846.472,48.928,0.372905,0.359950
318,1KGM,90.71,0.733700,1.00,-1874.424,155.523,0.112493,0.717200
319,1KIO,80.71,0.661400,1.00,-1815.902,195.927,0.304471,0.591850
320,1KJ0,76.43,0.645800,1.00,-1816.630,210.004,0.248686,0.530650
321,1KJ5,82.64,0.676000,1.00,-2510.777,145.030,0.180681,0.653700
322,1KJ6,70.56,0.568100,1.00,-2904.313,164.913,0.638409,0.574370
323,1KLR,92.50,0.791700,1.00,-1901.186,135.898,0.165613,0.765680
324,1KLS,88.33,0.734300,1.00,-1879.938,145.649,0.208174,0.710100
325,1KMR,81.67,0.658400,1.00,-996.088,30.041,0.325256,0.545210
326,1KOZ,76.39,0.633300,1.00,-2381.930,230.783,0.226706,0.548860
327,1KQH,78.29,0.628800,1.00,-2772.666,183.794,0.235306,0.643920
328,1KQI,80.26,0.682500,1.00,-2772.666,183.794,0.218239,0.633940
329,1KUW,75.00,0.595900,1.00,-330.330,27.688,0.338847,0.480630
330,1KV4,33.33,0.521500,1.00,-1772.253,240.304,1.033392,0.228920
331,1KWD,78.12,0.512500,1.00,-1020.729,74.481,0.220010,0.268530
332,1KWE,71.88,0.523800,1.00,-1020.729,74.481,0.280529,0.213200
333,1KX6,46.55,0.419200,1.00,-2159.192,96.744,0.524263,0.271590
334,1KZ0,79.69,0.557500,1.00,-1099.108,42.366,0.238262,0.347300
335,1KZ2,78.12,0.634800,1.00,-868.958,34.875,0.206487,0.328940
336,1KZ5,39.58,0.441600,1.00,-397.777,78.586,0.597473,0.185890
337,1L1K,52.50,0.535400,1.00,-573.445,130.331,0.582321,0.181490
338,1L2Y,98.75,0.805000,1.00,-1133.876,59.605,0.055214,0.582390
339,1L3Q,47.92,0.546300,1.00,-396.163,50.236,0.598186,0.202530
340,1L3Y,75.00,0.621700,1.00,-2629.791,225.504,0.280742,0.602830
341,1L4V,81.88,0.679200,1.00,-2709.362,128.696,0.192489,0.661370
342,1LA4,91.91,0.698200,1.00,-2198.656,197.914,0.132990,0.739940
343,1LB0,76.92,0.589600,1.00,-765.395,26.983,0.241628,0.339730
344,1LB7,84.38,0.659800,1.00,-824.363,67.827,0.232353,0.410740
345,1LBJ,78.41,0.635500,1.00,-1483.777,68.893,0.387651,0.434990
346,1LCX,80.77,0.611100,1.00,-765.395,26.983,0.239741,0.363490
347,1LDL,69.27,0.588700,1.00,-2802.714,198.188,0.322382,0.577290
348,1LDR,65.70,0.552700,1.00,-2398.296,180.296,0.337554,0.520950
349,1LFC,45.00,0.366100,1.00,-1546.519,102.198,0.604761,0.175470
350,1LGL,94.44,0.786900,1.00,-2782.082,180.383,0.096078,0.815960
351,1LIQ,45.37,0.557700,1.00,-1717.158,89.696,0.833507,0.288620
352,1LIR,89.19,0.718100,1.00,-2706.534,190.719,0.107625,0.756110
353,1LMM,68.75,0.606400,1.00,-2391.853,286.437,0.455686,0.503920
354,1LMR,71.43,0.647100,1.00,-2065.971,170.867,0.333606,0.538640
355,1LUP,76.61,0.572700,1.00,-1819.525,313.574,0.195629,0.491570
356,1LV4,35.71,0.468200,1.00,-717.704,124.920,0.785575,0.175800
357,1LVZ,77.27,0.592500,1.00,-437.281,34.931,0.250572,0.372920
358,1LYP,88.28,0.684700,1.00,-2284.996,98.000,0.149238,0.643240
359,1M02,54.17,0.490800,1.00,-505.960,47.541,0.447204,0.228110
360,1M0G,60.00,0.524000,1.00,-1519.117,631.092,0.353298,0.294010
361,1M0J,67.86,0.522700,1.00,-1895.632,198.235,0.362326,0.323730
362,1M23,90.38,0.698800,1.00,-756.964,33.067,0.100421,0.591480
363,1M25,54.81,0.412200,1.00,-1976.549,150.467,0.792436,0.374240
364,1M2S,83.11,0.650200,1.00,-2779.275,194.164,0.151050,0.651140
365,1M36,82.58,0.695100,1.00,-2484.372,149.539,0.307456,0.663000
366,1M4E,71.25,0.626100,1.00,-1240.846,101.636,0.275584,0.236140
367,1M4F,68.00,0.537300,1.00,-1453.827,118.575,0.334794,0.293160
368,1MA2,72.06,0.547900,1.00,-965.641,87.914,0.314273,0.225100
369,1MA4,44.12,0.475100,1.00,-634.448,140.494,0.955036,0.234800
370,1MA5,52.94,0.445400,1.00,-965.641,87.914,0.574945,0.119900
371,1MA6,45.59,0.518400,1.00,-634.448,140.494,0.691219,0.117590
372,1MB6,94.29,0.725000,1.00,-2461.664,227.990,0.099411,0.781300
373,1MEA,59.82,0.540700,1.00,-1377.803,144.583,0.467520,0.285070
374,1MED,58.04,0.544900,1.00,-1377.803,144.583,0.503661,0.262530
375,1MEQ,34.78,0.462800,1.00,-628.048,134.414,0.894935,0.166230
376,1MF6,52.08,0.477900,1.00,-249.762,84.517,0.435470,0.121820
377,1MGX,47.34,0.408400,1.00,-3792.894,177.177,0.726776,0.419460
378,1MHU,67.74,0.577100,1.00,-2018.702,198.473,0.274964,0.358250
379,1MKC,49.42,0.556700,1.00,-2335.668,240.689,0.644990,0.368070
380,1MM0,90.97,0.753800,1.00,-3024.062,188.615,0.127260,0.764760
381,1MMC,87.50,0.715400,1.00,-1967.022,168.463,0.148976,0.605070
382,1MOT,63.39,0.656500,1.00,-1393.231,62.464,0.557756,0.501550
383,1MPZ,39.02,0.420500,1.00,-2775.952,257.672,0.605675,0.246500
384,1MR0,82.35,0.616600,1.00,-2667.215,185.966,0.203515,0.614320
385,1MR4,90.43,0.762900,1.00,-3379.414,238.883,0.133069,0.811060
386,1MRB,74.19,0.611500,1.00,-2030.987,158.043,0.230219,0.456420
387,1MRT,65.32,0.532700,1.00,-2081.966,240.526,0.320364,0.334710
388,1MTQ,81.58,0.589000,1.00,-1240.831,55.978,0.339331,0.474520
389,1MTX,89.74,0.749900,1.00,-2971.498,167.574,0.137513,0.759660
390,1MXQ,56.82,0.528000,1.00,-401.978,76.135,0.383005,0.266350
391,1MYN,88.64,0.701400,1.00,-3238.786,195.258,0.151586,0.789940
392,1MYU,52.08,0.503000,1.00,-426.365,75.005,0.376146,0.266860
393,1MZI,53.85,0.514300,1.00,-765.395,26.983,0.364948,0.087930
394,1N0Z,70.00,0.658700,1.00,-2440.884,218.782,0.522075,0.575440
395,1N1U,93.10,0.785000,1.00,-1771.952,206.208,0.125896,0.690270
396,1N2Y,41.67,0.439000,1.00,-522.777,90.759,0.547706,0.140020
397,1N4N,95.21,0.798900,1.00,-3616.388,230.142,0.089893,0.889410
398,1N5G,34.21,0.342800,1.00,-2731.986,168.773,0.987493,0.295940
399,1N6T,52.50,0.495600,1.00,-320.720,51.692,0.366473,0.224470
400,1N8M,92.76,0.787100,1.00,-2694.594,186.164,0.141303,0.789310
401,1N9U,67.50,0.496100,1.00,-476.085,39.056,0.307816,0.291020
402,1NB1,96.55,0.807400,1.00,-1943.687,175.307,0.087725,0.759020
403,1NBJ,47.50,0.449200,1.00,-1805.955,164.362,0.635427,0.283610
404,1NBL,91.85,0.802500,1.00,-3557.458,156.436,0.119129,0.828420
405,1NC8,74.14,0.662800,1.00,-1328.890,111.603,0.530455,0.559090
406,1NCS,77.13,0.634500,1.00,-4067.191,226.536,0.341847,0.674420
407,1ND9,53.57,0.514200,1.00,-4282.470,124.471,0.409562,0.416090
408,1NE5,85.12,0.639200,1.00,-2968.943,170.635,0.206817,0.739820
409,1NIZ,45.31,0.516200,1.00,-405.267,75.993,0.897374,0.236200
410,1NJ0,48.44,0.507200,1.00,-405.267,75.993,0.917455,0.264330
411,1NJ3,86.29,0.715300,1.00,-2036.612,150.093,0.378791,0.679160
412,1NMJ,29.46,0.426700,1.00,-964.510,182.763,0.833109,0.230090
413,1NZS,38.16,0.501400,1.00,-374.167,112.539,0.810609,0.194440
414,1O53,78.33,0.621600,1.00,-808.668,68.605,0.335700,0.461350
415,1O8Y,89.29,0.719700,1.00,-594.340,55.265,0.126874,0.372110
416,1O8Z,94.64,0.786500,1.00,-594.340,55.265,0.104522,0.500510
417,1OAV,78.65,0.676600,1.00,-2776.923,263.959,0.331415,0.672820
418,1OAW,72.40,0.682300,1.00,-2776.923,263.959,0.490822,0.637470
419,1ODP,90.00,0.661200,1.00,-1528.305,46.627,0.164966,0.449720
420,1ODQ,81.25,0.689900,1.00,-1528.305,46.627,0.186532,0.448460
421,1ODR,86.25,0.615600,1.00,-1528.305,46.627,0.158060,0.405090
422,1OEF,94.79,0.735000,1.00,-1818.274,67.386,0.096929,0.575580
423,1OEG,70.65,0.697600,1.00,-1660.373,51.207,0.346031,0.438090
424,1OEI,28.12,0.400700,1.00,-375.156,83.942,0.838232,0.127720
425,1OG7,33.14,0.511200,1.00,-1518.273,349.512,1.012806,0.303830
426,1OHM,36.36,0.368900,1.00,-2913.121,350.131,0.960884,0.239890
427,1OHN,31.98,0.469400,1.00,-1518.273,349.512,0.855855,0.261620
428,1OIG,88.54,0.724700,1.00,-1249.037,127.783,0.140880,0.409320
429,1OMA,69.27,0.611100,1.00,-2698.954,285.865,0.471940,0.601300
430,1OMB,61.46,0.578100,1.00,-2698.954,285.865,0.631042,0.524600
431,1OMQ,93.75,0.657300,1.00,-1099.108,42.366,0.120633,0.425800
432,1OPP,64.47,0.646200,1.00,-3139.081,62.192,0.474252,0.522110
433,1ORL,94.57,0.793600,1.00,-3396.976,164.975,0.103502,0.858260
434,1ORX,95.83,0.756900,1.00,-1559.153,183.510,0.104112,0.560630
435,1OZZ,85.23,0.695800,1.00,-3456.490,214.947,0.326097,0.764340
436,1P00,83.52,0.679400,1.00,-3592.728,240.859,0.373829,0.738080
437,1P0A,77.27,0.625900,1.00,-3433.818,202.372,0.354943,0.645620
438,1P7A,70.27,0.678300,1.00,-2345.814,143.499,0.819017,0.580070
439,1P82,32.00,0.431300,1.00,-822.416,158.371,0.853028,0.164410
440,1P83,23.00,0.406700,1.00,-822.416,158.371,0.732468,0.157190
441,1P8B,92.57,0.751800,1.00,-2761.319,191.329,0.115245,0.783470
442,1P9C,46.67,0.534500,1.00,-2780.208,141.571,0.911027,0.431990
443,1P9F,87.50,0.641300,1.00,-558.922,29.160,0.300746,0.442330
444,1P9Z,78.66,0.628300,1.00,-3098.288,238.891,0.403757,0.702030
445,1PAA,89.17,0.738500,1.00,-2052.283,140.695,0.200797,0.701730
446,1PB5,86.43,0.741900,1.00,-2013.522,156.033,0.141107,0.674070
447,1PDC,81.11,0.675100,1.00,-3991.705,259.050,0.249099,0.686170
448,1PGY,70.21,0.593600,1.00,-4592.503,127.622,0.339594,0.559480
449,1PJV,87.50,0.701800,1.00,-2436.649,162.252,0.146205,0.639000
450,1PLP,66.00,0.704500,1.00,-1408.814,85.883,0.885037,0.385240
451,1PMC,86.11,0.688700,1.00,-1929.259,223.790,0.204665,0.657980
452,1PNH,92.74,0.733300,1.00,-2107.351,108.782,0.092995,0.720020
453,1PP5,46.43,0.435300,1.00,-883.330,150.553,0.538407,0.108430
454,1PSM,61.18,0.595200,1.00,-2885.539,52.624,0.530536,0.487430
455,1PSV,76.79,0.625400,1.00,-2217.769,109.177,0.222237,0.475880
456,1PT4,88.79,0.779700,1.00,-1885.779,183.700,0.162859,0.673080
457,1PV0,90.76,0.695900,1.00,-4512.474,144.042,0.243747,0.813780
458,1PVZ,81.45,0.695500,1.00,-2066.896,121.582,0.290164,0.586970
459,1PX9,76.79,0.603500,1.00,-2968.943,170.635,0.245363,0.618980
460,1PXQ,35.00,0.426900,1.00,-1593.911,303.547,1.097405,0.200210
461,1Q01,28.95,0.415900,1.00,-1289.084,328.598,0.995861,0.206330
462,1Q2F,52.34,0.612200,1.00,-2425.606,101.512,0.523652,0.308290
463,1Q2I,42.19,0.470000,1.00,-2425.606,101.512,0.723790,0.256210
464,1Q2J,68.18,0.546000,1.00,-1400.907,112.330,0.260924,0.170070
465,1Q2K,93.55,0.768000,1.00,-1947.827,146.142,0.096029,0.747450
466,1Q3J,74.31,0.590600,1.00,-2167.708,152.382,0.310336,0.571270
467,1Q3M,55.61,0.541900,1.00,-3665.949,257.333,0.944548,0.484970
468,1Q3Y,45.24,0.459200,1.00,-2091.421,250.881,0.913797,0.343540
469,1Q3Z,43.45,0.460400,1.00,-2091.421,250.881,0.760332,0.357650
470,1Q71,39.29,0.417900,1.00,-883.330,150.553,0.598068,0.120490
471,1QCM,77.27,0.616300,1.00,-307.319,27.963,0.246512,0.372770
472,1QDP,82.14,0.656900,1.00,-2381.652,268.372,0.168754,0.688520
473,1QFD,83.59,0.671100,1.00,-2153.257,222.853,0.195965,0.597100
474,1QG9,83.33,0.731000,1.00,-1628.733,32.752,0.338799,0.517380
475,1QGM,74.17,0.629300,1.00,-2210.509,116.420,0.421299,0.534130
476,1QHK,73.40,0.612200,1.00,-4093.233,162.541,0.247024,0.601940
477,1QJK,40.28,0.428000,1.00,-2117.946,258.977,0.727792,0.255730
478,1QJL,57.14,0.501600,1.00,-1965.656,184.728,0.469591,0.351380
479,1QK6,89.39,0.734800,1.00,-1968.942,264.399,0.130599,0.710400
480,1QK7,91.41,0.701200,1.00,-2370.369,150.614,0.122033,0.719020
481,1QKY,81.58,0.667900,1.00,-3037.525,159.578,0.199985,0.673390
482,1QLO,65.44,0.580400,1.00,-2480.446,76.286,0.332181,0.444910
483,1QWP,86.36,0.650400,1.00,-307.319,27.963,0.198818,0.354230
484,1QXC,45.45,0.518400,1.00,-307.319,27.963,0.438341,0.176620
485,1QYT,75.00,0.627600,1.00,-307.319,27.963,0.255896,0.224790
486,1R02,43.18,0.458200,1.00,-1871.765,197.391,0.768050,0.276620
487,1R1F,43.92,0.460500,1.00,-2098.722,255.835,0.709579,0.295890
488,1R7C,70.97,0.727100,1.00,-2766.101,55.807,0.329584,0.548730
489,1R7D,70.16,0.690000,1.00,-2766.101,55.807,0.295186,0.508670
490,1R7E,76.61,0.699200,1.00,-2766.101,55.807,0.228702,0.548280
491,1R7F,70.16,0.628600,1.00,-2766.101,55.807,0.284333,0.427580
492,1R7G,74.19,0.679800,1.00,-2766.101,55.807,0.300317,0.521190
493,1R8T,70.00,0.547400,1.00,-629.550,95.435,0.271455,0.293830
494,1R9I,65.91,0.510300,1.00,-1328.715,102.049,0.333889,0.221940
495,1RES,77.33,0.618500,1.00,-3956.212,93.009,0.514821,0.645620
496,1RET,70.93,0.585900,1.00,-3956.212,93.009,0.467493,0.562600
497,1RG3,62.50,0.579000,1.00,-889.410,91.983,0.406974,0.339420
498,1RG4,68.75,0.554900,1.00,-889.410,91.983,0.373477,0.336160
499,1RIJ,95.65,0.765200,1.00,-1353.826,94.195,0.106179,0.513480
500,1RIK,91.38,0.735100,1.00,-2130.382,111.867,0.143595,0.693550
501,1RIM,77.27,0.673500,1.00,-2359.162,91.064,0.473778,0.586950
502,1RJI,79.03,0.650900,1.00,-2209.550,146.323,0.246650,0.507530
503,1RKL,61.11,0.655200,1.00,-2991.275,58.964,0.627167,0.490670
504,1RMK,81.45,0.675400,1.00,-2674.818,189.974,0.268351,0.563710
505,1RO3,40.82,0.428000,1.00,-2577.526,254.434,0.691253,0.317010
506,1ROO,82.86,0.667600,1.00,-2786.967,184.688,0.197314,0.634710
507,1RPB,30.95,0.477200,1.00,-835.008,191.514,0.904202,0.116750
508,1RPC,34.52,0.478300,1.00,-835.008,191.514,0.870768,0.169160
509,1RSW,52.08,0.479900,1.00,-312.715,34.290,0.403407,0.313530
510,1RSX,79.17,0.504600,1.00,-312.715,34.290,0.322416,0.458420
511,1RT0,50.00,0.474900,1.00,-312.715,34.290,0.462670,0.227790
512,1S4H,53.85,0.542000,1.00,-154.887,56.825,0.448090,0.230190
513,1S4J,36.54,0.465100,1.00,-140.988,85.497,0.657513,0.199500
514,1S4T,51.19,0.458000,1.00,-1399.833,134.576,0.542975,0.188590
515,1S4W,36.25,0.460000,1.00,-306.071,114.812,0.611987,0.136230
516,1S6W,71.43,0.599000,1.00,-1374.858,112.134,0.316395,0.279150
517,1S6X,86.03,0.692400,1.00,-2419.644,199.303,0.188191,0.657090
518,1SBU,56.82,0.621300,1.00,-359.241,47.142,0.656009,0.295150
519,1SCO,78.95,0.645100,1.00,-2795.088,192.443,0.187030,0.602760
520,1SH1,33.85,0.382700,1.00,-2272.494,354.126,0.904331,0.372280
521,1SKH,63.33,0.666200,1.00,-1973.217,111.517,0.353749,0.461020
522,1SMZ,63.89,0.653600,1.00,-1590.447,107.688,0.470900,0.380080
523,1SOL,35.00,0.477200,1.00,-382.176,140.845,0.672943,0.173860
524,1SP1,85.34,0.673000,1.00,-1889.133,102.702,0.265316,0.608350
525,1SP2,86.29,0.675800,1.00,-2199.534,149.758,0.248656,0.659170
526,1SP7,89.58,0.781200,1.00,-1750.595,108.189,0.172608,0.599220
527,1SPF,80.71,0.786400,1.00,-2151.075,90.144,0.530376,0.696860
528,1SPW,86.54,0.645200,1.00,-3122.254,222.254,0.203233,0.742320
529,1SRB,86.90,0.695900,1.00,-1579.282,95.284,0.168887,0.319440
530,1SRK,76.43,0.710200,1.00,-2281.047,119.718,0.384875,0.596100
531,1SSL,65.10,0.566600,1.00,-3757.764,249.384,0.333142,0.540900
532,1SUT,18.18,0.434300,1.00,-767.317,111.803,0.963702,0.097330
533,1SX0,95.45,0.758200,1.00,-1033.683,110.803,0.116495,0.527900
534,1SX1,94.32,0.751600,1.00,-1033.683,110.803,0.109355,0.481080
535,1T0C,23.39,0.493700,1.00,-816.057,222.375,1.008651,0.172220
536,1T2Y,53.00,0.442700,1.00,-1106.278,255.763,0.558776,0.225900
537,1T5M,55.77,0.506700,1.00,-272.088,81.608,0.371624,0.218300
538,1T5N,46.15,0.512600,1.00,-272.088,81.608,0.458624,0.222690
539,1T5Q,80.00,0.759700,1.00,-2414.236,42.794,0.245953,0.548200
540,1T9E,55.36,0.581500,1.00,-414.073,71.659,0.799820,0.252940
541,1TI5,86.41,0.685200,1.00,-3421.836,202.612,0.149411,0.749500
542,1TM6,59.09,0.466700,1.00,-1058.338,105.806,0.403485,0.243310
543,1TMR,86.84,0.701200,1.00,-1116.946,123.136,0.136894,0.310510
544,1TOR,67.50,0.550800,1.00,-368.747,56.170,0.325944,0.379860
545,1TOS,72.50,0.543800,1.00,-345.355,47.732,0.315307,0.395210
546,1TSK,86.43,0.681000,1.00,-2564.413,136.818,0.122451,0.683520
547,1TV0,78.91,0.601900,1.00,-1984.585,188.301,0.222509,0.601570
548,1TYK,77.94,0.622000,1.00,-2466.581,176.113,0.211134,0.543120
549,1U0P,55.56,0.458700,1.00,-1701.853,145.744,0.633673,0.363700
550,1U57,45.83,0.658900,1.00,-2827.012,155.082,0.600920,0.465280
551,1U6U,77.94,0.667500,1.00,-740.742,72.035,0.224891,0.297650
552,1U6V,75.00,0.682800,1.00,-740.742,72.035,0.228034,0.301670
553,1U85,73.48,0.724700,1.00,-2368.667,118.882,0.517444,0.564880
554,1U86,77.86,0.703500,1.00,-2396.509,151.137,0.397405,0.583990
555,1UAO,77.50,0.727700,1.00,-405.178,90.698,0.224546,0.446150
556,1UJL,35.12,0.496200,1.00,-1831.043,223.894,1.084872,0.256250
557,1UT3,92.11,0.703000,1.00,-3046.758,194.741,0.121925,0.778580
558,1UYA,56.25,0.507900,1.00,-772.824,108.050,0.439645,0.240340
559,1UYB,50.00,0.519400,1.00,-772.824,108.050,0.466675,0.241510
560,1V1D,84.68,0.725900,1.00,-2344.002,116.243,0.160325,0.593280
561,1V28,78.26,0.586700,1.00,-1103.739,86.624,0.494885,0.415840
562,1V4Z,71.05,0.686200,1.00,-995.851,41.815,0.457691,0.385150
563,1V50,69.74,0.617100,1.00,-995.851,41.815,0.297671,0.416690
564,1V5A,84.82,0.723000,1.00,-1650.252,143.530,0.149367,0.568790
565,1V6R,66.67,0.541600,1.00,-1500.739,78.587,0.431313,0.224490
566,1V92,78.26,0.693500,1.00,-4884.208,107.318,0.167456,0.675360
567,1VA1,75.00,0.639900,1.00,-2364.825,154.568,0.308690,0.596500
568,1VA2,80.65,0.650100,1.00,-2199.534,149.758,0.183707,0.559010
569,1VA3,85.34,0.650100,1.00,-1889.133,102.702,0.247666,0.593480
570,1VB8,47.50,0.442700,1.00,-1849.868,154.541,0.605933,0.257350
571,1VD7,66.30,0.513400,1.00,-1575.172,48.482,0.430072,0.370630
572,1VD8,63.04,0.476100,1.00,-1749.623,40.551,0.418121,0.291890
573,1VD9,71.74,0.619000,1.00,-1777.540,36.487,0.402380,0.429170
574,1VDA,58.70,0.520800,1.00,-1644.648,52.899,0.676855,0.288450
575,1VDB,89.13,0.733600,1.00,-1575.172,48.482,0.138927,0.435170
576,1VII,81.94,0.694500,1.00,-3233.991,82.683,0.207357,0.674970
577,1VPC,62.22,0.612000,1.00,-3136.623,163.600,0.437055,0.554650
578,1VPU,38.33,0.481800,1.00,-3349.817,127.396,1.017825,0.273960
579,1VQX,38.16,0.557800,1.00,-374.167,112.539,0.803914,0.135030
580,1VTP,68.27,0.657400,1.00,-1810.367,29.052,0.363243,0.434830
581,1VTX,80.95,0.622900,1.00,-2519.923,209.212,0.221529,0.694810
582,1W1N,65.91,0.603600,1.00,-2591.685,151.179,0.314824,0.436240
583,1W4E,88.30,0.737200,1.00,-3883.865,129.772,0.262146,0.803790
584,1W4F,89.89,0.725800,1.00,-3883.865,129.772,0.192921,0.808900
585,1W4G,86.70,0.720200,1.00,-3769.803,224.961,0.326569,0.802160
586,1W4H,87.77,0.706900,1.00,-3518.434,185.527,0.425209,0.797950
587,1WAZ,52.17,0.510400,1.00,-4376.209,165.155,0.610660,0.478760
588,1WCT,69.23,0.531000,1.00,-446.737,55.312,0.273590,0.133750
589,1WM7,65.52,0.600900,1.00,-1902.331,182.935,0.329953,0.359080
590,1WM8,66.07,0.535300,1.00,-1528.476,189.511,0.277909,0.322840
591,1WMT,89.63,0.723300,1.00,-3163.244,234.251,0.137099,0.776650
592,1WN4,61.61,0.619000,1.00,-1327.480,82.938,0.570210,0.392780
593,1WN8,79.55,0.645600,1.00,-1492.556,70.809,0.328201,0.405280
594,1WNK,83.70,0.754600,1.00,-1777.540,36.487,0.186264,0.562420
595,1WNM,90.22,0.726200,1.00,-1749.623,40.551,0.110077,0.589990
596,1WNN,86.96,0.710700,1.00,-1644.648,52.899,0.274273,0.561650
597,1WO3,47.00,0.515300,1.00,-1262.619,91.782,0.718079,0.225950
598,1WO4,45.00,0.528100,1.00,-1165.456,79.203,0.919433,0.311110
599,1WO5,42.00,0.556400,1.00,-1665.520,25.638,0.935278,0.249960
600,1WO6,44.00,0.509700,1.00,-949.487,124.706,0.798714,0.231040
601,1WO7,42.00,0.551000,1.00,-1297.712,86.272,0.852396,0.269440
602,1WO9,76.43,0.702200,1.00,-1676.298,184.860,0.340143,0.569650
603,1WPD,63.97,0.528200,1.00,-2359.465,131.782,0.476393,0.369310
604,1WQB,83.59,0.675900,1.00,-1949.598,177.965,0.203498,0.597920
605,1WQC,80.77,0.648600,1.00,-1864.645,98.484,0.320344,0.436760
606,1WQD,74.07,0.666700,1.00,-1854.770,103.788,0.485034,0.432630
607,1WQE,95.65,0.748800,1.00,-1459.338,72.055,0.084464,0.513170
608,1WQK,82.14,0.675900,1.00,-3644.921,226.351,0.237769,0.707110
609,1WR3,79.17,0.696200,1.00,-2218.380,224.523,0.269939,0.595860
610,1WR4,88.19,0.757700,1.00,-2181.739,233.365,0.151520,0.747870
611,1WR7,81.71,0.713700,1.00,-2563.087,212.048,0.491153,0.694320
612,1WT7,70.73,0.562200,1.00,-3331.408,210.128,0.503171,0.566330
613,1WT8,82.26,0.636400,1.00,-2209.550,146.323,0.221886,0.567710
614,1WXN,57.14,0.509200,1.00,-3054.161,271.051,0.449732,0.457180
615,1WZ4,53.26,0.542600,1.00,-1547.222,62.246,0.489540,0.267280
616,1WZ5,62.86,0.493400,1.00,-2224.218,161.706,0.362853,0.439450
617,1X22,38.69,0.529200,1.00,-1726.106,283.258,0.885628,0.322630
618,1X32,37.23,0.411700,1.00,-3637.977,213.985,0.744553,0.278170
619,1X5V,80.88,0.649100,1.00,-2373.856,157.398,0.185988,0.574880
620,1X7K,76.32,0.641000,1.00,-996.242,86.855,0.196835,0.243870
621,1XBH,51.92,0.402900,1.00,-618.621,55.640,0.403504,0.211840
622,1XC0,64.39,0.638600,1.00,-2010.384,83.018,0.347445,0.530200
623,1XF7,90.52,0.749100,1.00,-1877.596,107.455,0.164064,0.694800
624,1XOO,63.75,0.534300,1.00,-828.781,137.054,0.405463,0.284630
625,1XOP,31.25,0.433600,1.00,-685.445,124.578,0.687953,0.095810
626,1XRZ,91.67,0.749900,1.00,-1716.500,125.474,0.265091,0.709900
627,1XT7,46.15,0.523600,1.00,-272.088,81.608,0.690138,0.250680
628,1XUT,64.67,0.568300,1.00,-3658.192,204.001,0.421183,0.529780
629,1XV3,41.49,0.509600,1.00,-3053.340,254.340,1.036503,0.328960
630,1XXZ,59.09,0.445000,1.00,-414.712,64.509,0.292923,0.277410
631,1XY4,52.08,0.462900,1.00,-695.197,71.849,0.556045,0.148640
632,1XY6,64.58,0.511000,1.00,-599.021,49.975,0.345678,0.291230
633,1XY8,53.85,0.469200,1.00,-685.555,44.162,0.619314,0.241450
634,1XY9,54.55,0.434200,1.00,-453.055,41.040,0.383814,0.346100
635,1Y03,72.86,0.779300,1.00,-1376.194,38.590,0.328980,0.634180
636,1Y04,58.57,0.789200,1.00,-1376.194,38.590,0.711607,0.469160
637,1Y1B,82.29,0.689600,1.00,-3701.531,209.056,0.282306,0.727720
638,1Y1C,82.29,0.695300,1.00,-3714.770,197.893,0.234116,0.715780
639,1Y29,92.86,0.737500,1.00,-1814.731,147.496,0.099464,0.644800
640,1Y2P,86.76,0.706500,1.00,-2182.293,204.719,0.135342,0.678320
641,1Y32,30.21,0.462800,1.00,-651.164,142.029,0.782704,0.120420
642,1Y4E,48.15,0.541500,1.00,-1906.629,77.982,0.512186,0.246910
643,1Y5C,59.09,0.448800,1.00,-656.183,34.193,0.385966,0.233050
644,1YIU,84.46,0.742500,1.00,-2335.071,289.018,0.208715,0.682700
645,1YMZ,79.65,0.723800,1.00,-2430.306,201.804,0.307576,0.685970
646,1YP8,77.27,0.634300,1.00,-2153.208,238.356,0.312319,0.605300
647,1YT6,77.50,0.565500,1.00,-434.222,31.647,0.245202,0.500320
648,1YTR,62.50,0.537900,1.00,-1544.029,59.382,0.628017,0.367410
649,1YV8,44.02,0.408100,1.00,-2728.864,363.977,0.747624,0.326100
650,1YVA,42.39,0.399500,1.00,-2728.864,363.977,0.778635,0.309390
651,1YWJ,64.02,0.598800,1.00,-2205.207,273.281,0.609640,0.517230
652,1YYB,68.52,0.629300,1.00,-1705.676,86.819,0.347843,0.436120
653,1Z0Q,30.36,0.377100,1.00,-1834.685,240.396,1.388953,0.296800
654,1Z2T,71.74,0.608100,1.00,-2016.415,39.078,0.431070,0.417720
655,1Z65,70.00,0.631600,1.00,-2233.941,88.517,0.363755,0.500080
656,1Z6V,36.22,0.436600,1.00,-2828.444,240.067,0.957656,0.341760
657,1Z6W,26.02,0.328300,1.00,-2828.444,240.067,1.214841,0.240590
658,1Z99,87.50,0.665000,1.00,-2487.379,251.175,0.126613,0.752670
659,1ZA8,36.29,0.393300,1.00,-1465.267,261.512,0.836743,0.188170
660,1ZAQ,59.09,0.574600,1.00,-3247.630,244.076,0.659020,0.466750
661,1ZDA,80.92,0.667500,1.00,-2948.032,118.970,0.398153,0.692270
662,1ZDB,77.63,0.681500,1.00,-2948.032,118.970,0.368229,0.588560
663,1ZFD,84.38,0.714300,1.00,-2030.589,108.051,0.181568,0.616100
664,1ZFU,76.25,0.601300,1.00,-2914.112,198.739,0.281787,0.595160
665,1ZJQ,79.41,0.669100,1.00,-2493.612,144.650,0.206954,0.568390
666,1ZNM,79.46,0.660900,1.00,-1954.062,119.445,0.165109,0.394220
667,1ZNU,96.55,0.793500,1.00,-1943.687,175.307,0.080636,0.770520
668,1ZR7,93.33,0.778400,1.00,-1880.132,145.076,0.175106,0.728230
669,1ZRV,72.00,0.661600,1.00,-1952.312,34.083,0.330508,0.332480
670,1ZRW,63.00,0.629100,1.00,-1952.312,34.083,0.394075,0.319170
671,1ZRX,54.17,0.588500,1.00,-2218.034,194.205,0.761217,0.436720
672,1ZTA,79.29,0.654900,1.00,-2676.843,78.406,0.344647,0.643810
673,1ZTN,38.33,0.421400,1.00,-1087.007,196.411,0.799370,0.186690
674,1ZTO,57.43,0.474200,1.00,-1927.422,233.880,0.593208,0.414190
675,1ZUE,85.71,0.663600,1.00,-3181.090,181.415,0.322085,0.739990
676,1ZUF,76.79,0.584300,1.00,-3181.090,181.415,0.238744,0.616180
677,1ZUV,85.00,0.675600,1.00,-1950.990,143.379,0.268301,0.637900
678,1ZWA,40.44,0.551100,1.00,-2841.468,75.128,0.920471,0.311800
679,1ZWB,46.53,0.566900,1.00,-3094.257,44.431,1.003099,0.398520
680,1ZWC,49.32,0.590100,1.00,-3131.707,56.136,0.727560,0.366020
681,1ZWD,40.71,0.563600,1.00,-2969.091,43.146,0.699666,0.315030
682,1ZWE,47.06,0.534600,1.00,-2708.566,83.296,0.707703,0.403330
683,1ZWU,90.00,0.762800,1.00,-1960.798,125.687,0.116486,0.671700
684,2A1C,72.06,0.531000,1.00,-1243.337,42.940,0.339300,0.362190
685,2A2B,34.15,0.501400,1.00,-1662.039,317.294,0.873651,0.209710
686,2A2V,89.71,0.720200,1.00,-2136.939,166.920,0.172593,0.714120
687,2A51,70.51,0.671900,1.00,-2321.637,273.827,0.278090,0.474090
688,2AAP,88.24,0.693200,1.00,-2493.612,144.650,0.203001,0.701090
689,2AB3,82.76,0.677100,1.00,-1780.705,161.331,0.203741,0.563850
690,2AB7,88.79,0.690500,1.00,-1786.982,142.751,0.130107,0.652130
691,2AB9,33.87,0.375100,1.00,-1413.675,180.981,0.983151,0.161720
692,2ADX,43.75,0.482400,1.00,-2429.238,230.002,0.745786,0.337590
693,2AJJ,75.00,0.680200,1.00,-2201.099,31.448,0.197892,0.512420
694,2AJM,81.25,0.706000,1.00,-2201.099,31.448,0.245869,0.558960
695,2AJN,78.57,0.688300,1.00,-2201.099,31.448,0.184718,0.508170
696,2AJO,81.25,0.706000,1.00,-2201.099,31.448,0.245869,0.558960
697,2AJW,82.95,0.727300,1.00,-1143.743,118.047,0.241204,0.374860
698,2AK0,86.96,0.722200,1.00,-1316.140,185.038,0.194835,0.479560
699,2AMN,55.77,0.609500,1.00,-1972.516,51.924,0.529022,0.304720
700,2AP7,90.00,0.755800,1.00,-936.331,59.776,0.151097,0.591990
701,2AP8,86.25,0.719200,1.00,-936.331,59.776,0.218207,0.442270
702,2ARI,35.26,0.517200,1.00,-1256.187,348.070,0.830923,0.261920
703,2ATG,65.28,0.424300,1.00,-779.860,121.754,0.355643,0.224700
704,2AXK,84.87,0.683300,1.00,-3066.169,174.732,0.137370,0.684130
705,2B0Y,83.82,0.613400,1.00,-973.599,50.661,0.261642,0.376250
706,2B19,46.53,0.544600,1.00,-2000.758,190.361,1.010691,0.372940
707,2B38,83.87,0.701500,1.00,-2036.518,152.529,0.283324,0.649540
708,2B4N,52.98,0.559000,1.00,-2997.344,130.304,0.832144,0.439760
709,2B5B,34.03,0.425700,1.00,-2350.817,183.722,0.924203,0.240400
710,2B5P,75.00,0.573100,1.00,-521.735,58.129,0.266655,0.271340
711,2B5Q,52.27,0.507300,1.00,-521.735,58.129,0.451794,0.189780
712,2B68,83.72,0.697500,1.00,-2987.530,200.237,0.224650,0.707990
713,2B9K,48.40,0.468100,1.00,-3705.819,169.347,0.894985,0.366390
714,2BAI,35.94,0.398300,1.00,-2029.705,132.381,0.781482,0.280410
715,2BAO,47.50,0.483200,1.00,-289.661,80.507,0.377223,0.196260
716,2BAU,50.00,0.460500,1.00,-289.661,80.507,0.375748,0.249430
717,2BBG,75.62,0.650700,1.00,-3108.924,228.886,0.345393,0.582580
718,2BBL,36.36,0.499000,1.00,-739.527,114.416,1.071473,0.106260
719,2BBP,35.23,0.531400,1.00,-739.527,114.416,1.162487,0.131330
720,2BBX,79.08,0.707000,1.00,-2527.225,318.184,0.218318,0.675530
723,2BDS,52.91,0.432300,1.00,-3421.134,239.587,0.542220,0.463660
724,2BEY,46.88,0.524100,1.00,-427.930,69.575,0.752699,0.172340
725,2BL6,45.95,0.482700,1.00,-2007.259,166.583,0.644942,0.323790
726,2BMT,98.65,0.775100,1.00,-3095.938,156.387,0.062993,0.887340
727,2BN6,73.48,0.638400,1.00,-2626.795,99.014,0.360003,0.516220
728,2BP4,32.81,0.437300,1.00,-420.258,70.918,0.608835,0.203050
729,2BTG,84.04,0.696900,1.00,-3832.603,133.843,0.393562,0.752380
730,2BTH,82.98,0.681400,1.00,-3832.603,133.843,0.446326,0.764030
731,2C6A,78.80,0.716500,1.00,-2879.948,257.604,0.523106,0.689320
732,2C6B,77.72,0.736000,1.00,-2879.948,257.604,0.545540,0.690610
733,2CBH,98.61,0.848600,1.00,-2299.143,174.303,0.056598,0.901280
734,2CEF,42.11,0.526700,1.00,-592.843,168.787,0.673999,0.189710
735,2CEH,40.79,0.500000,1.00,-592.843,168.787,0.697642,0.124130
736,2CEZ,42.11,0.503800,1.00,-592.843,168.787,0.653298,0.124340
737,2CFJ,40.79,0.491700,1.00,-592.843,168.787,0.784791,0.115150
738,2CK4,79.61,0.703200,1.00,-2784.483,194.894,0.165606,0.616290
739,2CK5,76.61,0.631000,1.00,-2034.022,142.459,0.204660,0.467400
740,2CQ7,70.92,0.617300,1.00,-2836.138,327.765,0.567545,0.628050
741,2CRD,91.89,0.708600,1.00,-2740.350,228.531,0.115606,0.765210
742,2CSA,38.16,0.518300,1.00,-477.324,103.841,0.754766,0.103990
743,2CTI,93.97,0.774500,1.00,-1956.579,144.920,0.091039,0.722230
744,2CYU,76.25,0.602200,1.00,-3194.278,125.805,0.415842,0.624520
745,2DCI,45.00,0.528300,1.00,-636.995,128.363,0.726540,0.242800
746,2DCO,30.88,0.471200,1.00,-1291.272,251.644,1.211430,0.183260
747,2DCV,84.52,0.678100,1.00,-2923.991,185.826,0.170292,0.715360
748,2DCW,82.74,0.675500,1.00,-2978.325,224.766,0.204622,0.691540
749,2DDL,68.94,0.630200,1.00,-2599.823,154.608,0.339566,0.435640
750,2DI2,74.14,0.665900,1.00,-1305.898,147.706,0.432012,0.539900
751,2DJ9,71.74,0.574200,1.00,-1231.041,89.330,0.550609,0.377800
752,2DJC,78.26,0.677800,1.00,-1022.715,134.835,0.402336,0.453790
753,2DMV,67.44,0.657200,1.00,-2365.431,301.082,0.741597,0.577830
754,2DQ5,74.47,0.637800,1.00,-3541.878,227.824,0.409879,0.654290
755,2DTB,80.77,0.747400,1.00,-1845.844,59.551,0.198607,0.517000
756,2DWF,63.24,0.544600,1.00,-3074.238,134.078,0.341641,0.490620
757,2DX2,86.36,0.639100,1.00,-677.391,17.771,0.136784,0.436710
758,2DX3,56.94,0.532800,1.00,-843.869,101.068,0.520164,0.252140
759,2DX4,44.44,0.433900,1.00,-843.869,101.068,0.989403,0.150900
760,2E1X,65.74,0.590300,1.00,-1164.283,119.187,0.505293,0.369240
761,2E2F,75.61,0.642900,1.00,-2936.726,177.193,0.204603,0.622150
762,2E3E,47.78,0.490800,1.00,-3229.844,267.465,0.719178,0.364570
763,2E3F,57.56,0.515900,1.00,-3059.428,208.841,0.627412,0.423000
764,2E3G,65.00,0.546900,1.00,-3103.402,185.298,0.465459,0.475490
765,2E4E,90.00,0.703700,1.00,-397.645,90.614,0.116945,0.399270
766,2E5T,77.17,0.568600,1.00,-3763.861,84.420,0.196851,0.622020
767,2E5U,48.75,0.386800,1.00,-3201.691,112.650,1.330514,0.416630
768,2E72,45.41,0.489900,1.00,-2257.718,356.977,0.995641,0.364920
769,2EBQ,64.89,0.609500,1.00,-2522.316,305.457,1.051067,0.579330
770,2EBR,64.36,0.598900,1.00,-2330.468,269.339,0.900582,0.580050
771,2EC7,60.71,0.579100,1.00,-2553.123,229.521,0.467725,0.467940
772,2EEM,88.24,0.748500,1.00,-2759.613,169.070,0.170033,0.673860
773,2EFZ,67.19,0.613700,1.00,-952.464,146.444,0.400932,0.316050
774,2EKK,84.04,0.719000,1.00,-4058.109,157.184,0.432438,0.759540
775,2EL4,53.80,0.651000,1.00,-2436.551,175.104,0.881348,0.485430
776,2EL5,67.26,0.635200,1.00,-2071.586,237.837,0.877527,0.614070
777,2EL6,62.50,0.650300,1.00,-2359.303,199.022,0.786395,0.540320
778,2ELM,77.03,0.689200,1.00,-2198.845,185.548,0.488724,0.620440
779,2ELN,84.87,0.777200,1.00,-2176.807,171.604,0.420317,0.723600
780,2ELO,74.32,0.681900,1.00,-2125.420,224.789,0.309632,0.578960
781,2ELP,71.62,0.649000,1.00,-2495.198,175.889,0.557310,0.551560
782,2ELQ,81.25,0.692800,1.00,-1945.668,171.691,0.361718,0.663510
783,2ELR,75.69,0.731800,1.00,-1434.788,158.285,0.837890,0.657300
784,2ELS,79.17,0.715700,1.00,-2285.515,197.773,0.424110,0.668210
785,2ELT,81.94,0.733500,1.00,-1947.986,154.715,0.330177,0.708150
786,2ELU,76.35,0.711400,1.00,-2117.683,222.352,0.451566,0.640180
787,2ELV,71.53,0.607600,1.00,-2133.087,172.651,0.809835,0.621240
788,2ELW,79.05,0.687700,1.00,-2033.034,215.661,0.421079,0.643210
789,2ELX,82.14,0.746800,1.00,-2051.707,224.802,0.383607,0.703600
790,2ELY,62.50,0.681200,1.00,-2020.069,195.380,0.893526,0.537280
791,2ELZ,61.96,0.635200,1.00,-2204.659,212.461,1.068203,0.556220
792,2EM0,63.04,0.655000,1.00,-2102.529,268.214,0.721204,0.544870
793,2EM1,62.50,0.694100,1.00,-2278.058,227.127,0.877232,0.559150
794,2EM2,61.41,0.674100,1.00,-2251.730,223.959,0.825457,0.543690
795,2EM3,58.70,0.668500,1.00,-2295.592,229.739,1.171926,0.526150
796,2EM4,55.43,0.651800,1.00,-2103.693,198.872,1.077607,0.494860
797,2EM5,60.87,0.686700,1.00,-2124.517,180.107,0.963414,0.540930
798,2EM6,59.78,0.657500,1.00,-2062.446,193.885,0.991684,0.528640
799,2EM7,59.78,0.647200,1.00,-2192.893,196.679,0.862403,0.535110
800,2EM8,62.50,0.673700,1.00,-2291.453,196.655,0.800448,0.562020
801,2EM9,63.04,0.634600,1.00,-2341.223,180.906,0.889083,0.525460
802,2EMA,66.85,0.648500,1.00,-2155.079,242.940,0.861760,0.560070
803,2EMB,59.66,0.623600,1.00,-2205.299,244.936,0.953179,0.516040
804,2EMC,65.22,0.714500,1.00,-2220.925,248.023,0.746860,0.574090
805,2EME,65.76,0.662200,1.00,-2382.236,237.190,0.609735,0.546320
806,2EMF,66.85,0.685900,1.00,-2081.029,202.025,0.662591,0.582640
807,2EMG,57.61,0.638000,1.00,-2347.316,210.931,0.989395,0.523750
808,2EMH,65.76,0.689000,1.00,-2338.187,266.864,0.813859,0.542880
809,2EMI,57.07,0.623500,1.00,-2385.328,209.123,0.900533,0.509520
810,2EMJ,57.07,0.647800,1.00,-2215.599,196.620,0.956317,0.491320
811,2EMK,60.33,0.668600,1.00,-2211.112,202.043,1.003171,0.539910
812,2EML,58.70,0.668200,1.00,-2020.130,279.396,1.140338,0.519840
813,2EMM,59.24,0.689700,1.00,-2192.193,184.202,0.926931,0.542960
814,2EMP,63.04,0.688600,1.00,-2120.524,188.919,0.806942,0.549920
815,2EMV,65.34,0.684100,1.00,-2273.334,158.088,0.913952,0.555680
816,2EMW,61.36,0.653500,1.00,-2328.556,214.007,0.971892,0.534660
817,2EMX,76.70,0.754300,1.00,-2017.591,182.465,0.572376,0.675730
818,2EMY,61.96,0.678200,1.00,-2315.875,209.016,0.815007,0.556460
819,2EMZ,70.65,0.692900,1.00,-2159.875,162.199,0.685527,0.608320
820,2EN0,72.02,0.744600,1.00,-2049.773,184.691,0.621943,0.650480
821,2EN1,63.04,0.701600,1.00,-2083.792,191.944,0.853066,0.535460
822,2EN2,72.02,0.739300,1.00,-2257.722,168.281,0.385861,0.586120
823,2EN3,59.24,0.634500,1.00,-2608.910,287.253,1.071071,0.520560
824,2EN4,61.41,0.659500,1.00,-2201.687,197.130,0.932871,0.559200
825,2EN6,60.87,0.660600,1.00,-2153.986,248.686,0.840148,0.544230
826,2EN7,59.66,0.629500,1.00,-2221.475,188.062,1.079608,0.528580
827,2EN8,60.87,0.665200,1.00,-2321.151,198.781,0.783727,0.532570
828,2EN9,60.33,0.664100,1.00,-1945.981,195.129,0.760356,0.511610
829,2ENA,58.15,0.665400,1.00,-1975.279,366.274,1.042761,0.513730
830,2ENC,59.78,0.663700,1.00,-2160.768,263.019,0.967750,0.522220
831,2ENE,57.61,0.646000,1.00,-2192.301,288.730,0.972180,0.523660
832,2ENF,58.15,0.634500,1.00,-2015.192,208.471,0.883260,0.524960
833,2ENH,55.43,0.674100,1.00,-2135.915,211.423,1.038678,0.502420
834,2ENT,63.02,0.608900,1.00,-2597.183,273.900,0.999433,0.574080
835,2EOE,58.15,0.663900,1.00,-2120.679,202.889,1.048856,0.520270
836,2EOF,61.36,0.655000,1.00,-2107.173,280.839,0.820160,0.511080
837,2EOG,59.09,0.655300,1.00,-2329.486,217.539,0.825656,0.517160
838,2EOH,55.43,0.609200,1.00,-2068.662,187.577,0.879239,0.458050
839,2EOI,67.05,0.677000,1.00,-2334.148,189.907,0.678976,0.582190
840,2EOJ,61.36,0.640800,1.00,-2121.960,207.511,0.794138,0.522130
841,2EOK,68.45,0.664300,1.00,-2290.125,164.108,0.609380,0.592340
842,2EOL,69.05,0.691400,1.00,-2103.909,245.086,0.798818,0.614760
843,2EOM,63.04,0.663100,1.00,-2164.402,206.681,0.940382,0.537680
844,2EON,59.24,0.673800,1.00,-2109.680,203.760,0.880452,0.532170
845,2EOO,66.30,0.663000,1.00,-2558.895,246.152,0.744452,0.596640
846,2EOP,60.33,0.706300,1.00,-2218.038,212.460,0.882176,0.561320
847,2EOQ,66.85,0.697000,1.00,-2043.892,225.315,0.571472,0.548250
848,2EOR,58.70,0.646800,1.00,-2211.964,253.950,0.930016,0.512230
849,2EOS,66.67,0.696700,1.00,-2290.731,160.955,0.905958,0.562200
850,2EOU,63.64,0.732800,1.00,-1896.023,190.313,0.958416,0.581210
851,2EOV,66.30,0.660600,1.00,-2251.448,260.746,0.830986,0.529170
852,2EOW,63.04,0.648200,1.00,-2079.586,219.606,0.918675,0.567870
853,2EOX,62.50,0.590700,1.00,-2206.083,236.871,0.657489,0.530350
854,2EOY,59.78,0.658800,1.00,-2166.897,250.101,0.686653,0.508650
855,2EOZ,64.13,0.691700,1.00,-2365.998,268.156,0.689686,0.581780
856,2EP0,59.78,0.706500,1.00,-2294.824,209.472,0.819843,0.518130
857,2EP1,58.70,0.668900,1.00,-2222.203,218.899,0.897810,0.515870
858,2EP2,58.15,0.658700,1.00,-2142.959,194.274,0.975107,0.528390
859,2EP3,61.41,0.663800,1.00,-2313.808,250.082,0.912793,0.556350
860,2EPC,62.50,0.655500,1.00,-1921.174,248.305,0.890637,0.544350
861,2EPQ,56.67,0.611900,1.00,-2468.732,244.578,0.800506,0.459920
862,2EPR,51.56,0.550500,1.00,-2316.016,284.237,0.773910,0.438990
863,2EPT,64.63,0.626300,1.00,-1980.929,232.859,0.796317,0.535560
864,2EPU,65.00,0.741000,1.00,-2161.678,164.979,0.674682,0.573940
865,2EPV,66.48,0.692300,1.00,-2239.075,261.025,0.885204,0.578250
866,2EPW,60.33,0.614800,1.00,-2252.408,240.874,0.683608,0.483600
867,2EPX,63.83,0.656600,1.00,-2597.582,196.043,0.857736,0.539360
868,2EPY,69.05,0.713400,1.00,-1918.864,175.240,0.916770,0.596950
869,2EPZ,59.24,0.658300,1.00,-1975.382,214.525,0.828863,0.541640
870,2EQ0,58.70,0.636100,1.00,-2184.550,208.390,0.865955,0.519610
871,2EQ1,57.07,0.659600,1.00,-2078.681,208.170,0.807639,0.461340
872,2EQ2,53.80,0.540300,1.00,-1964.201,226.053,0.904124,0.462980
873,2EQ3,56.52,0.631800,1.00,-2072.309,195.983,0.942764,0.482560
874,2EQ4,54.89,0.590300,1.00,-2152.874,185.908,0.714694,0.425600
875,2EQE,68.75,0.685700,1.00,-2532.575,324.436,0.641553,0.602940
876,2EQF,65.22,0.598100,1.00,-2533.342,295.474,0.830109,0.561590
877,2EQG,68.37,0.684600,1.00,-2731.067,301.526,0.599779,0.612220
878,2EQH,72.83,0.570100,1.00,-1138.325,289.314,0.371712,0.334380
879,2EQQ,71.43,0.548700,1.00,-1704.847,148.426,0.408657,0.439440
880,2EQT,72.32,0.593600,1.00,-1704.847,148.426,0.470984,0.491290
881,2EQW,61.31,0.614800,1.00,-2230.297,213.091,0.842327,0.536490
882,2ERI,91.13,0.749500,1.00,-2335.019,189.440,0.167207,0.721910
883,2ESX,42.11,0.573900,1.00,-528.415,109.620,1.383026,0.153470
884,2ESZ,43.42,0.554500,1.00,-528.415,109.620,1.410971,0.166290
885,2ETI,80.36,0.673000,1.00,-1982.049,129.370,0.209195,0.501090
886,2EVQ,100.00,0.839800,1.00,-548.728,39.221,0.052095,0.560700
887,2EYA,43.48,0.424500,1.00,-2728.864,363.977,0.724828,0.366900
888,2EYB,41.85,0.404000,1.00,-2728.864,363.977,0.743633,0.316780
889,2EYC,41.85,0.403200,1.00,-2728.864,363.977,0.697718,0.315200
890,2EYD,42.39,0.414500,1.00,-2728.864,363.977,0.679492,0.305960
891,2F2I,90.52,0.734100,1.00,-1777.820,188.366,0.126053,0.626020
892,2F2J,91.38,0.735800,1.00,-1681.375,170.354,0.115908,0.668720
893,2F5H,56.08,0.491500,1.00,-2171.134,232.906,0.390762,0.337600
896,2FJ4,56.08,0.523900,1.00,-2171.134,232.906,0.394667,0.362060
897,2FJ5,54.73,0.515000,1.00,-2171.134,232.906,0.445843,0.351940
898,2FQA,72.22,0.591100,1.00,-1829.063,175.601,0.301068,0.406030
899,2FR9,78.85,0.549800,1.00,-569.204,73.351,0.183559,0.377180
900,2FRB,80.77,0.565800,1.00,-577.441,76.083,0.211192,0.349730
901,2FXY,83.33,0.679900,1.00,-1088.935,42.482,0.286600,0.397040
902,2FXZ,86.54,0.651300,1.00,-798.872,18.160,0.226199,0.450070
903,2G6U,71.67,0.523200,1.00,-830.462,71.429,0.296071,0.309860
904,2G9L,64.19,0.716700,1.00,-2493.804,81.590,0.474952,0.566550
905,2G9P,71.15,0.675200,1.00,-1491.065,45.773,0.405268,0.475490
906,2GD3,57.29,0.539600,1.00,-1034.144,99.050,0.639206,0.284370
907,2GDL,39.52,0.456900,1.00,-1615.091,145.788,0.964848,0.353030
908,2GFR,56.82,0.508400,1.00,-457.650,60.067,0.335085,0.313070
909,2GJ0,83.06,0.649700,1.00,-1925.762,204.767,0.276329,0.565880
910,2GL1,99.47,0.848200,1.00,-3441.364,240.679,0.051888,0.948490
911,2GOF,55.00,0.533100,1.00,-2354.867,68.288,0.591619,0.491550
912,2GOH,60.00,0.536500,1.00,-2354.867,68.288,0.516155,0.499050
913,2GP8,76.25,0.639700,1.00,-2661.586,87.341,0.463134,0.664820
914,2GQE,87.50,0.757300,1.00,-2022.330,192.710,0.319979,0.698210
915,2GW9,92.19,0.764800,1.00,-1984.585,188.301,0.134224,0.756960
916,2GWP,85.16,0.728600,1.00,-2110.657,167.336,0.200575,0.620230
917,2GX1,86.21,0.676000,1.00,-1938.329,164.585,0.155741,0.560110
918,2H1Z,89.10,0.818700,1.00,-2727.022,230.158,0.137668,0.764160
919,2H9X,42.02,0.397000,1.00,-2858.659,342.526,0.648992,0.356870
920,2HFR,69.44,0.639500,1.00,-1835.545,64.398,0.251383,0.333430
921,2HGO,49.07,0.434100,1.00,-1655.899,292.999,0.521282,0.215410
922,2HLG,89.10,0.705100,1.00,-2497.521,262.211,0.176964,0.757510
923,2HM3,40.32,0.447600,1.00,-1154.921,579.512,0.739249,0.206450
924,2HM4,40.32,0.457400,1.00,-1427.455,230.026,0.769037,0.245170
925,2HM5,50.81,0.510000,1.00,-1427.455,230.026,0.623709,0.305420
926,2HM6,54.84,0.505500,1.00,-1656.242,192.063,0.891968,0.339760
927,2HN8,65.79,0.705100,1.00,-3179.230,119.942,0.318788,0.472650
928,2I1P,81.77,0.724900,1.00,-2564.027,209.948,0.242205,0.721930
929,2I1T,77.78,0.653000,1.00,-2311.417,139.734,0.222997,0.548390
930,2I5O,87.18,0.777500,1.00,-2759.787,128.695,0.157981,0.730250
931,2I9M,92.65,0.739100,1.00,-1166.678,19.534,0.111161,0.504920
932,2I9N,47.73,0.406800,1.00,-1933.603,150.045,0.911036,0.357200
933,2I9O,42.57,0.437000,1.00,-1855.014,173.137,0.615272,0.330990
934,2IFJ,79.17,0.555600,1.00,-609.176,36.549,0.266636,0.282030
935,2IGU,75.00,0.514900,1.00,-638.925,63.876,0.264919,0.194920
936,2IH6,77.27,0.560200,1.00,-519.310,64.500,0.246721,0.245470
937,2IMU,40.22,0.577600,1.00,-1967.563,265.101,0.700674,0.348050
938,2IT7,97.32,0.805300,1.00,-1982.049,129.370,0.062249,0.813490
939,2IV4,26.56,0.444300,1.00,-341.652,63.667,0.874798,0.119430
940,2IV5,23.91,0.315300,1.00,-763.447,115.899,0.908791,0.122330
941,2IV6,27.17,0.450700,1.00,-508.866,111.875,1.057570,0.140550
942,2IWJ,46.30,0.483300,1.00,-1164.283,119.187,0.755705,0.275840
943,2J15,70.00,0.576800,1.00,-665.786,93.846,0.293740,0.235960
944,2J8P,40.82,0.565000,1.00,-4435.402,129.346,1.069010,0.348250
945,2JM0,86.43,0.729800,1.00,-3167.798,112.081,0.142551,0.679210
946,2JM2,26.11,0.300100,1.00,-1706.516,368.375,1.582552,0.215440
947,2JM4,87.21,0.712600,1.00,-2413.995,276.700,0.265772,0.765950
948,2JMY,91.67,0.692000,1.00,-1005.676,37.809,0.107463,0.486230
949,2JN5,47.92,0.460200,1.00,-690.829,32.879,0.544523,0.198690
950,2JNH,81.52,0.676800,1.00,-4636.084,98.804,0.252078,0.722050
951,2JNI,92.86,0.702300,1.00,-1424.287,104.493,0.143557,0.426190
952,2JOC,70.27,0.582300,1.00,-2335.071,289.018,0.349438,0.548280
953,2JOF,90.00,0.754500,1.00,-1063.717,72.381,0.129601,0.451220
954,2JOS,80.68,0.631300,1.00,-1553.741,26.632,0.227585,0.438330
955,2JOU,47.06,0.352000,1.00,-3074.238,134.078,1.036313,0.351540
956,2JP6,58.78,0.559600,1.00,-2062.922,155.444,0.725669,0.406650
957,2JPJ,48.08,0.670300,1.00,-2612.297,50.639,0.651469,0.362080
958,2JPK,40.00,0.594500,1.00,-1869.258,191.612,0.926822,0.258500
959,2JPL,52.56,0.647600,1.00,-2612.297,50.639,0.602803,0.412190
960,2JPM,38.57,0.576600,1.00,-1869.258,191.612,0.699982,0.316620
961,2JPW,32.03,0.497700,1.00,-752.671,205.143,0.746219,0.274950
962,2JPX,63.57,0.649700,1.00,-2141.845,88.738,0.645796,0.554080
963,2JQ2,56.25,0.475100,1.00,-505.960,47.541,0.349708,0.225540
964,2JQB,50.00,0.439400,1.00,-665.314,137.701,0.393393,0.196670
965,2JQC,46.67,0.369000,1.00,-665.314,137.701,0.479412,0.259510
966,2JQW,47.06,0.433500,1.00,-886.572,64.271,0.562004,0.205530
967,2JR3,26.79,0.415500,1.00,-1666.415,426.858,1.025570,0.216870
968,2JR8,33.93,0.404500,1.00,-2205.691,311.153,1.254154,0.311540
969,2JRD,61.11,0.516900,1.00,-850.234,152.167,0.415250,0.308620
970,2JRV,55.00,0.548900,1.00,-703.761,87.966,0.589223,0.288440
971,2JRW,50.00,0.465400,1.00,-1140.681,141.513,0.449274,0.132930
972,2JRY,67.39,0.549600,1.00,-2785.969,315.708,0.392775,0.574240
973,2JSB,75.00,0.634000,1.00,-1440.289,115.462,0.277757,0.295250
974,2JTA,47.50,0.463600,1.00,-362.834,40.604,0.527675,0.389670
975,2JTB,91.67,0.731200,1.00,-2117.450,192.743,0.107758,0.717620
976,2JTU,73.68,0.598900,1.00,-2498.823,176.366,0.349571,0.542290
977,2JTW,72.00,0.652900,1.00,-1764.605,38.057,0.351075,0.371400
978,2JUE,33.62,0.300100,1.00,-1943.687,175.307,0.796407,0.188360
979,2JUI,61.36,0.647500,1.00,-2148.297,51.112,0.611251,0.386960
980,2JUQ,84.62,0.617500,1.00,-702.626,44.880,0.151601,0.395660
981,2JUR,84.62,0.665200,1.00,-688.233,61.579,0.176693,0.355300
982,2JUS,86.54,0.723700,1.00,-666.872,72.571,0.113143,0.457600
983,2JUT,92.31,0.682300,1.00,-698.488,43.922,0.161089,0.495160
984,2JUY,55.36,0.469100,1.00,-2108.657,132.541,0.573320,0.281480
985,2JVX,90.18,0.753900,1.00,-1837.096,131.850,0.206564,0.729990
986,2JVY,82.14,0.685000,1.00,-1832.689,128.726,0.303803,0.609070
987,2JWG,85.87,0.722900,1.00,-2749.437,202.270,0.160645,0.771620
988,2JWH,53.65,0.693800,1.00,-1726.350,260.197,0.995337,0.451760
989,2JWM,91.38,0.777200,1.00,-1834.683,218.896,0.173552,0.703320
990,2JXF,79.17,0.709600,1.00,-2625.974,69.166,0.292374,0.582600
991,2JY0,71.30,0.621200,1.00,-1594.134,68.616,0.371182,0.424540
992,2JYD,34.24,0.379400,1.00,-2614.223,232.999,0.907398,0.257890
993,2JYP,43.75,0.428600,1.00,-2592.708,265.127,0.846015,0.268450
994,2K10,54.69,0.677600,1.00,-2228.169,56.090,0.513350,0.287750
995,2K1A,71.43,0.769500,1.00,-2922.980,122.304,0.479465,0.585530
996,2K1I,90.62,0.720900,1.00,-1991.631,144.234,0.129178,0.692670
997,2K1P,81.82,0.719400,1.00,-1959.970,155.395,0.304617,0.642280
998,2K2Y,80.77,0.668800,1.00,-3140.076,165.967,0.212084,0.665610
999,2K2Z,73.08,0.603400,1.00,-2247.993,142.669,0.403342,0.595640
1000,2K44,53.57,0.623300,1.00,-2223.885,73.548,0.826376,0.354920
1001,2K4U,91.89,0.723500,1.00,-2642.243,187.764,0.111711,0.768770
1004,2K6O,69.59,0.773600,1.00,-2921.582,123.262,0.357107,0.588790
1005,2K6R,81.90,0.614400,1.00,-2042.825,123.970,0.243534,0.552090
1006,2K72,89.86,0.724500,1.00,-3394.530,220.756,0.146238,0.759850
1007,2K76,88.33,0.779000,1.00,-2107.667,140.895,0.136687,0.635040
1008,2K7G,95.69,0.816700,1.00,-2013.444,190.317,0.076807,0.736300
1009,2K7Y,45.00,0.479900,1.00,-3222.372,163.448,0.579798,0.414310
1010,2K84,40.83,0.526900,1.00,-1562.801,166.916,0.635838,0.313140
1012,2K98,55.21,0.625500,1.00,-1318.398,75.997,0.801073,0.339600
1013,2K9D,74.43,0.648100,1.00,-4733.590,145.375,0.175013,0.612590
1014,2K9O,68.75,0.581200,1.00,-2268.584,183.247,0.372671,0.510920
1015,2KAM,84.62,0.746300,1.00,-1845.844,59.551,0.159918,0.569670
1016,2KB8,50.00,0.530500,1.00,-2255.955,204.972,1.115939,0.394830
1017,2KB9,75.00,0.650300,1.00,-3018.065,251.289,0.247773,0.591700
1018,2KBL,67.24,0.637700,1.00,-1753.602,154.617,0.346529,0.369830
1019,2KCF,73.61,0.661400,1.00,-2186.679,187.797,0.364088,0.553960
1020,2KCG,93.33,0.794700,1.00,-2178.243,181.063,0.082412,0.741060
1021,2KCH,91.38,0.747900,1.00,-1885.779,183.700,0.152485,0.684190
1023,2KDT,37.78,0.530600,1.00,-2594.012,231.382,0.902802,0.296100
1024,2KE3,41.86,0.475900,1.00,-3091.332,174.148,0.993313,0.289930
1025,2KEF,76.00,0.669800,1.00,-1453.827,118.575,0.411090,0.391770
1026,2KEG,56.25,0.458900,1.00,-1854.348,143.905,0.827832,0.403410
1027,2KEH,57.03,0.470700,1.00,-1854.348,143.905,0.947211,0.418600
1028,2KES,71.88,0.796900,1.00,-3951.926,69.855,0.280617,0.730260
1029,2KFE,69.79,0.718100,1.00,-1713.153,47.798,0.264308,0.315260
1030,2KFQ,33.59,0.314500,1.00,-2273.353,165.850,0.918526,0.282850
1031,2KGH,37.18,0.428400,1.00,-1812.594,321.186,1.094253,0.367260
1032,2KGN,68.75,0.555600,1.00,-1409.437,86.110,0.317361,0.270570
1033,2KGU,91.43,0.795300,1.00,-1900.433,179.675,0.118427,0.781180
1034,2KHB,87.93,0.719000,1.00,-1960.442,184.843,0.249593,0.651170
1035,2KHF,69.00,0.642200,1.00,-1660.045,63.205,0.303038,0.369820
1036,2KHG,70.00,0.594100,1.00,-1660.045,63.205,0.323552,0.397610
1037,2KI0,64.58,0.603800,1.00,-2396.015,125.668,0.401075,0.429580
1038,2KI9,54.55,0.628300,1.00,-2870.675,37.723,0.514211,0.398730
1039,2KIO,59.09,0.599300,1.00,-2591.685,151.179,0.455610,0.352030
1040,2KIR,69.85,0.563900,1.00,-2336.949,144.380,0.263151,0.445330
1041,2KIT,75.00,0.678300,1.00,-2591.685,151.179,0.322553,0.569890
1042,2KJM,42.50,0.557700,1.00,-2084.703,57.398,1.268088,0.311400
1043,2KJN,75.96,0.641300,1.00,-1937.889,40.578,0.399761,0.466600
1044,2KJO,63.46,0.620000,1.00,-1937.889,40.578,0.390784,0.373730
1045,2KLV,47.28,0.585400,1.00,-3334.897,70.206,0.577851,0.427060
1046,2KM9,93.00,0.677300,1.00,-1296.376,158.894,0.098911,0.563450
1047,2KMO,93.75,0.754600,1.00,-2809.176,242.035,0.118315,0.852640
1048,2KMP,83.52,0.724100,1.00,-2809.176,242.035,0.328897,0.749420
1049,2KMQ,80.11,0.710800,1.00,-2809.176,242.035,0.204875,0.675670
1050,2KMR,64.77,0.568900,1.00,-2809.176,242.035,0.982664,0.539540
1051,2KNI,87.80,0.715900,1.00,-2312.803,331.756,0.210431,0.740080
1052,2KNM,94.17,0.789400,1.00,-2178.243,181.063,0.101482,0.723810
1053,2KNP,83.33,0.697700,1.00,-1958.963,179.730,0.191700,0.595440
1054,2KNS,46.21,0.635800,1.00,-2010.384,83.018,0.845564,0.320640
1055,2KNU,53.45,0.533600,1.00,-1870.829,75.972,0.537299,0.359360
1056,2KOE,41.88,0.585500,1.00,-3189.840,89.654,0.798404,0.331050
1057,2KOZ,96.97,0.779300,1.00,-2216.265,129.698,0.126175,0.815980
1058,2KP0,89.39,0.725200,1.00,-2326.278,116.892,0.119861,0.688580
1059,2KPA,54.81,0.548200,1.00,-1520.824,81.323,0.457702,0.271290
1060,2KPB,50.96,0.516600,1.00,-1520.824,81.323,0.590296,0.337020
1061,2KSG,32.29,0.610700,1.00,-3165.950,43.688,1.436986,0.250410
1062,2KSJ,61.41,0.729400,1.00,-3334.897,70.206,0.524246,0.520970
1063,2KTC,66.18,0.549700,1.00,-1927.483,164.518,0.529789,0.423350
1064,2KTX,90.13,0.708700,1.00,-2707.966,184.472,0.171014,0.756030
1065,2KUK,92.50,0.747100,1.00,-2113.970,242.838,0.098295,0.679200
1066,2KUS,88.57,0.763900,1.00,-2278.334,143.398,0.115766,0.729250
1067,2KUX,92.50,0.790100,1.00,-2228.070,173.784,0.091355,0.713940
1068,2KUY,54.07,0.420800,1.00,-3564.700,176.110,0.968061,0.397680
1069,2KV5,72.73,0.655600,1.00,-2666.891,71.399,0.499871,0.629710
1070,2KVF,86.61,0.628000,1.00,-1900.157,110.246,0.183200,0.590610
1071,2KVG,75.93,0.677300,1.00,-1868.985,92.863,0.235581,0.393760
1072,2KVH,86.11,0.643200,1.00,-1804.828,110.340,0.213825,0.538970
1073,2KVX,95.54,0.765200,1.00,-1969.902,155.039,0.096818,0.697230
1074,2KWT,72.73,0.577600,1.00,-2877.171,86.029,0.322392,0.533860
1075,2KWY,66.86,0.762300,1.00,-2571.595,125.202,0.421027,0.633480
1076,2KWZ,65.00,0.661600,1.00,-3236.278,93.024,0.364462,0.496750
1077,2KXA,45.83,0.627900,1.00,-1383.716,153.596,1.082414,0.309550
1078,2KY3,86.36,0.703700,1.00,-2161.356,139.953,0.278714,0.673420
1079,2KYA,44.85,0.530800,1.00,-1643.999,110.364,0.804409,0.363770
1080,2KYJ,90.97,0.739500,1.00,-1962.841,248.101,0.136026,0.754970
1081,2KYK,62.18,0.493600,1.00,-2420.193,182.224,0.699206,0.457460
1082,2KZQ,55.56,0.471600,1.00,-2403.942,122.848,1.214088,0.422210
1083,2L07,81.94,0.596200,1.00,-870.947,123.474,0.184079,0.274870
1084,2L0G,84.38,0.668300,1.00,-2997.451,95.706,0.292576,0.677850
1085,2L0L,56.48,0.658500,1.00,-1680.704,45.568,0.626349,0.331160
1086,2L0M,69.44,0.665100,1.00,-1680.704,45.568,0.305510,0.382180
1087,2L0N,65.83,0.628800,1.00,-2464.767,68.655,0.326818,0.390830
1088,2L0O,60.83,0.603100,1.00,-2464.767,68.655,0.402254,0.375210
1089,2L1J,63.97,0.523300,1.00,-2016.675,183.648,0.357634,0.403750
1090,2L1Q,70.62,0.704500,1.00,-2194.325,225.100,0.721221,0.607800
1091,2L1X,40.38,0.529900,1.00,-2597.654,111.717,0.835374,0.324330
1092,2L2R,80.41,0.627100,1.00,-2110.923,181.081,0.425169,0.701370
1093,2L36,59.38,0.672100,1.00,-1375.916,33.727,0.460977,0.298760
1094,2L37,85.47,0.647900,1.00,-3554.340,111.307,0.224846,0.763590
1095,2L3H,40.38,0.485800,1.00,-2553.156,93.459,1.036426,0.249410
1096,2L3I,61.67,0.544600,1.00,-2244.997,95.578,0.541032,0.476580
1097,2L44,78.95,0.584700,1.00,-841.834,77.952,0.236266,0.243850
1098,2L4G,58.33,0.600600,1.00,-923.157,131.966,0.376989,0.337620
1099,2L4J,64.67,0.583200,1.00,-2849.355,226.399,0.648115,0.536880
1100,2L4U,65.62,0.581400,1.00,-1409.437,86.110,0.355645,0.272120
1101,2L5I,38.10,0.433400,1.00,-1265.532,117.313,0.732197,0.144590
1102,2L5J,44.05,0.449100,1.00,-1265.532,117.313,0.545575,0.103180
1103,2L5R,82.61,0.769100,1.00,-1546.023,35.448,0.219008,0.373770
1104,2L61,41.35,0.456900,1.00,-1208.733,178.147,0.814373,0.181920
1105,2L62,36.54,0.456500,1.00,-1208.733,178.147,0.886687,0.193600
1106,2L63,63.64,0.663200,1.00,-2644.069,55.943,0.484100,0.405960
1107,2L64,63.64,0.652500,1.00,-2644.069,55.943,0.329824,0.480260
1108,2L6S,42.50,0.521200,1.00,-867.941,111.498,0.724180,0.177340
1109,2L6T,53.75,0.534700,1.00,-867.941,111.498,0.706105,0.219150
1110,2L70,55.95,0.669300,1.00,-2997.344,130.304,0.495497,0.454870
1111,2L71,57.14,0.591800,1.00,-2997.344,130.304,0.586295,0.520860
1112,2L77,52.56,0.599500,1.00,-2553.156,93.459,0.983483,0.456370
1113,2L79,50.00,0.483200,1.00,-2553.156,93.459,0.584095,0.351270
1114,2L7C,30.26,0.477300,1.00,-661.199,118.804,0.588042,0.076430
1115,2L7T,52.27,0.583300,1.00,-275.812,47.284,0.466152,0.188190
1116,2L87,37.04,0.500500,1.00,-927.659,159.639,0.749870,0.195900
1117,2L8E,67.35,0.681100,1.00,-3203.444,203.046,0.520321,0.581960
1118,2L91,69.19,0.725100,1.00,-3365.646,97.197,0.474280,0.633730
1122,2L9G,82.89,0.700300,1.00,-1325.656,32.143,0.146785,0.287010
1123,2L9X,26.67,0.425300,1.00,-996.437,204.608,1.182088,0.177720
1124,2L9Z,66.67,0.666700,1.00,-2406.617,263.927,0.581618,0.518530
1125,2LA0,45.83,0.376100,1.00,-1205.420,270.765,0.795955,0.253140
1126,2LAM,88.79,0.728700,1.00,-2105.642,224.880,0.192313,0.699190
1127,2LAQ,38.89,0.459500,1.00,-1740.961,224.781,0.713759,0.228740
1128,2LAT,64.19,0.723300,1.00,-2964.339,95.840,0.489424,0.558130
1129,2LB7,83.52,0.711700,1.00,-3111.680,265.003,0.165569,0.704410
1130,2LBG,75.00,0.781700,1.00,-1044.895,32.655,0.236705,0.426840
1131,2LBZ,38.71,0.388300,1.00,-2067.256,95.045,1.033897,0.286590
1132,2LCM,69.64,0.630600,1.00,-1827.172,92.853,0.329949,0.429490
1133,2LDE,63.00,0.541200,1.00,-1692.270,145.975,0.477773,0.357270
1134,2LDF,52.08,0.547100,1.00,-1523.561,171.392,0.792933,0.278180
1135,2LDJ,85.00,0.653100,1.00,-1179.596,169.489,0.183853,0.355880
1136,2LDS,77.78,0.590300,1.00,-2093.575,252.855,0.251253,0.565420
1137,2LE3,67.26,0.567500,1.00,-2960.689,137.374,0.638861,0.544710
1138,2LE7,46.25,0.512900,1.00,-944.238,124.185,0.533728,0.173250
1139,2LER,65.91,0.548100,1.00,-462.547,66.854,0.283583,0.167090
1140,2LET,91.07,0.725100,1.00,-1946.790,109.411,0.111732,0.597600
1141,2LEU,62.84,0.549400,1.00,-2045.631,206.339,0.816842,0.475200
1142,2LEW,82.81,0.652700,1.00,-1945.464,154.909,0.249868,0.588560
1143,2LEY,90.62,0.746900,1.00,-2063.384,170.722,0.191586,0.736430
1144,2LFM,25.62,0.400500,1.00,-1313.872,330.044,1.245879,0.254170
1145,2LG4,95.00,0.803100,1.00,-2789.851,181.004,0.101740,0.837120
1146,2LG5,77.78,0.645700,1.00,-2519.722,182.785,0.308805,0.586710
1147,2LG6,85.42,0.683400,1.00,-2665.802,189.648,0.263397,0.663970
1148,2LI3,63.33,0.533000,1.00,-2183.330,101.694,0.488592,0.409840
1149,2LIC,33.57,0.426800,1.00,-1526.547,217.704,0.711987,0.222580
1150,2LID,31.43,0.507600,1.00,-1404.914,264.685,0.695838,0.236520
1151,2LIF,64.81,0.666000,1.00,-1597.570,112.386,0.467120,0.390930
1152,2LIX,64.81,0.542500,1.00,-1801.311,138.296,0.360926,0.415270
1153,2LIY,65.56,0.568600,1.00,-2912.290,236.349,0.351980,0.551700
1154,2LJ7,79.26,0.684900,1.00,-3284.164,248.282,0.246139,0.683040
1155,2LJQ,52.70,0.569300,1.00,-1446.898,228.204,0.727395,0.375200
1156,2LJS,88.33,0.753100,1.00,-1739.952,125.987,0.253188,0.683060
1157,2LJT,41.89,0.463300,1.00,-1757.205,265.185,0.852322,0.310390
1158,2LK9,51.43,0.502500,1.00,-2365.021,62.104,0.553567,0.406930
1159,2LKE,53.12,0.540600,1.00,-742.825,110.937,0.732914,0.260230
1160,2LKJ,56.25,0.518100,1.00,-742.825,110.937,0.613584,0.303030
1161,2LKQ,60.42,0.629300,1.00,-1190.915,109.976,0.443025,0.311730
1162,2LL1,86.36,0.693700,1.00,-2164.063,167.517,0.160842,0.664370
1163,2LL2,46.15,0.468000,1.00,-894.110,226.341,0.696079,0.161890
1164,2LL5,96.59,0.828500,1.00,-1101.100,59.888,0.091739,0.574510
1165,2LLD,80.00,0.652800,1.00,-2816.272,174.982,0.335708,0.675820
1166,2LLM,58.14,0.637800,1.00,-2731.728,195.880,1.059598,0.536260
1167,2LLR,77.27,0.648000,1.00,-1234.283,102.826,0.201650,0.275000
1168,2LM8,44.23,0.528500,1.00,-264.209,92.416,0.845441,0.287040
1169,2LMA,27.27,0.460800,1.00,-838.991,101.111,0.607507,0.136240
1170,2LMB,25.58,0.400600,1.00,-1406.687,205.668,1.184979,0.280750
1171,2LMF,79.35,0.724600,1.00,-1669.063,51.187,0.197926,0.427830
1172,2LMZ,86.90,0.684300,1.00,-3973.527,168.729,0.187555,0.738960
1173,2LNE,69.23,0.569000,1.00,-445.309,53.337,0.396984,0.296200
1174,2LNF,50.00,0.500700,1.00,-445.309,53.337,0.427523,0.271310
1175,2LNG,53.85,0.498600,1.00,-445.309,53.337,0.386064,0.183140
1176,2LO2,76.97,0.620300,1.00,-2300.755,124.041,0.363983,0.625590
1177,2LO3,60.23,0.643200,1.00,-2690.191,198.348,0.874338,0.499750
1178,2LO7,51.61,0.523800,1.00,-2114.779,115.920,0.701272,0.437530
1179,2LQ0,82.00,0.654800,1.00,-1650.341,63.219,0.380710,0.527710
1180,2LQ1,45.00,0.492900,1.00,-1079.532,128.049,0.596656,0.232630
1181,2LQ2,52.50,0.583600,1.00,-1195.015,224.697,0.799853,0.367470
1182,2LQA,95.27,0.791700,1.00,-2623.198,181.823,0.118303,0.846770
1183,2LQX,87.20,0.670700,1.00,-3284.556,116.352,0.255612,0.765310
1184,2LQY,72.50,0.620100,1.00,-1549.072,35.494,0.350506,0.310490
1185,2LR3,81.38,0.617300,1.00,-3217.459,261.888,0.207333,0.715510
1186,2LR5,78.95,0.649600,1.00,-2954.463,148.336,0.256501,0.621280
1187,2LR7,31.03,0.473200,1.00,-2048.897,83.056,1.009591,0.199020
1188,2LRX,56.11,0.592200,1.00,-3214.035,201.649,0.488311,0.413140
1189,2LS1,40.00,0.446800,1.00,-821.601,141.095,0.695646,0.188420
1190,2LS2,77.00,0.715200,1.00,-2063.033,29.744,0.375972,0.483290
1191,2LS3,66.38,0.710700,1.00,-2559.021,67.752,0.323596,0.503180
1192,2LS4,63.54,0.560200,1.00,-1597.934,51.403,0.393555,0.365620
1193,2LS9,59.00,0.609800,1.00,-1299.892,41.053,0.464945,0.224030
1194,2LSA,57.61,0.658800,1.00,-1462.551,47.369,0.472399,0.200360
1195,2LSQ,62.00,0.509200,1.00,-1471.854,160.073,0.498237,0.309900
1196,2LSW,28.75,0.391800,1.00,-1498.114,219.333,0.975878,0.216920
1197,2LT8,79.17,0.725500,1.00,-2996.588,227.135,0.232956,0.658780
1198,2LTI,33.70,0.458200,1.00,-943.365,162.569,0.938187,0.137110
1200,2LU9,79.84,0.689500,1.00,-2068.275,135.064,0.253310,0.496410
1201,2LUF,73.75,0.555700,1.00,-959.574,121.013,0.319025,0.300700
1202,2LUG,45.83,0.508800,1.00,-1465.947,175.610,1.293342,0.373270
1203,2LUR,74.14,0.600700,1.00,-1875.561,195.794,0.417156,0.461220
1204,2LUV,51.43,0.649500,1.00,-1612.144,238.672,1.006900,0.395830
1205,2LVG,70.00,0.722700,1.00,-2787.339,106.714,0.348173,0.545420
1206,2LWB,65.00,0.468100,1.00,-1509.348,77.620,0.326235,0.222450
1207,2LWL,72.96,0.641200,1.00,-2931.870,257.500,0.401446,0.592130
1208,2LWQ,62.50,0.516500,1.00,-624.195,99.664,0.420442,0.214640
1209,2LWS,75.00,0.528200,1.00,-586.496,47.284,0.268657,0.310450
1210,2LWT,47.22,0.408600,1.00,-781.386,116.863,0.430968,0.212100
1211,2LWU,90.00,0.781900,1.00,-666.023,69.038,0.141005,0.400630
1212,2LWV,82.35,0.676200,1.00,-820.779,83.513,0.182275,0.368940
1213,2LX0,64.84,0.675200,1.00,-2985.835,52.226,0.380112,0.427100
1214,2LX4,85.29,0.704800,1.00,-1087.755,27.459,0.172902,0.393280
1215,2LX5,84.72,0.616400,1.00,-1007.676,32.326,0.303949,0.428150
1216,2LX6,36.84,0.496600,1.00,-610.506,93.284,0.977792,0.183950
1217,2LXO,51.14,0.466400,1.00,-3333.402,217.882,0.620301,0.380460
1218,2LXZ,89.84,0.725200,1.00,-2240.999,138.123,0.111248,0.685110
1219,2LYE,93.06,0.764200,1.00,-907.191,78.869,0.109639,0.417010
1220,2LYF,91.67,0.727100,1.00,-1054.498,82.244,0.121370,0.418430
1221,2LZI,44.44,0.372400,1.00,-895.653,144.261,0.596810,0.145180
1222,2LZO,73.28,0.684800,1.00,-1680.032,137.601,0.388682,0.457430
1223,2LZP,56.45,0.569600,1.00,-1624.128,115.745,0.658031,0.378940
1224,2LZQ,78.85,0.766300,1.00,-2390.930,96.550,0.314896,0.533020
1225,2LZX,92.57,0.773400,1.00,-2659.253,178.120,0.120043,0.797250
1226,2LZY,83.57,0.715500,1.00,-2534.535,153.721,0.235970,0.646960
1227,2M0H,68.18,0.636900,1.00,-1461.844,73.702,0.557450,0.330760
1228,2M0S,45.54,0.454400,1.00,-1862.685,122.398,0.915789,0.243240
1229,2M0W,65.22,0.689400,1.00,-1404.860,42.461,0.689532,0.309710
1230,2M1A,78.85,0.628900,1.00,-1407.063,43.323,0.186511,0.534170
1231,2M1J,66.67,0.617800,1.00,-2141.377,63.756,0.571282,0.455010
1232,2M1P,79.17,0.639300,1.00,-746.459,71.747,0.376395,0.382310
1233,2M1T,59.09,0.617500,1.00,-1525.080,65.644,0.531139,0.275170
1234,2M2G,86.11,0.657000,1.00,-731.009,79.231,0.220236,0.394590
1235,2M2H,86.11,0.699600,1.00,-663.974,78.172,0.166572,0.296370
1236,2M2Q,94.53,0.797700,1.00,-2438.642,164.217,0.101487,0.774370
1237,2M2R,82.58,0.697200,1.00,-2251.604,270.644,0.245280,0.627010
1238,2M2S,72.22,0.636300,1.00,-676.122,83.055,0.379679,0.202670
1239,2M2X,29.17,0.286200,1.00,-875.475,18.401,1.014139,0.125770
1240,2M2Y,66.67,0.575300,1.00,-1033.222,126.263,0.429846,0.288180
1241,2M36,83.55,0.699700,1.00,-1958.336,233.276,0.241903,0.681490
1242,2M37,36.84,0.489700,1.00,-585.234,114.480,0.904483,0.107330
1243,2M3F,88.64,0.734300,1.00,-1725.573,54.398,0.120316,0.471730
1244,2M3J,87.88,0.751700,1.00,-2426.545,165.692,0.171656,0.683670
1245,2M3N,63.89,0.536600,1.00,-797.728,116.972,0.315815,0.169110
1246,2M4X,74.29,0.576600,1.00,-2461.664,227.990,0.233035,0.509760
1247,2M4Z,70.00,0.588600,1.00,-2372.496,235.990,0.261095,0.463760
1248,2M50,83.57,0.680800,1.00,-2524.837,236.205,0.177711,0.630980
1249,2M5L,66.25,0.648900,1.00,-819.386,100.135,0.421380,0.208700
1250,2M5X,91.88,0.835700,1.00,-2764.167,150.677,0.175536,0.821570
1251,2M5Z,94.89,0.723900,1.00,-5508.418,147.491,0.092784,0.865630
1252,2M60,85.47,0.709300,1.00,-5762.195,118.513,0.148988,0.754980
1253,2M62,56.25,0.541300,1.00,-633.006,77.857,0.331031,0.258780
1254,2M6A,75.00,0.636000,1.00,-1935.289,78.318,0.226552,0.429790
1255,2M6O,79.17,0.725200,1.00,-3100.115,246.618,0.325953,0.717060
1256,2M6P,80.43,0.654300,1.00,-3127.159,346.051,0.438816,0.693450
1257,2M73,66.00,0.603100,1.00,-1568.918,100.281,0.318281,0.280680
1258,2M77,90.28,0.720300,1.00,-963.807,91.345,0.139779,0.398580
1259,2M78,87.50,0.763500,1.00,-1060.163,91.411,0.124773,0.420520
1260,2M79,86.11,0.705500,1.00,-969.775,108.931,0.134751,0.352570
1261,2M7C,80.95,0.617900,1.00,-1213.210,96.885,0.431219,0.351320
1262,2M7D,57.50,0.623300,1.00,-1085.625,49.812,0.677218,0.320380
1263,2M7E,47.12,0.618200,1.00,-1103.722,149.149,0.695932,0.276190
1264,2M7I,41.07,0.446000,1.00,-628.683,47.664,0.691411,0.256740
1265,2M7J,37.50,0.502200,1.00,-140.454,75.087,0.875836,0.162760
1266,2M7P,77.38,0.678100,1.00,-2618.387,266.658,0.271396,0.661080
1267,2M7T,88.64,0.778700,1.00,-1935.286,176.041,0.198790,0.715650
1268,2M7X,37.50,0.474800,1.00,-2472.394,258.874,0.968500,0.358470
1269,2M8F,51.04,0.444600,1.00,-1264.813,90.343,0.761651,0.240570
1270,2M8I,81.40,0.702600,1.00,-2575.595,183.368,0.225764,0.666370
1271,2M8J,81.98,0.732000,1.00,-2644.413,211.838,0.228776,0.737820
1272,2M8M,76.79,0.742300,1.00,-2464.414,82.482,0.205984,0.527840
1273,2M8O,66.96,0.722000,1.00,-2464.414,82.482,0.279099,0.398080
1274,2M96,78.41,0.646400,1.00,-2358.551,221.715,0.297063,0.650290
1275,2M9E,86.36,0.757700,1.00,-2012.631,271.655,0.188419,0.697260
1276,2M9F,75.76,0.705500,1.00,-2012.631,271.655,0.337591,0.535580
1277,2M9I,80.15,0.716600,1.00,-2246.463,170.751,0.281822,0.589600
1278,2M9J,84.56,0.710300,1.00,-2246.463,170.751,0.275696,0.675400
1279,2M9L,87.86,0.700500,1.00,-2462.003,161.654,0.354179,0.754980
1280,2M9O,91.38,0.725900,1.00,-1963.571,194.553,0.166878,0.667300
1281,2M9R,26.25,0.414500,1.00,-1313.872,330.044,1.819777,0.193950
1282,2M9S,28.75,0.417100,1.00,-1313.872,330.044,1.757119,0.266520
1283,2MAA,51.92,0.464500,1.00,-479.234,109.331,0.410523,0.203750
1284,2MAE,30.77,0.446400,1.00,-834.831,183.898,0.783819,0.233610
1285,2MAU,95.00,0.777100,1.00,-2117.376,190.937,0.081623,0.741350
1286,2MBD,70.37,0.592000,1.00,-1496.847,122.868,0.361158,0.469150
1287,2MBY,60.87,0.587200,1.00,-3750.839,107.446,0.468567,0.477020
1288,2MCE,33.33,0.424300,1.00,-683.808,102.705,0.643698,0.088590
1289,2MD1,75.00,0.635100,1.00,-1047.881,43.624,0.282901,0.386220
1290,2MD2,85.00,0.665800,1.00,-540.077,27.138,0.143354,0.478490
1291,2MD4,95.83,0.762400,1.00,-727.143,21.317,0.062719,0.606890
1292,2MD6,84.72,0.678100,1.00,-1082.734,83.022,0.197641,0.315140
1293,2MDC,44.79,0.469200,1.00,-3116.617,333.089,0.821742,0.376710
1294,2MDL,44.79,0.453400,1.00,-800.807,199.807,0.651089,0.166430
1295,2MDU,84.48,0.708600,1.00,-1969.560,155.132,0.215916,0.585060
1296,2ME1,61.11,0.529300,1.00,-2545.349,49.603,0.387199,0.351480
1297,2ME2,54.63,0.567200,1.00,-2409.829,43.123,0.451111,0.366970
1298,2ME3,65.74,0.532100,1.00,-2449.324,63.343,0.319739,0.349360
1299,2ME4,55.56,0.535300,1.00,-2376.449,77.020,0.492991,0.302780
1300,2ME7,92.42,0.785900,1.00,-2225.396,136.015,0.223425,0.799370
1301,2MEL,92.42,0.758400,1.00,-2231.660,138.219,0.115806,0.755950
1302,2MEN,81.06,0.694700,1.00,-2133.305,137.965,0.356115,0.604890
1303,2MEO,81.06,0.676400,1.00,-2110.125,181.459,0.349014,0.593730
1304,2MF3,45.74,0.411200,1.00,-3229.614,295.303,0.559719,0.450650
1305,2MFM,36.67,0.488000,1.00,-459.629,80.237,0.671572,0.178300
1306,2MFO,41.67,0.530000,1.00,-393.315,62.456,0.608885,0.166890
1307,2MFP,52.42,0.493300,1.00,-1491.593,208.546,0.520408,0.286800
1308,2MFS,96.43,0.820600,1.00,-2387.682,188.811,0.081942,0.841410
1309,2MFV,42.86,0.489200,1.00,-146.211,43.075,0.750055,0.222120
1310,2MG1,74.07,0.719300,1.00,-1836.344,32.463,0.293082,0.498350
1311,2MG2,83.04,0.716900,1.00,-2273.977,69.398,0.184749,0.493410
1312,2MG3,66.07,0.633600,1.00,-2273.977,69.398,0.426878,0.432910
1313,2MH1,75.76,0.652400,1.00,-2023.235,156.619,0.385514,0.562090
1314,2MHU,66.67,0.528500,1.00,-1713.797,321.298,0.390060,0.391030
1315,2MHW,48.15,0.629700,1.00,-1672.076,70.971,0.718858,0.319050
1316,2MI1,48.21,0.448700,1.00,-555.500,90.759,0.388396,0.139450
1317,2MI9,77.50,0.602500,1.00,-1971.340,277.184,0.201097,0.504330
1318,2MIA,75.00,0.586900,1.00,-1971.340,277.184,0.208276,0.478350
1319,2MID,47.92,0.515400,1.00,-392.673,50.155,0.581072,0.308290
1320,2MIE,43.75,0.492900,1.00,-322.781,62.802,0.602852,0.187310
1321,2MIF,45.83,0.485700,1.00,-300.203,50.463,0.541587,0.190390
1322,2MIG,41.67,0.488200,1.00,-376.026,51.977,0.628608,0.223210
1323,2MIH,39.29,0.462500,1.00,-450.930,55.301,0.789021,0.165380
1324,2MIJ,66.22,0.591200,1.00,-2822.100,97.141,0.326941,0.479570
1325,2MIX,66.67,0.607500,1.00,-1064.158,159.589,0.583361,0.270400
1326,2MJ1,33.33,0.426500,1.00,-460.461,83.804,0.551292,0.128660
1327,2MJ2,68.75,0.584100,1.00,-2534.847,132.978,0.507895,0.493600
1328,2MJ9,68.59,0.659900,1.00,-2730.199,105.727,0.475761,0.520900
1329,2MJC,66.91,0.623700,1.00,-1757.940,148.519,0.629323,0.526780
1330,2MJK,92.68,0.759000,1.00,-3901.840,195.614,0.153307,0.808960
1331,2MKB,65.00,0.520000,1.00,-2290.500,41.962,0.642018,0.506500
1332,2ML7,84.68,0.680600,1.00,-2324.234,127.034,0.150413,0.559760
1333,2MLA,93.24,0.744400,1.00,-2498.188,172.089,0.103620,0.769670
1334,2MLD,96.62,0.778400,1.00,-2522.838,189.820,0.076121,0.856820
1335,2MLJ,37.50,0.468300,1.00,-834.588,62.862,1.027685,0.179060
1336,2MLO,81.25,0.607600,1.00,-986.049,65.811,0.226139,0.432990
1337,2MLQ,78.12,0.602300,1.00,-986.049,65.811,0.245916,0.295910
1338,2MLU,42.50,0.369600,1.00,-1608.245,106.005,0.594287,0.306280
1339,2MLV,44.17,0.409200,1.00,-1608.245,106.005,0.566305,0.309680
1340,2MM5,85.83,0.678400,1.00,-2126.981,193.684,0.215457,0.605810
1341,2MM6,83.33,0.661400,1.00,-2220.461,215.108,0.200538,0.548660
1342,2MMM,63.89,0.663800,1.00,-1863.532,124.828,0.453464,0.426790
1343,2MMT,32.14,0.399100,1.00,-1141.425,116.036,1.040664,0.135570
1344,2MMW,46.43,0.445700,1.00,-871.306,158.644,0.591732,0.102670
1345,2MN1,95.83,0.787300,1.00,-2018.479,183.606,0.076129,0.780180
1346,2MN3,63.07,0.572300,1.00,-2187.614,207.469,0.465082,0.493740
1347,2MOC,88.64,0.672000,1.00,-552.473,25.772,0.210476,0.466480
1348,2MOF,60.12,0.580500,1.00,-2889.712,117.989,0.497684,0.615460
1349,2MPJ,77.00,0.644700,1.00,-1208.926,106.042,0.322562,0.419980
1350,2MPQ,93.75,0.780200,1.00,-2431.323,163.821,0.140991,0.801230
1351,2MQ2,41.07,0.451700,1.00,-191.205,77.958,0.951225,0.138840
1352,2MQ4,36.36,0.478500,1.00,-153.630,45.144,0.721439,0.069680
1353,2MQ5,47.50,0.463100,1.00,-93.861,38.556,0.360655,0.183570
1354,2MQF,97.79,0.820800,1.00,-2060.737,147.187,0.072592,0.873300
1355,2MQU,88.57,0.721100,1.00,-2308.266,163.255,0.112226,0.712140
1356,2MR9,84.66,0.714100,1.00,-4350.179,209.929,0.154587,0.774210
1357,2MRB,60.48,0.516000,1.00,-2024.618,204.945,0.415062,0.378720
1358,2MRF,80.30,0.700200,1.00,-2146.075,125.319,0.248870,0.554410
1359,2MRT,70.00,0.568900,1.00,-1936.047,204.408,0.290362,0.424100
1360,2MRW,41.25,0.311000,1.00,-3469.968,107.534,1.097518,0.375520
1361,2MSF,45.69,0.412200,1.00,-1349.556,419.687,0.721403,0.370300
1362,2MSO,77.50,0.657500,1.00,-1966.374,145.522,0.355478,0.530010
1363,2MSQ,74.07,0.588600,1.00,-1954.299,235.832,0.278500,0.395840
1364,2MSU,63.75,0.556400,1.00,-1109.512,61.538,0.370753,0.360040
1365,2MT7,93.57,0.766300,1.00,-2207.418,181.564,0.150017,0.799680
1366,2MT8,67.95,0.614100,1.00,-2221.312,185.632,0.609914,0.552170
1367,2MTM,56.58,0.503900,1.00,-913.660,119.217,0.306610,0.152860
1368,2MTO,75.00,0.550700,1.00,-616.751,53.923,0.290394,0.345080
1369,2MTT,67.31,0.501600,1.00,-639.901,41.075,0.329646,0.197940
1370,2MTU,67.31,0.516900,1.00,-639.901,41.075,0.445041,0.428200
1371,2MTW,61.25,0.537400,1.00,-997.527,112.634,0.452790,0.317540
1372,2MTY,51.25,0.497300,1.00,-992.491,84.017,0.443924,0.118070
1373,2MU6,67.50,0.621700,1.00,-1300.460,46.350,0.360043,0.353330
1374,2MU7,50.00,0.491400,1.00,-705.413,136.682,0.574308,0.268030
1375,2MU8,41.25,0.446700,1.00,-1255.533,52.307,0.533194,0.130450
1376,2MU9,75.00,0.625700,1.00,-1454.338,75.413,0.419557,0.362100
1377,2MUA,84.52,0.688700,1.00,-1161.191,83.322,0.179931,0.381370
1378,2MUB,58.33,0.489800,1.00,-3054.161,271.051,0.442774,0.519660
1379,2MUE,73.75,0.587500,1.00,-1275.424,94.285,0.343854,0.315230
1380,2MUF,81.25,0.627500,1.00,-1107.367,65.985,0.342361,0.313710
1381,2MUH,89.06,0.653000,1.00,-718.407,67.147,0.203078,0.417750
1382,2MUJ,48.81,0.532100,1.00,-797.000,196.183,0.640937,0.169170
1383,2MUN,70.65,0.591700,1.00,-3525.711,223.868,0.387585,0.605460
1384,2MUQ,74.43,0.657200,1.00,-3042.094,144.666,0.461320,0.623620
1385,2MV6,62.76,0.710200,1.00,-3862.788,135.913,0.408201,0.586660
1386,2MVA,61.11,0.536300,1.00,-1563.582,121.681,0.520658,0.312870
1387,2MVH,65.38,0.578400,1.00,-1535.858,78.976,0.418476,0.416050
1388,2MVI,39.53,0.371100,1.00,-3478.493,224.766,0.968238,0.324830
1389,2MVJ,63.46,0.556400,1.00,-1579.608,113.881,0.785354,0.401910
1390,2MVK,27.88,0.431100,1.00,-834.831,183.898,0.928887,0.173610
1391,2MVL,29.81,0.461800,1.00,-834.831,183.898,0.932322,0.172500
1392,2MVM,53.41,0.587100,1.00,-2403.465,158.345,0.858925,0.489830
1393,2MVN,64.77,0.641800,1.00,-2403.465,158.345,0.386187,0.508620
1394,2MVT,69.15,0.586500,1.00,-3637.302,225.440,0.451579,0.574890
1395,2MW0,87.07,0.711600,1.00,-1757.775,169.443,0.167570,0.608170
1396,2MW3,38.10,0.499500,1.00,-912.054,156.677,0.805980,0.130970
1397,2MW7,84.46,0.734100,1.00,-2261.825,177.708,0.309835,0.690310
1398,2MW9,85.14,0.736300,1.00,-2291.665,164.461,0.178248,0.681230
1399,2MWA,77.03,0.672900,1.00,-2384.251,146.659,0.479448,0.603260
1400,2MWB,78.38,0.705600,1.00,-2346.536,180.561,0.313445,0.632920
1401,2MWD,86.61,0.685900,1.00,-1758.406,116.122,0.113900,0.552470
1402,2MWE,83.93,0.680700,1.00,-1814.684,117.713,0.140921,0.488860
1403,2MWF,80.47,0.697200,1.00,-2149.757,120.940,0.157923,0.570500
1404,2MWJ,93.75,0.836500,1.00,-2299.143,174.303,0.107557,0.777060
1405,2MWK,94.44,0.843600,1.00,-2299.143,174.303,0.090219,0.797560
1406,2MWL,40.62,0.473400,1.00,-366.790,133.435,0.686319,0.182590
1407,2MWT,53.68,0.664600,1.00,-1715.163,131.721,0.930769,0.473090
1408,2MX4,37.22,0.509400,1.00,-2264.548,231.226,1.202559,0.297060
1409,2MXG,39.06,0.525800,1.00,-366.790,133.435,0.764570,0.162000
1410,2MXH,40.62,0.530500,1.00,-366.790,133.435,0.918763,0.239010
1411,2MXM,97.73,0.824600,1.00,-2286.461,152.870,0.065260,0.864190
1412,2MXO,90.44,0.716300,1.00,-2099.905,182.795,0.146721,0.713830
1413,2MXP,93.94,0.802500,1.00,-2638.754,167.738,0.193696,0.822080
1414,2MXQ,70.59,0.572000,1.00,-2065.552,149.385,0.306265,0.461700
1415,2MXV,68.02,0.548400,1.00,-2876.426,205.867,0.573045,0.558630
1416,2MYH,82.32,0.665300,1.00,-2489.766,191.065,0.308773,0.712860
1417,2MYL,88.75,0.697800,1.00,-1565.887,62.998,0.156327,0.392870
1418,2MYM,58.75,0.519900,1.00,-1417.267,44.093,0.414617,0.280420
1419,2MZ2,69.12,0.567200,1.00,-973.599,50.661,0.300094,0.283210
1420,2MZ3,72.06,0.609900,1.00,-973.599,50.661,0.362098,0.253420
1421,2MZ4,67.93,0.588600,1.00,-3525.711,223.868,0.381030,0.564030
1422,2MZ7,23.91,0.499800,1.00,-1296.848,305.481,1.108482,0.235560
1423,2MZA,72.06,0.564800,1.00,-973.599,50.661,0.441306,0.388960
1424,2MZX,97.50,0.582000,1.00,-839.442,19.768,0.065657,0.551410
1426,2N0X,37.50,0.527900,1.00,-439.324,87.977,0.718047,0.256820
1427,2N16,51.25,0.544300,1.00,-1174.702,71.814,0.612449,0.217370
1428,2N1C,39.13,0.443200,1.00,-832.304,141.635,0.613595,0.172300
1429,2N1N,90.71,0.723000,1.00,-2536.804,194.142,0.116921,0.735900
1430,2N1P,65.83,0.647000,1.00,-1976.233,75.676,0.382279,0.471350
1431,2N1S,92.50,0.753900,1.00,-1937.255,164.239,0.139287,0.722990
1432,2N24,70.97,0.710200,1.00,-1719.276,169.063,0.673693,0.561820
1433,2N2C,43.02,0.606400,1.00,-2057.443,144.553,0.757728,0.372540
1434,2N2F,63.46,0.538800,1.00,-446.228,75.693,0.427271,0.268060
1435,2N2G,90.91,0.753100,1.00,-2263.668,158.541,0.151124,0.728760
1436,2N2S,79.69,0.647400,1.00,-2509.933,168.712,0.223083,0.523380
1437,2N3P,93.75,0.777200,1.00,-1988.303,150.993,0.108215,0.769620
1438,2N4K,48.26,0.446800,1.00,-1918.076,230.966,0.838706,0.379300
1439,2N4R,84.46,0.757600,1.00,-2322.110,188.549,0.454951,0.736470
1440,2N4S,84.46,0.754400,1.00,-2292.927,157.394,0.411607,0.717600
1441,2N4T,87.16,0.755000,1.00,-2314.357,170.799,0.369091,0.753970
1442,2N4U,80.41,0.703900,1.00,-2446.752,193.551,0.288874,0.668010
1443,2N4V,79.73,0.750600,1.00,-2320.119,170.875,0.494260,0.638760
1444,2N4W,80.41,0.748800,1.00,-2481.132,165.448,0.477566,0.677260
1445,2N58,45.83,0.552000,1.00,-2473.311,66.047,0.943731,0.355240
1446,2N5C,40.00,0.469600,1.00,-370.005,155.340,0.696487,0.175160
1447,2N5J,80.10,0.663000,1.00,-4881.296,118.613,0.294997,0.720700
1448,2N5K,75.86,0.596200,1.00,-1571.388,123.690,0.290596,0.466640
1449,2N5Q,76.85,0.574600,1.00,-1776.558,175.176,0.284781,0.485230
1450,2N5R,89.58,0.548900,1.00,-736.179,29.731,0.161439,0.549950
1451,2N63,37.50,0.455200,1.00,-366.790,133.435,0.765866,0.177440
1452,2N68,44.57,0.438000,1.00,-943.365,162.569,0.714181,0.137950
1453,2N6B,84.56,0.691400,1.00,-2533.426,203.607,0.160532,0.649560
1454,2N6M,76.19,0.723600,1.00,-1256.496,81.969,0.203735,0.318200
1455,2N6N,88.28,0.746900,1.00,-1943.657,209.176,0.118641,0.654910
1456,2N6O,82.14,0.644600,1.00,-2366.541,172.129,0.371408,0.658810
1457,2N6U,27.50,0.416800,1.00,-1093.357,47.920,0.956272,0.193990
1458,2N6V,36.46,0.390100,1.00,-1264.813,90.343,0.712666,0.203320
1459,2N7F,76.56,0.613500,1.00,-2641.612,170.690,0.252550,0.494340
1460,2N7I,72.97,0.682900,1.00,-2989.684,100.622,0.452520,0.555130
1461,2N85,78.66,0.754800,1.00,-2806.105,112.725,0.213473,0.757520
1462,2N8B,59.72,0.525400,1.00,-2608.977,192.308,0.499667,0.410480
1463,2N8E,71.32,0.594800,1.00,-1783.262,203.571,0.477573,0.506670
1464,2N8H,82.86,0.616500,1.00,-1930.039,194.153,0.201998,0.639700
1465,2N8S,84.62,0.736300,1.00,-2434.849,161.274,0.320520,0.699400
1466,2N8U,76.28,0.657700,1.00,-1906.594,189.110,0.304410,0.642130
1467,2N92,51.61,0.522200,1.00,-2088.700,57.119,0.726801,0.363220
1468,2N94,86.98,0.731600,1.00,-3135.286,289.443,0.139184,0.782310
1469,2N95,77.04,0.676700,1.00,-2968.420,335.764,0.364065,0.697360
1470,2N9C,48.75,0.516100,1.00,-706.115,71.216,0.653952,0.209500
1471,2N9M,40.62,0.498500,1.00,-366.790,133.435,0.789161,0.169160
1472,2N9N,42.19,0.499300,1.00,-366.790,133.435,0.724488,0.140530
1473,2N9O,75.60,0.672200,1.00,-3087.267,232.580,0.629123,0.669730
1474,2N9T,79.17,0.614900,1.00,-1962.849,193.912,0.240080,0.483850
1475,2N9Z,77.98,0.729700,1.00,-2370.997,263.972,0.584308,0.672400
1476,2NA3,87.50,0.619200,1.00,-800.168,31.260,0.179214,0.590250
1477,2NA8,59.66,0.643500,1.00,-3735.420,143.062,0.932855,0.519610
1478,2NA9,71.59,0.683400,1.00,-4125.920,103.362,0.421873,0.705000
1479,2NAB,73.78,0.709700,1.00,-2633.048,238.921,0.584228,0.632180
1480,2NAE,29.07,0.469600,1.00,-1928.265,225.508,1.088784,0.220590
1481,2NAJ,87.88,0.713800,1.00,-2218.806,120.389,0.181790,0.697090
1482,2NAL,89.58,0.635300,1.00,-831.274,33.597,0.185021,0.442230
1483,2NAT,39.29,0.495500,1.00,-2162.743,71.339,0.707610,0.234370
1484,2NAU,62.50,0.551700,1.00,-1502.764,91.547,0.435069,0.374750
1485,2NAW,57.69,0.570700,1.00,-2978.333,182.251,0.513625,0.459020
1486,2NB2,84.21,0.702400,1.00,-3248.541,130.072,0.170013,0.685400
1487,2NB5,89.71,0.660300,1.00,-800.396,76.389,0.176364,0.337320
1488,2NB6,79.69,0.634900,1.00,-756.249,114.607,0.178593,0.244500
1489,2NB7,44.12,0.465400,1.00,-440.796,95.483,0.660641,0.141450
1490,2NB8,49.07,0.569300,1.00,-1385.634,207.347,0.986007,0.382520
1491,2NB9,72.96,0.617300,1.00,-3512.958,217.425,0.550128,0.656430
1492,2NC3,87.88,0.794100,1.00,-2012.631,271.655,0.167734,0.703980
1493,2NC4,84.09,0.781000,1.00,-2012.631,271.655,0.193012,0.657320
1494,2NC5,87.88,0.789800,1.00,-2012.631,271.655,0.158436,0.721700
1495,2NC6,87.12,0.783900,1.00,-2012.631,271.655,0.192233,0.688410
1496,2NC7,76.39,0.657000,1.00,-1046.823,75.021,0.252178,0.300770
1497,2NCS,70.83,0.687300,1.00,-2936.321,53.680,0.304121,0.526040
1498,2NCT,65.97,0.634000,1.00,-2936.321,53.680,0.329004,0.647410
1499,2NCU,58.33,0.574000,1.00,-1381.242,72.323,0.499658,0.205340
1500,2NCV,58.33,0.564700,1.00,-1464.264,49.789,0.620398,0.278130
1501,2NCW,62.50,0.607500,1.00,-1864.723,50.756,0.435750,0.354970
1502,2NCX,84.38,0.770600,1.00,-1709.781,33.414,0.184117,0.483910
1503,2NCY,64.58,0.656000,1.00,-1603.362,66.548,0.481891,0.374260
1504,2ND2,84.66,0.677100,1.00,-4125.968,134.801,0.154424,0.735800
1505,2ND3,92.11,0.697700,1.00,-3045.917,165.461,0.108026,0.766060
1506,2ND6,70.59,0.602800,1.00,-1172.725,54.272,0.277919,0.311420
1507,2ND7,67.65,0.610800,1.00,-1172.725,54.272,0.369050,0.270960
1508,2ND8,66.18,0.537600,1.00,-1172.725,54.272,0.428190,0.287740
1509,2NDB,63.78,0.523100,1.00,-2589.741,213.321,0.323822,0.533140
1510,2NDC,70.83,0.575200,1.00,-1124.782,42.384,0.379599,0.347930
1511,2NDE,54.17,0.525700,1.00,-1030.464,30.493,0.468916,0.222490
1512,2NDI,46.20,0.503800,1.00,-2357.319,307.988,0.868784,0.347790
1513,2NDK,45.83,0.704800,1.00,-3165.950,43.688,0.890239,0.394610
1514,2NDL,76.56,0.643200,1.00,-800.813,81.497,0.223331,0.223020
1515,2NDM,57.69,0.516700,1.00,-695.653,49.401,0.452837,0.288770
1516,2NDN,84.38,0.703600,1.00,-815.812,55.750,0.152083,0.288640
1517,2NOR,57.50,0.538200,1.00,-273.932,66.527,0.354716,0.383260
1518,2NOU,45.00,0.442300,1.00,-342.402,31.020,0.450939,0.197710
1519,2NR1,79.63,0.700900,1.00,-1602.760,102.888,0.293106,0.580760
1520,2NS4,82.14,0.615800,1.00,-343.536,78.895,0.208864,0.272200
1521,2NVJ,52.00,0.535600,1.00,-1941.636,60.158,0.545214,0.258580
1522,2NX6,66.67,0.578200,1.00,-1552.633,231.187,0.418335,0.338190
1523,2NX7,65.18,0.586200,1.00,-1672.976,170.319,0.540574,0.373680
1526,2NZ3,62.50,0.559500,1.00,-3059.847,381.465,0.487195,0.498160
1527,2NZZ,35.81,0.466500,1.00,-2902.557,71.366,1.193279,0.235110
1528,2O00,37.84,0.435200,1.00,-2902.557,71.366,1.016692,0.239580
1529,2O0S,39.58,0.425300,1.00,-416.000,58.921,0.556316,0.200570
1530,2OBU,55.36,0.681700,1.00,-2997.344,130.304,0.651418,0.553610
1532,2OJM,95.45,0.786700,1.00,-1553.741,26.632,0.080039,0.664270
1533,2OJN,32.95,0.469900,1.00,-754.713,187.454,0.700085,0.099770
1534,2OJO,90.91,0.777700,1.00,-1725.095,29.835,0.111802,0.532770
1535,2OP7,49.36,0.430800,1.00,-2737.469,194.520,0.894367,0.337420
1536,2OQ9,61.46,0.579100,1.00,-924.081,139.167,0.323837,0.231980
1537,2ORU,78.75,0.606200,1.00,-1147.911,93.057,0.294950,0.226100
1538,2OVN,92.65,0.701500,1.00,-1119.757,47.586,0.166877,0.509480
1539,2OYV,73.08,0.514500,1.00,-474.984,74.925,0.290633,0.250930
1540,2OYW,65.38,0.509100,1.00,-474.984,74.925,0.257704,0.210300
1541,2P4L,57.07,0.516900,1.00,-2785.969,315.708,0.530012,0.464700
1542,2P5J,50.00,0.556600,1.00,-596.346,81.311,0.488974,0.248930
1543,2P81,61.93,0.466300,1.00,-3809.393,122.820,0.850010,0.504560
1544,2PCO,76.92,0.632600,1.00,-1686.414,48.477,0.419423,0.595470
1545,2PDD,82.56,0.670200,1.00,-3582.627,308.551,0.268238,0.711710
1546,2PDE,31.98,0.365600,1.00,-3582.627,308.551,0.731603,0.361590
1547,2PJV,48.39,0.580700,1.00,-947.345,217.888,0.726350,0.324960
1548,2PO8,75.74,0.677900,1.00,-1785.671,184.386,0.369165,0.557800
1549,2PPZ,77.78,0.573600,1.00,-3144.076,101.175,0.213364,0.572530
1550,2PTA,86.43,0.696400,1.00,-2502.103,150.283,0.189002,0.665520
1551,2PV6,60.23,0.566800,1.00,-2095.078,56.586,0.452723,0.258990
1552,2RLG,83.33,0.584300,1.00,-1136.900,29.791,0.286733,0.389200
1553,2RLH,80.56,0.624100,1.00,-1136.900,29.791,0.276143,0.493300
1554,2RLJ,46.88,0.499000,1.00,-535.179,70.209,0.645415,0.140120
1555,2RLW,47.06,0.590100,1.00,-1657.743,209.895,0.952024,0.395710
1557,2RMF,73.75,0.723000,1.00,-3087.071,104.331,0.323441,0.633290
1558,2RMG,50.00,0.671700,1.00,-2868.669,67.475,0.620721,0.352210
1559,2RMH,61.84,0.685400,1.00,-2630.864,75.796,0.572524,0.511140
1561,2RMV,47.12,0.371300,1.00,-2064.630,98.782,0.803719,0.240560
1562,2RMW,37.50,0.348500,1.00,-2018.538,111.903,0.880968,0.242840
1563,2RMY,78.68,0.752500,1.00,-2556.893,35.271,0.303157,0.627350
1564,2RMZ,72.67,0.723800,1.00,-3354.691,93.196,0.431889,0.678100
1565,2RN0,72.09,0.698200,1.00,-3354.691,93.196,0.345744,0.626470
1566,2RND,69.85,0.667800,1.00,-2556.893,35.271,0.439455,0.524070
1567,2ROO,77.33,0.656000,1.00,-2768.682,208.582,0.305383,0.636260
1568,2RPS,62.50,0.600600,1.00,-1617.132,116.601,0.508456,0.399260
1570,2RQ2,73.33,0.644700,1.00,-2018.858,80.233,0.328228,0.531080
1571,2RQZ,81.58,0.700200,1.00,-2546.902,164.496,0.209214,0.641030
1572,2RR0,75.66,0.646000,1.00,-2546.902,164.496,0.239800,0.565460
1573,2RR2,78.95,0.651700,1.00,-2546.902,164.496,0.196313,0.601660
1574,2RRH,75.00,0.692600,1.00,-2296.412,45.912,0.232458,0.562800
1575,2RRI,70.69,0.697000,1.00,-2296.412,45.912,0.274924,0.478260
1576,2RRS,38.89,0.445800,1.00,-602.907,104.005,0.794382,0.193510
1577,2RSH,72.97,0.625600,1.00,-2173.216,196.065,0.460483,0.585560
1578,2RSW,34.72,0.446100,1.00,-617.314,142.453,0.678294,0.114880
1579,2RT4,54.00,0.577100,1.00,-1184.389,84.601,0.826215,0.233070
1580,2RTY,96.67,0.740900,1.00,-1910.635,132.869,0.085279,0.764750
1581,2RTZ,84.48,0.641000,1.00,-2067.078,132.305,0.187072,0.577090
1582,2RU0,75.69,0.599300,1.00,-2720.761,131.391,0.246869,0.578190
1583,2RUM,38.16,0.472400,1.00,-841.004,87.212,0.597857,0.174120
1584,2RUN,58.33,0.498400,1.00,-1198.330,71.011,0.422524,0.252970
1585,2RUO,89.06,0.733600,1.00,-1056.419,25.640,0.130914,0.337000
1586,2RUT,81.25,0.736700,1.00,-2285.515,197.773,0.466293,0.672400
1587,2RUU,78.47,0.705400,1.00,-1947.986,154.715,0.371642,0.654960
1588,2RUV,81.08,0.748600,1.00,-2173.216,196.065,0.689766,0.732550
1589,2RUW,77.70,0.722400,1.00,-2117.683,222.352,0.354407,0.616770
1590,2RUX,70.83,0.581700,1.00,-2133.087,172.651,0.823089,0.631830
1591,2RUY,74.32,0.692500,1.00,-2198.845,185.548,0.429881,0.599980
1592,2RUZ,80.92,0.787800,1.00,-2176.807,171.604,0.528257,0.734990
1593,2RV0,83.11,0.735100,1.00,-2125.420,224.789,0.442869,0.701380
1594,2RV1,69.59,0.677000,1.00,-2495.198,175.889,0.556208,0.558830
1595,2RV2,79.17,0.746100,1.00,-1945.668,171.691,0.420137,0.709740
1596,2RV3,76.39,0.728000,1.00,-1434.788,158.285,0.727074,0.655490
1597,2RV4,79.73,0.708600,1.00,-2033.034,215.661,0.416331,0.650050
1598,2RV5,83.57,0.760400,1.00,-2051.707,224.802,0.270740,0.735690
1599,2RVD,77.50,0.624100,1.00,-405.974,104.447,0.195559,0.326020
1600,2SH1,33.85,0.379700,1.00,-2272.494,354.126,0.955491,0.362710
1601,2V1V,87.07,0.724700,1.00,-1948.942,167.897,0.140863,0.584120
1602,2VY4,78.38,0.658300,1.00,-2581.424,126.481,0.367082,0.597760
1603,2VY5,78.38,0.666500,1.00,-2581.424,126.481,0.354333,0.621500
1604,2W0T,77.91,0.702300,1.00,-2836.372,174.897,0.283241,0.669400
1605,2W9O,71.74,0.616500,1.00,-2754.936,323.759,0.458250,0.613350
1606,2W9U,71.20,0.638300,1.00,-2737.364,275.499,0.541678,0.596850
1607,2W9V,78.41,0.659400,1.00,-2690.781,356.201,0.387108,0.657390
1608,2W9W,82.39,0.699100,1.00,-2654.059,275.405,0.399201,0.710190
1609,2WH9,87.50,0.745900,1.00,-2540.804,177.952,0.208157,0.706820
1610,2WXC,83.51,0.667100,1.00,-3724.975,149.836,0.227955,0.741030
1611,2XL1,70.83,0.617000,1.00,-1652.585,122.288,0.466699,0.402810
1612,2YRH,61.93,0.676100,1.00,-1953.581,179.236,0.768130,0.545480
1613,2YRJ,69.57,0.721700,1.00,-2130.600,217.921,0.659215,0.621140
1614,2YRM,68.02,0.601300,1.00,-2284.061,230.889,0.607267,0.595580
1615,2YSB,76.02,0.771500,1.00,-2832.672,259.958,0.606279,0.695330
1616,2YSC,72.44,0.648300,1.00,-2497.233,212.646,0.765254,0.601300
1617,2YSF,86.25,0.745000,1.00,-2522.669,190.851,0.266982,0.752330
1618,2YSG,78.12,0.678800,1.00,-2538.665,211.902,0.565747,0.658540
1619,2YSH,71.88,0.634200,1.00,-2224.389,189.688,0.560507,0.587570
1620,2YSI,63.12,0.632500,1.00,-2201.511,304.456,0.621913,0.501810
1621,2YSO,57.61,0.576300,1.00,-2560.742,260.123,0.982184,0.491410
1622,2YSP,54.35,0.623600,1.00,-2325.187,193.118,0.944995,0.467100
1623,2YSV,54.17,0.566200,1.00,-2029.847,186.028,0.810827,0.438100
1624,2YTA,66.46,0.682600,1.00,-2012.862,163.426,0.620272,0.574150
1625,2YTB,66.67,0.694300,1.00,-2017.729,197.167,0.619354,0.544060
1626,2YTD,57.61,0.626300,1.00,-2339.075,198.722,1.004465,0.510090
1627,2YTE,64.29,0.642300,1.00,-2136.513,239.726,0.575568,0.541540
1628,2YTF,58.15,0.635200,1.00,-2247.953,238.715,0.877306,0.522800
1629,2YTG,58.70,0.678500,1.00,-2255.162,196.011,0.982590,0.524060
1630,2YTH,57.61,0.677000,1.00,-1908.556,220.179,1.039788,0.517890
1631,2YTI,57.61,0.663000,1.00,-2162.144,190.560,0.947905,0.509360
1632,2YTJ,58.15,0.643200,1.00,-2308.974,233.635,0.708953,0.514130
1633,2YTK,59.78,0.674700,1.00,-2184.026,263.002,0.894516,0.541970
1634,2YTM,51.63,0.526300,1.00,-2201.585,265.184,0.859826,0.446360
1635,2YTN,57.07,0.654400,1.00,-2036.235,187.057,1.021808,0.531430
1636,2YTO,63.04,0.655100,1.00,-2155.819,225.454,0.844876,0.576260
1637,2YTP,60.87,0.659800,1.00,-2208.062,222.783,0.789691,0.548410
1638,2YTQ,53.80,0.629900,1.00,-2271.050,190.758,0.944369,0.482060
1639,2YTR,63.59,0.701000,1.00,-2003.995,213.262,0.682987,0.531350
1640,2YTS,61.41,0.669900,1.00,-2135.854,250.061,0.774290,0.536430
1641,2YTT,64.13,0.647600,1.00,-2435.605,191.258,0.562105,0.514810
1642,2YU5,63.07,0.655600,1.00,-2219.567,238.822,0.716390,0.520510
1643,2YU8,62.50,0.652900,1.00,-1966.076,210.548,0.883711,0.566790
1644,2YYF,43.33,0.423100,1.00,-665.314,137.701,0.527973,0.225450
1645,2Z3S,71.79,0.592300,1.00,-3124.259,169.728,0.255505,0.492890
1646,2ZAJ,65.82,0.692800,1.00,-2596.670,271.189,0.859627,0.575320
1647,2ZNF,94.44,0.769800,1.00,-908.318,78.012,0.088376,0.444650
1648,3BBG,70.00,0.616400,1.00,-3108.924,228.886,0.354682,0.535070
1649,3CMH,58.33,0.534100,1.00,-627.975,88.296,0.433105,0.235440
1650,3CTI,95.69,0.794000,1.00,-1956.579,144.920,0.078614,0.778600
1651,3LEU,35.14,0.398000,1.00,-2045.631,206.339,0.939129,0.217620
1652,3MRA,85.00,0.721400,1.00,-1880.333,42.613,0.185989,0.669710
1653,3ZNF,86.67,0.684800,1.00,-1863.315,145.210,0.218460,0.618080
1654,4A24,80.85,0.697900,1.00,-3442.218,215.274,0.324032,0.715580
1655,4APD,50.81,0.525800,1.00,-2128.548,85.511,0.691198,0.342640
1656,4B19,74.17,0.702200,1.00,-2460.129,73.199,0.259801,0.440220
1658,4B2U,90.97,0.757700,1.00,-2533.767,150.271,0.215777,0.760890
1659,4B2V,85.16,0.652200,1.00,-1981.421,246.278,0.228647,0.671490
1660,4BMF,84.87,0.702500,1.00,-2339.192,189.794,0.169412,0.696410
1661,4CYK,64.02,0.616300,1.00,-2517.908,222.268,0.474244,0.509350
1662,4ZNF,85.00,0.695600,1.00,-1863.315,145.210,0.217297,0.618620
1663,5A4H,26.92,0.450800,1.00,-1811.424,221.734,1.511997,0.202470
1664,5AAY,87.50,0.728200,1.00,-1876.240,134.446,0.202064,0.721950
1665,5AAZ,82.81,0.762300,1.00,-2024.974,119.028,0.321761,0.653380
1666,5AHT,79.65,0.674300,1.00,-2827.327,242.900,0.384652,0.675860
1667,5FZV,85.16,0.809500,1.00,-2021.536,122.147,0.436005,0.782470
1668,5FZW,80.30,0.743000,1.00,-2137.547,187.508,0.598440,0.672980
1669,5FZX,75.00,0.597800,1.00,-2177.786,314.191,0.503942,0.626670
1671,5GSF,70.37,0.554500,1.00,-1950.912,144.545,0.251649,0.342990
1672,5GVO,40.28,0.467900,1.00,-943.672,90.749,0.863348,0.193130
1673,5H1H,59.38,0.514800,1.00,-583.686,88.817,0.407459,0.195420
1674,5H1I,45.83,0.518600,1.00,-560.781,133.423,0.644510,0.086300
1675,5H2S,76.00,0.668100,1.00,-1285.349,18.448,0.292756,0.532880
1676,5I1X,90.28,0.715400,1.00,-2504.773,211.992,0.201182,0.726240
1677,5I2P,90.28,0.718800,1.00,-2415.795,201.856,0.178855,0.754680
1678,5ID5,46.00,0.510200,1.00,-876.508,173.879,0.796293,0.229690
1679,5IJ4,78.57,0.681000,1.00,-3507.692,318.900,0.317368,0.710560
1680,5ION,85.34,0.749700,1.00,-2034.028,115.455,0.152199,0.579290
1681,5IPO,77.60,0.655600,1.00,-3146.543,197.401,0.411806,0.693020
1682,5J8T,76.06,0.643100,1.00,-2922.104,220.931,0.230245,0.637740
1683,5JHI,94.29,0.737700,1.00,-2571.772,139.801,0.091076,0.778840
1684,5JI4,93.24,0.790100,1.00,-2904.967,153.945,0.123076,0.822180
1685,5JPL,32.35,0.461600,1.00,-712.629,145.195,0.924165,0.223640
1686,5JPX,77.22,0.619700,1.00,-3325.443,229.091,0.283355,0.643070
1687,5JYH,73.30,0.598600,1.00,-3093.960,189.935,0.562674,0.648280
1688,5KGY,89.77,0.671200,1.00,-1646.598,83.827,0.175704,0.369550
1689,5KGZ,47.16,0.516000,1.00,-3487.679,66.513,0.565001,0.420040
1690,5KHB,79.76,0.679600,1.00,-1495.325,36.757,0.244790,0.390420
1691,5KI0,52.63,0.545800,1.00,-155.429,108.276,0.433166,0.137590
1692,5KKM,88.64,0.732100,1.00,-1390.645,125.938,0.195836,0.606560
1693,5KVN,93.52,0.771600,1.00,-2067.803,111.875,0.106888,0.749550
1694,5KWO,81.73,0.582800,1.00,-1719.994,108.667,0.243625,0.536210
1695,5KWX,62.00,0.479100,1.00,-1169.353,144.716,0.400322,0.312940
1696,5KWZ,93.27,0.738300,1.00,-1813.891,75.660,0.092911,0.669320
1697,5KX0,49.04,0.507800,1.00,-1736.222,107.485,1.025713,0.350320
1698,5KX1,73.86,0.565700,1.00,-1061.777,133.601,0.249748,0.280290
1699,5KX2,87.50,0.726900,1.00,-889.199,86.548,0.136880,0.331380
1700,5L1C,90.97,0.729900,1.00,-2525.286,183.863,0.122559,0.749380
1701,5L82,45.27,0.370100,1.00,-3021.278,151.225,0.798126,0.319240
1702,5LAH,58.89,0.501100,1.00,-3192.116,240.879,0.507560,0.475530
1703,5LBJ,79.29,0.772700,1.00,-2932.942,68.320,0.185413,0.668790
1704,5LCS,63.83,0.583300,1.00,-3349.086,300.065,1.110065,0.542960
1705,5LM0,88.39,0.678900,1.00,-1994.339,106.322,0.147680,0.595130
1706,5LME,78.49,0.683800,1.00,-2446.582,211.270,0.362050,0.648580
1707,5M9U,94.05,0.730200,1.00,-1309.629,106.041,0.095553,0.436570
1708,5N5A,31.08,0.482200,1.00,-1138.500,221.079,1.359618,0.194790
1709,5N5B,35.71,0.466900,1.00,-1085.914,133.270,0.788067,0.275920
1710,5NAM,63.02,0.688000,1.00,-3949.368,70.811,0.492801,0.516790
1711,5NAO,67.86,0.719600,1.00,-2756.968,47.352,0.532007,0.680890
1712,5NDA,81.82,0.750300,1.00,-2487.779,101.016,0.203632,0.610140
1713,5NVB,51.67,0.535000,1.00,-432.154,84.430,0.433435,0.225690
1714,5OAP,77.78,0.676400,1.00,-853.760,63.330,0.283573,0.416900
1715,5T3M,92.14,0.746500,1.00,-2569.327,208.952,0.115316,0.769120
1716,5T42,38.30,0.583900,1.00,-3048.837,168.040,0.899949,0.377930
1717,5T4R,88.57,0.690200,1.00,-2367.177,211.719,0.283969,0.742510
1718,5T7Q,77.38,0.702700,1.00,-1073.327,75.778,0.578010,0.452750
1719,5TCZ,73.44,0.514700,1.00,-1713.657,207.882,0.286537,0.471300
1720,5TJ1,31.58,0.455100,1.00,-844.906,100.702,0.959605,0.063410
1721,5TX8,92.86,0.709000,1.00,-2209.296,70.689,0.209974,0.781590
1722,5UG3,82.89,0.586200,1.00,-1257.358,62.477,0.220106,0.298110
1723,5UG5,85.53,0.687700,1.00,-1297.155,62.087,0.241797,0.394470
1724,5UI6,34.72,0.521300,1.00,-484.858,91.362,1.401284,0.204080
1725,5UI7,50.00,0.454900,1.00,-742.252,109.026,0.625874,0.161620
1726,5UJG,75.00,0.649700,1.00,-1465.806,109.674,0.225306,0.304620
1727,5UJH,64.13,0.508300,1.00,-1366.358,97.430,0.350905,0.232960
1728,5UJQ,62.93,0.635500,1.00,-2087.339,42.510,0.567993,0.442420
1729,5UJR,36.36,0.361200,1.00,-1497.384,207.063,0.925514,0.186040
1730,5UKZ,31.25,0.356500,1.00,-2454.652,283.082,1.023509,0.291410
1731,5UOI,88.37,0.662500,1.00,-3783.644,134.862,0.175991,0.799510
1732,5UP5,83.75,0.632500,1.00,-3435.613,197.425,0.173077,0.691470
1733,5UY2,38.75,0.481400,1.00,-886.216,112.958,0.613369,0.143220
1734,5UZL,32.58,0.506500,1.00,-1341.188,194.804,1.285186,0.223600
1735,5V0Y,89.29,0.788300,1.00,-1482.544,83.769,0.112435,0.417540
1736,5V11,82.14,0.739500,1.00,-1197.263,141.219,0.179519,0.286130
1737,5V2B,47.50,0.528500,1.00,-823.545,157.420,0.481319,0.223060
1738,5V4C,54.41,0.535600,1.00,-352.969,101.711,0.433947,0.153060
1739,5V4U,61.88,0.627200,1.00,-2904.566,99.707,0.448066,0.569440
1740,5VAV,89.29,0.707000,1.00,-629.070,60.333,0.117162,0.354070
1741,5VFW,55.00,0.437200,1.00,-1837.405,51.892,0.481840,0.305130
1742,5VL6,35.29,0.399200,1.00,-364.513,111.392,0.574947,0.134530
1743,5VR5,56.25,0.512200,1.00,-1065.776,92.897,0.365668,0.220190
1744,5W54,52.00,0.507300,1.00,-1120.572,85.140,0.658626,0.277840
1745,5W9F,87.80,0.704200,1.00,-3210.914,205.235,0.123993,0.755190
1746,5WCV,93.97,0.791300,1.00,-1797.317,127.296,0.073295,0.750710
1747,5WE3,83.82,0.708100,1.00,-2596.610,172.447,0.157602,0.634640
1748,5WOD,80.92,0.707700,1.00,-3120.195,79.647,0.163595,0.634700
1749,5WOV,80.88,0.701200,1.00,-2119.200,212.266,0.313821,0.623870
1750,5WOW,71.79,0.616700,1.00,-2500.327,186.039,0.433391,0.578350
1751,5WRX,42.31,0.513700,1.00,-386.509,64.272,0.570072,0.262680
1752,5WUZ,65.70,0.568200,1.00,-3097.421,326.239,0.309471,0.491750
1753,5WXE,71.43,0.584400,1.00,-1966.486,172.403,0.325014,0.431750
1754,5WYE,35.94,0.493800,1.00,-366.790,133.435,0.851091,0.150030
1755,5X34,93.75,0.825400,1.00,-2299.143,174.303,0.091100,0.781370
1756,5X35,97.92,0.848700,1.00,-2299.143,174.303,0.065103,0.873160
1757,5X36,97.22,0.857400,1.00,-2299.143,174.303,0.070737,0.851840
1758,5X37,97.22,0.856700,1.00,-2299.143,174.303,0.066830,0.869420
1759,5X38,100.00,0.873400,1.00,-2299.143,174.303,0.056373,0.897900
1760,5X39,98.61,0.840100,1.00,-2349.525,183.551,0.071837,0.850580
1761,5X3C,97.22,0.832900,1.00,-2186.204,189.666,0.079189,0.834600
1762,5X3L,76.25,0.637100,1.00,-1069.961,92.334,0.251522,0.317300
1763,5XA6,74.34,0.591800,1.00,-2660.939,191.330,0.283923,0.562830
1764,5XBD,67.36,0.534900,1.00,-2143.042,178.731,0.309010,0.470540
1765,5XDI,66.25,0.583300,1.00,-2912.256,189.299,0.302406,0.474090
1766,5XDJ,94.05,0.761900,1.00,-1256.496,81.969,0.096998,0.487390
1767,5XEK,79.17,0.622700,1.00,-3408.617,207.911,0.269706,0.672960
1768,5XIV,58.75,0.564100,1.00,-917.973,102.689,0.575728,0.194560
1769,5XM4,42.65,0.552200,1.00,-504.429,81.900,1.085270,0.168530
1770,5XNG,95.59,0.731800,1.00,-1447.368,51.773,0.084900,0.432170
1771,5XO3,67.86,0.604800,1.00,-872.555,110.260,0.406518,0.246170
1772,5XO4,67.86,0.605100,1.00,-866.566,97.009,0.311729,0.181290
1773,5XO5,73.81,0.587100,1.00,-758.789,96.722,0.250535,0.195360
1774,5XRX,55.88,0.521400,1.00,-1447.368,51.773,0.589753,0.247000
1775,5Y0H,85.71,0.702700,1.00,-1142.303,75.212,0.222140,0.376410
1776,5Y0I,88.10,0.736500,1.00,-1190.747,104.468,0.175348,0.481240
1777,5Y0J,94.05,0.752200,1.00,-1172.001,111.866,0.104108,0.389390
1778,5Y22,40.91,0.424700,1.00,-886.604,235.564,0.647914,0.164380
1779,5Y3U,44.32,0.415900,1.00,-886.604,235.564,0.610356,0.166110
1780,5YKK,59.72,0.533100,1.00,-1169.665,33.006,0.453958,0.295870
1781,5YKL,60.53,0.537200,1.00,-1156.454,56.907,0.449055,0.275230
1782,5YKQ,61.84,0.520800,1.00,-1196.424,55.529,0.425795,0.241670
1783,5YZ6,90.31,0.726900,1.00,-4301.306,235.414,0.126552,0.810100
1784,5YZK,91.33,0.767000,1.00,-4394.557,173.263,0.106064,0.834220
1785,5Z1Y,42.86,0.501200,1.00,-823.310,165.433,0.851810,0.246200
1786,5Z26,56.94,0.530500,1.00,-903.081,46.032,0.552034,0.252320
1787,5Z2O,88.89,0.706500,1.00,-1091.510,32.478,0.178496,0.524040
1788,5Z31,51.39,0.529300,1.00,-594.038,110.169,0.817343,0.250410
1789,5Z32,30.56,0.456300,1.00,-550.803,86.842,0.926775,0.168070
1790,5Z5W,75.00,0.577200,1.00,-798.106,19.625,0.258626,0.372780
1791,5Z5X,68.06,0.525200,1.00,-1327.876,54.534,0.412285,0.406750
1792,5ZCN,32.14,0.375800,1.00,-1071.026,70.117,0.738913,0.198340
1793,5ZNF,95.83,0.774700,1.00,-1934.846,122.399,0.108819,0.777820
1794,5ZV6,80.83,0.702600,1.00,-1771.482,215.713,0.194026,0.499230
1795,5ZYX,62.50,0.545500,1.00,-1446.727,42.862,0.520118,0.285640
1796,6A5J,80.77,0.644600,1.00,-630.901,23.065,0.221641,0.400520
1797,6A8Y,31.73,0.436600,1.00,-908.316,213.435,0.888984,0.176150
1798,6AAB,66.67,0.633400,1.00,-866.566,97.009,0.737703,0.265550
1799,6AFQ,79.76,0.648800,1.00,-872.555,110.260,0.298261,0.297380
1800,6AHZ,58.57,0.589000,1.00,-1978.314,155.171,0.511454,0.431200
1801,6AK0,44.05,0.503200,1.00,-1053.252,118.347,0.574171,0.110530
1802,6AX2,82.61,0.639400,1.00,-3082.381,272.712,0.179964,0.712610
1803,6B3U,75.62,0.726400,1.00,-3528.468,103.227,0.327645,0.635300
1804,6B5W,31.58,0.487200,1.00,-844.906,100.702,0.996487,0.191580
1805,6B9K,57.50,0.611200,1.00,-293.500,39.501,0.366522,0.295000
1806,6B9W,77.21,0.655800,1.00,-2905.091,143.028,0.360227,0.598020
1807,6BAM,82.35,0.619300,1.00,-2761.750,107.378,0.277412,0.682930
1808,6BB6,80.88,0.673200,1.00,-2802.993,127.183,0.284044,0.651760
1809,6BEQ,42.50,0.508800,1.00,-289.794,34.449,0.619627,0.296860
1810,6BET,66.67,0.594600,1.00,-377.995,77.251,0.311389,0.380560
1811,6BEU,57.14,0.551600,1.00,-678.933,76.484,0.503723,0.244760
1812,6BI5,82.26,0.660500,1.00,-2464.166,104.691,0.316282,0.623480
1813,6BJF,80.77,0.643100,1.00,-770.169,47.726,0.250287,0.486230
1814,6BUC,91.67,0.786200,1.00,-2403.211,189.634,0.128925,0.790020
1815,6BVU,42.86,0.449900,1.00,-500.837,96.557,0.619606,0.314700
1816,6BVW,42.86,0.439900,1.00,-500.837,96.557,0.675211,0.168110
1817,6BVX,64.29,0.545500,1.00,-559.372,70.311,0.569996,0.327950
1818,6BX9,55.00,0.468700,1.00,-784.295,73.457,0.418414,0.223170
1819,6CEG,94.17,0.731000,1.00,-1636.778,233.083,0.117180,0.786790
1820,6CEI,76.56,0.618900,1.00,-1871.146,211.976,0.326593,0.644130
1821,6CEJ,67.86,0.556300,1.00,-410.309,88.502,0.391750,0.169900
1822,6CFA,80.26,0.709600,1.00,-1207.108,34.776,0.177338,0.320060
1823,6CFB,65.32,0.520400,1.00,-1653.126,247.274,0.456794,0.429230
1825,6CGX,43.18,0.445800,1.00,-799.885,155.786,0.719505,0.135610
1829,6CJ8,77.94,0.611400,1.00,-1243.337,42.940,0.229641,0.324670
1830,6CKD,92.36,0.745800,1.00,-2651.208,156.346,0.097478,0.769330
1831,6CKF,91.67,0.751100,1.00,-2651.208,156.346,0.136198,0.764070
1832,6CMH,38.10,0.419400,1.00,-942.685,205.260,0.752860,0.207550
1833,6COO,86.76,0.665400,1.00,-1262.889,31.511,0.124710,0.328880
1834,6COP,83.82,0.597200,1.00,-1203.594,47.826,0.165051,0.319630
1835,6COQ,82.35,0.681400,1.00,-1246.878,36.949,0.170363,0.377020
1836,6COR,86.76,0.651100,1.00,-1215.483,35.900,0.212630,0.453530
1837,6COS,67.65,0.566200,1.00,-1243.337,42.940,0.354635,0.274540
1838,6COT,67.65,0.621700,1.00,-1266.126,33.161,0.338328,0.326290
1839,6COU,83.82,0.672600,1.00,-1290.120,29.428,0.292252,0.478700
1840,6COV,72.06,0.611200,1.00,-1266.126,33.161,0.379454,0.410920
1841,6COW,77.94,0.612800,1.00,-1243.337,42.940,0.243880,0.361440
1842,6CSK,88.16,0.732500,1.00,-1040.129,30.442,0.120654,0.420670
1843,6CSZ,85.53,0.697500,1.00,-998.184,42.159,0.226963,0.497990
1844,6CT1,72.37,0.634200,1.00,-1373.359,52.171,0.356946,0.358400
1845,6CT4,81.58,0.648200,1.00,-1165.063,40.442,0.258102,0.488610
1846,6D3T,98.33,0.764400,1.00,-2038.997,142.475,0.072139,0.820060
1847,6D8H,92.97,0.758900,1.00,-2121.308,122.545,0.130648,0.796120
1848,6D8Q,95.16,0.791600,1.00,-1989.541,153.594,0.136020,0.820630
1849,6D8R,89.52,0.734300,1.00,-2160.667,106.955,0.152999,0.698650
1850,6D8S,92.74,0.726700,1.00,-1999.701,152.218,0.113830,0.720940
1851,6D8T,93.55,0.753300,1.00,-2111.815,145.393,0.109783,0.733580
1852,6D8U,95.97,0.730900,1.00,-2081.021,110.702,0.095221,0.790920
1853,6D8Y,91.13,0.712400,1.00,-1967.421,110.949,0.142664,0.706930
1854,6D93,95.16,0.762300,1.00,-2027.884,161.244,0.101932,0.782840
1855,6D9O,91.13,0.697900,1.00,-2236.378,98.229,0.158751,0.678440
1856,6D9P,91.13,0.785000,1.00,-2228.619,90.581,0.125521,0.696600
1857,6DHR,98.28,0.782400,1.00,-1958.125,252.992,0.067788,0.771940
1858,6DMZ,86.70,0.712100,1.00,-3233.884,199.356,0.130466,0.782510
1859,6DST,65.38,0.682300,1.00,-1892.224,68.097,0.314812,0.538670
1860,6DZ9,46.43,0.543100,1.00,-338.113,62.080,0.924520,0.276900
1861,6DZA,43.75,0.491800,1.00,-554.944,88.265,1.148090,0.176510
1862,6DZB,43.75,0.539600,1.00,-459.123,87.445,0.739746,0.234090
1863,6DZC,40.62,0.585500,1.00,-446.483,77.793,0.954010,0.150410
1864,6DZE,40.62,0.540800,1.00,-458.565,77.594,1.004857,0.182260
1865,6E1L,79.17,0.599800,1.00,-1385.925,98.871,0.278430,0.443050
1867,6EFE,75.00,0.650000,1.00,-2193.501,89.474,0.205471,0.409840
1868,6ENA,95.16,0.810200,1.00,-1914.760,162.375,0.115604,0.810430
1869,6F46,47.86,0.531800,1.00,-2683.360,64.489,0.837210,0.381180
1870,6F61,92.74,0.786600,1.00,-1947.436,188.835,0.116175,0.712340
1871,6FGM,91.67,0.713400,1.00,-635.741,27.908,0.097634,0.471760
1872,6FS4,69.35,0.627600,1.00,-2101.420,93.310,0.419100,0.547330
1873,6FS5,57.05,0.666100,1.00,-2792.788,120.476,0.607169,0.480710
1874,6G4I,86.46,0.737800,1.00,-1682.384,82.010,0.172394,0.427060
1875,6G4K,68.75,0.700100,1.00,-1682.384,82.010,0.338786,0.392340
1876,6G4U,68.75,0.689300,1.00,-1682.384,82.010,0.423932,0.414770
1877,6G4V,61.46,0.647100,1.00,-1666.454,78.297,0.386942,0.353420
1878,6G4X,60.42,0.651200,1.00,-1666.454,78.297,0.487621,0.386460
1880,6GIF,80.00,0.698800,1.00,-2140.391,68.925,0.255432,0.549460
1881,6GIG,34.17,0.300300,1.00,-1768.302,214.984,1.059227,0.204480
1882,6GIJ,80.00,0.618500,1.00,-823.423,35.737,0.298887,0.335820
1883,6GIK,65.38,0.562700,1.00,-675.854,36.542,0.350697,0.329450
1884,6GIL,46.15,0.524200,1.00,-651.198,29.542,0.479335,0.177940
1885,6GNZ,75.00,0.695100,1.00,-1734.237,74.995,0.359716,0.516310
1886,6GO0,82.69,0.672100,1.00,-1458.667,35.588,0.293632,0.512660
1887,6GS5,82.69,0.672000,1.00,-1107.944,29.998,0.212953,0.483180
1888,6GS9,89.06,0.746400,1.00,-887.912,36.007,0.097506,0.360140
1889,6HH0,68.00,0.674900,1.00,-1764.605,38.057,0.332775,0.285000
1890,6HN9,48.48,0.480700,1.00,-1699.062,183.339,0.629582,0.379650
1891,6HT4,71.25,0.656000,1.00,-913.531,96.410,0.343719,0.205670
1892,6HZ2,66.67,0.683500,1.00,-1704.463,59.436,0.313543,0.446640
1893,6IHA,83.33,0.797300,1.00,-1709.200,106.066,0.208836,0.535940
1894,6ITH,72.56,0.716100,1.00,-3474.455,89.077,0.468521,0.713940
1895,6J12,41.96,0.458800,1.00,-2162.743,71.339,0.775555,0.312960
1896,6J9P,91.67,0.681700,1.00,-795.650,25.110,0.113075,0.502910
1897,6JI7,75.69,0.607500,1.00,-2747.870,262.068,0.248031,0.539550
1898,6JIC,90.97,0.703800,1.00,-2537.219,202.288,0.123678,0.718320
1899,6K4V,48.12,0.371200,1.00,-2196.398,237.859,1.445052,0.370010
1900,6K4W,47.22,0.502200,1.00,-2575.528,205.938,0.718351,0.357220
1901,6K50,86.88,0.710400,1.00,-3034.058,159.980,0.177472,0.728140
1902,6K51,78.75,0.658800,1.00,-3044.427,154.291,0.276598,0.681410
1903,6KLM,77.21,0.599000,1.00,-2416.051,165.305,0.269223,0.534850
1904,6KRA,87.88,0.727400,1.00,-2201.720,175.056,0.159105,0.661510
1905,6L8R,37.88,0.527900,1.00,-835.160,251.089,0.805590,0.206600
1906,6LF5,93.38,0.768900,1.00,-2550.829,144.325,0.099526,0.774120
1907,6M0Y,58.33,0.498100,1.00,-306.134,85.536,0.338849,0.305350
1908,6M19,33.33,0.503800,1.00,-629.606,60.794,0.965735,0.123710
1909,6M56,33.33,0.233200,1.00,-2027.937,152.198,1.362157,0.207380
1910,6M5C,75.00,0.649600,1.00,-2528.325,227.027,0.252597,0.562850
1911,6MBM,89.06,0.711300,1.00,-1079.890,36.148,0.135696,0.423250
1912,6MF8,44.57,0.569900,1.00,-3397.654,113.316,1.351571,0.392320
1913,6MJV,79.69,0.621700,1.00,-1774.334,134.146,0.227203,0.560860
1914,6MK4,95.83,0.756000,1.00,-1955.412,175.924,0.084140,0.815150
1915,6MK5,83.82,0.668800,1.00,-2527.492,204.540,0.224828,0.638780
1916,6MM4,84.85,0.717200,1.00,-2118.746,185.450,0.172009,0.656180
1917,6MW6,43.42,0.470700,1.00,-568.036,79.336,1.131405,0.186650
1918,6MZT,86.49,0.673600,1.00,-2392.654,160.632,0.184194,0.680110
1919,6NK9,82.81,0.706400,1.00,-1803.692,120.720,0.355229,0.660680
1920,6NOM,56.91,0.502100,1.00,-3316.122,273.754,0.566038,0.469730
1921,6NOX,42.86,0.374800,1.00,-689.740,126.052,0.570274,0.228630
1922,6NUG,81.25,0.700500,1.00,-1599.133,93.476,0.191500,0.436190
1923,6NW8,62.04,0.512800,1.00,-1607.796,170.607,0.598176,0.423990
1924,6O3Q,85.20,0.703300,1.00,-4025.242,166.448,0.282440,0.756610
1925,6O3S,63.83,0.591800,1.00,-3770.946,111.650,0.442287,0.522870
1931,6OBK,65.70,0.541600,1.00,-4377.539,186.659,0.302318,0.588420
1932,6OBW,66.18,0.517500,1.00,-1190.182,44.565,0.466568,0.264660
1933,6OC2,48.53,0.464900,1.00,-1314.347,46.127,0.440329,0.218520
1934,6OC4,63.24,0.559000,1.00,-1347.869,29.334,0.408150,0.366660
1935,6OFA,87.12,0.755500,1.00,-2662.888,142.053,0.186281,0.689420
1936,6OLD,64.71,0.510800,1.00,-1347.869,29.334,0.470741,0.290110
1937,6OQP,73.08,0.548100,1.00,-667.702,83.765,0.241694,0.294330
1938,6OTA,64.06,0.511200,1.00,-850.387,50.867,0.324412,0.173550
1939,6OTB,55.26,0.464100,1.00,-1001.878,87.800,0.407190,0.250190
1940,6OVJ,75.00,0.554300,1.00,-635.835,68.299,0.263498,0.322850
1941,6PIN,95.83,0.738900,1.00,-915.593,75.208,0.104427,0.489840
1942,6PIO,97.22,0.738000,1.00,-996.736,151.293,0.087040,0.433810
1943,6PIP,93.06,0.796200,1.00,-1052.090,84.618,0.099131,0.523610
1945,6POR,42.86,0.466700,1.00,-1412.083,165.857,0.624713,0.188780
1946,6PPC,57.58,0.491600,1.00,-1593.678,275.549,0.643918,0.403240
1947,6PX7,80.15,0.701700,1.00,-2083.297,133.452,0.262273,0.583490
1948,6PX8,78.38,0.665000,1.00,-2766.716,171.470,0.271615,0.596280
1949,6Q1X,28.79,0.525900,1.00,-989.110,246.299,0.985838,0.188820
1950,6Q5Z,68.10,0.500000,1.00,-1666.709,146.280,0.521276,0.433410
1951,6QAX,67.31,0.625900,1.00,-151.247,66.912,0.358868,0.319890
1952,6QB0,46.15,0.630700,1.00,-221.895,49.224,0.529751,0.193110
1953,6QB1,67.31,0.612600,1.00,-171.148,47.941,0.332142,0.227050
1954,6QES,88.75,0.729600,1.00,-3251.833,178.877,0.167667,0.746350
1955,6QET,72.02,0.535000,1.00,-3054.746,224.606,0.303350,0.562000
1956,6QJB,85.62,0.719700,1.00,-2503.599,195.136,0.170177,0.723150
1957,6QKF,80.56,0.650000,1.00,-1045.957,65.447,0.241444,0.334590
1958,6R2X,66.00,0.602800,1.00,-1690.884,102.009,0.478790,0.462680
1959,6R95,65.62,0.648200,1.00,-1644.060,52.191,0.382481,0.366100
1960,6R96,52.08,0.617200,1.00,-1644.060,52.191,0.542683,0.320260
1961,6RRL,85.42,0.650300,1.00,-765.821,44.653,0.259922,0.572060
1962,6RRO,38.64,0.399000,1.00,-371.225,34.198,0.502784,0.233500
1963,6RSF,52.00,0.477400,1.00,-1260.112,92.099,0.372213,0.217800
1964,6RSG,41.00,0.473500,1.00,-1399.238,26.334,0.659567,0.203470
1965,6RSM,59.09,0.521500,1.00,-291.374,43.327,0.394277,0.146000
1966,6RY9,46.15,0.538700,1.00,-1030.875,121.529,0.616764,0.251510
1967,6RYQ,33.75,0.513700,1.00,-378.115,130.168,0.818482,0.164360
1968,6RZ1,47.92,0.513300,1.00,-1466.338,74.730,0.461366,0.177230
1969,6RZC,40.00,0.495300,1.00,-873.734,134.757,0.722045,0.261370
1970,6S2D,47.92,0.525700,1.00,-925.531,120.571,0.617718,0.208110
1971,6SAA,90.18,0.730300,1.00,-1552.023,203.009,0.193010,0.646650
1972,6SAB,66.18,0.520300,1.00,-2124.451,157.807,0.517712,0.449920
1973,6SFT,22.92,0.371600,1.00,-1468.082,288.807,1.317352,0.170420
1974,6SVC,87.14,0.752400,1.00,-2202.794,161.290,0.171529,0.666480
1975,6SVE,88.57,0.710700,1.00,-2202.794,161.290,0.140262,0.714390
1976,6SVH,92.14,0.746600,1.00,-2202.794,161.290,0.115572,0.755310
1977,6SY2,71.43,0.623800,1.00,-3981.261,177.895,0.357634,0.638620
1978,6SZF,29.17,0.392500,1.00,-1834.685,240.396,1.181375,0.254760
1979,6T33,25.57,0.355400,1.00,-1981.898,315.800,1.057082,0.230740
1980,6TVJ,47.50,0.461600,1.00,-292.120,66.603,0.543493,0.289860
1981,6TWG,88.46,0.672000,1.00,-890.973,27.987,0.194510,0.669090
1982,6U24,51.79,0.579000,1.00,-414.073,71.659,0.791891,0.256240
1983,6U6G,48.61,0.379400,1.00,-2418.879,215.858,0.900770,0.299860
1984,6U7Q,44.64,0.508000,1.00,-358.652,91.230,0.847427,0.242650
1985,6U7R,94.64,0.738300,1.00,-733.789,66.167,0.117137,0.415770
1986,6U7S,89.29,0.746000,1.00,-656.227,68.890,0.163057,0.445830
1987,6U7U,50.00,0.612700,1.00,-362.190,70.141,0.807721,0.222170
1988,6U7W,50.00,0.585300,1.00,-485.358,71.065,1.006590,0.251520
1989,6U7X,51.79,0.625700,1.00,-404.288,57.751,1.007179,0.196920
1990,6UCH,67.68,0.618800,1.00,-2287.868,171.357,0.643350,0.572470
1991,6V1N,57.35,0.515100,1.00,-1297.466,38.719,0.430054,0.258210
1992,6V6T,80.71,0.672000,1.00,-2463.464,209.414,0.278224,0.611840
1993,6VE9,50.00,0.461200,1.00,-1131.216,170.650,0.626715,0.247440
1994,6VGT,32.89,0.354000,1.00,-1366.488,193.495,1.051541,0.261100
1995,6VH8,77.78,0.639800,1.00,-3106.512,205.343,0.213626,0.579100
1996,6VLA,91.18,0.732600,1.00,-1207.798,44.816,0.140959,0.427290
1997,6VLJ,52.63,0.435500,1.00,-725.962,143.016,0.588243,0.169700
1998,6VNZ,88.71,0.719200,1.00,-2075.918,140.708,0.144854,0.630480
1999,6VPN,94.68,0.785400,1.00,-3382.284,202.990,0.084681,0.879650
2000,6VXG,25.00,0.404900,1.00,-1406.687,205.668,1.239075,0.179670
2001,6VY8,48.21,0.604900,1.00,-414.073,71.659,0.749455,0.253620
2002,6WQJ,71.43,0.616800,1.00,-2954.440,116.253,0.310685,0.429650
2003,6WQL,78.57,0.619500,1.00,-3604.888,176.461,0.289481,0.685660
2004,6X7I,80.36,0.692600,1.00,-2287.792,33.425,0.438167,0.613330
2005,6XCR,56.67,0.631200,1.00,-3458.159,98.928,0.742028,0.476960
2006,6XCU,63.89,0.604100,1.00,-3394.247,128.124,0.481209,0.550820
2007,6XN9,70.83,0.521600,1.00,-3328.833,358.923,0.481160,0.663660
2008,6XTH,38.89,0.468400,1.00,-870.488,75.156,0.778212,0.150640
2009,6XTI,30.88,0.394000,1.00,-820.664,43.257,0.803876,0.138210
2010,6XYH,86.88,0.661700,1.00,-2634.770,286.711,0.217875,0.733730
2011,6XYI,80.36,0.654000,1.00,-2561.719,215.185,0.244313,0.663620
2012,6Y1Q,51.79,0.416400,1.00,-843.570,65.136,0.358740,0.268620
2013,6YHF,66.67,0.672300,1.00,-1997.580,45.291,0.302266,0.436060
2014,6YHI,64.17,0.712300,1.00,-2205.479,67.698,0.404201,0.459780
2015,6YHO,66.67,0.720000,1.00,-2116.283,41.472,0.333480,0.546800
2016,6YHP,69.17,0.728100,1.00,-1909.610,58.621,0.364600,0.463390
2017,6YHX,81.67,0.726100,1.00,-1824.695,35.059,0.248416,0.572450
2018,6YJL,44.70,0.585300,1.00,-1611.874,157.959,0.701128,0.231930
2019,6YSE,90.76,0.786800,1.00,-4215.409,138.792,0.112318,0.816930
2020,6Z0G,52.04,0.654100,1.00,-3056.639,198.141,0.548943,0.426380
2021,6Z0H,67.86,0.689400,1.00,-2997.623,193.765,0.372615,0.631470
2022,6Z0I,57.65,0.627200,1.00,-3056.639,198.141,0.663352,0.451320
2023,7ALD,91.25,0.704900,1.00,-1136.346,90.157,0.112210,0.424710
2024,7ASY,65.91,0.603500,1.00,-2702.350,80.167,0.348900,0.371110
2025,7AT7,73.48,0.686100,1.00,-2560.638,101.959,0.378358,0.603160
2026,7ATB,64.39,0.682000,1.00,-2949.463,85.564,0.410520,0.526700
2027,7AY8,84.62,0.725700,1.00,-2285.927,166.976,0.239281,0.709610
2028,7B2F,50.00,0.494700,1.00,-2292.600,75.307,0.836021,0.340010
2029,7BW5,38.24,0.466100,1.00,-554.136,90.073,0.891358,0.117590
2030,7BWI,87.50,0.700600,1.00,-3644.921,226.351,0.267507,0.762220
2031,7BX2,87.50,0.626800,1.00,-741.289,33.022,0.125507,0.397240
2032,7BZ7,35.00,0.523600,1.00,-690.005,50.356,1.008057,0.148710
2033,7BZ8,35.00,0.461200,1.00,-743.934,55.765,1.003961,0.133380
2034,7BZ9,36.67,0.509800,1.00,-597.214,70.948,0.966035,0.185810
2035,7BZA,38.33,0.510800,1.00,-659.188,102.003,0.980795,0.163190
2036,7CCN,82.35,0.676200,1.00,-696.320,72.521,0.202828,0.308910
2037,7CCO,85.29,0.691100,1.00,-696.320,72.521,0.178148,0.365820
2038,7CK5,75.00,0.655900,1.00,-1965.026,60.958,0.350959,0.517340
2039,7CKD,33.97,0.313100,1.00,-2824.711,198.418,0.883211,0.299670
2040,7CKE,60.90,0.539100,1.00,-2824.711,198.418,0.453804,0.440160
2041,7CSS,61.54,0.574200,1.00,-594.675,84.548,0.505225,0.277890
2042,7CU6,33.33,0.556400,1.00,-710.249,80.040,1.113708,0.183370
2043,7D13,68.59,0.685100,1.00,-2507.626,121.003,0.421628,0.600990
2044,7D16,44.87,0.550000,1.00,-2507.626,121.003,0.960621,0.388030
2045,7D37,63.46,0.562600,1.00,-594.675,84.548,0.297061,0.179590
2046,7DEH,76.61,0.703900,1.00,-2088.700,57.119,0.238151,0.527870
2047,7EDK,61.84,0.538100,1.00,-1088.109,140.716,0.395027,0.205610
2048,7EES,35.00,0.533300,1.00,-594.144,128.308,1.258067,0.154640
2049,7ELY,44.23,0.439100,1.00,-1874.260,147.050,0.583230,0.197580
2050,7F32,69.44,0.669300,1.00,-1060.536,96.808,0.270758,0.200330
2051,7JIA,80.21,0.681500,1.00,-1311.841,99.978,0.212740,0.394850
2052,7JIY,92.71,0.752300,1.00,-1537.464,114.204,0.106568,0.572080
2053,7JNN,88.59,0.682900,1.00,-3754.856,224.903,0.158385,0.801230
2054,7JPM,75.60,0.654400,1.00,-2417.635,219.623,0.378462,0.617960
2055,7JS6,36.67,0.512300,1.00,-451.576,74.089,0.888058,0.135650
2056,7K1M,95.83,0.723200,1.00,-691.393,48.342,0.082385,0.534500
2057,7K7X,85.34,0.707400,1.00,-2019.301,165.986,0.157571,0.573630
2058,7KNN,71.88,0.611000,1.00,-841.921,66.367,0.343855,0.286580
2059,7KPD,94.83,0.779800,1.00,-2174.252,178.729,0.095418,0.730180
2060,7L53,42.86,0.374300,1.00,-1541.220,278.914,0.579884,0.231350
2061,7L54,43.75,0.376300,1.00,-1541.220,278.914,0.570632,0.239530
2062,7L55,33.93,0.330600,1.00,-1541.220,278.914,0.787290,0.194200
2063,7L7A,55.36,0.538400,1.00,-676.914,73.853,0.468083,0.275900
2064,7L83,52.03,0.692200,1.00,-2861.081,83.603,1.179234,0.447340
2065,7LCW,38.33,0.532600,1.00,-471.138,89.062,0.933872,0.161580
2066,7LGL,47.34,0.420100,1.00,-2967.737,315.768,0.917351,0.389370
2067,7LGV,55.73,0.552600,1.00,-3321.603,230.018,0.752311,0.484250
2068,7LHC,92.24,0.797200,1.00,-1859.066,179.361,0.096615,0.685900
2069,7LI2,43.18,0.542500,1.00,-807.510,125.401,1.144482,0.151580
2070,7LIF,47.73,0.535100,1.00,-807.510,125.401,1.010091,0.157240
2071,7LP4,67.55,0.545500,1.00,-2882.406,247.055,0.559744,0.551810
2072,7LQR,84.52,0.719900,1.00,-1338.631,100.889,0.296819,0.485020
2073,7LQS,76.67,0.592800,1.00,-899.372,73.347,0.326474,0.345530
2074,7LRW,65.48,0.531100,1.00,-1528.851,91.881,0.427467,0.374540
2075,7LSO,100.00,0.806300,1.00,-1269.752,24.735,0.039975,0.646800
2076,7LSP,93.06,0.770000,1.00,-1269.752,24.735,0.085833,0.486240
2077,7LT7,33.57,0.332300,1.00,-1740.554,194.405,1.430219,0.228400
2078,7LVE,69.15,0.594800,1.00,-3819.616,139.024,0.359051,0.515110
2079,7LVG,51.67,0.515800,1.00,-3644.056,122.412,0.674821,0.437260
2080,7LX4,68.29,0.576900,1.00,-2985.835,254.582,0.606608,0.531640
2081,7LZL,93.24,0.761100,1.00,-2461.919,183.488,0.105204,0.789930
2082,7M1D,46.35,0.419700,1.00,-2973.068,252.734,0.912761,0.382980
2083,7M1E,65.18,0.598300,1.00,-1687.608,57.012,0.356974,0.425730
2084,7M3U,36.11,0.370900,1.00,-1498.988,191.629,0.949334,0.195760
2085,7MJ3,73.30,0.628800,1.00,-3621.477,188.899,0.329624,0.608330
2086,7MY8,37.50,0.471100,1.00,-3062.954,203.264,0.895942,0.311830
2087,7N0T,89.06,0.685600,1.00,-934.807,84.104,0.121726,0.381040
2088,7N21,82.35,0.695700,1.00,-880.948,49.633,0.233366,0.477240
2089,7N23,86.76,0.750500,1.00,-880.948,49.633,0.188416,0.432520
2090,7N25,93.75,0.742100,1.00,-934.807,84.104,0.103063,0.373390
2091,7NIP,68.29,0.592000,1.00,-3930.373,125.293,0.264479,0.474230
2092,7NS1,85.48,0.792600,1.00,-2814.266,61.897,0.219455,0.664830
2093,7OB2,45.00,0.490600,1.00,-344.604,45.214,0.343358,0.236620
2094,7OD2,87.50,0.665100,1.00,-2446.746,192.206,0.135958,0.667230
2095,7OFM,71.67,0.671900,1.00,-1948.357,92.171,0.390882,0.523890
2096,7OFO,80.83,0.716700,1.00,-1948.357,92.171,0.270790,0.620450
2097,7OSC,68.75,0.659500,1.00,-1355.634,138.108,0.290948,0.291560
2099,7P3M,98.08,0.709700,1.00,-678.591,34.583,0.071604,0.632200
2100,7P4X,85.48,0.712300,1.00,-2048.891,56.809,0.245768,0.649610
2101,7P55,85.23,0.674600,1.00,-1751.559,59.070,0.156454,0.315820
2102,7P5G,39.00,0.421000,1.00,-1058.952,214.108,0.775277,0.299820
2103,7P5Q,36.00,0.533900,1.00,-1010.088,206.310,0.988585,0.122960
2104,7P5S,42.00,0.526500,1.00,-926.588,228.753,0.904499,0.158300
2105,7PH8,83.06,0.786400,1.00,-2699.911,56.190,0.168443,0.636240
2106,7PHT,82.50,0.790800,1.00,-2685.646,63.284,0.174732,0.617560
2107,7PL4,71.77,0.746300,1.00,-2112.712,78.111,0.342103,0.521700
2108,7PVB,98.37,0.799600,1.00,-3389.420,180.808,0.071461,0.916390
2109,7PVM,61.29,0.536900,1.00,-1419.049,169.098,0.530848,0.417150
2110,7QAL,50.00,0.713600,1.00,-1988.790,94.232,0.860986,0.377580
2111,7QAM,50.00,0.582600,1.00,-1728.184,104.509,0.641474,0.390070
2112,7QAO,43.57,0.502200,1.00,-1898.212,213.342,0.935291,0.321240
2113,7QAP,46.43,0.686100,1.00,-1982.084,108.447,0.694265,0.383560
2114,7QLF,51.47,0.437900,1.00,-711.322,80.591,0.380605,0.225440
2115,7QXJ,90.18,0.697500,1.00,-1939.068,64.871,0.168541,0.698950
2116,7RC7,92.19,0.756500,1.00,-2037.316,174.983,0.146679,0.746790
2117,7RC8,90.62,0.769800,1.00,-2037.316,174.983,0.185206,0.725870
2118,7RFA,79.31,0.637100,1.00,-1771.359,190.847,0.309850,0.498220
2119,7RN3,93.33,0.775600,1.00,-2139.367,208.869,0.103018,0.722930
2120,7S55,99.19,0.843400,1.00,-2197.454,157.145,0.055423,0.868240
2121,7S7P,92.26,0.784100,1.00,-3030.304,143.234,0.141117,0.808820
2122,7SAG,70.16,0.577600,1.00,-1769.163,157.109,0.506428,0.491660
2123,7SKC,84.56,0.650700,1.00,-2559.826,205.046,0.143812,0.628180
2124,7T6G,57.50,0.495200,1.00,-920.545,61.713,0.372036,0.317310
2125,7T7W,86.36,0.651800,1.00,-692.864,27.723,0.157310,0.421880
2126,7TB9,31.25,0.446300,1.00,-325.252,96.901,0.636960,0.133270
2127,7TH8,57.58,0.485800,1.00,-2060.555,154.642,0.634530,0.357850
2128,7UNX,74.31,0.561200,1.00,-2771.573,249.723,0.830469,0.566980
2129,7UV3,67.71,0.561200,1.00,-3578.814,135.354,0.537033,0.576520
2130,7V5E,54.17,0.457500,1.00,-1168.787,107.136,0.459780,0.227930
2131,7V5F,63.71,0.541700,1.00,-2624.692,141.388,0.480835,0.418980
2132,7VOZ,83.62,0.772400,1.00,-1973.568,37.671,0.192925,0.537560
2133,7VQH,30.56,0.476800,1.00,-550.803,86.842,0.846438,0.168170
2134,7VQI,29.17,0.462200,1.00,-550.803,86.842,0.829824,0.137550
2135,7W8K,40.00,0.450000,1.00,-1091.242,165.851,0.670099,0.175830
2136,7W8O,49.04,0.451100,1.00,-1631.490,229.831,0.722277,0.236670
2137,7W8R,43.27,0.372200,1.00,-1631.490,229.831,0.903729,0.217750
2138,7W8T,37.50,0.416100,1.00,-1439.673,141.145,0.820403,0.236150
2139,7W8Z,59.87,0.560800,1.00,-2420.439,280.539,0.498314,0.393210
2140,7W96,82.41,0.763500,1.00,-1053.433,109.841,0.156426,0.466460
2141,7WE3,28.23,0.433300,1.00,-1570.514,168.587,0.791212,0.210760
2142,7WEI,37.10,0.478000,1.00,-1570.514,168.587,0.704742,0.183830
2143,7Y7L,73.89,0.608300,1.00,-3050.655,249.378,0.241428,0.591250
2144,7YAB,65.34,0.536500,1.00,-2914.472,201.565,0.313730,0.527540
2145,7YFS,60.94,0.511700,1.00,-673.099,84.992,0.515019,0.281370
2146,7YHF,95.14,0.853300,1.00,-2397.387,189.072,0.091052,0.816630
2147,7YHG,96.53,0.858600,1.00,-2397.387,189.072,0.074744,0.857650
2148,7YHH,95.83,0.870700,1.00,-2397.387,189.072,0.074530,0.852330
2149,7YHI,93.06,0.838800,1.00,-2299.143,174.303,0.088167,0.791050
2150,7YRV,46.43,0.521700,1.00,-2311.355,119.594,0.650262,0.227650
2151,7YRW,46.77,0.472700,1.00,-1623.868,183.699,0.513635,0.259180
2152,7YRX,66.94,0.556100,1.00,-1865.439,234.101,0.264175,0.328530
2153,7YSS,71.43,0.569700,1.00,-986.481,20.743,0.436025,0.462990
2154,7YYI,75.00,0.675800,1.00,-2296.350,49.055,0.247281,0.511260
2155,7Z07,80.17,0.713200,1.00,-2230.397,56.971,0.216605,0.678830
2156,7Z08,71.55,0.712700,1.00,-2507.157,45.401,0.253530,0.539420
2157,7Z0B,90.52,0.805200,1.00,-2610.414,41.478,0.107273,0.616030
2159,7ZNF,86.67,0.735100,1.00,-1808.209,137.452,0.204378,0.619800
2160,7ZRF,52.78,0.425000,1.00,-884.958,77.445,0.644948,0.225710
2161,7ZRO,30.00,0.507000,1.00,-1277.586,335.640,1.197273,0.176920
2162,7ZRU,87.50,0.715400,1.00,-1860.072,88.404,0.194404,0.699420
2163,7ZWJ,45.59,0.538900,1.00,-351.470,106.775,1.046072,0.162610
2164,7ZZV,27.08,0.387500,1.00,-2480.896,138.114,0.872008,0.262720
2165,8A6I,32.74,0.401600,1.00,-2206.374,112.570,1.121440,0.261080
2166,8AHK,81.10,0.727000,1.00,-3147.345,258.378,0.191102,0.668650
2167,8B1L,85.42,0.709200,1.00,-1447.703,71.735,0.262466,0.517130
2168,8B1X,65.00,0.609400,1.00,-1417.003,41.168,0.660155,0.534180
2169,8B4R,77.50,0.668700,1.00,-1136.346,90.157,0.229863,0.282810
2170,8B6X,75.00,0.617000,1.00,-1996.186,51.487,0.272494,0.448540
2171,8B6Y,81.00,0.704300,1.00,-1996.186,51.487,0.166039,0.428630
2172,8B9Q,23.75,0.391700,1.00,-1313.872,330.044,1.306786,0.205730
2173,8B9R,26.25,0.429100,1.00,-1313.872,330.044,1.083487,0.197070
2174,8BOO,28.26,0.465100,1.00,-645.836,124.570,1.177258,0.154710
2175,8BVC,94.05,0.779400,1.00,-2918.890,223.958,0.129023,0.867540
2176,8BVZ,48.68,0.502800,1.00,-597.365,112.371,0.739524,0.205790
2177,8BWW,61.11,0.530400,1.00,-1380.449,38.894,0.425561,0.264250
2178,8CIQ,84.29,0.693900,1.00,-2323.130,174.956,0.249851,0.693060
2183,8CJT,78.57,0.661900,1.00,-2188.488,183.448,0.234870,0.573280
2184,8CM3,90.22,0.690400,1.00,-1511.409,100.994,0.205242,0.456070
2185,8DFZ,64.53,0.511100,1.00,-3564.700,176.110,0.438905,0.500960
2186,8DYM,36.21,0.408000,1.00,-956.480,191.897,1.078265,0.214950
2187,8DYN,42.71,0.451700,1.00,-1123.259,162.438,0.698340,0.164810
2188,8EB1,66.67,0.527400,1.00,-1584.592,79.012,0.495967,0.384860
2189,8EF4,42.50,0.563300,1.00,-312.564,114.963,0.753773,0.217270
2190,8F04,32.89,0.485800,1.00,-540.986,95.258,1.018872,0.192360
2191,8FD4,83.82,0.644300,1.00,-2264.886,185.157,0.214349,0.619760
2192,8FEY,88.19,0.726400,1.00,-2348.856,218.404,0.212227,0.708680
2193,8G21,91.41,0.719200,1.00,-2242.686,102.882,0.250437,0.801820
2194,8GUC,41.67,0.466400,1.00,-2166.822,246.938,0.733065,0.279410
2195,8GVN,89.29,0.623500,1.00,-986.481,20.743,0.202684,0.444960
2196,8H0G,69.35,0.692600,1.00,-2246.154,78.904,0.311396,0.520880
2197,8H0U,79.03,0.698600,1.00,-2246.154,78.904,0.241782,0.556680
2198,8HJC,85.61,0.717200,1.00,-2614.869,147.872,0.197243,0.688700
2199,8HJD,88.64,0.720900,1.00,-2614.869,147.872,0.180985,0.695500
2200,8HR3,71.15,0.539500,1.00,-580.505,92.471,0.365247,0.293490
2201,8HR4,76.92,0.605400,1.00,-598.147,68.088,0.388695,0.358350
2202,8HVS,42.50,0.442200,1.00,-190.648,62.152,0.450816,0.304290
2203,8HZW,56.25,0.568900,1.00,-993.232,38.352,0.652574,0.255600
2204,8IKQ,82.14,0.550700,1.00,-640.724,47.848,0.280833,0.345760
2205,8IL1,76.79,0.556500,1.00,-640.724,47.848,0.321620,0.346860
2206,8IL2,76.67,0.609200,1.00,-647.757,54.150,0.273242,0.327490
2207,8IL6,88.33,0.632500,1.00,-647.757,54.150,0.215733,0.479770
2208,8JB4,26.04,0.366100,1.00,-1427.752,139.008,0.931581,0.160820
2209,8K3M,41.18,0.497900,1.00,-545.742,98.966,0.695458,0.219600
2210,8K3N,42.65,0.492800,1.00,-545.742,98.966,0.600521,0.219100
2211,8OR5,62.50,0.685500,1.00,-1868.319,46.040,0.310530,0.446930
2212,8ORY,80.83,0.741400,1.00,-2149.287,70.151,0.157508,0.608530
2213,8ORZ,70.83,0.676000,1.00,-1551.555,47.918,0.353493,0.458970
2214,8OS0,78.33,0.780900,1.00,-1917.566,50.862,0.217280,0.503260
2216,8PWT,36.03,0.515100,1.00,-2733.104,44.577,1.280547,0.278420
2221,8QNT,30.61,0.602500,1.00,-3745.254,158.952,1.785961,0.256720
2222,8QTQ,69.85,0.628700,1.00,-2267.006,216.487,0.352197,0.465690
2223,8R89,58.33,0.503100,1.00,-1123.811,84.955,0.454531,0.242660
2224,8RHS,50.00,0.452800,1.00,-3346.104,172.922,0.541245,0.415180
2225,8RPQ,68.06,0.744200,1.00,-2842.469,42.046,0.286234,0.520470
2226,8RQ6,70.97,0.692200,1.00,-2453.409,42.394,0.351560,0.513140
2227,8S9Y,33.33,0.415500,1.00,-1901.515,191.128,0.955904,0.258910
2228,8SED,77.03,0.637300,1.00,-2480.978,214.583,0.234401,0.580700
2229,8SEM,82.69,0.710300,1.00,-1960.368,174.351,0.384243,0.708220
2230,8SVB,35.00,0.455600,1.00,-1363.269,179.541,0.923131,0.195030
2231,8T01,90.38,0.746700,1.00,-784.373,17.473,0.108794,0.461290
2232,8T61,90.62,0.628300,1.00,-872.098,82.862,0.186935,0.436990
2233,8T62,84.38,0.700700,1.00,-650.063,61.769,0.173890,0.336520
2234,8T63,57.81,0.399700,1.00,-625.384,120.854,0.403592,0.212870
2235,8TFV,80.95,0.680600,1.00,-866.566,97.009,0.172637,0.311480
2236,8TV4,44.23,0.431600,1.00,-1107.944,29.998,0.571945,0.198620
2237,8TXS,45.31,0.552600,1.00,-539.006,69.958,1.291377,0.221250
2238,8TYI,81.90,0.682400,1.00,-1829.231,210.975,0.272115,0.567080
2239,8UKC,43.33,0.379800,1.00,-538.587,62.159,0.733624,0.154170
2240,8ULM,78.03,0.627100,1.00,-2060.555,154.642,0.255750,0.498000
2241,8UM1,56.55,0.619900,1.00,-3189.082,110.130,0.497195,0.494030
2242,8UM2,59.52,0.600900,1.00,-3189.082,110.130,0.958791,0.443960
2243,8UNG,81.71,0.684800,1.00,-2703.173,165.281,0.199647,0.664990
2244,8UWF,85.90,0.743100,1.00,-2386.548,212.334,0.224813,0.752680
2245,8UXR,53.26,0.447500,1.00,-1133.737,299.617,0.399365,0.220680
2246,8V2M,74.11,0.594900,1.00,-1914.310,166.005,0.409231,0.502590
2247,8V2V,28.66,0.446300,1.00,-2354.787,336.950,0.898388,0.235520
2248,8VU6,88.04,0.728700,1.00,-3122.686,255.282,0.268347,0.800490
2249,8VU7,92.78,0.750200,1.00,-3276.299,251.196,0.143041,0.821540
2250,8VU8,83.14,0.695000,1.00,-2689.808,262.471,0.148620,0.712390
2251,8VYC,44.32,0.486800,1.00,-854.085,196.119,0.804934,0.135550
2252,8W0Q,65.00,0.640800,1.00,-1245.056,72.850,0.368076,0.263330
2253,8W16,78.33,0.601400,1.00,-946.536,67.596,0.242787,0.288530
2254,8W17,86.67,0.589800,1.00,-971.111,69.156,0.203917,0.350440
2255,8W2V,33.33,0.448100,1.00,-1391.337,263.952,1.162554,0.221220
2256,8WGI,53.00,0.469700,1.00,-1274.113,166.713,0.476614,0.211180
2257,8WGJ,60.42,0.554000,1.00,-1449.545,107.886,0.433153,0.291200
2258,8WW0,69.53,0.660400,1.00,-2045.441,134.235,0.405079,0.441000
2259,8WW1,53.33,0.534000,1.00,-2343.796,160.169,0.669535,0.301040
2260,8X3N,68.75,0.538400,1.00,-666.482,89.744,0.348279,0.234720
2261,8X40,79.69,0.587800,1.00,-666.482,89.744,0.270872,0.317890
2262,8XTH,71.67,0.575600,1.00,-765.958,54.041,0.334585,0.220450
2263,8XTN,33.33,0.415100,1.00,-1059.229,250.491,0.981831,0.194160
2264,8XTO,46.43,0.580500,1.00,-588.982,90.709,0.598249,0.184330
2265,8Y3S,54.55,0.597100,1.00,-260.006,46.593,0.470734,0.294460
2266,8YD6,27.50,0.374700,1.00,-1831.035,237.790,0.849832,0.192850
2267,8ZG2,61.36,0.498700,1.00,-170.223,49.411,0.486475,0.344750
2268,8ZG3,47.73,0.562400,1.00,-195.969,28.340,0.689731,0.367440
2269,8ZG4,47.73,0.517100,1.00,-408.848,34.387,0.504377,0.287550
2270,8ZP3,31.06,0.355800,1.00,-1130.573,229.577,1.081399,0.191760
2271,8ZUG,39.13,0.572200,1.00,-345.132,176.245,0.629084,0.130420
2272,9AZI,94.44,0.785700,1.00,-1747.588,90.094,0.154046,0.737230
2273,9BET,59.52,0.664900,1.00,-2913.974,39.241,0.539048,0.524100
2274,9BF4,70.16,0.606100,1.00,-2414.810,98.239,0.321519,0.425780
2275,9BHN,56.82,0.530800,1.00,-543.202,60.729,0.480349,0.340050
2276,9BV0,82.41,0.647900,1.00,-2227.113,187.670,0.220689,0.448500
2277,9BV4,75.00,0.628200,1.00,-3106.512,205.343,0.194117,0.525880
2278,9BVS,38.46,0.438600,1.00,-1081.955,24.869,0.516661,0.195210
2279,9BVU,50.00,0.442700,1.00,-1374.197,22.300,0.652085,0.217110
2280,9BVV,46.15,0.462400,1.00,-1116.405,26.467,0.462923,0.153840
2281,9CRB,97.32,0.802200,1.00,-1724.146,131.985,0.071770,0.777800
2282,9F1E,68.75,0.537600,1.00,-1780.230,88.917,0.614892,0.470600
2283,9F1F,71.15,0.651100,1.00,-2432.374,103.774,0.480381,0.541430
2284,9F1G,73.47,0.659900,1.00,-3363.896,102.014,0.303822,0.655440
2285,9FJN,91.67,0.780700,1.00,-1158.440,31.055,0.095927,0.458590
2286,9FJW,48.57,0.611400,1.00,-1903.187,191.723,0.854448,0.390610
2287,9G0M,93.00,0.762400,1.00,-1576.748,78.120,0.127934,0.595090
2288,9G0N,85.00,0.742300,1.00,-1576.748,78.120,0.183948,0.530200
2289,9G20,96.00,0.778800,1.00,-1576.748,78.120,0.153037,0.685290
2290,9G21,69.00,0.582100,1.00,-1576.748,78.120,0.299740,0.330880
2291,9G22,89.00,0.740300,1.00,-1500.934,101.762,0.156796,0.552580
2292,9G2N,91.00,0.749300,1.00,-1500.934,101.762,0.163831,0.604790
2293,9G2O,92.00,0.756500,1.00,-1500.934,101.762,0.130962,0.617260
2294,9G31,85.00,0.691900,1.00,-1500.934,101.762,0.173446,0.449060
2295,9G32,83.00,0.695000,1.00,-1500.934,101.762,0.174102,0.394610
2296,9G5P,91.00,0.730600,1.00,-1576.748,78.120,0.138958,0.547820
2297,9GDL,81.00,0.687600,1.00,-1636.226,74.701,0.239892,0.484150
2298,9GDN,95.00,0.803400,1.00,-1636.226,74.701,0.115912,0.666560
2299,9GDT,92.00,0.770600,1.00,-1636.226,74.701,0.153891,0.612980
2300,9GDU,90.00,0.752500,1.00,-1636.226,74.701,0.188805,0.590670
2301,9GE1,91.00,0.780500,1.00,-1636.226,74.701,0.186003,0.582010
2302,9GE9,81.00,0.666500,1.00,-1531.229,98.002,0.262326,0.439440
2303,9GEB,84.00,0.702300,1.00,-1531.229,98.002,0.155397,0.544940
2304,9GEC,80.00,0.688500,1.00,-1531.229,98.002,0.209764,0.486640
2305,9IKO,68.75,0.534300,1.00,-637.623,90.799,0.346852,0.260720
2306,9ILX,75.00,0.533400,1.00,-637.623,90.799,0.266452,0.304430
2307,9J5F,61.72,0.615800,1.00,-2379.044,160.217,0.363293,0.374400
2308,9J5H,71.43,0.676200,1.00,-2616.971,200.304,0.274341,0.548720
2309,9KAR,36.67,0.466600,1.00,-621.638,57.218,0.983037,0.242980
2310,9KK0,73.00,0.610700,1.00,-1207.912,148.532,0.288650,0.312610
2311,9L1M,43.75,0.517900,1.00,-126.020,60.033,0.640452,0.239950
2312,9NVH,77.86,0.654400,1.00,-1726.407,191.796,0.303673,0.591980
2313,9NWZ,41.25,0.405200,1.00,-988.050,179.514,0.799378,0.143170
2314,9NY3,40.00,0.365300,1.00,-928.394,194.704,0.771932,0.142050
2315,9UV5,55.00,0.523500,1.00,-278.803,49.161,0.526442,0.282280
