serial,pdb_id,gdt_ts,lddt,lddt_coverage,pred_dope,pred_molpdf,rmsd,tm_score
1,1A11,92.00,0.788500,1.00,-1823.878,44.459,0.102222,0.583570
2,1A3P,69.44,0.627200,1.00,-2953.318,288.444,0.429991,0.581120
3,1ACW,79.31,0.656300,1.00,-1956.240,116.886,0.191668,0.440660
4,1ADX,54.38,0.514400,1.00,-2505.844,216.644,0.521410,0.343290
5,1AG7,51.47,0.477300,1.00,-1961.063,184.955,0.684865,0.329860
6,1AGG,68.75,0.595300,1.00,-2762.049,308.766,0.590797,0.570240
7,1AGT,97.37,0.784800,1.00,-2798.423,183.248,0.072124,0.870600
8,1AHL,73.98,0.673000,1.00,-3685.376,192.341,0.323469,0.642900
9,1ALE,91.67,0.733800,1.00,-1342.997,33.422,0.178861,0.511850
10,1ALF,86.84,0.737500,1.00,-1558.169,45.049,0.169627,0.495100
11,1ALG,68.75,0.661900,1.00,-1476.843,34.911,0.583980,0.528160
12,1AMB,31.25,0.416200,1.00,-942.793,186.594,0.816109,0.211940
13,1AMC,31.25,0.417000,1.00,-942.793,186.594,0.850732,0.189570
14,1AML,26.25,0.373000,1.00,-1441.205,320.450,1.440896,0.211950
15,1ANP,29.46,0.497500,1.00,-1046.885,206.282,1.282965,0.180330
16,1ANS,39.81,0.394200,1.00,-1536.146,255.590,0.796520,0.181180
17,1AOO,66.25,0.577700,1.00,-2804.399,233.257,0.421136,0.458040
18,1APF,70.41,0.644200,1.00,-3634.776,203.644,0.377452,0.613070
19,1APO,88.10,0.731400,1.00,-2319.768,212.581,0.186471,0.759370
20,1AQG,34.09,0.468800,1.00,-332.424,44.591,0.545386,0.270050
21,1AQQ,68.75,0.588000,1.00,-2804.399,233.257,0.409925,0.507360
22,1AQR,65.62,0.587200,1.00,-2804.399,233.257,0.351090,0.450200
23,1ARD,91.38,0.744100,1.00,-2200.600,113.758,0.256106,0.753690
24,1ARE,89.66,0.733000,1.00,-2215.562,98.835,0.246224,0.694180
25,1ARF,93.10,0.781900,1.00,-2332.589,106.670,0.138183,0.764910
26,1ATX,80.98,0.683700,1.00,-3318.375,198.840,0.183858,0.712490
27,1AV3,97.22,0.781100,1.00,-1502.597,154.018,0.070635,0.759750
28,1AW6,83.72,0.720200,1.00,-2702.060,176.293,0.217927,0.700920
29,1AXH,93.24,0.765900,1.00,-2268.059,168.942,0.168020,0.793430
30,1AZ6,77.08,0.607700,1.00,-2247.532,182.906,0.215666,0.576290
31,1AZH,52.08,0.486600,1.00,-2247.532,182.906,0.507912,0.349060
32,1AZJ,92.36,0.759800,1.00,-2374.711,177.340,0.099960,0.763370
33,1AZK,74.31,0.670400,1.00,-2317.183,161.309,0.220637,0.534100
34,1B03,66.67,0.475400,1.00,-760.012,96.518,0.335866,0.341550
35,1B1V,85.87,0.699000,1.00,-1102.578,105.105,0.225976,0.444320
36,1B4G,33.33,0.353200,1.00,-968.390,228.061,1.382679,0.182530
37,1B4I,26.67,0.368000,1.00,-968.390,228.061,0.971941,0.168320
38,1B5N,82.61,0.699800,1.00,-1102.578,105.105,0.224810,0.440330
39,1B8W,80.95,0.669500,1.00,-2698.489,254.566,0.440267,0.683920
40,1B9P,64.71,0.632400,1.00,-2394.572,79.382,0.430709,0.524850
41,1B9Q,58.82,0.627900,1.00,-2394.572,79.382,0.437859,0.457950
42,1B9U,80.88,0.796000,1.00,-3071.349,82.371,0.262179,0.613980
43,1BA4,21.88,0.348800,1.00,-1441.205,320.450,1.437294,0.259860
44,1BA6,27.50,0.386700,1.00,-1441.205,320.450,1.388638,0.247530
45,1BAH,87.84,0.660200,1.00,-2497.184,206.956,0.135956,0.726300
46,1BBA,79.86,0.675400,1.00,-2644.130,121.195,0.257082,0.636670
47,1BBG,62.50,0.502200,1.00,-2948.618,152.806,0.615943,0.437060
48,1BDS,81.40,0.682700,1.00,-3274.594,213.111,0.175473,0.694620
49,1BEI,57.86,0.529600,1.00,-2512.096,139.382,0.538004,0.388000
50,1BF9,85.98,0.736900,1.00,-2350.866,223.475,0.199948,0.736810
51,1BGK,86.49,0.717100,1.00,-2936.010,170.341,0.122792,0.700480
52,1BH4,80.00,0.633800,1.00,-2001.767,155.608,0.193940,0.516990
53,1BH7,47.73,0.468900,1.00,-2414.344,203.940,0.595514,0.237180
54,1BHI,79.61,0.705000,1.00,-2385.148,162.987,0.335993,0.660140
55,1BIG,90.54,0.749100,1.00,-3004.284,154.863,0.108257,0.750130
56,1BJB,34.82,0.465100,1.00,-1060.383,200.723,1.140799,0.238470
57,1BJC,33.93,0.492100,1.00,-1055.506,171.942,0.858747,0.219830
58,1BL1,53.23,0.609300,1.00,-2389.035,66.713,0.566527,0.374920
59,1BM4,56.25,0.528900,1.00,-2181.568,112.298,0.870867,0.411970
60,1BMX,62.10,0.469800,1.00,-2640.612,124.145,0.735928,0.456130
61,1BNB,84.21,0.681700,1.00,-2895.251,254.662,0.202431,0.693760
62,1BOE,80.85,0.652200,1.00,-3436.102,174.391,0.221436,0.702370
63,1BQF,71.00,0.629800,1.00,-1334.900,137.463,0.431034,0.384820
64,1BRV,67.19,0.604500,1.00,-1956.241,238.644,0.451485,0.475040
65,1BWX,50.64,0.604300,1.00,-2905.584,107.675,0.583776,0.500730
66,1BY0,78.70,0.646200,1.00,-1649.557,73.132,0.311266,0.491300
67,1BY6,47.92,0.460200,1.00,-2388.017,117.804,0.467948,0.302560
68,1BZG,61.03,0.581600,1.00,-2566.364,69.451,0.480433,0.384060
69,1C2U,39.29,0.431800,1.00,-2530.635,150.884,0.848570,0.214990
70,1C49,90.71,0.738900,1.00,-2397.779,159.220,0.106636,0.769900
71,1C4B,50.00,0.449900,1.00,-465.678,67.613,0.452647,0.238090
72,1C4E,82.86,0.694000,1.00,-1875.081,206.046,0.180564,0.633610
73,1C55,87.50,0.695800,1.00,-3177.649,194.909,0.160156,0.725040
74,1C56,88.12,0.679600,1.00,-3177.649,194.909,0.142982,0.733440
75,1C6W,40.15,0.428900,1.00,-1513.204,192.683,0.635093,0.242380
76,1CBH,99.31,0.881700,1.00,-2416.187,161.542,0.051748,0.918080
77,1CCF,83.93,0.706400,1.00,-2319.768,212.581,0.158853,0.678000
78,1CCM,93.48,0.791000,1.00,-3705.627,140.576,0.116406,0.847690
79,1CCN,95.65,0.818400,1.00,-3705.627,140.576,0.101636,0.873290
80,1CE4,57.86,0.523800,1.00,-1906.956,154.887,0.366990,0.354290
81,1CFG,72.73,0.586300,1.00,-1472.955,61.538,0.387622,0.303820
82,1CFH,28.72,0.271600,1.00,-3711.418,213.384,1.078007,0.263760
83,1CFI,62.23,0.489800,1.00,-3711.418,213.384,0.370711,0.505540
84,1CHL,85.42,0.653800,1.00,-2552.121,169.058,0.149270,0.667700
85,1CIX,78.98,0.650600,1.00,-3220.360,201.615,0.183683,0.655350
86,1CKW,70.00,0.697600,1.00,-1746.858,63.255,0.349684,0.507300
87,1CKX,81.73,0.717200,1.00,-1936.033,44.311,0.188665,0.546790
88,1CKY,51.92,0.488700,1.00,-1936.033,44.311,0.561376,0.259730
89,1CKZ,36.00,0.445600,1.00,-1746.858,63.255,0.719482,0.186370
90,1CMR,88.71,0.695800,1.00,-2386.426,122.012,0.144062,0.623300
91,1CO4,77.38,0.652000,1.00,-2758.070,277.941,0.207537,0.640740
92,1CQ0,71.43,0.678000,1.00,-1404.937,84.780,0.348923,0.468010
93,1CR8,78.57,0.662300,1.00,-2445.666,219.229,0.198317,0.659340
94,1CSA,40.91,0.310000,1.00,-613.432,7.259,0.477246,0.154390
95,1CTI,91.38,0.736300,1.00,-1914.100,160.177,0.103523,0.661730
96,1CW5,53.12,0.579600,1.00,-2727.209,257.793,0.677368,0.510600
97,1CW6,56.08,0.556800,1.00,-1722.772,221.195,0.606458,0.367970
98,1CWX,25.57,0.455900,1.00,-1484.064,268.633,1.164976,0.223920
99,1CXR,66.30,0.578300,1.00,-3700.266,158.385,0.289544,0.549260
100,1CYA,40.91,0.453100,1.00,-613.432,7.259,0.479953,0.155960
101,1CYB,47.73,0.414600,1.00,-613.432,7.259,0.433546,0.196850
102,1CZ6,84.00,0.713800,1.00,-1088.178,113.536,0.202415,0.474190
103,1D0R,70.00,0.669900,1.00,-2081.745,57.584,0.288650,0.507940
104,1D1H,91.43,0.653800,1.00,-2315.205,178.980,0.167381,0.759310
105,1D2J,78.75,0.659000,1.00,-2168.223,287.138,0.224408,0.631280
106,1D2L,78.89,0.666700,1.00,-2455.967,232.653,0.279557,0.647960
107,1D5Q,100.00,0.826900,1.00,-1908.447,99.615,0.044110,0.861140
108,1D6B,88.10,0.740300,1.00,-2897.260,229.062,0.199762,0.764660
109,1D6X,76.92,0.501500,1.00,-507.590,79.504,0.335942,0.398640
110,1DEC,74.36,0.634900,1.00,-2360.193,348.730,0.624469,0.642090
111,1DEP,81.67,0.620200,1.00,-936.540,53.074,0.246173,0.439670
112,1DF6,89.17,0.703100,1.00,-2210.040,152.143,0.119814,0.635650
113,1DFE,84.46,0.635600,1.00,-2332.401,184.860,0.362133,0.720420
114,1DFS,69.35,0.563200,1.00,-2272.327,184.720,0.253637,0.449150
115,1DFT,62.50,0.458800,1.00,-1893.243,180.004,0.324413,0.325510
116,1DGZ,83.11,0.637000,1.00,-2332.401,184.860,0.349691,0.660280
117,1DJF,86.67,0.742800,1.00,-796.338,35.442,0.258706,0.425330
118,1DKC,78.29,0.601900,1.00,-2220.254,161.375,0.214067,0.592910
119,1DL0,90.54,0.754000,1.00,-2311.694,136.897,0.123609,0.737210
120,1DMC,50.00,0.487200,1.00,-1918.234,137.701,0.602672,0.305460
121,1DMD,48.39,0.487100,1.00,-1918.234,137.701,0.586760,0.321030
122,1DME,56.25,0.506000,1.00,-1783.991,169.176,0.459527,0.278560
123,1DMF,56.25,0.516900,1.00,-1783.991,169.176,0.456292,0.255580
124,1DN3,86.67,0.734100,1.00,-796.338,35.442,0.229817,0.460890
125,1DNG,85.00,0.742400,1.00,-806.031,29.506,0.191324,0.559240
126,1DPK,40.00,0.451800,1.00,-395.294,175.379,0.549487,0.213350
127,1DPQ,41.25,0.471900,1.00,-275.918,172.769,0.585686,0.113760
128,1DSK,67.86,0.660600,1.00,-1973.996,122.248,0.372796,0.461960
129,1DSQ,92.86,0.722600,1.00,-924.021,101.940,0.168901,0.532830
130,1DSV,79.03,0.690800,1.00,-1433.828,163.248,0.187357,0.531670
131,1DTC,89.42,0.777100,1.00,-1813.261,45.148,0.216541,0.626310
132,1DU1,66.25,0.531700,1.00,-1202.297,43.039,0.483825,0.278840
133,1DU9,86.61,0.701800,1.00,-1564.214,167.829,0.149959,0.566980
134,1DV0,86.70,0.733800,1.00,-4899.423,130.286,0.257514,0.781360
135,1DVW,44.44,0.582700,1.00,-535.632,65.240,0.649703,0.183670
136,1DX7,61.46,0.638500,1.00,-3656.161,196.638,0.479246,0.533650
137,1E0G,83.85,0.684300,1.00,-4274.322,158.902,0.184214,0.737860
138,1E0L,88.51,0.761200,1.00,-2412.851,184.541,0.231713,0.739960
139,1E0M,83.11,0.741800,1.00,-2306.755,154.320,0.253510,0.669550
140,1E0N,91.67,0.713600,1.00,-1775.753,191.756,0.115535,0.641900
141,1E0Q,76.47,0.678500,1.00,-990.304,71.399,0.210666,0.268020
142,1E4Q,83.78,0.723300,1.00,-2724.963,191.564,0.212767,0.663390
143,1E4R,74.29,0.596000,1.00,-2320.101,144.680,0.304654,0.535580
144,1E4S,77.78,0.605900,1.00,-2632.822,133.307,0.238025,0.605420
145,1E4T,76.35,0.610800,1.00,-2638.560,147.888,0.368557,0.558880
146,1E8P,92.93,0.764300,1.00,-3521.885,184.854,0.111999,0.834530
147,1E8Q,89.67,0.761200,1.00,-3521.885,184.854,0.178809,0.816430
148,1E9K,42.11,0.597900,1.00,-2392.180,155.526,0.635314,0.342760
149,1ED0,92.93,0.825400,1.00,-3518.862,139.479,0.092822,0.856930
150,1ED7,90.00,0.714500,1.00,-4264.658,220.118,0.132041,0.802670
151,1EDP,80.88,0.644100,1.00,-1163.347,80.711,0.194109,0.345520
152,1EDS,50.00,0.477400,1.00,-2138.433,92.502,0.466587,0.339480
153,1EDV,26.47,0.442900,1.00,-1225.962,301.618,1.184839,0.223420
154,1EDW,38.46,0.483900,1.00,-1897.544,189.998,0.607022,0.195600
155,1EDX,23.12,0.357700,1.00,-2420.543,207.503,0.981058,0.228410
156,1EGT,91.18,0.724500,1.00,-760.939,63.465,0.148089,0.454880
157,1EHS,55.73,0.588500,1.00,-3493.042,179.493,0.507587,0.500140
158,1EI0,98.03,0.833400,1.00,-3210.659,145.867,0.064861,0.884550
159,1EMX,78.33,0.586900,1.00,-1886.659,165.733,0.281551,0.506650
160,1EMZ,84.52,0.695300,1.00,-1552.018,18.647,0.278125,0.386570
161,1EQX,58.33,0.530500,1.00,-514.283,95.116,0.457370,0.354330
162,1ERC,89.38,0.764600,1.00,-3458.655,130.360,0.096031,0.798050
163,1ERD,43.75,0.437800,1.00,-2712.322,185.453,0.597478,0.305680
164,1ERP,97.37,0.788400,1.00,-3090.215,213.732,0.081646,0.836180
165,1ERY,92.95,0.730200,1.00,-3331.833,172.546,0.137858,0.823890
166,1ESK,69.64,0.707400,1.00,-2185.384,176.048,0.323111,0.558960
167,1EWS,92.97,0.792900,1.00,-1976.771,163.694,0.150347,0.744090
168,1EYO,88.33,0.735900,1.00,-1912.891,180.452,0.187310,0.677180
169,1EZE,61.18,0.691100,1.00,-2736.847,108.519,0.422815,0.492050
170,1F3K,86.54,0.677000,1.00,-1777.138,163.105,0.146721,0.533260
171,1F4I,90.00,0.725300,1.00,-4521.966,159.506,0.195956,0.832290
172,1F7E,84.78,0.751600,1.00,-2640.836,232.937,0.159537,0.731540
173,1F7M,80.43,0.737600,1.00,-2640.836,232.937,0.261821,0.703670
174,1F8Z,89.10,0.747400,1.00,-2128.265,235.979,0.221467,0.767740
175,1FAC,67.86,0.575200,1.00,-1396.464,79.131,0.332193,0.232910
176,1FCT,57.81,0.488300,1.00,-1718.065,140.704,0.537005,0.393970
177,1FDF,54.00,0.579200,1.00,-1780.176,54.346,0.401006,0.289640
178,1FEO,90.38,0.686500,1.00,-1436.554,131.577,0.117313,0.571380
179,1FF7,77.17,0.702700,1.00,-2640.836,232.937,0.225004,0.651690
180,1FFM,84.78,0.762400,1.00,-2640.836,232.937,0.279419,0.751070
181,1FGD,80.56,0.654800,1.00,-914.382,64.695,0.218375,0.284050
182,1FGE,53.75,0.512500,1.00,-791.999,164.875,0.531429,0.194740
183,1FJN,90.38,0.753700,1.00,-2998.199,168.388,0.130017,0.772970
184,1FME,74.11,0.654300,1.00,-2206.453,124.272,0.239194,0.437750
185,1FMY,74.38,0.628700,1.00,-2804.399,233.257,0.294654,0.548480
186,1FQQ,75.61,0.620100,1.00,-3123.373,316.359,0.243964,0.610510
187,1FRE,39.29,0.381400,1.00,-3027.018,238.113,0.674063,0.290810
188,1FRY,43.10,0.503100,1.00,-1641.582,64.572,0.851907,0.218950
189,1FSB,88.75,0.749500,1.00,-2562.368,367.876,0.178193,0.752510
190,1FSD,75.89,0.643500,1.00,-2120.302,120.632,0.286341,0.449250
191,1FSV,74.11,0.657800,1.00,-2120.302,120.632,0.251876,0.451140
192,1FU3,91.67,0.683900,1.00,-1754.013,132.471,0.116447,0.638940
193,1FU9,84.72,0.674600,1.00,-2697.507,195.659,0.278881,0.715500
194,1FUL,50.00,0.444700,1.00,-419.428,51.211,0.472087,0.217470
195,1FUV,56.82,0.492300,1.00,-419.428,51.211,0.320095,0.326880
196,1FV5,77.08,0.633800,1.00,-2372.960,179.862,0.345338,0.602940
197,1FVY,47.58,0.603300,1.00,-2475.053,73.552,0.918483,0.340860
198,1FW5,42.50,0.445500,1.00,-682.053,92.102,0.556194,0.140570
199,1FWO,75.00,0.603600,1.00,-2303.075,184.092,0.273785,0.544180
200,1FYG,92.00,0.660300,1.00,-1306.465,131.098,0.108080,0.524130
201,1G04,32.69,0.337400,1.00,-1876.488,142.298,0.875295,0.181950
202,1G26,86.29,0.750300,1.00,-2227.770,168.216,0.152899,0.629040
203,1G92,57.00,0.696300,1.00,-1668.685,64.238,0.681381,0.349200
204,1G9P,62.22,0.609800,1.00,-2535.817,226.089,0.653359,0.524990
205,1GEA,80.95,0.669100,1.00,-1431.386,46.462,0.305513,0.338690
206,1GIB,63.64,0.505700,1.00,-1045.230,136.076,0.330200,0.202320
207,1GK5,70.92,0.567200,1.00,-3605.075,213.926,0.397852,0.591100
208,1GM2,81.82,0.669600,1.00,-327.290,64.099,0.146548,0.359410
209,1GNA,57.69,0.592300,1.00,-596.484,73.925,0.335804,0.293730
210,1GNB,57.69,0.536500,1.00,-596.484,73.925,0.410565,0.229100
211,1GNF,78.80,0.672000,1.00,-3296.359,217.020,0.293361,0.651790
212,1GP8,78.12,0.689600,1.00,-2862.445,79.499,0.313386,0.639570
213,1GPS,93.62,0.762700,1.00,-3050.401,196.588,0.120791,0.853470
214,1GPT,93.09,0.721900,1.00,-3159.084,197.607,0.114326,0.862740
215,1GUR,78.57,0.647300,1.00,-1875.081,206.046,0.178570,0.569230
216,1GW3,55.43,0.629500,1.00,-3343.470,143.727,0.411427,0.519230
217,1GW4,52.17,0.577900,1.00,-3343.470,143.727,0.695891,0.356520
218,1H20,80.13,0.653300,1.00,-2777.184,264.405,0.261492,0.632370
219,1H5O,75.60,0.616600,1.00,-2394.143,226.367,0.298838,0.610590
220,1H7D,37.24,0.476000,1.00,-2742.556,256.564,0.930892,0.341150
221,1H7J,44.23,0.440000,1.00,-1339.083,73.258,0.708102,0.209340
222,1HA9,84.56,0.758500,1.00,-1729.828,194.049,0.425228,0.720440
223,1HD6,97.30,0.809500,1.00,-2983.049,159.694,0.080074,0.864700
225,1HEV,95.35,0.779100,1.00,-3173.086,235.912,0.128216,0.876490
226,1HFF,72.50,0.623900,1.00,-374.512,38.903,0.270365,0.260080
227,1HJ0,40.85,0.559900,1.00,-2161.644,198.278,0.716884,0.325460
228,1HLL,71.88,0.694400,1.00,-2275.622,73.395,0.322200,0.569710
229,1HLY,96.15,0.758700,1.00,-2965.692,162.280,0.095037,0.833660
230,1HN3,25.00,0.311200,1.00,-2153.632,249.868,1.279569,0.241270
231,1HNR,64.36,0.557800,1.00,-3352.730,181.265,0.298434,0.500040
232,1HNS,61.17,0.491000,1.00,-3352.730,181.265,0.391504,0.459590
233,1HO0,57.50,0.513600,1.00,-1934.248,104.438,0.564716,0.350170
234,1HO2,86.25,0.705500,1.00,-1303.385,30.053,0.156137,0.355270
235,1HO7,78.75,0.663000,1.00,-1303.385,30.053,0.206505,0.329150
236,1HO9,70.31,0.629300,1.00,-2434.731,88.906,0.370448,0.433480
237,1HOD,68.75,0.645400,1.00,-2434.731,88.906,0.380461,0.399650
238,1HOF,65.62,0.614500,1.00,-2275.622,73.395,0.323151,0.398230
239,1HP2,93.92,0.766400,1.00,-2598.521,200.577,0.085970,0.811900
240,1HP3,84.38,0.702000,1.00,-1951.009,157.727,0.297760,0.662610
241,1HP9,82.95,0.614400,1.00,-1680.437,58.235,0.184990,0.340330
242,1HPH,47.30,0.570000,1.00,-3135.955,80.821,0.827066,0.395520
243,1HPY,58.82,0.625300,1.00,-2728.548,53.661,0.365178,0.354840
244,1HRL,75.00,0.650400,1.00,-1076.983,115.543,0.512187,0.391030
246,1HTX,93.75,0.764200,1.00,-2249.295,221.330,0.084727,0.752840
247,1HU5,77.78,0.667400,1.00,-967.468,32.327,0.202330,0.361360
248,1HU6,65.28,0.594000,1.00,-939.372,29.729,0.421182,0.289950
249,1HU7,84.72,0.618300,1.00,-774.409,50.653,0.249030,0.442050
250,1HVW,97.00,0.794500,1.00,-1506.954,93.468,0.070976,0.709260
251,1HVZ,83.33,0.651500,1.00,-983.282,78.939,0.197627,0.269310
252,1HY9,90.24,0.781900,1.00,-2726.226,211.702,0.148081,0.777410
253,1HYK,80.43,0.645800,1.00,-3475.621,265.250,0.209696,0.679530
254,1HZ3,26.92,0.446700,1.00,-975.776,223.784,0.970677,0.143800
255,1I25,48.65,0.463600,1.00,-1674.262,307.343,0.842629,0.387080
256,1I26,83.09,0.668000,1.00,-2150.902,210.108,0.248492,0.629770
257,1I2U,89.20,0.710800,1.00,-3311.691,167.040,0.159477,0.762650
258,1I2V,86.93,0.722400,1.00,-3218.580,186.320,0.149549,0.757300
259,1I6C,68.59,0.670700,1.00,-2185.267,229.888,0.463967,0.553070
260,1I8X,83.33,0.761100,1.00,-2062.420,186.709,0.167820,0.583400
261,1I8Y,83.04,0.642900,1.00,-1766.224,108.501,0.209060,0.507670
262,1IB9,78.68,0.681500,1.00,-1729.828,194.049,0.450602,0.607790
263,1IBN,72.50,0.700800,1.00,-1262.347,24.238,0.288504,0.372940
264,1IBO,75.00,0.651000,1.00,-1262.347,24.238,0.333404,0.314950
265,1IC9,80.17,0.674700,1.00,-2032.755,168.494,0.205093,0.550380
266,1ICA,70.62,0.598000,1.00,-2674.534,163.328,0.550695,0.581770
267,1ICL,71.55,0.575800,1.00,-2096.604,198.130,0.241064,0.490650
268,1ICO,84.48,0.670600,1.00,-2049.367,178.624,0.191213,0.612910
269,1ID6,41.67,0.439300,1.00,-960.196,29.470,0.559467,0.178760
270,1ID7,41.67,0.458900,1.00,-960.196,29.470,0.533770,0.179050
271,1IE6,34.09,0.430500,1.00,-1621.925,181.762,0.679715,0.243140
272,1IFY,83.67,0.752100,1.00,-4424.238,169.819,0.212548,0.772160
273,1IIJ,75.71,0.720300,1.00,-2628.407,63.598,0.273083,0.603500
274,1IM1,95.83,0.753000,1.00,-684.724,38.706,0.093129,0.473680
275,1IRR,78.26,0.663700,1.00,-999.049,123.336,0.312953,0.394880
276,1IVA,68.75,0.561100,1.00,-3219.630,164.426,0.582510,0.583700
277,1IWC,41.91,0.528000,1.00,-1182.243,130.610,0.819853,0.329380
278,1IWF,25.00,0.437300,1.00,-1182.243,130.610,1.046128,0.251870
279,1IXA,86.54,0.719000,1.00,-2293.344,165.940,0.170606,0.721960
280,1IXT,86.11,0.660200,1.00,-1761.820,134.137,0.168816,0.507510
281,1IXU,47.92,0.521900,1.00,-368.595,67.092,0.573556,0.239200
282,1IYC,47.92,0.482000,1.00,-1806.571,204.926,0.667888,0.361150
283,1IYT,20.83,0.340900,1.00,-1621.111,318.971,1.308510,0.187450
284,1J4M,89.29,0.726600,1.00,-722.515,98.415,0.170109,0.346270
285,1J5J,92.36,0.776500,1.00,-2701.094,173.946,0.102556,0.788550
286,1J5L,48.33,0.513600,1.00,-1862.902,222.282,0.617510,0.299030
287,1J5M,46.43,0.469000,1.00,-1681.173,165.502,0.753819,0.240060
288,1JBL,98.21,0.826700,1.00,-567.671,52.184,0.073492,0.616230
289,1JBN,94.64,0.822800,1.00,-567.671,52.184,0.083145,0.459220
290,1JDM,68.55,0.590500,1.00,-2939.565,85.290,0.431798,0.480370
291,1JI9,62.16,0.538800,1.00,-2457.921,192.546,0.360298,0.464010
292,1JJZ,87.93,0.715100,1.00,-1877.186,152.301,0.333026,0.665300
293,1JKZ,86.96,0.716400,1.00,-3709.133,216.523,0.132990,0.773140
294,1JLZ,88.04,0.727500,1.00,-1290.509,213.549,0.163281,0.428430
295,1JMN,83.70,0.706800,1.00,-3189.248,203.579,0.156381,0.736610
296,1JMP,79.35,0.681100,1.00,-3272.404,158.010,0.199539,0.704020
297,1JN7,76.39,0.678100,1.00,-2663.515,172.857,0.456096,0.635440
298,1JO5,44.27,0.631100,1.00,-3656.161,196.638,1.271313,0.451420
299,1JO6,42.22,0.518900,1.00,-2582.648,208.093,1.193594,0.362750
300,1JRF,53.19,0.477200,1.00,-2187.161,229.777,0.749452,0.448630
301,1JRJ,82.05,0.756200,1.00,-2383.879,149.930,0.205146,0.683090
302,1JU8,80.41,0.686000,1.00,-2865.340,184.039,0.204286,0.614790
303,1JY9,72.50,0.644100,1.00,-568.578,95.050,0.252453,0.196600
304,1K0P,33.06,0.389300,1.00,-1844.380,149.124,0.674979,0.235100
305,1K18,33.06,0.387300,1.00,-1844.380,149.124,0.661230,0.225820
306,1K1V,93.29,0.738100,1.00,-3436.987,124.640,0.095517,0.820780
307,1K36,79.89,0.641100,1.00,-3487.444,255.711,0.193746,0.679250
308,1K37,78.80,0.648400,1.00,-3487.444,255.711,0.184216,0.667400
309,1K43,92.86,0.698300,1.00,-722.515,98.415,0.145061,0.388720
310,1K48,86.21,0.713500,1.00,-1877.186,152.301,0.334264,0.643450
311,1K7B,80.85,0.731300,1.00,-2308.235,245.533,0.358854,0.705820
312,1K81,68.75,0.550000,1.00,-2472.159,163.788,0.316548,0.475260
313,1K91,79.73,0.762500,1.00,-1640.505,143.395,0.171193,0.574740
314,1KAL,87.93,0.737200,1.00,-1938.400,176.429,0.223045,0.610180
315,1KBE,70.92,0.570600,1.00,-3387.634,212.834,0.275661,0.588270
316,1KBF,71.43,0.576600,1.00,-3387.634,212.834,0.277775,0.600740
317,1KDL,71.74,0.668000,1.00,-1809.896,64.221,0.348323,0.352870
318,1KGM,92.14,0.725600,1.00,-1908.065,218.308,0.100343,0.743230
319,1KIO,80.71,0.684600,1.00,-1878.537,154.318,0.290773,0.614560
320,1KJ0,76.43,0.644900,1.00,-1818.146,172.590,0.292383,0.527150
321,1KJ5,81.25,0.673200,1.00,-2632.822,133.307,0.183338,0.636890
322,1KJ6,70.00,0.571800,1.00,-2845.304,193.584,0.620494,0.592260
323,1KLR,94.17,0.807600,1.00,-1911.246,137.949,0.141119,0.770650
324,1KLS,90.83,0.718600,1.00,-1845.812,130.123,0.174263,0.701990
325,1KMR,83.33,0.656900,1.00,-955.416,35.874,0.310506,0.453970
326,1KOZ,73.61,0.628300,1.00,-2497.245,242.004,0.251145,0.542360
327,1KQH,82.24,0.684300,1.00,-2780.070,267.166,0.198616,0.668080
328,1KQI,80.26,0.684500,1.00,-2780.070,267.166,0.227743,0.640600
329,1KUW,82.50,0.694600,1.00,-267.770,27.295,0.289035,0.638200
330,1KV4,75.00,0.750700,1.00,-2670.723,92.242,0.267666,0.621830
331,1KWD,81.25,0.518900,1.00,-1078.845,71.028,0.204500,0.303330
332,1KWE,73.44,0.540300,1.00,-1078.845,71.028,0.217932,0.223570
333,1KX6,43.10,0.416500,1.00,-2279.733,74.529,0.578258,0.227320
334,1KZ0,81.25,0.582500,1.00,-931.126,42.432,0.210714,0.326610
335,1KZ2,79.69,0.628200,1.00,-920.411,29.059,0.188848,0.356680
336,1KZ5,77.08,0.564000,1.00,-670.910,34.922,0.321506,0.412850
337,1L1K,33.75,0.309000,1.00,-1077.557,70.842,0.868348,0.199320
338,1L2Y,95.00,0.818200,1.00,-1125.386,87.783,0.089165,0.550920
339,1L3Q,47.92,0.567600,1.00,-331.317,57.030,0.740189,0.242110
340,1L3Y,80.49,0.630800,1.00,-2691.337,216.882,0.244677,0.663730
341,1L4V,83.12,0.700400,1.00,-2652.934,225.354,0.201711,0.717940
342,1LA4,91.18,0.733400,1.00,-2279.648,166.750,0.132298,0.746180
343,1LB0,75.00,0.619700,1.00,-757.202,19.172,0.244949,0.404050
344,1LB7,96.88,0.715100,1.00,-954.090,52.571,0.078307,0.510260
345,1LBJ,82.95,0.665800,1.00,-1506.775,95.969,0.406360,0.458510
346,1LCX,78.85,0.617800,1.00,-757.202,19.172,0.242113,0.364240
347,1LDL,69.79,0.608500,1.00,-2779.296,234.731,0.325675,0.584730
348,1LDR,68.02,0.561200,1.00,-2382.598,259.292,0.322914,0.553120
349,1LFC,43.00,0.359200,1.00,-1353.813,351.464,0.643908,0.200600
350,1LGL,93.75,0.773300,1.00,-2701.094,173.946,0.096039,0.815580
351,1LIQ,47.22,0.559100,1.00,-1540.383,112.097,0.844284,0.310030
352,1LIR,93.24,0.744400,1.00,-2809.566,182.465,0.091258,0.805270
353,1LMM,70.00,0.593900,1.00,-2302.690,347.585,0.470318,0.547550
354,1LMR,75.71,0.644900,1.00,-2075.466,124.818,0.289745,0.548540
355,1LUP,79.03,0.569900,1.00,-2084.398,212.267,0.218999,0.521800
356,1LV4,36.90,0.437100,1.00,-1126.266,90.527,0.717029,0.092330
357,1LVZ,97.73,0.722500,1.00,-546.505,33.266,0.062377,0.570880
358,1LYP,81.25,0.680500,1.00,-2185.956,73.066,0.171507,0.559710
359,1M02,56.25,0.566100,1.00,-445.367,76.007,0.471386,0.167140
360,1M0G,80.00,0.627400,1.00,-2241.405,169.570,0.245141,0.530030
361,1M0J,67.86,0.516000,1.00,-2016.337,122.180,0.379644,0.347380
362,1M23,96.15,0.671100,1.00,-699.654,36.015,0.089798,0.644000
363,1M25,56.73,0.495900,1.00,-1876.488,142.298,0.510090,0.313590
364,1M2S,90.54,0.695200,1.00,-2657.831,187.693,0.122680,0.755600
365,1M36,84.85,0.740600,1.00,-2322.312,149.185,0.233633,0.678210
366,1M4E,73.75,0.596300,1.00,-1227.438,83.693,0.255647,0.239220
367,1M4F,67.00,0.530800,1.00,-1558.565,207.524,0.370099,0.312960
368,1MA2,70.59,0.515800,1.00,-982.855,76.534,0.284754,0.228660
369,1MA4,38.24,0.393000,1.00,-1270.851,41.650,0.820837,0.215720
370,1MA5,55.88,0.466500,1.00,-982.855,76.534,0.570407,0.114480
371,1MA6,44.12,0.410600,1.00,-1270.851,41.650,0.562644,0.225050
372,1MB6,93.57,0.743800,1.00,-2383.447,192.431,0.091614,0.796430
373,1MEA,63.39,0.548400,1.00,-1452.536,120.505,0.394959,0.321670
374,1MED,66.07,0.534200,1.00,-1452.536,120.505,0.419566,0.321000
375,1MEQ,68.48,0.602600,1.00,-1196.034,107.051,0.338553,0.264350
376,1MF6,70.83,0.562800,1.00,-406.196,63.219,0.281552,0.328090
377,1MGX,45.74,0.369200,1.00,-3711.418,213.384,0.773325,0.342150
378,1MHU,79.03,0.641800,1.00,-2317.517,185.672,0.241402,0.521560
379,1MKC,50.00,0.568800,1.00,-2389.567,285.193,0.590206,0.384070
380,1MM0,93.06,0.827800,1.00,-3099.019,220.234,0.097263,0.804900
381,1MMC,86.67,0.697000,1.00,-1880.836,117.826,0.144185,0.587190
382,1MOT,67.86,0.610800,1.00,-977.034,236.989,0.448790,0.533760
383,1MPZ,37.80,0.442800,1.00,-2535.959,205.532,0.652116,0.244420
384,1MR0,91.91,0.730900,1.00,-2603.029,160.929,0.093108,0.768010
385,1MR4,91.49,0.764100,1.00,-3545.982,224.746,0.134987,0.807410
386,1MRB,78.23,0.682500,1.00,-2237.891,168.480,0.202189,0.523530
387,1MRT,70.16,0.577600,1.00,-2222.907,235.493,0.263603,0.393570
388,1MTQ,81.58,0.569300,1.00,-1241.252,57.228,0.350271,0.459700
389,1MTX,92.95,0.771100,1.00,-2850.612,269.764,0.116928,0.791140
390,1MXQ,90.91,0.684600,1.00,-598.668,23.843,0.183253,0.518510
391,1MYN,97.16,0.787700,1.00,-3340.372,210.156,0.077680,0.883740
392,1MYU,47.92,0.464100,1.00,-414.838,54.143,0.470724,0.269740
393,1MZI,51.92,0.500000,1.00,-757.202,19.172,0.369101,0.119730
394,1N0Z,72.78,0.654600,1.00,-2399.529,231.487,0.436304,0.592630
395,1N1U,94.83,0.800900,1.00,-1757.777,150.450,0.117692,0.747630
396,1N2Y,50.00,0.401200,1.00,-544.430,72.594,0.516432,0.207700
397,1N4N,95.74,0.793300,1.00,-3501.095,268.293,0.092171,0.884020
398,1N5G,30.26,0.316300,1.00,-2712.563,226.237,0.780460,0.274170
399,1N6T,52.50,0.476000,1.00,-254.581,51.179,0.354700,0.289520
400,1N8M,96.05,0.797400,1.00,-2677.631,219.895,0.105929,0.860680
401,1N9U,60.00,0.563300,1.00,-434.943,41.924,0.373681,0.248650
402,1NB1,99.14,0.850200,1.00,-1921.773,166.897,0.059028,0.833050
403,1NBJ,91.67,0.778500,1.00,-2048.049,266.512,0.238698,0.748560
404,1NBL,92.39,0.787800,1.00,-3587.608,173.266,0.109909,0.849620
405,1NC8,75.00,0.655600,1.00,-1301.348,129.744,0.498661,0.536350
406,1NCS,85.11,0.681300,1.00,-3822.699,315.016,0.197221,0.753350
407,1ND9,58.67,0.540000,1.00,-4092.368,155.365,0.340349,0.459750
408,1NE5,88.69,0.683600,1.00,-2953.309,200.175,0.161998,0.758700
409,1NIZ,76.56,0.593600,1.00,-755.936,78.733,0.283026,0.264570
410,1NJ0,81.25,0.625100,1.00,-755.936,78.733,0.213457,0.275090
411,1NJ3,86.29,0.749800,1.00,-2054.428,157.412,0.240726,0.655390
412,1NMJ,24.11,0.464300,1.00,-809.378,177.886,1.029740,0.182680
413,1NZS,32.89,0.522900,1.00,-396.279,119.517,0.964820,0.183880
414,1O53,85.00,0.666800,1.00,-845.666,24.054,0.224532,0.454170
415,1O8Y,92.86,0.686000,1.00,-567.671,52.184,0.117074,0.425750
416,1O8Z,94.64,0.724400,1.00,-567.671,52.184,0.111393,0.384640
417,1OAV,75.52,0.587800,1.00,-3219.630,164.426,0.495949,0.699540
418,1OAW,80.73,0.638200,1.00,-3219.630,164.426,0.280020,0.711100
419,1ODP,92.50,0.688400,1.00,-1557.667,45.704,0.115711,0.462060
420,1ODQ,81.25,0.733900,1.00,-1557.667,45.704,0.211876,0.386760
421,1ODR,83.75,0.650200,1.00,-1557.667,45.704,0.193258,0.405780
422,1OEF,88.54,0.710000,1.00,-1820.831,45.886,0.121714,0.469060
423,1OEG,79.35,0.701700,1.00,-1683.721,30.539,0.295166,0.396550
424,1OEI,30.21,0.420900,1.00,-468.491,183.144,0.839259,0.159150
425,1OG7,39.53,0.542800,1.00,-2050.491,197.297,0.887323,0.371720
426,1OHM,51.14,0.504200,1.00,-2606.404,124.927,0.546167,0.406610
427,1OHN,52.91,0.571700,1.00,-2050.491,197.297,0.568174,0.370080
428,1OIG,91.67,0.738800,1.00,-1339.500,112.481,0.123422,0.494910
429,1OMA,72.40,0.603300,1.00,-2762.049,308.766,0.432218,0.601800
430,1OMB,74.48,0.594800,1.00,-2762.049,308.766,0.388265,0.635780
431,1OMQ,82.81,0.721700,1.00,-931.126,42.432,0.142792,0.522250
432,1OPP,62.50,0.631800,1.00,-2793.884,86.253,0.457354,0.492110
433,1ORL,96.20,0.808700,1.00,-3435.756,141.855,0.076571,0.901800
434,1ORX,96.88,0.806200,1.00,-1561.843,117.405,0.071923,0.624530
435,1OZZ,90.91,0.807700,1.00,-3258.084,189.943,0.147152,0.822240
436,1P00,92.61,0.805500,1.00,-3313.440,184.741,0.140952,0.857960
437,1P0A,90.91,0.764700,1.00,-3346.874,210.836,0.154428,0.816650
438,1P7A,77.03,0.692800,1.00,-2356.133,171.587,0.404480,0.612520
439,1P82,79.00,0.693100,1.00,-1448.741,71.161,0.294718,0.482750
440,1P83,55.00,0.582200,1.00,-1448.741,71.161,0.707116,0.340670
441,1P8B,90.54,0.764100,1.00,-2739.984,247.761,0.154996,0.746100
442,1P9C,51.11,0.550700,1.00,-2446.433,189.579,0.650565,0.380850
443,1P9F,82.50,0.636500,1.00,-621.130,14.605,0.329906,0.425810
444,1P9Z,82.32,0.668000,1.00,-3130.024,339.356,0.275292,0.718930
445,1PAA,91.67,0.723200,1.00,-2171.789,130.887,0.173537,0.724080
446,1PB5,95.00,0.821800,1.00,-1856.977,162.927,0.087268,0.820450
447,1PDC,80.56,0.689500,1.00,-3895.405,302.705,0.253098,0.684580
448,1PGY,72.87,0.626400,1.00,-5015.799,125.336,0.338973,0.611740
449,1PJV,92.19,0.733900,1.00,-2475.699,151.422,0.103947,0.732470
450,1PLP,63.00,0.690600,1.00,-1363.948,96.016,0.571556,0.352660
451,1PMC,84.72,0.706000,1.00,-2038.841,161.724,0.252433,0.667360
452,1PNH,93.55,0.736400,1.00,-2090.444,144.211,0.097899,0.736420
453,1PP5,53.57,0.520200,1.00,-935.046,136.206,0.564059,0.148660
454,1PSM,62.50,0.608700,1.00,-2819.608,51.651,0.500111,0.506120
455,1PSV,70.54,0.657600,1.00,-2228.978,127.527,0.300516,0.449650
456,1PT4,96.55,0.823400,1.00,-1996.817,156.203,0.072713,0.771980
457,1PV0,89.67,0.716700,1.00,-4625.816,167.347,0.243396,0.810630
458,1PVZ,84.68,0.704200,1.00,-2102.476,158.541,0.256795,0.634930
459,1PX9,82.74,0.645100,1.00,-2953.309,200.175,0.163412,0.705600
460,1PXQ,40.00,0.406300,1.00,-2281.323,96.486,0.598723,0.264610
461,1Q01,29.61,0.422200,1.00,-1170.771,160.501,1.042567,0.213200
462,1Q2F,47.66,0.624400,1.00,-2251.499,91.892,0.639880,0.295230
463,1Q2I,46.09,0.490000,1.00,-2251.499,91.892,0.734572,0.243770
464,1Q2J,77.27,0.623400,1.00,-1385.518,93.565,0.204035,0.262600
465,1Q2K,92.74,0.779500,1.00,-2086.477,103.291,0.099515,0.753420
466,1Q3J,75.69,0.600400,1.00,-2150.203,206.625,0.295393,0.580690
467,1Q3M,55.61,0.542600,1.00,-3730.536,281.090,0.976040,0.490670
468,1Q3Y,50.00,0.476900,1.00,-2089.142,260.331,0.854746,0.411840
469,1Q3Z,47.62,0.477700,1.00,-2089.142,260.331,0.735946,0.390280
470,1Q71,61.90,0.536900,1.00,-935.046,136.206,0.595227,0.260970
471,1QCM,93.18,0.800500,1.00,-418.602,30.041,0.156915,0.502460
472,1QDP,36.31,0.382400,1.00,-2947.704,278.939,0.752019,0.280950
473,1QFD,93.75,0.761100,1.00,-2249.295,221.330,0.089561,0.749580
474,1QG9,85.71,0.723800,1.00,-1581.842,62.061,0.256364,0.467440
475,1QGM,85.00,0.750600,1.00,-2062.420,186.709,0.161606,0.551300
476,1QHK,73.94,0.619200,1.00,-3969.462,228.202,0.247839,0.609140
477,1QJK,58.33,0.491600,1.00,-2669.664,183.114,0.694412,0.429410
478,1QJL,45.54,0.475200,1.00,-1848.448,208.607,0.726109,0.213100
479,1QK6,90.91,0.758100,1.00,-2217.750,153.173,0.102537,0.744460
480,1QK7,89.06,0.682500,1.00,-2269.686,215.329,0.209647,0.673970
481,1QKY,86.84,0.688200,1.00,-3020.648,195.141,0.158206,0.712250
482,1QLO,61.76,0.577200,1.00,-2411.498,87.278,0.372628,0.339430
483,1QWP,90.91,0.702400,1.00,-418.602,30.041,0.106863,0.447200
484,1QXC,52.27,0.469900,1.00,-418.602,30.041,0.423970,0.339160
485,1QYT,75.00,0.659600,1.00,-418.602,30.041,0.234578,0.235400
486,1R02,40.91,0.486900,1.00,-1843.003,264.861,0.794427,0.309890
487,1R1F,74.32,0.553600,1.00,-2629.990,182.083,0.379413,0.514910
488,1R7C,74.19,0.748200,1.00,-2694.938,89.995,0.331196,0.530740
489,1R7D,71.77,0.693700,1.00,-2694.938,89.995,0.327240,0.520130
490,1R7E,80.65,0.703100,1.00,-2694.938,89.995,0.228520,0.569010
491,1R7F,67.74,0.634300,1.00,-2694.938,89.995,0.320566,0.439740
492,1R7G,71.77,0.673500,1.00,-2694.938,89.995,0.323679,0.488890
493,1R8T,61.67,0.507800,1.00,-570.137,97.908,0.388123,0.224530
494,1R9I,54.55,0.443900,1.00,-1413.665,108.725,0.567139,0.259310
495,1RES,74.42,0.620800,1.00,-3988.680,133.732,0.502929,0.628690
496,1RET,70.35,0.587100,1.00,-3988.680,133.732,0.466775,0.549490
497,1RG3,71.88,0.648500,1.00,-1111.085,43.121,0.368634,0.355160
498,1RG4,76.56,0.660900,1.00,-1111.085,43.121,0.261591,0.383550
499,1RIJ,90.22,0.737500,1.00,-1306.660,66.732,0.122327,0.464230
500,1RIK,87.93,0.721800,1.00,-2192.995,109.694,0.156171,0.637070
501,1RIM,81.82,0.673500,1.00,-2233.604,128.926,0.203965,0.623430
502,1RJI,77.42,0.632000,1.00,-2246.985,118.613,0.288906,0.490950
503,1RKL,58.33,0.620700,1.00,-2898.612,63.796,0.682199,0.468730
504,1RMK,51.61,0.464300,1.00,-2662.377,190.461,0.592733,0.320370
505,1RO3,43.37,0.432800,1.00,-2676.938,298.654,0.582725,0.334460
506,1ROO,73.57,0.595000,1.00,-2769.357,156.775,0.246843,0.525810
507,1RPB,44.05,0.408200,1.00,-1265.700,71.637,0.624034,0.096410
508,1RPC,44.05,0.436300,1.00,-1265.700,71.637,0.602819,0.137320
509,1RSW,37.50,0.442300,1.00,-261.674,60.919,0.651166,0.172080
510,1RSX,52.08,0.500100,1.00,-261.674,60.919,0.687328,0.272850
511,1RT0,39.58,0.496200,1.00,-261.674,60.919,0.699933,0.244150
512,1S4H,46.15,0.541500,1.00,-155.721,75.429,0.514547,0.281520
513,1S4J,32.69,0.503400,1.00,-163.626,63.500,0.699523,0.271650
514,1S4T,45.24,0.546600,1.00,-1346.496,104.523,0.792154,0.224770
515,1S4W,35.00,0.439400,1.00,-395.294,175.379,0.589636,0.160630
516,1S6W,70.24,0.547400,1.00,-1443.993,112.925,0.274620,0.242660
517,1S6X,86.03,0.715900,1.00,-2408.881,180.073,0.181625,0.655130
518,1SBU,52.27,0.619600,1.00,-388.963,34.058,0.666748,0.380730
519,1SCO,82.89,0.676200,1.00,-2748.115,188.053,0.150439,0.663780
520,1SH1,79.69,0.690300,1.00,-2777.913,256.037,0.442239,0.691780
521,1SKH,73.33,0.632500,1.00,-2129.576,86.013,0.294896,0.518610
522,1SMZ,69.44,0.690900,1.00,-1698.412,54.987,0.392162,0.454800
523,1SOL,70.00,0.530400,1.00,-883.488,49.544,0.554565,0.326090
524,1SP1,85.34,0.664800,1.00,-1868.198,106.087,0.232166,0.651420
525,1SP2,92.74,0.707600,1.00,-2058.706,138.287,0.185811,0.754130
526,1SP7,88.54,0.689200,1.00,-1832.562,96.143,0.230396,0.613880
527,1SPF,83.57,0.791100,1.00,-2307.288,83.829,0.376618,0.742470
528,1SPW,90.38,0.742100,1.00,-3047.428,302.897,0.145002,0.764450
529,1SRB,64.29,0.458100,1.00,-1522.256,80.569,0.540678,0.234970
530,1SRK,77.14,0.708400,1.00,-2303.806,110.859,0.485403,0.615910
531,1SSL,68.75,0.595400,1.00,-3743.349,284.203,0.305528,0.577230
532,1SUT,37.50,0.456800,1.00,-1130.372,99.394,0.530444,0.086060
533,1SX0,97.73,0.765400,1.00,-1046.119,91.944,0.072206,0.591430
534,1SX1,95.45,0.749500,1.00,-1046.119,91.944,0.086913,0.495020
535,1T0C,24.19,0.501900,1.00,-950.234,169.696,1.175361,0.190820
536,1T2Y,43.00,0.502800,1.00,-1305.187,155.406,0.710907,0.161620
537,1T5M,59.62,0.568500,1.00,-370.791,80.805,0.367839,0.290450
538,1T5N,59.62,0.514900,1.00,-370.791,80.805,0.425964,0.290040
539,1T5Q,80.00,0.737500,1.00,-2400.497,49.833,0.222174,0.557430
540,1T9E,50.00,0.620400,1.00,-402.682,49.554,1.037058,0.306570
541,1TI5,89.13,0.709000,1.00,-3416.114,239.452,0.119326,0.812640
542,1TM6,60.23,0.484000,1.00,-963.705,108.037,0.423512,0.265480
543,1TMR,89.47,0.735500,1.00,-1114.665,77.998,0.122273,0.360250
544,1TOR,62.50,0.526000,1.00,-339.250,44.593,0.312407,0.196690
545,1TOS,70.00,0.588800,1.00,-390.863,39.416,0.428456,0.449560
546,1TSK,89.29,0.720400,1.00,-2496.262,180.663,0.099498,0.751790
547,1TV0,79.69,0.611800,1.00,-2138.641,155.034,0.210786,0.597000
548,1TYK,77.94,0.621800,1.00,-2443.897,194.271,0.210593,0.548720
549,1U0P,54.63,0.446000,1.00,-1771.704,119.616,0.678939,0.348320
550,1U57,61.46,0.676700,1.00,-2988.501,102.552,0.502467,0.527110
551,1U6U,69.12,0.568700,1.00,-830.510,60.818,0.259916,0.221810
552,1U6V,72.06,0.575100,1.00,-830.510,60.818,0.233475,0.287160
553,1U85,77.27,0.732800,1.00,-2386.127,126.539,0.327756,0.571740
554,1U86,80.00,0.716400,1.00,-2405.817,188.419,0.339028,0.613930
555,1UAO,77.50,0.718500,1.00,-425.558,29.173,0.281308,0.422630
556,1UJL,41.07,0.497800,1.00,-2057.119,213.502,0.815312,0.310480
557,1UT3,92.11,0.692000,1.00,-2918.937,215.410,0.115997,0.805190
558,1UYA,42.19,0.447500,1.00,-658.508,83.861,0.624691,0.196260
559,1UYB,53.12,0.442100,1.00,-658.508,83.861,0.428817,0.241660
560,1V1D,87.10,0.734900,1.00,-2336.122,99.424,0.127055,0.664800
561,1V28,78.26,0.703100,1.00,-1001.459,120.826,0.424189,0.495390
562,1V4Z,73.68,0.656500,1.00,-1044.256,72.624,0.418938,0.436640
563,1V50,68.42,0.622900,1.00,-1044.256,72.624,0.360513,0.426400
564,1V5A,87.50,0.706800,1.00,-1633.990,182.959,0.152942,0.559590
565,1V6R,66.67,0.538100,1.00,-1562.078,67.278,0.493556,0.201680
566,1V92,88.04,0.748400,1.00,-4630.673,97.206,0.124613,0.788710
567,1VA1,79.73,0.655600,1.00,-2317.155,170.887,0.288540,0.632840
568,1VA2,91.13,0.694100,1.00,-2058.706,138.287,0.138387,0.667340
569,1VA3,90.52,0.675700,1.00,-1868.198,106.087,0.198226,0.690410
570,1VB8,88.33,0.725200,1.00,-2129.275,223.329,0.209399,0.676810
571,1VD7,65.22,0.530900,1.00,-1647.548,41.256,0.437721,0.346020
572,1VD8,64.13,0.484400,1.00,-1656.963,62.370,0.399973,0.278450
573,1VD9,73.91,0.615000,1.00,-1637.292,52.474,0.396276,0.445870
574,1VDA,60.87,0.537900,1.00,-1685.760,45.856,0.712607,0.334610
575,1VDB,81.52,0.746900,1.00,-1647.548,41.256,0.167411,0.502710
576,1VII,81.25,0.689400,1.00,-3026.435,101.634,0.212969,0.634310
577,1VPC,60.00,0.615000,1.00,-3018.274,131.609,0.416176,0.518680
578,1VPU,41.67,0.441100,1.00,-2758.044,231.352,0.798050,0.296370
579,1VQX,35.53,0.554900,1.00,-396.279,119.517,0.949775,0.195320
580,1VTP,70.19,0.700400,1.00,-1860.239,34.030,0.310542,0.450030
581,1VTX,81.55,0.645400,1.00,-2504.459,223.183,0.204691,0.700090
582,1W1N,68.94,0.596800,1.00,-2395.901,133.126,0.484356,0.501240
583,1W4E,93.62,0.765600,1.00,-3764.180,152.698,0.096676,0.863890
584,1W4F,88.83,0.754400,1.00,-3764.180,152.698,0.215827,0.802740
585,1W4G,89.36,0.751000,1.00,-3708.374,226.510,0.189332,0.812680
586,1W4H,86.70,0.762400,1.00,-3286.421,231.640,0.318947,0.795690
587,1WAZ,63.04,0.597200,1.00,-4087.855,160.475,0.379806,0.463310
588,1WCT,51.92,0.598000,1.00,-393.021,58.483,0.417662,0.222400
589,1WM7,69.83,0.615200,1.00,-1919.923,130.243,0.310995,0.336650
590,1WM8,68.75,0.523300,1.00,-1649.339,136.123,0.297793,0.356580
591,1WMT,89.02,0.716300,1.00,-3091.925,250.534,0.173519,0.769060
592,1WN4,64.29,0.630400,1.00,-1307.307,92.245,0.606502,0.428830
593,1WN8,72.73,0.590000,1.00,-1217.184,107.234,0.421715,0.377130
594,1WNK,86.96,0.716600,1.00,-1637.292,52.474,0.184333,0.543240
595,1WNM,96.74,0.728400,1.00,-1656.963,62.370,0.074675,0.633300
596,1WNN,90.22,0.747500,1.00,-1685.760,45.856,0.277252,0.555820
597,1WO3,67.00,0.570400,1.00,-1274.543,174.381,0.312998,0.325070
598,1WO4,68.00,0.548200,1.00,-1222.040,136.685,0.353746,0.347160
599,1WO5,43.00,0.554800,1.00,-1503.437,57.363,0.905647,0.224000
600,1WO6,61.00,0.503700,1.00,-1509.465,74.442,0.373955,0.288450
601,1WO7,66.00,0.477600,1.00,-1582.203,102.566,0.408764,0.318200
602,1WO9,76.43,0.704600,1.00,-1660.577,149.302,0.351244,0.577330
603,1WPD,63.24,0.523400,1.00,-2350.186,136.969,0.476976,0.373860
604,1WQB,84.38,0.684200,1.00,-1890.771,184.883,0.207562,0.619690
605,1WQC,86.54,0.661000,1.00,-1815.954,83.869,0.136589,0.470260
606,1WQD,72.22,0.664000,1.00,-1888.738,97.766,0.539468,0.419410
607,1WQE,96.74,0.774900,1.00,-1474.397,63.359,0.067318,0.596710
608,1WQK,87.50,0.757100,1.00,-3666.285,222.672,0.234769,0.758350
609,1WR3,82.64,0.715600,1.00,-2215.640,165.808,0.247835,0.667550
610,1WR4,88.19,0.774300,1.00,-2115.941,209.504,0.174736,0.726150
611,1WR7,80.49,0.687400,1.00,-2757.435,194.896,0.431387,0.692070
612,1WT7,74.39,0.609600,1.00,-3037.548,206.450,0.395192,0.587010
613,1WT8,83.06,0.657000,1.00,-2246.985,118.613,0.205407,0.575640
614,1WXN,82.74,0.698900,1.00,-3625.739,208.837,0.196143,0.691890
615,1WZ4,56.52,0.566800,1.00,-1511.307,63.149,0.472121,0.282120
616,1WZ5,67.14,0.492600,1.00,-2203.497,211.909,0.339808,0.467010
617,1X22,66.67,0.699600,1.00,-2139.157,156.724,0.311569,0.608210
618,1X32,37.77,0.428100,1.00,-3285.885,165.416,0.766497,0.276870
619,1X5V,84.56,0.660800,1.00,-2387.218,244.768,0.165414,0.615940
620,1X7K,71.05,0.567900,1.00,-1151.572,127.650,0.292775,0.251050
621,1XBH,53.85,0.501200,1.00,-628.138,53.743,0.359593,0.214840
622,1XC0,62.12,0.616500,1.00,-1958.305,68.486,0.429361,0.477730
623,1XF7,88.79,0.741600,1.00,-1771.571,120.457,0.151034,0.662840
624,1XOO,78.75,0.725000,1.00,-1262.979,50.364,0.213751,0.326050
625,1XOP,77.50,0.657900,1.00,-1301.153,44.590,0.188192,0.430390
626,1XRZ,88.33,0.725200,1.00,-1745.203,126.279,0.233792,0.688840
627,1XT7,48.08,0.526700,1.00,-370.791,80.805,0.561945,0.235410
628,1XUT,70.11,0.578600,1.00,-3661.204,279.628,0.370565,0.595490
629,1XV3,43.62,0.534000,1.00,-3077.111,284.730,0.796569,0.322860
630,1XXZ,63.64,0.482800,1.00,-369.067,53.094,0.254706,0.296700
631,1XY4,43.75,0.436600,1.00,-735.853,42.298,0.625486,0.131040
632,1XY6,64.58,0.556100,1.00,-626.242,51.456,0.374134,0.158710
633,1XY8,76.92,0.539300,1.00,-586.356,60.427,0.226985,0.251270
634,1XY9,56.82,0.447200,1.00,-403.995,60.288,0.319255,0.159870
635,1Y03,77.14,0.773600,1.00,-1395.006,42.809,0.322679,0.600210
636,1Y04,59.29,0.772600,1.00,-1395.006,42.809,0.746300,0.422640
637,1Y1B,85.42,0.698200,1.00,-3649.046,183.674,0.201524,0.755690
638,1Y1C,83.33,0.704000,1.00,-3631.421,236.552,0.233278,0.721630
639,1Y29,91.07,0.725700,1.00,-1793.019,121.176,0.107698,0.641190
640,1Y2P,88.97,0.693800,1.00,-2276.020,148.960,0.149690,0.684970
641,1Y32,80.21,0.688400,1.00,-1348.475,78.087,0.262964,0.437970
642,1Y4E,46.30,0.526700,1.00,-1796.200,155.488,0.513781,0.237390
643,1Y5C,68.18,0.482000,1.00,-547.925,37.333,0.326753,0.341440
644,1YIU,91.89,0.781200,1.00,-2330.989,187.537,0.147637,0.790100
645,1YMZ,78.49,0.723400,1.00,-2514.605,278.154,0.342383,0.665850
646,1YP8,87.12,0.713400,1.00,-2274.349,150.659,0.143507,0.653860
647,1YT6,77.50,0.613900,1.00,-438.397,37.109,0.203383,0.442190
648,1YTR,61.54,0.550900,1.00,-1628.444,55.548,0.635817,0.285850
649,1YV8,90.22,0.752800,1.00,-3705.627,140.576,0.130780,0.804060
650,1YVA,91.85,0.761600,1.00,-3705.627,140.576,0.122056,0.836720
651,1YWJ,65.24,0.606800,1.00,-2328.219,291.354,0.692079,0.555590
652,1YYB,78.70,0.729100,1.00,-1749.524,83.889,0.237573,0.477680
653,1Z0Q,22.02,0.333900,1.00,-1621.111,318.971,1.406924,0.249250
654,1Z2T,76.09,0.609400,1.00,-1829.101,45.022,0.423366,0.451760
655,1Z65,73.33,0.629500,1.00,-2175.697,55.954,0.324421,0.508540
656,1Z6V,48.98,0.436400,1.00,-3697.344,219.347,0.921131,0.397130
657,1Z6W,27.04,0.311300,1.00,-3697.344,219.347,1.165451,0.224800
658,1Z99,75.00,0.602900,1.00,-2394.143,226.367,0.423209,0.592900
659,1ZA8,89.52,0.710600,1.00,-2195.381,302.346,0.195319,0.706990
660,1ZAQ,60.23,0.555700,1.00,-3416.012,230.395,0.651266,0.451820
661,1ZDA,80.92,0.665500,1.00,-2859.146,87.973,0.359381,0.683030
662,1ZDB,77.63,0.708700,1.00,-2859.146,87.973,0.346908,0.607360
663,1ZFD,90.62,0.744900,1.00,-2070.928,150.701,0.157017,0.706220
664,1ZFU,84.38,0.694700,1.00,-2789.835,184.189,0.166924,0.712950
665,1ZJQ,83.09,0.703400,1.00,-2403.003,223.390,0.225693,0.612760
666,1ZNM,83.93,0.711100,1.00,-2000.816,91.528,0.138183,0.490190
667,1ZNU,98.28,0.793000,1.00,-1921.773,166.897,0.068119,0.792640
668,1ZR7,90.00,0.766100,1.00,-1835.409,153.435,0.183816,0.717280
669,1ZRV,75.00,0.679500,1.00,-1666.285,46.096,0.281981,0.343090
670,1ZRW,65.00,0.624000,1.00,-1666.285,46.096,0.392538,0.352310
671,1ZRX,58.33,0.684100,1.00,-2382.903,65.416,0.545870,0.447430
672,1ZTA,81.43,0.669200,1.00,-2730.044,92.965,0.257008,0.654820
673,1ZTN,34.17,0.433000,1.00,-968.390,228.061,0.869438,0.182990
674,1ZTO,52.03,0.494200,1.00,-2077.468,161.127,0.665922,0.420240
675,1ZUE,88.10,0.706500,1.00,-2897.260,229.062,0.250448,0.770660
676,1ZUF,76.79,0.613800,1.00,-2897.260,229.062,0.257615,0.631670
677,1ZUV,83.33,0.646200,1.00,-1906.583,188.409,0.272228,0.611520
678,1ZWA,40.44,0.554100,1.00,-2728.548,53.661,0.942169,0.309950
679,1ZWB,47.22,0.579600,1.00,-2806.626,93.040,1.031134,0.415010
680,1ZWC,47.97,0.590400,1.00,-3115.261,45.587,0.688526,0.360680
681,1ZWD,43.57,0.569500,1.00,-2938.042,53.648,0.679261,0.330670
682,1ZWE,48.53,0.561300,1.00,-2675.537,94.376,0.702242,0.392410
683,1ZWU,89.17,0.730500,1.00,-1890.252,105.348,0.123862,0.656880
684,2A1C,73.53,0.556700,1.00,-1235.763,43.909,0.315873,0.354060
685,2A2B,42.07,0.561800,1.00,-2130.944,163.375,0.869257,0.360000
686,2A2V,88.97,0.706300,1.00,-2090.509,208.281,0.170484,0.705360
687,2A51,86.54,0.736400,1.00,-2457.582,206.701,0.124011,0.721640
688,2AAP,87.50,0.707700,1.00,-2403.003,223.390,0.252884,0.701670
689,2AB3,87.93,0.701800,1.00,-1720.559,130.040,0.165760,0.620940
690,2AB7,93.97,0.717000,1.00,-1829.083,116.354,0.101426,0.690370
691,2AB9,37.10,0.484500,1.00,-1163.221,262.037,1.107138,0.165820
692,2ADX,50.00,0.517200,1.00,-2505.844,216.644,0.547047,0.336560
693,2AJJ,84.82,0.686100,1.00,-2136.957,41.525,0.172402,0.533710
694,2AJM,83.93,0.703300,1.00,-2136.957,41.525,0.214427,0.599050
695,2AJN,84.82,0.681900,1.00,-2136.957,41.525,0.151780,0.568840
696,2AJO,83.93,0.703300,1.00,-2136.957,41.525,0.214427,0.599050
697,2AJW,75.00,0.686200,1.00,-1026.250,180.231,0.342721,0.327960
698,2AK0,66.30,0.639200,1.00,-1189.107,129.580,0.378159,0.377560
699,2AMN,57.69,0.607200,1.00,-1866.609,54.481,0.517519,0.334800
700,2AP7,90.00,0.805900,1.00,-1033.772,29.534,0.162473,0.500240
701,2AP8,86.25,0.772500,1.00,-1033.772,29.534,0.219085,0.477590
702,2ARI,57.05,0.568300,1.00,-2185.817,74.717,0.792962,0.468750
703,2ATG,80.56,0.646400,1.00,-898.841,74.756,0.205967,0.299300
704,2AXK,84.87,0.699500,1.00,-3080.457,170.354,0.136033,0.693450
705,2B0Y,79.41,0.567300,1.00,-995.732,65.626,0.308315,0.376370
706,2B19,56.94,0.650400,1.00,-1877.928,182.344,0.395290,0.361290
707,2B38,91.13,0.774200,1.00,-1979.024,123.690,0.110925,0.707520
708,2B4N,56.55,0.536600,1.00,-2964.046,104.727,0.712471,0.479740
709,2B5B,33.33,0.431900,1.00,-2251.445,193.872,0.898442,0.208950
710,2B5P,61.36,0.511300,1.00,-574.340,57.556,0.264128,0.150240
711,2B5Q,68.18,0.504700,1.00,-574.340,57.556,0.367614,0.178110
712,2B68,87.79,0.711700,1.00,-3084.411,283.157,0.149980,0.774470
713,2B9K,67.55,0.606100,1.00,-3812.048,288.568,0.656912,0.514410
714,2BAI,47.66,0.462500,1.00,-1798.719,150.606,0.707361,0.312850
715,2BAO,85.00,0.652800,1.00,-517.957,19.794,0.174259,0.442600
716,2BAU,80.00,0.633100,1.00,-517.957,19.794,0.248270,0.413520
717,2BBG,63.75,0.503600,1.00,-2948.618,152.806,0.650393,0.461590
718,2BBL,42.05,0.548800,1.00,-676.241,171.591,0.901394,0.150370
719,2BBP,29.55,0.512300,1.00,-676.241,171.591,1.084247,0.108450
720,2BBX,77.55,0.691200,1.00,-2526.248,321.747,0.242279,0.668230
723,2BDS,81.40,0.645700,1.00,-3274.594,213.111,0.178746,0.669140
724,2BEY,76.56,0.704100,1.00,-465.094,96.588,0.467964,0.288780
725,2BL6,45.95,0.461200,1.00,-1979.076,180.937,0.646476,0.307020
726,2BMT,98.65,0.777200,1.00,-3076.700,174.933,0.064237,0.880970
727,2BN6,76.52,0.606700,1.00,-2628.509,90.356,0.274047,0.549920
728,2BP4,31.25,0.370900,1.00,-549.214,65.963,0.698621,0.107290
729,2BTG,87.77,0.745800,1.00,-3717.607,204.846,0.282503,0.793310
730,2BTH,85.11,0.756600,1.00,-3717.607,204.846,0.354446,0.751860
731,2C6A,80.98,0.673900,1.00,-3115.303,245.781,0.314633,0.692970
732,2C6B,84.24,0.709500,1.00,-3115.303,245.781,0.211997,0.701130
733,2CBH,99.31,0.868800,1.00,-2416.187,161.542,0.052797,0.915660
734,2CEF,40.79,0.527100,1.00,-597.592,117.582,0.810552,0.127560
735,2CEH,46.05,0.565600,1.00,-597.592,117.582,0.753946,0.171840
736,2CEZ,32.89,0.554500,1.00,-597.592,117.582,0.722548,0.186930
737,2CFJ,36.84,0.532500,1.00,-597.592,117.582,0.931303,0.085580
738,2CK4,85.53,0.744400,1.00,-2914.245,147.752,0.128082,0.702620
739,2CK5,87.90,0.727900,1.00,-2076.677,133.648,0.142484,0.624610
740,2CQ7,73.98,0.708500,1.00,-2783.797,222.715,0.464464,0.632270
741,2CRD,91.22,0.706800,1.00,-2865.625,169.636,0.129120,0.759980
742,2CSA,32.89,0.536300,1.00,-514.723,77.256,0.949249,0.133420
743,2CTI,96.55,0.750800,1.00,-1914.100,160.177,0.090637,0.724740
744,2CYU,78.12,0.565300,1.00,-3178.948,106.449,0.366705,0.635530
745,2DCI,62.50,0.583400,1.00,-1114.093,73.917,0.374518,0.259400
746,2DCO,41.91,0.391100,1.00,-2692.069,122.124,0.840998,0.289820
747,2DCV,86.90,0.722600,1.00,-2900.023,204.327,0.198106,0.741690
748,2DCW,85.71,0.680600,1.00,-2923.850,214.842,0.147647,0.734970
749,2DDL,68.94,0.609300,1.00,-2627.288,120.640,0.357633,0.409220
750,2DI2,71.55,0.685300,1.00,-1275.935,126.218,0.393453,0.518280
751,2DJ9,71.74,0.644700,1.00,-1163.774,128.367,0.374583,0.325090
752,2DJC,79.35,0.665600,1.00,-1100.902,117.997,0.446658,0.432140
753,2DMV,69.19,0.715500,1.00,-2350.666,244.240,0.632613,0.602040
754,2DQ5,79.79,0.656300,1.00,-3317.658,246.848,0.263477,0.692200
755,2DTB,85.58,0.787700,1.00,-1813.261,45.148,0.152738,0.539990
756,2DWF,71.32,0.569200,1.00,-3029.693,148.910,0.301923,0.532030
757,2DX2,86.36,0.636600,1.00,-686.683,17.944,0.240217,0.381330
758,2DX3,83.33,0.651500,1.00,-1043.507,48.311,0.161105,0.287510
759,2DX4,36.11,0.373200,1.00,-1043.507,48.311,0.842892,0.104710
760,2E1X,74.07,0.629700,1.00,-1378.919,130.041,0.412444,0.474020
761,2E2F,85.98,0.689300,1.00,-3153.135,251.767,0.144244,0.731590
762,2E3E,46.67,0.505800,1.00,-3042.941,318.960,0.755415,0.359640
763,2E3F,55.81,0.516100,1.00,-2850.125,244.545,0.723639,0.431820
764,2E3G,65.62,0.570500,1.00,-3143.050,178.145,0.491351,0.519210
765,2E4E,97.50,0.727600,1.00,-385.692,29.686,0.089167,0.547680
766,2E5T,82.61,0.630300,1.00,-3619.665,104.942,0.134093,0.735250
767,2E5U,47.50,0.592900,1.00,-2890.557,91.067,0.555740,0.441360
768,2E72,69.90,0.626600,1.00,-2605.068,311.396,0.912339,0.593950
769,2EBQ,73.40,0.660800,1.00,-2317.445,338.521,0.420314,0.623120
770,2EBR,72.34,0.736700,1.00,-2095.367,351.991,0.669342,0.630740
771,2EC7,66.84,0.577200,1.00,-2472.819,263.418,0.349726,0.574450
772,2EEM,92.65,0.763300,1.00,-2692.999,157.069,0.094556,0.765500
773,2EFZ,60.94,0.557000,1.00,-960.326,55.117,0.413546,0.202540
774,2EKK,90.96,0.779000,1.00,-3947.110,163.826,0.210932,0.828720
775,2EL4,67.93,0.752700,1.00,-2200.017,221.264,0.763783,0.566250
776,2EL5,73.21,0.763400,1.00,-2071.322,190.696,0.660881,0.651960
777,2EL6,71.20,0.701900,1.00,-2279.014,220.588,0.532698,0.579700
778,2ELM,75.00,0.719000,1.00,-2129.360,170.443,0.504950,0.614930
779,2ELN,80.92,0.826900,1.00,-2277.425,141.300,0.517158,0.726680
780,2ELO,76.35,0.739100,1.00,-2102.203,167.877,0.314408,0.574070
781,2ELP,79.73,0.732800,1.00,-2503.910,165.861,0.363870,0.632840
782,2ELQ,81.94,0.745700,1.00,-1903.784,152.258,0.390164,0.668990
783,2ELR,77.78,0.794300,1.00,-1634.457,141.140,0.578733,0.647940
784,2ELS,79.17,0.765700,1.00,-2256.696,160.496,0.489646,0.708990
785,2ELT,79.17,0.811900,1.00,-1990.153,125.924,0.485667,0.698590
786,2ELU,71.62,0.714700,1.00,-1844.351,171.437,0.616397,0.600330
787,2ELV,81.25,0.731000,1.00,-2016.041,156.481,0.379524,0.686990
788,2ELW,74.32,0.700200,1.00,-2030.636,158.015,0.432404,0.596850
789,2ELX,88.57,0.804500,1.00,-1882.611,143.492,0.194115,0.766780
790,2ELY,62.50,0.702900,1.00,-2013.859,197.853,0.941321,0.551630
791,2ELZ,60.33,0.697900,1.00,-2180.965,226.141,0.871949,0.543730
792,2EM0,63.04,0.689400,1.00,-2166.823,255.353,0.787114,0.531710
793,2EM1,69.32,0.760500,1.00,-2101.580,201.910,0.720834,0.605220
794,2EM2,63.04,0.700900,1.00,-2050.361,243.297,0.886697,0.555920
795,2EM3,66.85,0.726100,1.00,-2016.694,223.810,0.996172,0.598610
796,2EM4,64.13,0.733000,1.00,-1928.637,266.161,0.682039,0.547360
797,2EM5,68.48,0.750900,1.00,-2018.540,225.530,0.536655,0.575980
798,2EM6,69.02,0.746800,1.00,-2097.022,209.256,0.608562,0.612690
799,2EM7,66.85,0.708000,1.00,-2195.282,210.833,0.739887,0.566200
800,2EM8,66.85,0.730300,1.00,-2052.296,243.984,1.008246,0.596150
801,2EM9,65.22,0.729800,1.00,-2057.158,211.515,0.920910,0.587380
802,2EMA,65.22,0.694300,1.00,-2165.732,254.261,0.704220,0.570920
803,2EMB,69.89,0.673200,1.00,-2160.774,231.376,0.497522,0.567800
804,2EMC,67.39,0.816400,1.00,-2223.418,313.985,0.655916,0.604320
805,2EME,60.87,0.728500,1.00,-2353.188,197.630,0.769010,0.555110
806,2EMF,70.65,0.751500,1.00,-1990.355,189.458,0.734511,0.609820
807,2EMG,65.76,0.692500,1.00,-2240.147,232.021,0.650876,0.575820
808,2EMH,66.85,0.743900,1.00,-2311.206,258.555,0.511941,0.594200
809,2EMI,66.30,0.654200,1.00,-2203.877,258.902,0.793507,0.551050
810,2EMJ,65.22,0.727900,1.00,-2063.601,189.474,0.781066,0.577800
811,2EMK,67.93,0.734800,1.00,-2141.404,210.820,0.636513,0.552330
812,2EML,64.13,0.747000,1.00,-1991.282,221.942,0.914738,0.557360
813,2EMM,70.65,0.726100,1.00,-2114.032,213.040,0.453786,0.592040
814,2EMP,65.76,0.730400,1.00,-2215.738,168.331,0.817817,0.589020
815,2EMV,71.59,0.718000,1.00,-1997.242,214.614,0.459114,0.638810
816,2EMW,62.50,0.673600,1.00,-2125.444,221.076,1.023176,0.565320
817,2EMX,77.84,0.776500,1.00,-1983.252,220.594,0.326927,0.670470
818,2EMY,71.20,0.779400,1.00,-2179.640,264.967,0.415445,0.602640
819,2EMZ,75.54,0.728200,1.00,-2000.117,217.247,0.499664,0.639470
820,2EN0,73.21,0.792700,1.00,-2052.019,169.182,0.493247,0.626590
821,2EN1,67.39,0.754500,1.00,-1827.297,205.665,0.638042,0.602030
822,2EN2,69.64,0.779800,1.00,-2177.244,179.411,0.891925,0.618800
823,2EN3,73.91,0.708000,1.00,-2497.693,180.180,0.416476,0.601270
824,2EN4,61.41,0.685500,1.00,-2105.869,248.418,0.762840,0.528500
825,2EN6,65.76,0.751400,1.00,-2023.346,197.392,0.632967,0.556090
826,2EN7,64.77,0.673300,1.00,-2170.004,211.022,0.584622,0.502650
827,2EN8,64.13,0.724500,1.00,-2101.564,225.600,0.613676,0.545360
828,2EN9,66.30,0.731500,1.00,-1840.764,234.585,0.547689,0.579290
829,2ENA,59.78,0.719600,1.00,-2108.578,566.575,1.193532,0.543300
830,2ENC,66.30,0.740700,1.00,-2100.774,234.070,0.699200,0.556300
831,2ENE,64.67,0.683200,1.00,-2206.907,199.870,0.668244,0.550980
832,2ENF,66.30,0.712700,1.00,-2101.251,227.416,0.657056,0.556850
833,2ENH,59.24,0.726800,1.00,-2089.009,222.570,0.813093,0.524340
834,2ENT,67.19,0.745900,1.00,-2368.462,205.329,0.685431,0.587590
835,2EOE,63.04,0.677800,1.00,-2179.177,234.799,0.736058,0.527540
836,2EOF,71.59,0.767600,1.00,-2058.108,212.857,0.473102,0.593460
837,2EOG,71.59,0.734500,1.00,-2110.638,189.515,0.403128,0.591600
838,2EOH,63.59,0.644300,1.00,-2008.337,266.718,0.650677,0.514490
839,2EOI,68.18,0.702600,1.00,-2081.393,246.426,0.679221,0.575400
840,2EOJ,66.48,0.746900,1.00,-2060.236,242.264,0.519499,0.548890
841,2EOK,76.19,0.729500,1.00,-2175.512,141.137,0.441410,0.655490
842,2EOL,75.00,0.745400,1.00,-1922.071,223.671,0.486823,0.613220
843,2EOM,66.30,0.762200,1.00,-2106.829,257.778,0.569880,0.588830
844,2EON,64.67,0.738800,1.00,-2050.036,252.963,0.622531,0.568820
845,2EOO,71.74,0.714200,1.00,-2462.174,207.437,0.656172,0.628480
846,2EOP,72.28,0.749900,1.00,-2083.300,205.683,0.427770,0.632660
847,2EOQ,71.20,0.702700,1.00,-2126.585,192.207,0.431839,0.607570
848,2EOR,71.74,0.753300,1.00,-2018.663,214.921,0.360765,0.607960
849,2EOS,67.86,0.746400,1.00,-2234.540,208.211,0.656430,0.564880
850,2EOU,63.64,0.758900,1.00,-1880.200,182.677,1.094957,0.559350
851,2EOV,64.13,0.709000,1.00,-2118.053,226.689,0.700027,0.552330
852,2EOW,64.67,0.747700,1.00,-2012.306,225.467,0.896917,0.586430
853,2EOX,60.23,0.654100,1.00,-2085.893,213.768,0.861511,0.515960
854,2EOY,59.78,0.649200,1.00,-2153.538,231.920,1.087775,0.499370
855,2EOZ,69.57,0.779800,1.00,-2356.184,196.671,0.687068,0.614980
856,2EP0,73.91,0.752300,1.00,-2020.982,214.772,0.364789,0.648500
857,2EP1,69.02,0.736300,1.00,-2093.465,216.349,0.503218,0.610390
858,2EP2,71.20,0.749300,1.00,-2056.550,228.273,0.450851,0.622170
859,2EP3,69.02,0.739500,1.00,-2195.080,203.376,0.606587,0.617430
860,2EPC,60.71,0.667000,1.00,-1904.431,264.663,0.962261,0.551730
861,2EPQ,56.67,0.689400,1.00,-2399.187,186.192,0.966634,0.461030
862,2EPR,56.77,0.685600,1.00,-2333.791,273.998,0.975248,0.480190
863,2EPT,65.85,0.653600,1.00,-1920.927,194.852,0.678016,0.550920
864,2EPU,65.00,0.714700,1.00,-2104.167,200.550,0.788384,0.568790
865,2EPV,72.16,0.762100,1.00,-2206.182,175.288,0.522646,0.641050
866,2EPW,60.33,0.639900,1.00,-2220.145,221.819,0.726343,0.497530
867,2EPX,65.43,0.654200,1.00,-2458.217,242.114,0.965566,0.585050
868,2EPY,69.64,0.731000,1.00,-1836.774,212.326,0.690480,0.587990
869,2EPZ,72.83,0.728200,1.00,-2053.687,230.226,0.429948,0.643740
870,2EQ0,62.50,0.698700,1.00,-2177.278,219.027,0.666327,0.544380
871,2EQ1,64.13,0.709800,1.00,-2022.166,187.224,0.749624,0.520630
872,2EQ2,58.70,0.611100,1.00,-1951.533,234.320,0.668952,0.461470
873,2EQ3,64.67,0.709000,1.00,-1915.522,186.705,0.518531,0.512810
874,2EQ4,53.26,0.625000,1.00,-2047.832,224.877,0.795169,0.416620
875,2EQE,63.54,0.733100,1.00,-2611.804,220.871,0.647452,0.593680
876,2EQF,64.13,0.617700,1.00,-2489.667,265.629,0.845891,0.569330
877,2EQG,79.59,0.746300,1.00,-2806.521,243.888,0.379321,0.703520
878,2EQH,78.26,0.681400,1.00,-1093.725,136.391,0.269609,0.367070
879,2EQQ,68.75,0.577900,1.00,-1570.932,188.842,0.426898,0.418940
880,2EQT,69.64,0.602200,1.00,-1570.932,188.842,0.459396,0.505210
881,2EQW,68.45,0.659100,1.00,-2232.927,192.476,0.639395,0.575030
882,2ERI,90.32,0.749700,1.00,-2137.781,260.579,0.236973,0.745860
883,2ESX,63.16,0.481800,1.00,-849.297,80.285,0.321726,0.177590
884,2ESZ,56.58,0.447400,1.00,-849.297,80.285,0.358206,0.231980
885,2ETI,83.04,0.662200,1.00,-2004.342,95.471,0.210003,0.526130
886,2EVQ,97.92,0.838500,1.00,-583.641,41.892,0.048112,0.625030
887,2EYA,90.22,0.761300,1.00,-3705.627,140.576,0.114385,0.811680
888,2EYB,92.93,0.767400,1.00,-3705.627,140.576,0.123704,0.851370
889,2EYC,86.96,0.737900,1.00,-3705.627,140.576,0.166754,0.776870
890,2EYD,88.04,0.777400,1.00,-3705.627,140.576,0.178339,0.789240
891,2F2I,91.38,0.798100,1.00,-1824.177,158.733,0.109067,0.672560
892,2F2J,93.97,0.769000,1.00,-1684.900,151.951,0.098689,0.701360
893,2F5H,59.46,0.463200,1.00,-2367.521,213.843,0.458525,0.410720
896,2FJ4,64.86,0.554200,1.00,-2367.521,213.843,0.331967,0.476660
897,2FJ5,67.57,0.562900,1.00,-2367.521,213.843,0.278570,0.456250
898,2FQA,71.30,0.578800,1.00,-1860.146,139.877,0.309517,0.407700
899,2FR9,96.15,0.740700,1.00,-657.568,73.500,0.091302,0.467630
900,2FRB,57.69,0.529900,1.00,-572.404,93.789,0.359522,0.255540
901,2FXY,84.72,0.688400,1.00,-1148.796,29.740,0.261622,0.466140
902,2FXZ,86.54,0.659800,1.00,-747.903,28.626,0.241207,0.477850
903,2G6U,70.00,0.511100,1.00,-762.523,78.967,0.295511,0.323830
904,2G9L,63.51,0.700700,1.00,-2425.341,76.633,0.422685,0.510010
905,2G9P,63.46,0.673600,1.00,-1539.858,45.448,0.453891,0.447230
906,2GD3,65.62,0.612000,1.00,-1283.647,57.215,0.439109,0.368340
907,2GDL,51.61,0.433600,1.00,-2182.295,111.955,0.551571,0.369340
908,2GFR,86.36,0.640700,1.00,-507.075,38.442,0.182763,0.391490
909,2GJ0,84.68,0.659600,1.00,-1972.700,174.891,0.297831,0.604900
910,2GL1,98.94,0.860100,1.00,-3557.582,192.920,0.051980,0.948260
911,2GOF,56.43,0.580000,1.00,-2193.312,97.624,0.587799,0.451590
912,2GOH,67.14,0.565300,1.00,-2193.312,97.624,0.504352,0.510990
913,2GP8,84.38,0.728800,1.00,-2862.445,79.499,0.259004,0.711790
914,2GQE,90.62,0.795700,1.00,-1868.130,220.282,0.166770,0.729020
915,2GW9,92.19,0.756600,1.00,-2138.641,155.034,0.142935,0.784960
916,2GWP,87.50,0.703700,1.00,-2057.323,158.833,0.188031,0.681580
917,2GX1,86.21,0.701300,1.00,-1962.123,142.369,0.140435,0.567350
918,2H1Z,91.67,0.803600,1.00,-2732.204,217.150,0.139555,0.766910
919,2H9X,72.87,0.622800,1.00,-3177.266,198.504,0.338181,0.620830
920,2HFR,68.52,0.630000,1.00,-1929.318,41.871,0.297194,0.324460
921,2HGO,62.04,0.503300,1.00,-1743.493,179.200,0.373125,0.267850
922,2HLG,96.79,0.776700,1.00,-2520.740,192.051,0.077870,0.865500
923,2HM3,66.94,0.572500,1.00,-1865.205,257.150,0.521880,0.430390
924,2HM4,37.90,0.488300,1.00,-1643.958,236.122,0.742973,0.215270
925,2HM5,62.10,0.597100,1.00,-1643.958,236.122,0.649854,0.407610
926,2HM6,37.90,0.439800,1.00,-1865.288,268.088,0.884533,0.229390
927,2HN8,80.92,0.755200,1.00,-3459.720,98.533,0.162115,0.680210
928,2I1P,82.29,0.712000,1.00,-2532.054,233.616,0.243322,0.705940
929,2I1T,76.39,0.659400,1.00,-2288.475,159.049,0.234604,0.546580
930,2I5O,86.54,0.799400,1.00,-2753.965,162.231,0.271237,0.740230
931,2I9M,91.18,0.775600,1.00,-1166.532,13.631,0.115361,0.470920
932,2I9N,50.00,0.633000,1.00,-1862.103,105.142,0.734525,0.368690
933,2I9O,50.68,0.592700,1.00,-1698.188,213.803,0.536665,0.370160
934,2IFJ,56.25,0.519700,1.00,-503.037,60.063,0.433140,0.222010
935,2IGU,70.83,0.552600,1.00,-684.724,38.706,0.246071,0.258190
936,2IH6,59.09,0.497200,1.00,-505.975,58.016,0.374456,0.161250
937,2IMU,55.98,0.678100,1.00,-2685.018,163.215,0.482089,0.489840
938,2IT7,98.21,0.819800,1.00,-2004.342,95.471,0.057916,0.825800
939,2IV4,31.25,0.448400,1.00,-277.202,67.722,0.692082,0.128590
940,2IV5,85.87,0.734900,1.00,-1264.050,39.470,0.147351,0.447180
941,2IV6,44.57,0.567700,1.00,-1266.925,62.959,0.747495,0.245260
942,2IWJ,43.52,0.460100,1.00,-1378.919,130.041,0.672924,0.271780
943,2J15,68.33,0.585200,1.00,-684.735,100.775,0.320518,0.191950
944,2J8P,51.53,0.538800,1.00,-4300.918,136.344,0.812413,0.434550
945,2JM0,86.43,0.732600,1.00,-2976.974,139.782,0.147050,0.647800
946,2JM2,24.44,0.425900,1.00,-1174.036,366.346,1.297516,0.217300
947,2JM4,87.21,0.726300,1.00,-2324.776,298.469,0.218830,0.765350
948,2JMY,93.33,0.718400,1.00,-905.495,23.354,0.116465,0.431290
949,2JN5,45.83,0.484700,1.00,-700.002,29.816,0.536419,0.212390
950,2JNH,82.61,0.679900,1.00,-4278.654,117.313,0.266122,0.703550
951,2JNI,89.29,0.743300,1.00,-1416.958,109.207,0.100891,0.367230
952,2JOC,66.89,0.578600,1.00,-2330.989,187.537,0.356253,0.484120
953,2JOF,91.25,0.724000,1.00,-1049.675,62.684,0.128729,0.405400
954,2JOS,80.68,0.665900,1.00,-1426.240,37.638,0.205260,0.442980
955,2JOU,46.32,0.312100,1.00,-3029.693,148.910,1.027806,0.340790
956,2JP6,60.14,0.564900,1.00,-1955.481,159.730,0.818605,0.410780
957,2JPJ,50.64,0.666100,1.00,-2416.561,47.553,0.596376,0.381360
958,2JPK,54.29,0.621100,1.00,-2506.731,80.892,0.968785,0.398540
959,2JPL,50.00,0.627900,1.00,-2416.561,47.553,0.597280,0.390810
960,2JPM,51.43,0.629000,1.00,-2506.731,80.892,0.518599,0.380620
961,2JPW,34.38,0.500400,1.00,-930.805,185.802,0.895912,0.220370
962,2JPX,66.43,0.674200,1.00,-2373.518,73.291,0.642204,0.523440
963,2JQ2,50.00,0.516100,1.00,-445.367,76.007,0.469913,0.178200
964,2JQB,50.00,0.589300,1.00,-585.018,94.994,0.550360,0.207620
965,2JQC,48.33,0.474000,1.00,-585.018,94.994,0.471237,0.203380
966,2JQW,50.00,0.435400,1.00,-860.234,98.864,0.532420,0.154090
967,2JR3,40.48,0.405900,1.00,-3082.636,224.736,0.920757,0.341450
968,2JR8,58.33,0.541700,1.00,-2154.220,136.695,0.815793,0.496100
969,2JRD,59.26,0.542700,1.00,-1235.333,42.193,0.703145,0.314440
970,2JRV,51.67,0.554000,1.00,-711.017,80.449,0.673338,0.220760
971,2JRW,59.78,0.497800,1.00,-1156.347,110.305,0.397084,0.190720
972,2JRY,51.09,0.431000,1.00,-3183.848,210.810,0.727471,0.428600
973,2JSB,80.95,0.659500,1.00,-1397.574,126.663,0.190985,0.397260
974,2JTA,47.50,0.431100,1.00,-291.323,35.544,0.545254,0.182930
975,2JTB,91.67,0.718300,1.00,-2248.932,164.481,0.103988,0.732950
976,2JTU,67.11,0.561500,1.00,-2282.456,222.676,0.347029,0.517930
977,2JTW,70.00,0.672200,1.00,-1663.484,54.260,0.352227,0.480940
978,2JUE,31.90,0.293000,1.00,-1921.773,166.897,0.801415,0.169960
979,2JUI,64.39,0.667100,1.00,-2085.691,75.144,0.571685,0.400220
980,2JUQ,65.38,0.528800,1.00,-746.391,35.654,0.270771,0.348720
981,2JUR,65.38,0.535700,1.00,-607.341,87.345,0.389157,0.297690
982,2JUS,88.46,0.697300,1.00,-718.695,51.131,0.108420,0.475630
983,2JUT,61.54,0.516600,1.00,-659.915,56.701,0.411328,0.351430
984,2JUY,59.82,0.548500,1.00,-2188.537,133.334,0.406878,0.304430
985,2JVX,89.29,0.781300,1.00,-1951.495,139.799,0.165911,0.742690
986,2JVY,85.71,0.697300,1.00,-2011.098,122.570,0.246068,0.624720
987,2JWG,85.87,0.732900,1.00,-2838.058,183.847,0.172033,0.777240
988,2JWH,61.46,0.615800,1.00,-1915.476,247.264,0.828840,0.533250
989,2JWM,90.52,0.771000,1.00,-1909.569,176.343,0.277298,0.723370
990,2JXF,89.17,0.792500,1.00,-2646.653,54.387,0.110941,0.645220
991,2JY0,72.22,0.629500,1.00,-1558.844,59.185,0.289034,0.381550
992,2JYD,73.91,0.676500,1.00,-1912.359,300.921,0.381906,0.652230
993,2JYP,22.22,0.367500,1.00,-1857.531,238.807,1.036665,0.185290
994,2K10,57.03,0.673200,1.00,-2086.757,49.885,0.471041,0.302720
995,2K1A,57.14,0.763000,1.00,-2802.892,145.917,0.694551,0.510760
996,2K1I,90.62,0.685500,1.00,-1932.773,189.630,0.138790,0.666330
997,2K1P,80.30,0.707100,1.00,-1856.714,202.138,0.319495,0.636480
998,2K2Y,83.33,0.672800,1.00,-3118.679,149.216,0.169733,0.689760
999,2K2Z,75.00,0.601100,1.00,-2261.924,176.952,0.421314,0.616680
1000,2K44,51.79,0.604100,1.00,-2224.646,78.320,0.607929,0.387220
1001,2K4U,89.19,0.718900,1.00,-2743.945,144.003,0.111172,0.763500
1004,2K6O,62.84,0.731600,1.00,-2754.229,122.310,0.302440,0.608510
1005,2K6R,75.86,0.616800,1.00,-2120.182,143.156,0.285362,0.509640
1006,2K72,92.57,0.742800,1.00,-3361.330,181.008,0.118126,0.783330
1007,2K76,87.50,0.756600,1.00,-2135.118,93.295,0.134603,0.615240
1008,2K7G,99.14,0.843600,1.00,-2061.860,154.208,0.057172,0.832660
1009,2K7Y,34.44,0.484300,1.00,-2906.996,322.816,0.901417,0.314570
1010,2K84,47.50,0.624200,1.00,-1824.797,167.200,0.518049,0.402120
1012,2K98,60.42,0.632000,1.00,-1380.708,18.302,0.701560,0.305140
1013,2K9D,74.43,0.647200,1.00,-4730.195,99.103,0.175222,0.619710
1014,2K9O,71.53,0.576500,1.00,-2325.778,148.630,0.336194,0.503730
1015,2KAM,78.85,0.751100,1.00,-1813.261,45.148,0.191039,0.625360
1016,2KB8,64.86,0.630400,1.00,-2043.431,157.029,0.603034,0.471580
1017,2KB9,77.27,0.655600,1.00,-2926.856,254.992,0.225720,0.658670
1018,2KBL,65.52,0.627800,1.00,-1743.475,181.956,0.365834,0.371380
1019,2KCF,75.69,0.664300,1.00,-2240.424,204.639,0.374183,0.575650
1020,2KCG,96.67,0.808700,1.00,-2054.782,226.385,0.070809,0.805150
1021,2KCH,95.69,0.816700,1.00,-1996.817,156.203,0.077265,0.751450
1023,2KDT,39.44,0.502200,1.00,-2681.143,213.830,0.779006,0.298860
1024,2KE3,41.86,0.531500,1.00,-2611.413,189.028,0.699010,0.369910
1025,2KEF,75.00,0.602200,1.00,-1558.565,207.524,0.391217,0.386220
1026,2KEG,66.41,0.656400,1.00,-1939.672,53.199,0.488115,0.445130
1027,2KEH,65.62,0.605500,1.00,-1939.672,53.199,0.428992,0.445610
1028,2KES,83.33,0.800300,1.00,-3534.193,98.264,0.181450,0.757140
1029,2KFE,70.83,0.701500,1.00,-1517.763,99.375,0.263673,0.318320
1030,2KFQ,34.38,0.343500,1.00,-2411.297,118.505,0.847038,0.329570
1031,2KGH,40.38,0.436700,1.00,-2542.043,260.728,0.924000,0.309070
1032,2KGN,69.79,0.616600,1.00,-1273.690,91.452,0.262142,0.306120
1033,2KGU,91.43,0.778500,1.00,-1914.604,192.292,0.142730,0.763480
1034,2KHB,89.66,0.744400,1.00,-1918.496,167.596,0.177637,0.685310
1035,2KHF,67.00,0.642800,1.00,-1755.518,46.908,0.294360,0.327300
1036,2KHG,73.00,0.644300,1.00,-1755.518,46.908,0.244404,0.402740
1037,2KI0,75.00,0.657000,1.00,-2553.503,120.037,0.326132,0.546930
1038,2KI9,58.33,0.634700,1.00,-2730.399,62.376,0.484826,0.369400
1039,2KIO,54.55,0.593200,1.00,-2395.901,133.126,0.698604,0.333080
1040,2KIR,70.59,0.567500,1.00,-2426.966,133.686,0.254892,0.464950
1041,2KIT,68.94,0.641800,1.00,-2395.901,133.126,0.421470,0.513460
1042,2KJM,55.00,0.506500,1.00,-2049.094,158.395,0.438326,0.307490
1043,2KJN,75.96,0.664200,1.00,-1817.106,46.013,0.342629,0.522490
1044,2KJO,65.38,0.598600,1.00,-1817.106,46.013,0.349172,0.408620
1045,2KLV,46.74,0.580400,1.00,-3337.164,91.062,0.599382,0.427710
1046,2KM9,91.00,0.684800,1.00,-1320.902,130.224,0.116394,0.538240
1047,2KMO,92.05,0.741700,1.00,-2885.259,186.679,0.145934,0.831420
1048,2KMP,85.23,0.726000,1.00,-2885.259,186.679,0.309593,0.761380
1049,2KMQ,80.68,0.701700,1.00,-2885.259,186.679,0.208882,0.674400
1050,2KMR,64.77,0.557000,1.00,-2885.259,186.679,0.965168,0.531260
1051,2KNI,87.80,0.707000,1.00,-2410.901,318.632,0.263067,0.759500
1052,2KNM,95.83,0.804900,1.00,-2054.782,226.385,0.097633,0.727320
1053,2KNP,84.09,0.698200,1.00,-1941.647,159.519,0.175444,0.659570
1054,2KNS,50.76,0.627600,1.00,-1958.305,68.486,0.619629,0.374640
1055,2KNU,51.72,0.576900,1.00,-1600.541,108.074,0.576972,0.308950
1056,2KOE,45.62,0.581900,1.00,-2856.420,140.232,0.692236,0.359820
1057,2KOZ,94.70,0.804500,1.00,-2269.133,119.317,0.121371,0.825590
1058,2KP0,90.15,0.740200,1.00,-2242.407,113.867,0.113754,0.727180
1059,2KPA,54.81,0.526700,1.00,-1697.708,81.257,0.474091,0.299300
1060,2KPB,50.96,0.514600,1.00,-1697.708,81.257,0.561613,0.310780
1061,2KSG,33.33,0.609700,1.00,-3015.857,51.570,1.516670,0.259220
1062,2KSJ,53.80,0.726900,1.00,-3337.164,91.062,0.538683,0.498590
1063,2KTC,67.65,0.560400,1.00,-1930.057,181.063,0.462791,0.431030
1064,2KTX,91.45,0.725400,1.00,-2826.534,156.177,0.154580,0.788910
1065,2KUK,95.83,0.803400,1.00,-2190.500,148.882,0.089359,0.729170
1066,2KUS,91.43,0.782400,1.00,-2222.672,157.585,0.104541,0.744370
1067,2KUX,95.83,0.805100,1.00,-2200.911,157.103,0.084148,0.741770
1068,2KUY,56.40,0.454300,1.00,-3302.559,296.342,0.836435,0.442610
1069,2KV5,74.24,0.693800,1.00,-2568.309,84.304,0.439475,0.626830
1070,2KVF,87.50,0.632800,1.00,-1957.244,80.470,0.172387,0.605770
1071,2KVG,82.41,0.710700,1.00,-1893.664,102.790,0.197468,0.465750
1072,2KVH,89.81,0.658300,1.00,-1871.190,100.902,0.179458,0.659410
1073,2KVX,96.43,0.816700,1.00,-1956.778,174.836,0.076313,0.751260
1074,2KWT,68.94,0.591300,1.00,-2687.191,102.147,0.386906,0.511430
1075,2KWY,80.81,0.772700,1.00,-2711.334,69.982,0.373998,0.731810
1076,2KWZ,48.12,0.629100,1.00,-3334.791,53.740,0.663568,0.427770
1077,2KXA,47.50,0.625700,1.00,-1726.767,44.240,1.073232,0.329520
1078,2KY3,88.64,0.733000,1.00,-2264.662,116.116,0.288234,0.700720
1079,2KYA,38.24,0.503600,1.00,-1349.064,152.664,0.678117,0.284900
1080,2KYJ,92.36,0.774200,1.00,-2162.815,209.050,0.130542,0.791330
1081,2KYK,62.18,0.509400,1.00,-2359.119,197.313,0.693483,0.472420
1082,2KZQ,62.50,0.652200,1.00,-2515.243,74.872,0.434721,0.421600
1083,2L07,83.33,0.588200,1.00,-916.034,84.203,0.174876,0.300930
1084,2L0G,85.16,0.702300,1.00,-3087.104,104.241,0.300237,0.680970
1085,2L0L,57.41,0.595000,1.00,-1549.746,77.271,0.576033,0.297860
1086,2L0M,67.59,0.636000,1.00,-1549.746,77.271,0.374826,0.333610
1087,2L0N,79.17,0.648900,1.00,-2332.408,81.410,0.206263,0.536760
1088,2L0O,55.83,0.586400,1.00,-2332.408,81.410,0.412195,0.435030
1089,2L1J,55.15,0.483000,1.00,-2094.395,212.392,0.431681,0.356300
1090,2L1Q,73.75,0.670400,1.00,-2315.992,213.348,0.405718,0.617240
1091,2L1X,41.03,0.532800,1.00,-2792.919,101.489,0.942908,0.356930
1092,2L2R,77.70,0.649800,1.00,-2150.042,120.331,0.448004,0.667410
1093,2L36,61.46,0.679200,1.00,-1386.206,45.534,0.429233,0.331120
1094,2L37,90.70,0.705300,1.00,-3494.372,107.047,0.194461,0.797360
1095,2L3H,41.03,0.458300,1.00,-2401.186,193.033,0.822459,0.248950
1096,2L3I,63.33,0.566400,1.00,-2273.107,78.460,0.375723,0.496520
1097,2L44,88.16,0.606900,1.00,-881.483,73.394,0.134186,0.283210
1098,2L4G,60.19,0.624500,1.00,-1394.667,65.704,0.626490,0.357870
1099,2L4J,66.85,0.628300,1.00,-2826.062,220.077,0.414553,0.546690
1100,2L4U,61.46,0.583000,1.00,-1273.690,91.452,0.411950,0.280290
1101,2L5I,39.29,0.440300,1.00,-962.975,215.389,0.629221,0.143720
1102,2L5J,41.67,0.450300,1.00,-962.975,215.389,0.557352,0.098600
1103,2L5R,81.52,0.783600,1.00,-1539.456,30.755,0.174406,0.371800
1104,2L61,64.42,0.525600,1.00,-1341.052,122.811,0.317296,0.277640
1105,2L62,66.35,0.606100,1.00,-1341.052,122.811,0.431607,0.332750
1106,2L63,61.36,0.665400,1.00,-2544.000,63.083,0.428776,0.384690
1107,2L64,59.09,0.628000,1.00,-2544.000,63.083,0.395435,0.430750
1108,2L6S,47.50,0.490700,1.00,-1053.097,79.384,0.599150,0.118100
1109,2L6T,60.00,0.513700,1.00,-1053.097,79.384,0.484778,0.163550
1110,2L70,63.69,0.655600,1.00,-2964.046,104.727,0.369901,0.489050
1111,2L71,61.31,0.620800,1.00,-2964.046,104.727,0.575679,0.517700
1112,2L77,42.31,0.583300,1.00,-2401.186,193.033,0.763259,0.405050
1113,2L79,47.44,0.442500,1.00,-2401.186,193.033,0.554465,0.308230
1114,2L7C,77.63,0.584200,1.00,-1282.574,27.086,0.236202,0.318370
1115,2L7T,63.64,0.545300,1.00,-471.192,37.209,0.339742,0.235540
1116,2L87,37.96,0.485900,1.00,-1000.985,115.922,0.700230,0.276690
1117,2L8E,68.88,0.658900,1.00,-2982.198,228.565,0.531788,0.603130
1118,2L91,66.28,0.720000,1.00,-3250.280,118.372,0.497324,0.509730
1122,2L9G,84.21,0.769200,1.00,-1342.004,33.651,0.132631,0.293290
1123,2L9X,59.17,0.613700,1.00,-1995.412,160.712,0.445949,0.349580
1124,2L9Z,63.46,0.706000,1.00,-2470.991,201.798,0.587650,0.519600
1125,2LA0,67.50,0.651800,1.00,-2199.381,47.068,0.372048,0.419550
1126,2LAM,88.79,0.739400,1.00,-2069.467,159.701,0.224499,0.724990
1127,2LAQ,35.42,0.449200,1.00,-1967.985,239.856,0.650710,0.214950
1128,2LAT,67.57,0.726900,1.00,-2995.500,78.524,0.454458,0.562030
1129,2LB7,76.14,0.666200,1.00,-3098.703,228.787,0.224054,0.616820
1130,2LBG,83.33,0.876500,1.00,-1206.368,19.644,0.157384,0.508250
1131,2LBZ,45.16,0.472800,1.00,-2350.699,83.986,0.532430,0.311660
1132,2LCM,75.00,0.687500,1.00,-1857.560,99.733,0.387896,0.435060
1133,2LDE,57.00,0.579900,1.00,-1627.588,112.402,0.602347,0.285940
1134,2LDF,70.83,0.616700,1.00,-1685.097,95.093,0.339658,0.398840
1135,2LDJ,77.50,0.591100,1.00,-1185.846,76.728,0.229872,0.319530
1136,2LDS,77.78,0.620300,1.00,-2142.536,198.585,0.235979,0.558190
1137,2LE3,61.90,0.683600,1.00,-2970.933,149.347,0.422088,0.464890
1138,2LE7,65.00,0.574500,1.00,-1411.044,40.341,0.489756,0.285280
1139,2LER,52.27,0.537700,1.00,-437.811,53.797,0.306265,0.296600
1140,2LET,88.39,0.723400,1.00,-1901.501,139.697,0.120421,0.573540
1141,2LEU,47.30,0.548300,1.00,-1722.772,221.195,0.661743,0.355950
1142,2LEW,82.81,0.658400,1.00,-2003.182,146.084,0.251124,0.613180
1143,2LEY,88.28,0.720700,1.00,-2047.767,161.957,0.184300,0.690380
1144,2LFM,26.88,0.406600,1.00,-1441.205,320.450,1.438923,0.197910
1145,2LG4,95.62,0.818100,1.00,-2690.319,174.082,0.096783,0.867350
1146,2LG5,75.69,0.637100,1.00,-2669.743,167.290,0.316120,0.562420
1147,2LG6,87.50,0.709200,1.00,-2726.125,161.517,0.247235,0.720200
1148,2LI3,58.33,0.497300,1.00,-2257.717,125.057,0.533140,0.435870
1149,2LIC,33.57,0.452300,1.00,-1661.907,179.729,0.767306,0.251900
1150,2LID,27.14,0.517200,1.00,-1187.265,228.934,0.831137,0.228360
1151,2LIF,81.48,0.685300,1.00,-1787.187,140.574,0.322830,0.502190
1152,2LIX,64.81,0.537800,1.00,-1846.267,137.418,0.362589,0.424200
1153,2LIY,64.44,0.583600,1.00,-2912.321,240.922,0.331879,0.537140
1154,2LJ7,79.26,0.685100,1.00,-3377.032,250.647,0.257133,0.683640
1155,2LJQ,44.59,0.516800,1.00,-1652.750,209.892,0.843779,0.350180
1156,2LJS,91.67,0.779500,1.00,-1675.497,143.940,0.267345,0.749990
1157,2LJT,48.65,0.546400,1.00,-1483.774,265.420,0.667602,0.422600
1158,2LK9,55.00,0.552700,1.00,-2191.323,84.685,0.555034,0.503580
1159,2LKE,68.75,0.641200,1.00,-1154.585,108.106,0.485984,0.369690
1160,2LKJ,68.75,0.582500,1.00,-1154.585,108.106,0.468466,0.486690
1161,2LKQ,65.62,0.624200,1.00,-1332.372,72.059,0.405321,0.312210
1162,2LL1,82.58,0.650800,1.00,-2182.783,196.154,0.228452,0.629630
1163,2LL2,39.42,0.487800,1.00,-769.730,226.710,0.749262,0.184370
1164,2LL5,89.77,0.798200,1.00,-1023.833,135.401,0.130398,0.401860
1165,2LLD,80.00,0.657100,1.00,-2619.906,208.198,0.278954,0.670830
1166,2LLM,64.53,0.734300,1.00,-2805.479,107.621,0.528385,0.512630
1167,2LLR,78.41,0.651200,1.00,-1255.593,108.984,0.213319,0.287630
1168,2LM8,40.38,0.427400,1.00,-670.142,47.514,0.682678,0.166630
1169,2LMA,80.68,0.665800,1.00,-1351.716,84.271,0.237588,0.364720
1170,2LMB,26.16,0.321900,1.00,-1839.771,226.421,1.001975,0.229360
1171,2LMF,86.96,0.763700,1.00,-1829.348,41.006,0.123289,0.455070
1172,2LMZ,85.12,0.671100,1.00,-4100.861,146.559,0.227236,0.728240
1173,2LNE,59.62,0.470000,1.00,-491.891,78.917,0.445139,0.270980
1174,2LNF,42.31,0.473200,1.00,-491.891,78.917,0.457566,0.199840
1175,2LNG,57.69,0.497100,1.00,-491.891,78.917,0.403596,0.231490
1176,2LO2,84.21,0.693100,1.00,-2248.557,166.159,0.269707,0.679030
1177,2LO3,59.66,0.628500,1.00,-2527.304,305.329,0.790631,0.508530
1178,2LO7,52.42,0.522600,1.00,-2119.077,113.893,0.703987,0.427810
1179,2LQ0,80.00,0.702700,1.00,-1719.450,59.513,0.314587,0.558330
1180,2LQ1,47.00,0.453800,1.00,-1249.219,93.852,0.717615,0.285180
1181,2LQ2,61.67,0.674400,1.00,-1309.626,114.673,0.537684,0.419730
1182,2LQA,86.49,0.705600,1.00,-2751.917,320.304,0.203485,0.708860
1183,2LQX,85.98,0.661300,1.00,-3374.108,113.764,0.280531,0.745920
1184,2LQY,76.25,0.635900,1.00,-1539.638,40.295,0.298359,0.300930
1185,2LR3,79.79,0.604500,1.00,-3202.853,219.821,0.203051,0.702830
1186,2LR5,75.66,0.647200,1.00,-2822.979,175.738,0.283999,0.599140
1187,2LR7,33.62,0.455000,1.00,-2080.055,76.452,0.955515,0.202840
1188,2LRX,60.00,0.561000,1.00,-3182.615,201.049,0.437542,0.417190
1189,2LS1,47.50,0.419700,1.00,-1031.569,109.228,0.446622,0.116440
1190,2LS2,79.00,0.756900,1.00,-1976.597,46.866,0.260310,0.518400
1191,2LS3,89.66,0.768100,1.00,-2581.047,66.813,0.179167,0.712600
1192,2LS4,66.67,0.603000,1.00,-1479.172,30.510,0.410154,0.374200
1193,2LS9,60.00,0.595500,1.00,-1417.560,30.643,0.421957,0.270720
1194,2LSA,56.52,0.637600,1.00,-1369.885,70.325,0.501322,0.220570
1195,2LSQ,75.00,0.547000,1.00,-1456.564,107.852,0.275525,0.300660
1196,2LSW,33.75,0.515100,1.00,-1432.216,175.408,0.995111,0.253850
1197,2LT8,87.50,0.768500,1.00,-3051.125,158.859,0.160454,0.748860
1198,2LTI,31.52,0.518200,1.00,-826.147,108.405,1.110633,0.146930
1200,2LU9,78.23,0.667000,1.00,-2150.441,132.598,0.261153,0.480290
1201,2LUF,78.75,0.605500,1.00,-1071.644,65.987,0.298722,0.438080
1202,2LUG,56.94,0.586400,1.00,-1589.282,203.963,0.725866,0.396490
1203,2LUR,78.45,0.656100,1.00,-1963.853,190.701,0.214649,0.477510
1204,2LUV,59.29,0.583300,1.00,-1474.344,372.903,0.536833,0.437740
1205,2LVG,73.75,0.740500,1.00,-2836.970,79.317,0.325398,0.582590
1206,2LWB,62.50,0.461700,1.00,-1641.923,72.414,0.384892,0.212140
1207,2LWL,72.96,0.670800,1.00,-2962.412,253.663,0.476476,0.632840
1208,2LWQ,90.62,0.764500,1.00,-792.117,89.040,0.146960,0.499580
1209,2LWS,70.83,0.528900,1.00,-519.833,40.858,0.266662,0.281730
1210,2LWT,93.06,0.715600,1.00,-1032.340,85.339,0.164057,0.460250
1211,2LWU,91.67,0.772700,1.00,-651.875,59.551,0.142118,0.534370
1212,2LWV,80.88,0.689200,1.00,-828.454,94.756,0.173643,0.246750
1213,2LX0,70.31,0.652400,1.00,-2884.878,76.863,0.363389,0.488240
1214,2LX4,83.82,0.737500,1.00,-1207.055,42.901,0.219442,0.556500
1215,2LX5,84.72,0.623700,1.00,-1067.677,18.669,0.304273,0.456690
1216,2LX6,34.21,0.446900,1.00,-603.261,106.122,0.852745,0.199800
1217,2LXO,51.70,0.466400,1.00,-3424.247,189.220,0.612410,0.405430
1218,2LXZ,92.19,0.727400,1.00,-2222.328,222.841,0.113185,0.714960
1219,2LYE,87.50,0.669200,1.00,-736.709,115.446,0.160623,0.308700
1220,2LYF,91.67,0.740600,1.00,-983.282,78.939,0.102795,0.448790
1221,2LZI,88.89,0.733800,1.00,-888.462,86.400,0.157107,0.315380
1222,2LZO,72.41,0.716100,1.00,-1683.270,159.688,0.334946,0.438680
1223,2LZP,80.65,0.710900,1.00,-1676.072,104.033,0.318527,0.636070
1224,2LZQ,82.69,0.727400,1.00,-2456.194,98.954,0.223989,0.679270
1225,2LZX,89.19,0.743000,1.00,-2808.410,210.634,0.185576,0.730100
1226,2LZY,85.71,0.740700,1.00,-2367.710,162.577,0.216959,0.668980
1227,2M0H,63.64,0.657300,1.00,-1491.889,37.759,0.552664,0.368720
1228,2M0S,50.00,0.551800,1.00,-1897.564,63.909,0.630268,0.319710
1229,2M0W,64.13,0.617700,1.00,-1424.137,43.257,0.646080,0.302520
1230,2M1A,85.58,0.661000,1.00,-1505.035,48.292,0.128002,0.519440
1231,2M1J,64.17,0.613200,1.00,-2013.979,58.349,0.522441,0.449470
1232,2M1P,72.22,0.599500,1.00,-681.342,86.150,0.387852,0.263000
1233,2M1T,61.36,0.605100,1.00,-1527.322,46.771,0.484886,0.281440
1234,2M2G,87.50,0.732600,1.00,-778.046,74.477,0.183816,0.431830
1235,2M2H,84.72,0.664100,1.00,-629.307,69.075,0.168930,0.260140
1236,2M2Q,95.31,0.811000,1.00,-2414.342,283.296,0.101242,0.761100
1237,2M2R,75.00,0.636200,1.00,-2241.778,228.113,0.254498,0.524470
1238,2M2S,69.44,0.635400,1.00,-606.789,72.649,0.424234,0.245000
1239,2M2X,30.56,0.287200,1.00,-893.618,15.289,1.006884,0.117820
1240,2M2Y,86.11,0.700000,1.00,-830.359,90.428,0.161981,0.321010
1241,2M36,84.21,0.711700,1.00,-2015.251,155.621,0.259743,0.698800
1242,2M37,42.11,0.555200,1.00,-675.222,91.007,0.961785,0.155230
1243,2M3F,85.23,0.722000,1.00,-1647.529,63.662,0.138134,0.493580
1244,2M3J,85.61,0.715100,1.00,-2349.221,195.052,0.194809,0.645150
1245,2M3N,70.83,0.602200,1.00,-886.566,99.862,0.276686,0.260150
1246,2M4X,75.71,0.587600,1.00,-2383.447,192.431,0.231679,0.525050
1247,2M4Z,68.57,0.561800,1.00,-2327.228,194.183,0.268933,0.450640
1248,2M50,80.71,0.672400,1.00,-2476.849,182.422,0.193071,0.614340
1249,2M5L,58.75,0.646400,1.00,-742.956,125.499,0.543696,0.195800
1250,2M5X,93.75,0.833500,1.00,-2671.000,196.891,0.214370,0.853710
1251,2M5Z,92.61,0.752100,1.00,-5355.580,161.497,0.100342,0.830450
1252,2M60,83.14,0.698000,1.00,-5723.192,116.720,0.155590,0.724140
1253,2M62,79.17,0.603900,1.00,-677.763,49.251,0.228701,0.246220
1254,2M6A,80.36,0.647100,1.00,-1851.527,95.237,0.179117,0.476960
1255,2M6O,82.81,0.739700,1.00,-3210.245,266.543,0.283897,0.746200
1256,2M6P,85.87,0.724300,1.00,-3303.899,240.228,0.318167,0.762420
1257,2M73,64.00,0.641800,1.00,-1797.381,55.362,0.355692,0.312600
1258,2M77,90.28,0.721700,1.00,-1022.325,90.977,0.152123,0.436060
1259,2M78,87.50,0.671400,1.00,-1006.679,86.170,0.138812,0.305600
1260,2M79,79.17,0.691400,1.00,-971.176,125.180,0.204597,0.308050
1261,2M7C,90.48,0.701600,1.00,-1237.781,62.308,0.170000,0.396580
1262,2M7D,58.75,0.655500,1.00,-1270.783,39.281,0.808198,0.370310
1263,2M7E,61.54,0.587000,1.00,-1361.377,93.771,0.459886,0.349640
1264,2M7I,35.71,0.398600,1.00,-641.854,47.489,0.666848,0.125290
1265,2M7J,42.86,0.502400,1.00,-178.326,68.807,0.898835,0.112340
1266,2M7P,79.76,0.678600,1.00,-2653.012,188.559,0.247277,0.671730
1267,2M7T,85.61,0.738600,1.00,-1893.089,196.027,0.248503,0.688730
1268,2M7X,44.08,0.565900,1.00,-2045.208,180.708,0.757683,0.328340
1269,2M8F,51.04,0.492000,1.00,-1164.371,118.795,0.695124,0.204240
1270,2M8I,84.30,0.706100,1.00,-2739.989,213.866,0.227195,0.719110
1271,2M8J,77.33,0.676400,1.00,-2797.996,229.587,0.331414,0.665450
1272,2M8M,84.82,0.738800,1.00,-2635.695,51.522,0.206128,0.581810
1273,2M8O,72.32,0.692900,1.00,-2635.695,51.522,0.242217,0.392570
1274,2M96,75.57,0.649500,1.00,-2276.281,237.898,0.491806,0.641730
1275,2M9E,90.91,0.772000,1.00,-2228.951,174.619,0.194821,0.743880
1276,2M9F,77.27,0.714700,1.00,-2228.951,174.619,0.348400,0.546290
1277,2M9I,80.88,0.706100,1.00,-2301.463,177.826,0.284331,0.627560
1278,2M9J,83.82,0.713200,1.00,-2301.463,177.826,0.285385,0.669750
1279,2M9L,90.71,0.732900,1.00,-2404.299,173.749,0.341998,0.797170
1280,2M9O,90.52,0.740200,1.00,-1996.281,165.981,0.218835,0.717100
1281,2M9R,25.62,0.393100,1.00,-1441.205,320.450,1.721096,0.178460
1282,2M9S,26.25,0.407600,1.00,-1441.205,320.450,1.851266,0.254220
1283,2MAA,80.77,0.660400,1.00,-653.568,62.468,0.184376,0.354590
1284,2MAE,62.50,0.583300,1.00,-1388.406,151.940,0.565019,0.353680
1285,2MAU,53.33,0.471300,1.00,-1989.676,172.615,0.454897,0.252460
1286,2MBD,94.44,0.764600,1.00,-1648.188,81.244,0.082552,0.668070
1287,2MBY,61.96,0.606900,1.00,-3489.388,155.339,0.559812,0.455620
1288,2MCE,75.00,0.663500,1.00,-1111.878,69.147,0.269573,0.313560
1289,2MD1,76.47,0.583200,1.00,-928.915,57.546,0.299467,0.478940
1290,2MD2,75.00,0.612000,1.00,-486.613,29.997,0.206813,0.384930
1291,2MD4,95.83,0.763300,1.00,-802.018,20.425,0.066136,0.529220
1292,2MD6,72.22,0.603100,1.00,-979.146,65.931,0.332801,0.268570
1293,2MDC,43.75,0.465900,1.00,-2926.417,321.528,0.755159,0.350390
1294,2MDL,41.67,0.411200,1.00,-1305.879,128.349,0.669115,0.150280
1295,2MDU,87.93,0.696000,1.00,-1875.954,174.831,0.189747,0.654720
1296,2ME1,62.96,0.539600,1.00,-2446.431,51.051,0.360569,0.359250
1297,2ME2,54.63,0.561800,1.00,-2295.592,61.927,0.431769,0.394620
1298,2ME3,64.81,0.554300,1.00,-2399.878,58.294,0.342680,0.313910
1299,2ME4,54.63,0.596700,1.00,-2436.261,54.093,0.428387,0.368560
1300,2ME7,92.42,0.779400,1.00,-2269.251,142.311,0.224340,0.795450
1301,2MEL,89.39,0.744600,1.00,-2329.271,113.826,0.151885,0.753010
1302,2MEN,83.33,0.691400,1.00,-2124.094,134.150,0.298675,0.621410
1303,2MEO,81.06,0.662300,1.00,-2262.168,143.995,0.373802,0.580570
1304,2MF3,62.77,0.447000,1.00,-3527.323,221.234,0.624104,0.542940
1305,2MFM,40.00,0.506300,1.00,-415.398,73.308,0.720477,0.146840
1306,2MFO,40.00,0.487200,1.00,-346.179,79.844,0.875586,0.151280
1307,2MFP,62.10,0.588700,1.00,-1278.492,192.958,0.557766,0.363720
1308,2MFS,82.86,0.716000,1.00,-2482.037,177.523,0.179228,0.691530
1309,2MFV,37.50,0.549100,1.00,-120.984,50.201,0.990441,0.182950
1310,2MG1,75.93,0.731800,1.00,-1779.299,66.784,0.280459,0.479270
1311,2MG2,81.25,0.718200,1.00,-2250.993,83.069,0.226398,0.604340
1312,2MG3,66.07,0.643700,1.00,-2250.993,83.069,0.421814,0.409300
1313,2MH1,82.58,0.697200,1.00,-1982.079,190.013,0.364266,0.664500
1314,2MHU,65.83,0.551100,1.00,-1908.865,203.960,0.407805,0.450240
1315,2MHW,50.93,0.632900,1.00,-1716.953,41.581,0.713988,0.316280
1316,2MI1,44.64,0.460600,1.00,-865.608,30.931,0.598930,0.189750
1317,2MI9,40.00,0.421700,1.00,-1865.760,216.642,0.810677,0.268160
1318,2MIA,40.00,0.422500,1.00,-1865.760,216.642,0.796269,0.185240
1319,2MID,41.67,0.537300,1.00,-376.036,66.812,0.729047,0.353680
1320,2MIE,35.42,0.531300,1.00,-324.377,60.502,0.692789,0.227890
1321,2MIF,43.75,0.469200,1.00,-283.880,62.375,0.588045,0.266440
1322,2MIG,43.75,0.485800,1.00,-374.257,62.110,0.669159,0.200030
1323,2MIH,39.29,0.464600,1.00,-388.112,59.384,0.805548,0.288020
1324,2MIJ,72.30,0.578700,1.00,-2665.035,222.432,0.290328,0.526140
1325,2MIX,70.24,0.658500,1.00,-1067.890,92.526,0.602516,0.314440
1326,2MJ1,40.28,0.397600,1.00,-592.853,138.157,0.681247,0.135710
1327,2MJ2,64.58,0.649000,1.00,-2381.282,155.503,0.634763,0.520510
1328,2MJ9,67.95,0.674600,1.00,-2628.637,129.981,0.458189,0.515740
1329,2MJC,67.65,0.682200,1.00,-1715.446,234.182,0.810181,0.553260
1330,2MJK,94.51,0.775300,1.00,-3967.443,206.091,0.092613,0.837920
1331,2MKB,85.00,0.738200,1.00,-2026.671,102.155,0.183329,0.543840
1332,2ML7,81.45,0.680900,1.00,-2348.203,138.069,0.164271,0.533520
1333,2MLA,91.22,0.750700,1.00,-2653.315,148.132,0.103051,0.776940
1334,2MLD,89.86,0.763700,1.00,-2551.266,140.060,0.117114,0.744790
1335,2MLJ,33.33,0.440500,1.00,-877.175,55.611,0.966456,0.090750
1336,2MLO,87.50,0.662200,1.00,-1219.147,44.401,0.164080,0.449270
1337,2MLQ,81.25,0.568300,1.00,-1219.147,44.401,0.200210,0.313590
1338,2MLU,60.00,0.531200,1.00,-1836.641,100.957,0.500396,0.412970
1339,2MLV,58.33,0.535600,1.00,-1836.641,100.957,0.593391,0.453320
1340,2MM5,85.00,0.678800,1.00,-2061.044,196.028,0.151103,0.572890
1341,2MM6,85.83,0.665000,1.00,-2244.886,238.703,0.189712,0.576270
1342,2MMM,69.44,0.734900,1.00,-2028.559,64.147,0.275947,0.462730
1343,2MMT,33.33,0.424000,1.00,-1124.658,116.309,0.977556,0.113620
1344,2MMW,50.00,0.505800,1.00,-948.067,95.040,0.638857,0.188110
1345,2MN1,93.33,0.793300,1.00,-2089.036,178.807,0.083990,0.747570
1346,2MN3,33.52,0.385600,1.00,-1979.483,272.132,0.942197,0.245160
1347,2MOC,90.91,0.758200,1.00,-448.058,27.856,0.133716,0.510710
1348,2MOF,55.95,0.635100,1.00,-2707.659,178.876,0.554076,0.539470
1349,2MPJ,82.00,0.661600,1.00,-1258.842,117.530,0.276244,0.436890
1350,2MPQ,94.44,0.786000,1.00,-2258.003,283.484,0.109538,0.829520
1351,2MQ2,41.07,0.427100,1.00,-390.268,36.253,0.658085,0.274050
1352,2MQ4,36.36,0.491600,1.00,-118.077,68.247,0.778495,0.166320
1353,2MQ5,55.00,0.473000,1.00,-125.898,43.339,0.346419,0.282490
1354,2MQF,99.26,0.808100,1.00,-2203.814,130.485,0.055634,0.891270
1355,2MQU,95.71,0.762200,1.00,-2417.995,152.908,0.081265,0.814140
1356,2MR9,91.48,0.772400,1.00,-4177.282,118.524,0.153646,0.816970
1357,2MRB,63.71,0.546600,1.00,-1926.224,239.185,0.412362,0.420960
1358,2MRF,84.85,0.722300,1.00,-2204.584,132.519,0.188533,0.620190
1359,2MRT,62.50,0.565400,1.00,-1939.218,139.693,0.328472,0.373100
1360,2MRW,37.50,0.311100,1.00,-3460.739,138.859,1.076900,0.394080
1361,2MSF,51.72,0.460000,1.00,-1681.573,254.199,0.669979,0.438390
1362,2MSO,77.50,0.615000,1.00,-2033.486,152.925,0.269526,0.516130
1363,2MSQ,85.19,0.653500,1.00,-1858.804,141.340,0.244560,0.599610
1364,2MSU,55.00,0.524700,1.00,-1061.441,69.385,0.449666,0.337940
1365,2MT7,93.57,0.791800,1.00,-2236.271,166.550,0.103620,0.802510
1366,2MT8,78.85,0.657300,1.00,-2299.864,194.897,0.292031,0.628630
1367,2MTM,53.95,0.488600,1.00,-1023.422,108.027,0.416921,0.186310
1368,2MTO,73.08,0.537800,1.00,-677.867,45.919,0.269243,0.348540
1369,2MTT,73.08,0.487400,1.00,-684.317,34.501,0.348450,0.347960
1370,2MTU,73.08,0.453200,1.00,-684.317,34.501,0.431100,0.320650
1371,2MTW,38.75,0.442000,1.00,-780.445,109.681,0.589367,0.208290
1372,2MTY,53.75,0.547300,1.00,-1154.555,78.217,0.462484,0.162730
1373,2MU6,85.00,0.668700,1.00,-1407.310,59.489,0.185618,0.349740
1374,2MU7,82.50,0.656000,1.00,-1176.765,57.262,0.229008,0.286070
1375,2MU8,42.50,0.451100,1.00,-1290.371,56.466,0.532682,0.128470
1376,2MU9,73.75,0.660500,1.00,-1320.775,66.133,0.433094,0.356220
1377,2MUA,77.38,0.697200,1.00,-1232.918,73.603,0.283618,0.450390
1378,2MUB,90.48,0.719800,1.00,-3625.739,208.837,0.199129,0.820240
1379,2MUE,73.75,0.670300,1.00,-1305.959,52.978,0.308418,0.335650
1380,2MUF,90.00,0.709500,1.00,-1235.341,56.374,0.160870,0.371010
1381,2MUH,92.19,0.720900,1.00,-691.544,97.977,0.138685,0.426470
1382,2MUJ,69.05,0.611300,1.00,-1303.249,48.467,0.334296,0.360880
1383,2MUN,95.11,0.772600,1.00,-4110.404,143.518,0.082693,0.886870
1384,2MUQ,73.30,0.717000,1.00,-2864.391,175.007,0.485491,0.659350
1385,2MV6,58.67,0.667300,1.00,-3725.683,219.052,0.689835,0.512680
1386,2MVA,60.19,0.532600,1.00,-1514.699,151.958,0.484833,0.310400
1387,2MVH,75.00,0.564100,1.00,-1637.064,112.593,0.290305,0.467010
1388,2MVI,42.44,0.408500,1.00,-3226.375,259.244,0.529872,0.331530
1389,2MVJ,85.58,0.663200,1.00,-1979.520,46.661,0.185580,0.607850
1390,2MVK,46.15,0.510500,1.00,-1388.406,151.940,0.691637,0.283810
1391,2MVL,62.50,0.605800,1.00,-1388.406,151.940,0.568521,0.302840
1392,2MVM,50.57,0.610000,1.00,-2400.583,157.671,1.119632,0.469540
1393,2MVN,60.80,0.672200,1.00,-2400.583,157.671,0.575048,0.502050
1394,2MVT,84.57,0.673700,1.00,-4103.485,177.426,0.226149,0.762780
1395,2MW0,88.79,0.706700,1.00,-1894.078,143.133,0.201847,0.645400
1396,2MW3,39.29,0.500500,1.00,-993.081,87.479,1.036307,0.108690
1397,2MW7,65.54,0.554300,1.00,-2410.524,292.166,0.437675,0.519230
1398,2MW9,81.76,0.701400,1.00,-2288.104,204.491,0.255717,0.646650
1399,2MWA,76.35,0.655800,1.00,-2653.616,181.597,0.434143,0.589190
1400,2MWB,80.41,0.683700,1.00,-2519.422,154.099,0.236604,0.667850
1401,2MWD,87.50,0.714100,1.00,-1731.651,135.620,0.109634,0.590690
1402,2MWE,83.93,0.687100,1.00,-1677.868,162.823,0.132316,0.521170
1403,2MWF,86.72,0.711600,1.00,-2004.243,170.416,0.129374,0.646800
1404,2MWJ,93.75,0.828300,1.00,-2416.187,161.542,0.103439,0.788740
1405,2MWK,94.44,0.840400,1.00,-2416.187,161.542,0.087130,0.804720
1406,2MWL,62.50,0.573700,1.00,-690.624,60.929,0.383695,0.214790
1407,2MWT,61.03,0.613200,1.00,-2076.362,110.929,0.502100,0.427190
1408,2MX4,87.78,0.731800,1.00,-3059.946,240.742,0.241327,0.774030
1409,2MXG,65.62,0.584400,1.00,-690.624,60.929,0.366412,0.243090
1410,2MXH,54.69,0.502400,1.00,-690.624,60.929,0.589180,0.239910
1411,2MXM,98.48,0.819000,1.00,-2292.759,234.591,0.062277,0.873420
1412,2MXO,88.97,0.687800,1.00,-2176.292,144.138,0.146461,0.703670
1413,2MXP,93.94,0.790200,1.00,-2604.048,138.193,0.171779,0.798290
1414,2MXQ,67.65,0.590300,1.00,-2130.461,158.094,0.308732,0.452380
1415,2MXV,76.74,0.653500,1.00,-2543.061,240.969,0.249745,0.600900
1416,2MYH,82.93,0.647000,1.00,-2362.377,208.104,0.277394,0.701040
1417,2MYL,92.50,0.755800,1.00,-1539.440,60.201,0.098756,0.436490
1418,2MYM,58.75,0.521100,1.00,-1430.856,72.755,0.419137,0.300190
1419,2MZ2,67.65,0.512600,1.00,-995.732,65.626,0.326995,0.263340
1420,2MZ3,70.59,0.530700,1.00,-995.732,65.626,0.378490,0.277940
1421,2MZ4,82.07,0.652800,1.00,-4110.404,143.518,0.179353,0.711770
1422,2MZ7,26.09,0.475200,1.00,-1313.943,373.182,1.260958,0.214310
1423,2MZA,67.65,0.561500,1.00,-995.732,65.626,0.361067,0.271380
1424,2MZX,92.50,0.595800,1.00,-709.708,37.133,0.096553,0.447210
1426,2N0X,37.50,0.526100,1.00,-454.699,110.069,0.873362,0.233600
1427,2N16,73.75,0.556700,1.00,-1200.708,101.505,0.300842,0.245060
1428,2N1C,67.39,0.576300,1.00,-1397.484,80.713,0.448272,0.339410
1429,2N1N,92.14,0.744100,1.00,-2554.065,156.452,0.107872,0.762340
1430,2N1P,70.00,0.619200,1.00,-1955.992,106.828,0.362940,0.498300
1431,2N1S,94.17,0.779900,1.00,-1878.337,97.148,0.098594,0.746990
1432,2N24,81.45,0.644100,1.00,-2050.356,167.229,0.258915,0.634690
1433,2N2C,40.70,0.596700,1.00,-2199.385,136.873,0.684806,0.341620
1434,2N2F,71.15,0.570300,1.00,-501.769,65.771,0.452837,0.290140
1435,2N2G,90.15,0.735900,1.00,-2207.480,236.121,0.160403,0.694400
1436,2N2S,78.91,0.642000,1.00,-2674.452,109.443,0.244422,0.535850
1437,2N3P,92.97,0.765900,1.00,-2076.324,156.730,0.109585,0.737900
1438,2N4K,65.70,0.585400,1.00,-2136.076,122.641,0.360157,0.475650
1439,2N4R,85.14,0.727300,1.00,-2614.316,156.637,0.400274,0.716010
1440,2N4S,84.46,0.733700,1.00,-2330.237,172.259,0.347340,0.713360
1441,2N4T,82.43,0.727500,1.00,-2502.528,185.084,0.282392,0.680780
1442,2N4U,82.43,0.700800,1.00,-2634.994,158.799,0.190978,0.656790
1443,2N4V,75.68,0.706300,1.00,-2348.154,185.832,0.495297,0.595000
1444,2N4W,89.19,0.774000,1.00,-2722.835,164.161,0.155266,0.748720
1445,2N58,80.83,0.654200,1.00,-2525.089,70.959,0.201210,0.583180
1446,2N5C,33.33,0.440900,1.00,-695.845,50.930,0.851687,0.163630
1447,2N5J,81.63,0.681900,1.00,-4775.238,158.554,0.248824,0.743290
1448,2N5K,81.90,0.675300,1.00,-1563.295,137.875,0.271860,0.573330
1449,2N5Q,86.11,0.703200,1.00,-1839.540,144.126,0.182577,0.610020
1450,2N5R,93.75,0.707100,1.00,-647.307,30.806,0.163433,0.485120
1451,2N63,46.88,0.483300,1.00,-690.624,60.929,0.522317,0.249850
1452,2N68,36.96,0.542700,1.00,-826.147,108.405,0.940662,0.127450
1453,2N6B,72.06,0.549800,1.00,-2478.504,167.240,0.258448,0.539780
1454,2N6M,71.43,0.715500,1.00,-1230.591,54.203,0.255935,0.296950
1455,2N6N,85.16,0.712000,1.00,-1916.384,258.191,0.146841,0.610220
1456,2N6O,82.86,0.652500,1.00,-2413.163,176.619,0.370307,0.664530
1457,2N6U,27.50,0.389800,1.00,-1304.512,33.477,0.908258,0.199380
1458,2N6V,41.67,0.468900,1.00,-1164.371,118.795,0.657418,0.163840
1459,2N7F,76.56,0.600600,1.00,-2661.418,237.754,0.227736,0.525650
1460,2N7I,66.89,0.698600,1.00,-3073.817,35.089,0.379728,0.586230
1461,2N85,70.12,0.708100,1.00,-2676.460,109.982,0.264891,0.637380
1462,2N8B,58.33,0.520500,1.00,-2260.566,247.316,0.478360,0.401850
1463,2N8E,69.85,0.590500,1.00,-1780.115,205.008,0.399852,0.471670
1464,2N8H,78.57,0.618800,1.00,-2242.159,142.288,0.247118,0.574480
1465,2N8S,83.33,0.744200,1.00,-2452.864,157.199,0.306986,0.705610
1466,2N8U,73.72,0.669200,1.00,-1883.038,222.252,0.398269,0.607880
1467,2N92,51.61,0.528100,1.00,-1803.524,92.813,0.711093,0.423530
1468,2N94,86.98,0.762700,1.00,-3142.829,200.519,0.217534,0.787450
1469,2N95,84.69,0.787800,1.00,-3084.160,275.169,0.278948,0.752440
1470,2N9C,37.50,0.458800,1.00,-454.956,81.703,0.709386,0.089850
1471,2N9M,67.19,0.602800,1.00,-690.624,60.929,0.433772,0.275280
1472,2N9N,60.94,0.554900,1.00,-690.624,60.929,0.440855,0.301220
1473,2N9O,79.17,0.771600,1.00,-2916.106,247.293,0.557582,0.725040
1474,2N9T,78.33,0.617300,1.00,-1911.459,170.408,0.231221,0.478530
1475,2N9Z,80.36,0.719600,1.00,-2255.206,288.027,0.483469,0.688820
1476,2NA3,87.50,0.587600,1.00,-820.379,27.329,0.177663,0.597240
1477,2NA8,63.64,0.628300,1.00,-3471.146,199.618,0.457234,0.485640
1478,2NA9,70.45,0.686400,1.00,-3982.349,89.122,0.391944,0.647820
1479,2NAB,73.17,0.688400,1.00,-2783.279,308.285,0.373723,0.618380
1480,2NAE,34.88,0.494900,1.00,-2059.803,202.912,0.759592,0.260970
1481,2NAJ,86.36,0.680400,1.00,-2153.133,156.719,0.187261,0.675560
1482,2NAL,89.58,0.681900,1.00,-901.072,27.187,0.198863,0.437030
1483,2NAT,41.96,0.505300,1.00,-2037.855,95.544,0.837971,0.240290
1484,2NAU,66.96,0.597200,1.00,-1741.791,75.867,0.356201,0.417400
1485,2NAW,62.82,0.570600,1.00,-2922.122,188.573,0.495889,0.506770
1486,2NB2,91.45,0.718000,1.00,-3285.003,103.005,0.120846,0.789940
1487,2NB5,61.76,0.446900,1.00,-852.874,85.239,0.323503,0.288540
1488,2NB6,92.19,0.830100,1.00,-905.885,83.040,0.123675,0.462110
1489,2NB7,72.06,0.583700,1.00,-958.717,30.128,0.476382,0.406240
1490,2NB8,60.19,0.524400,1.00,-1848.804,80.926,0.672623,0.423210
1491,2NB9,81.63,0.724600,1.00,-3389.696,251.883,0.361111,0.735090
1492,2NC3,90.91,0.803700,1.00,-2228.951,174.619,0.103792,0.722590
1493,2NC4,87.12,0.782300,1.00,-2228.951,174.619,0.136483,0.655400
1494,2NC5,93.18,0.792900,1.00,-2228.951,174.619,0.090850,0.775980
1495,2NC6,93.94,0.803600,1.00,-2228.951,174.619,0.148786,0.757000
1496,2NC7,76.39,0.685400,1.00,-971.470,103.201,0.228919,0.297510
1497,2NCS,71.53,0.668900,1.00,-2877.583,103.372,0.309746,0.573850
1498,2NCT,72.22,0.687400,1.00,-2877.583,103.372,0.272024,0.595500
1499,2NCU,64.29,0.558500,1.00,-1390.357,59.719,0.388588,0.239630
1500,2NCV,60.71,0.588900,1.00,-1555.410,47.830,0.560555,0.288120
1501,2NCW,62.50,0.640600,1.00,-1708.926,42.013,0.403975,0.358000
1502,2NCX,81.25,0.794600,1.00,-1617.174,38.303,0.185701,0.542620
1503,2NCY,66.67,0.661200,1.00,-1617.178,44.820,0.488242,0.418260
1504,2ND2,86.36,0.708300,1.00,-3779.543,141.244,0.166943,0.753980
1505,2ND3,97.37,0.776900,1.00,-2897.272,184.724,0.075394,0.854060
1506,2ND6,73.53,0.628600,1.00,-1176.216,51.388,0.258492,0.299410
1507,2ND7,72.06,0.620400,1.00,-1176.216,51.388,0.350284,0.257060
1508,2ND8,66.18,0.553300,1.00,-1176.216,51.388,0.410783,0.276550
1509,2NDB,62.24,0.477600,1.00,-3192.654,249.868,0.411356,0.547610
1510,2NDC,69.44,0.578300,1.00,-1072.850,24.708,0.413298,0.338770
1511,2NDE,56.94,0.547400,1.00,-1042.244,27.019,0.451549,0.231610
1512,2NDI,45.65,0.495200,1.00,-2477.925,349.144,0.666831,0.295770
1513,2NDK,45.31,0.714900,1.00,-3015.857,51.570,0.989413,0.378800
1514,2NDL,71.88,0.659200,1.00,-855.903,117.005,0.247802,0.237400
1515,2NDM,50.00,0.493100,1.00,-699.079,56.071,0.517809,0.260790
1516,2NDN,79.69,0.719200,1.00,-828.929,85.094,0.207460,0.297450
1517,2NOR,92.50,0.658700,1.00,-463.051,38.326,0.115568,0.365320
1518,2NOU,90.00,0.668900,1.00,-514.592,26.716,0.114693,0.394350
1519,2NR1,79.63,0.699600,1.00,-1605.092,100.367,0.285680,0.553470
1520,2NS4,66.07,0.522900,1.00,-422.563,82.918,0.283871,0.388780
1521,2NVJ,62.00,0.544700,1.00,-1723.634,86.885,0.397705,0.254720
1522,2NX6,65.74,0.591100,1.00,-1482.307,185.932,0.379024,0.331750
1523,2NX7,51.79,0.517300,1.00,-1738.275,118.606,0.661086,0.254070
1526,2NZ3,62.50,0.569700,1.00,-3068.794,189.131,0.481865,0.426270
1527,2NZZ,37.16,0.479600,1.00,-2938.144,76.888,1.183514,0.212390
1528,2O00,36.49,0.453500,1.00,-2938.144,76.888,0.995317,0.240130
1529,2O0S,66.67,0.513400,1.00,-671.056,44.948,0.375977,0.308490
1530,2OBU,57.74,0.670400,1.00,-2964.046,104.727,0.563613,0.517790
1532,2OJM,97.73,0.760600,1.00,-1426.240,37.638,0.064596,0.527960
1533,2OJN,72.73,0.583000,1.00,-1414.013,59.134,0.354149,0.378650
1534,2OJO,82.95,0.773700,1.00,-1628.102,34.845,0.177622,0.512900
1535,2OP7,48.72,0.457300,1.00,-2486.231,219.756,1.002440,0.345590
1536,2OQ9,50.00,0.549500,1.00,-1159.764,97.864,0.530193,0.202010
1537,2ORU,73.75,0.626900,1.00,-1276.831,87.061,0.298525,0.248760
1538,2OVN,91.18,0.693900,1.00,-1184.599,32.879,0.184434,0.498210
1539,2OYV,75.00,0.568000,1.00,-435.305,73.247,0.270130,0.259970
1540,2OYW,88.46,0.634300,1.00,-435.305,73.247,0.138806,0.262460
1541,2P4L,58.70,0.407100,1.00,-3183.848,210.810,0.600095,0.479020
1542,2P5J,47.06,0.414300,1.00,-854.160,67.040,0.768084,0.171270
1543,2P81,67.05,0.578700,1.00,-3160.050,167.875,0.436304,0.540870
1544,2PCO,75.96,0.660600,1.00,-1464.857,52.394,0.402484,0.589900
1545,2PDD,82.56,0.682500,1.00,-3507.345,233.485,0.268298,0.709610
1546,2PDE,33.14,0.365300,1.00,-3507.345,233.485,0.723197,0.357840
1547,2PJV,57.26,0.565900,1.00,-963.103,185.166,0.459090,0.341700
1548,2PO8,74.26,0.660200,1.00,-1871.336,236.594,0.378067,0.559110
1549,2PPZ,72.92,0.599000,1.00,-3003.457,112.742,0.335781,0.509840
1550,2PTA,90.00,0.716400,1.00,-2481.826,202.914,0.160688,0.743060
1551,2PV6,65.91,0.616800,1.00,-2065.927,69.424,0.406063,0.367850
1552,2RLG,84.72,0.597000,1.00,-1116.373,44.460,0.286467,0.510980
1553,2RLH,83.33,0.623800,1.00,-1116.373,44.460,0.291687,0.385230
1554,2RLJ,54.69,0.512900,1.00,-658.161,60.174,0.529018,0.194400
1555,2RLW,75.74,0.716400,1.00,-2124.359,62.868,0.312137,0.563510
1557,2RMF,66.88,0.725400,1.00,-3095.894,106.275,0.304691,0.599050
1558,2RMG,51.32,0.690600,1.00,-2789.701,70.384,0.624472,0.328560
1559,2RMH,58.55,0.646900,1.00,-2645.461,89.127,0.672322,0.497740
1561,2RMV,47.12,0.498000,1.00,-1617.623,110.692,0.514263,0.305070
1562,2RMW,41.35,0.390500,1.00,-1805.618,165.737,0.682122,0.184830
1563,2RMY,71.32,0.706300,1.00,-2219.870,109.359,0.338808,0.541330
1564,2RMZ,68.60,0.700000,1.00,-3148.181,122.456,0.453946,0.699800
1565,2RN0,74.42,0.711500,1.00,-3148.181,122.456,0.280335,0.609260
1566,2RND,74.26,0.703300,1.00,-2219.870,109.359,0.398358,0.558980
1567,2ROO,75.00,0.666800,1.00,-2717.385,193.536,0.308769,0.605770
1568,2RPS,62.50,0.638700,1.00,-1496.009,173.866,0.489640,0.375350
1570,2RQ2,69.17,0.656300,1.00,-2030.163,41.137,0.451520,0.501410
1571,2RQZ,83.55,0.696500,1.00,-2543.052,190.891,0.192922,0.665620
1572,2RR0,76.32,0.644300,1.00,-2543.052,190.891,0.245802,0.574830
1573,2RR2,80.92,0.655700,1.00,-2543.052,190.891,0.183000,0.631450
1574,2RRH,81.03,0.727300,1.00,-2242.097,58.983,0.182642,0.561050
1575,2RRI,69.83,0.682000,1.00,-2242.097,58.983,0.293472,0.438950
1576,2RRS,41.67,0.415800,1.00,-763.275,85.891,0.561280,0.124170
1577,2RSH,72.97,0.656000,1.00,-2183.543,171.413,0.341119,0.570860
1578,2RSW,47.22,0.461500,1.00,-718.613,110.420,0.545257,0.193400
1579,2RT4,54.00,0.538700,1.00,-1111.435,91.908,0.817219,0.231660
1580,2RTY,96.67,0.768600,1.00,-1888.940,108.821,0.074442,0.786600
1581,2RTZ,88.79,0.697500,1.00,-2112.405,120.325,0.150032,0.632650
1582,2RU0,82.64,0.608800,1.00,-2620.181,147.987,0.218705,0.660200
1583,2RUM,42.11,0.461900,1.00,-828.705,96.684,0.496261,0.199230
1584,2RUN,69.44,0.573400,1.00,-1396.050,76.987,0.415794,0.293160
1585,2RUO,82.81,0.707200,1.00,-1029.468,33.939,0.119115,0.392290
1586,2RUT,85.42,0.823700,1.00,-2256.696,160.496,0.279226,0.736780
1587,2RUU,85.42,0.817800,1.00,-1990.153,125.924,0.187469,0.688240
1588,2RUV,81.76,0.774800,1.00,-2183.543,171.413,0.583156,0.738840
1589,2RUW,74.32,0.751300,1.00,-1844.351,171.437,0.503215,0.608550
1590,2RUX,81.25,0.713800,1.00,-2016.041,156.481,0.332736,0.679040
1591,2RUY,75.68,0.740500,1.00,-2129.360,170.443,0.618351,0.598810
1592,2RUZ,84.87,0.829800,1.00,-2277.425,141.300,0.294955,0.763020
1593,2RV0,78.38,0.773300,1.00,-2102.203,167.877,0.724318,0.671580
1594,2RV1,76.35,0.749800,1.00,-2503.910,165.861,0.459365,0.647740
1595,2RV2,82.64,0.808500,1.00,-1903.784,152.258,0.373865,0.720470
1596,2RV3,79.86,0.756300,1.00,-1552.575,134.334,0.388813,0.655360
1597,2RV4,81.76,0.757800,1.00,-2131.905,150.197,0.259698,0.643210
1598,2RV5,82.86,0.824400,1.00,-2006.612,132.673,0.311804,0.709440
1599,2RVD,87.50,0.652100,1.00,-529.894,41.382,0.114710,0.473600
1600,2SH1,72.92,0.635000,1.00,-2758.489,244.225,0.476008,0.652800
1601,2V1V,87.07,0.696900,1.00,-1885.872,145.656,0.147033,0.582430
1602,2VY4,79.73,0.687100,1.00,-2469.853,150.335,0.298135,0.624640
1603,2VY5,77.70,0.691300,1.00,-2469.853,150.335,0.290784,0.613190
1604,2W0T,80.81,0.716100,1.00,-2752.969,164.405,0.304726,0.696940
1605,2W9O,66.85,0.606300,1.00,-2685.644,242.367,0.496952,0.566680
1606,2W9U,67.93,0.629700,1.00,-2658.472,226.531,0.579913,0.578610
1607,2W9V,79.55,0.653500,1.00,-2621.039,279.569,0.373387,0.679220
1608,2W9W,77.27,0.654500,1.00,-2623.950,238.910,0.406414,0.645150
1609,2WH9,86.11,0.748000,1.00,-2482.160,194.846,0.191754,0.709780
1610,2WXC,86.17,0.748300,1.00,-3566.702,213.382,0.254778,0.753130
1611,2XL1,66.67,0.630400,1.00,-1598.181,81.483,0.855371,0.507190
1612,2YRH,63.64,0.700000,1.00,-1937.374,165.702,0.578292,0.537510
1613,2YRJ,64.67,0.702600,1.00,-2027.548,268.598,0.611304,0.586810
1614,2YRM,68.02,0.737000,1.00,-2092.140,210.356,0.552328,0.585860
1615,2YSB,81.12,0.804200,1.00,-2938.073,264.654,0.435906,0.723260
1616,2YSC,78.21,0.753700,1.00,-2338.123,161.342,0.357425,0.616960
1617,2YSF,84.38,0.801000,1.00,-2424.796,176.493,0.432764,0.732780
1618,2YSG,78.75,0.722800,1.00,-2470.188,161.576,0.311470,0.641940
1619,2YSH,71.88,0.683600,1.00,-1978.522,221.591,0.694955,0.611010
1620,2YSI,69.38,0.726800,1.00,-2186.322,210.270,0.740012,0.594720
1621,2YSO,60.33,0.641500,1.00,-2436.776,209.128,0.970892,0.499340
1622,2YSP,67.93,0.692100,1.00,-2130.520,263.168,0.580125,0.599870
1623,2YSV,61.31,0.639700,1.00,-1865.452,189.650,0.543370,0.459920
1624,2YTA,72.56,0.731900,1.00,-1952.538,186.609,0.646716,0.639700
1625,2YTB,70.83,0.756900,1.00,-2010.826,208.099,0.540217,0.581030
1626,2YTD,70.11,0.738900,1.00,-2148.193,188.563,0.711951,0.606160
1627,2YTE,73.21,0.738700,1.00,-2019.057,173.844,0.597310,0.613690
1628,2YTF,71.74,0.715000,1.00,-2130.123,232.015,0.400652,0.575820
1629,2YTG,67.39,0.731800,1.00,-2174.547,232.482,0.822895,0.597710
1630,2YTH,64.13,0.720100,1.00,-1947.112,226.211,0.514286,0.544550
1631,2YTI,67.93,0.723200,1.00,-2131.586,255.747,0.681910,0.563130
1632,2YTJ,65.22,0.716400,1.00,-2367.944,243.974,0.793438,0.581290
1633,2YTK,66.85,0.716200,1.00,-2215.843,221.681,0.662513,0.559490
1634,2YTM,61.41,0.612700,1.00,-1998.034,206.475,0.643411,0.495680
1635,2YTN,63.59,0.703800,1.00,-1931.921,250.909,0.581342,0.557320
1636,2YTO,62.50,0.710800,1.00,-1978.457,244.312,0.982852,0.571100
1637,2YTP,61.41,0.694800,1.00,-2174.076,231.031,0.906295,0.522800
1638,2YTQ,61.41,0.714700,1.00,-2034.108,269.389,0.780399,0.533200
1639,2YTR,66.85,0.705500,1.00,-1913.119,219.778,0.475461,0.556080
1640,2YTS,74.46,0.729900,1.00,-2004.047,243.184,0.356777,0.616160
1641,2YTT,66.85,0.701900,1.00,-2312.187,259.026,0.627005,0.528870
1642,2YU5,67.61,0.703200,1.00,-2256.562,297.082,0.589047,0.567710
1643,2YU8,66.30,0.725100,1.00,-1895.728,316.971,0.690402,0.556260
1644,2YYF,41.67,0.440000,1.00,-604.288,91.734,0.756750,0.160620
1645,2Z3S,77.56,0.636300,1.00,-3064.721,177.331,0.212880,0.599050
1646,2ZAJ,71.94,0.696700,1.00,-2701.859,371.424,0.524256,0.621500
1647,2ZNF,95.83,0.722800,1.00,-892.390,75.418,0.096184,0.525890
1648,3BBG,71.88,0.630900,1.00,-3039.644,178.577,0.270643,0.549830
1649,3CMH,76.67,0.542600,1.00,-956.397,65.107,0.366613,0.379020
1650,3CTI,96.55,0.752600,1.00,-1879.779,165.890,0.072656,0.805550
1651,3LEU,52.70,0.598700,1.00,-1785.346,203.011,0.783933,0.404510
1652,3MRA,86.00,0.773200,1.00,-1936.318,37.539,0.156539,0.525800
1653,3ZNF,85.00,0.694900,1.00,-1881.348,131.241,0.252066,0.633800
1654,4A24,88.30,0.739800,1.00,-3378.676,230.315,0.214424,0.790830
1655,4APD,57.26,0.556200,1.00,-2131.967,53.945,0.471437,0.388310
1656,4B19,73.33,0.756300,1.00,-2390.442,77.817,0.265258,0.431490
1658,4B2U,90.97,0.769600,1.00,-2522.149,201.735,0.195706,0.781400
1659,4B2V,89.84,0.721200,1.00,-2070.624,160.560,0.158720,0.664370
1660,4BMF,86.84,0.717300,1.00,-2306.144,172.978,0.152719,0.717230
1661,4CYK,71.95,0.649800,1.00,-2479.050,184.020,0.462571,0.561760
1662,4ZNF,82.50,0.704500,1.00,-1881.348,131.241,0.271207,0.611210
1663,5A4H,33.33,0.359900,1.00,-2032.399,347.223,1.181303,0.230980
1664,5AAY,87.50,0.752100,1.00,-2054.727,127.965,0.198722,0.735020
1665,5AAZ,82.81,0.757700,1.00,-2038.844,142.203,0.300261,0.623050
1666,5AHT,80.81,0.683600,1.00,-2901.092,239.496,0.366520,0.678800
1667,5FZV,76.56,0.663800,1.00,-1980.009,238.963,0.477844,0.600910
1668,5FZW,81.06,0.776100,1.00,-2211.546,174.974,0.532139,0.694720
1669,5FZX,84.72,0.712100,1.00,-2229.874,168.005,0.283659,0.706220
1671,5GSF,70.37,0.579000,1.00,-1973.933,129.566,0.230855,0.348840
1672,5GVO,33.33,0.528700,1.00,-668.485,143.143,1.089014,0.205910
1673,5H1H,54.69,0.543100,1.00,-543.889,84.636,0.657364,0.241340
1674,5H1I,36.11,0.458500,1.00,-504.810,92.160,0.771890,0.194680
1675,5H2S,82.00,0.657500,1.00,-1342.559,25.296,0.231463,0.515840
1676,5I1X,88.19,0.660500,1.00,-2523.642,161.096,0.146720,0.708490
1677,5I2P,93.06,0.699300,1.00,-2384.324,167.583,0.172497,0.784240
1678,5ID5,76.00,0.702100,1.00,-1684.010,51.279,0.462582,0.510120
1679,5IJ4,89.80,0.793500,1.00,-3437.452,314.124,0.183281,0.817630
1680,5ION,92.24,0.784300,1.00,-2141.420,84.513,0.108025,0.702380
1681,5IPO,72.92,0.578100,1.00,-3175.857,239.491,0.601711,0.654520
1682,5J8T,76.60,0.648500,1.00,-2978.087,253.260,0.211687,0.670620
1683,5JHI,95.71,0.780000,1.00,-2603.415,161.333,0.077874,0.843340
1684,5JI4,98.65,0.815800,1.00,-2886.241,188.563,0.071889,0.897150
1685,5JPL,38.24,0.414000,1.00,-875.958,93.493,0.800523,0.186480
1686,5JPX,81.11,0.621700,1.00,-3147.651,218.092,0.228463,0.693600
1687,5JYH,73.86,0.589100,1.00,-3029.215,317.250,0.655681,0.660150
1688,5KGY,87.50,0.704300,1.00,-1695.080,33.106,0.149538,0.401070
1689,5KGZ,44.32,0.545100,1.00,-3350.350,109.752,0.612615,0.342720
1690,5KHB,86.90,0.653500,1.00,-1539.792,23.752,0.226160,0.391750
1691,5KI0,40.79,0.463500,1.00,-183.476,89.591,0.481398,0.128550
1692,5KKM,88.64,0.782800,1.00,-1241.890,102.902,0.165923,0.484930
1693,5KVN,93.52,0.759700,1.00,-2076.637,154.765,0.100625,0.713160
1694,5KWO,95.19,0.759400,1.00,-1846.602,129.926,0.130540,0.729940
1695,5KWX,84.00,0.666700,1.00,-1383.318,145.268,0.157611,0.425500
1696,5KWZ,99.04,0.796000,1.00,-1904.324,76.738,0.057399,0.773700
1697,5KX0,64.42,0.444700,1.00,-1846.436,72.240,0.424801,0.369750
1698,5KX1,89.77,0.763300,1.00,-1209.558,71.897,0.101149,0.411610
1699,5KX2,94.44,0.716900,1.00,-886.441,95.760,0.100590,0.389740
1700,5L1C,82.64,0.662900,1.00,-2587.725,151.568,0.188059,0.648090
1701,5L82,50.00,0.439100,1.00,-2432.000,196.332,0.626965,0.342940
1702,5LAH,30.56,0.369600,1.00,-3190.615,325.881,0.946397,0.364750
1703,5LBJ,85.71,0.776900,1.00,-2682.955,108.218,0.134624,0.656610
1704,5LCS,64.36,0.590900,1.00,-3397.683,368.232,0.968859,0.563450
1705,5LM0,91.07,0.704100,1.00,-2011.843,67.039,0.126135,0.685760
1706,5LME,80.81,0.687200,1.00,-2493.562,242.797,0.331277,0.678960
1707,5M9U,94.05,0.704200,1.00,-1397.635,111.977,0.125233,0.426610
1708,5N5A,36.49,0.565300,1.00,-1086.021,282.585,0.834096,0.198110
1709,5N5B,48.21,0.570800,1.00,-964.013,276.641,0.510738,0.187760
1710,5NAM,63.02,0.698400,1.00,-3826.659,90.353,0.552750,0.553900
1711,5NAO,69.29,0.746900,1.00,-2773.281,63.984,0.574767,0.658600
1712,5NDA,84.85,0.773100,1.00,-2315.702,85.233,0.194264,0.659050
1713,5NVB,40.00,0.506700,1.00,-403.418,63.548,0.515790,0.157020
1714,5OAP,75.00,0.679900,1.00,-794.601,89.745,0.322753,0.383420
1715,5T3M,85.00,0.668100,1.00,-2437.337,152.214,0.176499,0.725290
1716,5T42,38.83,0.591200,1.00,-3294.700,152.417,1.020171,0.397270
1717,5T4R,87.86,0.703500,1.00,-2336.500,182.023,0.346336,0.731950
1718,5T7Q,77.38,0.681000,1.00,-1136.620,89.835,0.564604,0.503290
1719,5TCZ,70.31,0.500800,1.00,-1948.867,210.242,0.314323,0.460060
1720,5TJ1,38.16,0.505100,1.00,-743.670,97.109,0.910263,0.146880
1721,5TX8,96.43,0.777200,1.00,-2012.591,95.451,0.104645,0.802120
1722,5UG3,73.68,0.584600,1.00,-966.019,109.665,0.279293,0.369360
1723,5UG5,71.05,0.627300,1.00,-1118.054,79.734,0.455069,0.374130
1724,5UI6,37.50,0.404600,1.00,-928.038,35.412,0.872705,0.130670
1725,5UI7,44.74,0.450500,1.00,-735.374,94.729,0.662694,0.127760
1726,5UJG,78.12,0.660700,1.00,-1488.404,113.024,0.199025,0.317760
1727,5UJH,60.87,0.496000,1.00,-1317.782,151.603,0.384149,0.200870
1728,5UJQ,78.45,0.688400,1.00,-1838.536,68.433,0.220261,0.526510
1729,5UJR,65.91,0.610800,1.00,-2060.204,70.630,0.599094,0.449640
1730,5UKZ,53.98,0.528300,1.00,-2255.925,277.816,0.861792,0.485840
1731,5UOI,89.53,0.672200,1.00,-3753.494,140.560,0.176991,0.802930
1732,5UP5,84.38,0.631900,1.00,-3260.243,254.476,0.172889,0.683890
1733,5UY2,47.50,0.509400,1.00,-1283.026,69.447,0.530549,0.131540
1734,5UZL,34.09,0.462200,1.00,-1339.256,244.249,0.992641,0.238710
1735,5V0Y,98.81,0.744700,1.00,-1476.640,90.784,0.056459,0.568810
1736,5V11,88.10,0.726400,1.00,-1232.942,166.815,0.122580,0.311840
1737,5V2B,56.25,0.581100,1.00,-1342.345,35.422,0.462603,0.134880
1738,5V4C,45.59,0.494800,1.00,-270.338,105.225,0.534882,0.166800
1739,5V4U,75.62,0.698300,1.00,-2838.066,110.532,0.284365,0.563920
1740,5VAV,94.64,0.754100,1.00,-613.011,71.077,0.093491,0.379470
1741,5VFW,55.00,0.446700,1.00,-1957.018,49.711,0.465012,0.292150
1742,5VL6,39.71,0.448300,1.00,-260.600,124.168,0.573898,0.106750
1743,5VR5,55.00,0.497500,1.00,-1242.526,64.392,0.396020,0.182960
1744,5W54,56.00,0.526200,1.00,-1020.918,194.651,0.509323,0.273140
1745,5W9F,92.07,0.740200,1.00,-3317.515,166.276,0.112174,0.813760
1746,5WCV,68.10,0.548700,1.00,-2052.492,132.694,0.490635,0.523810
1747,5WE3,84.56,0.714800,1.00,-2577.134,187.140,0.150044,0.629280
1748,5WOD,84.87,0.724200,1.00,-3026.834,64.514,0.139855,0.659870
1749,5WOV,77.94,0.681300,1.00,-2034.732,163.424,0.325545,0.601870
1750,5WOW,72.44,0.598200,1.00,-2568.650,180.321,0.483528,0.590380
1751,5WRX,44.23,0.515500,1.00,-405.660,74.037,0.645572,0.248010
1752,5WUZ,66.28,0.559500,1.00,-3083.294,204.209,0.302018,0.484520
1753,5WXE,84.82,0.684700,1.00,-2096.775,153.445,0.199195,0.558300
1754,5WYE,43.75,0.496100,1.00,-706.364,62.893,0.530825,0.293710
1755,5X34,95.14,0.830100,1.00,-2327.692,187.028,0.080884,0.828390
1756,5X35,99.31,0.850700,1.00,-2327.692,187.028,0.054338,0.906990
1757,5X36,98.61,0.845100,1.00,-2327.692,187.028,0.058143,0.895460
1758,5X37,97.92,0.850900,1.00,-2327.692,187.028,0.065142,0.880780
1759,5X38,100.00,0.886200,1.00,-2327.692,187.028,0.047388,0.926750
1760,5X39,97.92,0.862700,1.00,-2402.716,171.976,0.065783,0.869940
1761,5X3C,97.92,0.838300,1.00,-2290.221,158.391,0.074438,0.858810
1762,5X3L,85.00,0.654100,1.00,-1343.699,53.332,0.242324,0.375400
1763,5XA6,73.68,0.587500,1.00,-2631.619,181.561,0.302366,0.535960
1764,5XBD,67.36,0.546900,1.00,-2167.574,177.721,0.300476,0.478530
1765,5XDI,65.62,0.560000,1.00,-3015.236,171.628,0.299942,0.477350
1766,5XDJ,92.86,0.787300,1.00,-1154.238,73.160,0.100382,0.475050
1767,5XEK,72.02,0.607700,1.00,-3454.744,188.797,0.299565,0.561200
1768,5XIV,71.25,0.586200,1.00,-1177.007,112.327,0.265090,0.154620
1769,5XM4,30.88,0.383100,1.00,-867.315,64.227,0.771473,0.185070
1770,5XNG,94.12,0.723600,1.00,-1293.377,34.311,0.102598,0.494050
1771,5XO3,75.00,0.632300,1.00,-868.246,114.982,0.257522,0.236820
1772,5XO4,70.24,0.648200,1.00,-898.139,113.673,0.287432,0.229840
1773,5XO5,65.48,0.599500,1.00,-786.286,95.773,0.524296,0.194970
1774,5XRX,57.35,0.538200,1.00,-1293.377,34.311,0.557330,0.274650
1775,5Y0H,86.90,0.724900,1.00,-1197.893,73.487,0.196321,0.373320
1776,5Y0I,90.48,0.712900,1.00,-1164.093,111.043,0.127556,0.466260
1777,5Y0J,92.86,0.765200,1.00,-1173.116,113.748,0.114312,0.418880
1778,5Y22,85.23,0.750800,1.00,-1459.347,70.473,0.300371,0.479460
1779,5Y3U,81.82,0.706100,1.00,-1459.347,70.473,0.263880,0.345970
1780,5YKK,63.89,0.556200,1.00,-1170.567,50.009,0.394582,0.300660
1781,5YKL,63.16,0.573000,1.00,-1257.796,27.232,0.420216,0.232300
1782,5YKQ,64.47,0.513600,1.00,-1192.989,57.152,0.400898,0.288530
1783,5YZ6,90.82,0.707000,1.00,-4314.280,242.094,0.122459,0.809910
1784,5YZK,92.35,0.762800,1.00,-4360.669,192.546,0.107000,0.841800
1785,5Z1Y,52.38,0.575600,1.00,-970.717,61.888,0.676913,0.253410
1786,5Z26,56.94,0.548800,1.00,-897.840,30.382,0.570502,0.261740
1787,5Z2O,90.28,0.688700,1.00,-1089.373,40.449,0.173981,0.583560
1788,5Z31,40.28,0.466500,1.00,-574.600,112.219,0.692061,0.105280
1789,5Z32,34.72,0.418500,1.00,-577.363,112.000,0.672978,0.098990
1790,5Z5W,75.00,0.610000,1.00,-704.716,31.184,0.251479,0.383130
1791,5Z5X,66.67,0.532800,1.00,-1294.099,46.664,0.394271,0.349700
1792,5ZCN,33.33,0.393100,1.00,-1105.042,57.418,0.835132,0.096620
1793,5ZNF,96.67,0.795800,1.00,-1895.245,151.374,0.104773,0.793220
1794,5ZV6,75.83,0.685700,1.00,-1838.983,150.309,0.232344,0.444090
1795,5ZYX,62.50,0.575900,1.00,-1360.115,62.527,0.537111,0.287130
1796,6A5J,82.69,0.637500,1.00,-630.018,27.781,0.223593,0.384800
1797,6A8Y,26.92,0.425700,1.00,-963.083,173.456,0.765412,0.124660
1798,6AAB,65.48,0.640000,1.00,-898.139,113.673,0.641129,0.271850
1799,6AFQ,82.14,0.666500,1.00,-868.246,114.982,0.258309,0.336070
1800,6AHZ,50.00,0.628500,1.00,-2044.446,146.818,0.662736,0.348780
1801,6AK0,44.05,0.378100,1.00,-1426.281,80.704,0.553715,0.195380
1802,6AX2,83.70,0.716500,1.00,-3039.739,248.690,0.266805,0.723610
1803,6B3U,65.00,0.710200,1.00,-3308.836,107.753,0.381218,0.503440
1804,6B5W,36.84,0.498000,1.00,-743.670,97.109,1.018707,0.194820
1805,6B9K,55.00,0.570000,1.00,-308.332,37.071,0.314295,0.328570
1806,6B9W,80.88,0.656300,1.00,-2828.170,118.315,0.291140,0.621000
1807,6BAM,81.62,0.610900,1.00,-2665.941,112.613,0.251272,0.655870
1808,6BB6,83.09,0.649500,1.00,-2756.249,129.879,0.247348,0.660610
1809,6BEQ,40.00,0.519900,1.00,-256.541,37.678,0.722729,0.184930
1810,6BET,43.75,0.606800,1.00,-342.076,50.765,0.728422,0.195060
1811,6BEU,50.00,0.470700,1.00,-710.716,55.299,0.503699,0.198020
1812,6BI5,83.87,0.700100,1.00,-2487.992,122.647,0.283688,0.649550
1813,6BJF,92.31,0.732700,1.00,-891.044,39.204,0.116905,0.540310
1814,6BUC,94.44,0.803500,1.00,-2352.895,159.596,0.119872,0.845930
1815,6BVU,80.36,0.604000,1.00,-555.519,63.587,0.296791,0.383950
1816,6BVW,73.21,0.589000,1.00,-555.519,63.587,0.381035,0.420060
1817,6BVX,58.93,0.387800,1.00,-710.013,77.228,0.430478,0.309560
1818,6BX9,41.67,0.453400,1.00,-750.604,58.164,0.561059,0.248360
1819,6CEG,95.00,0.687900,1.00,-1588.908,209.442,0.113602,0.769290
1820,6CEI,79.69,0.662000,1.00,-1938.748,148.938,0.278039,0.679150
1821,6CEJ,57.14,0.464400,1.00,-524.813,43.884,0.361953,0.204810
1822,6CFA,85.53,0.672700,1.00,-1144.897,61.970,0.132355,0.348360
1823,6CFB,64.52,0.575500,1.00,-1706.776,147.097,0.391898,0.424600
1825,6CGX,69.32,0.663200,1.00,-1137.907,131.466,0.654450,0.392100
1829,6CJ8,77.94,0.634000,1.00,-1326.075,31.045,0.209820,0.316560
1830,6CKD,89.58,0.733200,1.00,-2752.680,129.982,0.101132,0.757640
1831,6CKF,87.50,0.734400,1.00,-2752.680,129.982,0.141629,0.745320
1832,6CMH,57.14,0.493000,1.00,-1304.019,117.135,0.571029,0.252580
1833,6COO,83.82,0.686100,1.00,-1288.428,38.108,0.136786,0.313080
1834,6COP,85.29,0.628700,1.00,-1316.375,30.027,0.159440,0.363130
1835,6COQ,86.76,0.677800,1.00,-1193.797,32.256,0.162279,0.403010
1836,6COR,88.24,0.712100,1.00,-1184.223,36.150,0.211793,0.469330
1837,6COS,66.18,0.573700,1.00,-1326.075,31.045,0.361728,0.302330
1838,6COT,70.59,0.637900,1.00,-1289.481,29.231,0.316321,0.366610
1839,6COU,77.94,0.664400,1.00,-1193.166,42.819,0.318071,0.495250
1840,6COV,73.53,0.625500,1.00,-1289.481,29.231,0.403405,0.343130
1841,6COW,85.29,0.662400,1.00,-1326.075,31.045,0.229832,0.410480
1842,6CSK,89.47,0.769800,1.00,-1115.296,23.945,0.107618,0.486680
1843,6CSZ,75.00,0.656300,1.00,-780.498,46.807,0.399718,0.505420
1844,6CT1,76.32,0.634200,1.00,-1184.060,83.101,0.280161,0.414050
1845,6CT4,77.63,0.693400,1.00,-992.147,96.010,0.318130,0.452610
1846,6D3T,96.67,0.736400,1.00,-2033.279,111.479,0.080603,0.812420
1847,6D8H,92.97,0.783300,1.00,-2163.459,143.250,0.134813,0.799330
1848,6D8Q,96.77,0.788500,1.00,-2041.409,144.930,0.085408,0.850120
1849,6D8R,90.32,0.708100,1.00,-2096.233,129.325,0.145579,0.712220
1850,6D8S,94.35,0.737400,1.00,-2125.353,111.747,0.105090,0.745340
1851,6D8T,93.55,0.688800,1.00,-2252.254,124.999,0.117185,0.748740
1852,6D8U,94.35,0.711200,1.00,-2058.897,157.723,0.132292,0.763000
1853,6D8Y,91.13,0.708400,1.00,-2059.250,104.516,0.128714,0.715850
1854,6D93,96.77,0.726300,1.00,-2080.168,109.637,0.121635,0.780040
1855,6D9O,91.13,0.697000,1.00,-2210.760,122.381,0.159403,0.713480
1856,6D9P,93.55,0.744800,1.00,-2149.713,119.762,0.103259,0.731670
1857,6DHR,89.66,0.738900,1.00,-1917.389,183.880,0.216549,0.738780
1858,6DMZ,89.89,0.716600,1.00,-3303.002,176.536,0.121512,0.806010
1859,6DST,65.38,0.696800,1.00,-1758.280,52.849,0.327725,0.468760
1860,6DZ9,46.43,0.519800,1.00,-309.280,93.089,1.127642,0.255440
1861,6DZA,42.19,0.533600,1.00,-510.143,101.094,0.918824,0.156090
1862,6DZB,40.62,0.557100,1.00,-489.074,66.213,0.884809,0.230350
1863,6DZC,42.19,0.526700,1.00,-516.584,102.493,1.071911,0.203630
1864,6DZE,40.62,0.503300,1.00,-410.275,96.486,0.985184,0.198110
1865,6E1L,75.00,0.593800,1.00,-1408.245,87.898,0.288007,0.438950
1867,6EFE,74.07,0.638700,1.00,-2086.059,87.199,0.233640,0.391400
1868,6ENA,97.58,0.821600,1.00,-1900.641,181.573,0.070153,0.830290
1869,6F46,45.00,0.550200,1.00,-2648.625,69.224,0.826824,0.385350
1870,6F61,92.74,0.783200,1.00,-1967.959,135.909,0.128391,0.732740
1871,6FGM,87.50,0.716900,1.00,-617.628,100.642,0.154724,0.328120
1872,6FS4,66.94,0.647100,1.00,-2436.080,63.666,0.558154,0.517770
1873,6FS5,61.54,0.677700,1.00,-3187.842,106.060,0.498818,0.497950
1874,6G4I,78.12,0.732700,1.00,-1502.504,92.100,0.202363,0.422900
1875,6G4K,71.88,0.716100,1.00,-1502.504,92.100,0.291834,0.349200
1876,6G4U,62.50,0.707400,1.00,-1502.504,92.100,0.496521,0.393350
1877,6G4V,61.46,0.626500,1.00,-1627.159,62.749,0.439341,0.357330
1878,6G4X,63.54,0.636100,1.00,-1627.159,62.749,0.512718,0.349410
1880,6GIF,79.17,0.688500,1.00,-2049.361,100.365,0.294790,0.551160
1881,6GIG,64.17,0.691500,1.00,-1963.614,124.364,0.448302,0.495310
1882,6GIJ,80.00,0.594200,1.00,-752.957,34.476,0.309427,0.362810
1883,6GIK,61.54,0.557600,1.00,-782.602,20.439,0.320459,0.293850
1884,6GIL,46.15,0.541400,1.00,-669.461,28.542,0.485258,0.206650
1885,6GNZ,73.15,0.711400,1.00,-1799.641,49.585,0.410063,0.429320
1886,6GO0,75.96,0.697300,1.00,-1321.218,64.216,0.370720,0.476650
1887,6GS5,84.62,0.676000,1.00,-975.825,24.827,0.218608,0.432890
1888,6GS9,90.62,0.765400,1.00,-902.089,20.325,0.104132,0.449600
1889,6HH0,65.00,0.650200,1.00,-1587.694,62.380,0.317701,0.312320
1890,6HN9,60.61,0.667300,1.00,-2319.149,48.309,0.617862,0.511720
1891,6HT4,76.25,0.645300,1.00,-879.531,98.142,0.322274,0.238730
1892,6HZ2,72.22,0.691300,1.00,-1582.508,89.578,0.218716,0.476530
1893,6IHA,76.67,0.777200,1.00,-1816.420,51.164,0.267957,0.495460
1894,6ITH,61.59,0.722800,1.00,-3290.631,178.646,0.468422,0.657680
1895,6J12,48.21,0.519600,1.00,-2140.326,58.690,0.909344,0.297360
1896,6J9P,91.67,0.615900,1.00,-649.555,30.340,0.132392,0.417510
1897,6JI7,57.64,0.492600,1.00,-2624.864,191.564,0.396518,0.342950
1898,6JIC,90.28,0.707900,1.00,-2642.464,172.392,0.119281,0.735580
1899,6K4V,40.00,0.348200,1.00,-2351.937,252.643,1.443604,0.284620
1900,6K4W,44.44,0.599000,1.00,-2547.078,206.286,1.157076,0.342390
1901,6K50,91.25,0.752600,1.00,-2971.381,165.619,0.113185,0.798990
1902,6K51,90.62,0.780400,1.00,-2776.283,209.714,0.118715,0.792880
1903,6KLM,77.21,0.606500,1.00,-2507.328,182.350,0.285832,0.549800
1904,6KRA,88.64,0.717400,1.00,-2170.876,200.612,0.171236,0.678030
1905,6L8R,43.18,0.565900,1.00,-748.270,252.638,0.622565,0.215380
1906,6LF5,91.18,0.729200,1.00,-2565.739,166.674,0.109771,0.739560
1907,6M0Y,87.50,0.598200,1.00,-759.126,20.216,0.247405,0.517210
1908,6M19,45.00,0.411900,1.00,-807.825,45.779,0.682164,0.131360
1909,6M56,35.00,0.229000,1.00,-2101.299,141.995,1.355598,0.205950
1910,6M5C,74.36,0.653900,1.00,-2520.306,243.973,0.244362,0.577680
1911,6MBM,92.19,0.703500,1.00,-1208.546,37.559,0.130416,0.480820
1912,6MF8,45.65,0.585500,1.00,-3412.820,110.607,1.232051,0.405570
1913,6MJV,80.47,0.641200,1.00,-1709.363,136.602,0.215089,0.555990
1914,6MK4,94.17,0.672400,1.00,-1827.519,199.154,0.097938,0.740460
1915,6MK5,88.97,0.707400,1.00,-2396.722,194.415,0.173631,0.718690
1916,6MM4,86.36,0.694800,1.00,-2142.841,141.098,0.164702,0.645980
1917,6MW6,42.11,0.434100,1.00,-936.132,48.138,0.923882,0.173520
1918,6MZT,91.22,0.729100,1.00,-2331.295,166.240,0.121114,0.765010
1919,6NK9,86.72,0.721300,1.00,-1948.463,99.013,0.269682,0.686500
1920,6NOM,56.91,0.520500,1.00,-3358.441,293.842,0.551505,0.473430
1921,6NOX,98.21,0.728800,1.00,-648.314,74.220,0.066154,0.567050
1922,6NUG,81.25,0.621200,1.00,-1540.465,113.178,0.187096,0.366650
1923,6NW8,62.96,0.544400,1.00,-1773.188,161.612,0.479456,0.402530
1924,6O3Q,88.27,0.769300,1.00,-3839.165,163.314,0.264850,0.811800
1925,6O3S,78.72,0.664500,1.00,-3783.205,117.394,0.244510,0.692020
1931,6OBK,64.53,0.548900,1.00,-4603.328,172.234,0.314449,0.565980
1932,6OBW,64.71,0.525600,1.00,-1260.525,45.726,0.448157,0.256400
1933,6OC2,48.53,0.470600,1.00,-1275.055,37.932,0.451611,0.219150
1934,6OC4,66.18,0.548700,1.00,-1155.495,43.363,0.406418,0.332180
1935,6OFA,90.91,0.754100,1.00,-2830.891,118.673,0.163053,0.721500
1936,6OLD,63.24,0.535700,1.00,-1155.495,43.363,0.474976,0.240950
1937,6OQP,71.15,0.559700,1.00,-658.284,61.265,0.282048,0.273690
1938,6OTA,56.25,0.510600,1.00,-607.733,111.566,0.426199,0.187070
1939,6OTB,53.95,0.452500,1.00,-923.259,96.370,0.652999,0.153850
1940,6OVJ,76.92,0.560900,1.00,-704.911,93.781,0.249564,0.376380
1941,6PIN,97.22,0.815700,1.00,-987.557,88.587,0.070169,0.535820
1942,6PIO,98.61,0.782500,1.00,-1007.819,79.176,0.064149,0.551200
1943,6PIP,97.22,0.843100,1.00,-1028.070,73.943,0.083899,0.551290
1945,6POR,34.82,0.479200,1.00,-1351.191,91.207,1.241948,0.170290
1946,6PPC,80.30,0.737700,1.00,-1683.291,236.105,0.227751,0.603790
1947,6PX7,77.21,0.669500,1.00,-2011.940,197.221,0.281566,0.562970
1948,6PX8,83.78,0.685600,1.00,-2593.943,172.209,0.281670,0.714640
1949,6Q1X,25.00,0.494900,1.00,-1239.208,190.320,1.066259,0.233890
1950,6Q5Z,63.79,0.503200,1.00,-1397.927,245.657,0.472977,0.393620
1951,6QAX,57.69,0.622400,1.00,-216.223,62.299,0.300090,0.296140
1952,6QB0,55.77,0.616700,1.00,-208.809,65.414,0.318363,0.250940
1953,6QB1,59.62,0.637500,1.00,-220.485,54.849,0.396823,0.232660
1954,6QES,93.12,0.754600,1.00,-3407.538,239.596,0.105285,0.811510
1955,6QET,68.45,0.618800,1.00,-2639.742,194.273,0.470199,0.535040
1956,6QJB,85.00,0.707200,1.00,-2490.099,216.848,0.195876,0.710420
1957,6QKF,84.72,0.697000,1.00,-1035.109,57.218,0.274346,0.420230
1958,6R2X,73.00,0.603800,1.00,-1907.706,72.824,0.343231,0.492170
1959,6R95,65.62,0.627500,1.00,-1527.012,51.780,0.385660,0.306440
1960,6R96,55.21,0.638000,1.00,-1527.012,51.780,0.553583,0.294770
1961,6RRL,93.75,0.662000,1.00,-888.165,19.755,0.185378,0.487590
1962,6RRO,95.45,0.761600,1.00,-692.569,24.467,0.066427,0.568150
1963,6RSF,53.00,0.467700,1.00,-1521.234,30.790,0.394184,0.250080
1964,6RSG,43.00,0.479600,1.00,-1333.680,41.632,0.616066,0.220380
1965,6RSM,79.55,0.557400,1.00,-552.845,38.461,0.248257,0.481970
1966,6RY9,50.96,0.542500,1.00,-1414.299,29.308,0.463764,0.209750
1967,6RYQ,56.25,0.471900,1.00,-974.349,31.257,0.458149,0.190310
1968,6RZ1,42.71,0.529100,1.00,-1572.516,37.346,0.616852,0.166970
1969,6RZC,56.00,0.537500,1.00,-1536.506,49.243,0.410577,0.227040
1970,6S2D,48.96,0.537300,1.00,-1253.118,53.378,0.510854,0.245470
1971,6SAA,89.29,0.712700,1.00,-1596.685,122.807,0.191325,0.665410
1972,6SAB,64.71,0.528600,1.00,-2222.279,215.043,0.562395,0.444790
1973,6SFT,52.78,0.595800,1.00,-1435.767,205.472,0.632240,0.355230
1974,6SVC,84.29,0.741500,1.00,-2227.511,179.960,0.190865,0.659110
1975,6SVE,87.86,0.707500,1.00,-2227.511,179.960,0.153900,0.718020
1976,6SVH,88.57,0.735800,1.00,-2227.511,179.960,0.137512,0.719680
1977,6SY2,84.18,0.782900,1.00,-3822.678,199.704,0.262674,0.737720
1978,6SZF,27.38,0.354300,1.00,-1578.031,295.550,1.161210,0.215240
1979,6T33,61.93,0.474600,1.00,-3290.662,218.796,0.374490,0.474260
1980,6TVJ,40.00,0.451100,1.00,-321.218,53.085,0.604244,0.279140
1981,6TWG,88.46,0.666300,1.00,-822.669,27.802,0.260065,0.653830
1982,6U24,51.79,0.618500,1.00,-402.682,49.554,1.041129,0.237330
1983,6U6G,52.08,0.376000,1.00,-2500.866,167.505,0.881306,0.344730
1984,6U7Q,91.07,0.727900,1.00,-525.061,111.053,0.084991,0.399160
1985,6U7R,92.86,0.756500,1.00,-687.850,65.635,0.097352,0.486860
1986,6U7S,89.29,0.793000,1.00,-660.935,64.874,0.150564,0.394890
1987,6U7U,44.64,0.600200,1.00,-371.097,61.908,0.780892,0.262400
1988,6U7W,53.57,0.696700,1.00,-444.641,49.984,1.062278,0.268450
1989,6U7X,50.00,0.587500,1.00,-454.652,73.814,0.954443,0.225540
1990,6UCH,65.24,0.662200,1.00,-2404.677,122.592,0.690640,0.519080
1991,6V1N,57.35,0.501700,1.00,-1156.959,39.804,0.401528,0.234900
1992,6V6T,79.29,0.664500,1.00,-2389.797,202.583,0.269844,0.604120
1993,6VE9,61.90,0.595800,1.00,-1316.985,31.364,0.441163,0.260580
1994,6VGT,44.74,0.438200,1.00,-2156.681,68.053,1.283993,0.357090
1995,6VH8,80.56,0.666600,1.00,-3252.936,238.824,0.217559,0.613650
1996,6VLA,83.82,0.689700,1.00,-945.737,71.067,0.195095,0.580350
1997,6VLJ,42.11,0.458100,1.00,-670.797,102.373,0.671152,0.097450
1998,6VNZ,89.52,0.721600,1.00,-2234.413,125.522,0.133524,0.635070
1999,6VPN,95.21,0.783900,1.00,-3462.260,194.707,0.083281,0.882380
2000,6VXG,25.58,0.321100,1.00,-1891.585,226.186,0.982995,0.197960
2001,6VY8,50.00,0.637000,1.00,-402.682,49.554,1.025698,0.228500
2002,6WQJ,79.29,0.646200,1.00,-2861.831,99.260,0.241166,0.615810
2003,6WQL,80.61,0.635900,1.00,-3905.630,138.519,0.278778,0.697590
2004,6X7I,79.46,0.684700,1.00,-2125.413,34.910,0.472227,0.659330
2005,6XCR,60.00,0.738300,1.00,-2987.925,204.718,0.489648,0.502860
2006,6XCU,71.67,0.702900,1.00,-2983.387,202.214,0.648247,0.652030
2007,6XN9,32.74,0.376100,1.00,-3480.780,242.573,0.854881,0.279660
2008,6XTH,48.61,0.424300,1.00,-893.100,66.548,0.778495,0.134410
2009,6XTI,32.35,0.405700,1.00,-779.926,52.869,0.819493,0.090930
2010,6XYH,91.88,0.740700,1.00,-2606.339,206.553,0.120865,0.805880
2011,6XYI,83.33,0.635600,1.00,-2586.249,272.844,0.219496,0.700710
2012,6Y1Q,42.86,0.393100,1.00,-896.005,57.600,0.788667,0.260330
2013,6YHF,64.17,0.685500,1.00,-1972.664,44.194,0.344389,0.469220
2014,6YHI,67.50,0.716000,1.00,-2276.070,38.392,0.351571,0.428350
2015,6YHO,67.50,0.738100,1.00,-1925.064,76.213,0.309872,0.448030
2016,6YHP,65.83,0.750400,1.00,-2036.954,56.631,0.311224,0.490030
2017,6YHX,72.50,0.741600,1.00,-1853.560,64.287,0.267655,0.547900
2018,6YJL,47.73,0.419800,1.00,-2056.188,159.352,0.783853,0.355650
2019,6YSE,92.39,0.773600,1.00,-4302.647,108.869,0.094123,0.857580
2020,6Z0G,50.51,0.646700,1.00,-3007.905,239.432,0.662375,0.416820
2021,6Z0H,54.08,0.698300,1.00,-2969.419,207.257,0.752210,0.469110
2022,6Z0I,53.06,0.623600,1.00,-3007.905,239.432,0.805934,0.489690
2023,7ALD,92.50,0.708900,1.00,-1105.495,70.071,0.140269,0.423490
2024,7ASY,59.85,0.636700,1.00,-2444.642,88.966,0.446448,0.401420
2025,7AT7,65.91,0.667500,1.00,-2446.662,85.218,0.514654,0.547240
2026,7ATB,62.12,0.648100,1.00,-2771.605,84.759,0.486270,0.559920
2027,7AY8,85.90,0.733100,1.00,-2346.888,222.796,0.260281,0.731690
2028,7B2F,54.03,0.522100,1.00,-2136.835,132.587,0.824194,0.396990
2029,7BW5,35.29,0.509400,1.00,-473.253,90.024,1.055529,0.153710
2030,7BWI,91.07,0.788200,1.00,-3661.520,224.523,0.239039,0.808230
2031,7BX2,89.29,0.740300,1.00,-794.001,32.175,0.106721,0.462990
2032,7BZ7,40.00,0.431200,1.00,-804.046,49.925,0.758564,0.142460
2033,7BZ8,50.00,0.420000,1.00,-985.315,36.584,0.672618,0.183630
2034,7BZ9,41.67,0.405000,1.00,-834.466,51.331,0.676815,0.187950
2035,7BZA,46.67,0.429200,1.00,-947.615,38.641,0.649985,0.137090
2036,7CCN,60.29,0.580100,1.00,-500.972,80.591,0.543358,0.286880
2037,7CCO,60.29,0.596300,1.00,-500.972,80.591,0.540363,0.263400
2038,7CK5,70.54,0.618200,1.00,-1890.693,58.185,0.376218,0.497240
2039,7CKD,29.49,0.258500,1.00,-3296.962,166.776,1.139686,0.223310
2040,7CKE,31.41,0.368300,1.00,-3296.962,166.776,0.972480,0.230410
2041,7CSS,55.77,0.538600,1.00,-553.837,114.112,0.435415,0.171950
2042,7CU6,43.33,0.397300,1.00,-910.684,58.924,0.676015,0.210680
2043,7D13,80.77,0.752700,1.00,-2539.425,98.729,0.202798,0.678460
2044,7D16,46.79,0.560700,1.00,-2539.425,98.729,1.039608,0.401720
2045,7D37,67.31,0.498600,1.00,-553.837,114.112,0.284828,0.153910
2046,7DEH,79.03,0.703900,1.00,-1953.681,59.279,0.236945,0.534010
2047,7EDK,55.26,0.484800,1.00,-925.160,88.290,0.440081,0.143040
2048,7EES,37.50,0.536400,1.00,-581.207,114.405,1.058880,0.103850
2049,7ELY,46.15,0.452700,1.00,-1815.505,162.904,0.533370,0.215920
2050,7F32,73.61,0.662000,1.00,-1032.695,76.492,0.232075,0.285090
2051,7JIA,80.21,0.674200,1.00,-1350.630,139.606,0.198400,0.323690
2052,7JIY,92.71,0.720900,1.00,-1640.323,114.197,0.103214,0.548700
2053,7JNN,89.67,0.691300,1.00,-3803.167,182.087,0.150178,0.810090
2054,7JPM,75.60,0.636800,1.00,-2366.214,195.558,0.405989,0.614280
2055,7JS6,35.00,0.545100,1.00,-376.392,77.794,1.012794,0.120530
2056,7K1M,93.75,0.682800,1.00,-690.616,30.959,0.079001,0.476380
2057,7K7X,82.76,0.669500,1.00,-1923.199,161.287,0.250462,0.521370
2058,7KNN,67.19,0.569300,1.00,-947.441,51.748,0.346882,0.302640
2059,7KPD,96.55,0.796300,1.00,-2149.436,149.107,0.077137,0.748040
2060,7L53,50.00,0.405500,1.00,-2064.201,166.467,0.434930,0.233920
2061,7L54,47.32,0.377200,1.00,-2064.201,166.467,0.479636,0.219140
2062,7L55,43.75,0.317000,1.00,-2064.201,166.467,0.653421,0.241100
2063,7L7A,53.57,0.513100,1.00,-652.283,70.152,0.472495,0.203950
2064,7L83,52.03,0.645000,1.00,-3041.277,111.889,1.121192,0.424590
2065,7LCW,33.33,0.516400,1.00,-460.910,72.841,1.048242,0.043380
2066,7LGL,48.40,0.400900,1.00,-3245.056,299.640,0.993209,0.397760
2067,7LGV,59.90,0.536600,1.00,-3472.209,223.739,0.662032,0.497200
2068,7LHC,86.21,0.738500,1.00,-1875.154,169.382,0.230291,0.670250
2069,7LI2,47.73,0.578700,1.00,-810.542,135.841,0.798741,0.149660
2070,7LIF,47.73,0.492800,1.00,-810.542,135.841,0.699116,0.150330
2071,7LP4,66.49,0.537200,1.00,-3262.754,258.049,0.624281,0.564660
2072,7LQR,77.38,0.639800,1.00,-1240.488,85.676,0.229541,0.384830
2073,7LQS,75.00,0.564700,1.00,-859.628,79.437,0.355653,0.339020
2074,7LRW,42.86,0.476200,1.00,-1464.157,108.901,0.555109,0.198170
2075,7LSO,93.06,0.737700,1.00,-1233.512,12.786,0.084602,0.606000
2076,7LSP,90.28,0.731400,1.00,-1233.512,12.786,0.104464,0.515270
2077,7LT7,28.57,0.244600,1.00,-1823.511,166.821,1.494466,0.204310
2078,7LVE,69.68,0.604200,1.00,-3752.105,173.227,0.333632,0.550110
2079,7LVG,55.56,0.538100,1.00,-3431.641,177.495,0.598730,0.441070
2080,7LX4,46.95,0.381000,1.00,-3070.887,263.254,0.541286,0.366370
2081,7LZL,93.24,0.752600,1.00,-2562.871,152.381,0.135866,0.812540
2082,7M1D,46.35,0.426900,1.00,-3000.550,222.040,0.832682,0.393010
2083,7M1E,71.43,0.740400,1.00,-1770.290,40.140,0.305754,0.475730
2084,7M3U,48.15,0.354100,1.00,-2066.580,151.439,0.509613,0.239130
2085,7MJ3,34.09,0.388500,1.00,-3142.480,345.617,0.992303,0.237480
2086,7MY8,34.52,0.541600,1.00,-3098.838,123.500,1.021375,0.360400
2087,7N0T,57.81,0.509600,1.00,-872.613,63.760,0.432957,0.338540
2088,7N21,75.00,0.589500,1.00,-742.197,73.085,0.311817,0.318930
2089,7N23,80.88,0.630900,1.00,-742.197,73.085,0.258288,0.428370
2090,7N25,57.81,0.527200,1.00,-872.613,63.760,0.436572,0.358860
2091,7NIP,78.05,0.650900,1.00,-4206.504,143.412,0.185517,0.642440
2092,7NS1,78.23,0.777500,1.00,-2630.750,85.829,0.234100,0.619880
2093,7OB2,82.50,0.549300,1.00,-574.032,34.617,0.213136,0.548540
2094,7OD2,65.44,0.510400,1.00,-2500.089,183.020,0.517770,0.499260
2095,7OFM,75.83,0.692400,1.00,-1879.483,91.551,0.460261,0.543100
2096,7OFO,76.67,0.709900,1.00,-1879.483,91.551,0.338053,0.560490
2097,7OSC,83.33,0.733200,1.00,-1651.862,98.159,0.212449,0.429140
2099,7P3M,100.00,0.773000,1.00,-750.711,43.131,0.053093,0.550330
2100,7P4X,79.03,0.690800,1.00,-1968.141,89.088,0.305531,0.629010
2101,7P55,79.55,0.643400,1.00,-1719.641,49.160,0.188596,0.319290
2102,7P5G,46.00,0.489400,1.00,-1100.614,123.034,0.463146,0.163620
2103,7P5Q,39.00,0.431600,1.00,-1266.110,133.388,0.729734,0.237610
2104,7P5S,40.00,0.514100,1.00,-1091.795,147.444,0.684927,0.180900
2105,7PH8,84.68,0.795600,1.00,-2643.162,54.896,0.192511,0.692090
2106,7PHT,78.33,0.785600,1.00,-2667.966,39.316,0.194282,0.568230
2107,7PL4,70.16,0.706700,1.00,-2071.941,60.579,0.412704,0.552720
2108,7PVB,100.00,0.822300,1.00,-3485.122,144.633,0.060035,0.926680
2109,7PVM,61.29,0.589000,1.00,-1248.854,167.641,0.630827,0.428850
2110,7QAL,50.00,0.707100,1.00,-1999.988,79.895,0.975411,0.357770
2111,7QAM,51.43,0.655200,1.00,-1961.714,85.954,0.859223,0.351810
2112,7QAO,55.00,0.648800,1.00,-1938.585,60.584,0.571713,0.412490
2113,7QAP,45.00,0.680900,1.00,-2005.010,70.743,0.770977,0.355570
2114,7QLF,41.18,0.545100,1.00,-638.227,85.550,1.011324,0.111590
2115,7QXJ,89.29,0.684400,1.00,-1835.807,86.043,0.175008,0.665930
2116,7RC7,92.19,0.795700,1.00,-2066.852,162.778,0.154008,0.794750
2117,7RC8,90.62,0.803500,1.00,-2066.852,162.778,0.199310,0.764460
2118,7RFA,81.90,0.673600,1.00,-1777.749,139.953,0.263639,0.526020
2119,7RN3,96.67,0.817300,1.00,-2050.482,172.624,0.071190,0.796210
2120,7S55,99.19,0.834700,1.00,-2155.446,173.746,0.058217,0.859610
2121,7S7P,92.86,0.801100,1.00,-2860.215,192.535,0.113244,0.835710
2122,7SAG,68.55,0.547000,1.00,-1784.027,164.340,0.553929,0.495900
2123,7SKC,85.29,0.679400,1.00,-2582.253,159.320,0.165705,0.662960
2124,7T6G,56.25,0.527800,1.00,-972.556,47.582,0.485667,0.323000
2125,7T7W,93.18,0.661000,1.00,-596.072,34.478,0.135890,0.601630
2126,7TB9,37.50,0.450100,1.00,-370.524,88.147,0.603553,0.147460
2127,7TH8,57.58,0.485400,1.00,-1900.648,185.128,0.705424,0.361860
2128,7UNX,75.00,0.582700,1.00,-2768.923,153.802,0.840275,0.607410
2129,7UV3,67.71,0.561800,1.00,-3535.220,179.845,0.555799,0.586400
2130,7V5E,51.39,0.444200,1.00,-1015.646,106.013,0.524944,0.221760
2131,7V5F,60.48,0.552500,1.00,-2736.791,167.525,0.522678,0.377600
2132,7VOZ,70.69,0.763800,1.00,-1788.511,58.987,0.319826,0.506690
2133,7VQH,34.72,0.452300,1.00,-577.363,112.000,0.737226,0.191750
2134,7VQI,30.56,0.467800,1.00,-577.363,112.000,0.680763,0.172020
2135,7W8K,52.00,0.403300,1.00,-1773.487,124.163,0.471892,0.232360
2136,7W8O,42.31,0.450600,1.00,-1916.724,120.286,0.702417,0.211310
2137,7W8R,51.92,0.479800,1.00,-1916.724,120.286,0.517081,0.218020
2138,7W8T,47.12,0.424300,1.00,-1434.726,112.451,0.654736,0.226490
2139,7W8Z,57.89,0.575600,1.00,-2446.971,168.203,0.607220,0.396710
2140,7W96,77.78,0.796400,1.00,-1162.790,108.334,0.177464,0.412760
2141,7WE3,29.03,0.469100,1.00,-1546.508,214.287,0.849813,0.201010
2142,7WEI,37.10,0.475700,1.00,-1546.508,214.287,0.779557,0.209790
2143,7Y7L,68.89,0.593100,1.00,-3023.451,237.021,0.305780,0.529960
2144,7YAB,64.77,0.527600,1.00,-2908.354,214.889,0.345806,0.508890
2145,7YFS,57.81,0.543200,1.00,-820.382,69.755,0.627430,0.256520
2146,7YHF,96.53,0.832000,1.00,-2480.670,264.021,0.083655,0.824090
2147,7YHG,98.61,0.869700,1.00,-2480.670,264.021,0.066980,0.875520
2148,7YHH,97.92,0.863000,1.00,-2480.670,264.021,0.065648,0.877440
2149,7YHI,97.22,0.842000,1.00,-2327.692,187.028,0.069705,0.853690
2150,7YRV,44.64,0.495300,1.00,-2086.377,120.015,0.620745,0.213790
2151,7YRW,27.42,0.317700,1.00,-2038.655,168.273,0.951086,0.273200
2152,7YRX,67.74,0.546800,1.00,-2146.869,148.202,0.373748,0.396940
2153,7YSS,69.64,0.595500,1.00,-968.400,29.974,0.446905,0.399760
2154,7YYI,75.00,0.707000,1.00,-2166.502,69.562,0.206357,0.555360
2155,7Z07,77.59,0.703700,1.00,-2016.034,66.114,0.180648,0.532980
2156,7Z08,71.55,0.732400,1.00,-2375.411,58.524,0.255740,0.472600
2157,7Z0B,75.86,0.733900,1.00,-2504.463,62.953,0.216085,0.605430
2159,7ZNF,84.17,0.690300,1.00,-1919.037,127.966,0.249039,0.557840
2160,7ZRF,41.67,0.426500,1.00,-879.462,78.959,0.927307,0.191840
2161,7ZRO,27.50,0.403100,1.00,-2288.156,114.715,1.106850,0.209550
2162,7ZRU,81.25,0.701600,1.00,-1829.594,116.667,0.239408,0.572620
2163,7ZWJ,45.59,0.494500,1.00,-390.457,84.456,0.866150,0.203060
2164,7ZZV,33.33,0.438700,1.00,-2651.414,138.499,1.256802,0.252040
2165,8A6I,30.95,0.359100,1.00,-1919.769,127.258,1.337601,0.260500
2166,8AHK,82.93,0.741000,1.00,-3259.554,255.049,0.206452,0.701690
2167,8B1L,87.50,0.658800,1.00,-1551.982,55.960,0.206453,0.560440
2168,8B1X,63.00,0.596100,1.00,-1461.192,54.844,0.748851,0.481870
2169,8B4R,78.75,0.640800,1.00,-1105.495,70.071,0.248489,0.314770
2170,8B6X,73.00,0.603700,1.00,-1919.852,55.196,0.332211,0.412030
2171,8B6Y,79.00,0.673700,1.00,-1919.852,55.196,0.239365,0.420980
2172,8B9Q,30.00,0.426000,1.00,-1481.523,332.010,1.253662,0.226960
2173,8B9R,30.62,0.474100,1.00,-1481.523,332.010,1.230862,0.205390
2174,8BOO,29.35,0.473700,1.00,-613.207,162.951,1.168144,0.120500
2175,8BVC,89.88,0.792100,1.00,-2927.846,231.487,0.124649,0.798860
2176,8BVZ,47.37,0.550200,1.00,-555.058,106.568,0.985443,0.223820
2177,8BWW,61.11,0.543000,1.00,-1351.023,41.339,0.426283,0.302930
2178,8CIQ,84.29,0.698800,1.00,-2176.856,147.620,0.285714,0.681280
2183,8CJT,79.29,0.695100,1.00,-2078.872,191.184,0.213400,0.597590
2184,8CM3,89.13,0.708500,1.00,-1612.147,83.677,0.193806,0.487430
2185,8DFZ,63.37,0.551000,1.00,-3288.574,311.351,1.115231,0.524400
2186,8DYM,32.76,0.531600,1.00,-933.232,195.880,2.008601,0.184700
2187,8DYN,38.54,0.490600,1.00,-1048.127,144.813,0.839912,0.130880
2188,8EB1,65.62,0.530300,1.00,-1581.388,43.435,0.569151,0.342030
2189,8EF4,47.50,0.563900,1.00,-370.269,103.938,0.861239,0.228010
2190,8F04,81.58,0.651000,1.00,-1148.378,98.781,0.298704,0.359470
2191,8FD4,83.82,0.641400,1.00,-2241.422,180.729,0.190158,0.624930
2192,8FEY,89.58,0.717700,1.00,-2317.200,201.556,0.155632,0.731800
2193,8G21,74.22,0.670900,1.00,-2159.738,89.338,0.320762,0.488170
2194,8GUC,44.44,0.388800,1.00,-2504.261,195.319,0.595216,0.326850
2195,8GVN,83.93,0.617800,1.00,-968.400,29.974,0.218632,0.455350
2196,8H0G,70.16,0.722400,1.00,-2138.620,93.383,0.312347,0.551740
2197,8H0U,79.84,0.720200,1.00,-2138.620,93.383,0.203299,0.555890
2198,8HJC,90.91,0.731800,1.00,-2671.269,196.529,0.168984,0.768640
2199,8HJD,89.39,0.706500,1.00,-2671.269,196.529,0.160699,0.750070
2200,8HR3,55.77,0.553000,1.00,-660.756,61.645,0.461473,0.370320
2201,8HR4,59.62,0.595200,1.00,-648.103,53.209,0.411421,0.300720
2202,8HVS,87.50,0.604900,1.00,-338.656,36.688,0.215516,0.480250
2203,8HZW,57.81,0.548700,1.00,-1014.580,55.888,0.571687,0.244550
2204,8IKQ,85.71,0.618400,1.00,-657.786,65.517,0.248709,0.358130
2205,8IL1,80.36,0.528600,1.00,-657.786,65.517,0.281197,0.451470
2206,8IL2,78.33,0.628900,1.00,-665.120,73.776,0.280279,0.329040
2207,8IL6,88.33,0.651500,1.00,-665.120,73.776,0.238354,0.503350
2208,8JB4,28.12,0.367800,1.00,-1512.544,109.872,0.914606,0.155090
2209,8K3M,38.24,0.484500,1.00,-517.220,80.057,0.794599,0.210880
2210,8K3N,36.76,0.552000,1.00,-517.220,80.057,0.933329,0.224370
2211,8OR5,66.67,0.656100,1.00,-1819.463,69.836,0.346451,0.353830
2212,8ORY,80.00,0.721500,1.00,-2205.831,59.440,0.148940,0.563180
2213,8ORZ,66.67,0.717000,1.00,-1657.995,48.481,0.350609,0.413280
2214,8OS0,75.00,0.771300,1.00,-1929.941,68.469,0.262905,0.496180
2216,8PWT,33.82,0.503700,1.00,-2646.747,94.296,1.274296,0.269630
2221,8QNT,30.10,0.600900,1.00,-3527.358,144.877,1.660951,0.279320
2222,8QTQ,70.59,0.623900,1.00,-2374.213,141.830,0.326090,0.479330
2223,8R89,62.50,0.559900,1.00,-1357.173,56.201,0.502266,0.187690
2224,8RHS,52.08,0.450100,1.00,-3310.875,185.386,0.531074,0.454120
2225,8RPQ,68.75,0.770600,1.00,-2687.635,68.298,0.286276,0.536860
2226,8RQ6,76.61,0.715900,1.00,-2461.969,47.725,0.234550,0.538970
2227,8S9Y,28.85,0.419000,1.00,-1743.241,299.825,0.849324,0.206230
2228,8SED,78.38,0.633500,1.00,-2374.427,188.693,0.241550,0.593090
2229,8SEM,83.97,0.695900,1.00,-1973.757,210.432,0.335788,0.714420
2230,8SVB,31.67,0.493000,1.00,-1457.980,100.638,1.555831,0.176150
2231,8T01,86.54,0.737200,1.00,-722.356,27.890,0.128426,0.413780
2232,8T61,84.38,0.589200,1.00,-778.926,61.392,0.206446,0.392570
2233,8T62,76.56,0.677200,1.00,-644.508,55.212,0.219941,0.288840
2234,8T63,56.25,0.639700,1.00,-582.232,76.935,0.383520,0.221530
2235,8TFV,85.71,0.739900,1.00,-898.139,113.673,0.191169,0.335200
2236,8TV4,46.15,0.433100,1.00,-975.825,24.827,0.578867,0.141900
2237,8TXS,93.75,0.723900,1.00,-709.692,84.899,0.091534,0.470420
2238,8TYI,81.90,0.705500,1.00,-1824.959,129.461,0.248295,0.543060
2239,8UKC,35.00,0.398700,1.00,-645.904,62.385,0.896216,0.198620
2240,8ULM,71.21,0.593300,1.00,-1900.648,185.128,0.291036,0.483470
2241,8UM1,46.43,0.615700,1.00,-2949.237,91.424,0.880637,0.386120
2242,8UM2,45.24,0.559200,1.00,-2949.237,91.424,1.160182,0.397970
2243,8UNG,81.10,0.690400,1.00,-2859.810,147.039,0.202039,0.664760
2244,8UWF,89.74,0.771500,1.00,-2556.040,208.246,0.226688,0.778160
2245,8UXR,57.61,0.453600,1.00,-1693.354,119.604,0.612241,0.285260
2246,8V2M,83.93,0.680200,1.00,-1893.616,95.629,0.207701,0.574810
2247,8V2V,31.10,0.385100,1.00,-3021.505,271.332,0.896917,0.263100
2248,8VU6,88.59,0.782000,1.00,-2947.676,237.997,0.173585,0.813920
2249,8VU7,92.78,0.789100,1.00,-3282.655,219.250,0.146505,0.836880
2250,8VU8,85.47,0.704100,1.00,-2832.941,261.083,0.143537,0.731780
2251,8VYC,47.73,0.491200,1.00,-846.629,129.317,0.740144,0.137100
2252,8W0Q,67.50,0.621400,1.00,-1187.335,85.547,0.363402,0.262900
2253,8W16,75.00,0.580300,1.00,-1004.847,52.606,0.298024,0.362070
2254,8W17,78.33,0.540900,1.00,-1021.185,47.825,0.238995,0.364620
2255,8W2V,30.13,0.503400,1.00,-1239.416,260.430,1.047775,0.239960
2256,8WGI,70.00,0.582300,1.00,-1540.252,130.903,0.273842,0.340550
2257,8WGJ,41.67,0.415600,1.00,-1276.780,176.909,0.568059,0.218310
2258,8WW0,75.00,0.676800,1.00,-2027.103,160.310,0.372256,0.519670
2259,8WW1,58.33,0.519300,1.00,-2499.449,148.845,0.540268,0.334380
2260,8X3N,67.19,0.513000,1.00,-691.051,86.731,0.346435,0.223190
2261,8X40,76.56,0.567700,1.00,-691.051,86.731,0.223900,0.260010
2262,8XTH,71.67,0.601400,1.00,-737.610,48.386,0.336894,0.259630
2263,8XTN,34.85,0.374500,1.00,-1371.426,198.191,1.033887,0.239770
2264,8XTO,38.10,0.426100,1.00,-835.888,86.073,0.668162,0.125520
2265,8Y3S,52.27,0.592600,1.00,-302.724,40.477,0.460380,0.260740
2266,8YD6,28.33,0.370500,1.00,-1935.842,171.407,0.840286,0.186540
2267,8ZG2,56.82,0.557000,1.00,-188.367,40.076,0.613318,0.266300
2268,8ZG3,45.45,0.570800,1.00,-128.384,32.696,0.676459,0.342840
2269,8ZG4,47.73,0.502300,1.00,-235.255,50.710,0.559909,0.290610
2270,8ZP3,34.85,0.420800,1.00,-1013.434,150.377,1.050046,0.174690
2271,8ZUG,39.13,0.341100,1.00,-612.231,79.825,1.336478,0.177990
2272,9AZI,95.37,0.827600,1.00,-1826.256,87.086,0.107442,0.815490
2273,9BET,53.57,0.674900,1.00,-2783.696,47.081,0.570341,0.553090
2274,9BF4,54.03,0.460200,1.00,-2414.783,117.591,0.682283,0.354690
2275,9BHN,36.36,0.439500,1.00,-495.517,32.236,0.568458,0.293650
2276,9BV0,84.26,0.687900,1.00,-2294.712,127.695,0.137405,0.470850
2277,9BV4,76.39,0.638600,1.00,-3252.936,238.824,0.181992,0.560360
2278,9BVS,36.54,0.460700,1.00,-1065.506,25.473,0.538112,0.258090
2279,9BVU,46.67,0.446300,1.00,-1321.854,35.425,0.664385,0.226180
2280,9BVV,48.08,0.434100,1.00,-1151.974,22.931,0.487269,0.184990
2281,9CRB,96.43,0.810200,1.00,-1661.831,129.968,0.071395,0.780810
2282,9F1E,67.86,0.651300,1.00,-1418.147,126.377,0.437809,0.521950
2283,9F1F,70.51,0.665400,1.00,-2288.506,194.212,0.561453,0.576430
2284,9F1G,55.10,0.692000,1.00,-3003.442,155.301,0.588104,0.466640
2285,9FJN,87.50,0.739800,1.00,-1293.123,34.525,0.116832,0.415350
2286,9FJW,48.57,0.624000,1.00,-1982.121,124.147,1.226404,0.377370
2287,9G0M,93.00,0.765200,1.00,-1458.101,112.256,0.128318,0.590730
2288,9G0N,88.00,0.761500,1.00,-1458.101,112.256,0.172180,0.628560
2289,9G20,95.00,0.766900,1.00,-1458.101,112.256,0.164983,0.630200
2290,9G21,69.00,0.580700,1.00,-1458.101,112.256,0.306753,0.337080
2291,9G22,85.00,0.724500,1.00,-1490.030,88.709,0.161164,0.487950
2292,9G2N,89.00,0.735400,1.00,-1490.030,88.709,0.167353,0.549880
2293,9G2O,88.00,0.752400,1.00,-1490.030,88.709,0.147977,0.514810
2294,9G31,83.00,0.676900,1.00,-1490.030,88.709,0.187329,0.415680
2295,9G32,81.00,0.687900,1.00,-1490.030,88.709,0.191655,0.396440
2296,9G5P,87.00,0.736200,1.00,-1458.101,112.256,0.153756,0.498860
2297,9GDL,76.00,0.647800,1.00,-1495.829,77.512,0.276812,0.486000
2298,9GDN,80.00,0.664000,1.00,-1495.829,77.512,0.204041,0.526680
2299,9GDT,81.00,0.671700,1.00,-1495.829,77.512,0.238530,0.515170
2300,9GDU,78.00,0.663200,1.00,-1495.829,77.512,0.264258,0.515080
2301,9GE1,76.00,0.686300,1.00,-1495.829,77.512,0.257074,0.450680
2302,9GE9,85.00,0.704600,1.00,-1553.387,90.060,0.257736,0.472700
2303,9GEB,88.00,0.743500,1.00,-1553.387,90.060,0.118835,0.569460
2304,9GEC,87.00,0.739800,1.00,-1553.387,90.060,0.174182,0.528090
2305,9IKO,71.88,0.578200,1.00,-676.357,72.733,0.255241,0.234930
2306,9ILX,76.56,0.546400,1.00,-676.357,72.733,0.247286,0.287110
2307,9J5F,62.50,0.575400,1.00,-2582.256,174.107,0.384181,0.400310
2308,9J5H,73.57,0.671900,1.00,-2783.442,111.502,0.376667,0.537770
2309,9KAR,40.00,0.433900,1.00,-688.795,60.736,0.893220,0.204560
2310,9KK0,63.00,0.518900,1.00,-1334.555,187.339,0.299931,0.237770
2311,9L1M,45.83,0.461100,1.00,-225.313,40.186,0.536819,0.206980
2312,9NVH,75.71,0.623100,1.00,-1663.492,167.568,0.257495,0.574470
2313,9NWZ,33.75,0.412600,1.00,-1036.921,54.169,1.027732,0.115620
2314,9NY3,30.00,0.352500,1.00,-1056.424,79.097,1.053296,0.096300
2315,9UV5,50.00,0.515300,1.00,-305.886,52.113,0.457425,0.334660
