serial,pdb_id,gdt_ts,lddt,lddt_coverage,pred_dope,pred_molpdf,rmsd,tm_score
1,1A11,86.00,0.753600,1.00,-1759.605,58.623,0.156411,0.670490
2,1A3P,69.44,0.606700,1.00,-2998.724,206.131,0.423564,0.561940
3,1ACW,81.90,0.674200,1.00,-1752.416,142.247,0.176162,0.470290
4,1ADX,49.38,0.471800,1.00,-2596.500,205.856,0.479821,0.345740
5,1AG7,87.50,0.669900,1.00,-1834.267,241.085,0.217540,0.674210
6,1AGG,65.10,0.564400,1.00,-3057.377,292.688,0.583508,0.572850
7,1AGT,98.03,0.794900,1.00,-2886.014,181.739,0.067627,0.882930
8,1AHL,48.98,0.408000,1.00,-3558.858,274.829,0.545748,0.436320
9,1ALE,87.50,0.765900,1.00,-1513.401,28.644,0.189998,0.537240
10,1ALF,89.47,0.720800,1.00,-1711.589,36.005,0.161208,0.528190
11,1ALG,72.92,0.641700,1.00,-1363.872,79.915,0.553473,0.495520
12,1AMB,25.00,0.416500,1.00,-851.670,206.850,0.908140,0.255340
13,1AMC,27.68,0.417000,1.00,-851.670,206.850,0.914141,0.227050
14,1AML,21.88,0.319500,1.00,-1518.354,258.046,1.183906,0.174170
15,1ANP,36.61,0.431500,1.00,-1180.287,217.946,0.936733,0.177030
16,1ANS,37.96,0.390400,1.00,-1596.579,233.855,0.798148,0.174170
17,1AOO,38.75,0.423400,1.00,-2114.138,246.869,0.691183,0.246650
18,1APF,36.73,0.395100,1.00,-3316.343,362.526,0.882997,0.383230
19,1APO,86.90,0.741400,1.00,-2395.890,213.298,0.176708,0.754200
20,1AQG,40.91,0.470800,1.00,-371.256,55.409,0.522581,0.348270
21,1AQQ,38.12,0.425700,1.00,-2114.138,246.869,0.702531,0.235830
22,1AQR,39.38,0.419100,1.00,-2114.138,246.869,0.738916,0.256800
23,1ARD,91.38,0.729000,1.00,-2184.401,143.002,0.262983,0.717970
24,1ARE,91.38,0.772700,1.00,-2229.752,114.347,0.253823,0.733800
25,1ARF,92.24,0.750500,1.00,-2312.644,144.742,0.217018,0.727340
26,1ATX,38.59,0.415700,1.00,-2941.782,328.914,0.895267,0.352150
27,1AV3,89.81,0.697000,1.00,-1494.467,206.017,0.144818,0.663600
28,1AW6,79.65,0.671900,1.00,-2618.725,228.484,0.470106,0.684760
29,1AXH,94.59,0.778400,1.00,-2265.446,189.174,0.141129,0.817800
30,1AZ6,77.08,0.619600,1.00,-2233.646,199.934,0.213553,0.592860
31,1AZH,52.78,0.489400,1.00,-2233.646,199.934,0.505297,0.357710
32,1AZJ,90.97,0.763800,1.00,-2326.704,175.658,0.105665,0.761510
33,1AZK,75.69,0.673600,1.00,-2285.547,220.300,0.225353,0.541670
34,1B03,55.56,0.486100,1.00,-922.170,78.420,0.401683,0.203750
35,1B1V,82.61,0.632200,1.00,-1048.424,101.827,0.358353,0.460590
36,1B4G,38.33,0.368100,1.00,-1258.334,179.500,1.125903,0.215950
37,1B4I,30.83,0.386300,1.00,-1258.334,179.500,0.702803,0.217300
38,1B5N,78.26,0.610700,1.00,-1048.424,101.827,0.351389,0.444990
39,1B8W,72.62,0.586900,1.00,-2644.696,242.258,0.418329,0.595560
40,1B9P,71.32,0.669200,1.00,-2340.836,73.851,0.297625,0.565710
41,1B9Q,65.44,0.614300,1.00,-2340.836,73.851,0.354280,0.431770
42,1B9U,88.97,0.811200,1.00,-2862.131,99.755,0.155891,0.701210
43,1BA4,21.88,0.289100,1.00,-1518.354,258.046,1.454691,0.253880
44,1BA6,22.50,0.334200,1.00,-1518.354,258.046,1.290483,0.216150
45,1BAH,83.78,0.630200,1.00,-2679.174,162.363,0.146694,0.667860
46,1BBA,79.86,0.696500,1.00,-2599.939,159.289,0.239447,0.584350
47,1BBG,72.50,0.631500,1.00,-3125.140,171.951,0.339704,0.555720
48,1BDS,49.42,0.413400,1.00,-3279.696,266.034,0.646206,0.443990
49,1BEI,84.29,0.679600,1.00,-2818.664,182.807,0.145988,0.634810
50,1BF9,84.76,0.745900,1.00,-2439.431,213.127,0.230568,0.728340
51,1BGK,87.16,0.734000,1.00,-2920.473,153.207,0.117519,0.730610
52,1BH4,72.50,0.614400,1.00,-1955.409,251.461,0.346800,0.465810
53,1BH7,46.97,0.438600,1.00,-2452.642,135.958,0.706981,0.258130
54,1BHI,79.61,0.725300,1.00,-2398.322,165.263,0.425694,0.688900
55,1BIG,87.84,0.731600,1.00,-2966.427,170.112,0.122249,0.715020
56,1BJB,24.11,0.437700,1.00,-899.270,181.679,1.156278,0.205670
57,1BJC,35.71,0.451600,1.00,-1267.323,128.226,0.671553,0.272430
58,1BL1,52.42,0.608000,1.00,-2573.015,46.167,0.615261,0.334930
59,1BM4,56.25,0.451200,1.00,-2431.155,118.117,1.029182,0.443180
60,1BMX,61.29,0.460400,1.00,-2528.255,128.762,0.732828,0.444470
61,1BNB,81.58,0.658400,1.00,-2595.333,192.986,0.215398,0.642240
62,1BOE,81.38,0.681100,1.00,-3500.525,197.138,0.212508,0.704790
63,1BQF,76.00,0.590600,1.00,-1329.411,151.579,0.286708,0.378330
64,1BRV,69.53,0.570100,1.00,-1973.786,209.196,0.375295,0.440770
65,1BWX,56.41,0.602800,1.00,-3092.097,90.796,0.574821,0.439320
66,1BY0,83.33,0.663500,1.00,-1803.803,71.026,0.311199,0.553550
67,1BY6,50.00,0.474700,1.00,-2558.970,64.369,0.495164,0.349360
68,1BZG,55.88,0.567300,1.00,-2437.938,49.533,0.532726,0.389780
69,1C2U,38.57,0.438400,1.00,-2590.112,263.060,0.785228,0.277920
70,1C49,90.71,0.725200,1.00,-2494.889,179.622,0.113566,0.751900
71,1C4B,59.62,0.442000,1.00,-564.399,59.370,0.452567,0.315740
72,1C4E,82.14,0.683000,1.00,-1910.190,241.342,0.190886,0.628330
73,1C55,82.50,0.625300,1.00,-3175.561,211.477,0.295306,0.667310
74,1C56,81.88,0.632900,1.00,-3175.561,211.477,0.291940,0.677380
75,1C6W,83.33,0.644600,1.00,-1595.926,151.176,0.187151,0.554080
76,1CBH,100.00,0.851700,1.00,-2398.875,230.248,0.052615,0.911840
77,1CCF,82.14,0.716500,1.00,-2395.890,213.298,0.154768,0.681860
78,1CCM,48.91,0.407800,1.00,-2756.938,414.135,0.772754,0.393450
79,1CCN,50.00,0.407200,1.00,-2756.938,414.135,0.718778,0.386440
80,1CE4,29.29,0.394700,1.00,-1584.966,164.929,0.723047,0.202350
81,1CFG,59.09,0.449200,1.00,-1453.653,99.742,0.669453,0.259220
82,1CFH,29.79,0.292700,1.00,-4017.307,166.586,1.167846,0.268860
83,1CFI,60.64,0.521000,1.00,-4017.307,166.586,0.506302,0.500710
84,1CHL,76.39,0.595500,1.00,-2312.345,175.546,0.239356,0.564370
85,1CIX,77.84,0.636000,1.00,-3079.947,198.168,0.204326,0.631250
86,1CKW,67.00,0.634900,1.00,-1497.248,139.269,0.267688,0.306270
87,1CKX,45.19,0.425300,1.00,-2058.947,96.827,0.836461,0.352380
88,1CKY,40.38,0.371400,1.00,-2058.947,96.827,0.738840,0.172310
89,1CKZ,38.00,0.487900,1.00,-1497.248,139.269,0.700572,0.196790
90,1CMR,87.10,0.667800,1.00,-2387.047,121.246,0.124928,0.600060
91,1CO4,71.43,0.663100,1.00,-2716.011,273.420,0.338866,0.568120
92,1CQ0,58.93,0.667300,1.00,-1546.755,59.003,0.456166,0.374350
93,1CR8,78.57,0.649100,1.00,-2301.194,214.978,0.222531,0.666290
94,1CSA,43.18,0.326400,1.00,-565.450,17.436,0.473406,0.102030
95,1CTI,89.66,0.749400,1.00,-1864.040,150.479,0.145907,0.633210
96,1CW5,52.60,0.549200,1.00,-2719.562,211.541,0.806497,0.482140
97,1CW6,64.19,0.585600,1.00,-2151.429,162.123,0.407411,0.480980
98,1CWX,23.86,0.426700,1.00,-1621.441,245.012,0.938943,0.242360
99,1CXR,30.43,0.344000,1.00,-2565.279,361.090,1.140509,0.243920
100,1CYA,43.18,0.474500,1.00,-565.450,17.436,0.478225,0.156550
101,1CYB,47.73,0.426900,1.00,-565.450,17.436,0.430655,0.189140
102,1CZ6,79.00,0.697100,1.00,-1148.602,125.541,0.197353,0.384740
103,1D0R,70.00,0.649700,1.00,-2105.810,50.487,0.272644,0.474750
104,1D1H,90.00,0.647800,1.00,-2612.043,184.810,0.194981,0.740960
105,1D2J,75.62,0.646600,1.00,-2206.617,224.895,0.257612,0.637290
106,1D2L,74.44,0.631000,1.00,-2420.250,265.527,0.378714,0.624450
107,1D5Q,97.22,0.822900,1.00,-1856.950,95.469,0.068617,0.753100
108,1D6B,85.71,0.694800,1.00,-2913.343,253.048,0.187153,0.735870
109,1D6X,53.85,0.514700,1.00,-483.664,102.343,0.453419,0.272170
110,1DEC,58.97,0.478900,1.00,-2256.354,278.384,0.608367,0.444730
111,1DEP,93.33,0.684800,1.00,-1095.840,44.255,0.107247,0.430620
112,1DF6,50.00,0.418300,1.00,-2207.931,131.290,0.644187,0.284730
113,1DFE,75.00,0.562700,1.00,-2246.343,222.692,0.362154,0.632550
114,1DFS,54.03,0.499100,1.00,-2048.698,169.103,0.406655,0.276640
115,1DFT,56.67,0.448900,1.00,-1851.128,180.037,0.379397,0.291780
116,1DGZ,75.00,0.590800,1.00,-2246.343,222.692,0.367957,0.574780
117,1DJF,70.00,0.564800,1.00,-424.683,112.288,0.276480,0.273300
118,1DKC,76.97,0.604400,1.00,-2401.127,196.187,0.199317,0.594070
119,1DL0,92.57,0.752200,1.00,-2355.774,144.973,0.107894,0.777080
120,1DMC,43.55,0.471900,1.00,-1842.911,197.791,0.759790,0.247830
121,1DMD,42.74,0.466400,1.00,-1842.911,197.791,0.754532,0.234090
122,1DME,59.82,0.519200,1.00,-1748.659,152.206,0.370127,0.327290
123,1DMF,58.04,0.525900,1.00,-1748.659,152.206,0.362300,0.293050
124,1DN3,70.00,0.522800,1.00,-424.683,112.288,0.291524,0.261470
125,1DNG,86.67,0.727500,1.00,-760.099,33.733,0.205595,0.485710
126,1DPK,55.00,0.500100,1.00,-389.222,117.095,0.596716,0.283240
127,1DPQ,60.00,0.567900,1.00,-648.810,72.650,0.479952,0.340750
128,1DSK,70.54,0.658100,1.00,-2106.448,50.403,0.538207,0.469190
129,1DSQ,89.29,0.681300,1.00,-923.021,104.062,0.204377,0.460670
130,1DSV,85.48,0.749100,1.00,-1353.346,162.246,0.155281,0.610620
131,1DTC,89.42,0.765600,1.00,-1772.549,54.624,0.211660,0.614300
132,1DU1,66.25,0.527800,1.00,-1353.737,37.094,0.507489,0.294110
133,1DU9,84.82,0.699700,1.00,-1485.885,171.969,0.190559,0.564820
134,1DV0,86.70,0.724400,1.00,-4763.685,191.871,0.311049,0.784680
135,1DVW,54.17,0.523300,1.00,-685.797,120.739,0.633030,0.174740
136,1DX7,51.04,0.589700,1.00,-3744.904,154.910,0.577509,0.530980
137,1E0G,82.81,0.650800,1.00,-4051.995,192.037,0.199253,0.718420
138,1E0L,79.05,0.724100,1.00,-2456.189,181.890,0.365599,0.660430
139,1E0M,85.14,0.743700,1.00,-2390.763,156.850,0.209514,0.679130
140,1E0N,89.81,0.694300,1.00,-1757.418,130.868,0.136170,0.545560
141,1E0Q,76.47,0.676400,1.00,-1074.614,58.614,0.201086,0.259020
142,1E4Q,81.08,0.709500,1.00,-2707.403,195.702,0.206417,0.640160
143,1E4R,73.57,0.593500,1.00,-2382.178,150.512,0.294843,0.544560
144,1E4S,78.47,0.610700,1.00,-2571.309,143.084,0.236098,0.623360
145,1E4T,75.68,0.600800,1.00,-2634.568,161.543,0.375582,0.555070
146,1E8P,90.22,0.752500,1.00,-3510.072,204.679,0.129106,0.808540
147,1E8Q,88.04,0.736800,1.00,-3510.072,204.679,0.194211,0.786390
148,1E9K,46.71,0.537200,1.00,-2377.759,212.835,0.756051,0.329880
149,1ED0,88.59,0.747200,1.00,-3303.260,189.876,0.203349,0.807220
150,1ED7,90.00,0.719500,1.00,-4097.077,309.067,0.137144,0.793310
151,1EDP,79.41,0.638000,1.00,-1022.010,58.575,0.251723,0.322070
152,1EDS,37.90,0.410400,1.00,-1779.604,218.951,0.652759,0.249060
153,1EDV,35.29,0.374800,1.00,-1510.715,374.832,0.594797,0.273390
154,1EDW,44.23,0.459300,1.00,-2218.148,124.970,0.496357,0.234070
155,1EDX,21.88,0.432100,1.00,-1680.870,249.036,1.236857,0.211140
156,1EGT,85.29,0.674500,1.00,-746.747,57.685,0.189808,0.352110
157,1EHS,50.00,0.545700,1.00,-3239.654,133.941,0.556288,0.431980
158,1EI0,94.74,0.833700,1.00,-3004.370,140.319,0.098729,0.815570
159,1EMX,75.00,0.571500,1.00,-1868.776,192.150,0.294050,0.498200
160,1EMZ,85.71,0.686000,1.00,-1487.058,23.513,0.259310,0.554600
161,1EQX,73.61,0.594300,1.00,-801.343,83.071,0.344817,0.314530
162,1ERC,51.25,0.523300,1.00,-3181.275,130.746,0.790088,0.464610
163,1ERD,36.88,0.418500,1.00,-2435.612,361.687,0.892297,0.277130
164,1ERP,37.50,0.409500,1.00,-2531.054,233.856,0.814280,0.288980
165,1ERY,46.79,0.540100,1.00,-2958.007,99.056,0.829356,0.454680
166,1ESK,65.48,0.621900,1.00,-2222.446,283.344,0.351437,0.519560
167,1EWS,78.91,0.614600,1.00,-2067.927,159.033,0.220020,0.687880
168,1EYO,88.33,0.742200,1.00,-1921.258,124.177,0.190520,0.660930
169,1EZE,61.18,0.669200,1.00,-2619.052,115.844,0.383679,0.452240
170,1F3K,86.54,0.682000,1.00,-1804.446,150.406,0.144362,0.537470
171,1F4I,88.89,0.704100,1.00,-4670.860,121.239,0.196697,0.811860
172,1F7E,80.43,0.757200,1.00,-2552.111,223.015,0.291973,0.698990
173,1F7M,76.63,0.747700,1.00,-2552.111,223.015,0.270592,0.664810
174,1F8Z,89.10,0.739900,1.00,-2092.054,192.668,0.195013,0.760890
175,1FAC,75.00,0.604200,1.00,-1540.680,63.186,0.254278,0.281750
176,1FCT,56.25,0.548900,1.00,-1617.557,158.063,0.571098,0.393310
177,1FDF,56.00,0.573000,1.00,-1656.655,64.408,0.401305,0.252480
178,1FEO,86.54,0.670600,1.00,-1372.126,95.843,0.140654,0.563310
179,1FF7,75.00,0.711800,1.00,-2552.111,223.015,0.289452,0.624840
180,1FFM,83.15,0.762600,1.00,-2552.111,223.015,0.206864,0.720460
181,1FGD,58.33,0.498000,1.00,-655.911,115.629,0.509820,0.183770
182,1FGE,52.50,0.487600,1.00,-698.574,174.130,0.551749,0.180290
183,1FJN,82.69,0.725100,1.00,-2748.582,150.655,0.224099,0.676170
184,1FME,78.57,0.641600,1.00,-1998.053,152.334,0.250911,0.460240
185,1FMY,38.12,0.423100,1.00,-2114.138,246.869,0.786000,0.285710
186,1FQQ,75.00,0.623500,1.00,-2945.323,268.359,0.237223,0.599230
187,1FRE,37.50,0.375200,1.00,-3112.308,206.004,0.694805,0.315660
188,1FRY,36.21,0.494400,1.00,-1609.237,78.150,0.811543,0.219770
189,1FSB,87.50,0.746500,1.00,-2541.746,233.505,0.180187,0.743150
190,1FSD,75.89,0.637600,1.00,-2033.859,168.072,0.307040,0.467470
191,1FSV,76.79,0.649800,1.00,-2033.859,168.072,0.286309,0.483930
192,1FU3,90.74,0.685500,1.00,-1809.465,164.670,0.127895,0.600150
193,1FU9,80.56,0.695000,1.00,-2474.684,183.871,0.460838,0.679050
194,1FUL,47.73,0.414300,1.00,-408.219,36.818,0.463291,0.286940
195,1FUV,54.55,0.486500,1.00,-408.219,36.818,0.354913,0.266110
196,1FV5,74.31,0.613900,1.00,-2589.683,162.385,0.424436,0.566050
197,1FVY,50.00,0.619800,1.00,-2406.083,52.608,0.952296,0.347540
198,1FW5,77.50,0.746600,1.00,-1358.669,62.194,0.284641,0.331810
199,1FWO,75.71,0.645400,1.00,-2161.288,185.612,0.260996,0.567330
200,1FYG,90.00,0.691200,1.00,-1356.843,150.032,0.113337,0.527280
201,1G04,37.50,0.319500,1.00,-1993.239,113.459,0.638599,0.167350
202,1G26,86.29,0.725500,1.00,-2264.044,200.135,0.175644,0.614780
203,1G92,53.00,0.627300,1.00,-1720.250,63.597,0.706689,0.380260
204,1G9P,70.00,0.681000,1.00,-2372.493,239.753,0.436887,0.542640
205,1GEA,75.00,0.632600,1.00,-1323.367,50.272,0.329983,0.356740
206,1GIB,57.95,0.471200,1.00,-818.367,154.151,0.421183,0.202900
207,1GK5,77.04,0.623100,1.00,-3490.127,223.909,0.226670,0.637950
208,1GM2,50.00,0.573800,1.00,-297.134,42.248,0.806573,0.331460
209,1GNA,73.08,0.617000,1.00,-555.848,83.945,0.332191,0.284170
210,1GNB,53.85,0.527100,1.00,-555.848,83.945,0.424061,0.174790
211,1GNF,82.07,0.674100,1.00,-3228.897,250.095,0.279424,0.676660
212,1GP8,80.00,0.700300,1.00,-2823.119,99.761,0.269399,0.670790
213,1GPS,93.62,0.755500,1.00,-3087.636,205.628,0.130716,0.856000
214,1GPT,91.49,0.725500,1.00,-3144.439,189.654,0.125532,0.847560
215,1GUR,76.43,0.623800,1.00,-1910.190,241.342,0.189573,0.559760
216,1GW3,49.46,0.601500,1.00,-3217.202,109.218,0.557836,0.435650
217,1GW4,51.09,0.557400,1.00,-3217.202,109.218,0.558369,0.448450
218,1H20,50.64,0.438100,1.00,-2358.614,284.027,0.656946,0.439800
219,1H5O,79.17,0.630000,1.00,-2333.647,290.274,0.188722,0.638230
220,1H7D,32.14,0.347200,1.00,-3019.879,274.797,1.703858,0.285600
221,1H7J,44.23,0.469900,1.00,-1392.496,58.512,0.615924,0.276010
222,1HA9,83.82,0.755200,1.00,-1812.734,182.630,0.384154,0.712890
223,1HD6,38.51,0.461300,1.00,-2653.597,212.983,0.899132,0.280540
225,1HEV,94.77,0.770100,1.00,-3068.148,229.509,0.131681,0.872970
226,1HFF,72.50,0.571300,1.00,-360.386,27.822,0.235801,0.345430
227,1HJ0,32.32,0.534800,1.00,-2050.610,196.955,0.989635,0.264870
228,1HLL,80.47,0.706300,1.00,-2338.179,65.931,0.264650,0.585780
229,1HLY,96.15,0.759300,1.00,-3100.874,182.211,0.092640,0.844720
230,1HN3,23.12,0.286000,1.00,-2178.210,181.432,1.255946,0.276510
231,1HNR,69.68,0.575800,1.00,-3426.609,147.586,0.294860,0.565650
232,1HNS,57.98,0.510200,1.00,-3426.609,147.586,0.402487,0.458230
233,1HO0,47.50,0.427700,1.00,-1985.164,99.122,0.625887,0.288980
234,1HO2,87.50,0.732600,1.00,-1390.455,32.889,0.148515,0.449850
235,1HO7,83.75,0.717500,1.00,-1390.455,32.889,0.175442,0.389110
236,1HO9,71.09,0.593800,1.00,-2338.547,95.259,0.318676,0.537070
237,1HOD,70.31,0.601700,1.00,-2338.547,95.259,0.311761,0.430190
238,1HOF,65.62,0.609400,1.00,-2338.179,65.931,0.315705,0.410050
239,1HP2,89.19,0.731400,1.00,-2666.078,183.966,0.129676,0.770180
240,1HP3,81.25,0.693900,1.00,-1923.420,158.330,0.327906,0.637740
241,1HP9,82.95,0.654700,1.00,-1654.792,54.061,0.175754,0.313460
242,1HPH,46.62,0.570200,1.00,-3088.083,63.165,0.816374,0.397060
243,1HPY,57.35,0.633100,1.00,-2676.878,106.045,0.431615,0.356280
244,1HRL,73.91,0.613200,1.00,-1056.185,107.219,0.432025,0.364220
246,1HTX,87.50,0.698900,1.00,-2094.544,187.829,0.167407,0.658330
247,1HU5,79.17,0.717100,1.00,-1004.811,36.764,0.167905,0.350520
248,1HU6,68.06,0.599500,1.00,-838.039,39.679,0.370780,0.291830
249,1HU7,83.33,0.648200,1.00,-914.785,43.393,0.263535,0.442640
250,1HVW,97.00,0.802600,1.00,-1506.839,115.364,0.069877,0.708970
251,1HVZ,81.94,0.658900,1.00,-1038.203,71.472,0.273845,0.302280
252,1HY9,89.63,0.785700,1.00,-2703.559,198.356,0.150931,0.786340
253,1HYK,81.52,0.677500,1.00,-3425.885,285.297,0.217197,0.710010
254,1HZ3,25.96,0.444300,1.00,-1014.271,177.230,1.019832,0.137920
255,1I25,45.27,0.415200,1.00,-1519.708,194.664,0.959330,0.400820
256,1I26,80.88,0.655200,1.00,-2159.214,195.125,0.298916,0.610600
257,1I2U,84.09,0.641900,1.00,-3304.072,284.963,0.188231,0.753510
258,1I2V,76.70,0.647800,1.00,-3350.534,202.333,0.318117,0.661060
259,1I6C,71.15,0.657500,1.00,-2207.894,176.092,0.445289,0.560550
260,1I8X,70.00,0.562100,1.00,-2087.268,141.670,0.470905,0.498350
261,1I8Y,83.93,0.701300,1.00,-1713.144,171.025,0.185353,0.483290
262,1IB9,79.41,0.709000,1.00,-1812.734,182.630,0.402669,0.632990
263,1IBN,77.50,0.654500,1.00,-1164.612,22.684,0.277565,0.367810
264,1IBO,78.75,0.628900,1.00,-1164.612,22.684,0.322824,0.318630
265,1IC9,38.79,0.462900,1.00,-1610.432,135.897,1.343937,0.267730
266,1ICA,68.12,0.568400,1.00,-2886.452,182.964,0.607499,0.551420
267,1ICL,34.48,0.470300,1.00,-1316.941,196.456,1.234410,0.231070
268,1ICO,36.21,0.493200,1.00,-1589.254,149.340,1.172353,0.323300
269,1ID6,38.33,0.474700,1.00,-822.797,39.364,0.602515,0.230870
270,1ID7,43.33,0.453900,1.00,-822.797,39.364,0.538102,0.131400
271,1IE6,76.52,0.642500,1.00,-1407.308,151.721,0.355057,0.573200
272,1IFY,94.90,0.750300,1.00,-4460.810,220.345,0.089487,0.872140
273,1IIJ,77.86,0.717700,1.00,-2525.987,90.397,0.221369,0.678830
274,1IM1,81.25,0.591800,1.00,-570.299,56.411,0.243241,0.374100
275,1IRR,76.09,0.600300,1.00,-1047.129,115.582,0.332942,0.384020
276,1IVA,67.19,0.558300,1.00,-3131.602,189.285,0.633762,0.558970
277,1IWC,22.06,0.288100,1.00,-1338.891,174.721,1.356315,0.186200
278,1IWF,26.47,0.340900,1.00,-1338.891,174.721,0.868127,0.180940
279,1IXA,86.54,0.718700,1.00,-2204.454,190.765,0.165304,0.710370
280,1IXT,86.11,0.689500,1.00,-1810.489,117.554,0.143323,0.512220
281,1IXU,50.00,0.505300,1.00,-423.231,57.807,0.580431,0.249210
282,1IYC,46.53,0.469300,1.00,-1749.552,291.925,1.008873,0.339710
283,1IYT,19.64,0.318000,1.00,-1621.962,281.404,1.196137,0.248850
284,1J4M,82.14,0.677200,1.00,-599.819,76.320,0.182171,0.347090
285,1J5J,93.75,0.775100,1.00,-2808.717,174.460,0.097370,0.810940
286,1J5L,40.83,0.476400,1.00,-1620.751,200.659,0.784073,0.264790
287,1J5M,68.75,0.589400,1.00,-1477.830,226.942,0.250781,0.335710
288,1JBL,55.36,0.597000,1.00,-401.145,75.507,1.066170,0.250830
289,1JBN,53.57,0.632200,1.00,-401.145,75.507,1.048212,0.289170
290,1JDM,67.74,0.627700,1.00,-2983.113,104.852,0.459572,0.485430
291,1JI9,58.78,0.549600,1.00,-2213.997,337.001,0.388917,0.381650
292,1JJZ,81.90,0.682500,1.00,-1807.576,173.760,0.331243,0.601820
293,1JKZ,84.24,0.709500,1.00,-3605.912,244.887,0.140835,0.755720
294,1JLZ,92.39,0.722000,1.00,-1240.296,97.831,0.144032,0.499870
295,1JMN,48.91,0.433000,1.00,-3094.916,256.258,0.598158,0.370290
296,1JMP,80.98,0.674600,1.00,-3253.835,135.384,0.221431,0.712880
297,1JN7,72.92,0.637900,1.00,-2459.803,170.711,0.590487,0.601440
298,1JO5,43.75,0.609300,1.00,-3744.904,154.910,1.004522,0.440820
299,1JO6,40.56,0.509600,1.00,-2927.190,111.431,1.127085,0.347600
300,1JRF,53.72,0.478500,1.00,-2230.776,278.918,0.775287,0.450800
301,1JRJ,81.41,0.776900,1.00,-2513.780,163.078,0.249915,0.646550
302,1JU8,76.35,0.667200,1.00,-2759.941,236.489,0.213003,0.563390
303,1JY9,78.75,0.632800,1.00,-545.276,90.509,0.247104,0.219510
304,1K0P,37.10,0.400400,1.00,-1891.810,184.783,0.638448,0.198820
305,1K18,36.29,0.409400,1.00,-1891.810,184.783,0.618104,0.204320
306,1K1V,90.24,0.693700,1.00,-3406.531,107.943,0.107433,0.789430
307,1K36,77.72,0.648500,1.00,-3591.604,329.666,0.191615,0.652180
308,1K37,76.09,0.650700,1.00,-3591.604,329.666,0.182270,0.646230
309,1K43,87.50,0.658200,1.00,-599.819,76.320,0.164576,0.377580
310,1K48,80.17,0.668400,1.00,-1807.576,173.760,0.335103,0.581510
311,1K7B,78.19,0.695700,1.00,-2391.959,236.547,0.338226,0.667570
312,1K81,66.67,0.548600,1.00,-2437.962,178.436,0.305522,0.449930
313,1K91,83.78,0.731700,1.00,-1480.984,186.639,0.167764,0.626160
314,1KAL,86.21,0.758100,1.00,-1959.118,110.909,0.235949,0.602830
315,1KBE,68.37,0.573100,1.00,-3462.788,242.035,0.274289,0.560110
316,1KBF,67.86,0.577900,1.00,-3462.788,242.035,0.279495,0.566330
317,1KDL,70.65,0.626700,1.00,-1828.105,47.019,0.392898,0.362970
318,1KGM,88.57,0.716700,1.00,-1859.404,201.133,0.175720,0.701900
319,1KIO,79.29,0.684700,1.00,-1893.118,177.356,0.347935,0.595290
320,1KJ0,73.57,0.651500,1.00,-1695.740,216.114,0.344501,0.511750
321,1KJ5,81.94,0.665600,1.00,-2571.309,143.084,0.181210,0.648190
322,1KJ6,71.11,0.577300,1.00,-2893.144,173.525,0.621370,0.599860
323,1KLR,93.33,0.782600,1.00,-1928.637,132.682,0.144810,0.775640
324,1KLS,90.83,0.728200,1.00,-1868.942,148.059,0.186228,0.705620
325,1KMR,83.33,0.652100,1.00,-960.090,39.888,0.308190,0.484610
326,1KOZ,76.39,0.628000,1.00,-2667.626,151.100,0.218652,0.556060
327,1KQH,81.58,0.649400,1.00,-2721.996,248.171,0.211244,0.679600
328,1KQI,76.97,0.651300,1.00,-2721.996,248.171,0.256350,0.613160
329,1KUW,47.50,0.546500,1.00,-186.567,37.061,0.445943,0.297700
330,1KV4,48.21,0.645900,1.00,-2487.376,144.692,0.933260,0.408670
331,1KWD,78.12,0.531200,1.00,-1106.260,62.319,0.227117,0.249060
332,1KWE,76.56,0.529800,1.00,-1106.260,62.319,0.251173,0.236020
333,1KX6,46.55,0.441600,1.00,-2247.677,64.548,0.629080,0.255650
334,1KZ0,79.69,0.574500,1.00,-1113.484,31.201,0.230573,0.315750
335,1KZ2,81.25,0.667600,1.00,-911.637,32.792,0.172303,0.319540
336,1KZ5,52.08,0.510300,1.00,-539.115,64.468,0.415675,0.346980
337,1L1K,38.75,0.413500,1.00,-780.967,131.159,0.663620,0.184770
338,1L2Y,72.50,0.630400,1.00,-1073.313,83.716,0.293673,0.397910
339,1L3Q,50.00,0.580900,1.00,-394.449,41.350,0.720371,0.320940
340,1L3Y,76.22,0.604700,1.00,-2646.157,258.905,0.270219,0.633730
341,1L4V,86.88,0.694100,1.00,-3017.619,150.673,0.189193,0.733940
342,1LA4,84.56,0.688400,1.00,-2339.280,191.470,0.186382,0.668820
343,1LB0,76.92,0.565000,1.00,-773.072,14.338,0.259699,0.342850
344,1LB7,89.06,0.696200,1.00,-810.235,74.566,0.176284,0.454520
345,1LBJ,78.41,0.661400,1.00,-1601.173,59.609,0.422477,0.432960
346,1LCX,80.77,0.578900,1.00,-773.072,14.338,0.258212,0.335200
347,1LDL,68.75,0.599100,1.00,-2678.635,239.549,0.408343,0.573020
348,1LDR,70.93,0.575900,1.00,-2297.532,345.100,0.276190,0.577560
349,1LFC,38.00,0.291100,1.00,-1607.140,79.633,0.733755,0.167350
350,1LGL,95.14,0.782900,1.00,-2808.717,174.460,0.092845,0.839760
351,1LIQ,64.81,0.536100,1.00,-1740.916,156.099,0.422508,0.378990
352,1LIR,91.22,0.744500,1.00,-2862.019,190.639,0.107932,0.771820
353,1LMM,66.25,0.564900,1.00,-2493.322,220.702,0.503972,0.512910
354,1LMR,72.14,0.594900,1.00,-2003.711,169.449,0.274861,0.509850
355,1LUP,78.23,0.587400,1.00,-2116.085,177.691,0.179668,0.522720
356,1LV4,39.29,0.419300,1.00,-1184.513,61.876,0.694917,0.137060
357,1LVZ,45.45,0.470200,1.00,-362.229,75.238,0.476281,0.165820
358,1LYP,85.16,0.713900,1.00,-2218.710,64.930,0.152605,0.601280
359,1M02,52.08,0.509200,1.00,-467.154,88.108,0.586626,0.310460
360,1M0G,52.50,0.464500,1.00,-2117.558,133.296,0.445394,0.290720
361,1M0J,67.86,0.540500,1.00,-1663.805,182.201,0.406041,0.398730
362,1M23,88.46,0.653300,1.00,-757.238,24.862,0.132301,0.426880
363,1M25,57.69,0.420900,1.00,-1993.239,113.459,0.783028,0.359000
364,1M2S,85.81,0.661300,1.00,-2721.157,164.979,0.136920,0.685680
365,1M36,92.42,0.784300,1.00,-2446.758,142.541,0.133104,0.763590
366,1M4E,46.25,0.414300,1.00,-1418.726,67.776,0.428928,0.200560
367,1M4F,39.00,0.342700,1.00,-1897.452,178.798,0.597376,0.162790
368,1MA2,72.06,0.524100,1.00,-865.432,75.933,0.248492,0.255450
369,1MA4,38.24,0.399300,1.00,-1163.268,36.698,0.800017,0.220720
370,1MA5,52.94,0.449100,1.00,-865.432,75.933,0.524891,0.137030
371,1MA6,44.12,0.421400,1.00,-1163.268,36.698,0.552397,0.226960
372,1MB6,93.57,0.736400,1.00,-2474.172,189.578,0.097787,0.770240
373,1MEA,58.04,0.526300,1.00,-1373.284,157.787,0.451257,0.281230
374,1MED,58.93,0.514300,1.00,-1373.284,157.787,0.501472,0.291790
375,1MEQ,68.48,0.602800,1.00,-1140.658,70.083,0.343140,0.298720
376,1MF6,68.75,0.561600,1.00,-466.209,65.374,0.362516,0.374590
377,1MGX,46.28,0.404900,1.00,-4017.307,166.586,0.726288,0.351410
378,1MHU,53.23,0.528100,1.00,-2152.884,148.559,0.403279,0.354050
379,1MKC,50.58,0.567100,1.00,-2287.778,277.087,0.626217,0.383690
380,1MM0,92.36,0.813900,1.00,-3120.393,196.175,0.097020,0.816930
381,1MMC,86.67,0.712000,1.00,-1957.036,118.955,0.155851,0.577260
382,1MOT,65.18,0.612100,1.00,-1479.595,144.983,0.461494,0.554490
383,1MPZ,35.98,0.432200,1.00,-2413.824,278.486,0.760123,0.285660
384,1MR0,88.97,0.694500,1.00,-2609.579,217.958,0.124457,0.724190
385,1MR4,91.49,0.769100,1.00,-3551.365,244.344,0.130775,0.812660
386,1MRB,74.19,0.644500,1.00,-2138.507,146.198,0.214761,0.459300
387,1MRT,66.94,0.564600,1.00,-2205.897,198.085,0.239730,0.385520
388,1MTQ,77.63,0.583800,1.00,-1025.996,109.027,0.364025,0.293200
389,1MTX,92.95,0.765100,1.00,-2854.098,220.809,0.113505,0.797380
390,1MXQ,81.82,0.595900,1.00,-541.153,46.727,0.260527,0.400060
391,1MYN,78.98,0.594400,1.00,-3047.168,201.900,0.353847,0.698510
392,1MYU,41.67,0.461300,1.00,-376.407,66.176,0.470191,0.190570
393,1MZI,53.85,0.495400,1.00,-773.072,14.338,0.380628,0.135270
394,1N0Z,72.22,0.685200,1.00,-2224.604,240.145,0.489472,0.605150
395,1N1U,93.10,0.773400,1.00,-1698.095,149.645,0.124103,0.719980
396,1N2Y,46.67,0.399400,1.00,-526.017,100.919,0.499821,0.146360
397,1N4N,95.74,0.794700,1.00,-3469.822,227.840,0.085576,0.898760
398,1N5G,38.16,0.372900,1.00,-2698.898,260.173,0.788362,0.287450
399,1N6T,75.00,0.524300,1.00,-380.863,53.435,0.342704,0.391330
400,1N8M,94.08,0.784900,1.00,-2633.988,214.006,0.114837,0.837010
401,1N9U,67.50,0.519600,1.00,-356.518,54.961,0.353412,0.233940
402,1NB1,93.97,0.781800,1.00,-1965.724,153.879,0.086242,0.741050
403,1NBJ,85.00,0.732800,1.00,-2134.135,181.053,0.244789,0.606580
404,1NBL,79.35,0.693800,1.00,-3428.985,199.970,0.289871,0.666500
405,1NC8,74.14,0.626000,1.00,-1206.427,188.494,0.473883,0.546530
406,1NCS,83.51,0.688700,1.00,-3981.086,196.565,0.196358,0.745320
407,1ND9,60.20,0.532900,1.00,-3895.818,167.959,0.331865,0.473510
408,1NE5,82.14,0.619200,1.00,-3026.666,233.380,0.270301,0.702580
409,1NIZ,60.94,0.477500,1.00,-710.505,62.211,0.379060,0.169390
410,1NJ0,60.94,0.516900,1.00,-710.505,62.211,0.325121,0.222150
411,1NJ3,91.94,0.749600,1.00,-2086.975,186.694,0.161089,0.722370
412,1NMJ,30.36,0.460500,1.00,-927.425,167.760,0.855930,0.178800
413,1NZS,36.84,0.472600,1.00,-516.296,161.599,0.723347,0.126920
414,1O53,88.33,0.658000,1.00,-854.076,28.589,0.200512,0.538010
415,1O8Y,55.36,0.620300,1.00,-401.145,75.507,1.079662,0.266140
416,1O8Z,57.14,0.602900,1.00,-401.145,75.507,1.052590,0.324960
417,1OAV,75.52,0.580500,1.00,-3131.602,189.285,0.486516,0.671900
418,1OAW,77.60,0.645400,1.00,-3131.602,189.285,0.289716,0.665380
419,1ODP,90.00,0.676500,1.00,-1599.451,54.810,0.151630,0.526700
420,1ODQ,78.75,0.689100,1.00,-1599.451,54.810,0.198207,0.449010
421,1ODR,87.50,0.619300,1.00,-1599.451,54.810,0.153536,0.445000
422,1OEF,92.71,0.706700,1.00,-1828.385,45.517,0.103181,0.532000
423,1OEG,81.52,0.744600,1.00,-1718.526,45.316,0.248322,0.427100
424,1OEI,45.83,0.416200,1.00,-444.747,281.959,0.541526,0.200330
425,1OG7,36.05,0.374300,1.00,-2544.989,200.967,1.089842,0.318860
426,1OHM,42.61,0.428100,1.00,-2851.054,170.742,0.749903,0.377690
427,1OHN,27.33,0.328600,1.00,-2544.989,200.967,1.220130,0.296880
428,1OIG,92.71,0.747600,1.00,-1311.747,143.335,0.120654,0.529180
429,1OMA,67.19,0.558200,1.00,-3057.377,292.688,0.601058,0.591630
430,1OMB,67.19,0.535900,1.00,-3057.377,292.688,0.478572,0.573710
431,1OMQ,93.75,0.700600,1.00,-1113.484,31.201,0.120718,0.500170
432,1OPP,65.79,0.654600,1.00,-3154.431,81.526,0.447906,0.510110
433,1ORL,47.28,0.432200,1.00,-3181.651,327.725,0.528596,0.338160
434,1ORX,89.58,0.707900,1.00,-1550.531,170.695,0.158107,0.495880
435,1OZZ,85.80,0.728800,1.00,-3352.379,219.204,0.274142,0.787690
436,1P00,80.68,0.694300,1.00,-3220.880,293.911,0.378855,0.707240
437,1P0A,76.70,0.663800,1.00,-3357.748,238.469,0.377220,0.664590
438,1P7A,75.68,0.720100,1.00,-2290.355,168.518,0.444486,0.604810
439,1P82,36.00,0.399800,1.00,-966.111,169.253,0.835155,0.177020
440,1P83,32.00,0.375700,1.00,-966.111,169.253,0.771302,0.181370
441,1P8B,91.22,0.762700,1.00,-2799.132,213.183,0.116136,0.763080
442,1P9C,53.33,0.556600,1.00,-2563.549,146.192,0.574057,0.378590
443,1P9F,85.00,0.661700,1.00,-534.024,29.261,0.312051,0.601660
444,1P9Z,79.27,0.618000,1.00,-2773.373,328.802,0.230683,0.663370
445,1PAA,89.17,0.768000,1.00,-2050.827,167.019,0.301462,0.728410
446,1PB5,95.00,0.795200,1.00,-1900.960,166.895,0.094817,0.805080
447,1PDC,79.44,0.664800,1.00,-3991.197,243.447,0.277056,0.665660
448,1PGY,63.30,0.555600,1.00,-4696.118,171.366,0.380630,0.537470
449,1PJV,92.97,0.729200,1.00,-2496.568,128.430,0.116038,0.719620
450,1PLP,59.00,0.628100,1.00,-1397.369,98.829,0.684505,0.391570
451,1PMC,80.56,0.678200,1.00,-1989.593,168.824,0.238183,0.639740
452,1PNH,94.35,0.770800,1.00,-2228.680,107.641,0.090822,0.753300
453,1PP5,52.38,0.522100,1.00,-856.245,154.935,0.523360,0.161310
454,1PSM,61.18,0.587600,1.00,-2619.955,56.400,0.500532,0.485490
455,1PSV,74.11,0.626100,1.00,-2132.545,97.746,0.284297,0.458150
456,1PT4,88.79,0.741600,1.00,-1807.184,147.492,0.262769,0.667950
457,1PV0,88.04,0.703200,1.00,-4572.824,176.041,0.214127,0.789970
458,1PVZ,83.87,0.672600,1.00,-2145.056,124.634,0.324713,0.611800
459,1PX9,77.38,0.594900,1.00,-3026.666,233.380,0.261102,0.625300
460,1PXQ,34.29,0.315000,1.00,-2112.876,237.105,0.869155,0.271350
461,1Q01,26.97,0.394600,1.00,-1246.267,244.825,1.375079,0.216000
462,1Q2F,46.09,0.600500,1.00,-2557.023,68.766,0.672677,0.309820
463,1Q2I,44.53,0.463900,1.00,-2557.023,68.766,0.754651,0.245380
464,1Q2J,64.77,0.503900,1.00,-1280.802,89.377,0.336223,0.203520
465,1Q2K,92.74,0.754200,1.00,-2043.346,151.564,0.095826,0.748860
466,1Q3J,72.92,0.587900,1.00,-2173.066,208.270,0.301052,0.596760
467,1Q3M,56.12,0.539800,1.00,-3625.755,228.856,0.985891,0.487690
468,1Q3Y,48.81,0.448600,1.00,-2180.311,220.238,0.823296,0.380830
469,1Q3Z,44.64,0.456100,1.00,-2180.311,220.238,0.754255,0.367380
470,1Q71,52.38,0.496100,1.00,-856.245,154.935,0.559150,0.144570
471,1QCM,63.64,0.511100,1.00,-279.110,58.115,0.338207,0.334470
472,1QDP,79.76,0.617200,1.00,-2322.285,209.144,0.211896,0.647470
473,1QFD,83.59,0.696100,1.00,-2094.544,187.829,0.182492,0.629370
474,1QG9,85.71,0.705200,1.00,-1723.479,39.099,0.300146,0.488390
475,1QGM,67.50,0.543600,1.00,-2087.268,141.670,0.476502,0.477710
476,1QHK,73.40,0.621900,1.00,-4082.705,253.843,0.253568,0.590090
477,1QJK,74.31,0.628900,1.00,-2494.035,149.377,0.397208,0.547160
478,1QJL,69.64,0.597000,1.00,-1712.033,178.761,0.325553,0.397480
479,1QK6,88.64,0.697100,1.00,-2000.061,256.335,0.139862,0.681010
480,1QK7,87.50,0.703800,1.00,-2296.839,162.904,0.208811,0.665240
481,1QKY,86.84,0.703500,1.00,-2964.247,239.228,0.133180,0.698440
482,1QLO,59.56,0.471700,1.00,-2548.972,118.429,0.483732,0.359250
483,1QWP,65.91,0.503400,1.00,-279.110,58.115,0.302047,0.313120
484,1QXC,56.82,0.618800,1.00,-279.110,58.115,0.441954,0.302220
485,1QYT,56.82,0.536200,1.00,-279.110,58.115,0.384616,0.202060
486,1R02,50.76,0.529500,1.00,-2122.195,122.672,0.760248,0.326850
487,1R1F,72.30,0.561100,1.00,-2534.751,241.292,0.373096,0.523840
488,1R7C,83.87,0.770700,1.00,-2720.757,91.520,0.302914,0.623090
489,1R7D,79.84,0.732200,1.00,-2720.757,91.520,0.303092,0.543540
490,1R7E,75.00,0.726400,1.00,-2720.757,91.520,0.261389,0.611810
491,1R7F,67.74,0.615500,1.00,-2720.757,91.520,0.311395,0.507450
492,1R7G,66.13,0.676300,1.00,-2720.757,91.520,0.320498,0.636740
493,1R8T,63.33,0.528900,1.00,-669.008,57.556,0.340518,0.212250
494,1R9I,65.91,0.486200,1.00,-1156.810,140.010,0.421068,0.235630
495,1RES,75.00,0.611800,1.00,-3942.983,104.955,0.464260,0.637160
496,1RET,69.19,0.578100,1.00,-3942.983,104.955,0.428262,0.542510
497,1RG3,73.44,0.634900,1.00,-1101.695,33.875,0.356142,0.352470
498,1RG4,79.69,0.671700,1.00,-1101.695,33.875,0.255074,0.388450
499,1RIJ,67.39,0.685400,1.00,-1136.180,115.115,0.725756,0.378300
500,1RIK,88.79,0.710600,1.00,-2145.290,96.901,0.173324,0.660610
501,1RIM,81.06,0.640100,1.00,-2104.018,255.498,0.367287,0.629370
502,1RJI,71.77,0.575100,1.00,-2138.854,242.173,0.312055,0.482070
503,1RKL,55.56,0.608800,1.00,-2868.921,82.791,0.679620,0.481630
504,1RMK,82.26,0.659000,1.00,-2757.063,157.568,0.274961,0.565780
505,1RO3,41.84,0.403600,1.00,-2605.649,208.066,0.648839,0.328750
506,1ROO,82.86,0.668500,1.00,-2672.286,192.453,0.193336,0.635630
507,1RPB,40.48,0.385800,1.00,-1043.479,164.112,0.786728,0.097880
508,1RPC,38.10,0.366300,1.00,-1043.479,164.112,0.770557,0.151240
509,1RSW,54.17,0.426400,1.00,-294.289,78.940,0.414930,0.199440
510,1RSX,75.00,0.539700,1.00,-294.289,78.940,0.375870,0.376580
511,1RT0,43.75,0.473800,1.00,-294.289,78.940,0.496765,0.205160
512,1S4H,50.00,0.546400,1.00,-155.190,58.372,0.507725,0.133480
513,1S4J,36.54,0.513400,1.00,-124.132,63.862,0.738081,0.227430
514,1S4T,46.43,0.435200,1.00,-1484.726,77.071,0.513719,0.157400
515,1S4W,47.50,0.540400,1.00,-389.222,117.095,0.520018,0.184000
516,1S6W,44.05,0.372900,1.00,-1568.737,69.057,0.571403,0.101130
517,1S6X,87.50,0.702400,1.00,-2350.393,170.448,0.216217,0.699540
518,1SBU,59.09,0.556900,1.00,-388.388,52.542,0.510556,0.317360
519,1SCO,81.58,0.658200,1.00,-2758.153,196.860,0.163051,0.623550
520,1SH1,35.42,0.371700,1.00,-2507.421,313.866,0.927727,0.406410
521,1SKH,72.50,0.646600,1.00,-2299.994,60.983,0.308598,0.511360
522,1SMZ,65.74,0.695900,1.00,-1709.086,64.667,0.385631,0.398270
523,1SOL,82.50,0.600000,1.00,-907.719,71.560,0.302148,0.434570
524,1SP1,84.48,0.692900,1.00,-1814.457,117.189,0.238363,0.577160
525,1SP2,91.94,0.748200,1.00,-2029.176,114.249,0.148192,0.749030
526,1SP7,57.29,0.471100,1.00,-1427.875,119.790,0.390413,0.226250
527,1SPF,75.00,0.747300,1.00,-2222.098,111.693,0.458573,0.637180
528,1SPW,89.10,0.711300,1.00,-3200.189,190.782,0.167692,0.769550
529,1SRB,71.43,0.595100,1.00,-1305.513,82.510,0.255572,0.213330
530,1SRK,75.71,0.715200,1.00,-2262.204,128.218,0.490408,0.613910
531,1SSL,68.23,0.598400,1.00,-3588.453,280.827,0.297791,0.572970
532,1SUT,19.32,0.432700,1.00,-745.438,137.003,0.921329,0.154670
533,1SX0,97.73,0.774000,1.00,-1120.300,86.484,0.078059,0.555390
534,1SX1,93.18,0.737400,1.00,-1120.300,86.484,0.110997,0.500320
535,1T0C,25.81,0.499600,1.00,-784.929,273.767,1.073565,0.183160
536,1T2Y,45.00,0.468900,1.00,-1000.665,223.252,0.711527,0.183670
537,1T5M,46.15,0.360200,1.00,-416.442,58.850,0.630249,0.145810
538,1T5N,44.23,0.368400,1.00,-416.442,58.850,0.610780,0.266880
539,1T5Q,79.17,0.747500,1.00,-2323.240,68.287,0.237580,0.528050
540,1T9E,42.86,0.644600,1.00,-433.837,56.861,0.929297,0.264670
541,1TI5,86.96,0.693600,1.00,-3499.764,183.653,0.134166,0.775340
542,1TM6,60.23,0.545400,1.00,-1084.670,115.566,0.406427,0.282870
543,1TMR,88.16,0.695800,1.00,-1150.226,78.026,0.122935,0.304760
544,1TOR,70.00,0.566700,1.00,-337.431,34.822,0.255470,0.271070
545,1TOS,75.00,0.618800,1.00,-381.946,24.412,0.242798,0.472710
546,1TSK,91.43,0.714000,1.00,-2499.144,148.771,0.097515,0.759070
547,1TV0,62.50,0.476400,1.00,-2074.538,184.501,0.306341,0.514680
548,1TYK,77.21,0.611300,1.00,-2531.513,185.301,0.213282,0.540010
549,1U0P,54.63,0.465000,1.00,-1779.108,95.560,0.644107,0.346830
550,1U57,51.56,0.568500,1.00,-2767.384,229.106,0.901781,0.440540
551,1U6U,73.53,0.587800,1.00,-832.820,67.347,0.256902,0.215890
552,1U6V,72.06,0.571300,1.00,-832.820,67.347,0.235355,0.298230
553,1U85,82.58,0.732600,1.00,-2292.872,108.525,0.266241,0.619550
554,1U86,85.71,0.741500,1.00,-2355.573,136.239,0.213238,0.663190
555,1UAO,77.50,0.708300,1.00,-429.777,99.040,0.221953,0.373840
556,1UJL,40.48,0.534200,1.00,-1948.111,232.900,0.908404,0.296170
557,1UT3,90.13,0.684100,1.00,-2977.786,220.168,0.133921,0.771310
558,1UYA,57.81,0.535600,1.00,-708.251,89.207,0.435205,0.222560
559,1UYB,57.81,0.518400,1.00,-708.251,89.207,0.477881,0.247440
560,1V1D,82.26,0.734900,1.00,-2450.650,126.515,0.178067,0.590740
561,1V28,79.35,0.678300,1.00,-1094.858,94.103,0.438819,0.447510
562,1V4Z,82.89,0.677100,1.00,-1003.614,53.097,0.261596,0.443150
563,1V50,68.42,0.579300,1.00,-1003.614,53.097,0.393702,0.412660
564,1V5A,89.29,0.731900,1.00,-1597.028,158.312,0.151529,0.575000
565,1V6R,67.86,0.549600,1.00,-1408.368,63.633,0.422685,0.195030
566,1V92,86.41,0.736600,1.00,-4603.866,106.947,0.148284,0.742840
567,1VA1,79.05,0.667900,1.00,-2376.086,242.698,0.252378,0.598130
568,1VA2,86.29,0.678400,1.00,-2029.176,114.249,0.166328,0.620440
569,1VA3,90.52,0.702900,1.00,-1814.457,117.189,0.167500,0.687160
570,1VB8,78.33,0.666800,1.00,-2063.190,178.853,0.245780,0.498920
571,1VD7,68.48,0.527100,1.00,-1644.480,38.919,0.423746,0.359450
572,1VD8,64.13,0.481600,1.00,-1668.858,60.756,0.407500,0.278700
573,1VD9,72.83,0.618500,1.00,-1687.071,52.300,0.443257,0.426100
574,1VDA,59.78,0.553800,1.00,-1565.861,36.786,0.648583,0.319370
575,1VDB,76.09,0.711300,1.00,-1644.480,38.919,0.221766,0.465410
576,1VII,80.56,0.680000,1.00,-3087.842,95.896,0.215966,0.642370
577,1VPC,64.44,0.632800,1.00,-3148.720,90.136,0.537663,0.578380
578,1VPU,40.56,0.474900,1.00,-2820.993,216.934,0.890458,0.384740
579,1VQX,36.84,0.512300,1.00,-516.296,161.599,0.678527,0.190320
580,1VTP,69.23,0.691200,1.00,-1878.254,24.717,0.352664,0.422790
581,1VTX,81.55,0.627000,1.00,-2524.411,164.732,0.209751,0.685430
582,1W1N,71.21,0.602800,1.00,-2439.635,103.108,0.429946,0.567220
583,1W4E,93.09,0.759600,1.00,-3706.070,230.481,0.138837,0.839820
584,1W4F,88.83,0.731600,1.00,-3706.070,230.481,0.236707,0.809640
585,1W4G,92.02,0.769500,1.00,-3651.901,301.147,0.202410,0.845430
586,1W4H,87.23,0.747400,1.00,-3574.392,152.368,0.404884,0.810590
587,1WAZ,61.96,0.549600,1.00,-4388.567,128.838,0.436890,0.505030
588,1WCT,53.85,0.515200,1.00,-288.319,56.328,0.349432,0.301070
589,1WM7,68.10,0.611100,1.00,-1802.039,181.725,0.265541,0.359020
590,1WM8,67.86,0.555800,1.00,-1522.629,184.785,0.239876,0.380720
591,1WMT,84.15,0.669900,1.00,-3069.647,220.217,0.164157,0.697380
592,1WN4,61.61,0.583700,1.00,-1285.804,177.753,0.533871,0.457200
593,1WN8,82.95,0.659800,1.00,-1496.270,47.606,0.261993,0.569850
594,1WNK,84.78,0.748400,1.00,-1687.071,52.300,0.157032,0.414670
595,1WNM,93.48,0.749000,1.00,-1668.858,60.756,0.097840,0.546440
596,1WNN,85.87,0.721200,1.00,-1565.861,36.786,0.252924,0.560230
597,1WO3,74.00,0.612700,1.00,-1052.404,509.352,0.238795,0.318200
598,1WO4,62.00,0.556200,1.00,-1274.290,101.081,0.485318,0.371850
599,1WO5,63.00,0.522800,1.00,-1728.146,67.565,0.414086,0.305490
600,1WO6,68.00,0.525900,1.00,-1297.618,154.403,0.321918,0.362280
601,1WO7,51.00,0.496200,1.00,-1587.276,80.844,0.584147,0.285540
602,1WO9,78.57,0.687600,1.00,-1728.231,192.038,0.335193,0.602270
603,1WPD,62.50,0.519200,1.00,-2373.876,164.495,0.482854,0.426180
604,1WQB,83.59,0.700100,1.00,-1930.579,207.700,0.218792,0.625600
605,1WQC,81.73,0.668200,1.00,-1836.298,85.971,0.326329,0.438620
606,1WQD,72.22,0.672800,1.00,-1748.250,109.932,0.412325,0.465270
607,1WQE,95.65,0.801900,1.00,-1402.341,59.277,0.072240,0.564810
608,1WQK,37.50,0.384400,1.00,-2746.760,229.627,0.931154,0.447580
609,1WR3,81.94,0.713900,1.00,-2220.858,145.684,0.271537,0.652480
610,1WR4,90.97,0.775700,1.00,-2188.649,201.775,0.133589,0.773610
611,1WR7,81.71,0.690200,1.00,-2752.391,252.527,0.411850,0.711890
612,1WT7,71.34,0.577300,1.00,-3215.341,205.514,0.495975,0.579140
613,1WT8,68.55,0.533700,1.00,-2138.854,242.173,0.359292,0.424010
614,1WXN,61.31,0.509400,1.00,-3453.160,177.309,0.626852,0.518110
615,1WZ4,50.00,0.554500,1.00,-1163.851,90.462,0.631913,0.311440
616,1WZ5,66.43,0.513000,1.00,-2223.567,169.320,0.342732,0.447680
617,1X22,61.31,0.719600,1.00,-2223.262,101.139,0.598265,0.633970
618,1X32,39.89,0.419700,1.00,-3375.534,220.940,0.754365,0.288160
619,1X5V,83.09,0.649700,1.00,-2354.528,175.523,0.180329,0.585010
620,1X7K,76.32,0.621300,1.00,-1123.215,98.242,0.250447,0.297930
621,1XBH,59.62,0.477600,1.00,-624.740,45.850,0.304436,0.284080
622,1XC0,64.39,0.636700,1.00,-1930.359,66.923,0.412070,0.483700
623,1XF7,90.52,0.746300,1.00,-1830.305,95.744,0.146899,0.665330
624,1XOO,78.75,0.688800,1.00,-1335.633,18.473,0.251905,0.417270
625,1XOP,68.75,0.580000,1.00,-1369.755,15.175,0.247120,0.293540
626,1XRZ,88.33,0.734400,1.00,-1674.690,134.990,0.251643,0.684450
627,1XT7,46.15,0.468200,1.00,-416.442,58.850,0.454284,0.161570
628,1XUT,50.00,0.445400,1.00,-3633.115,188.011,0.644532,0.438510
629,1XV3,38.83,0.506300,1.00,-2697.272,232.026,0.882171,0.346640
630,1XXZ,40.91,0.418500,1.00,-518.336,36.143,0.568117,0.194220
631,1XY4,41.67,0.392600,1.00,-754.918,32.718,0.606765,0.297220
632,1XY6,45.83,0.507500,1.00,-462.978,61.588,0.685368,0.312310
633,1XY8,59.62,0.456100,1.00,-762.152,25.573,0.529956,0.274310
634,1XY9,50.00,0.454200,1.00,-518.050,35.269,0.520456,0.193940
635,1Y03,70.00,0.795500,1.00,-1171.714,59.311,0.311423,0.641350
636,1Y04,59.29,0.752500,1.00,-1171.714,59.311,0.770261,0.483860
637,1Y1B,86.46,0.706300,1.00,-3660.613,182.335,0.236396,0.754130
638,1Y1C,82.81,0.719100,1.00,-3711.143,165.699,0.310329,0.716450
639,1Y29,84.82,0.688400,1.00,-1736.563,122.945,0.218423,0.559660
640,1Y2P,87.50,0.710500,1.00,-2236.385,205.573,0.140727,0.687790
641,1Y32,73.96,0.699400,1.00,-1192.399,66.166,0.475981,0.399130
642,1Y4E,49.07,0.545200,1.00,-1886.001,97.807,0.473028,0.166290
643,1Y5C,59.09,0.522000,1.00,-297.730,62.012,0.337647,0.347280
644,1YIU,91.22,0.799100,1.00,-2507.150,200.843,0.112532,0.754710
645,1YMZ,77.33,0.710300,1.00,-2556.671,193.465,0.318902,0.642670
646,1YP8,69.70,0.587500,1.00,-2089.792,169.205,0.552097,0.487450
647,1YT6,60.00,0.571800,1.00,-408.505,49.898,0.277418,0.298350
648,1YTR,61.54,0.569200,1.00,-1775.219,30.660,0.628651,0.300630
649,1YV8,47.28,0.422100,1.00,-2756.938,414.135,0.738084,0.386680
650,1YVA,50.00,0.413500,1.00,-2756.938,414.135,0.758164,0.372390
651,1YWJ,65.24,0.605900,1.00,-2128.030,343.160,0.664861,0.546590
652,1YYB,69.44,0.644600,1.00,-1707.408,74.267,0.366947,0.404610
653,1Z0Q,20.83,0.290500,1.00,-1621.962,281.404,1.465599,0.219940
654,1Z2T,72.83,0.601200,1.00,-1871.385,56.215,0.411197,0.512120
655,1Z65,73.33,0.632100,1.00,-2012.573,72.037,0.316452,0.515790
656,1Z6V,45.41,0.490100,1.00,-2634.329,269.652,0.889366,0.341800
657,1Z6W,26.02,0.377500,1.00,-2634.329,269.652,0.858555,0.241870
658,1Z99,73.81,0.620200,1.00,-2333.647,290.274,0.303696,0.614090
659,1ZA8,83.87,0.701700,1.00,-2166.688,175.671,0.351409,0.611170
660,1ZAQ,59.66,0.564600,1.00,-3256.712,254.606,0.671391,0.434960
661,1ZDA,80.26,0.681100,1.00,-2984.724,95.614,0.384422,0.682330
662,1ZDB,73.68,0.693800,1.00,-2984.724,95.614,0.374892,0.539760
663,1ZFD,88.28,0.717500,1.00,-1987.672,128.608,0.171980,0.678740
664,1ZFU,77.50,0.619500,1.00,-2844.943,168.557,0.278467,0.623480
665,1ZJQ,81.62,0.696300,1.00,-2451.835,179.284,0.226021,0.593680
666,1ZNM,83.93,0.691000,1.00,-1949.389,83.569,0.134722,0.492010
667,1ZNU,96.55,0.760100,1.00,-1965.724,153.879,0.078258,0.743700
668,1ZR7,91.67,0.760400,1.00,-1846.714,141.160,0.156652,0.752130
669,1ZRV,74.00,0.667900,1.00,-1792.183,56.850,0.230494,0.357780
670,1ZRW,63.00,0.614200,1.00,-1792.183,56.850,0.400225,0.351030
671,1ZRX,43.45,0.456500,1.00,-2851.053,108.420,1.252967,0.379860
672,1ZTA,79.29,0.680600,1.00,-2788.137,71.776,0.294001,0.669710
673,1ZTN,33.33,0.422200,1.00,-1258.334,179.500,0.741218,0.197320
674,1ZTO,52.03,0.621500,1.00,-1897.178,223.837,0.924009,0.367650
675,1ZUE,87.50,0.688500,1.00,-2913.343,253.048,0.305143,0.762330
676,1ZUF,77.38,0.610200,1.00,-2913.343,253.048,0.287358,0.622430
677,1ZUV,85.00,0.672200,1.00,-1894.408,112.991,0.243484,0.593860
678,1ZWA,41.91,0.549400,1.00,-2676.878,106.045,0.924576,0.306240
679,1ZWB,46.53,0.567300,1.00,-2955.428,67.455,1.024630,0.389500
680,1ZWC,47.97,0.597300,1.00,-2966.936,83.082,0.707534,0.372820
681,1ZWD,42.14,0.571500,1.00,-2908.028,52.101,0.687419,0.317640
682,1ZWE,48.53,0.549700,1.00,-2937.601,49.826,0.706394,0.366560
683,1ZWU,89.17,0.730100,1.00,-1848.094,110.988,0.137611,0.648630
684,2A1C,76.47,0.565100,1.00,-1234.364,50.131,0.334499,0.346920
685,2A2B,40.24,0.505900,1.00,-2285.263,138.147,0.966097,0.345630
686,2A2V,88.97,0.686700,1.00,-2125.647,260.259,0.163069,0.680240
687,2A51,75.64,0.682300,1.00,-2501.721,178.846,0.196630,0.551980
688,2AAP,86.03,0.710400,1.00,-2451.835,179.284,0.246681,0.700850
689,2AB3,87.07,0.699300,1.00,-1852.073,127.422,0.166601,0.592210
690,2AB7,92.24,0.725900,1.00,-1822.046,99.773,0.104586,0.680490
691,2AB9,25.81,0.371700,1.00,-1425.673,175.649,1.131304,0.189140
692,2ADX,50.00,0.476100,1.00,-2596.500,205.856,0.502927,0.323580
693,2AJJ,81.25,0.705600,1.00,-2241.679,35.879,0.193737,0.522200
694,2AJM,78.57,0.681600,1.00,-2241.679,35.879,0.259524,0.469790
695,2AJN,81.25,0.673700,1.00,-2241.679,35.879,0.207635,0.540790
696,2AJO,78.57,0.681600,1.00,-2241.679,35.879,0.259524,0.469790
697,2AJW,71.59,0.692900,1.00,-1090.874,148.327,0.560308,0.297300
698,2AK0,73.91,0.724800,1.00,-1128.918,122.034,0.592157,0.396120
699,2AMN,58.65,0.600800,1.00,-1909.932,69.354,0.487066,0.299970
700,2AP7,88.75,0.753600,1.00,-951.134,25.127,0.191899,0.515540
701,2AP8,90.00,0.730100,1.00,-951.134,25.127,0.204177,0.565850
702,2ARI,53.85,0.561800,1.00,-2262.945,57.353,0.782667,0.436970
703,2ATG,84.72,0.683500,1.00,-953.435,75.003,0.177484,0.330570
704,2AXK,86.18,0.691000,1.00,-3102.776,162.488,0.128856,0.717010
705,2B0Y,76.47,0.576100,1.00,-996.996,51.833,0.269280,0.300480
706,2B19,50.69,0.598000,1.00,-2029.794,173.409,0.652404,0.415190
707,2B38,79.84,0.699500,1.00,-1810.462,155.916,0.343580,0.646830
708,2B4N,52.98,0.577800,1.00,-2896.667,104.278,0.819540,0.439650
709,2B5B,32.64,0.417400,1.00,-2245.897,179.829,0.879914,0.260870
710,2B5P,38.64,0.522400,1.00,-318.929,47.384,0.775322,0.236430
711,2B5Q,40.91,0.483500,1.00,-318.929,47.384,0.725811,0.253830
712,2B68,76.74,0.664000,1.00,-2756.423,271.555,0.318503,0.649760
713,2B9K,46.28,0.460600,1.00,-3658.331,239.083,0.869349,0.349140
714,2BAI,35.94,0.400500,1.00,-1778.880,227.160,0.874152,0.269110
715,2BAO,90.00,0.689700,1.00,-531.925,18.284,0.163099,0.523370
716,2BAU,85.00,0.653800,1.00,-531.925,18.284,0.236282,0.442100
717,2BBG,75.00,0.638200,1.00,-3125.140,171.951,0.289905,0.567890
718,2BBL,32.95,0.519500,1.00,-650.989,155.704,1.039355,0.118390
719,2BBP,30.68,0.503400,1.00,-650.989,155.704,1.188393,0.180560
720,2BBX,78.57,0.703300,1.00,-2495.640,219.841,0.280996,0.702170
723,2BDS,47.67,0.413400,1.00,-3279.696,266.034,0.657764,0.427100
724,2BEY,50.00,0.584500,1.00,-489.912,66.917,0.713437,0.220810
725,2BL6,44.59,0.444700,1.00,-2208.376,164.883,0.678407,0.286230
726,2BMT,100.00,0.780100,1.00,-3122.392,164.139,0.059932,0.892720
727,2BN6,78.03,0.640100,1.00,-2676.420,81.445,0.265779,0.556040
728,2BP4,40.62,0.452500,1.00,-449.679,130.135,0.463000,0.135440
729,2BTG,86.17,0.714600,1.00,-3799.315,163.092,0.369283,0.791330
730,2BTH,84.57,0.706500,1.00,-3799.315,163.092,0.476127,0.769140
731,2C6A,76.09,0.694000,1.00,-2774.050,309.484,0.443242,0.662770
732,2C6B,74.46,0.668900,1.00,-2774.050,309.484,0.413754,0.610450
733,2CBH,99.31,0.846900,1.00,-2398.875,230.248,0.053224,0.910970
734,2CEF,39.47,0.518400,1.00,-509.173,152.662,0.736409,0.128210
735,2CEH,38.16,0.533500,1.00,-509.173,152.662,0.743403,0.185060
736,2CEZ,35.53,0.511200,1.00,-509.173,152.662,0.687629,0.095330
737,2CFJ,31.58,0.507600,1.00,-509.173,152.662,0.956558,0.122810
738,2CK4,88.16,0.745500,1.00,-2799.243,171.209,0.123978,0.715690
739,2CK5,83.87,0.709600,1.00,-2054.210,116.807,0.166140,0.593980
740,2CQ7,70.92,0.715700,1.00,-2686.511,283.969,0.537170,0.615140
741,2CRD,88.51,0.670200,1.00,-2941.198,162.048,0.128236,0.748670
742,2CSA,35.53,0.524300,1.00,-536.470,101.700,0.985186,0.180170
743,2CTI,93.97,0.777800,1.00,-1864.040,150.479,0.100742,0.721100
744,2CYU,76.25,0.585200,1.00,-3146.842,118.200,0.411593,0.617340
745,2DCI,62.50,0.588500,1.00,-1050.667,29.008,0.402898,0.225790
746,2DCO,38.97,0.492900,1.00,-1411.650,300.266,1.246439,0.272620
747,2DCV,82.14,0.684600,1.00,-2778.658,201.198,0.185627,0.685330
748,2DCW,85.12,0.662800,1.00,-2949.617,230.191,0.178153,0.713970
749,2DDL,73.48,0.614000,1.00,-2500.194,192.942,0.316354,0.465970
750,2DI2,74.14,0.661100,1.00,-1339.932,185.555,0.351524,0.524720
751,2DJ9,70.65,0.562200,1.00,-1063.727,156.812,0.469602,0.320680
752,2DJC,76.09,0.637800,1.00,-1172.701,89.052,0.400529,0.390480
753,2DMV,69.19,0.704000,1.00,-2365.317,215.251,0.597537,0.572400
754,2DQ5,78.19,0.669000,1.00,-3412.088,250.205,0.298190,0.658940
755,2DTB,81.73,0.744800,1.00,-1772.549,54.624,0.184153,0.462780
756,2DWF,66.91,0.564100,1.00,-2647.293,177.349,0.289261,0.442280
757,2DX2,88.64,0.680300,1.00,-553.906,20.207,0.110408,0.452160
758,2DX3,79.17,0.688200,1.00,-1285.112,26.272,0.212923,0.253330
759,2DX4,36.11,0.367100,1.00,-1285.112,26.272,0.878143,0.116400
760,2E1X,75.00,0.596600,1.00,-1340.726,117.671,0.359307,0.424220
761,2E2F,74.39,0.576600,1.00,-3010.278,189.782,0.247875,0.612350
762,2E3E,48.33,0.482200,1.00,-3302.032,289.796,0.744859,0.371710
763,2E3F,57.56,0.529200,1.00,-3060.607,290.769,0.694168,0.437920
764,2E3G,65.62,0.537900,1.00,-3071.053,183.341,0.477031,0.525010
765,2E4E,47.50,0.573600,1.00,-281.651,31.608,0.676589,0.297980
766,2E5T,84.24,0.622600,1.00,-3891.875,102.731,0.146222,0.716130
767,2E5U,47.50,0.368900,1.00,-3228.932,124.901,1.356662,0.391720
768,2E72,55.10,0.653500,1.00,-2339.624,282.120,0.969871,0.471130
769,2EBQ,73.94,0.686600,1.00,-2320.408,266.619,0.372133,0.591410
770,2EBR,66.49,0.710400,1.00,-2265.246,290.209,0.749979,0.582520
771,2EC7,60.71,0.557200,1.00,-2405.892,272.212,0.419259,0.498660
772,2EEM,83.82,0.689800,1.00,-2566.477,171.501,0.167766,0.621230
773,2EFZ,65.62,0.585300,1.00,-770.633,77.200,0.287834,0.177660
774,2EKK,88.30,0.765900,1.00,-3988.307,117.777,0.216390,0.802290
775,2EL4,63.04,0.755300,1.00,-2130.696,211.851,0.921343,0.538750
776,2EL5,74.40,0.794000,1.00,-1984.185,206.267,0.444978,0.638760
777,2EL6,72.83,0.740500,1.00,-2269.202,196.734,0.508478,0.620090
778,2ELM,74.32,0.722900,1.00,-2149.399,167.353,0.460589,0.613230
779,2ELN,80.92,0.832900,1.00,-2182.849,181.388,0.495570,0.717580
780,2ELO,81.08,0.742600,1.00,-2188.490,149.239,0.298920,0.644600
781,2ELP,76.35,0.754900,1.00,-2460.203,186.531,0.524355,0.626480
782,2ELQ,84.03,0.769300,1.00,-1829.069,169.704,0.328696,0.693340
783,2ELR,75.69,0.767700,1.00,-1474.811,144.388,0.582419,0.642010
784,2ELS,84.72,0.779300,1.00,-2308.287,182.141,0.276273,0.692150
785,2ELT,79.17,0.806600,1.00,-1954.303,141.218,0.524706,0.707670
786,2ELU,77.70,0.748500,1.00,-1964.885,172.485,0.445266,0.655610
787,2ELV,72.92,0.695400,1.00,-1996.944,216.932,0.598040,0.606210
788,2ELW,77.70,0.767500,1.00,-2009.409,184.112,0.463313,0.659550
789,2ELX,85.71,0.790500,1.00,-2029.932,134.048,0.346120,0.732380
790,2ELY,66.85,0.745800,1.00,-1962.740,233.447,0.532854,0.577410
791,2ELZ,62.50,0.713700,1.00,-2171.233,238.062,0.582532,0.532140
792,2EM0,66.30,0.734200,1.00,-2154.202,241.284,0.618804,0.576590
793,2EM1,71.59,0.772500,1.00,-2090.131,179.118,0.579913,0.616810
794,2EM2,66.85,0.741900,1.00,-2035.252,291.232,0.686888,0.588910
795,2EM3,64.13,0.714400,1.00,-2091.989,263.038,1.056100,0.569010
796,2EM4,65.76,0.725600,1.00,-1914.189,229.370,0.778898,0.563800
797,2EM5,64.67,0.719600,1.00,-2058.790,215.251,0.569362,0.560660
798,2EM6,63.59,0.748500,1.00,-1932.879,233.342,0.572755,0.537030
799,2EM7,68.48,0.706600,1.00,-2115.158,187.532,0.645983,0.576550
800,2EM8,69.02,0.753900,1.00,-1971.904,244.547,0.581646,0.602660
801,2EM9,66.30,0.777500,1.00,-2099.568,229.181,1.059666,0.573210
802,2EMA,71.20,0.712000,1.00,-2112.848,289.934,0.419692,0.585970
803,2EMB,63.64,0.695000,1.00,-2103.000,212.113,0.692120,0.538140
804,2EMC,67.39,0.813700,1.00,-2142.125,231.456,0.732944,0.601780
805,2EME,63.59,0.705700,1.00,-2319.291,205.251,0.711825,0.553700
806,2EMF,69.57,0.794100,1.00,-1907.927,222.887,0.816572,0.602880
807,2EMG,61.96,0.753300,1.00,-2187.573,213.053,0.813476,0.550790
808,2EMH,74.46,0.766200,1.00,-2354.277,241.845,0.407391,0.644370
809,2EMI,67.39,0.737800,1.00,-2080.968,268.662,0.461159,0.528920
810,2EMJ,64.13,0.734100,1.00,-2074.008,219.826,0.789103,0.548860
811,2EMK,65.76,0.736600,1.00,-2076.447,206.701,0.772682,0.592150
812,2EML,68.48,0.752800,1.00,-2016.898,199.484,0.821985,0.621270
813,2EMM,67.93,0.777200,1.00,-1988.989,240.090,0.797500,0.591780
814,2EMP,65.76,0.741400,1.00,-2111.833,211.048,0.612759,0.574240
815,2EMV,68.18,0.741000,1.00,-2045.129,220.505,0.660717,0.556600
816,2EMW,63.64,0.747500,1.00,-1986.017,221.531,0.674840,0.536080
817,2EMX,68.75,0.764100,1.00,-1875.647,234.126,0.588858,0.608150
818,2EMY,66.30,0.774500,1.00,-2148.764,196.623,0.591044,0.555210
819,2EMZ,73.37,0.736700,1.00,-1994.270,235.188,0.744530,0.665120
820,2EN0,70.83,0.785800,1.00,-1988.835,233.000,0.691063,0.618440
821,2EN1,69.02,0.758700,1.00,-1754.525,223.548,0.662958,0.609990
822,2EN2,73.81,0.769800,1.00,-2174.005,229.951,0.883883,0.621070
823,2EN3,67.93,0.734700,1.00,-2407.694,257.204,0.802212,0.592720
824,2EN4,66.30,0.678600,1.00,-2135.141,232.984,0.663113,0.540430
825,2EN6,65.76,0.740300,1.00,-2045.407,204.283,0.536939,0.534870
826,2EN7,64.20,0.704800,1.00,-2062.078,205.345,0.581296,0.535280
827,2EN8,63.04,0.739000,1.00,-2150.799,250.283,1.046046,0.559580
828,2EN9,57.61,0.700800,1.00,-1808.192,299.020,0.885333,0.509070
829,2ENA,62.50,0.730500,1.00,-2028.694,322.835,0.868489,0.543380
830,2ENC,64.13,0.734700,1.00,-2015.264,199.849,0.750636,0.544860
831,2ENE,66.85,0.714500,1.00,-2041.559,252.012,0.535179,0.564680
832,2ENF,66.85,0.706700,1.00,-2005.871,245.920,0.742825,0.577380
833,2ENH,59.78,0.742600,1.00,-1955.959,263.566,0.944445,0.528400
834,2ENT,61.98,0.711100,1.00,-2343.949,231.865,0.777938,0.529720
835,2EOE,61.96,0.729600,1.00,-2016.300,245.419,0.754569,0.552930
836,2EOF,68.18,0.739000,1.00,-1970.216,277.839,0.531067,0.560520
837,2EOG,67.61,0.757300,1.00,-2098.463,215.719,0.855741,0.588040
838,2EOH,67.93,0.683400,1.00,-1898.246,268.407,0.409078,0.552140
839,2EOI,69.89,0.769300,1.00,-2133.315,219.382,0.738295,0.604500
840,2EOJ,69.32,0.779500,1.00,-1952.170,251.326,0.539251,0.565290
841,2EOK,69.05,0.742000,1.00,-2165.523,155.332,0.965367,0.612630
842,2EOL,72.62,0.758700,1.00,-1883.292,244.379,0.420300,0.612670
843,2EOM,64.67,0.745800,1.00,-2116.998,224.706,0.871795,0.560390
844,2EON,62.50,0.762100,1.00,-1941.511,211.035,1.118585,0.561520
845,2EOO,67.93,0.698900,1.00,-2345.225,190.561,0.772141,0.591540
846,2EOP,61.96,0.792900,1.00,-2107.836,214.377,1.079281,0.579000
847,2EOQ,72.28,0.761900,1.00,-2048.013,233.854,0.516695,0.642210
848,2EOR,64.67,0.739900,1.00,-1964.962,234.958,0.852459,0.536150
849,2EOS,68.45,0.735000,1.00,-2177.380,166.109,0.718161,0.578940
850,2EOU,64.20,0.753200,1.00,-1753.145,221.311,1.000184,0.547740
851,2EOV,63.04,0.730600,1.00,-2036.783,220.051,0.991867,0.556580
852,2EOW,65.76,0.756100,1.00,-1951.615,267.654,0.783990,0.564880
853,2EOX,64.20,0.718100,1.00,-2103.157,222.935,0.938651,0.564870
854,2EOY,64.13,0.701900,1.00,-2124.483,294.543,0.659000,0.539220
855,2EOZ,70.11,0.756900,1.00,-2236.006,241.849,0.626931,0.608350
856,2EP0,63.59,0.774200,1.00,-2057.044,237.351,1.089765,0.563450
857,2EP1,63.04,0.717200,1.00,-2032.365,217.080,0.951950,0.544960
858,2EP2,65.76,0.736400,1.00,-1991.513,221.240,0.707671,0.603240
859,2EP3,64.13,0.762100,1.00,-2257.570,229.729,1.115492,0.582920
860,2EPC,69.64,0.733600,1.00,-2006.768,205.605,0.475057,0.595110
861,2EPQ,56.67,0.699400,1.00,-2307.818,207.965,0.662440,0.460210
862,2EPR,55.73,0.690200,1.00,-2246.878,231.681,0.793318,0.475330
863,2EPT,67.68,0.719400,1.00,-1985.445,187.258,0.662167,0.551520
864,2EPU,68.89,0.754400,1.00,-2112.632,196.318,0.641346,0.564840
865,2EPV,68.75,0.780300,1.00,-2118.438,218.939,0.741496,0.585310
866,2EPW,71.74,0.677600,1.00,-2164.929,207.382,0.313078,0.523130
867,2EPX,63.83,0.694800,1.00,-2563.028,218.983,1.105724,0.562750
868,2EPY,67.86,0.743100,1.00,-1812.123,195.670,0.707976,0.566180
869,2EPZ,67.93,0.717200,1.00,-1927.580,234.928,0.953300,0.601660
870,2EQ0,60.87,0.688200,1.00,-2122.914,188.435,0.754079,0.520430
871,2EQ1,57.07,0.706300,1.00,-2019.625,244.888,0.806395,0.485820
872,2EQ2,54.89,0.626200,1.00,-1829.244,207.550,0.919690,0.466150
873,2EQ3,61.41,0.700700,1.00,-1749.703,303.682,0.956768,0.559090
874,2EQ4,53.80,0.657400,1.00,-2048.195,207.521,0.809296,0.427330
875,2EQE,66.15,0.736000,1.00,-2564.915,318.312,0.566892,0.586380
876,2EQF,64.67,0.658500,1.00,-2527.831,213.160,0.854779,0.561530
877,2EQG,72.96,0.672400,1.00,-2718.472,255.846,0.611955,0.659350
878,2EQH,75.00,0.629800,1.00,-1187.885,108.253,0.333260,0.334920
879,2EQQ,75.00,0.596700,1.00,-1702.384,88.291,0.365041,0.468720
880,2EQT,73.21,0.647800,1.00,-1702.384,88.291,0.446113,0.474600
881,2EQW,68.45,0.699100,1.00,-2127.152,277.202,0.542180,0.579720
882,2ERI,84.68,0.717400,1.00,-2125.849,254.056,0.232115,0.648120
883,2ESX,59.21,0.497100,1.00,-776.592,99.253,0.317974,0.198370
884,2ESZ,64.47,0.494500,1.00,-776.592,99.253,0.296817,0.282150
885,2ETI,79.46,0.660000,1.00,-1991.713,94.641,0.209200,0.488640
886,2EVQ,97.92,0.802200,1.00,-570.186,40.817,0.061762,0.598740
887,2EYA,48.91,0.398800,1.00,-2756.938,414.135,0.750897,0.393790
888,2EYB,50.00,0.405000,1.00,-2756.938,414.135,0.765195,0.398000
889,2EYC,47.28,0.397300,1.00,-2756.938,414.135,0.717840,0.340890
890,2EYD,47.83,0.398700,1.00,-2756.938,414.135,0.701562,0.360390
891,2F2I,80.17,0.670300,1.00,-1723.110,152.428,0.301627,0.566660
892,2F2J,83.62,0.708800,1.00,-1626.987,179.685,0.315072,0.593520
893,2F5H,63.51,0.567400,1.00,-1917.705,355.095,0.343600,0.423870
896,2FJ4,62.84,0.553600,1.00,-1917.705,355.095,0.400960,0.415460
897,2FJ5,62.84,0.539600,1.00,-1917.705,355.095,0.423323,0.449640
898,2FQA,70.37,0.559400,1.00,-1903.164,119.795,0.340281,0.404670
899,2FR9,67.31,0.529600,1.00,-593.487,57.128,0.358598,0.170790
900,2FRB,67.31,0.509900,1.00,-598.652,50.892,0.407962,0.237550
901,2FXY,83.33,0.696300,1.00,-1170.185,33.749,0.247371,0.393200
902,2FXZ,86.54,0.662600,1.00,-589.364,52.001,0.188712,0.438210
903,2G6U,55.00,0.491100,1.00,-661.414,46.914,0.413296,0.267510
904,2G9L,52.70,0.667900,1.00,-2417.209,137.350,0.492186,0.463080
905,2G9P,68.27,0.713600,1.00,-1624.128,56.907,0.390655,0.407190
906,2GD3,67.71,0.599000,1.00,-1282.410,54.700,0.427914,0.343380
907,2GDL,45.97,0.525400,1.00,-1879.652,108.102,0.719074,0.332480
908,2GFR,68.18,0.560800,1.00,-434.135,46.515,0.368873,0.282480
909,2GJ0,78.23,0.622200,1.00,-1873.259,253.490,0.222328,0.558140
910,2GL1,97.34,0.844600,1.00,-3518.688,219.179,0.065904,0.925750
911,2GOF,56.43,0.533500,1.00,-2226.583,90.919,0.498481,0.471060
912,2GOH,62.86,0.544700,1.00,-2226.583,90.919,0.532173,0.500120
913,2GP8,85.00,0.711900,1.00,-2823.119,99.761,0.223748,0.723380
914,2GQE,85.94,0.770500,1.00,-2002.861,159.815,0.410605,0.718780
915,2GW9,74.22,0.531200,1.00,-2074.538,184.501,0.279889,0.597580
916,2GWP,71.88,0.535500,1.00,-2047.774,143.493,0.303067,0.571510
917,2GX1,86.21,0.679700,1.00,-1818.288,161.667,0.147208,0.557810
918,2H1Z,94.23,0.846100,1.00,-2743.621,170.352,0.103440,0.821150
919,2H9X,35.64,0.342100,1.00,-2971.192,221.711,0.926493,0.364580
920,2HFR,67.59,0.661000,1.00,-1842.135,75.501,0.245267,0.320960
921,2HGO,47.22,0.447500,1.00,-1722.166,146.461,0.485015,0.194270
922,2HLG,92.31,0.735300,1.00,-2660.771,203.706,0.128987,0.800650
923,2HM3,43.55,0.449400,1.00,-1508.056,321.184,1.003984,0.267080
924,2HM4,40.32,0.433700,1.00,-1720.558,235.289,0.757880,0.235410
925,2HM5,62.10,0.549300,1.00,-1720.558,235.289,0.502147,0.382350
926,2HM6,66.94,0.593200,1.00,-1727.572,254.027,0.614013,0.464700
927,2HN8,59.21,0.696100,1.00,-3244.196,133.267,0.639921,0.493760
928,2I1P,83.33,0.743300,1.00,-2494.205,234.641,0.196677,0.739190
929,2I1T,77.78,0.661700,1.00,-2311.738,126.468,0.220029,0.566630
930,2I5O,85.90,0.828800,1.00,-2875.033,156.858,0.259773,0.737410
931,2I9M,97.06,0.778100,1.00,-1228.565,21.854,0.085819,0.543510
932,2I9N,48.48,0.435800,1.00,-2127.230,122.652,0.712128,0.345280
933,2I9O,54.05,0.451400,1.00,-1909.766,160.347,0.544519,0.343600
934,2IFJ,75.00,0.563300,1.00,-643.814,35.552,0.326556,0.289130
935,2IGU,77.08,0.573900,1.00,-570.299,56.411,0.199159,0.331070
936,2IH6,38.64,0.516700,1.00,-336.172,55.965,0.760550,0.257150
937,2IMU,52.17,0.668200,1.00,-2615.656,137.714,0.532381,0.367340
938,2IT7,100.00,0.850000,1.00,-1991.713,94.641,0.048152,0.858850
939,2IV4,34.38,0.410900,1.00,-428.267,82.110,0.627678,0.194190
940,2IV5,68.48,0.650900,1.00,-1005.589,82.338,0.407106,0.421590
941,2IV6,29.35,0.364700,1.00,-796.584,109.563,0.816028,0.103610
942,2IWJ,44.44,0.471600,1.00,-1340.726,117.671,0.574281,0.287210
943,2J15,63.33,0.514500,1.00,-736.309,62.982,0.330043,0.210110
944,2J8P,51.53,0.543500,1.00,-4387.704,123.178,0.860027,0.431360
945,2JM0,82.14,0.734600,1.00,-3092.710,99.751,0.172463,0.616390
946,2JM2,32.22,0.453300,1.00,-1317.298,415.176,0.733722,0.283710
947,2JM4,84.30,0.713200,1.00,-2375.407,269.207,0.301547,0.725740
948,2JMY,93.33,0.711600,1.00,-929.756,19.188,0.116910,0.530330
949,2JN5,45.83,0.477100,1.00,-747.693,32.907,0.554755,0.199300
950,2JNH,82.07,0.677800,1.00,-4390.833,162.152,0.341719,0.718520
951,2JNI,91.67,0.745400,1.00,-1503.364,155.784,0.103572,0.373980
952,2JOC,65.54,0.591700,1.00,-2507.150,200.843,0.355824,0.485000
953,2JOF,72.50,0.639200,1.00,-968.213,74.166,0.335274,0.282680
954,2JOS,89.77,0.664400,1.00,-1492.874,47.623,0.161463,0.460550
955,2JOU,46.32,0.322700,1.00,-2647.293,177.349,0.980771,0.333090
956,2JP6,60.14,0.587600,1.00,-2013.862,212.713,0.768193,0.406870
957,2JPJ,51.92,0.637200,1.00,-2205.555,61.898,0.543174,0.385320
958,2JPK,55.71,0.616300,1.00,-2357.050,96.200,0.984196,0.416630
959,2JPL,51.28,0.601000,1.00,-2205.555,61.898,0.586040,0.368820
960,2JPM,53.57,0.648200,1.00,-2357.050,96.200,0.519137,0.370070
961,2JPW,40.62,0.540000,1.00,-839.360,196.070,0.762018,0.183320
962,2JPX,65.00,0.666700,1.00,-2179.058,130.474,0.515455,0.500000
963,2JQ2,47.92,0.501400,1.00,-467.154,88.108,0.433910,0.238500
964,2JQB,51.67,0.589700,1.00,-664.713,66.700,0.507844,0.219550
965,2JQC,53.33,0.482200,1.00,-664.713,66.700,0.411706,0.235940
966,2JQW,55.88,0.463000,1.00,-870.374,62.131,0.505046,0.232750
967,2JR3,31.55,0.359800,1.00,-2474.883,396.185,0.903110,0.252980
968,2JR8,51.19,0.668700,1.00,-2034.599,99.921,0.547198,0.510990
969,2JRD,63.89,0.480000,1.00,-965.062,136.169,0.475445,0.377130
970,2JRV,50.00,0.510700,1.00,-773.468,84.103,0.571565,0.263860
971,2JRW,53.26,0.466400,1.00,-1030.418,173.901,0.363454,0.278340
972,2JRY,68.48,0.579600,1.00,-2636.799,371.117,0.339949,0.566010
973,2JSB,76.19,0.660800,1.00,-1461.990,132.958,0.233615,0.268930
974,2JTA,37.50,0.456500,1.00,-294.483,30.486,0.525173,0.294600
975,2JTB,93.94,0.736400,1.00,-2078.671,161.185,0.106217,0.742710
976,2JTU,76.32,0.628600,1.00,-2463.832,209.612,0.301868,0.569640
977,2JTW,71.00,0.623700,1.00,-1544.097,52.263,0.363904,0.329660
978,2JUE,32.76,0.295200,1.00,-1965.724,153.879,0.803493,0.192560
979,2JUI,46.97,0.472900,1.00,-2347.692,92.606,0.796247,0.390680
980,2JUQ,67.31,0.518200,1.00,-514.016,63.600,0.253225,0.257250
981,2JUR,67.31,0.521200,1.00,-589.524,63.503,0.364010,0.255230
982,2JUS,82.69,0.627000,1.00,-556.470,57.715,0.142015,0.338240
983,2JUT,67.31,0.506300,1.00,-599.502,67.748,0.393332,0.339150
984,2JUY,56.25,0.535300,1.00,-1918.467,157.589,0.473467,0.294270
985,2JVX,88.39,0.747400,1.00,-1855.180,129.482,0.216450,0.700910
986,2JVY,83.04,0.652500,1.00,-2033.658,126.080,0.254767,0.609040
987,2JWG,84.24,0.718500,1.00,-2801.680,253.060,0.185943,0.768520
988,2JWH,60.42,0.676800,1.00,-1920.234,348.298,0.747296,0.502070
989,2JWM,87.07,0.718300,1.00,-1814.701,215.953,0.274018,0.689080
990,2JXF,88.33,0.783700,1.00,-2812.522,58.800,0.122183,0.590070
991,2JY0,69.44,0.619400,1.00,-1641.286,45.774,0.423533,0.489560
992,2JYD,69.57,0.618600,1.00,-2255.758,403.385,0.385463,0.593010
993,2JYP,42.36,0.429700,1.00,-2609.856,173.526,0.780813,0.298230
994,2K10,51.56,0.658400,1.00,-1888.972,57.659,0.518214,0.279990
995,2K1A,58.33,0.723900,1.00,-2732.953,176.546,0.713583,0.540710
996,2K1I,70.31,0.562900,1.00,-1956.571,128.856,0.280581,0.587200
997,2K1P,76.52,0.678500,1.00,-1766.339,167.022,0.348188,0.574470
998,2K2Y,81.41,0.683400,1.00,-3117.336,178.202,0.203434,0.673740
999,2K2Z,71.15,0.552400,1.00,-2250.325,180.674,0.444746,0.599770
1000,2K44,53.57,0.656000,1.00,-2386.450,51.542,0.907211,0.377830
1001,2K4U,90.54,0.716600,1.00,-2722.629,154.982,0.113023,0.760360
1004,2K6O,57.43,0.652200,1.00,-2415.835,174.392,0.738628,0.468150
1005,2K6R,76.72,0.649200,1.00,-2062.973,195.948,0.216573,0.461840
1006,2K72,93.92,0.741100,1.00,-3380.084,206.203,0.098066,0.805010
1007,2K76,79.17,0.726300,1.00,-2131.813,149.414,0.199204,0.544740
1008,2K7G,79.31,0.716200,1.00,-1980.287,253.450,0.332000,0.550560
1009,2K7Y,37.78,0.543500,1.00,-2595.950,251.752,0.827773,0.250500
1010,2K84,55.00,0.612300,1.00,-1894.347,97.355,0.516102,0.472090
1012,2K98,54.17,0.615500,1.00,-1256.481,60.942,0.751683,0.334660
1013,2K9D,75.00,0.638400,1.00,-4723.642,137.695,0.175994,0.624050
1014,2K9O,68.06,0.588000,1.00,-2271.669,233.793,0.330274,0.461430
1015,2KAM,80.77,0.721600,1.00,-1772.549,54.624,0.179733,0.628620
1016,2KB8,52.03,0.575300,1.00,-2201.383,206.590,0.882177,0.405750
1017,2KB9,75.57,0.656700,1.00,-3012.242,230.165,0.231063,0.654890
1018,2KBL,69.83,0.605400,1.00,-1940.755,148.848,0.291934,0.361910
1019,2KCF,74.31,0.655500,1.00,-2179.830,206.299,0.381935,0.570580
1020,2KCG,95.83,0.784200,1.00,-2120.746,173.408,0.109858,0.752460
1021,2KCH,90.52,0.750800,1.00,-1807.184,147.492,0.239239,0.737630
1023,2KDT,42.78,0.614200,1.00,-2612.412,223.552,0.821158,0.313470
1024,2KE3,38.37,0.578200,1.00,-2543.524,223.465,0.837163,0.377390
1025,2KEF,36.00,0.339000,1.00,-1897.452,178.798,0.648024,0.143170
1026,2KEG,57.81,0.591900,1.00,-1574.349,133.073,0.476603,0.513600
1027,2KEH,63.28,0.583400,1.00,-1574.349,133.073,0.414361,0.432980
1028,2KES,54.69,0.757600,1.00,-4084.330,91.841,0.515824,0.597410
1029,2KFE,70.83,0.720100,1.00,-1716.717,27.598,0.242260,0.364020
1030,2KFQ,33.59,0.315900,1.00,-2265.530,155.052,0.858741,0.300560
1031,2KGH,41.03,0.424400,1.00,-1854.714,343.130,0.854208,0.319910
1032,2KGN,77.08,0.633500,1.00,-1386.663,69.479,0.221446,0.363680
1033,2KGU,75.00,0.576100,1.00,-2018.927,131.862,0.301980,0.554840
1034,2KHB,90.52,0.759700,1.00,-1952.464,116.448,0.163849,0.681240
1035,2KHF,80.00,0.690800,1.00,-1653.827,106.759,0.186514,0.484450
1036,2KHG,74.00,0.651200,1.00,-1653.827,106.759,0.315460,0.431630
1037,2KI0,72.92,0.638700,1.00,-2388.050,129.946,0.314584,0.495000
1038,2KI9,58.33,0.616600,1.00,-2822.327,66.758,0.475393,0.425170
1039,2KIO,61.36,0.668500,1.00,-2439.635,103.108,0.366165,0.379030
1040,2KIR,72.06,0.580900,1.00,-2484.573,156.894,0.252555,0.476300
1041,2KIT,79.55,0.712500,1.00,-2439.635,103.108,0.293008,0.583480
1042,2KJM,43.33,0.523800,1.00,-2235.873,78.520,1.109614,0.279110
1043,2KJN,75.96,0.655300,1.00,-1838.682,26.091,0.387178,0.520500
1044,2KJO,64.42,0.617800,1.00,-1838.682,26.091,0.369701,0.379560
1045,2KLV,46.74,0.586400,1.00,-3407.427,64.972,0.648431,0.397290
1046,2KM9,87.00,0.636500,1.00,-1309.232,104.896,0.132283,0.463070
1047,2KMO,93.18,0.734000,1.00,-2799.155,188.906,0.133049,0.840480
1048,2KMP,85.80,0.725900,1.00,-2799.155,188.906,0.283217,0.763010
1049,2KMQ,81.82,0.705100,1.00,-2799.155,188.906,0.211785,0.657960
1050,2KMR,65.91,0.568800,1.00,-2799.155,188.906,0.957889,0.538150
1051,2KNI,82.32,0.659100,1.00,-2499.340,238.279,0.253650,0.698530
1052,2KNM,93.33,0.772700,1.00,-2120.746,173.408,0.125282,0.725630
1053,2KNP,84.85,0.695800,1.00,-2044.681,138.378,0.173179,0.647820
1054,2KNS,51.52,0.637900,1.00,-1930.359,66.923,0.657433,0.357330
1055,2KNU,56.03,0.497400,1.00,-1964.250,95.539,0.465005,0.280240
1056,2KOE,40.00,0.430000,1.00,-3725.957,162.041,0.899865,0.260640
1057,2KOZ,96.21,0.810100,1.00,-2194.738,128.389,0.117912,0.834330
1058,2KP0,89.39,0.738200,1.00,-2269.148,111.548,0.136932,0.711880
1059,2KPA,51.92,0.562900,1.00,-1463.351,68.840,0.477278,0.244960
1060,2KPB,51.92,0.543100,1.00,-1463.351,68.840,0.611106,0.330900
1061,2KSG,33.33,0.580000,1.00,-2804.818,84.430,1.406638,0.271810
1062,2KSJ,47.83,0.697700,1.00,-3407.427,64.972,0.616198,0.489160
1063,2KTC,66.18,0.558500,1.00,-1799.638,230.283,0.530002,0.446930
1064,2KTX,92.76,0.743300,1.00,-2931.975,187.774,0.153685,0.800670
1065,2KUK,86.67,0.650200,1.00,-1953.520,283.231,0.153856,0.614480
1066,2KUS,87.86,0.770800,1.00,-2190.709,153.185,0.117901,0.731020
1067,2KUX,56.67,0.468000,1.00,-2153.262,339.682,0.562931,0.403130
1068,2KUY,52.91,0.426300,1.00,-3496.253,216.415,0.991921,0.415100
1069,2KV5,68.94,0.683300,1.00,-2525.159,78.291,0.455802,0.592300
1070,2KVF,88.39,0.655000,1.00,-1965.984,85.720,0.160383,0.619810
1071,2KVG,82.41,0.711500,1.00,-1782.026,86.628,0.200808,0.479340
1072,2KVH,87.04,0.695800,1.00,-1858.892,92.404,0.178901,0.605890
1073,2KVX,85.71,0.728900,1.00,-1914.022,153.794,0.220920,0.622180
1074,2KWT,71.21,0.575700,1.00,-2922.504,83.756,0.386632,0.529130
1075,2KWY,71.51,0.764100,1.00,-2689.094,58.486,0.405290,0.725090
1076,2KWZ,54.38,0.542100,1.00,-3298.830,97.443,0.532866,0.423440
1077,2KXA,49.17,0.608900,1.00,-1471.747,117.866,0.853867,0.342470
1078,2KY3,87.12,0.720200,1.00,-2173.880,130.407,0.269923,0.675030
1079,2KYA,44.85,0.526700,1.00,-1568.838,182.285,0.828959,0.375770
1080,2KYJ,89.58,0.725100,1.00,-2083.418,190.112,0.159425,0.762620
1081,2KYK,64.10,0.516700,1.00,-2448.385,149.448,0.653964,0.482280
1082,2KZQ,54.17,0.503800,1.00,-2696.527,96.963,0.973200,0.396910
1083,2L07,81.94,0.610500,1.00,-857.958,110.374,0.202655,0.323190
1084,2L0G,85.16,0.694600,1.00,-3028.135,104.376,0.334170,0.670160
1085,2L0L,55.56,0.640300,1.00,-1681.117,48.323,0.600012,0.347040
1086,2L0M,70.37,0.650600,1.00,-1681.117,48.323,0.328824,0.362690
1087,2L0N,66.67,0.631800,1.00,-2575.328,40.851,0.343230,0.410230
1088,2L0O,66.67,0.596600,1.00,-2575.328,40.851,0.402987,0.361800
1089,2L1J,61.76,0.540200,1.00,-2231.180,168.800,0.411513,0.451110
1090,2L1Q,70.00,0.668400,1.00,-2218.834,271.188,0.648376,0.598750
1091,2L1X,42.31,0.534400,1.00,-2674.340,94.364,0.957989,0.337180
1092,2L2R,77.70,0.660100,1.00,-2027.858,171.973,0.397675,0.645650
1093,2L36,61.46,0.676000,1.00,-1251.194,39.867,0.445388,0.335490
1094,2L37,88.37,0.683800,1.00,-3576.562,106.849,0.192800,0.776200
1095,2L3H,37.18,0.468800,1.00,-2517.646,136.402,1.025283,0.253140
1096,2L3I,65.00,0.586200,1.00,-2138.131,92.000,0.463452,0.429610
1097,2L44,82.89,0.631700,1.00,-822.508,74.503,0.164231,0.263740
1098,2L4G,68.52,0.639500,1.00,-1245.217,72.620,0.502715,0.375000
1099,2L4J,68.48,0.640400,1.00,-2856.724,200.718,0.374008,0.543770
1100,2L4U,57.29,0.580100,1.00,-1386.663,69.479,0.513654,0.303870
1101,2L5I,33.33,0.447700,1.00,-1245.793,91.446,0.711652,0.162890
1102,2L5J,40.48,0.464600,1.00,-1245.793,91.446,0.523958,0.130780
1103,2L5R,80.43,0.751300,1.00,-1472.334,30.683,0.202857,0.377500
1104,2L61,54.81,0.468000,1.00,-1298.236,120.640,0.408825,0.204660
1105,2L62,45.19,0.440600,1.00,-1298.236,120.640,0.616410,0.185320
1106,2L63,63.64,0.653800,1.00,-2670.830,58.957,0.441290,0.399710
1107,2L64,65.91,0.642300,1.00,-2670.830,58.957,0.343712,0.461140
1108,2L6S,40.00,0.485700,1.00,-976.603,87.081,0.684243,0.134780
1109,2L6T,51.25,0.497900,1.00,-976.603,87.081,0.644425,0.170010
1110,2L70,61.90,0.705400,1.00,-2896.667,104.278,0.472876,0.522580
1111,2L71,57.74,0.626300,1.00,-2896.667,104.278,0.628024,0.513320
1112,2L77,50.64,0.602700,1.00,-2517.646,136.402,0.932743,0.445850
1113,2L79,49.36,0.484200,1.00,-2517.646,136.402,0.581545,0.354670
1114,2L7C,80.26,0.588100,1.00,-1233.997,35.324,0.264754,0.382940
1115,2L7T,59.09,0.517300,1.00,-371.439,59.234,0.363772,0.315340
1116,2L87,37.04,0.475300,1.00,-1035.474,198.768,0.626954,0.203510
1117,2L8E,65.31,0.638400,1.00,-2950.332,293.732,0.876513,0.560450
1118,2L91,76.74,0.711000,1.00,-3271.229,100.472,0.272021,0.661400
1122,2L9G,77.63,0.672400,1.00,-1216.314,42.603,0.344663,0.313530
1123,2L9X,57.50,0.543300,1.00,-1933.700,71.801,0.573046,0.375980
1124,2L9Z,68.59,0.710100,1.00,-2430.868,261.331,0.515009,0.568180
1125,2LA0,63.33,0.556600,1.00,-1847.264,83.167,0.354489,0.346930
1126,2LAM,90.52,0.760600,1.00,-2081.948,176.234,0.207144,0.757720
1127,2LAQ,36.11,0.507600,1.00,-1944.490,206.661,0.750859,0.199410
1128,2LAT,70.95,0.721500,1.00,-3016.590,73.327,0.443331,0.522790
1129,2LB7,77.84,0.675000,1.00,-2936.931,293.798,0.184049,0.664980
1130,2LBG,86.11,0.833400,1.00,-1091.396,34.552,0.135609,0.555100
1131,2LBZ,50.00,0.475900,1.00,-2088.454,77.134,0.446529,0.320370
1132,2LCM,75.89,0.698200,1.00,-1984.979,105.275,0.403499,0.478410
1133,2LDE,75.00,0.673100,1.00,-1467.187,207.970,0.289085,0.420500
1134,2LDF,53.12,0.496400,1.00,-1709.554,167.242,0.683324,0.261130
1135,2LDJ,77.50,0.593300,1.00,-1069.803,90.286,0.262443,0.309110
1136,2LDS,77.78,0.627000,1.00,-2158.604,221.110,0.247348,0.563140
1137,2LE3,54.76,0.571500,1.00,-2680.243,174.293,0.657410,0.400630
1138,2LE7,61.25,0.609900,1.00,-1344.920,36.641,0.517616,0.260460
1139,2LER,40.91,0.510800,1.00,-317.106,48.868,0.647284,0.314300
1140,2LET,91.07,0.730800,1.00,-1849.104,132.427,0.109111,0.621880
1141,2LEU,68.92,0.601600,1.00,-2151.429,162.123,0.404643,0.541360
1142,2LEW,65.62,0.508300,1.00,-1971.750,149.975,0.307942,0.498180
1143,2LEY,69.53,0.544500,1.00,-2029.115,215.754,0.338419,0.565470
1144,2LFM,23.75,0.338000,1.00,-1518.354,258.046,1.268833,0.268580
1145,2LG4,93.75,0.804800,1.00,-2806.163,144.436,0.127610,0.846820
1146,2LG5,76.39,0.627200,1.00,-2572.878,163.775,0.320272,0.550890
1147,2LG6,87.50,0.699200,1.00,-2585.558,163.712,0.243512,0.693050
1148,2LI3,54.17,0.517400,1.00,-2098.694,136.320,0.570637,0.381440
1149,2LIC,39.29,0.433800,1.00,-1802.706,149.757,0.559406,0.255420
1150,2LID,32.14,0.500000,1.00,-1363.903,222.489,0.759784,0.257790
1151,2LIF,62.04,0.643100,1.00,-1524.680,135.898,0.487311,0.486640
1152,2LIX,63.89,0.515600,1.00,-1885.820,173.548,0.361273,0.415120
1153,2LIY,68.89,0.593100,1.00,-2995.771,228.093,0.292090,0.579760
1154,2LJ7,78.72,0.667500,1.00,-3425.136,275.176,0.267430,0.679320
1155,2LJQ,50.00,0.507200,1.00,-1695.469,209.495,0.672592,0.387940
1156,2LJS,90.83,0.791000,1.00,-1788.074,133.465,0.231030,0.745610
1157,2LJT,52.03,0.423400,1.00,-2064.046,147.091,0.659952,0.382650
1158,2LK9,60.00,0.561600,1.00,-2318.655,54.822,0.523956,0.473790
1159,2LKE,77.08,0.581800,1.00,-1196.406,142.672,0.287590,0.435840
1160,2LKJ,70.83,0.536100,1.00,-1196.406,142.672,0.512439,0.444860
1161,2LKQ,65.62,0.628900,1.00,-1190.557,91.924,0.393253,0.325380
1162,2LL1,81.06,0.652900,1.00,-2119.955,177.299,0.250890,0.627530
1163,2LL2,40.38,0.539900,1.00,-955.504,166.140,0.934557,0.218020
1164,2LL5,72.73,0.652700,1.00,-1031.516,112.467,0.324940,0.355300
1165,2LLD,82.50,0.655400,1.00,-2833.158,265.811,0.232998,0.720070
1166,2LLM,66.86,0.695600,1.00,-2688.439,82.085,0.541797,0.578730
1167,2LLR,78.41,0.697700,1.00,-1167.201,108.652,0.243026,0.281830
1168,2LM8,42.31,0.452100,1.00,-506.826,61.079,0.700123,0.276150
1169,2LMA,59.09,0.647000,1.00,-972.938,114.173,0.648029,0.324900
1170,2LMB,27.33,0.349800,1.00,-1420.487,230.152,1.325874,0.215980
1171,2LMF,82.61,0.757100,1.00,-1776.677,39.126,0.164369,0.484890
1172,2LMZ,83.93,0.672800,1.00,-4044.609,218.231,0.269367,0.727260
1173,2LNE,57.69,0.549000,1.00,-436.223,88.638,0.436037,0.311320
1174,2LNF,50.00,0.514800,1.00,-436.223,88.638,0.442776,0.245530
1175,2LNG,50.00,0.516200,1.00,-436.223,88.638,0.402227,0.128570
1176,2LO2,84.21,0.710700,1.00,-2290.935,166.731,0.271431,0.674960
1177,2LO3,65.34,0.664000,1.00,-2571.638,292.642,0.443278,0.516550
1178,2LO7,55.65,0.521500,1.00,-2254.024,126.988,0.661312,0.437890
1179,2LQ0,81.00,0.707700,1.00,-1760.373,64.160,0.354137,0.570820
1180,2LQ1,58.00,0.587200,1.00,-1173.564,137.159,0.481558,0.255230
1181,2LQ2,63.33,0.619000,1.00,-1285.631,169.179,0.532161,0.415140
1182,2LQA,84.46,0.715000,1.00,-2653.210,238.463,0.197867,0.684020
1183,2LQX,84.76,0.679300,1.00,-3292.009,127.843,0.250516,0.740560
1184,2LQY,77.50,0.628600,1.00,-1566.570,33.824,0.293253,0.344920
1185,2LR3,81.38,0.618400,1.00,-3262.885,219.844,0.198496,0.721980
1186,2LR5,75.66,0.648700,1.00,-2615.018,160.186,0.298686,0.594500
1187,2LR7,33.62,0.456300,1.00,-2048.350,71.223,0.963811,0.202510
1188,2LRX,54.44,0.566100,1.00,-3227.292,164.459,0.526031,0.405850
1189,2LS1,47.50,0.414200,1.00,-1120.238,153.453,0.665130,0.130170
1190,2LS2,80.00,0.700100,1.00,-2038.443,38.915,0.331090,0.538590
1191,2LS3,68.97,0.696500,1.00,-2585.644,46.557,0.370343,0.488810
1192,2LS4,67.71,0.552200,1.00,-1425.569,62.148,0.352524,0.402510
1193,2LS9,64.00,0.560900,1.00,-1220.553,74.228,0.395566,0.266550
1194,2LSA,59.78,0.672200,1.00,-1372.381,77.238,0.433510,0.221580
1195,2LSQ,59.00,0.490200,1.00,-1513.482,143.505,0.535752,0.296820
1196,2LSW,49.38,0.605900,1.00,-1878.648,187.514,0.780457,0.357220
1197,2LT8,81.55,0.701000,1.00,-3095.045,230.110,0.229476,0.685540
1198,2LTI,32.61,0.472400,1.00,-1180.929,85.005,1.003625,0.135200
1200,2LU9,82.26,0.679400,1.00,-2042.055,155.171,0.216786,0.522320
1201,2LUF,78.75,0.558100,1.00,-972.928,92.176,0.357772,0.335610
1202,2LUG,46.53,0.588800,1.00,-1383.568,219.782,1.657851,0.371740
1203,2LUR,74.14,0.576300,1.00,-1993.110,153.500,0.355470,0.430860
1204,2LUV,65.00,0.523200,1.00,-1954.232,186.088,0.526083,0.442010
1205,2LVG,74.38,0.719900,1.00,-2698.468,96.801,0.292073,0.582470
1206,2LWB,62.50,0.484100,1.00,-1539.433,104.361,0.339980,0.227390
1207,2LWL,72.45,0.653600,1.00,-2973.524,239.980,0.330389,0.598300
1208,2LWQ,59.38,0.467600,1.00,-667.169,85.656,0.377577,0.127650
1209,2LWS,52.08,0.511500,1.00,-439.205,69.622,0.674732,0.280910
1210,2LWT,76.39,0.578600,1.00,-909.329,76.524,0.212121,0.266440
1211,2LWU,88.33,0.772400,1.00,-684.956,40.452,0.142275,0.434470
1212,2LWV,66.18,0.552800,1.00,-687.540,95.137,0.266323,0.204250
1213,2LX0,62.50,0.659800,1.00,-2875.903,67.295,0.367836,0.431570
1214,2LX4,82.35,0.703300,1.00,-1209.131,24.984,0.228939,0.464470
1215,2LX5,90.28,0.728100,1.00,-872.605,43.304,0.108291,0.374100
1216,2LX6,35.53,0.466900,1.00,-600.450,155.040,0.855150,0.107540
1217,2LXO,49.43,0.462300,1.00,-3207.970,266.075,0.705700,0.390950
1218,2LXZ,77.34,0.589700,1.00,-2215.323,160.366,0.213717,0.638870
1219,2LYE,95.83,0.747000,1.00,-925.982,88.838,0.068645,0.481720
1220,2LYF,93.06,0.746400,1.00,-1038.203,71.472,0.107877,0.399820
1221,2LZI,88.89,0.723700,1.00,-948.590,101.207,0.133915,0.368850
1222,2LZO,68.10,0.689300,1.00,-1642.577,139.761,0.421214,0.430490
1223,2LZP,62.10,0.557900,1.00,-1818.307,75.251,0.495248,0.462290
1224,2LZQ,81.73,0.750400,1.00,-2444.293,81.621,0.263055,0.520010
1225,2LZX,89.19,0.739200,1.00,-2625.762,179.609,0.176709,0.730580
1226,2LZY,83.57,0.698800,1.00,-2445.529,229.192,0.223304,0.631430
1227,2M0H,64.77,0.640600,1.00,-1577.754,40.088,0.535734,0.381900
1228,2M0S,50.00,0.470900,1.00,-2099.514,68.423,0.749239,0.303450
1229,2M0W,59.78,0.646300,1.00,-1424.053,30.874,0.701702,0.317440
1230,2M1A,85.58,0.653200,1.00,-1477.407,47.696,0.146690,0.515020
1231,2M1J,64.17,0.616300,1.00,-2027.990,71.996,0.486201,0.464910
1232,2M1P,77.78,0.668600,1.00,-711.000,85.674,0.379886,0.440600
1233,2M1T,61.36,0.543400,1.00,-1523.174,73.503,0.435293,0.246140
1234,2M2G,84.72,0.717600,1.00,-801.609,74.498,0.182595,0.361990
1235,2M2H,31.94,0.291100,1.00,-900.584,37.963,0.568661,0.119160
1236,2M2Q,96.88,0.824000,1.00,-2405.104,135.785,0.074029,0.812940
1237,2M2R,80.30,0.653300,1.00,-2281.940,190.712,0.221289,0.586490
1238,2M2S,45.83,0.312300,1.00,-866.266,46.882,0.528445,0.126130
1239,2M2X,29.17,0.295500,1.00,-982.132,31.745,1.024114,0.109300
1240,2M2Y,87.50,0.705000,1.00,-867.561,75.022,0.123831,0.336170
1241,2M36,83.55,0.707200,1.00,-2095.207,151.061,0.233973,0.692080
1242,2M37,36.84,0.426400,1.00,-791.833,93.931,0.877382,0.092790
1243,2M3F,93.18,0.744100,1.00,-1824.867,44.355,0.078601,0.481990
1244,2M3J,86.36,0.702400,1.00,-2285.282,290.042,0.181730,0.646790
1245,2M3N,43.06,0.485600,1.00,-680.615,110.671,0.683089,0.156070
1246,2M4X,74.29,0.581700,1.00,-2474.172,189.578,0.233779,0.506220
1247,2M4Z,70.00,0.580800,1.00,-2313.475,195.185,0.273705,0.460570
1248,2M50,81.43,0.680800,1.00,-2566.294,199.979,0.196133,0.605740
1249,2M5L,60.00,0.634700,1.00,-818.988,93.820,0.445134,0.169020
1250,2M5X,92.50,0.852100,1.00,-2715.298,137.110,0.210931,0.835700
1251,2M5Z,96.02,0.757400,1.00,-5515.780,131.656,0.083913,0.876040
1252,2M60,84.30,0.708300,1.00,-5755.929,135.560,0.149833,0.742360
1253,2M62,77.08,0.578100,1.00,-643.820,48.118,0.197400,0.220170
1254,2M6A,75.00,0.657300,1.00,-1809.521,82.006,0.249010,0.468210
1255,2M6O,80.73,0.738300,1.00,-3193.157,237.383,0.446927,0.743460
1256,2M6P,82.07,0.671900,1.00,-3166.484,302.051,0.462866,0.730000
1257,2M73,64.00,0.657900,1.00,-1906.892,50.463,0.343324,0.319870
1258,2M77,95.83,0.744300,1.00,-932.256,81.021,0.077893,0.495430
1259,2M78,94.44,0.727000,1.00,-988.783,83.384,0.100513,0.380380
1260,2M79,84.72,0.736900,1.00,-972.330,112.230,0.142320,0.314880
1261,2M7C,78.57,0.646100,1.00,-1245.390,55.479,0.394213,0.322890
1262,2M7D,58.75,0.672700,1.00,-1007.886,58.159,0.837212,0.310970
1263,2M7E,65.38,0.580000,1.00,-1477.107,102.200,0.407552,0.366440
1264,2M7I,39.29,0.399000,1.00,-665.445,31.773,0.699109,0.181890
1265,2M7J,37.50,0.432100,1.00,-299.256,86.359,0.714529,0.238760
1266,2M7P,82.74,0.715100,1.00,-2602.634,180.772,0.253670,0.704830
1267,2M7T,88.64,0.755000,1.00,-1885.302,227.222,0.161509,0.712990
1268,2M7X,42.76,0.552300,1.00,-2194.880,152.857,0.772619,0.319600
1269,2M8F,50.00,0.473600,1.00,-1077.513,111.898,0.645078,0.155360
1270,2M8I,80.81,0.726000,1.00,-2614.670,289.854,0.268374,0.680100
1271,2M8J,76.16,0.703700,1.00,-2673.721,230.224,0.319220,0.654380
1272,2M8M,85.71,0.744500,1.00,-2493.389,61.058,0.190169,0.554630
1273,2M8O,73.21,0.738700,1.00,-2493.389,61.058,0.212684,0.396650
1274,2M96,75.57,0.645300,1.00,-2333.888,305.948,0.345391,0.622380
1275,2M9E,90.15,0.770900,1.00,-2173.978,162.518,0.193260,0.753600
1276,2M9F,76.52,0.717900,1.00,-2173.978,162.518,0.345312,0.589850
1277,2M9I,78.68,0.713900,1.00,-2281.978,145.499,0.293189,0.618100
1278,2M9J,82.35,0.723400,1.00,-2281.978,145.499,0.297855,0.659060
1279,2M9L,87.14,0.730400,1.00,-2438.391,133.097,0.297887,0.728280
1280,2M9O,81.03,0.681700,1.00,-1910.281,323.921,0.305562,0.559390
1281,2M9R,23.75,0.337600,1.00,-1518.354,258.046,1.832454,0.225330
1282,2M9S,25.62,0.337900,1.00,-1518.354,258.046,1.972168,0.239090
1283,2MAA,76.92,0.653600,1.00,-857.411,20.183,0.197320,0.362370
1284,2MAE,75.96,0.636600,1.00,-1470.008,120.216,0.313498,0.467200
1285,2MAU,95.83,0.767800,1.00,-2187.595,181.030,0.082435,0.735810
1286,2MBD,87.04,0.718300,1.00,-1558.285,106.548,0.134589,0.558970
1287,2MBY,49.46,0.600800,1.00,-3714.196,112.219,0.630799,0.492300
1288,2MCE,84.52,0.736000,1.00,-1028.945,54.780,0.138409,0.308480
1289,2MD1,75.00,0.599400,1.00,-1006.468,54.379,0.300123,0.312880
1290,2MD2,85.00,0.633200,1.00,-414.607,17.686,0.156490,0.413870
1291,2MD4,95.83,0.748000,1.00,-684.864,18.569,0.070091,0.438940
1292,2MD6,81.94,0.670600,1.00,-973.397,69.422,0.150556,0.306060
1293,2MDC,44.27,0.472500,1.00,-2953.762,311.709,0.678931,0.352530
1294,2MDL,32.29,0.432300,1.00,-1285.104,132.278,1.191030,0.147500
1295,2MDU,88.79,0.683900,1.00,-2019.257,151.361,0.187023,0.632190
1296,2ME1,62.96,0.532200,1.00,-2604.117,51.650,0.432003,0.345550
1297,2ME2,52.78,0.592300,1.00,-2414.375,58.123,0.455438,0.354220
1298,2ME3,65.74,0.576600,1.00,-2576.545,37.114,0.339175,0.321810
1299,2ME4,54.63,0.560600,1.00,-2476.239,34.384,0.448864,0.351350
1300,2ME7,91.67,0.792300,1.00,-2202.329,133.772,0.199483,0.760540
1301,2MEL,88.64,0.767100,1.00,-2220.733,177.972,0.215319,0.700070
1302,2MEN,81.06,0.705700,1.00,-2184.235,137.631,0.302582,0.626460
1303,2MEO,81.82,0.684200,1.00,-2073.604,146.901,0.241856,0.611350
1304,2MF3,46.81,0.402700,1.00,-3220.541,251.885,0.539819,0.465430
1305,2MFM,36.67,0.510700,1.00,-393.527,83.287,0.693760,0.175180
1306,2MFO,33.33,0.476600,1.00,-356.859,64.311,0.852571,0.204050
1307,2MFP,47.58,0.526600,1.00,-1213.347,345.545,0.562104,0.263970
1308,2MFS,95.71,0.810800,1.00,-2277.932,179.694,0.087995,0.811220
1309,2MFV,35.71,0.565500,1.00,-62.377,75.752,0.942485,0.271140
1310,2MG1,75.00,0.759700,1.00,-1881.560,27.490,0.297994,0.513170
1311,2MG2,83.04,0.679300,1.00,-2311.526,58.542,0.196060,0.570020
1312,2MG3,67.86,0.625800,1.00,-2311.526,58.542,0.439229,0.418230
1313,2MH1,82.58,0.748600,1.00,-1735.777,201.622,0.294931,0.611350
1314,2MHU,66.67,0.578000,1.00,-1701.764,185.299,0.360050,0.423820
1315,2MHW,50.00,0.617500,1.00,-1556.079,64.451,0.670126,0.349590
1316,2MI1,39.29,0.461900,1.00,-749.468,54.816,0.629978,0.260280
1317,2MI9,75.83,0.598900,1.00,-1943.198,217.629,0.216443,0.511040
1318,2MIA,75.83,0.584800,1.00,-1943.198,217.629,0.217315,0.509120
1319,2MID,43.75,0.543500,1.00,-424.523,46.605,0.709435,0.291980
1320,2MIE,41.67,0.549000,1.00,-366.988,42.059,0.623518,0.175810
1321,2MIF,31.25,0.527600,1.00,-303.978,63.262,0.657351,0.310540
1322,2MIG,43.75,0.508400,1.00,-364.591,52.443,0.608610,0.207600
1323,2MIH,42.86,0.463100,1.00,-466.193,63.736,0.689273,0.198600
1324,2MIJ,68.24,0.614600,1.00,-2766.170,163.644,0.344639,0.462260
1325,2MIX,65.48,0.600100,1.00,-891.440,119.795,0.585516,0.222850
1326,2MJ1,36.11,0.340000,1.00,-683.234,115.980,0.769102,0.112990
1327,2MJ2,55.56,0.638400,1.00,-2328.318,139.697,0.729277,0.464730
1328,2MJ9,67.31,0.612700,1.00,-2555.060,127.093,0.378056,0.522690
1329,2MJC,66.91,0.678100,1.00,-1663.593,212.658,0.817945,0.504260
1330,2MJK,92.07,0.758500,1.00,-4005.092,172.287,0.133115,0.807580
1331,2MKB,79.00,0.663300,1.00,-1970.484,55.932,0.214530,0.511260
1332,2ML7,79.03,0.630900,1.00,-2189.530,217.387,0.232288,0.540450
1333,2MLA,91.22,0.750000,1.00,-2538.536,152.174,0.108531,0.759200
1334,2MLD,91.89,0.787900,1.00,-2543.865,162.418,0.105051,0.774490
1335,2MLJ,44.44,0.481100,1.00,-909.279,63.738,1.028163,0.156430
1336,2MLO,92.19,0.752400,1.00,-1161.576,38.016,0.137867,0.419880
1337,2MLQ,81.25,0.586000,1.00,-1161.576,38.016,0.202664,0.378570
1338,2MLU,45.83,0.508900,1.00,-1496.719,103.994,0.652637,0.354360
1339,2MLV,48.33,0.537800,1.00,-1496.719,103.994,0.660635,0.291100
1340,2MM5,82.50,0.653500,1.00,-2026.075,207.656,0.208580,0.555030
1341,2MM6,83.33,0.641900,1.00,-2197.899,215.045,0.236370,0.584130
1342,2MMM,60.42,0.738000,1.00,-2115.247,43.737,0.470407,0.485710
1343,2MMT,33.33,0.390200,1.00,-1209.150,71.753,1.055493,0.170480
1344,2MMW,38.10,0.454700,1.00,-864.680,124.773,0.689540,0.126030
1345,2MN1,83.33,0.670500,1.00,-1982.157,218.893,0.384211,0.622530
1346,2MN3,66.48,0.591900,1.00,-2127.564,229.151,0.430631,0.513430
1347,2MOC,40.91,0.445200,1.00,-302.607,35.579,0.448583,0.210680
1348,2MOF,61.90,0.585900,1.00,-2858.293,79.462,0.580091,0.546290
1349,2MPJ,74.00,0.599200,1.00,-1288.321,129.561,0.405541,0.418290
1350,2MPQ,78.47,0.667500,1.00,-2249.456,174.708,0.256814,0.649030
1351,2MQ2,39.29,0.473500,1.00,-149.488,80.775,1.013565,0.177790
1352,2MQ4,43.18,0.493200,1.00,-179.640,60.056,0.789891,0.360500
1353,2MQ5,62.50,0.473100,1.00,-144.912,43.463,0.347055,0.201310
1354,2MQF,99.26,0.779900,1.00,-2019.948,130.254,0.058892,0.880080
1355,2MQU,91.43,0.735300,1.00,-2490.208,155.656,0.100460,0.737000
1356,2MR9,90.34,0.753600,1.00,-4364.746,97.712,0.143407,0.812110
1357,2MRB,59.68,0.519600,1.00,-1914.286,176.976,0.389646,0.373410
1358,2MRF,81.06,0.685600,1.00,-2184.521,160.827,0.257924,0.546160
1359,2MRT,69.17,0.601900,1.00,-1858.876,178.540,0.268708,0.420510
1360,2MRW,39.38,0.310300,1.00,-3409.497,111.978,1.082670,0.373620
1361,2MSF,48.28,0.464200,1.00,-1715.668,212.869,0.759633,0.365140
1362,2MSO,76.67,0.618200,1.00,-2015.149,144.657,0.272838,0.509600
1363,2MSQ,76.85,0.614200,1.00,-1832.602,120.774,0.286001,0.430230
1364,2MSU,72.50,0.614900,1.00,-1192.973,52.322,0.322077,0.376150
1365,2MT7,87.14,0.703200,1.00,-2254.979,183.953,0.158737,0.697370
1366,2MT8,70.51,0.642500,1.00,-2208.122,219.680,0.598966,0.585250
1367,2MTM,47.37,0.360800,1.00,-1307.242,64.166,0.480881,0.128370
1368,2MTO,80.77,0.511900,1.00,-632.309,58.895,0.264184,0.388110
1369,2MTT,69.23,0.528900,1.00,-643.334,51.668,0.296684,0.226110
1370,2MTU,73.08,0.469600,1.00,-643.334,51.668,0.367076,0.357910
1371,2MTW,75.00,0.599800,1.00,-1252.062,73.090,0.383492,0.431300
1372,2MTY,48.75,0.578000,1.00,-1121.456,50.463,0.533042,0.116670
1373,2MU6,85.00,0.704400,1.00,-1483.879,42.760,0.178842,0.394670
1374,2MU7,83.75,0.676300,1.00,-1184.314,52.889,0.208063,0.307790
1375,2MU8,43.75,0.437200,1.00,-1341.737,44.133,0.524538,0.102420
1376,2MU9,77.50,0.653900,1.00,-1386.394,58.310,0.389059,0.444050
1377,2MUA,79.76,0.716900,1.00,-1244.222,46.277,0.238538,0.413430
1378,2MUB,62.50,0.511700,1.00,-3453.160,177.309,0.623301,0.567270
1379,2MUE,81.25,0.662100,1.00,-1455.082,51.065,0.294851,0.395980
1380,2MUF,87.50,0.714000,1.00,-1288.646,43.815,0.169557,0.376510
1381,2MUH,89.06,0.667500,1.00,-764.460,94.958,0.169846,0.367170
1382,2MUJ,70.24,0.595400,1.00,-1308.021,52.313,0.317790,0.302690
1383,2MUN,87.50,0.714300,1.00,-3971.873,159.276,0.230591,0.797980
1384,2MUQ,75.57,0.695400,1.00,-2869.991,191.960,0.473462,0.662210
1385,2MV6,71.43,0.728000,1.00,-3591.470,149.434,0.592571,0.631620
1386,2MVA,61.11,0.538700,1.00,-1485.225,141.950,0.490599,0.306470
1387,2MVH,64.42,0.659700,1.00,-1615.392,100.297,0.504992,0.376610
1388,2MVI,41.28,0.362500,1.00,-3616.207,279.514,0.848845,0.315770
1389,2MVJ,67.31,0.575900,1.00,-1586.967,100.289,0.505150,0.476220
1390,2MVK,60.58,0.569000,1.00,-1470.008,120.216,0.548090,0.294810
1391,2MVL,61.54,0.580700,1.00,-1470.008,120.216,0.545423,0.307410
1392,2MVM,51.70,0.629000,1.00,-2357.519,199.382,1.140915,0.421170
1393,2MVN,56.25,0.670700,1.00,-2357.519,199.382,0.835278,0.515400
1394,2MVT,85.11,0.657000,1.00,-3951.538,227.083,0.242255,0.750530
1395,2MW0,43.10,0.455400,1.00,-1862.116,164.616,0.742169,0.271880
1396,2MW3,41.67,0.474000,1.00,-1022.905,123.883,0.884902,0.141460
1397,2MW7,84.46,0.732600,1.00,-2144.520,292.521,0.234929,0.678740
1398,2MW9,80.41,0.681000,1.00,-2481.880,166.512,0.296181,0.665800
1399,2MWA,73.65,0.655200,1.00,-2414.580,183.565,0.477924,0.572770
1400,2MWB,72.97,0.651900,1.00,-2411.319,212.568,0.419682,0.540800
1401,2MWD,85.71,0.695100,1.00,-1856.885,125.072,0.120050,0.545110
1402,2MWE,82.14,0.672100,1.00,-1704.073,133.296,0.144952,0.494420
1403,2MWF,84.38,0.700800,1.00,-2077.904,159.604,0.140399,0.621830
1404,2MWJ,93.75,0.807900,1.00,-2398.875,230.248,0.102376,0.787120
1405,2MWK,93.75,0.818700,1.00,-2398.875,230.248,0.088074,0.800200
1406,2MWL,42.19,0.521900,1.00,-502.304,88.844,0.668055,0.261910
1407,2MWT,66.18,0.637200,1.00,-1754.435,102.285,0.689462,0.462850
1408,2MX4,83.33,0.686600,1.00,-3130.752,169.545,0.218527,0.735270
1409,2MXG,43.75,0.551100,1.00,-502.304,88.844,0.743306,0.275680
1410,2MXH,45.31,0.523800,1.00,-502.304,88.844,0.902289,0.229870
1411,2MXM,93.18,0.777100,1.00,-2197.189,156.911,0.102351,0.803490
1412,2MXO,88.97,0.706000,1.00,-2168.832,160.072,0.162469,0.716820
1413,2MXP,93.18,0.800500,1.00,-2682.330,142.030,0.212388,0.816760
1414,2MXQ,68.38,0.587900,1.00,-2102.617,198.616,0.293830,0.468930
1415,2MXV,66.28,0.599400,1.00,-2770.198,201.639,0.597006,0.547320
1416,2MYH,93.90,0.763600,1.00,-2605.170,170.964,0.137346,0.834310
1417,2MYL,92.50,0.711600,1.00,-1449.577,70.132,0.197458,0.488200
1418,2MYM,62.50,0.555100,1.00,-1608.979,46.258,0.428685,0.227030
1419,2MZ2,72.06,0.558900,1.00,-996.996,51.833,0.327078,0.254290
1420,2MZ3,70.59,0.609900,1.00,-996.996,51.833,0.405058,0.302140
1421,2MZ4,81.52,0.640500,1.00,-3971.873,159.276,0.328741,0.705590
1422,2MZ7,17.39,0.501400,1.00,-1190.400,327.405,1.198444,0.191410
1423,2MZA,69.12,0.552100,1.00,-996.996,51.833,0.416419,0.401960
1424,2MZX,42.50,0.408300,1.00,-380.699,43.512,0.458086,0.164550
1426,2N0X,32.81,0.571400,1.00,-517.211,110.889,1.074791,0.192100
1427,2N16,70.00,0.494700,1.00,-1225.724,94.518,0.343091,0.267430
1428,2N1C,36.96,0.445100,1.00,-803.320,165.353,0.770884,0.161220
1429,2N1N,90.00,0.707700,1.00,-2515.921,148.177,0.119876,0.715770
1430,2N1P,65.00,0.660400,1.00,-1699.538,116.354,0.558203,0.486280
1431,2N1S,96.67,0.772500,1.00,-1824.288,128.029,0.113693,0.801970
1432,2N24,65.32,0.714200,1.00,-1741.454,200.930,0.628821,0.500340
1433,2N2C,38.95,0.631500,1.00,-2020.602,140.987,0.984149,0.345860
1434,2N2F,42.31,0.493800,1.00,-309.974,79.675,0.624361,0.163210
1435,2N2G,88.64,0.729000,1.00,-2191.420,279.584,0.163117,0.685260
1436,2N2S,81.25,0.674300,1.00,-2586.132,123.645,0.208569,0.551200
1437,2N3P,92.19,0.751300,1.00,-2109.480,152.862,0.161906,0.735890
1438,2N4K,42.44,0.373400,1.00,-2248.056,222.879,1.023070,0.330460
1439,2N4R,86.49,0.759700,1.00,-2484.775,216.171,0.365735,0.728920
1440,2N4S,83.11,0.730400,1.00,-2417.248,166.929,0.287781,0.671700
1441,2N4T,85.14,0.710100,1.00,-2581.938,183.671,0.352924,0.701820
1442,2N4U,77.70,0.682600,1.00,-2487.635,209.214,0.358665,0.611620
1443,2N4V,76.35,0.722200,1.00,-2396.437,189.782,0.414003,0.617740
1444,2N4W,82.43,0.746800,1.00,-2677.876,175.629,0.374128,0.685790
1445,2N58,49.17,0.568200,1.00,-2517.128,34.661,0.942896,0.351780
1446,2N5C,40.00,0.450300,1.00,-640.529,46.000,0.785506,0.104290
1447,2N5J,82.65,0.718800,1.00,-4608.461,153.013,0.182685,0.754430
1448,2N5K,77.59,0.639000,1.00,-1776.385,139.696,0.272993,0.518950
1449,2N5Q,81.48,0.583500,1.00,-1715.888,215.918,0.188344,0.458410
1450,2N5R,91.67,0.665700,1.00,-691.163,25.123,0.172429,0.539150
1451,2N63,39.06,0.486800,1.00,-502.304,88.844,0.765076,0.191100
1452,2N68,33.70,0.365100,1.00,-1180.929,85.005,0.944631,0.145990
1453,2N6B,86.03,0.694500,1.00,-2440.074,217.273,0.158837,0.648260
1454,2N6M,78.57,0.728300,1.00,-1204.186,27.294,0.183667,0.299760
1455,2N6N,87.50,0.733400,1.00,-1962.901,136.968,0.123212,0.645610
1456,2N6O,83.57,0.656800,1.00,-2535.708,180.694,0.316353,0.661910
1457,2N6U,26.25,0.371200,1.00,-1169.402,54.405,0.835851,0.181100
1458,2N6V,39.58,0.446200,1.00,-1077.513,111.898,0.771802,0.171760
1459,2N7F,72.66,0.599900,1.00,-2761.329,187.446,0.303938,0.482870
1460,2N7I,66.89,0.674700,1.00,-2783.540,96.865,0.328608,0.518730
1461,2N85,66.46,0.749500,1.00,-2613.191,91.870,0.343637,0.460660
1462,2N8B,59.03,0.535600,1.00,-2599.087,152.066,0.422796,0.406340
1463,2N8E,72.06,0.604200,1.00,-1827.803,204.607,0.336668,0.524750
1464,2N8H,78.57,0.625600,1.00,-2142.230,140.663,0.240116,0.562670
1465,2N8S,82.05,0.722900,1.00,-2314.146,166.668,0.355490,0.684130
1466,2N8U,71.15,0.639300,1.00,-1920.286,174.348,0.416489,0.566820
1467,2N92,52.42,0.505400,1.00,-1794.142,51.968,0.707039,0.392600
1468,2N94,78.65,0.724000,1.00,-3050.190,242.045,0.326557,0.691740
1469,2N95,74.49,0.631100,1.00,-3165.332,211.459,0.272933,0.639880
1470,2N9C,37.50,0.398200,1.00,-660.028,69.715,0.640696,0.118030
1471,2N9M,46.88,0.570400,1.00,-502.304,88.844,0.767755,0.233830
1472,2N9N,43.75,0.521500,1.00,-502.304,88.844,0.686535,0.196240
1473,2N9O,82.74,0.737000,1.00,-3017.374,296.652,0.282645,0.731760
1474,2N9T,79.17,0.630300,1.00,-1987.481,189.544,0.247433,0.494420
1475,2N9Z,77.98,0.724600,1.00,-2452.675,247.227,0.586100,0.665290
1476,2NA3,89.58,0.618300,1.00,-885.338,23.728,0.175779,0.520140
1477,2NA8,57.39,0.624900,1.00,-3593.417,164.891,0.592224,0.471930
1478,2NA9,62.50,0.651200,1.00,-3940.369,84.789,0.604405,0.669810
1479,2NAB,71.34,0.706700,1.00,-2698.629,185.679,0.677077,0.611480
1480,2NAE,27.91,0.478800,1.00,-1914.199,253.837,0.689701,0.277630
1481,2NAJ,87.88,0.712300,1.00,-1995.184,200.188,0.170043,0.705510
1482,2NAL,91.67,0.676500,1.00,-764.534,16.749,0.191752,0.491600
1483,2NAT,42.86,0.489500,1.00,-2208.508,70.429,0.631012,0.277720
1484,2NAU,65.18,0.589600,1.00,-1817.166,44.622,0.413576,0.384340
1485,2NAW,43.59,0.499600,1.00,-2684.528,194.520,0.679691,0.357500
1486,2NB2,88.82,0.712600,1.00,-3299.729,103.055,0.174357,0.749170
1487,2NB5,63.24,0.524200,1.00,-745.770,113.394,0.284520,0.161740
1488,2NB6,68.75,0.535400,1.00,-736.336,79.181,0.290336,0.226490
1489,2NB7,73.53,0.592600,1.00,-847.418,33.706,0.479028,0.398080
1490,2NB8,62.04,0.549200,1.00,-1713.351,133.416,0.580452,0.478360
1491,2NB9,81.12,0.727900,1.00,-3439.775,240.364,0.368340,0.729270
1492,2NC3,93.18,0.812400,1.00,-2173.978,162.518,0.101063,0.761620
1493,2NC4,90.15,0.805700,1.00,-2173.978,162.518,0.138975,0.705130
1494,2NC5,94.70,0.805000,1.00,-2173.978,162.518,0.095878,0.804660
1495,2NC6,94.70,0.822300,1.00,-2173.978,162.518,0.138993,0.795070
1496,2NC7,77.78,0.695400,1.00,-972.142,74.623,0.235612,0.314100
1497,2NCS,72.22,0.733100,1.00,-2884.210,74.196,0.248254,0.590840
1498,2NCT,76.39,0.667800,1.00,-2884.210,74.196,0.329957,0.604690
1499,2NCU,60.71,0.599800,1.00,-1431.468,51.685,0.473057,0.305010
1500,2NCV,57.14,0.556600,1.00,-1553.546,45.093,0.636018,0.311610
1501,2NCW,58.33,0.620800,1.00,-1652.104,51.272,0.477107,0.254750
1502,2NCX,84.38,0.797500,1.00,-1771.559,26.699,0.187585,0.447370
1503,2NCY,67.71,0.669000,1.00,-1596.454,52.331,0.502587,0.405880
1504,2ND2,93.75,0.719100,1.00,-4036.454,109.908,0.101222,0.842210
1505,2ND3,88.16,0.718000,1.00,-2978.977,174.970,0.132564,0.719130
1506,2ND6,72.06,0.638000,1.00,-1157.774,19.935,0.256008,0.278490
1507,2ND7,72.06,0.610100,1.00,-1157.774,19.935,0.356084,0.258870
1508,2ND8,69.12,0.538100,1.00,-1157.774,19.935,0.417509,0.247480
1509,2NDB,60.71,0.473200,1.00,-3308.751,240.310,0.430635,0.551310
1510,2NDC,69.44,0.589800,1.00,-1092.728,28.894,0.422823,0.340160
1511,2NDE,55.56,0.516300,1.00,-978.597,43.961,0.480370,0.283250
1512,2NDI,49.46,0.479300,1.00,-2479.527,324.634,0.534048,0.316500
1513,2NDK,52.08,0.690600,1.00,-2804.818,84.430,0.844883,0.382830
1514,2NDL,79.69,0.696300,1.00,-877.765,71.064,0.208324,0.292760
1515,2NDM,63.46,0.518000,1.00,-659.092,49.061,0.389006,0.286870
1516,2NDN,92.19,0.763900,1.00,-813.641,59.644,0.146952,0.399240
1517,2NOR,50.00,0.443600,1.00,-360.723,40.215,0.385871,0.231800
1518,2NOU,45.00,0.441800,1.00,-323.202,37.073,0.393040,0.299180
1519,2NR1,79.63,0.713900,1.00,-1663.970,75.944,0.216111,0.529470
1520,2NS4,69.64,0.558100,1.00,-345.806,72.259,0.324460,0.272300
1521,2NVJ,56.00,0.526900,1.00,-1800.218,96.172,0.467406,0.233950
1522,2NX6,39.81,0.512000,1.00,-1471.733,172.208,0.695620,0.196880
1523,2NX7,47.32,0.511600,1.00,-1579.696,137.430,0.625092,0.295070
1526,2NZ3,63.12,0.569600,1.00,-2927.517,232.127,0.504480,0.425770
1527,2NZZ,38.51,0.479300,1.00,-2847.050,80.424,1.149910,0.229930
1528,2O00,38.51,0.443100,1.00,-2847.050,80.424,0.951175,0.249790
1529,2O0S,62.50,0.515800,1.00,-737.906,27.529,0.331713,0.324730
1530,2OBU,60.71,0.705200,1.00,-2896.667,104.278,0.643360,0.543340
1532,2OJM,93.18,0.751800,1.00,-1492.874,47.623,0.083089,0.542770
1533,2OJN,71.59,0.596400,1.00,-1458.258,39.158,0.379157,0.379090
1534,2OJO,82.95,0.762300,1.00,-1691.328,50.461,0.154016,0.455090
1535,2OP7,48.72,0.458700,1.00,-2417.916,189.893,0.980908,0.341400
1536,2OQ9,46.88,0.546800,1.00,-953.642,124.191,0.647663,0.188700
1537,2ORU,76.25,0.656700,1.00,-1231.770,84.907,0.285210,0.259240
1538,2OVN,89.71,0.643300,1.00,-1116.261,34.429,0.196427,0.426900
1539,2OYV,69.23,0.570800,1.00,-452.715,69.569,0.313012,0.317380
1540,2OYW,71.15,0.584400,1.00,-452.715,69.569,0.204046,0.311000
1541,2P4L,66.30,0.552500,1.00,-2636.799,371.117,0.354329,0.554320
1542,2P5J,50.00,0.572100,1.00,-492.197,102.596,0.581564,0.232290
1543,2P81,67.61,0.571300,1.00,-3343.331,110.919,0.510284,0.584760
1544,2PCO,75.96,0.649800,1.00,-1576.582,88.310,0.388695,0.538680
1545,2PDD,84.30,0.691600,1.00,-3681.280,127.916,0.268693,0.731970
1546,2PDE,32.56,0.366900,1.00,-3681.280,127.916,0.725248,0.364960
1547,2PJV,51.61,0.550100,1.00,-1155.708,95.458,0.704140,0.345550
1548,2PO8,72.79,0.663000,1.00,-1725.846,162.969,0.461166,0.552770
1549,2PPZ,77.08,0.602000,1.00,-3064.159,116.260,0.211426,0.561260
1550,2PTA,89.29,0.699400,1.00,-2453.382,175.256,0.168770,0.737550
1551,2PV6,63.64,0.576800,1.00,-2170.260,35.539,0.434874,0.286020
1552,2RLG,81.94,0.634600,1.00,-1034.316,51.950,0.261992,0.466850
1553,2RLH,84.72,0.681900,1.00,-1034.316,51.950,0.239409,0.414500
1554,2RLJ,64.06,0.575900,1.00,-872.726,54.407,0.319355,0.236690
1555,2RLW,67.65,0.649000,1.00,-1884.067,88.363,0.287647,0.438020
1557,2RMF,68.75,0.717600,1.00,-3219.028,84.647,0.381010,0.649560
1558,2RMG,46.71,0.672600,1.00,-2705.252,87.851,0.697243,0.363150
1559,2RMH,65.13,0.675100,1.00,-2595.879,117.840,0.441832,0.531160
1561,2RMV,50.96,0.380000,1.00,-1956.204,81.612,0.809616,0.299600
1562,2RMW,39.42,0.370500,1.00,-1877.036,132.829,0.840674,0.207030
1563,2RMY,78.68,0.766600,1.00,-2365.188,66.042,0.315470,0.628160
1564,2RMZ,63.37,0.703400,1.00,-3283.654,97.426,0.511956,0.577370
1565,2RN0,75.00,0.714200,1.00,-3283.654,97.426,0.370381,0.641880
1566,2RND,69.85,0.708500,1.00,-2365.188,66.042,0.466186,0.514140
1567,2ROO,71.51,0.631700,1.00,-2771.027,188.596,0.321867,0.570870
1568,2RPS,57.03,0.592000,1.00,-1420.119,226.395,0.796860,0.430320
1570,2RQ2,73.33,0.597800,1.00,-2172.842,39.006,0.380524,0.522110
1571,2RQZ,82.24,0.702400,1.00,-2555.985,182.266,0.193274,0.665850
1572,2RR0,75.66,0.641500,1.00,-2555.985,182.266,0.244891,0.550910
1573,2RR2,80.26,0.651600,1.00,-2555.985,182.266,0.186945,0.624140
1574,2RRH,78.45,0.709900,1.00,-2223.013,51.246,0.204291,0.657630
1575,2RRI,75.00,0.687600,1.00,-2223.013,51.246,0.261349,0.494190
1576,2RRS,69.44,0.564300,1.00,-1117.460,66.763,0.305509,0.438220
1577,2RSH,76.35,0.692700,1.00,-2191.697,152.450,0.377654,0.587330
1578,2RSW,55.56,0.506000,1.00,-870.157,121.747,0.490821,0.202280
1579,2RT4,54.00,0.573700,1.00,-1183.904,122.471,0.810961,0.140570
1580,2RTY,94.17,0.741700,1.00,-1921.490,116.549,0.111423,0.742060
1581,2RTZ,84.48,0.659500,1.00,-2098.606,134.805,0.167272,0.594260
1582,2RU0,77.78,0.617900,1.00,-2710.612,152.625,0.273374,0.588050
1583,2RUM,40.79,0.471700,1.00,-826.246,122.729,0.670298,0.204000
1584,2RUN,65.28,0.565100,1.00,-1267.883,71.947,0.444541,0.279930
1585,2RUO,73.44,0.657700,1.00,-929.102,43.567,0.330999,0.387220
1586,2RUT,77.78,0.791200,1.00,-2308.287,182.141,0.608678,0.677440
1587,2RUU,85.42,0.786000,1.00,-1954.303,141.218,0.232764,0.684160
1588,2RUV,81.76,0.825400,1.00,-2191.697,152.450,0.457820,0.718720
1589,2RUW,78.38,0.794400,1.00,-1964.885,172.485,0.449279,0.670570
1590,2RUX,74.31,0.690900,1.00,-1996.944,216.932,0.520341,0.618290
1591,2RUY,76.35,0.755000,1.00,-2149.399,167.353,0.448605,0.608180
1592,2RUZ,82.89,0.850400,1.00,-2182.849,181.388,0.305324,0.728140
1593,2RV0,81.08,0.805200,1.00,-2188.490,149.239,0.622030,0.717510
1594,2RV1,79.05,0.755100,1.00,-2460.203,186.531,0.303355,0.673920
1595,2RV2,88.89,0.814800,1.00,-1829.069,169.704,0.187418,0.769450
1596,2RV3,78.47,0.781400,1.00,-1474.811,144.388,0.355251,0.663950
1597,2RV4,79.73,0.776000,1.00,-2009.409,184.112,0.366729,0.666110
1598,2RV5,85.00,0.798100,1.00,-2029.932,134.048,0.430448,0.736740
1599,2RVD,95.00,0.731000,1.00,-538.386,33.955,0.066409,0.474640
1600,2SH1,34.38,0.370500,1.00,-2507.421,313.866,0.971343,0.399630
1601,2V1V,87.93,0.697200,1.00,-1797.538,177.550,0.142301,0.564870
1602,2VY4,77.03,0.657300,1.00,-2513.568,145.565,0.330335,0.590220
1603,2VY5,78.38,0.667700,1.00,-2513.568,145.565,0.309135,0.612840
1604,2W0T,69.19,0.560900,1.00,-2842.840,227.580,0.394763,0.594840
1605,2W9O,58.15,0.464900,1.00,-2758.792,268.115,0.496090,0.460900
1606,2W9U,32.61,0.366000,1.00,-2084.163,441.281,0.946350,0.241650
1607,2W9V,54.55,0.449800,1.00,-2696.858,245.590,0.447029,0.438340
1608,2W9W,59.09,0.488300,1.00,-2255.221,302.102,0.444692,0.435280
1609,2WH9,84.03,0.727600,1.00,-2498.276,163.857,0.265468,0.676510
1610,2WXC,84.04,0.683200,1.00,-3709.826,159.523,0.201085,0.727520
1611,2XL1,65.62,0.601200,1.00,-1572.346,65.457,0.595127,0.443300
1612,2YRH,63.64,0.698600,1.00,-1812.767,230.526,0.818170,0.539110
1613,2YRJ,66.85,0.763000,1.00,-2044.960,236.315,0.620417,0.575010
1614,2YRM,70.93,0.724900,1.00,-2039.917,233.423,0.459887,0.612480
1615,2YSB,75.51,0.811100,1.00,-2825.923,229.887,0.604962,0.713140
1616,2YSC,75.64,0.762900,1.00,-2355.968,149.729,0.515195,0.633660
1617,2YSF,85.00,0.771100,1.00,-2501.402,157.703,0.351811,0.726630
1618,2YSG,80.00,0.716000,1.00,-2454.545,260.128,0.425752,0.678610
1619,2YSH,71.88,0.688100,1.00,-2005.254,190.463,0.565427,0.609410
1620,2YSI,71.88,0.744300,1.00,-2120.680,245.901,0.439391,0.556730
1621,2YSO,58.70,0.694700,1.00,-2380.160,230.263,0.822778,0.504720
1622,2YSP,61.96,0.711100,1.00,-2113.347,205.129,0.985679,0.528810
1623,2YSV,58.33,0.623600,1.00,-1920.017,184.169,0.654410,0.465540
1624,2YTA,70.73,0.776100,1.00,-1854.508,165.854,0.789115,0.618670
1625,2YTB,67.86,0.747500,1.00,-2089.057,152.704,0.689300,0.593000
1626,2YTD,75.54,0.749400,1.00,-2059.346,225.275,0.429168,0.648660
1627,2YTE,72.02,0.780000,1.00,-2016.906,215.627,0.703309,0.619610
1628,2YTF,64.13,0.760700,1.00,-2109.616,274.826,0.721230,0.566460
1629,2YTG,65.22,0.745100,1.00,-2049.620,216.684,0.727830,0.572190
1630,2YTH,58.70,0.728900,1.00,-1866.069,245.057,1.369755,0.540940
1631,2YTI,67.39,0.734500,1.00,-1922.228,225.779,0.489817,0.547590
1632,2YTJ,67.93,0.781500,1.00,-2207.221,183.749,0.541656,0.593660
1633,2YTK,67.93,0.729200,1.00,-2257.900,205.112,0.870279,0.599880
1634,2YTM,53.80,0.637800,1.00,-1923.888,287.518,1.090942,0.462630
1635,2YTN,66.85,0.717500,1.00,-1981.892,203.406,0.685211,0.549780
1636,2YTO,69.57,0.720700,1.00,-1913.472,256.870,0.592732,0.593360
1637,2YTP,62.50,0.747400,1.00,-2167.280,230.814,0.949541,0.563200
1638,2YTQ,63.59,0.724100,1.00,-1929.120,219.631,0.787023,0.537910
1639,2YTR,64.67,0.751200,1.00,-1949.572,248.539,0.991838,0.575340
1640,2YTS,73.37,0.776000,1.00,-2040.052,256.769,0.397191,0.613410
1641,2YTT,63.59,0.716500,1.00,-2403.716,194.863,0.755041,0.545240
1642,2YU5,69.89,0.734500,1.00,-2027.697,214.277,0.553840,0.550900
1643,2YU8,71.20,0.762900,1.00,-1918.303,237.390,0.584964,0.625600
1644,2YYF,35.00,0.473500,1.00,-664.713,66.700,0.754235,0.182820
1645,2Z3S,78.21,0.637600,1.00,-3084.108,166.600,0.210161,0.612720
1646,2ZAJ,67.86,0.690800,1.00,-2769.418,241.724,1.037960,0.596720
1647,2ZNF,94.44,0.753900,1.00,-938.240,70.760,0.088487,0.521330
1648,3BBG,70.62,0.616000,1.00,-3125.140,171.951,0.314332,0.513860
1649,3CMH,76.67,0.573400,1.00,-1089.821,20.986,0.385537,0.433600
1650,3CTI,95.69,0.785100,1.00,-1864.040,150.479,0.103753,0.787600
1651,3LEU,43.92,0.472100,1.00,-2151.429,162.123,0.871050,0.373560
1652,3MRA,79.00,0.749000,1.00,-1921.074,63.784,0.176421,0.495680
1653,3ZNF,84.17,0.708000,1.00,-1997.963,107.463,0.255819,0.605660
1654,4A24,87.77,0.722300,1.00,-3406.419,215.450,0.222116,0.784850
1655,4APD,47.58,0.552100,1.00,-1901.113,99.005,0.560555,0.347620
1656,4B19,70.00,0.737300,1.00,-2433.000,63.129,0.302886,0.502560
1658,4B2U,90.97,0.752300,1.00,-2506.999,170.430,0.204948,0.744320
1659,4B2V,92.97,0.757700,1.00,-2016.178,201.643,0.093920,0.734210
1660,4BMF,86.84,0.718300,1.00,-2506.527,192.627,0.170290,0.714190
1661,4CYK,68.29,0.647500,1.00,-2486.703,187.948,0.450609,0.538610
1662,4ZNF,83.33,0.689500,1.00,-1997.963,107.463,0.255457,0.586310
1663,5A4H,33.33,0.582500,1.00,-1266.043,307.636,1.709015,0.168310
1664,5AAY,90.83,0.783800,1.00,-1952.458,129.318,0.130045,0.733450
1665,5AAZ,85.16,0.766800,1.00,-1994.185,142.362,0.219550,0.652460
1666,5AHT,80.81,0.705600,1.00,-2839.318,227.820,0.341750,0.685810
1667,5FZV,83.59,0.740600,1.00,-1908.168,219.590,0.439829,0.704520
1668,5FZW,80.30,0.705000,1.00,-2103.416,169.869,0.480687,0.640690
1669,5FZX,76.39,0.629000,1.00,-2255.075,291.791,0.352471,0.621250
1671,5GSF,74.07,0.594400,1.00,-1935.903,126.874,0.232950,0.375710
1672,5GVO,30.56,0.403100,1.00,-940.319,79.490,0.908363,0.178500
1673,5H1H,54.69,0.547100,1.00,-569.429,57.819,0.600949,0.200050
1674,5H1I,43.06,0.429700,1.00,-592.827,116.060,0.660927,0.141660
1675,5H2S,83.00,0.699300,1.00,-1295.296,35.087,0.189978,0.500960
1676,5I1X,91.67,0.681500,1.00,-2335.622,190.470,0.142092,0.741580
1677,5I2P,93.75,0.727100,1.00,-2288.334,170.902,0.129582,0.786550
1678,5ID5,62.00,0.572400,1.00,-1493.003,77.718,0.468355,0.390230
1679,5IJ4,92.35,0.799300,1.00,-3464.193,269.613,0.144995,0.836840
1680,5ION,88.79,0.732100,1.00,-2041.538,117.267,0.143131,0.642350
1681,5IPO,76.56,0.643500,1.00,-3040.485,264.956,0.310471,0.700520
1682,5J8T,73.94,0.631900,1.00,-2915.032,254.098,0.358269,0.632270
1683,5JHI,96.43,0.791400,1.00,-2545.021,132.471,0.083192,0.843460
1684,5JI4,96.62,0.832300,1.00,-2914.352,193.045,0.092356,0.859520
1685,5JPL,35.29,0.411900,1.00,-632.858,134.198,0.903291,0.111140
1686,5JPX,76.67,0.601300,1.00,-3303.052,225.235,0.212844,0.652700
1687,5JYH,77.27,0.632700,1.00,-3001.227,218.447,0.331657,0.669070
1688,5KGY,84.09,0.664700,1.00,-1628.997,62.299,0.246055,0.389380
1689,5KGZ,47.73,0.568300,1.00,-3088.964,159.461,0.640021,0.362940
1690,5KHB,78.57,0.670500,1.00,-1448.571,32.039,0.259549,0.348720
1691,5KI0,39.47,0.297000,1.00,-228.759,181.461,0.745008,0.160410
1692,5KKM,92.05,0.765700,1.00,-1329.485,111.977,0.129171,0.485770
1693,5KVN,93.52,0.742900,1.00,-2012.433,164.690,0.102021,0.713080
1694,5KWO,92.31,0.738500,1.00,-1949.733,108.711,0.138599,0.650290
1695,5KWX,47.00,0.428000,1.00,-1194.464,187.901,0.665291,0.236650
1696,5KWZ,98.08,0.757200,1.00,-1898.244,86.690,0.074090,0.697420
1697,5KX0,68.27,0.495300,1.00,-2005.872,80.198,0.393352,0.437760
1698,5KX1,71.59,0.555500,1.00,-1172.304,119.885,0.234806,0.223990
1699,5KX2,54.17,0.449500,1.00,-800.514,113.657,0.379431,0.181080
1700,5L1C,78.47,0.627000,1.00,-2312.345,175.546,0.279902,0.595280
1701,5L82,47.97,0.419400,1.00,-2868.266,220.810,0.765850,0.353920
1702,5LAH,37.22,0.373600,1.00,-2668.800,481.291,0.727068,0.321850
1703,5LBJ,87.14,0.794500,1.00,-3027.880,46.020,0.177640,0.706110
1704,5LCS,63.30,0.574800,1.00,-3357.629,313.994,1.169887,0.547160
1705,5LM0,91.07,0.718000,1.00,-1946.750,93.283,0.139033,0.678990
1706,5LME,73.84,0.647300,1.00,-2444.776,241.263,0.398108,0.597540
1707,5M9U,90.48,0.707300,1.00,-1278.061,111.959,0.125784,0.384230
1708,5N5A,32.43,0.531000,1.00,-1057.945,312.577,0.758804,0.286430
1709,5N5B,40.18,0.595900,1.00,-945.458,148.093,0.648418,0.244520
1710,5NAM,60.94,0.670600,1.00,-3596.307,97.114,0.541332,0.568720
1711,5NAO,69.29,0.761500,1.00,-2822.173,58.009,0.526174,0.678350
1712,5NDA,78.79,0.774300,1.00,-2327.726,77.816,0.182369,0.625790
1713,5NVB,40.00,0.512500,1.00,-409.863,100.008,0.509923,0.195470
1714,5OAP,76.39,0.725800,1.00,-789.639,49.306,0.342082,0.462950
1715,5T3M,93.57,0.704300,1.00,-2274.792,211.424,0.095271,0.784390
1716,5T42,39.89,0.608900,1.00,-3381.900,125.081,1.102596,0.356030
1717,5T4R,90.71,0.710500,1.00,-2290.790,198.913,0.189346,0.731960
1718,5T7Q,75.00,0.697800,1.00,-1079.752,107.808,0.549221,0.352390
1719,5TCZ,71.09,0.505000,1.00,-1853.869,192.012,0.317632,0.449680
1720,5TJ1,31.58,0.449900,1.00,-735.109,90.920,0.941476,0.168320
1721,5TX8,91.07,0.728200,1.00,-2250.992,84.710,0.204581,0.771410
1722,5UG3,85.53,0.653600,1.00,-975.364,106.674,0.163240,0.311410
1723,5UG5,80.26,0.653400,1.00,-1088.001,124.250,0.356856,0.432260
1724,5UI6,34.72,0.551400,1.00,-480.853,92.435,1.255329,0.202370
1725,5UI7,48.68,0.479200,1.00,-735.713,72.673,0.717746,0.200020
1726,5UJG,75.00,0.610400,1.00,-1428.992,136.136,0.252243,0.347260
1727,5UJH,58.70,0.492600,1.00,-1235.795,108.563,0.404749,0.176960
1728,5UJQ,63.79,0.665700,1.00,-1977.379,39.922,0.562867,0.451660
1729,5UJR,65.15,0.599400,1.00,-2017.327,57.908,0.537545,0.401230
1730,5UKZ,49.43,0.407000,1.00,-2981.075,259.070,0.571354,0.406180
1731,5UOI,87.79,0.647300,1.00,-3679.144,113.851,0.180463,0.779520
1732,5UP5,83.75,0.644000,1.00,-3423.631,217.587,0.170871,0.693520
1733,5UY2,48.75,0.550200,1.00,-1330.760,38.619,0.523660,0.140770
1734,5UZL,32.58,0.535700,1.00,-1415.453,176.776,1.268288,0.215390
1735,5V0Y,91.67,0.786500,1.00,-1399.119,85.769,0.099017,0.433530
1736,5V11,89.29,0.734600,1.00,-1239.573,107.520,0.105940,0.329640
1737,5V2B,53.75,0.592300,1.00,-1178.875,43.406,0.452602,0.126700
1738,5V4C,42.65,0.515100,1.00,-349.386,121.545,0.518197,0.157660
1739,5V4U,59.38,0.638300,1.00,-2653.379,89.164,0.443074,0.559240
1740,5VAV,48.21,0.534400,1.00,-473.232,74.761,0.879518,0.271670
1741,5VFW,54.00,0.412900,1.00,-1979.744,56.447,0.513736,0.297690
1742,5VL6,39.71,0.438700,1.00,-340.687,120.459,0.603552,0.151410
1743,5VR5,52.50,0.520700,1.00,-1328.719,78.966,0.400691,0.175990
1744,5W54,51.00,0.500300,1.00,-1032.452,148.263,0.627875,0.270860
1745,5W9F,96.95,0.780500,1.00,-3294.365,180.963,0.084187,0.875580
1746,5WCV,93.10,0.765600,1.00,-1882.526,109.645,0.080229,0.729470
1747,5WE3,81.62,0.656200,1.00,-2514.311,185.092,0.188152,0.601800
1748,5WOD,84.21,0.720100,1.00,-2953.358,67.000,0.138628,0.649090
1749,5WOV,77.94,0.688900,1.00,-2000.844,244.077,0.353136,0.609760
1750,5WOW,71.79,0.615000,1.00,-2366.745,226.361,0.594080,0.587760
1751,5WRX,51.92,0.509700,1.00,-413.770,70.907,0.637137,0.225520
1752,5WUZ,65.70,0.570100,1.00,-3104.839,198.269,0.324548,0.474520
1753,5WXE,75.89,0.591600,1.00,-2075.712,137.508,0.235327,0.429810
1754,5WYE,40.62,0.511300,1.00,-502.304,88.844,0.847784,0.219260
1755,5X34,94.44,0.814600,1.00,-2398.875,230.248,0.087423,0.795650
1756,5X35,99.31,0.842400,1.00,-2398.875,230.248,0.060929,0.885860
1757,5X36,98.61,0.853000,1.00,-2398.875,230.248,0.066151,0.867540
1758,5X37,97.92,0.841100,1.00,-2398.875,230.248,0.067067,0.869280
1759,5X38,100.00,0.861700,1.00,-2398.875,230.248,0.053675,0.907380
1760,5X39,96.53,0.858200,1.00,-2398.974,206.718,0.069432,0.859670
1761,5X3C,97.22,0.841700,1.00,-2233.646,199.934,0.073579,0.852970
1762,5X3L,75.00,0.676500,1.00,-1354.844,54.988,0.269423,0.263340
1763,5XA6,73.03,0.583100,1.00,-2421.361,210.283,0.310425,0.551570
1764,5XBD,68.75,0.557200,1.00,-2207.232,193.586,0.289821,0.468190
1765,5XDI,65.00,0.577100,1.00,-2716.400,234.294,0.317135,0.472150
1766,5XDJ,85.71,0.782400,1.00,-1204.186,27.294,0.126007,0.513730
1767,5XEK,82.14,0.646000,1.00,-3302.505,217.612,0.255165,0.704100
1768,5XIV,51.25,0.509100,1.00,-922.645,87.983,0.739340,0.157280
1769,5XM4,39.71,0.534500,1.00,-548.303,96.044,1.039528,0.134890
1770,5XNG,89.71,0.739300,1.00,-1478.859,33.707,0.114201,0.473980
1771,5XO3,69.05,0.655200,1.00,-872.215,125.263,0.366925,0.264740
1772,5XO4,71.43,0.631800,1.00,-916.903,100.559,0.301449,0.269260
1773,5XO5,73.81,0.603200,1.00,-741.669,158.043,0.250816,0.208300
1774,5XRX,57.35,0.525800,1.00,-1478.859,33.707,0.564711,0.260690
1775,5Y0H,84.52,0.658100,1.00,-1054.505,129.091,0.214867,0.356150
1776,5Y0I,84.52,0.780400,1.00,-1162.593,110.199,0.146536,0.343880
1777,5Y0J,91.67,0.734400,1.00,-1197.363,94.370,0.100542,0.361750
1778,5Y22,79.55,0.754500,1.00,-1397.416,68.147,0.382936,0.418400
1779,5Y3U,84.09,0.746800,1.00,-1397.416,68.147,0.272954,0.366240
1780,5YKK,62.50,0.505300,1.00,-1242.432,36.328,0.452699,0.295570
1781,5YKL,63.16,0.556200,1.00,-1170.198,32.254,0.457988,0.283600
1782,5YKQ,57.89,0.536900,1.00,-1259.114,56.054,0.458534,0.279810
1783,5YZ6,87.24,0.715900,1.00,-4374.909,167.333,0.143009,0.775010
1784,5YZK,87.76,0.733200,1.00,-4389.153,187.055,0.138138,0.790230
1785,5Z1Y,50.00,0.545300,1.00,-958.129,50.064,0.653142,0.281240
1786,5Z26,58.33,0.523000,1.00,-938.293,33.125,0.580992,0.252660
1787,5Z2O,91.67,0.737600,1.00,-1147.063,31.987,0.186085,0.510530
1788,5Z31,44.44,0.498400,1.00,-600.250,124.390,0.607124,0.178640
1789,5Z32,40.28,0.474100,1.00,-528.185,125.327,0.836136,0.172440
1790,5Z5W,77.08,0.598600,1.00,-877.553,33.512,0.271270,0.355770
1791,5Z5X,69.44,0.572200,1.00,-1435.026,29.866,0.423826,0.342310
1792,5ZCN,30.95,0.412100,1.00,-1044.690,72.274,0.849458,0.120000
1793,5ZNF,92.50,0.761600,1.00,-2000.694,153.903,0.244422,0.791600
1794,5ZV6,78.33,0.703100,1.00,-1844.412,110.956,0.198570,0.479410
1795,5ZYX,61.25,0.575200,1.00,-1438.264,40.699,0.552566,0.317750
1796,6A5J,80.77,0.669000,1.00,-586.538,22.145,0.255460,0.373760
1797,6A8Y,30.77,0.453600,1.00,-884.182,249.143,0.916614,0.173580
1798,6AAB,66.67,0.644800,1.00,-916.903,100.559,0.555339,0.250620
1799,6AFQ,82.14,0.703800,1.00,-872.215,125.263,0.282287,0.360950
1800,6AHZ,55.00,0.660800,1.00,-2103.078,120.158,0.596284,0.358800
1801,6AK0,44.05,0.459700,1.00,-1225.055,154.948,0.655879,0.141000
1802,6AX2,70.65,0.572400,1.00,-3085.415,306.927,0.282799,0.565130
1803,6B3U,70.00,0.742100,1.00,-3407.359,100.216,0.525335,0.523810
1804,6B5W,28.95,0.432300,1.00,-735.109,90.920,0.998175,0.114270
1805,6B9K,55.00,0.546200,1.00,-312.301,53.497,0.332630,0.217830
1806,6B9W,78.68,0.637600,1.00,-2780.162,177.720,0.326521,0.602360
1807,6BAM,82.35,0.622300,1.00,-2566.693,116.330,0.261423,0.676780
1808,6BB6,82.35,0.664300,1.00,-2783.544,141.243,0.270942,0.654470
1809,6BEQ,65.00,0.502800,1.00,-275.804,54.358,0.359878,0.245320
1810,6BET,41.67,0.560500,1.00,-346.359,52.156,0.772635,0.194520
1811,6BEU,53.57,0.491800,1.00,-668.871,62.117,0.473172,0.195510
1812,6BI5,82.26,0.669300,1.00,-2594.971,90.755,0.336900,0.636660
1813,6BJF,96.15,0.701100,1.00,-997.394,25.485,0.071605,0.477680
1814,6BUC,92.36,0.791500,1.00,-2404.283,140.974,0.115354,0.798910
1815,6BVU,39.29,0.442200,1.00,-582.130,78.435,0.609582,0.182480
1816,6BVW,35.71,0.415900,1.00,-582.130,78.435,0.683104,0.164090
1817,6BVX,50.00,0.539900,1.00,-582.914,86.856,0.684303,0.183940
1818,6BX9,55.00,0.469400,1.00,-836.110,72.941,0.447462,0.207070
1819,6CEG,92.50,0.713000,1.00,-1702.218,199.259,0.129207,0.742540
1820,6CEI,92.19,0.807900,1.00,-1944.109,188.219,0.128532,0.756710
1821,6CEJ,53.57,0.541200,1.00,-528.152,59.788,0.405335,0.251680
1822,6CFA,78.95,0.711300,1.00,-1141.737,36.012,0.218314,0.314780
1823,6CFB,62.10,0.561900,1.00,-1754.658,134.957,0.381811,0.437190
1825,6CGX,71.59,0.679200,1.00,-1158.976,91.414,0.683131,0.426970
1829,6CJ8,80.88,0.601200,1.00,-1234.364,50.131,0.187912,0.293240
1830,6CKD,88.89,0.715700,1.00,-2580.133,125.173,0.110622,0.728210
1831,6CKF,88.89,0.728600,1.00,-2580.133,125.173,0.149500,0.705570
1832,6CMH,60.71,0.542600,1.00,-1161.176,79.826,0.513009,0.276220
1833,6COO,76.47,0.605700,1.00,-1052.513,61.927,0.260347,0.315370
1834,6COP,79.41,0.642000,1.00,-1284.522,47.041,0.181968,0.349120
1835,6COQ,88.24,0.650500,1.00,-1228.173,33.277,0.160403,0.345000
1836,6COR,85.29,0.688400,1.00,-1154.758,37.743,0.205608,0.489610
1837,6COS,70.59,0.574600,1.00,-1234.364,50.131,0.351765,0.304000
1838,6COT,69.12,0.621700,1.00,-1276.543,28.607,0.324647,0.297160
1839,6COU,83.82,0.684200,1.00,-1325.577,31.571,0.282878,0.478420
1840,6COV,72.06,0.575100,1.00,-1276.543,28.607,0.410700,0.363890
1841,6COW,88.24,0.656200,1.00,-1234.364,50.131,0.183546,0.430100
1842,6CSK,90.79,0.749100,1.00,-1119.880,31.740,0.092571,0.417120
1843,6CSZ,88.16,0.741800,1.00,-984.815,33.695,0.221836,0.514170
1844,6CT1,73.68,0.626300,1.00,-1255.721,60.054,0.302160,0.359620
1845,6CT4,81.58,0.622300,1.00,-1276.609,32.466,0.280423,0.510370
1846,6D3T,96.67,0.754600,1.00,-2069.351,122.765,0.084079,0.791860
1847,6D8H,93.75,0.768800,1.00,-2202.050,119.608,0.130373,0.796980
1848,6D8Q,96.77,0.782100,1.00,-1996.850,127.202,0.093706,0.851740
1849,6D8R,91.13,0.729700,1.00,-2180.615,133.281,0.136686,0.707630
1850,6D8S,95.16,0.736200,1.00,-2108.260,132.216,0.094091,0.750230
1851,6D8T,94.35,0.741400,1.00,-2171.465,130.236,0.102704,0.765840
1852,6D8U,95.97,0.748700,1.00,-2081.513,134.541,0.105550,0.790680
1853,6D8Y,89.52,0.727900,1.00,-2012.486,131.460,0.146670,0.717520
1854,6D93,95.97,0.752000,1.00,-2063.492,122.436,0.122672,0.774900
1855,6D9O,93.55,0.714800,1.00,-2209.690,132.265,0.137833,0.747110
1856,6D9P,94.35,0.767400,1.00,-2230.727,127.211,0.097800,0.745720
1857,6DHR,87.07,0.758400,1.00,-1929.718,161.117,0.230197,0.721140
1858,6DMZ,90.96,0.730500,1.00,-3361.216,197.666,0.116735,0.825610
1859,6DST,75.96,0.704600,1.00,-1868.827,52.321,0.304569,0.428340
1860,6DZ9,48.21,0.541900,1.00,-391.326,64.171,1.089939,0.288730
1861,6DZA,42.19,0.567400,1.00,-532.348,91.507,0.974811,0.156130
1862,6DZB,48.44,0.521400,1.00,-447.021,92.719,0.646837,0.231280
1863,6DZC,45.31,0.576400,1.00,-455.046,89.465,0.800386,0.126490
1864,6DZE,43.75,0.534500,1.00,-459.512,96.179,0.996203,0.247660
1865,6E1L,71.88,0.593100,1.00,-1371.925,128.699,0.293411,0.379520
1867,6EFE,74.07,0.653700,1.00,-2114.566,105.055,0.229682,0.377380
1868,6ENA,87.10,0.753700,1.00,-1952.339,122.359,0.231272,0.722190
1869,6F46,47.14,0.558400,1.00,-2540.719,62.331,0.870413,0.385970
1870,6F61,94.35,0.784000,1.00,-1979.942,138.450,0.114924,0.765450
1871,6FGM,95.83,0.729300,1.00,-695.538,28.431,0.086875,0.437730
1872,6FS4,70.97,0.612300,1.00,-2276.470,102.226,0.384471,0.511630
1873,6FS5,51.28,0.650800,1.00,-2848.752,124.569,0.677921,0.441800
1874,6G4I,76.04,0.705900,1.00,-1583.096,72.629,0.225870,0.372580
1875,6G4K,73.96,0.700100,1.00,-1583.096,72.629,0.287528,0.382930
1876,6G4U,60.42,0.711000,1.00,-1583.096,72.629,0.570806,0.413400
1877,6G4V,57.29,0.643100,1.00,-1587.824,68.403,0.528997,0.379300
1878,6G4X,52.08,0.631100,1.00,-1587.824,68.403,0.593975,0.336770
1880,6GIF,70.83,0.690900,1.00,-2044.862,93.870,0.410556,0.555120
1881,6GIG,65.00,0.666700,1.00,-2020.551,121.525,0.506196,0.495700
1882,6GIJ,76.67,0.642100,1.00,-714.440,35.605,0.305417,0.353340
1883,6GIK,61.54,0.550000,1.00,-727.976,25.972,0.341026,0.340300
1884,6GIL,48.08,0.519600,1.00,-709.462,19.369,0.465654,0.180960
1885,6GNZ,73.15,0.688900,1.00,-1824.519,35.354,0.388882,0.484640
1886,6GO0,77.88,0.688100,1.00,-1471.589,39.691,0.333358,0.506780
1887,6GS5,82.69,0.636300,1.00,-1088.137,21.965,0.220612,0.423630
1888,6GS9,81.25,0.729800,1.00,-895.069,22.459,0.162615,0.362880
1889,6HH0,66.00,0.642700,1.00,-1544.097,52.263,0.366705,0.313770
1890,6HN9,57.58,0.539700,1.00,-2055.282,109.541,0.590487,0.445910
1891,6HT4,77.50,0.701600,1.00,-935.546,97.116,0.281052,0.288200
1892,6HZ2,71.30,0.714200,1.00,-1709.942,32.434,0.232590,0.444620
1893,6IHA,80.83,0.819000,1.00,-1777.981,54.734,0.247127,0.531480
1894,6ITH,58.54,0.698000,1.00,-3070.982,173.588,0.496766,0.662780
1895,6J12,40.18,0.425400,1.00,-2208.508,70.429,0.728671,0.335660
1896,6J9P,93.75,0.678300,1.00,-826.391,24.531,0.108713,0.527740
1897,6JI7,72.92,0.607800,1.00,-2775.614,243.984,0.261049,0.527570
1898,6JIC,56.25,0.439300,1.00,-2110.470,215.273,0.662182,0.485340
1899,6K4V,53.75,0.641600,1.00,-1531.745,331.266,0.573536,0.406430
1900,6K4W,40.56,0.365900,1.00,-2934.855,236.599,0.978433,0.291690
1901,6K50,78.75,0.644500,1.00,-3073.001,147.062,0.285859,0.670740
1902,6K51,81.25,0.664900,1.00,-2929.287,166.735,0.266941,0.704780
1903,6KLM,78.68,0.608900,1.00,-2383.679,190.396,0.275552,0.559060
1904,6KRA,68.94,0.573000,1.00,-2205.868,150.108,0.316689,0.487650
1905,6L8R,42.42,0.453300,1.00,-1042.687,250.879,0.606159,0.211340
1906,6LF5,97.06,0.772600,1.00,-2584.908,136.640,0.087954,0.831720
1907,6M0Y,85.42,0.592600,1.00,-681.493,28.363,0.238163,0.472320
1908,6M19,38.33,0.458400,1.00,-724.651,46.833,0.697334,0.137320
1909,6M56,35.00,0.241400,1.00,-2053.236,160.596,1.357322,0.224350
1910,6M5C,75.64,0.654900,1.00,-2564.490,162.560,0.243506,0.588440
1911,6MBM,92.19,0.703000,1.00,-1183.313,22.968,0.126720,0.495550
1912,6MF8,47.28,0.548700,1.00,-3403.362,89.681,1.408497,0.402530
1913,6MJV,75.00,0.602900,1.00,-1604.402,158.964,0.243138,0.536230
1914,6MK4,94.17,0.727000,1.00,-1993.728,198.728,0.093544,0.757700
1915,6MK5,81.62,0.653800,1.00,-2438.081,235.094,0.248073,0.639460
1916,6MM4,86.36,0.712300,1.00,-2036.401,154.590,0.172709,0.657190
1917,6MW6,42.11,0.444800,1.00,-767.872,73.478,0.897049,0.217910
1918,6MZT,89.19,0.688900,1.00,-2534.441,200.228,0.161993,0.744090
1919,6NK9,82.81,0.662700,1.00,-1878.577,122.945,0.338232,0.651510
1920,6NOM,54.79,0.509600,1.00,-3272.104,294.279,0.558483,0.464810
1921,6NOX,55.36,0.431200,1.00,-634.671,64.039,0.359751,0.276090
1922,6NUG,80.21,0.660800,1.00,-1536.005,85.627,0.160847,0.391620
1923,6NW8,64.81,0.472700,1.00,-1371.286,237.186,0.484953,0.418360
1924,6O3Q,79.59,0.683000,1.00,-3870.548,160.827,0.297115,0.693580
1925,6O3S,80.32,0.667900,1.00,-3780.600,120.120,0.249104,0.717680
1931,6OBK,69.19,0.567200,1.00,-4595.675,128.929,0.281270,0.590810
1932,6OBW,60.29,0.501200,1.00,-1198.301,38.646,0.483089,0.262350
1933,6OC2,55.88,0.462700,1.00,-1230.273,26.604,0.408503,0.192050
1934,6OC4,64.71,0.537500,1.00,-1267.379,33.187,0.418967,0.331610
1935,6OFA,90.15,0.759600,1.00,-2834.715,114.612,0.152450,0.721260
1936,6OLD,64.71,0.534100,1.00,-1267.379,33.187,0.448110,0.278130
1937,6OQP,67.31,0.570800,1.00,-625.949,57.825,0.246238,0.272830
1938,6OTA,62.50,0.552100,1.00,-762.205,55.888,0.312838,0.187260
1939,6OTB,56.58,0.443500,1.00,-986.394,110.624,0.486743,0.250350
1940,6OVJ,50.00,0.482000,1.00,-583.653,42.675,0.445752,0.353020
1941,6PIN,93.06,0.793800,1.00,-943.588,91.634,0.100510,0.415880
1942,6PIO,97.22,0.781000,1.00,-1013.826,95.706,0.078849,0.542490
1943,6PIP,95.83,0.773000,1.00,-909.101,104.903,0.084264,0.530110
1945,6POR,36.61,0.484500,1.00,-1470.442,166.172,1.101608,0.177770
1946,6PPC,79.55,0.725800,1.00,-1696.499,228.651,0.251447,0.568940
1947,6PX7,76.47,0.676300,1.00,-2050.480,138.822,0.373103,0.568000
1948,6PX8,84.46,0.695900,1.00,-2657.051,164.516,0.276522,0.728090
1949,6Q1X,31.06,0.393200,1.00,-1359.411,284.741,1.086462,0.203330
1950,6Q5Z,63.79,0.484700,1.00,-1596.597,219.422,0.517217,0.356560
1951,6QAX,75.00,0.644400,1.00,-262.509,51.429,0.377614,0.337990
1952,6QB0,46.15,0.644500,1.00,-238.264,57.187,0.511164,0.257450
1953,6QB1,67.31,0.652700,1.00,-222.253,61.100,0.398071,0.315880
1954,6QES,87.50,0.710100,1.00,-3149.436,274.082,0.274871,0.731000
1955,6QET,79.76,0.679400,1.00,-2553.491,174.636,0.486312,0.684070
1956,6QJB,83.12,0.676000,1.00,-2486.504,201.667,0.216170,0.680230
1957,6QKF,83.33,0.628200,1.00,-1044.483,66.256,0.228204,0.404010
1958,6R2X,70.00,0.566400,1.00,-1815.154,134.783,0.427626,0.459870
1959,6R95,59.38,0.641900,1.00,-1617.253,46.412,0.461283,0.334720
1960,6R96,54.17,0.633000,1.00,-1617.253,46.412,0.665373,0.307510
1961,6RRL,87.50,0.660300,1.00,-906.288,29.910,0.215312,0.490450
1962,6RRO,93.18,0.676700,1.00,-623.481,20.767,0.095266,0.508120
1963,6RSF,53.00,0.464100,1.00,-1477.616,66.896,0.395296,0.194360
1964,6RSG,44.00,0.475300,1.00,-1212.668,75.452,0.621964,0.233730
1965,6RSM,75.00,0.526800,1.00,-502.714,43.182,0.275499,0.433650
1966,6RY9,50.00,0.532100,1.00,-1213.043,33.845,0.471644,0.194450
1967,6RYQ,52.50,0.480000,1.00,-1033.341,13.548,0.440517,0.173770
1968,6RZ1,43.75,0.508400,1.00,-1493.472,33.756,0.589379,0.179140
1969,6RZC,53.00,0.539000,1.00,-1331.032,54.358,0.408585,0.256060
1970,6S2D,50.00,0.541400,1.00,-1293.203,19.945,0.553501,0.222050
1971,6SAA,91.07,0.737900,1.00,-1485.601,207.819,0.133276,0.610260
1972,6SAB,64.71,0.533500,1.00,-2282.441,158.717,0.516849,0.432420
1973,6SFT,30.56,0.461000,1.00,-1354.131,247.937,1.100810,0.215240
1974,6SVC,85.00,0.746800,1.00,-2198.436,223.134,0.180586,0.641570
1975,6SVE,90.00,0.724000,1.00,-2198.436,223.134,0.150087,0.756060
1976,6SVH,92.86,0.758300,1.00,-2198.436,223.134,0.129968,0.762470
1977,6SY2,85.20,0.783900,1.00,-3811.564,298.096,0.218638,0.739600
1978,6SZF,19.64,0.311600,1.00,-1621.962,281.404,1.481263,0.202000
1979,6T33,33.52,0.349700,1.00,-2724.446,252.889,0.663174,0.265660
1980,6TVJ,50.00,0.446000,1.00,-354.548,73.037,0.378166,0.218470
1981,6TWG,96.15,0.661700,1.00,-927.447,39.223,0.163474,0.633760
1982,6U24,44.64,0.647200,1.00,-433.837,56.861,0.925899,0.205110
1983,6U6G,50.00,0.372700,1.00,-2406.597,196.331,0.886988,0.319680
1984,6U7Q,51.79,0.572300,1.00,-307.282,82.052,0.874212,0.257510
1985,6U7R,92.86,0.709000,1.00,-620.211,82.424,0.132158,0.373870
1986,6U7S,51.79,0.668000,1.00,-443.959,78.766,1.003005,0.281110
1987,6U7U,50.00,0.580300,1.00,-368.440,69.453,0.963050,0.265710
1988,6U7W,58.93,0.625000,1.00,-421.528,63.247,0.962959,0.300550
1989,6U7X,50.00,0.626800,1.00,-410.041,58.270,0.883516,0.227100
1990,6UCH,61.59,0.609700,1.00,-2486.943,135.240,0.666116,0.501810
1991,6V1N,60.29,0.510300,1.00,-1312.535,41.330,0.403898,0.275990
1992,6V6T,77.86,0.676800,1.00,-2546.489,151.627,0.287622,0.590870
1993,6VE9,42.86,0.445500,1.00,-1409.632,93.108,0.624042,0.218710
1994,6VGT,37.50,0.425800,1.00,-1824.550,207.319,1.080928,0.303940
1995,6VH8,75.69,0.648000,1.00,-3216.668,162.814,0.221510,0.548090
1996,6VLA,91.18,0.697500,1.00,-1231.746,34.579,0.133176,0.378160
1997,6VLJ,38.16,0.436400,1.00,-736.382,72.628,0.639787,0.189780
1998,6VNZ,91.13,0.745400,1.00,-2128.278,146.526,0.128353,0.668840
1999,6VPN,95.74,0.782500,1.00,-3385.865,215.470,0.083980,0.886310
2000,6VXG,26.74,0.347300,1.00,-1420.487,230.152,1.093671,0.226450
2001,6VY8,42.86,0.650800,1.00,-433.837,56.861,0.904641,0.260760
2002,6WQJ,82.14,0.641800,1.00,-2950.895,105.470,0.223739,0.590390
2003,6WQL,80.10,0.640500,1.00,-3656.541,178.242,0.288031,0.704440
2004,6X7I,79.46,0.688600,1.00,-2158.656,42.848,0.474845,0.671320
2005,6XCR,65.56,0.717000,1.00,-3294.902,168.545,0.477616,0.587560
2006,6XCU,71.67,0.656800,1.00,-3116.822,142.821,0.677311,0.650180
2007,6XN9,27.38,0.446300,1.00,-2207.736,338.219,0.964289,0.194490
2008,6XTH,36.11,0.436200,1.00,-824.692,121.620,0.798655,0.074330
2009,6XTI,35.29,0.466200,1.00,-424.094,135.438,0.991749,0.170700
2010,6XYH,91.25,0.717300,1.00,-2501.340,256.064,0.143664,0.796840
2011,6XYI,85.71,0.670800,1.00,-2587.686,256.308,0.179068,0.717190
2012,6Y1Q,37.50,0.374500,1.00,-981.536,38.078,0.736673,0.198630
2013,6YHF,70.00,0.683400,1.00,-1928.415,53.836,0.258309,0.455420
2014,6YHI,65.00,0.711400,1.00,-2254.746,61.108,0.472235,0.519420
2015,6YHO,62.50,0.716700,1.00,-2157.791,61.557,0.417767,0.440200
2016,6YHP,65.00,0.733700,1.00,-2025.106,51.190,0.369960,0.468940
2017,6YHX,74.17,0.731700,1.00,-1952.235,51.637,0.209359,0.480010
2018,6YJL,45.45,0.490100,1.00,-1887.525,174.662,0.680747,0.248790
2019,6YSE,92.93,0.780000,1.00,-4482.753,100.987,0.098657,0.842610
2020,6Z0G,48.98,0.605400,1.00,-3183.265,176.669,0.910060,0.431610
2021,6Z0H,51.53,0.674200,1.00,-2984.035,171.514,0.686960,0.463480
2022,6Z0I,50.51,0.584100,1.00,-3183.265,176.669,1.069392,0.437400
2023,7ALD,90.00,0.664100,1.00,-1169.656,94.299,0.232198,0.395750
2024,7ASY,63.64,0.640300,1.00,-2663.456,75.013,0.413801,0.402070
2025,7AT7,66.67,0.713000,1.00,-2536.029,96.573,0.558721,0.554810
2026,7ATB,65.91,0.680300,1.00,-2953.459,65.976,0.522553,0.486650
2027,7AY8,82.69,0.715300,1.00,-2296.169,166.282,0.258197,0.684390
2028,7B2F,56.45,0.595400,1.00,-1875.335,92.190,0.529363,0.517350
2029,7BW5,38.24,0.493600,1.00,-559.032,69.290,0.966206,0.093560
2030,7BWI,36.31,0.380500,1.00,-2746.760,229.627,0.942466,0.437180
2031,7BX2,94.64,0.717900,1.00,-762.045,22.967,0.099198,0.505750
2032,7BZ7,40.00,0.415300,1.00,-876.139,51.027,0.651895,0.237200
2033,7BZ8,41.67,0.416400,1.00,-978.167,41.239,0.732850,0.205440
2034,7BZ9,35.00,0.527100,1.00,-641.495,64.233,0.956105,0.192620
2035,7BZA,43.33,0.424500,1.00,-848.482,61.057,0.650316,0.126170
2036,7CCN,82.35,0.756500,1.00,-627.309,180.707,0.158463,0.378200
2037,7CCO,91.18,0.752100,1.00,-627.309,180.707,0.125920,0.422390
2038,7CK5,68.75,0.648200,1.00,-1896.100,63.489,0.356279,0.532410
2039,7CKD,35.26,0.321600,1.00,-2729.682,288.379,0.822017,0.266320
2040,7CKE,59.62,0.528800,1.00,-2729.682,288.379,0.477200,0.453250
2041,7CSS,55.77,0.497600,1.00,-544.104,51.869,0.441673,0.277250
2042,7CU6,48.33,0.404600,1.00,-870.918,58.957,0.638925,0.148880
2043,7D13,67.95,0.702000,1.00,-2640.111,60.101,0.478357,0.597630
2044,7D16,44.87,0.554200,1.00,-2640.111,60.101,0.916866,0.380450
2045,7D37,63.46,0.576400,1.00,-544.104,51.869,0.368939,0.255750
2046,7DEH,79.03,0.667000,1.00,-1794.142,51.968,0.179644,0.521430
2047,7EDK,60.53,0.481700,1.00,-970.809,78.584,0.433949,0.177400
2048,7EES,32.50,0.464400,1.00,-626.539,118.988,1.301549,0.183550
2049,7ELY,48.08,0.479200,1.00,-1592.934,313.099,0.551579,0.217390
2050,7F32,70.83,0.658600,1.00,-991.783,122.104,0.269235,0.202210
2051,7JIA,77.08,0.622600,1.00,-1168.940,118.706,0.226041,0.406400
2052,7JIY,90.62,0.781800,1.00,-1586.086,118.753,0.111042,0.495790
2053,7JNN,89.67,0.699900,1.00,-3726.660,189.679,0.161760,0.812620
2054,7JPM,75.60,0.648500,1.00,-2491.554,215.015,0.365836,0.622000
2055,7JS6,36.67,0.494800,1.00,-474.054,96.771,0.829304,0.241180
2056,7K1M,93.75,0.744400,1.00,-617.227,54.425,0.082332,0.481880
2057,7K7X,79.31,0.664500,1.00,-1965.325,120.146,0.262288,0.502960
2058,7KNN,75.00,0.620700,1.00,-812.992,62.996,0.229125,0.283990
2059,7KPD,77.59,0.634600,1.00,-2271.333,191.594,0.419739,0.497400
2060,7L53,39.29,0.374100,1.00,-1863.610,176.382,0.595572,0.203460
2061,7L54,34.82,0.370700,1.00,-1863.610,176.382,0.618294,0.216190
2062,7L55,34.82,0.309300,1.00,-1863.610,176.382,0.717927,0.201040
2063,7L7A,50.00,0.459000,1.00,-691.198,66.290,0.477805,0.231690
2064,7L83,51.35,0.678000,1.00,-2902.376,57.953,1.343461,0.456250
2065,7LCW,36.67,0.514700,1.00,-482.720,104.484,0.925704,0.182640
2066,7LGL,48.94,0.393500,1.00,-3151.929,321.280,0.949722,0.403530
2067,7LGV,54.69,0.521900,1.00,-3300.815,265.663,0.786772,0.458300
2068,7LHC,85.34,0.737400,1.00,-1851.418,185.741,0.230582,0.668880
2069,7LI2,48.86,0.517400,1.00,-880.707,161.051,0.829297,0.168820
2070,7LIF,51.14,0.488900,1.00,-880.707,161.051,0.776466,0.206290
2071,7LP4,67.55,0.525500,1.00,-3401.253,248.328,0.526512,0.568330
2072,7LQR,78.57,0.681600,1.00,-1254.354,102.599,0.273102,0.376930
2073,7LQS,73.33,0.548000,1.00,-886.994,73.967,0.329274,0.337580
2074,7LRW,63.10,0.544500,1.00,-1591.209,72.790,0.473516,0.297740
2075,7LSO,91.67,0.754400,1.00,-1214.601,17.114,0.090490,0.598730
2076,7LSP,87.50,0.693100,1.00,-1214.601,17.114,0.118237,0.514990
2077,7LT7,28.57,0.272000,1.00,-1832.507,224.020,1.556893,0.164190
2078,7LVE,69.15,0.614400,1.00,-3790.000,167.503,0.322051,0.526790
2079,7LVG,52.78,0.530400,1.00,-3342.739,134.993,0.663359,0.435860
2080,7LX4,73.17,0.599700,1.00,-2784.112,313.874,0.351309,0.564680
2081,7LZL,89.86,0.721200,1.00,-2302.697,154.021,0.154561,0.751150
2082,7M1D,49.48,0.440500,1.00,-3008.345,241.873,0.750538,0.392250
2083,7M1E,73.21,0.724000,1.00,-1868.154,47.777,0.317591,0.486000
2084,7M3U,34.26,0.342400,1.00,-1579.597,162.002,0.967601,0.220860
2085,7MJ3,28.41,0.361100,1.00,-3068.091,271.619,0.797644,0.303000
2086,7MY8,36.31,0.534400,1.00,-2793.571,131.476,1.161282,0.299080
2087,7N0T,81.25,0.682100,1.00,-807.440,61.890,0.191323,0.326180
2088,7N21,73.53,0.571900,1.00,-730.801,56.192,0.242187,0.289100
2089,7N23,82.35,0.677000,1.00,-730.801,56.192,0.202358,0.308430
2090,7N25,84.38,0.653800,1.00,-807.440,61.890,0.191307,0.339740
2091,7NIP,67.68,0.656200,1.00,-3782.634,127.382,0.330648,0.529640
2092,7NS1,86.29,0.778900,1.00,-2752.623,61.704,0.188215,0.657130
2093,7OB2,57.50,0.499200,1.00,-266.705,79.782,0.275478,0.349330
2094,7OD2,85.29,0.665000,1.00,-2482.022,180.140,0.144667,0.650390
2095,7OFM,73.33,0.703000,1.00,-1894.069,71.791,0.332809,0.560350
2096,7OFO,76.67,0.700400,1.00,-1894.069,71.791,0.247471,0.566980
2097,7OSC,78.12,0.726200,1.00,-1620.566,111.455,0.258926,0.359830
2099,7P3M,94.23,0.722100,1.00,-633.032,27.317,0.087905,0.501460
2100,7P4X,82.26,0.698500,1.00,-1859.414,100.235,0.197934,0.563440
2101,7P55,69.32,0.657100,1.00,-1721.935,50.516,0.257175,0.304430
2102,7P5G,33.00,0.535300,1.00,-828.225,157.162,0.736291,0.236700
2103,7P5Q,32.00,0.497400,1.00,-992.395,172.863,1.127690,0.195880
2104,7P5S,36.00,0.471800,1.00,-1039.606,232.492,0.700142,0.142170
2105,7PH8,89.52,0.791200,1.00,-2554.299,73.410,0.121135,0.661250
2106,7PHT,83.33,0.795200,1.00,-2553.534,85.506,0.186464,0.617170
2107,7PL4,68.55,0.709300,1.00,-2125.183,51.376,0.411929,0.526650
2108,7PVB,91.30,0.762300,1.00,-3303.260,189.876,0.157647,0.841560
2109,7PVM,58.06,0.585700,1.00,-1198.973,199.175,0.691060,0.407360
2110,7QAL,45.00,0.727500,1.00,-1920.656,86.462,1.053764,0.348170
2111,7QAM,47.86,0.553800,1.00,-1988.039,131.844,0.733432,0.349210
2112,7QAO,57.14,0.697600,1.00,-1617.296,145.921,0.481528,0.402710
2113,7QAP,50.71,0.676600,1.00,-2028.689,101.041,0.734088,0.377260
2114,7QLF,58.82,0.459300,1.00,-690.597,71.938,0.428868,0.177640
2115,7QXJ,82.14,0.624900,1.00,-1868.617,79.321,0.206083,0.541370
2116,7RC7,72.66,0.560700,1.00,-2122.337,178.623,0.236167,0.580760
2117,7RC8,78.91,0.554900,1.00,-2122.337,178.623,0.238328,0.631100
2118,7RFA,75.86,0.651200,1.00,-1770.136,234.755,0.355762,0.478510
2119,7RN3,92.50,0.798500,1.00,-2061.104,168.204,0.097496,0.716950
2120,7S55,95.16,0.802300,1.00,-2234.331,169.282,0.087941,0.763480
2121,7S7P,91.67,0.796600,1.00,-2911.481,158.384,0.140284,0.807570
2122,7SAG,78.23,0.621400,1.00,-1658.195,192.156,0.321085,0.559290
2123,7SKC,83.82,0.643300,1.00,-2481.272,181.978,0.170875,0.641460
2124,7T6G,52.50,0.512400,1.00,-970.156,59.035,0.531379,0.329560
2125,7T7W,86.36,0.615700,1.00,-630.397,36.112,0.160463,0.407130
2126,7TB9,36.25,0.478000,1.00,-429.787,168.811,0.854429,0.120770
2127,7TH8,59.09,0.473200,1.00,-1973.230,179.116,0.633994,0.355390
2128,7UNX,69.44,0.589000,1.00,-2563.286,206.547,0.640645,0.549840
2129,7UV3,60.94,0.524600,1.00,-3648.134,147.970,0.657864,0.529780
2130,7V5E,47.22,0.449800,1.00,-1140.511,87.308,0.517063,0.177610
2131,7V5F,59.68,0.541700,1.00,-2632.085,197.267,0.510407,0.292190
2132,7VOZ,75.00,0.691500,1.00,-1791.790,36.996,0.296217,0.446260
2133,7VQH,38.89,0.503800,1.00,-528.185,125.327,0.738527,0.202350
2134,7VQI,38.89,0.506100,1.00,-528.185,125.327,0.732696,0.145860
2135,7W8K,40.00,0.421100,1.00,-1219.870,125.610,0.742677,0.183060
2136,7W8O,43.27,0.478400,1.00,-1775.743,123.374,0.691104,0.166900
2137,7W8R,50.96,0.469400,1.00,-1775.743,123.374,0.514070,0.238140
2138,7W8T,45.19,0.493700,1.00,-1028.008,167.880,0.658624,0.248430
2139,7W8Z,58.55,0.535900,1.00,-2447.574,190.709,0.639644,0.393060
2140,7W96,82.41,0.793700,1.00,-1131.291,116.382,0.171853,0.450960
2141,7WE3,31.45,0.429500,1.00,-1657.792,164.565,0.736555,0.269920
2142,7WEI,40.32,0.461800,1.00,-1657.792,164.565,0.670223,0.259570
2143,7Y7L,69.44,0.599900,1.00,-2867.168,241.843,0.304124,0.566200
2144,7YAB,67.05,0.522800,1.00,-2836.277,263.273,0.337528,0.515240
2145,7YFS,56.25,0.552800,1.00,-870.794,25.339,0.580914,0.261170
2146,7YHF,95.14,0.852400,1.00,-2457.028,218.066,0.095415,0.818700
2147,7YHG,96.53,0.859500,1.00,-2457.028,218.066,0.084344,0.834600
2148,7YHH,95.83,0.856200,1.00,-2457.028,218.066,0.080511,0.843550
2149,7YHI,95.83,0.831900,1.00,-2398.875,230.248,0.079991,0.814190
2150,7YRV,46.43,0.486500,1.00,-2382.533,81.062,0.722527,0.241930
2151,7YRW,37.90,0.440800,1.00,-1543.963,292.763,0.690872,0.203910
2152,7YRX,45.97,0.538400,1.00,-1413.696,194.669,0.917100,0.263870
2153,7YSS,71.43,0.575700,1.00,-1019.625,27.689,0.427163,0.469960
2154,7YYI,85.34,0.712800,1.00,-2349.935,68.808,0.131281,0.514860
2155,7Z07,75.00,0.673100,1.00,-2101.548,72.716,0.212838,0.638020
2156,7Z08,82.76,0.725500,1.00,-2489.953,58.906,0.177970,0.537370
2157,7Z0B,77.59,0.744500,1.00,-2681.990,62.637,0.210260,0.661750
2159,7ZNF,87.50,0.736800,1.00,-1892.693,124.760,0.189608,0.594590
2160,7ZRF,44.44,0.436400,1.00,-985.626,58.014,0.888548,0.143620
2161,7ZRO,23.75,0.424900,1.00,-2014.433,151.354,1.337327,0.207690
2162,7ZRU,85.71,0.696200,1.00,-1854.499,74.767,0.229329,0.654510
2163,7ZWJ,36.76,0.529600,1.00,-410.229,96.859,1.101499,0.210700
2164,7ZZV,22.92,0.440100,1.00,-2008.371,170.891,1.150212,0.264640
2165,8A6I,32.14,0.397300,1.00,-2046.021,122.170,1.492133,0.245800
2166,8AHK,78.66,0.694900,1.00,-3184.854,217.562,0.211934,0.653720
2167,8B1L,82.29,0.666700,1.00,-1539.326,31.517,0.236390,0.458670
2168,8B1X,62.00,0.634600,1.00,-1332.984,56.941,0.737077,0.465780
2169,8B4R,78.75,0.624300,1.00,-1169.656,94.299,0.269905,0.317450
2170,8B6X,75.00,0.614900,1.00,-1857.182,58.374,0.259371,0.397390
2171,8B6Y,81.00,0.691400,1.00,-1857.182,58.374,0.160194,0.425710
2172,8B9Q,26.25,0.377900,1.00,-1518.354,258.046,1.350531,0.225720
2173,8B9R,32.50,0.428800,1.00,-1518.354,258.046,1.140331,0.226080
2174,8BOO,26.09,0.499500,1.00,-717.896,158.891,1.471210,0.176550
2175,8BVC,79.76,0.663100,1.00,-2863.626,230.274,0.210333,0.641670
2176,8BVZ,40.79,0.556600,1.00,-583.715,106.033,1.046234,0.180880
2177,8BWW,65.28,0.559800,1.00,-1409.842,31.414,0.404868,0.303760
2178,8CIQ,82.86,0.695700,1.00,-2414.400,197.229,0.257697,0.660680
2183,8CJT,84.29,0.702300,1.00,-2257.546,197.035,0.200082,0.634010
2184,8CM3,82.61,0.657300,1.00,-1420.011,91.903,0.256114,0.416130
2185,8DFZ,68.02,0.527300,1.00,-3496.253,216.415,0.433858,0.544570
2186,8DYM,34.48,0.498400,1.00,-883.062,299.451,1.461259,0.186280
2187,8DYN,39.58,0.523900,1.00,-886.230,146.567,1.089810,0.148340
2188,8EB1,64.58,0.525000,1.00,-1743.213,46.423,0.635939,0.379550
2189,8EF4,43.75,0.574500,1.00,-440.093,130.239,0.803814,0.224580
2190,8F04,35.53,0.513100,1.00,-634.819,98.975,0.830361,0.120070
2191,8FD4,80.15,0.630100,1.00,-2169.385,203.105,0.203795,0.609330
2192,8FEY,82.64,0.644500,1.00,-2394.705,196.381,0.197412,0.622030
2193,8G21,63.28,0.658600,1.00,-1957.832,109.393,0.469834,0.428360
2194,8GUC,34.03,0.447300,1.00,-1777.459,260.743,0.960968,0.222610
2195,8GVN,83.93,0.597200,1.00,-1019.625,27.689,0.210948,0.395300
2196,8H0G,73.39,0.714100,1.00,-2158.647,107.434,0.256162,0.617140
2197,8H0U,75.00,0.705400,1.00,-2158.647,107.434,0.270287,0.562250
2198,8HJC,89.39,0.720700,1.00,-2647.985,166.204,0.144300,0.707680
2199,8HJD,92.42,0.718500,1.00,-2647.985,166.204,0.125737,0.739500
2200,8HR3,55.77,0.499900,1.00,-497.974,49.708,0.444802,0.275680
2201,8HR4,80.77,0.591000,1.00,-568.308,62.882,0.351249,0.294980
2202,8HVS,57.50,0.482600,1.00,-348.559,44.868,0.304998,0.415450
2203,8HZW,56.25,0.603100,1.00,-1031.290,26.811,0.618796,0.241870
2204,8IKQ,82.14,0.587000,1.00,-637.290,54.772,0.287975,0.360730
2205,8IL1,76.79,0.521000,1.00,-637.290,54.772,0.331312,0.160620
2206,8IL2,76.67,0.607300,1.00,-717.856,54.945,0.266893,0.351480
2207,8IL6,90.00,0.661200,1.00,-717.856,54.945,0.219186,0.556700
2208,8JB4,23.96,0.359500,1.00,-1507.992,140.043,0.953034,0.164130
2209,8K3M,39.71,0.515700,1.00,-536.315,78.769,0.907712,0.217060
2210,8K3N,38.24,0.527200,1.00,-536.315,78.769,1.079560,0.208980
2211,8OR5,63.33,0.655700,1.00,-2043.105,49.662,0.342325,0.380460
2212,8ORY,84.17,0.729600,1.00,-2279.846,44.399,0.160207,0.634800
2213,8ORZ,65.83,0.644900,1.00,-1540.375,58.147,0.369900,0.489960
2214,8OS0,71.67,0.750200,1.00,-1838.383,65.879,0.230803,0.503220
2216,8PWT,36.03,0.500400,1.00,-2626.548,73.213,1.221254,0.272270
2221,8QNT,30.10,0.626500,1.00,-3639.759,163.789,1.762810,0.238350
2222,8QTQ,70.59,0.634200,1.00,-2360.746,174.728,0.330031,0.484030
2223,8R89,37.50,0.385400,1.00,-840.271,125.049,0.593914,0.130010
2224,8RHS,50.00,0.464400,1.00,-3220.670,219.400,0.621098,0.426080
2225,8RPQ,68.75,0.789200,1.00,-2837.222,44.228,0.319155,0.501470
2226,8RQ6,71.77,0.680100,1.00,-2387.636,47.702,0.285728,0.503300
2227,8S9Y,26.92,0.537400,1.00,-1221.614,374.331,1.579186,0.163800
2228,8SED,79.05,0.646200,1.00,-2394.263,178.195,0.216065,0.615660
2229,8SEM,85.90,0.711000,1.00,-1989.140,283.608,0.296628,0.721640
2230,8SVB,32.50,0.477200,1.00,-1418.089,157.209,1.347852,0.203960
2231,8T01,86.54,0.733300,1.00,-735.696,18.002,0.136581,0.443880
2232,8T61,81.25,0.567500,1.00,-791.506,52.961,0.239319,0.360600
2233,8T62,57.81,0.519000,1.00,-544.484,74.597,0.430483,0.162940
2234,8T63,50.00,0.547100,1.00,-552.807,105.467,0.475599,0.186760
2235,8TFV,82.14,0.701500,1.00,-916.903,100.559,0.312188,0.352660
2236,8TV4,44.23,0.430300,1.00,-1088.137,21.965,0.552550,0.234880
2237,8TXS,87.50,0.682100,1.00,-664.056,72.521,0.122481,0.306280
2238,8TYI,86.21,0.753300,1.00,-1788.529,124.437,0.152212,0.590890
2239,8UKC,38.33,0.406300,1.00,-725.964,68.150,0.834470,0.144150
2240,8ULM,75.76,0.595500,1.00,-1973.230,179.116,0.269276,0.492580
2241,8UM1,46.43,0.556500,1.00,-3142.494,108.524,0.695816,0.462850
2242,8UM2,48.81,0.531100,1.00,-3142.494,108.524,0.708637,0.422480
2243,8UNG,81.71,0.644100,1.00,-2984.099,157.657,0.210135,0.667390
2244,8UWF,83.33,0.681400,1.00,-2385.445,231.141,0.245663,0.696120
2245,8UXR,44.57,0.398600,1.00,-1606.251,140.597,0.622966,0.139350
2246,8V2M,80.36,0.660800,1.00,-1855.590,166.072,0.366860,0.549840
2247,8V2V,34.15,0.444800,1.00,-2301.197,367.191,0.867914,0.241210
2248,8VU6,88.59,0.767600,1.00,-2914.615,290.595,0.230449,0.801830
2249,8VU7,92.22,0.777700,1.00,-3077.693,231.303,0.130010,0.827070
2250,8VU8,83.72,0.669400,1.00,-2719.305,307.201,0.178579,0.696170
2251,8VYC,51.14,0.399700,1.00,-888.741,123.372,0.522233,0.104330
2252,8W0Q,71.25,0.637200,1.00,-1157.351,84.197,0.371199,0.309760
2253,8W16,55.00,0.477000,1.00,-800.792,65.879,0.408101,0.156010
2254,8W17,58.33,0.457400,1.00,-767.317,57.333,0.417732,0.172960
2255,8W2V,27.56,0.381200,1.00,-1466.542,270.755,1.023900,0.209460
2256,8WGI,64.00,0.570100,1.00,-1354.605,162.020,0.320342,0.307060
2257,8WGJ,64.58,0.559700,1.00,-1395.302,129.158,0.321570,0.266380
2258,8WW0,36.72,0.324400,1.00,-1661.926,208.037,0.858660,0.303890
2259,8WW1,60.83,0.542600,1.00,-2413.613,113.448,0.551126,0.368340
2260,8X3N,67.19,0.530000,1.00,-768.159,80.845,0.348759,0.252660
2261,8X40,78.12,0.580400,1.00,-768.159,80.845,0.234202,0.277330
2262,8XTH,73.33,0.593900,1.00,-665.444,70.565,0.255396,0.276370
2263,8XTN,34.09,0.372800,1.00,-1096.271,275.462,1.023338,0.233450
2264,8XTO,38.10,0.430200,1.00,-719.906,106.758,0.691089,0.184900
2265,8Y3S,50.00,0.608800,1.00,-333.920,33.277,0.465928,0.358320
2266,8YD6,28.33,0.366100,1.00,-1878.684,183.995,0.845389,0.202700
2267,8ZG2,54.55,0.517600,1.00,-195.570,36.873,0.600920,0.285690
2268,8ZG3,47.73,0.557900,1.00,-174.233,45.604,0.668690,0.131680
2269,8ZG4,47.73,0.513300,1.00,-274.064,47.638,0.614176,0.365800
2270,8ZP3,30.30,0.336200,1.00,-1196.816,200.466,1.147643,0.187410
2271,8ZUG,45.65,0.541000,1.00,-423.834,179.012,0.579334,0.166520
2272,9AZI,93.52,0.780200,1.00,-1674.837,137.220,0.146300,0.723760
2273,9BET,47.62,0.618700,1.00,-2364.903,202.443,0.732699,0.499080
2274,9BF4,62.90,0.503400,1.00,-2534.916,161.823,0.449923,0.361580
2275,9BHN,43.18,0.428100,1.00,-407.238,62.512,0.472229,0.311680
2276,9BV0,85.19,0.683900,1.00,-2200.701,157.621,0.128681,0.481920
2277,9BV4,75.00,0.623900,1.00,-3216.668,162.814,0.192089,0.524660
2278,9BVS,46.15,0.458800,1.00,-1004.733,19.997,0.525673,0.224810
2279,9BVU,46.67,0.440800,1.00,-1241.193,34.642,0.697064,0.217980
2280,9BVV,44.23,0.433900,1.00,-987.298,30.370,0.488641,0.175970
2281,9CRB,73.21,0.549700,1.00,-1541.997,142.170,0.331425,0.470810
2282,9F1E,66.07,0.568500,1.00,-1938.409,77.315,0.580212,0.381490
2283,9F1F,63.46,0.654800,1.00,-2237.803,115.881,0.473804,0.464640
2284,9F1G,74.49,0.702300,1.00,-3171.257,108.503,0.431399,0.663640
2285,9FJN,84.72,0.742800,1.00,-1274.216,35.825,0.140600,0.480250
2286,9FJW,52.14,0.598300,1.00,-1978.967,165.314,0.801336,0.414590
2287,9G0M,73.00,0.649800,1.00,-1528.401,126.631,0.277380,0.399390
2288,9G0N,70.00,0.620400,1.00,-1528.401,126.631,0.313139,0.422640
2289,9G20,74.00,0.658300,1.00,-1528.401,126.631,0.302944,0.468690
2290,9G21,62.00,0.544500,1.00,-1528.401,126.631,0.304926,0.315490
2291,9G22,87.00,0.723600,1.00,-1443.669,130.161,0.169192,0.498420
2292,9G2N,86.00,0.725700,1.00,-1443.669,130.161,0.183035,0.499250
2293,9G2O,87.00,0.752500,1.00,-1443.669,130.161,0.161688,0.545110
2294,9G31,78.00,0.661400,1.00,-1443.669,130.161,0.204931,0.362280
2295,9G32,83.00,0.682600,1.00,-1443.669,130.161,0.199565,0.476650
2296,9G5P,71.00,0.614400,1.00,-1528.401,126.631,0.302336,0.381030
2297,9GDL,77.00,0.604200,1.00,-1552.602,78.508,0.272376,0.454540
2298,9GDN,81.00,0.677500,1.00,-1552.602,78.508,0.188403,0.538070
2299,9GDT,82.00,0.664800,1.00,-1552.602,78.508,0.221971,0.533840
2300,9GDU,82.00,0.665600,1.00,-1552.602,78.508,0.250578,0.550590
2301,9GE1,77.00,0.679700,1.00,-1552.602,78.508,0.243909,0.472350
2302,9GE9,79.00,0.669700,1.00,-1521.046,91.359,0.274681,0.423220
2303,9GEB,88.00,0.706300,1.00,-1521.046,91.359,0.133605,0.513120
2304,9GEC,83.00,0.703500,1.00,-1521.046,91.359,0.188274,0.472340
2305,9IKO,68.75,0.560300,1.00,-699.565,75.173,0.294856,0.244820
2306,9ILX,78.12,0.563000,1.00,-699.565,75.173,0.239855,0.342730
2307,9J5F,50.78,0.519400,1.00,-2244.408,163.938,0.532300,0.308690
2308,9J5H,76.43,0.693200,1.00,-2727.919,137.646,0.242556,0.604710
2309,9KAR,38.33,0.441300,1.00,-717.299,71.276,0.906391,0.172320
2310,9KK0,50.00,0.472100,1.00,-968.907,216.367,0.395573,0.222070
2311,9L1M,45.83,0.481700,1.00,-238.954,41.099,0.589324,0.222240
2312,9NVH,73.57,0.644000,1.00,-1613.270,176.886,0.327508,0.549500
2313,9NWZ,35.00,0.409200,1.00,-835.347,115.127,0.919850,0.121160
2314,9NY3,28.75,0.447200,1.00,-843.594,100.832,1.292503,0.110520
2315,9UV5,65.00,0.474700,1.00,-348.950,62.835,0.322306,0.212030
