serial,pdb_id,gdt_ts,lddt,lddt_coverage,pred_dope,pred_molpdf,rmsd,tm_score
1,1A11,86.00,0.756600,1.00,-1819.270,57.843,0.160051,0.574740
2,1A3P,67.78,0.644000,1.00,-2749.452,288.695,0.452111,0.541510
3,1ACW,74.14,0.615400,1.00,-1940.130,133.717,0.201280,0.395570
4,1ADX,53.12,0.521300,1.00,-2480.566,194.838,0.586455,0.369830
5,1AG7,53.68,0.486900,1.00,-1839.011,263.999,0.619358,0.355200
6,1AGG,46.88,0.458000,1.00,-2522.348,475.043,0.760452,0.362630
7,1AGT,98.03,0.787800,1.00,-2915.094,154.934,0.071832,0.872240
8,1AHL,55.10,0.484000,1.00,-3604.150,273.139,0.436475,0.526690
9,1ALE,72.22,0.613100,1.00,-1033.977,60.476,0.285260,0.292270
10,1ALF,89.47,0.774300,1.00,-1566.467,38.477,0.151874,0.482140
11,1ALG,65.62,0.665600,1.00,-1307.384,57.318,0.625344,0.410290
12,1AMB,22.32,0.400700,1.00,-916.531,181.227,0.948052,0.204370
13,1AMC,22.32,0.394900,1.00,-916.531,181.227,0.936640,0.224100
14,1AML,26.88,0.427300,1.00,-1540.752,268.827,1.199368,0.246850
15,1ANP,33.93,0.445400,1.00,-1193.815,174.646,1.029030,0.189890
16,1ANS,35.19,0.392500,1.00,-1624.390,208.165,0.675760,0.215580
17,1AOO,36.88,0.385100,1.00,-2421.836,400.118,0.700877,0.240390
18,1APF,54.08,0.493600,1.00,-3795.455,327.263,0.434911,0.440380
19,1APO,86.90,0.744400,1.00,-2326.468,256.408,0.190311,0.740230
20,1AQG,63.64,0.489300,1.00,-358.688,76.837,0.357544,0.283960
21,1AQQ,37.50,0.388100,1.00,-2421.836,400.118,0.712364,0.253350
22,1AQR,37.50,0.395000,1.00,-2421.836,400.118,0.714050,0.262510
23,1ARD,87.93,0.741400,1.00,-2135.992,109.142,0.333320,0.676920
24,1ARE,90.52,0.719700,1.00,-2034.349,141.436,0.203237,0.718310
25,1ARF,90.52,0.779800,1.00,-2187.516,133.733,0.296638,0.717990
26,1ATX,63.04,0.520700,1.00,-2985.584,221.264,0.342411,0.517810
27,1AV3,63.89,0.521100,1.00,-1476.727,220.881,0.314534,0.359230
28,1AW6,77.33,0.669100,1.00,-2580.055,234.666,0.579472,0.676690
29,1AXH,70.95,0.578200,1.00,-2060.285,222.756,0.312588,0.534290
30,1AZ6,76.39,0.609200,1.00,-2192.992,252.532,0.215123,0.562030
31,1AZH,50.69,0.489100,1.00,-2192.992,252.532,0.509768,0.329260
32,1AZJ,90.97,0.760900,1.00,-2267.938,199.530,0.099484,0.766930
33,1AZK,77.78,0.657500,1.00,-2249.419,218.424,0.206905,0.536260
34,1B03,62.50,0.482100,1.00,-617.384,148.804,0.364761,0.219000
35,1B1V,80.43,0.618200,1.00,-1138.034,121.757,0.457857,0.416300
36,1B4G,32.50,0.488700,1.00,-901.671,233.033,0.931918,0.234790
37,1B4I,30.00,0.461100,1.00,-901.671,233.033,0.793417,0.163270
38,1B5N,79.35,0.609600,1.00,-1138.034,121.757,0.454249,0.420620
39,1B8W,76.79,0.656000,1.00,-2661.154,221.691,0.485693,0.650540
40,1B9P,44.85,0.542800,1.00,-1681.421,144.671,0.742099,0.314540
41,1B9Q,47.06,0.566800,1.00,-1681.421,144.671,0.645820,0.363180
42,1B9U,76.47,0.785900,1.00,-3059.718,90.795,0.251801,0.570110
43,1BA4,25.00,0.415500,1.00,-1540.752,268.827,1.140823,0.232010
44,1BA6,31.88,0.447500,1.00,-1540.752,268.827,0.941988,0.233090
45,1BAH,84.46,0.641900,1.00,-2587.965,164.489,0.157179,0.706440
46,1BBA,74.31,0.630600,1.00,-2506.006,188.665,0.348293,0.552500
47,1BBG,35.62,0.355000,1.00,-2846.112,227.507,0.774477,0.361700
48,1BDS,83.72,0.692800,1.00,-3196.030,262.486,0.151020,0.714840
49,1BEI,82.86,0.663200,1.00,-2669.684,156.584,0.199738,0.627450
50,1BF9,85.98,0.745200,1.00,-2418.909,271.806,0.245201,0.739150
51,1BGK,86.49,0.694500,1.00,-2996.080,169.420,0.125155,0.702460
52,1BH4,69.17,0.567300,1.00,-1995.244,217.394,0.334802,0.404840
53,1BH7,37.12,0.346000,1.00,-2225.599,277.278,0.655135,0.225820
54,1BHI,73.68,0.701800,1.00,-2051.263,176.111,0.438061,0.624330
55,1BIG,89.86,0.748900,1.00,-2956.619,161.679,0.102646,0.761130
56,1BJB,31.25,0.440800,1.00,-784.668,196.583,1.173823,0.191440
57,1BJC,34.82,0.458200,1.00,-940.346,150.981,0.910773,0.214410
58,1BL1,48.39,0.607200,1.00,-2426.554,65.794,0.599248,0.316860
59,1BM4,57.81,0.458400,1.00,-2338.859,123.046,1.139122,0.439620
60,1BMX,61.29,0.632000,1.00,-2114.917,127.810,0.620163,0.491480
61,1BNB,80.26,0.650800,1.00,-2856.429,219.432,0.250407,0.690910
62,1BOE,82.98,0.657500,1.00,-3297.349,197.559,0.198200,0.704940
63,1BQF,68.00,0.586800,1.00,-1297.988,168.599,0.617392,0.358620
64,1BRV,53.12,0.571100,1.00,-1874.859,189.614,0.764951,0.309710
65,1BWX,50.64,0.566900,1.00,-2985.064,133.729,0.589408,0.477100
66,1BY0,79.63,0.625100,1.00,-1883.941,75.170,0.329826,0.518100
67,1BY6,50.69,0.479300,1.00,-2605.854,70.344,0.547210,0.323540
68,1BZG,55.88,0.577100,1.00,-2500.421,71.953,0.528245,0.405360
69,1C2U,38.57,0.426400,1.00,-2403.395,147.260,0.840550,0.258280
70,1C49,93.57,0.748700,1.00,-2300.860,221.566,0.117991,0.789130
71,1C4B,55.77,0.401300,1.00,-444.697,86.326,0.544127,0.213940
72,1C4E,74.29,0.610600,1.00,-1889.440,282.797,0.228918,0.555520
73,1C55,78.12,0.619100,1.00,-3057.443,252.900,0.253168,0.637010
74,1C56,76.88,0.605500,1.00,-3057.443,252.900,0.254229,0.637650
75,1C6W,37.88,0.363900,1.00,-1738.989,163.797,0.672837,0.233690
76,1CBH,100.00,0.832300,1.00,-2394.911,195.916,0.049325,0.920560
77,1CCF,82.74,0.711400,1.00,-2326.468,256.408,0.168162,0.645800
78,1CCM,82.61,0.727400,1.00,-3663.472,206.349,0.237691,0.718960
79,1CCN,87.50,0.739400,1.00,-3663.472,206.349,0.187276,0.768500
80,1CE4,32.86,0.395100,1.00,-1574.135,183.788,0.723960,0.223710
81,1CFG,29.55,0.300400,1.00,-1073.676,121.963,1.049884,0.144530
82,1CFH,28.72,0.270600,1.00,-3431.017,267.340,1.073726,0.280570
83,1CFI,61.70,0.481200,1.00,-3431.017,267.340,0.397740,0.536480
84,1CHL,77.78,0.610800,1.00,-2406.937,148.104,0.205742,0.574100
85,1CIX,55.68,0.471200,1.00,-3083.284,292.460,0.482056,0.417460
86,1CKW,42.00,0.402800,1.00,-1568.484,135.493,0.874442,0.309080
87,1CKX,50.96,0.455900,1.00,-1792.866,105.458,0.800558,0.355960
88,1CKY,41.35,0.376800,1.00,-1792.866,105.458,0.709783,0.201590
89,1CKZ,43.00,0.351200,1.00,-1568.484,135.493,0.538657,0.196240
90,1CMR,82.26,0.661900,1.00,-2200.585,156.525,0.178751,0.572480
91,1CO4,69.05,0.625200,1.00,-2785.459,281.786,0.277374,0.530820
92,1CQ0,58.04,0.562200,1.00,-1381.771,142.456,0.473854,0.330410
93,1CR8,82.74,0.667000,1.00,-2148.243,294.958,0.200227,0.693020
94,1CSA,50.00,0.425500,1.00,-425.732,72.044,0.497271,0.366500
95,1CTI,89.66,0.700200,1.00,-1909.171,192.933,0.144488,0.647020
96,1CW5,45.83,0.419000,1.00,-2401.812,359.573,0.777148,0.374390
97,1CW6,66.22,0.640400,1.00,-1884.664,217.474,0.531117,0.465520
98,1CWX,25.57,0.358700,1.00,-1493.357,414.295,1.006348,0.247460
99,1CXR,60.87,0.528800,1.00,-3650.747,161.664,0.372113,0.506250
100,1CYA,56.82,0.549800,1.00,-425.732,72.044,0.289119,0.344800
101,1CYB,75.00,0.569200,1.00,-425.732,72.044,0.246545,0.326590
102,1CZ6,76.00,0.678300,1.00,-1064.319,158.445,0.257449,0.433030
103,1D0R,67.50,0.634100,1.00,-1936.224,74.387,0.401116,0.479660
104,1D1H,88.57,0.675500,1.00,-2350.475,213.491,0.158242,0.710330
105,1D2J,74.38,0.625000,1.00,-2018.870,307.230,0.284998,0.621870
106,1D2L,75.56,0.614000,1.00,-2266.130,339.455,0.297479,0.641140
107,1D5Q,100.00,0.830100,1.00,-1869.382,83.503,0.048023,0.855540
108,1D6B,57.14,0.522000,1.00,-2752.888,237.662,0.616308,0.415290
109,1D6X,63.46,0.500800,1.00,-422.351,171.224,0.337053,0.387130
110,1DEC,88.46,0.726600,1.00,-2437.075,236.168,0.218914,0.749340
111,1DEP,61.67,0.482900,1.00,-568.732,164.917,0.366920,0.152260
112,1DF6,47.50,0.396900,1.00,-1911.670,244.064,0.587783,0.278310
113,1DFE,85.14,0.636100,1.00,-2446.515,167.102,0.342570,0.717640
114,1DFS,41.13,0.407700,1.00,-2113.604,285.514,0.764214,0.276590
115,1DFT,43.33,0.388400,1.00,-1726.104,189.176,0.714815,0.205270
116,1DGZ,84.46,0.641200,1.00,-2446.515,167.102,0.322555,0.681100
117,1DJF,71.67,0.544700,1.00,-385.698,83.171,0.293939,0.305920
118,1DKC,71.71,0.579300,1.00,-2185.063,168.438,0.238073,0.588180
119,1DL0,59.46,0.477500,1.00,-2345.387,275.302,0.577785,0.481260
120,1DMC,69.35,0.599800,1.00,-1738.797,238.156,0.311379,0.395890
121,1DMD,69.35,0.577600,1.00,-1738.797,238.156,0.318437,0.416540
122,1DME,47.32,0.444700,1.00,-1728.304,141.114,0.799939,0.233240
123,1DMF,47.32,0.437000,1.00,-1728.304,141.114,0.808095,0.210300
124,1DN3,73.33,0.559400,1.00,-385.698,83.171,0.287003,0.310260
125,1DNG,85.00,0.668900,1.00,-567.223,48.625,0.236553,0.415670
126,1DPK,42.50,0.418300,1.00,-380.114,165.520,0.462220,0.139080
127,1DPQ,38.75,0.465600,1.00,-320.513,127.934,0.515054,0.101380
128,1DSK,53.57,0.478100,1.00,-1932.217,165.691,0.630678,0.409940
129,1DSQ,83.33,0.651000,1.00,-910.576,90.768,0.199021,0.379430
130,1DSV,75.00,0.652500,1.00,-1392.216,201.925,0.223655,0.469920
131,1DTC,86.54,0.745500,1.00,-1824.170,38.254,0.306486,0.682370
132,1DU1,63.75,0.527600,1.00,-936.170,71.251,0.488995,0.386700
133,1DU9,83.04,0.661800,1.00,-1692.412,123.133,0.165629,0.524140
134,1DV0,85.11,0.714600,1.00,-4817.390,162.185,0.296780,0.776230
135,1DVW,52.78,0.543100,1.00,-638.126,73.134,0.733896,0.174790
136,1DX7,59.38,0.615000,1.00,-3853.558,180.302,0.508761,0.538580
137,1E0G,77.60,0.650600,1.00,-4117.497,197.971,0.204149,0.692360
138,1E0L,82.43,0.730200,1.00,-2323.480,216.613,0.249419,0.670260
139,1E0M,81.08,0.710400,1.00,-2182.894,249.568,0.335181,0.670110
140,1E0N,87.96,0.688600,1.00,-1747.707,156.240,0.120077,0.580110
141,1E0Q,83.82,0.699300,1.00,-943.875,110.390,0.154378,0.293580
142,1E4Q,79.73,0.690600,1.00,-2532.384,191.360,0.183320,0.612320
143,1E4R,72.86,0.629200,1.00,-2208.090,232.478,0.266725,0.523650
144,1E4S,81.25,0.600900,1.00,-2497.455,207.296,0.224496,0.631700
145,1E4T,72.30,0.585000,1.00,-2437.994,206.433,0.377331,0.517060
146,1E8P,76.63,0.674200,1.00,-3251.810,307.977,0.424199,0.686290
147,1E8Q,77.17,0.674100,1.00,-3251.810,307.977,0.466225,0.679000
148,1E9K,39.47,0.543100,1.00,-1975.378,196.202,0.745510,0.285180
149,1ED0,91.30,0.746400,1.00,-3286.046,128.023,0.123080,0.837990
150,1ED7,88.33,0.705900,1.00,-3943.788,222.218,0.143227,0.769770
151,1EDP,72.06,0.581400,1.00,-1020.922,90.221,0.262804,0.211720
152,1EDS,44.35,0.421000,1.00,-2153.383,113.133,0.530853,0.260190
153,1EDV,32.35,0.401300,1.00,-1693.695,197.620,0.759696,0.215330
154,1EDW,50.00,0.415700,1.00,-2242.904,94.862,0.532773,0.189010
155,1EDX,31.25,0.405600,1.00,-2274.156,324.400,0.917108,0.221910
156,1EGT,89.71,0.700700,1.00,-793.414,86.309,0.192054,0.422780
157,1EHS,52.60,0.552200,1.00,-3374.813,208.387,0.533877,0.456810
158,1EI0,97.37,0.820500,1.00,-3198.205,132.624,0.074201,0.856760
159,1EMX,72.50,0.540400,1.00,-1726.373,219.115,0.311847,0.437840
160,1EMZ,75.00,0.621000,1.00,-1446.436,48.814,0.352321,0.329780
161,1EQX,63.89,0.545200,1.00,-584.400,89.113,0.450546,0.298750
162,1ERC,91.88,0.771300,1.00,-3568.858,218.079,0.115890,0.778260
163,1ERD,36.25,0.373200,1.00,-2620.577,254.177,0.798746,0.236050
164,1ERP,97.37,0.806400,1.00,-3074.741,205.605,0.075110,0.867830
165,1ERY,71.79,0.626200,1.00,-2967.172,170.050,0.348636,0.551290
166,1ESK,63.10,0.656500,1.00,-2036.983,237.006,0.388810,0.505480
167,1EWS,63.28,0.527100,1.00,-1928.993,259.104,0.360522,0.521140
168,1EYO,55.83,0.528000,1.00,-1766.681,289.930,0.624018,0.360660
169,1EZE,59.87,0.618600,1.00,-2389.037,126.687,0.391551,0.473890
170,1F3K,49.04,0.487300,1.00,-1703.751,192.594,0.574164,0.243940
171,1F4I,87.22,0.687100,1.00,-4477.165,169.493,0.288344,0.774570
172,1F7E,80.43,0.741900,1.00,-2559.551,286.775,0.331691,0.696610
173,1F7M,80.43,0.741400,1.00,-2559.551,286.775,0.278116,0.683810
174,1F8Z,82.69,0.703900,1.00,-1918.942,316.618,0.231748,0.679480
175,1FAC,36.90,0.341200,1.00,-1032.928,136.201,0.846955,0.094780
176,1FCT,30.47,0.381500,1.00,-1224.898,151.105,0.710178,0.226110
177,1FDF,51.00,0.547600,1.00,-1495.392,134.004,0.415821,0.297180
178,1FEO,80.77,0.626700,1.00,-1307.679,209.366,0.188860,0.441230
179,1FF7,71.74,0.690500,1.00,-2559.551,286.775,0.349298,0.596650
180,1FFM,82.07,0.746400,1.00,-2559.551,286.775,0.227072,0.711700
181,1FGD,80.56,0.640400,1.00,-894.300,88.092,0.236314,0.254630
182,1FGE,65.00,0.492900,1.00,-858.004,122.269,0.372274,0.258740
183,1FJN,89.74,0.786200,1.00,-2919.735,147.151,0.144524,0.740210
184,1FME,80.36,0.643100,1.00,-2063.896,142.065,0.250678,0.519690
185,1FMY,41.88,0.407900,1.00,-2421.836,400.118,0.703188,0.257830
186,1FQQ,68.90,0.607900,1.00,-3036.377,261.684,0.264108,0.558430
187,1FRE,38.10,0.378400,1.00,-3093.957,228.242,0.713090,0.327150
188,1FRY,43.10,0.458100,1.00,-1636.170,123.356,0.621980,0.242800
189,1FSB,75.62,0.694400,1.00,-2446.373,235.468,0.309801,0.587950
190,1FSD,69.64,0.613400,1.00,-2047.035,146.618,0.312855,0.408400
191,1FSV,72.32,0.633500,1.00,-2047.035,146.618,0.276712,0.405100
192,1FU3,48.15,0.426700,1.00,-1637.568,136.010,0.762756,0.465720
193,1FU9,81.94,0.667200,1.00,-2520.570,180.962,0.308997,0.675300
194,1FUL,50.00,0.467100,1.00,-449.233,77.570,0.446778,0.186150
195,1FUV,65.91,0.574800,1.00,-449.233,77.570,0.313104,0.336020
196,1FV5,65.28,0.595900,1.00,-2463.802,165.105,0.793995,0.514250
197,1FVY,46.77,0.602500,1.00,-2435.966,66.890,0.945346,0.355160
198,1FW5,37.50,0.383700,1.00,-933.331,92.646,0.778663,0.219370
199,1FWO,70.00,0.613800,1.00,-2048.076,220.500,0.295563,0.461850
200,1FYG,77.00,0.579600,1.00,-1214.592,179.251,0.229915,0.380840
201,1G04,32.69,0.305800,1.00,-1936.872,127.607,0.871614,0.207960
202,1G26,71.77,0.603800,1.00,-2276.569,197.823,0.338458,0.432860
203,1G92,53.00,0.476600,1.00,-1704.301,199.957,0.577967,0.312740
204,1G9P,42.22,0.438800,1.00,-2429.261,409.588,0.927046,0.355290
205,1GEA,73.81,0.656800,1.00,-1153.403,83.291,0.367162,0.327000
206,1GIB,37.50,0.430100,1.00,-532.697,291.324,0.774462,0.144410
207,1GK5,67.86,0.554700,1.00,-3526.365,317.262,0.432819,0.567200
208,1GM2,59.09,0.512000,1.00,-171.831,99.657,0.271353,0.360110
209,1GNA,57.69,0.469700,1.00,-398.143,59.092,0.467226,0.235980
210,1GNB,46.15,0.475900,1.00,-398.143,59.092,0.497914,0.154330
211,1GNF,76.09,0.652800,1.00,-3075.347,238.116,0.337577,0.627900
212,1GP8,75.62,0.626500,1.00,-2657.501,109.952,0.402214,0.606660
213,1GPS,92.02,0.760100,1.00,-3019.192,201.884,0.123998,0.849410
214,1GPT,87.23,0.709600,1.00,-3051.803,217.860,0.155097,0.795150
215,1GUR,74.29,0.585400,1.00,-1889.440,282.797,0.227067,0.520410
216,1GW3,55.98,0.626600,1.00,-3226.858,137.492,0.374334,0.472610
217,1GW4,43.48,0.598500,1.00,-3226.858,137.492,0.896443,0.386200
218,1H20,37.18,0.397200,1.00,-2415.379,427.743,0.770134,0.280830
219,1H5O,73.81,0.591500,1.00,-2404.648,197.859,0.351208,0.585660
220,1H7D,22.45,0.232900,1.00,-2568.555,449.449,2.050404,0.186090
221,1H7J,39.42,0.406300,1.00,-997.638,197.426,0.764937,0.252550
222,1HA9,83.82,0.765700,1.00,-1754.378,182.052,0.380105,0.701970
223,1HD6,41.89,0.446600,1.00,-2280.608,296.197,0.845422,0.309040
225,1HEV,96.51,0.780600,1.00,-3046.215,240.440,0.074986,0.891830
226,1HFF,67.50,0.445300,1.00,-346.121,72.386,0.281172,0.206150
227,1HJ0,34.15,0.536600,1.00,-2161.544,183.998,0.882462,0.297660
228,1HLL,81.25,0.704200,1.00,-2231.870,107.921,0.276245,0.568020
229,1HLY,92.95,0.750000,1.00,-2990.442,188.105,0.094821,0.809290
230,1HN3,23.12,0.301200,1.00,-2120.277,257.329,1.238338,0.198500
231,1HNR,68.62,0.585800,1.00,-3321.431,244.078,0.314468,0.545880
232,1HNS,53.72,0.484700,1.00,-3321.431,244.078,0.418481,0.436050
233,1HO0,50.83,0.499300,1.00,-1801.101,138.297,0.644002,0.260540
234,1HO2,92.50,0.787800,1.00,-1389.627,34.077,0.102772,0.534220
235,1HO7,86.25,0.769700,1.00,-1389.627,34.077,0.163511,0.512790
236,1HO9,60.16,0.599900,1.00,-2344.878,100.943,0.344465,0.432720
237,1HOD,61.72,0.602700,1.00,-2344.878,100.943,0.361994,0.417750
238,1HOF,60.94,0.609500,1.00,-2231.870,107.921,0.478146,0.395260
239,1HP2,92.57,0.780900,1.00,-2758.292,169.408,0.099796,0.779950
240,1HP3,78.12,0.643500,1.00,-1891.417,168.046,0.283876,0.603830
241,1HP9,82.95,0.639300,1.00,-1755.894,83.912,0.190587,0.294850
242,1HPH,45.27,0.548900,1.00,-2996.078,89.925,0.714300,0.387160
243,1HPY,60.29,0.643400,1.00,-2706.621,79.669,0.421540,0.353590
244,1HRL,69.57,0.585100,1.00,-1119.067,130.378,0.607582,0.340170
246,1HTX,67.97,0.537600,1.00,-2177.883,214.323,0.277115,0.412270
247,1HU5,79.17,0.681500,1.00,-872.024,41.635,0.173006,0.311740
248,1HU6,51.39,0.420400,1.00,-678.649,118.026,0.511841,0.259710
249,1HU7,88.89,0.649500,1.00,-808.777,52.327,0.213715,0.505870
250,1HVW,97.00,0.782100,1.00,-1547.535,108.667,0.074901,0.684450
251,1HVZ,40.28,0.311300,1.00,-758.596,106.740,0.779580,0.179160
252,1HY9,75.61,0.600000,1.00,-2626.857,179.100,0.388383,0.595980
253,1HYK,78.26,0.637200,1.00,-3415.526,290.169,0.311981,0.649750
254,1HZ3,28.85,0.484800,1.00,-961.959,153.587,0.837512,0.141450
255,1I25,43.24,0.420000,1.00,-1477.578,282.698,1.116936,0.370430
256,1I26,52.21,0.450400,1.00,-2266.522,242.760,0.774176,0.361390
257,1I2U,73.86,0.610500,1.00,-3217.252,272.736,0.459616,0.616440
258,1I2V,73.30,0.619300,1.00,-3470.600,167.051,0.403527,0.598360
259,1I6C,68.59,0.587100,1.00,-2360.075,223.967,0.588695,0.559480
260,1I8X,83.33,0.753500,1.00,-2145.990,130.620,0.177354,0.573680
261,1I8Y,72.32,0.598300,1.00,-1795.554,131.654,0.349961,0.416400
262,1IB9,79.41,0.696900,1.00,-1754.378,182.052,0.386704,0.616680
263,1IBN,58.75,0.492500,1.00,-1019.868,94.522,0.481006,0.278700
264,1IBO,57.50,0.465200,1.00,-1019.868,94.522,0.512860,0.241480
265,1IC9,37.93,0.445100,1.00,-1416.108,292.858,1.146906,0.236510
266,1ICA,68.75,0.574100,1.00,-2733.065,219.211,0.589240,0.544740
267,1ICL,34.48,0.464000,1.00,-1652.624,159.249,1.110692,0.292820
268,1ICO,37.93,0.502700,1.00,-1645.384,217.313,1.236956,0.281990
269,1ID6,35.00,0.456700,1.00,-735.371,47.611,0.644637,0.167480
270,1ID7,41.67,0.430700,1.00,-735.371,47.611,0.615715,0.240590
271,1IE6,31.06,0.369200,1.00,-1363.540,200.178,0.694969,0.186780
272,1IFY,79.59,0.682200,1.00,-4911.234,164.773,0.193652,0.729520
273,1IIJ,71.43,0.703200,1.00,-2532.952,70.851,0.295046,0.631060
274,1IM1,75.00,0.550900,1.00,-521.186,65.502,0.236474,0.339720
275,1IRR,73.91,0.548200,1.00,-1026.181,136.657,0.445565,0.382010
276,1IVA,60.94,0.586600,1.00,-2650.810,235.091,0.598106,0.500790
277,1IWC,27.94,0.459500,1.00,-974.355,209.217,1.144156,0.204200
278,1IWF,30.88,0.527300,1.00,-974.355,209.217,1.755174,0.204740
279,1IXA,83.97,0.691100,1.00,-2290.644,228.035,0.175552,0.677320
280,1IXT,67.59,0.587900,1.00,-1701.690,143.766,0.268377,0.350070
281,1IXU,62.50,0.489100,1.00,-373.862,97.346,0.407123,0.226040
282,1IYC,47.22,0.486200,1.00,-1779.705,209.382,0.722404,0.330420
283,1IYT,21.43,0.310800,1.00,-1837.360,287.021,1.193974,0.247630
284,1J4M,51.79,0.498000,1.00,-464.966,83.387,0.644144,0.206170
285,1J5J,93.75,0.788900,1.00,-2760.353,152.804,0.097767,0.806500
286,1J5L,68.33,0.607300,1.00,-1986.525,227.792,0.249445,0.397030
287,1J5M,55.36,0.486000,1.00,-1272.175,292.588,0.519550,0.273170
288,1JBL,60.71,0.496500,1.00,-503.113,119.928,0.309991,0.262460
289,1JBN,69.64,0.503800,1.00,-503.113,119.928,0.282761,0.285150
290,1JDM,66.94,0.597700,1.00,-2964.864,62.112,0.504929,0.508250
291,1JI9,35.81,0.393600,1.00,-2227.928,214.938,0.763850,0.255660
292,1JJZ,83.62,0.693200,1.00,-1828.716,168.616,0.325541,0.592410
293,1JKZ,84.24,0.724500,1.00,-3705.602,200.152,0.147592,0.739550
294,1JLZ,76.09,0.624200,1.00,-1086.486,123.829,0.261113,0.377730
295,1JMN,84.24,0.696200,1.00,-3229.840,148.438,0.179992,0.735410
296,1JMP,84.24,0.695500,1.00,-3194.021,133.237,0.196278,0.721030
297,1JN7,69.44,0.571100,1.00,-2346.326,192.577,0.688008,0.584140
298,1JO5,43.23,0.621300,1.00,-3853.558,180.302,1.037725,0.448380
299,1JO6,34.44,0.463700,1.00,-2072.175,244.946,1.392946,0.334970
300,1JRF,52.66,0.463200,1.00,-2231.069,300.793,0.733392,0.441080
301,1JRJ,62.82,0.731600,1.00,-2125.374,151.386,0.760350,0.533810
302,1JU8,77.70,0.660000,1.00,-2714.598,191.466,0.239321,0.562410
303,1JY9,57.50,0.509300,1.00,-316.793,120.158,0.451346,0.166130
304,1K0P,30.65,0.371200,1.00,-1847.495,179.825,0.692475,0.169640
305,1K18,31.45,0.375700,1.00,-1847.495,179.825,0.677700,0.187660
306,1K1V,92.07,0.729500,1.00,-3462.621,104.620,0.117724,0.796310
307,1K36,77.72,0.633400,1.00,-3495.914,307.562,0.214770,0.664110
308,1K37,74.46,0.625600,1.00,-3495.914,307.562,0.222245,0.616610
309,1K43,51.79,0.505100,1.00,-464.966,83.387,0.618234,0.184410
310,1K48,82.76,0.686100,1.00,-1828.716,168.616,0.330654,0.585780
311,1K7B,75.00,0.669100,1.00,-2355.598,250.228,0.470941,0.657480
312,1K81,63.19,0.527200,1.00,-2368.928,147.787,0.323152,0.423920
313,1K91,84.46,0.745800,1.00,-1580.551,204.163,0.206940,0.680910
314,1KAL,77.59,0.618700,1.00,-1883.900,210.267,0.290947,0.463670
315,1KBE,68.37,0.562100,1.00,-3456.032,217.852,0.301234,0.580570
316,1KBF,70.41,0.569000,1.00,-3456.032,217.852,0.310034,0.590600
317,1KDL,72.83,0.644300,1.00,-1750.518,56.523,0.349498,0.381850
318,1KGM,85.71,0.696600,1.00,-1836.245,175.198,0.161701,0.632280
319,1KIO,76.43,0.667600,1.00,-1857.688,178.720,0.400148,0.528830
320,1KJ0,79.29,0.626500,1.00,-1747.981,228.186,0.201133,0.560300
321,1KJ5,80.56,0.660800,1.00,-2497.455,207.296,0.192992,0.618160
322,1KJ6,70.00,0.588100,1.00,-2911.816,211.723,0.591678,0.583120
323,1KLR,90.83,0.730000,1.00,-1938.946,132.879,0.176567,0.744710
324,1KLS,88.33,0.723600,1.00,-1885.688,122.954,0.220232,0.708890
325,1KMR,81.67,0.650600,1.00,-1002.647,37.092,0.363409,0.449950
326,1KOZ,75.69,0.620300,1.00,-2475.754,217.596,0.235403,0.554590
327,1KQH,80.26,0.651700,1.00,-2740.371,280.416,0.240591,0.642060
328,1KQI,80.26,0.648200,1.00,-2740.371,280.416,0.267798,0.635210
329,1KUW,42.50,0.508200,1.00,-137.882,59.569,0.509010,0.246240
330,1KV4,37.50,0.540000,1.00,-2195.506,444.182,0.917231,0.250490
331,1KWD,65.62,0.505200,1.00,-1042.175,77.222,0.281397,0.277870
332,1KWE,70.31,0.491100,1.00,-1042.175,77.222,0.308855,0.266520
333,1KX6,47.41,0.417400,1.00,-1992.798,114.490,0.532947,0.250790
334,1KZ0,35.94,0.352400,1.00,-632.598,110.060,0.736803,0.169560
335,1KZ2,75.00,0.579100,1.00,-869.605,81.584,0.290602,0.419160
336,1KZ5,83.33,0.628300,1.00,-607.523,66.347,0.193237,0.430740
337,1L1K,43.75,0.406600,1.00,-810.204,111.052,0.764029,0.185720
338,1L2Y,41.25,0.506500,1.00,-568.171,122.043,1.046724,0.185080
339,1L3Q,66.67,0.481400,1.00,-349.610,46.371,0.339627,0.216430
340,1L3Y,76.83,0.623600,1.00,-2513.820,388.781,0.280371,0.604920
341,1L4V,81.88,0.677400,1.00,-2697.117,188.564,0.195006,0.650430
342,1LA4,88.97,0.732200,1.00,-2149.661,206.045,0.162117,0.735210
343,1LB0,88.46,0.657500,1.00,-632.386,56.596,0.165066,0.315760
344,1LB7,87.50,0.631400,1.00,-761.644,84.832,0.155840,0.413990
345,1LBJ,78.41,0.597700,1.00,-1654.583,65.173,0.372827,0.417400
346,1LCX,88.46,0.663600,1.00,-632.386,56.596,0.177876,0.447340
347,1LDL,69.27,0.609500,1.00,-2688.977,376.079,0.352083,0.586270
348,1LDR,70.35,0.563600,1.00,-2237.818,264.699,0.328400,0.574970
349,1LFC,34.00,0.309600,1.00,-1552.094,66.122,0.848744,0.132270
350,1LGL,93.06,0.762800,1.00,-2760.353,152.804,0.094355,0.811980
351,1LIQ,46.30,0.567100,1.00,-1567.808,107.584,0.955468,0.315590
352,1LIR,89.19,0.725600,1.00,-2690.239,180.103,0.119328,0.730320
353,1LMM,66.88,0.583100,1.00,-2263.314,270.783,0.447964,0.528970
354,1LMR,70.00,0.634900,1.00,-1950.789,161.136,0.341969,0.536640
355,1LUP,60.48,0.444700,1.00,-1587.777,367.822,0.375764,0.362880
356,1LV4,44.05,0.461900,1.00,-719.985,138.544,0.803346,0.097800
357,1LVZ,84.09,0.607300,1.00,-508.834,49.133,0.214190,0.445930
358,1LYP,78.91,0.715100,1.00,-2334.493,61.727,0.191724,0.595780
359,1M02,66.67,0.459700,1.00,-517.564,140.974,0.438608,0.310820
360,1M0G,53.33,0.455900,1.00,-2200.876,228.711,0.447285,0.255340
361,1M0J,43.75,0.481100,1.00,-1603.580,172.935,0.794308,0.175570
362,1M23,84.62,0.610800,1.00,-526.741,57.191,0.173040,0.417320
363,1M25,61.54,0.511800,1.00,-1936.872,127.607,0.527932,0.357520
364,1M2S,87.84,0.685200,1.00,-2617.926,240.508,0.121753,0.717430
365,1M36,81.82,0.648900,1.00,-2259.641,154.726,0.284599,0.666900
366,1M4E,65.00,0.563000,1.00,-1168.067,124.327,0.365845,0.158500
367,1M4F,44.00,0.406500,1.00,-1459.446,131.214,0.675825,0.214130
368,1MA2,51.47,0.392900,1.00,-1033.915,95.130,0.503277,0.200620
369,1MA4,57.35,0.428600,1.00,-823.107,180.327,0.357855,0.121050
370,1MA5,55.88,0.435200,1.00,-1033.915,95.130,0.444393,0.116830
371,1MA6,41.18,0.386000,1.00,-823.107,180.327,0.565338,0.221830
372,1MB6,72.14,0.560200,1.00,-2098.193,254.622,0.254862,0.497970
373,1MEA,59.82,0.528400,1.00,-1474.358,184.244,0.499311,0.320620
374,1MED,57.14,0.506000,1.00,-1474.358,184.244,0.514867,0.277780
375,1MEQ,45.65,0.459300,1.00,-759.274,132.153,0.798420,0.167110
376,1MF6,64.58,0.487800,1.00,-462.496,59.911,0.448246,0.348430
377,1MGX,48.40,0.383000,1.00,-3431.017,267.340,0.682563,0.383630
378,1MHU,39.52,0.416800,1.00,-2197.220,218.868,0.792070,0.242900
379,1MKC,48.84,0.550600,1.00,-2366.306,193.215,0.655875,0.365610
380,1MM0,93.75,0.799700,1.00,-3019.516,221.814,0.099424,0.807950
381,1MMC,80.83,0.683100,1.00,-1889.467,135.821,0.194632,0.546310
382,1MOT,58.93,0.607400,1.00,-1289.167,101.319,0.637800,0.418630
383,1MPZ,35.98,0.438300,1.00,-2348.438,201.131,0.682513,0.242380
384,1MR0,65.44,0.533700,1.00,-2642.052,227.702,0.281458,0.423930
385,1MR4,88.83,0.727100,1.00,-3557.050,238.808,0.153193,0.788680
386,1MRB,41.13,0.420100,1.00,-1970.106,212.571,0.791337,0.250120
387,1MRT,37.10,0.395800,1.00,-2203.775,172.592,0.766788,0.266470
388,1MTQ,64.47,0.503700,1.00,-1062.174,85.192,0.500071,0.206990
389,1MTX,91.03,0.735400,1.00,-2883.241,190.333,0.129070,0.765930
390,1MXQ,61.36,0.545900,1.00,-457.990,55.584,0.345493,0.375160
391,1MYN,93.75,0.751700,1.00,-3375.535,204.795,0.097894,0.847070
392,1MYU,68.75,0.564000,1.00,-451.505,70.060,0.349188,0.331680
393,1MZI,55.77,0.553000,1.00,-632.386,56.596,0.351209,0.181740
394,1N0Z,65.00,0.642100,1.00,-2181.328,297.859,0.841032,0.556880
395,1N1U,79.31,0.698300,1.00,-1538.389,123.584,0.359516,0.537170
396,1N2Y,46.67,0.436900,1.00,-574.957,97.927,0.569642,0.192170
397,1N4N,90.96,0.777100,1.00,-3590.321,260.654,0.113057,0.825420
398,1N5G,30.26,0.305200,1.00,-2760.146,212.814,0.827519,0.258480
399,1N6T,60.00,0.507600,1.00,-349.685,40.348,0.319878,0.301330
400,1N8M,92.76,0.747700,1.00,-2659.829,198.631,0.111251,0.819100
401,1N9U,67.50,0.441700,1.00,-427.138,82.355,0.265092,0.164640
402,1NB1,94.83,0.808400,1.00,-1894.529,138.403,0.076285,0.760680
403,1NBJ,63.33,0.535600,1.00,-2112.413,217.405,0.374101,0.342170
404,1NBL,89.13,0.744400,1.00,-3441.244,225.365,0.116198,0.818130
405,1NC8,73.28,0.637600,1.00,-1278.024,108.116,0.516804,0.521460
406,1NCS,77.13,0.631700,1.00,-4040.147,276.111,0.337149,0.667580
407,1ND9,52.55,0.517800,1.00,-4117.381,146.724,0.421102,0.412520
408,1NE5,88.10,0.642500,1.00,-2972.683,215.340,0.245169,0.773010
409,1NIZ,57.81,0.502300,1.00,-448.314,91.711,0.322684,0.255480
410,1NJ0,59.38,0.522400,1.00,-448.314,91.711,0.354297,0.210130
411,1NJ3,84.68,0.741900,1.00,-2025.763,158.046,0.311069,0.656270
412,1NMJ,35.71,0.445800,1.00,-992.981,199.613,0.760494,0.191920
413,1NZS,34.21,0.542500,1.00,-412.026,92.488,1.021785,0.119660
414,1O53,80.00,0.652900,1.00,-724.245,57.588,0.273475,0.384170
415,1O8Y,60.71,0.518700,1.00,-503.113,119.928,0.306576,0.257090
416,1O8Z,60.71,0.503600,1.00,-503.113,119.928,0.300380,0.278580
417,1OAV,71.35,0.615900,1.00,-2650.810,235.091,0.374987,0.604510
418,1OAW,67.19,0.607600,1.00,-2650.810,235.091,0.424714,0.564080
419,1ODP,86.25,0.698200,1.00,-1455.654,64.784,0.158437,0.449870
420,1ODQ,83.75,0.676500,1.00,-1455.654,64.784,0.201617,0.411080
421,1ODR,85.00,0.640000,1.00,-1455.654,64.784,0.148640,0.442790
422,1OEF,86.46,0.731100,1.00,-1818.596,63.539,0.145760,0.586110
423,1OEG,75.00,0.735800,1.00,-1691.066,38.459,0.311575,0.403290
424,1OEI,34.38,0.309700,1.00,-469.070,161.192,0.764021,0.092490
425,1OG7,40.70,0.529200,1.00,-2115.579,205.624,0.909791,0.361020
426,1OHM,48.86,0.498500,1.00,-2669.008,163.928,0.613679,0.402580
427,1OHN,47.67,0.497800,1.00,-2115.579,205.624,0.781202,0.351870
428,1OIG,84.38,0.732800,1.00,-1299.661,159.470,0.160767,0.421730
429,1OMA,46.35,0.467300,1.00,-2522.348,475.043,0.680231,0.394490
430,1OMB,51.04,0.476000,1.00,-2522.348,475.043,0.607777,0.466030
431,1OMQ,31.25,0.338800,1.00,-632.598,110.060,0.796742,0.096560
432,1OPP,63.82,0.654600,1.00,-3026.463,90.774,0.443017,0.509350
433,1ORL,93.48,0.764400,1.00,-3207.647,167.782,0.098372,0.866020
434,1ORX,88.54,0.745400,1.00,-1640.296,112.497,0.161555,0.542540
435,1OZZ,80.68,0.693000,1.00,-3307.818,310.367,0.390547,0.720030
436,1P00,76.14,0.657500,1.00,-3396.309,243.626,0.443868,0.652460
437,1P0A,70.45,0.603000,1.00,-3211.456,263.357,0.496651,0.566150
438,1P7A,70.27,0.727200,1.00,-2108.054,209.137,0.877650,0.590170
439,1P82,28.00,0.348100,1.00,-1028.703,115.179,1.088779,0.218470
440,1P83,25.00,0.348700,1.00,-1028.703,115.179,0.920690,0.167500
441,1P8B,85.81,0.739700,1.00,-2700.047,174.776,0.178640,0.691820
442,1P9C,50.00,0.556300,1.00,-2130.975,247.587,0.633692,0.348070
443,1P9F,62.50,0.558100,1.00,-476.793,56.499,0.367577,0.411520
444,1P9Z,75.61,0.668700,1.00,-2801.429,167.491,0.384632,0.646590
445,1PAA,86.67,0.728600,1.00,-1953.226,180.457,0.234796,0.638560
446,1PB5,86.43,0.723900,1.00,-1779.006,268.831,0.148029,0.686940
447,1PDC,79.44,0.646700,1.00,-3633.986,321.700,0.291150,0.663370
448,1PGY,72.34,0.627300,1.00,-4677.967,223.091,0.374325,0.616340
449,1PJV,87.50,0.700500,1.00,-2414.432,120.655,0.152652,0.662400
450,1PLP,62.00,0.607700,1.00,-1267.096,145.005,0.505946,0.349950
451,1PMC,85.42,0.714000,1.00,-1916.847,215.280,0.178167,0.669810
452,1PNH,84.68,0.697100,1.00,-2148.384,100.990,0.139743,0.597200
453,1PP5,50.00,0.470500,1.00,-842.726,169.984,0.685842,0.111970
454,1PSM,63.16,0.603200,1.00,-2641.022,82.787,0.466123,0.466600
455,1PSV,66.96,0.615300,1.00,-2125.837,134.323,0.334425,0.401550
456,1PT4,87.07,0.737000,1.00,-1775.767,213.954,0.191282,0.632130
457,1PV0,86.96,0.702800,1.00,-4178.506,176.367,0.304564,0.791980
458,1PVZ,79.03,0.643200,1.00,-2174.662,150.391,0.354635,0.560560
459,1PX9,74.40,0.575600,1.00,-2972.683,215.340,0.295501,0.573940
460,1PXQ,50.00,0.402500,1.00,-2378.136,122.257,0.419840,0.383840
461,1Q01,28.95,0.476200,1.00,-1157.914,176.973,1.082473,0.199600
462,1Q2F,50.78,0.600700,1.00,-2439.627,92.151,0.526311,0.346180
463,1Q2I,44.53,0.460900,1.00,-2439.627,92.151,0.703857,0.257960
464,1Q2J,45.45,0.451900,1.00,-902.404,172.659,0.504185,0.128420
465,1Q2K,92.74,0.781000,1.00,-2085.467,97.114,0.107717,0.736140
466,1Q3J,70.83,0.599400,1.00,-2194.226,157.949,0.316505,0.540890
467,1Q3M,53.57,0.515800,1.00,-3558.167,282.342,0.791909,0.450890
468,1Q3Y,47.62,0.493000,1.00,-1984.716,211.818,0.755805,0.362010
469,1Q3Z,48.81,0.506700,1.00,-1984.716,211.818,0.681179,0.366040
470,1Q71,47.62,0.499300,1.00,-842.726,169.984,0.584660,0.134110
471,1QCM,59.09,0.548800,1.00,-299.622,65.006,0.329646,0.295130
472,1QDP,36.31,0.367900,1.00,-2722.213,270.980,0.758752,0.226940
473,1QFD,71.88,0.556500,1.00,-2177.883,214.323,0.266904,0.457380
474,1QG9,83.33,0.715700,1.00,-1639.321,31.904,0.273583,0.434440
475,1QGM,80.00,0.732700,1.00,-2145.990,130.620,0.180312,0.534010
476,1QHK,70.21,0.607700,1.00,-3963.700,197.038,0.263243,0.577420
477,1QJK,33.33,0.394400,1.00,-2188.304,379.269,0.837478,0.160620
478,1QJL,45.54,0.462800,1.00,-1691.635,263.982,0.863331,0.258630
479,1QK6,90.91,0.737000,1.00,-2072.046,199.615,0.112556,0.732410
480,1QK7,84.38,0.628100,1.00,-2284.768,242.555,0.220981,0.620810
481,1QKY,87.50,0.721200,1.00,-3084.917,214.590,0.125759,0.726550
482,1QLO,49.26,0.414100,1.00,-2637.020,165.583,0.722759,0.329810
483,1QWP,47.73,0.529500,1.00,-299.622,65.006,0.338501,0.334980
484,1QXC,59.09,0.534600,1.00,-299.622,65.006,0.385611,0.326600
485,1QYT,56.82,0.531500,1.00,-299.622,65.006,0.351697,0.238000
486,1R02,42.42,0.434000,1.00,-1767.536,224.275,0.731933,0.233940
487,1R1F,38.51,0.414900,1.00,-1927.469,528.120,0.660976,0.252860
488,1R7C,81.45,0.737500,1.00,-2598.432,93.549,0.216437,0.542060
489,1R7D,74.19,0.713200,1.00,-2598.432,93.549,0.256422,0.484330
490,1R7E,72.58,0.706900,1.00,-2598.432,93.549,0.325224,0.516040
491,1R7F,67.74,0.633500,1.00,-2598.432,93.549,0.358069,0.389710
492,1R7G,70.97,0.667600,1.00,-2598.432,93.549,0.456119,0.489060
493,1R8T,58.33,0.479900,1.00,-549.677,124.028,0.488507,0.233070
494,1R9I,46.59,0.433300,1.00,-1004.424,200.108,0.622554,0.186140
495,1RES,70.35,0.586000,1.00,-3927.663,118.791,0.549335,0.596110
496,1RET,69.77,0.553100,1.00,-3927.663,118.791,0.498482,0.529520
497,1RG3,48.44,0.451900,1.00,-784.142,76.902,0.414327,0.245680
498,1RG4,57.81,0.460000,1.00,-784.142,76.902,0.379775,0.181630
499,1RIJ,55.43,0.619200,1.00,-1009.378,114.979,0.900501,0.296400
500,1RIK,93.10,0.744900,1.00,-1997.025,119.993,0.114174,0.723960
501,1RIM,85.61,0.694800,1.00,-2341.405,132.305,0.153443,0.662240
502,1RJI,73.39,0.577200,1.00,-2185.490,204.654,0.370188,0.448350
503,1RKL,56.25,0.628300,1.00,-2744.140,89.764,0.726171,0.514800
504,1RMK,79.84,0.628300,1.00,-2642.881,188.351,0.238932,0.570250
505,1RO3,43.88,0.439800,1.00,-2633.938,242.784,0.649611,0.339620
506,1ROO,69.29,0.572400,1.00,-2479.685,156.056,0.267274,0.494120
507,1RPB,45.24,0.415600,1.00,-1134.306,230.215,0.571977,0.156520
508,1RPC,40.48,0.404600,1.00,-1134.306,230.215,0.567444,0.157550
509,1RSW,33.33,0.439000,1.00,-246.977,68.310,0.613784,0.060690
510,1RSX,37.50,0.484300,1.00,-246.977,68.310,0.661753,0.251760
511,1RT0,41.67,0.496100,1.00,-246.977,68.310,0.676421,0.110170
512,1S4H,46.15,0.484100,1.00,-104.640,86.163,0.485713,0.131840
513,1S4J,51.92,0.468300,1.00,-131.877,94.557,0.626153,0.212980
514,1S4T,47.62,0.454600,1.00,-1369.365,97.107,0.579251,0.222310
515,1S4W,41.25,0.428700,1.00,-380.114,165.520,0.489636,0.126930
516,1S6W,60.71,0.494100,1.00,-1198.799,104.629,0.320801,0.186980
517,1S6X,83.09,0.688500,1.00,-2412.921,209.920,0.253807,0.637330
518,1SBU,59.09,0.584800,1.00,-369.954,53.562,0.581720,0.276240
519,1SCO,74.34,0.642500,1.00,-2719.061,246.308,0.192248,0.548320
520,1SH1,49.48,0.452700,1.00,-2726.347,346.199,0.570089,0.383050
521,1SKH,65.83,0.601300,1.00,-1970.773,122.758,0.430761,0.497710
522,1SMZ,58.33,0.514200,1.00,-1359.823,99.930,0.532803,0.353850
523,1SOL,31.25,0.391100,1.00,-449.407,125.461,0.759001,0.107530
524,1SP1,80.17,0.671000,1.00,-1649.835,133.055,0.276280,0.539500
525,1SP2,89.52,0.714400,1.00,-2041.078,141.090,0.177668,0.702860
526,1SP7,70.83,0.634300,1.00,-1482.914,167.495,0.276643,0.256440
527,1SPF,82.14,0.774800,1.00,-2049.834,116.974,0.347047,0.660050
528,1SPW,85.90,0.640500,1.00,-3298.273,222.049,0.220713,0.722060
529,1SRB,65.48,0.485200,1.00,-1610.498,100.741,0.468541,0.242290
530,1SRK,74.29,0.687300,1.00,-2322.993,134.697,0.504376,0.574310
531,1SSL,70.31,0.596000,1.00,-3762.666,229.756,0.305905,0.586600
532,1SUT,32.95,0.419500,1.00,-851.215,131.232,0.723421,0.130390
533,1SX0,96.59,0.759200,1.00,-1117.862,89.798,0.080324,0.578690
534,1SX1,93.18,0.760200,1.00,-1117.862,89.798,0.109508,0.523460
535,1T0C,26.61,0.484500,1.00,-863.513,175.688,1.007530,0.175840
536,1T2Y,45.00,0.461900,1.00,-1340.999,228.541,0.688042,0.185770
537,1T5M,46.15,0.346200,1.00,-318.751,77.960,0.650716,0.291250
538,1T5N,50.00,0.413500,1.00,-318.751,77.960,0.668834,0.185860
539,1T5Q,71.67,0.715400,1.00,-2335.248,75.164,0.263113,0.586830
540,1T9E,51.79,0.541000,1.00,-301.769,104.559,0.717271,0.258320
541,1TI5,88.59,0.702200,1.00,-3396.090,163.292,0.147885,0.789460
542,1TM6,56.82,0.505900,1.00,-1009.101,83.339,0.425054,0.150910
543,1TMR,81.58,0.695800,1.00,-1059.230,91.865,0.180452,0.365060
544,1TOR,52.50,0.493100,1.00,-272.236,61.592,0.406834,0.264440
545,1TOS,75.00,0.541300,1.00,-278.192,60.543,0.210562,0.339180
546,1TSK,82.14,0.678000,1.00,-2528.907,145.084,0.148884,0.647190
547,1TV0,78.91,0.589700,1.00,-1911.438,183.801,0.244028,0.574690
548,1TYK,65.44,0.515400,1.00,-2434.741,190.130,0.407193,0.457790
549,1U0P,56.48,0.465300,1.00,-1707.998,145.299,0.649310,0.349420
550,1U57,43.23,0.588500,1.00,-2580.620,170.875,1.034900,0.371700
551,1U6U,64.71,0.493600,1.00,-507.689,134.745,0.282962,0.155080
552,1U6V,63.24,0.477100,1.00,-507.689,134.745,0.325264,0.245890
553,1U85,71.97,0.690000,1.00,-2059.564,186.731,0.495186,0.541360
554,1U86,75.71,0.684000,1.00,-2205.856,186.629,0.360651,0.544290
555,1UAO,62.50,0.515400,1.00,-330.174,45.596,0.339295,0.278130
556,1UJL,33.93,0.308400,1.00,-2385.589,255.022,1.203826,0.287570
557,1UT3,90.79,0.688900,1.00,-2992.117,200.970,0.122854,0.773940
558,1UYA,59.38,0.517500,1.00,-741.764,74.404,0.404873,0.256880
559,1UYB,51.56,0.582900,1.00,-741.764,74.404,0.495551,0.235670
560,1V1D,82.26,0.646200,1.00,-2162.543,143.952,0.191326,0.589560
561,1V28,79.35,0.658700,1.00,-1113.468,145.207,0.332346,0.455550
562,1V4Z,72.37,0.685000,1.00,-826.641,71.012,0.415339,0.359050
563,1V50,69.74,0.640500,1.00,-826.641,71.012,0.354649,0.292320
564,1V5A,73.21,0.596400,1.00,-1618.372,146.427,0.294177,0.417840
565,1V6R,66.67,0.526600,1.00,-1525.870,67.985,0.506469,0.238940
566,1V92,76.63,0.684200,1.00,-4736.843,144.467,0.180822,0.666870
567,1VA1,78.38,0.654300,1.00,-2368.614,133.097,0.332351,0.622950
568,1VA2,86.29,0.679700,1.00,-2041.078,141.090,0.215361,0.633910
569,1VA3,80.17,0.661300,1.00,-1649.835,133.055,0.224867,0.512420
570,1VB8,65.83,0.510600,1.00,-1936.754,234.946,0.389570,0.372700
571,1VD7,68.48,0.542500,1.00,-1387.847,46.012,0.443304,0.331150
572,1VD8,65.22,0.480800,1.00,-1581.517,60.655,0.385488,0.274600
573,1VD9,72.83,0.609500,1.00,-1513.195,47.766,0.376140,0.383140
574,1VDA,57.61,0.538800,1.00,-1474.321,58.673,0.651828,0.293400
575,1VDB,82.61,0.716700,1.00,-1387.847,46.012,0.150766,0.505250
576,1VII,79.86,0.690600,1.00,-3061.103,111.710,0.253785,0.583330
577,1VPC,49.44,0.541200,1.00,-2761.227,281.886,0.704738,0.491320
578,1VPU,33.33,0.539400,1.00,-2414.723,164.459,1.305345,0.276870
579,1VQX,31.58,0.542500,1.00,-412.026,92.488,1.021487,0.119960
580,1VTP,68.27,0.675600,1.00,-1667.514,44.957,0.388343,0.470750
581,1VTX,36.90,0.356300,1.00,-2865.827,294.012,0.656671,0.291990
582,1W1N,56.06,0.515000,1.00,-2141.711,141.689,0.488284,0.421480
583,1W4E,90.96,0.717100,1.00,-3857.625,159.742,0.194556,0.826410
584,1W4F,89.36,0.729800,1.00,-3857.625,159.742,0.221202,0.799720
585,1W4G,88.30,0.727600,1.00,-3759.682,319.324,0.300084,0.799570
586,1W4H,85.64,0.698100,1.00,-3491.952,159.802,0.516904,0.781390
587,1WAZ,45.11,0.585500,1.00,-3645.464,139.895,1.127135,0.451750
588,1WCT,57.69,0.496800,1.00,-323.808,77.441,0.289245,0.294840
589,1WM7,73.28,0.612200,1.00,-1825.002,162.033,0.276440,0.393470
590,1WM8,66.96,0.515600,1.00,-1720.730,141.453,0.309505,0.343520
591,1WMT,84.76,0.667700,1.00,-3034.722,246.721,0.149842,0.708340
592,1WN4,69.64,0.636300,1.00,-1303.811,95.843,0.540728,0.509350
593,1WN8,85.23,0.646500,1.00,-1437.683,40.542,0.321443,0.576070
594,1WNK,76.09,0.702100,1.00,-1513.195,47.766,0.254659,0.457000
595,1WNM,86.96,0.696900,1.00,-1581.517,60.655,0.164980,0.457830
596,1WNN,80.43,0.683800,1.00,-1474.321,58.673,0.241748,0.462310
597,1WO3,40.00,0.427900,1.00,-695.239,247.239,0.563562,0.201230
598,1WO4,56.00,0.484300,1.00,-1339.807,91.980,0.491272,0.309980
599,1WO5,64.00,0.515500,1.00,-1692.878,112.699,0.480916,0.283880
600,1WO6,59.00,0.507400,1.00,-1316.438,148.806,0.369799,0.297890
601,1WO7,62.00,0.504000,1.00,-1367.556,133.816,0.539521,0.322050
602,1WO9,76.43,0.680500,1.00,-1574.119,215.362,0.388644,0.575030
603,1WPD,63.24,0.530800,1.00,-2309.903,152.552,0.483217,0.372980
604,1WQB,61.72,0.531100,1.00,-1904.587,340.586,0.400187,0.405360
605,1WQC,78.85,0.646000,1.00,-1811.614,114.213,0.281055,0.446500
606,1WQD,73.15,0.638500,1.00,-1850.299,128.220,0.467440,0.371320
607,1WQE,89.13,0.698100,1.00,-1472.619,69.424,0.167115,0.471180
608,1WQK,89.29,0.756800,1.00,-3724.633,218.749,0.241146,0.792710
609,1WR3,81.25,0.688200,1.00,-1990.328,231.603,0.268189,0.607120
610,1WR4,87.50,0.765200,1.00,-2052.198,179.098,0.281420,0.730450
611,1WR7,78.05,0.717300,1.00,-2434.292,212.289,0.432754,0.645510
612,1WT7,70.73,0.607800,1.00,-2991.277,202.698,0.440609,0.554770
613,1WT8,73.39,0.551700,1.00,-2185.490,204.654,0.382686,0.461570
614,1WXN,80.36,0.698400,1.00,-3521.380,230.504,0.205112,0.665880
615,1WZ4,53.26,0.515500,1.00,-1219.032,78.487,0.489338,0.326470
616,1WZ5,67.14,0.496800,1.00,-2225.105,162.246,0.325167,0.437030
617,1X22,57.74,0.660600,1.00,-2050.808,247.094,0.583294,0.450330
618,1X32,39.89,0.408600,1.00,-3577.917,236.452,0.776923,0.305150
619,1X5V,82.35,0.649100,1.00,-2360.074,177.850,0.196584,0.574510
620,1X7K,47.37,0.332100,1.00,-1189.406,115.584,0.551243,0.142950
621,1XBH,65.38,0.472600,1.00,-596.063,71.280,0.351743,0.226700
622,1XC0,56.06,0.609700,1.00,-1817.545,100.467,0.452410,0.406820
623,1XF7,89.66,0.783000,1.00,-1832.626,116.764,0.252095,0.674450
624,1XOO,51.25,0.490600,1.00,-702.408,144.428,0.477101,0.200580
625,1XOP,68.75,0.545200,1.00,-989.361,125.371,0.320071,0.280260
626,1XRZ,85.83,0.710900,1.00,-1842.134,129.480,0.283194,0.676780
627,1XT7,55.77,0.483300,1.00,-318.751,77.960,0.396214,0.282370
628,1XUT,59.78,0.568200,1.00,-3337.361,294.015,0.490399,0.485350
629,1XV3,43.09,0.544700,1.00,-2748.813,260.525,1.232361,0.378030
630,1XXZ,50.00,0.504100,1.00,-382.619,75.629,0.578650,0.166360
631,1XY4,47.92,0.418400,1.00,-542.959,83.395,0.358956,0.212710
632,1XY6,66.67,0.498700,1.00,-467.283,124.410,0.292609,0.355900
633,1XY8,40.38,0.417900,1.00,-610.930,96.094,0.476838,0.169510
634,1XY9,47.73,0.534000,1.00,-381.741,65.656,0.598635,0.311050
635,1Y03,80.00,0.776400,1.00,-1401.077,41.178,0.359912,0.648240
636,1Y04,62.14,0.792100,1.00,-1401.077,41.178,0.672171,0.485600
637,1Y1B,83.33,0.717000,1.00,-3683.049,196.186,0.275853,0.734450
638,1Y1C,82.29,0.695100,1.00,-3638.198,207.254,0.279297,0.701570
639,1Y29,76.79,0.590100,1.00,-1637.924,222.977,0.281503,0.452140
640,1Y2P,88.97,0.719200,1.00,-2180.873,185.577,0.133793,0.689940
641,1Y32,45.83,0.463800,1.00,-953.394,122.321,0.594659,0.157800
642,1Y4E,44.44,0.538800,1.00,-1868.192,110.016,0.565254,0.248810
643,1Y5C,77.27,0.526200,1.00,-371.538,155.865,0.351700,0.459290
644,1YIU,86.49,0.762700,1.00,-2371.471,225.193,0.137582,0.706830
645,1YMZ,79.07,0.692000,1.00,-2470.089,311.242,0.235110,0.711340
646,1YP8,65.91,0.489400,1.00,-2362.747,219.462,0.630535,0.477190
647,1YT6,65.00,0.540100,1.00,-432.516,66.806,0.253290,0.307040
648,1YTR,64.42,0.614600,1.00,-1588.302,64.532,0.577528,0.354870
649,1YV8,84.78,0.710300,1.00,-3663.472,206.349,0.207936,0.732000
650,1YVA,81.52,0.690400,1.00,-3663.472,206.349,0.255981,0.715080
651,1YWJ,63.41,0.593800,1.00,-2078.990,232.344,0.688504,0.502890
652,1YYB,73.15,0.605900,1.00,-1691.574,130.448,0.564494,0.459280
653,1Z0Q,22.02,0.319900,1.00,-1837.360,287.021,1.316243,0.246060
654,1Z2T,76.09,0.593400,1.00,-1786.030,79.545,0.453704,0.421840
655,1Z65,71.67,0.609300,1.00,-2132.088,72.015,0.325233,0.492990
656,1Z6V,48.47,0.467400,1.00,-3494.781,196.097,0.786080,0.397200
657,1Z6W,28.57,0.321900,1.00,-3494.781,196.097,1.113045,0.210560
658,1Z99,76.19,0.594700,1.00,-2404.648,197.859,0.456191,0.602150
659,1ZA8,56.45,0.440300,1.00,-2262.443,276.313,0.448362,0.305180
660,1ZAQ,57.95,0.564100,1.00,-3119.236,315.328,0.688593,0.435690
661,1ZDA,78.29,0.672000,1.00,-2577.499,185.443,0.499230,0.699460
662,1ZDB,73.03,0.676400,1.00,-2577.499,185.443,0.412957,0.559600
663,1ZFD,86.72,0.733500,1.00,-1884.518,164.474,0.164790,0.637570
664,1ZFU,81.88,0.693600,1.00,-2641.195,249.211,0.190700,0.688820
665,1ZJQ,78.68,0.605700,1.00,-2403.856,258.398,0.188556,0.561460
666,1ZNM,80.36,0.674600,1.00,-1867.189,140.087,0.210472,0.480730
667,1ZNU,95.69,0.793300,1.00,-1894.529,138.403,0.080578,0.749440
668,1ZR7,90.00,0.721500,1.00,-1844.659,153.960,0.205470,0.714300
669,1ZRV,73.00,0.668000,1.00,-1807.768,50.276,0.241916,0.333240
670,1ZRW,62.00,0.610500,1.00,-1807.768,50.276,0.468186,0.314360
671,1ZRX,52.38,0.578300,1.00,-2338.768,184.310,0.659699,0.438410
672,1ZTA,77.86,0.628700,1.00,-2591.587,72.542,0.362684,0.707330
673,1ZTN,26.67,0.474000,1.00,-901.671,233.033,0.961297,0.170290
674,1ZTO,45.27,0.529500,1.00,-1760.977,181.005,0.928958,0.330790
675,1ZUE,54.76,0.497800,1.00,-2752.888,237.662,0.672752,0.419470
676,1ZUF,59.52,0.497200,1.00,-2752.888,237.662,0.573688,0.448690
677,1ZUV,80.83,0.636900,1.00,-1904.521,133.096,0.279080,0.552260
678,1ZWA,41.91,0.543000,1.00,-2706.621,79.669,0.931825,0.304660
679,1ZWB,47.92,0.574000,1.00,-2988.234,78.771,1.015314,0.401440
680,1ZWC,47.30,0.586600,1.00,-2913.010,111.633,0.696008,0.357060
681,1ZWD,42.86,0.563500,1.00,-2846.848,77.919,0.681503,0.318080
682,1ZWE,47.79,0.555900,1.00,-2695.324,106.437,0.703828,0.387010
683,1ZWU,86.67,0.751200,1.00,-1843.442,122.675,0.174177,0.594460
684,2A1C,75.00,0.571900,1.00,-860.474,69.233,0.275865,0.330780
685,2A2B,41.46,0.471100,1.00,-2057.986,256.694,0.757080,0.292260
686,2A2V,87.50,0.705000,1.00,-2161.041,154.840,0.171323,0.694110
687,2A51,62.82,0.643800,1.00,-2300.792,204.116,0.389645,0.398030
688,2AAP,90.44,0.649400,1.00,-2403.856,258.398,0.152019,0.713470
689,2AB3,84.48,0.688300,1.00,-1720.937,144.711,0.171136,0.568070
690,2AB7,93.10,0.716400,1.00,-1746.358,155.287,0.111392,0.695100
691,2AB9,39.52,0.418900,1.00,-1415.331,195.763,0.667845,0.198300
692,2ADX,48.75,0.528300,1.00,-2480.566,194.838,0.593311,0.344590
693,2AJJ,83.04,0.715200,1.00,-1987.409,76.071,0.224943,0.541360
694,2AJM,82.14,0.698300,1.00,-1987.409,76.071,0.184420,0.584060
695,2AJN,79.46,0.694600,1.00,-1987.409,76.071,0.245413,0.538860
696,2AJO,82.14,0.698300,1.00,-1987.409,76.071,0.184420,0.584060
697,2AJW,46.59,0.525000,1.00,-844.664,196.718,0.643424,0.178270
698,2AK0,54.35,0.557600,1.00,-895.345,193.118,0.684546,0.263640
699,2AMN,58.65,0.596800,1.00,-1748.093,104.438,0.481555,0.288650
700,2AP7,82.50,0.737200,1.00,-726.422,111.346,0.255597,0.388550
701,2AP8,75.00,0.696500,1.00,-726.422,111.346,0.344662,0.397420
702,2ARI,50.64,0.588700,1.00,-2268.432,88.156,0.566439,0.482410
703,2ATG,47.22,0.357200,1.00,-776.216,217.539,0.530376,0.130330
704,2AXK,84.87,0.678500,1.00,-3051.446,169.106,0.146718,0.670330
705,2B0Y,73.53,0.554100,1.00,-932.132,87.930,0.285656,0.330800
706,2B19,56.25,0.607000,1.00,-2000.113,181.838,0.463739,0.513090
707,2B38,88.71,0.719900,1.00,-1976.828,176.242,0.154548,0.678590
708,2B4N,50.60,0.588100,1.00,-2551.436,233.520,0.855266,0.479630
709,2B5B,32.64,0.383400,1.00,-1686.503,310.046,0.856685,0.202320
710,2B5P,63.64,0.532700,1.00,-377.705,112.693,0.303621,0.346780
711,2B5Q,54.55,0.536800,1.00,-377.705,112.693,0.439031,0.201550
712,2B68,86.63,0.741200,1.00,-3004.764,228.521,0.167260,0.751020
713,2B9K,68.62,0.597300,1.00,-3785.953,304.557,0.637800,0.515700
714,2BAI,39.84,0.390000,1.00,-1669.488,211.573,1.113212,0.259140
715,2BAO,67.50,0.534900,1.00,-256.106,77.377,0.302394,0.361320
716,2BAU,62.50,0.496100,1.00,-256.106,77.377,0.304808,0.364430
717,2BBG,35.62,0.354300,1.00,-2846.112,227.507,0.810360,0.355270
718,2BBL,31.82,0.546000,1.00,-752.292,126.397,1.071715,0.113320
719,2BBP,34.09,0.535100,1.00,-752.292,126.397,1.200793,0.148720
720,2BBX,77.04,0.687700,1.00,-2451.363,201.495,0.260221,0.678480
723,2BDS,82.56,0.655400,1.00,-3196.030,262.486,0.151061,0.709460
724,2BEY,42.19,0.519200,1.00,-428.593,95.655,0.822333,0.137690
725,2BL6,47.30,0.474800,1.00,-2034.673,171.671,0.658303,0.302340
726,2BMT,97.30,0.779700,1.00,-3016.691,182.368,0.063391,0.889090
727,2BN6,70.45,0.614100,1.00,-2522.829,141.927,0.368973,0.494220
728,2BP4,40.62,0.434300,1.00,-515.517,99.540,0.566011,0.152720
729,2BTG,83.51,0.714100,1.00,-3820.377,148.619,0.563310,0.771510
730,2BTH,79.79,0.658200,1.00,-3820.377,148.619,0.541812,0.707430
731,2C6A,78.80,0.694800,1.00,-2872.313,244.751,0.415790,0.679150
732,2C6B,75.54,0.710000,1.00,-2872.313,244.751,0.510092,0.637890
733,2CBH,100.00,0.832200,1.00,-2394.911,195.916,0.046138,0.929280
734,2CEF,44.74,0.474000,1.00,-609.156,132.679,0.599999,0.124200
735,2CEH,59.21,0.521600,1.00,-609.156,132.679,0.312853,0.182000
736,2CEZ,48.68,0.508900,1.00,-609.156,132.679,0.467944,0.145410
737,2CFJ,47.37,0.516700,1.00,-609.156,132.679,0.615830,0.189260
738,2CK4,79.61,0.695700,1.00,-2741.768,210.739,0.171342,0.611690
739,2CK5,81.45,0.697800,1.00,-1868.812,166.029,0.186225,0.543650
740,2CQ7,70.41,0.677800,1.00,-2825.305,269.681,0.556044,0.610950
741,2CRD,91.22,0.704100,1.00,-2820.305,187.306,0.126164,0.760530
742,2CSA,39.47,0.504300,1.00,-449.300,101.535,0.751622,0.135050
743,2CTI,94.83,0.732200,1.00,-1909.171,192.933,0.111646,0.723640
744,2CYU,76.88,0.587500,1.00,-3179.404,113.360,0.411741,0.625960
745,2DCI,58.75,0.465800,1.00,-745.538,142.822,0.448075,0.121960
746,2DCO,33.09,0.336400,1.00,-1692.413,358.911,0.722815,0.244790
747,2DCV,32.14,0.368500,1.00,-3096.553,315.222,0.798812,0.254260
748,2DCW,83.93,0.683900,1.00,-2911.300,240.887,0.199513,0.711860
749,2DDL,78.03,0.636300,1.00,-2544.680,110.375,0.313737,0.516980
750,2DI2,73.28,0.648500,1.00,-1258.853,133.923,0.477449,0.528950
751,2DJ9,78.26,0.606500,1.00,-1102.621,100.507,0.309771,0.390860
752,2DJC,81.52,0.650000,1.00,-1116.508,110.910,0.307151,0.433440
753,2DMV,68.60,0.631100,1.00,-2367.525,305.393,0.692498,0.589070
754,2DQ5,77.13,0.642800,1.00,-3267.303,230.471,0.267666,0.660300
755,2DTB,74.04,0.719500,1.00,-1824.170,38.254,0.261776,0.452640
756,2DWF,68.38,0.565700,1.00,-3268.901,149.506,0.325222,0.493730
757,2DX2,59.09,0.513200,1.00,-398.075,73.438,0.322753,0.270580
758,2DX3,36.11,0.387100,1.00,-828.057,104.281,0.783123,0.214930
759,2DX4,54.17,0.422700,1.00,-828.057,104.281,0.426002,0.125000
760,2E1X,67.59,0.631700,1.00,-1136.192,131.035,0.492532,0.368260
761,2E2F,86.59,0.705400,1.00,-3070.309,202.335,0.157082,0.728100
762,2E3E,46.11,0.456600,1.00,-3611.814,267.477,0.810188,0.347640
763,2E3F,54.65,0.527900,1.00,-2889.959,231.236,0.789549,0.437940
764,2E3G,64.38,0.530500,1.00,-3097.390,328.728,0.529041,0.499570
765,2E4E,52.50,0.498200,1.00,-311.435,35.674,0.512340,0.310310
766,2E5T,76.09,0.598400,1.00,-3819.804,139.820,0.188570,0.648060
767,2E5U,49.38,0.381000,1.00,-3207.416,113.773,1.329088,0.413330
768,2E72,65.82,0.622600,1.00,-2454.599,316.852,0.582855,0.544900
769,2EBQ,63.30,0.694300,1.00,-2319.634,230.137,0.946990,0.562800
770,2EBR,71.28,0.708300,1.00,-2207.438,273.597,0.591040,0.615700
771,2EC7,59.18,0.600300,1.00,-2352.269,207.802,0.489160,0.455360
772,2EEM,77.21,0.694800,1.00,-2511.052,161.151,0.204404,0.547370
773,2EFZ,59.38,0.485700,1.00,-613.274,113.215,0.388844,0.129860
774,2EKK,81.38,0.701600,1.00,-4060.575,147.826,0.650810,0.752370
775,2EL4,55.43,0.720700,1.00,-2211.362,234.646,0.983608,0.473090
776,2EL5,66.67,0.672300,1.00,-2004.620,231.572,0.772135,0.585720
777,2EL6,57.61,0.688200,1.00,-2330.232,220.480,0.899114,0.511620
778,2ELM,77.70,0.692200,1.00,-2257.066,149.820,0.351873,0.646650
779,2ELN,80.26,0.730100,1.00,-2266.894,182.082,0.443565,0.719840
780,2ELO,77.70,0.715500,1.00,-2206.668,169.691,0.317070,0.593970
781,2ELP,76.35,0.635000,1.00,-2528.217,240.711,0.725666,0.639590
782,2ELQ,78.47,0.745400,1.00,-1959.964,148.938,0.433233,0.595500
783,2ELR,70.83,0.737500,1.00,-1475.966,125.428,0.800511,0.578560
784,2ELS,81.25,0.766500,1.00,-2143.115,207.693,0.413796,0.683090
785,2ELT,78.47,0.801500,1.00,-1977.858,130.892,0.683825,0.689800
786,2ELU,71.62,0.668400,1.00,-1878.203,215.058,0.723442,0.573820
787,2ELV,75.69,0.670700,1.00,-2003.609,181.151,0.386119,0.633900
788,2ELW,76.35,0.729600,1.00,-2074.967,181.226,0.454828,0.570150
789,2ELX,78.57,0.738500,1.00,-2017.768,183.444,0.530228,0.664670
790,2ELY,63.59,0.707900,1.00,-2089.020,248.925,0.740241,0.535820
791,2ELZ,61.96,0.674200,1.00,-2174.821,202.499,0.668054,0.533170
792,2EM0,67.39,0.769300,1.00,-2268.007,211.467,0.737477,0.569560
793,2EM1,63.07,0.713400,1.00,-2096.870,225.016,0.667656,0.516530
794,2EM2,60.33,0.715500,1.00,-2146.761,218.063,0.865849,0.556830
795,2EM3,59.78,0.705300,1.00,-2108.377,253.266,1.021604,0.514160
796,2EM4,57.61,0.697500,1.00,-1974.394,231.582,1.276760,0.493090
797,2EM5,58.70,0.669500,1.00,-1902.875,239.304,0.932312,0.513000
798,2EM6,62.50,0.698900,1.00,-2008.723,287.322,0.861517,0.518900
799,2EM7,59.78,0.665200,1.00,-2125.763,223.536,0.825696,0.536380
800,2EM8,68.48,0.744600,1.00,-2273.755,193.847,0.575446,0.580460
801,2EM9,70.65,0.732000,1.00,-2174.958,329.576,0.660446,0.603850
802,2EMA,71.74,0.714800,1.00,-2116.760,231.028,0.530513,0.577250
803,2EMB,61.36,0.673200,1.00,-1958.284,233.622,0.900560,0.522490
804,2EMC,63.04,0.737800,1.00,-2242.038,212.374,0.780605,0.576840
805,2EME,63.59,0.709400,1.00,-2328.486,238.329,0.677840,0.563620
806,2EMF,62.50,0.754600,1.00,-1938.538,190.227,0.893047,0.535290
807,2EMG,63.04,0.714800,1.00,-2256.460,224.605,0.862853,0.528820
808,2EMH,68.48,0.741000,1.00,-2224.802,347.611,0.604433,0.572880
809,2EMI,57.61,0.612500,1.00,-2280.630,263.230,1.052799,0.514250
810,2EMJ,61.41,0.700500,1.00,-2082.712,311.185,0.821200,0.512790
811,2EMK,59.78,0.702000,1.00,-2151.822,201.569,0.838752,0.526690
812,2EML,60.87,0.655400,1.00,-2068.164,296.350,1.103677,0.530230
813,2EMM,60.87,0.728200,1.00,-2144.705,193.959,0.852922,0.551450
814,2EMP,64.13,0.753200,1.00,-2166.424,283.734,0.675328,0.546840
815,2EMV,60.23,0.725000,1.00,-2119.751,220.331,0.953681,0.547470
816,2EMW,65.34,0.675100,1.00,-2276.150,197.077,0.739173,0.551460
817,2EMX,68.75,0.750700,1.00,-1877.019,207.602,0.773726,0.614750
818,2EMY,61.96,0.687200,1.00,-2300.830,226.908,0.979057,0.555230
819,2EMZ,64.13,0.695300,1.00,-2020.562,222.147,0.683903,0.540040
820,2EN0,69.64,0.699700,1.00,-1919.083,343.099,0.659276,0.616850
821,2EN1,62.50,0.694000,1.00,-1798.175,219.433,0.849937,0.542600
822,2EN2,67.86,0.753700,1.00,-2052.605,251.373,0.691753,0.557260
823,2EN3,60.87,0.664700,1.00,-2599.539,258.988,0.942711,0.508360
824,2EN4,63.04,0.689900,1.00,-2152.944,230.739,0.857383,0.553370
825,2EN6,64.13,0.747700,1.00,-2046.746,270.889,0.772671,0.539060
826,2EN7,60.80,0.702800,1.00,-2018.913,202.222,0.838127,0.525520
827,2EN8,57.61,0.744500,1.00,-2162.919,233.675,1.027714,0.519240
828,2EN9,55.98,0.708100,1.00,-1847.472,220.392,0.904030,0.505640
829,2ENA,55.98,0.696700,1.00,-2049.288,224.006,1.098165,0.489510
830,2ENC,58.70,0.716400,1.00,-2137.285,212.993,0.867904,0.502560
831,2ENE,62.50,0.707600,1.00,-2076.981,283.999,0.890675,0.538610
832,2ENF,56.52,0.690900,1.00,-2040.714,213.662,1.121968,0.491050
833,2ENH,57.61,0.703200,1.00,-2120.049,264.586,1.029945,0.492120
834,2ENT,69.79,0.740300,1.00,-2381.956,249.044,0.738137,0.601420
835,2EOE,55.98,0.717200,1.00,-2106.206,215.089,0.940093,0.271350
836,2EOF,61.36,0.713000,1.00,-1962.953,258.453,0.918018,0.514890
837,2EOG,64.20,0.721400,1.00,-2273.522,186.453,0.802461,0.554690
838,2EOH,57.07,0.650600,1.00,-2046.540,217.212,0.966708,0.472900
839,2EOI,66.48,0.699300,1.00,-2180.622,244.024,0.806692,0.562260
840,2EOJ,54.55,0.639300,1.00,-1930.977,305.315,0.932098,0.478860
841,2EOK,73.21,0.709200,1.00,-2094.483,281.850,0.637008,0.632590
842,2EOL,71.43,0.736600,1.00,-1995.335,235.130,0.805473,0.651050
843,2EOM,60.33,0.701100,1.00,-2246.063,193.823,1.069746,0.538100
844,2EON,62.50,0.727900,1.00,-2040.244,234.238,0.950643,0.553890
845,2EOO,70.11,0.779100,1.00,-2264.104,227.890,0.611110,0.589020
846,2EOP,61.96,0.712300,1.00,-2009.029,248.597,0.898536,0.572630
847,2EOQ,64.67,0.735100,1.00,-2135.115,232.466,0.703523,0.545400
848,2EOR,61.41,0.760300,1.00,-1953.015,254.603,1.099802,0.536270
849,2EOS,70.83,0.744000,1.00,-2171.391,198.143,0.781146,0.596660
850,2EOU,60.80,0.735100,1.00,-1772.229,208.255,1.235945,0.535880
851,2EOV,59.78,0.733400,1.00,-2184.662,269.960,1.261679,0.510730
852,2EOW,67.39,0.744800,1.00,-1949.391,273.556,0.668760,0.560130
853,2EOX,59.66,0.701400,1.00,-2076.326,213.551,1.004907,0.504600
854,2EOY,63.59,0.733000,1.00,-2194.869,233.937,0.647480,0.539370
855,2EOZ,60.33,0.762100,1.00,-2411.623,226.753,0.886898,0.521080
856,2EP0,61.96,0.732800,1.00,-2046.399,275.452,0.713480,0.521850
857,2EP1,59.78,0.690100,1.00,-2075.014,255.981,1.121875,0.523250
858,2EP2,57.61,0.715100,1.00,-2118.261,190.273,0.950908,0.524840
859,2EP3,59.78,0.737700,1.00,-2242.794,219.249,0.920753,0.540580
860,2EPC,60.71,0.675100,1.00,-2008.220,217.572,0.943778,0.559380
861,2EPQ,48.33,0.657500,1.00,-2308.313,249.678,1.054355,0.396670
862,2EPR,56.77,0.656200,1.00,-2308.209,216.359,0.824452,0.478800
863,2EPT,67.07,0.689200,1.00,-1864.722,228.287,0.653208,0.520550
864,2EPU,65.56,0.722100,1.00,-2099.194,202.090,0.883501,0.567940
865,2EPV,67.61,0.655200,1.00,-2128.619,237.742,0.590939,0.565980
866,2EPW,60.33,0.658300,1.00,-2192.256,264.638,0.641853,0.499720
867,2EPX,60.64,0.640300,1.00,-2557.237,302.924,0.848243,0.537250
868,2EPY,63.10,0.711500,1.00,-1887.701,185.561,0.900313,0.565410
869,2EPZ,61.41,0.719100,1.00,-1985.173,228.020,0.918214,0.550630
870,2EQ0,65.76,0.684200,1.00,-2119.609,248.861,0.628793,0.538020
871,2EQ1,60.33,0.716500,1.00,-1966.370,228.703,0.620522,0.474450
872,2EQ2,52.17,0.630500,1.00,-1994.898,233.279,1.052687,0.457300
873,2EQ3,53.80,0.673000,1.00,-1881.510,253.798,0.929243,0.468880
874,2EQ4,52.17,0.627900,1.00,-2118.275,255.889,0.745435,0.410740
875,2EQE,66.15,0.691900,1.00,-2586.442,268.706,0.580505,0.597480
876,2EQF,61.96,0.639700,1.00,-2490.994,243.424,0.852165,0.532300
877,2EQG,67.35,0.689000,1.00,-2463.935,245.508,0.649830,0.601750
878,2EQH,78.26,0.679100,1.00,-1127.937,105.977,0.278429,0.355400
879,2EQQ,66.96,0.555100,1.00,-1374.547,251.513,0.518056,0.442110
880,2EQT,74.11,0.600500,1.00,-1374.547,251.513,0.349471,0.476430
881,2EQW,61.31,0.627400,1.00,-2159.499,206.701,0.853869,0.527490
882,2ERI,71.77,0.609700,1.00,-1995.784,213.318,0.380787,0.454590
883,2ESX,42.11,0.415000,1.00,-643.920,116.198,0.928454,0.130150
884,2ESZ,38.16,0.369400,1.00,-643.920,116.198,0.990181,0.127340
885,2ETI,79.46,0.654900,1.00,-1935.937,160.900,0.210082,0.454240
886,2EVQ,58.33,0.501500,1.00,-194.129,110.556,0.321681,0.257470
887,2EYA,84.24,0.701800,1.00,-3663.472,206.349,0.210070,0.725750
888,2EYB,88.04,0.711300,1.00,-3663.472,206.349,0.184409,0.754460
889,2EYC,84.78,0.705400,1.00,-3663.472,206.349,0.140993,0.756220
890,2EYD,91.30,0.741700,1.00,-3663.472,206.349,0.125545,0.805920
891,2F2I,82.76,0.675600,1.00,-1670.054,146.529,0.209024,0.559190
892,2F2J,90.52,0.761400,1.00,-1680.129,119.973,0.105235,0.657040
893,2F5H,39.19,0.376900,1.00,-2158.538,199.529,0.756165,0.303680
896,2FJ4,38.51,0.400700,1.00,-2158.538,199.529,0.713565,0.283350
897,2FJ5,39.19,0.417000,1.00,-2158.538,199.529,0.740653,0.272670
898,2FQA,70.37,0.573700,1.00,-1844.891,155.460,0.358965,0.410210
899,2FR9,63.46,0.548000,1.00,-529.328,93.192,0.482488,0.274870
900,2FRB,71.15,0.507300,1.00,-464.329,52.193,0.312700,0.311650
901,2FXY,80.56,0.702300,1.00,-1049.253,34.393,0.236595,0.370120
902,2FXZ,76.92,0.588100,1.00,-696.228,34.559,0.356356,0.365950
903,2G6U,58.33,0.469800,1.00,-594.501,104.063,0.443733,0.229820
904,2G9L,39.19,0.469400,1.00,-2645.330,139.811,1.020529,0.365690
905,2G9P,72.12,0.651000,1.00,-1698.590,64.697,0.278963,0.388150
906,2GD3,34.38,0.470900,1.00,-649.986,160.367,0.668616,0.167020
907,2GDL,34.68,0.450300,1.00,-1328.455,206.085,1.128377,0.274810
908,2GFR,59.09,0.546300,1.00,-462.012,66.254,0.402432,0.342740
909,2GJ0,81.45,0.680100,1.00,-2030.598,214.373,0.171237,0.579880
910,2GL1,99.47,0.840700,1.00,-3538.490,263.564,0.047746,0.954590
911,2GOF,58.57,0.579800,1.00,-2230.491,97.070,0.499214,0.477040
912,2GOH,62.14,0.591000,1.00,-2230.491,97.070,0.466559,0.508570
913,2GP8,76.88,0.652000,1.00,-2657.501,109.952,0.453136,0.654610
914,2GQE,84.38,0.748900,1.00,-1912.194,151.193,0.412423,0.700720
915,2GW9,92.97,0.731400,1.00,-1911.438,183.801,0.117542,0.738470
916,2GWP,89.06,0.684500,1.00,-1962.558,182.028,0.140691,0.685640
917,2GX1,62.93,0.502000,1.00,-1865.354,233.100,0.327572,0.371100
918,2H1Z,86.54,0.770100,1.00,-2611.617,248.078,0.170747,0.727730
919,2H9X,59.57,0.521100,1.00,-2989.698,236.647,0.391335,0.506820
920,2HFR,62.96,0.613000,1.00,-1778.644,85.395,0.419268,0.307910
921,2HGO,46.30,0.396800,1.00,-1709.751,187.759,0.588346,0.271380
922,2HLG,84.62,0.727400,1.00,-2591.288,227.674,0.223139,0.701940
923,2HM3,53.23,0.503500,1.00,-1795.840,216.521,0.791534,0.332140
924,2HM4,47.58,0.426300,1.00,-1489.044,379.954,0.691175,0.274660
925,2HM5,43.55,0.403900,1.00,-1489.044,379.954,0.688430,0.241150
926,2HM6,44.35,0.457100,1.00,-1744.901,160.385,0.808865,0.230920
927,2HN8,69.08,0.691100,1.00,-3140.040,107.443,0.313301,0.534550
928,2I1P,76.04,0.739900,1.00,-2379.656,351.004,0.303027,0.677960
929,2I1T,67.36,0.551700,1.00,-2054.332,255.516,0.371457,0.464460
930,2I5O,94.23,0.801600,1.00,-2772.944,168.230,0.097155,0.833120
931,2I9M,89.71,0.737300,1.00,-1104.373,22.355,0.121776,0.408990
932,2I9N,47.73,0.578300,1.00,-1624.009,131.767,0.709969,0.329210
933,2I9O,50.68,0.453500,1.00,-1624.481,177.727,0.809216,0.352380
934,2IFJ,64.58,0.516500,1.00,-480.487,82.105,0.312466,0.313410
935,2IGU,77.08,0.562500,1.00,-521.186,65.502,0.211119,0.386170
936,2IH6,56.82,0.482800,1.00,-412.822,120.329,0.432747,0.257360
937,2IMU,47.28,0.459100,1.00,-3360.243,134.531,1.102868,0.387010
938,2IT7,86.61,0.665600,1.00,-1935.937,160.900,0.167471,0.638670
939,2IV4,35.94,0.439900,1.00,-374.222,82.939,0.607215,0.153000
940,2IV5,54.35,0.545500,1.00,-800.712,135.616,0.651863,0.283240
941,2IV6,30.43,0.477900,1.00,-606.275,125.557,1.105965,0.183500
942,2IWJ,46.30,0.461800,1.00,-1136.192,131.035,0.776005,0.240410
943,2J15,56.67,0.500600,1.00,-525.689,164.500,0.349491,0.251760
944,2J8P,40.82,0.507500,1.00,-4569.923,120.948,1.099706,0.335330
945,2JM0,85.00,0.756300,1.00,-3109.702,124.203,0.153958,0.603810
946,2JM2,22.22,0.371300,1.00,-1352.005,299.492,1.155129,0.210030
947,2JM4,82.56,0.713600,1.00,-2252.967,274.371,0.226936,0.706160
948,2JMY,96.67,0.736400,1.00,-1037.794,40.768,0.102008,0.592020
949,2JN5,66.67,0.528100,1.00,-409.589,72.142,0.360864,0.274180
950,2JNH,82.07,0.680400,1.00,-4373.860,195.266,0.347403,0.717900
951,2JNI,71.43,0.467600,1.00,-1287.041,147.513,0.404948,0.253290
952,2JOC,68.92,0.598200,1.00,-2371.471,225.193,0.330958,0.540840
953,2JOF,60.00,0.683900,1.00,-763.750,104.705,0.848606,0.341720
954,2JOS,34.09,0.381900,1.00,-911.393,185.887,0.758078,0.109180
955,2JOU,43.38,0.327600,1.00,-3268.901,149.506,1.056896,0.347240
956,2JP6,56.76,0.530100,1.00,-2127.830,131.879,0.784400,0.410040
957,2JPJ,48.72,0.578900,1.00,-1873.543,168.895,0.660266,0.405260
958,2JPK,45.71,0.511600,1.00,-2283.691,166.912,0.766344,0.394980
959,2JPL,45.51,0.537900,1.00,-1873.543,168.895,0.535995,0.388070
960,2JPM,47.14,0.514300,1.00,-2283.691,166.912,0.595147,0.385280
961,2JPW,31.25,0.485700,1.00,-805.823,186.712,0.996406,0.171100
962,2JPX,70.00,0.647700,1.00,-2225.928,170.068,0.527426,0.551950
963,2JQ2,66.67,0.483500,1.00,-517.564,140.974,0.398619,0.377850
964,2JQB,53.33,0.526000,1.00,-621.037,89.498,0.330487,0.196340
965,2JQC,55.00,0.454700,1.00,-621.037,89.498,0.489237,0.244890
966,2JQW,52.94,0.465800,1.00,-801.260,90.510,0.453033,0.155270
967,2JR3,38.10,0.380600,1.00,-2546.664,405.483,0.699228,0.322480
968,2JR8,57.74,0.617500,1.00,-2045.290,233.904,0.422018,0.513490
969,2JRD,64.81,0.590800,1.00,-976.259,132.339,0.383127,0.302820
970,2JRV,58.33,0.574600,1.00,-745.406,73.890,0.496759,0.233940
971,2JRW,40.22,0.579700,1.00,-871.409,121.977,1.123836,0.164400
972,2JRY,33.15,0.375400,1.00,-2886.189,330.324,0.954967,0.287810
973,2JSB,66.67,0.531900,1.00,-970.188,189.494,0.301269,0.240850
974,2JTA,50.00,0.504600,1.00,-396.461,29.359,0.348381,0.382750
975,2JTB,90.15,0.695500,1.00,-2019.673,182.944,0.144175,0.719100
976,2JTU,29.61,0.398300,1.00,-2232.430,215.978,0.827960,0.228900
977,2JTW,68.00,0.650400,1.00,-1636.369,56.018,0.419823,0.370960
978,2JUE,34.48,0.295400,1.00,-1894.529,138.403,0.803735,0.183000
979,2JUI,56.82,0.654800,1.00,-1880.711,83.703,0.649270,0.396930
980,2JUQ,65.38,0.523600,1.00,-575.881,72.072,0.399758,0.284480
981,2JUR,71.15,0.561700,1.00,-557.837,100.776,0.253315,0.247490
982,2JUS,73.08,0.571200,1.00,-506.724,94.572,0.394966,0.331580
983,2JUT,63.46,0.556300,1.00,-472.882,90.470,0.370671,0.273750
984,2JUY,59.82,0.546900,1.00,-1756.014,256.325,0.421985,0.253010
985,2JVX,90.18,0.722000,1.00,-1835.891,144.478,0.177548,0.674180
986,2JVY,83.04,0.630300,1.00,-1683.373,181.383,0.283368,0.597840
987,2JWG,86.96,0.723400,1.00,-2841.690,206.154,0.170506,0.786250
988,2JWH,49.48,0.623700,1.00,-2048.182,304.561,0.687572,0.402640
989,2JWM,92.24,0.766300,1.00,-1936.121,173.338,0.134638,0.716030
990,2JXF,66.67,0.652000,1.00,-2425.979,107.378,0.419614,0.551610
991,2JY0,68.52,0.614400,1.00,-1669.613,51.553,0.368845,0.406290
992,2JYD,69.02,0.688000,1.00,-2007.600,246.806,0.822774,0.609590
993,2JYP,41.67,0.409200,1.00,-2674.175,150.916,0.807021,0.274340
994,2K10,42.97,0.575500,1.00,-1761.029,112.363,0.804304,0.333440
995,2K1A,63.69,0.731100,1.00,-2893.449,115.927,0.682911,0.536350
996,2K1I,92.97,0.710200,1.00,-1890.145,145.718,0.132657,0.708080
997,2K1P,78.03,0.669000,1.00,-1824.437,221.398,0.321412,0.585180
998,2K2Y,80.13,0.641400,1.00,-3115.939,207.636,0.266286,0.640340
999,2K2Z,71.15,0.598700,1.00,-2269.828,179.924,0.386081,0.570880
1000,2K44,51.79,0.529200,1.00,-2205.372,147.276,0.664262,0.396410
1001,2K4U,91.22,0.736000,1.00,-2652.887,182.577,0.113221,0.771850
1004,2K6O,70.95,0.751600,1.00,-2913.858,77.698,0.356969,0.563730
1005,2K6R,64.66,0.503900,1.00,-2055.590,93.679,0.634218,0.440730
1006,2K72,89.86,0.706400,1.00,-3474.916,175.675,0.132823,0.746210
1007,2K76,83.33,0.722600,1.00,-1922.318,144.018,0.153627,0.632300
1008,2K7G,87.07,0.726100,1.00,-2031.452,166.752,0.221662,0.699150
1009,2K7Y,29.44,0.590000,1.00,-2258.357,210.597,1.150507,0.261330
1010,2K84,32.50,0.487400,1.00,-1222.824,189.861,0.702459,0.216510
1012,2K98,60.42,0.637400,1.00,-1145.280,56.856,0.786799,0.301990
1013,2K9D,53.98,0.665900,1.00,-3230.653,198.869,0.693510,0.436930
1014,2K9O,65.28,0.537400,1.00,-1910.632,167.193,0.400215,0.426440
1015,2KAM,82.69,0.702100,1.00,-1824.170,38.254,0.190654,0.618700
1016,2KB8,49.32,0.557600,1.00,-1683.867,181.407,1.134196,0.369130
1017,2KB9,75.00,0.637300,1.00,-2884.049,336.344,0.240716,0.609540
1018,2KBL,68.10,0.638000,1.00,-1667.315,216.642,0.354987,0.382930
1019,2KCF,72.92,0.634700,1.00,-2286.737,189.822,0.394454,0.538950
1020,2KCG,81.67,0.669000,1.00,-1971.030,372.094,0.182943,0.476570
1021,2KCH,87.93,0.727800,1.00,-1775.767,213.954,0.167813,0.635000
1023,2KDT,43.33,0.517800,1.00,-2643.623,278.204,0.833618,0.338300
1024,2KE3,45.93,0.561700,1.00,-2450.353,226.514,0.701249,0.320380
1025,2KEF,48.00,0.429700,1.00,-1459.446,131.214,0.451338,0.176450
1026,2KEG,54.69,0.488800,1.00,-1777.802,109.081,0.671734,0.424500
1027,2KEH,57.03,0.504400,1.00,-1777.802,109.081,0.749012,0.466240
1028,2KES,69.79,0.805000,1.00,-3735.085,111.231,0.271282,0.707290
1029,2KFE,68.75,0.694000,1.00,-1661.153,49.675,0.286400,0.318130
1030,2KFQ,33.59,0.329900,1.00,-2389.368,114.920,0.850584,0.317770
1031,2KGH,45.51,0.442900,1.00,-2179.268,404.778,0.779362,0.371200
1032,2KGN,47.92,0.540400,1.00,-923.989,120.056,0.559861,0.314030
1033,2KGU,90.71,0.775400,1.00,-1953.972,245.580,0.143553,0.736700
1034,2KHB,89.66,0.720000,1.00,-1912.442,156.089,0.165996,0.648120
1035,2KHF,68.00,0.509000,1.00,-1412.282,131.887,0.670276,0.383760
1036,2KHG,64.00,0.484400,1.00,-1412.282,131.887,0.710418,0.369520
1037,2KI0,63.89,0.603200,1.00,-2423.901,135.252,0.406712,0.400590
1038,2KI9,55.30,0.630500,1.00,-2721.381,79.310,0.488248,0.385130
1039,2KIO,50.00,0.515100,1.00,-2141.711,141.689,0.603277,0.385160
1040,2KIR,73.53,0.581400,1.00,-2348.906,149.554,0.240694,0.512060
1041,2KIT,49.24,0.547700,1.00,-2141.711,141.689,0.600220,0.375730
1042,2KJM,43.33,0.509700,1.00,-1830.492,112.695,0.975643,0.286270
1043,2KJN,75.96,0.645700,1.00,-1867.100,33.618,0.457162,0.513940
1044,2KJO,63.46,0.606700,1.00,-1867.100,33.618,0.414859,0.350490
1045,2KLV,45.65,0.574900,1.00,-3231.738,79.603,0.638360,0.430820
1046,2KM9,44.00,0.484200,1.00,-1231.115,263.604,0.676297,0.186140
1047,2KMO,90.34,0.764700,1.00,-2909.285,157.217,0.208222,0.808530
1048,2KMP,84.66,0.746100,1.00,-2909.285,157.217,0.278403,0.754300
1049,2KMQ,76.70,0.697500,1.00,-2909.285,157.217,0.262728,0.620550
1050,2KMR,65.91,0.585800,1.00,-2909.285,157.217,0.957522,0.556940
1051,2KNI,85.98,0.688100,1.00,-2362.322,259.453,0.234565,0.734580
1052,2KNM,81.67,0.678500,1.00,-1971.030,372.094,0.175505,0.528890
1053,2KNP,82.58,0.697800,1.00,-1901.648,173.532,0.188327,0.600500
1054,2KNS,47.73,0.608600,1.00,-1817.545,100.467,1.052052,0.357720
1055,2KNU,46.55,0.428400,1.00,-1513.105,230.609,0.666760,0.291410
1056,2KOE,40.00,0.583500,1.00,-2994.757,108.641,1.006361,0.320610
1057,2KOZ,92.42,0.768200,1.00,-2203.401,121.021,0.134964,0.782750
1058,2KP0,87.12,0.696700,1.00,-2163.494,112.053,0.120991,0.654280
1059,2KPA,55.77,0.523300,1.00,-1329.516,77.945,0.385989,0.341400
1060,2KPB,47.12,0.503000,1.00,-1329.516,77.945,0.484271,0.304270
1061,2KSG,32.81,0.605400,1.00,-2838.681,124.108,1.127781,0.269670
1062,2KSJ,60.33,0.718900,1.00,-3231.738,79.603,0.594813,0.496280
1063,2KTC,66.91,0.557100,1.00,-1880.470,222.069,0.510651,0.426710
1064,2KTX,86.84,0.699400,1.00,-2748.300,164.326,0.180098,0.721630
1065,2KUK,85.83,0.724700,1.00,-2121.803,235.694,0.126194,0.627680
1066,2KUS,82.86,0.740500,1.00,-2216.575,164.202,0.151432,0.630350
1067,2KUX,86.67,0.699000,1.00,-2125.344,221.370,0.142958,0.591680
1068,2KUY,50.00,0.408400,1.00,-3299.251,297.017,0.771303,0.360280
1069,2KV5,71.97,0.621900,1.00,-2682.085,79.515,0.432848,0.529620
1070,2KVF,90.18,0.660900,1.00,-1885.416,93.786,0.165399,0.636200
1071,2KVG,79.63,0.681200,1.00,-1863.873,85.307,0.197142,0.444390
1072,2KVH,87.96,0.660900,1.00,-1670.229,120.100,0.202189,0.578830
1073,2KVX,91.96,0.770700,1.00,-1996.209,173.462,0.100525,0.679720
1074,2KWT,66.67,0.557900,1.00,-2586.386,125.895,0.497923,0.509990
1075,2KWY,58.72,0.724300,1.00,-2535.316,95.225,0.480317,0.574890
1076,2KWZ,65.00,0.638900,1.00,-3073.579,205.418,0.334719,0.443230
1077,2KXA,50.83,0.509800,1.00,-1529.798,91.644,0.878580,0.335860
1078,2KY3,85.61,0.688700,1.00,-2061.956,142.330,0.217390,0.646980
1079,2KYA,29.41,0.526900,1.00,-1105.750,161.505,0.968256,0.231500
1080,2KYJ,85.42,0.656800,1.00,-2182.236,230.389,0.227191,0.699670
1081,2KYK,62.18,0.500400,1.00,-2253.908,200.742,0.708277,0.465670
1082,2KZQ,37.50,0.433300,1.00,-1912.240,263.071,1.050804,0.290680
1083,2L07,83.33,0.589900,1.00,-925.392,82.801,0.179933,0.251730
1084,2L0G,82.81,0.661600,1.00,-2625.786,165.141,0.357808,0.676340
1085,2L0L,60.19,0.655500,1.00,-1645.100,52.199,0.562127,0.349290
1086,2L0M,64.81,0.662800,1.00,-1645.100,52.199,0.397618,0.325500
1087,2L0N,68.33,0.659900,1.00,-2352.811,74.486,0.291548,0.416930
1088,2L0O,60.00,0.584400,1.00,-2352.811,74.486,0.396799,0.399770
1089,2L1J,55.88,0.472400,1.00,-2002.439,317.367,0.410834,0.315550
1090,2L1Q,71.88,0.677000,1.00,-2187.201,239.110,0.627527,0.617450
1091,2L1X,41.03,0.535100,1.00,-2702.935,121.961,0.943936,0.337250
1092,2L2R,76.35,0.592700,1.00,-2098.870,229.354,0.510767,0.633740
1093,2L36,57.29,0.452800,1.00,-1308.296,68.274,0.550055,0.322880
1094,2L37,83.14,0.626100,1.00,-3379.890,179.783,0.290969,0.728900
1095,2L3H,37.82,0.446000,1.00,-2284.559,168.833,0.907855,0.291620
1096,2L3I,58.33,0.535100,1.00,-2215.529,85.019,0.565216,0.417380
1097,2L44,84.21,0.603600,1.00,-780.584,88.625,0.150305,0.274510
1098,2L4G,64.81,0.514100,1.00,-1377.755,119.665,0.494319,0.346400
1099,2L4J,65.76,0.627800,1.00,-2695.071,215.106,0.670698,0.550160
1100,2L4U,61.46,0.563400,1.00,-923.989,120.056,0.397225,0.263710
1101,2L5I,40.48,0.435600,1.00,-1242.853,99.972,0.674777,0.151060
1102,2L5J,44.05,0.447200,1.00,-1242.853,99.972,0.518647,0.110660
1103,2L5R,77.17,0.758300,1.00,-1386.552,47.069,0.263448,0.336760
1104,2L61,44.23,0.437800,1.00,-1099.525,236.764,0.877388,0.301330
1105,2L62,41.35,0.438400,1.00,-1099.525,236.764,0.901270,0.205680
1106,2L63,60.61,0.616700,1.00,-2413.572,78.973,0.506275,0.357130
1107,2L64,60.61,0.624000,1.00,-2413.572,78.973,0.395461,0.362450
1108,2L6S,47.50,0.535700,1.00,-753.093,114.328,0.894390,0.159110
1109,2L6T,40.00,0.521700,1.00,-753.093,114.328,0.593649,0.171120
1110,2L70,54.17,0.643600,1.00,-2551.436,233.520,0.684713,0.415990
1111,2L71,54.17,0.597200,1.00,-2551.436,233.520,0.549525,0.531770
1112,2L77,58.33,0.614500,1.00,-2284.559,168.833,0.807146,0.446180
1113,2L79,46.79,0.500500,1.00,-2284.559,168.833,0.640152,0.379720
1114,2L7C,40.79,0.371200,1.00,-947.423,143.216,0.774153,0.245380
1115,2L7T,63.64,0.524500,1.00,-265.702,56.256,0.379674,0.285410
1116,2L87,39.81,0.522500,1.00,-919.875,177.631,0.564153,0.233590
1117,2L8E,60.20,0.663500,1.00,-2744.966,318.831,0.969697,0.531420
1118,2L91,72.09,0.717700,1.00,-3395.800,139.697,0.266103,0.694200
1122,2L9G,75.00,0.625100,1.00,-1222.818,33.616,0.380393,0.281400
1123,2L9X,29.17,0.347500,1.00,-1600.472,217.958,0.854678,0.158420
1124,2L9Z,60.26,0.670200,1.00,-2130.760,193.383,0.780770,0.460140
1125,2LA0,34.17,0.346200,1.00,-1569.653,130.547,0.773583,0.212240
1126,2LAM,90.52,0.700300,1.00,-1951.692,185.260,0.133357,0.660170
1127,2LAQ,39.58,0.397200,1.00,-1991.947,283.721,0.835411,0.279780
1128,2LAT,63.51,0.710300,1.00,-2923.923,96.188,0.473322,0.526600
1129,2LB7,78.41,0.657300,1.00,-3104.409,256.623,0.242391,0.647360
1130,2LBG,84.26,0.873100,1.00,-1194.814,18.542,0.135934,0.510210
1131,2LBZ,40.32,0.372300,1.00,-2059.997,102.152,0.991530,0.312610
1132,2LCM,58.93,0.486300,1.00,-1988.422,126.732,0.819147,0.333010
1133,2LDE,62.00,0.553900,1.00,-1568.185,119.829,0.383927,0.264330
1134,2LDF,68.75,0.512500,1.00,-1688.683,115.437,0.400277,0.278860
1135,2LDJ,51.25,0.620600,1.00,-895.855,75.808,0.752432,0.232980
1136,2LDS,70.14,0.534200,1.00,-2202.388,264.305,0.324513,0.514540
1137,2LE3,62.50,0.674100,1.00,-2998.337,171.833,0.440795,0.415560
1138,2LE7,42.50,0.471800,1.00,-1450.629,83.736,0.538659,0.250120
1139,2LER,77.27,0.616200,1.00,-367.121,86.581,0.226403,0.355550
1140,2LET,85.71,0.688700,1.00,-1913.727,107.519,0.151987,0.543630
1141,2LEU,68.24,0.607900,1.00,-1884.664,217.474,0.508134,0.522520
1142,2LEW,60.16,0.460500,1.00,-2008.596,193.674,0.387578,0.380770
1143,2LEY,89.06,0.715000,1.00,-2029.280,150.090,0.192062,0.728760
1144,2LFM,32.50,0.440900,1.00,-1540.752,268.827,1.102489,0.247620
1145,2LG4,92.50,0.742400,1.00,-2593.119,181.872,0.152602,0.778850
1146,2LG5,75.69,0.613000,1.00,-2646.573,205.058,0.316493,0.549300
1147,2LG6,79.86,0.661300,1.00,-2618.000,204.179,0.247603,0.602450
1148,2LI3,65.83,0.530200,1.00,-2245.241,189.176,0.489552,0.383580
1149,2LIC,28.57,0.546900,1.00,-1012.505,210.353,1.044984,0.172240
1150,2LID,26.43,0.527900,1.00,-1070.425,196.530,1.523253,0.167700
1151,2LIF,62.04,0.624200,1.00,-1361.856,135.948,0.481406,0.373610
1152,2LIX,62.04,0.507400,1.00,-1813.107,117.378,0.380504,0.402060
1153,2LIY,60.00,0.539200,1.00,-2772.334,251.375,0.408539,0.471190
1154,2LJ7,77.66,0.671200,1.00,-3366.948,270.613,0.265389,0.673380
1155,2LJQ,43.92,0.457300,1.00,-1632.402,173.646,0.751779,0.329520
1156,2LJS,92.50,0.757900,1.00,-1590.884,155.068,0.247707,0.757910
1157,2LJT,47.30,0.419100,1.00,-2009.625,578.280,0.846179,0.386420
1158,2LK9,55.71,0.601000,1.00,-2167.976,97.905,0.519106,0.457360
1159,2LKE,37.50,0.438000,1.00,-620.764,175.852,0.649459,0.134040
1160,2LKJ,36.46,0.411300,1.00,-620.764,175.852,0.819545,0.115090
1161,2LKQ,57.29,0.506500,1.00,-1025.103,203.528,0.396230,0.224120
1162,2LL1,59.09,0.486700,1.00,-1954.078,258.985,0.554035,0.376850
1163,2LL2,34.62,0.480800,1.00,-769.217,180.116,0.878892,0.143800
1164,2LL5,76.14,0.716100,1.00,-1160.105,65.179,0.265809,0.388370
1165,2LLD,81.25,0.661000,1.00,-2667.955,208.037,0.341516,0.677230
1166,2LLM,47.67,0.704500,1.00,-2467.728,175.270,0.736690,0.519930
1167,2LLR,59.09,0.408300,1.00,-1243.476,124.877,0.536383,0.220190
1168,2LM8,59.62,0.461600,1.00,-354.450,109.084,0.370378,0.183900
1169,2LMA,55.68,0.566000,1.00,-1062.139,107.629,0.507658,0.329020
1170,2LMB,22.67,0.460600,1.00,-950.644,282.269,1.286360,0.205230
1171,2LMF,73.91,0.680700,1.00,-1707.384,48.085,0.235336,0.414200
1172,2LMZ,52.38,0.478400,1.00,-3573.975,265.403,0.764720,0.420290
1173,2LNE,55.77,0.457100,1.00,-504.376,67.879,0.372564,0.206540
1174,2LNF,50.00,0.483400,1.00,-504.376,67.879,0.433576,0.198070
1175,2LNG,48.08,0.432000,1.00,-504.376,67.879,0.468118,0.301200
1176,2LO2,74.34,0.620700,1.00,-2102.944,199.721,0.370150,0.592380
1177,2LO3,58.52,0.653800,1.00,-2577.550,234.885,0.784598,0.501410
1178,2LO7,68.55,0.546000,1.00,-2316.000,146.907,0.613109,0.481870
1179,2LQ0,68.00,0.513000,1.00,-1577.904,88.372,0.531204,0.407610
1180,2LQ1,35.00,0.480100,1.00,-1025.354,126.499,0.603378,0.190630
1181,2LQ2,49.17,0.584700,1.00,-1245.312,76.690,0.670306,0.353600
1182,2LQA,78.38,0.602700,1.00,-2843.902,201.270,0.243461,0.593070
1183,2LQX,81.10,0.637500,1.00,-3045.117,139.401,0.323090,0.685110
1184,2LQY,43.75,0.435200,1.00,-1138.560,135.975,0.582303,0.341080
1185,2LR3,79.79,0.604800,1.00,-3225.804,281.174,0.194158,0.690630
1186,2LR5,77.63,0.653000,1.00,-2843.260,160.272,0.265518,0.617710
1187,2LR7,34.48,0.443900,1.00,-1963.675,83.949,0.897009,0.229620
1188,2LRX,57.78,0.594000,1.00,-3424.569,196.790,0.505312,0.447850
1189,2LS1,40.00,0.406400,1.00,-1213.290,195.015,0.652805,0.152030
1190,2LS2,74.00,0.683600,1.00,-1981.512,51.702,0.390477,0.503400
1191,2LS3,72.41,0.718600,1.00,-2521.168,61.681,0.362738,0.475350
1192,2LS4,62.50,0.569800,1.00,-1464.313,52.094,0.375065,0.330210
1193,2LS9,54.00,0.457600,1.00,-1368.614,111.418,0.531588,0.311230
1194,2LSA,59.78,0.503200,1.00,-1280.414,107.553,0.454301,0.237270
1195,2LSQ,56.00,0.462300,1.00,-1588.122,166.166,0.489411,0.229080
1196,2LSW,29.38,0.542300,1.00,-1307.078,232.295,1.229966,0.235090
1197,2LT8,82.14,0.719500,1.00,-3153.022,198.305,0.197912,0.703100
1198,2LTI,26.09,0.559400,1.00,-692.125,139.563,1.392158,0.170980
1200,2LU9,79.03,0.676200,1.00,-2082.761,119.316,0.217565,0.519070
1201,2LUF,43.75,0.448700,1.00,-641.975,99.613,0.487784,0.205280
1202,2LUG,39.58,0.522400,1.00,-1393.344,190.234,1.785910,0.304470
1203,2LUR,71.55,0.583100,1.00,-1883.475,202.096,0.414669,0.408840
1204,2LUV,20.71,0.438200,1.00,-901.687,292.439,0.964760,0.280180
1205,2LVG,70.00,0.686500,1.00,-2848.224,82.150,0.364781,0.565410
1206,2LWB,58.75,0.487800,1.00,-1547.810,109.301,0.368066,0.196400
1207,2LWL,67.86,0.608500,1.00,-2827.756,364.165,0.635738,0.595220
1208,2LWQ,67.19,0.557400,1.00,-619.811,113.692,0.235796,0.235450
1209,2LWS,60.42,0.541800,1.00,-437.824,45.941,0.290209,0.199520
1210,2LWT,51.39,0.374300,1.00,-882.313,125.920,0.503075,0.219300
1211,2LWU,86.67,0.772200,1.00,-721.713,61.167,0.200731,0.419200
1212,2LWV,67.65,0.597400,1.00,-676.237,129.394,0.291035,0.252470
1213,2LX0,53.12,0.649800,1.00,-2941.298,70.823,0.496186,0.402400
1214,2LX4,73.53,0.590000,1.00,-1001.633,46.689,0.390303,0.412190
1215,2LX5,79.17,0.645600,1.00,-867.837,45.938,0.319954,0.371580
1216,2LX6,35.53,0.562900,1.00,-608.990,93.284,1.137485,0.090900
1217,2LXO,52.84,0.464500,1.00,-3321.054,225.442,0.606972,0.359240
1218,2LXZ,92.19,0.738500,1.00,-2142.547,168.015,0.092849,0.739520
1219,2LYE,38.89,0.343900,1.00,-650.161,130.471,0.785229,0.160000
1220,2LYF,38.89,0.314900,1.00,-758.596,106.740,0.797058,0.140640
1221,2LZI,38.89,0.372900,1.00,-670.157,154.242,0.622573,0.221090
1222,2LZO,58.62,0.494600,1.00,-1422.812,294.148,0.628102,0.336520
1223,2LZP,54.03,0.470300,1.00,-1745.545,124.451,0.626812,0.495130
1224,2LZQ,71.15,0.658100,1.00,-2235.310,115.129,0.387208,0.499080
1225,2LZX,74.32,0.637300,1.00,-2784.515,194.284,0.245197,0.565370
1226,2LZY,83.57,0.690500,1.00,-2417.390,192.683,0.229614,0.652340
1227,2M0H,62.50,0.648100,1.00,-1433.605,82.786,0.518533,0.402690
1228,2M0S,39.29,0.460000,1.00,-1893.976,103.834,0.845667,0.223160
1229,2M0W,54.35,0.571200,1.00,-918.099,173.592,0.715373,0.280360
1230,2M1A,83.65,0.648500,1.00,-1324.299,53.922,0.167887,0.511920
1231,2M1J,66.67,0.594500,1.00,-1975.446,70.495,0.526318,0.438320
1232,2M1P,44.44,0.357900,1.00,-960.207,64.290,0.484922,0.155700
1233,2M1T,64.77,0.638200,1.00,-1434.281,97.456,0.489388,0.299350
1234,2M2G,36.11,0.314700,1.00,-710.915,126.926,0.735111,0.185470
1235,2M2H,34.72,0.311100,1.00,-992.482,79.843,0.541753,0.136190
1236,2M2Q,85.94,0.726100,1.00,-2389.803,165.173,0.211306,0.671180
1237,2M2R,68.94,0.572500,1.00,-2127.900,181.777,0.279734,0.454490
1238,2M2S,45.83,0.346600,1.00,-732.642,81.512,0.462993,0.186440
1239,2M2X,30.56,0.303700,1.00,-922.995,29.726,1.035061,0.103260
1240,2M2Y,50.00,0.361700,1.00,-576.471,86.305,0.476297,0.120340
1241,2M36,32.24,0.309800,1.00,-1828.439,520.748,0.954062,0.285970
1242,2M37,36.84,0.520500,1.00,-491.631,107.639,1.013510,0.215290
1243,2M3F,79.55,0.693700,1.00,-1563.535,57.543,0.311676,0.475210
1244,2M3J,81.82,0.658800,1.00,-2194.098,184.811,0.233408,0.603150
1245,2M3N,56.94,0.475700,1.00,-678.133,117.401,0.344455,0.170690
1246,2M4X,64.29,0.499000,1.00,-2098.193,254.622,0.303966,0.383290
1247,2M4Z,60.71,0.500800,1.00,-2216.096,249.284,0.348905,0.372510
1248,2M50,67.86,0.551200,1.00,-2365.494,206.754,0.302596,0.453810
1249,2M5L,56.25,0.574900,1.00,-651.557,135.093,0.450250,0.201530
1250,2M5X,92.50,0.833800,1.00,-2782.198,160.904,0.165522,0.811180
1251,2M5Z,92.61,0.736900,1.00,-5114.405,185.337,0.120720,0.855710
1252,2M60,83.72,0.707000,1.00,-5473.191,144.711,0.159349,0.711390
1253,2M62,64.58,0.510600,1.00,-545.267,71.249,0.280852,0.269840
1254,2M6A,82.14,0.637200,1.00,-1730.173,90.291,0.179721,0.431780
1255,2M6O,79.17,0.687700,1.00,-3118.078,273.390,0.378296,0.727810
1256,2M6P,83.70,0.700400,1.00,-2891.207,388.109,0.209232,0.725090
1257,2M73,61.00,0.608900,1.00,-1496.460,90.401,0.381123,0.344860
1258,2M77,44.44,0.390800,1.00,-876.063,110.900,0.516870,0.098680
1259,2M78,59.72,0.499800,1.00,-817.289,93.850,0.367644,0.194600
1260,2M79,73.61,0.621800,1.00,-837.045,129.630,0.257866,0.263310
1261,2M7C,83.33,0.644100,1.00,-1007.930,123.422,0.254023,0.309480
1262,2M7D,60.00,0.650600,1.00,-1115.006,70.696,0.788213,0.353410
1263,2M7E,42.31,0.403800,1.00,-1467.617,147.627,0.713483,0.280670
1264,2M7I,44.64,0.511700,1.00,-237.588,89.113,0.757362,0.257280
1265,2M7J,46.43,0.445500,1.00,-186.847,141.262,0.616973,0.189410
1266,2M7P,77.98,0.680300,1.00,-2400.080,301.246,0.230897,0.629170
1267,2M7T,79.55,0.593100,1.00,-2067.468,260.135,0.286380,0.607100
1268,2M7X,40.79,0.526900,1.00,-1962.011,153.057,0.784482,0.263990
1269,2M8F,29.17,0.442400,1.00,-1032.226,105.813,0.898501,0.156290
1270,2M8I,75.00,0.696500,1.00,-2362.439,268.917,0.328795,0.627620
1271,2M8J,75.58,0.715400,1.00,-2543.132,243.535,0.388062,0.669920
1272,2M8M,66.07,0.662800,1.00,-2151.053,143.061,0.361253,0.462970
1273,2M8O,73.21,0.654500,1.00,-2151.053,143.061,0.224462,0.373570
1274,2M96,78.41,0.654900,1.00,-2216.594,262.305,0.284912,0.648350
1275,2M9E,89.39,0.751800,1.00,-2147.593,217.861,0.216642,0.699830
1276,2M9F,75.00,0.698500,1.00,-2147.593,217.861,0.376812,0.536530
1277,2M9I,78.68,0.691700,1.00,-2221.557,172.993,0.315367,0.601630
1278,2M9J,83.09,0.695300,1.00,-2221.557,172.993,0.313767,0.670400
1279,2M9L,70.71,0.608700,1.00,-2301.905,274.125,0.424580,0.536190
1280,2M9O,89.66,0.709300,1.00,-1910.801,187.249,0.221859,0.691700
1281,2M9R,26.25,0.439700,1.00,-1540.752,268.827,1.462599,0.187460
1282,2M9S,30.62,0.473800,1.00,-1540.752,268.827,1.287935,0.219830
1283,2MAA,75.00,0.606000,1.00,-702.411,77.463,0.276408,0.361750
1284,2MAE,31.73,0.306400,1.00,-699.130,327.553,1.059211,0.199270
1285,2MAU,90.83,0.717300,1.00,-2192.146,156.550,0.123427,0.673520
1286,2MBD,39.81,0.426100,1.00,-722.977,280.045,0.714096,0.194030
1287,2MBY,50.54,0.591100,1.00,-3316.799,198.719,0.687196,0.420970
1288,2MCE,39.29,0.443600,1.00,-654.279,126.926,0.565559,0.126520
1289,2MD1,75.00,0.559500,1.00,-783.638,110.144,0.286835,0.331880
1290,2MD2,62.50,0.501400,1.00,-369.798,39.545,0.350032,0.363000
1291,2MD4,81.25,0.611200,1.00,-510.515,68.287,0.175502,0.419790
1292,2MD6,81.94,0.617500,1.00,-943.023,106.937,0.137975,0.279750
1293,2MDC,45.83,0.487200,1.00,-2855.243,380.900,0.933336,0.386510
1294,2MDL,35.42,0.404200,1.00,-1267.594,131.655,0.737299,0.157060
1295,2MDU,38.79,0.438100,1.00,-1364.784,411.604,1.186043,0.188980
1296,2ME1,62.96,0.506300,1.00,-2284.956,147.288,0.397750,0.375070
1297,2ME2,64.81,0.635800,1.00,-2061.731,73.282,0.371680,0.407510
1298,2ME3,62.96,0.564000,1.00,-2126.852,74.038,0.331287,0.372660
1299,2ME4,54.63,0.573700,1.00,-2123.537,118.285,0.383718,0.287290
1300,2ME7,91.67,0.741800,1.00,-2029.765,161.276,0.237561,0.759280
1301,2MEL,85.61,0.754200,1.00,-2284.718,123.827,0.186205,0.675750
1302,2MEN,82.58,0.674500,1.00,-2046.762,161.315,0.356458,0.625910
1303,2MEO,78.79,0.660300,1.00,-2162.143,124.526,0.349129,0.587160
1304,2MF3,28.19,0.292300,1.00,-3259.145,952.295,0.928430,0.215300
1305,2MFM,38.33,0.518600,1.00,-489.603,59.418,0.694043,0.133350
1306,2MFO,46.67,0.474500,1.00,-326.362,81.624,0.489840,0.233710
1307,2MFP,33.87,0.447500,1.00,-1161.188,247.865,0.746062,0.221080
1308,2MFS,85.71,0.702100,1.00,-2450.429,181.889,0.240909,0.662350
1309,2MFV,41.07,0.534100,1.00,-126.727,55.814,0.977288,0.252510
1310,2MG1,68.52,0.688500,1.00,-1730.222,83.393,0.393779,0.498920
1311,2MG2,70.54,0.610200,1.00,-2094.583,93.248,0.393218,0.511890
1312,2MG3,68.75,0.650900,1.00,-2094.583,93.248,0.389025,0.402870
1313,2MH1,82.58,0.696700,1.00,-1843.543,241.973,0.268979,0.576300
1314,2MHU,43.33,0.423500,1.00,-1742.137,238.677,0.651271,0.239750
1315,2MHW,50.00,0.641200,1.00,-1535.428,88.495,0.749313,0.381650
1316,2MI1,55.36,0.483500,1.00,-568.421,84.433,0.435769,0.129760
1317,2MI9,49.17,0.423700,1.00,-1701.928,423.016,0.531827,0.217090
1318,2MIA,45.83,0.423600,1.00,-1701.928,423.016,0.524637,0.235400
1319,2MID,56.25,0.462000,1.00,-372.302,91.386,0.452057,0.228790
1320,2MIE,37.50,0.505700,1.00,-357.388,54.892,0.638597,0.143870
1321,2MIF,56.25,0.484800,1.00,-279.671,88.918,0.471018,0.259020
1322,2MIG,56.25,0.465400,1.00,-396.426,95.728,0.419293,0.234530
1323,2MIH,44.64,0.498800,1.00,-330.539,92.853,0.645663,0.191050
1324,2MIJ,69.59,0.593000,1.00,-2841.874,137.695,0.308640,0.518040
1325,2MIX,60.71,0.540500,1.00,-1194.951,152.089,0.555047,0.270620
1326,2MJ1,37.50,0.338500,1.00,-639.260,114.788,0.745351,0.164150
1327,2MJ2,62.50,0.606200,1.00,-2368.082,122.265,0.731085,0.520970
1328,2MJ9,55.13,0.636600,1.00,-2111.992,158.461,0.773324,0.424760
1329,2MJC,60.29,0.642900,1.00,-1806.804,192.796,0.795498,0.438890
1330,2MJK,73.78,0.644500,1.00,-3091.526,214.907,0.394623,0.602190
1331,2MKB,61.00,0.489400,1.00,-1773.663,223.861,0.488796,0.333620
1332,2ML7,85.48,0.690700,1.00,-2268.880,161.405,0.120710,0.606320
1333,2MLA,91.89,0.724000,1.00,-2385.037,175.396,0.104462,0.773690
1334,2MLD,93.24,0.753200,1.00,-2430.556,169.511,0.102280,0.788600
1335,2MLJ,43.06,0.546500,1.00,-625.803,107.399,1.159087,0.219900
1336,2MLO,87.50,0.658800,1.00,-1177.894,40.562,0.155381,0.489350
1337,2MLQ,87.50,0.588200,1.00,-1177.894,40.562,0.177853,0.391130
1338,2MLU,45.83,0.378100,1.00,-1400.225,231.414,0.570294,0.233070
1339,2MLV,42.50,0.391600,1.00,-1400.225,231.414,0.570835,0.270960
1340,2MM5,45.00,0.463100,1.00,-1891.517,259.343,0.557988,0.204410
1341,2MM6,84.17,0.671600,1.00,-2262.841,191.930,0.184917,0.566620
1342,2MMM,78.47,0.732500,1.00,-1854.145,210.942,0.174936,0.580330
1343,2MMT,57.14,0.485800,1.00,-766.770,112.688,0.527552,0.161060
1344,2MMW,40.48,0.431800,1.00,-915.571,123.948,0.728636,0.108470
1345,2MN1,83.33,0.700600,1.00,-2009.235,178.305,0.281079,0.607050
1346,2MN3,59.09,0.485700,1.00,-2224.418,338.830,0.356965,0.430730
1347,2MOC,50.00,0.523900,1.00,-313.435,47.671,0.391428,0.349070
1348,2MOF,59.52,0.609700,1.00,-2716.025,200.551,0.664551,0.528230
1349,2MPJ,75.00,0.580500,1.00,-1268.690,121.853,0.391445,0.400370
1350,2MPQ,83.33,0.692200,1.00,-2211.753,207.644,0.267319,0.676560
1351,2MQ2,51.79,0.455500,1.00,-251.777,82.571,0.462980,0.290490
1352,2MQ4,63.64,0.490700,1.00,-240.884,109.277,0.361903,0.278760
1353,2MQ5,55.00,0.488900,1.00,-161.769,110.493,0.349097,0.393560
1354,2MQF,97.06,0.767200,1.00,-1957.670,218.827,0.080352,0.827120
1355,2MQU,65.71,0.544300,1.00,-2494.254,186.315,0.364952,0.435670
1356,2MR9,86.93,0.718300,1.00,-4374.482,144.520,0.169777,0.773840
1357,2MRB,49.19,0.439900,1.00,-1704.718,205.857,0.630230,0.324790
1358,2MRF,81.82,0.683400,1.00,-2189.590,172.125,0.232464,0.568110
1359,2MRT,49.17,0.443600,1.00,-1743.354,197.854,0.666347,0.295940
1360,2MRW,36.88,0.305300,1.00,-3418.413,168.406,1.073909,0.361970
1361,2MSF,45.69,0.429900,1.00,-1708.750,208.146,0.674659,0.389330
1362,2MSO,63.33,0.530200,1.00,-1791.946,271.957,0.385925,0.436190
1363,2MSQ,63.89,0.542800,1.00,-1688.886,204.991,0.370305,0.320680
1364,2MSU,57.50,0.550400,1.00,-1087.623,65.709,0.430981,0.335060
1365,2MT7,94.29,0.781900,1.00,-2196.903,213.338,0.137272,0.808900
1366,2MT8,72.44,0.609300,1.00,-2275.454,245.845,0.444325,0.568670
1367,2MTM,52.63,0.469200,1.00,-926.030,142.607,0.497072,0.146340
1368,2MTO,57.69,0.466400,1.00,-460.262,82.731,0.505893,0.283670
1369,2MTT,71.15,0.539900,1.00,-523.861,75.755,0.287310,0.253500
1370,2MTU,73.08,0.530100,1.00,-523.861,75.755,0.368724,0.301890
1371,2MTW,65.00,0.515700,1.00,-1103.063,87.116,0.524939,0.362640
1372,2MTY,50.00,0.523600,1.00,-848.276,91.178,0.456001,0.158050
1373,2MU6,62.50,0.584700,1.00,-1268.080,80.614,0.474973,0.380790
1374,2MU7,52.50,0.489800,1.00,-704.881,100.409,0.515361,0.193950
1375,2MU8,38.75,0.481800,1.00,-827.057,140.023,0.681048,0.156860
1376,2MU9,67.50,0.559300,1.00,-1264.982,91.299,0.555164,0.342470
1377,2MUA,73.81,0.697700,1.00,-1157.959,73.535,0.212458,0.390310
1378,2MUB,88.10,0.707500,1.00,-3521.380,230.504,0.217471,0.765630
1379,2MUE,77.50,0.657200,1.00,-1276.074,60.478,0.301263,0.302410
1380,2MUF,60.00,0.533700,1.00,-787.422,176.843,0.401125,0.205900
1381,2MUH,60.94,0.368200,1.00,-474.698,170.260,0.537534,0.215100
1382,2MUJ,55.95,0.533100,1.00,-954.448,154.966,0.596424,0.281550
1383,2MUN,42.93,0.474200,1.00,-3430.196,296.694,0.922177,0.372430
1384,2MUQ,74.43,0.710600,1.00,-2852.041,147.712,0.373890,0.604230
1385,2MV6,53.06,0.698500,1.00,-3641.320,163.288,0.825356,0.508500
1386,2MVA,63.89,0.546600,1.00,-1393.409,165.843,0.450338,0.313810
1387,2MVH,63.46,0.605800,1.00,-1490.687,85.469,0.458551,0.391660
1388,2MVI,45.35,0.394900,1.00,-3310.370,226.389,0.587218,0.364040
1389,2MVJ,91.35,0.738000,1.00,-1796.088,80.216,0.156788,0.623940
1390,2MVK,30.77,0.337200,1.00,-699.130,327.553,0.819473,0.204730
1391,2MVL,26.92,0.343000,1.00,-699.130,327.553,0.980726,0.168440
1392,2MVM,51.70,0.622100,1.00,-2259.619,196.087,1.216733,0.429130
1393,2MVN,57.39,0.648600,1.00,-2259.619,196.087,0.809931,0.485020
1394,2MVT,41.49,0.454900,1.00,-3621.083,319.247,0.999049,0.345710
1395,2MW0,78.45,0.625100,1.00,-1807.365,160.616,0.271440,0.493290
1396,2MW3,38.10,0.436500,1.00,-1060.818,134.627,0.779896,0.138950
1397,2MW7,71.62,0.628900,1.00,-1895.668,391.200,0.370224,0.511700
1398,2MW9,79.73,0.661000,1.00,-2199.932,227.068,0.350196,0.614010
1399,2MWA,68.92,0.603200,1.00,-2369.183,160.939,0.608988,0.532520
1400,2MWB,70.95,0.636500,1.00,-2272.843,185.914,0.381025,0.531890
1401,2MWD,82.14,0.655400,1.00,-1723.275,210.757,0.178120,0.470720
1402,2MWE,83.04,0.660600,1.00,-1646.578,175.838,0.166898,0.497150
1403,2MWF,75.00,0.640900,1.00,-2051.969,188.084,0.287981,0.508800
1404,2MWJ,93.75,0.808000,1.00,-2394.911,195.916,0.092553,0.802660
1405,2MWK,93.75,0.822100,1.00,-2394.911,195.916,0.085203,0.805620
1406,2MWL,50.00,0.464900,1.00,-415.359,123.016,0.463717,0.147710
1407,2MWT,61.03,0.569500,1.00,-1946.063,147.691,0.467228,0.416280
1408,2MX4,83.89,0.698900,1.00,-3146.396,262.414,0.210203,0.725000
1409,2MXG,46.88,0.513100,1.00,-415.359,123.016,0.564094,0.157760
1410,2MXH,43.75,0.463900,1.00,-415.359,123.016,0.608718,0.144260
1411,2MXM,96.21,0.811200,1.00,-2201.796,184.300,0.081370,0.830920
1412,2MXO,88.97,0.706600,1.00,-2118.537,179.264,0.148083,0.718160
1413,2MXP,91.67,0.794300,1.00,-2512.758,161.981,0.200900,0.787330
1414,2MXQ,68.38,0.578600,1.00,-2072.034,171.564,0.298750,0.446010
1415,2MXV,66.28,0.631000,1.00,-2578.460,213.025,0.623400,0.546120
1416,2MYH,40.85,0.411900,1.00,-2525.549,424.188,0.752016,0.329020
1417,2MYL,82.50,0.641600,1.00,-1456.083,38.688,0.258863,0.414310
1418,2MYM,58.75,0.555300,1.00,-1431.405,51.833,0.419856,0.273350
1419,2MZ2,72.06,0.612600,1.00,-932.132,87.930,0.317287,0.267980
1420,2MZ3,72.06,0.626800,1.00,-932.132,87.930,0.355267,0.261330
1421,2MZ4,42.39,0.477900,1.00,-3430.196,296.694,0.844376,0.362860
1422,2MZ7,19.02,0.396700,1.00,-1382.436,291.095,1.379328,0.189410
1423,2MZA,61.76,0.530500,1.00,-932.132,87.930,0.467612,0.297070
1424,2MZX,67.50,0.501300,1.00,-339.586,86.611,0.323370,0.465590
1426,2N0X,43.75,0.573300,1.00,-494.663,93.992,0.650612,0.250450
1427,2N16,70.00,0.507000,1.00,-1267.366,48.672,0.315647,0.254210
1428,2N1C,35.87,0.447900,1.00,-868.502,109.412,0.638447,0.210720
1429,2N1N,87.86,0.694700,1.00,-2540.117,171.564,0.156781,0.690720
1430,2N1P,72.50,0.661200,1.00,-1831.459,114.759,0.371059,0.494280
1431,2N1S,79.17,0.668900,1.00,-1797.891,223.527,0.224426,0.511790
1432,2N24,60.48,0.502500,1.00,-1837.716,172.492,0.654767,0.482200
1433,2N2C,44.77,0.574000,1.00,-1800.326,270.595,0.690648,0.384420
1434,2N2F,65.38,0.532400,1.00,-253.516,132.653,0.273751,0.276150
1435,2N2G,84.85,0.706300,1.00,-2078.535,244.059,0.177575,0.608020
1436,2N2S,42.97,0.416900,1.00,-2120.675,277.322,0.647999,0.240090
1437,2N3P,92.19,0.744900,1.00,-2065.552,238.584,0.147379,0.728930
1438,2N4K,66.28,0.580700,1.00,-2022.528,202.974,0.320241,0.514020
1439,2N4R,82.43,0.716100,1.00,-2270.600,236.324,0.600663,0.709510
1440,2N4S,79.73,0.703300,1.00,-2183.781,216.300,0.539576,0.682860
1441,2N4T,85.14,0.705000,1.00,-2330.210,225.322,0.293156,0.715820
1442,2N4U,78.38,0.657500,1.00,-2361.959,202.747,0.364459,0.654080
1443,2N4V,72.30,0.668200,1.00,-2112.362,209.846,0.629349,0.561410
1444,2N4W,79.73,0.688600,1.00,-2379.352,217.590,0.356263,0.656720
1445,2N58,67.50,0.568700,1.00,-2329.170,139.911,0.293173,0.442160
1446,2N5C,35.00,0.453400,1.00,-507.210,79.378,0.895816,0.179900
1447,2N5J,79.08,0.670500,1.00,-4464.595,178.679,0.232406,0.689650
1448,2N5K,63.79,0.541500,1.00,-1356.545,261.289,0.385364,0.356000
1449,2N5Q,88.89,0.673500,1.00,-1865.244,155.934,0.150412,0.603830
1450,2N5R,91.67,0.651000,1.00,-614.897,71.592,0.144037,0.447430
1451,2N63,50.00,0.451300,1.00,-415.359,123.016,0.431182,0.228800
1452,2N68,40.22,0.571300,1.00,-692.125,139.563,1.172342,0.173900
1453,2N6B,81.62,0.673200,1.00,-2345.584,165.983,0.156937,0.576960
1454,2N6M,73.81,0.672900,1.00,-1105.852,69.668,0.249825,0.289380
1455,2N6N,68.75,0.530100,1.00,-2020.453,143.019,0.559744,0.496600
1456,2N6O,80.71,0.647300,1.00,-2432.131,192.049,0.365720,0.633390
1457,2N6U,31.25,0.504200,1.00,-732.823,92.768,1.171919,0.186480
1458,2N6V,31.25,0.449300,1.00,-1032.226,105.813,0.795434,0.179330
1459,2N7F,58.59,0.482600,1.00,-2649.700,282.674,0.461143,0.340010
1460,2N7I,64.86,0.628700,1.00,-3083.211,95.019,0.510014,0.551340
1461,2N85,53.66,0.449000,1.00,-3130.331,140.069,1.010283,0.457610
1462,2N8B,56.25,0.509200,1.00,-2393.303,204.328,0.670595,0.393860
1463,2N8E,59.56,0.513500,1.00,-1523.624,374.344,0.419813,0.382700
1464,2N8H,64.29,0.516100,1.00,-1877.115,325.512,0.375810,0.361630
1465,2N8S,83.33,0.741100,1.00,-2329.838,200.113,0.311098,0.695150
1466,2N8U,70.51,0.655900,1.00,-1954.029,194.287,0.496915,0.588480
1467,2N92,54.84,0.543600,1.00,-1864.964,75.551,0.729365,0.344450
1468,2N94,85.94,0.757000,1.00,-3173.824,305.257,0.211422,0.773670
1469,2N95,80.61,0.709600,1.00,-3030.706,228.111,0.271685,0.701640
1470,2N9C,48.75,0.468900,1.00,-709.447,135.022,0.602350,0.205810
1471,2N9M,54.69,0.537900,1.00,-415.359,123.016,0.478546,0.164310
1472,2N9N,53.12,0.427400,1.00,-415.359,123.016,0.441492,0.272140
1473,2N9O,77.38,0.743900,1.00,-3009.749,264.729,0.657867,0.681320
1474,2N9T,65.00,0.523700,1.00,-1760.810,224.675,0.368623,0.386290
1475,2N9Z,77.98,0.742100,1.00,-2573.167,267.517,0.665582,0.675690
1476,2NA3,85.42,0.659900,1.00,-664.382,45.323,0.178048,0.431850
1477,2NA8,57.39,0.634800,1.00,-3627.013,149.550,0.518986,0.484370
1478,2NA9,61.36,0.698300,1.00,-3943.585,112.759,0.482102,0.658740
1479,2NAB,66.46,0.679300,1.00,-2689.000,272.662,0.881881,0.572770
1480,2NAE,32.56,0.390500,1.00,-1709.579,252.380,0.906261,0.291270
1481,2NAJ,87.88,0.706000,1.00,-2225.398,162.097,0.154679,0.676660
1482,2NAL,83.33,0.662300,1.00,-667.734,66.416,0.216852,0.426430
1483,2NAT,42.86,0.489700,1.00,-1822.000,122.823,0.656360,0.220410
1484,2NAU,64.29,0.536600,1.00,-1737.880,58.206,0.490522,0.344450
1485,2NAW,50.00,0.483500,1.00,-2527.995,194.166,0.862678,0.367240
1486,2NB2,79.61,0.683900,1.00,-3468.816,141.069,0.158300,0.627730
1487,2NB5,72.06,0.523300,1.00,-747.379,171.202,0.269471,0.193120
1488,2NB6,73.44,0.623300,1.00,-652.531,126.543,0.255700,0.262330
1489,2NB7,44.12,0.452400,1.00,-491.227,77.295,0.532690,0.151550
1490,2NB8,52.78,0.514300,1.00,-1508.526,108.094,0.732419,0.316450
1491,2NB9,81.63,0.673300,1.00,-3316.977,238.768,0.231102,0.726360
1492,2NC3,89.39,0.774400,1.00,-2147.593,217.861,0.121015,0.687630
1493,2NC4,84.85,0.768100,1.00,-2147.593,217.861,0.159140,0.630910
1494,2NC5,90.91,0.758300,1.00,-2147.593,217.861,0.123656,0.722740
1495,2NC6,90.15,0.774300,1.00,-2147.593,217.861,0.139196,0.704250
1496,2NC7,70.83,0.603900,1.00,-777.621,210.057,0.258548,0.173020
1497,2NCS,56.94,0.680400,1.00,-2518.543,98.262,0.429404,0.459510
1498,2NCT,61.81,0.627400,1.00,-2518.543,98.262,0.410617,0.499870
1499,2NCU,59.52,0.576800,1.00,-1489.481,75.183,0.457586,0.223580
1500,2NCV,59.52,0.576600,1.00,-1514.478,70.364,0.576035,0.291140
1501,2NCW,60.42,0.636300,1.00,-1514.046,116.596,0.480544,0.299670
1502,2NCX,80.21,0.737600,1.00,-1580.097,57.760,0.209289,0.414930
1503,2NCY,64.58,0.618000,1.00,-1451.994,63.845,0.516344,0.396700
1504,2ND2,72.73,0.661700,1.00,-3696.497,172.782,0.293874,0.624690
1505,2ND3,83.55,0.690100,1.00,-2979.154,166.566,0.141462,0.673750
1506,2ND6,72.06,0.620600,1.00,-1175.402,29.536,0.283988,0.291010
1507,2ND7,72.06,0.601800,1.00,-1175.402,29.536,0.373862,0.283640
1508,2ND8,66.18,0.518000,1.00,-1175.402,29.536,0.428628,0.286120
1509,2NDB,52.55,0.460200,1.00,-2789.237,260.339,0.498018,0.438000
1510,2NDC,62.50,0.480800,1.00,-937.983,113.484,0.429808,0.293660
1511,2NDE,50.00,0.558000,1.00,-860.973,103.376,0.538184,0.248320
1512,2NDI,46.20,0.486700,1.00,-2408.528,232.074,0.760617,0.295190
1513,2NDK,46.88,0.687400,1.00,-2838.681,124.108,0.561580,0.476590
1514,2NDL,67.19,0.652500,1.00,-792.188,100.777,0.292421,0.255940
1515,2NDM,63.46,0.516900,1.00,-572.689,65.682,0.269164,0.286600
1516,2NDN,81.25,0.689700,1.00,-806.630,66.105,0.170462,0.300590
1517,2NOR,57.50,0.482300,1.00,-377.131,49.119,0.376672,0.346480
1518,2NOU,85.00,0.616800,1.00,-356.501,79.703,0.187691,0.425650
1519,2NR1,69.44,0.636500,1.00,-1528.581,92.234,0.584049,0.469110
1520,2NS4,53.57,0.509900,1.00,-260.898,144.214,0.515941,0.238840
1521,2NVJ,51.00,0.540300,1.00,-1974.846,47.665,0.563447,0.202380
1522,2NX6,42.59,0.484800,1.00,-1327.204,190.160,0.700450,0.233680
1523,2NX7,48.21,0.457400,1.00,-1482.231,208.162,0.733324,0.264820
1526,2NZ3,58.12,0.544000,1.00,-3144.963,181.883,0.534288,0.492200
1527,2NZZ,35.81,0.474400,1.00,-2912.050,81.083,1.184363,0.240130
1528,2O00,36.49,0.439100,1.00,-2912.050,81.083,1.014257,0.237360
1529,2O0S,47.92,0.423200,1.00,-619.437,79.422,0.470033,0.164580
1530,2OBU,52.98,0.627600,1.00,-2551.436,233.520,0.789451,0.468920
1532,2OJM,34.09,0.389500,1.00,-911.393,185.887,0.750572,0.100930
1533,2OJN,43.18,0.512300,1.00,-843.051,161.276,0.576431,0.109170
1534,2OJO,81.82,0.687300,1.00,-1451.569,52.910,0.181985,0.316960
1535,2OP7,49.36,0.429600,1.00,-2440.444,206.056,1.072376,0.339100
1536,2OQ9,46.88,0.528300,1.00,-988.637,192.317,0.557674,0.119700
1537,2ORU,73.75,0.667000,1.00,-1206.193,106.742,0.286884,0.230560
1538,2OVN,80.88,0.636500,1.00,-957.607,43.061,0.219146,0.433360
1539,2OYV,53.85,0.410900,1.00,-493.071,62.082,0.565908,0.308640
1540,2OYW,57.69,0.430000,1.00,-493.071,62.082,0.602920,0.285870
1541,2P4L,32.61,0.354300,1.00,-2886.189,330.324,0.914331,0.315480
1542,2P5J,55.88,0.513200,1.00,-798.244,79.632,0.562191,0.246110
1543,2P81,61.36,0.453000,1.00,-3668.901,138.669,0.843148,0.516210
1544,2PCO,80.77,0.615000,1.00,-1519.253,104.188,0.216418,0.539720
1545,2PDD,81.98,0.662100,1.00,-3656.332,148.675,0.292415,0.714990
1546,2PDE,31.98,0.365700,1.00,-3656.332,148.675,0.713183,0.351770
1547,2PJV,41.94,0.553200,1.00,-937.646,83.766,0.782432,0.262780
1548,2PO8,69.85,0.568300,1.00,-1766.811,197.293,0.490914,0.514490
1549,2PPZ,75.00,0.589800,1.00,-3140.880,114.333,0.225616,0.524140
1550,2PTA,87.86,0.717300,1.00,-2160.896,250.411,0.207182,0.689510
1551,2PV6,71.59,0.591000,1.00,-1824.537,69.308,0.214833,0.272150
1552,2RLG,76.39,0.635700,1.00,-762.283,47.340,0.306226,0.430090
1553,2RLH,84.72,0.643700,1.00,-762.283,47.340,0.252745,0.439720
1554,2RLJ,42.19,0.505200,1.00,-608.071,91.992,0.490879,0.132860
1555,2RLW,63.24,0.648400,1.00,-1764.253,168.277,0.627157,0.451540
1557,2RMF,68.12,0.722800,1.00,-3036.525,89.943,0.438538,0.614530
1558,2RMG,55.92,0.663000,1.00,-2773.045,69.004,0.448470,0.336850
1559,2RMH,52.63,0.628700,1.00,-2505.672,84.613,0.690311,0.490430
1561,2RMV,49.04,0.500700,1.00,-1586.526,114.203,0.654350,0.264310
1562,2RMW,43.27,0.406300,1.00,-1740.639,168.132,0.719403,0.220050
1563,2RMY,60.29,0.544200,1.00,-2044.236,119.128,0.874910,0.539510
1564,2RMZ,66.86,0.692100,1.00,-3346.847,85.075,0.370236,0.658660
1565,2RN0,68.60,0.694100,1.00,-3346.847,85.075,0.488085,0.534230
1566,2RND,61.76,0.537900,1.00,-2044.236,119.128,0.789907,0.540350
1567,2ROO,38.37,0.377400,1.00,-3093.382,316.385,0.709969,0.227350
1568,2RPS,59.38,0.562200,1.00,-1525.102,133.330,0.535317,0.318770
1570,2RQ2,53.33,0.432900,1.00,-2057.027,117.880,0.908724,0.380810
1571,2RQZ,80.26,0.702600,1.00,-2591.069,221.721,0.214835,0.640570
1572,2RR0,76.32,0.654400,1.00,-2591.069,221.721,0.222561,0.567960
1573,2RR2,76.32,0.650400,1.00,-2591.069,221.721,0.211009,0.591400
1574,2RRH,74.14,0.674800,1.00,-2232.557,59.710,0.248115,0.554960
1575,2RRI,69.83,0.689500,1.00,-2232.557,59.710,0.279341,0.452010
1576,2RRS,43.06,0.482500,1.00,-776.720,177.688,0.587604,0.215780
1577,2RSH,70.27,0.557200,1.00,-2235.522,139.580,0.835293,0.562270
1578,2RSW,50.00,0.474000,1.00,-570.571,191.906,0.458810,0.181090
1579,2RT4,52.00,0.545600,1.00,-916.563,141.878,0.828283,0.157670
1580,2RTY,93.33,0.750200,1.00,-1882.915,132.289,0.118011,0.707870
1581,2RTZ,84.48,0.620200,1.00,-2105.062,119.669,0.222914,0.554320
1582,2RU0,79.86,0.595200,1.00,-2633.999,166.932,0.209984,0.597960
1583,2RUM,40.79,0.417900,1.00,-804.830,129.278,0.586511,0.151450
1584,2RUN,52.78,0.467800,1.00,-1046.733,131.846,0.462229,0.272900
1585,2RUO,34.38,0.336500,1.00,-743.014,76.852,0.761558,0.208380
1586,2RUT,76.39,0.778100,1.00,-2143.115,207.693,0.617895,0.666730
1587,2RUU,75.69,0.785000,1.00,-1977.858,130.892,0.504102,0.620180
1588,2RUV,80.41,0.650800,1.00,-2235.522,139.580,0.424954,0.688030
1589,2RUW,75.00,0.701500,1.00,-1878.203,215.058,0.484303,0.611340
1590,2RUX,76.39,0.680400,1.00,-2003.609,181.151,0.279051,0.597240
1591,2RUY,72.97,0.684400,1.00,-2257.066,149.820,0.553442,0.596550
1592,2RUZ,79.61,0.739200,1.00,-2266.894,182.082,0.577500,0.705650
1593,2RV0,78.38,0.784700,1.00,-2206.668,169.691,0.618107,0.699750
1594,2RV1,75.68,0.655900,1.00,-2528.217,240.711,0.355040,0.593920
1595,2RV2,75.00,0.769400,1.00,-1959.964,148.938,0.673167,0.628960
1596,2RV3,74.31,0.740800,1.00,-1475.966,125.428,0.551772,0.598700
1597,2RV4,79.73,0.764500,1.00,-2074.967,181.226,0.351836,0.657720
1598,2RV5,78.57,0.752500,1.00,-2017.768,183.444,0.385719,0.653420
1599,2RVD,87.50,0.582400,1.00,-421.470,51.053,0.138087,0.449610
1600,2SH1,46.88,0.441000,1.00,-2726.347,346.199,0.582983,0.354310
1601,2V1V,83.62,0.675300,1.00,-1956.175,175.054,0.198699,0.496730
1602,2VY4,74.32,0.660000,1.00,-2454.415,151.778,0.433575,0.584400
1603,2VY5,77.03,0.667200,1.00,-2454.415,151.778,0.383713,0.601630
1604,2W0T,74.42,0.659000,1.00,-2685.473,230.652,0.303138,0.607310
1605,2W9O,71.74,0.590400,1.00,-2743.387,290.937,0.429045,0.590460
1606,2W9U,70.11,0.637000,1.00,-2556.145,298.405,0.410210,0.592230
1607,2W9V,68.75,0.600600,1.00,-2473.627,293.469,0.421356,0.555930
1608,2W9W,72.16,0.619000,1.00,-2455.899,288.718,0.390893,0.609550
1609,2WH9,84.72,0.702900,1.00,-2399.526,230.997,0.196127,0.672770
1610,2WXC,78.72,0.654500,1.00,-3530.667,162.602,0.392029,0.680250
1611,2XL1,51.04,0.550900,1.00,-1392.164,129.874,0.968419,0.304180
1612,2YRH,60.23,0.693900,1.00,-1828.643,221.607,0.858683,0.531990
1613,2YRJ,70.65,0.787200,1.00,-1983.027,326.982,0.614880,0.621280
1614,2YRM,70.93,0.652500,1.00,-2167.064,238.151,0.492430,0.609870
1615,2YSB,76.02,0.765400,1.00,-2809.948,285.293,0.453660,0.662870
1616,2YSC,75.00,0.721300,1.00,-2266.892,224.694,0.386064,0.597380
1617,2YSF,80.62,0.783200,1.00,-2380.306,205.613,0.389938,0.673570
1618,2YSG,78.12,0.733200,1.00,-2399.961,183.293,0.349730,0.628720
1619,2YSH,75.00,0.672300,1.00,-1923.137,250.212,0.352525,0.578800
1620,2YSI,60.00,0.625600,1.00,-2004.128,302.157,0.782234,0.476350
1621,2YSO,58.15,0.672800,1.00,-2315.155,205.074,0.802653,0.489080
1622,2YSP,55.98,0.639500,1.00,-2078.535,256.008,0.951333,0.477740
1623,2YSV,60.12,0.606900,1.00,-1842.847,199.902,0.606065,0.476090
1624,2YTA,67.07,0.667600,1.00,-1740.314,289.333,0.804326,0.584860
1625,2YTB,64.29,0.676200,1.00,-1934.357,203.462,0.776827,0.509490
1626,2YTD,59.78,0.698600,1.00,-2014.479,223.390,0.884760,0.529380
1627,2YTE,66.67,0.713800,1.00,-2142.275,194.517,0.605170,0.559890
1628,2YTF,59.24,0.714900,1.00,-2087.260,237.327,0.817768,0.531300
1629,2YTG,61.41,0.741100,1.00,-2070.490,225.464,0.931527,0.539610
1630,2YTH,57.61,0.726000,1.00,-2016.137,252.491,1.131924,0.523070
1631,2YTI,62.50,0.712300,1.00,-2115.276,227.784,0.811243,0.531420
1632,2YTJ,65.22,0.686200,1.00,-2278.006,213.640,0.555902,0.521810
1633,2YTK,61.96,0.725800,1.00,-2318.682,224.260,0.770954,0.535610
1634,2YTM,50.54,0.572500,1.00,-2154.480,227.653,1.005573,0.437340
1635,2YTN,59.78,0.707700,1.00,-1962.053,228.365,0.992344,0.545860
1636,2YTO,69.02,0.729000,1.00,-2052.720,211.321,0.436951,0.575040
1637,2YTP,60.87,0.652900,1.00,-2318.634,241.072,0.836581,0.522800
1638,2YTQ,55.98,0.697700,1.00,-2192.245,216.134,0.722593,0.479160
1639,2YTR,63.59,0.751700,1.00,-1993.503,234.545,1.025140,0.557950
1640,2YTS,63.04,0.736300,1.00,-2172.746,206.290,0.776308,0.545590
1641,2YTT,62.50,0.688500,1.00,-2358.009,235.477,0.781822,0.547670
1642,2YU5,61.93,0.678800,1.00,-2121.546,226.923,0.733482,0.561490
1643,2YU8,62.50,0.745800,1.00,-1930.663,219.886,0.955830,0.567620
1644,2YYF,46.67,0.494000,1.00,-621.037,89.498,0.551561,0.202590
1645,2Z3S,75.00,0.613800,1.00,-2926.022,192.377,0.231908,0.549770
1646,2ZAJ,66.33,0.696200,1.00,-2735.329,256.577,0.999090,0.581410
1647,2ZNF,84.72,0.704000,1.00,-920.669,73.526,0.176254,0.395610
1648,3BBG,34.38,0.359400,1.00,-2846.112,227.507,0.782203,0.357660
1649,3CMH,45.00,0.462400,1.00,-677.041,110.438,0.480218,0.215850
1650,3CTI,95.69,0.737500,1.00,-1909.171,192.933,0.107822,0.746340
1651,3LEU,41.89,0.474300,1.00,-1884.664,217.474,0.874099,0.299260
1652,3MRA,90.00,0.742600,1.00,-1901.818,60.633,0.183848,0.604130
1653,3ZNF,81.67,0.673800,1.00,-1983.261,106.419,0.282204,0.569700
1654,4A24,82.45,0.720300,1.00,-3308.074,239.958,0.311382,0.730030
1655,4APD,57.26,0.569200,1.00,-1862.557,68.711,0.455323,0.425420
1656,4B19,73.33,0.695700,1.00,-2336.916,97.401,0.276486,0.454040
1658,4B2U,34.72,0.380800,1.00,-2088.517,285.655,0.829640,0.199140
1659,4B2V,50.78,0.529300,1.00,-1674.171,210.465,0.602684,0.325200
1660,4BMF,86.84,0.682600,1.00,-2328.948,241.547,0.182074,0.728680
1661,4CYK,62.80,0.604000,1.00,-2484.275,193.936,0.482061,0.489500
1662,4ZNF,83.33,0.670200,1.00,-1983.261,106.419,0.275279,0.585420
1663,5A4H,27.56,0.468100,1.00,-1423.634,300.476,1.004513,0.225100
1664,5AAY,89.17,0.754100,1.00,-1915.005,186.106,0.210854,0.747760
1665,5AAZ,85.16,0.778300,1.00,-2045.687,157.389,0.217095,0.669380
1666,5AHT,75.00,0.664200,1.00,-2598.547,258.523,0.504446,0.676840
1667,5FZV,71.09,0.631500,1.00,-1868.278,228.183,0.576173,0.515010
1668,5FZW,63.64,0.575800,1.00,-2148.186,203.803,0.706474,0.463620
1669,5FZX,52.78,0.446000,1.00,-2424.713,306.363,0.654810,0.347600
1671,5GSF,37.96,0.385300,1.00,-1753.086,174.554,0.728747,0.199580
1672,5GVO,55.56,0.482900,1.00,-1043.812,125.507,0.619523,0.184070
1673,5H1H,53.12,0.487500,1.00,-612.897,95.693,0.524963,0.150570
1674,5H1I,38.89,0.439300,1.00,-558.719,139.311,0.683676,0.160570
1675,5H2S,57.00,0.616600,1.00,-1026.273,92.392,0.453810,0.394040
1676,5I1X,89.58,0.707100,1.00,-2294.014,211.297,0.152848,0.734650
1677,5I2P,90.28,0.677000,1.00,-2397.593,253.559,0.202668,0.750160
1678,5ID5,46.00,0.410500,1.00,-1304.236,163.796,0.763580,0.327520
1679,5IJ4,87.24,0.764300,1.00,-3607.535,293.264,0.221800,0.781230
1680,5ION,87.07,0.712100,1.00,-1864.748,134.286,0.165844,0.599000
1681,5IPO,62.50,0.516600,1.00,-2831.154,291.056,0.613447,0.557720
1682,5J8T,70.74,0.625200,1.00,-2675.710,258.082,0.354602,0.595960
1683,5JHI,95.71,0.746300,1.00,-2420.206,151.389,0.076001,0.843410
1684,5JI4,72.30,0.642500,1.00,-2819.937,165.113,0.281960,0.567570
1685,5JPL,41.18,0.466800,1.00,-876.233,117.027,0.717108,0.189530
1686,5JPX,77.22,0.649300,1.00,-3245.599,195.879,0.355277,0.667910
1687,5JYH,67.61,0.539500,1.00,-2835.309,223.273,0.655416,0.577660
1688,5KGY,84.09,0.652800,1.00,-1632.522,54.404,0.186801,0.451750
1689,5KGZ,42.61,0.501400,1.00,-3222.273,159.544,0.632004,0.365010
1690,5KHB,76.19,0.699500,1.00,-1476.672,32.084,0.260110,0.391890
1691,5KI0,43.42,0.522600,1.00,-138.098,122.807,0.546160,0.156300
1692,5KKM,85.23,0.642300,1.00,-1271.176,128.527,0.232525,0.401550
1693,5KVN,93.52,0.727600,1.00,-2078.675,151.532,0.100096,0.656650
1694,5KWO,55.77,0.477000,1.00,-1383.335,200.932,0.639590,0.388000
1695,5KWX,45.00,0.517000,1.00,-996.850,235.507,0.963695,0.238960
1696,5KWZ,86.54,0.680900,1.00,-1735.172,85.214,0.174433,0.576880
1697,5KX0,59.62,0.427100,1.00,-1912.623,95.935,0.462702,0.377730
1698,5KX1,69.32,0.551400,1.00,-1110.226,97.102,0.300099,0.304530
1699,5KX2,50.00,0.560900,1.00,-605.997,137.141,1.041057,0.157230
1700,5L1C,86.11,0.703700,1.00,-2406.937,148.104,0.126962,0.702610
1701,5L82,48.65,0.439500,1.00,-2564.368,136.931,0.600855,0.369410
1702,5LAH,32.78,0.361200,1.00,-3104.999,279.003,0.782524,0.286830
1703,5LBJ,74.29,0.721400,1.00,-2866.548,87.766,0.234002,0.643300
1704,5LCS,65.96,0.598200,1.00,-3437.470,303.807,1.150884,0.578690
1705,5LM0,91.96,0.716000,1.00,-1937.636,70.376,0.148683,0.678990
1706,5LME,77.91,0.658900,1.00,-2459.795,247.210,0.442307,0.670430
1707,5M9U,70.24,0.501600,1.00,-1073.390,137.232,0.400740,0.304720
1708,5N5A,39.19,0.542300,1.00,-1155.671,215.250,0.851505,0.340690
1709,5N5B,36.61,0.534500,1.00,-984.383,171.326,0.619372,0.184130
1710,5NAM,65.10,0.684700,1.00,-3484.671,188.448,0.538492,0.573790
1711,5NAO,72.14,0.727400,1.00,-2724.101,57.796,0.551728,0.692060
1712,5NDA,90.91,0.805800,1.00,-2332.950,58.599,0.119545,0.702460
1713,5NVB,60.00,0.479100,1.00,-521.685,75.161,0.449268,0.223540
1714,5OAP,76.39,0.631700,1.00,-788.177,74.068,0.377675,0.427210
1715,5T3M,76.43,0.608700,1.00,-2363.781,267.353,0.266429,0.538780
1716,5T42,36.70,0.429400,1.00,-3348.677,200.735,0.866310,0.341100
1717,5T4R,86.43,0.714500,1.00,-2322.453,267.742,0.311231,0.717240
1718,5T7Q,65.48,0.636600,1.00,-1106.283,121.562,0.622427,0.382790
1719,5TCZ,72.66,0.523200,1.00,-1863.228,159.801,0.286628,0.476560
1720,5TJ1,36.84,0.438600,1.00,-798.987,75.782,0.983945,0.128750
1721,5TX8,89.29,0.679600,1.00,-2011.786,109.557,0.225399,0.689110
1722,5UG3,75.00,0.574400,1.00,-1159.355,80.343,0.260931,0.275040
1723,5UG5,67.11,0.580700,1.00,-1080.171,91.649,0.458770,0.250030
1724,5UI6,44.44,0.440900,1.00,-588.205,92.863,0.646748,0.188530
1725,5UI7,44.74,0.480900,1.00,-812.867,84.495,0.593367,0.200290
1726,5UJG,76.04,0.594700,1.00,-1359.589,150.391,0.239332,0.320800
1727,5UJH,55.43,0.469400,1.00,-1213.322,87.380,0.445616,0.188330
1728,5UJQ,51.72,0.495700,1.00,-1858.188,114.393,0.629046,0.418670
1729,5UJR,27.27,0.332500,1.00,-1470.609,223.370,1.395630,0.202190
1730,5UKZ,44.89,0.531800,1.00,-2301.758,124.699,1.059655,0.400470
1731,5UOI,87.79,0.660700,1.00,-3784.878,146.776,0.160407,0.789090
1732,5UP5,83.75,0.615300,1.00,-3190.993,180.976,0.173183,0.688510
1733,5UY2,36.25,0.439700,1.00,-643.722,177.133,0.714916,0.116990
1734,5UZL,31.06,0.494300,1.00,-1349.231,189.358,1.303831,0.192230
1735,5V0Y,59.52,0.483900,1.00,-1325.807,166.938,0.666062,0.175660
1736,5V11,65.48,0.505500,1.00,-1115.692,161.635,0.670848,0.234110
1737,5V2B,47.50,0.514400,1.00,-727.565,123.571,0.484737,0.113100
1738,5V4C,42.65,0.478700,1.00,-374.489,81.080,0.519132,0.160110
1739,5V4U,52.50,0.634900,1.00,-2441.220,154.582,0.598540,0.496190
1740,5VAV,76.79,0.612700,1.00,-533.816,113.399,0.168191,0.237120
1741,5VFW,58.00,0.491900,1.00,-1454.815,115.404,0.382495,0.285430
1742,5VL6,38.24,0.426500,1.00,-378.957,95.644,0.631122,0.148410
1743,5VR5,43.75,0.419400,1.00,-854.958,104.031,0.581054,0.128100
1744,5W54,53.00,0.509200,1.00,-931.543,132.013,0.597741,0.251720
1745,5W9F,68.90,0.583600,1.00,-2882.502,236.143,0.322103,0.614240
1746,5WCV,43.97,0.439300,1.00,-1614.875,191.419,0.631724,0.256830
1747,5WE3,70.59,0.541900,1.00,-2456.396,216.163,0.359063,0.518090
1748,5WOD,83.55,0.755000,1.00,-2907.233,69.916,0.132033,0.668140
1749,5WOV,72.79,0.612700,1.00,-2103.482,149.719,0.346257,0.561440
1750,5WOW,71.15,0.611500,1.00,-2543.963,199.288,0.491970,0.572160
1751,5WRX,53.85,0.448700,1.00,-489.358,83.963,0.410966,0.189900
1752,5WUZ,64.53,0.586800,1.00,-3131.542,312.838,0.310697,0.484810
1753,5WXE,80.36,0.605100,1.00,-1890.579,198.997,0.261282,0.502490
1754,5WYE,50.00,0.445800,1.00,-415.359,123.016,0.617846,0.269650
1755,5X34,94.44,0.832600,1.00,-2394.911,195.916,0.087423,0.809750
1756,5X35,97.92,0.844100,1.00,-2394.911,195.916,0.061471,0.888240
1757,5X36,97.92,0.846400,1.00,-2394.911,195.916,0.064864,0.878950
1758,5X37,97.92,0.848500,1.00,-2394.911,195.916,0.066186,0.876620
1759,5X38,98.61,0.871700,1.00,-2394.911,195.916,0.053003,0.914870
1760,5X39,97.92,0.819400,1.00,-2376.986,212.934,0.070356,0.852750
1761,5X3C,97.22,0.791100,1.00,-2192.992,252.532,0.074764,0.851500
1762,5X3L,76.25,0.661200,1.00,-1151.067,70.105,0.381014,0.332090
1763,5XA6,72.37,0.586600,1.00,-2520.025,275.152,0.288189,0.553760
1764,5XBD,65.97,0.516400,1.00,-2082.938,213.858,0.327689,0.458480
1765,5XDI,64.38,0.552700,1.00,-2691.703,198.316,0.361324,0.458810
1766,5XDJ,86.90,0.733100,1.00,-1105.852,69.668,0.124308,0.429940
1767,5XEK,70.83,0.580800,1.00,-3310.298,224.107,0.300448,0.540880
1768,5XIV,58.75,0.523400,1.00,-996.599,154.691,0.422806,0.149820
1769,5XM4,39.71,0.534800,1.00,-566.727,61.146,1.221313,0.238680
1770,5XNG,91.18,0.750600,1.00,-1398.610,44.090,0.121660,0.450020
1771,5XO3,47.62,0.375500,1.00,-554.229,176.089,0.510111,0.191760
1772,5XO4,48.81,0.432700,1.00,-649.345,208.525,0.722741,0.179220
1773,5XO5,48.81,0.447200,1.00,-612.470,172.257,0.514209,0.154110
1774,5XRX,51.47,0.510400,1.00,-1398.610,44.090,0.575096,0.266640
1775,5Y0H,77.38,0.608300,1.00,-1115.937,114.817,0.407864,0.350560
1776,5Y0I,65.48,0.454900,1.00,-1177.110,138.340,0.710161,0.269000
1777,5Y0J,45.24,0.383500,1.00,-1417.749,196.341,0.670129,0.219300
1778,5Y22,72.73,0.618900,1.00,-1451.596,76.927,0.466755,0.392910
1779,5Y3U,69.32,0.604300,1.00,-1451.596,76.927,0.459045,0.276880
1780,5YKK,69.44,0.495100,1.00,-1000.881,103.262,0.322441,0.253170
1781,5YKL,67.11,0.493600,1.00,-954.083,77.842,0.306851,0.238890
1782,5YKQ,57.89,0.471800,1.00,-882.757,175.541,0.323794,0.145510
1783,5YZ6,85.20,0.689200,1.00,-4199.393,198.619,0.149023,0.765940
1784,5YZK,86.22,0.710900,1.00,-4239.957,236.548,0.143227,0.781050
1785,5Z1Y,61.90,0.523400,1.00,-974.554,149.025,0.289239,0.198440
1786,5Z26,66.67,0.496900,1.00,-596.542,106.405,0.468065,0.231990
1787,5Z2O,90.28,0.744200,1.00,-1094.417,39.516,0.164562,0.525720
1788,5Z31,54.17,0.449400,1.00,-797.831,134.749,0.459105,0.227610
1789,5Z32,45.83,0.418900,1.00,-642.993,108.033,0.534764,0.126030
1790,5Z5W,58.33,0.427400,1.00,-416.388,134.171,0.435289,0.259870
1791,5Z5X,65.28,0.554800,1.00,-1167.483,49.458,0.452168,0.321300
1792,5ZCN,32.14,0.460500,1.00,-792.176,88.527,0.958496,0.153210
1793,5ZNF,91.67,0.719700,1.00,-1800.184,155.442,0.231950,0.724970
1794,5ZV6,83.33,0.722100,1.00,-1861.681,144.207,0.219374,0.535260
1795,5ZYX,62.50,0.553600,1.00,-1398.313,41.063,0.534420,0.279380
1796,6A5J,80.77,0.632300,1.00,-382.657,59.366,0.280086,0.336200
1797,6A8Y,37.50,0.410500,1.00,-1265.310,147.826,0.691541,0.237270
1798,6AAB,51.19,0.445900,1.00,-649.345,208.525,0.432118,0.187750
1799,6AFQ,45.24,0.346100,1.00,-554.229,176.089,0.643964,0.146860
1800,6AHZ,50.00,0.574900,1.00,-2106.057,129.063,0.787109,0.336070
1801,6AK0,41.67,0.376300,1.00,-1197.559,214.809,0.518578,0.108990
1802,6AX2,50.00,0.481900,1.00,-2774.620,406.631,0.502297,0.407870
1803,6B3U,78.75,0.739600,1.00,-3497.758,75.918,0.324444,0.662050
1804,6B5W,34.21,0.453400,1.00,-798.987,75.782,1.019539,0.199980
1805,6B9K,55.00,0.486400,1.00,-268.719,47.613,0.325949,0.418720
1806,6B9W,84.56,0.652500,1.00,-2672.708,161.167,0.218908,0.636420
1807,6BAM,76.47,0.582800,1.00,-2279.907,196.552,0.340342,0.585010
1808,6BB6,75.74,0.611500,1.00,-2605.416,201.442,0.359556,0.574040
1809,6BEQ,50.00,0.520600,1.00,-265.142,47.962,0.635347,0.190610
1810,6BET,66.67,0.556300,1.00,-421.604,73.539,0.272942,0.197060
1811,6BEU,50.00,0.554400,1.00,-550.431,99.083,0.506216,0.173500
1812,6BI5,81.45,0.678700,1.00,-2427.563,148.256,0.323924,0.617940
1813,6BJF,78.85,0.603100,1.00,-621.161,66.661,0.313540,0.378740
1814,6BUC,91.67,0.765500,1.00,-2340.184,169.210,0.149839,0.795260
1815,6BVU,46.43,0.376600,1.00,-621.584,87.722,0.510053,0.220390
1816,6BVW,44.64,0.377000,1.00,-621.584,87.722,0.522616,0.145520
1817,6BVX,46.43,0.416700,1.00,-728.562,80.955,0.518205,0.212390
1818,6BX9,50.00,0.452300,1.00,-773.268,97.553,0.408950,0.132600
1819,6CEG,37.50,0.391900,1.00,-1617.611,180.633,0.800811,0.239830
1820,6CEI,75.00,0.668100,1.00,-1731.034,180.072,0.406596,0.625760
1821,6CEJ,51.79,0.380500,1.00,-406.901,94.326,0.407156,0.258850
1822,6CFA,80.26,0.619500,1.00,-838.313,67.385,0.300080,0.348790
1823,6CFB,57.26,0.451300,1.00,-1672.084,244.244,0.685118,0.392080
1825,6CGX,47.73,0.468300,1.00,-884.690,170.834,0.553728,0.210740
1829,6CJ8,69.12,0.598500,1.00,-860.474,69.233,0.288629,0.325490
1830,6CKD,91.67,0.739100,1.00,-2607.905,163.333,0.098411,0.769140
1831,6CKF,89.58,0.741200,1.00,-2607.905,163.333,0.147389,0.754310
1832,6CMH,55.95,0.436000,1.00,-1320.516,77.525,0.704073,0.240950
1833,6COO,58.82,0.504800,1.00,-871.198,89.524,0.413043,0.252300
1834,6COP,73.53,0.567800,1.00,-1065.449,83.425,0.363815,0.337050
1835,6COQ,55.88,0.462800,1.00,-941.376,103.983,0.543613,0.306990
1836,6COR,77.94,0.622400,1.00,-891.410,71.225,0.251127,0.449650
1837,6COS,63.24,0.528800,1.00,-860.474,69.233,0.374239,0.262120
1838,6COT,61.76,0.491500,1.00,-1029.077,61.890,0.463976,0.314360
1839,6COU,66.18,0.529900,1.00,-964.316,76.530,0.375198,0.458110
1840,6COV,77.94,0.636000,1.00,-1029.077,61.890,0.254903,0.414650
1841,6COW,76.47,0.563600,1.00,-860.474,69.233,0.231977,0.306020
1842,6CSK,65.79,0.518900,1.00,-1021.884,57.430,0.547379,0.376090
1843,6CSZ,78.95,0.659000,1.00,-933.916,49.060,0.312825,0.451860
1844,6CT1,68.42,0.599000,1.00,-1079.240,149.756,0.348210,0.285120
1845,6CT4,76.32,0.576900,1.00,-1075.923,68.426,0.413096,0.370800
1846,6D3T,93.33,0.767100,1.00,-1978.980,108.544,0.120125,0.723440
1847,6D8H,91.41,0.757000,1.00,-2039.272,166.312,0.100266,0.741460
1848,6D8Q,95.16,0.783100,1.00,-2117.552,107.863,0.103386,0.786430
1849,6D8R,91.94,0.727000,1.00,-2095.858,115.782,0.135851,0.701900
1850,6D8S,95.16,0.767800,1.00,-2068.816,110.363,0.093255,0.747560
1851,6D8T,95.16,0.728200,1.00,-2176.478,121.658,0.104679,0.741830
1852,6D8U,91.94,0.707300,1.00,-2104.664,159.192,0.105071,0.729300
1853,6D8Y,91.94,0.715800,1.00,-1908.193,129.316,0.139862,0.743540
1854,6D93,90.32,0.738300,1.00,-1973.588,176.340,0.135415,0.686220
1855,6D9O,93.55,0.739600,1.00,-2187.838,116.329,0.121810,0.751370
1856,6D9P,93.55,0.738600,1.00,-2086.984,117.679,0.097260,0.763130
1857,6DHR,87.93,0.730700,1.00,-1962.449,145.651,0.225936,0.704300
1858,6DMZ,85.11,0.695600,1.00,-3338.884,210.529,0.144653,0.770580
1859,6DST,65.38,0.675600,1.00,-1844.514,81.014,0.333090,0.483720
1860,6DZ9,41.07,0.449900,1.00,-300.026,64.322,0.763325,0.155110
1861,6DZA,39.06,0.413700,1.00,-464.545,136.928,0.735201,0.229560
1862,6DZB,48.44,0.506100,1.00,-487.974,102.416,0.880266,0.150930
1863,6DZC,46.88,0.513500,1.00,-373.490,103.335,0.894119,0.144910
1864,6DZE,54.69,0.526800,1.00,-332.667,107.076,0.651122,0.255880
1865,6E1L,76.04,0.628600,1.00,-1264.344,115.380,0.262325,0.315020
1867,6EFE,73.15,0.638400,1.00,-2036.412,71.328,0.238943,0.377810
1868,6ENA,95.16,0.824600,1.00,-1946.959,182.553,0.079102,0.794860
1869,6F46,52.86,0.547100,1.00,-2536.000,74.656,0.844253,0.403060
1870,6F61,94.35,0.752500,1.00,-1949.107,136.065,0.087078,0.762180
1871,6FGM,66.67,0.511600,1.00,-527.277,95.821,0.301885,0.336930
1872,6FS4,62.90,0.637100,1.00,-2062.768,122.101,0.637168,0.428750
1873,6FS5,59.62,0.629400,1.00,-2837.376,143.948,0.438309,0.526160
1874,6G4I,77.08,0.753600,1.00,-1533.599,97.487,0.230889,0.402380
1875,6G4K,75.00,0.659700,1.00,-1533.599,97.487,0.378553,0.419220
1876,6G4U,63.54,0.678800,1.00,-1533.599,97.487,0.483815,0.388550
1877,6G4V,60.42,0.632800,1.00,-1559.010,89.279,0.414073,0.349140
1878,6G4X,63.54,0.644000,1.00,-1559.010,89.279,0.520034,0.397080
1880,6GIF,67.50,0.630900,1.00,-1940.037,100.096,0.410075,0.474600
1881,6GIG,30.00,0.289600,1.00,-1710.763,214.771,1.083990,0.245650
1882,6GIJ,75.00,0.600900,1.00,-744.366,42.533,0.342764,0.330770
1883,6GIK,57.69,0.550400,1.00,-610.140,49.242,0.353918,0.274340
1884,6GIL,42.31,0.528400,1.00,-565.042,32.906,0.519290,0.216390
1885,6GNZ,46.30,0.487800,1.00,-1407.707,173.631,0.589535,0.300250
1886,6GO0,31.73,0.424800,1.00,-781.485,219.239,0.695628,0.232230
1887,6GS5,80.77,0.612200,1.00,-793.899,92.900,0.220984,0.376800
1888,6GS9,89.06,0.784800,1.00,-849.900,25.472,0.130203,0.446610
1889,6HH0,67.00,0.641600,1.00,-1636.369,56.018,0.443371,0.319110
1890,6HN9,26.52,0.310100,1.00,-1355.569,484.368,0.837848,0.150790
1891,6HT4,47.50,0.569700,1.00,-898.682,90.856,0.701860,0.204450
1892,6HZ2,67.59,0.691500,1.00,-1709.907,50.073,0.288150,0.446110
1893,6IHA,66.67,0.644500,1.00,-1479.488,144.161,0.342441,0.396190
1894,6ITH,73.17,0.716900,1.00,-3386.420,89.253,0.424248,0.751770
1895,6J12,39.29,0.432900,1.00,-1822.000,122.823,0.709229,0.330240
1896,6J9P,89.58,0.692700,1.00,-777.987,39.554,0.121785,0.529550
1897,6JI7,52.08,0.446400,1.00,-2485.165,324.305,0.715658,0.328070
1898,6JIC,64.58,0.477000,1.00,-2392.564,245.335,0.381014,0.534530
1899,6K4V,39.38,0.354500,1.00,-1877.943,353.312,1.379504,0.294060
1900,6K4W,35.56,0.471500,1.00,-2385.150,186.247,0.939888,0.245500
1901,6K50,90.62,0.746100,1.00,-2859.051,214.468,0.187204,0.780820
1902,6K51,87.50,0.742600,1.00,-2787.954,249.851,0.159868,0.779800
1903,6KLM,65.44,0.542900,1.00,-2511.695,166.050,0.391224,0.439340
1904,6KRA,81.82,0.680200,1.00,-2145.294,215.425,0.183321,0.585130
1905,6L8R,36.36,0.580500,1.00,-832.517,213.884,0.681929,0.213830
1906,6LF5,95.59,0.765400,1.00,-2449.753,152.484,0.092328,0.825670
1907,6M0Y,66.67,0.484900,1.00,-510.481,100.294,0.313050,0.360060
1908,6M19,46.67,0.429200,1.00,-706.440,73.058,0.623203,0.111920
1909,6M56,33.33,0.236200,1.00,-1887.113,212.728,1.355720,0.196450
1910,6M5C,75.00,0.656600,1.00,-2637.542,144.345,0.232586,0.569420
1911,6MBM,82.81,0.701300,1.00,-1069.537,58.335,0.179164,0.461560
1912,6MF8,47.28,0.612600,1.00,-3106.392,116.360,1.665741,0.400880
1913,6MJV,78.91,0.611200,1.00,-1615.546,192.282,0.202988,0.547500
1914,6MK4,75.00,0.554100,1.00,-1719.585,283.216,0.244334,0.489180
1915,6MK5,72.79,0.555400,1.00,-2364.333,197.275,0.375744,0.555100
1916,6MM4,78.79,0.645800,1.00,-1987.424,134.131,0.238424,0.566580
1917,6MW6,52.63,0.482200,1.00,-505.863,116.557,0.586179,0.143110
1918,6MZT,89.86,0.702700,1.00,-2366.974,164.755,0.125654,0.738950
1919,6NK9,86.72,0.674400,1.00,-1958.525,107.782,0.317428,0.677030
1920,6NOM,54.79,0.522200,1.00,-3440.205,254.060,0.546658,0.457150
1921,6NOX,60.71,0.457100,1.00,-672.029,79.808,0.314631,0.228620
1922,6NUG,79.17,0.704500,1.00,-1577.104,95.264,0.225032,0.363960
1923,6NW8,72.22,0.583000,1.00,-1633.604,173.143,0.255787,0.413380
1924,6O3Q,58.16,0.564700,1.00,-3084.391,292.663,0.847827,0.553080
1925,6O3S,78.19,0.617600,1.00,-3638.054,177.367,0.260260,0.666390
1931,6OBK,50.00,0.597500,1.00,-3259.126,176.706,0.852258,0.386840
1932,6OBW,63.24,0.483700,1.00,-863.706,94.931,0.427990,0.243610
1933,6OC2,61.76,0.464000,1.00,-1050.345,98.969,0.335641,0.276630
1934,6OC4,60.29,0.539800,1.00,-998.739,97.975,0.444976,0.318070
1935,6OFA,65.15,0.591900,1.00,-2705.923,129.217,0.395005,0.460220
1936,6OLD,66.18,0.581500,1.00,-998.739,97.975,0.338005,0.219900
1937,6OQP,51.92,0.544800,1.00,-547.065,111.121,0.415115,0.203810
1938,6OTA,59.38,0.552600,1.00,-630.502,116.266,0.338029,0.235670
1939,6OTB,53.95,0.502500,1.00,-927.182,203.927,0.521798,0.193600
1940,6OVJ,59.62,0.486200,1.00,-442.003,141.319,0.366861,0.251900
1941,6PIN,41.67,0.357300,1.00,-1012.259,124.961,0.635700,0.130560
1942,6PIO,51.39,0.395800,1.00,-1049.157,150.265,0.674025,0.160590
1943,6PIP,54.17,0.444700,1.00,-1160.715,139.188,0.591106,0.212650
1945,6POR,42.86,0.442700,1.00,-1602.013,162.651,0.609565,0.250900
1946,6PPC,75.76,0.695600,1.00,-1771.130,143.948,0.293692,0.557800
1947,6PX7,79.41,0.644200,1.00,-2083.326,205.987,0.345129,0.578090
1948,6PX8,86.49,0.674800,1.00,-2627.267,180.271,0.208601,0.700840
1949,6Q1X,26.52,0.528100,1.00,-1144.241,177.153,1.152312,0.186100
1950,6Q5Z,72.41,0.539600,1.00,-1537.836,251.145,0.228644,0.421860
1951,6QAX,71.15,0.592000,1.00,-264.723,67.711,0.330031,0.340140
1952,6QB0,53.85,0.551500,1.00,-220.256,77.469,0.480654,0.238270
1953,6QB1,61.54,0.668500,1.00,-211.311,79.622,0.397622,0.264830
1954,6QES,30.62,0.423100,1.00,-2284.754,451.303,0.843807,0.235980
1955,6QET,78.57,0.655500,1.00,-2487.532,206.845,0.281975,0.680020
1956,6QJB,86.88,0.719700,1.00,-2569.719,211.274,0.173331,0.740020
1957,6QKF,79.17,0.655600,1.00,-944.043,83.297,0.294783,0.255520
1958,6R2X,69.00,0.575800,1.00,-1782.175,85.266,0.436534,0.525810
1959,6R95,64.58,0.664400,1.00,-1545.409,82.747,0.416469,0.317180
1960,6R96,56.25,0.636500,1.00,-1545.409,82.747,0.594658,0.297710
1961,6RRL,81.25,0.562600,1.00,-765.889,70.277,0.355080,0.442830
1962,6RRO,40.91,0.432900,1.00,-459.969,68.611,0.549842,0.310170
1963,6RSF,47.00,0.447600,1.00,-1314.598,113.544,0.502886,0.183170
1964,6RSG,42.00,0.472200,1.00,-1310.002,27.767,0.633667,0.199110
1965,6RSM,72.73,0.512900,1.00,-490.401,43.405,0.354230,0.440710
1966,6RY9,50.96,0.542900,1.00,-1359.143,41.272,0.469412,0.194420
1967,6RYQ,45.00,0.513500,1.00,-777.845,97.827,0.539104,0.140800
1968,6RZ1,47.92,0.546900,1.00,-1365.047,73.078,0.565144,0.207750
1969,6RZC,46.00,0.479500,1.00,-1372.108,53.337,0.535708,0.266580
1970,6S2D,52.08,0.575500,1.00,-1153.146,43.255,0.605023,0.252150
1971,6SAA,76.79,0.590900,1.00,-1455.372,198.355,0.349047,0.506130
1972,6SAB,61.76,0.501800,1.00,-2177.984,202.827,0.546342,0.415010
1973,6SFT,55.56,0.529600,1.00,-1518.292,273.834,0.598542,0.389500
1974,6SVC,83.57,0.729800,1.00,-2225.645,189.403,0.225479,0.637630
1975,6SVE,86.43,0.711200,1.00,-2225.645,189.403,0.147215,0.694740
1976,6SVH,88.57,0.727100,1.00,-2225.645,189.403,0.194107,0.712430
1977,6SY2,83.67,0.743100,1.00,-3830.744,218.082,0.224022,0.752670
1978,6SZF,20.83,0.320200,1.00,-1837.360,287.021,1.118067,0.311720
1979,6T33,57.39,0.433700,1.00,-3277.004,161.059,0.436048,0.446240
1980,6TVJ,45.00,0.451800,1.00,-335.290,46.874,0.515523,0.269290
1981,6TWG,90.38,0.677700,1.00,-816.899,58.660,0.107434,0.460470
1982,6U24,50.00,0.539400,1.00,-301.769,104.559,0.721155,0.239530
1983,6U6G,51.39,0.432000,1.00,-2107.369,187.592,0.610383,0.339800
1984,6U7Q,60.71,0.446300,1.00,-576.300,77.344,0.400010,0.272280
1985,6U7R,73.21,0.576600,1.00,-671.632,91.996,0.224463,0.280510
1986,6U7S,51.79,0.469300,1.00,-470.308,106.071,0.436427,0.220560
1987,6U7U,57.14,0.594400,1.00,-346.820,77.606,0.936118,0.212540
1988,6U7W,42.86,0.544200,1.00,-422.703,92.090,0.889687,0.275100
1989,6U7X,51.79,0.556900,1.00,-442.660,68.467,0.660245,0.305320
1990,6UCH,55.49,0.629800,1.00,-2290.932,202.533,0.866966,0.482020
1991,6V1N,63.24,0.479200,1.00,-1028.396,75.799,0.360179,0.243220
1992,6V6T,78.57,0.670400,1.00,-2328.800,184.095,0.248478,0.604080
1993,6VE9,52.38,0.453400,1.00,-1342.270,75.779,0.576083,0.243130
1994,6VGT,20.39,0.236300,1.00,-1734.477,158.381,1.265838,0.155660
1995,6VH8,77.78,0.612900,1.00,-3051.954,210.706,0.213992,0.564880
1996,6VLA,88.24,0.707200,1.00,-1065.828,45.779,0.120182,0.402810
1997,6VLJ,46.05,0.399900,1.00,-584.090,191.472,0.589718,0.147990
1998,6VNZ,88.71,0.726500,1.00,-2176.533,117.334,0.133160,0.637170
1999,6VPN,96.28,0.775100,1.00,-3411.400,235.953,0.079990,0.885900
2000,6VXG,26.74,0.465500,1.00,-950.644,282.269,1.403759,0.243700
2001,6VY8,50.00,0.552100,1.00,-301.769,104.559,0.723678,0.186880
2002,6WQJ,71.43,0.587000,1.00,-2885.409,102.076,0.321019,0.456090
2003,6WQL,77.55,0.609000,1.00,-3487.940,210.171,0.303451,0.647240
2004,6X7I,75.00,0.673100,1.00,-2141.827,35.453,0.513176,0.644300
2005,6XCR,62.78,0.694400,1.00,-2999.840,237.843,0.745491,0.540820
2006,6XCU,71.67,0.684600,1.00,-3046.782,233.153,0.783060,0.633640
2007,6XN9,26.79,0.346400,1.00,-1962.026,744.753,0.906559,0.245110
2008,6XTH,48.61,0.505000,1.00,-866.755,113.854,0.690281,0.183910
2009,6XTI,48.53,0.511300,1.00,-620.319,126.711,0.588274,0.096690
2010,6XYH,75.00,0.576900,1.00,-2795.015,257.037,0.273941,0.617790
2011,6XYI,38.69,0.426600,1.00,-1728.598,453.756,0.578063,0.290470
2012,6Y1Q,46.43,0.375300,1.00,-719.920,100.988,0.444190,0.335870
2013,6YHF,70.00,0.684900,1.00,-1972.543,49.467,0.340664,0.453090
2014,6YHI,73.33,0.715600,1.00,-2091.123,54.802,0.358044,0.487050
2015,6YHO,68.33,0.712400,1.00,-2055.379,56.240,0.290441,0.468230
2016,6YHP,64.17,0.714900,1.00,-2000.220,39.279,0.358132,0.450240
2017,6YHX,77.50,0.708000,1.00,-1872.194,65.957,0.206785,0.549500
2018,6YJL,46.97,0.512300,1.00,-1787.038,133.460,0.797755,0.287160
2019,6YSE,94.02,0.748900,1.00,-4121.885,127.177,0.082356,0.876080
2020,6Z0G,47.45,0.586400,1.00,-2867.063,208.731,0.892729,0.455930
2021,6Z0H,57.65,0.633800,1.00,-2967.405,252.792,0.610571,0.500150
2022,6Z0I,46.94,0.572700,1.00,-2867.063,208.731,0.799157,0.473210
2023,7ALD,50.00,0.427100,1.00,-949.902,169.662,0.705821,0.173580
2024,7ASY,64.39,0.619600,1.00,-2596.662,62.781,0.337840,0.367560
2025,7AT7,61.36,0.678000,1.00,-2555.859,57.205,0.476810,0.551750
2026,7ATB,70.45,0.686400,1.00,-2805.401,80.957,0.371741,0.526540
2027,7AY8,60.90,0.547800,1.00,-1969.894,239.149,0.549916,0.466340
2028,7B2F,54.84,0.557200,1.00,-1910.281,131.537,0.684500,0.418290
2029,7BW5,38.24,0.501200,1.00,-554.766,72.776,0.841690,0.147610
2030,7BWI,91.07,0.766300,1.00,-3724.633,218.749,0.242585,0.814560
2031,7BX2,78.57,0.535900,1.00,-455.623,74.477,0.301454,0.335580
2032,7BZ7,50.00,0.423400,1.00,-816.874,83.072,0.621372,0.201300
2033,7BZ8,43.33,0.418100,1.00,-763.291,98.147,0.754560,0.238650
2034,7BZ9,45.00,0.422300,1.00,-697.247,81.279,0.588912,0.217010
2035,7BZA,43.33,0.401000,1.00,-823.271,117.898,0.606410,0.160670
2036,7CCN,47.06,0.529700,1.00,-413.649,147.349,0.856063,0.213080
2037,7CCO,51.47,0.520600,1.00,-413.649,147.349,0.854727,0.194400
2038,7CK5,64.29,0.624900,1.00,-1613.736,137.314,0.424748,0.418430
2039,7CKD,39.10,0.302700,1.00,-3004.696,245.052,1.238553,0.285370
2040,7CKE,41.67,0.402800,1.00,-3004.696,245.052,0.713765,0.357130
2041,7CSS,51.92,0.556100,1.00,-502.683,62.676,0.487024,0.159360
2042,7CU6,50.00,0.423100,1.00,-744.539,92.640,0.620051,0.248910
2043,7D13,80.13,0.750500,1.00,-2457.929,114.843,0.211614,0.668320
2044,7D16,49.36,0.565300,1.00,-2457.929,114.843,1.089241,0.395280
2045,7D37,69.23,0.550800,1.00,-502.683,62.676,0.229091,0.230650
2046,7DEH,82.26,0.695200,1.00,-1864.964,75.551,0.269067,0.574840
2047,7EDK,55.26,0.487300,1.00,-949.269,143.806,0.433655,0.206750
2048,7EES,43.75,0.577600,1.00,-597.115,128.857,1.133930,0.151860
2049,7ELY,41.35,0.429800,1.00,-1772.182,165.200,0.703779,0.169600
2050,7F32,77.78,0.650300,1.00,-883.583,94.952,0.183493,0.249320
2051,7JIA,69.79,0.652600,1.00,-1132.193,101.079,0.292203,0.303910
2052,7JIY,79.17,0.660900,1.00,-1404.120,137.071,0.255428,0.419120
2053,7JNN,85.33,0.640500,1.00,-3651.956,286.241,0.178534,0.748130
2054,7JPM,72.02,0.624100,1.00,-2499.316,237.459,0.431666,0.597490
2055,7JS6,35.00,0.472100,1.00,-406.245,91.685,0.794191,0.101680
2056,7K1M,91.67,0.644200,1.00,-620.367,44.249,0.147550,0.430870
2057,7K7X,79.31,0.652000,1.00,-1944.877,167.459,0.251007,0.495000
2058,7KNN,57.81,0.495500,1.00,-644.432,144.783,0.347949,0.234880
2059,7KPD,56.90,0.465300,1.00,-2340.653,208.389,0.499690,0.467680
2060,7L53,58.93,0.525500,1.00,-1991.183,259.474,0.583744,0.349500
2061,7L54,56.25,0.502200,1.00,-1991.183,259.474,0.618235,0.336510
2062,7L55,61.61,0.453200,1.00,-1991.183,259.474,0.682673,0.381130
2063,7L7A,58.93,0.443700,1.00,-689.441,57.548,0.367292,0.328230
2064,7L83,50.00,0.644900,1.00,-2604.729,102.241,1.157530,0.393830
2065,7LCW,43.33,0.466000,1.00,-599.008,78.685,0.739989,0.183460
2066,7LGL,49.47,0.469000,1.00,-3058.036,246.789,1.007053,0.396670
2067,7LGV,57.29,0.601600,1.00,-3223.597,243.269,0.898442,0.506050
2068,7LHC,86.21,0.728600,1.00,-1809.180,164.354,0.215978,0.661000
2069,7LI2,38.64,0.562500,1.00,-732.831,169.530,1.340282,0.198720
2070,7LIF,38.64,0.517300,1.00,-732.831,169.530,1.157741,0.142480
2071,7LP4,65.43,0.520500,1.00,-2999.220,252.305,0.665879,0.553590
2072,7LQR,55.95,0.511400,1.00,-960.362,138.861,0.503139,0.222030
2073,7LQS,68.33,0.551100,1.00,-657.986,114.297,0.352780,0.284100
2074,7LRW,65.48,0.551800,1.00,-1404.486,95.696,0.460987,0.268070
2075,7LSO,83.33,0.699400,1.00,-969.211,39.624,0.129484,0.516390
2076,7LSP,80.56,0.645700,1.00,-969.211,39.624,0.194493,0.382730
2077,7LT7,27.14,0.247800,1.00,-1785.210,201.964,1.499247,0.208250
2078,7LVE,72.87,0.616400,1.00,-3685.588,171.828,0.315811,0.590350
2079,7LVG,51.11,0.517300,1.00,-3603.874,191.057,0.689112,0.431660
2080,7LX4,46.34,0.409100,1.00,-2340.071,403.157,0.551796,0.353420
2081,7LZL,85.81,0.713300,1.00,-2396.155,155.333,0.135129,0.692900
2082,7M1D,46.88,0.424100,1.00,-3036.344,256.104,0.972582,0.399540
2083,7M1E,66.07,0.636700,1.00,-1325.229,141.990,0.415935,0.458180
2084,7M3U,48.15,0.341000,1.00,-1791.064,200.676,0.500797,0.193440
2085,7MJ3,30.68,0.419700,1.00,-2577.167,465.748,1.046068,0.256400
2086,7MY8,32.14,0.491200,1.00,-3109.155,155.422,0.820579,0.366320
2087,7N0T,56.25,0.502400,1.00,-713.888,106.012,0.433016,0.285640
2088,7N21,67.65,0.523600,1.00,-636.488,101.509,0.309460,0.236570
2089,7N23,67.65,0.548300,1.00,-636.488,101.509,0.320122,0.212630
2090,7N25,57.81,0.521400,1.00,-713.888,106.012,0.452259,0.242390
2091,7NIP,75.00,0.623600,1.00,-4283.259,224.253,0.220841,0.553730
2092,7NS1,87.10,0.781400,1.00,-2697.392,77.072,0.174782,0.653500
2093,7OB2,65.00,0.455600,1.00,-219.661,152.468,0.270741,0.375530
2094,7OD2,88.24,0.662600,1.00,-2368.045,157.021,0.152283,0.689910
2095,7OFM,73.33,0.689400,1.00,-1916.728,71.345,0.455720,0.533840
2096,7OFO,76.67,0.705600,1.00,-1916.728,71.345,0.366682,0.630320
2097,7OSC,50.00,0.375700,1.00,-1234.427,265.256,0.554312,0.202500
2099,7P3M,86.54,0.675400,1.00,-560.064,59.236,0.209527,0.491210
2100,7P4X,83.06,0.744500,1.00,-2117.347,66.660,0.207842,0.609750
2101,7P55,79.55,0.670100,1.00,-1579.110,42.381,0.212700,0.273930
2102,7P5G,40.00,0.472000,1.00,-1088.124,212.418,0.650952,0.176960
2103,7P5Q,40.00,0.520300,1.00,-1120.940,196.055,0.717714,0.214780
2104,7P5S,46.00,0.444000,1.00,-1103.281,240.823,0.479046,0.205510
2105,7PH8,86.29,0.776400,1.00,-2705.992,41.602,0.191373,0.609390
2106,7PHT,75.00,0.772100,1.00,-2567.569,78.398,0.212604,0.565350
2107,7PL4,69.35,0.678600,1.00,-1949.530,80.567,0.434733,0.580350
2108,7PVB,96.74,0.786200,1.00,-3286.046,128.023,0.091147,0.891380
2109,7PVM,58.87,0.537500,1.00,-1348.983,129.299,0.804879,0.396060
2110,7QAL,43.57,0.509500,1.00,-1655.068,271.092,0.863691,0.331300
2111,7QAM,48.57,0.717200,1.00,-1910.149,84.439,0.800957,0.357950
2112,7QAO,39.29,0.458200,1.00,-1500.549,194.651,0.883514,0.284750
2113,7QAP,49.29,0.639500,1.00,-2112.626,106.614,0.598827,0.376830
2114,7QLF,60.29,0.440200,1.00,-653.614,112.695,0.432798,0.137900
2115,7QXJ,56.25,0.412600,1.00,-1665.087,189.594,0.489659,0.342850
2116,7RC7,92.19,0.749700,1.00,-1997.626,175.331,0.173141,0.738720
2117,7RC8,90.62,0.720300,1.00,-1997.626,175.331,0.212832,0.734790
2118,7RFA,78.45,0.650700,1.00,-1749.433,152.128,0.371147,0.507530
2119,7RN3,55.00,0.420500,1.00,-2204.922,252.309,0.517878,0.412850
2120,7S55,54.03,0.425600,1.00,-2279.933,240.145,0.501942,0.434050
2121,7S7P,88.69,0.769800,1.00,-2921.882,128.821,0.154602,0.776490
2122,7SAG,63.71,0.515600,1.00,-1755.656,191.665,0.725909,0.407430
2123,7SKC,87.50,0.679700,1.00,-2703.089,198.017,0.127865,0.675170
2124,7T6G,58.75,0.481900,1.00,-995.448,62.111,0.407398,0.247770
2125,7T7W,79.55,0.601400,1.00,-456.130,87.594,0.183467,0.378560
2126,7TB9,36.25,0.443000,1.00,-442.945,102.575,0.615922,0.120960
2127,7TH8,58.33,0.478800,1.00,-1811.611,171.787,0.625681,0.358460
2128,7UNX,54.86,0.478900,1.00,-2201.127,211.049,0.832687,0.411840
2129,7UV3,66.67,0.569400,1.00,-3663.178,164.630,0.540979,0.561580
2130,7V5E,51.39,0.454000,1.00,-910.885,195.314,0.448421,0.131730
2131,7V5F,47.58,0.448900,1.00,-2236.494,370.320,0.703983,0.221480
2132,7VOZ,73.28,0.756900,1.00,-1835.122,56.474,0.359659,0.526970
2133,7VQH,38.89,0.408100,1.00,-642.993,108.033,0.709051,0.166800
2134,7VQI,34.72,0.400500,1.00,-642.993,108.033,0.661790,0.105220
2135,7W8K,49.00,0.485400,1.00,-1102.651,124.333,0.635841,0.204560
2136,7W8O,40.38,0.435400,1.00,-1568.420,162.666,0.721128,0.198920
2137,7W8R,38.46,0.370900,1.00,-1568.420,162.666,0.659805,0.164700
2138,7W8T,37.50,0.423700,1.00,-1277.868,168.131,0.727235,0.190080
2139,7W8Z,50.66,0.550000,1.00,-2327.698,233.763,0.557518,0.303950
2140,7W96,76.85,0.766600,1.00,-1107.391,121.719,0.219849,0.418840
2141,7WE3,31.45,0.452600,1.00,-1379.100,187.102,0.737701,0.198360
2142,7WEI,39.52,0.437200,1.00,-1379.100,187.102,0.646515,0.212130
2143,7Y7L,69.44,0.597300,1.00,-3018.955,223.408,0.433112,0.565990
2144,7YAB,65.34,0.528200,1.00,-2914.599,259.539,0.328525,0.532530
2145,7YFS,64.06,0.531100,1.00,-699.922,56.473,0.499514,0.278240
2146,7YHF,93.06,0.807900,1.00,-2489.500,186.239,0.103263,0.780160
2147,7YHG,95.14,0.816000,1.00,-2489.500,186.239,0.088252,0.818780
2148,7YHH,94.44,0.824000,1.00,-2489.500,186.239,0.087606,0.817420
2149,7YHI,95.14,0.827800,1.00,-2394.911,195.916,0.078677,0.826200
2150,7YRV,41.96,0.474400,1.00,-1735.540,223.872,0.708014,0.258660
2151,7YRW,28.23,0.367400,1.00,-1319.913,255.165,0.700121,0.240950
2152,7YRX,41.13,0.465800,1.00,-1511.719,238.065,0.923609,0.272990
2153,7YSS,69.64,0.562900,1.00,-793.553,38.747,0.423724,0.495160
2154,7YYI,75.00,0.682600,1.00,-2191.006,58.602,0.226325,0.599810
2155,7Z07,88.79,0.779100,1.00,-2204.518,58.317,0.104480,0.606790
2156,7Z08,68.97,0.701600,1.00,-2291.131,49.859,0.282765,0.534520
2157,7Z0B,81.90,0.723900,1.00,-2410.779,87.539,0.147413,0.601320
2159,7ZNF,88.33,0.729000,1.00,-1819.165,157.025,0.184751,0.639040
2160,7ZRF,47.22,0.574900,1.00,-528.975,101.651,1.062669,0.179990
2161,7ZRO,28.13,0.506100,1.00,-1324.066,268.137,1.386866,0.176700
2162,7ZRU,89.29,0.750600,1.00,-1868.115,121.081,0.161643,0.597730
2163,7ZWJ,39.71,0.508100,1.00,-378.821,83.108,0.992730,0.193150
2164,7ZZV,28.47,0.416700,1.00,-1921.267,254.954,1.170354,0.251470
2165,8A6I,28.57,0.338800,1.00,-1664.588,235.424,1.422894,0.200540
2166,8AHK,78.05,0.682400,1.00,-3100.092,286.912,0.226224,0.611600
2167,8B1L,73.96,0.610300,1.00,-1450.056,93.987,0.507430,0.444790
2168,8B1X,65.00,0.628400,1.00,-1437.221,44.629,0.609965,0.548620
2169,8B4R,52.50,0.430900,1.00,-949.902,169.662,0.632738,0.135310
2170,8B6X,80.00,0.691200,1.00,-1808.214,72.999,0.256725,0.454170
2171,8B6Y,76.00,0.694200,1.00,-1808.214,72.999,0.205047,0.420100
2172,8B9Q,24.38,0.425900,1.00,-1540.752,268.827,1.115269,0.238080
2173,8B9R,29.38,0.462700,1.00,-1540.752,268.827,1.295187,0.234220
2174,8BOO,26.09,0.504800,1.00,-730.323,122.695,1.476724,0.167750
2175,8BVC,62.50,0.528000,1.00,-2845.835,208.427,0.389211,0.483630
2176,8BVZ,39.47,0.580900,1.00,-608.563,98.896,1.157359,0.167400
2177,8BWW,61.11,0.504400,1.00,-1069.617,77.409,0.378057,0.239560
2178,8CIQ,82.14,0.696900,1.00,-2340.363,168.435,0.279476,0.672900
2183,8CJT,78.57,0.676100,1.00,-2122.913,162.630,0.207012,0.580410
2184,8CM3,72.83,0.576900,1.00,-1262.171,196.557,0.347785,0.313810
2185,8DFZ,58.14,0.486300,1.00,-3299.251,297.017,0.842696,0.444540
2186,8DYM,36.21,0.424200,1.00,-1016.692,176.496,0.596056,0.384070
2187,8DYN,46.88,0.465200,1.00,-1147.275,205.387,0.535270,0.172810
2188,8EB1,53.12,0.376600,1.00,-1563.874,117.584,0.524689,0.295460
2189,8EF4,41.25,0.600600,1.00,-421.514,81.519,0.924192,0.226200
2190,8F04,84.21,0.655800,1.00,-1018.458,98.649,0.325230,0.391630
2191,8FD4,88.24,0.649600,1.00,-2309.915,196.197,0.150313,0.683080
2192,8FEY,88.89,0.719300,1.00,-2374.000,190.176,0.185773,0.736430
2193,8G21,53.91,0.509000,1.00,-1604.716,208.262,0.518417,0.367320
2194,8GUC,28.47,0.385300,1.00,-1950.498,271.232,0.976059,0.273480
2195,8GVN,82.14,0.617400,1.00,-793.553,38.747,0.255569,0.449210
2196,8H0G,79.84,0.685500,1.00,-2006.859,79.424,0.245171,0.577180
2197,8H0U,70.16,0.677200,1.00,-2006.859,79.424,0.386059,0.587510
2198,8HJC,87.88,0.681400,1.00,-2566.268,185.952,0.172069,0.692360
2199,8HJD,87.88,0.670900,1.00,-2566.268,185.952,0.160083,0.681030
2200,8HR3,65.38,0.572700,1.00,-519.659,94.300,0.461609,0.280320
2201,8HR4,65.38,0.523300,1.00,-542.631,95.610,0.336356,0.294550
2202,8HVS,50.00,0.463100,1.00,-293.224,77.182,0.344729,0.280190
2203,8HZW,53.12,0.532500,1.00,-618.832,133.676,0.729123,0.212650
2204,8IKQ,62.50,0.517900,1.00,-398.808,120.708,0.283902,0.276360
2205,8IL1,67.86,0.576900,1.00,-398.808,120.708,0.263675,0.220010
2206,8IL2,75.00,0.522600,1.00,-448.462,91.229,0.304415,0.257450
2207,8IL6,73.33,0.517400,1.00,-448.462,91.229,0.272563,0.281810
2208,8JB4,27.08,0.380400,1.00,-1404.514,173.857,0.891770,0.161770
2209,8K3M,47.06,0.446700,1.00,-583.073,97.444,0.511246,0.141040
2210,8K3N,42.65,0.434500,1.00,-583.073,97.444,0.643216,0.227210
2211,8OR5,61.67,0.653000,1.00,-1871.205,50.567,0.415306,0.403190
2212,8ORY,79.17,0.775400,1.00,-2124.008,58.391,0.216278,0.536590
2213,8ORZ,72.50,0.698800,1.00,-1605.569,47.789,0.304761,0.482530
2214,8OS0,80.00,0.743100,1.00,-1832.003,77.711,0.215861,0.522390
2216,8PWT,36.76,0.426800,1.00,-2812.597,97.530,0.686803,0.298110
2221,8QNT,30.10,0.596600,1.00,-3718.912,157.773,1.593977,0.272820
2222,8QTQ,72.06,0.610700,1.00,-2152.561,191.810,0.336948,0.525260
2223,8R89,52.78,0.529800,1.00,-931.687,100.336,0.586588,0.205600
2224,8RHS,50.00,0.475300,1.00,-2871.831,207.083,0.609831,0.485850
2225,8RPQ,73.61,0.749300,1.00,-2704.948,68.196,0.231318,0.528420
2226,8RQ6,69.35,0.674100,1.00,-2445.401,52.654,0.375443,0.514570
2227,8S9Y,29.49,0.478500,1.00,-1410.383,261.813,1.103895,0.211690
2228,8SED,80.41,0.641700,1.00,-2377.723,188.899,0.201713,0.627840
2229,8SEM,82.69,0.655100,1.00,-1882.506,191.639,0.476795,0.680710
2230,8SVB,40.00,0.381000,1.00,-1822.308,181.158,0.778617,0.231820
2231,8T01,90.38,0.740900,1.00,-518.549,49.449,0.098278,0.477310
2232,8T61,40.62,0.437000,1.00,-532.681,95.145,0.775823,0.272730
2233,8T62,37.50,0.506200,1.00,-476.788,70.981,1.009266,0.168750
2234,8T63,50.00,0.346800,1.00,-793.990,98.867,0.555967,0.187050
2235,8TFV,48.81,0.427900,1.00,-649.345,208.525,0.830711,0.186920
2236,8TV4,51.92,0.442500,1.00,-793.899,92.900,0.466403,0.278250
2237,8TXS,42.19,0.514600,1.00,-525.241,64.950,1.102245,0.202460
2238,8TYI,82.76,0.742000,1.00,-1844.956,112.118,0.178878,0.546110
2239,8UKC,48.33,0.386800,1.00,-736.612,81.000,0.600913,0.216810
2240,8ULM,75.00,0.574600,1.00,-1811.611,171.787,0.234923,0.474860
2241,8UM1,49.40,0.477200,1.00,-3433.057,129.497,0.768465,0.453560
2242,8UM2,57.74,0.497300,1.00,-3433.057,129.497,0.944805,0.398300
2243,8UNG,84.15,0.703600,1.00,-2775.629,155.747,0.191628,0.688680
2244,8UWF,89.10,0.753600,1.00,-2379.931,225.281,0.177880,0.774450
2245,8UXR,64.13,0.544900,1.00,-1098.795,362.453,0.389701,0.242800
2246,8V2M,60.71,0.531900,1.00,-1807.657,168.891,0.429691,0.330430
2247,8V2V,29.27,0.376400,1.00,-2249.269,705.555,0.857048,0.254250
2248,8VU6,86.41,0.714600,1.00,-2873.089,258.382,0.276192,0.769580
2249,8VU7,83.33,0.670500,1.00,-2948.877,669.653,0.253542,0.725000
2250,8VU8,84.88,0.671500,1.00,-2704.296,235.673,0.166305,0.705180
2251,8VYC,44.32,0.474600,1.00,-817.565,111.847,1.012045,0.150260
2252,8W0Q,61.25,0.588800,1.00,-1192.866,126.665,0.353354,0.281300
2253,8W16,68.33,0.520500,1.00,-848.994,61.927,0.364568,0.267700
2254,8W17,65.00,0.523600,1.00,-665.802,90.372,0.332945,0.243200
2255,8W2V,32.05,0.546200,1.00,-1315.239,228.248,1.116579,0.248100
2256,8WGI,58.00,0.523500,1.00,-1482.376,129.743,0.613988,0.308410
2257,8WGJ,72.92,0.613700,1.00,-1335.947,101.322,0.236306,0.332590
2258,8WW0,37.50,0.282800,1.00,-2054.667,251.794,1.074126,0.265300
2259,8WW1,30.00,0.397100,1.00,-1741.727,127.896,0.838639,0.231430
2260,8X3N,53.12,0.464800,1.00,-519.865,141.362,0.474925,0.239810
2261,8X40,64.06,0.464200,1.00,-519.865,141.362,0.378950,0.268340
2262,8XTH,76.67,0.498200,1.00,-615.987,107.744,0.291486,0.275760
2263,8XTN,34.85,0.496700,1.00,-954.054,222.617,1.064709,0.190560
2264,8XTO,45.24,0.547700,1.00,-569.782,121.164,0.627507,0.135800
2265,8Y3S,54.55,0.505500,1.00,-346.194,55.987,0.414315,0.327300
2266,8YD6,27.50,0.363700,1.00,-1743.603,161.792,0.846480,0.201840
2267,8ZG2,50.00,0.526600,1.00,-265.517,46.570,0.434011,0.211170
2268,8ZG3,52.27,0.532100,1.00,-145.941,54.517,0.541492,0.310810
2269,8ZG4,47.73,0.509000,1.00,-299.373,53.488,0.478917,0.306010
2270,8ZP3,37.12,0.446600,1.00,-1004.836,172.165,0.865973,0.257250
2271,8ZUG,43.48,0.480300,1.00,-406.633,122.399,0.835489,0.180050
2272,9AZI,90.74,0.775800,1.00,-1816.694,93.581,0.143023,0.685650
2273,9BET,57.74,0.662700,1.00,-2803.943,68.693,0.537895,0.528490
2274,9BF4,63.71,0.573200,1.00,-2296.277,170.277,0.434531,0.369620
2275,9BHN,54.55,0.448200,1.00,-364.920,104.339,0.495581,0.139880
2276,9BV0,84.26,0.683600,1.00,-2184.104,123.036,0.128999,0.491040
2277,9BV4,70.14,0.588500,1.00,-3051.954,210.706,0.217307,0.496330
2278,9BVS,48.08,0.465300,1.00,-839.257,89.574,0.521411,0.255210
2279,9BVU,45.00,0.444600,1.00,-1091.610,81.008,0.717770,0.203910
2280,9BVV,48.08,0.436400,1.00,-848.607,76.960,0.472479,0.177860
2281,9CRB,44.64,0.432700,1.00,-1158.535,345.994,0.645447,0.223850
2282,9F1E,73.21,0.647000,1.00,-1497.843,75.872,0.457095,0.494750
2283,9F1F,62.82,0.647500,1.00,-2212.150,161.246,0.613736,0.534450
2284,9F1G,71.43,0.674400,1.00,-3309.681,135.674,0.342018,0.617160
2285,9FJN,97.22,0.788900,1.00,-1316.350,29.957,0.059198,0.557300
2286,9FJW,51.43,0.671000,1.00,-2094.123,106.565,1.034035,0.411620
2287,9G0M,67.00,0.637900,1.00,-1389.266,111.267,0.453498,0.367780
2288,9G0N,66.00,0.623100,1.00,-1389.266,111.267,0.501202,0.387080
2289,9G20,66.00,0.630500,1.00,-1389.266,111.267,0.445242,0.385830
2290,9G21,60.00,0.540200,1.00,-1389.266,111.267,0.440423,0.286010
2291,9G22,67.00,0.593300,1.00,-1407.572,96.493,0.314124,0.320980
2292,9G2N,65.00,0.589500,1.00,-1407.572,96.493,0.335041,0.328700
2293,9G2O,65.00,0.589500,1.00,-1407.572,96.493,0.322092,0.316530
2294,9G31,66.00,0.545700,1.00,-1407.572,96.493,0.336009,0.303810
2295,9G32,69.00,0.555200,1.00,-1407.572,96.493,0.330476,0.342760
2296,9G5P,69.00,0.608000,1.00,-1389.266,111.267,0.448596,0.395610
2297,9GDL,73.00,0.591000,1.00,-1487.715,119.280,0.277149,0.407190
2298,9GDN,74.00,0.624300,1.00,-1487.715,119.280,0.219951,0.419150
2299,9GDT,76.00,0.622900,1.00,-1487.715,119.280,0.242666,0.410750
2300,9GDU,76.00,0.621100,1.00,-1487.715,119.280,0.265234,0.453340
2301,9GE1,73.00,0.638400,1.00,-1487.715,119.280,0.265799,0.379740
2302,9GE9,60.00,0.559900,1.00,-1404.981,105.439,0.426349,0.345160
2303,9GEB,69.00,0.618100,1.00,-1404.981,105.439,0.337488,0.394500
2304,9GEC,65.00,0.639200,1.00,-1404.981,105.439,0.382606,0.415730
2305,9IKO,45.31,0.397400,1.00,-496.761,112.106,0.386356,0.274330
2306,9ILX,48.44,0.400000,1.00,-496.761,112.106,0.470030,0.188220
2307,9J5F,30.47,0.343900,1.00,-1942.880,318.507,0.897770,0.206390
2308,9J5H,61.43,0.563900,1.00,-2465.705,224.904,0.411532,0.372640
2309,9KAR,43.33,0.465900,1.00,-617.048,94.802,0.659503,0.204620
2310,9KK0,46.00,0.533200,1.00,-692.868,160.633,0.883213,0.228230
2311,9L1M,43.75,0.531200,1.00,-112.031,62.558,0.732753,0.182370
2312,9NVH,77.14,0.619800,1.00,-1670.757,201.746,0.244660,0.566400
2313,9NWZ,38.75,0.554000,1.00,-618.077,130.426,1.230021,0.153850
2314,9NY3,43.75,0.364900,1.00,-1143.987,140.911,0.551428,0.140210
2315,9UV5,57.50,0.569300,1.00,-325.448,61.481,0.373133,0.280900
