serial,pdb_id,gdt_ts,lddt,lddt_coverage,pred_dope,pred_molpdf,rmsd,tm_score
1,1A11,89.00,0.781100,1.00,-1917.307,38.236,0.137744,0.639010
2,1A3P,68.33,0.633400,1.00,-2888.287,199.870,0.396575,0.561920
3,1ACW,80.17,0.653800,1.00,-1795.045,171.671,0.205571,0.438700
4,1ADX,47.50,0.496900,1.00,-2549.198,315.308,0.708020,0.337930
5,1AG7,83.09,0.656300,1.00,-1841.012,163.189,0.266686,0.644520
6,1AGG,68.23,0.608300,1.00,-2605.489,370.208,0.617370,0.581870
7,1AGT,97.37,0.780800,1.00,-2916.540,170.687,0.073864,0.860300
8,1AHL,45.41,0.419100,1.00,-3590.727,421.960,0.672964,0.433410
9,1ALE,90.28,0.744900,1.00,-1320.567,30.459,0.190060,0.540640
10,1ALF,92.11,0.775600,1.00,-1683.518,41.307,0.155890,0.502020
11,1ALG,68.75,0.701400,1.00,-1352.089,66.442,0.628932,0.520260
12,1AMB,25.00,0.398500,1.00,-820.457,156.746,0.887886,0.187100
13,1AMC,25.00,0.410600,1.00,-820.457,156.746,0.870375,0.195130
14,1AML,26.25,0.314500,1.00,-1714.470,220.749,1.237640,0.193060
15,1ANP,36.61,0.395100,1.00,-1393.320,143.536,0.878453,0.165220
16,1ANS,40.74,0.403900,1.00,-1541.307,203.719,0.880559,0.147200
17,1AOO,37.50,0.420900,1.00,-1825.988,277.622,0.775650,0.321550
18,1APF,40.31,0.413800,1.00,-3192.836,386.934,0.914433,0.357930
19,1APO,89.88,0.746400,1.00,-2298.085,270.828,0.198691,0.760730
20,1AQG,43.18,0.482500,1.00,-346.939,65.786,0.515742,0.178310
21,1AQQ,36.88,0.423400,1.00,-1825.988,277.622,0.789654,0.267810
22,1AQR,38.75,0.423600,1.00,-1825.988,277.622,0.837453,0.288890
23,1ARD,90.52,0.732400,1.00,-2232.706,135.237,0.293516,0.726700
24,1ARE,91.38,0.762200,1.00,-2168.460,124.065,0.228781,0.708620
25,1ARF,91.38,0.774100,1.00,-2331.619,141.666,0.242811,0.723530
26,1ATX,34.78,0.358400,1.00,-2779.725,327.889,1.060096,0.383330
27,1AV3,97.22,0.753400,1.00,-1547.603,176.558,0.073292,0.768580
28,1AW6,84.30,0.713400,1.00,-2659.569,186.072,0.248507,0.698840
29,1AXH,89.86,0.752900,1.00,-2287.098,182.581,0.193536,0.729260
30,1AZ6,77.78,0.629700,1.00,-2322.145,218.293,0.212634,0.572830
31,1AZH,52.78,0.499400,1.00,-2322.145,218.293,0.505137,0.347100
32,1AZJ,92.36,0.770100,1.00,-2346.964,181.830,0.099045,0.781030
33,1AZK,75.00,0.685000,1.00,-2317.554,196.371,0.221414,0.542930
34,1B03,62.50,0.498800,1.00,-833.108,93.158,0.305278,0.325570
35,1B1V,82.61,0.624000,1.00,-1016.262,71.470,0.371229,0.498840
36,1B4G,33.33,0.353600,1.00,-1369.651,101.124,1.086602,0.234530
37,1B4I,31.67,0.382600,1.00,-1369.651,101.124,0.705011,0.159250
38,1B5N,80.43,0.614500,1.00,-1016.262,71.470,0.359797,0.450840
39,1B8W,75.60,0.599200,1.00,-2790.639,267.934,0.326157,0.597250
40,1B9P,70.59,0.625200,1.00,-2185.860,85.966,0.332485,0.519110
41,1B9Q,61.76,0.594000,1.00,-2185.860,85.966,0.426766,0.440420
42,1B9U,81.62,0.782500,1.00,-2901.425,96.205,0.182895,0.634660
43,1BA4,19.38,0.297600,1.00,-1714.470,220.749,1.580811,0.210860
44,1BA6,21.88,0.314500,1.00,-1714.470,220.749,1.353605,0.235880
45,1BAH,84.46,0.651800,1.00,-2633.716,154.905,0.142821,0.682530
46,1BBA,78.47,0.667600,1.00,-2612.777,147.915,0.237279,0.600670
47,1BBG,71.88,0.620600,1.00,-3025.636,232.008,0.310127,0.570130
48,1BDS,51.16,0.433100,1.00,-3133.287,334.956,0.562092,0.458440
49,1BEI,85.71,0.673600,1.00,-2826.195,172.600,0.156209,0.640880
50,1BF9,87.20,0.756400,1.00,-2461.521,210.470,0.220219,0.740920
51,1BGK,90.54,0.734300,1.00,-2920.121,163.627,0.109274,0.742680
52,1BH4,72.50,0.625900,1.00,-2006.236,177.215,0.339526,0.456180
53,1BH7,37.88,0.517900,1.00,-2074.302,136.435,1.226324,0.292370
54,1BHI,79.61,0.728800,1.00,-2383.612,115.702,0.351132,0.679730
55,1BIG,92.57,0.726900,1.00,-3053.652,230.125,0.099042,0.779880
56,1BJB,25.00,0.428000,1.00,-905.140,162.402,1.211952,0.140700
57,1BJC,39.29,0.444700,1.00,-1339.786,141.208,0.573856,0.242010
58,1BL1,53.23,0.590000,1.00,-2436.627,83.041,0.654411,0.320980
59,1BM4,54.69,0.480900,1.00,-2100.682,157.223,0.795908,0.420220
60,1BMX,60.48,0.453300,1.00,-2542.431,91.510,0.735697,0.474380
61,1BNB,85.53,0.683900,1.00,-2934.456,254.657,0.205421,0.704180
62,1BOE,80.85,0.675700,1.00,-3500.162,226.278,0.211338,0.714990
63,1BQF,74.00,0.546700,1.00,-1400.670,86.378,0.342710,0.377680
64,1BRV,67.19,0.538200,1.00,-2047.594,220.794,0.445802,0.419860
65,1BWX,53.21,0.610500,1.00,-3052.534,69.723,0.578510,0.514690
66,1BY0,78.70,0.681800,1.00,-1821.300,68.502,0.319608,0.534200
67,1BY6,50.00,0.473700,1.00,-2352.753,58.684,0.475208,0.343160
68,1BZG,55.88,0.570500,1.00,-2571.119,69.355,0.565576,0.410860
69,1C2U,40.00,0.425800,1.00,-2539.005,207.672,0.760482,0.252630
70,1C49,90.71,0.731200,1.00,-2375.415,154.059,0.108972,0.761760
71,1C4B,51.92,0.431600,1.00,-422.594,82.155,0.506484,0.345920
72,1C4E,82.14,0.674600,1.00,-1956.523,237.371,0.190235,0.633970
73,1C55,75.62,0.616700,1.00,-3324.326,229.843,0.306353,0.611020
74,1C56,76.25,0.619000,1.00,-3324.326,229.843,0.306288,0.607370
75,1C6W,82.58,0.639500,1.00,-1573.895,164.569,0.194218,0.562880
76,1CBH,99.31,0.870800,1.00,-2396.487,208.415,0.053822,0.909460
77,1CCF,82.14,0.704400,1.00,-2298.085,270.828,0.173245,0.648120
78,1CCM,40.76,0.379100,1.00,-2909.606,405.800,0.800231,0.322170
79,1CCN,41.30,0.367400,1.00,-2909.606,405.800,0.753711,0.325560
80,1CE4,33.57,0.380600,1.00,-1799.725,231.997,0.701763,0.247310
81,1CFG,72.73,0.647500,1.00,-1532.376,108.603,0.414844,0.321880
82,1CFH,28.72,0.293400,1.00,-3595.516,248.170,1.224439,0.241050
83,1CFI,55.32,0.511600,1.00,-3595.516,248.170,0.655960,0.439120
84,1CHL,76.39,0.587100,1.00,-2431.449,306.815,0.232707,0.551470
85,1CIX,78.41,0.626800,1.00,-3280.340,240.801,0.224133,0.648150
86,1CKW,55.00,0.541500,1.00,-1271.650,128.608,0.457128,0.362970
87,1CKX,44.23,0.432800,1.00,-1902.405,90.077,0.846225,0.354440
88,1CKY,41.35,0.365100,1.00,-1902.405,90.077,0.740876,0.167800
89,1CKZ,39.00,0.475100,1.00,-1271.650,128.608,0.793170,0.241410
90,1CMR,78.23,0.640800,1.00,-2349.888,141.784,0.177278,0.485690
91,1CO4,66.07,0.647100,1.00,-2622.177,241.667,0.597274,0.509530
92,1CQ0,60.71,0.640100,1.00,-1449.717,58.089,0.403239,0.342920
93,1CR8,77.38,0.651600,1.00,-2306.589,197.183,0.272707,0.652830
94,1CSA,43.18,0.319600,1.00,-577.732,19.473,0.489783,0.141920
95,1CTI,90.52,0.743700,1.00,-1904.608,158.460,0.143734,0.685550
96,1CW5,60.42,0.531300,1.00,-2540.234,274.638,0.720372,0.466280
97,1CW6,63.51,0.569800,1.00,-2028.037,166.294,0.586439,0.510320
98,1CWX,27.84,0.483900,1.00,-1431.615,260.259,1.030099,0.303200
99,1CXR,30.98,0.335500,1.00,-2790.468,436.228,0.975060,0.287850
100,1CYA,40.91,0.461900,1.00,-577.732,19.473,0.479942,0.160640
101,1CYB,45.45,0.418200,1.00,-577.732,19.473,0.445211,0.188690
102,1CZ6,80.00,0.680900,1.00,-1172.753,156.616,0.270143,0.438290
103,1D0R,50.83,0.566800,1.00,-1936.316,122.266,0.583960,0.353800
104,1D1H,87.14,0.639000,1.00,-2625.636,181.365,0.210514,0.708960
105,1D2J,77.50,0.672300,1.00,-2232.194,201.050,0.259998,0.637280
106,1D2L,73.89,0.646200,1.00,-2482.904,258.469,0.438378,0.631040
107,1D5Q,100.00,0.873400,1.00,-1935.691,66.400,0.050730,0.827590
108,1D6B,87.50,0.713500,1.00,-3077.779,197.232,0.206532,0.752960
109,1D6X,59.62,0.501400,1.00,-318.592,112.269,0.373975,0.273020
110,1DEC,54.49,0.500700,1.00,-2105.208,294.095,0.724894,0.441560
111,1DEP,85.00,0.623300,1.00,-944.351,58.147,0.223829,0.528940
112,1DF6,50.00,0.438900,1.00,-2261.598,134.710,0.628641,0.305850
113,1DFE,75.00,0.547300,1.00,-2392.771,165.412,0.397208,0.602940
114,1DFS,53.23,0.507700,1.00,-1964.216,152.546,0.385141,0.345420
115,1DFT,57.50,0.459300,1.00,-1893.680,169.037,0.356504,0.295440
116,1DGZ,74.32,0.553500,1.00,-2392.771,165.412,0.400563,0.595110
117,1DJF,55.00,0.507200,1.00,-362.741,80.081,0.399041,0.318490
118,1DKC,77.63,0.604300,1.00,-2393.659,207.350,0.203716,0.584250
119,1DL0,90.54,0.757400,1.00,-2356.843,159.744,0.122825,0.756110
120,1DMC,40.32,0.475100,1.00,-2011.131,227.558,0.669402,0.247540
121,1DMD,43.55,0.474100,1.00,-2011.131,227.558,0.660694,0.218390
122,1DME,45.54,0.447100,1.00,-1741.446,175.891,0.692905,0.264240
123,1DMF,47.32,0.449000,1.00,-1741.446,175.891,0.695769,0.233720
124,1DN3,48.33,0.481600,1.00,-362.741,80.081,0.433592,0.241370
125,1DNG,86.67,0.729800,1.00,-685.865,37.789,0.181038,0.425370
126,1DPK,63.75,0.504100,1.00,-392.315,117.734,0.528298,0.246550
127,1DPQ,65.00,0.557200,1.00,-719.914,57.184,0.422110,0.345330
128,1DSK,69.64,0.688800,1.00,-2081.994,62.878,0.534820,0.488170
129,1DSQ,92.86,0.675500,1.00,-941.864,72.149,0.199718,0.519710
130,1DSV,60.48,0.573800,1.00,-1138.873,196.382,0.495896,0.364420
131,1DTC,83.65,0.710000,1.00,-1624.105,42.184,0.239585,0.576380
132,1DU1,66.25,0.535400,1.00,-1151.586,37.425,0.491789,0.285720
133,1DU9,84.82,0.687800,1.00,-1433.556,197.429,0.198288,0.544510
134,1DV0,84.04,0.724200,1.00,-4716.618,163.051,0.406559,0.766530
135,1DVW,58.33,0.528300,1.00,-701.125,102.564,0.592411,0.203060
136,1DX7,55.73,0.595200,1.00,-3750.890,181.863,0.552796,0.541020
137,1E0G,85.94,0.658300,1.00,-4152.547,169.477,0.190536,0.739370
138,1E0L,85.14,0.724500,1.00,-2536.623,159.880,0.215683,0.679160
139,1E0M,85.81,0.741300,1.00,-2311.734,173.860,0.221629,0.702830
140,1E0N,92.59,0.710500,1.00,-1789.225,118.612,0.139637,0.606690
141,1E0Q,77.94,0.677100,1.00,-1078.894,63.679,0.201165,0.264330
142,1E4Q,78.38,0.701100,1.00,-2556.134,185.026,0.222317,0.616060
143,1E4R,73.57,0.584000,1.00,-2130.183,315.632,0.283955,0.535710
144,1E4S,78.47,0.617100,1.00,-2623.275,123.548,0.232443,0.621980
145,1E4T,75.68,0.607500,1.00,-2680.231,188.872,0.368396,0.555740
146,1E8P,90.22,0.766300,1.00,-3478.067,200.716,0.124841,0.817690
147,1E8Q,87.50,0.759700,1.00,-3478.067,200.716,0.193991,0.795570
148,1E9K,44.08,0.589500,1.00,-2214.989,227.681,0.648348,0.368730
149,1ED0,60.87,0.501800,1.00,-3178.567,209.916,0.418650,0.450160
150,1ED7,92.22,0.729600,1.00,-4106.565,290.932,0.116386,0.837130
151,1EDP,70.59,0.626200,1.00,-1038.085,76.733,0.300480,0.273570
152,1EDS,43.55,0.406700,1.00,-2357.824,111.566,0.585470,0.352250
153,1EDV,33.09,0.374000,1.00,-1612.418,303.904,0.727857,0.247860
154,1EDW,41.35,0.466400,1.00,-2129.456,120.082,0.491969,0.195530
155,1EDX,25.00,0.400500,1.00,-1917.638,236.142,1.163617,0.240320
156,1EGT,82.35,0.636100,1.00,-798.423,78.086,0.240560,0.322310
157,1EHS,55.21,0.572500,1.00,-3434.307,166.118,0.467199,0.465320
158,1EI0,100.00,0.857500,1.00,-3130.307,135.943,0.045114,0.940160
159,1EMX,75.83,0.576500,1.00,-1848.664,196.723,0.295436,0.498730
160,1EMZ,83.33,0.668300,1.00,-1419.285,27.351,0.281311,0.452540
161,1EQX,68.06,0.578200,1.00,-807.881,72.599,0.368400,0.349830
162,1ERC,49.38,0.554500,1.00,-3311.626,197.207,0.883235,0.392790
163,1ERD,40.00,0.428200,1.00,-2824.742,303.769,0.931580,0.325590
164,1ERP,37.50,0.393300,1.00,-2502.594,288.347,0.750604,0.337900
165,1ERY,49.36,0.538500,1.00,-3068.156,100.001,0.878087,0.409780
166,1ESK,63.69,0.653100,1.00,-1994.453,190.088,0.351295,0.461010
167,1EWS,78.91,0.602300,1.00,-2071.516,164.292,0.225258,0.679760
168,1EYO,86.67,0.734900,1.00,-1942.817,199.129,0.215656,0.634140
169,1EZE,62.50,0.683100,1.00,-2697.641,85.950,0.345090,0.513800
170,1F3K,64.42,0.510200,1.00,-1729.428,140.774,0.384443,0.312590
171,1F4I,86.67,0.698900,1.00,-4574.164,126.768,0.205153,0.802390
172,1F7E,82.07,0.765900,1.00,-2642.660,310.008,0.213972,0.730040
173,1F7M,80.43,0.753800,1.00,-2642.660,310.008,0.209226,0.685470
174,1F8Z,91.03,0.745200,1.00,-2155.090,181.474,0.211521,0.767930
175,1FAC,71.43,0.586200,1.00,-1399.549,72.139,0.307108,0.290100
176,1FCT,57.03,0.524500,1.00,-1505.462,195.329,0.543791,0.395520
177,1FDF,52.00,0.461700,1.00,-1752.217,45.082,0.676948,0.219890
178,1FEO,87.50,0.679100,1.00,-1466.462,100.081,0.142506,0.573580
179,1FF7,80.43,0.714400,1.00,-2642.660,310.008,0.224356,0.669290
180,1FFM,84.78,0.771800,1.00,-2642.660,310.008,0.176702,0.748600
181,1FGD,54.17,0.472500,1.00,-725.058,88.315,0.402080,0.153010
182,1FGE,51.25,0.469500,1.00,-907.632,60.813,0.612871,0.171960
183,1FJN,85.26,0.737100,1.00,-2890.579,167.253,0.209298,0.703610
184,1FME,68.75,0.602400,1.00,-2195.521,149.835,0.271411,0.457890
185,1FMY,38.12,0.419200,1.00,-1825.988,277.622,0.883606,0.286880
186,1FQQ,71.34,0.603300,1.00,-2983.906,197.691,0.371141,0.552930
187,1FRE,37.50,0.380700,1.00,-3099.633,210.858,0.688378,0.315890
188,1FRY,38.79,0.501400,1.00,-1432.910,79.311,0.753370,0.226140
189,1FSB,88.12,0.763600,1.00,-2592.651,261.207,0.172821,0.756120
190,1FSD,75.00,0.596500,1.00,-1933.550,179.661,0.293285,0.468730
191,1FSV,73.21,0.600700,1.00,-1933.550,179.661,0.280092,0.464720
192,1FU3,92.59,0.674500,1.00,-1804.298,152.648,0.124188,0.620610
193,1FU9,79.17,0.691500,1.00,-2404.530,203.260,0.480346,0.676810
194,1FUL,45.45,0.419800,1.00,-398.596,39.901,0.474482,0.286550
195,1FUV,52.27,0.482400,1.00,-398.596,39.901,0.360835,0.231010
196,1FV5,77.78,0.646000,1.00,-2521.020,178.704,0.333060,0.604980
197,1FVY,50.81,0.622900,1.00,-2469.239,65.228,0.948900,0.372160
198,1FW5,78.75,0.722600,1.00,-1381.606,72.110,0.329470,0.345860
199,1FWO,77.14,0.648200,1.00,-2186.246,169.119,0.304510,0.541520
200,1FYG,89.00,0.680800,1.00,-1343.663,101.558,0.123561,0.469500
201,1G04,33.65,0.387500,1.00,-1677.414,134.074,1.215014,0.154990
202,1G26,85.48,0.731000,1.00,-2272.157,188.529,0.157323,0.611630
203,1G92,53.00,0.623700,1.00,-1736.584,51.581,0.675737,0.356760
204,1G9P,60.56,0.590000,1.00,-2446.739,247.202,0.708771,0.520080
205,1GEA,75.00,0.641900,1.00,-1471.546,53.267,0.338340,0.265590
206,1GIB,71.59,0.589200,1.00,-929.197,143.950,0.226143,0.259790
207,1GK5,73.47,0.620500,1.00,-3510.258,290.793,0.245678,0.622740
208,1GM2,43.18,0.556700,1.00,-266.568,64.766,0.800188,0.311470
209,1GNA,78.85,0.621700,1.00,-573.779,83.230,0.340689,0.366710
210,1GNB,55.77,0.530400,1.00,-573.779,83.230,0.428037,0.268410
211,1GNF,80.98,0.673500,1.00,-3265.206,171.388,0.244860,0.674930
212,1GP8,78.12,0.713900,1.00,-2911.601,80.739,0.298109,0.647180
213,1GPS,93.62,0.756700,1.00,-3091.135,189.541,0.126770,0.854180
214,1GPT,90.96,0.715200,1.00,-3130.825,166.010,0.121491,0.846730
215,1GUR,77.86,0.623400,1.00,-1956.523,237.371,0.203252,0.559050
216,1GW3,52.17,0.609000,1.00,-3349.368,122.526,0.426962,0.501650
217,1GW4,47.83,0.562400,1.00,-3349.368,122.526,0.704484,0.363490
218,1H20,83.33,0.710500,1.00,-2716.970,236.349,0.226103,0.692510
219,1H5O,81.55,0.644900,1.00,-2164.774,219.066,0.178741,0.659150
220,1H7D,31.12,0.259900,1.00,-3827.697,234.065,1.749404,0.237060
221,1H7J,50.00,0.489800,1.00,-1367.914,67.010,0.517458,0.288580
222,1HA9,84.56,0.762100,1.00,-1779.055,190.485,0.401733,0.716650
223,1HD6,45.27,0.502300,1.00,-2726.916,181.109,0.804766,0.314030
225,1HEV,94.77,0.777000,1.00,-3023.875,264.454,0.130710,0.871870
226,1HFF,60.00,0.583700,1.00,-337.732,37.506,0.277705,0.383900
227,1HJ0,35.37,0.553300,1.00,-2051.370,169.031,0.819464,0.232650
228,1HLL,78.12,0.667300,1.00,-2362.400,84.488,0.294396,0.571170
229,1HLY,92.31,0.743200,1.00,-2978.697,180.323,0.110083,0.796080
230,1HN3,23.75,0.289700,1.00,-2013.359,221.419,1.281553,0.254040
231,1HNR,65.96,0.576800,1.00,-3362.883,202.467,0.320613,0.557920
232,1HNS,57.45,0.517600,1.00,-3362.883,202.467,0.406337,0.453520
233,1HO0,45.83,0.439100,1.00,-1903.072,170.444,0.646580,0.309280
234,1HO2,87.50,0.710400,1.00,-1333.509,37.812,0.152544,0.491720
235,1HO7,85.00,0.723400,1.00,-1333.509,37.812,0.172215,0.418010
236,1HO9,68.75,0.622400,1.00,-2584.949,75.338,0.309200,0.496840
237,1HOD,68.75,0.640200,1.00,-2584.949,75.338,0.322794,0.380030
238,1HOF,66.41,0.578300,1.00,-2362.400,84.488,0.317908,0.411030
239,1HP2,90.54,0.734400,1.00,-2641.942,158.270,0.139577,0.784720
240,1HP3,83.59,0.717100,1.00,-1983.405,155.142,0.279553,0.656720
241,1HP9,82.95,0.635900,1.00,-1759.597,56.008,0.181717,0.332930
242,1HPH,47.30,0.582000,1.00,-3039.509,73.827,0.836029,0.395670
243,1HPY,57.35,0.629600,1.00,-2674.376,80.261,0.452633,0.363930
244,1HRL,73.91,0.609000,1.00,-1054.854,98.978,0.481186,0.342400
246,1HTX,87.50,0.685100,1.00,-2084.536,195.984,0.162120,0.650900
247,1HU5,80.56,0.687900,1.00,-964.910,37.794,0.172610,0.350100
248,1HU6,66.67,0.597100,1.00,-868.308,38.669,0.406574,0.301350
249,1HU7,84.72,0.665200,1.00,-973.907,38.451,0.261900,0.511440
250,1HVW,98.00,0.801400,1.00,-1496.543,137.130,0.063462,0.730630
251,1HVZ,77.78,0.654500,1.00,-1009.344,105.953,0.283164,0.323550
252,1HY9,89.63,0.773200,1.00,-2696.299,243.173,0.139514,0.784200
253,1HYK,80.98,0.661300,1.00,-3342.978,390.527,0.251681,0.681660
254,1HZ3,31.73,0.505900,1.00,-848.618,191.385,0.994138,0.169270
255,1I25,44.59,0.409700,1.00,-1685.593,167.690,0.903421,0.406110
256,1I26,77.21,0.654700,1.00,-2258.301,214.453,0.345477,0.571540
257,1I2U,81.25,0.651300,1.00,-3075.432,308.623,0.228513,0.676220
258,1I2V,80.68,0.646500,1.00,-3438.805,234.857,0.323074,0.674850
259,1I6C,69.23,0.645300,1.00,-2161.868,198.547,0.519064,0.552040
260,1I8X,68.33,0.565600,1.00,-2078.884,122.024,0.476331,0.487250
261,1I8Y,84.82,0.668200,1.00,-1790.078,113.981,0.196069,0.518840
262,1IB9,81.62,0.702100,1.00,-1779.055,190.485,0.422754,0.658350
263,1IBN,76.25,0.659000,1.00,-1323.039,22.147,0.301387,0.399880
264,1IBO,75.00,0.639500,1.00,-1323.039,22.147,0.346179,0.367980
265,1IC9,37.93,0.487100,1.00,-1657.409,143.359,1.278038,0.232120
266,1ICA,68.75,0.589600,1.00,-2876.323,153.343,0.596736,0.562480
267,1ICL,38.79,0.475600,1.00,-1373.919,191.989,1.086631,0.170360
268,1ICO,37.07,0.484400,1.00,-1574.598,170.683,1.225037,0.307880
269,1ID6,36.67,0.451100,1.00,-798.325,53.329,0.608742,0.233020
270,1ID7,40.00,0.432300,1.00,-798.325,53.329,0.599417,0.186820
271,1IE6,77.27,0.636300,1.00,-1316.245,180.068,0.380471,0.568760
272,1IFY,89.80,0.748200,1.00,-4586.584,146.643,0.113227,0.817450
273,1IIJ,74.29,0.710800,1.00,-2547.064,66.898,0.269984,0.645930
274,1IM1,79.17,0.570600,1.00,-545.453,42.604,0.243627,0.385710
275,1IRR,75.00,0.568300,1.00,-969.465,170.278,0.377174,0.383850
276,1IVA,66.67,0.552500,1.00,-3186.329,195.151,0.620116,0.544770
277,1IWC,40.44,0.499700,1.00,-1202.903,176.227,0.817004,0.323720
278,1IWF,29.41,0.419900,1.00,-1202.903,176.227,0.938843,0.243560
279,1IXA,88.46,0.723600,1.00,-2301.977,186.517,0.162282,0.731450
280,1IXT,86.11,0.691100,1.00,-1750.160,128.454,0.138444,0.523410
281,1IXU,52.08,0.456700,1.00,-436.982,73.669,0.434603,0.304120
282,1IYC,45.14,0.477300,1.00,-1738.889,271.019,1.043975,0.345270
283,1IYT,25.00,0.303000,1.00,-2070.936,181.978,1.293034,0.237760
284,1J4M,91.07,0.722100,1.00,-633.431,62.036,0.129902,0.533970
285,1J5J,92.36,0.788900,1.00,-2846.476,154.155,0.125563,0.791320
286,1J5L,50.00,0.516700,1.00,-1899.773,159.154,0.668356,0.307160
287,1J5M,75.00,0.597900,1.00,-1466.650,193.466,0.227087,0.408600
288,1JBL,58.93,0.708600,1.00,-440.134,48.622,0.959309,0.379330
289,1JBN,58.93,0.688600,1.00,-440.134,48.622,0.944673,0.312290
290,1JDM,66.94,0.599700,1.00,-2962.099,49.697,0.477523,0.515290
291,1JI9,68.24,0.569000,1.00,-2366.943,209.239,0.273325,0.474560
292,1JJZ,87.07,0.704000,1.00,-1902.393,194.057,0.215468,0.613870
293,1JKZ,85.87,0.712000,1.00,-3613.229,202.291,0.136066,0.770190
294,1JLZ,85.87,0.708500,1.00,-1272.310,109.506,0.166745,0.419420
295,1JMN,37.50,0.335700,1.00,-3277.368,318.475,0.824790,0.289260
296,1JMP,79.89,0.660600,1.00,-3115.810,189.499,0.224455,0.707750
297,1JN7,72.22,0.655200,1.00,-2477.031,195.698,0.618565,0.590370
298,1JO5,43.75,0.609900,1.00,-3750.890,181.863,1.023845,0.455450
299,1JO6,43.33,0.528800,1.00,-2660.236,207.021,1.058299,0.355340
300,1JRF,52.13,0.474100,1.00,-2342.622,216.925,0.764464,0.435670
301,1JRJ,82.69,0.763800,1.00,-2630.163,94.915,0.216840,0.671570
302,1JU8,75.68,0.660100,1.00,-2776.814,179.957,0.214157,0.554380
303,1JY9,75.00,0.627800,1.00,-585.527,94.884,0.246591,0.231350
304,1K0P,37.10,0.405500,1.00,-1662.139,222.444,0.657736,0.235460
305,1K18,37.10,0.406700,1.00,-1662.139,222.444,0.649463,0.228700
306,1K1V,92.07,0.721200,1.00,-3422.243,80.118,0.105930,0.792060
307,1K36,79.89,0.637300,1.00,-3498.695,287.069,0.196050,0.669300
308,1K37,79.89,0.635200,1.00,-3498.695,287.069,0.189592,0.670130
309,1K43,89.29,0.692400,1.00,-633.431,62.036,0.186274,0.399710
310,1K48,87.07,0.707300,1.00,-1902.393,194.057,0.216127,0.593300
311,1K7B,80.32,0.720300,1.00,-2383.794,350.776,0.358153,0.709440
312,1K81,65.28,0.542800,1.00,-2422.151,165.440,0.298274,0.437290
313,1K91,83.78,0.741000,1.00,-1701.845,158.762,0.168671,0.664950
314,1KAL,87.07,0.736100,1.00,-1971.519,179.878,0.219078,0.603740
315,1KBE,68.37,0.568500,1.00,-3347.920,208.135,0.277395,0.565280
316,1KBF,68.88,0.574400,1.00,-3347.920,208.135,0.284891,0.571250
317,1KDL,71.74,0.621500,1.00,-1670.945,53.453,0.342411,0.374940
318,1KGM,85.71,0.715900,1.00,-1866.056,167.383,0.180886,0.656220
319,1KIO,77.86,0.683300,1.00,-1871.483,195.740,0.397105,0.584840
320,1KJ0,77.14,0.646900,1.00,-1754.801,196.883,0.253604,0.536200
321,1KJ5,80.56,0.661800,1.00,-2623.275,123.548,0.193516,0.644030
322,1KJ6,71.67,0.587100,1.00,-2903.775,192.987,0.620745,0.599680
323,1KLR,91.67,0.810900,1.00,-1912.846,126.193,0.159648,0.769390
324,1KLS,91.67,0.747200,1.00,-1878.780,127.809,0.162679,0.731810
325,1KMR,83.33,0.660100,1.00,-879.439,51.115,0.287244,0.445700
326,1KOZ,77.08,0.622900,1.00,-2518.995,161.137,0.215875,0.566180
327,1KQH,82.89,0.652900,1.00,-2850.436,174.875,0.191796,0.678890
328,1KQI,79.61,0.675200,1.00,-2850.436,174.875,0.208253,0.629490
329,1KUW,50.00,0.508700,1.00,-215.150,46.542,0.414362,0.300120
330,1KV4,58.33,0.661600,1.00,-2355.034,136.942,0.524152,0.422220
331,1KWD,78.12,0.522900,1.00,-1084.568,65.928,0.237767,0.256660
332,1KWE,76.56,0.520700,1.00,-1084.568,65.928,0.276498,0.234500
333,1KX6,44.83,0.428200,1.00,-2129.009,83.435,0.590271,0.253280
334,1KZ0,78.12,0.571600,1.00,-993.108,33.335,0.225778,0.261430
335,1KZ2,81.25,0.618500,1.00,-824.728,46.241,0.181708,0.385980
336,1KZ5,70.83,0.547300,1.00,-626.218,50.892,0.371574,0.442390
337,1L1K,36.25,0.395700,1.00,-802.219,137.477,0.808452,0.092160
338,1L2Y,97.50,0.818200,1.00,-1111.743,67.415,0.057405,0.593890
339,1L3Q,41.67,0.574300,1.00,-367.359,60.800,0.718535,0.265120
340,1L3Y,78.66,0.626200,1.00,-2527.125,242.635,0.222378,0.631840
341,1L4V,85.62,0.699600,1.00,-2845.297,171.450,0.161586,0.729940
342,1LA4,82.35,0.677300,1.00,-2216.533,204.419,0.174171,0.643590
343,1LB0,78.85,0.534500,1.00,-715.462,31.381,0.239429,0.357990
344,1LB7,87.50,0.683100,1.00,-801.744,62.157,0.205752,0.452140
345,1LBJ,78.41,0.650800,1.00,-1664.348,57.028,0.413319,0.417290
346,1LCX,80.77,0.563700,1.00,-715.462,31.381,0.238099,0.359140
347,1LDL,69.79,0.588500,1.00,-2651.635,250.518,0.382281,0.575930
348,1LDR,66.86,0.562200,1.00,-2374.403,257.198,0.304869,0.554950
349,1LFC,38.00,0.317800,1.00,-1410.885,301.998,0.642465,0.167950
350,1LGL,93.06,0.795800,1.00,-2846.476,154.155,0.123383,0.820150
351,1LIQ,62.96,0.500800,1.00,-1714.095,137.059,0.365605,0.304280
352,1LIR,93.92,0.746000,1.00,-2828.345,158.740,0.101589,0.806290
353,1LMM,66.88,0.575200,1.00,-2427.011,247.627,0.478637,0.521180
354,1LMR,77.14,0.638800,1.00,-2068.001,152.072,0.259513,0.556380
355,1LUP,79.84,0.592500,1.00,-2145.490,169.328,0.188803,0.523480
356,1LV4,38.10,0.394700,1.00,-1131.677,68.532,0.657050,0.117730
357,1LVZ,45.45,0.460500,1.00,-329.454,61.054,0.478280,0.202490
358,1LYP,80.47,0.664500,1.00,-2341.712,68.859,0.186718,0.616240
359,1M02,47.92,0.542400,1.00,-509.037,68.285,0.614088,0.177270
360,1M0G,42.50,0.504500,1.00,-2111.009,123.735,0.737932,0.255790
361,1M0J,64.29,0.506000,1.00,-1633.110,230.395,0.404311,0.357550
362,1M23,90.38,0.638300,1.00,-732.140,31.915,0.116370,0.446170
363,1M25,60.58,0.566600,1.00,-1677.414,134.074,0.561590,0.378380
364,1M2S,85.81,0.648200,1.00,-2699.124,176.038,0.161607,0.699820
365,1M36,92.42,0.781400,1.00,-2491.417,116.228,0.148451,0.775160
366,1M4E,50.00,0.412200,1.00,-1432.819,50.514,0.434141,0.176580
367,1M4F,33.00,0.331800,1.00,-1830.864,162.713,0.677737,0.153970
368,1MA2,72.06,0.532600,1.00,-900.012,90.327,0.276014,0.261280
369,1MA4,39.71,0.526100,1.00,-665.620,114.140,1.112591,0.176330
370,1MA5,58.82,0.471900,1.00,-900.012,90.327,0.578197,0.171570
371,1MA6,39.71,0.503100,1.00,-665.620,114.140,0.832362,0.102810
372,1MB6,82.86,0.620600,1.00,-2353.316,180.297,0.185815,0.648850
373,1MEA,58.04,0.522900,1.00,-1237.647,180.668,0.589747,0.290360
374,1MED,57.14,0.526200,1.00,-1237.647,180.668,0.652042,0.291930
375,1MEQ,60.87,0.649400,1.00,-1073.634,91.272,0.606739,0.286240
376,1MF6,64.58,0.496600,1.00,-429.841,52.469,0.411510,0.278410
377,1MGX,46.81,0.427300,1.00,-3595.516,248.170,0.771740,0.358650
378,1MHU,73.39,0.612400,1.00,-2209.601,183.504,0.238259,0.453760
379,1MKC,51.16,0.558400,1.00,-2384.660,239.331,0.667014,0.379440
380,1MM0,93.75,0.802900,1.00,-3053.827,225.497,0.092327,0.825110
381,1MMC,84.17,0.708900,1.00,-1946.171,156.616,0.161155,0.567860
382,1MOT,66.96,0.617200,1.00,-1524.865,67.720,0.503153,0.574330
383,1MPZ,37.20,0.427900,1.00,-2955.115,230.591,0.647665,0.255350
384,1MR0,86.03,0.660700,1.00,-2670.141,203.891,0.176990,0.669740
385,1MR4,90.43,0.769100,1.00,-3492.469,230.556,0.131966,0.809600
386,1MRB,67.74,0.610200,1.00,-2043.860,150.343,0.258464,0.426420
387,1MRT,66.13,0.569300,1.00,-2218.077,181.950,0.242120,0.384150
388,1MTQ,71.05,0.503000,1.00,-918.267,85.643,0.444700,0.309820
389,1MTX,93.59,0.760100,1.00,-2756.501,169.176,0.116084,0.778540
390,1MXQ,65.91,0.568900,1.00,-479.640,75.368,0.304163,0.383490
391,1MYN,96.02,0.782200,1.00,-3310.305,178.051,0.083075,0.871330
392,1MYU,50.00,0.464300,1.00,-373.791,78.432,0.409652,0.135360
393,1MZI,51.92,0.483900,1.00,-715.462,31.381,0.375432,0.144800
394,1N0Z,68.89,0.654300,1.00,-2322.603,253.267,0.658889,0.578060
395,1N1U,94.83,0.792100,1.00,-1781.652,196.544,0.118190,0.723080
396,1N2Y,45.00,0.438600,1.00,-608.573,104.180,0.503229,0.136510
397,1N4N,96.28,0.809300,1.00,-3574.985,208.332,0.072712,0.912550
398,1N5G,27.63,0.336300,1.00,-2505.276,293.601,0.781143,0.245290
399,1N6T,45.00,0.442900,1.00,-280.776,47.819,0.433044,0.168520
400,1N8M,88.16,0.733500,1.00,-2587.089,292.720,0.140277,0.745460
401,1N9U,72.50,0.557400,1.00,-487.815,42.731,0.282236,0.262870
402,1NB1,91.38,0.774400,1.00,-2043.096,146.100,0.106528,0.709900
403,1NBJ,82.50,0.737600,1.00,-2125.256,226.209,0.252916,0.598370
404,1NBL,92.93,0.807600,1.00,-3623.555,154.835,0.103277,0.858940
405,1NC8,75.86,0.626700,1.00,-1279.068,142.353,0.442243,0.537210
406,1NCS,82.98,0.697900,1.00,-4112.564,188.254,0.200053,0.749720
407,1ND9,58.67,0.527500,1.00,-3925.309,156.962,0.339859,0.459590
408,1NE5,81.55,0.592800,1.00,-3036.717,216.328,0.300134,0.678560
409,1NIZ,56.25,0.490400,1.00,-517.247,65.778,0.315283,0.184060
410,1NJ0,62.50,0.524600,1.00,-517.247,65.778,0.290462,0.213720
411,1NJ3,87.90,0.736400,1.00,-2054.389,187.067,0.251928,0.673980
412,1NMJ,22.32,0.458600,1.00,-838.704,130.633,1.274565,0.191570
413,1NZS,27.63,0.452900,1.00,-803.910,61.397,0.704683,0.225550
414,1O53,85.00,0.612100,1.00,-839.076,21.996,0.258014,0.482350
415,1O8Y,57.14,0.699200,1.00,-440.134,48.622,0.964017,0.321410
416,1O8Z,55.36,0.662000,1.00,-440.134,48.622,0.937466,0.283610
417,1OAV,73.44,0.582000,1.00,-3186.329,195.151,0.483960,0.644440
418,1OAW,76.04,0.637300,1.00,-3186.329,195.151,0.290074,0.639550
419,1ODP,91.25,0.687800,1.00,-1563.490,48.766,0.143036,0.488670
420,1ODQ,88.75,0.718400,1.00,-1563.490,48.766,0.163826,0.411930
421,1ODR,90.00,0.686500,1.00,-1563.490,48.766,0.133344,0.427830
422,1OEF,88.54,0.744800,1.00,-1826.774,36.186,0.112773,0.467130
423,1OEG,78.26,0.691100,1.00,-1666.458,36.235,0.301989,0.346290
424,1OEI,41.67,0.446100,1.00,-381.068,241.182,0.642388,0.210130
425,1OG7,34.88,0.405900,1.00,-2197.214,175.186,1.053698,0.299060
426,1OHM,39.77,0.394000,1.00,-2493.752,242.638,0.942698,0.354660
427,1OHN,33.72,0.390000,1.00,-2197.214,175.186,1.112104,0.307630
428,1OIG,90.62,0.745500,1.00,-1283.493,152.338,0.119340,0.505550
429,1OMA,68.75,0.612800,1.00,-2605.489,370.208,0.368264,0.558690
430,1OMB,72.92,0.600800,1.00,-2605.489,370.208,0.347653,0.609710
431,1OMQ,92.19,0.686200,1.00,-993.108,33.335,0.121969,0.440820
432,1OPP,64.47,0.655700,1.00,-3114.079,87.751,0.439392,0.466570
433,1ORL,87.50,0.736900,1.00,-3468.747,142.745,0.191070,0.776950
434,1ORX,87.50,0.718200,1.00,-1623.121,105.601,0.162266,0.496420
435,1OZZ,84.09,0.720700,1.00,-3434.753,230.522,0.275094,0.763480
436,1P00,81.82,0.683100,1.00,-3402.712,231.132,0.388163,0.711880
437,1P0A,79.55,0.668700,1.00,-3535.364,207.437,0.305467,0.687600
438,1P7A,76.35,0.690500,1.00,-2298.607,206.354,0.408476,0.616730
439,1P82,38.00,0.368100,1.00,-978.515,175.438,0.901602,0.205460
440,1P83,31.00,0.364500,1.00,-978.515,175.438,0.816733,0.129470
441,1P8B,91.22,0.764100,1.00,-2713.767,186.484,0.111551,0.765310
442,1P9C,52.78,0.585100,1.00,-2606.285,179.588,0.641229,0.376770
443,1P9F,85.00,0.622700,1.00,-597.426,7.636,0.315917,0.479300
444,1P9Z,70.73,0.566400,1.00,-2983.556,215.423,0.351919,0.600550
445,1PAA,86.67,0.760200,1.00,-2010.776,102.914,0.323058,0.699070
446,1PB5,94.29,0.796900,1.00,-1885.977,264.753,0.087981,0.820540
447,1PDC,79.44,0.660300,1.00,-4085.681,298.263,0.256330,0.684690
448,1PGY,63.30,0.561300,1.00,-4587.568,151.982,0.381538,0.553130
449,1PJV,92.97,0.738400,1.00,-2379.049,156.677,0.111142,0.725900
450,1PLP,59.00,0.676400,1.00,-1454.640,106.022,0.626810,0.334110
451,1PMC,79.86,0.674800,1.00,-1964.168,188.995,0.232822,0.611000
452,1PNH,93.55,0.771200,1.00,-2149.538,120.118,0.087213,0.742450
453,1PP5,40.48,0.414800,1.00,-982.305,99.969,0.578503,0.151400
454,1PSM,61.84,0.595000,1.00,-2829.823,62.195,0.506931,0.486180
455,1PSV,70.54,0.620100,1.00,-2123.828,156.763,0.384629,0.402350
456,1PT4,84.48,0.730200,1.00,-1838.610,195.136,0.269287,0.622760
457,1PV0,89.13,0.728300,1.00,-4407.911,187.566,0.192447,0.795740
458,1PVZ,87.10,0.701100,1.00,-2092.619,138.361,0.304916,0.660630
459,1PX9,77.38,0.581100,1.00,-3036.717,216.328,0.281770,0.620140
460,1PXQ,32.86,0.325900,1.00,-2150.160,209.837,0.946931,0.215980
461,1Q01,26.97,0.374600,1.00,-1136.260,298.921,1.377358,0.199100
462,1Q2F,52.34,0.601600,1.00,-2189.227,97.363,0.626269,0.307940
463,1Q2I,42.97,0.470900,1.00,-2189.227,97.363,0.745325,0.234610
464,1Q2J,73.86,0.549900,1.00,-1044.601,94.175,0.284068,0.209100
465,1Q2K,92.74,0.769400,1.00,-2043.966,88.413,0.094619,0.744390
466,1Q3J,74.31,0.602000,1.00,-2169.737,197.472,0.293097,0.588890
467,1Q3M,57.14,0.533300,1.00,-3724.928,201.343,0.888294,0.490580
468,1Q3Y,45.24,0.449300,1.00,-1976.253,257.662,0.841025,0.390040
469,1Q3Z,48.81,0.453900,1.00,-1976.253,257.662,0.677494,0.377370
470,1Q71,38.10,0.420500,1.00,-982.305,99.969,0.597374,0.114380
471,1QCM,40.91,0.476800,1.00,-258.906,39.343,0.482665,0.146870
472,1QDP,81.55,0.622500,1.00,-2259.079,237.809,0.205437,0.660620
473,1QFD,87.50,0.671200,1.00,-2084.536,195.984,0.176568,0.634300
474,1QG9,83.33,0.700200,1.00,-1696.426,35.703,0.293812,0.455760
475,1QGM,70.00,0.567300,1.00,-2078.884,122.024,0.481119,0.500420
476,1QHK,74.47,0.624200,1.00,-4067.069,182.373,0.239417,0.610630
477,1QJK,75.00,0.626100,1.00,-2367.483,220.906,0.337695,0.557860
478,1QJL,70.54,0.603900,1.00,-1710.032,158.323,0.292044,0.407720
479,1QK6,90.15,0.718700,1.00,-2141.875,160.709,0.119307,0.692690
480,1QK7,84.38,0.635200,1.00,-2326.524,199.348,0.228410,0.652030
481,1QKY,85.53,0.672800,1.00,-3013.799,242.262,0.192759,0.696100
482,1QLO,56.62,0.490200,1.00,-2489.099,130.099,0.438506,0.402110
483,1QWP,40.91,0.480900,1.00,-258.906,39.343,0.493714,0.269970
484,1QXC,47.73,0.553700,1.00,-258.906,39.343,0.586235,0.328650
485,1QYT,43.18,0.480000,1.00,-258.906,39.343,0.492630,0.144620
486,1R02,50.00,0.470300,1.00,-2088.418,204.866,0.628891,0.254640
487,1R1F,79.05,0.608100,1.00,-2349.417,376.159,0.250116,0.592110
488,1R7C,74.19,0.743700,1.00,-2893.462,65.578,0.339371,0.660060
489,1R7D,72.58,0.700900,1.00,-2893.462,65.578,0.338722,0.580740
490,1R7E,79.84,0.699200,1.00,-2893.462,65.578,0.221683,0.690760
491,1R7F,66.13,0.615200,1.00,-2893.462,65.578,0.307471,0.485010
492,1R7G,73.39,0.669700,1.00,-2893.462,65.578,0.276399,0.569920
493,1R8T,61.67,0.531200,1.00,-654.009,60.258,0.323593,0.208660
494,1R9I,68.18,0.497000,1.00,-1247.993,129.780,0.355906,0.290400
495,1RES,74.42,0.614100,1.00,-3907.792,99.020,0.472325,0.635000
496,1RET,69.19,0.580700,1.00,-3907.792,99.020,0.433534,0.545440
497,1RG3,71.88,0.640900,1.00,-1068.736,47.541,0.368499,0.353290
498,1RG4,79.69,0.675100,1.00,-1068.736,47.541,0.263309,0.365420
499,1RIJ,60.87,0.672500,1.00,-1073.987,104.759,0.828357,0.313870
500,1RIK,89.66,0.720100,1.00,-2134.759,122.678,0.146133,0.663620
501,1RIM,80.30,0.667400,1.00,-2324.913,121.250,0.329560,0.600820
502,1RJI,78.23,0.642900,1.00,-2228.885,113.388,0.266348,0.497390
503,1RKL,56.25,0.619000,1.00,-2891.145,100.500,0.652338,0.497960
504,1RMK,81.45,0.667200,1.00,-2750.491,160.571,0.262947,0.563100
505,1RO3,40.82,0.398000,1.00,-2511.835,310.248,0.624400,0.328680
506,1ROO,82.14,0.687700,1.00,-2677.600,184.125,0.179332,0.641000
507,1RPB,42.86,0.434000,1.00,-1165.055,114.559,0.622425,0.122060
508,1RPC,42.86,0.420500,1.00,-1165.055,114.559,0.631884,0.161260
509,1RSW,47.92,0.411100,1.00,-307.124,43.653,0.440842,0.267670
510,1RSX,77.08,0.543800,1.00,-307.124,43.653,0.329836,0.422180
511,1RT0,52.08,0.458400,1.00,-307.124,43.653,0.452806,0.251640
512,1S4H,48.08,0.536200,1.00,-191.430,95.150,0.466720,0.254430
513,1S4J,34.62,0.500800,1.00,-181.933,86.557,0.652077,0.234980
514,1S4T,42.86,0.517400,1.00,-1276.893,73.276,0.881531,0.198010
515,1S4W,58.75,0.551800,1.00,-392.315,117.734,0.475873,0.217890
516,1S6W,50.00,0.404500,1.00,-1496.273,59.513,0.535685,0.138510
517,1S6X,87.50,0.714800,1.00,-2402.556,205.826,0.227432,0.690750
518,1SBU,68.18,0.594600,1.00,-381.566,37.247,0.635009,0.394780
519,1SCO,81.58,0.675800,1.00,-2854.681,190.602,0.155370,0.652090
520,1SH1,47.92,0.459200,1.00,-2604.703,339.712,0.844153,0.443860
521,1SKH,69.17,0.687700,1.00,-2147.183,69.982,0.339149,0.515860
522,1SMZ,55.56,0.539900,1.00,-1670.257,83.640,0.612513,0.372940
523,1SOL,76.25,0.617400,1.00,-746.994,71.032,0.351399,0.321840
524,1SP1,84.48,0.687500,1.00,-1800.288,101.957,0.228305,0.609670
525,1SP2,91.94,0.743300,1.00,-2046.642,115.609,0.134281,0.747210
526,1SP7,85.42,0.749700,1.00,-1756.645,99.778,0.215917,0.553170
527,1SPF,78.57,0.760700,1.00,-2308.195,83.193,0.493048,0.638770
528,1SPW,85.90,0.653200,1.00,-3386.285,219.199,0.220612,0.739980
529,1SRB,69.05,0.573400,1.00,-1379.255,183.982,0.268884,0.218220
530,1SRK,75.00,0.722300,1.00,-2203.796,151.561,0.515795,0.604260
531,1SSL,69.79,0.608900,1.00,-3635.308,272.171,0.271486,0.591950
532,1SUT,17.05,0.429200,1.00,-709.962,128.514,1.148965,0.089020
533,1SX0,96.59,0.745300,1.00,-1091.735,128.332,0.079488,0.532030
534,1SX1,92.05,0.713600,1.00,-1091.735,128.332,0.108980,0.490310
535,1T0C,28.23,0.486600,1.00,-813.133,252.639,0.921392,0.155100
536,1T2Y,41.00,0.463500,1.00,-993.308,215.023,0.757812,0.179820
537,1T5M,48.08,0.419400,1.00,-414.298,51.560,0.522405,0.280920
538,1T5N,51.92,0.451200,1.00,-414.298,51.560,0.545707,0.174850
539,1T5Q,79.17,0.758300,1.00,-2334.013,52.285,0.226294,0.512200
540,1T9E,58.93,0.631600,1.00,-442.818,46.125,0.941568,0.286460
541,1TI5,88.59,0.725900,1.00,-3560.582,190.672,0.129407,0.787960
542,1TM6,60.23,0.566400,1.00,-1049.173,95.050,0.398573,0.288940
543,1TMR,89.47,0.728700,1.00,-1129.868,77.544,0.114615,0.354000
544,1TOR,70.00,0.513600,1.00,-250.192,50.403,0.286469,0.292380
545,1TOS,65.00,0.568200,1.00,-312.674,57.634,0.351258,0.409090
546,1TSK,92.14,0.723500,1.00,-2479.619,151.287,0.095383,0.769690
547,1TV0,64.84,0.469400,1.00,-2144.941,208.995,0.289014,0.498040
548,1TYK,75.74,0.608900,1.00,-2281.645,237.013,0.222130,0.536480
549,1U0P,53.70,0.458900,1.00,-1719.238,113.803,0.681722,0.347090
550,1U57,50.52,0.561400,1.00,-2769.409,214.344,0.965504,0.449830
551,1U6U,70.59,0.587100,1.00,-784.012,86.819,0.267830,0.262250
552,1U6V,73.53,0.617900,1.00,-784.012,86.819,0.272904,0.329000
553,1U85,85.61,0.753900,1.00,-2377.798,127.711,0.223766,0.651650
554,1U86,84.29,0.730300,1.00,-2450.094,136.718,0.277447,0.678260
555,1UAO,80.00,0.706900,1.00,-411.292,32.194,0.271304,0.341290
556,1UJL,38.10,0.502700,1.00,-1940.406,318.765,0.979678,0.320840
557,1UT3,92.11,0.685000,1.00,-3003.555,206.361,0.129973,0.785520
558,1UYA,53.12,0.532300,1.00,-758.442,89.423,0.497588,0.228290
559,1UYB,53.12,0.553700,1.00,-758.442,89.423,0.414818,0.195200
560,1V1D,81.45,0.719300,1.00,-2490.228,119.949,0.200414,0.561660
561,1V28,78.26,0.638300,1.00,-1099.505,101.676,0.482993,0.461120
562,1V4Z,81.58,0.687400,1.00,-1076.272,51.592,0.270439,0.468020
563,1V50,68.42,0.621100,1.00,-1076.272,51.592,0.364136,0.363790
564,1V5A,86.61,0.725900,1.00,-1692.562,113.056,0.159038,0.574370
565,1V6R,65.48,0.518400,1.00,-1436.748,101.882,0.408956,0.177260
566,1V92,87.50,0.733300,1.00,-4788.058,103.859,0.143763,0.739850
567,1VA1,79.05,0.683500,1.00,-2387.761,145.429,0.296871,0.611320
568,1VA2,85.48,0.679700,1.00,-2046.642,115.609,0.154104,0.619100
569,1VA3,87.93,0.677500,1.00,-1800.288,101.957,0.209299,0.685230
570,1VB8,84.17,0.720000,1.00,-2085.061,198.147,0.232329,0.616460
571,1VD7,70.65,0.553900,1.00,-1544.805,50.067,0.412407,0.373820
572,1VD8,64.13,0.478700,1.00,-1688.907,53.997,0.404774,0.296200
573,1VD9,71.74,0.622400,1.00,-1744.301,39.380,0.413820,0.436850
574,1VDA,59.78,0.538000,1.00,-1693.010,38.389,0.691085,0.357270
575,1VDB,81.52,0.723000,1.00,-1544.805,50.067,0.168690,0.629270
576,1VII,81.25,0.685400,1.00,-3193.568,107.319,0.216236,0.643950
577,1VPC,66.67,0.634300,1.00,-3295.315,112.187,0.589746,0.537830
578,1VPU,38.33,0.489100,1.00,-2438.517,209.943,1.064586,0.278250
579,1VQX,36.84,0.447100,1.00,-803.910,61.397,0.718374,0.190270
580,1VTP,71.15,0.706500,1.00,-1749.615,42.677,0.332741,0.458870
581,1VTX,80.95,0.626200,1.00,-2436.285,280.537,0.199523,0.674920
582,1W1N,69.70,0.596000,1.00,-2475.918,131.814,0.415991,0.567360
583,1W4E,92.55,0.755500,1.00,-3741.157,169.426,0.132845,0.839790
584,1W4F,89.89,0.745500,1.00,-3741.157,169.426,0.207525,0.816450
585,1W4G,92.02,0.761900,1.00,-3649.469,304.228,0.232409,0.842690
586,1W4H,88.30,0.738900,1.00,-3623.772,139.892,0.410044,0.809090
587,1WAZ,48.37,0.603500,1.00,-3901.885,93.075,1.629570,0.429920
588,1WCT,59.62,0.507100,1.00,-260.764,75.092,0.361318,0.191250
589,1WM7,67.24,0.621200,1.00,-1712.144,218.759,0.302089,0.331550
590,1WM8,66.07,0.531300,1.00,-1509.321,174.940,0.264911,0.334920
591,1WMT,83.54,0.646400,1.00,-3012.606,270.507,0.178077,0.695630
592,1WN4,64.29,0.592600,1.00,-1338.319,121.466,0.494804,0.391830
593,1WN8,82.95,0.647100,1.00,-1503.485,50.447,0.269393,0.558990
594,1WNK,83.70,0.745600,1.00,-1744.301,39.380,0.183501,0.482590
595,1WNM,92.39,0.729800,1.00,-1688.907,53.997,0.131906,0.581390
596,1WNN,86.96,0.670600,1.00,-1693.010,38.389,0.262359,0.527810
597,1WO3,65.00,0.574000,1.00,-1311.386,136.560,0.385630,0.298940
598,1WO4,64.00,0.544600,1.00,-1256.068,71.419,0.496694,0.357550
599,1WO5,70.00,0.500800,1.00,-1740.419,66.143,0.381920,0.339420
600,1WO6,74.00,0.563500,1.00,-1259.203,103.645,0.332766,0.373360
601,1WO7,69.00,0.526800,1.00,-1499.232,107.897,0.445556,0.345460
602,1WO9,76.43,0.688600,1.00,-1647.872,202.203,0.436186,0.581050
603,1WPD,60.29,0.524100,1.00,-2347.947,168.389,0.487846,0.373080
604,1WQB,84.38,0.698200,1.00,-1967.853,144.238,0.203462,0.617160
605,1WQC,81.73,0.671600,1.00,-1864.955,92.516,0.318902,0.447700
606,1WQD,75.00,0.691000,1.00,-1784.839,127.602,0.439461,0.465350
607,1WQE,90.22,0.704200,1.00,-1398.613,84.112,0.108277,0.451000
608,1WQK,38.10,0.381900,1.00,-2914.378,209.911,0.888869,0.357820
609,1WR3,81.25,0.718500,1.00,-2208.688,189.221,0.267304,0.643200
610,1WR4,90.28,0.775300,1.00,-2127.445,209.923,0.165137,0.754040
611,1WR7,81.71,0.710200,1.00,-2662.334,235.432,0.446399,0.712730
612,1WT7,71.95,0.579200,1.00,-3292.021,188.419,0.477983,0.577230
613,1WT8,83.87,0.669000,1.00,-2228.885,113.388,0.182504,0.593120
614,1WXN,47.62,0.424200,1.00,-3042.075,364.484,0.595299,0.359110
615,1WZ4,51.09,0.559700,1.00,-1328.370,90.416,0.544795,0.268110
616,1WZ5,67.86,0.519300,1.00,-2324.755,138.096,0.332128,0.465290
617,1X22,64.29,0.739500,1.00,-2227.256,110.791,0.583570,0.599580
618,1X32,38.30,0.412500,1.00,-3493.964,230.055,0.747962,0.282220
619,1X5V,83.82,0.647300,1.00,-2438.703,197.755,0.188475,0.581530
620,1X7K,75.00,0.591100,1.00,-1009.724,126.271,0.291974,0.308450
621,1XBH,57.69,0.436000,1.00,-701.587,61.431,0.363178,0.216820
622,1XC0,63.64,0.633600,1.00,-1907.548,74.127,0.426394,0.483410
623,1XF7,89.66,0.731100,1.00,-1812.095,110.764,0.184098,0.651280
624,1XOO,77.50,0.690200,1.00,-1305.221,18.416,0.230167,0.448040
625,1XOP,76.25,0.592900,1.00,-1348.778,43.062,0.219772,0.310860
626,1XRZ,88.33,0.738900,1.00,-1682.811,132.742,0.286413,0.702980
627,1XT7,51.92,0.442600,1.00,-414.298,51.560,0.398905,0.299780
628,1XUT,50.54,0.446300,1.00,-3590.897,198.009,0.634927,0.436020
629,1XV3,47.34,0.564400,1.00,-2964.153,253.765,1.185490,0.365990
630,1XXZ,52.27,0.455400,1.00,-462.867,96.026,0.440453,0.172800
631,1XY4,43.75,0.408900,1.00,-794.850,22.950,0.606466,0.136590
632,1XY6,43.75,0.482700,1.00,-561.111,39.162,0.626537,0.151400
633,1XY8,55.77,0.458100,1.00,-742.227,28.731,0.563869,0.227350
634,1XY9,61.36,0.497300,1.00,-384.143,60.892,0.270854,0.326080
635,1Y03,85.00,0.784700,1.00,-1292.735,43.794,0.189144,0.644720
636,1Y04,65.00,0.805600,1.00,-1292.735,43.794,0.664580,0.502400
637,1Y1B,82.81,0.702700,1.00,-3695.635,184.029,0.285537,0.731290
638,1Y1C,80.21,0.718800,1.00,-3686.792,168.260,0.340233,0.707320
639,1Y29,88.39,0.686900,1.00,-1739.840,150.250,0.126005,0.561800
640,1Y2P,88.97,0.724700,1.00,-2264.147,147.816,0.124417,0.720860
641,1Y32,73.96,0.658200,1.00,-1134.144,91.184,0.422399,0.406260
642,1Y4E,51.85,0.564400,1.00,-1795.493,84.763,0.455617,0.217620
643,1Y5C,63.64,0.500500,1.00,-271.341,61.501,0.367150,0.166700
644,1YIU,91.22,0.807700,1.00,-2360.669,204.310,0.155883,0.770990
645,1YMZ,81.40,0.723200,1.00,-2550.146,204.911,0.253109,0.699000
646,1YP8,70.45,0.588000,1.00,-2158.931,259.264,0.561257,0.504820
647,1YT6,70.00,0.583800,1.00,-408.498,47.755,0.241715,0.395020
648,1YTR,61.54,0.567600,1.00,-1697.279,51.101,0.648312,0.334860
649,1YV8,40.76,0.374300,1.00,-2909.606,405.800,0.808767,0.336970
650,1YVA,40.76,0.365000,1.00,-2909.606,405.800,0.827118,0.342050
651,1YWJ,64.63,0.571900,1.00,-2197.950,384.381,0.693333,0.565580
652,1YYB,74.07,0.607400,1.00,-1628.111,123.425,0.320470,0.486210
653,1Z0Q,22.02,0.281600,1.00,-2070.936,181.978,1.531107,0.273210
654,1Z2T,75.00,0.602600,1.00,-1927.563,47.819,0.397985,0.430010
655,1Z65,70.83,0.630900,1.00,-2110.171,73.486,0.391545,0.510620
656,1Z6V,48.47,0.451900,1.00,-3208.636,223.284,0.724775,0.409360
657,1Z6W,25.51,0.344800,1.00,-3208.636,223.284,1.052330,0.222520
658,1Z99,80.36,0.643100,1.00,-2164.774,219.066,0.283208,0.657090
659,1ZA8,75.81,0.637100,1.00,-2274.581,201.176,0.354455,0.558620
660,1ZAQ,59.09,0.560000,1.00,-3204.982,257.986,0.682544,0.451000
661,1ZDA,79.61,0.689000,1.00,-2926.513,88.905,0.406872,0.674740
662,1ZDB,73.68,0.707600,1.00,-2926.513,88.905,0.363911,0.540620
663,1ZFD,87.50,0.721900,1.00,-2009.562,114.496,0.186646,0.660560
664,1ZFU,75.00,0.613100,1.00,-2826.145,172.462,0.285958,0.623780
665,1ZJQ,79.41,0.697000,1.00,-2441.231,170.917,0.224386,0.595290
666,1ZNM,83.93,0.722200,1.00,-1927.989,127.629,0.127546,0.503310
667,1ZNU,93.97,0.746900,1.00,-2043.096,146.100,0.098703,0.704200
668,1ZR7,90.00,0.746500,1.00,-1744.421,138.955,0.160586,0.715550
669,1ZRV,76.00,0.672900,1.00,-1862.012,44.478,0.235329,0.386640
670,1ZRW,65.00,0.608500,1.00,-1862.012,44.478,0.417914,0.328930
671,1ZRX,44.64,0.594100,1.00,-2284.007,84.014,0.916966,0.415970
672,1ZTA,77.86,0.669000,1.00,-2774.670,68.787,0.284693,0.667270
673,1ZTN,35.00,0.407700,1.00,-1369.651,101.124,0.681104,0.185100
674,1ZTO,52.03,0.593000,1.00,-1794.126,199.865,0.542917,0.378310
675,1ZUE,86.90,0.700800,1.00,-3077.779,197.232,0.336557,0.760170
676,1ZUF,75.00,0.599800,1.00,-3077.779,197.232,0.317062,0.611760
677,1ZUV,86.67,0.661900,1.00,-1942.854,127.117,0.253737,0.631800
678,1ZWA,42.65,0.551200,1.00,-2674.376,80.261,0.921891,0.319210
679,1ZWB,45.14,0.574700,1.00,-2891.955,60.283,1.013112,0.410810
680,1ZWC,47.30,0.586600,1.00,-2980.598,74.952,0.718649,0.376920
681,1ZWD,42.86,0.567200,1.00,-2959.343,48.812,0.695384,0.307160
682,1ZWE,49.26,0.546800,1.00,-2836.796,47.083,0.711643,0.392540
683,1ZWU,88.33,0.755500,1.00,-1848.681,108.146,0.146259,0.657290
684,2A1C,75.00,0.531200,1.00,-1210.604,40.912,0.336111,0.374320
685,2A2B,41.46,0.521500,1.00,-2286.134,207.496,1.004311,0.354700
686,2A2V,86.03,0.695400,1.00,-2177.181,185.613,0.169931,0.674900
687,2A51,76.28,0.693000,1.00,-2551.062,219.783,0.197899,0.575350
688,2AAP,87.50,0.731100,1.00,-2441.231,170.917,0.247129,0.717420
689,2AB3,86.21,0.715300,1.00,-1891.587,109.531,0.161034,0.613140
690,2AB7,90.52,0.722500,1.00,-1858.824,107.104,0.111518,0.664500
691,2AB9,20.97,0.371200,1.00,-1507.259,213.117,1.130154,0.202160
692,2ADX,44.38,0.486600,1.00,-2549.198,315.308,0.734347,0.336940
693,2AJJ,84.82,0.713100,1.00,-2166.243,48.434,0.169395,0.541930
694,2AJM,81.25,0.694800,1.00,-2166.243,48.434,0.237126,0.543630
695,2AJN,86.61,0.692300,1.00,-2166.243,48.434,0.159059,0.569140
696,2AJO,81.25,0.694800,1.00,-2166.243,48.434,0.237126,0.543630
697,2AJW,70.45,0.706100,1.00,-1089.950,144.905,0.571374,0.298040
698,2AK0,71.74,0.675400,1.00,-1134.462,132.938,0.428501,0.418750
699,2AMN,57.69,0.608200,1.00,-1757.164,62.563,0.494166,0.292400
700,2AP7,88.75,0.787400,1.00,-979.466,28.843,0.188793,0.539030
701,2AP8,88.75,0.736100,1.00,-979.466,28.843,0.217582,0.457170
702,2ARI,53.85,0.576700,1.00,-2297.511,57.007,0.751618,0.488640
703,2ATG,84.72,0.713500,1.00,-954.473,79.620,0.226083,0.347670
704,2AXK,87.50,0.703100,1.00,-3090.775,165.849,0.126556,0.725840
705,2B0Y,77.94,0.587300,1.00,-1042.542,47.942,0.252112,0.339030
706,2B19,51.39,0.589000,1.00,-2074.297,129.055,0.925832,0.389880
707,2B38,82.26,0.714500,1.00,-1755.709,173.797,0.360232,0.660950
708,2B4N,45.24,0.566200,1.00,-2741.999,159.823,0.748652,0.391720
709,2B5B,34.03,0.422800,1.00,-2345.545,247.997,0.903901,0.252610
710,2B5P,43.18,0.562000,1.00,-309.856,42.462,0.743942,0.292460
711,2B5Q,38.64,0.518800,1.00,-309.856,42.462,0.683315,0.047400
712,2B68,82.56,0.677600,1.00,-2949.440,228.031,0.213311,0.680010
713,2B9K,46.28,0.460200,1.00,-3758.126,205.141,0.878302,0.355830
714,2BAI,38.28,0.411100,1.00,-1771.884,192.071,0.818767,0.267230
715,2BAO,87.50,0.702500,1.00,-477.110,20.999,0.124505,0.516090
716,2BAU,80.00,0.638800,1.00,-477.110,20.999,0.301599,0.399280
717,2BBG,74.38,0.644500,1.00,-3025.636,232.008,0.250753,0.585180
718,2BBL,34.09,0.499000,1.00,-656.409,182.118,0.960780,0.144310
719,2BBP,39.77,0.557100,1.00,-656.409,182.118,1.116364,0.157900
720,2BBX,75.51,0.696900,1.00,-2496.036,287.069,0.257857,0.649100
723,2BDS,48.84,0.423600,1.00,-3133.287,334.956,0.573043,0.442400
724,2BEY,51.56,0.578900,1.00,-428.252,81.465,0.725696,0.128380
725,2BL6,45.27,0.436300,1.00,-2153.937,159.929,0.667549,0.289320
726,2BMT,100.00,0.791600,1.00,-3107.200,183.016,0.056852,0.901240
727,2BN6,77.27,0.651400,1.00,-2573.341,112.957,0.266842,0.549590
728,2BP4,45.31,0.472800,1.00,-455.540,216.156,0.426369,0.208310
729,2BTG,85.64,0.720000,1.00,-3921.737,124.741,0.374083,0.776010
730,2BTH,84.57,0.713700,1.00,-3921.737,124.741,0.478103,0.778280
731,2C6A,71.74,0.691600,1.00,-2811.363,290.533,0.473720,0.635320
732,2C6B,73.91,0.681700,1.00,-2811.363,290.533,0.416340,0.626140
733,2CBH,99.31,0.861800,1.00,-2396.487,208.415,0.052896,0.909560
734,2CEF,38.16,0.482900,1.00,-770.415,99.186,0.689509,0.189220
735,2CEH,50.00,0.557200,1.00,-770.415,99.186,0.682896,0.180300
736,2CEZ,42.11,0.541400,1.00,-770.415,99.186,0.609551,0.163620
737,2CFJ,42.11,0.518700,1.00,-770.415,99.186,0.823339,0.144480
738,2CK4,84.87,0.744300,1.00,-2883.154,149.595,0.121904,0.715340
739,2CK5,83.87,0.711400,1.00,-2088.260,117.822,0.159324,0.585750
740,2CQ7,70.92,0.721500,1.00,-2686.260,271.496,0.550066,0.620360
741,2CRD,93.92,0.704900,1.00,-2834.792,175.697,0.122264,0.776720
742,2CSA,42.11,0.543500,1.00,-579.275,112.336,0.546868,0.164450
743,2CTI,97.41,0.777100,1.00,-1904.608,158.460,0.095471,0.763330
744,2CYU,76.88,0.593200,1.00,-3224.648,96.949,0.404260,0.626260
745,2DCI,65.00,0.572800,1.00,-1087.107,73.692,0.432989,0.290840
746,2DCO,58.09,0.477000,1.00,-2188.505,165.726,0.450792,0.357430
747,2DCV,82.14,0.670200,1.00,-2869.055,201.911,0.181435,0.687130
748,2DCW,84.52,0.676300,1.00,-2934.016,200.021,0.156526,0.706340
749,2DDL,71.97,0.628400,1.00,-2643.838,124.314,0.335757,0.419760
750,2DI2,72.41,0.652300,1.00,-1331.601,160.909,0.431717,0.514530
751,2DJ9,71.74,0.590300,1.00,-1081.042,133.785,0.494353,0.340320
752,2DJC,81.52,0.644000,1.00,-1162.524,116.321,0.391710,0.455890
753,2DMV,69.77,0.702400,1.00,-2270.046,266.857,0.600755,0.573660
754,2DQ5,78.19,0.677200,1.00,-3327.434,239.487,0.248718,0.678700
755,2DTB,83.65,0.735100,1.00,-1624.105,42.184,0.149618,0.469220
756,2DWF,71.32,0.547400,1.00,-2830.904,153.280,0.303463,0.454770
757,2DX2,88.64,0.744400,1.00,-608.768,21.179,0.116728,0.441220
758,2DX3,61.11,0.485000,1.00,-1107.045,122.723,0.577452,0.250680
759,2DX4,51.39,0.404700,1.00,-1107.045,122.723,0.487244,0.162980
760,2E1X,76.85,0.604300,1.00,-1258.550,124.689,0.357887,0.443300
761,2E2F,78.05,0.577900,1.00,-3110.944,194.765,0.246347,0.617410
762,2E3E,46.67,0.482900,1.00,-3265.123,241.312,0.765991,0.363190
763,2E3F,56.40,0.501500,1.00,-3157.747,350.083,0.717285,0.423710
764,2E3G,66.25,0.559600,1.00,-3109.391,158.647,0.459292,0.503830
765,2E4E,57.50,0.517000,1.00,-285.224,46.058,0.462111,0.272840
766,2E5T,77.72,0.605200,1.00,-3804.281,120.176,0.182461,0.685980
767,2E5U,52.50,0.608700,1.00,-2731.723,115.391,0.522840,0.508090
768,2E72,54.59,0.635900,1.00,-2462.557,273.888,0.712361,0.452350
769,2EBQ,77.13,0.682500,1.00,-2405.190,262.865,0.332365,0.658840
770,2EBR,74.47,0.763500,1.00,-2168.344,254.675,0.441119,0.618570
771,2EC7,48.47,0.505500,1.00,-2502.053,215.597,0.762775,0.383520
772,2EEM,89.71,0.762600,1.00,-2693.100,184.569,0.131777,0.676720
773,2EFZ,67.19,0.544100,1.00,-578.322,136.336,0.341216,0.231080
774,2EKK,88.30,0.773400,1.00,-4010.253,164.837,0.260329,0.798260
775,2EL4,63.04,0.742100,1.00,-2171.294,211.345,0.851585,0.533340
776,2EL5,77.98,0.789900,1.00,-1904.849,197.628,0.444690,0.660360
777,2EL6,68.48,0.763400,1.00,-2196.026,238.903,0.614842,0.573300
778,2ELM,73.65,0.716000,1.00,-2129.322,178.139,0.509857,0.596970
779,2ELN,82.89,0.824800,1.00,-2183.905,164.718,0.393014,0.706270
780,2ELO,79.73,0.749600,1.00,-2145.076,154.516,0.388192,0.650320
781,2ELP,81.08,0.737500,1.00,-2379.717,174.381,0.307722,0.627750
782,2ELQ,81.25,0.746800,1.00,-1882.632,165.988,0.417011,0.693730
783,2ELR,72.92,0.790900,1.00,-1426.637,119.476,0.867140,0.617140
784,2ELS,84.03,0.794800,1.00,-2237.047,192.514,0.255110,0.697510
785,2ELT,77.78,0.798400,1.00,-1995.011,134.102,0.672590,0.691200
786,2ELU,79.05,0.770700,1.00,-1947.997,171.691,0.371819,0.671790
787,2ELV,78.47,0.685700,1.00,-2052.192,170.850,0.419935,0.631820
788,2ELW,78.38,0.758400,1.00,-1918.933,210.260,0.507806,0.646810
789,2ELX,84.29,0.784700,1.00,-2151.143,121.409,0.471739,0.741090
790,2ELY,64.13,0.760400,1.00,-2066.127,219.756,0.588563,0.557440
791,2ELZ,66.85,0.756700,1.00,-2070.174,225.598,0.600818,0.568350
792,2EM0,65.76,0.732900,1.00,-2283.089,203.141,0.658706,0.548660
793,2EM1,67.61,0.769900,1.00,-2101.899,203.326,0.744926,0.600390
794,2EM2,61.96,0.718500,1.00,-2007.028,258.683,1.113914,0.555270
795,2EM3,60.33,0.721100,1.00,-2052.402,251.151,1.268549,0.548270
796,2EM4,64.67,0.774100,1.00,-1943.089,173.503,0.953879,0.586460
797,2EM5,66.85,0.748700,1.00,-1999.615,202.087,0.708945,0.587910
798,2EM6,70.11,0.770300,1.00,-1964.837,255.966,0.455528,0.596080
799,2EM7,59.24,0.698400,1.00,-2072.668,207.680,0.940168,0.527000
800,2EM8,66.85,0.766100,1.00,-2091.603,246.014,0.747643,0.590450
801,2EM9,63.59,0.782600,1.00,-2059.357,215.924,1.064608,0.577520
802,2EMA,65.22,0.699500,1.00,-2154.408,246.363,0.642897,0.551790
803,2EMB,63.64,0.705600,1.00,-2250.263,177.059,0.640657,0.528840
804,2EMC,68.48,0.817400,1.00,-2200.224,199.091,0.787243,0.621790
805,2EME,60.87,0.703800,1.00,-2422.894,185.251,0.836934,0.532880
806,2EMF,71.74,0.793500,1.00,-1945.114,227.557,0.558797,0.650150
807,2EMG,63.04,0.741700,1.00,-2288.525,219.142,0.827818,0.557900
808,2EMH,64.67,0.769600,1.00,-2311.330,199.628,0.638184,0.561720
809,2EMI,63.04,0.698300,1.00,-2065.202,209.300,0.608895,0.516570
810,2EMJ,62.50,0.752600,1.00,-1982.550,289.940,0.789770,0.522020
811,2EMK,68.48,0.782400,1.00,-2069.979,203.504,0.776477,0.596870
812,2EML,69.02,0.768900,1.00,-1997.678,211.478,0.728096,0.584640
813,2EMM,64.67,0.753600,1.00,-2054.296,225.467,0.790022,0.566380
814,2EMP,65.22,0.757600,1.00,-2170.947,189.336,0.875546,0.576880
815,2EMV,66.48,0.733900,1.00,-2086.228,185.240,0.777928,0.563380
816,2EMW,72.16,0.757600,1.00,-2063.272,183.923,0.376280,0.604030
817,2EMX,70.45,0.803700,1.00,-1918.458,187.678,0.706291,0.610010
818,2EMY,66.30,0.773200,1.00,-2154.738,182.232,0.672980,0.560560
819,2EMZ,73.37,0.757700,1.00,-1877.781,209.785,0.748421,0.648720
820,2EN0,72.62,0.790400,1.00,-2088.415,204.090,0.666792,0.633330
821,2EN1,66.85,0.789800,1.00,-1792.451,274.577,0.755654,0.575390
822,2EN2,69.05,0.777600,1.00,-2173.609,161.784,0.973895,0.608100
823,2EN3,69.57,0.733200,1.00,-2470.477,246.842,1.010851,0.589590
824,2EN4,67.39,0.713200,1.00,-2066.198,210.893,0.689652,0.564620
825,2EN6,64.13,0.749400,1.00,-2044.689,192.693,0.595121,0.528450
826,2EN7,60.80,0.687300,1.00,-2056.629,179.649,0.588629,0.493740
827,2EN8,68.48,0.787300,1.00,-2065.254,196.016,0.650049,0.568020
828,2EN9,59.24,0.714800,1.00,-1691.513,297.756,0.749841,0.510120
829,2ENA,62.50,0.734700,1.00,-2003.877,225.264,0.996625,0.541780
830,2ENC,59.78,0.745600,1.00,-1969.032,208.680,0.916802,0.509930
831,2ENE,60.87,0.706000,1.00,-2059.137,216.378,0.906300,0.545860
832,2ENF,62.50,0.725800,1.00,-2039.135,176.959,1.100642,0.522180
833,2ENH,61.96,0.752700,1.00,-1947.954,251.136,0.717691,0.527150
834,2ENT,65.62,0.733700,1.00,-2467.500,242.001,0.764694,0.559460
835,2EOE,59.78,0.718500,1.00,-2083.536,256.376,0.737189,0.529170
836,2EOF,63.64,0.711500,1.00,-2025.815,209.810,0.728682,0.545580
837,2EOG,67.61,0.718000,1.00,-1876.284,320.164,0.842009,0.552530
838,2EOH,65.22,0.697100,1.00,-1910.564,224.478,0.468601,0.537010
839,2EOI,66.48,0.768300,1.00,-2180.727,186.126,0.731296,0.585350
840,2EOJ,67.05,0.752500,1.00,-2059.222,182.916,0.589619,0.562230
841,2EOK,67.86,0.745300,1.00,-2279.192,161.657,0.867402,0.601500
842,2EOL,75.60,0.764800,1.00,-1879.577,220.652,0.586811,0.633190
843,2EOM,61.96,0.763600,1.00,-2080.729,217.892,1.025849,0.556000
844,2EON,60.87,0.757300,1.00,-2041.972,213.684,1.168397,0.544550
845,2EOO,70.11,0.761300,1.00,-2341.021,258.839,0.430581,0.619340
846,2EOP,61.41,0.757000,1.00,-2005.006,290.061,0.945749,0.552490
847,2EOQ,73.91,0.770800,1.00,-2025.451,187.447,0.500013,0.630590
848,2EOR,63.59,0.735600,1.00,-1995.756,197.839,1.018695,0.544880
849,2EOS,66.07,0.752700,1.00,-2153.254,278.035,0.646597,0.591240
850,2EOU,64.20,0.757800,1.00,-1827.112,199.138,1.018819,0.559440
851,2EOV,60.33,0.759500,1.00,-2111.296,196.401,1.397936,0.543810
852,2EOW,65.76,0.762900,1.00,-1955.895,210.536,0.575390,0.568440
853,2EOX,68.75,0.737600,1.00,-2068.689,239.266,0.681404,0.582740
854,2EOY,64.67,0.720800,1.00,-2211.758,260.076,0.499409,0.541330
855,2EOZ,65.76,0.778700,1.00,-2314.353,205.177,0.749456,0.580040
856,2EP0,63.59,0.782000,1.00,-2163.856,213.929,0.984349,0.551380
857,2EP1,63.59,0.754500,1.00,-2034.566,188.913,1.004744,0.534320
858,2EP2,61.96,0.766900,1.00,-2096.225,213.670,0.884306,0.562960
859,2EP3,64.13,0.730700,1.00,-2259.121,213.827,1.079644,0.573400
860,2EPC,64.88,0.714600,1.00,-2003.707,198.039,0.644836,0.566250
861,2EPQ,51.11,0.696400,1.00,-2247.640,210.882,0.782022,0.439690
862,2EPR,57.29,0.704700,1.00,-2267.417,237.980,0.869368,0.494110
863,2EPT,65.85,0.705100,1.00,-1969.852,163.306,0.815374,0.536780
864,2EPU,66.11,0.749600,1.00,-2137.756,211.854,0.898357,0.561630
865,2EPV,66.48,0.772600,1.00,-2174.095,167.720,0.891879,0.554780
866,2EPW,67.39,0.695700,1.00,-2078.609,218.233,0.466081,0.515240
867,2EPX,61.17,0.688200,1.00,-2572.537,259.702,1.113750,0.553580
868,2EPY,68.45,0.761200,1.00,-1872.205,171.930,0.771755,0.580120
869,2EPZ,64.67,0.762100,1.00,-1938.535,218.586,0.828350,0.565070
870,2EQ0,60.87,0.706000,1.00,-2093.148,201.874,0.819379,0.520970
871,2EQ1,58.15,0.743700,1.00,-2075.628,209.684,0.697895,0.500410
872,2EQ2,56.52,0.658500,1.00,-1888.094,211.454,1.062530,0.476030
873,2EQ3,56.52,0.652200,1.00,-1933.370,273.203,0.747954,0.484340
874,2EQ4,55.43,0.667200,1.00,-2086.354,200.224,0.550060,0.427150
875,2EQE,67.19,0.741000,1.00,-2581.152,283.112,0.533906,0.607610
876,2EQF,63.59,0.659600,1.00,-2520.990,221.208,0.801113,0.552040
877,2EQG,72.45,0.668100,1.00,-2722.931,276.075,0.679973,0.652330
878,2EQH,77.17,0.679000,1.00,-1121.145,97.065,0.262791,0.335110
879,2EQQ,73.21,0.582900,1.00,-1574.532,94.987,0.365283,0.462120
880,2EQT,69.64,0.629100,1.00,-1574.532,94.987,0.473079,0.473540
881,2EQW,67.26,0.699200,1.00,-2109.626,220.083,0.608860,0.568630
882,2ERI,87.10,0.715100,1.00,-2177.788,186.247,0.252397,0.665780
883,2ESX,60.53,0.465100,1.00,-814.581,96.893,0.343069,0.209600
884,2ESZ,63.16,0.444800,1.00,-814.581,96.893,0.369847,0.262520
885,2ETI,79.46,0.658300,1.00,-1935.391,93.547,0.208174,0.514640
886,2EVQ,100.00,0.800300,1.00,-581.267,42.975,0.047075,0.641440
887,2EYA,42.93,0.369600,1.00,-2909.606,405.800,0.785399,0.350410
888,2EYB,40.76,0.366900,1.00,-2909.606,405.800,0.792321,0.327660
889,2EYC,39.13,0.365900,1.00,-2909.606,405.800,0.756537,0.330820
890,2EYD,38.59,0.372200,1.00,-2909.606,405.800,0.726603,0.304010
891,2F2I,79.31,0.656600,1.00,-1638.851,230.274,0.277000,0.530880
892,2F2J,84.48,0.717700,1.00,-1692.340,127.562,0.277688,0.594240
893,2F5H,68.92,0.578700,1.00,-2202.422,239.173,0.290494,0.505220
896,2FJ4,72.30,0.617000,1.00,-2202.422,239.173,0.286569,0.499450
897,2FJ5,70.27,0.593900,1.00,-2202.422,239.173,0.298970,0.492280
898,2FQA,69.44,0.572000,1.00,-1786.001,195.867,0.328872,0.399110
899,2FR9,61.54,0.533800,1.00,-573.464,61.635,0.430632,0.223780
900,2FRB,67.31,0.535400,1.00,-650.842,48.755,0.378237,0.270790
901,2FXY,84.72,0.672100,1.00,-1087.974,54.159,0.259914,0.404390
902,2FXZ,86.54,0.632300,1.00,-745.742,23.502,0.206456,0.595810
903,2G6U,55.00,0.459200,1.00,-753.423,42.662,0.417735,0.254010
904,2G9L,65.54,0.669800,1.00,-2291.287,130.583,0.416695,0.476520
905,2G9P,67.31,0.688900,1.00,-1582.034,38.630,0.442331,0.499500
906,2GD3,68.75,0.648100,1.00,-1094.617,90.918,0.467385,0.367510
907,2GDL,29.03,0.489600,1.00,-1360.696,222.343,0.763584,0.275400
908,2GFR,56.82,0.529300,1.00,-438.346,76.009,0.380327,0.310750
909,2GJ0,77.42,0.611100,1.00,-1969.929,198.983,0.277310,0.565690
910,2GL1,98.94,0.845000,1.00,-3490.879,201.988,0.061026,0.932740
911,2GOF,60.00,0.566600,1.00,-2195.681,86.343,0.511475,0.507440
912,2GOH,64.29,0.559200,1.00,-2195.681,86.343,0.445781,0.472930
913,2GP8,86.25,0.742100,1.00,-2911.601,80.739,0.211372,0.723670
914,2GQE,86.72,0.761100,1.00,-1957.893,148.834,0.338053,0.704710
915,2GW9,73.44,0.524500,1.00,-2144.941,208.995,0.282659,0.607300
916,2GWP,70.31,0.532900,1.00,-2106.535,210.221,0.296039,0.556580
917,2GX1,85.34,0.675300,1.00,-1824.340,129.763,0.148423,0.557310
918,2H1Z,92.95,0.831900,1.00,-2680.080,202.397,0.111924,0.801770
919,2H9X,35.64,0.356500,1.00,-2691.688,408.427,1.092849,0.366980
920,2HFR,68.52,0.656700,1.00,-1765.361,83.624,0.248460,0.322650
921,2HGO,44.44,0.432400,1.00,-1778.638,289.274,0.528529,0.186560
922,2HLG,94.23,0.732100,1.00,-2761.606,202.432,0.128697,0.805090
923,2HM3,62.90,0.511300,1.00,-1843.836,186.250,0.631014,0.414370
924,2HM4,42.74,0.492900,1.00,-1684.535,245.108,0.686700,0.213750
925,2HM5,47.58,0.455700,1.00,-1684.535,245.108,0.941379,0.332760
926,2HM6,66.94,0.656500,1.00,-1739.536,218.292,0.425862,0.433800
927,2HN8,62.50,0.700700,1.00,-3281.106,117.385,0.471734,0.497540
928,2I1P,81.25,0.755000,1.00,-2541.766,188.907,0.252954,0.707860
929,2I1T,77.08,0.667600,1.00,-2337.740,156.035,0.234979,0.555070
930,2I5O,82.69,0.820200,1.00,-2802.107,150.152,0.247305,0.699190
931,2I9M,91.18,0.753300,1.00,-1181.627,29.246,0.106157,0.492580
932,2I9N,46.97,0.415600,1.00,-1898.210,160.943,0.827631,0.342630
933,2I9O,56.08,0.523900,1.00,-1584.523,234.049,0.497850,0.358880
934,2IFJ,70.83,0.537800,1.00,-563.258,66.993,0.336257,0.226550
935,2IGU,83.33,0.574800,1.00,-545.453,42.604,0.182663,0.332340
936,2IH6,36.36,0.510500,1.00,-328.165,39.818,0.768349,0.221770
937,2IMU,51.09,0.658800,1.00,-2822.447,122.606,0.532186,0.357900
938,2IT7,99.11,0.840700,1.00,-1935.391,93.547,0.055027,0.833150
939,2IV4,51.56,0.517900,1.00,-388.696,73.500,0.655684,0.266690
940,2IV5,73.91,0.665700,1.00,-1054.667,60.301,0.378553,0.433230
941,2IV6,47.83,0.592400,1.00,-1046.074,61.258,0.948986,0.225350
942,2IWJ,45.37,0.474300,1.00,-1258.550,124.689,0.582584,0.270340
943,2J15,60.00,0.487300,1.00,-586.984,76.126,0.371342,0.173830
944,2J8P,46.94,0.547000,1.00,-4216.269,201.560,0.866356,0.403210
945,2JM0,82.14,0.744500,1.00,-3038.466,91.087,0.175974,0.598060
946,2JM2,25.00,0.291100,1.00,-1623.906,407.403,1.660200,0.255720
947,2JM4,88.37,0.735900,1.00,-2419.158,226.081,0.206110,0.786600
948,2JMY,95.00,0.734500,1.00,-897.272,29.223,0.105994,0.526320
949,2JN5,45.83,0.514200,1.00,-701.257,23.864,0.569462,0.226590
950,2JNH,82.61,0.678900,1.00,-4518.342,104.371,0.311907,0.724020
951,2JNI,96.43,0.719400,1.00,-1465.732,132.157,0.074408,0.490750
952,2JOC,66.22,0.586600,1.00,-2360.669,204.310,0.373929,0.495440
953,2JOF,86.25,0.759800,1.00,-1067.277,60.468,0.160596,0.356960
954,2JOS,88.64,0.666700,1.00,-1443.815,35.886,0.166332,0.441530
955,2JOU,46.32,0.334200,1.00,-2830.904,153.280,0.987841,0.330330
956,2JP6,61.49,0.576300,1.00,-2040.389,149.340,0.708065,0.422330
957,2JPJ,52.56,0.618400,1.00,-2297.691,68.804,0.577209,0.433400
958,2JPK,55.71,0.647300,1.00,-2363.437,94.945,1.045513,0.432480
959,2JPL,54.49,0.620000,1.00,-2297.691,68.804,0.557564,0.372910
960,2JPM,50.71,0.655300,1.00,-2363.437,94.945,0.535412,0.373150
961,2JPW,41.41,0.573900,1.00,-993.642,219.626,0.726904,0.246660
962,2JPX,63.57,0.671900,1.00,-2084.059,126.944,0.620191,0.506760
963,2JQ2,43.75,0.475700,1.00,-509.037,68.285,0.495518,0.182900
964,2JQB,55.00,0.581700,1.00,-613.151,58.827,0.477521,0.337410
965,2JQC,51.67,0.444900,1.00,-613.151,58.827,0.395739,0.230950
966,2JQW,51.47,0.455000,1.00,-713.687,116.615,0.530819,0.231050
967,2JR3,33.93,0.359300,1.00,-2644.601,247.844,0.904181,0.269370
968,2JR8,61.31,0.707800,1.00,-1961.697,150.760,0.434834,0.516530
969,2JRD,62.96,0.495000,1.00,-1194.014,89.366,0.568145,0.397550
970,2JRV,51.67,0.513900,1.00,-770.021,79.758,0.556730,0.208860
971,2JRW,41.30,0.503400,1.00,-888.382,116.171,1.079982,0.201510
972,2JRY,67.39,0.541000,1.00,-2818.195,292.739,0.384405,0.561360
973,2JSB,79.76,0.666600,1.00,-1490.170,136.416,0.210097,0.261800
974,2JTA,45.00,0.486700,1.00,-266.544,70.303,0.479710,0.243900
975,2JTB,94.70,0.743900,1.00,-2109.861,144.702,0.094286,0.752340
976,2JTU,75.66,0.601200,1.00,-2384.608,215.596,0.297209,0.545340
977,2JTW,76.00,0.680100,1.00,-1590.635,54.980,0.321912,0.402040
978,2JUE,33.62,0.297200,1.00,-2043.096,146.100,0.784078,0.194800
979,2JUI,53.79,0.657000,1.00,-1642.340,115.435,0.605554,0.380740
980,2JUQ,80.77,0.579300,1.00,-639.978,39.437,0.225395,0.358150
981,2JUR,76.92,0.561700,1.00,-540.941,68.421,0.221169,0.267760
982,2JUS,92.31,0.674200,1.00,-656.587,60.317,0.113192,0.405240
983,2JUT,67.31,0.538100,1.00,-620.604,59.728,0.358311,0.315910
984,2JUY,58.04,0.553400,1.00,-1909.406,183.680,0.475641,0.307290
985,2JVX,88.39,0.750200,1.00,-1883.362,117.190,0.219587,0.708670
986,2JVY,82.14,0.648100,1.00,-1905.802,162.771,0.263383,0.580280
987,2JWG,84.78,0.727600,1.00,-2866.531,189.500,0.168222,0.769340
988,2JWH,59.90,0.673700,1.00,-1992.255,339.189,0.860074,0.518090
989,2JWM,87.07,0.740300,1.00,-1872.241,187.195,0.308687,0.660110
990,2JXF,79.17,0.746800,1.00,-2665.994,61.993,0.156607,0.673850
991,2JY0,67.59,0.605300,1.00,-1761.984,49.497,0.443077,0.405470
992,2JYD,48.37,0.483600,1.00,-2515.378,262.043,0.706721,0.415220
993,2JYP,43.75,0.444200,1.00,-2698.966,163.901,0.609497,0.297910
994,2K10,51.56,0.642900,1.00,-1964.122,56.506,0.487407,0.272170
995,2K1A,65.48,0.747400,1.00,-2815.312,139.288,0.547485,0.533710
996,2K1I,68.75,0.572800,1.00,-1896.878,140.739,0.301697,0.523970
997,2K1P,78.03,0.701900,1.00,-1914.442,161.843,0.338394,0.577030
998,2K2Y,60.90,0.490100,1.00,-2688.287,184.700,0.384098,0.432220
999,2K2Z,71.15,0.611400,1.00,-2310.401,149.938,0.407753,0.591470
1000,2K44,54.46,0.657200,1.00,-2213.771,46.749,0.871727,0.392330
1001,2K4U,92.57,0.721700,1.00,-2751.159,135.321,0.102083,0.794770
1004,2K6O,62.16,0.595100,1.00,-2905.652,128.603,0.705831,0.432920
1005,2K6R,80.17,0.615200,1.00,-2030.492,171.702,0.223125,0.532560
1006,2K72,91.89,0.732900,1.00,-3413.093,234.111,0.135856,0.778360
1007,2K76,87.50,0.762200,1.00,-2138.348,90.936,0.124954,0.605730
1008,2K7G,87.93,0.755700,1.00,-2036.858,140.055,0.143869,0.677000
1009,2K7Y,37.78,0.575200,1.00,-2292.202,183.622,1.052530,0.272940
1010,2K84,60.00,0.615300,1.00,-1986.659,92.306,0.486388,0.464210
1012,2K98,57.29,0.618000,1.00,-1364.409,38.693,0.796771,0.366290
1013,2K9D,60.80,0.670000,1.00,-3620.557,102.810,0.489142,0.459740
1014,2K9O,70.83,0.586000,1.00,-2348.615,186.877,0.352895,0.509830
1015,2KAM,75.00,0.690100,1.00,-1624.105,42.184,0.230862,0.672350
1016,2KB8,61.49,0.619300,1.00,-1983.590,153.288,0.422802,0.477220
1017,2KB9,76.70,0.643800,1.00,-2995.497,220.488,0.228612,0.634540
1018,2KBL,70.69,0.616500,1.00,-1954.429,164.243,0.288656,0.361130
1019,2KCF,76.39,0.667300,1.00,-2323.692,244.796,0.387669,0.574600
1020,2KCG,74.17,0.619500,1.00,-2160.556,216.878,0.437435,0.499470
1021,2KCH,89.66,0.730400,1.00,-1838.610,195.136,0.244416,0.708290
1023,2KDT,40.00,0.597200,1.00,-2723.902,192.218,0.823507,0.333600
1024,2KE3,44.77,0.604800,1.00,-2622.951,145.646,0.756098,0.377440
1025,2KEF,28.00,0.334600,1.00,-1830.864,162.713,0.726775,0.170460
1026,2KEG,48.44,0.528900,1.00,-1459.298,182.541,0.559213,0.491470
1027,2KEH,51.56,0.552600,1.00,-1459.298,182.541,0.622103,0.415220
1028,2KES,62.50,0.816800,1.00,-3908.733,85.908,0.438198,0.567130
1029,2KFE,70.83,0.748900,1.00,-1533.755,117.342,0.228644,0.376510
1030,2KFQ,34.38,0.320800,1.00,-2206.846,155.551,0.859390,0.328100
1031,2KGH,45.51,0.430500,1.00,-1974.216,345.550,0.803505,0.315740
1032,2KGN,73.96,0.629100,1.00,-1285.032,90.833,0.213226,0.318350
1033,2KGU,91.43,0.771800,1.00,-1955.712,181.891,0.119732,0.772330
1034,2KHB,90.52,0.781600,1.00,-1901.372,153.464,0.166518,0.730650
1035,2KHF,79.00,0.715000,1.00,-1661.751,38.251,0.204054,0.391110
1036,2KHG,71.00,0.653700,1.00,-1661.751,38.251,0.395099,0.406810
1037,2KI0,75.00,0.652600,1.00,-2460.449,142.669,0.338724,0.529120
1038,2KI9,53.79,0.607800,1.00,-2684.292,87.234,0.505749,0.350010
1039,2KIO,50.00,0.635400,1.00,-2475.918,131.814,0.550544,0.323470
1040,2KIR,70.59,0.574700,1.00,-2457.449,157.779,0.256420,0.477330
1041,2KIT,73.48,0.692000,1.00,-2475.918,131.814,0.273685,0.567340
1042,2KJM,43.33,0.506700,1.00,-2084.384,97.276,1.023888,0.262310
1043,2KJN,75.96,0.638400,1.00,-1779.161,29.423,0.314230,0.431780
1044,2KJO,64.42,0.598000,1.00,-1779.161,29.423,0.326594,0.432700
1045,2KLV,51.63,0.564300,1.00,-3264.808,83.665,0.567248,0.357540
1046,2KM9,90.00,0.653200,1.00,-1388.478,98.879,0.120026,0.505020
1047,2KMO,93.18,0.753300,1.00,-2847.285,177.846,0.129449,0.820310
1048,2KMP,84.09,0.721300,1.00,-2847.285,177.846,0.306588,0.745460
1049,2KMQ,79.55,0.705000,1.00,-2847.285,177.846,0.213658,0.652410
1050,2KMR,64.77,0.577800,1.00,-2847.285,177.846,0.970625,0.537930
1051,2KNI,81.71,0.661800,1.00,-2483.010,264.760,0.239123,0.689080
1052,2KNM,76.67,0.619800,1.00,-2160.556,216.878,0.420230,0.516530
1053,2KNP,84.09,0.712600,1.00,-1933.668,179.935,0.198726,0.639680
1054,2KNS,53.03,0.642400,1.00,-1907.548,74.127,0.620621,0.362720
1055,2KNU,43.97,0.590300,1.00,-1789.380,92.473,0.824294,0.321630
1056,2KOE,48.12,0.478300,1.00,-3334.649,211.218,0.657303,0.427420
1057,2KOZ,95.45,0.789400,1.00,-2148.033,134.850,0.113763,0.812590
1058,2KP0,87.88,0.735400,1.00,-2294.570,100.759,0.131829,0.675070
1059,2KPA,54.81,0.539300,1.00,-1546.487,71.941,0.466083,0.251850
1060,2KPB,50.00,0.555800,1.00,-1546.487,71.941,0.599050,0.342040
1061,2KSG,32.29,0.558600,1.00,-2681.950,101.563,1.341914,0.261010
1062,2KSJ,55.98,0.700300,1.00,-3264.808,83.665,0.504271,0.542410
1063,2KTC,65.44,0.554100,1.00,-1702.572,214.417,0.584554,0.431850
1064,2KTX,91.45,0.704800,1.00,-2858.546,163.129,0.157252,0.783050
1065,2KUK,85.83,0.703500,1.00,-2137.280,194.226,0.137022,0.634070
1066,2KUS,85.00,0.727800,1.00,-2146.098,195.386,0.135147,0.651840
1067,2KUX,90.83,0.746600,1.00,-2232.133,198.230,0.172828,0.687180
1068,2KUY,52.91,0.417500,1.00,-3597.139,211.077,0.956555,0.427650
1069,2KV5,63.64,0.646700,1.00,-2641.688,55.939,0.451641,0.554340
1070,2KVF,86.61,0.648400,1.00,-2010.288,83.331,0.156695,0.591720
1071,2KVG,83.33,0.727200,1.00,-1742.000,96.496,0.190357,0.489250
1072,2KVH,86.11,0.678800,1.00,-1790.469,88.748,0.187290,0.594370
1073,2KVX,85.71,0.695700,1.00,-1879.417,178.579,0.262370,0.607910
1074,2KWT,68.18,0.592100,1.00,-2822.549,86.891,0.459905,0.488670
1075,2KWY,67.44,0.752200,1.00,-2440.038,85.391,0.478612,0.652160
1076,2KWZ,54.38,0.566500,1.00,-3437.166,96.898,0.567160,0.404750
1077,2KXA,49.17,0.618200,1.00,-1606.221,108.103,1.039911,0.360110
1078,2KY3,88.64,0.734200,1.00,-2258.519,116.153,0.270142,0.689830
1079,2KYA,39.71,0.457700,1.00,-1725.546,149.748,1.062366,0.380010
1080,2KYJ,89.58,0.727900,1.00,-2079.426,257.508,0.168082,0.751500
1081,2KYK,64.74,0.521600,1.00,-2413.056,194.601,0.620253,0.496350
1082,2KZQ,54.17,0.480900,1.00,-2770.075,60.355,1.081104,0.416120
1083,2L07,81.94,0.601400,1.00,-959.501,84.548,0.180183,0.311630
1084,2L0G,85.94,0.715500,1.00,-2934.470,123.515,0.328239,0.707270
1085,2L0L,55.56,0.633600,1.00,-1638.767,57.384,0.578183,0.321990
1086,2L0M,67.59,0.648800,1.00,-1638.767,57.384,0.382197,0.353900
1087,2L0N,65.83,0.642800,1.00,-2412.943,37.673,0.349503,0.397800
1088,2L0O,65.83,0.592700,1.00,-2412.943,37.673,0.390354,0.393160
1089,2L1J,62.50,0.563400,1.00,-2161.710,171.317,0.390002,0.461670
1090,2L1Q,73.12,0.674300,1.00,-2146.798,245.637,0.492147,0.610600
1091,2L1X,42.31,0.537800,1.00,-2668.740,94.866,0.897905,0.335420
1092,2L2R,77.03,0.663100,1.00,-2115.020,140.860,0.394156,0.613130
1093,2L36,59.38,0.670000,1.00,-1317.371,33.739,0.496531,0.317800
1094,2L37,87.21,0.663500,1.00,-3480.826,124.157,0.213134,0.750570
1095,2L3H,35.26,0.412400,1.00,-2727.922,72.753,0.899746,0.261020
1096,2L3I,59.17,0.554900,1.00,-2236.998,89.044,0.583926,0.437090
1097,2L44,84.21,0.626300,1.00,-826.944,72.039,0.164733,0.291720
1098,2L4G,65.74,0.607200,1.00,-1320.010,69.307,0.537736,0.379730
1099,2L4J,70.11,0.654700,1.00,-2721.381,275.898,0.353331,0.570580
1100,2L4U,63.54,0.608100,1.00,-1285.032,90.833,0.410048,0.348720
1101,2L5I,40.48,0.436700,1.00,-1236.587,128.753,0.701309,0.160620
1102,2L5J,46.43,0.451200,1.00,-1236.587,128.753,0.523320,0.107860
1103,2L5R,85.87,0.785900,1.00,-1484.843,30.464,0.173203,0.408920
1104,2L61,58.65,0.499600,1.00,-1263.887,218.215,0.358318,0.221030
1105,2L62,50.96,0.457900,1.00,-1263.887,218.215,0.586246,0.212510
1106,2L63,55.30,0.612800,1.00,-2501.485,68.458,0.526850,0.380340
1107,2L64,50.00,0.590400,1.00,-2501.485,68.458,0.511237,0.383240
1108,2L6S,41.25,0.524200,1.00,-904.880,79.543,0.744159,0.158790
1109,2L6T,57.50,0.538100,1.00,-904.880,79.543,0.610877,0.202660
1110,2L70,50.00,0.659000,1.00,-2741.999,159.823,0.562836,0.445920
1111,2L71,52.38,0.593000,1.00,-2741.999,159.823,0.610491,0.424730
1112,2L77,58.33,0.564200,1.00,-2727.922,72.753,0.727009,0.422710
1113,2L79,48.08,0.430400,1.00,-2727.922,72.753,0.628574,0.360990
1114,2L7C,71.05,0.565500,1.00,-788.898,112.236,0.266130,0.228080
1115,2L7T,61.36,0.560100,1.00,-351.108,50.738,0.385705,0.197380
1116,2L87,43.52,0.484900,1.00,-958.644,197.139,0.686699,0.184280
1117,2L8E,66.84,0.695200,1.00,-3012.823,194.623,0.686096,0.572710
1118,2L91,74.42,0.722900,1.00,-3264.188,93.977,0.325507,0.607860
1122,2L9G,76.32,0.629300,1.00,-1156.252,63.973,0.378835,0.347920
1123,2L9X,50.83,0.478600,1.00,-2112.438,71.197,0.454826,0.316990
1124,2L9Z,42.31,0.501700,1.00,-2275.616,266.231,0.904640,0.308260
1125,2LA0,61.67,0.513500,1.00,-1915.895,135.730,0.562881,0.311450
1126,2LAM,89.66,0.765800,1.00,-2046.120,163.213,0.258013,0.738760
1127,2LAQ,36.11,0.475500,1.00,-1722.198,207.074,0.888692,0.212490
1128,2LAT,68.92,0.706200,1.00,-2922.709,63.261,0.444566,0.549430
1129,2LB7,78.41,0.683100,1.00,-3006.181,233.960,0.175573,0.670330
1130,2LBG,91.67,0.839700,1.00,-1077.387,36.357,0.116299,0.652360
1131,2LBZ,54.84,0.485300,1.00,-2217.405,55.603,0.414427,0.320650
1132,2LCM,70.54,0.647500,1.00,-1854.550,85.493,0.416612,0.415200
1133,2LDE,78.00,0.633800,1.00,-1364.487,224.545,0.272264,0.483100
1134,2LDF,53.12,0.511500,1.00,-1627.708,167.179,0.672563,0.182360
1135,2LDJ,80.00,0.578300,1.00,-1124.609,133.844,0.278985,0.317160
1136,2LDS,75.69,0.608900,1.00,-2186.706,303.571,0.253603,0.538460
1137,2LE3,55.95,0.563600,1.00,-2698.187,244.648,0.599194,0.389010
1138,2LE7,56.25,0.539400,1.00,-1259.635,47.082,0.446591,0.259450
1139,2LER,54.55,0.527500,1.00,-336.976,49.617,0.401285,0.299760
1140,2LET,91.96,0.727000,1.00,-1834.805,171.484,0.098476,0.645930
1141,2LEU,71.62,0.575400,1.00,-2028.037,166.294,0.532509,0.504190
1142,2LEW,64.06,0.514500,1.00,-2011.766,202.875,0.311330,0.486160
1143,2LEY,67.19,0.515400,1.00,-2016.758,196.998,0.354760,0.551700
1144,2LFM,20.00,0.311100,1.00,-1714.470,220.749,1.398443,0.231200
1145,2LG4,96.88,0.799400,1.00,-2663.310,178.881,0.081219,0.872440
1146,2LG5,75.69,0.630100,1.00,-2515.050,205.028,0.326808,0.552650
1147,2LG6,86.11,0.683500,1.00,-2645.901,178.533,0.259455,0.689200
1148,2LI3,60.00,0.560000,1.00,-2188.712,122.246,0.579216,0.414800
1149,2LIC,37.86,0.424100,1.00,-1646.585,196.435,0.613572,0.257270
1150,2LID,30.00,0.503200,1.00,-1385.940,203.683,0.717687,0.252880
1151,2LIF,62.04,0.667400,1.00,-1466.728,121.888,0.507201,0.422330
1152,2LIX,63.89,0.524600,1.00,-1980.329,136.706,0.360800,0.417390
1153,2LIY,63.89,0.573700,1.00,-2955.349,294.833,0.310181,0.522290
1154,2LJ7,77.66,0.662100,1.00,-3531.920,239.418,0.262573,0.682320
1155,2LJQ,51.35,0.508000,1.00,-1787.192,134.657,0.671149,0.415220
1156,2LJS,90.00,0.756600,1.00,-1698.965,156.598,0.238331,0.732730
1157,2LJT,49.32,0.426700,1.00,-1972.749,168.537,0.742183,0.400290
1158,2LK9,59.29,0.546800,1.00,-2319.587,73.922,0.509499,0.502720
1159,2LKE,76.04,0.596800,1.00,-1188.780,113.481,0.309112,0.417820
1160,2LKJ,62.50,0.528800,1.00,-1188.780,113.481,0.620342,0.353560
1161,2LKQ,63.54,0.607100,1.00,-1227.449,91.949,0.422146,0.295670
1162,2LL1,84.85,0.666400,1.00,-2178.578,179.164,0.197654,0.648960
1163,2LL2,49.04,0.571000,1.00,-1015.274,159.639,0.628571,0.200850
1164,2LL5,90.91,0.807700,1.00,-1118.464,136.160,0.168151,0.459180
1165,2LLD,82.50,0.656500,1.00,-2867.695,256.317,0.242570,0.711840
1166,2LLM,66.86,0.710800,1.00,-2833.209,65.186,0.432531,0.518780
1167,2LLR,72.73,0.670500,1.00,-1271.213,93.015,0.278146,0.268100
1168,2LM8,51.92,0.519200,1.00,-278.364,70.723,0.804374,0.234880
1169,2LMA,56.82,0.603100,1.00,-1018.308,94.517,0.644714,0.286940
1170,2LMB,25.58,0.330100,1.00,-1490.819,202.934,0.995362,0.175110
1171,2LMF,88.04,0.759900,1.00,-1835.184,33.924,0.135236,0.484870
1172,2LMZ,73.21,0.571800,1.00,-3746.488,222.304,0.371840,0.651140
1173,2LNE,69.23,0.578500,1.00,-443.126,63.810,0.460332,0.307030
1174,2LNF,46.15,0.500500,1.00,-443.126,63.810,0.510123,0.222500
1175,2LNG,50.00,0.476000,1.00,-443.126,63.810,0.464830,0.130290
1176,2LO2,82.24,0.691700,1.00,-2281.699,182.674,0.293737,0.662540
1177,2LO3,57.95,0.633400,1.00,-2573.342,197.178,0.988901,0.484500
1178,2LO7,59.68,0.535900,1.00,-2353.050,154.062,0.647735,0.451650
1179,2LQ0,79.00,0.621700,1.00,-1843.567,64.820,0.375565,0.573440
1180,2LQ1,57.00,0.588500,1.00,-1195.181,101.714,0.523218,0.359700
1181,2LQ2,64.17,0.634100,1.00,-1282.760,145.927,0.470021,0.468490
1182,2LQA,84.46,0.701500,1.00,-2750.591,220.019,0.213732,0.686680
1183,2LQX,84.15,0.664100,1.00,-3219.218,132.427,0.273148,0.708770
1184,2LQY,80.00,0.617800,1.00,-1559.288,19.386,0.274630,0.330710
1185,2LR3,82.98,0.619000,1.00,-3249.701,208.965,0.193227,0.737770
1186,2LR5,73.03,0.642600,1.00,-2655.150,190.801,0.314074,0.579340
1187,2LR7,32.76,0.455600,1.00,-2038.824,85.138,0.950902,0.200870
1188,2LRX,55.56,0.568200,1.00,-3205.680,162.920,0.560180,0.436750
1189,2LS1,47.50,0.386000,1.00,-1065.092,180.235,0.671146,0.205800
1190,2LS2,77.00,0.694800,1.00,-1965.376,43.303,0.356970,0.457580
1191,2LS3,72.41,0.723500,1.00,-2668.687,50.601,0.330187,0.475720
1192,2LS4,66.67,0.566300,1.00,-1546.396,17.443,0.385669,0.401230
1193,2LS9,62.00,0.544800,1.00,-1176.099,82.075,0.400693,0.290450
1194,2LSA,60.87,0.672400,1.00,-1378.641,66.328,0.425109,0.217490
1195,2LSQ,60.00,0.479000,1.00,-1729.252,117.656,0.496913,0.356820
1196,2LSW,50.62,0.604600,1.00,-1565.174,207.204,1.091514,0.340420
1197,2LT8,77.98,0.673600,1.00,-3037.814,169.960,0.238619,0.677470
1198,2LTI,33.70,0.443900,1.00,-1120.040,85.203,0.897380,0.130580
1200,2LU9,80.65,0.690700,1.00,-2075.956,125.297,0.237275,0.526740
1201,2LUF,77.50,0.596000,1.00,-852.535,95.033,0.400005,0.338650
1202,2LUG,45.14,0.591100,1.00,-1375.532,198.985,1.579886,0.338240
1203,2LUR,68.97,0.553800,1.00,-1804.847,177.628,0.371214,0.366810
1204,2LUV,66.43,0.572200,1.00,-1842.073,264.461,0.453172,0.494560
1205,2LVG,75.00,0.714300,1.00,-2841.836,98.677,0.285419,0.582790
1206,2LWB,61.25,0.471500,1.00,-1395.916,121.694,0.382367,0.213190
1207,2LWL,70.92,0.647600,1.00,-2932.924,235.408,0.431842,0.602810
1208,2LWQ,59.38,0.469200,1.00,-691.003,98.699,0.357435,0.168110
1209,2LWS,50.00,0.573500,1.00,-267.543,73.020,0.787499,0.209260
1210,2LWT,52.78,0.424100,1.00,-956.517,102.975,0.357045,0.186900
1211,2LWU,95.00,0.828400,1.00,-671.282,50.224,0.081404,0.545890
1212,2LWV,50.00,0.448700,1.00,-579.978,107.953,0.479537,0.129810
1213,2LX0,68.75,0.668700,1.00,-2856.370,83.396,0.337571,0.460200
1214,2LX4,89.71,0.755100,1.00,-1099.347,41.369,0.162819,0.469140
1215,2LX5,88.89,0.696100,1.00,-1011.558,30.102,0.092144,0.442370
1216,2LX6,34.21,0.510100,1.00,-646.516,79.396,1.117143,0.122430
1217,2LXO,48.86,0.466800,1.00,-3234.740,241.247,0.708008,0.382380
1218,2LXZ,89.06,0.733000,1.00,-2241.761,124.577,0.116640,0.678740
1219,2LYE,95.83,0.727100,1.00,-940.427,70.991,0.088493,0.493720
1220,2LYF,94.44,0.731800,1.00,-1009.344,105.953,0.121281,0.522180
1221,2LZI,79.17,0.699000,1.00,-942.673,91.181,0.238081,0.320530
1222,2LZO,68.10,0.709800,1.00,-1569.708,163.717,0.346363,0.380060
1223,2LZP,56.45,0.552600,1.00,-1791.380,109.313,0.683684,0.391940
1224,2LZQ,76.92,0.739100,1.00,-2467.051,94.521,0.226211,0.550160
1225,2LZX,87.16,0.744100,1.00,-2658.117,169.850,0.199042,0.720780
1226,2LZY,82.86,0.707400,1.00,-2455.761,199.863,0.234545,0.630190
1227,2M0H,63.64,0.630800,1.00,-1490.375,55.848,0.563172,0.370750
1228,2M0S,47.32,0.462100,1.00,-2096.504,74.110,0.761199,0.317370
1229,2M0W,61.96,0.650500,1.00,-1393.852,44.398,0.643515,0.280470
1230,2M1A,80.77,0.654800,1.00,-1286.691,57.053,0.174040,0.522090
1231,2M1J,65.00,0.609600,1.00,-2090.249,55.410,0.547570,0.422750
1232,2M1P,76.39,0.674600,1.00,-682.755,120.639,0.359989,0.381970
1233,2M1T,62.50,0.541400,1.00,-1503.973,78.489,0.417935,0.247790
1234,2M2G,86.11,0.702300,1.00,-823.171,86.040,0.190302,0.371310
1235,2M2H,33.33,0.283600,1.00,-1021.666,49.824,0.566254,0.109520
1236,2M2Q,94.53,0.789400,1.00,-2392.900,216.118,0.092881,0.766730
1237,2M2R,80.30,0.640600,1.00,-2301.845,248.505,0.220984,0.579700
1238,2M2S,45.83,0.313500,1.00,-934.934,35.418,0.547720,0.108690
1239,2M2X,27.78,0.301600,1.00,-867.783,23.516,1.018814,0.111000
1240,2M2Y,88.89,0.727400,1.00,-857.043,66.163,0.120362,0.339960
1241,2M36,85.53,0.731500,1.00,-2101.369,193.430,0.189348,0.725470
1242,2M37,42.11,0.390800,1.00,-730.915,106.752,0.697805,0.137580
1243,2M3F,88.64,0.705100,1.00,-1693.154,72.161,0.117358,0.525350
1244,2M3J,85.61,0.705800,1.00,-2293.255,177.960,0.192029,0.646190
1245,2M3N,66.67,0.544600,1.00,-813.167,133.020,0.390922,0.169360
1246,2M4X,70.71,0.534900,1.00,-2353.316,180.297,0.265681,0.512900
1247,2M4Z,68.57,0.568700,1.00,-2309.971,193.899,0.287328,0.437510
1248,2M50,82.14,0.668900,1.00,-2463.412,229.693,0.181687,0.624210
1249,2M5L,60.00,0.607400,1.00,-819.968,95.648,0.469585,0.211820
1250,2M5X,91.25,0.831100,1.00,-2642.103,207.480,0.192215,0.819990
1251,2M5Z,95.45,0.744200,1.00,-5523.479,126.532,0.080065,0.883020
1252,2M60,84.30,0.691100,1.00,-5564.766,152.196,0.154865,0.740990
1253,2M62,72.92,0.580100,1.00,-532.089,59.042,0.192796,0.236360
1254,2M6A,76.79,0.642000,1.00,-1818.992,68.367,0.230276,0.479620
1255,2M6O,80.21,0.732200,1.00,-3129.843,219.618,0.428535,0.734380
1256,2M6P,80.98,0.661000,1.00,-3332.838,339.922,0.430509,0.719400
1257,2M73,65.00,0.644200,1.00,-1824.461,43.436,0.328049,0.322990
1258,2M77,93.06,0.767000,1.00,-1038.940,84.526,0.110271,0.387100
1259,2M78,94.44,0.702000,1.00,-1016.096,87.330,0.101921,0.507670
1260,2M79,84.72,0.735600,1.00,-987.210,115.930,0.169210,0.299570
1261,2M7C,80.95,0.640500,1.00,-1224.536,55.992,0.399532,0.419370
1262,2M7D,57.50,0.653000,1.00,-1113.363,51.028,0.798218,0.314670
1263,2M7E,64.42,0.614600,1.00,-1323.197,135.287,0.489380,0.335920
1264,2M7I,41.07,0.405200,1.00,-661.786,33.839,0.682039,0.152600
1265,2M7J,39.29,0.446900,1.00,-363.009,53.502,0.779653,0.196670
1266,2M7P,79.17,0.681900,1.00,-2689.270,274.644,0.291261,0.669610
1267,2M7T,86.36,0.763200,1.00,-2005.723,169.830,0.168442,0.708490
1268,2M7X,42.76,0.513100,1.00,-2161.521,129.239,0.746874,0.376190
1269,2M8F,33.33,0.383100,1.00,-1248.031,108.552,0.933611,0.118020
1270,2M8I,79.65,0.729700,1.00,-2556.924,282.191,0.289230,0.666550
1271,2M8J,79.07,0.703800,1.00,-2575.822,285.288,0.356800,0.672210
1272,2M8M,85.71,0.729600,1.00,-2609.630,61.714,0.180702,0.596520
1273,2M8O,76.79,0.738500,1.00,-2609.630,61.714,0.205108,0.414190
1274,2M96,71.59,0.636200,1.00,-2237.805,258.369,0.468171,0.589250
1275,2M9E,90.15,0.760100,1.00,-2120.032,165.960,0.197362,0.754370
1276,2M9F,78.79,0.725700,1.00,-2120.032,165.960,0.345192,0.603060
1277,2M9I,82.35,0.738200,1.00,-2334.166,145.859,0.278658,0.652890
1278,2M9J,84.56,0.725900,1.00,-2334.166,145.859,0.286500,0.698390
1279,2M9L,87.86,0.712900,1.00,-2427.081,175.909,0.327365,0.724630
1280,2M9O,86.21,0.735300,1.00,-2040.917,119.997,0.229682,0.640270
1281,2M9R,26.25,0.322000,1.00,-1714.470,220.749,1.851468,0.178970
1282,2M9S,25.00,0.323900,1.00,-1714.470,220.749,2.086166,0.226560
1283,2MAA,82.69,0.680500,1.00,-786.054,57.773,0.168587,0.309200
1284,2MAE,44.23,0.514200,1.00,-930.312,203.314,0.719109,0.277630
1285,2MAU,93.33,0.755100,1.00,-2137.091,174.976,0.090187,0.707190
1286,2MBD,86.11,0.725100,1.00,-1599.053,79.633,0.150460,0.534470
1287,2MBY,48.91,0.609800,1.00,-3775.557,121.275,0.642406,0.498110
1288,2MCE,79.76,0.704600,1.00,-899.986,63.775,0.265994,0.385800
1289,2MD1,75.00,0.622300,1.00,-1012.037,63.576,0.281922,0.346270
1290,2MD2,85.00,0.641500,1.00,-503.764,30.083,0.156442,0.404080
1291,2MD4,93.75,0.722600,1.00,-723.892,18.378,0.073305,0.410360
1292,2MD6,77.78,0.588500,1.00,-929.183,59.312,0.247819,0.284800
1293,2MDC,45.31,0.473500,1.00,-2824.529,320.491,0.711272,0.361920
1294,2MDL,30.21,0.477000,1.00,-926.894,139.905,1.152428,0.156490
1295,2MDU,88.79,0.675000,1.00,-2038.241,136.190,0.196006,0.636660
1296,2ME1,62.04,0.523300,1.00,-2453.187,59.632,0.423566,0.373020
1297,2ME2,56.48,0.558300,1.00,-2306.531,68.414,0.440920,0.332570
1298,2ME3,62.96,0.542200,1.00,-2426.008,60.556,0.353479,0.338500
1299,2ME4,57.41,0.580900,1.00,-2435.001,66.315,0.405412,0.341980
1300,2ME7,90.91,0.792100,1.00,-2197.403,146.448,0.146336,0.748580
1301,2MEL,87.88,0.759600,1.00,-2233.122,141.831,0.199936,0.706730
1302,2MEN,80.30,0.703500,1.00,-2150.392,116.729,0.274379,0.615720
1303,2MEO,83.33,0.694900,1.00,-2201.948,118.847,0.221687,0.640770
1304,2MF3,47.87,0.399900,1.00,-3225.632,347.029,0.523146,0.469900
1305,2MFM,38.33,0.519500,1.00,-399.046,74.905,0.816309,0.122360
1306,2MFO,35.00,0.482700,1.00,-382.410,58.574,0.713115,0.239650
1307,2MFP,54.03,0.498500,1.00,-1382.113,124.364,0.540687,0.298650
1308,2MFS,92.86,0.776200,1.00,-2305.818,196.349,0.105149,0.771250
1309,2MFV,37.50,0.573600,1.00,-102.811,72.593,0.926934,0.191830
1310,2MG1,73.15,0.733700,1.00,-1758.974,38.619,0.283944,0.452090
1311,2MG2,72.32,0.694900,1.00,-2103.371,116.980,0.297185,0.523460
1312,2MG3,71.43,0.655400,1.00,-2103.371,116.980,0.311861,0.440120
1313,2MH1,86.36,0.763600,1.00,-1847.512,222.841,0.166689,0.651200
1314,2MHU,65.00,0.551900,1.00,-1885.570,174.844,0.376521,0.387130
1315,2MHW,50.00,0.631000,1.00,-1563.994,81.216,0.656957,0.339300
1316,2MI1,42.86,0.465400,1.00,-790.595,42.880,0.586496,0.150700
1317,2MI9,75.83,0.588900,1.00,-2058.547,139.638,0.225303,0.487160
1318,2MIA,73.33,0.574400,1.00,-2058.547,139.638,0.223918,0.462760
1319,2MID,43.75,0.548900,1.00,-420.912,71.269,0.708359,0.331890
1320,2MIE,41.67,0.534900,1.00,-328.071,56.448,0.603245,0.213860
1321,2MIF,37.50,0.529900,1.00,-282.384,65.027,0.651562,0.252010
1322,2MIG,43.75,0.526900,1.00,-412.643,65.168,0.677412,0.147770
1323,2MIH,41.07,0.473000,1.00,-410.286,65.749,0.791888,0.176760
1324,2MIJ,67.57,0.625500,1.00,-2878.917,143.653,0.342814,0.504670
1325,2MIX,65.48,0.584700,1.00,-1111.368,126.961,0.544219,0.306360
1326,2MJ1,31.94,0.315500,1.00,-697.155,105.361,0.811394,0.163050
1327,2MJ2,60.42,0.626100,1.00,-2272.629,191.276,0.637773,0.484920
1328,2MJ9,67.95,0.654600,1.00,-2450.799,195.467,0.488017,0.509090
1329,2MJC,66.91,0.679300,1.00,-1698.585,191.467,0.637634,0.497020
1330,2MJK,86.59,0.700100,1.00,-3566.717,175.714,0.213866,0.737100
1331,2MKB,82.00,0.629200,1.00,-1880.992,92.888,0.198386,0.498620
1332,2ML7,84.68,0.677900,1.00,-2241.243,139.060,0.129324,0.594910
1333,2MLA,92.57,0.745300,1.00,-2612.085,142.006,0.107448,0.766510
1334,2MLD,89.19,0.764200,1.00,-2451.738,141.806,0.127711,0.749870
1335,2MLJ,37.50,0.452400,1.00,-851.057,51.544,0.994978,0.162180
1336,2MLO,87.50,0.698600,1.00,-1219.638,33.488,0.164170,0.466360
1337,2MLQ,81.25,0.603200,1.00,-1219.638,33.488,0.198881,0.310870
1338,2MLU,37.50,0.442600,1.00,-1424.704,131.731,0.752106,0.279960
1339,2MLV,42.50,0.478400,1.00,-1424.704,131.731,0.787768,0.314560
1340,2MM5,80.83,0.646300,1.00,-2144.596,239.358,0.254523,0.581490
1341,2MM6,80.83,0.638400,1.00,-2198.770,154.255,0.247066,0.548470
1342,2MMM,63.89,0.714700,1.00,-2086.265,41.100,0.487837,0.453540
1343,2MMT,30.95,0.464600,1.00,-951.271,83.805,1.324810,0.157590
1344,2MMW,36.90,0.459100,1.00,-819.428,179.832,0.921545,0.109980
1345,2MN1,87.50,0.707000,1.00,-2054.571,141.247,0.215368,0.647480
1346,2MN3,67.61,0.590100,1.00,-2075.333,266.589,0.399673,0.545320
1347,2MOC,47.73,0.434900,1.00,-291.970,68.425,0.440065,0.200150
1348,2MOF,61.90,0.602900,1.00,-2855.674,113.543,0.575834,0.529640
1349,2MPJ,75.00,0.586300,1.00,-1331.916,112.083,0.421713,0.427430
1350,2MPQ,81.25,0.666400,1.00,-2169.104,139.762,0.233433,0.679430
1351,2MQ2,35.71,0.457900,1.00,-214.390,76.310,0.956899,0.192340
1352,2MQ4,38.64,0.503100,1.00,-171.712,56.688,0.855295,0.256250
1353,2MQ5,57.50,0.488000,1.00,-109.422,46.778,0.344081,0.120740
1354,2MQF,97.79,0.758900,1.00,-2077.917,160.910,0.075335,0.831530
1355,2MQU,92.14,0.742200,1.00,-2268.727,135.439,0.095665,0.757470
1356,2MR9,89.77,0.769600,1.00,-4267.749,199.298,0.152252,0.802130
1357,2MRB,63.71,0.527000,1.00,-1924.488,126.300,0.409160,0.387600
1358,2MRF,82.58,0.688900,1.00,-2152.204,148.450,0.184419,0.620090
1359,2MRT,70.83,0.579400,1.00,-1945.713,224.026,0.270204,0.415020
1360,2MRW,39.38,0.310700,1.00,-3473.463,130.452,1.089085,0.375830
1361,2MSF,49.14,0.461400,1.00,-1725.972,194.393,0.757159,0.337270
1362,2MSO,77.50,0.621900,1.00,-2014.383,160.355,0.307795,0.514890
1363,2MSQ,82.41,0.636300,1.00,-1871.194,144.970,0.236782,0.543330
1364,2MSU,67.50,0.580800,1.00,-1205.247,55.254,0.332853,0.331170
1365,2MT7,89.29,0.715800,1.00,-2217.093,201.408,0.139976,0.721640
1366,2MT8,71.15,0.664800,1.00,-2139.407,252.787,0.630831,0.585830
1367,2MTM,46.05,0.372900,1.00,-1279.999,85.335,0.473586,0.126960
1368,2MTO,80.77,0.541300,1.00,-663.252,56.047,0.219773,0.358730
1369,2MTT,65.38,0.505500,1.00,-653.296,41.783,0.286192,0.224910
1370,2MTU,71.15,0.485900,1.00,-653.296,41.783,0.346151,0.404940
1371,2MTW,76.25,0.592300,1.00,-1266.019,57.648,0.334161,0.416880
1372,2MTY,46.25,0.551800,1.00,-673.675,118.819,0.553020,0.159630
1373,2MU6,86.25,0.685000,1.00,-1487.717,23.182,0.177399,0.392210
1374,2MU7,76.25,0.660800,1.00,-1053.577,62.151,0.240844,0.330790
1375,2MU8,41.25,0.455700,1.00,-1232.644,46.528,0.535017,0.088920
1376,2MU9,73.75,0.651600,1.00,-1476.322,51.323,0.421306,0.351150
1377,2MUA,76.19,0.696100,1.00,-1202.810,64.359,0.245985,0.411880
1378,2MUB,49.40,0.425800,1.00,-3042.075,364.484,0.588420,0.427540
1379,2MUE,80.00,0.668900,1.00,-1433.753,53.704,0.271393,0.345510
1380,2MUF,82.50,0.674600,1.00,-1283.871,50.352,0.172912,0.335300
1381,2MUH,84.38,0.652400,1.00,-711.439,99.868,0.178262,0.432480
1382,2MUJ,75.00,0.607700,1.00,-1372.686,43.557,0.292918,0.289860
1383,2MUN,94.57,0.742200,1.00,-3966.523,154.015,0.081255,0.883330
1384,2MUQ,76.14,0.695700,1.00,-2957.292,149.397,0.505370,0.654280
1385,2MV6,71.43,0.738600,1.00,-3674.232,133.818,0.392980,0.633820
1386,2MVA,63.89,0.531200,1.00,-1430.459,172.776,0.490751,0.294620
1387,2MVH,67.31,0.644300,1.00,-1632.219,72.364,0.635646,0.440480
1388,2MVI,39.53,0.361700,1.00,-3560.904,206.758,0.847770,0.311970
1389,2MVJ,68.27,0.574100,1.00,-1687.623,81.949,0.522168,0.462560
1390,2MVK,32.69,0.476600,1.00,-930.312,203.314,0.944407,0.241750
1391,2MVL,37.50,0.522800,1.00,-930.312,203.314,0.983488,0.231040
1392,2MVM,52.84,0.599300,1.00,-2339.504,164.633,1.128288,0.430380
1393,2MVN,51.14,0.641800,1.00,-2339.504,164.633,0.742408,0.423490
1394,2MVT,82.45,0.680900,1.00,-4182.319,135.669,0.204865,0.735190
1395,2MW0,83.62,0.656400,1.00,-1950.099,117.675,0.255741,0.600070
1396,2MW3,35.71,0.381300,1.00,-1244.007,111.504,0.645553,0.173040
1397,2MW7,85.81,0.744800,1.00,-2280.345,296.647,0.238715,0.692870
1398,2MW9,81.08,0.686600,1.00,-2553.683,174.640,0.300418,0.675290
1399,2MWA,71.62,0.647600,1.00,-2541.668,156.581,0.443551,0.552420
1400,2MWB,78.38,0.675500,1.00,-2516.493,183.211,0.247880,0.601690
1401,2MWD,86.61,0.691200,1.00,-1753.211,143.810,0.114763,0.549570
1402,2MWE,82.14,0.663800,1.00,-1657.665,130.133,0.149374,0.490410
1403,2MWF,84.38,0.706600,1.00,-2180.923,130.510,0.134540,0.614780
1404,2MWJ,94.44,0.815600,1.00,-2396.487,208.415,0.095433,0.792870
1405,2MWK,95.83,0.829500,1.00,-2396.487,208.415,0.079910,0.824830
1406,2MWL,50.00,0.504100,1.00,-430.639,104.789,0.512062,0.258170
1407,2MWT,55.15,0.702100,1.00,-1571.399,201.279,0.906908,0.461750
1408,2MX4,85.56,0.691400,1.00,-3093.652,181.250,0.212808,0.744670
1409,2MXG,51.56,0.541900,1.00,-430.639,104.789,0.561574,0.234480
1410,2MXH,50.00,0.522600,1.00,-430.639,104.789,0.798609,0.180820
1411,2MXM,93.18,0.765300,1.00,-2153.584,170.100,0.104540,0.795790
1412,2MXO,90.44,0.688500,1.00,-2147.193,156.611,0.163534,0.723400
1413,2MXP,94.70,0.798500,1.00,-2645.660,135.418,0.185466,0.817830
1414,2MXQ,72.79,0.595800,1.00,-1974.545,191.654,0.237398,0.494900
1415,2MXV,66.86,0.557600,1.00,-2881.293,223.809,0.598617,0.547540
1416,2MYH,85.37,0.706900,1.00,-2453.034,344.192,0.189736,0.708640
1417,2MYL,90.00,0.698800,1.00,-1523.567,53.264,0.176108,0.402300
1418,2MYM,58.75,0.509300,1.00,-1410.821,52.498,0.412268,0.269600
1419,2MZ2,75.00,0.580000,1.00,-1042.542,47.942,0.284220,0.277050
1420,2MZ3,69.12,0.591100,1.00,-1042.542,47.942,0.361746,0.244690
1421,2MZ4,83.15,0.634100,1.00,-3966.523,154.015,0.186261,0.704810
1422,2MZ7,21.20,0.456400,1.00,-1206.641,298.773,1.116691,0.222980
1423,2MZA,70.59,0.554700,1.00,-1042.542,47.942,0.424409,0.315310
1424,2MZX,45.00,0.432200,1.00,-359.302,66.882,0.426375,0.293080
1426,2N0X,39.06,0.544600,1.00,-501.295,99.448,0.945361,0.143050
1427,2N16,70.00,0.526900,1.00,-1296.801,58.983,0.388415,0.262000
1428,2N1C,30.43,0.454100,1.00,-797.376,129.626,0.737043,0.169020
1429,2N1N,87.86,0.713800,1.00,-2485.362,189.277,0.152273,0.700050
1430,2N1P,66.67,0.666000,1.00,-1831.568,127.248,0.512849,0.463000
1431,2N1S,95.00,0.796100,1.00,-1871.611,87.720,0.142017,0.785910
1432,2N24,68.55,0.701600,1.00,-1766.976,187.825,0.674190,0.544590
1433,2N2C,40.70,0.629400,1.00,-2064.260,124.667,1.115901,0.325600
1434,2N2F,36.54,0.451600,1.00,-335.230,57.405,0.714118,0.175730
1435,2N2G,89.39,0.749100,1.00,-2170.828,185.247,0.161794,0.705420
1436,2N2S,54.69,0.548600,1.00,-2444.315,127.306,0.725527,0.386420
1437,2N3P,91.41,0.776600,1.00,-2056.302,147.302,0.164248,0.732810
1438,2N4K,44.19,0.387200,1.00,-2410.961,246.676,1.020404,0.334560
1439,2N4R,84.46,0.731500,1.00,-2505.559,164.612,0.387237,0.712500
1440,2N4S,84.46,0.725900,1.00,-2434.652,158.819,0.327785,0.714100
1441,2N4T,83.11,0.714800,1.00,-2571.201,149.095,0.311677,0.682710
1442,2N4U,83.78,0.691900,1.00,-2551.323,176.794,0.192880,0.677110
1443,2N4V,82.43,0.738600,1.00,-2474.478,181.998,0.439062,0.685830
1444,2N4W,86.49,0.752200,1.00,-2767.165,186.878,0.168023,0.733330
1445,2N58,49.17,0.559900,1.00,-2403.885,60.871,0.880934,0.333390
1446,2N5C,31.67,0.526100,1.00,-473.729,81.001,1.073672,0.146130
1447,2N5J,82.14,0.726100,1.00,-4717.928,121.334,0.180493,0.738760
1448,2N5K,79.31,0.618400,1.00,-1817.168,140.976,0.262067,0.514530
1449,2N5Q,77.78,0.600300,1.00,-1870.879,122.964,0.224274,0.455480
1450,2N5R,93.75,0.638100,1.00,-752.698,37.986,0.150005,0.584260
1451,2N63,39.06,0.463000,1.00,-430.639,104.789,0.641012,0.173930
1452,2N68,33.70,0.355400,1.00,-1120.040,85.203,0.888838,0.151580
1453,2N6B,87.50,0.710300,1.00,-2542.835,187.590,0.148154,0.673500
1454,2N6M,77.38,0.721900,1.00,-1241.080,19.789,0.209347,0.266620
1455,2N6N,85.94,0.721800,1.00,-1884.403,219.591,0.133599,0.609430
1456,2N6O,81.43,0.659300,1.00,-2534.390,196.142,0.288641,0.642070
1457,2N6U,31.25,0.387200,1.00,-1129.617,51.415,0.833506,0.200930
1458,2N6V,32.29,0.385000,1.00,-1248.031,108.552,0.733927,0.131750
1459,2N7F,71.88,0.598200,1.00,-2913.803,191.003,0.300862,0.490850
1460,2N7I,69.59,0.706800,1.00,-2936.998,89.765,0.324002,0.515800
1461,2N85,81.71,0.763300,1.00,-2484.356,123.692,0.168439,0.642690
1462,2N8B,59.03,0.541900,1.00,-2400.270,136.076,0.402934,0.420980
1463,2N8E,74.26,0.608100,1.00,-1647.754,243.816,0.312331,0.513910
1464,2N8H,77.14,0.630200,1.00,-2170.133,155.433,0.243156,0.565650
1465,2N8S,83.97,0.741500,1.00,-2345.087,234.319,0.301003,0.692640
1466,2N8U,70.51,0.649500,1.00,-1911.570,183.072,0.397955,0.552180
1467,2N92,54.84,0.506100,1.00,-1723.756,96.709,0.712785,0.395570
1468,2N94,78.65,0.713100,1.00,-3056.970,218.642,0.339417,0.702330
1469,2N95,70.92,0.627200,1.00,-3209.591,235.816,0.347006,0.586260
1470,2N9C,43.75,0.422800,1.00,-614.793,96.025,0.600811,0.124360
1471,2N9M,54.69,0.533500,1.00,-430.639,104.789,0.590310,0.208010
1472,2N9N,39.06,0.469500,1.00,-430.639,104.789,0.601984,0.166650
1473,2N9O,80.36,0.739800,1.00,-2942.816,267.615,0.329659,0.746290
1474,2N9T,78.33,0.625600,1.00,-1918.256,213.270,0.243843,0.481990
1475,2N9Z,79.17,0.748100,1.00,-2299.978,217.202,0.482943,0.670290
1476,2NA3,87.50,0.609600,1.00,-898.756,25.068,0.186663,0.529220
1477,2NA8,57.39,0.628900,1.00,-3459.625,182.453,0.607109,0.534440
1478,2NA9,60.23,0.667600,1.00,-3929.948,102.361,0.517984,0.672150
1479,2NAB,68.90,0.693300,1.00,-2711.930,280.079,0.820567,0.603780
1480,2NAE,28.49,0.483900,1.00,-1838.593,240.989,0.850153,0.291840
1481,2NAJ,88.64,0.702000,1.00,-2105.118,194.206,0.174519,0.693630
1482,2NAL,89.58,0.640700,1.00,-730.197,29.454,0.182819,0.412240
1483,2NAT,39.29,0.528900,1.00,-2060.519,88.504,0.879203,0.211900
1484,2NAU,67.86,0.577300,1.00,-1696.278,58.727,0.357513,0.405230
1485,2NAW,43.59,0.500200,1.00,-2925.343,189.222,0.700102,0.362750
1486,2NB2,88.16,0.722600,1.00,-3391.421,93.741,0.157092,0.750460
1487,2NB5,77.94,0.627000,1.00,-806.588,74.726,0.191503,0.255760
1488,2NB6,82.81,0.672600,1.00,-771.396,106.127,0.196618,0.271240
1489,2NB7,79.41,0.704800,1.00,-911.875,43.101,0.425456,0.463750
1490,2NB8,62.96,0.604800,1.00,-1512.566,197.897,0.754356,0.423050
1491,2NB9,84.18,0.731600,1.00,-3281.416,246.296,0.321731,0.766570
1492,2NC3,95.45,0.831400,1.00,-2120.032,165.960,0.083386,0.799560
1493,2NC4,92.42,0.805200,1.00,-2120.032,165.960,0.126832,0.759730
1494,2NC5,95.45,0.802900,1.00,-2120.032,165.960,0.097307,0.814900
1495,2NC6,95.45,0.839500,1.00,-2120.032,165.960,0.123446,0.821160
1496,2NC7,83.33,0.660000,1.00,-988.276,82.065,0.167691,0.310480
1497,2NCS,75.00,0.718400,1.00,-2659.311,75.805,0.262535,0.542050
1498,2NCT,80.56,0.689700,1.00,-2659.311,75.805,0.357292,0.630920
1499,2NCU,60.71,0.587900,1.00,-1574.669,39.598,0.460098,0.250700
1500,2NCV,57.14,0.552300,1.00,-1484.677,48.682,0.611946,0.274060
1501,2NCW,56.25,0.603700,1.00,-1682.338,57.026,0.554369,0.330780
1502,2NCX,81.25,0.771900,1.00,-1728.458,34.870,0.186817,0.535590
1503,2NCY,62.50,0.667100,1.00,-1524.346,77.026,0.479316,0.326080
1504,2ND2,88.07,0.730400,1.00,-3892.212,112.283,0.134207,0.775040
1505,2ND3,95.39,0.785400,1.00,-3115.313,190.572,0.078316,0.849860
1506,2ND6,75.00,0.617400,1.00,-1176.997,42.542,0.216283,0.270070
1507,2ND7,75.00,0.638900,1.00,-1176.997,42.542,0.309781,0.273770
1508,2ND8,69.12,0.570600,1.00,-1176.997,42.542,0.381868,0.298280
1509,2NDB,63.27,0.526400,1.00,-2806.226,224.955,0.351473,0.574730
1510,2NDC,70.83,0.595900,1.00,-1114.105,40.186,0.390316,0.379260
1511,2NDE,58.33,0.536500,1.00,-1034.384,34.406,0.454649,0.234830
1512,2NDI,52.17,0.458200,1.00,-2657.156,328.353,0.573864,0.371300
1513,2NDK,48.44,0.677400,1.00,-2681.950,101.563,0.764461,0.392050
1514,2NDL,78.12,0.726500,1.00,-912.353,81.361,0.218506,0.311700
1515,2NDM,57.69,0.497300,1.00,-620.729,47.513,0.367366,0.345660
1516,2NDN,84.38,0.716600,1.00,-817.085,64.458,0.158955,0.312830
1517,2NOR,60.00,0.492700,1.00,-414.063,57.826,0.367981,0.409940
1518,2NOU,42.50,0.445500,1.00,-315.578,66.066,0.399531,0.282090
1519,2NR1,80.56,0.733000,1.00,-1637.624,67.993,0.211110,0.521070
1520,2NS4,50.00,0.512700,1.00,-341.105,68.474,0.618281,0.265740
1521,2NVJ,53.00,0.502000,1.00,-1614.183,208.748,0.459294,0.204610
1522,2NX6,57.41,0.551000,1.00,-1506.695,132.200,0.573726,0.323590
1523,2NX7,49.11,0.526500,1.00,-1556.277,151.056,0.642759,0.233520
1526,2NZ3,63.12,0.568400,1.00,-3066.120,201.214,0.463536,0.445080
1527,2NZZ,36.49,0.481100,1.00,-2947.035,73.759,1.213542,0.247370
1528,2O00,37.84,0.442700,1.00,-2947.035,73.759,1.042356,0.247910
1529,2O0S,62.50,0.544700,1.00,-675.205,30.999,0.328179,0.315930
1530,2OBU,50.00,0.654700,1.00,-2741.999,159.823,0.584191,0.397120
1532,2OJM,90.91,0.764600,1.00,-1443.815,35.886,0.091990,0.539590
1533,2OJN,70.45,0.608100,1.00,-1382.754,37.996,0.400963,0.373750
1534,2OJO,80.68,0.756300,1.00,-1613.902,44.181,0.181632,0.507790
1535,2OP7,48.08,0.461300,1.00,-2476.519,267.698,0.969605,0.342040
1536,2OQ9,47.92,0.603200,1.00,-831.545,129.145,0.572761,0.176790
1537,2ORU,75.00,0.652000,1.00,-999.139,92.504,0.288213,0.252900
1538,2OVN,89.71,0.654100,1.00,-1146.293,40.095,0.171761,0.439870
1539,2OYV,71.15,0.594700,1.00,-496.264,57.147,0.258358,0.305630
1540,2OYW,78.85,0.616300,1.00,-496.264,57.147,0.151055,0.277190
1541,2P4L,65.22,0.505700,1.00,-2818.195,292.739,0.387411,0.498470
1542,2P5J,51.47,0.532100,1.00,-579.273,126.181,0.492117,0.244560
1543,2P81,64.77,0.573400,1.00,-3439.116,113.311,0.520301,0.563330
1544,2PCO,72.12,0.620800,1.00,-1333.324,117.859,0.410434,0.581290
1545,2PDD,83.14,0.677700,1.00,-3670.764,118.144,0.267566,0.724600
1546,2PDE,32.56,0.365800,1.00,-3670.764,118.144,0.727652,0.360050
1547,2PJV,54.03,0.572400,1.00,-1015.678,80.321,0.657325,0.338920
1548,2PO8,72.06,0.662400,1.00,-1824.747,182.936,0.468807,0.550730
1549,2PPZ,75.00,0.591100,1.00,-3105.283,117.261,0.220771,0.580950
1550,2PTA,90.00,0.708000,1.00,-2364.979,168.525,0.180543,0.742120
1551,2PV6,62.50,0.573500,1.00,-2181.046,31.425,0.446830,0.333020
1552,2RLG,83.33,0.618400,1.00,-1192.020,31.160,0.270710,0.426940
1553,2RLH,83.33,0.654500,1.00,-1192.020,31.160,0.256984,0.427700
1554,2RLJ,67.19,0.561600,1.00,-777.449,31.074,0.392673,0.247630
1555,2RLW,57.35,0.597800,1.00,-1931.192,114.210,0.561549,0.423250
1557,2RMF,73.75,0.735300,1.00,-3263.498,79.139,0.312130,0.607170
1558,2RMG,48.68,0.672100,1.00,-2841.601,77.209,0.665515,0.338820
1559,2RMH,69.08,0.659400,1.00,-2635.112,74.018,0.439981,0.539910
1561,2RMV,50.00,0.384400,1.00,-2039.952,82.017,0.797361,0.277160
1562,2RMW,42.31,0.438900,1.00,-1514.893,144.488,0.576419,0.209330
1563,2RMY,51.47,0.603800,1.00,-1697.246,138.507,0.549653,0.344260
1564,2RMZ,81.40,0.687800,1.00,-3291.864,97.485,0.257259,0.680460
1565,2RN0,63.95,0.718500,1.00,-3291.864,97.485,0.486205,0.597630
1566,2RND,47.79,0.628700,1.00,-1697.246,138.507,0.578218,0.344330
1567,2ROO,73.84,0.632700,1.00,-2857.055,201.823,0.255771,0.591080
1568,2RPS,56.25,0.600900,1.00,-1448.644,210.469,0.643020,0.371750
1570,2RQ2,71.67,0.575500,1.00,-2307.073,38.227,0.496503,0.493000
1571,2RQZ,82.24,0.714800,1.00,-2575.932,215.707,0.187526,0.662300
1572,2RR0,75.66,0.635300,1.00,-2575.932,215.707,0.236371,0.550160
1573,2RR2,82.24,0.659900,1.00,-2575.932,215.707,0.185497,0.627120
1574,2RRH,78.45,0.729000,1.00,-2229.912,66.308,0.210658,0.520010
1575,2RRI,68.10,0.684600,1.00,-2229.912,66.308,0.305074,0.448430
1576,2RRS,40.28,0.468900,1.00,-719.768,96.525,0.699013,0.158120
1577,2RSH,79.05,0.689100,1.00,-2240.454,168.402,0.312317,0.601730
1578,2RSW,56.94,0.534900,1.00,-840.981,97.421,0.386133,0.206100
1579,2RT4,56.00,0.600000,1.00,-1050.901,107.872,0.781321,0.343570
1580,2RTY,92.50,0.750500,1.00,-1827.862,150.301,0.095835,0.743860
1581,2RTZ,87.07,0.666400,1.00,-2165.097,105.200,0.159616,0.609010
1582,2RU0,80.56,0.648500,1.00,-2558.170,179.182,0.224357,0.623950
1583,2RUM,40.79,0.457500,1.00,-826.820,92.102,0.699462,0.195980
1584,2RUN,55.56,0.500900,1.00,-1117.097,109.784,0.533945,0.244990
1585,2RUO,75.00,0.615700,1.00,-988.000,57.639,0.344923,0.414120
1586,2RUT,79.17,0.830000,1.00,-2237.047,192.514,0.446966,0.675590
1587,2RUU,79.17,0.799100,1.00,-1995.011,134.102,0.406021,0.650180
1588,2RUV,79.73,0.832700,1.00,-2240.454,168.402,0.633279,0.728530
1589,2RUW,77.70,0.788700,1.00,-1947.997,171.691,0.553520,0.676370
1590,2RUX,78.47,0.690500,1.00,-2052.192,170.850,0.387154,0.635350
1591,2RUY,76.35,0.745200,1.00,-2129.322,178.139,0.396809,0.592470
1592,2RUZ,82.89,0.843200,1.00,-2183.905,164.718,0.430330,0.721350
1593,2RV0,79.73,0.768500,1.00,-2145.076,154.516,0.639595,0.684450
1594,2RV1,81.76,0.758400,1.00,-2379.717,174.381,0.462819,0.690460
1595,2RV2,84.03,0.811500,1.00,-1882.632,165.988,0.407740,0.738950
1596,2RV3,74.31,0.788100,1.00,-1426.637,119.476,0.622338,0.637940
1597,2RV4,81.08,0.779500,1.00,-1918.933,210.260,0.367787,0.678400
1598,2RV5,84.29,0.792800,1.00,-2151.143,121.409,0.416293,0.746740
1599,2RVD,92.50,0.668200,1.00,-431.779,40.557,0.102133,0.451000
1600,2SH1,46.35,0.451500,1.00,-2604.703,339.712,0.895990,0.452300
1601,2V1V,87.07,0.713000,1.00,-1842.011,165.937,0.139972,0.566520
1602,2VY4,68.92,0.591900,1.00,-2385.786,112.894,0.399351,0.540670
1603,2VY5,70.27,0.601100,1.00,-2385.786,112.894,0.365086,0.559140
1604,2W0T,77.91,0.641800,1.00,-2879.085,183.095,0.318855,0.665130
1605,2W9O,57.61,0.467200,1.00,-2681.510,235.522,0.447830,0.490890
1606,2W9U,63.04,0.544600,1.00,-2317.608,371.469,0.517618,0.522600
1607,2W9V,29.55,0.317300,1.00,-2708.387,281.035,1.187298,0.308080
1608,2W9W,60.80,0.553700,1.00,-2169.545,333.120,0.504597,0.477060
1609,2WH9,84.72,0.741800,1.00,-2447.182,146.382,0.216513,0.691360
1610,2WXC,85.64,0.709500,1.00,-3760.836,168.399,0.203181,0.749210
1611,2XL1,65.62,0.610100,1.00,-1603.417,77.924,0.790122,0.491950
1612,2YRH,67.05,0.732500,1.00,-1768.373,211.662,0.857465,0.592690
1613,2YRJ,64.13,0.751800,1.00,-2047.763,247.694,0.995133,0.567440
1614,2YRM,69.19,0.732000,1.00,-2098.739,238.171,0.583436,0.577630
1615,2YSB,73.98,0.792600,1.00,-2767.270,284.852,0.595253,0.679140
1616,2YSC,76.28,0.758300,1.00,-2281.215,236.730,0.443084,0.612490
1617,2YSF,84.38,0.781700,1.00,-2502.311,162.993,0.277851,0.717320
1618,2YSG,76.25,0.709600,1.00,-2408.609,245.302,0.418201,0.646330
1619,2YSH,73.12,0.684800,1.00,-1948.703,203.966,0.539216,0.603050
1620,2YSI,78.75,0.757700,1.00,-2113.958,203.326,0.315887,0.632130
1621,2YSO,60.87,0.704600,1.00,-2401.417,218.271,0.772307,0.497780
1622,2YSP,63.59,0.718100,1.00,-2092.338,268.674,0.694978,0.538630
1623,2YSV,56.55,0.620200,1.00,-1796.725,173.943,0.784239,0.450870
1624,2YTA,67.68,0.753100,1.00,-1962.703,167.094,0.913629,0.602490
1625,2YTB,69.05,0.738800,1.00,-2032.889,173.187,0.625966,0.614800
1626,2YTD,73.37,0.778600,1.00,-1999.656,254.874,0.430830,0.624640
1627,2YTE,69.64,0.782800,1.00,-1943.242,259.889,0.731786,0.608310
1628,2YTF,63.59,0.772500,1.00,-2139.341,227.283,0.933609,0.551750
1629,2YTG,63.59,0.771800,1.00,-2097.535,206.343,1.061794,0.568150
1630,2YTH,57.61,0.746100,1.00,-1891.586,236.090,1.308210,0.525030
1631,2YTI,62.50,0.756500,1.00,-2034.453,192.128,0.779164,0.523650
1632,2YTJ,65.76,0.771900,1.00,-2204.322,226.019,0.582251,0.565230
1633,2YTK,64.67,0.733900,1.00,-2181.858,208.385,1.032788,0.572950
1634,2YTM,58.15,0.628000,1.00,-1926.011,237.961,0.884958,0.487480
1635,2YTN,61.41,0.729200,1.00,-1952.917,200.976,0.768715,0.538720
1636,2YTO,69.02,0.746700,1.00,-1951.751,214.233,0.687405,0.571080
1637,2YTP,65.76,0.743100,1.00,-2064.298,224.533,0.695720,0.559350
1638,2YTQ,58.15,0.724400,1.00,-2040.129,234.712,0.751703,0.491600
1639,2YTR,66.85,0.743500,1.00,-1962.859,257.096,0.717049,0.562370
1640,2YTS,69.57,0.787400,1.00,-2109.901,189.682,0.710689,0.592210
1641,2YTT,58.70,0.724300,1.00,-2374.242,199.538,1.038752,0.517390
1642,2YU5,67.61,0.731200,1.00,-2098.931,228.136,0.508399,0.531080
1643,2YU8,66.85,0.751200,1.00,-1817.861,270.687,0.789624,0.594310
1644,2YYF,38.33,0.484800,1.00,-613.151,58.827,0.724999,0.182120
1645,2Z3S,71.79,0.611900,1.00,-3127.926,170.585,0.249722,0.507300
1646,2ZAJ,68.37,0.698400,1.00,-2758.758,276.081,0.759883,0.597460
1647,2ZNF,88.89,0.680900,1.00,-715.817,96.915,0.152271,0.404310
1648,3BBG,73.75,0.620800,1.00,-3025.636,232.008,0.263149,0.569140
1649,3CMH,80.00,0.574100,1.00,-1014.987,21.375,0.359082,0.362790
1650,3CTI,96.55,0.773700,1.00,-1904.608,158.460,0.102112,0.817340
1651,3LEU,51.35,0.464600,1.00,-2028.037,166.294,0.856420,0.402710
1652,3MRA,84.00,0.757400,1.00,-1922.614,76.302,0.152444,0.507010
1653,3ZNF,82.50,0.672600,1.00,-1942.309,89.620,0.275195,0.589380
1654,4A24,87.23,0.703200,1.00,-3237.570,219.801,0.258139,0.773220
1655,4APD,47.58,0.503900,1.00,-1981.003,99.154,0.737608,0.362180
1656,4B19,71.67,0.716000,1.00,-2435.166,64.889,0.314411,0.445630
1658,4B2U,89.58,0.729500,1.00,-2581.911,173.674,0.195672,0.742060
1659,4B2V,90.62,0.752300,1.00,-2027.383,161.404,0.111337,0.698730
1660,4BMF,86.84,0.716000,1.00,-2373.152,211.320,0.166382,0.722470
1661,4CYK,73.78,0.716100,1.00,-2412.130,176.827,0.316969,0.594300
1662,4ZNF,82.50,0.663500,1.00,-1942.309,89.620,0.272728,0.573630
1663,5A4H,29.49,0.537800,1.00,-1475.934,278.504,1.478942,0.205040
1664,5AAY,89.17,0.764600,1.00,-2015.685,119.746,0.182834,0.713490
1665,5AAZ,83.59,0.730700,1.00,-2004.901,149.768,0.182674,0.625370
1666,5AHT,80.81,0.684700,1.00,-2788.954,215.753,0.356899,0.693060
1667,5FZV,82.03,0.752000,1.00,-2055.680,162.846,0.451527,0.715080
1668,5FZW,82.58,0.754700,1.00,-2185.997,161.093,0.552138,0.670660
1669,5FZX,75.69,0.617500,1.00,-2146.992,250.356,0.495338,0.616150
1671,5GSF,73.15,0.593700,1.00,-1871.125,146.753,0.225696,0.368040
1672,5GVO,37.50,0.399500,1.00,-869.913,137.703,0.799467,0.160630
1673,5H1H,56.25,0.582800,1.00,-518.333,122.498,0.721259,0.218370
1674,5H1I,37.50,0.447100,1.00,-608.386,84.560,0.756410,0.162020
1675,5H2S,78.00,0.647200,1.00,-1027.741,118.143,0.259364,0.474700
1676,5I1X,86.81,0.665100,1.00,-2257.077,241.216,0.179902,0.712230
1677,5I2P,90.97,0.687900,1.00,-2286.133,206.794,0.147108,0.768400
1678,5ID5,63.00,0.569000,1.00,-1581.571,90.841,0.467367,0.383960
1679,5IJ4,90.31,0.808800,1.00,-3413.509,280.724,0.152000,0.839350
1680,5ION,91.38,0.749300,1.00,-2133.542,67.290,0.143840,0.667890
1681,5IPO,60.42,0.546800,1.00,-2670.062,473.503,0.653262,0.516140
1682,5J8T,76.60,0.640100,1.00,-2847.061,305.157,0.376582,0.660830
1683,5JHI,96.43,0.773000,1.00,-2535.682,155.383,0.086811,0.813700
1684,5JI4,95.95,0.814400,1.00,-2607.583,302.271,0.088364,0.856400
1685,5JPL,41.18,0.410100,1.00,-763.958,168.445,0.580189,0.182620
1686,5JPX,80.56,0.617000,1.00,-3273.113,208.977,0.198223,0.672360
1687,5JYH,72.73,0.592400,1.00,-2950.920,254.723,0.552390,0.639320
1688,5KGY,82.95,0.694200,1.00,-1723.943,89.764,0.229952,0.385210
1689,5KGZ,45.45,0.547500,1.00,-3368.342,117.955,0.603348,0.373280
1690,5KHB,78.57,0.660000,1.00,-1519.938,40.658,0.244647,0.428760
1691,5KI0,43.42,0.469300,1.00,-138.279,130.324,0.457514,0.122540
1692,5KKM,93.18,0.801000,1.00,-1311.164,124.212,0.112563,0.549780
1693,5KVN,93.52,0.742700,1.00,-2082.839,148.916,0.103994,0.728270
1694,5KWO,93.27,0.728800,1.00,-1888.614,110.146,0.135401,0.641540
1695,5KWX,47.00,0.414300,1.00,-1175.858,185.558,0.689872,0.210860
1696,5KWZ,97.12,0.720300,1.00,-1805.503,111.621,0.075847,0.743820
1697,5KX0,69.23,0.484500,1.00,-2024.092,74.351,0.389202,0.443950
1698,5KX1,72.73,0.579600,1.00,-1221.041,93.663,0.233848,0.212890
1699,5KX2,55.56,0.419300,1.00,-1036.853,68.992,0.424475,0.202880
1700,5L1C,81.94,0.659800,1.00,-2431.449,306.815,0.231999,0.629790
1701,5L82,52.03,0.455400,1.00,-2504.598,197.180,0.653785,0.371840
1702,5LAH,37.22,0.395500,1.00,-2548.105,436.937,0.663951,0.281660
1703,5LBJ,89.29,0.808700,1.00,-2806.737,63.184,0.166434,0.691570
1704,5LCS,63.83,0.570200,1.00,-3271.634,358.971,1.003681,0.551420
1705,5LM0,91.07,0.705100,1.00,-2004.071,68.077,0.128207,0.721620
1706,5LME,73.26,0.631800,1.00,-2410.120,268.467,0.430117,0.592110
1707,5M9U,85.71,0.663900,1.00,-1287.512,93.682,0.128568,0.329180
1708,5N5A,26.35,0.502500,1.00,-1142.582,232.335,0.874393,0.258780
1709,5N5B,39.29,0.594200,1.00,-995.141,169.524,0.722793,0.218060
1710,5NAM,63.02,0.666300,1.00,-3696.900,138.167,0.530376,0.605730
1711,5NAO,77.14,0.774200,1.00,-2789.101,64.495,0.535164,0.661290
1712,5NDA,78.03,0.755700,1.00,-2312.272,75.272,0.175025,0.530420
1713,5NVB,45.00,0.489500,1.00,-426.172,76.467,0.475615,0.229740
1714,5OAP,77.78,0.682900,1.00,-715.204,90.669,0.340680,0.459810
1715,5T3M,83.57,0.648800,1.00,-2434.940,166.322,0.179926,0.673890
1716,5T42,45.21,0.594800,1.00,-3282.718,147.107,0.634655,0.338670
1717,5T4R,90.00,0.687100,1.00,-2428.721,220.165,0.234802,0.727310
1718,5T7Q,66.67,0.653600,1.00,-1152.346,69.401,0.651623,0.404600
1719,5TCZ,73.44,0.513500,1.00,-1895.908,171.636,0.290414,0.467330
1720,5TJ1,32.89,0.478600,1.00,-659.036,112.636,1.157697,0.187500
1721,5TX8,90.18,0.734000,1.00,-2229.626,69.659,0.192328,0.765500
1722,5UG3,75.00,0.574200,1.00,-936.251,77.481,0.269806,0.279050
1723,5UG5,68.42,0.542200,1.00,-951.729,94.144,0.489741,0.299650
1724,5UI6,30.56,0.524000,1.00,-487.588,83.795,1.407051,0.145730
1725,5UI7,34.21,0.525700,1.00,-555.382,106.519,1.136100,0.188950
1726,5UJG,77.08,0.603900,1.00,-1414.161,81.501,0.252450,0.384720
1727,5UJH,55.43,0.508500,1.00,-1309.464,107.690,0.434385,0.194710
1728,5UJQ,64.66,0.649900,1.00,-2110.213,47.326,0.592651,0.439450
1729,5UJR,65.91,0.609400,1.00,-2073.476,57.653,0.475897,0.416430
1730,5UKZ,47.16,0.428800,1.00,-2879.627,260.736,0.598311,0.374110
1731,5UOI,87.79,0.676200,1.00,-3791.862,115.382,0.174353,0.784980
1732,5UP5,85.62,0.638600,1.00,-3377.645,173.976,0.165633,0.715390
1733,5UY2,47.50,0.549700,1.00,-1250.450,35.766,0.549779,0.110670
1734,5UZL,31.82,0.546000,1.00,-1354.675,195.871,1.260576,0.219850
1735,5V0Y,95.24,0.770700,1.00,-1378.492,109.970,0.091852,0.396620
1736,5V11,90.48,0.769400,1.00,-1197.560,77.653,0.113713,0.373050
1737,5V2B,56.25,0.583300,1.00,-1096.051,58.809,0.423766,0.139870
1738,5V4C,45.59,0.497000,1.00,-383.140,139.799,0.432286,0.140960
1739,5V4U,65.62,0.639700,1.00,-2552.357,101.338,0.321635,0.501320
1740,5VAV,83.93,0.719300,1.00,-658.978,55.803,0.113264,0.298690
1741,5VFW,55.00,0.446500,1.00,-1764.947,83.745,0.511876,0.313830
1742,5VL6,33.82,0.444900,1.00,-305.674,134.921,0.672943,0.237780
1743,5VR5,55.00,0.532000,1.00,-1285.994,51.949,0.387058,0.159600
1744,5W54,55.00,0.496100,1.00,-1165.795,152.046,0.630494,0.281600
1745,5W9F,93.29,0.735400,1.00,-3324.969,177.194,0.103458,0.826850
1746,5WCV,98.28,0.775800,1.00,-1855.602,144.614,0.071383,0.792120
1747,5WE3,82.35,0.650200,1.00,-2468.965,241.664,0.193239,0.615290
1748,5WOD,82.89,0.716100,1.00,-3067.435,60.932,0.139054,0.655960
1749,5WOV,77.94,0.689500,1.00,-1924.069,166.286,0.349833,0.617510
1750,5WOW,71.79,0.612300,1.00,-2367.314,236.648,0.552234,0.588300
1751,5WRX,46.15,0.495700,1.00,-381.128,58.236,0.658659,0.238460
1752,5WUZ,65.70,0.570500,1.00,-3102.920,221.943,0.313696,0.483480
1753,5WXE,71.43,0.575800,1.00,-2035.564,139.887,0.274704,0.390800
1754,5WYE,40.62,0.485800,1.00,-430.639,104.789,0.633976,0.172000
1755,5X34,93.06,0.815600,1.00,-2396.487,208.415,0.092018,0.785160
1756,5X35,98.61,0.846800,1.00,-2396.487,208.415,0.058680,0.895240
1757,5X36,97.92,0.851800,1.00,-2396.487,208.415,0.065833,0.870430
1758,5X37,96.53,0.853600,1.00,-2396.487,208.415,0.069102,0.866520
1759,5X38,99.31,0.874400,1.00,-2396.487,208.415,0.054122,0.907930
1760,5X39,96.53,0.848500,1.00,-2415.160,191.747,0.071643,0.853530
1761,5X3C,96.53,0.834400,1.00,-2322.145,218.293,0.076264,0.840830
1762,5X3L,76.25,0.676000,1.00,-1255.037,67.246,0.241299,0.343940
1763,5XA6,75.66,0.578800,1.00,-2359.450,229.437,0.298486,0.557000
1764,5XBD,68.06,0.554900,1.00,-2136.782,194.776,0.290091,0.460560
1765,5XDI,45.00,0.407500,1.00,-2819.651,194.903,0.616670,0.314320
1766,5XDJ,90.48,0.763100,1.00,-1241.080,19.789,0.110664,0.465230
1767,5XEK,80.36,0.635800,1.00,-3398.259,203.862,0.270884,0.683840
1768,5XIV,50.00,0.508300,1.00,-934.432,89.470,0.746192,0.177120
1769,5XM4,36.76,0.526000,1.00,-520.195,85.459,1.159235,0.141180
1770,5XNG,91.18,0.738400,1.00,-1454.312,35.677,0.100442,0.527930
1771,5XO3,66.67,0.638200,1.00,-938.479,95.567,0.405528,0.213490
1772,5XO4,73.81,0.670400,1.00,-955.200,92.094,0.243295,0.227090
1773,5XO5,71.43,0.557800,1.00,-708.334,86.872,0.287996,0.222570
1774,5XRX,54.41,0.534200,1.00,-1454.312,35.677,0.553384,0.296560
1775,5Y0H,88.10,0.699700,1.00,-1111.355,91.942,0.171918,0.338820
1776,5Y0I,91.67,0.779200,1.00,-1234.478,96.371,0.110497,0.396300
1777,5Y0J,94.05,0.782500,1.00,-1254.706,86.653,0.090429,0.417070
1778,5Y22,80.68,0.686100,1.00,-1282.404,108.034,0.238200,0.359130
1779,5Y3U,78.41,0.686800,1.00,-1282.404,108.034,0.261354,0.306730
1780,5YKK,62.50,0.529800,1.00,-1123.435,42.637,0.455370,0.271110
1781,5YKL,61.84,0.553400,1.00,-1279.849,43.382,0.479709,0.273310
1782,5YKQ,61.84,0.534300,1.00,-1203.753,39.815,0.425078,0.297770
1783,5YZ6,89.29,0.715100,1.00,-4258.905,241.179,0.128886,0.801380
1784,5YZK,89.80,0.728600,1.00,-4179.792,250.882,0.115070,0.824770
1785,5Z1Y,50.00,0.530200,1.00,-994.477,68.762,0.617487,0.243680
1786,5Z26,54.17,0.537800,1.00,-884.207,26.748,0.574953,0.281320
1787,5Z2O,90.28,0.754200,1.00,-1134.214,25.675,0.166049,0.533410
1788,5Z31,48.61,0.480700,1.00,-746.582,114.936,0.505977,0.164560
1789,5Z32,43.06,0.449400,1.00,-570.618,122.187,0.683456,0.118130
1790,5Z5W,75.00,0.604100,1.00,-833.615,23.575,0.240783,0.370220
1791,5Z5X,70.83,0.555700,1.00,-1306.803,28.589,0.426965,0.435960
1792,5ZCN,33.33,0.408400,1.00,-1096.937,51.475,0.860140,0.124880
1793,5ZNF,95.83,0.791100,1.00,-1912.464,137.940,0.115865,0.807410
1794,5ZV6,82.50,0.702600,1.00,-1728.238,198.350,0.182560,0.522280
1795,5ZYX,61.25,0.600700,1.00,-1459.410,37.423,0.578781,0.291770
1796,6A5J,80.77,0.646400,1.00,-593.861,27.923,0.229415,0.349080
1797,6A8Y,30.77,0.459000,1.00,-976.277,278.743,0.946641,0.210020
1798,6AAB,71.43,0.658400,1.00,-955.200,92.094,0.484888,0.267280
1799,6AFQ,77.38,0.722200,1.00,-938.479,95.567,0.344461,0.370910
1800,6AHZ,54.29,0.637200,1.00,-2031.521,167.188,0.587394,0.316120
1801,6AK0,48.81,0.479700,1.00,-1428.747,101.423,0.546994,0.103250
1802,6AX2,76.09,0.630400,1.00,-2867.429,279.480,0.224558,0.641790
1803,6B3U,65.62,0.683900,1.00,-3215.207,131.746,0.475471,0.585160
1804,6B5W,31.58,0.505000,1.00,-659.036,112.636,1.182748,0.174850
1805,6B9K,62.50,0.615900,1.00,-285.626,43.961,0.366223,0.270010
1806,6B9W,80.88,0.669000,1.00,-2810.728,118.110,0.318553,0.636010
1807,6BAM,82.35,0.627500,1.00,-2665.753,108.363,0.259355,0.672120
1808,6BB6,84.56,0.670600,1.00,-2726.055,121.317,0.257221,0.672960
1809,6BEQ,45.00,0.509700,1.00,-250.534,45.100,0.625033,0.216070
1810,6BET,45.83,0.574600,1.00,-325.436,49.468,0.743457,0.157190
1811,6BEU,55.36,0.496100,1.00,-714.635,52.712,0.463657,0.215060
1812,6BI5,83.87,0.687900,1.00,-2451.530,130.087,0.298267,0.634400
1813,6BJF,100.00,0.659100,1.00,-968.538,25.148,0.070097,0.476950
1814,6BUC,94.44,0.799100,1.00,-2434.749,123.108,0.115598,0.820330
1815,6BVU,39.29,0.408000,1.00,-583.486,67.079,0.603111,0.158950
1816,6BVW,37.50,0.406200,1.00,-583.486,67.079,0.661513,0.189150
1817,6BVX,50.00,0.521000,1.00,-574.807,71.131,0.624096,0.131910
1818,6BX9,50.00,0.483800,1.00,-813.282,65.173,0.472596,0.153720
1819,6CEG,94.17,0.738800,1.00,-1623.077,175.711,0.127964,0.743500
1820,6CEI,91.41,0.802200,1.00,-1959.135,190.028,0.135195,0.742230
1821,6CEJ,60.71,0.496000,1.00,-560.374,40.277,0.403927,0.246110
1822,6CFA,78.95,0.624700,1.00,-955.241,33.157,0.235210,0.362950
1823,6CFB,62.90,0.610100,1.00,-1627.552,145.535,0.479403,0.441420
1825,6CGX,71.59,0.668100,1.00,-1163.672,150.322,0.685021,0.436660
1829,6CJ8,80.88,0.608600,1.00,-1210.604,40.912,0.195166,0.316440
1830,6CKD,88.89,0.714800,1.00,-2621.384,133.155,0.111710,0.718100
1831,6CKF,87.50,0.725400,1.00,-2621.384,133.155,0.148186,0.705780
1832,6CMH,60.71,0.525500,1.00,-1259.535,95.408,0.495549,0.358680
1833,6COO,76.47,0.620400,1.00,-1257.199,36.665,0.249942,0.366320
1834,6COP,88.24,0.635600,1.00,-1236.340,30.568,0.141184,0.367790
1835,6COQ,88.24,0.675300,1.00,-1309.380,33.934,0.155173,0.381320
1836,6COR,86.76,0.654800,1.00,-1073.615,38.872,0.218335,0.490120
1837,6COS,67.65,0.571000,1.00,-1210.604,40.912,0.354966,0.271400
1838,6COT,70.59,0.621900,1.00,-1283.597,29.730,0.311613,0.400180
1839,6COU,83.82,0.673700,1.00,-1264.236,27.948,0.296323,0.465610
1840,6COV,72.06,0.571300,1.00,-1283.597,29.730,0.408570,0.321380
1841,6COW,85.29,0.604300,1.00,-1210.604,40.912,0.220407,0.371920
1842,6CSK,81.58,0.738100,1.00,-1189.344,19.947,0.153381,0.387610
1843,6CSZ,86.84,0.716300,1.00,-1032.973,41.961,0.227798,0.524540
1844,6CT1,73.68,0.613900,1.00,-1139.080,77.004,0.363768,0.355750
1845,6CT4,81.58,0.640100,1.00,-1141.124,40.599,0.284977,0.459760
1846,6D3T,96.67,0.746500,1.00,-2040.970,123.901,0.078852,0.805470
1847,6D8H,94.53,0.787300,1.00,-2214.081,112.731,0.122561,0.797900
1848,6D8Q,96.77,0.798500,1.00,-2009.444,143.810,0.085721,0.826480
1849,6D8R,91.13,0.726100,1.00,-2193.290,114.293,0.121840,0.734170
1850,6D8S,95.16,0.724700,1.00,-2079.931,139.831,0.095475,0.746300
1851,6D8T,94.35,0.703700,1.00,-2232.748,113.168,0.106532,0.745150
1852,6D8U,95.16,0.725600,1.00,-2024.475,123.487,0.119305,0.767290
1853,6D8Y,90.32,0.740400,1.00,-2053.778,123.252,0.161539,0.704380
1854,6D93,95.16,0.760200,1.00,-1977.669,146.007,0.119316,0.776440
1855,6D9O,93.55,0.694200,1.00,-2258.118,100.665,0.139116,0.743650
1856,6D9P,91.94,0.757100,1.00,-2241.516,112.998,0.104232,0.722440
1857,6DHR,89.66,0.764700,1.00,-1951.355,172.156,0.226001,0.730580
1858,6DMZ,88.83,0.732500,1.00,-3272.224,246.324,0.119378,0.809220
1859,6DST,75.00,0.711900,1.00,-1794.260,63.091,0.315271,0.394460
1860,6DZ9,53.57,0.516700,1.00,-361.881,102.118,0.726362,0.215740
1861,6DZA,46.88,0.526700,1.00,-525.226,89.577,1.008050,0.158500
1862,6DZB,46.88,0.495000,1.00,-419.649,76.806,0.730591,0.242360
1863,6DZC,42.19,0.538400,1.00,-471.984,85.898,0.697514,0.248300
1864,6DZE,37.50,0.506800,1.00,-405.869,81.355,1.073261,0.174500
1865,6E1L,76.04,0.604000,1.00,-1424.019,116.034,0.282939,0.380100
1867,6EFE,74.07,0.634600,1.00,-2120.474,71.176,0.231060,0.399560
1868,6ENA,95.16,0.808200,1.00,-1918.750,225.486,0.094593,0.808370
1869,6F46,47.86,0.574000,1.00,-2528.875,63.993,0.886754,0.376410
1870,6F61,93.55,0.803700,1.00,-1968.445,129.147,0.127819,0.773910
1871,6FGM,91.67,0.720800,1.00,-633.399,36.162,0.104547,0.501490
1872,6FS4,70.16,0.613800,1.00,-2153.293,134.267,0.401289,0.580600
1873,6FS5,49.36,0.630400,1.00,-2693.015,175.844,0.606077,0.467620
1874,6G4I,69.79,0.713600,1.00,-1481.214,60.868,0.261096,0.370090
1875,6G4K,73.96,0.669400,1.00,-1481.214,60.868,0.271199,0.362300
1876,6G4U,58.33,0.680800,1.00,-1481.214,60.868,0.619559,0.368320
1877,6G4V,56.25,0.628400,1.00,-1539.060,43.970,0.536083,0.422520
1878,6G4X,58.33,0.638700,1.00,-1539.060,43.970,0.586580,0.409660
1880,6GIF,74.17,0.712100,1.00,-1988.575,83.592,0.322287,0.570830
1881,6GIG,68.33,0.704500,1.00,-2087.791,70.579,0.539294,0.512990
1882,6GIJ,80.00,0.636500,1.00,-841.029,29.755,0.308683,0.350620
1883,6GIK,61.54,0.540900,1.00,-824.945,23.041,0.334838,0.333390
1884,6GIL,48.08,0.518300,1.00,-695.593,26.294,0.466872,0.211200
1885,6GNZ,67.59,0.678800,1.00,-1661.286,60.984,0.408449,0.438260
1886,6GO0,80.77,0.684500,1.00,-1277.251,68.543,0.290849,0.524650
1887,6GS5,82.69,0.637600,1.00,-1114.975,21.932,0.235210,0.454540
1888,6GS9,90.62,0.747200,1.00,-891.798,32.965,0.131851,0.381220
1889,6HH0,65.00,0.649900,1.00,-1590.635,54.980,0.343204,0.360530
1890,6HN9,64.39,0.580800,1.00,-1902.380,185.670,0.577806,0.488150
1891,6HT4,77.50,0.678900,1.00,-912.713,84.754,0.305154,0.247070
1892,6HZ2,71.30,0.733000,1.00,-1702.275,34.978,0.226959,0.451850
1893,6IHA,77.50,0.830600,1.00,-1742.000,61.140,0.220110,0.461050
1894,6ITH,66.46,0.723600,1.00,-3159.941,104.831,0.403798,0.676870
1895,6J12,43.75,0.516800,1.00,-2060.519,88.504,0.910238,0.311490
1896,6J9P,93.75,0.678600,1.00,-758.541,22.219,0.127767,0.413260
1897,6JI7,73.61,0.600700,1.00,-2791.211,238.667,0.258339,0.530810
1898,6JIC,59.03,0.445300,1.00,-2052.248,168.715,0.671501,0.487630
1899,6K4V,47.50,0.541200,1.00,-1774.213,339.618,0.743507,0.348870
1900,6K4W,38.33,0.410900,1.00,-2506.784,235.478,0.855447,0.307940
1901,6K50,80.62,0.661400,1.00,-3009.183,142.686,0.263353,0.675660
1902,6K51,81.25,0.648200,1.00,-2830.639,164.256,0.276373,0.697740
1903,6KLM,76.47,0.603600,1.00,-2449.896,179.064,0.277319,0.543190
1904,6KRA,69.70,0.552900,1.00,-2259.375,188.227,0.293834,0.538290
1905,6L8R,39.39,0.504500,1.00,-954.965,277.522,0.677435,0.231450
1906,6LF5,95.59,0.771000,1.00,-2533.713,127.599,0.095324,0.790050
1907,6M0Y,83.33,0.619200,1.00,-722.477,22.821,0.240320,0.543990
1908,6M19,40.00,0.460900,1.00,-725.779,51.833,0.711036,0.223280
1909,6M56,33.33,0.234800,1.00,-2203.020,154.384,1.348102,0.223810
1910,6M5C,76.28,0.657100,1.00,-2545.516,211.233,0.238595,0.592670
1911,6MBM,92.19,0.668000,1.00,-1216.682,21.759,0.134490,0.465310
1912,6MF8,47.83,0.550700,1.00,-3363.053,75.137,1.438239,0.434060
1913,6MJV,76.56,0.634900,1.00,-1696.474,134.642,0.245057,0.524080
1914,6MK4,93.33,0.734500,1.00,-1874.105,171.636,0.105725,0.739350
1915,6MK5,80.88,0.650000,1.00,-2463.726,226.216,0.243449,0.622240
1916,6MM4,87.12,0.707200,1.00,-2008.708,152.760,0.175872,0.687190
1917,6MW6,43.42,0.438300,1.00,-918.505,86.050,0.866878,0.215680
1918,6MZT,87.84,0.682900,1.00,-2600.691,163.661,0.165542,0.720230
1919,6NK9,83.59,0.662300,1.00,-1886.219,142.507,0.339638,0.653840
1920,6NOM,56.91,0.505200,1.00,-3364.465,273.110,0.561536,0.476140
1921,6NOX,57.14,0.422700,1.00,-610.729,73.008,0.448934,0.264640
1922,6NUG,84.38,0.657700,1.00,-1486.327,120.694,0.162010,0.400900
1923,6NW8,60.19,0.450400,1.00,-1049.665,416.794,0.531385,0.385070
1924,6O3Q,78.57,0.683700,1.00,-3963.437,149.909,0.313818,0.691290
1925,6O3S,83.51,0.653500,1.00,-3767.028,119.834,0.259570,0.736440
1931,6OBK,67.44,0.558400,1.00,-4732.828,137.398,0.299953,0.588360
1932,6OBW,60.29,0.511400,1.00,-1273.361,28.053,0.481815,0.269460
1933,6OC2,47.06,0.463800,1.00,-1260.230,28.724,0.444788,0.209710
1934,6OC4,63.24,0.541400,1.00,-940.006,49.256,0.430194,0.387600
1935,6OFA,89.39,0.767400,1.00,-2893.096,93.502,0.159894,0.727760
1936,6OLD,63.24,0.524300,1.00,-940.006,49.256,0.463959,0.255570
1937,6OQP,69.23,0.562800,1.00,-649.609,58.777,0.349416,0.269480
1938,6OTA,43.75,0.551400,1.00,-517.980,55.267,0.780441,0.151240
1939,6OTB,56.58,0.457800,1.00,-962.843,101.797,0.473313,0.255480
1940,6OVJ,61.54,0.540500,1.00,-600.226,47.574,0.486510,0.279350
1941,6PIN,95.83,0.808100,1.00,-1077.939,72.719,0.095130,0.513620
1942,6PIO,95.83,0.764100,1.00,-1061.684,90.057,0.083125,0.431350
1943,6PIP,98.61,0.852700,1.00,-1058.724,99.193,0.084224,0.688480
1945,6POR,32.14,0.468300,1.00,-1323.025,119.967,1.432851,0.199000
1946,6PPC,82.58,0.740200,1.00,-1701.232,138.089,0.229222,0.619080
1947,6PX7,77.94,0.686600,1.00,-1901.912,249.072,0.293081,0.584460
1948,6PX8,85.81,0.692200,1.00,-2685.048,119.300,0.271323,0.741710
1949,6Q1X,27.27,0.388800,1.00,-1367.621,272.140,1.361075,0.190550
1950,6Q5Z,63.79,0.506500,1.00,-1632.898,153.009,0.456197,0.390750
1951,6QAX,71.15,0.677100,1.00,-248.323,60.033,0.300908,0.267300
1952,6QB0,55.77,0.666800,1.00,-243.938,53.773,0.424749,0.194740
1953,6QB1,59.62,0.611300,1.00,-176.819,66.005,0.363176,0.248620
1954,6QES,87.50,0.745300,1.00,-3405.579,200.534,0.153914,0.753710
1955,6QET,73.81,0.648700,1.00,-2528.815,187.929,0.470271,0.600330
1956,6QJB,85.00,0.684300,1.00,-2477.898,182.872,0.200179,0.719120
1957,6QKF,84.72,0.710100,1.00,-997.351,72.176,0.259110,0.498690
1958,6R2X,75.00,0.601400,1.00,-1891.392,35.604,0.347898,0.539570
1959,6R95,63.54,0.651600,1.00,-1710.090,57.006,0.429915,0.333510
1960,6R96,54.17,0.607100,1.00,-1710.090,57.006,0.627107,0.338500
1961,6RRL,93.75,0.678200,1.00,-786.519,38.108,0.190692,0.541030
1962,6RRO,95.45,0.651700,1.00,-596.200,26.910,0.077587,0.468000
1963,6RSF,54.00,0.456500,1.00,-1353.092,71.072,0.416180,0.255250
1964,6RSG,45.00,0.484400,1.00,-1114.907,48.793,0.623056,0.215410
1965,6RSM,75.00,0.521400,1.00,-618.412,20.344,0.280760,0.417940
1966,6RY9,49.04,0.539100,1.00,-1421.238,18.603,0.461506,0.216860
1967,6RYQ,53.75,0.465400,1.00,-1058.581,18.917,0.440085,0.174950
1968,6RZ1,42.71,0.531100,1.00,-1460.408,36.224,0.608434,0.173550
1969,6RZC,58.00,0.544300,1.00,-1417.540,44.281,0.387207,0.239980
1970,6S2D,50.00,0.535500,1.00,-1044.070,63.635,0.494809,0.202490
1971,6SAA,89.29,0.742700,1.00,-1550.440,136.250,0.134299,0.605780
1972,6SAB,65.44,0.516300,1.00,-2169.679,154.995,0.520001,0.456860
1973,6SFT,29.86,0.515900,1.00,-1245.131,272.747,1.360733,0.187630
1974,6SVC,85.00,0.739300,1.00,-2164.151,162.710,0.182213,0.632740
1975,6SVE,88.57,0.715600,1.00,-2164.151,162.710,0.144690,0.718490
1976,6SVH,90.71,0.756900,1.00,-2164.151,162.710,0.123144,0.734220
1977,6SY2,85.20,0.786200,1.00,-3854.388,188.194,0.232807,0.758090
1978,6SZF,24.40,0.306400,1.00,-2070.936,181.978,1.351456,0.255590
1979,6T33,30.68,0.344800,1.00,-2497.690,416.891,0.885350,0.252020
1980,6TVJ,40.00,0.452900,1.00,-338.434,45.274,0.589047,0.380710
1981,6TWG,88.46,0.657500,1.00,-838.750,29.234,0.228733,0.585380
1982,6U24,57.14,0.602700,1.00,-442.818,46.125,0.943052,0.298730
1983,6U6G,49.31,0.393100,1.00,-2388.387,168.089,0.882744,0.320220
1984,6U7Q,51.79,0.606700,1.00,-391.311,54.586,1.055920,0.297240
1985,6U7R,91.07,0.707300,1.00,-707.405,55.175,0.094601,0.377580
1986,6U7S,51.79,0.665900,1.00,-414.818,66.967,1.025670,0.275590
1987,6U7U,50.00,0.563700,1.00,-290.346,66.156,0.970050,0.231090
1988,6U7W,51.79,0.649400,1.00,-444.308,47.735,1.075143,0.306550
1989,6U7X,50.00,0.605000,1.00,-389.212,66.020,1.048687,0.293340
1990,6UCH,66.46,0.624000,1.00,-2317.472,173.803,0.652672,0.539170
1991,6V1N,55.88,0.517000,1.00,-1138.054,41.649,0.352252,0.235650
1992,6V6T,78.57,0.673000,1.00,-2481.336,194.368,0.284727,0.606540
1993,6VE9,46.43,0.446600,1.00,-1418.633,166.214,0.625505,0.251870
1994,6VGT,43.42,0.508200,1.00,-1676.697,154.098,1.043412,0.302320
1995,6VH8,75.69,0.661000,1.00,-3130.753,308.850,0.221295,0.546040
1996,6VLA,80.88,0.673700,1.00,-1082.007,56.565,0.159720,0.343310
1997,6VLJ,53.95,0.469400,1.00,-752.220,109.752,0.709705,0.185350
1998,6VNZ,91.94,0.736100,1.00,-2198.153,124.014,0.106419,0.686490
1999,6VPN,95.74,0.787400,1.00,-3410.989,199.527,0.079430,0.890550
2000,6VXG,25.00,0.329100,1.00,-1490.819,202.934,0.846807,0.260570
2001,6VY8,55.36,0.627500,1.00,-442.818,46.125,0.913854,0.257110
2002,6WQJ,75.00,0.622500,1.00,-2949.507,93.849,0.257262,0.545370
2003,6WQL,78.57,0.646600,1.00,-3839.862,153.827,0.322238,0.693340
2004,6X7I,81.25,0.686600,1.00,-2095.101,41.385,0.476851,0.654100
2005,6XCR,57.22,0.720400,1.00,-3037.830,172.014,0.882565,0.530250
2006,6XCU,70.00,0.702000,1.00,-2990.895,157.720,0.771803,0.608750
2007,6XN9,26.79,0.433200,1.00,-2360.829,406.088,1.043865,0.209000
2008,6XTH,48.61,0.454600,1.00,-880.939,72.722,0.517072,0.191180
2009,6XTI,30.88,0.369700,1.00,-566.510,83.921,0.970604,0.153670
2010,6XYH,89.38,0.716400,1.00,-2543.511,276.582,0.152755,0.766010
2011,6XYI,83.93,0.659800,1.00,-2479.346,243.395,0.186841,0.718610
2012,6Y1Q,44.64,0.400000,1.00,-957.981,27.560,0.722061,0.264840
2013,6YHF,73.33,0.681700,1.00,-1956.380,50.024,0.237445,0.468570
2014,6YHI,65.00,0.726500,1.00,-2328.979,43.722,0.396056,0.458510
2015,6YHO,65.00,0.740400,1.00,-2145.764,47.286,0.358143,0.468320
2016,6YHP,64.17,0.735000,1.00,-2061.309,38.499,0.383859,0.482260
2017,6YHX,79.17,0.732100,1.00,-1912.641,53.717,0.207091,0.501280
2018,6YJL,44.70,0.476900,1.00,-1798.631,138.044,0.618526,0.227820
2019,6YSE,94.02,0.750700,1.00,-4265.732,107.602,0.090416,0.858110
2020,6Z0G,47.45,0.576800,1.00,-3106.150,260.313,1.025858,0.422160
2021,6Z0H,64.29,0.707300,1.00,-3092.943,138.658,0.520144,0.574050
2022,6Z0I,52.04,0.586700,1.00,-3106.150,260.313,1.182362,0.496890
2023,7ALD,92.50,0.678000,1.00,-1142.083,112.772,0.099944,0.438090
2024,7ASY,57.58,0.635700,1.00,-2552.487,90.960,0.447229,0.461980
2025,7AT7,68.18,0.689100,1.00,-2486.419,101.353,0.554744,0.550670
2026,7ATB,68.18,0.658900,1.00,-2841.394,90.261,0.504908,0.581710
2027,7AY8,81.41,0.705500,1.00,-2253.625,193.965,0.245341,0.670150
2028,7B2F,57.26,0.593900,1.00,-2018.872,94.336,0.495927,0.440110
2029,7BW5,41.18,0.499400,1.00,-531.258,90.112,0.851685,0.126790
2030,7BWI,36.31,0.372800,1.00,-2914.378,209.911,0.904612,0.420530
2031,7BX2,87.50,0.691700,1.00,-743.265,23.398,0.108918,0.506760
2032,7BZ7,38.33,0.521200,1.00,-626.529,85.689,0.951175,0.219640
2033,7BZ8,45.00,0.409700,1.00,-1011.785,30.112,0.698990,0.062740
2034,7BZ9,35.00,0.520400,1.00,-648.254,74.636,0.929002,0.203060
2035,7BZA,41.67,0.424400,1.00,-895.181,34.917,0.696488,0.133830
2036,7CCN,80.88,0.687700,1.00,-610.083,118.179,0.184607,0.297790
2037,7CCO,86.76,0.734500,1.00,-610.083,118.179,0.148769,0.402090
2038,7CK5,72.32,0.683000,1.00,-1831.578,84.168,0.284517,0.531260
2039,7CKD,34.62,0.313700,1.00,-2745.632,330.764,0.830917,0.272110
2040,7CKE,60.26,0.516000,1.00,-2745.632,330.764,0.496640,0.437920
2041,7CSS,50.00,0.507800,1.00,-476.227,61.775,0.461610,0.150410
2042,7CU6,41.67,0.392900,1.00,-906.281,56.543,0.680775,0.126500
2043,7D13,69.87,0.699500,1.00,-2401.790,90.080,0.490366,0.614540
2044,7D16,45.51,0.544300,1.00,-2401.790,90.080,0.898530,0.406810
2045,7D37,57.69,0.512300,1.00,-476.227,61.775,0.408061,0.209470
2046,7DEH,76.61,0.637300,1.00,-1723.756,96.709,0.223870,0.465580
2047,7EDK,52.63,0.480300,1.00,-871.672,140.586,0.490055,0.204450
2048,7EES,31.25,0.472800,1.00,-685.806,113.429,1.306753,0.098320
2049,7ELY,46.15,0.485100,1.00,-1425.427,247.535,0.557291,0.201740
2050,7F32,73.61,0.670500,1.00,-1021.249,105.692,0.241604,0.227920
2051,7JIA,76.04,0.626700,1.00,-1206.670,97.336,0.235241,0.370830
2052,7JIY,93.75,0.746800,1.00,-1462.201,152.494,0.104377,0.555420
2053,7JNN,90.22,0.696900,1.00,-3810.148,180.195,0.144446,0.818670
2054,7JPM,75.00,0.658100,1.00,-2577.807,213.895,0.392736,0.616090
2055,7JS6,33.33,0.523000,1.00,-477.900,85.851,0.996962,0.142500
2056,7K1M,97.92,0.738300,1.00,-659.431,44.177,0.064545,0.517990
2057,7K7X,79.31,0.661900,1.00,-1917.921,166.044,0.267019,0.505160
2058,7KNN,70.31,0.607000,1.00,-910.069,55.089,0.346614,0.276250
2059,7KPD,77.59,0.635400,1.00,-2225.330,175.161,0.444824,0.532290
2060,7L53,44.64,0.364000,1.00,-1894.842,206.627,0.588910,0.194830
2061,7L54,40.18,0.356800,1.00,-1894.842,206.627,0.614131,0.205590
2062,7L55,38.39,0.307900,1.00,-1894.842,206.627,0.714669,0.202530
2063,7L7A,55.36,0.484700,1.00,-669.728,68.700,0.475767,0.277680
2064,7L83,51.35,0.684700,1.00,-2793.959,74.426,1.259607,0.451590
2065,7LCW,43.33,0.473800,1.00,-421.054,123.223,0.814222,0.213460
2066,7LGL,50.00,0.437900,1.00,-3024.586,262.249,0.893535,0.408690
2067,7LGV,60.42,0.603900,1.00,-3112.079,332.846,0.594624,0.497460
2068,7LHC,88.79,0.734400,1.00,-1818.309,232.778,0.225405,0.659370
2069,7LI2,43.18,0.466700,1.00,-893.547,141.628,0.902908,0.171330
2070,7LIF,48.86,0.499800,1.00,-893.547,141.628,0.803905,0.173010
2071,7LP4,68.09,0.539200,1.00,-3205.328,281.848,0.504756,0.554410
2072,7LQR,79.76,0.687400,1.00,-1251.839,95.448,0.224748,0.357710
2073,7LQS,75.00,0.543600,1.00,-835.939,58.111,0.331318,0.322680
2074,7LRW,64.29,0.516000,1.00,-1562.718,79.035,0.464681,0.312250
2075,7LSO,91.67,0.731500,1.00,-1187.152,34.959,0.087123,0.589380
2076,7LSP,86.11,0.704300,1.00,-1187.152,34.959,0.117755,0.487970
2077,7LT7,27.14,0.326900,1.00,-1675.404,264.175,1.507559,0.161480
2078,7LVE,71.28,0.607500,1.00,-3874.218,132.621,0.332377,0.545210
2079,7LVG,53.33,0.520700,1.00,-3433.317,114.733,0.643087,0.453440
2080,7LX4,71.95,0.583400,1.00,-2821.147,366.412,0.552007,0.577880
2081,7LZL,89.86,0.722400,1.00,-2398.408,146.852,0.161197,0.749610
2082,7M1D,51.56,0.457000,1.00,-3019.419,268.859,0.724346,0.434460
2083,7M1E,60.71,0.481800,1.00,-1747.837,88.421,0.639629,0.404980
2084,7M3U,35.19,0.316000,1.00,-1630.466,222.073,0.670098,0.174870
2085,7MJ3,28.41,0.411900,1.00,-2846.754,412.308,0.980992,0.253800
2086,7MY8,40.48,0.536400,1.00,-3014.489,120.486,1.132733,0.327490
2087,7N0T,75.00,0.643400,1.00,-759.259,54.704,0.204149,0.263370
2088,7N21,69.12,0.535700,1.00,-666.141,101.610,0.280698,0.276990
2089,7N23,76.47,0.584200,1.00,-666.141,101.610,0.259924,0.288630
2090,7N25,82.81,0.646800,1.00,-759.259,54.704,0.187476,0.268240
2091,7NIP,53.66,0.661300,1.00,-3134.175,110.460,0.899260,0.437710
2092,7NS1,84.68,0.785900,1.00,-2827.399,48.551,0.196170,0.687700
2093,7OB2,62.50,0.530000,1.00,-438.028,55.586,0.270042,0.441610
2094,7OD2,85.29,0.666600,1.00,-2359.332,179.022,0.139482,0.655930
2095,7OFM,76.67,0.706000,1.00,-1923.382,78.173,0.383098,0.532520
2096,7OFO,78.33,0.705500,1.00,-1923.382,78.173,0.276819,0.632440
2097,7OSC,70.83,0.699600,1.00,-1507.770,109.215,0.266264,0.313440
2099,7P3M,96.15,0.783700,1.00,-712.263,25.798,0.065654,0.647040
2100,7P4X,82.26,0.692800,1.00,-1908.491,55.936,0.209181,0.563600
2101,7P55,71.59,0.637000,1.00,-1837.248,34.945,0.234379,0.313150
2102,7P5G,33.00,0.526600,1.00,-871.559,165.769,0.616332,0.192100
2103,7P5Q,37.00,0.517200,1.00,-1075.442,136.662,0.888432,0.164560
2104,7P5S,38.00,0.558500,1.00,-1073.510,162.224,0.778078,0.221780
2105,7PH8,88.71,0.753200,1.00,-2498.187,81.931,0.155452,0.666240
2106,7PHT,83.33,0.735100,1.00,-2564.832,54.662,0.182328,0.546140
2107,7PL4,68.55,0.685300,1.00,-1996.130,74.974,0.365053,0.506580
2108,7PVB,61.41,0.522700,1.00,-3178.567,209.916,0.383698,0.454540
2109,7PVM,58.87,0.568300,1.00,-1226.665,148.849,0.719656,0.439070
2110,7QAL,43.57,0.720500,1.00,-1888.421,70.615,1.105850,0.358400
2111,7QAM,47.86,0.553900,1.00,-2009.279,111.494,0.720938,0.371490
2112,7QAO,48.57,0.684200,1.00,-1839.375,90.879,0.470009,0.344810
2113,7QAP,46.43,0.674600,1.00,-2012.550,131.509,0.640706,0.415130
2114,7QLF,61.76,0.427000,1.00,-719.001,51.209,0.387567,0.209350
2115,7QXJ,80.36,0.615100,1.00,-1773.435,82.344,0.212228,0.514530
2116,7RC7,70.31,0.532900,1.00,-2005.133,178.914,0.258479,0.532860
2117,7RC8,73.44,0.531000,1.00,-2005.133,178.914,0.266223,0.564000
2118,7RFA,80.17,0.657800,1.00,-1789.381,186.104,0.237482,0.540920
2119,7RN3,95.00,0.823200,1.00,-1999.163,167.145,0.088208,0.744740
2120,7S55,94.35,0.804000,1.00,-2203.894,168.151,0.090406,0.769850
2121,7S7P,91.67,0.792700,1.00,-2965.438,148.192,0.140527,0.811990
2122,7SAG,71.77,0.634100,1.00,-1673.885,132.946,0.391849,0.509820
2123,7SKC,86.03,0.682500,1.00,-2563.205,149.696,0.161101,0.674070
2124,7T6G,57.50,0.499700,1.00,-992.576,58.569,0.420851,0.332450
2125,7T7W,88.64,0.672300,1.00,-642.219,30.103,0.152785,0.487090
2126,7TB9,51.25,0.531500,1.00,-698.817,61.981,0.700910,0.202910
2127,7TH8,59.09,0.485600,1.00,-1994.378,175.599,0.647455,0.370050
2128,7UNX,76.39,0.630600,1.00,-2508.997,347.786,0.507348,0.630660
2129,7UV3,67.19,0.577300,1.00,-3642.162,154.111,0.575986,0.587810
2130,7V5E,51.39,0.430000,1.00,-1211.681,96.439,0.513868,0.155310
2131,7V5F,53.23,0.497500,1.00,-2652.616,159.000,0.507843,0.323070
2132,7VOZ,68.10,0.676900,1.00,-1626.402,72.891,0.337539,0.414190
2133,7VQH,37.50,0.476300,1.00,-570.618,122.187,0.674157,0.118170
2134,7VQI,40.28,0.458700,1.00,-570.618,122.187,0.591005,0.194870
2135,7W8K,47.00,0.480000,1.00,-1306.322,152.378,0.564813,0.233510
2136,7W8O,42.31,0.482000,1.00,-1634.375,178.170,0.619635,0.167070
2137,7W8R,60.58,0.484700,1.00,-1634.375,178.170,0.405061,0.220050
2138,7W8T,52.88,0.465000,1.00,-1281.388,176.160,0.516338,0.228810
2139,7W8Z,57.24,0.565800,1.00,-2475.124,141.471,0.617803,0.418040
2140,7W96,79.63,0.778800,1.00,-1102.837,117.502,0.197538,0.412660
2141,7WE3,34.68,0.451200,1.00,-1585.353,191.336,0.751118,0.300450
2142,7WEI,41.13,0.463100,1.00,-1585.353,191.336,0.692146,0.271130
2143,7Y7L,70.00,0.591800,1.00,-2997.186,244.160,0.299919,0.564560
2144,7YAB,67.61,0.560000,1.00,-3004.701,246.339,0.326476,0.539130
2145,7YFS,57.81,0.558000,1.00,-906.075,20.429,0.582936,0.244810
2146,7YHF,95.14,0.846100,1.00,-2482.373,199.335,0.087362,0.827720
2147,7YHG,96.53,0.879100,1.00,-2482.373,199.335,0.074531,0.854940
2148,7YHH,97.22,0.865900,1.00,-2482.373,199.335,0.071869,0.860410
2149,7YHI,96.53,0.842400,1.00,-2396.487,208.415,0.076524,0.830790
2150,7YRV,44.64,0.502100,1.00,-1928.885,167.543,0.597024,0.195940
2151,7YRW,38.71,0.371100,1.00,-1925.509,250.134,0.661108,0.246000
2152,7YRX,44.35,0.492300,1.00,-1771.126,261.018,0.835405,0.324860
2153,7YSS,71.43,0.571100,1.00,-947.009,25.854,0.438700,0.453340
2154,7YYI,77.59,0.676800,1.00,-2240.481,53.427,0.200081,0.467790
2155,7Z07,70.69,0.641600,1.00,-2185.610,69.611,0.249834,0.615060
2156,7Z08,72.41,0.687100,1.00,-2392.736,69.252,0.322156,0.509410
2157,7Z0B,87.07,0.773500,1.00,-2555.712,54.531,0.136475,0.605730
2159,7ZNF,85.83,0.727000,1.00,-1887.678,132.405,0.207266,0.592090
2160,7ZRF,41.67,0.444800,1.00,-989.241,45.361,0.892182,0.114450
2161,7ZRO,25.62,0.462000,1.00,-1711.223,221.786,1.449271,0.213360
2162,7ZRU,88.39,0.677000,1.00,-1728.464,120.028,0.215386,0.634400
2163,7ZWJ,36.76,0.566100,1.00,-429.310,90.523,0.895694,0.112720
2164,7ZZV,25.00,0.409800,1.00,-2036.925,210.975,0.962294,0.313680
2165,8A6I,30.36,0.411500,1.00,-2069.139,134.385,1.665880,0.240110
2166,8AHK,76.83,0.686400,1.00,-3107.984,239.590,0.222089,0.628360
2167,8B1L,79.17,0.651000,1.00,-1466.928,46.423,0.190858,0.442510
2168,8B1X,60.00,0.639700,1.00,-1198.312,73.599,0.787692,0.453910
2169,8B4R,83.75,0.670200,1.00,-1142.083,112.772,0.160932,0.333850
2170,8B6X,78.00,0.650500,1.00,-1873.040,42.861,0.263906,0.413560
2171,8B6Y,84.00,0.723800,1.00,-1873.040,42.861,0.162835,0.470110
2172,8B9Q,27.50,0.371800,1.00,-1714.470,220.749,1.429937,0.205440
2173,8B9R,29.38,0.426000,1.00,-1714.470,220.749,1.243551,0.220660
2174,8BOO,27.17,0.498400,1.00,-673.154,180.159,1.106940,0.183080
2175,8BVC,72.02,0.579500,1.00,-2936.263,204.871,0.285400,0.673920
2176,8BVZ,47.37,0.600300,1.00,-553.919,103.559,1.315822,0.158290
2177,8BWW,63.89,0.539100,1.00,-1420.389,54.366,0.441970,0.293670
2178,8CIQ,87.14,0.713400,1.00,-2485.907,164.150,0.162504,0.708540
2183,8CJT,85.71,0.703900,1.00,-2205.919,173.530,0.188681,0.644920
2184,8CM3,90.22,0.682700,1.00,-1442.149,121.389,0.217999,0.463400
2185,8DFZ,62.21,0.515300,1.00,-3597.139,211.077,0.446537,0.515080
2186,8DYM,33.62,0.470100,1.00,-837.261,234.100,1.860514,0.206570
2187,8DYN,38.54,0.546900,1.00,-1006.402,152.298,1.177479,0.142450
2188,8EB1,65.62,0.510600,1.00,-1612.646,35.322,0.629129,0.360460
2189,8EF4,42.50,0.565300,1.00,-386.675,118.052,0.677214,0.136710
2190,8F04,55.26,0.603700,1.00,-773.329,109.141,0.543365,0.237150
2191,8FD4,81.62,0.618000,1.00,-2267.356,154.855,0.221675,0.613800
2192,8FEY,83.33,0.655300,1.00,-2330.796,173.970,0.198931,0.631970
2193,8G21,56.25,0.526300,1.00,-1409.807,200.091,0.612608,0.408010
2194,8GUC,36.11,0.465700,1.00,-1913.798,290.809,0.949263,0.236180
2195,8GVN,85.71,0.630500,1.00,-947.009,25.854,0.214167,0.397570
2196,8H0G,65.32,0.700100,1.00,-2086.946,79.390,0.318925,0.558670
2197,8H0U,85.48,0.724200,1.00,-2086.946,79.390,0.180118,0.606060
2198,8HJC,94.70,0.814100,1.00,-2770.238,171.506,0.087321,0.795120
2199,8HJD,97.73,0.831900,1.00,-2770.238,171.506,0.068174,0.845940
2200,8HR3,53.85,0.509600,1.00,-433.241,57.422,0.467294,0.302380
2201,8HR4,57.69,0.535900,1.00,-551.850,39.807,0.441852,0.265090
2202,8HVS,50.00,0.449400,1.00,-253.906,48.918,0.369531,0.347040
2203,8HZW,56.25,0.586300,1.00,-1021.824,33.051,0.613855,0.257240
2204,8IKQ,85.71,0.614300,1.00,-645.839,47.956,0.262645,0.420710
2205,8IL1,80.36,0.533300,1.00,-645.839,47.956,0.301250,0.176760
2206,8IL2,75.00,0.633200,1.00,-657.258,78.346,0.322868,0.350910
2207,8IL6,85.00,0.647700,1.00,-657.258,78.346,0.247685,0.482260
2208,8JB4,27.08,0.363200,1.00,-1365.556,149.629,0.922029,0.157790
2209,8K3M,33.82,0.520100,1.00,-515.898,97.375,0.909456,0.188080
2210,8K3N,42.65,0.535500,1.00,-515.898,97.375,1.038770,0.177020
2211,8OR5,69.17,0.647900,1.00,-1762.467,54.375,0.258271,0.374990
2212,8ORY,81.67,0.711600,1.00,-2217.123,60.119,0.147873,0.618920
2213,8ORZ,70.00,0.669200,1.00,-1581.968,41.294,0.331758,0.388610
2214,8OS0,75.00,0.772400,1.00,-1966.781,61.879,0.225193,0.479920
2216,8PWT,44.85,0.473800,1.00,-2735.737,89.197,0.769806,0.282030
2221,8QNT,34.18,0.629600,1.00,-3479.506,188.592,1.748474,0.264920
2222,8QTQ,71.32,0.627300,1.00,-2400.985,173.974,0.326759,0.503080
2223,8R89,45.83,0.382500,1.00,-838.531,57.730,0.582600,0.103960
2224,8RHS,48.96,0.468900,1.00,-3112.649,197.967,0.632503,0.423680
2225,8RPQ,68.06,0.773200,1.00,-2753.994,63.852,0.293187,0.516340
2226,8RQ6,68.55,0.711500,1.00,-2451.595,65.123,0.340903,0.476770
2227,8S9Y,34.62,0.459400,1.00,-1404.240,322.811,1.036841,0.217040
2228,8SED,77.03,0.625500,1.00,-2316.516,188.861,0.221671,0.597430
2229,8SEM,81.41,0.623500,1.00,-1929.495,216.645,0.384291,0.697140
2230,8SVB,30.83,0.487100,1.00,-1369.695,129.594,1.577708,0.206490
2231,8T01,88.46,0.722400,1.00,-785.925,22.089,0.116926,0.442000
2232,8T61,46.88,0.528300,1.00,-583.646,99.603,0.911841,0.154090
2233,8T62,57.81,0.465300,1.00,-465.356,65.667,0.703267,0.274290
2234,8T63,40.62,0.299700,1.00,-820.355,85.320,0.555780,0.089120
2235,8TFV,78.57,0.721600,1.00,-955.200,92.094,0.351534,0.432650
2236,8TV4,40.38,0.413400,1.00,-1114.975,21.932,0.561168,0.267780
2237,8TXS,48.44,0.514500,1.00,-494.481,91.627,1.009007,0.190920
2238,8TYI,85.34,0.753700,1.00,-1794.145,143.454,0.171361,0.598670
2239,8UKC,35.00,0.396300,1.00,-658.693,68.805,0.839216,0.225420
2240,8ULM,76.52,0.613300,1.00,-1994.378,175.599,0.267670,0.484310
2241,8UM1,56.55,0.629500,1.00,-3207.176,124.675,0.569097,0.455740
2242,8UM2,66.67,0.626500,1.00,-3207.176,124.675,0.586328,0.546410
2243,8UNG,82.93,0.648600,1.00,-3097.951,167.796,0.213242,0.685460
2244,8UWF,82.69,0.685300,1.00,-2420.929,212.578,0.262518,0.678120
2245,8UXR,38.04,0.412200,1.00,-1523.592,75.109,0.670520,0.165040
2246,8V2M,82.14,0.652900,1.00,-1788.694,143.160,0.206680,0.562150
2247,8V2V,27.44,0.394600,1.00,-2541.458,398.363,1.068897,0.229310
2248,8VU6,89.13,0.764200,1.00,-2999.391,223.029,0.207204,0.806890
2249,8VU7,93.33,0.775300,1.00,-3055.672,219.870,0.124407,0.836650
2250,8VU8,83.72,0.686000,1.00,-2687.476,270.001,0.165958,0.718320
2251,8VYC,50.00,0.434000,1.00,-911.598,132.576,0.630205,0.120130
2252,8W0Q,75.00,0.627500,1.00,-1125.248,93.146,0.338446,0.333060
2253,8W16,55.00,0.450200,1.00,-769.790,55.915,0.421202,0.171530
2254,8W17,60.00,0.451700,1.00,-736.003,72.951,0.417420,0.146810
2255,8W2V,33.97,0.394400,1.00,-1710.137,282.282,1.110341,0.305110
2256,8WGI,62.00,0.535900,1.00,-1453.273,151.561,0.527272,0.294840
2257,8WGJ,69.79,0.576500,1.00,-1342.967,118.706,0.252117,0.208460
2258,8WW0,39.84,0.329100,1.00,-1692.026,319.144,0.808488,0.203970
2259,8WW1,60.83,0.533200,1.00,-2332.358,126.184,0.529158,0.363390
2260,8X3N,67.19,0.527600,1.00,-786.145,80.483,0.339977,0.189520
2261,8X40,76.56,0.571600,1.00,-786.145,80.483,0.267904,0.266140
2262,8XTH,68.33,0.567000,1.00,-746.596,56.941,0.333135,0.262580
2263,8XTN,31.82,0.424300,1.00,-933.089,195.220,1.191162,0.217150
2264,8XTO,42.86,0.563200,1.00,-670.423,65.568,0.668476,0.172370
2265,8Y3S,61.36,0.543100,1.00,-309.232,41.602,0.400466,0.266660
2266,8YD6,27.50,0.359800,1.00,-1960.075,210.821,0.843511,0.203030
2267,8ZG2,50.00,0.496300,1.00,-213.789,48.304,0.590897,0.250890
2268,8ZG3,52.27,0.562100,1.00,-166.419,39.331,0.665979,0.307020
2269,8ZG4,59.09,0.560600,1.00,-236.235,39.608,0.578372,0.262950
2270,8ZP3,34.85,0.393900,1.00,-1031.108,260.510,1.294736,0.173320
2271,8ZUG,44.57,0.576700,1.00,-394.207,130.296,0.613565,0.167970
2272,9AZI,94.44,0.775100,1.00,-1688.201,108.444,0.140927,0.757210
2273,9BET,54.17,0.641400,1.00,-2461.931,151.386,0.653421,0.507580
2274,9BF4,67.74,0.566100,1.00,-2586.372,119.777,0.369957,0.416010
2275,9BHN,43.18,0.421000,1.00,-462.179,40.759,0.470987,0.319460
2276,9BV0,82.41,0.662300,1.00,-2101.538,152.986,0.145918,0.464770
2277,9BV4,74.31,0.636100,1.00,-3130.753,308.850,0.186411,0.532330
2278,9BVS,38.46,0.427700,1.00,-1132.011,27.724,0.508178,0.268940
2279,9BVU,46.67,0.431800,1.00,-1381.401,22.327,0.663236,0.241890
2280,9BVV,48.08,0.425800,1.00,-1109.942,32.877,0.492536,0.198830
2281,9CRB,69.64,0.550900,1.00,-1468.754,253.073,0.286624,0.428950
2282,9F1E,61.61,0.644200,1.00,-1248.062,143.567,0.563075,0.454320
2283,9F1F,73.72,0.687400,1.00,-2102.377,156.322,0.448720,0.613450
2284,9F1G,76.02,0.710200,1.00,-2860.371,144.321,0.359026,0.662360
2285,9FJN,88.89,0.767800,1.00,-1301.244,17.461,0.106244,0.488260
2286,9FJW,50.00,0.551900,1.00,-1825.501,237.112,1.118336,0.439140
2287,9G0M,90.00,0.782100,1.00,-1588.103,83.077,0.121496,0.595080
2288,9G0N,87.00,0.755900,1.00,-1588.103,83.077,0.170391,0.542090
2289,9G20,93.00,0.781600,1.00,-1588.103,83.077,0.155025,0.660910
2290,9G21,71.00,0.584300,1.00,-1588.103,83.077,0.293520,0.330010
2291,9G22,85.00,0.716900,1.00,-1486.127,111.263,0.163503,0.503400
2292,9G2N,86.00,0.730300,1.00,-1486.127,111.263,0.180497,0.475580
2293,9G2O,84.00,0.746400,1.00,-1486.127,111.263,0.176167,0.484610
2294,9G31,77.00,0.660700,1.00,-1486.127,111.263,0.196028,0.378460
2295,9G32,81.00,0.692400,1.00,-1486.127,111.263,0.210327,0.435460
2296,9G5P,85.00,0.738600,1.00,-1588.103,83.077,0.150522,0.461590
2297,9GDL,76.00,0.618900,1.00,-1568.859,81.540,0.258338,0.442860
2298,9GDN,77.00,0.673600,1.00,-1568.859,81.540,0.195915,0.489900
2299,9GDT,80.00,0.670000,1.00,-1568.859,81.540,0.225228,0.463550
2300,9GDU,77.00,0.667000,1.00,-1568.859,81.540,0.252850,0.503930
2301,9GE1,74.00,0.678200,1.00,-1568.859,81.540,0.251300,0.403730
2302,9GE9,82.00,0.694700,1.00,-1553.212,82.651,0.251861,0.437050
2303,9GEB,86.00,0.708300,1.00,-1553.212,82.651,0.137923,0.554410
2304,9GEC,82.00,0.735900,1.00,-1553.212,82.651,0.183569,0.492820
2305,9IKO,75.00,0.562300,1.00,-687.810,103.510,0.259774,0.302840
2306,9ILX,76.56,0.548400,1.00,-687.810,103.510,0.253303,0.319900
2307,9J5F,53.91,0.541100,1.00,-2235.673,159.744,0.526302,0.302380
2308,9J5H,77.86,0.680800,1.00,-2731.506,125.051,0.250608,0.606020
2309,9KAR,35.00,0.445900,1.00,-687.167,71.270,0.925333,0.233870
2310,9KK0,63.00,0.525700,1.00,-1233.714,199.701,0.282366,0.226690
2311,9L1M,43.75,0.484300,1.00,-212.878,45.816,0.592536,0.263290
2312,9NVH,70.71,0.641200,1.00,-1531.754,194.494,0.497946,0.536020
2313,9NWZ,33.75,0.470600,1.00,-680.002,96.135,1.276514,0.085940
2314,9NY3,32.50,0.379100,1.00,-751.152,116.144,1.136422,0.158000
2315,9UV5,57.50,0.508900,1.00,-283.071,66.518,0.408824,0.320950
