serial,pdb_id,gdt_ts,lddt,lddt_coverage,pred_dope,pred_molpdf,rmsd,tm_score,plddt
1,1A11,92.00,0.763200,1.00,-1868.767,42.415,0.146679,0.624360,0.881836
2,1A3P,69.44,0.632400,1.00,-2778.749,289.282,0.490422,0.543640,0.815430
3,1ACW,75.00,0.629400,1.00,-1952.867,136.969,0.194876,0.387760,0.875488
4,1ADX,51.88,0.521000,1.00,-2541.247,197.385,0.584122,0.359450,0.852539
5,1AG7,68.38,0.547500,1.00,-1777.329,198.922,0.325281,0.479060,0.751465
6,1AGG,34.38,0.386400,1.00,-3059.998,345.579,0.929097,0.349910,0.774902
7,1AGT,94.74,0.764600,1.00,-2664.911,196.480,0.089380,0.817060,0.890625
8,1AHL,56.12,0.512200,1.00,-3573.947,238.075,0.434497,0.486310,0.810547
9,1ALE,69.44,0.618800,1.00,-1102.638,83.219,0.308115,0.362560,0.778320
10,1ALF,90.79,0.784400,1.00,-1611.323,45.071,0.143386,0.605610,0.815918
11,1ALG,75.00,0.682100,1.00,-1319.324,58.998,0.511436,0.491300,0.828125
12,1AMB,25.89,0.401900,1.00,-939.645,123.376,0.888311,0.226430,0.645996
13,1AMC,24.11,0.395900,1.00,-939.645,123.376,0.896001,0.197100,0.645996
14,1AML,31.88,0.428800,1.00,-1324.871,271.109,1.366132,0.232300,0.534668
15,1ANP,42.86,0.474200,1.00,-1183.697,246.527,0.729538,0.210330,0.496826
16,1ANS,34.26,0.409400,1.00,-1475.706,272.089,0.798490,0.238870,0.492188
17,1AOO,36.25,0.401700,1.00,-2380.257,229.165,0.706576,0.239050,0.583496
18,1APF,44.90,0.397800,1.00,-3633.523,245.391,0.545792,0.414710,0.807617
19,1APO,83.33,0.730300,1.00,-2275.763,252.671,0.220569,0.692390,0.895996
20,1AQG,81.82,0.587900,1.00,-554.340,27.003,0.328557,0.443190,0.605469
21,1AQQ,36.25,0.411300,1.00,-2380.257,229.165,0.713876,0.249270,0.583496
22,1AQR,37.50,0.405700,1.00,-2380.257,229.165,0.674727,0.239280,0.583496
23,1ARD,83.62,0.723300,1.00,-2110.789,123.315,0.383599,0.663910,0.841309
24,1ARE,87.93,0.733900,1.00,-2146.756,108.611,0.276730,0.721710,0.832031
25,1ARF,93.10,0.754600,1.00,-2241.687,134.474,0.131000,0.746030,0.830078
26,1ATX,61.96,0.519200,1.00,-2972.611,180.377,0.388492,0.486220,0.804199
27,1AV3,52.78,0.483700,1.00,-1400.735,213.822,0.685295,0.313910,0.660156
28,1AW6,77.91,0.683400,1.00,-2611.675,193.345,0.521771,0.675920,0.803711
29,1AXH,85.14,0.712400,1.00,-2229.618,204.583,0.208331,0.673590,0.870605
30,1AZ6,76.39,0.610300,1.00,-2196.169,266.760,0.212332,0.566930,0.927734
31,1AZH,52.78,0.492600,1.00,-2196.169,266.760,0.504556,0.338310,0.927734
32,1AZJ,91.67,0.780000,1.00,-2285.102,207.546,0.098657,0.769380,0.937500
33,1AZK,77.78,0.678500,1.00,-2294.904,209.389,0.211379,0.543810,0.932617
34,1B03,54.17,0.501900,1.00,-820.292,105.560,0.433201,0.221330,0.604004
35,1B1V,88.04,0.689400,1.00,-1102.622,145.738,0.235856,0.445950,0.812012
36,1B4G,37.50,0.471600,1.00,-945.335,258.100,0.587021,0.218710,0.530273
37,1B4I,35.83,0.456600,1.00,-945.335,258.100,0.999497,0.202700,0.530273
38,1B5N,83.70,0.658800,1.00,-1102.622,145.738,0.253805,0.405080,0.812012
39,1B8W,82.74,0.685400,1.00,-2645.229,230.326,0.460159,0.704920,0.825195
40,1B9P,43.38,0.479500,1.00,-1621.047,151.202,0.666028,0.283660,0.688965
41,1B9Q,41.91,0.473100,1.00,-1621.047,151.202,0.617063,0.266170,0.688965
42,1B9U,90.44,0.787600,1.00,-3027.930,76.615,0.138563,0.768450,0.886719
43,1BA4,18.75,0.386200,1.00,-1324.871,271.109,1.345811,0.316240,0.534668
44,1BA6,23.75,0.430700,1.00,-1324.871,271.109,1.313644,0.233570,0.534668
45,1BAH,85.14,0.632600,1.00,-2530.527,212.152,0.157146,0.691150,0.887207
46,1BBA,77.78,0.640500,1.00,-2586.102,163.641,0.281140,0.619780,0.803223
47,1BBG,40.62,0.389200,1.00,-3053.996,196.320,0.768246,0.311090,0.850586
48,1BDS,81.98,0.669200,1.00,-3209.321,241.606,0.169168,0.691480,0.849609
49,1BEI,83.57,0.689300,1.00,-2719.247,176.129,0.196357,0.657050,0.849121
50,1BF9,87.20,0.753700,1.00,-2546.832,212.357,0.210610,0.750320,0.912109
51,1BGK,86.49,0.705000,1.00,-3038.833,161.219,0.124724,0.697730,0.895020
52,1BH4,64.17,0.558900,1.00,-1979.012,216.639,0.412346,0.341320,0.669922
53,1BH7,36.36,0.354700,1.00,-2489.539,176.954,0.646070,0.210640,0.775879
54,1BHI,74.34,0.681900,1.00,-2292.121,172.995,0.459624,0.615960,0.849609
55,1BIG,90.54,0.767700,1.00,-2939.015,150.997,0.096785,0.782440,0.892090
56,1BJB,28.57,0.452400,1.00,-842.233,183.193,1.044595,0.203200,0.650391
57,1BJC,31.25,0.476700,1.00,-987.390,155.235,0.816963,0.212390,0.628418
58,1BL1,49.19,0.590900,1.00,-2455.769,56.955,0.586980,0.303040,0.793945
59,1BM4,56.25,0.446700,1.00,-2447.327,111.403,1.125327,0.428280,0.815430
60,1BMX,58.87,0.624100,1.00,-2101.766,121.899,0.506701,0.401960,0.767578
61,1BNB,80.92,0.673200,1.00,-2788.233,281.412,0.233087,0.693060,0.834961
62,1BOE,80.32,0.669700,1.00,-3187.268,255.020,0.218390,0.689000,0.846680
63,1BQF,68.00,0.574600,1.00,-1237.205,120.613,0.725028,0.353030,0.782715
64,1BRV,52.34,0.549000,1.00,-1896.970,167.974,0.629438,0.303410,0.743164
65,1BWX,53.21,0.610600,1.00,-3151.581,68.638,0.588088,0.486990,0.847168
66,1BY0,81.48,0.622700,1.00,-1593.812,82.559,0.287854,0.530500,0.770020
67,1BY6,50.69,0.475000,1.00,-2596.598,80.583,0.556472,0.327800,0.861328
68,1BZG,58.09,0.583100,1.00,-2490.119,64.826,0.482235,0.399330,0.806152
69,1C2U,38.57,0.435300,1.00,-2414.194,193.616,0.886113,0.258270,0.765625
70,1C49,95.71,0.747200,1.00,-2305.538,235.562,0.104790,0.805600,0.858887
71,1C4B,50.00,0.433300,1.00,-573.116,81.339,0.513603,0.244570,0.603027
72,1C4E,72.86,0.632600,1.00,-1804.176,294.130,0.232951,0.540980,0.782227
73,1C55,80.00,0.642700,1.00,-3130.197,218.135,0.306228,0.644380,0.822754
74,1C56,78.12,0.627400,1.00,-3130.197,218.135,0.302430,0.652940,0.822754
75,1C6W,38.64,0.380100,1.00,-1762.166,146.188,0.675499,0.221720,0.742188
76,1CBH,98.61,0.845900,1.00,-2428.629,179.938,0.057766,0.903860,0.932129
77,1CCF,77.38,0.703100,1.00,-2275.763,252.671,0.177499,0.604040,0.895996
78,1CCM,82.07,0.725500,1.00,-3636.363,172.203,0.255860,0.712690,0.866211
79,1CCN,86.96,0.738700,1.00,-3636.363,172.203,0.199527,0.772100,0.866211
80,1CE4,34.29,0.393500,1.00,-1475.980,189.014,0.657517,0.205090,0.856445
81,1CFG,31.82,0.313200,1.00,-1186.183,147.632,1.115140,0.081120,0.754883
82,1CFH,28.72,0.285400,1.00,-3520.006,259.274,1.147883,0.233900,0.780762
83,1CFI,59.04,0.507700,1.00,-3520.006,259.274,0.348245,0.507690,0.780762
84,1CHL,75.69,0.589100,1.00,-2582.354,169.483,0.230291,0.553090,0.842773
85,1CIX,50.00,0.405400,1.00,-3248.532,269.646,0.790188,0.448260,0.647461
86,1CKW,42.00,0.388400,1.00,-1505.117,145.599,0.906951,0.291090,0.717285
87,1CKX,49.04,0.481900,1.00,-1692.212,133.538,0.686443,0.384320,0.822754
88,1CKY,39.42,0.429000,1.00,-1692.212,133.538,0.609494,0.197190,0.822754
89,1CKZ,40.00,0.352200,1.00,-1505.117,145.599,0.584727,0.160270,0.717285
90,1CMR,83.87,0.664000,1.00,-2206.799,170.000,0.175130,0.578250,0.889160
91,1CO4,65.48,0.626300,1.00,-2757.904,273.146,0.589203,0.501880,0.854492
92,1CQ0,56.25,0.546200,1.00,-1336.560,142.805,0.480791,0.352750,0.691406
93,1CR8,82.74,0.678800,1.00,-2317.088,235.170,0.184795,0.696700,0.883789
94,1CSA,43.18,0.392900,1.00,-382.229,90.852,0.684478,0.237040,0.675293
95,1CTI,90.52,0.728400,1.00,-2052.010,182.756,0.107245,0.664690,0.830566
96,1CW5,36.46,0.388100,1.00,-2207.660,489.139,0.878500,0.289410,0.512695
97,1CW6,43.92,0.534400,1.00,-2049.350,178.190,0.846205,0.339410,0.564453
98,1CWX,23.86,0.381600,1.00,-1557.889,301.952,0.972127,0.183360,0.492188
99,1CXR,62.50,0.525400,1.00,-3607.326,148.659,0.394396,0.501640,0.863770
100,1CYA,52.27,0.461500,1.00,-382.229,90.852,0.389998,0.234930,0.675293
101,1CYB,50.00,0.450300,1.00,-382.229,90.852,0.557264,0.241110,0.675293
102,1CZ6,74.00,0.668400,1.00,-1139.441,128.384,0.292286,0.393420,0.668457
103,1D0R,73.33,0.633800,1.00,-1941.899,84.705,0.341978,0.479580,0.876953
104,1D1H,89.29,0.699600,1.00,-2370.009,197.817,0.169391,0.733480,0.835938
105,1D2J,75.62,0.642200,1.00,-2279.023,258.695,0.285287,0.624300,0.916016
106,1D2L,79.44,0.645500,1.00,-2449.344,289.464,0.278712,0.662280,0.882324
107,1D5Q,99.07,0.836400,1.00,-1834.135,90.407,0.059438,0.831590,0.861816
108,1D6B,71.43,0.598700,1.00,-2786.608,227.781,0.950157,0.619350,0.758301
109,1D6X,59.62,0.478600,1.00,-400.831,132.499,0.325464,0.318440,0.515137
110,1DEC,85.26,0.699300,1.00,-2391.086,249.906,0.187731,0.712450,0.868652
111,1DEP,78.33,0.614600,1.00,-865.765,52.538,0.346127,0.418540,0.630859
112,1DF6,47.50,0.417300,1.00,-1984.416,253.947,0.620814,0.230120,0.517578
113,1DFE,85.14,0.621400,1.00,-2456.821,230.271,0.336150,0.722510,0.800781
114,1DFS,40.32,0.413300,1.00,-2119.573,157.723,0.776242,0.220570,0.755859
115,1DFT,45.83,0.393900,1.00,-1914.243,185.423,0.633923,0.221440,0.675781
116,1DGZ,82.43,0.632700,1.00,-2456.821,230.271,0.319486,0.660450,0.800781
117,1DJF,33.33,0.446000,1.00,-153.421,90.282,0.534051,0.267890,0.686523
118,1DKC,74.34,0.580700,1.00,-2084.747,240.026,0.207306,0.577960,0.865234
119,1DL0,66.89,0.535200,1.00,-2345.651,153.615,0.534515,0.513890,0.692871
120,1DMC,54.03,0.474000,1.00,-1800.052,160.192,0.712079,0.315340,0.712402
121,1DMD,50.81,0.472500,1.00,-1800.052,160.192,0.699698,0.339220,0.712402
122,1DME,47.32,0.440100,1.00,-1717.178,197.506,0.793731,0.227770,0.568359
123,1DMF,44.64,0.443600,1.00,-1717.178,197.506,0.793124,0.237400,0.568359
124,1DN3,30.00,0.403400,1.00,-153.421,90.282,0.556748,0.108800,0.686523
125,1DNG,66.67,0.553200,1.00,-422.393,57.185,0.398346,0.393080,0.723145
126,1DPK,46.25,0.421000,1.00,-393.198,133.830,0.428076,0.193220,0.700195
127,1DPQ,37.50,0.381000,1.00,-302.804,201.806,0.614418,0.085010,0.652344
128,1DSK,44.64,0.465600,1.00,-1924.650,144.033,0.653577,0.297780,0.646484
129,1DSQ,82.14,0.621000,1.00,-974.941,167.130,0.232635,0.325730,0.828125
130,1DSV,76.61,0.685800,1.00,-1362.561,156.411,0.210005,0.494350,0.863770
131,1DTC,88.46,0.763900,1.00,-1830.681,43.117,0.299538,0.732540,0.888184
132,1DU1,63.75,0.534600,1.00,-1215.139,47.197,0.487232,0.274980,0.783691
133,1DU9,83.04,0.649400,1.00,-1622.209,134.476,0.176126,0.511670,0.875000
134,1DV0,84.57,0.713800,1.00,-4857.292,166.497,0.291589,0.774140,0.895508
135,1DVW,48.61,0.569600,1.00,-700.738,69.938,0.740440,0.184590,0.698242
136,1DX7,59.90,0.593100,1.00,-3852.840,174.403,0.499005,0.527820,0.750000
137,1E0G,78.65,0.647100,1.00,-4121.309,179.032,0.200085,0.693670,0.898438
138,1E0L,85.81,0.767100,1.00,-2355.711,207.228,0.287104,0.718370,0.818359
139,1E0M,87.16,0.733900,1.00,-2363.984,182.722,0.227872,0.717400,0.875000
140,1E0N,86.11,0.692800,1.00,-1816.026,145.854,0.159457,0.530700,0.805176
141,1E0Q,48.53,0.558000,1.00,-650.463,70.611,0.727455,0.148820,0.660156
142,1E4Q,80.41,0.690200,1.00,-2537.472,213.392,0.188714,0.644370,0.879883
143,1E4R,65.71,0.548900,1.00,-2339.530,155.851,0.318063,0.437410,0.763672
144,1E4S,80.56,0.613500,1.00,-2600.155,120.925,0.226335,0.637950,0.892090
145,1E4T,73.65,0.606200,1.00,-2454.489,191.075,0.393517,0.548020,0.826172
146,1E8P,81.52,0.691000,1.00,-3200.178,315.168,0.402829,0.714660,0.814453
147,1E8Q,79.35,0.688600,1.00,-3200.178,315.168,0.451348,0.703690,0.814453
148,1E9K,43.42,0.555700,1.00,-2043.034,216.584,0.670923,0.303900,0.703125
149,1ED0,91.85,0.748800,1.00,-3356.391,170.212,0.115993,0.835420,0.844727
150,1ED7,87.78,0.695700,1.00,-3970.493,232.281,0.140986,0.771860,0.918457
151,1EDP,86.76,0.674600,1.00,-1144.367,69.456,0.190305,0.394830,0.671875
152,1EDS,39.52,0.439600,1.00,-1916.228,136.614,0.582526,0.270210,0.761230
153,1EDV,35.29,0.422500,1.00,-1607.099,208.709,0.735832,0.223880,0.770020
154,1EDW,48.08,0.454100,1.00,-2137.327,99.506,0.501317,0.228070,0.812012
155,1EDX,29.38,0.387900,1.00,-2366.768,225.535,0.963036,0.285150,0.665039
156,1EGT,85.29,0.678800,1.00,-761.605,94.568,0.172395,0.362060,0.803223
157,1EHS,55.21,0.542000,1.00,-3742.310,119.903,0.531314,0.451950,0.844238
158,1EI0,94.74,0.816500,1.00,-3075.829,156.788,0.132088,0.832410,0.881836
159,1EMX,70.00,0.516200,1.00,-1819.913,178.624,0.333625,0.389220,0.770508
160,1EMZ,76.19,0.592200,1.00,-1433.348,52.929,0.356854,0.414620,0.857422
161,1EQX,70.83,0.627200,1.00,-750.584,69.336,0.388459,0.418910,0.770508
162,1ERC,58.12,0.456900,1.00,-3053.945,273.434,0.664190,0.504050,0.806641
163,1ERD,35.62,0.369400,1.00,-2796.390,210.375,0.744610,0.295390,0.776367
164,1ERP,97.37,0.811300,1.00,-3021.659,187.731,0.071439,0.868680,0.919922
165,1ERY,52.56,0.460900,1.00,-2573.077,307.971,0.541482,0.393150,0.429443
166,1ESK,69.64,0.656600,1.00,-1877.314,173.044,0.285414,0.496390,0.846191
167,1EWS,64.06,0.508400,1.00,-1866.422,234.782,0.373497,0.499790,0.739258
168,1EYO,71.67,0.585800,1.00,-1889.144,199.729,0.250089,0.454880,0.663574
169,1EZE,55.26,0.622900,1.00,-2396.498,138.337,0.526366,0.465280,0.773926
170,1F3K,49.04,0.462700,1.00,-1661.422,182.093,0.602730,0.273710,0.538086
171,1F4I,88.33,0.691800,1.00,-4514.805,180.314,0.276856,0.778910,0.904785
172,1F7E,79.35,0.744400,1.00,-2652.632,262.460,0.351538,0.697630,0.883301
173,1F7M,78.80,0.733000,1.00,-2652.632,262.460,0.275282,0.679020,0.883301
174,1F8Z,85.90,0.715400,1.00,-2259.079,247.070,0.223797,0.707380,0.912598
175,1FAC,36.90,0.349800,1.00,-1014.634,114.701,0.835308,0.165400,0.749023
176,1FCT,28.12,0.375300,1.00,-1144.123,216.471,0.693152,0.207300,0.573730
177,1FDF,51.00,0.560900,1.00,-1590.848,89.109,0.413877,0.258440,0.700195
178,1FEO,78.85,0.616600,1.00,-1119.086,188.737,0.183888,0.400840,0.598145
179,1FF7,72.83,0.680700,1.00,-2652.632,262.460,0.372242,0.601790,0.883301
180,1FFM,83.70,0.751000,1.00,-2652.632,262.460,0.213890,0.726840,0.883301
181,1FGD,79.17,0.644300,1.00,-884.352,85.109,0.219905,0.242140,0.785156
182,1FGE,67.50,0.500700,1.00,-849.832,127.103,0.358933,0.246270,0.804199
183,1FJN,94.87,0.805000,1.00,-2943.826,179.300,0.106105,0.814310,0.827148
184,1FME,72.32,0.594700,1.00,-2007.956,114.682,0.302674,0.462180,0.805176
185,1FMY,41.25,0.414300,1.00,-2380.257,229.165,0.665434,0.252960,0.583496
186,1FQQ,67.68,0.592400,1.00,-2911.766,189.174,0.418711,0.538090,0.902344
187,1FRE,38.10,0.379700,1.00,-3030.028,230.395,0.723236,0.323200,0.872070
188,1FRY,42.24,0.507400,1.00,-1529.892,89.296,0.580540,0.217730,0.707520
189,1FSB,75.00,0.690600,1.00,-2463.389,250.570,0.321652,0.581920,0.852051
190,1FSD,77.68,0.628800,1.00,-2055.955,154.511,0.256791,0.442140,0.731445
191,1FSV,77.68,0.642500,1.00,-2055.955,154.511,0.221271,0.473470,0.731445
192,1FU3,50.00,0.399500,1.00,-1706.307,164.911,0.755012,0.379980,0.754395
193,1FU9,79.17,0.656900,1.00,-2655.986,164.151,0.386912,0.638910,0.884277
194,1FUL,52.27,0.484600,1.00,-375.672,87.735,0.485343,0.202180,0.635254
195,1FUV,65.91,0.561700,1.00,-375.672,87.735,0.281974,0.220620,0.635254
196,1FV5,63.89,0.593300,1.00,-2474.209,167.215,0.811319,0.503780,0.840332
197,1FVY,47.58,0.596700,1.00,-2467.128,61.128,0.908250,0.340040,0.851074
198,1FW5,53.75,0.470000,1.00,-1061.179,68.371,0.651987,0.319390,0.695801
199,1FWO,71.43,0.584500,1.00,-2334.769,151.887,0.274344,0.523640,0.854492
200,1FYG,77.00,0.602200,1.00,-1215.410,176.304,0.193258,0.345980,0.680176
201,1G04,32.69,0.303800,1.00,-1989.890,137.963,0.694863,0.179250,0.651367
202,1G26,77.42,0.643900,1.00,-2253.355,177.251,0.280826,0.486370,0.745117
203,1G92,52.00,0.563400,1.00,-1519.166,105.045,0.609503,0.361950,0.668457
204,1G9P,43.89,0.410300,1.00,-2426.410,550.469,0.958109,0.346950,0.622070
205,1GEA,71.43,0.658900,1.00,-1106.520,91.242,0.371067,0.295450,0.645020
206,1GIB,35.23,0.434900,1.00,-667.355,157.040,0.833726,0.094390,0.621582
207,1GK5,67.86,0.592400,1.00,-3363.760,281.023,0.379514,0.561270,0.867676
208,1GM2,56.82,0.494100,1.00,-324.775,60.778,0.300083,0.342150,0.704590
209,1GNA,53.85,0.517000,1.00,-585.299,83.104,0.433281,0.223790,0.612305
210,1GNB,50.00,0.469400,1.00,-585.299,83.104,0.438088,0.220520,0.612305
211,1GNF,78.80,0.644600,1.00,-3177.473,236.960,0.300636,0.631680,0.875977
212,1GP8,73.12,0.622500,1.00,-2684.272,103.624,0.397959,0.583680,0.858887
213,1GPS,88.30,0.735600,1.00,-3037.001,182.182,0.152726,0.780180,0.864746
214,1GPT,87.77,0.708600,1.00,-2929.456,182.391,0.144548,0.795540,0.870117
215,1GUR,75.00,0.600700,1.00,-1804.176,294.130,0.212383,0.555210,0.782227
216,1GW3,54.89,0.637700,1.00,-3141.234,180.417,0.419291,0.424180,0.812012
217,1GW4,51.63,0.600000,1.00,-3141.234,180.417,0.659289,0.409890,0.812012
218,1H20,33.97,0.376000,1.00,-2421.004,368.077,0.875653,0.216520,0.538574
219,1H5O,58.93,0.453600,1.00,-2409.059,317.961,0.413265,0.450460,0.793945
220,1H7D,21.43,0.264400,1.00,-2250.603,465.047,1.866958,0.206770,0.453369
221,1H7J,40.38,0.340000,1.00,-1691.370,122.742,0.733109,0.242500,0.662109
222,1HA9,86.76,0.765500,1.00,-1774.285,229.658,0.369279,0.731410,0.724609
223,1HD6,45.27,0.508200,1.00,-2752.116,248.913,0.677506,0.284410,0.766602
224,1HD9,56.82,0.456400,1.00,-398.708,74.665,0.324512,0.213520,0.668457
225,1HEV,97.67,0.799200,1.00,-3056.043,235.802,0.074981,0.886040,0.890625
226,1HFF,57.50,0.479300,1.00,-358.310,63.970,0.316127,0.227260,0.641602
227,1HJ0,33.54,0.547400,1.00,-2016.260,156.839,1.003438,0.284530,0.801758
228,1HLL,76.56,0.667300,1.00,-2127.708,96.685,0.342984,0.494080,0.813477
229,1HLY,89.10,0.724000,1.00,-3048.603,200.640,0.124924,0.748610,0.908691
230,1HN3,23.75,0.304600,1.00,-2157.894,181.447,1.264065,0.237320,0.736816
231,1HNR,62.23,0.569900,1.00,-3405.504,199.032,0.366419,0.476980,0.853516
232,1HNS,56.38,0.504500,1.00,-3405.504,199.032,0.410466,0.474820,0.853516
233,1HO0,49.17,0.526100,1.00,-1641.806,148.644,0.722590,0.276090,0.759277
234,1HO2,95.00,0.772200,1.00,-1365.321,35.863,0.086274,0.541530,0.811523
235,1HO7,83.75,0.748900,1.00,-1365.321,35.863,0.158150,0.460890,0.811523
236,1HO9,52.34,0.516400,1.00,-2276.170,108.239,0.629762,0.433100,0.795898
237,1HOD,51.56,0.509200,1.00,-2276.170,108.239,0.600128,0.361740,0.795898
238,1HOF,58.59,0.595100,1.00,-2127.708,96.685,0.505134,0.419760,0.813477
239,1HP2,93.92,0.780100,1.00,-2775.065,225.882,0.093818,0.800360,0.855957
240,1HP3,82.81,0.685300,1.00,-1840.004,217.168,0.237633,0.643510,0.718262
241,1HP9,82.95,0.640400,1.00,-1774.118,64.889,0.201084,0.311990,0.852051
242,1HPH,47.30,0.566400,1.00,-2867.795,120.919,0.759809,0.385230,0.783691
243,1HPY,61.76,0.649600,1.00,-2784.946,83.582,0.379075,0.356750,0.813477
244,1HRL,75.00,0.585000,1.00,-1160.102,92.978,0.489558,0.407280,0.804199
245,1HTH,48.53,0.546100,1.00,-2714.979,87.610,0.950665,0.358290,0.832031
246,1HTX,52.34,0.449200,1.00,-1708.549,219.615,0.424180,0.305420,0.582520
247,1HU5,76.39,0.633300,1.00,-829.208,55.758,0.234003,0.327960,0.836914
248,1HU6,56.94,0.448100,1.00,-788.484,65.849,0.503174,0.291800,0.674316
249,1HU7,84.72,0.661500,1.00,-859.181,49.510,0.176544,0.406860,0.757324
250,1HVW,95.00,0.782200,1.00,-1504.721,192.672,0.077559,0.692790,0.879395
251,1HVZ,38.89,0.351800,1.00,-777.909,174.146,0.679558,0.134070,0.550781
252,1HY9,70.73,0.573700,1.00,-2474.458,197.563,0.470059,0.550470,0.815430
253,1HYK,41.30,0.449100,1.00,-3269.966,415.079,0.692147,0.333550,0.594238
254,1HZ3,29.81,0.499700,1.00,-1039.201,158.101,0.915914,0.157810,0.601074
255,1I25,46.62,0.501700,1.00,-1426.745,284.355,1.432758,0.388780,0.644531
256,1I26,47.79,0.450400,1.00,-2179.655,209.180,0.842523,0.310580,0.740234
257,1I2U,75.00,0.616900,1.00,-3526.038,183.171,0.389906,0.613440,0.791016
258,1I2V,73.30,0.623100,1.00,-3288.049,227.191,0.467852,0.599880,0.810059
259,1I6C,69.23,0.592100,1.00,-2309.662,255.904,0.554056,0.553230,0.829102
260,1I8X,83.33,0.723400,1.00,-2127.065,170.533,0.184829,0.590210,0.870117
261,1I8Y,73.21,0.633500,1.00,-1826.029,148.677,0.328758,0.411660,0.764648
262,1IB9,82.35,0.709000,1.00,-1774.285,229.658,0.381352,0.623970,0.724609
263,1IBN,66.25,0.491300,1.00,-991.681,101.490,0.432097,0.207950,0.679199
264,1IBO,63.75,0.485300,1.00,-991.681,101.490,0.532222,0.208440,0.679199
265,1IC9,38.79,0.482000,1.00,-1408.077,183.682,1.308417,0.208610,0.620117
266,1ICA,63.75,0.579600,1.00,-2443.920,206.435,0.529580,0.482230,0.825684
267,1ICL,31.90,0.484800,1.00,-1685.388,149.148,1.182584,0.322490,0.790039
268,1ICO,37.93,0.505400,1.00,-1685.334,157.925,1.277136,0.289630,0.787598
269,1ID6,36.67,0.472500,1.00,-830.754,40.283,0.607744,0.147020,0.692383
270,1ID7,43.33,0.448900,1.00,-830.754,40.283,0.585619,0.203600,0.692383
271,1IE6,37.88,0.381100,1.00,-1707.188,187.639,0.618968,0.223300,0.756348
272,1IFY,79.59,0.669100,1.00,-4698.607,139.562,0.197079,0.720970,0.900879
273,1IIJ,73.57,0.699900,1.00,-2474.774,73.437,0.289171,0.629250,0.875977
274,1IM1,77.08,0.596000,1.00,-566.561,57.591,0.264526,0.348570,0.683594
275,1IRR,77.17,0.651900,1.00,-1048.287,106.397,0.283283,0.410100,0.783691
276,1IVA,39.58,0.430500,1.00,-2830.851,316.867,0.813670,0.368400,0.595215
277,1IWC,21.32,0.342500,1.00,-922.912,254.335,0.965460,0.198100,0.596191
278,1IWF,31.62,0.431200,1.00,-922.912,254.335,0.733467,0.203110,0.596191
279,1IXA,85.90,0.705500,1.00,-2278.536,227.465,0.170697,0.712850,0.887207
280,1IXT,65.74,0.581500,1.00,-1607.388,166.631,0.247410,0.321290,0.646484
281,1IXU,58.33,0.459800,1.00,-403.421,74.614,0.383385,0.201980,0.646484
282,1IYC,43.75,0.509200,1.00,-1781.986,197.956,0.853127,0.334810,0.788086
283,1IYT,18.45,0.337400,1.00,-1685.467,288.452,1.097455,0.212680,0.532227
284,1J4M,42.86,0.380000,1.00,-522.068,97.462,0.570826,0.228780,0.583984
285,1J5J,97.22,0.784500,1.00,-2806.196,177.895,0.076652,0.842760,0.875977
286,1J5L,52.50,0.453000,1.00,-1880.267,157.867,0.691256,0.249960,0.688477
287,1J5M,47.32,0.458500,1.00,-1396.965,210.250,0.805813,0.236970,0.527832
288,1JBL,64.29,0.517300,1.00,-447.394,97.159,0.440622,0.282270,0.659668
289,1JBN,58.93,0.520700,1.00,-447.394,97.159,0.428340,0.326730,0.659668
290,1JDM,66.94,0.611400,1.00,-2864.004,89.247,0.479883,0.458690,0.804688
291,1JI9,38.51,0.403200,1.00,-2272.671,209.164,0.666935,0.260280,0.800293
292,1JJZ,84.48,0.678300,1.00,-1904.704,130.407,0.315962,0.575580,0.877930
293,1JKZ,86.96,0.720600,1.00,-3692.073,273.865,0.135673,0.766800,0.904297
294,1JLZ,88.04,0.702000,1.00,-1202.908,99.756,0.158139,0.432670,0.818359
295,1JMN,84.24,0.709000,1.00,-3264.476,138.849,0.164684,0.731150,0.830078
296,1JMP,82.61,0.700500,1.00,-3167.859,144.852,0.198130,0.715580,0.838379
297,1JN7,68.75,0.611200,1.00,-2580.036,146.085,0.612010,0.570380,0.843262
298,1JO5,43.23,0.610400,1.00,-3852.840,174.403,1.040723,0.413550,0.750000
299,1JO6,33.89,0.405100,1.00,-2438.610,273.655,1.451640,0.299210,0.645020
300,1JRF,52.13,0.466800,1.00,-2377.284,240.377,0.730654,0.435070,0.862793
301,1JRJ,58.33,0.571900,1.00,-2139.686,236.725,1.009597,0.491580,0.737305
302,1JU8,73.65,0.669000,1.00,-2675.924,197.086,0.236722,0.552960,0.822754
303,1JY9,43.75,0.501700,1.00,-400.123,96.109,0.775732,0.179350,0.662598
304,1K0P,31.45,0.374200,1.00,-1688.889,195.300,0.680331,0.205320,0.768066
305,1K18,30.65,0.377500,1.00,-1688.889,195.300,0.665750,0.184960,0.768066
306,1K1V,89.02,0.726100,1.00,-3415.716,108.244,0.122585,0.770680,0.843262
307,1K36,77.72,0.609500,1.00,-3587.498,264.458,0.226596,0.658990,0.864746
308,1K37,75.00,0.622300,1.00,-3587.498,264.458,0.220227,0.641580,0.864746
309,1K43,44.64,0.397900,1.00,-522.068,97.462,0.570018,0.215830,0.583984
310,1K48,82.76,0.681000,1.00,-1904.704,130.407,0.320568,0.541850,0.877930
311,1K7B,73.94,0.667800,1.00,-2380.863,268.228,0.444674,0.625700,0.851562
312,1K81,61.81,0.541700,1.00,-2470.957,147.771,0.360988,0.425370,0.744141
313,1K91,83.11,0.713400,1.00,-1491.945,206.297,0.171240,0.659610,0.888672
314,1KAL,82.76,0.638200,1.00,-1788.314,261.620,0.254409,0.511920,0.798340
315,1KBE,68.88,0.567300,1.00,-3373.084,240.235,0.278503,0.570920,0.885742
316,1KBF,68.88,0.573000,1.00,-3373.084,240.235,0.286575,0.577580,0.885742
317,1KDL,71.74,0.655700,1.00,-1766.664,40.027,0.323215,0.386800,0.838379
318,1KGM,80.00,0.681500,1.00,-1811.114,204.218,0.216702,0.610520,0.895996
319,1KIO,74.29,0.647200,1.00,-1825.093,173.809,0.400744,0.548720,0.891113
320,1KJ0,75.71,0.646600,1.00,-1810.151,301.918,0.225922,0.537440,0.893066
321,1KJ5,79.86,0.670700,1.00,-2600.155,120.925,0.190542,0.599800,0.892090
322,1KJ6,69.44,0.570800,1.00,-2911.433,183.869,0.618976,0.558930,0.860352
323,1KLR,91.67,0.741700,1.00,-1966.511,143.850,0.172526,0.698280,0.841797
324,1KLS,89.17,0.737500,1.00,-1816.479,135.784,0.220883,0.701490,0.842773
325,1KMR,76.67,0.651200,1.00,-915.517,62.579,0.383475,0.410230,0.831543
326,1KOZ,75.69,0.612800,1.00,-2574.986,218.899,0.234344,0.565060,0.846680
327,1KQH,80.26,0.648400,1.00,-2828.759,215.628,0.262759,0.649490,0.836914
328,1KQI,76.97,0.634200,1.00,-2828.759,215.628,0.291259,0.616890,0.836914
329,1KUW,42.50,0.525700,1.00,-146.135,49.566,0.484879,0.176950,0.739258
330,1KV4,28.57,0.364400,1.00,-2073.860,285.447,1.084726,0.266350,0.551758
331,1KWD,78.12,0.515900,1.00,-989.452,68.662,0.226729,0.250180,0.748047
332,1KWE,70.31,0.498500,1.00,-989.452,68.662,0.267886,0.240060,0.748047
333,1KX6,43.10,0.415100,1.00,-2280.254,63.448,0.552493,0.224860,0.854004
334,1KZ0,84.38,0.585600,1.00,-801.944,85.578,0.191127,0.258210,0.569824
335,1KZ2,65.62,0.567100,1.00,-551.891,77.855,0.365709,0.353740,0.541504
336,1KZ5,75.00,0.500300,1.00,-530.528,84.965,0.359840,0.328300,0.499512
337,1L1K,35.00,0.324200,1.00,-1195.702,42.977,0.642969,0.124320,0.856445
338,1L2Y,56.25,0.553300,1.00,-673.458,119.511,0.475963,0.241310,0.667969
339,1L3Q,64.58,0.431500,1.00,-359.104,54.814,0.371696,0.189540,0.631836
340,1L3Y,74.39,0.612700,1.00,-2678.477,235.358,0.278815,0.612190,0.899902
341,1L4V,71.25,0.616700,1.00,-2572.716,150.621,0.431878,0.589420,0.810059
342,1LA4,88.97,0.726300,1.00,-2223.369,251.814,0.166965,0.733030,0.870117
343,1LB0,84.62,0.622800,1.00,-689.587,45.432,0.168727,0.345600,0.582520
344,1LB7,85.94,0.661300,1.00,-762.757,98.172,0.211442,0.479440,0.643555
345,1LBJ,79.55,0.594000,1.00,-1699.357,70.597,0.390699,0.519680,0.778320
346,1LCX,88.46,0.629700,1.00,-689.587,45.432,0.166029,0.408030,0.582520
347,1LDL,71.35,0.592600,1.00,-2877.461,359.781,0.288607,0.615220,0.824707
348,1LDR,68.60,0.563200,1.00,-2442.884,237.539,0.342976,0.560680,0.856934
349,1LFC,32.00,0.282800,1.00,-1781.633,86.535,0.734573,0.190820,0.683594
350,1LGL,97.22,0.787000,1.00,-2806.196,177.895,0.069450,0.867690,0.875977
351,1LIQ,45.37,0.566100,1.00,-1647.868,93.294,0.893137,0.282170,0.849121
352,1LIR,89.86,0.733700,1.00,-2788.141,162.410,0.111244,0.753210,0.887695
353,1LMM,68.12,0.577400,1.00,-2438.660,240.776,0.447275,0.545690,0.877930
354,1LMR,72.86,0.622200,1.00,-1925.185,186.967,0.339593,0.524010,0.848633
355,1LUP,74.19,0.517800,1.00,-1948.303,263.772,0.320237,0.492200,0.717285
356,1LV4,38.10,0.466400,1.00,-732.919,107.543,0.710024,0.112820,0.599121
357,1LVZ,86.36,0.604200,1.00,-581.833,55.154,0.147871,0.464120,0.625977
358,1LYP,82.03,0.711800,1.00,-2281.615,76.619,0.204845,0.666730,0.851562
359,1M02,60.42,0.471100,1.00,-507.074,69.139,0.316384,0.247250,0.618164
360,1M0G,51.67,0.431900,1.00,-2035.575,179.213,0.437687,0.254240,0.722168
361,1M0J,43.75,0.473200,1.00,-1498.566,174.965,0.722471,0.217090,0.578613
362,1M23,73.08,0.524800,1.00,-472.188,101.722,0.332452,0.334240,0.526367
363,1M25,56.73,0.429500,1.00,-1989.890,137.963,0.755191,0.321160,0.651367
364,1M2S,84.46,0.667100,1.00,-2560.315,184.985,0.134083,0.688020,0.854980
365,1M36,81.06,0.643100,1.00,-2369.399,156.509,0.346183,0.666780,0.846191
366,1M4E,58.75,0.476000,1.00,-1142.844,97.046,0.333908,0.203640,0.591309
367,1M4F,44.00,0.423700,1.00,-1387.622,178.573,0.633422,0.187640,0.613770
368,1MA2,52.94,0.431100,1.00,-824.640,175.788,0.598912,0.084700,0.568359
369,1MA4,50.00,0.415100,1.00,-1037.474,133.968,0.490669,0.207440,0.475342
370,1MA5,47.06,0.412600,1.00,-824.640,175.788,0.491912,0.142420,0.568359
371,1MA6,47.06,0.379100,1.00,-1037.474,133.968,0.477982,0.215450,0.475342
372,1MB6,71.43,0.554900,1.00,-2125.932,212.819,0.264409,0.499970,0.701660
373,1MEA,63.39,0.506700,1.00,-1374.842,175.441,0.478727,0.325890,0.869141
374,1MED,58.93,0.485000,1.00,-1374.842,175.441,0.510618,0.306790,0.869141
375,1MEQ,30.43,0.491700,1.00,-692.949,117.112,1.347249,0.125490,0.728516
376,1MF6,54.17,0.529700,1.00,-430.261,43.414,0.412568,0.284420,0.611816
377,1MGX,48.40,0.394300,1.00,-3520.006,259.274,0.635616,0.349010,0.780762
378,1MHU,37.10,0.420000,1.00,-2251.365,177.660,0.724196,0.209100,0.717773
379,1MKC,51.16,0.566100,1.00,-2451.472,156.414,0.634841,0.378150,0.862793
380,1MM0,92.36,0.784900,1.00,-3055.816,195.722,0.109079,0.789590,0.870117
381,1MMC,85.83,0.712400,1.00,-1966.044,142.104,0.173147,0.611300,0.799316
382,1MOT,58.04,0.617100,1.00,-1183.074,127.311,0.625752,0.395710,0.770020
383,1MPZ,36.59,0.443800,1.00,-2572.127,185.441,0.724649,0.243110,0.865723
384,1MR0,76.47,0.608000,1.00,-2574.419,236.199,0.251377,0.596420,0.732422
385,1MR4,88.83,0.718700,1.00,-3443.507,255.017,0.150583,0.786240,0.891113
386,1MRB,42.74,0.446300,1.00,-2008.060,194.056,0.796905,0.227300,0.639160
387,1MRT,39.52,0.404000,1.00,-1997.858,204.597,0.755994,0.227660,0.621582
388,1MTQ,71.05,0.524300,1.00,-971.066,89.983,0.423217,0.269470,0.636230
389,1MTX,90.38,0.753800,1.00,-2877.297,239.834,0.126042,0.769940,0.892090
390,1MXQ,47.73,0.502000,1.00,-366.671,57.531,0.399886,0.267020,0.639160
391,1MYN,97.16,0.771200,1.00,-3247.077,203.038,0.072786,0.893040,0.905273
392,1MYU,39.58,0.468400,1.00,-372.660,51.784,0.484104,0.304250,0.637207
393,1MZI,50.00,0.498200,1.00,-689.587,45.432,0.333758,0.157130,0.582520
394,1N0Z,65.56,0.658400,1.00,-2309.361,202.372,0.779833,0.551140,0.796875
395,1N1U,81.90,0.659700,1.00,-1686.965,205.921,0.209437,0.549700,0.804199
396,1N2Y,36.67,0.418700,1.00,-529.370,105.587,0.555337,0.225840,0.542480
397,1N4N,94.15,0.776000,1.00,-3605.433,246.002,0.096104,0.861200,0.897949
398,1N5G,30.26,0.315900,1.00,-2632.403,240.114,0.808701,0.294190,0.835938
399,1N6T,77.50,0.528900,1.00,-361.656,42.821,0.322486,0.414250,0.652344
400,1N8M,92.76,0.775000,1.00,-2600.734,176.468,0.133736,0.806310,0.873535
401,1N9U,70.00,0.458700,1.00,-398.160,59.369,0.306364,0.330560,0.582520
402,1NB1,90.52,0.765800,1.00,-1748.176,154.962,0.175316,0.695680,0.833008
403,1NBJ,64.17,0.564200,1.00,-2017.235,277.383,0.375848,0.355460,0.543945
404,1NBL,84.78,0.714800,1.00,-3243.870,197.981,0.189919,0.744500,0.807129
405,1NC8,73.28,0.638300,1.00,-1355.547,122.935,0.524341,0.555310,0.790039
406,1NCS,79.26,0.656800,1.00,-3883.158,248.873,0.329414,0.712870,0.811035
407,1ND9,52.55,0.510900,1.00,-4183.935,156.966,0.426449,0.405480,0.908203
408,1NE5,70.24,0.517500,1.00,-2922.690,240.066,0.301035,0.599970,0.802734
409,1NIZ,60.94,0.542100,1.00,-566.755,76.624,0.354436,0.257510,0.551758
410,1NJ0,65.62,0.574300,1.00,-566.755,76.624,0.294721,0.210400,0.551758
411,1NJ3,87.90,0.740500,1.00,-2047.582,139.542,0.256087,0.656550,0.897461
412,1NMJ,28.57,0.449200,1.00,-981.684,139.356,0.889853,0.215340,0.639648
413,1NZS,39.47,0.522000,1.00,-428.827,114.505,0.779257,0.190190,0.747070
414,1O53,81.67,0.685300,1.00,-627.429,78.457,0.292275,0.403220,0.755859
415,1O8Y,67.86,0.542100,1.00,-447.394,97.159,0.434200,0.311980,0.659668
416,1O8Z,66.07,0.511500,1.00,-447.394,97.159,0.415128,0.332390,0.659668
417,1OAV,41.67,0.430600,1.00,-2830.851,316.867,0.767585,0.364180,0.595215
418,1OAW,40.10,0.434600,1.00,-2830.851,316.867,0.821580,0.355250,0.595215
419,1ODP,92.50,0.688500,1.00,-1490.937,50.911,0.094780,0.457060,0.846680
420,1ODQ,83.75,0.637600,1.00,-1490.937,50.911,0.227902,0.365110,0.846680
421,1ODR,85.00,0.577400,1.00,-1490.937,50.911,0.200689,0.416630,0.846680
422,1OEF,88.54,0.679700,1.00,-1730.674,40.566,0.135921,0.443290,0.833496
423,1OEG,73.91,0.673600,1.00,-1574.134,48.079,0.341923,0.386880,0.884277
424,1OEI,31.25,0.341400,1.00,-594.806,174.837,0.696053,0.155460,0.506348
425,1OG7,42.44,0.492500,1.00,-2213.872,218.881,0.939881,0.351790,0.545410
426,1OHM,49.43,0.487500,1.00,-2653.252,185.811,0.631929,0.407310,0.904297
427,1OHN,44.19,0.473900,1.00,-2213.872,218.881,0.795954,0.346510,0.545410
428,1OIG,79.17,0.628500,1.00,-1315.033,119.874,0.293766,0.397210,0.825684
429,1OMA,39.58,0.404600,1.00,-3059.998,345.579,0.916813,0.344550,0.774902
430,1OMB,34.38,0.389200,1.00,-3059.998,345.579,0.913553,0.331980,0.774902
431,1OMQ,82.81,0.673300,1.00,-801.944,85.578,0.145248,0.378650,0.569824
432,1OPP,63.82,0.634700,1.00,-2958.725,63.105,0.512218,0.506320,0.815430
433,1ORL,92.39,0.778900,1.00,-3312.190,187.244,0.109939,0.825860,0.812500
434,1ORX,88.54,0.733300,1.00,-1649.262,107.711,0.158238,0.542040,0.854492
435,1OZZ,77.27,0.695200,1.00,-3255.864,203.798,0.483977,0.683950,0.839355
436,1P00,74.43,0.642000,1.00,-3501.918,195.303,0.446229,0.636840,0.729492
437,1P0A,72.16,0.637200,1.00,-3319.374,240.337,0.526142,0.600700,0.749023
438,1P7A,70.27,0.696400,1.00,-2272.890,151.994,0.842774,0.580220,0.814941
439,1P82,29.00,0.382700,1.00,-899.682,139.420,1.003711,0.171380,0.812500
440,1P83,26.00,0.381800,1.00,-899.682,139.420,0.846891,0.146870,0.812500
441,1P8B,89.86,0.757000,1.00,-2679.036,215.011,0.147073,0.776470,0.808594
442,1P9C,51.67,0.493100,1.00,-2263.146,294.349,0.738163,0.359980,0.705566
443,1P9F,82.50,0.620700,1.00,-511.569,41.292,0.293256,0.430760,0.592285
444,1P9Z,76.83,0.655700,1.00,-2831.523,210.946,0.391527,0.653510,0.877441
445,1PAA,85.83,0.751800,1.00,-2046.003,131.866,0.272465,0.682990,0.839844
446,1PB5,87.86,0.727900,1.00,-1882.548,260.894,0.133446,0.687910,0.913574
447,1PDC,78.89,0.651800,1.00,-3784.713,291.102,0.289672,0.661720,0.885742
448,1PGY,72.34,0.627400,1.00,-4759.094,171.117,0.370405,0.603600,0.883301
449,1PJV,89.06,0.710200,1.00,-2456.140,126.952,0.123766,0.667790,0.849609
450,1PLP,63.00,0.653000,1.00,-1452.636,107.638,0.548663,0.368770,0.683594
451,1PMC,84.72,0.695600,1.00,-1879.756,181.544,0.223205,0.664260,0.876465
452,1PNH,90.32,0.763100,1.00,-2182.089,109.504,0.112987,0.689890,0.886230
453,1PP5,48.81,0.453300,1.00,-866.434,138.573,0.467689,0.161610,0.583008
454,1PSM,60.53,0.591900,1.00,-2635.687,68.385,0.515016,0.474640,0.868164
455,1PSV,57.14,0.608500,1.00,-1972.336,106.465,0.747861,0.362350,0.750977
456,1PT4,94.83,0.767600,1.00,-1937.022,150.147,0.089510,0.697820,0.847656
457,1PV0,89.13,0.712500,1.00,-4187.699,188.615,0.273403,0.803770,0.844238
458,1PVZ,77.42,0.613000,1.00,-2034.322,198.389,0.375431,0.562070,0.847168
459,1PX9,64.88,0.520300,1.00,-2922.690,240.066,0.307154,0.498880,0.802734
460,1PXQ,37.86,0.356500,1.00,-2299.597,189.362,0.713186,0.216420,0.829590
461,1Q01,28.29,0.480300,1.00,-1222.390,206.782,1.239199,0.204700,0.680176
462,1Q2F,47.66,0.600600,1.00,-2536.679,84.931,0.557754,0.302370,0.780273
463,1Q2I,41.41,0.468800,1.00,-2536.679,84.931,0.738795,0.242710,0.780273
464,1Q2J,47.73,0.432100,1.00,-822.953,188.500,0.498884,0.131270,0.566895
465,1Q2K,93.55,0.794700,1.00,-2065.525,86.409,0.092491,0.743960,0.881348
466,1Q3J,72.92,0.591000,1.00,-2138.981,158.959,0.317722,0.535700,0.873535
467,1Q3M,58.16,0.519000,1.00,-3629.942,256.374,0.782268,0.491010,0.750977
468,1Q3Y,47.62,0.496900,1.00,-1975.453,179.064,0.723370,0.383640,0.832520
469,1Q3Z,46.43,0.497500,1.00,-1975.453,179.064,0.672500,0.386130,0.832520
470,1Q71,50.00,0.486800,1.00,-866.434,138.573,0.492090,0.175710,0.583008
471,1QCM,86.36,0.682700,1.00,-349.599,43.442,0.223109,0.482250,0.687988
472,1QDP,33.33,0.364300,1.00,-2785.938,280.376,0.756735,0.261270,0.573242
473,1QFD,54.69,0.461300,1.00,-1708.549,219.615,0.409844,0.320620,0.582520
474,1QG9,82.14,0.717200,1.00,-1570.530,26.310,0.307574,0.435550,0.789062
475,1QGM,84.17,0.724800,1.00,-2127.065,170.533,0.181992,0.596630,0.870117
476,1QHK,71.81,0.618000,1.00,-3943.641,187.552,0.252184,0.597530,0.914062
477,1QJK,33.33,0.391100,1.00,-2230.743,210.298,0.983204,0.241750,0.551758
478,1QJL,42.86,0.437800,1.00,-1852.911,193.772,0.837268,0.213920,0.706055
479,1QK6,87.88,0.706300,1.00,-2104.064,195.387,0.144416,0.676610,0.873047
480,1QK7,82.81,0.628900,1.00,-2273.150,201.659,0.245486,0.616590,0.784180
481,1QKY,83.55,0.644200,1.00,-2969.986,188.156,0.193072,0.668270,0.866211
482,1QLO,50.00,0.414900,1.00,-2591.198,168.741,0.683274,0.327090,0.757324
483,1QWP,88.64,0.619700,1.00,-349.599,43.442,0.153623,0.413450,0.687988
484,1QXC,52.27,0.472700,1.00,-349.599,43.442,0.425178,0.312350,0.687988
485,1QYT,75.00,0.593900,1.00,-349.599,43.442,0.230751,0.234890,0.687988
486,1R02,53.79,0.501300,1.00,-1571.621,193.227,0.503316,0.387740,0.699219
487,1R1F,58.78,0.481700,1.00,-2352.695,215.365,0.417100,0.356280,0.604980
488,1R7C,71.77,0.731800,1.00,-2676.089,66.753,0.273318,0.543990,0.854492
489,1R7D,69.35,0.693000,1.00,-2676.089,66.753,0.267302,0.517430,0.854492
490,1R7E,79.84,0.706100,1.00,-2676.089,66.753,0.273440,0.548480,0.854492
491,1R7F,70.97,0.652700,1.00,-2676.089,66.753,0.297220,0.435040,0.854492
492,1R7G,74.19,0.697100,1.00,-2676.089,66.753,0.389141,0.495390,0.854492
493,1R8T,75.00,0.529800,1.00,-634.372,89.742,0.268838,0.346210,0.605957
494,1R9I,47.73,0.445700,1.00,-1107.159,150.312,0.747606,0.201960,0.529785
495,1RES,70.35,0.587600,1.00,-3923.983,117.716,0.534640,0.602820,0.842773
496,1RET,68.02,0.556100,1.00,-3923.983,117.716,0.484569,0.530400,0.842773
497,1RG3,43.75,0.466200,1.00,-734.770,92.329,0.468209,0.269420,0.611816
498,1RG4,51.56,0.478400,1.00,-734.770,92.329,0.426157,0.158050,0.611816
499,1RIJ,54.35,0.626500,1.00,-1093.893,66.602,1.003150,0.270830,0.737793
500,1RIK,89.66,0.750300,1.00,-1947.250,118.753,0.131560,0.692410,0.838867
501,1RIM,80.30,0.652300,1.00,-2260.501,134.936,0.317681,0.614390,0.806152
502,1RJI,70.97,0.608900,1.00,-2144.216,190.144,0.567660,0.491100,0.754883
503,1RKL,55.56,0.615800,1.00,-2759.322,67.207,0.738590,0.473790,0.839844
504,1RMK,79.84,0.610400,1.00,-2565.246,224.131,0.251260,0.563090,0.737305
505,1RO3,43.88,0.434900,1.00,-2637.703,254.234,0.640246,0.335860,0.853516
506,1ROO,76.43,0.635500,1.00,-2641.177,197.809,0.198074,0.554500,0.841797
507,1RPB,36.90,0.403000,1.00,-1278.430,111.790,0.648638,0.130420,0.586426
508,1RPC,39.29,0.379700,1.00,-1278.430,111.790,0.632479,0.161640,0.586426
509,1RSW,31.25,0.437900,1.00,-237.226,50.548,0.707717,0.153120,0.622559
510,1RSX,37.50,0.491100,1.00,-237.226,50.548,0.748955,0.137800,0.622559
511,1RT0,31.25,0.510200,1.00,-237.226,50.548,0.746614,0.179610,0.622559
512,1S4H,46.15,0.472900,1.00,-156.256,51.256,0.436810,0.338540,0.626465
513,1S4J,53.85,0.470300,1.00,-131.406,58.346,0.608848,0.127810,0.655273
514,1S4T,48.81,0.478300,1.00,-1134.301,118.247,0.803759,0.191640,0.647461
515,1S4W,38.75,0.407800,1.00,-393.198,133.830,0.467232,0.144500,0.700195
516,1S6W,76.19,0.564300,1.00,-1356.849,132.233,0.213341,0.242960,0.725586
517,1S6X,84.56,0.686900,1.00,-2478.644,192.209,0.241781,0.649840,0.822754
518,1SBU,63.64,0.570400,1.00,-379.380,49.094,0.466970,0.342890,0.696289
519,1SCO,77.63,0.641800,1.00,-2654.030,198.892,0.183753,0.568930,0.851074
520,1SH1,77.60,0.665000,1.00,-2704.319,331.420,0.457959,0.677060,0.913086
521,1SKH,65.83,0.607800,1.00,-2029.207,148.251,0.429280,0.525700,0.669922
522,1SMZ,57.41,0.595400,1.00,-1463.833,141.631,0.601920,0.362150,0.686523
523,1SOL,32.50,0.375400,1.00,-429.757,132.017,0.805942,0.128700,0.583496
524,1SP1,81.90,0.691500,1.00,-1639.150,121.082,0.258509,0.594520,0.845703
525,1SP2,91.13,0.721500,1.00,-2080.962,126.063,0.158957,0.728360,0.798340
526,1SP7,84.38,0.781100,1.00,-1685.424,107.152,0.183333,0.462480,0.797363
527,1SPF,72.14,0.782000,1.00,-2028.676,150.070,0.484236,0.717300,0.797852
528,1SPW,84.62,0.638500,1.00,-3218.374,258.978,0.214895,0.723560,0.878906
529,1SRB,66.67,0.474700,1.00,-1481.253,97.837,0.459891,0.244770,0.795410
530,1SRK,76.43,0.699000,1.00,-2236.895,130.047,0.524760,0.589210,0.854004
531,1SSL,69.79,0.586200,1.00,-3611.940,301.378,0.315850,0.597340,0.846191
532,1SUT,34.09,0.420000,1.00,-905.453,134.684,0.659643,0.142010,0.627441
533,1SX0,80.68,0.675400,1.00,-1050.482,84.816,0.228475,0.361940,0.861328
534,1SX1,79.55,0.664500,1.00,-1050.482,84.816,0.252999,0.382580,0.861328
535,1T0C,25.81,0.483900,1.00,-804.111,174.383,1.240296,0.201350,0.708496
536,1T2Y,43.00,0.441000,1.00,-1238.974,136.077,0.679589,0.137620,0.586914
537,1T5M,50.00,0.339300,1.00,-360.213,63.262,0.581329,0.165900,0.546875
538,1T5N,59.62,0.421100,1.00,-360.213,63.262,0.593079,0.342060,0.546875
539,1T5Q,70.00,0.696400,1.00,-2206.450,67.396,0.391681,0.540970,0.837402
540,1T9E,55.36,0.623800,1.00,-415.452,54.273,0.986062,0.284900,0.763672
541,1TI5,91.30,0.739600,1.00,-3420.707,193.941,0.109129,0.822940,0.866211
542,1TM6,54.55,0.489300,1.00,-963.625,94.991,0.448839,0.256980,0.819336
543,1TMR,81.58,0.679900,1.00,-1068.927,99.258,0.173832,0.321740,0.843262
544,1TOR,60.00,0.546700,1.00,-317.415,57.396,0.299565,0.360400,0.588379
545,1TOS,67.50,0.500100,1.00,-338.152,55.239,0.229403,0.243850,0.619629
546,1TSK,82.86,0.675400,1.00,-2470.687,157.468,0.143241,0.649450,0.868652
547,1TV0,78.91,0.580900,1.00,-1999.432,172.459,0.261599,0.554900,0.810059
548,1TYK,61.76,0.511000,1.00,-2314.287,254.597,0.406529,0.456580,0.708496
549,1U0P,52.78,0.432200,1.00,-1777.079,179.975,0.667783,0.341800,0.863281
550,1U57,37.50,0.519000,1.00,-2487.083,184.039,0.976805,0.329890,0.715332
551,1U6U,73.53,0.603000,1.00,-644.673,102.813,0.229716,0.263130,0.609375
552,1U6V,82.35,0.613900,1.00,-644.673,102.813,0.175067,0.301360,0.609375
553,1U85,72.73,0.715800,1.00,-2217.812,165.474,0.473895,0.565200,0.805664
554,1U86,76.43,0.693200,1.00,-2370.919,216.887,0.415772,0.562840,0.815918
555,1UAO,57.50,0.497400,1.00,-314.669,57.014,0.280258,0.300310,0.621582
556,1UJL,35.12,0.336000,1.00,-2352.433,213.277,1.098520,0.314690,0.798828
557,1UT3,90.13,0.676700,1.00,-2991.279,180.292,0.127050,0.771130,0.848633
558,1UYA,60.94,0.512200,1.00,-781.469,101.924,0.464456,0.261860,0.621582
559,1UYB,51.56,0.528300,1.00,-781.469,101.924,0.463673,0.208470,0.621582
560,1V1D,86.29,0.667600,1.00,-2183.733,121.797,0.185098,0.608110,0.857910
561,1V28,82.61,0.652600,1.00,-1022.561,246.820,0.201710,0.370540,0.788086
562,1V4Z,69.74,0.690400,1.00,-966.545,55.164,0.455307,0.368810,0.729004
563,1V50,76.32,0.679100,1.00,-966.545,55.164,0.228239,0.343480,0.729004
564,1V5A,72.32,0.606300,1.00,-1602.847,166.972,0.299758,0.409930,0.883789
565,1V6R,69.05,0.516700,1.00,-1610.308,88.951,0.495270,0.280360,0.843750
566,1V92,77.17,0.682500,1.00,-4758.815,175.193,0.181820,0.663410,0.881836
567,1VA1,80.41,0.639600,1.00,-2425.452,129.921,0.244936,0.619050,0.810547
568,1VA2,87.90,0.694300,1.00,-2080.962,126.063,0.185589,0.649080,0.798340
569,1VA3,83.62,0.660200,1.00,-1639.150,121.082,0.219994,0.570130,0.845703
570,1VB8,60.00,0.552400,1.00,-2050.988,254.854,0.382735,0.353890,0.557617
571,1VD7,65.22,0.522600,1.00,-1453.482,50.731,0.446240,0.324330,0.859863
572,1VD8,63.04,0.489500,1.00,-1719.222,45.215,0.417618,0.277050,0.842285
573,1VD9,71.74,0.605300,1.00,-1715.245,40.509,0.418963,0.456610,0.854492
574,1VDA,59.78,0.556200,1.00,-1515.513,64.454,0.696139,0.283920,0.761230
575,1VDB,86.96,0.727700,1.00,-1453.482,50.731,0.131876,0.486700,0.859863
576,1VII,80.56,0.689200,1.00,-2993.364,123.101,0.233651,0.632770,0.882812
577,1VPC,57.22,0.593900,1.00,-2744.559,182.302,0.643970,0.457970,0.705566
578,1VPU,33.33,0.555500,1.00,-2315.957,175.716,1.532767,0.274090,0.731934
579,1VQX,39.47,0.522500,1.00,-428.827,114.505,0.793462,0.177750,0.747070
580,1VTP,65.38,0.675100,1.00,-1778.554,44.190,0.400764,0.474170,0.847168
581,1VTX,32.14,0.362600,1.00,-2904.152,312.374,0.741487,0.211620,0.586914
582,1W1N,48.48,0.500900,1.00,-2201.782,117.047,0.621888,0.402780,0.854004
583,1W4E,90.96,0.703400,1.00,-3612.660,246.472,0.206785,0.834670,0.879883
584,1W4F,88.30,0.726200,1.00,-3612.660,246.472,0.241199,0.802090,0.879883
585,1W4G,90.96,0.732300,1.00,-3660.459,259.643,0.256792,0.806470,0.877930
586,1W4H,86.70,0.709100,1.00,-3401.300,174.622,0.481835,0.789150,0.854492
587,1WAZ,45.65,0.589700,1.00,-3752.536,120.406,1.120459,0.445460,0.803223
588,1WCT,57.69,0.502700,1.00,-357.499,66.013,0.280668,0.195040,0.630859
589,1WM7,72.41,0.626900,1.00,-1840.168,173.635,0.275191,0.383520,0.842773
590,1WM8,64.29,0.522600,1.00,-1728.057,121.575,0.309171,0.314950,0.881348
591,1WMT,87.80,0.664900,1.00,-3094.878,230.298,0.187215,0.696120,0.773926
592,1WN4,63.39,0.635600,1.00,-1308.866,71.040,0.545349,0.410530,0.788574
593,1WN8,85.23,0.633700,1.00,-1362.355,40.523,0.295029,0.510750,0.879395
594,1WNK,84.78,0.771500,1.00,-1715.245,40.509,0.171207,0.485770,0.854492
595,1WNM,90.22,0.707800,1.00,-1719.222,45.215,0.126284,0.469170,0.842285
596,1WNN,81.52,0.669200,1.00,-1515.513,64.454,0.269131,0.435730,0.761230
597,1WO3,43.00,0.534300,1.00,-1182.935,54.713,0.818280,0.214390,0.681641
598,1WO4,50.00,0.474500,1.00,-1297.635,109.642,0.518956,0.291080,0.714844
599,1WO5,62.00,0.556100,1.00,-1714.305,86.861,0.472455,0.264960,0.695312
600,1WO6,62.00,0.507100,1.00,-1291.907,133.707,0.326391,0.263830,0.627441
601,1WO7,59.00,0.508500,1.00,-1553.048,102.000,0.543061,0.346160,0.675781
602,1WO9,78.57,0.713300,1.00,-1680.297,244.805,0.303340,0.617770,0.881836
603,1WPD,61.76,0.519400,1.00,-2338.583,156.106,0.488991,0.339530,0.862305
604,1WQB,71.88,0.531600,1.00,-2016.385,263.663,0.345424,0.491970,0.587891
605,1WQC,76.92,0.600700,1.00,-1828.828,104.725,0.314056,0.405440,0.787598
606,1WQD,75.00,0.641300,1.00,-1846.848,133.708,0.525227,0.448970,0.749023
607,1WQE,89.13,0.726600,1.00,-1455.441,80.156,0.144474,0.438430,0.858887
608,1WQK,86.31,0.736700,1.00,-3646.489,227.770,0.215514,0.744590,0.871582
609,1WR3,82.64,0.707700,1.00,-2149.187,242.002,0.255495,0.653160,0.894043
610,1WR4,88.89,0.762400,1.00,-2121.853,201.243,0.233712,0.741400,0.881348
611,1WR7,76.83,0.723400,1.00,-2472.337,221.646,0.428056,0.648580,0.844238
612,1WT7,70.12,0.577000,1.00,-3215.958,178.431,0.490521,0.569780,0.833496
613,1WT8,69.35,0.588600,1.00,-2144.216,190.144,0.461877,0.435060,0.754883
614,1WXN,83.33,0.698200,1.00,-3595.101,277.350,0.195325,0.687380,0.874023
615,1WZ4,55.43,0.518000,1.00,-1176.626,106.642,0.485480,0.295540,0.662598
616,1WZ5,63.57,0.506800,1.00,-2268.363,152.916,0.362525,0.412920,0.894531
617,1X22,32.14,0.417000,1.00,-2010.497,275.248,1.123688,0.264830,0.500977
618,1X32,39.36,0.406600,1.00,-3503.091,231.471,0.822490,0.301460,0.857910
619,1X5V,75.00,0.613300,1.00,-2380.792,207.038,0.232588,0.545110,0.782227
620,1X7K,43.42,0.308000,1.00,-1271.201,108.439,0.575264,0.186430,0.613770
621,1XBH,53.85,0.426300,1.00,-428.090,101.322,0.418491,0.174910,0.622070
622,1XC0,59.85,0.600600,1.00,-1674.488,102.917,0.393363,0.369650,0.804199
623,1XF7,88.79,0.790000,1.00,-1790.870,110.742,0.256367,0.700470,0.856934
624,1XOO,31.25,0.367100,1.00,-649.385,118.980,0.651167,0.111100,0.532715
625,1XOP,61.25,0.471800,1.00,-870.925,126.907,0.577283,0.283140,0.596680
626,1XRZ,85.83,0.701500,1.00,-1755.297,130.492,0.339487,0.653670,0.843750
627,1XT7,57.69,0.461900,1.00,-360.213,63.262,0.387654,0.294500,0.546875
628,1XUT,62.50,0.546400,1.00,-3067.494,299.562,0.474313,0.483050,0.786133
629,1XV3,43.62,0.528600,1.00,-2743.213,350.253,1.216809,0.372520,0.613770
630,1XXZ,45.45,0.456400,1.00,-347.889,90.110,0.540914,0.248210,0.624512
631,1XY4,47.92,0.410400,1.00,-558.258,87.208,0.412449,0.197950,0.612793
632,1XY6,60.42,0.474500,1.00,-543.447,66.664,0.379966,0.165980,0.569336
633,1XY8,44.23,0.447300,1.00,-634.232,85.715,0.415161,0.259440,0.578125
634,1XY9,54.55,0.498200,1.00,-394.736,56.260,0.333320,0.201210,0.599609
635,1Y03,73.57,0.784200,1.00,-1331.548,49.910,0.387411,0.647440,0.937500
636,1Y04,57.86,0.783600,1.00,-1331.548,49.910,0.776150,0.472100,0.937500
637,1Y1B,82.81,0.705400,1.00,-3661.362,195.691,0.286580,0.736560,0.909668
638,1Y1C,85.42,0.701900,1.00,-3728.146,210.210,0.227475,0.710280,0.909668
639,1Y29,75.00,0.614000,1.00,-1654.841,185.119,0.281493,0.498560,0.857422
640,1Y2P,84.56,0.694500,1.00,-2180.485,203.029,0.203414,0.664900,0.858398
641,1Y32,44.79,0.542800,1.00,-776.728,117.182,0.599058,0.204440,0.654297
642,1Y4E,45.37,0.522000,1.00,-1870.530,109.467,0.575785,0.210730,0.840820
643,1Y5C,61.36,0.451000,1.00,-348.810,96.736,0.331304,0.336530,0.566406
644,1YIU,87.84,0.776200,1.00,-2414.270,217.567,0.209104,0.741800,0.873535
645,1YMZ,80.81,0.708500,1.00,-2514.470,316.238,0.280206,0.690270,0.840332
646,1YP8,75.00,0.612300,1.00,-2082.308,164.427,0.326616,0.513070,0.769043
647,1YT6,75.00,0.594400,1.00,-346.113,53.795,0.226698,0.323580,0.631348
648,1YTR,61.54,0.536800,1.00,-1590.271,70.329,0.582698,0.324020,0.761719
649,1YV8,84.24,0.699600,1.00,-3636.363,172.203,0.225138,0.713610,0.866211
650,1YVA,80.98,0.674300,1.00,-3636.363,172.203,0.274393,0.695960,0.866211
651,1YWJ,66.46,0.595500,1.00,-2158.903,250.535,0.562657,0.518380,0.790527
652,1YYB,76.85,0.632800,1.00,-1772.690,61.314,0.559448,0.481420,0.829102
653,1Z0Q,20.83,0.332900,1.00,-1685.467,288.452,1.299702,0.240910,0.532227
654,1Z2T,79.35,0.602000,1.00,-1616.801,73.972,0.471972,0.536040,0.632812
655,1Z65,77.50,0.637400,1.00,-2128.980,83.531,0.239594,0.498560,0.795410
656,1Z6V,48.47,0.471700,1.00,-3600.112,175.922,0.780485,0.401740,0.835449
657,1Z6W,27.04,0.317300,1.00,-3600.112,175.922,1.209280,0.273690,0.835449
658,1Z99,59.52,0.489000,1.00,-2409.059,317.961,0.362912,0.479350,0.793945
659,1ZA8,64.52,0.528300,1.00,-2309.521,217.536,0.374619,0.370370,0.639160
660,1ZAQ,59.09,0.564100,1.00,-3193.416,271.902,0.684497,0.453160,0.872559
661,1ZDA,80.92,0.658500,1.00,-2730.282,164.329,0.379446,0.686000,0.800781
662,1ZDB,76.32,0.677800,1.00,-2730.282,164.329,0.418635,0.587520,0.800781
663,1ZFD,88.28,0.704500,1.00,-1913.364,177.008,0.166268,0.665640,0.874023
664,1ZFU,80.62,0.677900,1.00,-2662.795,207.307,0.207155,0.658760,0.819824
665,1ZJQ,76.47,0.618600,1.00,-2432.516,146.244,0.220274,0.550100,0.785645
666,1ZNM,86.61,0.700500,1.00,-1818.388,112.243,0.123434,0.528790,0.882324
667,1ZNU,91.38,0.735000,1.00,-1748.176,154.962,0.179751,0.701210,0.833008
668,1ZR7,88.33,0.739600,1.00,-1862.843,149.466,0.208741,0.675250,0.871582
669,1ZRV,74.00,0.672500,1.00,-1702.814,53.846,0.221796,0.331850,0.849609
670,1ZRW,62.00,0.590500,1.00,-1702.814,53.846,0.481203,0.286070,0.849609
671,1ZRX,50.00,0.568800,1.00,-2185.024,203.346,0.715576,0.434070,0.619141
672,1ZTA,80.00,0.621300,1.00,-2649.044,75.530,0.362252,0.710970,0.847168
673,1ZTN,29.17,0.485800,1.00,-945.335,258.100,1.315177,0.183950,0.530273
674,1ZTO,41.22,0.386200,1.00,-1844.880,209.892,0.952796,0.338880,0.559570
675,1ZUE,73.81,0.595000,1.00,-2786.608,227.781,0.898793,0.636960,0.758301
676,1ZUF,66.07,0.552200,1.00,-2786.608,227.781,0.851428,0.528500,0.758301
677,1ZUV,80.00,0.649600,1.00,-1953.524,117.780,0.244418,0.541700,0.796875
678,1ZWA,41.18,0.537500,1.00,-2784.946,83.582,0.926580,0.312170,0.813477
679,1ZWB,45.83,0.541700,1.00,-2809.776,126.995,0.979713,0.409300,0.664551
680,1ZWC,46.62,0.575600,1.00,-2822.465,115.962,0.710147,0.346280,0.765137
681,1ZWD,42.14,0.558700,1.00,-2864.002,94.217,0.683292,0.308210,0.789551
682,1ZWE,48.53,0.554900,1.00,-2673.896,92.014,0.697734,0.430100,0.780273
683,1ZWU,86.67,0.721400,1.00,-1832.228,122.837,0.177580,0.603090,0.801758
684,2A1C,72.06,0.576700,1.00,-920.672,103.344,0.311796,0.334600,0.625000
685,2A2B,35.98,0.484700,1.00,-2060.536,262.303,0.921785,0.339110,0.620117
686,2A2V,88.24,0.723500,1.00,-2135.712,194.598,0.174414,0.697110,0.889160
687,2A51,64.10,0.660900,1.00,-2227.748,243.129,0.383293,0.412910,0.851074
688,2AAP,85.29,0.651300,1.00,-2432.516,146.244,0.199456,0.672850,0.785645
689,2AB3,87.93,0.704800,1.00,-1815.431,142.694,0.155857,0.631930,0.825684
690,2AB7,91.38,0.715700,1.00,-1796.416,145.927,0.109485,0.690500,0.816406
691,2AB9,37.90,0.510600,1.00,-1324.066,253.784,0.984477,0.171310,0.666016
692,2ADX,51.25,0.529800,1.00,-2541.247,197.385,0.592520,0.345110,0.852539
693,2AJJ,78.57,0.730900,1.00,-2152.127,52.174,0.206692,0.562800,0.823242
694,2AJM,80.36,0.697400,1.00,-2152.127,52.174,0.180575,0.543220,0.823242
695,2AJN,79.46,0.708000,1.00,-2152.127,52.174,0.230148,0.564360,0.823242
696,2AJO,80.36,0.697400,1.00,-2152.127,52.174,0.180575,0.543220,0.823242
697,2AJW,51.14,0.505500,1.00,-852.971,110.551,0.552739,0.170230,0.554688
698,2AK0,44.57,0.470900,1.00,-1021.678,102.927,0.648734,0.125340,0.682129
699,2AMN,51.92,0.600500,1.00,-1674.569,85.037,0.521960,0.258430,0.831543
700,2AP7,87.50,0.796300,1.00,-940.534,111.815,0.224053,0.473080,0.853027
701,2AP8,80.00,0.725200,1.00,-940.534,111.815,0.300665,0.364850,0.853027
702,2ARI,50.64,0.580300,1.00,-2037.215,124.152,0.643652,0.428900,0.809570
703,2ATG,51.39,0.386000,1.00,-746.056,136.146,0.483531,0.085020,0.496338
704,2AXK,84.21,0.668600,1.00,-3050.398,171.497,0.142851,0.676680,0.879883
705,2B0Y,67.65,0.546900,1.00,-834.656,82.944,0.352131,0.316130,0.774414
706,2B19,48.61,0.630500,1.00,-1977.321,175.512,0.566038,0.357870,0.625977
707,2B38,76.61,0.644600,1.00,-1998.233,219.560,0.496773,0.600690,0.813965
708,2B4N,50.00,0.557100,1.00,-2719.443,170.981,0.750557,0.465470,0.760742
709,2B5B,43.75,0.413300,1.00,-1698.094,252.484,0.893074,0.279350,0.571777
710,2B5P,61.36,0.450600,1.00,-354.482,51.683,0.315822,0.247910,0.659668
711,2B5Q,56.82,0.506100,1.00,-354.482,51.683,0.449879,0.170290,0.659668
712,2B68,87.21,0.748900,1.00,-3026.137,251.493,0.175565,0.746230,0.886719
713,2B9K,67.02,0.577400,1.00,-3895.526,250.512,0.641166,0.508980,0.879395
714,2BAI,29.69,0.339200,1.00,-1664.495,128.812,0.837350,0.226860,0.752930
715,2BAO,50.00,0.450400,1.00,-246.570,50.683,0.389059,0.183930,0.694336
716,2BAU,40.00,0.454300,1.00,-246.570,50.683,0.577502,0.289610,0.694336
717,2BBG,41.88,0.389800,1.00,-3053.996,196.320,0.797654,0.308840,0.850586
718,2BBL,36.36,0.531500,1.00,-729.208,133.483,0.921092,0.148970,0.663086
719,2BBP,38.64,0.535600,1.00,-729.208,133.483,1.006177,0.109510,0.663086
720,2BBX,77.55,0.684100,1.00,-2541.000,210.457,0.253760,0.678070,0.858398
723,2BDS,81.40,0.640600,1.00,-3209.321,241.606,0.172886,0.680930,0.849609
724,2BEY,35.94,0.479600,1.00,-449.241,65.379,0.684533,0.202370,0.771484
725,2BL6,46.62,0.485700,1.00,-2039.722,170.050,0.681461,0.305150,0.888184
726,2BMT,97.97,0.781300,1.00,-2978.043,186.791,0.061233,0.894460,0.889160
727,2BN6,72.73,0.631300,1.00,-2385.708,141.101,0.328216,0.511260,0.875977
728,2BP4,35.94,0.432200,1.00,-447.235,82.140,0.603153,0.222140,0.599609
729,2BTG,83.51,0.716700,1.00,-3717.488,173.993,0.528756,0.760890,0.844727
730,2BTH,80.32,0.661100,1.00,-3717.488,173.993,0.513842,0.717220,0.844727
731,2C6A,78.80,0.702600,1.00,-2880.944,242.880,0.397326,0.685740,0.867676
732,2C6B,78.26,0.723000,1.00,-2880.944,242.880,0.386481,0.669440,0.867676
733,2CBH,99.31,0.846800,1.00,-2428.629,179.938,0.057698,0.905400,0.932129
734,2CEF,38.16,0.475800,1.00,-710.709,88.766,0.662482,0.121190,0.698242
735,2CEH,40.79,0.499700,1.00,-710.709,88.766,0.646690,0.172420,0.698242
736,2CEZ,42.11,0.506300,1.00,-710.709,88.766,0.602537,0.108040,0.698242
737,2CFJ,42.11,0.517300,1.00,-710.709,88.766,0.897833,0.207650,0.698242
738,2CK4,78.95,0.704300,1.00,-2768.863,190.463,0.170747,0.623150,0.849609
739,2CK5,80.65,0.681500,1.00,-1983.549,125.828,0.192875,0.511240,0.867188
740,2CQ7,69.90,0.664200,1.00,-2835.611,280.352,0.543513,0.614400,0.799805
741,2CRD,91.22,0.693600,1.00,-2731.795,173.150,0.126489,0.755120,0.879883
742,2CSA,32.89,0.506600,1.00,-470.387,114.374,0.921646,0.204220,0.725586
743,2CTI,93.97,0.748000,1.00,-2052.010,182.756,0.102166,0.722650,0.830566
744,2CYU,74.38,0.575400,1.00,-3153.485,135.614,0.416522,0.605250,0.859863
745,2DCI,66.25,0.548500,1.00,-885.477,113.305,0.380315,0.225550,0.611328
746,2DCO,27.94,0.345900,1.00,-1701.682,326.892,0.896801,0.206750,0.491455
747,2DCV,66.67,0.495400,1.00,-3267.998,257.833,0.351730,0.538080,0.813477
748,2DCW,75.00,0.584700,1.00,-3127.244,282.012,0.293438,0.628890,0.780762
749,2DDL,78.03,0.635300,1.00,-2603.212,123.672,0.325094,0.521420,0.846680
750,2DI2,73.28,0.660300,1.00,-1340.805,121.143,0.454483,0.520650,0.773438
751,2DJ9,79.35,0.658600,1.00,-1117.930,157.934,0.287657,0.392930,0.775391
752,2DJC,79.35,0.652700,1.00,-1102.443,151.861,0.406814,0.426550,0.793945
753,2DMV,68.60,0.628500,1.00,-2432.395,283.017,0.653556,0.584200,0.808105
754,2DQ5,76.06,0.647500,1.00,-3305.942,223.905,0.327564,0.665750,0.868652
755,2DTB,78.85,0.743700,1.00,-1830.681,43.117,0.234758,0.590910,0.888184
756,2DWF,66.18,0.565800,1.00,-3224.925,108.795,0.327670,0.496930,0.688965
757,2DX2,84.09,0.605100,1.00,-473.923,46.981,0.299321,0.361010,0.677734
758,2DX3,43.06,0.460600,1.00,-867.258,95.066,0.672067,0.181150,0.655273
759,2DX4,52.78,0.489600,1.00,-867.258,95.066,0.505544,0.156210,0.655273
760,2E1X,66.67,0.622100,1.00,-1182.903,123.804,0.504327,0.378920,0.846191
761,2E2F,85.37,0.694600,1.00,-3209.148,183.208,0.157010,0.736130,0.913086
762,2E3E,46.11,0.473900,1.00,-3597.055,255.732,0.807327,0.347440,0.826660
763,2E3F,55.81,0.539400,1.00,-2782.521,243.172,0.735472,0.441420,0.707520
764,2E3G,64.38,0.549500,1.00,-2992.471,217.840,0.524305,0.492720,0.731445
765,2E4E,80.00,0.557400,1.00,-303.485,43.344,0.220384,0.390360,0.635254
766,2E5T,72.28,0.581000,1.00,-3745.279,115.393,0.193134,0.610600,0.799805
767,2E5U,48.75,0.370000,1.00,-3005.106,109.545,1.331905,0.411360,0.791504
768,2E72,63.78,0.628000,1.00,-2591.042,335.520,0.995912,0.566750,0.712891
769,2EBQ,64.89,0.650600,1.00,-2335.231,249.100,0.680923,0.559370,0.840332
770,2EBR,65.43,0.681500,1.00,-2128.858,336.083,0.724231,0.574240,0.765625
771,2EC7,60.71,0.585600,1.00,-2319.356,268.165,0.473908,0.461220,0.801270
772,2EEM,81.62,0.711700,1.00,-2612.721,119.458,0.177759,0.586460,0.858887
773,2EFZ,59.38,0.522100,1.00,-896.882,105.814,0.382740,0.163010,0.607422
774,2EKK,81.91,0.711200,1.00,-4160.140,162.682,0.615052,0.749750,0.842773
775,2EL4,60.33,0.688800,1.00,-2244.489,219.812,0.828191,0.505290,0.756836
776,2EL5,66.07,0.685800,1.00,-2119.234,206.993,0.806003,0.581930,0.778809
777,2EL6,60.33,0.642900,1.00,-2315.192,277.817,0.982447,0.533210,0.787109
778,2ELM,77.03,0.693200,1.00,-2259.339,145.005,0.365790,0.632440,0.803223
779,2ELN,82.89,0.753300,1.00,-2314.906,147.421,0.414403,0.713080,0.841309
780,2ELO,79.05,0.724800,1.00,-2158.956,173.801,0.266923,0.597630,0.822266
781,2ELP,77.03,0.609400,1.00,-2333.187,197.086,0.773329,0.634840,0.811523
782,2ELQ,77.78,0.739200,1.00,-2033.465,163.455,0.514678,0.629650,0.807617
783,2ELR,70.83,0.715600,1.00,-1478.816,129.908,0.730275,0.588620,0.808105
784,2ELS,78.47,0.720200,1.00,-2295.716,139.689,0.644566,0.700330,0.809082
785,2ELT,77.78,0.761300,1.00,-2008.573,158.284,0.707659,0.695280,0.830078
786,2ELU,75.68,0.666100,1.00,-1936.445,208.985,0.457777,0.611780,0.777344
787,2ELV,74.31,0.744600,1.00,-2097.477,133.490,0.419000,0.573930,0.786133
788,2ELW,72.97,0.675600,1.00,-2081.951,210.854,0.814841,0.617380,0.778809
789,2ELX,82.14,0.772800,1.00,-1953.406,140.534,0.558605,0.697540,0.833984
790,2ELY,63.04,0.657300,1.00,-2025.844,243.415,0.909300,0.538290,0.772949
791,2ELZ,63.59,0.622300,1.00,-2233.803,228.723,0.994255,0.547440,0.735352
792,2EM0,68.48,0.636000,1.00,-2362.268,233.922,0.633836,0.593600,0.729492
793,2EM1,69.89,0.738600,1.00,-2111.801,197.235,0.522230,0.548880,0.770020
794,2EM2,62.50,0.674000,1.00,-2150.150,200.098,0.707980,0.546390,0.740723
795,2EM3,57.61,0.684600,1.00,-2213.858,264.734,1.105612,0.520210,0.761230
796,2EM4,56.52,0.668700,1.00,-2164.868,225.366,0.928181,0.505280,0.761230
797,2EM5,58.70,0.658800,1.00,-2112.482,212.239,0.886529,0.529650,0.762695
798,2EM6,61.96,0.731600,1.00,-2205.383,210.438,0.913051,0.547160,0.754395
799,2EM7,59.78,0.645200,1.00,-2240.320,201.375,0.817755,0.529990,0.749512
800,2EM8,68.48,0.686700,1.00,-2247.784,229.934,0.508561,0.553580,0.740234
801,2EM9,63.59,0.650100,1.00,-2312.138,268.839,1.002226,0.562580,0.721680
802,2EMA,67.93,0.714900,1.00,-2150.041,252.802,0.541371,0.570570,0.709473
803,2EMB,57.95,0.616800,1.00,-2101.213,190.488,0.908465,0.499140,0.795898
804,2EMC,61.96,0.701600,1.00,-2282.271,192.940,0.714385,0.544720,0.772461
805,2EME,66.30,0.702300,1.00,-2389.689,196.041,0.568740,0.559910,0.781250
806,2EMF,65.22,0.715900,1.00,-2050.532,219.035,0.839430,0.577520,0.717285
807,2EMG,59.24,0.594100,1.00,-2337.206,251.399,1.003519,0.532590,0.731445
808,2EMH,63.04,0.743900,1.00,-2284.315,290.306,0.622090,0.549540,0.757324
809,2EMI,59.78,0.610500,1.00,-2375.669,232.286,0.937569,0.505290,0.732910
810,2EMJ,63.04,0.681900,1.00,-2127.138,240.159,1.084246,0.521000,0.762695
811,2EMK,60.33,0.643600,1.00,-2189.201,238.236,1.028912,0.530670,0.762695
812,2EML,60.87,0.704300,1.00,-2083.236,212.773,0.895356,0.538090,0.734375
813,2EMM,61.96,0.597900,1.00,-2241.273,245.860,0.897795,0.549890,0.767578
814,2EMP,63.59,0.716700,1.00,-2150.448,247.967,0.716885,0.546800,0.770996
815,2EMV,62.50,0.655400,1.00,-2127.508,205.240,0.743870,0.551750,0.745117
816,2EMW,63.07,0.665100,1.00,-2171.825,205.454,0.838162,0.531800,0.789062
817,2EMX,66.48,0.738700,1.00,-1946.386,201.085,0.712537,0.609470,0.794434
818,2EMY,60.87,0.670600,1.00,-2423.073,220.909,0.914937,0.549560,0.737305
819,2EMZ,65.22,0.679900,1.00,-2051.292,186.145,0.690813,0.517150,0.756348
820,2EN0,72.02,0.703400,1.00,-1959.481,216.173,0.581415,0.623270,0.788574
821,2EN1,69.57,0.723800,1.00,-1886.847,238.465,0.547651,0.592280,0.738281
822,2EN2,69.64,0.700300,1.00,-2259.594,235.523,0.598409,0.592080,0.793457
823,2EN3,59.24,0.627500,1.00,-2596.057,232.900,0.657089,0.497000,0.738281
824,2EN4,63.59,0.635800,1.00,-2236.514,197.668,0.894499,0.567640,0.738281
825,2EN6,62.50,0.719300,1.00,-2152.211,198.085,0.752965,0.557430,0.769531
826,2EN7,60.23,0.620900,1.00,-2169.474,197.731,0.807713,0.522460,0.760742
827,2EN8,58.70,0.733900,1.00,-2242.842,197.659,0.931410,0.545590,0.741699
828,2EN9,57.07,0.678800,1.00,-1999.106,190.411,0.885724,0.502870,0.790039
829,2ENA,58.70,0.644900,1.00,-2072.633,216.383,1.145663,0.514570,0.779297
830,2ENC,62.50,0.675600,1.00,-2127.146,247.611,0.822165,0.513920,0.727539
831,2ENE,62.50,0.686300,1.00,-2181.553,251.507,0.806354,0.517490,0.712891
832,2ENF,57.07,0.673700,1.00,-2171.301,229.903,1.075064,0.489860,0.756348
833,2ENH,58.15,0.682200,1.00,-2091.505,301.433,1.054669,0.511610,0.742188
834,2ENT,63.54,0.655700,1.00,-2623.961,280.711,0.928076,0.579690,0.724609
835,2EOE,59.78,0.701600,1.00,-2146.677,210.187,0.893886,0.534620,0.751465
836,2EOF,62.50,0.631500,1.00,-2008.410,251.791,0.939142,0.523230,0.743652
837,2EOG,60.80,0.662600,1.00,-2374.307,149.680,0.839513,0.526380,0.814453
838,2EOH,54.89,0.603600,1.00,-2021.984,237.927,0.837864,0.468840,0.772461
839,2EOI,64.77,0.669500,1.00,-2299.539,240.549,0.652412,0.553360,0.739746
840,2EOJ,55.68,0.606500,1.00,-2180.905,239.170,0.925346,0.495940,0.748535
841,2EOK,76.19,0.672800,1.00,-2181.185,169.061,0.495933,0.657510,0.793457
842,2EOL,68.45,0.680200,1.00,-2047.896,260.703,0.775193,0.601390,0.792480
843,2EOM,59.24,0.667600,1.00,-2176.163,201.221,1.042287,0.531320,0.739258
844,2EON,62.50,0.686200,1.00,-2177.440,204.245,0.931990,0.543780,0.735840
845,2EOO,65.22,0.711700,1.00,-2394.033,224.699,0.853776,0.572100,0.747559
846,2EOP,61.96,0.704900,1.00,-2062.751,289.571,0.884772,0.552900,0.753906
847,2EOQ,63.59,0.680300,1.00,-2106.380,206.037,0.757526,0.552090,0.748047
848,2EOR,59.78,0.704300,1.00,-1912.929,273.720,0.834192,0.523730,0.729492
849,2EOS,71.43,0.762200,1.00,-2179.959,287.521,0.742324,0.614020,0.772949
850,2EOU,56.82,0.674100,1.00,-1654.636,204.007,1.135235,0.476820,0.789062
851,2EOV,61.96,0.684500,1.00,-2232.404,254.047,0.928513,0.536280,0.720703
852,2EOW,66.85,0.671600,1.00,-2072.057,190.866,0.832795,0.582700,0.754883
853,2EOX,59.09,0.623700,1.00,-2141.185,303.025,0.915024,0.507440,0.751465
854,2EOY,67.39,0.715300,1.00,-2220.113,290.045,0.651083,0.556290,0.713379
855,2EOZ,64.13,0.743900,1.00,-2411.930,190.705,0.707725,0.547900,0.775391
856,2EP0,63.59,0.727200,1.00,-2327.871,197.955,0.742699,0.560560,0.767090
857,2EP1,61.96,0.641700,1.00,-2145.484,218.719,0.878300,0.521870,0.740234
858,2EP2,58.15,0.674900,1.00,-2179.021,186.661,0.922516,0.523900,0.757812
859,2EP3,60.87,0.675200,1.00,-2379.453,201.164,0.900356,0.567210,0.746582
860,2EPC,61.31,0.575300,1.00,-2096.679,226.457,0.907406,0.562130,0.775391
861,2EPQ,57.22,0.623600,1.00,-2391.925,243.989,0.839886,0.440190,0.746094
862,2EPR,52.08,0.633800,1.00,-2405.455,184.469,0.960800,0.207250,0.742676
863,2EPT,62.20,0.593100,1.00,-1942.105,205.378,0.909679,0.535450,0.752930
864,2EPU,65.56,0.692200,1.00,-2113.272,235.524,0.684758,0.557850,0.791504
865,2EPV,63.64,0.659500,1.00,-2309.010,206.702,0.668176,0.556110,0.761719
866,2EPW,57.61,0.571100,1.00,-2211.273,260.351,0.699229,0.472570,0.709961
867,2EPX,60.11,0.623800,1.00,-2604.272,243.032,0.734783,0.524660,0.746582
868,2EPY,63.10,0.653500,1.00,-1893.859,174.078,0.735185,0.558240,0.767578
869,2EPZ,61.96,0.671600,1.00,-2126.397,213.808,0.854635,0.554490,0.770020
870,2EQ0,63.59,0.640000,1.00,-2255.496,221.856,0.803803,0.539430,0.733398
871,2EQ1,63.59,0.683000,1.00,-2086.355,207.963,0.525885,0.492310,0.772461
872,2EQ2,52.72,0.602500,1.00,-2044.766,235.685,0.949523,0.457550,0.767090
873,2EQ3,55.98,0.620000,1.00,-1972.675,234.102,0.919626,0.492700,0.756348
874,2EQ4,52.17,0.587200,1.00,-2166.740,239.494,0.684366,0.422180,0.741211
875,2EQE,64.58,0.717000,1.00,-2715.103,227.632,0.618723,0.573080,0.751465
876,2EQF,61.96,0.580400,1.00,-2552.942,204.284,1.001555,0.541900,0.790527
877,2EQG,68.37,0.651100,1.00,-2540.089,250.510,0.639297,0.608520,0.747070
878,2EQH,76.09,0.669100,1.00,-1149.922,108.505,0.297713,0.339160,0.812988
879,2EQQ,68.75,0.585600,1.00,-1341.433,164.239,0.538687,0.440630,0.802734
880,2EQT,64.29,0.572400,1.00,-1341.433,164.239,0.563897,0.480840,0.802734
881,2EQW,57.74,0.593200,1.00,-2152.062,284.045,0.867580,0.505530,0.772949
882,2ERI,70.97,0.612300,1.00,-2057.864,187.219,0.387786,0.429450,0.649414
883,2ESX,43.42,0.512300,1.00,-578.840,119.486,1.193655,0.162970,0.674805
884,2ESZ,38.16,0.490600,1.00,-578.840,119.486,1.254340,0.189270,0.674805
885,2ETI,81.25,0.666500,1.00,-1960.474,116.897,0.217067,0.480230,0.831543
886,2EVQ,79.17,0.584300,1.00,-455.154,72.014,0.264988,0.436240,0.594727
887,2EYA,81.52,0.697700,1.00,-3636.363,172.203,0.224164,0.717260,0.866211
888,2EYB,86.41,0.706200,1.00,-3636.363,172.203,0.200668,0.737570,0.866211
889,2EYC,83.70,0.680000,1.00,-3636.363,172.203,0.162478,0.729720,0.866211
890,2EYD,88.04,0.712400,1.00,-3636.363,172.203,0.149209,0.780570,0.866211
891,2F2I,83.62,0.675300,1.00,-1719.430,157.227,0.222152,0.588670,0.814453
892,2F2J,85.34,0.717900,1.00,-1533.174,200.148,0.222579,0.602990,0.817383
893,2F5H,36.49,0.355400,1.00,-2143.081,158.037,0.773312,0.287450,0.708008
896,2FJ4,41.89,0.411300,1.00,-2143.081,158.037,0.704955,0.308470,0.708008
897,2FJ5,43.24,0.413900,1.00,-2143.081,158.037,0.725080,0.310860,0.708008
898,2FQA,70.37,0.585100,1.00,-1863.092,160.799,0.335271,0.415360,0.816895
899,2FR9,75.00,0.503800,1.00,-527.805,55.943,0.307618,0.319280,0.655762
900,2FRB,67.31,0.548400,1.00,-458.837,66.704,0.620950,0.341690,0.569336
901,2FXY,75.00,0.652000,1.00,-934.901,41.028,0.322670,0.312600,0.799805
902,2FXZ,88.46,0.702900,1.00,-695.484,38.437,0.191338,0.528920,0.698242
903,2G6U,61.67,0.500700,1.00,-617.502,87.257,0.485989,0.285340,0.627441
904,2G9L,46.62,0.635500,1.00,-2576.017,135.813,0.581048,0.529040,0.856445
905,2G9P,71.15,0.652800,1.00,-1764.072,50.836,0.275864,0.355220,0.823242
906,2GD3,32.29,0.519300,1.00,-688.357,191.171,0.914149,0.212120,0.600586
907,2GDL,32.26,0.415200,1.00,-1387.238,177.160,0.874649,0.308900,0.698242
908,2GFR,79.55,0.535700,1.00,-460.757,100.880,0.266942,0.287940,0.585938
909,2GJ0,78.23,0.651100,1.00,-2044.078,178.870,0.529030,0.578730,0.848633
910,2GL1,99.47,0.854300,1.00,-3511.461,221.810,0.049239,0.953060,0.885742
911,2GOF,57.14,0.577200,1.00,-2140.192,88.192,0.562581,0.457900,0.809082
912,2GOH,62.86,0.580500,1.00,-2140.192,88.192,0.520835,0.495640,0.809082
913,2GP8,77.50,0.643100,1.00,-2684.272,103.624,0.445011,0.652520,0.858887
914,2GQE,92.19,0.778200,1.00,-1884.752,145.399,0.166077,0.764690,0.897949
915,2GW9,91.41,0.701200,1.00,-1999.432,172.459,0.136359,0.720920,0.810059
916,2GWP,89.84,0.719100,1.00,-2046.171,166.274,0.137819,0.675810,0.810059
917,2GX1,62.93,0.500200,1.00,-1763.210,218.023,0.341650,0.382940,0.649414
918,2H1Z,88.46,0.771500,1.00,-2672.575,305.994,0.172596,0.742870,0.900391
919,2H9X,59.04,0.517600,1.00,-3037.065,216.349,0.388004,0.512150,0.887695
920,2HFR,68.52,0.618900,1.00,-1978.482,57.166,0.297213,0.350940,0.892578
921,2HGO,37.96,0.383200,1.00,-1706.900,210.447,0.573640,0.229100,0.584473
922,2HLG,88.46,0.722100,1.00,-2528.850,220.408,0.195259,0.752050,0.834961
923,2HM3,60.48,0.515700,1.00,-1780.917,227.351,0.669399,0.384260,0.621582
924,2HM4,42.74,0.408100,1.00,-1462.392,270.123,0.806082,0.204830,0.525879
925,2HM5,42.74,0.422300,1.00,-1462.392,270.123,0.638197,0.237530,0.525879
926,2HM6,50.00,0.484900,1.00,-1657.985,161.424,0.724079,0.284140,0.587402
927,2HN8,67.11,0.706700,1.00,-3258.570,96.821,0.361752,0.525210,0.785645
928,2I1P,78.65,0.723400,1.00,-2525.165,262.829,0.255536,0.697400,0.828613
929,2I1T,76.39,0.634900,1.00,-2328.609,182.357,0.251130,0.541860,0.854980
930,2I5O,94.23,0.790800,1.00,-2794.388,152.999,0.111014,0.821530,0.847168
931,2I9M,91.18,0.789600,1.00,-1205.355,34.698,0.102526,0.470980,0.869141
932,2I9N,50.76,0.621200,1.00,-1550.242,111.152,0.678649,0.323870,0.589844
933,2I9O,47.97,0.458600,1.00,-1791.447,121.031,0.730032,0.368080,0.568359
934,2IFJ,58.33,0.496300,1.00,-461.936,74.003,0.292584,0.298080,0.602051
935,2IGU,68.75,0.540600,1.00,-566.561,57.591,0.258602,0.303290,0.683594
936,2IH6,54.55,0.508500,1.00,-446.316,67.815,0.392991,0.228120,0.598145
937,2IMU,51.63,0.622400,1.00,-2700.056,168.746,0.565691,0.417170,0.656250
938,2IT7,91.96,0.731800,1.00,-1960.474,116.897,0.110572,0.678260,0.831543
939,2IV4,39.06,0.457600,1.00,-325.032,84.472,0.556475,0.247390,0.724121
940,2IV5,64.13,0.608300,1.00,-889.435,89.273,0.634931,0.376840,0.722656
941,2IV6,38.04,0.539100,1.00,-713.448,98.963,1.178062,0.185510,0.668457
942,2IWJ,46.30,0.471300,1.00,-1182.903,123.804,0.775458,0.284170,0.846191
943,2J15,45.00,0.449600,1.00,-678.782,128.712,0.560080,0.233030,0.551758
944,2J8P,41.33,0.506200,1.00,-4532.194,133.229,1.105138,0.330610,0.880371
945,2JM0,82.14,0.725300,1.00,-3025.677,127.650,0.170966,0.599510,0.873047
946,2JM2,27.78,0.387700,1.00,-1171.345,359.797,0.848858,0.220700,0.543457
947,2JM4,84.30,0.691500,1.00,-2330.255,295.792,0.240671,0.715240,0.836426
948,2JMY,88.33,0.687000,1.00,-1008.328,73.733,0.129187,0.480330,0.566895
949,2JN5,58.33,0.540900,1.00,-352.272,98.663,0.558323,0.260600,0.583008
950,2JNH,82.61,0.660400,1.00,-4539.382,130.378,0.273339,0.721360,0.889648
951,2JNI,71.43,0.484600,1.00,-1264.453,154.093,0.391360,0.298490,0.692871
952,2JOC,66.22,0.592300,1.00,-2414.270,217.567,0.345376,0.498920,0.873535
953,2JOF,61.25,0.670200,1.00,-890.276,75.867,0.901994,0.310120,0.807129
954,2JOS,34.09,0.344700,1.00,-974.660,94.653,0.883366,0.160160,0.582031
955,2JOU,47.06,0.353800,1.00,-3224.925,108.795,1.053136,0.354650,0.688965
956,2JP6,58.78,0.543800,1.00,-2127.654,144.130,0.814299,0.388730,0.846191
957,2JPJ,52.56,0.579100,1.00,-1916.379,171.358,0.833185,0.420250,0.620117
958,2JPK,45.00,0.522100,1.00,-2119.496,150.214,0.824372,0.394930,0.676758
959,2JPL,42.95,0.544800,1.00,-1916.379,171.358,0.751266,0.332410,0.620117
960,2JPM,46.43,0.533700,1.00,-2119.496,150.214,0.557940,0.351810,0.676758
961,2JPW,35.94,0.534400,1.00,-814.325,221.975,0.728592,0.235790,0.624512
962,2JPX,65.71,0.632700,1.00,-2254.029,148.838,0.502601,0.539170,0.803711
963,2JQ2,54.17,0.442400,1.00,-507.074,69.139,0.303810,0.189720,0.618164
964,2JQB,50.00,0.480800,1.00,-595.901,97.760,0.444371,0.248090,0.596191
965,2JQC,61.67,0.435600,1.00,-595.901,97.760,0.449702,0.261180,0.596191
966,2JQW,47.06,0.429200,1.00,-896.199,108.908,0.510099,0.228410,0.658691
967,2JR3,38.69,0.409000,1.00,-2643.639,304.329,0.751646,0.280120,0.501953
968,2JR8,54.17,0.631300,1.00,-1837.849,303.457,0.424728,0.467220,0.560059
969,2JRD,53.70,0.384500,1.00,-758.361,174.466,0.620095,0.304020,0.671387
970,2JRV,65.00,0.595600,1.00,-728.935,64.681,0.584231,0.280550,0.682129
971,2JRW,46.74,0.528500,1.00,-786.320,113.991,0.794278,0.180400,0.840332
972,2JRY,29.89,0.344900,1.00,-3390.326,229.986,1.007100,0.251510,0.785156
973,2JSB,69.05,0.474800,1.00,-1363.688,138.435,0.448838,0.237590,0.730469
974,2JTA,52.50,0.476900,1.00,-400.998,47.266,0.504598,0.373700,0.612305
975,2JTB,92.42,0.698800,1.00,-2042.813,194.903,0.136384,0.734380,0.883301
976,2JTU,36.18,0.360300,1.00,-2608.914,199.543,0.940557,0.271330,0.788086
977,2JTW,65.00,0.653000,1.00,-1590.338,62.828,0.430645,0.376520,0.834473
978,2JUE,33.62,0.300800,1.00,-1748.176,154.962,0.840251,0.224080,0.833008
979,2JUI,56.82,0.649100,1.00,-1799.571,85.754,0.643841,0.430750,0.766602
980,2JUQ,67.31,0.550600,1.00,-629.283,63.164,0.325208,0.312240,0.685059
981,2JUR,82.69,0.603900,1.00,-583.947,94.470,0.207946,0.310150,0.590332
982,2JUS,76.92,0.568900,1.00,-605.442,79.529,0.276403,0.284920,0.601562
983,2JUT,57.69,0.528700,1.00,-497.642,79.434,0.382129,0.127460,0.635254
984,2JUY,54.46,0.528300,1.00,-1749.453,177.961,0.454080,0.259810,0.640625
985,2JVX,89.29,0.735400,1.00,-1767.953,165.589,0.166562,0.700960,0.885742
986,2JVY,82.14,0.655300,1.00,-1831.028,161.827,0.277258,0.604260,0.831543
987,2JWG,87.50,0.725800,1.00,-2815.771,201.694,0.163785,0.796970,0.904785
988,2JWH,49.48,0.636100,1.00,-1982.305,347.080,0.756254,0.425200,0.779297
989,2JWM,92.24,0.759400,1.00,-1931.214,163.620,0.170242,0.733080,0.812988
990,2JXF,72.50,0.709200,1.00,-2396.402,128.807,0.312674,0.500510,0.760742
991,2JY0,66.67,0.587700,1.00,-1689.834,45.525,0.398705,0.386040,0.845703
992,2JYD,64.13,0.698300,1.00,-2026.228,241.370,0.711142,0.571950,0.784180
993,2JYP,42.36,0.408000,1.00,-2707.010,143.019,0.796772,0.285400,0.750977
994,2K10,48.44,0.634400,1.00,-1781.617,133.422,0.582609,0.276320,0.720215
995,2K1A,74.40,0.758100,1.00,-2805.486,142.987,0.292339,0.602550,0.847168
996,2K1I,89.84,0.715400,1.00,-1769.443,185.797,0.140698,0.670430,0.846191
997,2K1P,78.79,0.684000,1.00,-1930.932,182.281,0.314048,0.579190,0.875977
998,2K2Y,78.85,0.650400,1.00,-3080.822,188.987,0.285127,0.628890,0.915039
999,2K2Z,58.97,0.492400,1.00,-2182.438,264.020,0.416682,0.422210,0.864258
1000,2K44,49.11,0.500300,1.00,-1981.757,160.727,0.661516,0.375010,0.662598
1001,2K4U,91.22,0.721400,1.00,-2665.891,241.783,0.112333,0.771440,0.852539
1004,2K6O,72.97,0.756600,1.00,-3164.657,108.482,0.313472,0.547620,0.821289
1005,2K6R,62.93,0.534500,1.00,-2099.528,112.962,0.636338,0.444670,0.728516
1006,2K72,91.89,0.732900,1.00,-3430.904,182.053,0.111428,0.768860,0.852539
1007,2K76,91.67,0.743000,1.00,-1937.407,162.140,0.110615,0.675640,0.875000
1008,2K7G,85.34,0.710500,1.00,-2048.902,167.103,0.241098,0.671560,0.856934
1009,2K7Y,31.11,0.603400,1.00,-2386.688,159.093,1.550490,0.260730,0.780762
1010,2K84,34.17,0.515000,1.00,-1380.691,165.351,0.831903,0.276420,0.728516
1012,2K98,57.29,0.624500,1.00,-1255.798,58.681,0.719296,0.339020,0.824219
1013,2K9D,55.68,0.662900,1.00,-3293.399,94.101,0.994262,0.466410,0.814941
1014,2K9O,70.83,0.565200,1.00,-2212.189,194.823,0.317473,0.479850,0.862793
1015,2KAM,85.58,0.722800,1.00,-1830.681,43.117,0.203568,0.687380,0.888184
1016,2KB8,45.95,0.586500,1.00,-1692.891,250.108,0.933405,0.328350,0.666016
1017,2KB9,74.43,0.633300,1.00,-2880.228,348.277,0.239188,0.606150,0.858887
1018,2KBL,68.10,0.631700,1.00,-1739.108,244.054,0.332568,0.375380,0.857422
1019,2KCF,74.31,0.634100,1.00,-2266.054,201.073,0.379256,0.534900,0.869141
1020,2KCG,68.33,0.589500,1.00,-1932.607,179.420,0.325301,0.360450,0.617676
1021,2KCH,95.69,0.777100,1.00,-1937.022,150.147,0.080553,0.730040,0.847656
1023,2KDT,43.89,0.562700,1.00,-2418.107,241.962,0.687958,0.475530,0.731445
1024,2KE3,38.37,0.527900,1.00,-2439.276,267.215,0.876950,0.327410,0.731445
1025,2KEF,49.00,0.431000,1.00,-1387.622,178.573,0.448422,0.167110,0.613770
1026,2KEG,57.03,0.482000,1.00,-1809.952,104.619,0.775533,0.422900,0.724121
1027,2KEH,57.81,0.477800,1.00,-1809.952,104.619,0.879525,0.438530,0.724121
1028,2KES,47.92,0.756200,1.00,-3813.793,116.501,0.457501,0.753060,0.856445
1029,2KFE,64.58,0.670600,1.00,-1614.239,60.542,0.301473,0.377240,0.838867
1030,2KFQ,33.59,0.330800,1.00,-2399.715,126.505,0.849483,0.327460,0.805176
1031,2KGH,35.26,0.423000,1.00,-2139.610,247.842,1.077159,0.310760,0.834961
1032,2KGN,77.08,0.597900,1.00,-1265.737,65.259,0.247207,0.297030,0.783203
1033,2KGU,82.86,0.680600,1.00,-1818.416,172.860,0.209725,0.644620,0.831055
1034,2KHB,81.03,0.700600,1.00,-1879.307,135.369,0.231760,0.578640,0.862793
1035,2KHF,69.00,0.529600,1.00,-1542.876,79.275,0.647679,0.385890,0.664551
1036,2KHG,65.00,0.513600,1.00,-1542.876,79.275,0.678650,0.421350,0.664551
1037,2KI0,65.97,0.596200,1.00,-2298.899,162.935,0.411482,0.422710,0.806152
1038,2KI9,55.30,0.614200,1.00,-2767.615,57.940,0.509901,0.394410,0.873535
1039,2KIO,51.52,0.501500,1.00,-2201.782,117.047,0.719470,0.398020,0.854004
1040,2KIR,72.79,0.580800,1.00,-2282.239,173.577,0.243077,0.486040,0.874512
1041,2KIT,51.52,0.517700,1.00,-2201.782,117.047,0.661248,0.388770,0.854004
1042,2KJM,45.00,0.514200,1.00,-1965.120,102.842,0.967232,0.298520,0.842285
1043,2KJN,76.92,0.623200,1.00,-1841.847,33.418,0.455336,0.564140,0.880859
1044,2KJO,64.42,0.595200,1.00,-1841.847,33.418,0.416835,0.384490,0.880859
1045,2KLV,46.74,0.574500,1.00,-3000.087,162.956,0.584093,0.385750,0.865723
1046,2KM9,48.00,0.476300,1.00,-1219.346,193.039,0.670499,0.246800,0.563477
1047,2KMO,88.64,0.741400,1.00,-2865.675,185.469,0.205082,0.780700,0.858887
1048,2KMP,85.80,0.740900,1.00,-2865.675,185.469,0.250688,0.762490,0.858887
1049,2KMQ,78.41,0.698900,1.00,-2865.675,185.469,0.264192,0.626220,0.858887
1050,2KMR,68.18,0.583700,1.00,-2865.675,185.469,0.965344,0.572080,0.858887
1051,2KNI,87.80,0.693900,1.00,-2167.138,341.750,0.190013,0.760760,0.855957
1052,2KNM,63.33,0.593400,1.00,-1932.607,179.420,0.329243,0.363350,0.617676
1053,2KNP,46.97,0.454600,1.00,-1440.493,339.665,0.729067,0.267470,0.497070
1054,2KNS,46.97,0.613800,1.00,-1674.488,102.917,0.972261,0.310420,0.804199
1055,2KNU,47.41,0.409800,1.00,-1322.968,247.658,0.643073,0.309430,0.501465
1056,2KOE,41.25,0.530300,1.00,-2958.851,180.685,0.759954,0.320850,0.776855
1057,2KOZ,94.70,0.789000,1.00,-2170.773,140.575,0.112113,0.801880,0.870605
1058,2KP0,88.64,0.691000,1.00,-2226.524,151.692,0.125838,0.700100,0.865234
1059,2KPA,54.81,0.515000,1.00,-1381.161,101.116,0.392133,0.251110,0.837891
1060,2KPB,53.85,0.515600,1.00,-1381.161,101.116,0.493771,0.273390,0.837891
1061,2KSG,33.33,0.611100,1.00,-3054.273,86.260,1.530411,0.272520,0.857422
1062,2KSJ,58.70,0.696400,1.00,-3000.087,162.956,0.520429,0.472120,0.865723
1063,2KTC,67.65,0.587700,1.00,-1889.191,169.828,0.608607,0.412550,0.816406
1064,2KTX,87.50,0.696200,1.00,-2628.003,189.078,0.166982,0.714920,0.867676
1065,2KUK,89.17,0.737000,1.00,-2051.106,210.545,0.115590,0.653940,0.841309
1066,2KUS,81.43,0.732900,1.00,-2194.050,190.796,0.154857,0.610220,0.852051
1067,2KUX,65.83,0.585100,1.00,-2168.497,168.963,0.341463,0.374820,0.669922
1068,2KUY,51.16,0.404600,1.00,-3305.281,304.092,0.765481,0.366200,0.661621
1069,2KV5,69.70,0.631800,1.00,-2393.860,161.735,0.516440,0.591760,0.890137
1070,2KVF,88.39,0.672500,1.00,-1885.411,125.546,0.200658,0.635120,0.863770
1071,2KVG,81.48,0.687300,1.00,-1826.821,92.759,0.193466,0.462660,0.900391
1072,2KVH,91.67,0.683100,1.00,-1801.448,105.614,0.222588,0.642970,0.872070
1073,2KVX,93.75,0.773800,1.00,-1938.289,211.432,0.108108,0.681380,0.814453
1074,2KWT,68.18,0.535500,1.00,-2692.933,143.652,0.427454,0.532810,0.739258
1075,2KWY,59.30,0.732500,1.00,-2631.005,100.913,0.481965,0.641890,0.846680
1076,2KWZ,60.00,0.626600,1.00,-3246.104,105.288,0.384252,0.453230,0.848633
1077,2KXA,41.67,0.459300,1.00,-1196.850,137.755,1.006966,0.298990,0.668457
1078,2KY3,84.85,0.684200,1.00,-2148.974,152.493,0.287800,0.640200,0.853027
1079,2KYA,33.82,0.476500,1.00,-1408.457,131.649,0.897194,0.264310,0.765625
1080,2KYJ,86.81,0.646100,1.00,-2003.148,293.603,0.224050,0.702200,0.827637
1081,2KYK,62.18,0.506000,1.00,-2345.517,175.049,0.671940,0.478120,0.856445
1082,2KZQ,39.58,0.435600,1.00,-1996.295,225.828,1.316437,0.287780,0.591797
1083,2L07,76.39,0.580500,1.00,-916.426,165.343,0.208632,0.251440,0.811523
1084,2L0G,80.47,0.678100,1.00,-2845.627,114.946,0.375895,0.639340,0.803711
1085,2L0L,58.33,0.640600,1.00,-1634.974,63.993,0.584889,0.368760,0.897461
1086,2L0M,65.74,0.650900,1.00,-1634.974,63.993,0.370525,0.326980,0.897461
1087,2L0N,68.33,0.661200,1.00,-2311.256,72.421,0.308468,0.433530,0.829102
1088,2L0O,57.50,0.577900,1.00,-2311.256,72.421,0.424313,0.461050,0.829102
1089,2L1J,57.35,0.519500,1.00,-2085.927,214.223,0.399219,0.396120,0.844727
1090,2L1Q,73.12,0.699800,1.00,-2187.276,254.700,0.648454,0.624590,0.766113
1091,2L1X,40.38,0.532100,1.00,-2650.374,167.563,0.928081,0.327350,0.814941
1092,2L2R,77.03,0.594100,1.00,-1945.701,185.961,0.602506,0.661970,0.789062
1093,2L36,62.50,0.716600,1.00,-1200.595,47.822,0.365703,0.310330,0.737305
1094,2L37,87.79,0.631800,1.00,-3478.906,159.004,0.283257,0.767180,0.862305
1095,2L3H,41.67,0.419200,1.00,-2313.303,129.635,0.926630,0.234200,0.746582
1096,2L3I,60.00,0.521300,1.00,-2214.021,87.715,0.559809,0.408070,0.813477
1097,2L44,85.53,0.592900,1.00,-868.756,89.030,0.166475,0.369080,0.768555
1098,2L4G,60.19,0.513900,1.00,-1120.473,116.729,0.421911,0.378980,0.639648
1099,2L4J,61.41,0.591200,1.00,-2867.854,263.266,0.661173,0.507180,0.801758
1100,2L4U,56.25,0.559300,1.00,-1265.737,65.259,0.501393,0.306370,0.783203
1101,2L5I,39.29,0.445700,1.00,-1314.094,82.382,0.704811,0.140450,0.825684
1102,2L5J,44.05,0.449000,1.00,-1314.094,82.382,0.533472,0.093610,0.825684
1103,2L5R,59.78,0.662100,1.00,-1386.976,34.843,0.514802,0.344290,0.837402
1104,2L61,45.19,0.471800,1.00,-1021.768,152.084,0.544663,0.171730,0.576172
1105,2L62,38.46,0.448100,1.00,-1021.768,152.084,0.554211,0.193670,0.576172
1106,2L63,56.82,0.643200,1.00,-2479.616,83.527,0.536974,0.429790,0.808594
1107,2L64,65.91,0.615000,1.00,-2479.616,83.527,0.298833,0.479280,0.808594
1108,2L6S,47.50,0.644200,1.00,-763.174,72.680,0.843383,0.187450,0.755371
1109,2L6T,47.50,0.607100,1.00,-763.174,72.680,0.673679,0.171640,0.755371
1110,2L70,50.60,0.617600,1.00,-2719.443,170.981,0.634863,0.449890,0.760742
1111,2L71,57.14,0.606700,1.00,-2719.443,170.981,0.465904,0.549460,0.760742
1112,2L77,51.28,0.511900,1.00,-2313.303,129.635,0.826573,0.376690,0.746582
1113,2L79,42.95,0.442100,1.00,-2313.303,129.635,0.846125,0.333670,0.746582
1114,2L7C,34.21,0.351200,1.00,-948.194,97.306,0.700176,0.114710,0.604492
1115,2L7T,63.64,0.551900,1.00,-310.319,63.520,0.417873,0.204770,0.657227
1116,2L87,39.81,0.525000,1.00,-912.375,143.818,0.705538,0.218760,0.660156
1117,2L8E,63.27,0.663500,1.00,-2917.059,254.911,0.832426,0.535250,0.756836
1118,2L91,79.65,0.743700,1.00,-3418.664,96.497,0.222397,0.685070,0.818359
1122,2L9G,75.00,0.590000,1.00,-1218.098,62.820,0.415008,0.273360,0.800293
1123,2L9X,34.17,0.356100,1.00,-1702.679,126.720,0.760824,0.200520,0.689453
1124,2L9Z,58.33,0.687200,1.00,-2201.793,190.899,0.826396,0.441540,0.810059
1125,2LA0,36.67,0.383300,1.00,-1784.035,249.094,0.676988,0.183270,0.692871
1126,2LAM,88.79,0.710500,1.00,-1977.218,215.090,0.241158,0.662240,0.877441
1127,2LAQ,35.42,0.442800,1.00,-1718.835,203.953,0.706204,0.261810,0.583984
1128,2LAT,65.54,0.715300,1.00,-2807.597,98.749,0.529415,0.531500,0.826660
1129,2LB7,80.68,0.660500,1.00,-3041.523,278.541,0.199519,0.669220,0.920410
1130,2LBG,80.56,0.843800,1.00,-1108.057,40.719,0.180359,0.560790,0.918945
1131,2LBZ,36.29,0.403700,1.00,-2195.968,119.804,0.866852,0.253780,0.755859
1132,2LCM,43.75,0.388500,1.00,-2050.636,142.528,0.917936,0.301700,0.663086
1133,2LDE,62.00,0.533100,1.00,-1691.178,84.708,0.373730,0.303680,0.733887
1134,2LDF,64.58,0.564200,1.00,-1738.630,94.866,0.550461,0.346080,0.729492
1135,2LDJ,52.50,0.599100,1.00,-829.144,96.514,0.613039,0.258830,0.721191
1136,2LDS,70.14,0.530200,1.00,-2185.840,215.143,0.347580,0.504110,0.855469
1137,2LE3,71.43,0.642300,1.00,-2814.645,199.941,0.280445,0.550860,0.732422
1138,2LE7,42.50,0.496000,1.00,-1258.654,76.448,0.537820,0.222620,0.709473
1139,2LER,59.09,0.586200,1.00,-392.372,75.721,0.292871,0.347310,0.671875
1140,2LET,86.61,0.696000,1.00,-1881.148,108.776,0.141542,0.576140,0.833496
1141,2LEU,44.59,0.525500,1.00,-2049.350,178.190,0.777166,0.383010,0.564453
1142,2LEW,57.81,0.448000,1.00,-2032.905,188.443,0.371908,0.388040,0.763672
1143,2LEY,92.97,0.748000,1.00,-1997.091,150.051,0.132296,0.749880,0.832031
1144,2LFM,28.12,0.451500,1.00,-1324.871,271.109,1.378885,0.206190,0.534668
1145,2LG4,91.88,0.763300,1.00,-2787.070,172.390,0.180052,0.778450,0.899414
1146,2LG5,73.61,0.603000,1.00,-2519.832,192.056,0.368731,0.536070,0.801758
1147,2LG6,79.86,0.667200,1.00,-2696.033,182.575,0.246994,0.618630,0.794434
1148,2LI3,68.33,0.553000,1.00,-2309.527,178.392,0.467032,0.393260,0.848633
1149,2LIC,25.00,0.529100,1.00,-936.735,240.180,1.001125,0.203400,0.657227
1150,2LID,27.14,0.498400,1.00,-1021.335,227.297,1.178536,0.201640,0.687500
1151,2LIF,60.19,0.637500,1.00,-1448.387,80.746,0.460914,0.432860,0.838867
1152,2LIX,62.96,0.515600,1.00,-1865.363,126.292,0.376770,0.426900,0.850098
1153,2LIY,66.11,0.573000,1.00,-2893.384,262.483,0.372278,0.545050,0.793457
1154,2LJ7,77.66,0.674200,1.00,-3373.292,273.043,0.264602,0.663410,0.883301
1155,2LJQ,48.65,0.467700,1.00,-1697.597,202.280,0.578367,0.360160,0.548828
1156,2LJS,87.50,0.702400,1.00,-1694.091,167.624,0.234024,0.625020,0.832031
1157,2LJT,50.00,0.481300,1.00,-1799.068,248.179,0.709117,0.383050,0.600098
1158,2LK9,60.71,0.596900,1.00,-2093.840,76.548,0.470841,0.487800,0.849609
1159,2LKE,33.33,0.457600,1.00,-500.720,180.314,0.850518,0.164360,0.548340
1160,2LKJ,29.17,0.441800,1.00,-500.720,180.314,0.810190,0.120350,0.548340
1161,2LKQ,50.00,0.492700,1.00,-1201.657,133.029,0.444316,0.243460,0.680664
1162,2LL1,81.82,0.644400,1.00,-2321.356,174.779,0.240714,0.619760,0.856445
1163,2LL2,31.73,0.487900,1.00,-894.469,132.366,0.789256,0.173100,0.615234
1164,2LL5,48.86,0.618900,1.00,-611.446,110.449,0.882532,0.303330,0.712402
1165,2LLD,75.62,0.641100,1.00,-2269.428,349.121,0.368618,0.612790,0.740234
1166,2LLM,60.47,0.721400,1.00,-2393.282,225.211,0.553039,0.482940,0.812500
1167,2LLR,60.23,0.440200,1.00,-1189.994,125.284,0.526149,0.254680,0.551270
1168,2LM8,48.08,0.400200,1.00,-456.917,102.451,0.470550,0.184630,0.503906
1169,2LMA,53.41,0.509500,1.00,-1037.449,183.796,0.494051,0.215800,0.651367
1170,2LMB,25.00,0.459300,1.00,-835.578,303.944,1.249481,0.240880,0.588379
1171,2LMF,71.74,0.729700,1.00,-1599.918,47.647,0.264825,0.402220,0.791016
1172,2LMZ,43.45,0.462400,1.00,-3201.230,340.112,0.679738,0.297290,0.485352
1173,2LNE,61.54,0.515600,1.00,-473.742,81.383,0.381842,0.245190,0.614258
1174,2LNF,57.69,0.500700,1.00,-473.742,81.383,0.356597,0.265760,0.614258
1175,2LNG,51.92,0.481200,1.00,-473.742,81.383,0.400480,0.220910,0.614258
1176,2LO2,71.71,0.653000,1.00,-2131.366,160.366,0.373592,0.575890,0.800781
1177,2LO3,63.07,0.662000,1.00,-2714.388,196.355,0.506897,0.488070,0.861328
1178,2LO7,70.16,0.558200,1.00,-2313.726,136.756,0.607488,0.487780,0.809082
1179,2LQ0,75.00,0.533500,1.00,-1598.890,95.277,0.441873,0.537060,0.666016
1180,2LQ1,41.00,0.484000,1.00,-1045.865,128.763,0.601873,0.177980,0.800781
1181,2LQ2,56.67,0.584200,1.00,-1125.731,129.680,0.470462,0.316010,0.813965
1182,2LQA,68.24,0.548400,1.00,-2723.541,210.760,0.252301,0.472510,0.870117
1183,2LQX,85.37,0.656700,1.00,-3109.742,164.720,0.317037,0.742230,0.860352
1184,2LQY,70.00,0.590200,1.00,-1264.776,45.439,0.413309,0.313650,0.757812
1185,2LR3,79.26,0.600400,1.00,-3244.985,228.794,0.200021,0.692550,0.872559
1186,2LR5,78.95,0.640000,1.00,-2793.384,203.505,0.274968,0.612320,0.895996
1187,2LR7,31.90,0.446600,1.00,-2020.554,85.245,0.939222,0.201630,0.794434
1188,2LRX,52.78,0.534500,1.00,-3080.513,184.558,0.505502,0.368860,0.764160
1189,2LS1,37.50,0.398500,1.00,-974.924,226.861,0.594360,0.184740,0.694336
1190,2LS2,74.00,0.668700,1.00,-1961.573,31.611,0.409680,0.533430,0.782715
1191,2LS3,69.83,0.701000,1.00,-2574.948,49.001,0.343634,0.503010,0.829102
1192,2LS4,68.75,0.584200,1.00,-1489.982,48.030,0.347969,0.383580,0.837891
1193,2LS9,62.00,0.596000,1.00,-1328.550,61.341,0.397079,0.235180,0.731445
1194,2LSA,56.52,0.547400,1.00,-1326.459,147.458,0.385219,0.269910,0.552734
1195,2LSQ,55.00,0.433700,1.00,-1730.932,124.308,0.518286,0.246430,0.695312
1196,2LSW,26.88,0.545900,1.00,-1357.523,233.434,1.175690,0.231130,0.694336
1197,2LT8,83.33,0.738600,1.00,-3087.204,177.159,0.203290,0.695240,0.881348
1198,2LTI,27.17,0.518800,1.00,-673.894,150.134,1.254620,0.162380,0.762695
1200,2LU9,83.06,0.676300,1.00,-2038.852,134.906,0.227575,0.532720,0.852051
1201,2LUF,61.25,0.509700,1.00,-843.255,104.220,0.464922,0.301320,0.635742
1202,2LUG,37.50,0.491600,1.00,-1423.033,239.386,1.456717,0.283680,0.752930
1203,2LUR,68.97,0.577800,1.00,-1888.490,143.185,0.436779,0.404390,0.800293
1204,2LUV,25.71,0.468900,1.00,-979.151,351.970,1.160067,0.236560,0.610840
1205,2LVG,70.00,0.704900,1.00,-2791.085,70.866,0.329759,0.498140,0.833008
1206,2LWB,60.00,0.474400,1.00,-1520.540,87.904,0.397995,0.189150,0.734375
1207,2LWL,68.88,0.633000,1.00,-2848.543,297.723,0.560934,0.601150,0.795410
1208,2LWQ,70.31,0.553300,1.00,-636.411,104.049,0.267945,0.247730,0.564453
1209,2LWS,66.67,0.591600,1.00,-499.404,68.351,0.280475,0.326960,0.684570
1210,2LWT,44.44,0.392400,1.00,-772.069,124.768,0.471168,0.231030,0.562500
1211,2LWU,83.33,0.722700,1.00,-646.577,58.018,0.240816,0.381560,0.797363
1212,2LWV,73.53,0.662500,1.00,-653.884,126.947,0.240887,0.318650,0.714844
1213,2LX0,60.16,0.659900,1.00,-2944.625,50.958,0.449868,0.401710,0.863770
1214,2LX4,67.65,0.488500,1.00,-1145.526,59.198,0.491928,0.411130,0.751953
1215,2LX5,83.33,0.677000,1.00,-813.124,45.724,0.270311,0.402770,0.660645
1216,2LX6,39.47,0.582300,1.00,-598.319,98.759,0.952773,0.165080,0.675781
1217,2LXO,47.16,0.452000,1.00,-3163.751,241.671,0.602325,0.357190,0.872559
1218,2LXZ,91.41,0.731200,1.00,-2208.170,137.299,0.104171,0.705950,0.855957
1219,2LYE,36.11,0.321800,1.00,-594.565,140.546,0.671645,0.207140,0.551270
1220,2LYF,38.89,0.341800,1.00,-777.909,174.146,0.681332,0.164880,0.550781
1221,2LZI,37.50,0.346000,1.00,-673.967,151.504,0.564627,0.117850,0.504883
1222,2LZO,41.38,0.401400,1.00,-1560.197,210.596,0.881847,0.233650,0.567383
1223,2LZP,53.23,0.469600,1.00,-1847.584,114.986,0.624106,0.470400,0.862793
1224,2LZQ,74.04,0.659700,1.00,-2151.700,121.548,0.308760,0.527950,0.682617
1225,2LZX,72.97,0.596700,1.00,-2673.752,166.559,0.242251,0.538140,0.865234
1226,2LZY,80.00,0.669000,1.00,-2361.270,220.284,0.268230,0.613220,0.867676
1227,2M0H,69.32,0.643700,1.00,-1445.165,65.224,0.334714,0.357320,0.749023
1228,2M0S,43.75,0.523900,1.00,-1603.533,110.098,0.616499,0.274060,0.759766
1229,2M0W,50.00,0.580600,1.00,-944.088,141.146,0.831592,0.238070,0.582520
1230,2M1A,83.65,0.661400,1.00,-1434.290,53.960,0.152338,0.518820,0.762695
1231,2M1J,65.83,0.620900,1.00,-2093.460,57.378,0.540727,0.471240,0.761230
1232,2M1P,44.44,0.359000,1.00,-842.976,63.304,0.503245,0.149060,0.619629
1233,2M1T,61.36,0.559200,1.00,-1388.371,83.159,0.456354,0.233830,0.726074
1234,2M2G,34.72,0.325400,1.00,-444.942,153.940,0.783279,0.213260,0.569336
1235,2M2H,33.33,0.306600,1.00,-888.391,99.842,0.554736,0.139670,0.730469
1236,2M2Q,85.94,0.715200,1.00,-2383.006,142.774,0.203068,0.645310,0.863281
1237,2M2R,78.03,0.646500,1.00,-2305.771,216.583,0.242528,0.574430,0.888184
1238,2M2S,47.22,0.349700,1.00,-804.788,62.385,0.462503,0.144680,0.748535
1239,2M2X,29.17,0.288500,1.00,-863.150,27.002,1.019131,0.132280,0.839844
1240,2M2Y,30.56,0.397500,1.00,-613.937,130.430,0.615931,0.171120,0.542480
1241,2M36,40.13,0.353100,1.00,-1920.723,370.443,0.928024,0.294740,0.491455
1242,2M37,39.47,0.540000,1.00,-617.758,134.784,1.057817,0.153020,0.739258
1243,2M3F,80.68,0.725000,1.00,-1598.655,49.350,0.162452,0.531980,0.772461
1244,2M3J,78.79,0.652400,1.00,-2303.137,143.551,0.227064,0.561370,0.890137
1245,2M3N,56.94,0.490000,1.00,-727.100,130.731,0.474780,0.185420,0.561523
1246,2M4X,64.29,0.504200,1.00,-2125.932,212.819,0.313706,0.372050,0.701660
1247,2M4Z,55.00,0.489900,1.00,-2085.341,237.250,0.431551,0.325350,0.769531
1248,2M50,67.14,0.528200,1.00,-2238.077,208.599,0.326753,0.436130,0.702148
1249,2M5L,48.75,0.578300,1.00,-806.927,95.030,0.508886,0.177590,0.805664
1250,2M5X,93.75,0.840300,1.00,-2758.230,154.282,0.114123,0.838650,0.920898
1251,2M5Z,93.75,0.735700,1.00,-5287.151,158.596,0.106578,0.863950,0.886719
1252,2M60,84.88,0.704100,1.00,-5488.116,150.064,0.163491,0.711160,0.882324
1253,2M62,52.08,0.500400,1.00,-473.007,128.780,0.392163,0.194330,0.627930
1254,2M6A,80.36,0.675700,1.00,-1757.841,105.077,0.153817,0.485770,0.781738
1255,2M6O,78.65,0.690300,1.00,-3078.987,256.898,0.383292,0.705780,0.838379
1256,2M6P,80.43,0.660100,1.00,-3387.909,276.358,0.456601,0.718950,0.850586
1257,2M73,62.00,0.544400,1.00,-1656.158,59.373,0.514907,0.293610,0.770508
1258,2M77,87.50,0.717000,1.00,-970.921,86.227,0.196333,0.383750,0.710449
1259,2M78,43.06,0.378900,1.00,-836.572,97.556,0.480886,0.176480,0.546875
1260,2M79,81.94,0.689400,1.00,-920.328,98.996,0.156220,0.246520,0.697754
1261,2M7C,76.19,0.629200,1.00,-1132.111,75.678,0.341643,0.285330,0.783691
1262,2M7D,62.50,0.600400,1.00,-1065.612,89.013,0.569517,0.374620,0.691406
1263,2M7E,42.31,0.384000,1.00,-1473.599,136.535,0.684773,0.310520,0.721191
1264,2M7I,48.21,0.558400,1.00,-161.172,104.388,0.790020,0.178560,0.652344
1265,2M7J,48.21,0.447100,1.00,-346.513,88.995,0.586342,0.231920,0.626953
1266,2M7P,76.79,0.679000,1.00,-2603.849,269.272,0.229642,0.628530,0.833008
1267,2M7T,78.79,0.607900,1.00,-2047.892,190.612,0.269394,0.641950,0.686523
1268,2M7X,40.13,0.509100,1.00,-1944.562,199.508,0.774073,0.275870,0.828125
1269,2M8F,28.12,0.436200,1.00,-1025.099,103.782,1.091627,0.192840,0.727051
1270,2M8I,74.42,0.701900,1.00,-2604.615,199.805,0.440274,0.595890,0.808594
1271,2M8J,76.16,0.705200,1.00,-2440.219,253.063,0.354102,0.652490,0.805176
1272,2M8M,71.43,0.668400,1.00,-2252.696,137.262,0.336905,0.475450,0.720703
1273,2M8O,72.32,0.660500,1.00,-2252.696,137.262,0.242586,0.495340,0.720703
1274,2M96,77.27,0.653400,1.00,-2329.883,302.639,0.328020,0.633030,0.823242
1275,2M9E,88.64,0.746200,1.00,-2174.070,180.053,0.190767,0.703180,0.889160
1276,2M9F,76.52,0.704900,1.00,-2174.070,180.053,0.343165,0.524070,0.889160
1277,2M9I,80.88,0.692000,1.00,-2209.617,226.178,0.295031,0.608510,0.879395
1278,2M9J,83.09,0.699700,1.00,-2209.617,226.178,0.283479,0.670820,0.879395
1279,2M9L,81.43,0.635400,1.00,-2427.474,262.458,0.350508,0.633970,0.738770
1280,2M9O,89.66,0.720200,1.00,-1953.539,175.383,0.217669,0.705060,0.838379
1281,2M9R,24.38,0.458600,1.00,-1324.871,271.109,1.639846,0.181260,0.534668
1282,2M9S,28.75,0.477600,1.00,-1324.871,271.109,1.607667,0.280880,0.534668
1283,2MAA,75.00,0.647700,1.00,-648.216,91.197,0.237626,0.448050,0.658203
1284,2MAE,48.08,0.481800,1.00,-916.508,240.926,1.007303,0.270440,0.558105
1285,2MAU,55.83,0.503100,1.00,-1767.112,383.546,0.453879,0.329760,0.513672
1286,2MBD,73.15,0.667700,1.00,-1455.124,72.492,0.341629,0.501550,0.654297
1287,2MBY,52.72,0.581300,1.00,-3383.940,191.330,0.679792,0.443090,0.777832
1288,2MCE,57.14,0.522700,1.00,-778.570,131.063,0.467050,0.216570,0.635254
1289,2MD1,72.06,0.532700,1.00,-765.789,73.680,0.337579,0.281200,0.602051
1290,2MD2,65.00,0.523500,1.00,-382.510,43.975,0.322164,0.430770,0.604492
1291,2MD4,81.25,0.634600,1.00,-505.854,77.492,0.144113,0.369390,0.604004
1292,2MD6,75.00,0.596700,1.00,-966.961,59.426,0.267395,0.272920,0.715332
1293,2MDC,44.79,0.485700,1.00,-2957.978,255.658,0.890491,0.374660,0.790527
1294,2MDL,31.25,0.406000,1.00,-1299.232,133.748,0.745252,0.137850,0.753418
1295,2MDU,42.24,0.460300,1.00,-1310.781,202.800,1.303797,0.310420,0.581543
1296,2ME1,62.04,0.556100,1.00,-2452.884,70.737,0.467238,0.361510,0.824219
1297,2ME2,54.63,0.597800,1.00,-2391.356,59.237,0.458906,0.358900,0.772949
1298,2ME3,62.04,0.573900,1.00,-2353.750,77.672,0.332891,0.334780,0.742188
1299,2ME4,60.19,0.574900,1.00,-2238.613,67.171,0.404183,0.356850,0.776855
1300,2ME7,90.91,0.769500,1.00,-2188.660,138.166,0.244386,0.768890,0.851562
1301,2MEL,87.88,0.763800,1.00,-2263.441,122.368,0.183346,0.700300,0.863281
1302,2MEN,81.06,0.669500,1.00,-2087.706,136.490,0.351863,0.612860,0.860840
1303,2MEO,78.79,0.640200,1.00,-2186.504,112.225,0.361080,0.582190,0.859375
1304,2MF3,26.06,0.288600,1.00,-3207.287,408.297,0.926812,0.241530,0.529785
1305,2MFM,46.67,0.493600,1.00,-467.899,59.940,0.662036,0.106500,0.611816
1306,2MFO,43.33,0.460700,1.00,-394.190,59.872,0.660028,0.217760,0.660156
1307,2MFP,31.45,0.428200,1.00,-1238.959,300.115,0.860060,0.202050,0.550781
1308,2MFS,83.57,0.710100,1.00,-2435.724,186.128,0.180215,0.661800,0.822754
1309,2MFV,35.71,0.588100,1.00,-120.141,75.621,0.972560,0.233160,0.690918
1310,2MG1,72.22,0.697200,1.00,-1634.145,60.952,0.262200,0.459990,0.887695
1311,2MG2,74.11,0.661800,1.00,-1970.192,159.889,0.335292,0.469660,0.838867
1312,2MG3,73.21,0.667000,1.00,-1970.192,159.889,0.303904,0.446970,0.838867
1313,2MH1,74.24,0.639000,1.00,-2105.851,162.097,0.407615,0.543910,0.823242
1314,2MHU,40.00,0.422400,1.00,-1707.068,241.411,0.638786,0.208950,0.668945
1315,2MHW,49.07,0.631200,1.00,-1694.348,44.032,0.708344,0.353220,0.868164
1316,2MI1,50.00,0.461400,1.00,-528.398,92.172,0.467020,0.187070,0.556641
1317,2MI9,43.33,0.443000,1.00,-1855.984,193.991,0.609566,0.272310,0.676270
1318,2MIA,41.67,0.447200,1.00,-1855.984,193.991,0.596625,0.301750,0.676270
1319,2MID,56.25,0.463100,1.00,-372.229,71.764,0.402124,0.338600,0.652832
1320,2MIE,39.58,0.507100,1.00,-363.111,56.310,0.657936,0.195050,0.758301
1321,2MIF,45.83,0.481500,1.00,-323.681,65.045,0.521290,0.283560,0.745605
1322,2MIG,70.83,0.552400,1.00,-398.809,65.360,0.352915,0.277900,0.645508
1323,2MIH,37.50,0.502700,1.00,-352.912,74.063,0.860021,0.212120,0.709961
1324,2MIJ,70.27,0.591800,1.00,-2813.479,78.064,0.306056,0.521270,0.921387
1325,2MIX,52.38,0.467200,1.00,-1050.830,116.348,0.613136,0.209650,0.516113
1326,2MJ1,41.67,0.365500,1.00,-709.301,101.211,0.647248,0.207620,0.645020
1327,2MJ2,61.11,0.617000,1.00,-2620.587,127.049,0.766985,0.498770,0.788574
1328,2MJ9,65.38,0.692300,1.00,-2427.555,142.230,0.430599,0.484130,0.779785
1329,2MJC,63.24,0.626800,1.00,-1814.009,188.255,0.688700,0.455720,0.742188
1330,2MJK,86.59,0.724300,1.00,-3581.095,180.242,0.235609,0.738390,0.788086
1331,2MKB,70.00,0.599200,1.00,-1790.848,73.085,0.358080,0.486420,0.729004
1332,2ML7,67.74,0.605300,1.00,-2179.036,212.258,0.275660,0.373300,0.588867
1333,2MLA,92.57,0.727100,1.00,-2431.363,244.979,0.103315,0.777240,0.848633
1334,2MLD,92.57,0.745900,1.00,-2401.879,188.928,0.105347,0.786890,0.859863
1335,2MLJ,45.83,0.505200,1.00,-538.610,67.962,1.069467,0.132180,0.622559
1336,2MLO,76.56,0.558600,1.00,-968.168,90.486,0.256423,0.331150,0.602051
1337,2MLQ,71.88,0.538100,1.00,-968.168,90.486,0.286246,0.293890,0.602051
1338,2MLU,46.67,0.449100,1.00,-1193.825,275.931,0.511892,0.237180,0.567871
1339,2MLV,45.00,0.454000,1.00,-1193.825,275.931,0.548198,0.218560,0.567871
1340,2MM5,55.83,0.507700,1.00,-1685.641,286.806,0.417826,0.233720,0.469727
1341,2MM6,81.67,0.647800,1.00,-2119.781,241.922,0.197169,0.559680,0.825195
1342,2MMM,62.50,0.657400,1.00,-1499.983,323.465,0.314229,0.476440,0.604492
1343,2MMT,36.90,0.384200,1.00,-973.892,167.373,0.619102,0.192620,0.635254
1344,2MMW,48.81,0.454800,1.00,-963.933,165.749,0.545546,0.106890,0.563477
1345,2MN1,85.83,0.696200,1.00,-2029.615,134.342,0.200899,0.645760,0.863281
1346,2MN3,55.68,0.472500,1.00,-2323.383,346.086,0.375074,0.401840,0.786621
1347,2MOC,90.91,0.679400,1.00,-463.396,38.417,0.205619,0.493060,0.665527
1348,2MOF,59.52,0.578100,1.00,-2702.539,200.172,0.592177,0.528900,0.798340
1349,2MPJ,77.00,0.561600,1.00,-1294.094,125.640,0.358076,0.390460,0.830078
1350,2MPQ,82.64,0.688800,1.00,-2149.072,269.909,0.233655,0.653110,0.837402
1351,2MQ2,50.00,0.464800,1.00,-279.941,93.265,0.465373,0.274530,0.608887
1352,2MQ4,59.09,0.470000,1.00,-252.938,102.663,0.426324,0.246940,0.568848
1353,2MQ5,60.00,0.422700,1.00,-121.508,69.061,0.384018,0.345780,0.555176
1354,2MQF,97.79,0.782800,1.00,-2057.866,189.487,0.073699,0.852090,0.889160
1355,2MQU,55.00,0.483900,1.00,-2485.641,192.906,0.445647,0.364190,0.706543
1356,2MR9,86.36,0.715300,1.00,-4248.611,129.611,0.164574,0.775370,0.895508
1357,2MRB,45.16,0.406200,1.00,-1812.510,176.062,0.628722,0.237210,0.700195
1358,2MRF,76.52,0.692500,1.00,-2191.906,123.105,0.283740,0.535670,0.882812
1359,2MRT,46.67,0.440600,1.00,-1799.536,208.797,0.619325,0.224930,0.634766
1360,2MRW,37.50,0.304400,1.00,-3426.609,171.165,1.084518,0.363570,0.863770
1361,2MSF,43.97,0.435700,1.00,-1728.839,238.168,0.674323,0.317460,0.627930
1362,2MSO,72.50,0.582100,1.00,-1786.792,244.221,0.370299,0.451320,0.567383
1363,2MSQ,69.44,0.567700,1.00,-1692.458,152.662,0.280161,0.344620,0.789062
1364,2MSU,66.25,0.615900,1.00,-1170.455,57.612,0.367432,0.328960,0.841797
1365,2MT7,94.29,0.782400,1.00,-2310.577,182.092,0.126459,0.811410,0.887695
1366,2MT8,65.38,0.591900,1.00,-2281.129,230.887,0.565709,0.562970,0.707031
1367,2MTM,52.63,0.436200,1.00,-1028.295,309.208,0.376434,0.173110,0.524902
1368,2MTO,69.23,0.521200,1.00,-561.425,114.370,0.449087,0.243850,0.669434
1369,2MTT,73.08,0.574600,1.00,-483.325,90.826,0.264146,0.329070,0.656250
1370,2MTU,71.15,0.561400,1.00,-483.325,90.826,0.360654,0.269610,0.656250
1371,2MTW,63.75,0.526800,1.00,-1067.335,92.393,0.504913,0.399260,0.662109
1372,2MTY,45.00,0.557600,1.00,-811.904,61.367,0.540338,0.106840,0.698730
1373,2MU6,73.75,0.613500,1.00,-1248.920,54.952,0.437974,0.306060,0.699219
1374,2MU7,50.00,0.473400,1.00,-704.704,97.414,0.538168,0.221230,0.591309
1375,2MU8,41.25,0.490200,1.00,-784.914,138.585,0.653267,0.127600,0.542969
1376,2MU9,65.00,0.602500,1.00,-1329.340,88.169,0.455558,0.303750,0.760742
1377,2MUA,82.14,0.691800,1.00,-1220.675,57.473,0.187843,0.392820,0.746094
1378,2MUB,88.10,0.711200,1.00,-3595.101,277.350,0.207820,0.772100,0.874023
1379,2MUE,73.75,0.638700,1.00,-1386.205,57.302,0.314225,0.241600,0.722168
1380,2MUF,63.75,0.574500,1.00,-936.869,109.670,0.387595,0.305010,0.646484
1381,2MUH,56.25,0.393600,1.00,-517.499,102.099,0.502877,0.181880,0.570801
1382,2MUJ,30.95,0.445900,1.00,-780.235,139.000,0.751949,0.105100,0.649414
1383,2MUN,45.11,0.451500,1.00,-3540.595,168.415,0.878052,0.356270,0.828125
1384,2MUQ,72.16,0.706900,1.00,-2835.616,147.588,0.436965,0.606530,0.825195
1385,2MV6,54.59,0.689500,1.00,-3517.738,212.616,0.511871,0.562720,0.737305
1386,2MVA,64.81,0.547700,1.00,-1387.602,166.305,0.445365,0.303920,0.875000
1387,2MVH,58.65,0.621600,1.00,-1450.221,110.149,0.707474,0.358060,0.775879
1388,2MVI,41.28,0.390600,1.00,-2988.994,343.020,0.783416,0.323160,0.683105
1389,2MVJ,79.81,0.628100,1.00,-1853.825,64.730,0.207698,0.526320,0.867188
1390,2MVK,34.62,0.457300,1.00,-916.508,240.926,0.763499,0.183690,0.558105
1391,2MVL,32.69,0.465700,1.00,-916.508,240.926,0.771463,0.183510,0.558105
1392,2MVM,51.70,0.622500,1.00,-2255.862,227.296,0.953462,0.413820,0.719238
1393,2MVN,55.68,0.668900,1.00,-2255.862,227.296,0.743056,0.466160,0.719238
1394,2MVT,44.15,0.454800,1.00,-3714.359,228.305,0.942087,0.359940,0.796875
1395,2MW0,79.31,0.642200,1.00,-1867.102,128.275,0.269244,0.513820,0.671387
1396,2MW3,35.71,0.489900,1.00,-924.780,113.761,1.005669,0.190490,0.653320
1397,2MW7,80.41,0.688100,1.00,-1969.005,315.448,0.262149,0.607550,0.862305
1398,2MW9,80.41,0.725200,1.00,-2219.138,221.048,0.310944,0.640700,0.830566
1399,2MWA,70.95,0.625500,1.00,-2380.887,185.167,0.624911,0.552200,0.822754
1400,2MWB,76.35,0.681000,1.00,-2281.234,231.363,0.334510,0.594830,0.830566
1401,2MWD,85.71,0.678500,1.00,-1674.460,130.575,0.162985,0.531560,0.861328
1402,2MWE,82.14,0.644900,1.00,-1660.895,147.442,0.197258,0.494530,0.859375
1403,2MWF,78.12,0.642900,1.00,-2107.797,183.161,0.239171,0.544310,0.818848
1404,2MWJ,94.44,0.810200,1.00,-2428.629,179.938,0.104252,0.790440,0.932129
1405,2MWK,95.14,0.829400,1.00,-2428.629,179.938,0.087666,0.806050,0.932129
1406,2MWL,50.00,0.439200,1.00,-516.272,77.277,0.479239,0.191950,0.608887
1407,2MWT,50.00,0.502700,1.00,-1762.315,231.717,0.787273,0.314010,0.567871
1408,2MX4,36.67,0.531500,1.00,-1835.860,236.836,1.520220,0.301370,0.712891
1409,2MXG,60.94,0.469300,1.00,-516.272,77.277,0.326244,0.215360,0.608887
1410,2MXH,46.88,0.501300,1.00,-516.272,77.277,0.521009,0.247600,0.608887
1411,2MXM,96.21,0.794400,1.00,-2225.082,198.013,0.070367,0.844160,0.877441
1412,2MXO,88.24,0.678900,1.00,-2222.472,165.689,0.154397,0.707510,0.876953
1413,2MXP,90.91,0.788000,1.00,-2527.941,155.728,0.216695,0.783180,0.894043
1414,2MXQ,69.12,0.575100,1.00,-2101.602,153.409,0.291976,0.453160,0.816895
1415,2MXV,65.70,0.601600,1.00,-2587.817,200.836,0.647387,0.541380,0.842773
1416,2MYH,61.59,0.524000,1.00,-2569.863,190.640,0.431894,0.429930,0.780762
1417,2MYL,83.75,0.656500,1.00,-1440.196,54.921,0.285190,0.332040,0.771484
1418,2MYM,58.75,0.563300,1.00,-1478.260,64.470,0.462584,0.251730,0.774902
1419,2MZ2,69.12,0.624200,1.00,-834.656,82.944,0.342099,0.291340,0.774414
1420,2MZ3,66.18,0.603400,1.00,-834.656,82.944,0.372641,0.290080,0.774414
1421,2MZ4,44.57,0.457300,1.00,-3540.595,168.415,0.824964,0.347520,0.828125
1422,2MZ7,20.11,0.521100,1.00,-1262.578,303.334,1.450907,0.227700,0.680176
1423,2MZA,57.35,0.541200,1.00,-834.656,82.944,0.471202,0.263760,0.774414
1424,2MZX,65.00,0.502900,1.00,-364.267,69.517,0.229804,0.370180,0.596191
1426,2N0X,34.38,0.546900,1.00,-526.471,95.508,0.965293,0.224160,0.745605
1427,2N16,71.25,0.546000,1.00,-1192.635,47.628,0.282382,0.240970,0.792969
1428,2N1C,36.96,0.414600,1.00,-816.354,126.950,0.688098,0.127790,0.572266
1429,2N1N,87.86,0.683300,1.00,-2539.257,189.972,0.148874,0.684780,0.840332
1430,2N1P,70.83,0.633200,1.00,-1717.077,117.932,0.364700,0.456400,0.754395
1431,2N1S,73.33,0.611200,1.00,-1814.851,204.491,0.356777,0.485770,0.848633
1432,2N24,58.87,0.505100,1.00,-1650.973,241.719,0.866229,0.496990,0.674805
1433,2N2C,37.79,0.616600,1.00,-1813.597,229.923,0.837925,0.395700,0.581055
1434,2N2F,67.31,0.570000,1.00,-290.402,81.983,0.291642,0.321260,0.590332
1435,2N2G,89.39,0.722700,1.00,-2183.156,207.557,0.155290,0.677230,0.896973
1436,2N2S,39.84,0.443000,1.00,-2171.736,246.579,0.802041,0.293570,0.735352
1437,2N3P,87.50,0.731300,1.00,-1924.732,255.103,0.201239,0.637700,0.877930
1438,2N4K,64.53,0.575400,1.00,-1936.268,205.506,0.352764,0.478110,0.611328
1439,2N4R,85.14,0.762300,1.00,-2326.005,189.413,0.606557,0.772730,0.804688
1440,2N4S,81.08,0.715100,1.00,-2331.069,194.022,0.517696,0.676560,0.810547
1441,2N4T,89.19,0.762700,1.00,-2472.829,170.131,0.281599,0.772800,0.812012
1442,2N4U,80.41,0.688700,1.00,-2304.522,210.703,0.376776,0.655850,0.813965
1443,2N4V,79.73,0.731200,1.00,-2219.504,182.637,0.600651,0.667160,0.811523
1444,2N4W,81.76,0.731400,1.00,-2448.209,185.748,0.357556,0.685550,0.791992
1445,2N58,70.83,0.581900,1.00,-2405.707,143.750,0.274460,0.429300,0.840332
1446,2N5C,45.00,0.423800,1.00,-572.383,93.954,0.583723,0.194980,0.692383
1447,2N5J,77.55,0.684300,1.00,-4467.928,180.312,0.234558,0.688220,0.858398
1448,2N5K,72.41,0.573100,1.00,-1394.152,228.560,0.401036,0.487660,0.797363
1449,2N5Q,87.96,0.689700,1.00,-1757.391,174.943,0.200007,0.598440,0.804199
1450,2N5R,91.67,0.639400,1.00,-600.005,45.399,0.165922,0.494900,0.696289
1451,2N63,45.31,0.404200,1.00,-516.272,77.277,0.480647,0.224400,0.608887
1452,2N68,41.30,0.570600,1.00,-673.894,150.134,1.061479,0.153240,0.762695
1453,2N6B,84.56,0.671200,1.00,-2553.985,153.124,0.149715,0.641180,0.852051
1454,2N6M,69.05,0.593900,1.00,-1161.059,78.707,0.395858,0.330310,0.696289
1455,2N6N,65.62,0.527900,1.00,-2003.042,142.137,0.509817,0.443350,0.830566
1456,2N6O,81.43,0.639800,1.00,-2432.300,204.376,0.369329,0.652670,0.867188
1457,2N6U,35.00,0.507900,1.00,-756.937,113.894,1.061749,0.109680,0.735840
1458,2N6V,30.21,0.455700,1.00,-1025.099,103.782,0.943784,0.211570,0.727051
1459,2N7F,66.41,0.573400,1.00,-2823.127,155.082,0.372521,0.423460,0.846680
1460,2N7I,62.84,0.624600,1.00,-3062.693,90.305,0.498769,0.577450,0.842285
1461,2N85,46.95,0.398200,1.00,-3058.056,130.225,1.178102,0.433330,0.863770
1462,2N8B,59.03,0.547400,1.00,-2192.911,186.870,0.576908,0.406570,0.679688
1463,2N8E,61.03,0.518100,1.00,-1621.803,243.700,0.526567,0.396360,0.789551
1464,2N8H,77.86,0.610200,1.00,-2146.537,184.052,0.260925,0.569080,0.733887
1465,2N8S,82.69,0.747300,1.00,-2440.337,159.572,0.337061,0.690840,0.875488
1466,2N8U,73.72,0.683800,1.00,-1932.058,179.660,0.336246,0.589470,0.852051
1467,2N92,52.42,0.508500,1.00,-1888.550,88.139,0.704322,0.390690,0.739258
1468,2N94,85.94,0.743800,1.00,-3176.178,220.420,0.201026,0.773040,0.883789
1469,2N95,81.12,0.715000,1.00,-3009.761,341.438,0.305211,0.718010,0.881348
1470,2N9C,53.75,0.459200,1.00,-653.544,75.365,0.538259,0.213760,0.572266
1471,2N9M,54.69,0.478700,1.00,-516.272,77.277,0.354924,0.259600,0.608887
1472,2N9N,46.88,0.436100,1.00,-516.272,77.277,0.498725,0.281810,0.608887
1473,2N9O,76.19,0.728500,1.00,-3012.553,247.838,0.650362,0.669230,0.831055
1474,2N9T,68.33,0.536600,1.00,-1845.217,163.282,0.366242,0.435180,0.682617
1475,2N9Z,73.81,0.638300,1.00,-2714.139,223.889,0.507159,0.636600,0.804688
1476,2NA3,89.58,0.639100,1.00,-811.790,39.270,0.172625,0.555710,0.757812
1477,2NA8,57.39,0.661200,1.00,-3223.944,197.366,0.785377,0.488590,0.768555
1478,2NA9,56.82,0.659300,1.00,-3326.688,192.919,0.662892,0.496720,0.780762
1479,2NAB,65.24,0.679100,1.00,-2760.296,171.239,0.890747,0.565610,0.755371
1480,2NAE,27.33,0.424800,1.00,-1618.756,296.585,1.237397,0.217520,0.609375
1481,2NAJ,86.36,0.711500,1.00,-2204.958,222.802,0.172339,0.647030,0.824219
1482,2NAL,89.58,0.671000,1.00,-823.950,30.081,0.202469,0.444890,0.702637
1483,2NAT,41.96,0.502400,1.00,-1669.158,101.456,0.683164,0.279760,0.730957
1484,2NAU,58.04,0.520600,1.00,-1760.479,61.408,0.508685,0.358800,0.753418
1485,2NAW,39.10,0.532400,1.00,-2324.335,150.109,0.909140,0.327360,0.650879
1486,2NB2,82.24,0.713000,1.00,-3253.350,131.536,0.205252,0.677180,0.888184
1487,2NB5,75.00,0.577600,1.00,-680.019,163.025,0.242162,0.242880,0.525879
1488,2NB6,62.50,0.559500,1.00,-676.443,117.556,0.281929,0.204740,0.578613
1489,2NB7,42.65,0.461800,1.00,-490.735,86.549,0.619414,0.199330,0.712891
1490,2NB8,48.15,0.534100,1.00,-1421.034,118.306,1.003600,0.346350,0.681152
1491,2NB9,72.45,0.586500,1.00,-3512.627,254.613,0.702819,0.662360,0.771973
1492,2NC3,87.88,0.769800,1.00,-2174.070,180.053,0.173349,0.668500,0.889160
1493,2NC4,84.09,0.761700,1.00,-2174.070,180.053,0.222219,0.621760,0.889160
1494,2NC5,90.91,0.774400,1.00,-2174.070,180.053,0.183455,0.725870,0.889160
1495,2NC6,90.15,0.785300,1.00,-2174.070,180.053,0.120284,0.706820,0.889160
1496,2NC7,76.39,0.576100,1.00,-836.315,120.316,0.208664,0.188380,0.520996
1497,2NCS,60.42,0.603500,1.00,-2514.785,122.574,0.619182,0.570760,0.800293
1498,2NCT,63.19,0.609500,1.00,-2514.785,122.574,0.595604,0.562710,0.800293
1499,2NCU,64.29,0.566900,1.00,-1390.174,74.685,0.405937,0.264740,0.754883
1500,2NCV,58.33,0.582100,1.00,-1441.284,54.360,0.606172,0.289090,0.749023
1501,2NCW,59.38,0.613200,1.00,-1471.797,82.835,0.446666,0.360400,0.658203
1502,2NCX,85.42,0.749800,1.00,-1682.615,39.774,0.196502,0.452370,0.872070
1503,2NCY,63.54,0.630000,1.00,-1499.059,58.291,0.514342,0.368990,0.823730
1504,2ND2,86.36,0.686100,1.00,-3751.308,180.230,0.168059,0.756430,0.751465
1505,2ND3,85.53,0.681300,1.00,-2989.639,158.926,0.140981,0.683790,0.848145
1506,2ND6,75.00,0.671700,1.00,-1027.023,45.999,0.224064,0.303680,0.739746
1507,2ND7,75.00,0.655900,1.00,-1027.023,45.999,0.317274,0.326650,0.739746
1508,2ND8,69.12,0.555400,1.00,-1027.023,45.999,0.405719,0.308070,0.739746
1509,2NDB,43.88,0.405300,1.00,-2818.726,299.280,0.761483,0.368180,0.630371
1510,2NDC,59.72,0.511800,1.00,-910.531,77.065,0.374024,0.340500,0.587891
1511,2NDE,48.61,0.497000,1.00,-648.939,112.240,0.592748,0.175920,0.532715
1512,2NDI,46.20,0.499300,1.00,-2421.568,253.345,0.825077,0.351790,0.791992
1513,2NDK,46.88,0.714600,1.00,-3054.273,86.260,0.990062,0.410470,0.857422
1514,2NDL,68.75,0.581800,1.00,-700.082,81.101,0.280321,0.259230,0.592285
1515,2NDM,71.15,0.611500,1.00,-570.554,85.837,0.217139,0.308400,0.640625
1516,2NDN,76.56,0.675200,1.00,-750.430,58.661,0.181003,0.197910,0.815430
1517,2NOR,60.00,0.527500,1.00,-388.387,46.608,0.311669,0.288190,0.617188
1518,2NOU,75.00,0.559200,1.00,-338.248,72.901,0.331555,0.386820,0.600586
1519,2NR1,63.89,0.615000,1.00,-1505.098,98.703,0.653574,0.480850,0.798340
1520,2NS4,42.86,0.445700,1.00,-298.390,106.979,0.664997,0.278020,0.574219
1521,2NVJ,51.00,0.548000,1.00,-1961.211,45.010,0.566801,0.230590,0.827148
1522,2NX6,43.52,0.485500,1.00,-1465.770,175.548,0.730005,0.198120,0.610352
1523,2NX7,42.86,0.479400,1.00,-1782.987,162.878,0.643953,0.193760,0.668945
1526,2NZ3,58.75,0.553200,1.00,-2906.465,188.663,0.527411,0.503200,0.752441
1527,2NZZ,35.81,0.486200,1.00,-2927.037,119.592,1.202096,0.241100,0.731445
1528,2O00,36.49,0.453700,1.00,-2927.037,119.592,1.018556,0.247520,0.731445
1529,2O0S,52.08,0.461300,1.00,-636.769,103.881,0.360593,0.256890,0.528320
1530,2OBU,54.17,0.652400,1.00,-2719.443,170.981,0.688638,0.487890,0.760742
1532,2OJM,31.82,0.336100,1.00,-974.660,94.653,0.898495,0.147300,0.582031
1533,2OJN,40.91,0.431100,1.00,-871.190,132.641,0.596750,0.129930,0.617676
1534,2OJO,79.55,0.712100,1.00,-1511.774,58.978,0.183006,0.388050,0.695801
1535,2OP7,49.36,0.427500,1.00,-2491.407,219.856,1.054052,0.338010,0.872070
1536,2OQ9,45.83,0.580500,1.00,-977.154,107.829,0.668765,0.172540,0.757812
1537,2ORU,67.50,0.600700,1.00,-1105.787,81.081,0.319425,0.173060,0.717773
1538,2OVN,86.76,0.663600,1.00,-968.655,41.225,0.208099,0.432540,0.809082
1539,2OYV,59.62,0.455400,1.00,-436.822,82.253,0.598314,0.253260,0.630859
1540,2OYW,65.38,0.466900,1.00,-436.822,82.253,0.615543,0.263700,0.630859
1541,2P4L,27.17,0.317000,1.00,-3390.326,229.986,1.021487,0.258610,0.785156
1542,2P5J,58.82,0.523100,1.00,-761.925,126.470,0.435176,0.178730,0.636230
1543,2P81,60.80,0.451800,1.00,-3660.830,140.694,0.858247,0.507950,0.864746
1544,2PCO,83.65,0.651400,1.00,-1413.223,101.691,0.276092,0.585290,0.645996
1545,2PDD,83.14,0.667700,1.00,-3622.120,202.907,0.294678,0.727950,0.817871
1546,2PDE,31.40,0.363200,1.00,-3622.120,202.907,0.715537,0.359810,0.817871
1547,2PJV,45.97,0.517300,1.00,-955.047,90.962,0.607870,0.294880,0.740723
1548,2PO8,71.32,0.607600,1.00,-1860.940,196.652,0.408598,0.526120,0.707520
1549,2PPZ,73.61,0.575900,1.00,-2901.269,161.130,0.253948,0.532850,0.878906
1550,2PTA,86.43,0.719500,1.00,-2360.195,189.080,0.191635,0.699920,0.862305
1551,2PV6,63.64,0.622600,1.00,-1857.756,58.199,0.313544,0.250900,0.778809
1552,2RLG,83.33,0.611100,1.00,-955.112,53.737,0.279294,0.403440,0.676270
1553,2RLH,86.11,0.632700,1.00,-955.112,53.737,0.248696,0.403400,0.676270
1554,2RLJ,53.12,0.481400,1.00,-613.470,87.088,0.408856,0.217100,0.694824
1555,2RLW,57.35,0.590800,1.00,-1830.047,171.629,0.892862,0.416850,0.740723
1556,2RME,45.39,0.580900,1.00,-2929.851,124.224,0.677875,0.261350,0.815430
1557,2RMF,75.00,0.735100,1.00,-3009.561,83.148,0.255368,0.609490,0.762207
1558,2RMG,55.26,0.663000,1.00,-2788.988,82.548,0.453336,0.359470,0.803711
1559,2RMH,59.87,0.662800,1.00,-2544.673,89.214,0.713601,0.510930,0.838379
1560,2RMI,81.67,0.729500,1.00,-2356.753,46.799,0.170522,0.560210,0.826660
1561,2RMV,48.08,0.403800,1.00,-1804.414,199.111,0.713154,0.254270,0.627930
1562,2RMW,41.35,0.373800,1.00,-1833.918,158.478,0.834130,0.175040,0.615723
1563,2RMY,63.24,0.603000,1.00,-2048.480,110.255,0.846462,0.509220,0.654297
1564,2RMZ,67.44,0.689000,1.00,-3414.963,106.099,0.409650,0.696420,0.822754
1565,2RN0,67.44,0.688300,1.00,-3414.963,106.099,0.456052,0.565720,0.822754
1566,2RND,61.76,0.587700,1.00,-2048.480,110.255,0.793823,0.554140,0.654297
1567,2ROO,32.56,0.336100,1.00,-3091.180,303.066,0.748482,0.233130,0.533691
1568,2RPS,66.41,0.586000,1.00,-1484.505,192.089,0.490125,0.399480,0.805664
1570,2RQ2,54.17,0.449100,1.00,-1988.941,130.118,0.873939,0.370350,0.794922
1571,2RQZ,81.58,0.701800,1.00,-2573.256,297.592,0.201795,0.642900,0.907715
1572,2RR0,76.32,0.641600,1.00,-2573.256,297.592,0.235114,0.562560,0.907715
1573,2RR2,76.32,0.660100,1.00,-2573.256,297.592,0.196617,0.607720,0.907715
1574,2RRH,68.97,0.680100,1.00,-2139.916,72.514,0.318388,0.632150,0.866699
1575,2RRI,72.41,0.689100,1.00,-2139.916,72.514,0.259613,0.490780,0.866699
1576,2RRS,41.67,0.475500,1.00,-763.657,111.492,0.582525,0.200370,0.597168
1577,2RSH,69.59,0.576400,1.00,-2256.947,150.630,0.706818,0.544590,0.819336
1578,2RSW,54.17,0.519900,1.00,-793.696,111.676,0.481361,0.185720,0.548340
1579,2RT4,49.00,0.544500,1.00,-1028.404,100.859,0.833866,0.235010,0.806152
1580,2RTY,91.67,0.759700,1.00,-1842.867,116.706,0.101485,0.704760,0.828613
1581,2RTZ,82.76,0.632400,1.00,-2085.854,108.792,0.224412,0.538420,0.838379
1582,2RU0,81.25,0.606000,1.00,-2661.636,159.665,0.203733,0.642640,0.855469
1583,2RUM,27.63,0.443500,1.00,-690.351,99.707,0.749593,0.095170,0.630859
1584,2RUN,51.39,0.454100,1.00,-1072.521,138.949,0.553999,0.245620,0.644531
1585,2RUO,32.81,0.334500,1.00,-666.181,99.278,0.755856,0.238010,0.520996
1586,2RUT,82.64,0.741200,1.00,-2295.716,139.689,0.404369,0.711780,0.809082
1587,2RUU,75.00,0.748400,1.00,-2008.573,158.284,0.610262,0.628990,0.830078
1588,2RUV,79.05,0.672800,1.00,-2256.947,150.630,0.572036,0.708210,0.819336
1589,2RUW,75.68,0.695900,1.00,-1936.445,208.985,0.404677,0.645400,0.777344
1590,2RUX,76.39,0.704800,1.00,-2097.477,133.490,0.499640,0.616270,0.786133
1591,2RUY,73.65,0.694100,1.00,-2259.339,145.005,0.571603,0.613110,0.803223
1592,2RUZ,80.26,0.758300,1.00,-2314.906,147.421,0.632338,0.711630,0.841309
1593,2RV0,78.38,0.779400,1.00,-2158.956,173.801,0.653017,0.699830,0.822266
1594,2RV1,75.68,0.646500,1.00,-2333.187,197.086,0.373967,0.608440,0.811523
1595,2RV2,77.08,0.795700,1.00,-2033.465,163.455,0.729955,0.655150,0.807617
1596,2RV3,75.00,0.740600,1.00,-1478.816,129.908,0.488003,0.616660,0.808105
1597,2RV4,74.32,0.677800,1.00,-2081.951,210.854,0.657899,0.634670,0.778809
1598,2RV5,83.57,0.798100,1.00,-1953.406,140.534,0.374002,0.711360,0.833984
1599,2RVD,80.00,0.577500,1.00,-390.843,52.620,0.144162,0.393540,0.642090
1600,2SH1,72.92,0.625700,1.00,-2704.319,331.420,0.471692,0.640080,0.913086
1601,2V1V,79.31,0.661300,1.00,-1982.367,170.221,0.187171,0.479840,0.831055
1602,2VY4,72.30,0.644400,1.00,-2405.832,143.697,0.413935,0.541250,0.837891
1603,2VY5,74.32,0.657100,1.00,-2405.832,143.697,0.376793,0.551370,0.837891
1604,2W0T,75.00,0.680800,1.00,-2564.596,236.321,0.244060,0.622220,0.851562
1605,2W9O,69.02,0.618900,1.00,-2738.427,289.562,0.420358,0.568150,0.831543
1606,2W9U,68.48,0.633700,1.00,-2737.116,261.523,0.490955,0.584880,0.830566
1607,2W9V,74.43,0.662800,1.00,-2586.894,246.166,0.446688,0.639630,0.823730
1608,2W9W,74.43,0.660400,1.00,-2670.569,249.505,0.395040,0.618260,0.834961
1609,2WH9,84.72,0.708800,1.00,-2550.420,220.543,0.239396,0.679900,0.884766
1610,2WXC,80.85,0.679600,1.00,-3744.642,159.439,0.366655,0.714000,0.838867
1611,2XL1,56.25,0.550600,1.00,-1438.858,122.823,0.895019,0.314600,0.668457
1612,2YRH,63.07,0.693400,1.00,-1842.868,243.336,0.656836,0.535570,0.743652
1613,2YRJ,68.48,0.738800,1.00,-2262.842,195.874,0.609582,0.604690,0.754883
1614,2YRM,72.09,0.688800,1.00,-2102.624,248.947,0.722252,0.608000,0.756836
1615,2YSB,80.61,0.754400,1.00,-2912.378,254.756,0.295301,0.710670,0.779785
1616,2YSC,75.00,0.696800,1.00,-2425.759,174.727,0.429237,0.599140,0.833008
1617,2YSF,80.00,0.774400,1.00,-2417.481,175.718,0.450361,0.693920,0.855469
1618,2YSG,78.75,0.717500,1.00,-2596.427,237.984,0.300945,0.646790,0.831543
1619,2YSH,73.12,0.664900,1.00,-1935.779,280.833,0.360977,0.581450,0.816895
1620,2YSI,67.50,0.703100,1.00,-1943.334,270.949,0.777447,0.556010,0.772949
1621,2YSO,57.07,0.618300,1.00,-2211.607,288.193,0.952189,0.477620,0.732910
1622,2YSP,55.98,0.635200,1.00,-2330.838,229.321,0.873379,0.478670,0.750977
1623,2YSV,54.76,0.565200,1.00,-2005.641,225.272,0.771676,0.456650,0.772949
1624,2YTA,70.73,0.713400,1.00,-1953.705,180.721,0.683842,0.597290,0.777832
1625,2YTB,63.69,0.664600,1.00,-2188.939,182.314,0.692977,0.510590,0.789551
1626,2YTD,58.70,0.654400,1.00,-2248.412,218.773,0.903181,0.518470,0.759766
1627,2YTE,72.02,0.710200,1.00,-1938.445,200.723,0.372546,0.564370,0.800293
1628,2YTF,57.61,0.641900,1.00,-2314.896,212.973,0.856025,0.533840,0.780762
1629,2YTG,59.78,0.644400,1.00,-2216.163,223.908,0.986723,0.535460,0.753418
1630,2YTH,60.33,0.624200,1.00,-2128.406,203.070,1.058628,0.525090,0.753906
1631,2YTI,57.61,0.693000,1.00,-1995.049,267.586,0.933956,0.501110,0.735352
1632,2YTJ,60.33,0.611600,1.00,-2149.788,228.294,0.759610,0.526750,0.733398
1633,2YTK,59.78,0.652000,1.00,-2467.822,229.950,0.797438,0.536610,0.742676
1634,2YTM,49.46,0.551200,1.00,-2078.765,229.170,1.247291,0.419330,0.721680
1635,2YTN,59.24,0.708300,1.00,-1972.974,249.496,1.014766,0.539120,0.739258
1636,2YTO,66.85,0.637900,1.00,-2125.494,177.950,0.737102,0.588020,0.759277
1637,2YTP,63.04,0.682500,1.00,-2301.151,193.783,0.893457,0.579790,0.733398
1638,2YTQ,54.89,0.671200,1.00,-2277.421,211.881,0.838264,0.483570,0.750488
1639,2YTR,64.67,0.747600,1.00,-2096.971,198.135,0.736038,0.552680,0.764160
1640,2YTS,63.04,0.676700,1.00,-2202.376,217.426,0.811413,0.552710,0.748047
1641,2YTT,57.07,0.606000,1.00,-2431.013,196.648,0.895523,0.489820,0.741699
1642,2YU5,61.93,0.550200,1.00,-2259.548,213.296,0.915446,0.535520,0.741699
1643,2YU8,65.76,0.625000,1.00,-2104.463,221.398,0.791622,0.566580,0.752441
1644,2YYF,65.00,0.455200,1.00,-595.901,97.760,0.381310,0.301230,0.596191
1645,2Z3S,75.64,0.612000,1.00,-2969.511,190.558,0.221763,0.575120,0.882324
1646,2ZAJ,65.31,0.696300,1.00,-2656.651,306.935,0.949082,0.576970,0.776855
1647,2ZNF,87.50,0.709100,1.00,-869.253,70.222,0.147613,0.439470,0.761230
1648,3BBG,40.00,0.393500,1.00,-3053.996,196.320,0.762364,0.312950,0.850586
1649,3CMH,38.33,0.410000,1.00,-669.098,85.762,0.500356,0.225440,0.562988
1650,3CTI,95.69,0.750100,1.00,-2052.010,182.756,0.091636,0.754450,0.830566
1651,3LEU,49.32,0.491900,1.00,-2049.350,178.190,0.691419,0.362350,0.564453
1652,3MRA,84.00,0.739800,1.00,-1799.233,64.988,0.144733,0.581410,0.815918
1653,3ZNF,80.83,0.670600,1.00,-2054.381,101.075,0.284948,0.568800,0.875488
1654,4A24,82.98,0.701500,1.00,-3254.945,238.167,0.270324,0.737640,0.881836
1655,4APD,56.45,0.576700,1.00,-1849.228,113.374,0.453596,0.418760,0.781738
1656,4B19,71.67,0.700300,1.00,-2346.035,80.780,0.271871,0.452810,0.854980
1658,4B2U,34.03,0.357500,1.00,-2255.336,222.557,0.910835,0.292820,0.521484
1659,4B2V,53.91,0.527100,1.00,-1700.328,212.839,0.555182,0.342320,0.588867
1660,4BMF,86.84,0.702300,1.00,-2271.602,224.939,0.172005,0.723030,0.917969
1661,4CYK,71.34,0.649600,1.00,-2436.403,242.388,0.478845,0.552390,0.724121
1662,4ZNF,82.50,0.672300,1.00,-2054.381,101.075,0.279869,0.580560,0.875488
1663,5A4H,27.56,0.474500,1.00,-1480.049,227.342,1.230855,0.200320,0.598633
1664,5AAY,89.17,0.756100,1.00,-1990.387,130.320,0.224631,0.748700,0.895996
1665,5AAZ,82.81,0.753300,1.00,-1999.417,155.857,0.277242,0.628790,0.851562
1666,5AHT,77.91,0.673800,1.00,-2733.794,198.798,0.556682,0.683040,0.813477
1667,5FZV,82.81,0.766000,1.00,-1851.690,216.800,0.495014,0.727400,0.830078
1668,5FZW,69.70,0.636300,1.00,-2218.249,222.263,0.557624,0.526590,0.775391
1669,5FZX,54.17,0.463500,1.00,-2254.764,217.578,0.687352,0.414480,0.568359
1671,5GSF,38.89,0.424200,1.00,-1483.740,227.090,0.824613,0.240870,0.635254
1672,5GVO,55.56,0.431300,1.00,-1042.398,119.857,0.652344,0.191590,0.563477
1673,5H1H,57.81,0.606500,1.00,-545.967,88.856,0.595741,0.184740,0.683594
1674,5H1I,40.28,0.496600,1.00,-524.274,117.407,0.732027,0.209100,0.711426
1675,5H2S,76.00,0.638400,1.00,-989.072,51.727,0.273877,0.406200,0.639648
1676,5I1X,88.89,0.692000,1.00,-2479.059,218.078,0.174802,0.724390,0.816895
1677,5I2P,66.67,0.539100,1.00,-2275.009,240.818,0.407230,0.524890,0.742676
1678,5ID5,39.00,0.383700,1.00,-1104.936,159.369,0.908764,0.253480,0.573730
1679,5IJ4,87.24,0.723000,1.00,-3621.687,287.728,0.255911,0.780750,0.879395
1680,5ION,87.07,0.745400,1.00,-2029.717,80.436,0.159851,0.618060,0.890137
1681,5IPO,71.88,0.590900,1.00,-3017.696,229.591,0.593296,0.645160,0.824707
1682,5J8T,70.74,0.634100,1.00,-2801.517,224.935,0.359352,0.591470,0.873535
1683,5JHI,95.71,0.756900,1.00,-2490.663,144.692,0.074794,0.856150,0.845215
1684,5JI4,64.19,0.550400,1.00,-2758.387,281.287,0.463863,0.468640,0.801758
1685,5JPL,45.59,0.480100,1.00,-846.125,120.190,0.575571,0.221020,0.514648
1686,5JPX,77.78,0.637600,1.00,-3220.022,217.168,0.328509,0.656370,0.872070
1687,5JYH,75.57,0.571100,1.00,-2836.588,405.439,0.665952,0.648160,0.871582
1688,5KGY,84.09,0.698100,1.00,-1627.008,55.868,0.198846,0.408360,0.819336
1689,5KGZ,44.32,0.518500,1.00,-3347.773,84.411,0.593071,0.407520,0.891602
1690,5KHB,77.38,0.658900,1.00,-1414.469,56.623,0.267601,0.453520,0.873047
1691,5KI0,43.42,0.526800,1.00,-186.518,103.683,0.509928,0.195450,0.651855
1692,5KKM,86.36,0.628400,1.00,-1433.640,113.492,0.220785,0.529360,0.783203
1693,5KVN,94.44,0.761800,1.00,-2092.510,170.319,0.096765,0.683680,0.850098
1694,5KWO,79.81,0.574400,1.00,-1690.529,116.426,0.316054,0.512370,0.724609
1695,5KWX,45.00,0.450600,1.00,-1033.410,165.614,0.929445,0.227400,0.620117
1696,5KWZ,89.42,0.701300,1.00,-1739.784,88.688,0.131713,0.553000,0.786621
1697,5KX0,57.69,0.447200,1.00,-1954.853,107.326,0.477732,0.357760,0.753906
1698,5KX1,59.09,0.484700,1.00,-1065.928,111.980,0.384658,0.288200,0.721680
1699,5KX2,31.94,0.428300,1.00,-648.398,135.046,1.052052,0.243030,0.617676
1700,5L1C,84.03,0.702400,1.00,-2582.354,169.483,0.169246,0.679240,0.842773
1701,5L82,50.68,0.392400,1.00,-2717.260,163.748,0.611784,0.372200,0.850586
1702,5LAH,31.67,0.373700,1.00,-2940.550,309.809,0.973929,0.358630,0.534668
1703,5LBJ,76.43,0.747400,1.00,-2827.682,105.873,0.226015,0.696390,0.843750
1704,5LCS,66.49,0.605900,1.00,-3335.726,286.884,1.103833,0.579790,0.789062
1705,5LM0,88.39,0.696500,1.00,-1882.857,94.457,0.164978,0.632120,0.802246
1706,5LME,79.07,0.671100,1.00,-2349.604,247.793,0.408718,0.662370,0.807129
1707,5M9U,69.05,0.518300,1.00,-1130.514,120.772,0.444683,0.258300,0.639160
1708,5N5A,40.54,0.566200,1.00,-1183.825,203.625,0.740490,0.289320,0.718262
1709,5N5B,41.96,0.542400,1.00,-960.566,162.344,0.550832,0.271610,0.720703
1710,5NAM,66.15,0.700800,1.00,-3813.592,111.515,0.516396,0.558650,0.736328
1711,5NAO,75.00,0.724200,1.00,-2743.375,71.215,0.521626,0.694650,0.895020
1712,5NDA,90.91,0.813900,1.00,-2286.292,67.421,0.104243,0.726930,0.820801
1713,5NVB,60.00,0.541200,1.00,-649.838,76.412,0.321461,0.318630,0.592285
1714,5OAP,73.61,0.659000,1.00,-697.687,69.151,0.432625,0.388160,0.737305
1715,5T3M,73.57,0.586000,1.00,-2281.833,241.812,0.307539,0.516800,0.727539
1716,5T42,39.89,0.485200,1.00,-3179.500,175.669,0.689393,0.373270,0.691406
1717,5T4R,87.14,0.724200,1.00,-2397.808,194.620,0.321029,0.733300,0.841309
1718,5T7Q,69.05,0.603400,1.00,-1035.091,116.581,0.527069,0.402870,0.797363
1719,5TCZ,69.53,0.495800,1.00,-1911.602,182.057,0.315262,0.446920,0.785645
1720,5TJ1,32.89,0.447100,1.00,-851.052,74.801,1.195656,0.190200,0.780273
1721,5TX8,91.96,0.691900,1.00,-2197.437,99.438,0.177219,0.747030,0.826660
1722,5UG3,69.74,0.569400,1.00,-1038.577,84.866,0.334589,0.306470,0.668457
1723,5UG5,65.79,0.589200,1.00,-1161.052,76.958,0.490451,0.274530,0.635254
1724,5UI6,48.61,0.453900,1.00,-675.107,121.181,0.554664,0.229790,0.541504
1725,5UI7,47.37,0.450200,1.00,-742.373,93.995,0.653739,0.164660,0.623047
1726,5UJG,76.04,0.625300,1.00,-1477.790,107.605,0.227271,0.334060,0.818848
1727,5UJH,60.87,0.512800,1.00,-1378.253,82.019,0.374825,0.192680,0.825684
1728,5UJQ,50.00,0.507800,1.00,-1769.539,111.135,0.656624,0.335080,0.700195
1729,5UJR,34.85,0.373100,1.00,-1415.661,185.138,1.337704,0.253510,0.597168
1730,5UKZ,36.93,0.422300,1.00,-1864.575,281.005,1.383308,0.321140,0.570801
1731,5UOI,87.21,0.661900,1.00,-3958.771,134.976,0.186762,0.786500,0.842285
1732,5UP5,82.50,0.632300,1.00,-3210.634,176.231,0.174220,0.684990,0.854980
1733,5UY2,36.25,0.485300,1.00,-706.130,168.848,0.728609,0.086740,0.592773
1734,5UZL,33.33,0.475800,1.00,-1460.822,157.645,0.873637,0.222520,0.765625
1735,5V0Y,69.05,0.535000,1.00,-1417.849,121.120,0.551720,0.332600,0.676270
1736,5V11,65.48,0.538600,1.00,-1179.703,127.702,0.628265,0.319230,0.664062
1737,5V2B,45.00,0.505400,1.00,-757.636,127.317,0.472120,0.142930,0.607422
1738,5V4C,44.12,0.449700,1.00,-327.908,102.918,0.485048,0.169580,0.656250
1739,5V4U,72.50,0.651400,1.00,-2791.978,123.603,0.329384,0.564630,0.792480
1740,5VAV,82.14,0.680600,1.00,-599.430,59.903,0.145469,0.309990,0.716797
1741,5VFW,57.00,0.516000,1.00,-1592.511,128.032,0.448178,0.284820,0.772949
1742,5VL6,33.82,0.430800,1.00,-297.176,120.505,0.605717,0.178100,0.650879
1743,5VR5,47.50,0.490800,1.00,-773.601,142.400,0.477782,0.180270,0.643555
1744,5W54,53.00,0.508100,1.00,-1008.254,102.516,0.659157,0.292040,0.716309
1745,5W9F,68.90,0.544100,1.00,-2707.644,213.852,0.401321,0.593930,0.809570
1746,5WCV,42.24,0.449700,1.00,-1673.967,158.945,0.813289,0.237950,0.529785
1747,5WE3,69.85,0.544700,1.00,-2347.500,274.449,0.373451,0.486930,0.766113
1748,5WOD,82.89,0.730700,1.00,-2926.068,77.500,0.135238,0.657260,0.889160
1749,5WOV,75.74,0.628800,1.00,-2038.048,174.398,0.320912,0.598130,0.784668
1750,5WOW,66.67,0.574000,1.00,-2379.169,205.352,0.512931,0.524020,0.787109
1751,5WRX,57.69,0.456100,1.00,-483.948,59.647,0.377340,0.261520,0.608398
1752,5WUZ,64.53,0.570200,1.00,-3047.810,249.242,0.319216,0.478690,0.898438
1753,5WXE,81.25,0.659800,1.00,-2010.557,165.456,0.261007,0.546140,0.793457
1754,5WYE,54.69,0.436200,1.00,-516.272,77.277,0.347446,0.251240,0.608887
1755,5X34,94.44,0.847000,1.00,-2428.629,179.938,0.081958,0.824930,0.932129
1756,5X35,99.31,0.852300,1.00,-2428.629,179.938,0.056043,0.905250,0.932129
1757,5X36,98.61,0.856400,1.00,-2428.629,179.938,0.061411,0.887930,0.932129
1758,5X37,97.92,0.853200,1.00,-2428.629,179.938,0.062748,0.885010,0.932129
1759,5X38,99.31,0.889300,1.00,-2428.629,179.938,0.046851,0.929540,0.932129
1760,5X39,98.61,0.832200,1.00,-2415.284,180.979,0.067402,0.863070,0.936035
1761,5X3C,96.53,0.823600,1.00,-2196.169,266.760,0.080340,0.829130,0.927734
1762,5X3L,78.75,0.637000,1.00,-1095.621,58.048,0.349905,0.286060,0.827148
1763,5XA6,74.34,0.587900,1.00,-2536.810,225.273,0.290441,0.544090,0.836914
1764,5XBD,65.28,0.529300,1.00,-2053.418,198.273,0.318834,0.460530,0.909180
1765,5XDI,65.00,0.576500,1.00,-2936.742,164.718,0.289697,0.462410,0.905762
1766,5XDJ,72.62,0.636000,1.00,-1161.059,78.707,0.436081,0.374610,0.696289
1767,5XEK,70.83,0.584900,1.00,-3317.471,230.411,0.304980,0.532900,0.895508
1768,5XIV,47.50,0.469700,1.00,-1013.609,121.404,0.635717,0.190280,0.617188
1769,5XM4,35.29,0.520800,1.00,-522.441,75.170,1.283874,0.204480,0.718750
1770,5XNG,85.29,0.743600,1.00,-1412.353,53.940,0.137679,0.449690,0.817871
1771,5XO3,35.71,0.346100,1.00,-571.320,128.977,0.762282,0.153980,0.630859
1772,5XO4,41.67,0.485200,1.00,-697.711,148.370,0.551048,0.183070,0.575195
1773,5XO5,50.00,0.476200,1.00,-638.558,161.540,0.536786,0.164280,0.587891
1774,5XRX,48.53,0.520000,1.00,-1412.353,53.940,0.576061,0.274760,0.817871
1775,5Y0H,84.52,0.679300,1.00,-1052.726,110.737,0.286641,0.459570,0.650391
1776,5Y0I,65.48,0.475300,1.00,-1296.616,106.532,0.636104,0.361400,0.684082
1777,5Y0J,48.81,0.389500,1.00,-1303.853,145.412,0.624708,0.188380,0.600098
1778,5Y22,71.59,0.615700,1.00,-1544.569,76.077,0.471262,0.489840,0.807129
1779,5Y3U,69.32,0.613500,1.00,-1544.569,76.077,0.501945,0.372990,0.807129
1780,5YKK,63.89,0.530100,1.00,-817.758,98.463,0.362449,0.298050,0.590332
1781,5YKL,61.84,0.465800,1.00,-1290.460,123.978,0.326926,0.289410,0.643066
1782,5YKQ,56.58,0.518700,1.00,-864.162,151.041,0.498586,0.273050,0.604492
1783,5YZ6,84.69,0.694700,1.00,-4302.641,232.037,0.158793,0.754280,0.925781
1784,5YZK,87.24,0.721700,1.00,-4298.476,210.942,0.138665,0.790970,0.924316
1785,5Z1Y,77.38,0.578900,1.00,-1235.764,80.089,0.224498,0.273890,0.726074
1786,5Z26,62.50,0.488000,1.00,-710.096,133.587,0.423537,0.196130,0.622070
1787,5Z2O,93.06,0.768100,1.00,-1122.913,40.017,0.174364,0.616830,0.822266
1788,5Z31,52.78,0.540300,1.00,-685.715,114.843,0.564481,0.231750,0.561035
1789,5Z32,45.83,0.424300,1.00,-679.812,81.220,0.522110,0.199490,0.561035
1790,5Z5W,50.00,0.436900,1.00,-445.232,120.479,0.464154,0.270260,0.581543
1791,5Z5X,72.22,0.585800,1.00,-1144.414,70.102,0.436218,0.376740,0.723633
1792,5ZCN,29.76,0.398500,1.00,-981.700,90.843,0.862682,0.218600,0.742188
1793,5ZNF,93.33,0.761400,1.00,-1977.785,124.016,0.169822,0.786360,0.846680
1794,5ZV6,71.67,0.618800,1.00,-1825.336,114.487,0.318159,0.478810,0.874023
1795,5ZYX,61.25,0.568400,1.00,-1484.949,54.525,0.548926,0.295040,0.785645
1796,6A5J,80.77,0.599500,1.00,-533.841,32.719,0.273010,0.406540,0.774414
1797,6A8Y,41.35,0.477600,1.00,-1044.957,123.292,0.707643,0.236160,0.662109
1798,6AAB,42.86,0.502500,1.00,-697.711,148.370,0.649145,0.125840,0.575195
1799,6AFQ,33.33,0.341700,1.00,-571.320,128.977,0.848615,0.158820,0.630859
1800,6AHZ,47.86,0.591500,1.00,-2029.434,151.639,0.799426,0.362830,0.743652
1801,6AK0,38.10,0.354700,1.00,-1235.910,138.493,0.650997,0.175490,0.545410
1802,6AX2,75.54,0.614000,1.00,-3031.365,260.904,0.244025,0.617740,0.778320
1803,6B3U,83.12,0.714800,1.00,-3428.252,98.579,0.273160,0.704380,0.812988
1804,6B5W,30.26,0.458600,1.00,-851.052,74.801,1.203418,0.121250,0.780273
1805,6B9K,57.50,0.504900,1.00,-317.866,45.064,0.322597,0.355790,0.617676
1806,6B9W,78.68,0.620300,1.00,-2521.491,167.989,0.323092,0.634680,0.727051
1807,6BAM,75.00,0.587200,1.00,-2391.965,150.757,0.285577,0.569540,0.687012
1808,6BB6,80.15,0.649900,1.00,-2308.943,184.378,0.226530,0.611780,0.671387
1809,6BEQ,57.50,0.521100,1.00,-304.292,38.841,0.468130,0.382230,0.688477
1810,6BET,66.67,0.532500,1.00,-441.627,62.619,0.306553,0.325550,0.641602
1811,6BEU,55.36,0.523000,1.00,-535.034,136.121,0.390009,0.268050,0.590332
1812,6BI5,82.26,0.694300,1.00,-2484.542,101.628,0.346461,0.624040,0.799316
1813,6BJF,76.92,0.601400,1.00,-738.628,59.406,0.331078,0.534760,0.658203
1814,6BUC,90.97,0.755100,1.00,-2310.777,210.958,0.132355,0.774700,0.924805
1815,6BVU,44.64,0.399900,1.00,-598.503,83.794,0.473790,0.200000,0.638672
1816,6BVW,42.86,0.372900,1.00,-598.503,83.794,0.513461,0.214310,0.638672
1817,6BVX,48.21,0.508100,1.00,-647.154,102.634,0.589375,0.218420,0.621094
1818,6BX9,53.33,0.460400,1.00,-779.832,84.434,0.464602,0.242870,0.585449
1819,6CEG,45.83,0.465800,1.00,-1697.063,153.916,0.871726,0.311380,0.639648
1820,6CEI,64.84,0.498800,1.00,-1773.620,191.986,0.370008,0.342640,0.780273
1821,6CEJ,53.57,0.386200,1.00,-415.518,114.665,0.426123,0.234130,0.544434
1822,6CFA,76.32,0.607700,1.00,-954.503,61.651,0.278400,0.374610,0.655273
1823,6CFB,58.06,0.468200,1.00,-1647.093,258.474,0.681399,0.369780,0.642578
1824,6CGW,67.24,0.535000,1.00,-1974.200,210.611,0.360253,0.365690,0.623047
1825,6CGX,47.73,0.475400,1.00,-845.687,179.046,0.544037,0.200850,0.584473
1826,6CHC,56.67,0.463700,1.00,-1679.441,234.553,0.418776,0.301050,0.689941
1829,6CJ8,73.53,0.589700,1.00,-920.672,103.344,0.265209,0.289450,0.625000
1830,6CKD,91.67,0.754700,1.00,-2711.529,175.764,0.094920,0.773740,0.922363
1831,6CKF,90.28,0.756700,1.00,-2711.529,175.764,0.136753,0.758350,0.922363
1832,6CMH,57.14,0.435600,1.00,-1407.450,85.546,0.667707,0.264940,0.821289
1833,6COO,76.47,0.605000,1.00,-1116.451,57.364,0.290734,0.332080,0.571289
1834,6COP,80.88,0.576400,1.00,-1080.968,57.083,0.293366,0.363730,0.737305
1835,6COQ,61.76,0.506500,1.00,-908.863,72.792,0.451829,0.337730,0.730469
1836,6COR,77.94,0.624900,1.00,-953.479,69.929,0.243854,0.459490,0.731934
1837,6COS,64.71,0.542800,1.00,-920.672,103.344,0.401435,0.286940,0.625000
1838,6COT,70.59,0.629500,1.00,-1160.757,40.870,0.324036,0.329340,0.703125
1839,6COU,67.65,0.507600,1.00,-946.064,65.794,0.451915,0.332230,0.683105
1840,6COV,73.53,0.643100,1.00,-1160.757,40.870,0.408540,0.348430,0.703125
1841,6COW,73.53,0.576500,1.00,-920.672,103.344,0.258181,0.321700,0.625000
1842,6CSK,63.16,0.531800,1.00,-944.700,67.718,0.553399,0.332540,0.704590
1843,6CSZ,85.53,0.712500,1.00,-959.472,55.475,0.240849,0.492610,0.704590
1844,6CT1,65.79,0.590200,1.00,-1022.140,94.976,0.358359,0.337320,0.667969
1845,6CT4,75.00,0.609100,1.00,-992.018,55.607,0.395872,0.437660,0.753418
1846,6D3T,95.00,0.735600,1.00,-1959.826,126.184,0.093778,0.750910,0.850586
1847,6D8H,93.75,0.777700,1.00,-2043.737,167.898,0.106338,0.750460,0.873047
1848,6D8Q,97.58,0.792200,1.00,-2033.267,112.630,0.075366,0.831800,0.875977
1849,6D8R,86.29,0.692900,1.00,-2070.842,119.671,0.171026,0.594010,0.867676
1850,6D8S,93.55,0.722000,1.00,-2023.557,140.585,0.099027,0.711480,0.860840
1851,6D8T,95.16,0.730400,1.00,-2164.326,114.619,0.121838,0.737300,0.851074
1852,6D8U,95.16,0.708800,1.00,-2096.798,140.436,0.100733,0.725370,0.854492
1853,6D8Y,87.90,0.711000,1.00,-1985.362,144.908,0.151833,0.644730,0.852539
1854,6D93,88.71,0.747200,1.00,-2000.453,124.994,0.126066,0.681640,0.866211
1855,6D9O,81.45,0.644000,1.00,-2123.258,114.329,0.229106,0.536260,0.875000
1856,6D9P,94.35,0.767800,1.00,-2106.632,105.149,0.087163,0.753300,0.866699
1857,6DHR,88.79,0.723400,1.00,-1930.456,176.232,0.222169,0.701740,0.828125
1858,6DMZ,86.17,0.698100,1.00,-3268.116,192.325,0.143010,0.772890,0.860352
1859,6DST,61.54,0.593900,1.00,-1800.996,47.595,0.388269,0.317160,0.859863
1860,6DZ9,39.29,0.386200,1.00,-552.949,73.910,0.659676,0.162810,0.669434
1861,6DZA,42.19,0.388700,1.00,-487.433,96.587,0.639185,0.160410,0.641113
1862,6DZB,37.50,0.393500,1.00,-538.519,95.831,0.817162,0.261760,0.621094
1863,6DZC,35.94,0.350300,1.00,-555.115,137.065,0.893113,0.191840,0.678711
1864,6DZE,42.19,0.477500,1.00,-381.887,110.732,0.624572,0.177600,0.592285
1865,6E1L,75.00,0.635800,1.00,-1360.778,85.900,0.258815,0.353030,0.730469
1867,6EFE,73.15,0.650800,1.00,-1993.613,84.354,0.235466,0.381030,0.884766
1868,6ENA,84.68,0.705700,1.00,-1832.342,141.228,0.195951,0.636080,0.843750
1869,6F46,52.86,0.566700,1.00,-2603.100,54.489,0.801593,0.396660,0.834961
1870,6F61,94.35,0.772800,1.00,-2037.717,145.840,0.106549,0.761130,0.878906
1871,6FGM,81.25,0.657200,1.00,-629.748,63.296,0.143999,0.292310,0.682617
1872,6FS4,63.71,0.646100,1.00,-2116.760,121.572,0.629114,0.419110,0.711426
1873,6FS5,60.26,0.649600,1.00,-2632.535,147.234,0.416520,0.507060,0.761230
1874,6G4I,73.96,0.699000,1.00,-1502.339,76.082,0.276967,0.344330,0.779785
1875,6G4K,64.58,0.699500,1.00,-1502.339,76.082,0.426127,0.322270,0.779785
1876,6G4U,65.62,0.669100,1.00,-1502.339,76.082,0.432742,0.389730,0.779785
1877,6G4V,65.62,0.574300,1.00,-1557.666,61.993,0.283974,0.333410,0.831543
1878,6G4X,68.75,0.587200,1.00,-1557.666,61.993,0.399453,0.454790,0.831543
1880,6GIF,70.83,0.631900,1.00,-1869.463,93.434,0.424530,0.549840,0.771973
1881,6GIG,68.33,0.632900,1.00,-1863.037,72.336,0.382598,0.578780,0.746094
1882,6GIJ,73.33,0.636200,1.00,-705.663,37.734,0.304339,0.294980,0.724121
1883,6GIK,61.54,0.549500,1.00,-654.909,31.280,0.349604,0.281140,0.766113
1884,6GIL,46.15,0.516800,1.00,-544.767,23.798,0.493071,0.185610,0.698730
1885,6GNZ,68.52,0.639200,1.00,-1643.715,63.672,0.351024,0.390330,0.700684
1886,6GO0,47.12,0.538400,1.00,-755.220,204.058,0.568033,0.320810,0.529297
1887,6GS5,75.00,0.549900,1.00,-888.302,64.100,0.327301,0.318720,0.589844
1888,6GS9,81.25,0.746600,1.00,-732.819,40.219,0.191435,0.480440,0.820312
1889,6HH0,67.00,0.630500,1.00,-1590.338,62.828,0.436385,0.325960,0.834473
1890,6HN9,25.76,0.279400,1.00,-1726.910,178.810,1.234501,0.211360,0.558105
1891,6HT4,56.25,0.643700,1.00,-923.921,94.103,0.460301,0.194770,0.842773
1892,6HZ2,70.37,0.706400,1.00,-1682.285,46.525,0.267123,0.492840,0.814941
1893,6IHA,66.67,0.625800,1.00,-1458.205,190.665,0.270775,0.386000,0.528320
1894,6ITH,70.73,0.717900,1.00,-3362.238,80.129,0.492692,0.777740,0.842773
1895,6J12,36.61,0.441200,1.00,-1669.158,101.456,0.697479,0.317150,0.730957
1896,6J9P,91.67,0.692900,1.00,-732.045,38.790,0.121893,0.483980,0.741211
1897,6JI7,57.64,0.496000,1.00,-2453.653,216.853,0.690413,0.447230,0.583984
1898,6JIC,65.28,0.479200,1.00,-2374.582,279.960,0.423445,0.554570,0.697754
1899,6K4V,35.00,0.371300,1.00,-1679.673,352.783,1.202017,0.277140,0.418945
1900,6K4W,32.78,0.461000,1.00,-2408.714,222.755,1.302259,0.273200,0.687012
1901,6K50,91.88,0.735300,1.00,-2824.962,192.719,0.134858,0.818040,0.805664
1902,6K51,91.25,0.765400,1.00,-2873.734,215.978,0.160560,0.826480,0.794922
1903,6KLM,54.41,0.506000,1.00,-2192.217,199.174,0.616381,0.356230,0.750977
1904,6KRA,84.09,0.710400,1.00,-2153.934,177.692,0.167581,0.644750,0.839844
1905,6L8R,37.88,0.537800,1.00,-909.117,195.506,0.689829,0.216880,0.646973
1906,6LF5,93.38,0.764400,1.00,-2523.649,175.034,0.091036,0.805680,0.868164
1907,6M0Y,85.42,0.630200,1.00,-641.345,42.610,0.217344,0.460880,0.649414
1908,6M19,40.00,0.440500,1.00,-545.334,106.998,0.716751,0.146850,0.672363
1909,6M56,30.83,0.237900,1.00,-2092.581,160.681,1.365152,0.201510,0.809082
1910,6M5C,75.00,0.654700,1.00,-2569.865,165.376,0.227348,0.574720,0.919922
1911,6MBM,78.12,0.629900,1.00,-879.269,58.477,0.216039,0.333560,0.682129
1912,6MF8,46.74,0.586200,1.00,-3199.669,185.667,1.538942,0.403430,0.818359
1913,6MJV,78.91,0.614600,1.00,-1671.586,167.324,0.210468,0.550380,0.833984
1914,6MK4,82.50,0.601100,1.00,-1801.278,162.287,0.288814,0.630590,0.687500
1915,6MK5,72.06,0.566500,1.00,-2314.424,201.739,0.360778,0.539210,0.737793
1916,6MM4,79.55,0.664600,1.00,-2047.568,113.555,0.247034,0.557490,0.846680
1917,6MW6,59.21,0.498400,1.00,-548.027,134.264,0.603432,0.117290,0.520508
1918,6MZT,89.86,0.697900,1.00,-2303.731,183.039,0.124596,0.742140,0.878906
1919,6NK9,85.94,0.678800,1.00,-1952.621,203.715,0.309609,0.702950,0.862305
1920,6NOM,55.85,0.515100,1.00,-3306.784,252.552,0.555947,0.461400,0.878906
1921,6NOX,62.50,0.452500,1.00,-676.599,77.185,0.357552,0.172620,0.642578
1922,6NUG,80.21,0.710200,1.00,-1570.391,91.123,0.200327,0.401810,0.883789
1923,6NW8,55.56,0.500700,1.00,-1367.566,254.611,0.676210,0.370190,0.713379
1924,6O3Q,71.94,0.636900,1.00,-3847.083,190.720,0.359304,0.624850,0.723633
1925,6O3S,72.34,0.603000,1.00,-3622.627,166.879,0.464934,0.630230,0.824707
1931,6OBK,51.74,0.635300,1.00,-3295.947,160.818,0.943246,0.389100,0.817383
1932,6OBW,55.88,0.512200,1.00,-875.231,83.339,0.518013,0.253740,0.583496
1933,6OC2,51.47,0.500700,1.00,-838.783,99.563,0.387384,0.231220,0.557617
1934,6OC4,58.82,0.494900,1.00,-798.865,97.759,0.460913,0.200120,0.604492
1935,6OFA,68.94,0.621500,1.00,-2661.264,215.199,0.329186,0.466760,0.803711
1936,6OLD,60.29,0.507900,1.00,-798.865,97.759,0.372805,0.188360,0.604492
1937,6OQP,69.23,0.552700,1.00,-574.006,94.726,0.324633,0.192380,0.648926
1938,6OTA,60.94,0.531900,1.00,-616.151,107.402,0.329025,0.258500,0.616211
1939,6OTB,51.32,0.512500,1.00,-964.826,157.008,0.514504,0.186770,0.574219
1940,6OVJ,63.46,0.547900,1.00,-547.471,94.616,0.352723,0.200040,0.618164
1941,6PIN,48.61,0.417400,1.00,-1053.332,119.283,0.669217,0.191860,0.542969
1942,6PIO,52.78,0.415400,1.00,-1086.754,170.690,0.631274,0.161690,0.535156
1943,6PIP,44.44,0.391600,1.00,-1033.368,120.960,0.679557,0.194570,0.543457
1945,6POR,42.86,0.416100,1.00,-1660.280,113.180,0.578618,0.213230,0.589844
1946,6PPC,71.97,0.641700,1.00,-1730.247,190.823,0.446188,0.526770,0.784180
1947,6PX7,79.41,0.645400,1.00,-2114.651,170.993,0.359435,0.580660,0.839844
1948,6PX8,79.05,0.650700,1.00,-2407.881,202.326,0.269313,0.639560,0.756348
1949,6Q1X,30.30,0.552500,1.00,-1114.257,168.660,1.390444,0.207320,0.694824
1950,6Q5Z,65.52,0.505600,1.00,-1526.256,209.650,0.292256,0.399620,0.760254
1951,6QAX,69.23,0.633400,1.00,-218.462,62.006,0.397966,0.337980,0.721191
1952,6QB0,48.08,0.610000,1.00,-196.486,65.418,0.513966,0.238110,0.697266
1953,6QB1,61.54,0.672900,1.00,-187.566,81.797,0.424722,0.273420,0.750000
1954,6QES,61.88,0.521000,1.00,-2856.501,222.730,0.302377,0.485760,0.619629
1955,6QET,48.81,0.424200,1.00,-2706.800,263.334,0.648767,0.350300,0.762695
1956,6QJB,86.88,0.714000,1.00,-2626.410,184.308,0.170356,0.740650,0.888184
1957,6QKF,76.39,0.620400,1.00,-972.176,84.495,0.355444,0.359910,0.604492
1958,6R2X,69.00,0.549700,1.00,-1800.274,70.664,0.472579,0.497600,0.858887
1959,6R95,65.62,0.667300,1.00,-1556.705,55.291,0.379348,0.365470,0.844727
1960,6R96,61.46,0.629900,1.00,-1556.705,55.291,0.534711,0.276840,0.844727
1961,6RRL,79.17,0.571800,1.00,-749.471,61.304,0.282182,0.405090,0.609375
1962,6RRO,40.91,0.426600,1.00,-467.137,73.773,0.525104,0.244720,0.626953
1963,6RSF,49.00,0.462100,1.00,-1220.357,97.454,0.459487,0.232810,0.700684
1964,6RSG,39.00,0.475700,1.00,-1156.259,57.129,0.695520,0.209840,0.747559
1965,6RSM,65.91,0.524500,1.00,-543.090,45.022,0.313519,0.443870,0.592773
1966,6RY9,50.96,0.553200,1.00,-1392.067,35.134,0.462809,0.237360,0.836426
1967,6RYQ,53.75,0.497400,1.00,-754.650,54.666,0.399542,0.142890,0.741699
1968,6RZ1,43.75,0.531200,1.00,-1424.458,57.527,0.597694,0.195680,0.547852
1969,6RZC,43.00,0.453400,1.00,-1378.408,52.316,0.605811,0.222950,0.664062
1970,6S2D,52.08,0.568700,1.00,-1223.650,51.221,0.607242,0.279190,0.861816
1971,6SAA,78.57,0.595200,1.00,-1469.489,145.856,0.329316,0.564070,0.803711
1972,6SAB,66.91,0.514900,1.00,-2106.105,161.462,0.554305,0.442880,0.839844
1973,6SFT,47.22,0.587700,1.00,-1412.870,227.809,0.867572,0.335170,0.794434
1974,6SVC,83.57,0.718600,1.00,-2321.236,147.133,0.183022,0.635610,0.872070
1975,6SVE,87.14,0.691100,1.00,-2321.236,147.133,0.142440,0.691070,0.872070
1976,6SVH,89.29,0.719100,1.00,-2321.236,147.133,0.132981,0.703780,0.872070
1977,6SY2,85.71,0.755800,1.00,-3798.828,199.501,0.214258,0.754500,0.893066
1978,6SZF,21.43,0.349100,1.00,-1685.467,288.452,1.052857,0.232540,0.532227
1979,6T33,51.14,0.394900,1.00,-3161.062,199.242,0.535066,0.459110,0.801270
1980,6TVJ,60.00,0.492600,1.00,-353.051,49.130,0.370791,0.301040,0.625000
1981,6TWG,92.31,0.697400,1.00,-788.119,63.891,0.135999,0.550830,0.700684
1982,6U24,53.57,0.649000,1.00,-415.452,54.273,0.993486,0.217210,0.763672
1983,6U6G,52.78,0.452300,1.00,-2080.614,175.231,0.670246,0.342710,0.766602
1984,6U7Q,55.36,0.498400,1.00,-444.524,130.973,0.474626,0.182320,0.653320
1985,6U7R,58.93,0.478600,1.00,-586.257,100.372,0.331796,0.271330,0.680664
1986,6U7S,53.57,0.558900,1.00,-442.101,92.776,0.894045,0.272550,0.706543
1987,6U7U,48.21,0.590200,1.00,-389.429,48.412,1.000427,0.230060,0.741211
1988,6U7W,53.57,0.606000,1.00,-452.641,69.164,1.016763,0.212620,0.744141
1989,6U7X,50.00,0.516000,1.00,-545.489,52.507,0.797716,0.184590,0.726074
1990,6UCH,55.49,0.615600,1.00,-2030.473,187.938,0.880957,0.420350,0.685547
1991,6V1N,54.41,0.512400,1.00,-911.548,91.291,0.415507,0.244240,0.598633
1992,6V6T,80.00,0.670600,1.00,-2345.558,214.528,0.255232,0.603160,0.868164
1993,6VE9,54.76,0.463500,1.00,-1395.011,64.853,0.555047,0.244950,0.775391
1994,6VGT,18.42,0.254700,1.00,-1389.419,159.152,1.798021,0.248520,0.840332
1995,6VH8,52.78,0.454500,1.00,-3392.167,196.242,0.802196,0.380140,0.660156
1996,6VLA,85.29,0.723000,1.00,-1064.408,52.715,0.135969,0.347380,0.744141
1997,6VLJ,40.79,0.502800,1.00,-566.167,127.267,0.807476,0.213700,0.580078
1998,6VNZ,87.90,0.698800,1.00,-2185.226,132.983,0.131258,0.610420,0.834961
1999,6VPN,95.21,0.792700,1.00,-3450.565,214.886,0.086908,0.879480,0.893066
2000,6VXG,33.14,0.469200,1.00,-835.578,303.944,1.191986,0.222260,0.588379
2001,6VY8,51.79,0.606000,1.00,-415.452,54.273,0.974007,0.242950,0.763672
2002,6WQJ,73.57,0.605700,1.00,-2968.779,128.982,0.256426,0.514050,0.839844
2003,6WQL,77.04,0.600300,1.00,-3611.187,193.735,0.296346,0.641870,0.793945
2004,6X7I,74.11,0.695200,1.00,-1990.241,52.435,0.520333,0.680500,0.875977
2005,6XCR,61.11,0.699500,1.00,-3020.558,156.144,0.652326,0.484740,0.792969
2006,6XCU,67.78,0.645900,1.00,-3025.921,151.241,0.811249,0.611350,0.799316
2007,6XN9,30.95,0.356100,1.00,-2557.474,350.590,0.945907,0.237000,0.427979
2008,6XTH,41.67,0.467500,1.00,-780.379,105.063,0.694047,0.179250,0.541504
2009,6XTI,50.00,0.479000,1.00,-555.805,113.505,0.618553,0.158970,0.505371
2010,6XYH,72.50,0.552500,1.00,-2708.876,278.392,0.284165,0.620100,0.775879
2011,6XYI,61.31,0.468900,1.00,-2857.186,221.843,0.348276,0.487210,0.826660
2012,6Y1Q,50.00,0.412000,1.00,-681.138,108.738,0.430940,0.308420,0.561035
2013,6YHF,65.83,0.664000,1.00,-1951.627,48.042,0.393558,0.455790,0.915039
2014,6YHI,67.50,0.712500,1.00,-2217.074,50.025,0.384774,0.438720,0.881836
2015,6YHO,64.17,0.698400,1.00,-1876.905,82.949,0.370853,0.506430,0.920898
2016,6YHP,64.17,0.702100,1.00,-1816.911,54.682,0.358823,0.440110,0.914062
2017,6YHX,76.67,0.715300,1.00,-1814.713,47.095,0.236395,0.516660,0.908203
2018,6YJL,54.55,0.610600,1.00,-1704.781,149.931,0.613002,0.301300,0.797852
2019,6YSE,94.02,0.783500,1.00,-4185.999,129.444,0.088576,0.870160,0.842285
2020,6Z0G,47.45,0.595600,1.00,-2715.485,192.998,0.594428,0.451410,0.741699
2021,6Z0H,44.39,0.631200,1.00,-2834.160,231.816,0.864680,0.387790,0.744141
2022,6Z0I,49.49,0.633100,1.00,-2715.485,192.998,0.668997,0.437090,0.741699
2023,7ALD,51.25,0.408900,1.00,-1095.664,144.992,0.665904,0.219490,0.548828
2024,7ASY,66.67,0.624000,1.00,-2488.507,94.863,0.328785,0.428280,0.889648
2025,7AT7,64.39,0.690200,1.00,-2596.325,67.463,0.472448,0.558220,0.882324
2026,7ATB,65.91,0.651300,1.00,-2758.258,76.384,0.404400,0.564230,0.875000
2027,7AY8,55.13,0.488900,1.00,-2267.175,225.071,0.523338,0.419330,0.628418
2028,7B2F,51.61,0.535700,1.00,-2074.909,111.226,0.701682,0.442980,0.775879
2029,7BW5,45.59,0.467400,1.00,-642.603,74.267,0.856640,0.244320,0.614746
2030,7BWI,89.88,0.770900,1.00,-3646.489,227.770,0.206064,0.815610,0.871582
2031,7BX2,76.79,0.615500,1.00,-532.637,71.662,0.234105,0.338740,0.634766
2032,7BZ7,45.00,0.426800,1.00,-771.532,108.180,0.637245,0.195430,0.641602
2033,7BZ8,45.00,0.400900,1.00,-726.190,93.740,0.643141,0.211440,0.643555
2034,7BZ9,48.33,0.406600,1.00,-644.143,98.063,0.678171,0.191980,0.653320
2035,7BZA,38.33,0.443900,1.00,-633.274,74.761,0.816451,0.202740,0.606934
2036,7CCN,50.00,0.510300,1.00,-451.524,149.218,0.573910,0.237180,0.564941
2037,7CCO,48.53,0.485700,1.00,-451.524,149.218,0.561307,0.208260,0.564941
2038,7CK5,74.11,0.669500,1.00,-1781.148,102.620,0.344429,0.443600,0.713379
2039,7CKD,33.97,0.331100,1.00,-2601.598,373.412,0.809576,0.262390,0.573730
2040,7CKE,59.62,0.508300,1.00,-2601.598,373.412,0.467686,0.407620,0.573730
2041,7CSS,59.62,0.545700,1.00,-584.669,62.020,0.463114,0.169580,0.634766
2042,7CU6,43.33,0.440100,1.00,-626.192,89.822,0.775189,0.241490,0.603516
2043,7D13,76.28,0.750900,1.00,-2511.534,77.219,0.304337,0.626710,0.812012
2044,7D16,50.64,0.581400,1.00,-2511.534,77.219,1.012255,0.406600,0.812012
2045,7D37,61.54,0.525100,1.00,-584.669,62.020,0.403149,0.297990,0.634766
2046,7DEH,79.03,0.649300,1.00,-1888.550,88.139,0.270568,0.570780,0.739258
2047,7EDK,61.84,0.479700,1.00,-934.048,150.760,0.479740,0.169370,0.559570
2048,7EES,36.25,0.534400,1.00,-535.791,129.988,1.300689,0.173030,0.705566
2049,7ELY,39.42,0.441600,1.00,-1640.424,168.009,0.580634,0.144830,0.604492
2050,7F32,66.67,0.631500,1.00,-1048.387,76.456,0.299841,0.217240,0.743652
2051,7JIA,71.88,0.686800,1.00,-1325.661,127.904,0.258657,0.313390,0.837891
2052,7JIY,83.33,0.687000,1.00,-1508.913,142.174,0.223819,0.549060,0.779785
2053,7JNN,88.59,0.680200,1.00,-3807.871,205.450,0.167249,0.787300,0.880859
2054,7JPM,77.38,0.643700,1.00,-2455.421,240.872,0.316488,0.640160,0.883789
2055,7JS6,35.00,0.448900,1.00,-591.315,54.550,0.722595,0.161180,0.653320
2056,7K1M,79.17,0.649300,1.00,-539.685,89.342,0.162128,0.422010,0.689453
2057,7K7X,72.41,0.628400,1.00,-1987.235,138.386,0.277983,0.471370,0.893066
2058,7KNN,67.19,0.566200,1.00,-778.818,95.806,0.265333,0.226040,0.590820
2059,7KPD,55.17,0.471200,1.00,-2010.567,245.286,0.490435,0.377240,0.511719
2060,7L53,50.89,0.398100,1.00,-2037.445,164.907,0.394284,0.231600,0.702148
2061,7L54,45.54,0.369600,1.00,-2037.445,164.907,0.436045,0.196340,0.702148
2062,7L55,44.64,0.326700,1.00,-2037.445,164.907,0.668651,0.205010,0.702148
2063,7L7A,57.14,0.495800,1.00,-652.055,101.757,0.324366,0.188410,0.639648
2064,7L83,52.70,0.646200,1.00,-2721.591,128.122,0.734797,0.393470,0.750000
2065,7LCW,38.33,0.467000,1.00,-581.436,113.239,0.748558,0.165360,0.617676
2066,7LGL,50.53,0.461400,1.00,-2954.602,296.553,0.895046,0.407450,0.760742
2067,7LGV,59.38,0.549500,1.00,-3004.551,372.565,0.719905,0.494920,0.745605
2068,7LHC,81.03,0.689500,1.00,-1874.599,133.242,0.240915,0.601680,0.868164
2069,7LI2,46.59,0.560400,1.00,-730.619,117.058,1.285813,0.167990,0.706543
2070,7LIF,46.59,0.546400,1.00,-730.619,117.058,1.139788,0.153760,0.706543
2071,7LP4,66.49,0.517700,1.00,-3001.978,284.013,0.587357,0.554670,0.801270
2072,7LQR,46.43,0.492800,1.00,-889.484,129.458,0.549660,0.187080,0.579590
2073,7LQS,75.00,0.582100,1.00,-754.083,94.517,0.312022,0.309610,0.603027
2074,7LRW,63.10,0.517900,1.00,-1498.317,73.508,0.484821,0.252980,0.827148
2075,7LSO,93.06,0.711700,1.00,-1006.969,41.311,0.103215,0.509780,0.700684
2076,7LSP,81.94,0.696700,1.00,-1006.969,41.311,0.174184,0.417040,0.700684
2077,7LT7,28.57,0.247700,1.00,-1805.842,236.881,1.579633,0.197350,0.792969
2078,7LVE,73.40,0.614800,1.00,-3488.696,179.120,0.318017,0.604040,0.791992
2079,7LVG,52.78,0.513000,1.00,-3577.471,180.154,0.680572,0.454560,0.821777
2080,7LX4,46.34,0.420900,1.00,-2483.594,381.699,0.506525,0.355840,0.576172
2081,7LZL,89.86,0.725200,1.00,-2405.530,168.271,0.161371,0.721690,0.825684
2082,7M1D,45.31,0.414100,1.00,-2815.876,235.666,0.862396,0.381750,0.793945
2083,7M1E,60.71,0.563700,1.00,-1383.112,156.862,0.450455,0.426500,0.578613
2084,7M3U,46.30,0.359200,1.00,-1870.818,145.273,0.486284,0.166490,0.699219
2085,7MJ3,32.95,0.355900,1.00,-3044.177,290.955,0.921174,0.272450,0.685059
2086,7MY8,33.93,0.506800,1.00,-2924.780,186.994,0.934205,0.361490,0.810547
2087,7N0T,59.38,0.489200,1.00,-495.391,143.357,0.526988,0.270820,0.650879
2088,7N21,66.18,0.537600,1.00,-703.038,122.713,0.351382,0.175230,0.611816
2089,7N23,66.18,0.598300,1.00,-703.038,122.713,0.318951,0.317960,0.611816
2090,7N25,56.25,0.523300,1.00,-495.391,143.357,0.517919,0.242440,0.650879
2091,7NIP,78.66,0.640300,1.00,-4313.890,162.048,0.194772,0.594920,0.810547
2092,7NS1,83.87,0.774200,1.00,-2869.181,64.270,0.167356,0.728980,0.895508
2093,7OB2,50.00,0.442000,1.00,-277.680,114.519,0.433636,0.262030,0.527344
2094,7OD2,88.97,0.663500,1.00,-2523.576,159.737,0.120520,0.712120,0.874512
2095,7OFM,76.67,0.680300,1.00,-1982.191,90.466,0.355496,0.587880,0.884277
2096,7OFO,83.33,0.702600,1.00,-1982.191,90.466,0.267620,0.670100,0.884277
2097,7OSC,59.38,0.537200,1.00,-1382.448,116.420,0.363582,0.268740,0.602539
2099,7P3M,86.54,0.688200,1.00,-667.211,53.919,0.199672,0.545150,0.744141
2100,7P4X,83.87,0.714400,1.00,-1933.087,74.244,0.233142,0.637220,0.834961
2101,7P55,73.86,0.684600,1.00,-1622.534,46.020,0.207417,0.326950,0.788574
2102,7P5G,38.00,0.379500,1.00,-1147.971,166.764,0.757792,0.145110,0.526855
2103,7P5Q,42.00,0.454900,1.00,-1086.144,223.064,0.656023,0.149320,0.512695
2104,7P5S,50.00,0.486400,1.00,-1079.769,157.032,0.432295,0.198660,0.507324
2105,7PH8,82.26,0.688200,1.00,-2417.863,107.316,0.262654,0.594980,0.841309
2106,7PHT,76.67,0.751500,1.00,-2475.804,66.450,0.218658,0.546130,0.900879
2107,7PL4,67.74,0.702500,1.00,-2014.146,91.574,0.402074,0.528070,0.854492
2108,7PVB,96.20,0.785700,1.00,-3356.391,170.212,0.084126,0.893000,0.844727
2109,7PVM,58.06,0.538600,1.00,-1341.141,129.236,0.813841,0.387670,0.866211
2110,7QAL,25.71,0.294100,1.00,-1258.977,198.805,1.037543,0.174720,0.514648
2111,7QAM,27.14,0.378800,1.00,-1168.607,170.053,0.989934,0.194480,0.534668
2112,7QAO,27.14,0.359900,1.00,-1099.785,203.843,1.259181,0.282440,0.547363
2113,7QAP,47.86,0.644800,1.00,-2179.449,90.906,0.644857,0.376200,0.788086
2114,7QLF,42.65,0.460400,1.00,-598.716,70.810,0.774583,0.215650,0.658691
2115,7QXJ,55.36,0.403600,1.00,-1731.620,165.374,0.563140,0.356090,0.608887
2116,7RC7,89.06,0.719500,1.00,-2129.588,194.753,0.215126,0.708700,0.823730
2117,7RC8,89.06,0.701300,1.00,-2129.588,194.753,0.255305,0.704560,0.823730
2118,7RFA,78.45,0.658400,1.00,-1849.303,149.010,0.362595,0.520250,0.876953
2119,7RN3,68.33,0.561900,1.00,-2096.409,215.664,0.339202,0.396840,0.658691
2120,7S55,66.94,0.588300,1.00,-2263.312,180.574,0.288935,0.404050,0.657227
2121,7S7P,89.29,0.779800,1.00,-2986.497,117.611,0.159574,0.796100,0.821777
2122,7SAG,62.90,0.492800,1.00,-1631.124,178.896,0.663978,0.424260,0.756836
2123,7SKC,88.97,0.683200,1.00,-2610.199,191.939,0.120300,0.690210,0.875488
2124,7T6G,60.00,0.449300,1.00,-881.802,70.277,0.459617,0.277210,0.810547
2125,7T7W,88.64,0.631500,1.00,-594.083,45.412,0.141430,0.477010,0.595215
2126,7TB9,41.25,0.465100,1.00,-429.765,123.894,0.496361,0.083600,0.646973
2127,7TH8,59.09,0.482000,1.00,-1790.357,192.363,0.702497,0.363980,0.815430
2128,7UNX,71.53,0.601700,1.00,-2305.609,200.398,0.386106,0.539430,0.746582
2129,7UV3,67.71,0.582900,1.00,-3676.740,151.183,0.517726,0.575610,0.876465
2130,7V5E,50.00,0.430700,1.00,-1135.210,154.277,0.554161,0.143420,0.585449
2131,7V5F,41.94,0.485400,1.00,-2127.894,302.371,0.787263,0.266970,0.490967
2132,7VOZ,74.14,0.745600,1.00,-2005.027,39.163,0.322862,0.492690,0.842773
2133,7VQH,45.83,0.441500,1.00,-679.812,81.220,0.578095,0.126820,0.561035
2134,7VQI,47.22,0.439200,1.00,-679.812,81.220,0.529898,0.183640,0.561035
2135,7W8K,38.00,0.433300,1.00,-886.302,171.436,0.853690,0.159610,0.579102
2136,7W8O,34.62,0.405000,1.00,-1664.225,144.205,0.755760,0.167310,0.572754
2137,7W8R,45.19,0.386200,1.00,-1664.225,144.205,0.659380,0.240040,0.572754
2138,7W8T,50.96,0.507500,1.00,-1170.107,172.028,0.595750,0.197860,0.504395
2139,7W8Z,53.95,0.518900,1.00,-2453.653,217.308,0.590805,0.343210,0.677246
2140,7W96,69.44,0.744600,1.00,-1049.895,126.710,0.271720,0.328340,0.870605
2141,7WE3,31.45,0.452000,1.00,-1471.846,152.357,0.728896,0.184410,0.576172
2142,7WEI,36.29,0.436200,1.00,-1471.846,152.357,0.674732,0.242090,0.576172
2143,7Y7L,67.78,0.591300,1.00,-3023.046,281.311,0.420490,0.565410,0.876465
2144,7YAB,64.77,0.524800,1.00,-2884.741,253.428,0.335127,0.527030,0.859375
2145,7YFS,62.50,0.529200,1.00,-678.779,65.339,0.486223,0.249610,0.760742
2146,7YHF,94.44,0.840200,1.00,-2490.425,177.052,0.094005,0.805300,0.925781
2147,7YHG,95.14,0.848300,1.00,-2490.425,177.052,0.079065,0.840380,0.925781
2148,7YHH,95.83,0.842500,1.00,-2490.425,177.052,0.075544,0.852650,0.925781
2149,7YHI,96.53,0.835300,1.00,-2428.629,179.938,0.072109,0.848830,0.932129
2150,7YRV,40.18,0.475000,1.00,-1675.447,186.820,0.690069,0.199850,0.524902
2151,7YRW,31.45,0.364300,1.00,-1456.019,204.910,0.697072,0.205990,0.516602
2152,7YRX,46.77,0.432900,1.00,-1314.502,231.487,0.492000,0.260610,0.582520
2153,7YSS,73.21,0.594400,1.00,-873.440,39.165,0.431710,0.515630,0.681152
2154,7YYI,75.86,0.696900,1.00,-2106.381,64.302,0.180925,0.557540,0.820801
2155,7Z07,84.48,0.724400,1.00,-2098.735,83.025,0.149764,0.564910,0.807617
2156,7Z08,72.41,0.686100,1.00,-2278.584,71.425,0.234685,0.516780,0.805664
2157,7Z0B,75.86,0.759000,1.00,-2406.487,60.591,0.215732,0.553170,0.795898
2159,7ZNF,87.50,0.728800,1.00,-1904.066,128.884,0.154513,0.606770,0.836914
2160,7ZRF,44.44,0.600600,1.00,-532.752,137.182,1.337937,0.176040,0.666504
2161,7ZRO,28.12,0.451600,1.00,-1605.009,184.236,1.373791,0.223140,0.702148
2162,7ZRU,87.50,0.715000,1.00,-1901.269,91.499,0.212247,0.623620,0.795898
2163,7ZWJ,36.76,0.454900,1.00,-378.622,77.599,0.755109,0.172600,0.557617
2164,7ZZV,24.31,0.415800,1.00,-2099.431,239.555,1.337734,0.270560,0.714355
2165,8A6I,30.36,0.434000,1.00,-1582.308,385.033,1.453973,0.217450,0.546387
2166,8AHK,76.83,0.701800,1.00,-3038.726,306.180,0.246062,0.633000,0.790039
2167,8B1L,79.17,0.691500,1.00,-1407.989,77.749,0.383304,0.426050,0.627930
2168,8B1X,66.00,0.608600,1.00,-1482.566,47.390,0.620202,0.511470,0.843262
2169,8B4R,51.25,0.439700,1.00,-1095.664,144.992,0.604134,0.210040,0.548828
2170,8B6X,74.00,0.650100,1.00,-1680.645,88.502,0.301460,0.448080,0.762207
2171,8B6Y,72.00,0.666900,1.00,-1680.645,88.502,0.278442,0.418810,0.762207
2172,8B9Q,25.00,0.433400,1.00,-1324.871,271.109,1.346985,0.195970,0.534668
2173,8B9R,27.50,0.462100,1.00,-1324.871,271.109,1.339567,0.277330,0.534668
2174,8BOO,26.09,0.518900,1.00,-647.047,100.008,1.313154,0.201480,0.695801
2175,8BVC,46.43,0.428100,1.00,-2732.085,288.994,0.449352,0.356820,0.821777
2176,8BVZ,46.05,0.552000,1.00,-556.313,104.372,0.722070,0.203860,0.629883
2177,8BWW,65.28,0.565300,1.00,-1314.583,58.608,0.426112,0.295400,0.775391
2178,8CIQ,83.57,0.684500,1.00,-2296.889,221.845,0.310410,0.682530,0.812500
2183,8CJT,79.29,0.665800,1.00,-2188.740,181.983,0.233848,0.585310,0.796387
2184,8CM3,77.17,0.582600,1.00,-1365.742,151.723,0.429011,0.452680,0.666992
2185,8DFZ,55.23,0.480100,1.00,-3305.281,304.092,0.674969,0.437640,0.661621
2186,8DYM,50.86,0.405300,1.00,-1079.829,154.462,0.505219,0.315760,0.652832
2187,8DYN,44.79,0.450500,1.00,-1021.497,112.369,0.652138,0.199240,0.688477
2188,8EB1,54.17,0.416700,1.00,-1329.379,184.335,0.517107,0.399050,0.602539
2189,8EF4,38.75,0.605200,1.00,-473.305,98.978,1.168706,0.194570,0.722656
2190,8F04,82.89,0.694000,1.00,-1036.275,72.623,0.362301,0.436440,0.736816
2191,8FD4,86.76,0.655400,1.00,-2253.855,179.218,0.183762,0.659130,0.857910
2192,8FEY,88.19,0.724400,1.00,-2511.262,182.987,0.194037,0.740640,0.775879
2193,8G21,48.44,0.531000,1.00,-1858.494,114.275,0.771588,0.427310,0.736328
2194,8GUC,27.78,0.387600,1.00,-1959.726,237.657,1.055372,0.235240,0.468262
2195,8GVN,82.14,0.573700,1.00,-873.440,39.165,0.277847,0.393660,0.681152
2196,8H0G,79.03,0.680400,1.00,-1879.269,109.523,0.236569,0.561280,0.815430
2197,8H0U,70.16,0.684300,1.00,-1879.269,109.523,0.363043,0.525620,0.815430
2198,8HJC,83.33,0.666300,1.00,-2425.720,233.838,0.236174,0.644820,0.826660
2199,8HJD,82.58,0.650500,1.00,-2425.720,233.838,0.225681,0.622880,0.826660
2200,8HR3,67.31,0.586600,1.00,-503.741,71.472,0.358632,0.348350,0.636719
2201,8HR4,67.31,0.574800,1.00,-622.308,73.494,0.391160,0.274720,0.628906
2202,8HVS,72.50,0.540500,1.00,-467.083,64.326,0.339954,0.371680,0.550781
2203,8HZW,45.31,0.466000,1.00,-476.473,107.552,0.631372,0.209690,0.702637
2204,8IKQ,55.36,0.462800,1.00,-565.096,95.561,0.320865,0.255290,0.605957
2205,8IL1,57.14,0.466900,1.00,-565.096,95.561,0.307470,0.182840,0.605957
2206,8IL2,70.00,0.474500,1.00,-461.234,101.949,0.300786,0.257650,0.541992
2207,8IL6,63.33,0.477000,1.00,-461.234,101.949,0.391034,0.215920,0.541992
2208,8JB4,27.08,0.366100,1.00,-1443.655,121.439,0.885387,0.154250,0.796875
2209,8K3M,44.12,0.455100,1.00,-593.209,116.785,0.571401,0.220960,0.640625
2210,8K3N,36.76,0.425900,1.00,-593.209,116.785,0.709650,0.137940,0.640625
2211,8OR5,60.00,0.666800,1.00,-1789.677,62.107,0.405010,0.387840,0.884277
2212,8ORY,82.50,0.670600,1.00,-2078.356,64.886,0.295878,0.586130,0.857910
2213,8ORZ,65.83,0.677600,1.00,-1550.059,31.874,0.319327,0.450070,0.881348
2214,8OS0,74.17,0.733700,1.00,-1802.358,81.630,0.251942,0.445460,0.896484
2215,8OSQ,23.57,0.535300,1.00,-761.531,188.300,1.408953,0.182060,0.688477
2216,8PWT,36.76,0.430700,1.00,-2835.868,88.864,0.694870,0.282430,0.843262
2221,8QNT,29.59,0.607700,1.00,-3605.642,130.650,1.783561,0.257350,0.800781
2222,8QTQ,71.32,0.593100,1.00,-2051.586,239.840,0.332839,0.499050,0.891113
2223,8R89,51.39,0.515500,1.00,-917.403,85.793,0.516816,0.256410,0.570801
2224,8RHS,50.00,0.470200,1.00,-3195.526,173.385,0.600262,0.456570,0.789551
2225,8RPQ,75.00,0.787300,1.00,-2751.702,65.009,0.216649,0.563250,0.889160
2226,8RQ6,70.97,0.674700,1.00,-2568.324,30.384,0.306538,0.488370,0.896484
2227,8S9Y,26.92,0.483400,1.00,-1333.010,200.873,1.505013,0.206260,0.668945
2228,8SED,80.41,0.640400,1.00,-2373.380,181.751,0.213427,0.619200,0.908203
2229,8SEM,82.69,0.680100,1.00,-1896.619,200.260,0.308115,0.670300,0.844727
2230,8SVB,35.83,0.455900,1.00,-1522.695,158.613,0.939969,0.184510,0.553711
2231,8T01,86.54,0.697200,1.00,-671.477,36.715,0.121828,0.428510,0.742676
2232,8T61,37.50,0.410700,1.00,-578.455,133.592,1.039774,0.106430,0.531738
2233,8T62,42.19,0.498900,1.00,-422.220,114.886,0.913825,0.217020,0.626953
2234,8T63,48.44,0.426500,1.00,-692.020,84.048,0.721791,0.227500,0.638672
2235,8TFV,47.62,0.510000,1.00,-697.711,148.370,0.492780,0.150750,0.575195
2236,8TV4,59.62,0.463800,1.00,-888.302,64.100,0.422474,0.174470,0.589844
2237,8TXS,53.12,0.536500,1.00,-540.888,72.682,0.928540,0.265000,0.693848
2238,8TYI,79.31,0.712400,1.00,-1860.620,115.485,0.197056,0.518510,0.879395
2239,8UKC,48.33,0.419400,1.00,-699.622,93.927,0.485374,0.225520,0.580566
2240,8ULM,71.97,0.579100,1.00,-1790.357,192.363,0.269783,0.477350,0.815430
2241,8UM1,49.40,0.477200,1.00,-3433.219,153.951,0.780786,0.466100,0.809082
2242,8UM2,57.14,0.483400,1.00,-3433.219,153.951,0.861593,0.410450,0.809082
2243,8UNG,83.54,0.698800,1.00,-2832.424,156.412,0.193835,0.688070,0.915039
2244,8UWF,89.74,0.750400,1.00,-2433.757,218.415,0.163329,0.762090,0.846191
2245,8UXR,64.13,0.539900,1.00,-1263.959,233.804,0.476598,0.229390,0.526367
2246,8V2M,78.57,0.636700,1.00,-1814.375,104.925,0.362514,0.575280,0.776367
2247,8V2V,28.66,0.342600,1.00,-2659.542,414.716,0.844958,0.307200,0.443115
2248,8VU6,86.41,0.727700,1.00,-2903.803,257.758,0.264233,0.776100,0.867188
2249,8VU7,88.33,0.713000,1.00,-3165.277,196.249,0.222263,0.783940,0.890625
2250,8VU8,83.72,0.673900,1.00,-2776.459,223.921,0.165534,0.703550,0.904785
2251,8VYC,40.91,0.485900,1.00,-800.392,106.548,1.005640,0.146190,0.657715
2252,8W0Q,68.75,0.600300,1.00,-1121.234,111.462,0.384707,0.248720,0.680664
2253,8W16,61.67,0.487900,1.00,-640.163,92.240,0.323107,0.213670,0.611816
2254,8W17,63.33,0.494300,1.00,-691.500,70.243,0.398168,0.282570,0.608887
2255,8W2V,32.05,0.545200,1.00,-1372.166,233.780,0.963817,0.235800,0.719238
2256,8WGI,58.00,0.542200,1.00,-1389.034,143.938,0.605821,0.273130,0.635742
2257,8WGJ,70.83,0.564100,1.00,-1232.027,101.045,0.296340,0.374330,0.542969
2258,8WW0,37.50,0.331800,1.00,-1934.970,263.118,1.000178,0.336560,0.561523
2259,8WW1,31.67,0.391100,1.00,-1858.286,171.553,0.865578,0.220460,0.702637
2260,8X3N,45.31,0.450200,1.00,-423.439,120.380,0.467498,0.201080,0.551758
2261,8X40,51.56,0.442200,1.00,-423.439,120.380,0.390627,0.173360,0.551758
2262,8XTH,51.67,0.395300,1.00,-635.065,95.771,0.380250,0.261640,0.592285
2263,8XTN,35.61,0.455800,1.00,-1075.263,176.242,1.003823,0.175010,0.626465
2264,8XTO,46.43,0.473700,1.00,-641.403,100.930,0.563574,0.119800,0.725098
2265,8Y3S,54.55,0.502400,1.00,-368.877,47.676,0.350610,0.403780,0.738770
2266,8YD6,27.50,0.366500,1.00,-1799.902,177.170,0.836130,0.213860,0.878906
2267,8ZG2,50.00,0.513400,1.00,-238.655,51.868,0.522557,0.294680,0.660645
2268,8ZG3,43.18,0.539600,1.00,-138.635,64.449,0.645873,0.341630,0.665039
2269,8ZG4,63.64,0.561400,1.00,-261.589,46.322,0.428083,0.225730,0.670898
2270,8ZP3,33.33,0.451400,1.00,-1020.329,187.707,0.862811,0.197040,0.637695
2271,8ZUG,35.87,0.465900,1.00,-376.428,113.818,1.136154,0.177410,0.621582
2272,9AZI,94.44,0.776500,1.00,-1842.180,89.867,0.122068,0.768860,0.850586
2273,9BET,60.71,0.682800,1.00,-2608.913,112.695,0.522179,0.505340,0.834473
2274,9BF4,54.84,0.407900,1.00,-2381.670,183.767,0.573950,0.319270,0.780273
2275,9BHN,56.82,0.512400,1.00,-443.555,89.244,0.404414,0.195990,0.609863
2276,9BV0,83.33,0.678500,1.00,-2163.880,113.649,0.133948,0.477670,0.857910
2277,9BV4,48.61,0.448600,1.00,-3392.167,196.242,0.819884,0.359660,0.660156
2278,9BVS,42.31,0.475000,1.00,-960.125,41.435,0.552777,0.266130,0.596680
2279,9BVU,48.33,0.437400,1.00,-1238.129,35.437,0.643966,0.254910,0.698730
2280,9BVV,46.15,0.436400,1.00,-857.633,80.383,0.496096,0.228260,0.643066
2281,9CRB,83.04,0.694400,1.00,-1546.252,133.157,0.226405,0.542950,0.630371
2282,9F1E,61.61,0.641000,1.00,-1491.340,76.898,0.600563,0.447240,0.775391
2283,9F1F,62.82,0.647800,1.00,-2318.175,162.746,0.574393,0.516630,0.705566
2284,9F1G,73.98,0.675500,1.00,-3410.264,133.519,0.285934,0.660800,0.793457
2285,9FJN,91.67,0.765000,1.00,-1300.599,21.379,0.091878,0.480380,0.847168
2286,9FJW,50.00,0.561100,1.00,-1840.122,162.472,0.958742,0.381680,0.738281
2287,9G0M,64.00,0.645900,1.00,-1319.407,99.719,0.466363,0.354910,0.782715
2288,9G0N,64.00,0.651900,1.00,-1319.407,99.719,0.517209,0.388510,0.782715
2289,9G20,66.00,0.628300,1.00,-1319.407,99.719,0.462665,0.383590,0.782715
2290,9G21,60.00,0.540300,1.00,-1319.407,99.719,0.442520,0.283560,0.782715
2291,9G22,67.00,0.638800,1.00,-1238.249,93.420,0.477130,0.407690,0.781738
2292,9G2N,64.00,0.627000,1.00,-1238.249,93.420,0.491002,0.377560,0.781738
2293,9G2O,63.00,0.615500,1.00,-1238.249,93.420,0.478966,0.381390,0.781738
2294,9G31,61.00,0.586300,1.00,-1238.249,93.420,0.493020,0.305040,0.781738
2295,9G32,62.00,0.585100,1.00,-1238.249,93.420,0.501808,0.317790,0.781738
2296,9G5P,66.00,0.626900,1.00,-1319.407,99.719,0.462851,0.413840,0.782715
2297,9GDL,71.00,0.591100,1.00,-1513.677,147.449,0.292479,0.405880,0.788086
2298,9GDN,72.00,0.622700,1.00,-1513.677,147.449,0.253279,0.407560,0.788086
2299,9GDT,73.00,0.618500,1.00,-1513.677,147.449,0.274389,0.383560,0.788086
2300,9GDU,75.00,0.609600,1.00,-1513.677,147.449,0.297864,0.421260,0.788086
2301,9GE1,72.00,0.626600,1.00,-1513.677,147.449,0.302246,0.364590,0.788086
2302,9GE9,62.00,0.559400,1.00,-1419.175,90.709,0.409491,0.319740,0.785645
2303,9GEB,71.00,0.591300,1.00,-1419.175,90.709,0.330062,0.350280,0.785645
2304,9GEC,66.00,0.615300,1.00,-1419.175,90.709,0.373807,0.357510,0.785645
2305,9IKO,45.31,0.381400,1.00,-506.838,103.968,0.443161,0.201360,0.620117
2306,9ILX,50.00,0.368000,1.00,-506.838,103.968,0.509079,0.164820,0.620117
2307,9J5F,30.47,0.336300,1.00,-1814.531,263.585,0.961014,0.226790,0.472900
2308,9J5H,60.71,0.566500,1.00,-2526.522,224.940,0.537562,0.431680,0.633789
2309,9KAR,40.00,0.412200,1.00,-736.383,99.363,0.650090,0.208430,0.528809
2310,9KK0,65.00,0.563400,1.00,-1035.889,155.693,0.406531,0.258060,0.659180
2311,9L1M,45.83,0.515600,1.00,-175.860,59.226,0.705725,0.217520,0.666016
2312,9NVH,79.29,0.668200,1.00,-1740.342,178.418,0.276494,0.596860,0.812988
2313,9NWZ,41.25,0.493500,1.00,-697.928,100.343,0.791367,0.174640,0.577148
2314,9NY3,41.25,0.372200,1.00,-1073.778,73.137,0.770923,0.121520,0.695312
2315,9UV5,55.00,0.506300,1.00,-353.624,65.300,0.442782,0.370250,0.615723
