serial,pdb_id,gdt_ts,lddt,lddt_coverage,pred_dope,pred_molpdf,rmsd,tm_score,plddt
1,1A11,88.00,0.805600,1.00,-1788.093,54.828,0.143866,0.633180,0.673417
2,1A3P,68.33,0.583900,1.00,-2192.424,424.892,0.397413,0.566570,0.540113
3,1ACW,77.59,0.643000,1.00,-1565.586,162.414,0.186836,0.477660,0.173406
4,1ADX,44.38,0.467800,1.00,-2176.194,313.313,0.631707,0.303080,0.558094
5,1AG7,36.03,0.341800,1.00,-1890.870,338.456,0.634087,0.203940,0.283093
6,1AGG,58.85,0.417400,1.00,-2800.002,365.523,0.607950,0.509530,0.400063
7,1AGT,82.89,0.640600,1.00,-2303.016,259.772,0.178858,0.645920,0.717942
8,1AHL,56.63,0.478500,1.00,-2834.228,508.569,0.409605,0.496220,0.485450
9,1ALE,90.28,0.760100,1.00,-1335.677,44.941,0.167822,0.583390,0.451951
10,1ALF,89.47,0.760700,1.00,-1574.198,52.418,0.158773,0.433740,0.378213
11,1ALG,76.04,0.631100,1.00,-1359.285,75.864,0.373658,0.431190,0.511562
12,1AMB,39.29,0.311400,1.00,-1267.936,134.832,0.962695,0.291820,0.086780
13,1AMC,41.07,0.315200,1.00,-1267.936,134.832,0.955122,0.258430,0.086780
14,1AML,38.12,0.474700,1.00,-2179.497,151.564,0.645833,0.347360,0.064253
15,1ANP,35.71,0.370100,1.00,-1264.901,224.838,0.748918,0.211030,0.185050
16,1ANS,46.30,0.406600,1.00,-1546.021,377.882,0.632068,0.227640,0.196052
17,1AOO,48.75,0.388300,1.00,-1986.870,308.351,0.540966,0.338370,0.408864
18,1APF,61.73,0.500200,1.00,-2908.753,587.092,0.376209,0.475100,0.495180
19,1APO,81.55,0.623900,1.00,-1786.851,395.343,0.226712,0.693220,0.548273
20,1AQG,52.27,0.462100,1.00,-325.354,76.573,0.388352,0.155330,0.162937
21,1AQQ,46.25,0.393900,1.00,-1986.870,308.351,0.558301,0.324990,0.408864
22,1AQR,45.62,0.397900,1.00,-1986.870,308.351,0.568752,0.353370,0.408864
23,1ARD,87.07,0.625600,1.00,-1966.185,131.695,0.204443,0.638450,0.470615
24,1ARE,83.62,0.661400,1.00,-2077.293,123.622,0.265114,0.612930,0.401814
25,1ARF,85.34,0.645900,1.00,-2199.370,129.529,0.267038,0.634480,0.436439
26,1ATX,66.85,0.509100,1.00,-2385.984,395.838,0.303152,0.546530,0.537498
27,1AV3,32.41,0.381500,1.00,-1572.454,120.529,0.690200,0.168320,0.257272
28,1AW6,51.74,0.472800,1.00,-2476.970,224.357,0.528022,0.411020,0.245700
29,1AXH,54.73,0.443600,1.00,-1875.889,305.872,0.695095,0.434390,0.358620
30,1AZ6,72.92,0.572400,1.00,-1810.306,232.288,0.317180,0.562710,0.494385
31,1AZH,52.08,0.487200,1.00,-1966.648,230.968,0.532391,0.369440,0.497666
32,1AZJ,79.17,0.618000,1.00,-1910.723,267.497,0.243795,0.567310,0.492536
33,1AZK,70.14,0.596600,1.00,-2051.728,232.637,0.236590,0.458000,0.509603
34,1B03,66.67,0.528700,1.00,-572.603,135.108,0.285682,0.271250,0.139778
35,1B1V,71.74,0.566900,1.00,-961.227,141.502,0.448678,0.334720,0.220765
36,1B4G,30.00,0.270600,1.00,-736.867,435.487,0.980774,0.214550,0.158682
37,1B4I,31.67,0.314900,1.00,-736.867,435.487,0.881284,0.195550,0.158682
38,1B5N,73.91,0.570900,1.00,-961.227,141.502,0.432318,0.348440,0.220765
39,1B8W,55.36,0.460900,1.00,-2369.775,363.672,0.562657,0.395510,0.372863
40,1B9P,61.76,0.505500,1.00,-2069.345,163.886,0.692802,0.505350,0.463748
41,1B9Q,61.03,0.506300,1.00,-2069.345,163.886,0.598863,0.408210,0.463748
42,1B9U,81.62,0.767700,1.00,-2835.349,124.019,0.225744,0.622950,0.606384
43,1BA4,43.75,0.459200,1.00,-2179.497,151.564,0.790709,0.378780,0.064253
44,1BA6,43.12,0.464700,1.00,-2179.497,151.564,0.596465,0.297910,0.064253
45,1BAH,80.41,0.638800,1.00,-2123.119,191.563,0.159987,0.621120,0.677224
46,1BBA,76.39,0.571900,1.00,-2446.067,206.213,0.250754,0.563620,0.407524
47,1BBG,64.38,0.536500,1.00,-2369.550,301.396,0.316713,0.477410,0.385474
48,1BDS,58.72,0.438000,1.00,-2677.795,658.653,0.316569,0.461960,0.586073
49,1BEI,43.57,0.425700,1.00,-2373.487,188.842,0.677979,0.301100,0.294138
50,1BF9,78.05,0.629000,1.00,-1900.094,387.405,0.219488,0.627470,0.514769
51,1BGK,57.43,0.512100,1.00,-2588.875,202.247,0.592810,0.429000,0.496191
52,1BH4,61.67,0.506600,1.00,-1842.452,302.312,0.417837,0.337600,0.367910
53,1BH7,38.64,0.344800,1.00,-2246.399,192.770,0.636570,0.279070,0.560796
54,1BHI,69.08,0.591700,1.00,-2225.375,209.291,0.521098,0.544010,0.386630
55,1BIG,78.38,0.639600,1.00,-2579.833,210.292,0.203109,0.602370,0.651083
56,1BJB,38.39,0.360500,1.00,-1087.171,196.436,0.794291,0.289820,0.073576
57,1BJC,55.36,0.461000,1.00,-1820.094,126.838,0.632993,0.384810,0.063838
58,1BL1,41.13,0.347400,1.00,-2240.130,162.638,0.888287,0.286100,0.427712
59,1BM4,57.03,0.434300,1.00,-2464.894,118.689,1.119090,0.400990,0.517502
60,1BMX,64.52,0.511000,1.00,-2252.248,152.720,0.602471,0.467220,0.070899
61,1BNB,75.66,0.587300,1.00,-2380.216,267.697,0.254074,0.596770,0.646495
62,1BOE,66.49,0.538300,1.00,-2965.456,410.787,0.305726,0.555690,0.653296
63,1BQF,77.00,0.588300,1.00,-1016.823,187.444,0.324544,0.405900,0.219700
64,1BRV,50.00,0.335600,1.00,-2371.036,172.599,0.803990,0.315040,0.254104
65,1BWX,52.56,0.582400,1.00,-2757.066,101.403,0.560524,0.445540,0.367300
66,1BY0,75.93,0.630900,1.00,-1732.107,76.163,0.356667,0.463440,0.752864
67,1BY6,34.03,0.296100,1.00,-2624.030,163.385,1.166465,0.296770,0.352618
68,1BZG,59.56,0.562700,1.00,-2408.428,73.538,0.504063,0.425650,0.685011
69,1C2U,33.57,0.371200,1.00,-2043.281,202.326,0.760373,0.277990,0.283302
70,1C49,80.71,0.620800,1.00,-1893.373,296.786,0.174422,0.596880,0.589508
71,1C4B,59.62,0.489300,1.00,-412.070,114.365,0.317072,0.277580,0.050161
72,1C4E,40.71,0.369700,1.00,-1389.280,534.047,0.523387,0.261870,0.301985
73,1C55,73.12,0.570500,1.00,-2613.211,267.214,0.305976,0.570130,0.591600
74,1C56,75.62,0.576300,1.00,-2539.510,259.289,0.304842,0.594570,0.592173
75,1C6W,31.06,0.326700,1.00,-1820.321,185.441,0.735228,0.224800,0.501775
76,1CBH,64.58,0.553800,1.00,-1977.676,255.608,0.323867,0.466230,0.530308
77,1CCF,76.79,0.616200,1.00,-1757.433,413.402,0.213732,0.618790,0.531563
78,1CCM,78.80,0.640800,1.00,-3070.785,325.000,0.234729,0.681060,0.676688
79,1CCN,83.70,0.656600,1.00,-3070.785,325.000,0.193146,0.738670,0.676688
80,1CE4,27.14,0.339400,1.00,-1425.435,316.498,1.083672,0.195360,0.223859
81,1CFG,29.55,0.352100,1.00,-1131.742,160.314,0.942682,0.144090,0.085804
82,1CFH,30.32,0.259700,1.00,-3449.884,269.166,1.065573,0.213060,0.542592
83,1CFI,50.53,0.402100,1.00,-3449.884,269.166,0.867267,0.396170,0.542592
84,1CHL,58.33,0.480000,1.00,-1751.581,423.850,0.502380,0.385940,0.288033
85,1CIX,42.61,0.383300,1.00,-2938.231,348.744,0.982784,0.329960,0.342501
86,1CKW,48.00,0.406800,1.00,-1563.108,103.951,0.762192,0.301030,0.334686
87,1CKX,45.19,0.439600,1.00,-1687.546,135.619,0.764699,0.360400,0.413299
88,1CKY,39.42,0.372000,1.00,-1687.546,135.619,0.695391,0.181860,0.413299
89,1CKZ,39.00,0.379800,1.00,-1647.710,116.303,0.694611,0.158200,0.339153
90,1CMR,77.42,0.597600,1.00,-2138.749,193.301,0.186072,0.485700,0.450743
91,1CO4,50.60,0.447400,1.00,-1564.676,453.860,0.668793,0.401160,0.377012
92,1CQ0,53.57,0.511200,1.00,-1543.138,86.072,0.718309,0.324000,0.213771
93,1CR8,77.98,0.604200,1.00,-1951.612,297.886,0.252846,0.636170,0.545179
94,1CSA,63.64,0.495200,1.00,-368.429,38.706,0.393544,0.257620,0.110217
95,1CTI,74.14,0.613300,1.00,-1759.815,206.016,0.271522,0.432220,0.223809
96,1CW5,43.75,0.423000,1.00,-2610.411,378.134,1.051452,0.421030,0.235735
97,1CW6,47.97,0.420600,1.00,-2113.425,215.826,0.882447,0.425650,0.253216
98,1CWX,26.70,0.375900,1.00,-1298.502,487.912,0.859616,0.272910,0.020291
99,1CXR,60.33,0.540800,1.00,-2966.343,257.494,0.335525,0.476870,0.667951
100,1CYA,54.55,0.537700,1.00,-368.429,38.706,0.322765,0.264080,0.110217
101,1CYB,70.45,0.564500,1.00,-368.429,38.706,0.249439,0.255330,0.110217
102,1CZ6,34.00,0.323400,1.00,-1015.552,168.902,0.867209,0.208080,0.071572
103,1D0R,75.83,0.632200,1.00,-1972.448,120.625,0.356436,0.448280,0.382409
104,1D1H,63.57,0.482100,1.00,-2205.731,256.883,0.421518,0.411150,0.455285
105,1D2J,76.25,0.616400,1.00,-2031.773,252.173,0.245501,0.623040,0.542441
106,1D2L,67.78,0.560100,1.00,-2077.962,321.710,0.408549,0.578300,0.580951
107,1D5Q,89.81,0.727600,1.00,-1602.567,189.351,0.123738,0.609660,0.429086
108,1D6B,58.93,0.437200,1.00,-2622.244,337.837,0.622981,0.463870,0.510959
109,1D6X,57.69,0.454800,1.00,-350.638,140.613,0.359438,0.230620,0.060515
110,1DEC,43.59,0.418700,1.00,-1782.165,428.423,0.764244,0.307710,0.213816
111,1DEP,76.67,0.573400,1.00,-776.661,101.704,0.218554,0.262230,0.295166
112,1DF6,61.67,0.525600,1.00,-1685.079,295.018,0.488964,0.275930,0.192971
113,1DFE,76.35,0.565500,1.00,-2025.469,248.561,0.350014,0.594800,0.477363
114,1DFS,46.77,0.395000,1.00,-1538.200,347.301,0.690120,0.227980,0.347218
115,1DFT,39.17,0.360600,1.00,-1458.648,239.015,0.710102,0.203030,0.198640
116,1DGZ,72.97,0.572200,1.00,-2025.469,248.561,0.332743,0.549910,0.477363
117,1DJF,51.67,0.509400,1.00,-281.610,113.050,0.473340,0.282600,0.232758
118,1DKC,63.82,0.517600,1.00,-1823.784,416.126,0.331265,0.468160,0.523978
119,1DL0,35.14,0.375100,1.00,-1829.322,252.695,0.824799,0.238440,0.369672
120,1DMC,55.65,0.474600,1.00,-1782.579,190.329,0.477437,0.317930,0.303714
121,1DMD,54.03,0.472700,1.00,-1782.579,190.329,0.471717,0.333560,0.303714
122,1DME,37.50,0.391900,1.00,-1171.343,331.587,0.639865,0.183950,0.156631
123,1DMF,40.18,0.384700,1.00,-1171.343,331.587,0.655493,0.162340,0.156631
124,1DN3,38.33,0.467300,1.00,-281.610,113.050,0.491608,0.110390,0.232758
125,1DNG,53.33,0.536300,1.00,-247.342,147.073,0.406420,0.160120,0.130377
126,1DPK,43.75,0.420400,1.00,-449.202,94.499,0.446841,0.249980,0.067112
127,1DPQ,48.75,0.450300,1.00,-63.468,189.149,0.487398,0.106400,0.046077
128,1DSK,65.18,0.628500,1.00,-1831.020,119.896,0.515884,0.431760,0.327721
129,1DSQ,76.19,0.555100,1.00,-858.773,132.919,0.287974,0.267800,0.227565
130,1DSV,46.77,0.472200,1.00,-859.988,442.302,0.691606,0.247660,0.196454
131,1DTC,82.69,0.720100,1.00,-1773.908,68.467,0.262608,0.611140,0.851269
132,1DU1,65.00,0.534500,1.00,-1357.626,40.201,0.462265,0.284120,0.269434
133,1DU9,81.25,0.631600,1.00,-1302.947,191.464,0.187915,0.486660,0.194176
134,1DV0,79.26,0.583400,1.00,-4017.308,254.298,0.249591,0.679720,0.782550
135,1DVW,50.00,0.548100,1.00,-522.207,129.026,0.632509,0.168440,0.148529
136,1DX7,50.52,0.560700,1.00,-3746.689,153.130,0.809487,0.504990,0.562644
137,1E0G,83.33,0.598700,1.00,-3497.103,313.354,0.191993,0.734080,0.762887
138,1E0L,79.73,0.591600,1.00,-2103.341,271.922,0.232933,0.645140,0.441182
139,1E0M,82.43,0.620600,1.00,-1576.475,282.234,0.317475,0.666300,0.547842
140,1E0N,83.33,0.644900,1.00,-1482.482,196.739,0.155346,0.457840,0.459167
141,1E0Q,79.41,0.603500,1.00,-858.921,72.422,0.216442,0.285870,0.386250
142,1E4Q,75.68,0.621600,1.00,-2137.235,346.863,0.208590,0.588600,0.655439
143,1E4R,62.86,0.492800,1.00,-1745.932,319.840,0.380052,0.460820,0.609346
144,1E4S,79.17,0.581500,1.00,-1881.280,225.266,0.245047,0.584730,0.610773
145,1E4T,75.00,0.581500,1.00,-2264.557,282.423,0.416389,0.585310,0.587781
146,1E8P,67.39,0.566300,1.00,-2844.960,411.198,0.378260,0.580550,0.647580
147,1E8Q,66.85,0.552600,1.00,-2911.656,369.682,0.427176,0.567440,0.646254
148,1E9K,46.71,0.546300,1.00,-2621.370,176.458,0.557443,0.288210,0.272568
149,1ED0,83.70,0.658700,1.00,-2772.977,255.829,0.181077,0.710810,0.663539
150,1ED7,78.89,0.593700,1.00,-3485.913,342.882,0.175725,0.680390,0.820258
151,1EDP,64.71,0.521000,1.00,-784.097,100.153,0.450935,0.213500,0.058899
152,1EDS,47.58,0.459800,1.00,-1844.420,153.243,0.536482,0.261780,0.246726
153,1EDV,29.41,0.321400,1.00,-1827.064,292.477,0.756195,0.224910,0.283908
154,1EDW,43.27,0.447100,1.00,-1921.683,91.645,0.613272,0.214980,0.298916
155,1EDX,24.38,0.292500,1.00,-1836.849,497.866,1.034235,0.251950,0.216312
156,1EGT,70.59,0.608400,1.00,-535.875,97.178,0.232735,0.227840,0.203255
157,1EHS,52.08,0.484100,1.00,-3460.786,168.860,0.492530,0.532900,0.414901
158,1EI0,84.21,0.677700,1.00,-3105.189,135.025,0.171973,0.716730,0.738432
159,1EMX,59.17,0.446200,1.00,-1618.588,203.137,0.504183,0.361660,0.357723
160,1EMZ,73.81,0.597000,1.00,-1387.873,66.622,0.320109,0.539600,0.263402
161,1EQX,51.39,0.507200,1.00,-462.267,127.707,0.455268,0.269290,0.031855
162,1ERC,68.12,0.595600,1.00,-2683.534,314.468,0.287569,0.517590,0.462727
163,1ERD,65.00,0.518900,1.00,-2925.022,224.929,0.498238,0.518160,0.337261
164,1ERP,67.11,0.563800,1.00,-2605.105,246.810,0.339905,0.517810,0.440295
165,1ERY,44.23,0.498500,1.00,-2818.679,230.248,0.924602,0.318560,0.390003
166,1ESK,53.57,0.569300,1.00,-1494.969,293.315,0.497687,0.428540,0.290972
167,1EWS,42.97,0.421500,1.00,-1349.283,404.449,0.632523,0.212010,0.245954
168,1EYO,61.67,0.467100,1.00,-1338.553,356.440,0.476057,0.354020,0.132959
169,1EZE,71.05,0.627300,1.00,-2584.277,117.137,0.338002,0.550440,0.306104
170,1F3K,48.08,0.465400,1.00,-1278.599,319.414,0.636725,0.209970,0.101361
171,1F4I,80.00,0.543200,1.00,-4008.321,259.331,0.401281,0.674450,0.769830
172,1F7E,72.83,0.615600,1.00,-2078.986,407.579,0.312680,0.604330,0.479742
173,1F7M,71.20,0.623200,1.00,-2332.133,378.009,0.314436,0.610850,0.489228
174,1F8Z,83.97,0.669600,1.00,-1826.567,270.479,0.215748,0.675020,0.553853
175,1FAC,33.33,0.357100,1.00,-1068.469,171.519,0.799392,0.112520,0.082825
176,1FCT,53.12,0.400400,1.00,-1764.990,150.886,0.593941,0.406590,0.286385
177,1FDF,51.00,0.547800,1.00,-1580.083,98.189,0.432554,0.295070,0.181617
178,1FEO,52.88,0.452700,1.00,-711.350,360.076,0.525441,0.258430,0.189021
179,1FF7,67.93,0.574800,1.00,-2275.466,359.742,0.325694,0.543870,0.492590
180,1FFM,72.28,0.619000,1.00,-2472.433,377.302,0.286763,0.613840,0.482045
181,1FGD,75.00,0.566300,1.00,-630.039,112.329,0.226761,0.209950,0.259339
182,1FGE,66.25,0.495800,1.00,-839.484,123.119,0.345917,0.195520,0.372540
183,1FJN,65.38,0.521000,1.00,-2452.987,249.952,0.540143,0.488950,0.487325
184,1FME,79.46,0.585300,1.00,-1924.070,148.672,0.246811,0.508050,0.353661
185,1FMY,48.75,0.406500,1.00,-1986.870,308.351,0.572927,0.396860,0.408864
186,1FQQ,75.00,0.607900,1.00,-2495.522,369.062,0.238646,0.598370,0.658745
187,1FRE,38.69,0.365300,1.00,-2673.269,292.590,0.696098,0.289700,0.646961
188,1FRY,38.79,0.430900,1.00,-1959.739,119.733,0.615716,0.256400,0.363521
189,1FSB,75.62,0.614800,1.00,-2239.388,340.486,0.239591,0.582490,0.545118
190,1FSD,78.57,0.660600,1.00,-2037.166,164.027,0.260009,0.495060,0.390512
191,1FSV,75.89,0.645400,1.00,-2037.166,164.027,0.238842,0.475110,0.390512
192,1FU3,45.37,0.414800,1.00,-1611.278,179.488,0.669726,0.181700,0.425409
193,1FU9,69.44,0.536000,1.00,-2254.400,181.107,0.491875,0.522370,0.269508
194,1FUL,52.27,0.472200,1.00,-280.225,98.349,0.424570,0.188650,0.057943
195,1FUV,56.82,0.497100,1.00,-280.225,98.349,0.365324,0.250210,0.057943
196,1FV5,68.75,0.499200,1.00,-2537.467,193.309,0.489876,0.521010,0.391547
197,1FVY,44.35,0.567400,1.00,-2192.931,101.849,0.876296,0.333900,0.468756
198,1FW5,46.25,0.474100,1.00,-819.201,121.785,0.552903,0.221560,0.016258
199,1FWO,58.57,0.464700,1.00,-1310.477,482.901,0.479037,0.364690,0.412952
200,1FYG,44.00,0.442800,1.00,-976.543,216.039,0.730951,0.260010,0.207166
201,1G04,32.69,0.315200,1.00,-1903.490,145.163,0.800665,0.184980,0.309488
202,1G26,75.81,0.623900,1.00,-1942.475,235.841,0.262068,0.457140,0.509343
203,1G92,57.00,0.617900,1.00,-1780.107,66.506,0.574219,0.375280,0.304608
204,1G9P,35.00,0.296800,1.00,-2756.681,554.582,1.160151,0.290770,0.229787
205,1GEA,77.38,0.601700,1.00,-1219.112,72.619,0.271281,0.271840,0.125654
206,1GIB,47.73,0.440600,1.00,-821.568,258.929,0.488220,0.156340,0.172886
207,1GK5,66.84,0.495300,1.00,-2681.477,586.382,0.347220,0.554960,0.478296
208,1GM2,56.82,0.459700,1.00,-270.993,72.726,0.335906,0.306710,0.068696
209,1GNA,59.62,0.509100,1.00,-389.938,112.103,0.295399,0.274390,0.057702
210,1GNB,48.08,0.472100,1.00,-389.938,112.103,0.606014,0.226010,0.057702
211,1GNF,79.89,0.593800,1.00,-2965.093,291.833,0.283947,0.697390,0.561892
212,1GP8,84.38,0.692700,1.00,-2812.703,106.859,0.248973,0.722700,0.636082
213,1GPS,88.30,0.684700,1.00,-2498.524,256.594,0.151549,0.803220,0.757478
214,1GPT,89.89,0.661600,1.00,-2509.539,328.262,0.145537,0.812540,0.760805
215,1GUR,44.29,0.368800,1.00,-1389.280,534.047,0.538629,0.229410,0.301985
216,1GW3,48.91,0.612400,1.00,-3294.853,109.691,0.596988,0.398740,0.583895
217,1GW4,47.28,0.565400,1.00,-3293.124,120.585,0.762708,0.375180,0.575393
218,1H20,33.97,0.352100,1.00,-2252.279,284.693,0.885184,0.249750,0.355101
219,1H5O,58.93,0.430800,1.00,-1928.092,368.672,0.416922,0.504680,0.428943
220,1H7D,30.10,0.229000,1.00,-4251.344,214.943,1.867544,0.255850,0.520774
221,1H7J,44.23,0.345800,1.00,-1645.005,97.250,0.707300,0.224190,0.209192
222,1HA9,38.97,0.404300,1.00,-1638.746,322.697,0.714775,0.252320,0.245909
223,1HD6,47.97,0.462800,1.00,-2528.382,221.423,0.487414,0.275130,0.483264
224,1HD9,59.09,0.465100,1.00,-337.638,71.873,0.382490,0.198240,0.079036
225,1HEV,58.14,0.484900,1.00,-2483.916,556.060,0.623545,0.460260,0.479953
226,1HFF,60.00,0.534000,1.00,-369.616,49.249,0.303261,0.321210,0.086727
227,1HJ0,57.93,0.652700,1.00,-2691.027,177.148,0.505588,0.522660,0.483009
228,1HLL,58.59,0.534500,1.00,-2126.139,125.655,0.676632,0.444520,0.501702
229,1HLY,71.15,0.577200,1.00,-2673.013,266.168,0.218035,0.551340,0.676349
230,1HN3,23.75,0.246000,1.00,-1653.881,294.935,1.397599,0.210700,0.203280
231,1HNR,63.83,0.516300,1.00,-2757.192,302.706,0.336790,0.490300,0.651463
232,1HNS,56.38,0.454000,1.00,-2621.749,317.175,0.411524,0.458460,0.660421
233,1HO0,55.00,0.448300,1.00,-1769.820,195.534,0.573995,0.323440,0.331927
234,1HO2,81.25,0.651400,1.00,-1265.023,48.503,0.279363,0.418420,0.412700
235,1HO7,73.75,0.646200,1.00,-1265.023,48.503,0.282655,0.404240,0.412700
236,1HO9,57.81,0.515600,1.00,-2154.745,110.283,0.655432,0.411000,0.449259
237,1HOD,55.47,0.518200,1.00,-2033.532,133.023,0.586546,0.373280,0.432075
238,1HOF,54.69,0.545400,1.00,-2168.072,115.738,0.685926,0.411440,0.492343
239,1HP2,79.73,0.615000,1.00,-2146.375,189.997,0.174434,0.644980,0.673821
240,1HP3,60.94,0.446700,1.00,-1693.224,357.856,0.426762,0.400320,0.263888
241,1HP9,81.82,0.599700,1.00,-1329.897,98.930,0.189556,0.357980,0.357604
242,1HPH,47.97,0.550100,1.00,-2690.642,90.125,0.767370,0.405600,0.366264
243,1HPY,58.82,0.572500,1.00,-2309.849,97.530,0.409149,0.438810,0.563007
244,1HRL,73.91,0.574600,1.00,-1007.927,175.220,0.461557,0.322740,0.224141
245,1HTH,47.06,0.538600,1.00,-2297.918,98.425,0.889571,0.378670,0.547457
246,1HTX,39.06,0.368200,1.00,-1550.157,432.555,0.688112,0.228950,0.213867
247,1HU5,76.39,0.638600,1.00,-687.405,71.699,0.284340,0.304460,0.537443
248,1HU6,69.44,0.599900,1.00,-774.447,45.669,0.367661,0.336800,0.488829
249,1HU7,77.78,0.613900,1.00,-652.622,55.188,0.239203,0.317870,0.586219
250,1HVW,71.00,0.528700,1.00,-1195.919,229.839,0.270302,0.305650,0.273213
251,1HVZ,56.94,0.496700,1.00,-649.639,117.587,0.445219,0.255190,0.036484
252,1HY9,75.00,0.585300,1.00,-2210.774,377.781,0.251161,0.596060,0.423008
253,1HYK,44.57,0.370900,1.00,-2773.991,367.697,0.696111,0.412760,0.237229
254,1HZ3,40.38,0.430600,1.00,-1419.573,146.904,0.518981,0.187430,0.049604
255,1I25,50.00,0.386200,1.00,-1393.116,365.961,0.956643,0.389050,0.274863
256,1I26,44.12,0.407200,1.00,-1832.572,443.219,0.791355,0.324380,0.362835
257,1I2U,60.23,0.473300,1.00,-2800.181,308.097,0.510476,0.582470,0.478475
258,1I2V,63.64,0.474200,1.00,-2898.334,311.193,0.454237,0.559320,0.454832
259,1I6C,69.23,0.545600,1.00,-1661.040,339.944,0.406743,0.522280,0.450639
260,1I8X,87.50,0.670400,1.00,-1758.573,242.324,0.166041,0.632830,0.556241
261,1I8Y,75.00,0.604300,1.00,-1523.145,197.146,0.363528,0.464300,0.456003
262,1IB9,41.91,0.412500,1.00,-1638.746,322.697,0.711429,0.237700,0.245909
263,1IBN,66.25,0.579200,1.00,-1086.507,86.314,0.310679,0.244570,0.098800
264,1IBO,68.75,0.578200,1.00,-1086.507,86.314,0.354938,0.283490,0.098800
265,1IC9,36.21,0.376500,1.00,-1155.405,237.515,1.189377,0.222100,0.048317
266,1ICA,61.88,0.489000,1.00,-2304.295,410.558,0.690694,0.485060,0.547520
267,1ICL,34.48,0.449400,1.00,-1098.847,164.317,1.136393,0.243210,0.047597
268,1ICO,36.21,0.434100,1.00,-1202.014,259.917,1.239135,0.214110,0.133850
269,1ID6,53.33,0.437700,1.00,-560.977,114.369,0.480491,0.199350,0.050616
270,1ID7,48.33,0.439200,1.00,-560.977,114.369,0.543908,0.246430,0.050616
271,1IE6,31.06,0.347100,1.00,-1596.155,171.488,0.764327,0.233120,0.517510
272,1IFY,87.24,0.668600,1.00,-4032.843,316.049,0.215061,0.775470,0.819757
273,1IIJ,74.29,0.701200,1.00,-2384.615,76.641,0.348216,0.665840,0.444804
274,1IM1,68.75,0.509500,1.00,-355.111,81.283,0.299694,0.288950,0.081891
275,1IRR,80.43,0.531300,1.00,-869.046,182.977,0.255650,0.311930,0.211850
276,1IVA,57.81,0.440500,1.00,-2194.008,432.161,0.637675,0.461840,0.380995
277,1IWC,26.47,0.272700,1.00,-852.340,363.770,1.297230,0.236090,0.140311
278,1IWF,27.94,0.286200,1.00,-852.340,363.770,0.761833,0.231660,0.140311
279,1IXA,77.56,0.610100,1.00,-1934.009,295.621,0.188819,0.617520,0.536222
280,1IXT,67.59,0.553200,1.00,-1577.903,173.454,0.276887,0.354920,0.350410
281,1IXU,43.75,0.452200,1.00,-438.136,83.347,0.459228,0.240800,0.034358
282,1IYC,34.03,0.349700,1.00,-1925.153,284.770,0.819179,0.251130,0.215100
283,1IYT,45.24,0.530200,1.00,-2470.066,133.197,0.797479,0.322970,0.091745
284,1J4M,69.64,0.478400,1.00,-405.903,98.529,0.277503,0.270060,0.312299
285,1J5J,84.03,0.627000,1.00,-2145.482,309.549,0.171306,0.676390,0.634936
286,1J5L,51.67,0.471500,1.00,-1693.296,220.140,0.466121,0.260400,0.253589
287,1J5M,41.07,0.427700,1.00,-1392.063,195.562,0.744117,0.191480,0.191319
288,1JBL,48.21,0.467400,1.00,-368.136,101.348,0.561931,0.181820,0.016603
289,1JBN,48.21,0.506400,1.00,-405.690,136.417,0.755357,0.223810,0.020037
290,1JDM,69.35,0.630800,1.00,-2922.590,68.106,0.432099,0.530580,0.805832
291,1JI9,35.81,0.370600,1.00,-1708.140,417.964,0.674329,0.290100,0.272869
292,1JJZ,49.14,0.459600,1.00,-1048.255,431.657,0.660370,0.235600,0.322080
293,1JKZ,86.96,0.641400,1.00,-3256.064,237.858,0.148761,0.760480,0.777082
294,1JLZ,73.91,0.585300,1.00,-844.073,213.707,0.230119,0.257240,0.187950
295,1JMN,78.26,0.631300,1.00,-2850.888,245.426,0.277664,0.671160,0.651934
296,1JMP,79.89,0.665300,1.00,-2784.850,236.706,0.212687,0.718370,0.654911
297,1JN7,68.75,0.545600,1.00,-2346.055,166.708,0.396889,0.519690,0.311664
298,1JO5,44.27,0.566100,1.00,-3746.689,153.130,0.843937,0.475750,0.562644
299,1JO6,35.00,0.363100,1.00,-3022.228,217.587,0.871030,0.368860,0.148078
300,1JRF,47.34,0.411500,1.00,-2041.248,373.274,0.774204,0.396790,0.548222
301,1JRJ,55.13,0.535100,1.00,-2258.636,147.992,0.547151,0.483680,0.343246
302,1JU8,68.92,0.539100,1.00,-2283.629,392.342,0.273414,0.471410,0.392072
303,1JY9,60.00,0.557400,1.00,-328.604,91.793,0.339161,0.203140,0.251581
304,1K0P,36.29,0.376200,1.00,-1780.461,197.112,0.687760,0.190620,0.371179
305,1K18,35.48,0.376600,1.00,-1780.461,197.112,0.672221,0.226800,0.371179
306,1K1V,83.54,0.662900,1.00,-3225.481,182.617,0.179830,0.703620,0.796824
307,1K36,75.00,0.555700,1.00,-2903.487,396.164,0.231185,0.623660,0.661724
308,1K37,71.74,0.539700,1.00,-2807.670,391.371,0.254741,0.576130,0.666601
309,1K43,75.00,0.488200,1.00,-405.903,98.529,0.232770,0.285340,0.312299
310,1K48,47.41,0.459900,1.00,-993.688,496.269,0.676268,0.239400,0.329502
311,1K7B,64.36,0.538600,1.00,-1984.460,419.368,0.421360,0.516620,0.523586
312,1K81,67.36,0.536800,1.00,-1958.654,197.086,0.322390,0.442680,0.590325
313,1K91,59.46,0.556700,1.00,-1252.129,260.915,0.355980,0.386160,0.224810
314,1KAL,39.66,0.387000,1.00,-1115.636,674.781,0.702086,0.225250,0.261480
315,1KBE,75.00,0.557000,1.00,-2990.472,294.756,0.216984,0.644600,0.638521
316,1KBF,74.49,0.555000,1.00,-2990.472,294.756,0.214167,0.649620,0.638521
317,1KDL,76.09,0.670100,1.00,-1737.633,57.576,0.352099,0.411950,0.588504
318,1KGM,71.43,0.526800,1.00,-1619.797,239.555,0.643880,0.540510,0.483268
319,1KIO,64.29,0.509100,1.00,-1428.730,280.575,0.578375,0.432410,0.483087
320,1KJ0,61.43,0.438600,1.00,-1549.385,297.964,0.739348,0.437900,0.479636
321,1KJ5,79.17,0.600600,1.00,-1776.919,228.014,0.222686,0.551490,0.584157
322,1KJ6,68.33,0.507300,1.00,-2109.104,305.278,0.370423,0.558120,0.552215
323,1KLR,85.00,0.614500,1.00,-1655.437,162.808,0.216988,0.602740,0.490479
324,1KLS,85.00,0.668700,1.00,-1706.012,155.715,0.197100,0.640700,0.509843
325,1KMR,48.33,0.460800,1.00,-539.998,116.211,0.369696,0.220410,0.174001
326,1KOZ,64.58,0.508500,1.00,-1887.928,342.734,0.336679,0.475580,0.460336
327,1KQH,50.00,0.433900,1.00,-2196.960,369.097,0.527025,0.368030,0.312458
328,1KQI,46.71,0.413800,1.00,-2196.960,369.097,0.552943,0.341410,0.312458
329,1KUW,45.00,0.459600,1.00,-194.428,58.757,0.385713,0.396090,0.162072
330,1KV4,79.17,0.699100,1.00,-2747.422,92.915,0.306974,0.709550,0.399108
331,1KWD,51.56,0.438900,1.00,-541.776,129.508,0.427263,0.244050,0.128244
332,1KWE,59.38,0.478600,1.00,-541.776,129.508,0.317658,0.213490,0.128244
333,1KX6,35.34,0.371800,1.00,-2265.846,139.022,0.662337,0.204460,0.323143
334,1KZ0,43.75,0.431600,1.00,-300.625,148.524,0.489632,0.135880,0.021712
335,1KZ2,51.56,0.439500,1.00,-258.357,151.379,0.428659,0.203010,0.041009
336,1KZ5,62.50,0.463200,1.00,-343.861,93.241,0.323163,0.282590,0.193713
337,1L1K,35.00,0.314600,1.00,-886.655,108.927,0.949338,0.133710,0.140090
338,1L2Y,62.50,0.534200,1.00,-754.322,113.586,0.427789,0.242890,0.104883
339,1L3Q,54.17,0.541500,1.00,-330.840,73.510,0.525313,0.203150,0.042694
340,1L3Y,60.37,0.482000,1.00,-1812.819,457.072,0.408438,0.431750,0.520408
341,1L4V,73.75,0.536000,1.00,-2415.446,299.520,0.295816,0.611350,0.544820
342,1LA4,64.71,0.489600,1.00,-2095.029,286.341,0.465015,0.422960,0.439078
343,1LB0,46.15,0.426300,1.00,-456.291,90.900,0.558580,0.132390,0.045534
344,1LB7,54.69,0.471500,1.00,-425.713,137.870,0.393771,0.221320,0.184477
345,1LBJ,78.41,0.653600,1.00,-1601.063,77.702,0.322479,0.363350,0.259007
346,1LCX,48.08,0.431100,1.00,-362.775,96.513,0.536663,0.290900,0.045505
347,1LDL,69.79,0.543600,1.00,-2576.668,374.524,0.326716,0.581190,0.520651
348,1LDR,66.28,0.524500,1.00,-2150.000,294.369,0.354486,0.536540,0.500441
349,1LFC,32.00,0.292300,1.00,-1665.852,113.877,0.746201,0.153120,0.323826
350,1LGL,82.64,0.623700,1.00,-2202.396,263.083,0.182880,0.671100,0.635375
351,1LIQ,45.37,0.535300,1.00,-1566.890,156.407,0.853344,0.282200,0.225178
352,1LIR,85.81,0.628600,1.00,-2246.568,213.940,0.151378,0.672720,0.658383
353,1LMM,40.00,0.381200,1.00,-1283.953,586.032,0.698261,0.365180,0.344166
354,1LMR,39.29,0.359500,1.00,-1629.520,437.107,0.849279,0.237140,0.443562
355,1LUP,41.94,0.385800,1.00,-1835.904,285.781,0.667633,0.259300,0.260782
356,1LV4,52.38,0.440900,1.00,-870.438,140.821,0.584854,0.142270,0.073836
357,1LVZ,68.18,0.484500,1.00,-383.982,109.337,0.352945,0.169410,0.213602
358,1LYP,83.59,0.662200,1.00,-2200.496,77.350,0.159525,0.571360,0.800440
359,1M02,50.00,0.490500,1.00,-389.229,133.105,0.450921,0.295220,0.037545
360,1M0G,40.00,0.377000,1.00,-964.665,670.377,0.799834,0.205380,0.337861
361,1M0J,41.96,0.397900,1.00,-1354.330,323.267,0.673097,0.222530,0.146164
362,1M23,48.08,0.438800,1.00,-219.341,109.162,0.448681,0.174730,0.069434
363,1M25,54.81,0.465800,1.00,-1903.490,145.163,0.578548,0.359830,0.309488
364,1M2S,80.41,0.612200,1.00,-2135.193,221.857,0.280280,0.617820,0.583229
365,1M36,83.33,0.652300,1.00,-2480.886,155.432,0.296196,0.669490,0.428070
366,1M4E,43.75,0.464300,1.00,-980.219,146.990,0.626516,0.157750,0.135540
367,1M4F,36.00,0.371900,1.00,-1601.984,150.894,0.629524,0.173330,0.164671
368,1MA2,70.59,0.554400,1.00,-709.735,110.461,0.275682,0.203550,0.126353
369,1MA4,61.76,0.477200,1.00,-743.609,118.551,0.398266,0.204800,0.025145
370,1MA5,55.88,0.418900,1.00,-709.735,110.461,0.562478,0.124650,0.126353
371,1MA6,42.65,0.380700,1.00,-743.609,118.551,0.570040,0.150650,0.025145
372,1MB6,63.57,0.526700,1.00,-2051.792,299.835,0.337483,0.460930,0.487087
373,1MEA,60.71,0.530000,1.00,-1177.471,193.438,0.390501,0.273100,0.295910
374,1MED,57.14,0.516100,1.00,-1236.481,181.705,0.463113,0.256450,0.347322
375,1MEQ,52.17,0.612700,1.00,-1053.707,115.199,0.874452,0.298040,0.055991
376,1MF6,45.83,0.472700,1.00,-292.196,94.837,0.379345,0.141150,0.044302
377,1MGX,50.00,0.341900,1.00,-3365.678,315.193,0.781983,0.384710,0.483926
378,1MHU,45.97,0.387100,1.00,-1858.774,330.133,0.625139,0.223510,0.275589
379,1MKC,47.67,0.524200,1.00,-1798.517,311.561,0.564920,0.355080,0.476149
380,1MM0,74.31,0.621100,1.00,-2774.101,201.380,0.222169,0.518110,0.407688
381,1MMC,71.67,0.575500,1.00,-1501.526,267.685,0.317793,0.455890,0.423459
382,1MOT,64.29,0.640700,1.00,-1540.186,59.343,0.601521,0.556120,0.541096
383,1MPZ,42.68,0.432700,1.00,-2065.721,402.228,0.554445,0.272480,0.439125
384,1MR0,52.94,0.416000,1.00,-1836.702,408.659,0.489987,0.404420,0.322196
385,1MR4,89.36,0.719800,1.00,-3049.516,499.076,0.132606,0.800520,0.774372
386,1MRB,50.00,0.448600,1.00,-1542.932,269.489,0.700375,0.284660,0.334457
387,1MRT,43.55,0.406200,1.00,-1902.637,245.905,0.657076,0.228860,0.380874
388,1MTQ,60.53,0.479600,1.00,-884.990,107.335,0.521352,0.155250,0.198671
389,1MTX,76.28,0.629100,1.00,-2427.206,234.650,0.183001,0.598060,0.675620
390,1MXQ,59.09,0.490300,1.00,-304.070,123.969,0.349333,0.280830,0.170044
391,1MYN,88.07,0.668600,1.00,-2967.225,441.357,0.156951,0.778340,0.737022
392,1MYU,39.58,0.448000,1.00,-352.454,83.093,0.450106,0.193120,0.072053
393,1MZI,46.15,0.437500,1.00,-431.372,127.778,0.472614,0.157740,0.045336
394,1N0Z,70.56,0.557300,1.00,-2448.406,278.388,0.383200,0.572880,0.390046
395,1N1U,56.90,0.509800,1.00,-740.285,554.805,0.508563,0.286700,0.282011
396,1N2Y,45.00,0.400500,1.00,-452.229,141.151,0.515687,0.223640,0.148500
397,1N4N,87.23,0.670900,1.00,-2826.370,383.830,0.118839,0.799230,0.769438
398,1N5G,29.61,0.327400,1.00,-2558.344,262.598,0.821945,0.274710,0.627065
399,1N6T,47.50,0.475800,1.00,-295.555,62.384,0.369630,0.229730,0.084652
400,1N8M,80.26,0.629200,1.00,-2295.995,259.852,0.222644,0.619620,0.631047
401,1N9U,62.50,0.490900,1.00,-347.281,67.549,0.332972,0.296500,0.044745
402,1NB1,68.10,0.565600,1.00,-1537.078,384.944,0.363757,0.371120,0.247100
403,1NBJ,45.83,0.465800,1.00,-1691.619,299.697,0.515939,0.320890,0.343642
404,1NBL,80.43,0.672400,1.00,-2903.815,220.871,0.223165,0.683080,0.663983
405,1NC8,67.24,0.572500,1.00,-1178.686,189.433,0.360429,0.404990,0.169322
406,1NCS,69.15,0.550200,1.00,-3792.262,264.048,0.361725,0.602990,0.652890
407,1ND9,51.53,0.485600,1.00,-3873.810,269.801,0.467197,0.406910,0.839470
408,1NE5,67.26,0.476000,1.00,-2631.330,317.977,0.398349,0.572130,0.568472
409,1NIZ,60.94,0.480800,1.00,-458.687,117.563,0.395868,0.249420,0.139699
410,1NJ0,54.69,0.472000,1.00,-463.878,120.611,0.332248,0.218880,0.143419
411,1NJ3,82.26,0.623700,1.00,-1625.934,180.340,0.298412,0.584880,0.374302
412,1NMJ,44.64,0.360800,1.00,-1386.982,132.932,0.926822,0.258640,0.102408
413,1NZS,44.74,0.443000,1.00,-406.068,106.240,0.605537,0.188500,0.046076
414,1O53,40.00,0.416600,1.00,-390.562,130.233,0.586788,0.250040,0.283433
415,1O8Y,44.64,0.489400,1.00,-405.690,136.417,0.783713,0.204290,0.020037
416,1O8Z,50.00,0.458200,1.00,-368.136,101.348,0.539845,0.242540,0.016603
417,1OAV,56.25,0.411100,1.00,-2194.008,432.161,0.594157,0.463620,0.380995
418,1OAW,58.85,0.456100,1.00,-2194.008,432.161,0.336802,0.497510,0.380995
419,1ODP,90.00,0.690400,1.00,-1559.679,46.549,0.146348,0.377220,0.578776
420,1ODQ,82.50,0.642800,1.00,-1559.679,46.549,0.176833,0.364570,0.578776
421,1ODR,87.50,0.681000,1.00,-1559.679,46.549,0.146045,0.341180,0.578776
422,1OEF,84.38,0.700000,1.00,-1915.003,52.306,0.186257,0.481120,0.622094
423,1OEG,79.35,0.713200,1.00,-1690.118,41.308,0.294478,0.439970,0.643287
424,1OEI,36.46,0.356800,1.00,-767.662,181.045,0.607785,0.151800,0.076002
425,1OG7,47.67,0.457600,1.00,-1577.428,386.431,0.674665,0.405530,0.200336
426,1OHM,47.73,0.439900,1.00,-2283.458,223.295,0.814015,0.407560,0.255319
427,1OHN,50.00,0.474200,1.00,-1772.456,375.411,0.701528,0.378710,0.192673
428,1OIG,66.67,0.567600,1.00,-1138.744,190.024,0.294415,0.315160,0.317141
429,1OMA,55.73,0.403600,1.00,-2800.002,365.523,0.539855,0.476370,0.400063
430,1OMB,57.29,0.415800,1.00,-2800.002,365.523,0.487129,0.509240,0.400063
431,1OMQ,37.50,0.416200,1.00,-321.303,181.236,0.584401,0.142940,0.023205
432,1OPP,69.74,0.641200,1.00,-2596.066,121.217,0.406276,0.522300,0.361885
433,1ORL,84.78,0.648700,1.00,-2579.161,245.759,0.212619,0.728080,0.659205
434,1ORX,43.75,0.485000,1.00,-1099.701,255.815,0.584577,0.142420,0.315488
435,1OZZ,63.64,0.497000,1.00,-2960.889,289.069,0.502505,0.580360,0.449568
436,1P00,60.80,0.475100,1.00,-2876.226,327.943,0.496066,0.557610,0.501710
437,1P0A,61.93,0.506200,1.00,-2992.296,346.457,0.494538,0.565890,0.490446
438,1P7A,71.62,0.607000,1.00,-1971.543,250.844,0.538802,0.577020,0.330559
439,1P82,29.00,0.375300,1.00,-764.967,135.488,1.060045,0.174330,0.071780
440,1P83,24.00,0.363400,1.00,-764.967,135.488,0.873341,0.184620,0.071780
441,1P8B,67.57,0.555000,1.00,-2373.648,332.879,0.358990,0.489880,0.400735
442,1P9C,45.00,0.329500,1.00,-2407.513,237.715,1.247618,0.377470,0.266717
443,1P9F,47.50,0.467700,1.00,-258.042,39.334,0.329973,0.255500,0.055805
444,1P9Z,64.63,0.508200,1.00,-2355.362,460.370,0.336775,0.534600,0.448926
445,1PAA,82.50,0.648800,1.00,-1951.324,169.445,0.222877,0.580000,0.504743
446,1PB5,58.57,0.466100,1.00,-1282.009,603.023,0.418378,0.361750,0.495165
447,1PDC,74.44,0.558700,1.00,-3096.489,446.877,0.300040,0.616420,0.690019
448,1PGY,75.53,0.586200,1.00,-4392.436,164.464,0.283540,0.652070,0.767220
449,1PJV,80.47,0.612800,1.00,-1534.817,236.994,0.194170,0.530720,0.391799
450,1PLP,67.00,0.645400,1.00,-1434.998,84.622,0.481939,0.377450,0.181280
451,1PMC,60.42,0.431800,1.00,-1664.961,246.865,0.765936,0.406180,0.480689
452,1PNH,80.65,0.655700,1.00,-1871.410,191.260,0.171284,0.570990,0.435737
453,1PP5,41.67,0.461500,1.00,-1004.188,119.755,0.767957,0.163650,0.057046
454,1PSM,62.50,0.598200,1.00,-2511.235,75.583,0.495369,0.484380,0.700266
455,1PSV,73.21,0.577700,1.00,-1915.334,147.202,0.278441,0.452540,0.349123
456,1PT4,67.24,0.540600,1.00,-1619.582,302.096,0.395892,0.365800,0.253444
457,1PV0,84.78,0.669500,1.00,-3898.172,196.111,0.253872,0.752960,0.723996
458,1PVZ,75.00,0.583200,1.00,-1900.949,196.334,0.331653,0.469180,0.518884
459,1PX9,66.07,0.489300,1.00,-2631.330,317.977,0.373892,0.513740,0.568472
460,1PXQ,35.71,0.355700,1.00,-1827.280,145.549,1.231485,0.231260,0.088106
461,1Q01,34.87,0.303700,1.00,-806.442,671.216,0.758281,0.254940,0.139137
462,1Q2F,50.00,0.407000,1.00,-2452.986,121.288,0.686616,0.323270,0.363122
463,1Q2I,42.97,0.316900,1.00,-2452.986,121.288,0.832006,0.304450,0.363122
464,1Q2J,44.32,0.413100,1.00,-412.888,388.802,0.590069,0.126380,0.138055
465,1Q2K,80.65,0.631300,1.00,-1672.961,184.853,0.390945,0.587550,0.458384
466,1Q3J,57.64,0.470400,1.00,-1157.482,690.869,0.440652,0.388220,0.517599
467,1Q3M,51.53,0.456200,1.00,-3432.538,353.565,0.587530,0.403490,0.397094
468,1Q3Y,44.64,0.441500,1.00,-1553.109,335.883,0.847972,0.322130,0.318167
469,1Q3Z,47.62,0.462600,1.00,-1662.950,262.357,0.735590,0.363890,0.289549
470,1Q71,45.24,0.451600,1.00,-1004.188,119.755,0.802442,0.226270,0.057046
471,1QCM,61.36,0.528900,1.00,-241.660,141.150,0.310018,0.211210,0.092101
472,1QDP,33.33,0.332300,1.00,-1997.114,404.777,0.761363,0.276560,0.218407
473,1QFD,42.19,0.390600,1.00,-1550.157,432.555,0.670175,0.206300,0.213867
474,1QG9,82.14,0.667500,1.00,-1619.126,44.029,0.298594,0.411380,0.704305
475,1QGM,85.83,0.677600,1.00,-1788.175,237.178,0.158857,0.589600,0.553222
476,1QHK,73.94,0.590200,1.00,-3405.973,233.524,0.259101,0.592450,0.780980
477,1QJK,29.86,0.338500,1.00,-1692.334,385.410,0.917391,0.193440,0.304274
478,1QJL,43.75,0.413600,1.00,-1551.581,347.762,0.736446,0.190430,0.261706
479,1QK6,68.18,0.560000,1.00,-1439.234,375.823,0.384897,0.449870,0.492424
480,1QK7,67.97,0.565300,1.00,-1589.107,246.520,0.382186,0.420880,0.452060
481,1QKY,83.55,0.618100,1.00,-2523.626,266.959,0.239215,0.677640,0.629895
482,1QLO,51.47,0.387800,1.00,-2718.533,115.044,0.684370,0.345710,0.482832
483,1QWP,56.82,0.482800,1.00,-241.660,141.150,0.342734,0.160210,0.092101
484,1QXC,54.55,0.535400,1.00,-241.660,141.150,0.334161,0.173090,0.092101
485,1QYT,54.55,0.498300,1.00,-241.660,141.150,0.402115,0.181120,0.092101
486,1R02,40.91,0.360300,1.00,-2092.254,159.699,0.971660,0.268430,0.317761
487,1R1F,58.11,0.483200,1.00,-2230.477,332.616,0.424236,0.346850,0.359846
488,1R7C,66.13,0.697200,1.00,-2443.754,128.970,0.427408,0.576980,0.551326
489,1R7D,68.55,0.693700,1.00,-2443.754,128.970,0.395543,0.554560,0.551326
490,1R7E,79.84,0.673000,1.00,-2443.754,128.970,0.258269,0.613630,0.551326
491,1R7F,64.52,0.618500,1.00,-2443.754,128.970,0.325431,0.419350,0.551326
492,1R7G,79.03,0.682800,1.00,-2443.754,128.970,0.227276,0.550750,0.551326
493,1R8T,51.67,0.445600,1.00,-393.492,123.125,0.431922,0.175600,0.086231
494,1R9I,50.00,0.441200,1.00,-963.903,202.287,0.637942,0.165970,0.154501
495,1RES,70.93,0.566700,1.00,-3494.394,174.382,0.673539,0.612660,0.714619
496,1RET,68.02,0.514300,1.00,-3559.816,177.134,0.611712,0.532210,0.708382
497,1RG3,45.31,0.434700,1.00,-703.965,124.426,0.491702,0.202640,0.039521
498,1RG4,35.94,0.419600,1.00,-703.965,124.426,0.594597,0.155610,0.039521
499,1RIJ,64.13,0.543800,1.00,-1019.270,156.960,0.529780,0.281550,0.156920
500,1RIK,82.76,0.634900,1.00,-1638.112,148.855,0.295516,0.565950,0.425385
501,1RIM,78.79,0.616400,1.00,-1983.331,204.321,0.404856,0.617610,0.411265
502,1RJI,50.81,0.427300,1.00,-1265.548,564.322,0.614280,0.288810,0.292011
503,1RKL,60.42,0.642000,1.00,-2807.529,83.155,0.675767,0.444760,0.680933
504,1RMK,40.32,0.382600,1.00,-1965.963,439.933,0.610438,0.236380,0.164588
505,1RO3,41.33,0.412500,1.00,-1831.823,612.384,0.616446,0.329200,0.467766
506,1ROO,44.29,0.430600,1.00,-2231.210,230.896,0.651332,0.285590,0.282308
507,1RPB,58.33,0.440500,1.00,-1046.625,144.733,0.391450,0.133170,0.151878
508,1RPC,57.14,0.450800,1.00,-1046.625,144.733,0.397136,0.162940,0.151878
509,1RSW,41.67,0.410800,1.00,-254.493,56.908,0.494100,0.317670,0.043541
510,1RSX,45.83,0.447400,1.00,-248.114,65.949,0.479929,0.244570,0.050044
511,1RT0,41.67,0.474500,1.00,-248.114,65.949,0.539937,0.144380,0.050044
512,1S4H,51.92,0.494000,1.00,-93.022,99.257,0.333759,0.197870,0.028813
513,1S4J,51.92,0.453000,1.00,-83.727,66.954,0.448034,0.275030,0.032237
514,1S4T,54.76,0.477100,1.00,-1135.050,93.415,0.579018,0.187370,0.208646
515,1S4W,45.00,0.419100,1.00,-449.202,94.499,0.436040,0.220000,0.067112
516,1S6W,42.86,0.384700,1.00,-889.418,178.259,0.835980,0.176130,0.160309
517,1S6X,60.29,0.510200,1.00,-2006.333,256.905,0.380956,0.425510,0.447224
518,1SBU,61.36,0.535500,1.00,-353.724,68.456,0.397470,0.341970,0.061435
519,1SCO,76.97,0.599900,1.00,-2333.186,263.465,0.193573,0.618390,0.704806
520,1SH1,64.06,0.537500,1.00,-1896.901,481.213,0.400579,0.546280,0.500379
521,1SKH,55.00,0.524600,1.00,-2056.736,98.195,0.619965,0.460670,0.234186
522,1SMZ,73.15,0.687000,1.00,-1576.615,93.498,0.280711,0.466550,0.142798
523,1SOL,43.75,0.387300,1.00,-485.034,199.345,0.703166,0.120390,0.022785
524,1SP1,81.90,0.615500,1.00,-1540.254,139.373,0.272235,0.547060,0.419819
525,1SP2,79.84,0.637800,1.00,-1952.222,155.744,0.254333,0.569080,0.507155
526,1SP7,68.75,0.472500,1.00,-1527.964,142.695,0.405589,0.261470,0.196433
527,1SPF,79.29,0.758000,1.00,-2280.462,78.658,0.292125,0.633710,0.628344
528,1SPW,78.21,0.543500,1.00,-2691.508,278.300,0.267482,0.633280,0.675274
529,1SRB,64.29,0.482200,1.00,-1560.965,89.056,0.397573,0.244090,0.138734
530,1SRK,70.00,0.598700,1.00,-2118.621,164.849,0.569865,0.560800,0.341795
531,1SSL,58.85,0.481900,1.00,-3500.314,377.249,0.413721,0.463190,0.611860
532,1SUT,31.82,0.354800,1.00,-903.313,135.881,0.795883,0.097970,0.152740
533,1SX0,76.14,0.599600,1.00,-783.549,186.311,0.191810,0.263020,0.359553
534,1SX1,78.41,0.588300,1.00,-826.682,186.708,0.221347,0.261150,0.347432
535,1T0C,29.84,0.361700,1.00,-1196.154,236.812,0.865393,0.223900,0.116249
536,1T2Y,49.00,0.467000,1.00,-1133.449,260.755,0.498880,0.144670,0.169418
537,1T5M,48.08,0.376500,1.00,-397.118,63.548,0.542880,0.285230,0.089038
538,1T5N,51.92,0.385700,1.00,-397.118,63.548,0.443432,0.224590,0.089038
539,1T5Q,50.83,0.426900,1.00,-2226.893,126.575,0.954215,0.457550,0.323573
540,1T9E,50.00,0.468100,1.00,-366.549,89.501,0.583399,0.284530,0.014175
541,1TI5,87.50,0.646700,1.00,-2885.898,338.929,0.154253,0.776860,0.728505
542,1TM6,46.59,0.465100,1.00,-1004.952,122.407,0.461279,0.174570,0.307147
543,1TMR,67.11,0.519200,1.00,-757.495,159.183,0.296005,0.161600,0.202867
544,1TOR,45.00,0.431500,1.00,-233.672,94.887,0.460937,0.332170,0.076919
545,1TOS,47.50,0.481400,1.00,-228.210,56.853,0.430008,0.299100,0.066764
546,1TSK,71.43,0.561900,1.00,-2226.448,229.772,0.215887,0.466750,0.625973
547,1TV0,41.41,0.418800,1.00,-1233.864,272.840,0.712452,0.327120,0.299742
548,1TYK,63.24,0.501200,1.00,-2107.376,217.053,0.320070,0.419290,0.475111
549,1U0P,59.26,0.464000,1.00,-1456.007,226.805,0.686926,0.362720,0.248219
550,1U57,60.94,0.617200,1.00,-2778.319,188.445,0.676354,0.535530,0.294684
551,1U6U,54.41,0.457100,1.00,-641.425,115.666,0.473680,0.241990,0.106998
552,1U6V,54.41,0.452600,1.00,-641.425,115.666,0.463693,0.205350,0.106998
553,1U85,75.76,0.619400,1.00,-2100.616,158.497,0.331508,0.555510,0.364700
554,1U86,72.14,0.576800,1.00,-2207.673,196.330,0.551992,0.542260,0.387401
555,1UAO,52.50,0.454300,1.00,-256.507,61.078,0.368666,0.214490,0.110396
556,1UJL,34.52,0.269500,1.00,-2300.866,308.991,1.455007,0.271600,0.608301
557,1UT3,82.89,0.605000,1.00,-2396.109,265.045,0.162141,0.652550,0.602217
558,1UYA,54.69,0.540200,1.00,-448.896,120.725,0.482652,0.231900,0.044494
559,1UYB,43.75,0.519600,1.00,-448.896,120.725,0.662731,0.140390,0.044494
560,1V1D,77.42,0.661400,1.00,-2293.213,150.048,0.234623,0.531340,0.448102
561,1V28,77.17,0.579600,1.00,-927.855,171.721,0.319247,0.361030,0.272005
562,1V4Z,73.68,0.638800,1.00,-943.252,75.112,0.333909,0.364900,0.098065
563,1V50,65.79,0.517300,1.00,-943.252,75.112,0.504303,0.258560,0.098065
564,1V5A,46.43,0.461800,1.00,-1220.911,251.721,0.670958,0.232250,0.262812
565,1V6R,61.90,0.517400,1.00,-1411.826,85.659,0.456726,0.246260,0.166527
566,1V92,81.52,0.671600,1.00,-4207.388,211.974,0.146201,0.732730,0.745835
567,1VA1,73.65,0.564600,1.00,-2011.973,206.193,0.394839,0.614640,0.362910
568,1VA2,83.87,0.632600,1.00,-2073.991,155.895,0.165600,0.600790,0.484825
569,1VA3,80.17,0.617400,1.00,-1491.915,160.829,0.232004,0.485330,0.440598
570,1VB8,41.67,0.460900,1.00,-1656.397,318.475,0.532102,0.278320,0.355289
571,1VD7,66.30,0.531800,1.00,-1491.958,48.203,0.428191,0.311820,0.483940
572,1VD8,56.52,0.510100,1.00,-1355.332,83.673,0.554362,0.288860,0.410943
573,1VD9,63.04,0.503100,1.00,-1483.597,66.496,0.540034,0.381430,0.461241
574,1VDA,61.96,0.562000,1.00,-1477.397,72.510,0.722083,0.335720,0.636308
575,1VDB,78.26,0.690900,1.00,-1491.958,48.203,0.213695,0.434050,0.483940
576,1VII,71.53,0.581800,1.00,-2855.104,146.892,0.266407,0.497950,0.699384
577,1VPC,56.11,0.584300,1.00,-2819.474,163.284,0.746143,0.520220,0.374375
578,1VPU,44.44,0.414600,1.00,-3040.866,294.070,0.557061,0.396630,0.528506
579,1VQX,36.84,0.432100,1.00,-406.068,106.240,0.717613,0.233490,0.046076
580,1VTP,41.35,0.390400,1.00,-1081.395,142.461,0.667186,0.313100,0.072293
581,1VTX,43.45,0.373500,1.00,-2134.390,416.470,0.785903,0.345350,0.240442
582,1W1N,49.24,0.472400,1.00,-2452.533,136.350,0.642113,0.389790,0.486068
583,1W4E,82.98,0.656800,1.00,-3398.117,247.222,0.237550,0.732790,0.717871
584,1W4F,78.19,0.666300,1.00,-3454.615,240.045,0.324035,0.710050,0.709691
585,1W4G,82.45,0.673600,1.00,-3374.860,236.960,0.185149,0.724870,0.700224
586,1W4H,86.17,0.716200,1.00,-3139.016,235.617,0.239126,0.785180,0.645473
587,1WAZ,48.91,0.442200,1.00,-4480.926,146.593,0.776608,0.485080,0.401032
588,1WCT,67.31,0.527200,1.00,-166.540,102.850,0.298455,0.240210,0.090213
589,1WM7,62.93,0.565100,1.00,-1391.154,206.221,0.349462,0.346430,0.191893
590,1WM8,69.64,0.551600,1.00,-1313.532,168.558,0.242843,0.382310,0.167813
591,1WMT,77.44,0.593400,1.00,-2788.811,307.733,0.206139,0.623950,0.592208
592,1WN4,66.96,0.552100,1.00,-1479.183,241.819,0.359409,0.415640,0.172170
593,1WN8,78.41,0.665800,1.00,-1291.094,80.527,0.319252,0.526140,0.215452
594,1WNK,66.30,0.562700,1.00,-1483.597,66.496,0.485516,0.357470,0.461241
595,1WNM,69.57,0.646700,1.00,-1355.332,83.673,0.415736,0.370190,0.410943
596,1WNN,86.96,0.695300,1.00,-1477.397,72.510,0.291755,0.527580,0.636308
597,1WO3,45.00,0.527900,1.00,-1101.555,67.870,0.856744,0.241640,0.224413
598,1WO4,45.00,0.515900,1.00,-1187.860,61.109,0.769143,0.337410,0.162208
599,1WO5,43.00,0.561100,1.00,-1504.692,48.626,0.900455,0.239350,0.154394
600,1WO6,42.00,0.382500,1.00,-1082.035,155.847,0.710858,0.230050,0.221444
601,1WO7,49.00,0.486300,1.00,-1324.960,110.930,0.606660,0.277600,0.115334
602,1WO9,64.29,0.505800,1.00,-1607.135,320.961,0.646582,0.428280,0.484324
603,1WPD,58.09,0.479000,1.00,-1989.997,198.790,0.527642,0.331170,0.554523
604,1WQB,43.75,0.403200,1.00,-1747.941,333.034,0.858905,0.292290,0.272421
605,1WQC,76.92,0.631900,1.00,-1639.894,106.270,0.257783,0.397120,0.446810
606,1WQD,74.07,0.616000,1.00,-1868.555,115.758,0.536478,0.467000,0.413561
607,1WQE,77.17,0.630100,1.00,-1252.422,88.528,0.206807,0.276030,0.511708
608,1WQK,76.79,0.592000,1.00,-3013.495,434.434,0.255520,0.612650,0.568787
609,1WR3,80.56,0.578300,1.00,-1635.217,286.204,0.322823,0.648520,0.557579
610,1WR4,85.42,0.651800,1.00,-1749.440,299.594,0.171318,0.670300,0.547758
611,1WR7,73.78,0.554200,1.00,-2314.543,297.984,0.555061,0.632220,0.608178
612,1WT7,73.17,0.531000,1.00,-2995.595,353.216,0.401473,0.567490,0.548417
613,1WT8,50.00,0.454400,1.00,-1265.548,564.322,0.605335,0.256260,0.292011
614,1WXN,72.02,0.570600,1.00,-2819.470,386.639,0.264700,0.551740,0.536452
615,1WZ4,54.35,0.451000,1.00,-1160.910,161.609,0.448032,0.253310,0.072762
616,1WZ5,60.71,0.507700,1.00,-1860.941,233.701,0.359289,0.407330,0.629075
617,1X22,64.88,0.658900,1.00,-2438.117,85.535,0.481233,0.599350,0.506301
618,1X32,39.36,0.402000,1.00,-3193.144,265.052,0.776619,0.290820,0.729763
619,1X5V,51.47,0.460700,1.00,-1853.819,397.217,0.633128,0.304210,0.211165
620,1X7K,43.42,0.364100,1.00,-818.868,139.422,0.596905,0.131470,0.071077
621,1XBH,51.92,0.436700,1.00,-474.380,98.305,0.552802,0.254430,0.036933
622,1XC0,56.82,0.533800,1.00,-1931.191,103.444,0.705895,0.410360,0.213345
623,1XF7,88.79,0.696900,1.00,-1656.940,150.943,0.148243,0.619230,0.452577
624,1XOO,68.75,0.555100,1.00,-1153.980,82.636,0.402523,0.283830,0.108902
625,1XOP,60.00,0.450300,1.00,-1164.802,91.311,0.610065,0.235290,0.101553
626,1XRZ,89.17,0.669400,1.00,-1723.092,164.294,0.204202,0.644590,0.516902
627,1XT7,53.85,0.439700,1.00,-397.118,63.548,0.401974,0.223660,0.089038
628,1XUT,52.17,0.432200,1.00,-3254.029,319.272,0.704403,0.439130,0.389691
629,1XV3,44.15,0.346700,1.00,-3100.357,295.843,1.029983,0.409180,0.215830
630,1XXZ,56.82,0.423900,1.00,-277.409,55.293,0.424768,0.243200,0.033944
631,1XY4,54.17,0.477400,1.00,-372.045,98.399,0.597503,0.182540,0.075958
632,1XY6,52.08,0.449300,1.00,-378.477,102.037,0.352095,0.233360,0.027514
633,1XY8,59.62,0.447000,1.00,-506.754,96.454,0.417752,0.138420,0.077281
634,1XY9,59.09,0.438300,1.00,-369.510,66.136,0.380863,0.290130,0.037768
635,1Y03,74.29,0.729200,1.00,-1172.157,49.309,0.280899,0.594920,0.514777
636,1Y04,56.43,0.730900,1.00,-1172.157,49.309,0.679998,0.446490,0.514777
637,1Y1B,75.00,0.606600,1.00,-3385.824,363.530,0.447488,0.642950,0.626674
638,1Y1C,84.90,0.665400,1.00,-3389.183,356.353,0.205467,0.742000,0.607802
639,1Y29,42.86,0.470700,1.00,-1011.210,291.935,0.674143,0.305830,0.242763
640,1Y2P,72.79,0.600000,1.00,-1978.552,187.048,0.230776,0.496370,0.548789
641,1Y32,77.08,0.636200,1.00,-1395.562,64.212,0.303312,0.489900,0.148360
642,1Y4E,47.22,0.522400,1.00,-1721.238,117.334,0.548848,0.188550,0.132547
643,1Y5C,61.36,0.479400,1.00,-194.840,80.499,0.352062,0.234950,0.050772
644,1YIU,79.73,0.645100,1.00,-2114.646,291.875,0.297171,0.621030,0.580972
645,1YMZ,77.91,0.569700,1.00,-2436.974,282.411,0.390291,0.669110,0.504568
646,1YP8,69.70,0.514900,1.00,-1715.922,398.703,0.372806,0.451680,0.315922
647,1YT6,67.50,0.544700,1.00,-288.355,71.425,0.398173,0.261610,0.072806
648,1YTR,62.50,0.550800,1.00,-1447.583,74.572,0.634307,0.350330,0.287841
649,1YV8,84.24,0.644000,1.00,-3119.213,286.912,0.192340,0.757510,0.677182
650,1YVA,79.89,0.634100,1.00,-3119.213,286.912,0.227180,0.698560,0.677182
651,1YWJ,59.76,0.524000,1.00,-2104.688,257.685,0.583970,0.476720,0.332865
652,1YYB,69.44,0.625100,1.00,-1502.807,107.806,0.442743,0.420220,0.313647
653,1Z0Q,38.10,0.507000,1.00,-2470.066,133.197,0.759883,0.320350,0.091745
654,1Z2T,67.39,0.581400,1.00,-1699.763,100.201,0.488472,0.398150,0.192408
655,1Z65,71.67,0.567500,1.00,-1880.281,124.674,0.281648,0.457080,0.310283
656,1Z6V,44.90,0.421100,1.00,-3144.408,374.359,0.882537,0.368900,0.684882
657,1Z6W,29.08,0.298400,1.00,-3069.123,284.310,1.312043,0.241950,0.685984
658,1Z99,61.31,0.456400,1.00,-1928.092,368.672,0.364911,0.543270,0.428943
659,1ZA8,66.13,0.532600,1.00,-1791.823,391.598,0.311085,0.433370,0.394434
660,1ZAQ,57.39,0.522000,1.00,-2702.915,351.079,0.656434,0.429600,0.617050
661,1ZDA,71.71,0.551400,1.00,-2698.833,142.101,0.444566,0.525220,0.541939
662,1ZDB,67.11,0.558800,1.00,-2698.833,142.101,0.355479,0.482110,0.541939
663,1ZFD,78.91,0.645300,1.00,-2034.494,127.564,0.215346,0.560390,0.484821
664,1ZFU,67.50,0.517900,1.00,-2245.280,364.248,0.410332,0.543670,0.438166
665,1ZJQ,69.85,0.563600,1.00,-2101.888,308.247,0.300152,0.452700,0.470423
666,1ZNM,79.46,0.646400,1.00,-1724.151,106.698,0.167685,0.416790,0.488574
667,1ZNU,66.38,0.553700,1.00,-1707.838,325.839,0.359629,0.388820,0.247067
668,1ZR7,85.83,0.653300,1.00,-1672.091,178.756,0.222168,0.626680,0.512147
669,1ZRV,77.00,0.687000,1.00,-1761.260,62.566,0.227966,0.364630,0.315563
670,1ZRW,63.00,0.598700,1.00,-1761.260,62.566,0.422449,0.333870,0.315563
671,1ZRX,58.33,0.680100,1.00,-2177.963,252.645,0.497125,0.464240,0.401086
672,1ZTA,79.29,0.691000,1.00,-2543.613,84.854,0.264206,0.692710,0.905436
673,1ZTN,31.67,0.366000,1.00,-736.867,435.487,0.701986,0.205790,0.158682
674,1ZTO,47.97,0.404100,1.00,-2452.270,112.999,0.876817,0.369380,0.137315
675,1ZUE,57.74,0.431500,1.00,-2622.244,337.837,0.637085,0.453720,0.510959
676,1ZUF,53.57,0.414700,1.00,-2622.244,337.837,0.706606,0.414420,0.510959
677,1ZUV,69.17,0.525800,1.00,-1791.882,232.265,0.472934,0.446260,0.428507
678,1ZWA,41.18,0.527300,1.00,-2318.351,88.601,0.861334,0.316840,0.453132
679,1ZWB,47.92,0.532900,1.00,-2713.594,78.549,0.884451,0.408480,0.267894
680,1ZWC,47.30,0.563700,1.00,-2830.387,85.806,0.657833,0.351060,0.336767
681,1ZWD,51.43,0.550700,1.00,-2573.935,84.852,0.663817,0.371210,0.450787
682,1ZWE,50.00,0.545400,1.00,-2563.753,85.138,0.677939,0.410510,0.342518
683,1ZWU,70.00,0.594300,1.00,-1451.544,288.258,0.287882,0.461580,0.437805
684,2A1C,66.18,0.543800,1.00,-897.762,70.370,0.427813,0.305980,0.263248
685,2A2B,46.95,0.453400,1.00,-2181.811,194.258,0.584505,0.349440,0.184841
686,2A2V,67.65,0.511900,1.00,-2138.712,222.523,0.369734,0.464440,0.439985
687,2A51,53.21,0.562700,1.00,-1979.315,269.141,0.501125,0.380020,0.302715
688,2AAP,72.79,0.570000,1.00,-2031.105,305.941,0.291149,0.526930,0.472954
689,2AB3,81.90,0.659800,1.00,-1890.020,108.668,0.205151,0.545450,0.515685
690,2AB7,81.03,0.623100,1.00,-1710.498,171.079,0.173179,0.535210,0.514173
691,2AB9,32.26,0.276800,1.00,-1051.886,346.939,0.861712,0.193490,0.249914
692,2ADX,43.12,0.468000,1.00,-2100.087,321.097,0.683457,0.300520,0.553321
693,2AJJ,82.14,0.702200,1.00,-2159.131,55.491,0.182524,0.525950,0.717670
694,2AJM,83.93,0.717300,1.00,-2159.131,55.491,0.229490,0.570790,0.717670
695,2AJN,82.14,0.706100,1.00,-2159.131,55.491,0.195405,0.564300,0.717670
696,2AJO,83.93,0.717300,1.00,-2159.131,55.491,0.229490,0.570790,0.717670
697,2AJW,62.50,0.546300,1.00,-833.776,164.406,0.383429,0.194590,0.201599
698,2AK0,60.87,0.534800,1.00,-978.645,167.316,0.463967,0.269650,0.238861
699,2AMN,55.77,0.584400,1.00,-1862.662,71.055,0.499469,0.317220,0.118498
700,2AP7,91.25,0.768300,1.00,-764.081,74.931,0.173324,0.491540,0.463098
701,2AP8,83.75,0.752200,1.00,-764.081,74.931,0.252120,0.455360,0.463098
702,2ARI,59.62,0.560400,1.00,-2220.256,68.474,0.580424,0.473630,0.310246
703,2ATG,62.50,0.555900,1.00,-788.474,78.403,0.368508,0.175740,0.044116
704,2AXK,80.92,0.623800,1.00,-2590.087,253.200,0.157104,0.603430,0.670954
705,2B0Y,75.00,0.664200,1.00,-868.984,97.198,0.303898,0.314860,0.190234
706,2B19,40.97,0.368900,1.00,-2675.959,149.343,1.280568,0.338020,0.214610
707,2B38,70.97,0.567900,1.00,-1447.041,337.033,0.360471,0.468760,0.325833
708,2B4N,39.88,0.285800,1.00,-3441.634,161.085,1.213164,0.330520,0.434010
709,2B5B,34.72,0.358200,1.00,-1413.633,455.334,0.685703,0.227350,0.128667
710,2B5P,54.55,0.438300,1.00,-290.708,75.256,0.421982,0.173540,0.048817
711,2B5Q,47.73,0.444400,1.00,-290.708,75.256,0.472967,0.160060,0.048817
712,2B68,68.60,0.535700,1.00,-2506.370,336.907,0.512308,0.596250,0.481159
713,2B9K,67.02,0.509000,1.00,-3433.423,282.697,0.599553,0.538400,0.669644
714,2BAI,41.41,0.333800,1.00,-1737.912,253.203,0.959329,0.267380,0.151507
715,2BAO,65.00,0.530300,1.00,-257.226,72.855,0.364612,0.221400,0.126301
716,2BAU,60.00,0.503000,1.00,-257.226,72.855,0.277855,0.418410,0.126301
717,2BBG,65.62,0.545500,1.00,-2369.550,301.396,0.297206,0.493400,0.385474
718,2BBL,32.95,0.522100,1.00,-673.703,146.892,0.987263,0.190180,0.012678
719,2BBP,32.95,0.515000,1.00,-673.703,146.892,1.125801,0.106250,0.012678
720,2BBX,70.41,0.586400,1.00,-2014.160,368.217,0.271576,0.571460,0.417338
723,2BDS,59.88,0.430400,1.00,-2805.821,445.392,0.319508,0.461950,0.588353
724,2BEY,45.31,0.430900,1.00,-411.224,136.036,0.473933,0.204940,0.034787
725,2BL6,49.32,0.460800,1.00,-1748.807,252.726,0.540577,0.398450,0.304511
726,2BMT,82.43,0.623700,1.00,-2425.958,225.820,0.163826,0.653750,0.647489
727,2BN6,71.21,0.609600,1.00,-2597.057,117.379,0.330024,0.493730,0.635424
728,2BP4,29.69,0.351700,1.00,-502.948,108.909,0.741481,0.107190,0.033594
729,2BTG,83.51,0.658400,1.00,-3505.116,256.778,0.305905,0.747450,0.642308
730,2BTH,79.26,0.667900,1.00,-3505.116,256.778,0.275704,0.702390,0.642308
731,2C6A,69.02,0.478200,1.00,-2380.552,359.072,0.419687,0.609690,0.374731
732,2C6B,66.85,0.475600,1.00,-2380.552,359.072,0.447658,0.570550,0.374731
733,2CBH,75.69,0.614500,1.00,-1921.448,241.958,0.258619,0.518810,0.488954
734,2CEF,44.74,0.454700,1.00,-557.496,161.001,0.480359,0.125040,0.043326
735,2CEH,43.42,0.421500,1.00,-557.496,161.001,0.687806,0.129320,0.043326
736,2CEZ,48.68,0.436800,1.00,-557.496,161.001,0.509352,0.195270,0.043326
737,2CFJ,42.11,0.415700,1.00,-557.496,161.001,0.588748,0.136720,0.043326
738,2CK4,75.66,0.587400,1.00,-2415.146,235.563,0.211543,0.582140,0.705403
739,2CK5,75.00,0.588000,1.00,-1586.724,254.759,0.201893,0.447720,0.455206
740,2CQ7,58.67,0.507100,1.00,-2488.786,296.474,0.535042,0.495250,0.445588
741,2CRD,83.11,0.634900,1.00,-2469.206,185.152,0.171759,0.653620,0.659569
742,2CSA,40.79,0.415600,1.00,-453.953,178.405,0.534230,0.158170,0.039656
743,2CTI,75.00,0.632100,1.00,-1759.815,206.016,0.253368,0.482110,0.223809
744,2CYU,71.25,0.537400,1.00,-2843.198,187.162,0.441240,0.567310,0.765611
745,2DCI,78.75,0.661500,1.00,-902.668,84.509,0.206562,0.278040,0.108327
746,2DCO,23.53,0.298800,1.00,-1677.583,240.394,0.936267,0.226000,0.264073
747,2DCV,55.95,0.396200,1.00,-2209.208,860.616,0.436441,0.430680,0.381069
748,2DCW,54.76,0.393900,1.00,-2448.065,793.194,0.533028,0.404940,0.393639
749,2DDL,68.94,0.594200,1.00,-2202.742,177.892,0.359162,0.436560,0.453045
750,2DI2,72.41,0.594300,1.00,-1305.272,179.898,0.358949,0.401930,0.176190
751,2DJ9,69.57,0.562400,1.00,-999.238,183.788,0.444506,0.269800,0.246965
752,2DJC,78.26,0.572100,1.00,-929.365,165.084,0.299957,0.356320,0.271761
753,2DMV,66.86,0.533200,1.00,-1804.402,299.508,0.612587,0.579980,0.468312
754,2DQ5,67.02,0.540500,1.00,-3159.031,311.055,0.361173,0.579510,0.588296
755,2DTB,75.00,0.704700,1.00,-1773.908,68.467,0.273654,0.480170,0.851269
756,2DWF,50.74,0.454000,1.00,-2735.056,158.279,0.521923,0.409110,0.367980
757,2DX2,59.09,0.507800,1.00,-325.477,98.851,0.336179,0.313830,0.260823
758,2DX3,41.67,0.431000,1.00,-754.383,123.495,0.630495,0.203110,0.039985
759,2DX4,48.61,0.479600,1.00,-754.383,123.495,0.636660,0.113200,0.039985
760,2E1X,66.67,0.547400,1.00,-1045.938,191.245,0.378141,0.317940,0.191413
761,2E2F,81.10,0.616500,1.00,-2447.016,346.579,0.166308,0.655900,0.536337
762,2E3E,53.89,0.449500,1.00,-2960.199,283.728,0.470546,0.414110,0.627138
763,2E3F,52.91,0.430100,1.00,-2858.217,327.883,0.615929,0.398270,0.628851
764,2E3G,53.12,0.431300,1.00,-2559.391,379.210,0.757420,0.420700,0.603608
765,2E4E,62.50,0.484600,1.00,-263.832,60.147,0.406437,0.290900,0.223237
766,2E5T,77.17,0.595900,1.00,-3467.682,146.850,0.171526,0.664520,0.881138
767,2E5U,46.88,0.374400,1.00,-2838.882,170.044,1.339843,0.375810,0.842708
768,2E72,53.57,0.475800,1.00,-2618.243,240.711,0.657653,0.429480,0.277278
769,2EBQ,61.70,0.420100,1.00,-2605.228,351.296,0.468158,0.510630,0.390802
770,2EBR,56.91,0.381800,1.00,-2260.432,320.379,0.980736,0.507480,0.448802
771,2EC7,45.92,0.488000,1.00,-2360.751,326.520,0.665126,0.329900,0.197521
772,2EEM,77.21,0.612600,1.00,-2046.427,204.166,0.238193,0.527860,0.607760
773,2EFZ,57.81,0.504100,1.00,-489.284,155.077,0.411139,0.156930,0.033345
774,2EKK,81.91,0.693500,1.00,-3454.484,226.257,0.444930,0.738480,0.727551
775,2EL4,54.35,0.475400,1.00,-2377.512,300.372,0.748895,0.463550,0.202209
776,2EL5,66.07,0.585300,1.00,-2042.171,209.667,0.605344,0.536010,0.277455
777,2EL6,54.89,0.510100,1.00,-2014.174,391.341,0.715159,0.475520,0.213141
778,2ELM,68.92,0.506500,1.00,-2094.475,227.041,0.561480,0.532440,0.339417
779,2ELN,71.71,0.571700,1.00,-2005.348,208.761,0.552247,0.551720,0.358802
780,2ELO,68.92,0.556600,1.00,-2206.362,210.836,0.702528,0.564210,0.345235
781,2ELP,65.54,0.496900,1.00,-2263.639,223.453,0.686424,0.509730,0.349314
782,2ELQ,72.22,0.525000,1.00,-1888.965,179.299,0.603374,0.538360,0.365128
783,2ELR,74.31,0.615200,1.00,-1607.889,152.483,0.352267,0.585670,0.374297
784,2ELS,72.92,0.553200,1.00,-2179.359,163.012,0.716310,0.622280,0.360142
785,2ELT,73.61,0.575900,1.00,-2040.289,165.035,0.569880,0.604330,0.352080
786,2ELU,74.32,0.641300,1.00,-1682.467,203.656,0.515213,0.611210,0.369099
787,2ELV,72.22,0.519600,1.00,-1910.206,204.322,0.776247,0.600580,0.360183
788,2ELW,72.97,0.606700,1.00,-1828.763,211.348,0.471648,0.578040,0.409399
789,2ELX,82.14,0.665900,1.00,-1881.027,166.932,0.346815,0.634620,0.385618
790,2ELY,61.41,0.529900,1.00,-1948.360,257.399,0.687298,0.515680,0.212033
791,2ELZ,56.52,0.542300,1.00,-2107.139,293.886,0.810217,0.497390,0.215846
792,2EM0,61.96,0.520000,1.00,-2149.878,267.009,0.762816,0.521880,0.262035
793,2EM1,61.93,0.588200,1.00,-2142.989,310.403,0.711661,0.499090,0.269226
794,2EM2,54.89,0.516000,1.00,-1870.133,351.769,0.796081,0.502510,0.175805
795,2EM3,55.43,0.559800,1.00,-1992.125,243.507,0.969687,0.476700,0.217120
796,2EM4,54.35,0.542800,1.00,-2012.358,267.675,0.883320,0.492940,0.218971
797,2EM5,59.78,0.486800,1.00,-1993.881,247.443,0.632397,0.516270,0.220332
798,2EM6,61.96,0.574800,1.00,-2142.572,217.049,0.653181,0.536160,0.236232
799,2EM7,67.93,0.584100,1.00,-2126.979,249.992,0.421191,0.558760,0.199411
800,2EM8,59.24,0.552200,1.00,-2263.149,291.502,0.772755,0.490280,0.236654
801,2EM9,53.26,0.536900,1.00,-2010.236,396.856,1.017914,0.480650,0.222892
802,2EMA,63.04,0.568500,1.00,-2084.132,276.373,0.550679,0.562990,0.204343
803,2EMB,59.66,0.519200,1.00,-2234.119,284.584,0.850047,0.508640,0.189448
804,2EMC,60.33,0.585100,1.00,-1987.528,293.562,0.619818,0.495050,0.217936
805,2EME,54.89,0.490300,1.00,-2468.436,304.530,0.856876,0.479110,0.244635
806,2EMF,64.67,0.571700,1.00,-1971.380,267.309,0.726890,0.580350,0.218985
807,2EMG,57.61,0.521700,1.00,-2129.420,314.294,0.747707,0.552920,0.212296
808,2EMH,59.24,0.551400,1.00,-2180.068,300.141,0.597440,0.537520,0.212138
809,2EMI,55.43,0.556700,1.00,-2018.751,324.604,0.735468,0.477770,0.197207
810,2EMJ,55.43,0.522400,1.00,-1938.685,280.649,0.741966,0.441470,0.233813
811,2EMK,62.50,0.576700,1.00,-2049.553,272.717,0.511769,0.509120,0.196551
812,2EML,58.70,0.535800,1.00,-1983.635,257.657,0.666764,0.508770,0.184837
813,2EMM,63.59,0.549600,1.00,-1964.902,248.693,0.532728,0.541480,0.227941
814,2EMP,58.70,0.577700,1.00,-2065.755,361.411,0.609958,0.507360,0.218706
815,2EMV,60.80,0.627100,1.00,-1753.727,294.545,0.602117,0.540340,0.227806
816,2EMW,59.66,0.516200,1.00,-2153.434,220.464,0.737129,0.499610,0.284595
817,2EMX,61.93,0.548700,1.00,-1994.949,228.583,0.541017,0.509980,0.273236
818,2EMY,55.98,0.554000,1.00,-2026.695,219.472,0.788122,0.476500,0.213978
819,2EMZ,60.33,0.541000,1.00,-2220.710,230.995,0.636919,0.535410,0.266386
820,2EN0,66.67,0.601700,1.00,-2075.429,232.577,0.599465,0.563990,0.243913
821,2EN1,60.33,0.530400,1.00,-2007.647,243.503,0.765832,0.507930,0.246852
822,2EN2,62.50,0.586300,1.00,-2056.269,293.581,0.636904,0.527300,0.281411
823,2EN3,60.87,0.574000,1.00,-2498.971,260.512,0.725942,0.524750,0.200227
824,2EN4,63.59,0.578700,1.00,-2198.648,233.705,0.535892,0.530820,0.218391
825,2EN6,60.33,0.512400,1.00,-1947.364,297.684,0.691913,0.505780,0.245302
826,2EN7,59.66,0.480400,1.00,-2068.004,311.322,0.704074,0.527770,0.210041
827,2EN8,58.15,0.560300,1.00,-2419.172,277.221,0.780684,0.543040,0.248926
828,2EN9,59.78,0.585500,1.00,-1804.240,269.136,0.558486,0.498240,0.201068
829,2ENA,54.89,0.551700,1.00,-1977.354,357.470,1.067575,0.466290,0.210742
830,2ENC,58.15,0.535200,1.00,-2177.296,231.447,0.623460,0.493800,0.264277
831,2ENE,59.24,0.537800,1.00,-2155.280,329.038,0.708039,0.509970,0.229217
832,2ENF,53.26,0.514400,1.00,-1506.188,442.760,1.037576,0.462310,0.215004
833,2ENH,58.70,0.542600,1.00,-2158.340,357.579,0.690648,0.504440,0.209683
834,2ENT,58.33,0.549300,1.00,-2267.974,401.883,0.655953,0.494550,0.187585
835,2EOE,53.80,0.555200,1.00,-2052.829,329.957,0.876368,0.431010,0.196420
836,2EOF,64.20,0.569200,1.00,-1910.226,310.203,0.536102,0.530880,0.273450
837,2EOG,58.52,0.549800,1.00,-2045.666,354.203,0.701595,0.492940,0.239176
838,2EOH,54.35,0.542700,1.00,-2004.757,317.942,0.724727,0.430100,0.191891
839,2EOI,59.66,0.532200,1.00,-1924.268,280.995,0.633949,0.517750,0.270623
840,2EOJ,61.93,0.548000,1.00,-1931.331,271.745,0.568450,0.479690,0.221800
841,2EOK,63.10,0.556800,1.00,-2020.612,216.069,0.632949,0.524580,0.227676
842,2EOL,66.07,0.573400,1.00,-1903.004,255.651,0.632785,0.566830,0.262080
843,2EOM,55.43,0.504900,1.00,-2007.759,267.110,0.807025,0.511130,0.197039
844,2EON,53.80,0.552800,1.00,-1796.898,319.634,0.756340,0.449340,0.214162
845,2EOO,61.96,0.524400,1.00,-2464.196,231.610,0.816015,0.543580,0.302650
846,2EOP,55.43,0.560100,1.00,-1779.074,395.242,0.883326,0.484970,0.201936
847,2EOQ,65.76,0.555600,1.00,-2098.171,282.474,0.472060,0.550380,0.272623
848,2EOR,58.70,0.587400,1.00,-2029.677,308.385,0.670382,0.490370,0.214878
849,2EOS,65.48,0.569900,1.00,-2240.068,244.920,0.520733,0.522970,0.247694
850,2EOU,68.18,0.565900,1.00,-1781.993,242.537,0.360250,0.572500,0.256393
851,2EOV,57.07,0.563000,1.00,-2222.251,295.460,0.895100,0.502440,0.216361
852,2EOW,60.87,0.583500,1.00,-1824.061,355.853,0.677609,0.511620,0.203367
853,2EOX,60.23,0.525500,1.00,-2174.189,220.558,0.597484,0.500950,0.239264
854,2EOY,54.35,0.489400,1.00,-2307.315,285.119,0.908405,0.484260,0.200714
855,2EOZ,59.78,0.510000,1.00,-2608.807,258.649,0.775297,0.525510,0.231786
856,2EP0,58.15,0.574000,1.00,-2122.039,241.120,0.816455,0.495670,0.170367
857,2EP1,58.15,0.585500,1.00,-2073.032,259.386,0.705845,0.530120,0.213423
858,2EP2,55.43,0.540900,1.00,-1752.525,321.421,0.763080,0.471100,0.216916
859,2EP3,60.33,0.604300,1.00,-2153.311,286.626,0.715023,0.543290,0.197958
860,2EPC,63.69,0.481000,1.00,-2096.966,207.532,0.729281,0.570780,0.402400
861,2EPQ,53.33,0.537000,1.00,-2160.794,346.393,0.755473,0.416780,0.234646
862,2EPR,51.56,0.507800,1.00,-2252.311,373.762,0.714005,0.456700,0.186243
863,2EPT,64.63,0.521300,1.00,-1981.334,269.216,0.650026,0.541950,0.328498
864,2EPU,58.33,0.554400,1.00,-2088.209,204.686,0.908950,0.515250,0.212224
865,2EPV,56.82,0.529400,1.00,-2104.685,300.704,0.804392,0.520440,0.225951
866,2EPW,55.43,0.467700,1.00,-2400.824,213.026,0.931778,0.440000,0.272706
867,2EPX,63.83,0.585400,1.00,-2509.232,272.529,0.603688,0.567730,0.190294
868,2EPY,66.67,0.576700,1.00,-1947.472,247.758,0.698715,0.543930,0.257549
869,2EPZ,61.96,0.607000,1.00,-1955.043,267.724,0.608952,0.515890,0.203630
870,2EQ0,58.70,0.561200,1.00,-2179.489,243.250,0.808032,0.513240,0.224368
871,2EQ1,54.89,0.533600,1.00,-1829.567,307.860,0.786113,0.444680,0.206295
872,2EQ2,46.74,0.464200,1.00,-1969.918,301.635,1.004039,0.394860,0.201510
873,2EQ3,53.80,0.547100,1.00,-1632.008,312.290,0.736659,0.458780,0.187068
874,2EQ4,48.91,0.437700,1.00,-1981.651,257.620,0.776970,0.406680,0.266364
875,2EQE,46.88,0.438400,1.00,-2744.150,283.423,1.024355,0.374770,0.338779
876,2EQF,45.65,0.378800,1.00,-2151.934,341.944,1.257406,0.353510,0.289437
877,2EQG,37.24,0.452600,1.00,-2713.170,296.675,0.934611,0.289500,0.186073
878,2EQH,72.83,0.523300,1.00,-905.428,177.858,0.381186,0.285000,0.227086
879,2EQQ,66.07,0.548400,1.00,-1212.559,254.571,0.473500,0.397950,0.108201
880,2EQT,71.43,0.594900,1.00,-1212.559,254.571,0.348567,0.424830,0.108201
881,2EQW,54.76,0.532600,1.00,-2143.165,251.085,0.610664,0.440530,0.279168
882,2ERI,69.35,0.586500,1.00,-1730.088,418.745,0.329003,0.404420,0.417470
883,2ESX,59.21,0.404300,1.00,-593.936,131.311,0.444367,0.193860,0.155187
884,2ESZ,59.21,0.387500,1.00,-586.976,123.059,0.449452,0.223500,0.154750
885,2ETI,56.25,0.464000,1.00,-1625.376,198.259,0.438144,0.246660,0.376445
886,2EVQ,56.25,0.521900,1.00,-451.556,64.264,0.397109,0.176640,0.199927
887,2EYA,79.89,0.650000,1.00,-3119.213,286.912,0.215180,0.716500,0.677182
888,2EYB,81.52,0.653400,1.00,-3119.213,286.912,0.206599,0.717690,0.677182
889,2EYC,78.26,0.615400,1.00,-3175.486,270.152,0.193229,0.674280,0.671637
890,2EYD,84.78,0.626300,1.00,-3119.213,286.912,0.200569,0.708250,0.677182
891,2F2I,70.69,0.594000,1.00,-1388.916,299.470,0.310897,0.418750,0.292743
892,2F2J,68.10,0.563200,1.00,-1298.894,301.046,0.378890,0.408670,0.269207
893,2F5H,35.81,0.317200,1.00,-2027.012,202.054,0.735041,0.282770,0.358500
896,2FJ4,41.22,0.387200,1.00,-2027.012,202.054,0.619844,0.309320,0.358500
897,2FJ5,39.19,0.396700,1.00,-2027.012,202.054,0.571170,0.311360,0.358500
898,2FQA,64.81,0.488000,1.00,-1451.701,413.539,0.426199,0.287400,0.371556
899,2FR9,53.85,0.479400,1.00,-398.966,141.448,0.511336,0.298980,0.077702
900,2FRB,48.08,0.427600,1.00,-251.912,78.226,0.458262,0.220020,0.056267
901,2FXY,69.44,0.562900,1.00,-658.847,106.394,0.426909,0.371460,0.163512
902,2FXZ,63.46,0.518300,1.00,-450.918,95.169,0.322143,0.326180,0.172280
903,2G6U,53.33,0.484400,1.00,-357.115,138.595,0.425113,0.216500,0.060660
904,2G9L,64.86,0.701500,1.00,-2400.122,82.267,0.476980,0.563110,0.658207
905,2G9P,75.00,0.658600,1.00,-1467.697,95.396,0.242036,0.417770,0.285573
906,2GD3,63.54,0.590900,1.00,-1321.762,67.760,0.486147,0.327520,0.121838
907,2GDL,44.35,0.485300,1.00,-2091.940,104.954,0.668793,0.358870,0.111103
908,2GFR,43.18,0.447500,1.00,-350.527,107.180,0.377486,0.261340,0.074329
909,2GJ0,62.10,0.489300,1.00,-1835.007,265.903,0.633585,0.406570,0.400276
910,2GL1,89.36,0.663600,1.00,-2883.044,301.431,0.117742,0.806320,0.775238
911,2GOF,58.57,0.532500,1.00,-2279.749,67.291,0.616240,0.501350,0.658150
912,2GOH,64.29,0.536800,1.00,-2208.043,62.305,0.491080,0.474300,0.658396
913,2GP8,84.38,0.703000,1.00,-2812.703,106.859,0.215514,0.726490,0.636082
914,2GQE,82.03,0.601000,1.00,-1729.743,181.214,0.446990,0.650550,0.415312
915,2GW9,45.31,0.386100,1.00,-1134.766,258.327,0.715638,0.322680,0.301672
916,2GWP,46.09,0.407000,1.00,-1491.545,298.716,0.681766,0.271550,0.372351
917,2GX1,59.48,0.507700,1.00,-1736.538,195.314,0.363454,0.270660,0.300538
918,2H1Z,46.15,0.399500,1.00,-1645.302,480.472,0.682947,0.282240,0.368809
919,2H9X,57.45,0.466600,1.00,-2340.362,473.400,0.410400,0.475310,0.537109
920,2HFR,71.30,0.630200,1.00,-2017.699,64.143,0.296175,0.312620,0.193400
921,2HGO,36.11,0.347100,1.00,-1272.369,302.469,0.871708,0.270420,0.221716
922,2HLG,31.41,0.308900,1.00,-1928.997,585.362,0.889683,0.255530,0.340628
923,2HM3,39.52,0.378500,1.00,-1644.017,153.005,0.903208,0.254730,0.205316
924,2HM4,41.94,0.378400,1.00,-1615.750,219.458,0.776593,0.266610,0.277218
925,2HM5,37.10,0.374700,1.00,-1615.750,219.458,0.914868,0.233780,0.277218
926,2HM6,47.58,0.373800,1.00,-1918.573,181.317,0.730999,0.327560,0.162301
927,2HN8,51.32,0.404700,1.00,-3312.709,196.311,1.339212,0.429330,0.399376
928,2I1P,69.79,0.558200,1.00,-1954.320,463.705,0.348074,0.626030,0.494600
929,2I1T,68.75,0.480600,1.00,-1642.460,333.426,0.407615,0.500150,0.447358
930,2I5O,82.69,0.688000,1.00,-2766.795,179.001,0.318130,0.707800,0.381492
931,2I9M,51.47,0.523100,1.00,-574.740,146.404,0.317745,0.229020,0.492930
932,2I9N,47.73,0.393900,1.00,-2019.563,172.786,0.741282,0.339440,0.445697
933,2I9O,48.65,0.397700,1.00,-1968.101,158.303,0.558310,0.382920,0.318694
934,2IFJ,62.50,0.485100,1.00,-376.634,87.601,0.387575,0.284630,0.096788
935,2IGU,68.75,0.533600,1.00,-355.111,81.283,0.355824,0.281750,0.081891
936,2IH6,50.00,0.439700,1.00,-334.329,88.114,0.444589,0.300230,0.073827
937,2IMU,48.91,0.444700,1.00,-3256.175,195.404,1.193725,0.409730,0.227783
938,2IT7,57.14,0.441700,1.00,-1625.376,198.259,0.495227,0.293880,0.376445
939,2IV4,37.50,0.424200,1.00,-345.037,82.233,0.526905,0.184880,0.010893
940,2IV5,43.48,0.398800,1.00,-629.808,144.851,0.713304,0.224650,0.031397
941,2IV6,29.35,0.435400,1.00,-529.761,113.322,0.886325,0.098100,0.013168
942,2IWJ,47.22,0.473300,1.00,-1045.938,191.245,0.603449,0.275440,0.191413
943,2J15,60.00,0.453800,1.00,-499.497,103.166,0.387205,0.243480,0.028652
944,2J8P,46.94,0.533400,1.00,-4118.761,190.809,0.962904,0.414050,0.472246
945,2JM0,82.86,0.661700,1.00,-2813.642,172.484,0.143532,0.618280,0.648188
946,2JM2,22.78,0.186700,1.00,-1778.404,426.816,1.758028,0.192410,0.437908
947,2JM4,76.74,0.590700,1.00,-2027.399,303.427,0.287282,0.630560,0.501894
948,2JMY,41.67,0.451400,1.00,-445.915,154.347,0.465835,0.149210,0.179000
949,2JN5,56.25,0.469100,1.00,-313.491,102.931,0.410219,0.195840,0.150684
950,2JNH,77.72,0.626700,1.00,-4029.479,215.476,0.279608,0.687800,0.759503
951,2JNI,61.90,0.414300,1.00,-1273.910,170.559,0.633592,0.236250,0.155222
952,2JOC,66.22,0.543300,1.00,-2181.562,261.449,0.342823,0.500580,0.583989
953,2JOF,61.25,0.515900,1.00,-647.990,153.785,0.525412,0.282120,0.092456
954,2JOS,80.68,0.625000,1.00,-1564.985,29.493,0.220015,0.533960,0.399987
955,2JOU,38.24,0.290800,1.00,-2735.056,158.279,1.006630,0.289790,0.367980
956,2JP6,59.46,0.520200,1.00,-1921.334,231.379,0.550041,0.410650,0.385264
957,2JPJ,50.64,0.529200,1.00,-2252.546,136.604,0.799221,0.366680,0.280709
958,2JPK,43.57,0.329600,1.00,-2260.027,205.897,0.797092,0.245270,0.253578
959,2JPL,40.38,0.505800,1.00,-2252.546,136.604,0.738966,0.389640,0.280709
960,2JPM,36.43,0.279700,1.00,-2260.027,205.897,1.304588,0.246830,0.253578
961,2JPW,36.72,0.325900,1.00,-1545.295,123.129,1.085468,0.236500,0.068035
962,2JPX,64.29,0.679600,1.00,-2238.143,73.729,0.537343,0.485530,0.659476
963,2JQ2,58.33,0.469600,1.00,-389.229,133.105,0.353127,0.255070,0.037545
964,2JQB,56.67,0.516500,1.00,-495.600,115.683,0.461918,0.159830,0.025776
965,2JQC,50.00,0.540500,1.00,-495.600,115.683,0.423494,0.195220,0.025776
966,2JQW,42.65,0.451700,1.00,-720.817,189.946,0.550358,0.194910,0.185151
967,2JR3,32.14,0.367800,1.00,-2098.753,392.229,0.825202,0.266650,0.237771
968,2JR8,63.10,0.634900,1.00,-2225.866,101.108,0.479836,0.548330,0.477991
969,2JRD,50.00,0.381800,1.00,-933.700,151.023,0.773767,0.283930,0.175307
970,2JRV,56.67,0.482800,1.00,-679.822,156.294,0.435385,0.251810,0.034077
971,2JRW,50.00,0.367200,1.00,-966.439,156.854,0.510340,0.185820,0.058529
972,2JRY,35.33,0.317500,1.00,-3185.203,433.915,0.893858,0.294000,0.435412
973,2JSB,63.10,0.443500,1.00,-1088.415,154.961,0.683033,0.206120,0.112762
974,2JTA,47.50,0.407600,1.00,-317.583,54.770,0.439812,0.204610,0.143998
975,2JTB,71.21,0.564800,1.00,-1404.989,292.860,0.340630,0.452520,0.437507
976,2JTU,35.53,0.374500,1.00,-1534.205,1130.291,0.775465,0.232480,0.175513
977,2JTW,71.00,0.648400,1.00,-1549.361,87.145,0.344282,0.394380,0.158405
978,2JUE,28.45,0.301300,1.00,-1562.159,381.329,0.814063,0.235560,0.253804
979,2JUI,38.64,0.338200,1.00,-2058.850,237.781,0.969995,0.307710,0.194254
980,2JUQ,55.77,0.487900,1.00,-369.037,110.585,0.351746,0.245820,0.146096
981,2JUR,50.00,0.462000,1.00,-435.638,102.293,0.462054,0.277760,0.111952
982,2JUS,61.54,0.455400,1.00,-406.901,90.459,0.423073,0.236470,0.177936
983,2JUT,53.85,0.477900,1.00,-242.396,107.957,0.550129,0.242350,0.196511
984,2JUY,39.29,0.361900,1.00,-1714.719,227.674,0.677677,0.286670,0.196840
985,2JVX,93.75,0.727500,1.00,-1709.494,123.421,0.140783,0.734500,0.470059
986,2JVY,83.04,0.646600,1.00,-1843.036,116.293,0.306475,0.610130,0.458995
987,2JWG,75.00,0.611100,1.00,-2350.650,246.434,0.246131,0.621890,0.604001
988,2JWH,45.83,0.407300,1.00,-1986.531,363.729,0.794126,0.385160,0.179631
989,2JWM,63.79,0.518700,1.00,-1756.786,301.754,0.418423,0.328440,0.268484
990,2JXF,68.33,0.694400,1.00,-2419.075,94.324,0.380683,0.511510,0.525291
991,2JY0,63.89,0.590000,1.00,-1663.518,88.538,0.469667,0.375550,0.602609
992,2JYD,33.15,0.358500,1.00,-2208.020,264.409,0.891449,0.291510,0.273271
993,2JYP,45.14,0.420000,1.00,-2972.228,129.423,0.610977,0.326090,0.324386
994,2K10,50.78,0.674800,1.00,-2170.674,53.918,0.513203,0.254450,0.716183
995,2K1A,73.21,0.692700,1.00,-2796.707,162.502,0.349377,0.645450,0.475679
996,2K1I,67.97,0.548800,1.00,-1370.506,209.646,0.257484,0.437590,0.366370
997,2K1P,78.03,0.597600,1.00,-1470.642,255.837,0.245607,0.511920,0.475064
998,2K2Y,67.31,0.532500,1.00,-2413.450,333.200,0.304874,0.480140,0.514642
999,2K2Z,61.54,0.484600,1.00,-1923.702,265.429,0.518319,0.451410,0.515546
1000,2K44,49.11,0.501700,1.00,-2208.113,142.790,0.671257,0.361900,0.080596
1001,2K4U,84.46,0.662000,1.00,-2120.558,224.912,0.139863,0.671100,0.701049
1004,2K6O,67.57,0.679400,1.00,-2840.598,143.579,0.352168,0.527460,0.330443
1005,2K6R,81.03,0.572000,1.00,-1802.617,137.658,0.242471,0.520920,0.366309
1006,2K72,71.62,0.597200,1.00,-2897.122,310.092,0.239533,0.510560,0.476541
1007,2K76,70.00,0.647100,1.00,-1930.923,129.707,0.259509,0.420460,0.514693
1008,2K7G,62.07,0.516300,1.00,-1807.047,321.978,0.486172,0.312660,0.346719
1009,2K7Y,36.67,0.420400,1.00,-3268.926,197.959,0.880099,0.289310,0.547335
1010,2K84,35.00,0.361100,1.00,-1949.870,123.030,0.841744,0.277800,0.165822
1012,2K98,56.25,0.624000,1.00,-1289.764,56.818,0.757106,0.325960,0.411162
1013,2K9D,65.34,0.552300,1.00,-4159.933,174.273,0.332977,0.477580,0.707536
1014,2K9O,68.06,0.559200,1.00,-2036.889,245.597,0.332953,0.518350,0.659384
1015,2KAM,91.35,0.754000,1.00,-1773.908,68.467,0.124982,0.635730,0.851269
1016,2KB8,52.70,0.418800,1.00,-2543.952,133.768,1.421752,0.428710,0.362667
1017,2KB9,59.66,0.496700,1.00,-2051.670,535.185,0.303507,0.458910,0.492081
1018,2KBL,56.03,0.526800,1.00,-1507.826,301.039,0.543543,0.341540,0.208996
1019,2KCF,72.92,0.599000,1.00,-1981.576,250.541,0.361309,0.539950,0.556211
1020,2KCG,65.00,0.512000,1.00,-1873.626,339.313,0.467358,0.349390,0.373900
1021,2KCH,68.10,0.557900,1.00,-1567.633,307.394,0.388243,0.440260,0.249111
1023,2KDT,37.22,0.313600,1.00,-3736.265,173.123,1.654595,0.305930,0.283074
1024,2KE3,37.21,0.327000,1.00,-3563.212,153.310,1.277202,0.346560,0.289236
1025,2KEF,38.00,0.363500,1.00,-1601.984,150.894,0.612319,0.161630,0.164671
1026,2KEG,60.16,0.549500,1.00,-1858.592,113.852,0.673208,0.442070,0.196354
1027,2KEH,60.16,0.478800,1.00,-1858.592,113.852,0.677695,0.415270,0.196354
1028,2KES,78.65,0.785400,1.00,-3531.594,132.717,0.225511,0.714760,0.771281
1029,2KFE,70.83,0.691000,1.00,-1546.508,41.537,0.240754,0.327710,0.753194
1030,2KFQ,35.94,0.288700,1.00,-2313.328,188.305,0.996980,0.301750,0.564148
1031,2KGH,34.62,0.343100,1.00,-932.369,2237.306,0.817400,0.351190,0.333311
1032,2KGN,61.46,0.517900,1.00,-1206.352,86.540,0.529580,0.263560,0.210810
1033,2KGU,62.14,0.490200,1.00,-1768.718,310.125,0.360199,0.392950,0.390806
1034,2KHB,64.66,0.530300,1.00,-1673.537,288.439,0.369418,0.318850,0.343478
1035,2KHF,69.00,0.540500,1.00,-1704.278,98.119,0.361756,0.330970,0.251791
1036,2KHG,68.00,0.528800,1.00,-1704.278,98.119,0.494988,0.397040,0.251791
1037,2KI0,76.39,0.634700,1.00,-2286.002,139.964,0.297360,0.541920,0.613852
1038,2KI9,57.58,0.615200,1.00,-2814.045,55.682,0.519586,0.412170,0.723233
1039,2KIO,54.55,0.466100,1.00,-2350.885,176.238,0.681527,0.372720,0.472663
1040,2KIR,64.71,0.520000,1.00,-2134.536,201.102,0.317556,0.461870,0.711605
1041,2KIT,54.55,0.454400,1.00,-2492.286,127.997,0.606603,0.434720,0.495928
1042,2KJM,45.00,0.508900,1.00,-2062.768,99.286,0.883950,0.254330,0.381606
1043,2KJN,76.92,0.633500,1.00,-1931.144,41.421,0.406898,0.521780,0.741553
1044,2KJO,70.19,0.601900,1.00,-1931.144,41.421,0.375077,0.386940,0.741553
1045,2KLV,51.09,0.583800,1.00,-3303.328,77.923,0.520589,0.439310,0.601175
1046,2KM9,47.00,0.483200,1.00,-1013.753,163.668,0.701131,0.268060,0.211092
1047,2KMO,88.64,0.659000,1.00,-2528.021,349.839,0.211282,0.750940,0.505017
1048,2KMP,82.39,0.621100,1.00,-2527.198,316.453,0.300484,0.693660,0.519578
1049,2KMQ,78.41,0.640200,1.00,-2495.734,342.099,0.264902,0.631420,0.512850
1050,2KMR,59.66,0.484700,1.00,-2510.256,340.302,0.922783,0.462360,0.513174
1051,2KNI,44.51,0.378200,1.00,-1139.910,757.590,0.700035,0.387950,0.339615
1052,2KNM,65.83,0.538500,1.00,-1926.146,306.507,0.448590,0.366100,0.370887
1053,2KNP,44.70,0.389100,1.00,-1403.813,371.390,0.563828,0.208230,0.209604
1054,2KNS,61.36,0.589800,1.00,-1931.191,103.444,0.387512,0.399090,0.213345
1055,2KNU,50.00,0.495000,1.00,-1752.846,114.290,0.687271,0.325500,0.227177
1056,2KOE,47.50,0.521000,1.00,-3101.573,178.802,0.576359,0.345370,0.288163
1057,2KOZ,78.03,0.622800,1.00,-1250.070,426.615,0.274138,0.571220,0.543744
1058,2KP0,78.03,0.554300,1.00,-1296.486,431.786,0.294808,0.585630,0.525586
1059,2KPA,52.88,0.546900,1.00,-1527.995,88.471,0.462784,0.235760,0.206914
1060,2KPB,49.04,0.533600,1.00,-1527.995,88.471,0.597934,0.324210,0.206914
1061,2KSG,34.90,0.620000,1.00,-2870.300,75.461,1.485079,0.271270,0.566233
1062,2KSJ,61.96,0.683100,1.00,-3303.328,77.923,0.377960,0.489280,0.601175
1063,2KTC,56.62,0.463500,1.00,-1623.122,260.012,0.571381,0.367250,0.264383
1064,2KTX,76.97,0.615500,1.00,-2251.026,249.007,0.204200,0.635780,0.721546
1065,2KUK,68.33,0.529600,1.00,-1727.217,270.552,0.303234,0.396820,0.364159
1066,2KUS,72.86,0.570500,1.00,-1980.163,335.950,0.280443,0.480310,0.465388
1067,2KUX,59.17,0.499000,1.00,-1940.511,283.743,0.366360,0.306090,0.399940
1068,2KUY,50.00,0.344000,1.00,-3095.254,296.726,0.993322,0.424760,0.367977
1069,2KV5,70.45,0.660200,1.00,-2450.253,92.389,0.461346,0.567380,0.537756
1070,2KVF,87.50,0.648700,1.00,-1900.128,116.081,0.192087,0.584240,0.428952
1071,2KVG,77.78,0.632000,1.00,-1756.594,122.765,0.235469,0.404350,0.465375
1072,2KVH,86.11,0.673300,1.00,-1804.422,122.059,0.192464,0.566840,0.464109
1073,2KVX,69.64,0.536800,1.00,-1782.049,224.000,0.331048,0.348450,0.348044
1074,2KWT,60.61,0.562200,1.00,-2685.954,109.243,0.552866,0.451680,0.433022
1075,2KWY,56.98,0.689900,1.00,-2425.536,170.349,0.612165,0.589410,0.498826
1076,2KWZ,60.62,0.555600,1.00,-3253.478,104.528,0.537264,0.456110,0.498992
1077,2KXA,51.67,0.441600,1.00,-1272.462,426.369,0.790040,0.343540,0.168444
1078,2KY3,81.06,0.675800,1.00,-1855.031,200.937,0.259191,0.609230,0.366033
1079,2KYA,33.82,0.432100,1.00,-675.695,450.950,0.721364,0.268120,0.017813
1080,2KYJ,63.19,0.487500,1.00,-1784.032,260.525,0.780347,0.438870,0.306447
1081,2KYK,60.26,0.457300,1.00,-2134.161,303.549,0.648769,0.457320,0.504769
1082,2KZQ,32.64,0.262900,1.00,-2478.135,192.810,1.541036,0.204290,0.249602
1083,2L07,54.17,0.417000,1.00,-598.317,158.268,0.367530,0.226890,0.086345
1084,2L0G,80.47,0.567400,1.00,-2769.584,134.729,0.295281,0.602140,0.529331
1085,2L0L,54.63,0.622000,1.00,-1607.133,63.302,0.596034,0.318690,0.602362
1086,2L0M,66.67,0.642100,1.00,-1664.553,77.459,0.355580,0.305330,0.600127
1087,2L0N,66.67,0.643600,1.00,-2352.001,66.895,0.331868,0.389000,0.770820
1088,2L0O,65.00,0.586200,1.00,-2414.030,69.521,0.390379,0.366660,0.761185
1089,2L1J,50.74,0.418600,1.00,-1556.487,381.431,0.499605,0.346940,0.261506
1090,2L1Q,46.25,0.413700,1.00,-1935.502,540.853,0.529696,0.331930,0.262918
1091,2L1X,40.38,0.519700,1.00,-2561.492,150.916,0.812958,0.341730,0.420558
1092,2L2R,61.49,0.519500,1.00,-2027.250,179.237,0.453775,0.471720,0.626209
1093,2L36,64.58,0.703500,1.00,-1184.191,54.154,0.400192,0.337690,0.372496
1094,2L37,79.07,0.617700,1.00,-3177.624,160.654,0.223941,0.644840,0.738430
1095,2L3H,33.97,0.334100,1.00,-2574.225,163.375,1.020490,0.226980,0.347404
1096,2L3I,62.50,0.528100,1.00,-2203.370,133.950,0.492708,0.460750,0.256257
1097,2L44,72.37,0.573700,1.00,-747.275,122.125,0.224839,0.192040,0.227257
1098,2L4G,50.93,0.479200,1.00,-1107.500,166.070,0.467834,0.318990,0.139312
1099,2L4J,63.04,0.521000,1.00,-2335.260,432.216,0.619651,0.505520,0.477279
1100,2L4U,63.54,0.503300,1.00,-1206.352,86.540,0.485629,0.323800,0.210810
1101,2L5I,36.90,0.443200,1.00,-982.240,167.308,0.611490,0.113070,0.211506
1102,2L5J,50.00,0.451000,1.00,-858.669,205.241,0.562981,0.108030,0.205968
1103,2L5R,84.78,0.744500,1.00,-1468.510,33.445,0.174432,0.366390,0.432114
1104,2L61,47.12,0.444000,1.00,-1033.880,151.601,0.535973,0.153510,0.121869
1105,2L62,40.38,0.418300,1.00,-1033.880,151.601,0.654239,0.172760,0.121869
1106,2L63,61.36,0.564800,1.00,-2270.811,103.174,0.477037,0.397240,0.348196
1107,2L64,56.82,0.577800,1.00,-2439.336,98.688,0.555548,0.410910,0.383524
1108,2L6S,47.50,0.423600,1.00,-1019.276,135.824,0.669817,0.183310,0.047026
1109,2L6T,48.75,0.372900,1.00,-1019.276,135.824,0.751570,0.204030,0.047026
1110,2L70,36.31,0.411200,1.00,-3090.034,138.931,1.018048,0.340820,0.202407
1111,2L71,48.81,0.368800,1.00,-3259.882,159.328,1.110452,0.417540,0.320423
1112,2L77,52.56,0.427200,1.00,-2399.121,175.497,0.803869,0.380550,0.307069
1113,2L79,48.08,0.407100,1.00,-2356.043,164.235,0.936770,0.331370,0.308062
1114,2L7C,76.32,0.556900,1.00,-1073.381,53.709,0.402365,0.357990,0.115110
1115,2L7T,59.09,0.496500,1.00,-273.275,77.462,0.386417,0.273520,0.174268
1116,2L87,26.85,0.250000,1.00,-954.991,279.803,1.258721,0.171240,0.174934
1117,2L8E,53.57,0.432800,1.00,-2862.494,420.562,0.737664,0.426570,0.439261
1118,2L91,76.74,0.718700,1.00,-3133.295,157.776,0.320034,0.673750,0.544132
1122,2L9G,76.32,0.687200,1.00,-778.401,133.618,0.176263,0.263910,0.298724
1123,2L9X,38.33,0.469500,1.00,-1580.375,120.789,0.913730,0.312310,0.090948
1124,2L9Z,46.15,0.401000,1.00,-2427.191,385.812,0.733003,0.355170,0.266484
1125,2LA0,50.83,0.455000,1.00,-1873.005,127.696,0.727647,0.234220,0.200589
1126,2LAM,60.34,0.508200,1.00,-1816.307,294.414,0.448648,0.317760,0.372480
1127,2LAQ,29.86,0.236400,1.00,-2061.430,363.050,1.159051,0.198470,0.134596
1128,2LAT,70.95,0.688400,1.00,-2988.156,90.905,0.491053,0.556690,0.644179
1129,2LB7,70.45,0.568100,1.00,-2728.766,528.588,0.250189,0.571000,0.544373
1130,2LBG,87.04,0.840700,1.00,-1196.294,22.317,0.129533,0.564890,0.548238
1131,2LBZ,37.10,0.396700,1.00,-2023.877,139.708,0.943228,0.316310,0.290431
1132,2LCM,77.68,0.687400,1.00,-1985.673,90.451,0.258379,0.475190,0.415908
1133,2LDE,53.00,0.409100,1.00,-1570.519,135.944,0.787773,0.300790,0.176176
1134,2LDF,54.17,0.454000,1.00,-1604.622,110.261,0.654972,0.326720,0.113259
1135,2LDJ,60.00,0.560500,1.00,-1030.528,144.109,0.499389,0.227540,0.049345
1136,2LDS,59.03,0.483400,1.00,-1822.727,245.360,0.656880,0.416040,0.347302
1137,2LE3,42.26,0.451300,1.00,-2692.276,255.907,0.818898,0.352180,0.117275
1138,2LE7,37.50,0.406700,1.00,-1194.281,87.767,0.632791,0.278390,0.100257
1139,2LER,47.73,0.475400,1.00,-250.764,59.556,0.429707,0.269810,0.046798
1140,2LET,52.68,0.428700,1.00,-1742.105,213.418,0.533035,0.249680,0.381054
1141,2LEU,45.95,0.402900,1.00,-2113.425,215.826,0.894339,0.382360,0.253216
1142,2LEW,42.19,0.388400,1.00,-1088.371,396.664,0.680677,0.285180,0.160210
1143,2LEY,44.53,0.412000,1.00,-1340.745,336.746,0.821258,0.281070,0.345462
1144,2LFM,30.00,0.362900,1.00,-2179.497,151.564,0.915031,0.234210,0.064253
1145,2LG4,81.25,0.624200,1.00,-2302.755,219.908,0.171343,0.678880,0.542803
1146,2LG5,69.44,0.545200,1.00,-2066.052,447.810,0.311383,0.503510,0.436802
1147,2LG6,73.61,0.564800,1.00,-1731.453,571.916,0.276339,0.531070,0.493318
1148,2LI3,62.50,0.532400,1.00,-2003.111,144.779,0.547318,0.387310,0.292110
1149,2LIC,34.29,0.375000,1.00,-1716.709,141.710,0.569965,0.264130,0.197249
1150,2LID,35.00,0.305700,1.00,-1431.220,212.321,0.758249,0.251560,0.073666
1151,2LIF,73.15,0.676800,1.00,-1749.135,116.930,0.358455,0.506410,0.232259
1152,2LIX,54.63,0.478100,1.00,-1767.622,167.556,0.425040,0.336420,0.377384
1153,2LIY,61.11,0.518500,1.00,-2122.865,480.362,0.337433,0.474290,0.331828
1154,2LJ7,79.26,0.615300,1.00,-2907.010,280.509,0.249483,0.688820,0.770910
1155,2LJQ,48.65,0.418200,1.00,-2028.845,177.198,0.803656,0.371520,0.257675
1156,2LJS,75.00,0.594000,1.00,-1496.082,177.781,0.314163,0.474580,0.204696
1157,2LJT,42.57,0.384100,1.00,-2178.037,194.921,0.937010,0.425460,0.239906
1158,2LK9,51.43,0.500500,1.00,-2293.104,73.030,0.574848,0.462400,0.698882
1159,2LKE,68.75,0.594600,1.00,-1051.255,112.991,0.370983,0.347970,0.100431
1160,2LKJ,70.83,0.590700,1.00,-1051.255,112.991,0.450100,0.459620,0.100431
1161,2LKQ,52.08,0.459100,1.00,-1097.677,144.862,0.508970,0.152090,0.116630
1162,2LL1,44.70,0.421000,1.00,-1749.269,345.922,0.637029,0.315500,0.282678
1163,2LL2,30.77,0.354900,1.00,-957.893,169.011,0.783651,0.171820,0.084473
1164,2LL5,56.82,0.504400,1.00,-612.061,172.468,0.525587,0.245470,0.111979
1165,2LLD,72.50,0.507900,1.00,-2681.644,289.659,0.369941,0.597420,0.573941
1166,2LLM,54.07,0.717900,1.00,-2435.972,155.167,0.453657,0.592820,0.488647
1167,2LLR,38.64,0.321300,1.00,-959.743,177.736,0.546571,0.143370,0.148804
1168,2LM8,51.92,0.445000,1.00,-351.564,105.363,0.514880,0.170880,0.034588
1169,2LMA,34.09,0.309100,1.00,-1108.703,165.536,0.781616,0.161770,0.096008
1170,2LMB,22.09,0.296300,1.00,-2063.547,139.908,1.090935,0.225520,0.155210
1171,2LMF,61.96,0.537800,1.00,-1468.405,94.047,0.519702,0.433710,0.191210
1172,2LMZ,71.43,0.547600,1.00,-3228.089,244.034,0.259773,0.567260,0.608590
1173,2LNE,51.92,0.490500,1.00,-381.061,86.665,0.400130,0.229570,0.019629
1174,2LNF,46.15,0.475400,1.00,-381.061,86.665,0.402236,0.225230,0.019629
1175,2LNG,51.92,0.482100,1.00,-381.061,86.665,0.377786,0.288500,0.019629
1176,2LO2,67.11,0.574800,1.00,-2276.858,177.038,0.316839,0.462940,0.243493
1177,2LO3,55.68,0.412900,1.00,-2882.062,252.744,1.106944,0.474450,0.403777
1178,2LO7,58.06,0.495000,1.00,-2000.771,163.171,0.560360,0.372250,0.275458
1179,2LQ0,76.00,0.669000,1.00,-1634.896,80.721,0.450183,0.479120,0.162850
1180,2LQ1,57.00,0.684000,1.00,-1356.325,74.645,0.509714,0.375070,0.030505
1181,2LQ2,60.83,0.483400,1.00,-1530.699,178.206,0.861823,0.483400,0.225121
1182,2LQA,72.30,0.561100,1.00,-2555.929,415.022,0.269348,0.529820,0.393832
1183,2LQX,75.00,0.579600,1.00,-2898.591,156.035,0.311649,0.595190,0.667462
1184,2LQY,78.75,0.650600,1.00,-1569.043,35.251,0.285573,0.330600,0.127402
1185,2LR3,79.26,0.596100,1.00,-2859.570,285.241,0.201672,0.713570,0.757272
1186,2LR5,72.37,0.581600,1.00,-2254.346,266.304,0.322684,0.557000,0.574327
1187,2LR7,31.03,0.442200,1.00,-2100.784,70.822,0.954861,0.239370,0.649782
1188,2LRX,48.33,0.491300,1.00,-2639.626,288.004,0.618545,0.374530,0.624149
1189,2LS1,42.50,0.375300,1.00,-1080.175,139.455,0.570374,0.199150,0.101720
1190,2LS2,71.00,0.669900,1.00,-1975.220,43.364,0.449769,0.508860,0.747881
1191,2LS3,76.72,0.686800,1.00,-2477.273,68.117,0.296357,0.505840,0.772393
1192,2LS4,64.58,0.577500,1.00,-1521.803,44.409,0.391597,0.299860,0.550273
1193,2LS9,45.00,0.414800,1.00,-1482.905,79.711,0.719123,0.341470,0.300420
1194,2LSA,57.61,0.691300,1.00,-1487.063,43.782,0.459741,0.234030,0.333105
1195,2LSQ,66.00,0.588200,1.00,-1431.251,146.314,0.431852,0.309840,0.247668
1196,2LSW,39.38,0.347300,1.00,-1984.367,248.570,0.965636,0.298370,0.261249
1197,2LT8,74.40,0.581600,1.00,-2279.068,434.523,0.303089,0.624490,0.433016
1198,2LTI,39.13,0.383900,1.00,-741.549,170.084,0.663741,0.133780,0.104112
1200,2LU9,72.58,0.609900,1.00,-1817.107,181.621,0.283024,0.428170,0.417960
1201,2LUF,40.00,0.381200,1.00,-442.203,168.554,0.621535,0.136980,0.098632
1202,2LUG,41.67,0.382500,1.00,-1751.160,274.204,0.833246,0.331330,0.187038
1203,2LUR,51.72,0.475900,1.00,-1540.781,318.528,0.473926,0.253440,0.309622
1204,2LUV,57.86,0.531700,1.00,-1891.609,156.804,0.537846,0.441390,0.229237
1205,2LVG,67.50,0.704400,1.00,-2746.201,125.829,0.384786,0.538130,0.543052
1206,2LWB,47.50,0.477800,1.00,-1431.018,76.213,0.650338,0.198460,0.169027
1207,2LWL,41.84,0.367000,1.00,-2369.674,526.078,0.760592,0.332620,0.311566
1208,2LWQ,60.94,0.451900,1.00,-538.133,163.420,0.347142,0.135940,0.017491
1209,2LWS,62.50,0.491300,1.00,-346.917,74.717,0.287408,0.325940,0.128830
1210,2LWT,54.17,0.423500,1.00,-896.742,102.661,0.371446,0.151890,0.045657
1211,2LWU,75.00,0.577400,1.00,-512.535,83.453,0.270849,0.311020,0.122415
1212,2LWV,57.35,0.475500,1.00,-646.021,91.748,0.384243,0.269030,0.056556
1213,2LX0,57.03,0.645900,1.00,-2695.858,91.663,0.398692,0.393710,0.783070
1214,2LX4,29.41,0.356200,1.00,-698.778,128.142,0.729174,0.119340,0.091886
1215,2LX5,95.83,0.680200,1.00,-878.838,79.003,0.135970,0.513040,0.176127
1216,2LX6,43.42,0.374300,1.00,-595.968,159.676,0.715626,0.171700,0.084303
1217,2LXO,48.30,0.421400,1.00,-2569.344,404.195,0.613783,0.434480,0.524445
1218,2LXZ,58.59,0.447900,1.00,-1501.407,314.738,0.568210,0.368140,0.429265
1219,2LYE,77.78,0.597300,1.00,-699.824,105.922,0.251221,0.228710,0.113411
1220,2LYF,56.94,0.510400,1.00,-649.639,117.587,0.562598,0.264100,0.036484
1221,2LZI,38.89,0.413600,1.00,-513.550,153.839,0.678631,0.226240,0.031678
1222,2LZO,51.72,0.405200,1.00,-1459.865,207.367,0.717657,0.259550,0.230766
1223,2LZP,54.84,0.394100,1.00,-1745.400,156.644,0.839285,0.416120,0.282946
1224,2LZQ,78.85,0.715200,1.00,-2376.256,83.316,0.267730,0.589790,0.088649
1225,2LZX,70.95,0.549100,1.00,-2490.960,368.340,0.283160,0.540530,0.407987
1226,2LZY,70.00,0.536500,1.00,-1807.245,280.421,0.269056,0.485280,0.327858
1227,2M0H,68.18,0.649300,1.00,-1573.904,59.087,0.544532,0.409970,0.226241
1228,2M0S,60.71,0.604500,1.00,-1763.354,70.143,0.338215,0.358470,0.195371
1229,2M0W,60.87,0.658600,1.00,-1346.776,37.689,0.695679,0.271670,0.419610
1230,2M1A,75.96,0.641200,1.00,-1263.385,104.122,0.270475,0.568160,0.428255
1231,2M1J,68.33,0.600800,1.00,-1888.540,151.363,0.568183,0.437330,0.266798
1232,2M1P,41.67,0.384100,1.00,-473.538,205.700,0.628500,0.219520,0.043250
1233,2M1T,60.23,0.621200,1.00,-1548.954,72.119,0.513723,0.282030,0.276806
1234,2M2G,73.61,0.636400,1.00,-559.735,91.785,0.264988,0.250960,0.140389
1235,2M2H,59.72,0.515400,1.00,-470.479,90.068,0.343425,0.196960,0.040576
1236,2M2Q,82.81,0.673700,1.00,-2073.440,248.575,0.200229,0.581130,0.416133
1237,2M2R,42.42,0.450500,1.00,-1690.727,427.962,0.600269,0.266960,0.333381
1238,2M2S,50.00,0.401600,1.00,-633.812,138.207,0.437989,0.139380,0.091242
1239,2M2X,47.22,0.419500,1.00,-458.294,155.419,0.555992,0.171910,0.079724
1240,2M2Y,65.28,0.538400,1.00,-628.857,144.701,0.435216,0.248810,0.035251
1241,2M36,35.53,0.297100,1.00,-1719.491,611.459,0.967733,0.337200,0.394361
1242,2M37,39.47,0.370300,1.00,-475.795,150.670,0.606805,0.127820,0.088079
1243,2M3F,80.68,0.612000,1.00,-1309.476,129.472,0.262769,0.412780,0.294499
1244,2M3J,68.18,0.565700,1.00,-1846.060,288.661,0.279473,0.443320,0.447815
1245,2M3N,56.94,0.504800,1.00,-605.561,163.921,0.429753,0.178430,0.060437
1246,2M4X,67.14,0.496000,1.00,-2051.792,299.835,0.341573,0.482100,0.487087
1247,2M4Z,70.71,0.540200,1.00,-2113.311,276.039,0.285437,0.486060,0.493676
1248,2M50,65.71,0.527900,1.00,-2158.848,272.661,0.346971,0.426950,0.515310
1249,2M5L,46.25,0.378600,1.00,-800.385,202.527,0.621366,0.189780,0.023219
1250,2M5X,87.50,0.705500,1.00,-2318.249,283.014,0.199132,0.751440,0.585675
1251,2M5Z,89.77,0.674900,1.00,-5028.456,187.916,0.126604,0.793650,0.783490
1252,2M60,76.16,0.625800,1.00,-5133.073,192.693,0.211524,0.627670,0.783349
1253,2M62,50.00,0.492700,1.00,-428.689,79.952,0.475985,0.238950,0.054677
1254,2M6A,79.46,0.580400,1.00,-1646.353,96.809,0.185541,0.411360,0.498464
1255,2M6O,74.48,0.605300,1.00,-2717.631,305.656,0.581867,0.673910,0.590265
1256,2M6P,72.28,0.559400,1.00,-2680.822,410.464,0.524675,0.613660,0.647940
1257,2M73,41.00,0.363700,1.00,-1544.146,147.045,0.843165,0.303630,0.168076
1258,2M77,81.94,0.650900,1.00,-822.033,85.314,0.165592,0.250440,0.107156
1259,2M78,83.33,0.628800,1.00,-732.099,108.068,0.148604,0.250720,0.067847
1260,2M79,80.56,0.679000,1.00,-850.660,84.198,0.192857,0.274280,0.090560
1261,2M7C,59.52,0.571900,1.00,-981.315,96.405,0.650957,0.407280,0.407856
1262,2M7D,45.00,0.545900,1.00,-775.944,146.772,0.618694,0.199820,0.143788
1263,2M7E,44.23,0.374500,1.00,-1511.721,174.829,0.806427,0.230800,0.227395
1264,2M7I,50.00,0.500100,1.00,-189.835,137.415,0.583808,0.246740,0.094759
1265,2M7J,50.00,0.441800,1.00,-198.919,168.120,0.427149,0.183510,0.032136
1266,2M7P,77.38,0.592400,1.00,-2136.998,303.286,0.355634,0.646820,0.511974
1267,2M7T,50.76,0.393100,1.00,-1605.730,377.090,0.467716,0.273290,0.338867
1268,2M7X,44.08,0.418700,1.00,-2218.753,163.409,0.806227,0.330680,0.317896
1269,2M8F,48.96,0.453400,1.00,-1094.547,146.028,0.628929,0.164440,0.056243
1270,2M8I,77.91,0.577300,1.00,-2118.243,404.720,0.357531,0.652430,0.490158
1271,2M8J,74.42,0.577800,1.00,-2403.383,339.259,0.438603,0.627690,0.467548
1272,2M8M,71.43,0.619000,1.00,-2156.265,121.133,0.267560,0.502780,0.415991
1273,2M8O,66.07,0.610700,1.00,-2259.064,100.068,0.275936,0.500430,0.406864
1274,2M96,65.34,0.492500,1.00,-2238.458,379.608,0.770775,0.535040,0.521425
1275,2M9E,82.58,0.656300,1.00,-1942.053,220.996,0.264076,0.634300,0.567910
1276,2M9F,75.76,0.591400,1.00,-1925.139,229.701,0.382437,0.538270,0.584219
1277,2M9I,77.94,0.622400,1.00,-1867.181,231.792,0.307606,0.578860,0.581020
1278,2M9J,77.21,0.615000,1.00,-1999.156,239.010,0.302516,0.607470,0.599383
1279,2M9L,67.86,0.537700,1.00,-2422.517,234.340,0.316962,0.431810,0.455597
1280,2M9O,63.79,0.517400,1.00,-1547.588,381.855,0.475118,0.343670,0.341852
1281,2M9R,18.75,0.223000,1.00,-2179.497,151.564,1.124146,0.201270,0.064253
1282,2M9S,18.75,0.217800,1.00,-2179.497,151.564,1.132950,0.199090,0.064253
1283,2MAA,42.31,0.399800,1.00,-499.550,121.751,0.520416,0.246620,0.155385
1284,2MAE,80.77,0.610400,1.00,-1647.355,76.224,0.238518,0.460510,0.146474
1285,2MAU,35.83,0.434500,1.00,-1776.847,229.401,0.715581,0.269380,0.221944
1286,2MBD,68.52,0.534700,1.00,-1133.908,184.654,0.425487,0.428890,0.300175
1287,2MBY,54.89,0.569500,1.00,-3358.940,164.208,0.621580,0.465750,0.474468
1288,2MCE,72.62,0.623400,1.00,-1095.847,60.402,0.316345,0.296960,0.096698
1289,2MD1,52.94,0.448200,1.00,-407.195,129.611,0.388670,0.156120,0.075331
1290,2MD2,47.50,0.459900,1.00,-317.861,60.854,0.369350,0.249870,0.148445
1291,2MD4,43.75,0.455700,1.00,-407.095,108.231,0.450638,0.210720,0.247861
1292,2MD6,69.44,0.549600,1.00,-755.201,129.870,0.209619,0.196950,0.226446
1293,2MDC,48.44,0.436700,1.00,-2293.140,516.695,0.622745,0.413120,0.368423
1294,2MDL,37.50,0.390400,1.00,-933.121,205.552,0.741476,0.169090,0.182564
1295,2MDU,55.17,0.417800,1.00,-1535.209,197.246,0.799097,0.344570,0.126969
1296,2ME1,67.59,0.565200,1.00,-2308.976,72.088,0.393896,0.439450,0.387696
1297,2ME2,59.26,0.616500,1.00,-2088.729,99.006,0.445574,0.333130,0.327418
1298,2ME3,62.04,0.597900,1.00,-2152.893,110.882,0.359551,0.312580,0.281382
1299,2ME4,63.89,0.649100,1.00,-2138.135,120.948,0.390922,0.368270,0.372423
1300,2ME7,81.06,0.620600,1.00,-2147.040,184.936,0.288221,0.608790,0.400678
1301,2MEL,78.79,0.621100,1.00,-2002.759,215.268,0.315041,0.584150,0.447897
1302,2MEN,82.58,0.594800,1.00,-1945.914,239.596,0.332356,0.627740,0.381438
1303,2MEO,71.21,0.617500,1.00,-1920.031,239.821,0.440834,0.478410,0.456458
1304,2MF3,28.19,0.262700,1.00,-2618.186,470.972,1.049312,0.303340,0.247754
1305,2MFM,46.67,0.408300,1.00,-422.889,93.000,0.432240,0.140470,0.027771
1306,2MFO,43.33,0.414200,1.00,-342.315,113.332,0.621590,0.118960,0.032426
1307,2MFP,44.35,0.423400,1.00,-1071.028,321.202,0.585738,0.297120,0.126318
1308,2MFS,50.00,0.401000,1.00,-1460.731,847.958,0.530974,0.299260,0.399111
1309,2MFV,42.86,0.435200,1.00,-101.024,77.844,0.749994,0.148880,0.026146
1310,2MG1,72.22,0.751200,1.00,-1626.352,52.118,0.270604,0.482460,0.645845
1311,2MG2,75.89,0.610000,1.00,-2079.961,86.103,0.297935,0.474600,0.352032
1312,2MG3,70.54,0.585400,1.00,-2083.601,97.032,0.349228,0.371490,0.352971
1313,2MH1,59.09,0.479400,1.00,-1573.194,508.944,0.695235,0.381150,0.333716
1314,2MHU,40.00,0.374500,1.00,-1314.316,318.034,0.693486,0.203230,0.135036
1315,2MHW,49.07,0.627800,1.00,-1679.374,82.621,0.674541,0.296040,0.552185
1316,2MI1,50.00,0.451100,1.00,-552.229,72.358,0.450356,0.179300,0.020588
1317,2MI9,59.17,0.467000,1.00,-1460.659,398.659,0.321666,0.309280,0.185882
1318,2MIA,55.00,0.445600,1.00,-1460.659,398.659,0.339307,0.304500,0.185882
1319,2MID,50.00,0.492100,1.00,-362.221,86.540,0.533131,0.207260,0.083751
1320,2MIE,45.83,0.490100,1.00,-377.571,75.173,0.549781,0.212690,0.141128
1321,2MIF,47.92,0.450000,1.00,-309.188,75.241,0.490963,0.208820,0.070822
1322,2MIG,54.17,0.463100,1.00,-361.808,82.063,0.399991,0.169180,0.122338
1323,2MIH,55.36,0.451200,1.00,-322.480,141.343,0.427954,0.176740,0.037751
1324,2MIJ,47.97,0.466000,1.00,-2638.619,197.683,0.553259,0.321790,0.518071
1325,2MIX,42.86,0.394600,1.00,-989.367,167.169,0.551964,0.193600,0.102421
1326,2MJ1,54.17,0.402100,1.00,-479.163,255.902,0.500097,0.188100,0.047000
1327,2MJ2,59.72,0.606500,1.00,-2225.315,147.821,0.638744,0.452880,0.330971
1328,2MJ9,54.49,0.505300,1.00,-2327.027,158.812,0.483402,0.477020,0.377943
1329,2MJC,52.94,0.461500,1.00,-1596.617,230.306,0.583431,0.361990,0.182081
1330,2MJK,80.49,0.578700,1.00,-3017.730,319.734,0.186456,0.644180,0.473101
1331,2MKB,67.00,0.477100,1.00,-2056.154,152.686,0.692260,0.491310,0.067761
1332,2ML7,45.16,0.393900,1.00,-1809.079,470.479,0.549003,0.314450,0.206137
1333,2MLA,80.41,0.630700,1.00,-2024.994,302.555,0.188018,0.605450,0.711034
1334,2MLD,77.03,0.634800,1.00,-2021.692,233.922,0.193720,0.558470,0.703272
1335,2MLJ,41.67,0.462400,1.00,-482.394,124.176,0.877103,0.192190,0.025188
1336,2MLO,43.75,0.450700,1.00,-635.745,120.490,0.536736,0.259990,0.384210
1337,2MLQ,40.62,0.432400,1.00,-635.745,120.490,0.614974,0.281340,0.384210
1338,2MLU,46.67,0.378300,1.00,-1697.425,129.813,0.591136,0.319830,0.160317
1339,2MLV,52.50,0.394500,1.00,-1697.425,129.813,0.487201,0.291670,0.160317
1340,2MM5,65.83,0.506700,1.00,-1675.634,360.604,0.274584,0.352480,0.262048
1341,2MM6,59.17,0.447200,1.00,-1786.393,330.994,0.319823,0.333890,0.234181
1342,2MMM,65.28,0.737600,1.00,-2129.558,70.679,0.494265,0.469630,0.653137
1343,2MMT,45.24,0.459000,1.00,-907.563,207.668,0.674360,0.141920,0.067477
1344,2MMW,42.86,0.406800,1.00,-909.625,205.075,0.648753,0.179370,0.070363
1345,2MN1,61.67,0.509900,1.00,-1757.990,268.713,0.490682,0.387590,0.350328
1346,2MN3,47.16,0.444500,1.00,-953.992,792.566,0.426753,0.357170,0.173041
1347,2MOC,45.45,0.429800,1.00,-243.547,62.748,0.456154,0.036240,0.063489
1348,2MOF,59.52,0.527700,1.00,-3170.930,97.435,0.567822,0.515360,0.423200
1349,2MPJ,66.00,0.542200,1.00,-1133.052,174.000,0.555623,0.312170,0.242879
1350,2MPQ,67.36,0.533200,1.00,-2071.862,275.422,0.358754,0.463460,0.473333
1351,2MQ2,42.86,0.412000,1.00,-140.339,109.334,0.757858,0.197900,0.016978
1352,2MQ4,47.73,0.491700,1.00,-137.229,78.722,0.678952,0.202070,0.027435
1353,2MQ5,67.50,0.499500,1.00,-76.431,75.295,0.255757,0.252710,0.088634
1354,2MQF,72.79,0.551000,1.00,-1704.089,265.046,0.294052,0.502160,0.472453
1355,2MQU,48.57,0.392800,1.00,-2052.338,263.827,0.645393,0.327260,0.361019
1356,2MR9,84.09,0.693200,1.00,-3769.250,189.085,0.158137,0.778770,0.806933
1357,2MRB,42.74,0.401400,1.00,-1686.240,172.587,0.586221,0.283720,0.224670
1358,2MRF,78.03,0.664700,1.00,-1947.893,137.323,0.211731,0.508450,0.371184
1359,2MRT,37.50,0.377000,1.00,-1131.655,339.955,0.649816,0.190050,0.164218
1360,2MRW,40.62,0.300200,1.00,-3151.707,189.452,1.091370,0.382440,0.614182
1361,2MSF,45.69,0.421600,1.00,-1506.810,244.521,0.786458,0.274040,0.308804
1362,2MSO,66.67,0.544700,1.00,-1729.357,258.034,0.381717,0.356800,0.302689
1363,2MSQ,32.41,0.371900,1.00,-1456.372,200.099,0.712164,0.205500,0.134911
1364,2MSU,66.25,0.600200,1.00,-1207.711,37.582,0.350227,0.299340,0.346103
1365,2MT7,62.86,0.514400,1.00,-1976.858,209.531,0.429569,0.465310,0.483573
1366,2MT8,40.38,0.339800,1.00,-2261.594,230.412,0.948410,0.342980,0.278024
1367,2MTM,51.32,0.445600,1.00,-883.864,157.072,0.413874,0.133560,0.114301
1368,2MTO,51.92,0.417800,1.00,-362.988,85.684,0.429141,0.221730,0.192184
1369,2MTT,59.62,0.519500,1.00,-392.293,101.091,0.414350,0.205340,0.144469
1370,2MTU,61.54,0.455500,1.00,-392.293,101.091,0.444981,0.199050,0.144469
1371,2MTW,57.50,0.510100,1.00,-976.569,116.495,0.580133,0.300630,0.063008
1372,2MTY,43.75,0.349600,1.00,-661.124,147.028,0.643744,0.136930,0.056174
1373,2MU6,60.00,0.578600,1.00,-1090.221,75.718,0.531756,0.232810,0.147330
1374,2MU7,73.75,0.601600,1.00,-1014.279,71.012,0.438425,0.324910,0.087643
1375,2MU8,42.50,0.400300,1.00,-1101.502,77.196,0.493157,0.188340,0.114736
1376,2MU9,80.00,0.649300,1.00,-1373.964,46.112,0.342525,0.319120,0.553635
1377,2MUA,80.95,0.679400,1.00,-1050.777,49.384,0.254744,0.302100,0.458051
1378,2MUB,74.40,0.568600,1.00,-2819.470,386.639,0.276466,0.604730,0.536452
1379,2MUE,78.75,0.645300,1.00,-1234.908,93.534,0.294673,0.322520,0.092104
1380,2MUF,71.25,0.621200,1.00,-972.440,79.410,0.377697,0.351920,0.060246
1381,2MUH,59.38,0.432800,1.00,-532.208,82.423,0.434482,0.235440,0.173057
1382,2MUJ,42.86,0.346400,1.00,-1189.794,110.949,0.712240,0.208660,0.122089
1383,2MUN,80.43,0.646100,1.00,-3607.765,167.430,0.251591,0.675170,0.671641
1384,2MUQ,51.14,0.415000,1.00,-3107.701,223.883,0.631152,0.417320,0.452026
1385,2MV6,64.80,0.694800,1.00,-3385.797,223.719,0.394194,0.490920,0.417719
1386,2MVA,59.26,0.473200,1.00,-1066.848,320.715,0.503900,0.266030,0.259925
1387,2MVH,73.08,0.585300,1.00,-1596.437,99.387,0.311887,0.411510,0.169599
1388,2MVI,38.95,0.316800,1.00,-3197.000,279.684,0.843362,0.323190,0.397094
1389,2MVJ,64.42,0.570200,1.00,-1516.664,78.245,0.654074,0.484050,0.176615
1390,2MVK,59.62,0.567900,1.00,-1378.375,95.029,0.526361,0.276820,0.150750
1391,2MVL,59.62,0.570200,1.00,-1490.354,143.826,0.599554,0.301380,0.147650
1392,2MVM,56.25,0.479900,1.00,-2004.823,234.249,0.588100,0.461550,0.189973
1393,2MVN,50.00,0.501300,1.00,-1955.989,234.814,0.924472,0.432220,0.182976
1394,2MVT,79.79,0.638000,1.00,-3569.790,177.758,0.206208,0.701520,0.680785
1395,2MW0,44.83,0.390900,1.00,-1663.528,155.562,0.622074,0.247070,0.256390
1396,2MW3,54.76,0.449900,1.00,-1110.563,155.949,0.613601,0.176470,0.044515
1397,2MW7,30.41,0.351200,1.00,-1863.248,360.204,0.791636,0.235160,0.255849
1398,2MW9,74.32,0.566500,1.00,-2126.516,222.568,0.433898,0.596210,0.424012
1399,2MWA,66.89,0.568100,1.00,-2054.436,247.426,0.463151,0.482660,0.443207
1400,2MWB,68.92,0.561400,1.00,-1694.981,269.222,0.335408,0.488220,0.446932
1401,2MWD,82.14,0.635400,1.00,-1514.099,141.925,0.191208,0.473730,0.467793
1402,2MWE,79.46,0.601100,1.00,-1432.540,185.316,0.204877,0.469100,0.449495
1403,2MWF,76.56,0.633100,1.00,-1811.564,215.432,0.217979,0.484710,0.527201
1404,2MWJ,65.97,0.552600,1.00,-1939.294,250.574,0.339766,0.448030,0.532610
1405,2MWK,75.00,0.596300,1.00,-1948.082,269.764,0.261046,0.515570,0.502333
1406,2MWL,48.44,0.463100,1.00,-393.479,121.263,0.519364,0.192630,0.029186
1407,2MWT,54.41,0.483700,1.00,-2076.715,122.928,0.771189,0.390950,0.236840
1408,2MX4,40.00,0.410900,1.00,-2320.765,489.106,1.040495,0.337010,0.305984
1409,2MXG,60.94,0.521900,1.00,-393.479,121.263,0.418748,0.230820,0.029186
1410,2MXH,50.00,0.448400,1.00,-393.479,121.263,0.639126,0.213940,0.029186
1411,2MXM,75.76,0.559500,1.00,-1709.467,212.898,0.280702,0.509380,0.469158
1412,2MXO,75.00,0.550900,1.00,-1995.537,297.610,0.272753,0.513160,0.471350
1413,2MXP,69.70,0.531600,1.00,-2327.461,193.839,0.353414,0.400520,0.401608
1414,2MXQ,62.50,0.507400,1.00,-1245.797,251.587,0.359483,0.430670,0.542269
1415,2MXV,70.35,0.477700,1.00,-2232.286,305.996,0.535042,0.563480,0.463462
1416,2MYH,45.12,0.384800,1.00,-1870.875,589.363,0.712117,0.360670,0.268722
1417,2MYL,78.75,0.672300,1.00,-1449.460,56.811,0.277608,0.522290,0.449106
1418,2MYM,57.50,0.545000,1.00,-1443.082,55.198,0.448411,0.286400,0.460180
1419,2MZ2,73.53,0.601700,1.00,-868.984,97.198,0.280577,0.333140,0.190234
1420,2MZ3,76.47,0.590800,1.00,-868.984,97.198,0.338267,0.265800,0.190234
1421,2MZ4,67.39,0.554900,1.00,-3607.765,167.430,0.373540,0.536830,0.671641
1422,2MZ7,23.91,0.484800,1.00,-1237.937,407.110,1.200452,0.196590,0.038638
1423,2MZA,72.06,0.614600,1.00,-868.984,97.198,0.393758,0.344510,0.190234
1424,2MZX,42.50,0.416700,1.00,-288.214,91.976,0.386747,0.295250,0.086969
1426,2N0X,50.00,0.439400,1.00,-624.122,123.372,0.422200,0.222660,0.084639
1427,2N16,70.00,0.583200,1.00,-1056.230,66.495,0.280222,0.315620,0.137832
1428,2N1C,42.39,0.386500,1.00,-794.508,137.934,0.523910,0.137530,0.103918
1429,2N1N,66.43,0.516900,1.00,-2008.870,280.962,0.369900,0.475760,0.430152
1430,2N1P,60.00,0.595400,1.00,-2095.204,101.668,0.426389,0.469890,0.374286
1431,2N1S,67.50,0.542600,1.00,-1592.555,273.323,0.316536,0.454000,0.449156
1432,2N24,50.81,0.480000,1.00,-1845.589,260.708,0.668483,0.280660,0.091045
1433,2N2C,43.60,0.581100,1.00,-2326.277,165.800,0.848270,0.324510,0.086297
1434,2N2F,57.69,0.492900,1.00,-289.156,117.520,0.369122,0.254380,0.068582
1435,2N2G,72.73,0.590800,1.00,-1800.176,256.615,0.236065,0.473040,0.464466
1436,2N2S,47.66,0.547100,1.00,-1980.224,163.157,0.719903,0.328330,0.122120
1437,2N3P,70.31,0.534300,1.00,-1711.156,284.939,0.299180,0.463680,0.512634
1438,2N4K,48.84,0.417900,1.00,-1841.662,198.478,0.770613,0.395200,0.296057
1439,2N4R,79.05,0.610200,1.00,-2065.872,284.810,0.299136,0.611380,0.414612
1440,2N4S,79.05,0.646600,1.00,-2024.112,230.101,0.408409,0.626850,0.423919
1441,2N4T,77.70,0.618100,1.00,-2027.305,215.665,0.392702,0.623250,0.405981
1442,2N4U,76.35,0.594500,1.00,-2181.749,257.057,0.289403,0.585090,0.429400
1443,2N4V,70.95,0.573800,1.00,-1956.200,285.381,0.485794,0.541430,0.414434
1444,2N4W,77.03,0.604300,1.00,-2087.183,261.112,0.260951,0.591430,0.418889
1445,2N58,71.67,0.582700,1.00,-2113.687,159.862,0.323009,0.433010,0.394447
1446,2N5C,38.33,0.517500,1.00,-444.843,83.061,0.899654,0.209170,0.028973
1447,2N5J,79.08,0.672300,1.00,-4391.230,165.280,0.288166,0.714120,0.755867
1448,2N5K,36.21,0.428100,1.00,-1129.034,279.357,0.841087,0.176290,0.067892
1449,2N5Q,36.11,0.407100,1.00,-1705.145,230.592,0.669554,0.183190,0.194109
1450,2N5R,45.83,0.451600,1.00,-340.023,116.638,0.510062,0.172060,0.133811
1451,2N63,39.06,0.438000,1.00,-393.479,121.263,0.538211,0.178730,0.029186
1452,2N68,40.22,0.332300,1.00,-741.549,170.084,0.829062,0.177910,0.104112
1453,2N6B,47.06,0.452700,1.00,-2253.622,196.745,0.643135,0.284450,0.369088
1454,2N6M,72.62,0.606000,1.00,-999.737,102.106,0.330513,0.273390,0.195336
1455,2N6N,55.47,0.433100,1.00,-1451.731,416.677,0.577024,0.363590,0.397336
1456,2N6O,65.71,0.492300,1.00,-2286.574,292.965,0.404316,0.453320,0.465523
1457,2N6U,28.75,0.408000,1.00,-1117.277,50.680,0.872799,0.194240,0.132006
1458,2N6V,42.71,0.381200,1.00,-1094.547,146.028,0.679539,0.180640,0.056243
1459,2N7F,39.84,0.396800,1.00,-1749.209,647.714,0.673184,0.192540,0.186711
1460,2N7I,68.92,0.641900,1.00,-2911.948,76.571,0.444052,0.556660,0.600415
1461,2N85,57.93,0.492800,1.00,-2921.846,161.735,0.875394,0.486430,0.484584
1462,2N8B,54.17,0.461800,1.00,-1807.577,326.551,0.564558,0.360480,0.152625
1463,2N8E,34.56,0.363700,1.00,-1862.870,192.872,0.828093,0.225990,0.216804
1464,2N8H,55.71,0.428400,1.00,-1658.299,540.258,0.514668,0.357610,0.256138
1465,2N8S,80.13,0.622100,1.00,-1851.106,308.908,0.355835,0.669100,0.520011
1466,2N8U,68.59,0.550900,1.00,-1606.213,259.204,0.455740,0.512060,0.489613
1467,2N92,55.65,0.547400,1.00,-1881.402,72.758,0.742110,0.353840,0.614195
1468,2N94,62.50,0.473800,1.00,-2605.406,384.178,0.745308,0.548110,0.619220
1469,2N95,62.24,0.484600,1.00,-2557.924,317.928,0.622584,0.522670,0.340307
1470,2N9C,37.50,0.443300,1.00,-452.758,202.149,0.690789,0.128290,0.050346
1471,2N9M,57.81,0.506700,1.00,-393.479,121.263,0.415658,0.190310,0.029186
1472,2N9N,48.44,0.475400,1.00,-393.479,121.263,0.508188,0.169070,0.029186
1473,2N9O,69.05,0.478300,1.00,-2984.444,335.886,0.443523,0.528940,0.415532
1474,2N9T,60.00,0.449300,1.00,-1211.837,317.093,0.344974,0.336320,0.312087
1475,2N9Z,34.52,0.344500,1.00,-1734.632,529.352,0.722234,0.286220,0.278957
1476,2NA3,45.83,0.404800,1.00,-379.743,92.106,0.513141,0.245740,0.387321
1477,2NA8,59.09,0.555600,1.00,-3304.184,272.164,0.675684,0.539290,0.419809
1478,2NA9,61.93,0.603700,1.00,-3254.794,279.213,0.547191,0.616840,0.425366
1479,2NAB,64.02,0.516800,1.00,-2789.109,250.547,0.660407,0.519890,0.382090
1480,2NAE,19.77,0.192200,1.00,-2341.632,282.369,1.857684,0.200890,0.248822
1481,2NAJ,40.91,0.353800,1.00,-1315.964,850.150,0.767185,0.240010,0.304986
1482,2NAL,62.50,0.487400,1.00,-407.987,74.390,0.384616,0.239150,0.301471
1483,2NAT,40.18,0.469900,1.00,-1877.815,115.436,0.734209,0.249140,0.221018
1484,2NAU,58.93,0.498800,1.00,-1654.874,83.223,0.563259,0.365850,0.255174
1485,2NAW,46.79,0.428600,1.00,-2806.434,186.401,0.613896,0.354850,0.337265
1486,2NB2,63.82,0.575400,1.00,-2944.815,196.313,0.332680,0.423280,0.469311
1487,2NB5,72.06,0.560600,1.00,-657.554,92.556,0.242974,0.230090,0.220134
1488,2NB6,59.38,0.514000,1.00,-562.647,124.384,0.428591,0.187510,0.019025
1489,2NB7,42.65,0.459700,1.00,-512.483,83.862,0.542522,0.164160,0.023442
1490,2NB8,48.15,0.377500,1.00,-1775.604,165.135,0.775988,0.346810,0.170891
1491,2NB9,66.33,0.467000,1.00,-3225.418,306.437,0.900669,0.574860,0.616458
1492,2NC3,87.12,0.676400,1.00,-1845.766,238.593,0.154241,0.683830,0.593568
1493,2NC4,85.61,0.669800,1.00,-1859.962,233.429,0.152905,0.617150,0.575015
1494,2NC5,89.39,0.687200,1.00,-1811.525,231.491,0.135101,0.686790,0.583526
1495,2NC6,89.39,0.661200,1.00,-1957.864,222.818,0.177061,0.690100,0.585326
1496,2NC7,63.89,0.545400,1.00,-801.251,82.584,0.385005,0.175770,0.160578
1497,2NCS,65.28,0.596000,1.00,-2026.328,287.581,0.382495,0.485330,0.329877
1498,2NCT,65.28,0.597200,1.00,-2026.328,287.581,0.330138,0.499790,0.329877
1499,2NCU,63.10,0.580500,1.00,-1555.979,46.425,0.409782,0.221900,0.259329
1500,2NCV,59.52,0.575500,1.00,-1502.788,54.702,0.561615,0.292970,0.267884
1501,2NCW,62.50,0.601900,1.00,-1619.890,86.644,0.456715,0.297780,0.213611
1502,2NCX,83.33,0.761100,1.00,-1552.651,55.949,0.230409,0.465600,0.721982
1503,2NCY,63.54,0.654000,1.00,-1579.389,56.006,0.532091,0.426010,0.729741
1504,2ND2,80.68,0.638100,1.00,-3665.348,180.440,0.185890,0.701030,0.749828
1505,2ND3,50.66,0.598500,1.00,-1973.364,221.056,0.950732,0.426710,0.134751
1506,2ND6,42.65,0.431600,1.00,-300.061,131.647,0.491607,0.119300,0.032338
1507,2ND7,39.71,0.445000,1.00,-516.536,154.887,0.535946,0.154940,0.032247
1508,2ND8,51.47,0.465700,1.00,-396.774,132.911,0.398049,0.267730,0.033279
1509,2NDB,52.04,0.388600,1.00,-2728.177,339.286,0.591876,0.448800,0.413190
1510,2NDC,62.50,0.583700,1.00,-936.106,53.048,0.456195,0.319960,0.396295
1511,2NDE,58.33,0.565700,1.00,-696.982,86.577,0.430078,0.216400,0.122781
1512,2NDI,39.13,0.391500,1.00,-2174.700,398.915,0.820845,0.311640,0.529916
1513,2NDK,47.40,0.689900,1.00,-2870.300,75.461,0.980208,0.410640,0.566233
1514,2NDL,71.88,0.574300,1.00,-724.358,88.483,0.253102,0.265960,0.163866
1515,2NDM,59.62,0.548500,1.00,-485.208,98.897,0.464815,0.314820,0.106798
1516,2NDN,73.44,0.623800,1.00,-558.184,94.837,0.223198,0.238360,0.160541
1517,2NOR,52.50,0.454000,1.00,-351.238,45.980,0.372995,0.299750,0.095086
1518,2NOU,45.00,0.462400,1.00,-293.879,67.949,0.382176,0.195340,0.077359
1519,2NR1,62.96,0.617900,1.00,-1506.312,123.638,0.415287,0.359010,0.272401
1520,2NS4,71.43,0.512300,1.00,-288.520,108.128,0.428860,0.285190,0.071044
1521,2NVJ,47.00,0.449000,1.00,-1919.254,101.692,0.538950,0.259120,0.083735
1522,2NX6,45.37,0.438200,1.00,-1038.437,493.649,0.559977,0.209200,0.033044
1523,2NX7,43.75,0.495900,1.00,-1540.290,173.608,0.764792,0.185920,0.120134
1526,2NZ3,53.75,0.480000,1.00,-2785.865,313.938,0.593883,0.432020,0.638440
1527,2NZZ,37.84,0.466800,1.00,-2635.115,119.364,1.065974,0.239330,0.472483
1528,2O00,37.84,0.437100,1.00,-2616.112,120.944,0.920009,0.246180,0.471377
1529,2O0S,50.00,0.476200,1.00,-539.984,86.769,0.385447,0.249770,0.067747
1530,2OBU,50.00,0.437400,1.00,-3173.297,193.997,1.029998,0.473600,0.303954
1532,2OJM,95.45,0.744900,1.00,-1564.985,29.493,0.065877,0.562220,0.399987
1533,2OJN,73.86,0.588900,1.00,-1454.823,65.210,0.382290,0.297960,0.362119
1534,2OJO,84.09,0.736600,1.00,-1673.639,36.587,0.143061,0.484340,0.632528
1535,2OP7,48.72,0.424000,1.00,-2069.655,307.027,0.961045,0.344440,0.555960
1536,2OQ9,45.83,0.414400,1.00,-848.360,211.282,0.735956,0.217790,0.065102
1537,2ORU,63.75,0.448700,1.00,-1170.098,165.745,0.418910,0.221240,0.140812
1538,2OVN,80.88,0.604600,1.00,-722.994,101.065,0.223574,0.266370,0.525999
1539,2OYV,53.85,0.438400,1.00,-403.478,119.926,0.593483,0.252350,0.019919
1540,2OYW,44.23,0.419200,1.00,-403.478,119.926,0.638121,0.224260,0.019919
1541,2P4L,28.80,0.291100,1.00,-3185.203,433.915,1.012144,0.282490,0.435412
1542,2P5J,51.47,0.430000,1.00,-665.945,108.221,0.513705,0.148910,0.030376
1543,2P81,61.93,0.440600,1.00,-3475.481,210.120,0.864561,0.515380,0.804227
1544,2PCO,74.04,0.635800,1.00,-1736.865,62.945,0.413274,0.578310,0.601721
1545,2PDD,75.58,0.618100,1.00,-3255.441,226.408,0.299775,0.634600,0.768083
1546,2PDE,34.30,0.369000,1.00,-3156.324,220.682,0.743041,0.379610,0.761784
1547,2PJV,48.39,0.555000,1.00,-1223.540,60.476,0.748197,0.337890,0.277314
1548,2PO8,59.56,0.429400,1.00,-1801.474,223.481,0.447010,0.397230,0.404831
1549,2PPZ,69.44,0.531900,1.00,-2866.028,158.447,0.267112,0.535900,0.687945
1550,2PTA,78.57,0.607900,1.00,-1912.069,250.469,0.207517,0.594640,0.592935
1551,2PV6,57.95,0.516600,1.00,-1709.316,132.764,0.427957,0.322620,0.204316
1552,2RLG,77.78,0.611200,1.00,-761.757,70.530,0.281785,0.282930,0.454189
1553,2RLH,79.17,0.630200,1.00,-761.757,70.530,0.290136,0.255330,0.454189
1554,2RLJ,45.31,0.431500,1.00,-496.023,90.672,0.444901,0.162460,0.021011
1555,2RLW,35.29,0.341700,1.00,-2246.822,194.238,1.122954,0.257190,0.162729
1556,2RME,45.39,0.586300,1.00,-2818.104,100.515,0.642680,0.312280,0.688471
1557,2RMF,52.50,0.516200,1.00,-3246.133,130.206,1.046602,0.453180,0.491558
1558,2RMG,42.11,0.387400,1.00,-3145.167,143.037,1.079980,0.330770,0.512928
1559,2RMH,46.71,0.369200,1.00,-2973.379,158.290,1.043002,0.381490,0.587376
1560,2RMI,52.50,0.444700,1.00,-2291.992,115.786,1.059784,0.434020,0.652854
1561,2RMV,50.00,0.403900,1.00,-1823.956,133.209,0.586183,0.252790,0.321955
1562,2RMW,39.42,0.374200,1.00,-1799.368,125.467,0.673815,0.186290,0.305520
1563,2RMY,66.91,0.629300,1.00,-2126.257,143.658,0.492910,0.544260,0.346565
1564,2RMZ,76.74,0.665400,1.00,-3142.608,130.523,0.282515,0.613450,0.532649
1565,2RN0,72.09,0.666700,1.00,-3142.608,130.523,0.526227,0.641860,0.532649
1566,2RND,68.38,0.609700,1.00,-2126.257,143.658,0.562830,0.480600,0.346565
1567,2ROO,42.44,0.350800,1.00,-2195.904,544.824,0.799184,0.309460,0.289972
1568,2RPS,29.69,0.261300,1.00,-1597.037,232.254,1.077010,0.285720,0.202783
1570,2RQ2,48.33,0.360900,1.00,-2304.386,107.587,1.032772,0.359760,0.495777
1571,2RQZ,73.68,0.572000,1.00,-2145.081,305.752,0.236318,0.548930,0.559045
1572,2RR0,68.42,0.557900,1.00,-2162.249,307.793,0.304421,0.469110,0.565374
1573,2RR2,71.71,0.563000,1.00,-2365.783,338.533,0.230161,0.532330,0.567394
1574,2RRH,71.55,0.677000,1.00,-2218.174,71.962,0.314385,0.657330,0.336761
1575,2RRI,74.14,0.663100,1.00,-2210.131,56.141,0.238059,0.515300,0.341431
1576,2RRS,48.61,0.487500,1.00,-740.758,127.063,0.495988,0.157980,0.034488
1577,2RSH,66.89,0.543600,1.00,-2048.789,187.019,0.611494,0.534880,0.361424
1578,2RSW,43.06,0.415000,1.00,-814.553,88.370,0.586078,0.196110,0.030887
1579,2RT4,49.00,0.496100,1.00,-801.830,177.254,0.740600,0.148580,0.098399
1580,2RTY,81.67,0.582300,1.00,-1584.814,238.171,0.389648,0.581830,0.546436
1581,2RTZ,75.00,0.558500,1.00,-1651.224,223.917,0.259308,0.433730,0.463219
1582,2RU0,75.69,0.574200,1.00,-2303.489,202.917,0.240141,0.552330,0.582783
1583,2RUM,43.42,0.399400,1.00,-1086.308,140.606,0.544004,0.213880,0.068900
1584,2RUN,34.72,0.394800,1.00,-809.505,98.678,0.544243,0.065840,0.029141
1585,2RUO,42.19,0.465400,1.00,-615.921,155.670,0.456752,0.194080,0.046372
1586,2RUT,77.78,0.607900,1.00,-2067.533,182.278,0.449064,0.617800,0.354521
1587,2RUU,71.53,0.565500,1.00,-2059.869,165.838,0.723117,0.546170,0.358300
1588,2RUV,79.05,0.618100,1.00,-1949.423,183.292,0.360709,0.668890,0.373843
1589,2RUW,77.70,0.670100,1.00,-1820.634,245.898,0.488224,0.641240,0.377550
1590,2RUX,72.92,0.550600,1.00,-2224.163,148.995,0.774844,0.571950,0.385432
1591,2RUY,66.22,0.495000,1.00,-2017.066,194.066,0.858506,0.523250,0.372140
1592,2RUZ,73.68,0.576800,1.00,-2215.815,231.761,0.463410,0.598330,0.345926
1593,2RV0,70.27,0.592400,1.00,-2097.553,224.216,0.726276,0.564030,0.341312
1594,2RV1,65.54,0.509500,1.00,-2113.975,235.540,0.608205,0.485890,0.330358
1595,2RV2,75.00,0.568700,1.00,-1948.371,188.972,0.396494,0.577000,0.354096
1596,2RV3,75.69,0.590800,1.00,-1580.522,157.235,0.513715,0.608670,0.378148
1597,2RV4,75.00,0.594700,1.00,-1629.697,238.375,0.577726,0.625260,0.373961
1598,2RV5,82.86,0.700000,1.00,-1833.602,186.926,0.387092,0.684330,0.367889
1599,2RVD,65.00,0.447000,1.00,-352.983,49.687,0.357710,0.334250,0.155860
1600,2SH1,61.46,0.516100,1.00,-1896.901,481.213,0.401689,0.514340,0.500379
1601,2V1V,45.69,0.409800,1.00,-1174.174,441.857,0.510490,0.267010,0.273173
1602,2VY4,77.03,0.603600,1.00,-2167.481,162.981,0.411414,0.589280,0.515546
1603,2VY5,79.73,0.637000,1.00,-2228.965,180.799,0.375091,0.617820,0.515010
1604,2W0T,61.63,0.514700,1.00,-2512.103,247.162,0.407928,0.484420,0.439297
1605,2W9O,47.83,0.414900,1.00,-2410.455,408.630,0.683130,0.395710,0.471865
1606,2W9U,49.46,0.455000,1.00,-2307.976,489.485,0.679557,0.406090,0.482020
1607,2W9V,47.16,0.407800,1.00,-2011.429,677.205,0.902577,0.370040,0.505404
1608,2W9W,54.55,0.469600,1.00,-2249.840,402.882,0.553240,0.428020,0.425327
1609,2WH9,67.36,0.514100,1.00,-1664.203,363.996,0.348387,0.455790,0.462304
1610,2WXC,82.45,0.668300,1.00,-3297.904,254.650,0.300922,0.714740,0.652097
1611,2XL1,34.38,0.370900,1.00,-1372.833,159.148,0.722076,0.202010,0.081275
1612,2YRH,60.23,0.539200,1.00,-1880.592,238.213,0.715841,0.489220,0.294794
1613,2YRJ,56.52,0.563000,1.00,-1864.665,394.485,0.858006,0.489060,0.181011
1614,2YRM,63.95,0.554500,1.00,-2120.968,210.768,0.613933,0.536240,0.315902
1615,2YSB,70.92,0.561300,1.00,-1871.775,474.809,0.489275,0.608920,0.458637
1616,2YSC,75.64,0.590200,1.00,-1761.251,304.606,0.440198,0.595960,0.472523
1617,2YSF,79.38,0.600500,1.00,-2025.329,259.533,0.294414,0.636110,0.498779
1618,2YSG,76.25,0.574700,1.00,-2030.350,284.853,0.317673,0.629090,0.481326
1619,2YSH,75.62,0.519600,1.00,-1534.852,343.583,0.378631,0.616760,0.439132
1620,2YSI,68.12,0.501900,1.00,-1525.139,283.001,0.765366,0.568910,0.361632
1621,2YSO,53.26,0.510300,1.00,-1865.942,329.817,0.673099,0.441960,0.202017
1622,2YSP,55.43,0.508000,1.00,-1985.384,305.670,0.697982,0.488750,0.216103
1623,2YSV,57.14,0.499000,1.00,-1939.777,276.801,0.646374,0.476040,0.270818
1624,2YTA,62.80,0.495300,1.00,-2033.875,248.254,0.918110,0.526230,0.373390
1625,2YTB,60.12,0.573400,1.00,-1940.153,274.340,0.650436,0.489850,0.244653
1626,2YTD,63.04,0.568400,1.00,-2166.835,298.279,0.524543,0.495810,0.202584
1627,2YTE,64.29,0.580100,1.00,-2085.765,191.139,0.634010,0.523390,0.245666
1628,2YTF,57.61,0.579700,1.00,-1991.042,309.038,0.727594,0.495380,0.199647
1629,2YTG,53.80,0.535200,1.00,-1896.616,332.911,0.655027,0.480570,0.232859
1630,2YTH,53.80,0.529400,1.00,-2065.343,265.721,1.004688,0.468620,0.251693
1631,2YTI,57.07,0.524600,1.00,-1758.684,353.953,0.804475,0.480840,0.228036
1632,2YTJ,60.33,0.536600,1.00,-2255.378,234.322,0.608848,0.498280,0.224389
1633,2YTK,63.04,0.539800,1.00,-2430.292,250.151,0.656252,0.527550,0.228174
1634,2YTM,51.63,0.496000,1.00,-1984.626,320.152,0.906738,0.437570,0.211499
1635,2YTN,55.43,0.524200,1.00,-1798.084,313.133,0.780469,0.496310,0.208092
1636,2YTO,60.33,0.547000,1.00,-1930.106,271.141,0.575477,0.508960,0.190438
1637,2YTP,61.96,0.585900,1.00,-2234.810,306.948,0.660837,0.590510,0.219706
1638,2YTQ,54.89,0.526700,1.00,-1964.719,345.341,0.706959,0.468190,0.204130
1639,2YTR,58.15,0.588900,1.00,-2078.925,254.430,0.798684,0.506560,0.203965
1640,2YTS,55.98,0.545700,1.00,-1765.863,345.929,0.662638,0.475970,0.220805
1641,2YTT,52.72,0.532100,1.00,-2160.382,356.650,0.827241,0.454280,0.185951
1642,2YU5,61.93,0.523100,1.00,-2243.550,298.386,0.879701,0.548590,0.230142
1643,2YU8,57.07,0.551500,1.00,-1784.614,296.128,0.864833,0.486870,0.229394
1644,2YYF,43.33,0.479200,1.00,-495.600,115.683,0.739280,0.191980,0.025776
1645,2Z3S,74.36,0.598000,1.00,-2743.217,250.413,0.252880,0.566920,0.662586
1646,2ZAJ,60.71,0.499600,1.00,-2190.201,496.972,0.602092,0.531580,0.421834
1647,2ZNF,80.56,0.602400,1.00,-668.175,119.076,0.216442,0.237700,0.305809
1648,3BBG,62.50,0.545700,1.00,-2369.550,301.396,0.321074,0.457830,0.385474
1649,3CMH,58.33,0.522800,1.00,-719.710,77.370,0.339065,0.249550,0.055508
1650,3CTI,75.00,0.597300,1.00,-1759.815,206.016,0.271298,0.469350,0.223809
1651,3LEU,54.73,0.429900,1.00,-2113.425,215.826,0.558312,0.363080,0.253216
1652,3MRA,85.00,0.751900,1.00,-1861.053,59.240,0.168232,0.489430,0.594539
1653,3ZNF,80.00,0.596600,1.00,-1777.577,138.656,0.315195,0.568050,0.402238
1654,4A24,81.38,0.661400,1.00,-3255.160,252.067,0.306273,0.714010,0.499471
1655,4APD,54.84,0.564200,1.00,-1992.112,79.402,0.474047,0.400710,0.429536
1656,4B19,70.00,0.720100,1.00,-2335.436,68.642,0.299619,0.456690,0.679440
1658,4B2U,34.72,0.329800,1.00,-1721.185,553.031,0.835755,0.218520,0.365499
1659,4B2V,47.66,0.421300,1.00,-1190.229,441.047,0.533097,0.249460,0.315424
1660,4BMF,71.71,0.591600,1.00,-2054.348,285.173,0.258468,0.504070,0.569954
1661,4CYK,30.49,0.314400,1.00,-1724.373,421.849,0.709575,0.226500,0.299072
1662,4ZNF,80.83,0.678500,1.00,-1793.846,136.001,0.248147,0.552820,0.436545
1663,5A4H,29.49,0.285200,1.00,-2269.059,194.198,0.988727,0.235800,0.320269
1664,5AAY,84.17,0.698900,1.00,-1806.903,159.000,0.249197,0.608630,0.319035
1665,5AAZ,71.88,0.553700,1.00,-1822.342,163.439,0.552320,0.544240,0.318589
1666,5AHT,72.67,0.504100,1.00,-2072.812,373.049,0.495888,0.610860,0.493161
1667,5FZV,32.03,0.384500,1.00,-2557.165,187.901,0.767490,0.192440,0.439756
1668,5FZW,34.85,0.338600,1.00,-2788.092,188.678,0.703012,0.199550,0.424381
1669,5FZX,44.44,0.364900,1.00,-1928.581,237.640,0.671715,0.259950,0.357136
1671,5GSF,48.15,0.409500,1.00,-1485.695,290.531,0.478977,0.201600,0.093834
1672,5GVO,47.22,0.448600,1.00,-837.807,138.375,0.538061,0.172650,0.050835
1673,5H1H,60.94,0.542300,1.00,-468.792,178.618,0.313905,0.152020,0.040698
1674,5H1I,44.44,0.396600,1.00,-448.559,194.083,0.567890,0.175580,0.049453
1675,5H2S,79.00,0.651200,1.00,-1257.425,37.747,0.245386,0.525880,0.467925
1676,5I1X,70.14,0.515700,1.00,-1937.507,302.641,0.328701,0.512230,0.473772
1677,5I2P,69.44,0.530000,1.00,-1907.795,383.893,0.347668,0.511360,0.420274
1678,5ID5,38.00,0.362400,1.00,-1456.901,109.858,0.726569,0.319520,0.117905
1679,5IJ4,73.47,0.558200,1.00,-2561.021,472.854,0.351859,0.636080,0.492769
1680,5ION,86.21,0.670400,1.00,-1929.549,119.125,0.150180,0.590990,0.447937
1681,5IPO,56.25,0.478300,1.00,-2769.958,410.027,0.662029,0.490720,0.330013
1682,5J8T,59.57,0.458100,1.00,-2387.601,383.227,0.418517,0.482690,0.540009
1683,5JHI,82.14,0.605800,1.00,-1999.133,195.644,0.160178,0.584590,0.497361
1684,5JI4,75.00,0.588000,1.00,-2298.785,271.201,0.239266,0.581090,0.616339
1685,5JPL,48.53,0.418000,1.00,-703.417,91.891,0.567487,0.207920,0.067253
1686,5JPX,77.78,0.565000,1.00,-3134.417,286.682,0.229521,0.669690,0.567688
1687,5JYH,57.39,0.439400,1.00,-2175.036,410.136,0.704928,0.458070,0.294835
1688,5KGY,84.09,0.621000,1.00,-1517.125,56.314,0.177287,0.384100,0.581732
1689,5KGZ,44.89,0.538400,1.00,-2958.838,102.027,0.636114,0.383330,0.509115
1690,5KHB,76.19,0.707300,1.00,-1324.101,54.388,0.254330,0.482420,0.657910
1691,5KI0,43.42,0.417400,1.00,-206.260,87.154,0.620739,0.181800,0.021950
1692,5KKM,78.41,0.652600,1.00,-1084.009,129.217,0.195720,0.250290,0.121727
1693,5KVN,84.26,0.633800,1.00,-1640.055,144.148,0.161102,0.504890,0.278201
1694,5KWO,48.08,0.440100,1.00,-905.515,306.953,0.697421,0.201800,0.197288
1695,5KWX,63.00,0.437900,1.00,-1224.442,125.045,0.340742,0.260660,0.103044
1696,5KWZ,80.77,0.569400,1.00,-1623.043,100.702,0.167407,0.413010,0.547277
1697,5KX0,64.42,0.459800,1.00,-1664.819,99.559,0.468815,0.373490,0.350328
1698,5KX1,70.45,0.570800,1.00,-1001.381,103.717,0.279569,0.305040,0.181170
1699,5KX2,73.61,0.589300,1.00,-767.272,103.122,0.267876,0.223610,0.088415
1700,5L1C,60.42,0.491600,1.00,-1751.581,423.850,0.500569,0.419560,0.288033
1701,5L82,55.41,0.422200,1.00,-2800.478,196.940,0.727591,0.378780,0.279640
1702,5LAH,30.56,0.330900,1.00,-2089.364,724.289,0.984890,0.252620,0.386539
1703,5LBJ,67.86,0.681800,1.00,-2525.190,211.616,0.583095,0.529590,0.478018
1704,5LCS,60.11,0.425800,1.00,-2977.681,542.829,0.757227,0.501880,0.495103
1705,5LM0,87.50,0.665100,1.00,-1823.956,95.781,0.135762,0.610110,0.547282
1706,5LME,67.44,0.530900,1.00,-2185.301,280.128,0.426633,0.582000,0.404503
1707,5M9U,63.10,0.372300,1.00,-1308.313,145.863,0.658683,0.310200,0.125642
1708,5N5A,37.16,0.440100,1.00,-1196.991,241.092,1.171856,0.239350,0.045441
1709,5N5B,36.61,0.379500,1.00,-976.231,223.191,1.064355,0.192360,0.035569
1710,5NAM,61.98,0.642800,1.00,-3272.111,200.873,0.465296,0.576630,0.362847
1711,5NAO,75.71,0.738900,1.00,-2425.949,135.229,0.371427,0.647280,0.376315
1712,5NDA,76.52,0.712400,1.00,-2104.708,91.364,0.314755,0.623980,0.713467
1713,5NVB,45.00,0.508900,1.00,-356.098,77.533,0.545380,0.204370,0.043162
1714,5OAP,75.00,0.599000,1.00,-578.537,139.475,0.274126,0.279990,0.067611
1715,5T3M,65.00,0.524900,1.00,-2206.312,261.963,0.371664,0.458860,0.505256
1716,5T42,45.74,0.577600,1.00,-3165.379,254.948,0.615813,0.430310,0.402772
1717,5T4R,61.43,0.479300,1.00,-2169.120,275.056,0.436734,0.451130,0.454040
1718,5T7Q,71.43,0.602600,1.00,-1070.964,95.961,0.601990,0.363940,0.114920
1719,5TCZ,64.06,0.464700,1.00,-1581.959,310.109,0.303762,0.371980,0.330856
1720,5TJ1,39.47,0.389300,1.00,-747.708,107.475,0.692943,0.157300,0.080540
1721,5TX8,91.07,0.696100,1.00,-2058.128,98.999,0.198338,0.724260,0.735073
1722,5UG3,67.11,0.522500,1.00,-848.521,136.195,0.375035,0.223890,0.226403
1723,5UG5,57.89,0.515800,1.00,-932.625,121.992,0.544891,0.210060,0.219889
1724,5UI6,37.50,0.463300,1.00,-512.395,151.051,0.861711,0.192000,0.044054
1725,5UI7,43.42,0.472000,1.00,-555.586,104.659,0.808960,0.157390,0.053979
1726,5UJG,75.00,0.571500,1.00,-1123.689,193.112,0.297309,0.321460,0.365239
1727,5UJH,57.61,0.456900,1.00,-1096.751,176.327,0.385123,0.153380,0.251903
1728,5UJQ,61.21,0.669800,1.00,-1914.154,41.314,0.604083,0.441650,0.639484
1729,5UJR,28.79,0.267300,1.00,-1626.743,347.849,1.460330,0.167960,0.168146
1730,5UKZ,50.00,0.474600,1.00,-1845.069,326.951,0.706204,0.411340,0.248971
1731,5UOI,69.19,0.553100,1.00,-3205.219,190.236,0.286300,0.524470,0.796593
1732,5UP5,84.38,0.631700,1.00,-3068.404,203.870,0.171429,0.689270,0.714555
1733,5UY2,43.75,0.542700,1.00,-1002.063,80.361,0.595715,0.114290,0.065754
1734,5UZL,27.27,0.453200,1.00,-857.690,429.659,1.064345,0.218300,0.008799
1735,5V0Y,84.52,0.620400,1.00,-1009.314,173.548,0.162358,0.246170,0.168124
1736,5V11,88.10,0.667800,1.00,-1118.898,123.196,0.121633,0.351000,0.096370
1737,5V2B,55.00,0.614900,1.00,-1128.890,70.243,0.416988,0.162500,0.071357
1738,5V4C,45.59,0.483500,1.00,-355.029,84.940,0.530928,0.217250,0.025415
1739,5V4U,41.25,0.420400,1.00,-2420.716,212.035,1.087183,0.438630,0.242055
1740,5VAV,66.07,0.520000,1.00,-444.793,88.130,0.311332,0.187370,0.054632
1741,5VFW,54.00,0.419000,1.00,-1689.804,74.487,0.505171,0.328500,0.308134
1742,5VL6,38.24,0.416600,1.00,-269.922,102.769,0.488809,0.145390,0.031531
1743,5VR5,50.00,0.535600,1.00,-1000.817,73.366,0.427423,0.177580,0.074599
1744,5W54,49.00,0.380800,1.00,-873.404,236.241,0.684987,0.196850,0.184136
1745,5W9F,72.56,0.616900,1.00,-2612.538,221.716,0.251318,0.554830,0.376064
1746,5WCV,44.83,0.404400,1.00,-1703.379,199.720,0.610743,0.297770,0.273315
1747,5WE3,68.38,0.549700,1.00,-2118.151,252.108,0.290440,0.444060,0.485030
1748,5WOD,92.11,0.743500,1.00,-2748.418,98.426,0.094159,0.796110,0.735442
1749,5WOV,56.62,0.439800,1.00,-2023.189,279.781,0.483081,0.343460,0.272844
1750,5WOW,41.67,0.377500,1.00,-2572.470,318.695,0.733013,0.277950,0.276078
1751,5WRX,55.77,0.477700,1.00,-397.349,73.532,0.421975,0.220380,0.022672
1752,5WUZ,59.30,0.498500,1.00,-2366.891,495.488,0.472502,0.439770,0.512737
1753,5WXE,47.32,0.450800,1.00,-1181.635,522.681,0.682684,0.222430,0.283373
1754,5WYE,50.00,0.458300,1.00,-393.479,121.263,0.529420,0.133950,0.029186
1755,5X34,76.39,0.602600,1.00,-1947.122,219.035,0.236663,0.561870,0.487609
1756,5X35,82.64,0.612900,1.00,-2060.201,253.310,0.223518,0.605060,0.499529
1757,5X36,76.39,0.605100,1.00,-1951.502,240.635,0.248033,0.568550,0.492960
1758,5X37,79.17,0.597000,1.00,-1785.858,236.475,0.238689,0.570350,0.501639
1759,5X38,79.86,0.622600,1.00,-2044.466,235.508,0.219970,0.602100,0.499063
1760,5X39,76.39,0.600300,1.00,-1782.184,260.511,0.257644,0.546490,0.482259
1761,5X3C,78.47,0.612500,1.00,-1881.429,242.992,0.221714,0.575490,0.486477
1762,5X3L,71.25,0.657000,1.00,-1174.598,60.418,0.339982,0.304900,0.158833
1763,5XA6,71.05,0.563000,1.00,-1549.306,453.083,0.252570,0.565760,0.542725
1764,5XBD,69.44,0.532400,1.00,-1992.179,296.683,0.280696,0.481310,0.535162
1765,5XDI,60.62,0.515000,1.00,-2339.709,451.460,0.351339,0.423800,0.563667
1766,5XDJ,80.95,0.660700,1.00,-999.737,102.106,0.367156,0.313590,0.195336
1767,5XEK,70.24,0.553400,1.00,-3039.317,278.023,0.273108,0.533070,0.497285
1768,5XIV,56.25,0.464400,1.00,-937.698,108.444,0.449096,0.203310,0.150766
1769,5XM4,48.53,0.517200,1.00,-470.153,100.947,0.742954,0.210330,0.027432
1770,5XNG,66.18,0.541200,1.00,-818.655,129.421,0.355509,0.242390,0.496705
1771,5XO3,41.67,0.342400,1.00,-776.568,115.573,0.767295,0.148850,0.041172
1772,5XO4,39.29,0.354100,1.00,-624.025,167.009,0.799688,0.197890,0.017492
1773,5XO5,63.10,0.577500,1.00,-550.928,188.177,0.294907,0.165030,0.030402
1774,5XRX,47.06,0.484800,1.00,-818.655,129.421,0.589770,0.262520,0.496705
1775,5Y0H,76.19,0.596800,1.00,-935.054,138.474,0.278703,0.258770,0.253520
1776,5Y0I,72.62,0.542400,1.00,-967.812,126.725,0.302928,0.264680,0.230899
1777,5Y0J,67.86,0.477400,1.00,-1154.350,123.941,0.651911,0.327370,0.118785
1778,5Y22,60.23,0.513800,1.00,-1485.681,103.339,0.571565,0.335690,0.177992
1779,5Y3U,62.50,0.490200,1.00,-1485.681,103.339,0.681399,0.355320,0.177992
1780,5YKK,48.61,0.472400,1.00,-514.588,191.507,0.386716,0.124210,0.100563
1781,5YKL,55.26,0.512700,1.00,-712.643,164.617,0.407203,0.242340,0.051580
1782,5YKQ,71.05,0.567800,1.00,-832.561,105.944,0.238002,0.241370,0.076671
1783,5YZ6,81.12,0.583800,1.00,-3710.840,299.377,0.185453,0.708130,0.797735
1784,5YZK,87.76,0.654300,1.00,-4048.278,329.634,0.136541,0.784780,0.800995
1785,5Z1Y,52.38,0.446700,1.00,-464.658,238.009,0.508055,0.211320,0.044264
1786,5Z26,62.50,0.566500,1.00,-546.029,76.940,0.526280,0.272150,0.318214
1787,5Z2O,86.11,0.666900,1.00,-846.250,67.948,0.165959,0.360440,0.550744
1788,5Z31,51.39,0.453200,1.00,-637.238,153.777,0.493861,0.137150,0.023603
1789,5Z32,40.28,0.422900,1.00,-629.699,95.822,0.634626,0.142670,0.036229
1790,5Z5W,52.08,0.478400,1.00,-390.585,86.854,0.362901,0.318740,0.167049
1791,5Z5X,68.06,0.561900,1.00,-1215.666,44.802,0.410336,0.379170,0.383757
1792,5ZCN,34.52,0.420100,1.00,-802.247,124.955,0.766568,0.101020,0.081088
1793,5ZNF,85.83,0.635000,1.00,-1763.013,153.115,0.273624,0.658210,0.478891
1794,5ZV6,66.67,0.553600,1.00,-1370.934,292.873,0.371191,0.420380,0.465810
1795,5ZYX,66.25,0.574300,1.00,-1435.989,47.299,0.544618,0.339130,0.504445
1796,6A5J,42.31,0.452000,1.00,-173.729,104.941,0.421745,0.304610,0.375633
1797,6A8Y,40.38,0.348300,1.00,-1392.595,180.917,0.779461,0.250430,0.140703
1798,6AAB,34.52,0.373400,1.00,-624.025,167.009,0.726433,0.153420,0.017492
1799,6AFQ,42.86,0.336200,1.00,-776.568,115.573,0.824918,0.147310,0.041172
1800,6AHZ,51.43,0.448800,1.00,-2030.952,189.494,0.886329,0.378830,0.187656
1801,6AK0,47.62,0.478000,1.00,-859.550,203.394,0.481189,0.182290,0.074510
1802,6AX2,38.59,0.351600,1.00,-2799.748,339.530,1.037787,0.317500,0.287184
1803,6B3U,69.38,0.668000,1.00,-3303.202,114.154,0.507291,0.618240,0.572528
1804,6B5W,40.79,0.409300,1.00,-747.708,107.475,0.682101,0.120850,0.080540
1805,6B9K,67.50,0.516800,1.00,-282.540,61.183,0.251508,0.251420,0.099654
1806,6B9W,73.53,0.535000,1.00,-2203.756,192.445,0.375667,0.543570,0.486439
1807,6BAM,75.74,0.539100,1.00,-2055.099,259.695,0.383061,0.557200,0.470788
1808,6BB6,74.26,0.570700,1.00,-2142.088,269.931,0.390318,0.546390,0.482288
1809,6BEQ,57.50,0.485400,1.00,-227.334,61.858,0.398940,0.296150,0.105655
1810,6BET,52.08,0.551500,1.00,-310.349,135.017,0.517806,0.204410,0.061282
1811,6BEU,64.29,0.465300,1.00,-539.705,123.411,0.374267,0.283730,0.038930
1812,6BI5,79.03,0.599600,1.00,-1917.297,172.119,0.362383,0.522020,0.490852
1813,6BJF,51.92,0.463700,1.00,-452.600,120.537,0.492425,0.301470,0.151698
1814,6BUC,79.17,0.641300,1.00,-1862.216,189.301,0.251881,0.633140,0.540790
1815,6BVU,57.14,0.470400,1.00,-484.761,105.640,0.426015,0.191200,0.021698
1816,6BVW,64.29,0.532200,1.00,-484.761,105.640,0.420774,0.203500,0.021698
1817,6BVX,55.36,0.389700,1.00,-438.297,90.304,0.428180,0.288110,0.022389
1818,6BX9,45.00,0.453400,1.00,-429.476,109.858,0.494975,0.181010,0.063432
1819,6CEG,37.50,0.404300,1.00,-1644.429,154.185,0.717061,0.222930,0.135748
1820,6CEI,58.59,0.496100,1.00,-1727.958,250.224,0.469855,0.312520,0.325246
1821,6CEJ,60.71,0.507900,1.00,-360.420,103.103,0.319590,0.256020,0.032371
1822,6CFA,77.63,0.687800,1.00,-922.317,87.847,0.233182,0.384910,0.135425
1823,6CFB,45.16,0.441000,1.00,-1566.749,170.015,0.688632,0.287850,0.162382
1824,6CGW,61.21,0.455900,1.00,-1580.460,278.259,0.404964,0.318910,0.249195
1825,6CGX,59.09,0.546800,1.00,-853.134,123.945,0.507797,0.226720,0.197619
1826,6CHC,54.17,0.401300,1.00,-1775.596,226.980,0.458438,0.335150,0.310569
1829,6CJ8,70.59,0.606000,1.00,-897.762,70.370,0.316707,0.276320,0.263248
1830,6CKD,76.39,0.611200,1.00,-2191.392,238.641,0.254637,0.544590,0.531770
1831,6CKF,78.47,0.630100,1.00,-2338.328,196.647,0.237713,0.595370,0.551199
1832,6CMH,54.76,0.483000,1.00,-1275.925,86.714,0.619993,0.311390,0.148303
1833,6COO,79.41,0.616100,1.00,-936.009,84.551,0.257207,0.347690,0.298129
1834,6COP,75.00,0.592400,1.00,-766.007,87.440,0.311707,0.279700,0.272206
1835,6COQ,75.00,0.616800,1.00,-1018.289,80.223,0.280820,0.274540,0.256117
1836,6COR,79.41,0.620800,1.00,-777.279,105.579,0.239662,0.290500,0.252485
1837,6COS,61.76,0.529300,1.00,-897.762,70.370,0.393534,0.278390,0.263248
1838,6COT,67.65,0.596100,1.00,-959.967,78.150,0.315287,0.373560,0.263114
1839,6COU,80.88,0.621600,1.00,-916.117,70.695,0.169235,0.310600,0.253364
1840,6COV,70.59,0.547900,1.00,-959.967,78.150,0.383601,0.303380,0.263114
1841,6COW,76.47,0.611300,1.00,-897.762,70.370,0.415239,0.316470,0.263248
1842,6CSK,52.63,0.464900,1.00,-529.100,144.867,0.565264,0.208170,0.057088
1843,6CSZ,80.26,0.638700,1.00,-530.860,140.451,0.276091,0.335940,0.168105
1844,6CT1,68.42,0.630800,1.00,-978.986,139.487,0.347491,0.275620,0.159875
1845,6CT4,80.26,0.644300,1.00,-1087.989,70.160,0.237166,0.427620,0.257393
1846,6D3T,83.33,0.667900,1.00,-1721.703,228.098,0.168580,0.552670,0.446043
1847,6D8H,85.94,0.706100,1.00,-1911.843,189.280,0.168143,0.600050,0.436481
1848,6D8Q,85.48,0.656800,1.00,-1821.205,194.662,0.182161,0.611080,0.434394
1849,6D8R,79.03,0.632600,1.00,-1724.612,204.360,0.180406,0.539990,0.421563
1850,6D8S,85.48,0.654200,1.00,-1837.959,199.711,0.178486,0.593740,0.427837
1851,6D8T,84.68,0.615100,1.00,-1996.530,208.354,0.172578,0.607900,0.416621
1852,6D8U,81.45,0.631900,1.00,-1842.492,200.850,0.192058,0.554350,0.406743
1853,6D8Y,80.65,0.656400,1.00,-1890.797,185.317,0.196090,0.550880,0.408154
1854,6D93,84.68,0.639400,1.00,-1918.697,196.018,0.173030,0.573190,0.406885
1855,6D9O,83.06,0.647200,1.00,-1861.470,205.184,0.190276,0.565210,0.420834
1856,6D9P,81.45,0.614300,1.00,-1969.586,208.791,0.195388,0.557080,0.406831
1857,6DHR,59.48,0.506100,1.00,-1689.366,303.500,0.462732,0.324510,0.439918
1858,6DMZ,87.77,0.681200,1.00,-2907.239,313.905,0.166122,0.772650,0.764721
1859,6DST,66.35,0.695200,1.00,-1729.097,52.502,0.360578,0.451050,0.299290
1860,6DZ9,50.00,0.456900,1.00,-328.856,123.870,0.581294,0.271420,0.012089
1861,6DZA,39.06,0.439900,1.00,-496.011,122.338,0.893427,0.239790,0.061940
1862,6DZB,39.06,0.529900,1.00,-324.098,141.083,0.837991,0.171410,0.014658
1863,6DZC,50.00,0.393600,1.00,-371.942,108.140,0.509719,0.229350,0.013453
1864,6DZE,42.19,0.519200,1.00,-360.843,110.647,0.939073,0.175550,0.015809
1865,6E1L,76.04,0.569800,1.00,-1148.095,189.129,0.292159,0.340560,0.342908
1867,6EFE,69.44,0.623800,1.00,-1669.128,80.284,0.267494,0.417540,0.418979
1868,6ENA,38.71,0.432800,1.00,-1484.135,340.368,0.771273,0.288450,0.199543
1869,6F46,47.14,0.548000,1.00,-2847.340,54.879,0.858950,0.356780,0.767985
1870,6F61,54.03,0.428700,1.00,-1407.823,328.284,0.539067,0.329250,0.297029
1871,6FGM,45.83,0.459900,1.00,-323.908,88.649,0.546849,0.288180,0.036496
1872,6FS4,63.71,0.483700,1.00,-2337.260,127.044,0.625663,0.489360,0.380322
1873,6FS5,48.08,0.408000,1.00,-3104.329,139.932,1.218640,0.422210,0.437048
1874,6G4I,79.17,0.709900,1.00,-1494.278,139.919,0.180242,0.360960,0.284435
1875,6G4K,70.83,0.645500,1.00,-1494.278,139.919,0.320754,0.318140,0.284435
1876,6G4U,64.58,0.643200,1.00,-1494.278,139.919,0.398349,0.326160,0.284435
1877,6G4V,64.58,0.588300,1.00,-1453.328,120.217,0.393217,0.319310,0.274952
1878,6G4X,66.67,0.610300,1.00,-1479.502,124.010,0.437591,0.427010,0.292982
1880,6GIF,75.00,0.694300,1.00,-2033.604,66.290,0.294281,0.516790,0.162868
1881,6GIG,50.83,0.558900,1.00,-1684.956,116.274,0.594231,0.498260,0.051357
1882,6GIJ,40.00,0.410300,1.00,-457.069,140.129,0.596904,0.155570,0.355721
1883,6GIK,51.92,0.421800,1.00,-469.430,98.524,0.432634,0.219110,0.330284
1884,6GIL,46.15,0.466200,1.00,-358.625,113.146,0.455517,0.244250,0.263235
1885,6GNZ,56.48,0.493400,1.00,-1916.974,59.758,0.500273,0.373800,0.156684
1886,6GO0,79.81,0.636700,1.00,-1379.024,67.274,0.278699,0.476980,0.092165
1887,6GS5,48.08,0.466800,1.00,-474.827,126.881,0.426173,0.191030,0.134928
1888,6GS9,71.88,0.671400,1.00,-559.890,85.883,0.244282,0.304160,0.269402
1889,6HH0,70.00,0.667500,1.00,-1549.361,87.145,0.317142,0.355320,0.158405
1890,6HN9,28.79,0.297000,1.00,-1466.673,377.092,0.974169,0.205510,0.167479
1891,6HT4,43.75,0.364200,1.00,-935.006,172.073,0.607189,0.197820,0.067786
1892,6HZ2,69.44,0.693000,1.00,-1653.475,83.770,0.255523,0.452210,0.547170
1893,6IHA,73.33,0.727300,1.00,-1750.139,77.106,0.249501,0.439090,0.223969
1894,6ITH,66.46,0.712300,1.00,-3393.619,73.824,0.435588,0.726710,0.654776
1895,6J12,41.96,0.425000,1.00,-1877.815,115.436,0.802231,0.259710,0.221018
1896,6J9P,41.67,0.466300,1.00,-331.830,99.815,0.385393,0.257720,0.269923
1897,6JI7,54.86,0.440100,1.00,-2016.104,471.224,0.534313,0.309690,0.316124
1898,6JIC,36.11,0.350000,1.00,-2113.463,257.266,0.891175,0.275040,0.372394
1899,6K4V,43.75,0.306600,1.00,-1718.774,387.054,1.390304,0.352080,0.365847
1900,6K4W,36.67,0.301300,1.00,-2836.008,349.275,0.999269,0.295510,0.243381
1901,6K50,72.50,0.547700,1.00,-2519.905,262.071,0.472539,0.601770,0.399068
1902,6K51,73.75,0.550400,1.00,-2229.238,327.761,0.379107,0.616690,0.382320
1903,6KLM,55.88,0.457500,1.00,-2011.389,366.436,0.527633,0.393340,0.363174
1904,6KRA,58.33,0.441400,1.00,-1588.472,329.964,0.586936,0.338380,0.405204
1905,6L8R,25.00,0.241200,1.00,-1424.351,123.410,1.299005,0.196260,0.143791
1906,6LF5,83.82,0.642500,1.00,-2218.848,241.355,0.149562,0.618110,0.479075
1907,6M0Y,50.00,0.401900,1.00,-347.363,87.479,0.492723,0.248290,0.390212
1908,6M19,41.67,0.492800,1.00,-490.148,91.549,0.843284,0.171950,0.018629
1909,6M56,32.50,0.221900,1.00,-1723.413,227.568,1.323742,0.228430,0.535827
1910,6M5C,64.74,0.531100,1.00,-2198.079,412.995,0.565277,0.437990,0.530472
1911,6MBM,46.88,0.495900,1.00,-553.628,139.001,0.385583,0.247780,0.381797
1912,6MF8,45.65,0.568600,1.00,-3000.136,144.744,1.170592,0.426550,0.558776
1913,6MJV,76.56,0.606200,1.00,-1191.568,262.019,0.215316,0.528800,0.485953
1914,6MK4,66.67,0.455000,1.00,-1459.030,263.308,0.412080,0.381350,0.272453
1915,6MK5,67.65,0.539200,1.00,-2254.097,222.580,0.304094,0.461060,0.485024
1916,6MM4,43.94,0.416300,1.00,-1387.561,415.141,0.677300,0.256290,0.229645
1917,6MW6,48.68,0.498800,1.00,-449.991,143.483,0.804767,0.161050,0.056106
1918,6MZT,85.14,0.661200,1.00,-2124.199,223.644,0.158987,0.670870,0.586533
1919,6NK9,51.56,0.472300,1.00,-1329.394,365.052,0.697005,0.381860,0.228819
1920,6NOM,53.72,0.463500,1.00,-2707.483,277.209,0.565346,0.451630,0.776954
1921,6NOX,46.43,0.469100,1.00,-595.304,119.620,0.572862,0.265200,0.062564
1922,6NUG,73.96,0.563800,1.00,-1148.347,164.929,0.236106,0.301840,0.341213
1923,6NW8,58.33,0.478000,1.00,-1278.174,252.180,0.674751,0.333500,0.174200
1924,6O3Q,78.57,0.617300,1.00,-3561.239,170.263,0.393169,0.693390,0.625633
1925,6O3S,79.79,0.645200,1.00,-3469.373,161.927,0.277499,0.710960,0.663507
1931,6OBK,66.86,0.527800,1.00,-4076.380,193.172,0.373512,0.556620,0.423568
1932,6OBW,64.71,0.513400,1.00,-879.878,95.413,0.474729,0.358000,0.265283
1933,6OC2,51.47,0.489900,1.00,-903.611,90.063,0.489290,0.206000,0.259659
1934,6OC4,61.76,0.499600,1.00,-752.111,110.268,0.369914,0.230580,0.153703
1935,6OFA,66.67,0.593500,1.00,-2605.428,141.523,0.375818,0.484630,0.515427
1936,6OLD,52.94,0.480200,1.00,-752.111,110.268,0.405039,0.269420,0.153703
1937,6OQP,59.62,0.498800,1.00,-493.634,69.142,0.424924,0.235250,0.029973
1938,6OTA,62.50,0.549200,1.00,-460.373,101.289,0.428218,0.235740,0.239827
1939,6OTB,53.95,0.425400,1.00,-818.528,181.246,0.448971,0.124750,0.085294
1940,6OVJ,57.69,0.494600,1.00,-387.199,131.608,0.348607,0.252330,0.067632
1941,6PIN,59.72,0.486800,1.00,-551.722,120.410,0.371769,0.230340,0.114696
1942,6PIO,44.44,0.376200,1.00,-865.870,102.782,0.596798,0.178300,0.124312
1943,6PIP,38.89,0.357700,1.00,-820.597,184.741,0.710652,0.141000,0.094015
1945,6POR,41.96,0.382300,1.00,-1679.731,148.516,0.814964,0.250480,0.168995
1946,6PPC,52.27,0.501600,1.00,-1414.560,456.980,0.603617,0.295350,0.163990
1947,6PX7,38.97,0.386300,1.00,-1915.229,222.774,0.777842,0.262160,0.196822
1948,6PX8,73.65,0.567100,1.00,-2467.641,241.832,0.386848,0.613360,0.522840
1949,6Q1X,28.03,0.386600,1.00,-1443.135,221.855,0.831335,0.192520,0.026902
1950,6Q5Z,45.69,0.374600,1.00,-1631.589,203.707,0.709694,0.240750,0.214342
1951,6QAX,71.15,0.558800,1.00,-162.268,120.008,0.245049,0.243420,0.037519
1952,6QB0,61.54,0.452000,1.00,-229.480,115.130,0.387630,0.226340,0.040489
1953,6QB1,55.77,0.523700,1.00,-172.423,107.069,0.415626,0.251750,0.027792
1954,6QES,79.38,0.598400,1.00,-2712.548,364.209,0.208993,0.641700,0.530363
1955,6QET,65.48,0.445100,1.00,-2397.082,426.460,0.420201,0.493710,0.492473
1956,6QJB,68.75,0.588400,1.00,-2063.663,270.808,0.258511,0.522490,0.527331
1957,6QKF,58.33,0.420000,1.00,-787.004,138.118,0.403222,0.210570,0.063630
1958,6R2X,71.00,0.546500,1.00,-1797.839,73.957,0.493225,0.479120,0.593619
1959,6R95,66.67,0.653300,1.00,-1486.311,116.715,0.313776,0.305400,0.299283
1960,6R96,61.46,0.629500,1.00,-1430.394,128.900,0.405648,0.325780,0.299135
1961,6RRL,45.83,0.434600,1.00,-444.880,95.090,0.410235,0.237530,0.104922
1962,6RRO,47.73,0.432300,1.00,-390.074,70.102,0.441041,0.225910,0.048821
1963,6RSF,41.00,0.444200,1.00,-1363.930,48.793,0.555148,0.211150,0.235259
1964,6RSG,42.00,0.489100,1.00,-1366.293,34.612,0.636081,0.241790,0.253546
1965,6RSM,63.64,0.456400,1.00,-323.754,147.387,0.303684,0.297950,0.036274
1966,6RY9,40.38,0.360400,1.00,-1499.479,78.059,0.730843,0.187120,0.205537
1967,6RYQ,45.00,0.370400,1.00,-934.726,119.766,0.542339,0.170680,0.100485
1968,6RZ1,42.71,0.536300,1.00,-1491.202,38.483,0.635852,0.184570,0.289421
1969,6RZC,51.00,0.507100,1.00,-1317.154,74.040,0.476019,0.247990,0.163032
1970,6S2D,48.96,0.355000,1.00,-1029.757,136.261,0.625731,0.216000,0.126188
1971,6SAA,45.54,0.484500,1.00,-892.997,319.430,0.662326,0.258330,0.225960
1972,6SAB,64.71,0.488000,1.00,-1855.270,208.671,0.605663,0.418000,0.651045
1973,6SFT,36.81,0.382900,1.00,-1835.930,247.057,0.732959,0.219980,0.113307
1974,6SVC,82.86,0.652700,1.00,-1908.767,215.666,0.166021,0.611970,0.590193
1975,6SVE,82.86,0.590600,1.00,-1941.416,235.719,0.206923,0.637900,0.587073
1976,6SVH,90.00,0.664900,1.00,-1762.303,255.261,0.152621,0.725210,0.595608
1977,6SY2,84.69,0.638400,1.00,-3466.093,282.927,0.312174,0.765490,0.630282
1978,6SZF,39.29,0.467000,1.00,-2470.066,133.197,0.848699,0.304590,0.091745
1979,6T33,42.05,0.359500,1.00,-2743.211,342.033,0.740895,0.318380,0.504918
1980,6TVJ,52.50,0.436900,1.00,-344.829,67.979,0.353238,0.215570,0.077908
1981,6TWG,55.77,0.445300,1.00,-462.892,156.711,0.477575,0.239890,0.190141
1982,6U24,44.64,0.455700,1.00,-366.549,89.501,0.605720,0.270340,0.014175
1983,6U6G,51.39,0.394500,1.00,-1923.384,256.083,0.760520,0.360880,0.343096
1984,6U7Q,46.43,0.453000,1.00,-381.199,97.043,0.647574,0.270940,0.053084
1985,6U7R,71.43,0.556400,1.00,-559.998,101.845,0.308208,0.256700,0.081505
1986,6U7S,58.93,0.506500,1.00,-473.551,105.859,0.429832,0.232140,0.039257
1987,6U7U,48.21,0.533400,1.00,-337.789,77.432,0.692188,0.231930,0.082782
1988,6U7W,53.57,0.556000,1.00,-427.740,88.140,0.692708,0.307990,0.028063
1989,6U7X,51.79,0.649600,1.00,-382.429,113.658,0.981664,0.275850,0.023531
1990,6UCH,63.41,0.628400,1.00,-2234.594,312.727,0.710819,0.529210,0.444473
1991,6V1N,54.41,0.489900,1.00,-833.815,103.788,0.381909,0.241530,0.182154
1992,6V6T,76.43,0.552000,1.00,-2089.907,336.139,0.294764,0.569200,0.454223
1993,6VE9,59.52,0.591100,1.00,-1313.319,31.727,0.499642,0.245950,0.226881
1994,6VGT,43.42,0.442300,1.00,-2276.932,91.515,1.234484,0.347790,0.365694
1995,6VH8,57.64,0.447600,1.00,-2463.944,375.510,0.529198,0.427670,0.384291
1996,6VLA,79.41,0.639300,1.00,-890.420,58.880,0.188471,0.427200,0.609659
1997,6VLJ,51.32,0.446200,1.00,-821.944,116.127,0.650244,0.220740,0.120535
1998,6VNZ,77.42,0.583800,1.00,-2002.118,202.300,0.217657,0.454400,0.428674
1999,6VPN,92.02,0.651900,1.00,-2814.169,271.637,0.124853,0.819730,0.772592
2000,6VXG,28.49,0.300300,1.00,-2063.547,139.908,0.768020,0.247180,0.155210
2001,6VY8,51.79,0.458900,1.00,-366.549,89.501,0.589665,0.344120,0.014175
2002,6WQJ,75.71,0.603900,1.00,-2479.432,110.014,0.258114,0.565640,0.759737
2003,6WQL,68.88,0.629200,1.00,-3550.812,216.920,0.473018,0.599910,0.610041
2004,6X7I,85.71,0.655100,1.00,-2039.786,79.287,0.410402,0.688110,0.725943
2005,6XCR,70.00,0.651600,1.00,-3536.516,94.340,0.727726,0.653010,0.515262
2006,6XCU,73.33,0.621800,1.00,-3363.103,107.964,0.682778,0.660330,0.486744
2007,6XN9,32.74,0.316800,1.00,-2588.453,534.458,0.788626,0.328200,0.296943
2008,6XTH,41.67,0.399900,1.00,-695.942,160.148,0.606762,0.116210,0.047096
2009,6XTI,41.18,0.457900,1.00,-458.503,110.015,0.677177,0.157260,0.022425
2010,6XYH,50.62,0.397400,1.00,-2495.232,411.951,0.496413,0.364250,0.190349
2011,6XYI,24.40,0.289100,1.00,-2432.046,358.539,0.936536,0.268880,0.368264
2012,6Y1Q,58.93,0.417400,1.00,-566.241,83.457,0.378877,0.261100,0.015506
2013,6YHF,68.33,0.654000,1.00,-1914.905,51.993,0.302602,0.459790,0.675522
2014,6YHI,65.00,0.671700,1.00,-2026.506,47.923,0.366456,0.467710,0.818401
2015,6YHO,74.17,0.691500,1.00,-1926.768,61.402,0.235420,0.425960,0.783231
2016,6YHP,66.67,0.685800,1.00,-1882.147,40.848,0.371195,0.424080,0.657668
2017,6YHX,75.83,0.741900,1.00,-1928.265,42.213,0.222186,0.523040,0.783785
2018,6YJL,43.94,0.320800,1.00,-2134.150,135.566,0.923533,0.327130,0.343965
2019,6YSE,77.72,0.650900,1.00,-3930.832,146.961,0.260737,0.615410,0.671767
2020,6Z0G,53.06,0.602100,1.00,-2846.773,246.321,0.554413,0.475400,0.408963
2021,6Z0H,45.41,0.605500,1.00,-2848.370,258.982,0.630875,0.474600,0.412466
2022,6Z0I,57.65,0.591000,1.00,-2846.773,246.321,0.719096,0.477690,0.408963
2023,7ALD,78.75,0.585600,1.00,-902.927,88.021,0.171528,0.232680,0.210440
2024,7ASY,65.91,0.628600,1.00,-2464.792,94.355,0.289204,0.406260,0.350808
2025,7AT7,62.88,0.672000,1.00,-2328.603,181.471,0.482690,0.462670,0.299281
2026,7ATB,65.91,0.648100,1.00,-2712.312,112.192,0.376624,0.499330,0.346287
2027,7AY8,57.69,0.494200,1.00,-2157.806,275.254,0.492424,0.396780,0.451306
2028,7B2F,54.84,0.455000,1.00,-1769.445,136.850,0.852400,0.360160,0.399348
2029,7BW5,42.65,0.438100,1.00,-481.560,128.131,0.753524,0.222920,0.024336
2030,7BWI,73.81,0.577400,1.00,-3013.495,434.434,0.305842,0.594600,0.568787
2031,7BX2,35.71,0.457600,1.00,-303.500,125.529,0.514015,0.231330,0.177868
2032,7BZ7,41.67,0.485600,1.00,-606.844,86.116,0.710434,0.179680,0.016194
2033,7BZ8,46.67,0.469600,1.00,-674.975,88.325,0.709667,0.149570,0.021028
2034,7BZ9,46.67,0.438300,1.00,-636.736,121.701,0.610842,0.236940,0.014067
2035,7BZA,43.33,0.447000,1.00,-595.151,79.748,0.716447,0.135090,0.021994
2036,7CCN,52.94,0.499800,1.00,-580.704,101.262,0.532252,0.184460,0.052969
2037,7CCO,54.41,0.509900,1.00,-580.704,101.262,0.510004,0.202570,0.052969
2038,7CK5,79.46,0.639500,1.00,-1864.485,104.432,0.222787,0.473810,0.437735
2039,7CKD,38.46,0.269300,1.00,-2701.490,305.582,1.150983,0.290300,0.298493
2040,7CKE,39.10,0.348000,1.00,-2701.490,305.582,0.934034,0.326440,0.298493
2041,7CSS,61.54,0.488500,1.00,-397.490,68.560,0.451085,0.234790,0.061461
2042,7CU6,43.33,0.438100,1.00,-672.487,94.387,0.620473,0.210590,0.029381
2043,7D13,82.05,0.753100,1.00,-2557.729,83.285,0.193224,0.686340,0.589639
2044,7D16,45.51,0.571200,1.00,-2557.729,83.285,1.019499,0.400120,0.589639
2045,7D37,53.85,0.542500,1.00,-397.490,68.560,0.462262,0.276550,0.061461
2046,7DEH,77.42,0.696400,1.00,-1881.402,72.758,0.267588,0.527850,0.614195
2047,7EDK,50.00,0.436200,1.00,-793.107,115.413,0.568147,0.216870,0.134685
2048,7EES,51.25,0.373800,1.00,-937.799,110.410,0.760391,0.099700,0.085473
2049,7ELY,44.23,0.389500,1.00,-1548.718,215.605,0.590869,0.167010,0.284213
2050,7F32,65.28,0.592900,1.00,-913.086,87.059,0.281458,0.214450,0.086460
2051,7JIA,81.25,0.608800,1.00,-843.945,172.565,0.197597,0.381640,0.330281
2052,7JIY,83.33,0.594300,1.00,-1204.909,170.436,0.164608,0.369510,0.327746
2053,7JNN,86.96,0.597000,1.00,-2920.091,285.073,0.200583,0.747750,0.751308
2054,7JPM,58.33,0.445900,1.00,-2092.925,481.830,0.444336,0.452080,0.448812
2055,7JS6,45.00,0.500300,1.00,-414.660,65.205,0.738160,0.148680,0.017001
2056,7K1M,68.75,0.498700,1.00,-533.536,60.243,0.389603,0.350700,0.035196
2057,7K7X,57.76,0.497600,1.00,-1786.114,296.528,0.474838,0.304080,0.339600
2058,7KNN,54.69,0.514200,1.00,-681.472,112.947,0.500853,0.214710,0.041900
2059,7KPD,42.24,0.442300,1.00,-1117.169,695.352,0.686367,0.237620,0.419500
2060,7L53,56.25,0.381400,1.00,-1632.151,236.340,0.521165,0.344560,0.276236
2061,7L54,51.79,0.371300,1.00,-1632.151,236.340,0.517684,0.234510,0.276236
2062,7L55,41.96,0.307700,1.00,-1632.151,236.340,0.857876,0.242280,0.276236
2063,7L7A,57.14,0.507200,1.00,-484.570,73.389,0.502155,0.254370,0.027396
2064,7L83,62.16,0.566900,1.00,-3343.617,107.872,0.456088,0.462930,0.378441
2065,7LCW,43.33,0.436600,1.00,-523.583,127.729,0.614116,0.258680,0.020628
2066,7LGL,39.36,0.313400,1.00,-2950.009,362.967,0.980779,0.280960,0.403282
2067,7LGV,54.69,0.419000,1.00,-2673.258,442.384,0.827973,0.467060,0.345342
2068,7LHC,65.52,0.539200,1.00,-1584.717,310.842,0.539517,0.413450,0.277686
2069,7LI2,57.95,0.490700,1.00,-839.545,142.154,0.411294,0.129100,0.102347
2070,7LIF,45.45,0.480700,1.00,-839.545,142.154,0.550260,0.148410,0.102347
2071,7LP4,61.70,0.438400,1.00,-2424.652,443.643,0.698656,0.540810,0.452519
2072,7LQR,72.62,0.598100,1.00,-977.501,121.767,0.297924,0.220410,0.183065
2073,7LQS,55.00,0.493500,1.00,-481.862,132.605,0.484228,0.101310,0.276205
2074,7LRW,60.71,0.520700,1.00,-1207.192,110.655,0.477146,0.217930,0.207805
2075,7LSO,80.56,0.711200,1.00,-946.846,71.985,0.187160,0.335200,0.200014
2076,7LSP,73.61,0.663700,1.00,-946.846,71.985,0.240087,0.343120,0.200014
2077,7LT7,25.71,0.267000,1.00,-1499.524,263.451,1.434823,0.173530,0.238988
2078,7LVE,69.15,0.610500,1.00,-3323.034,157.161,0.397647,0.519280,0.698750
2079,7LVG,55.00,0.517600,1.00,-3018.037,222.458,0.594915,0.460500,0.730744
2080,7LX4,34.76,0.362700,1.00,-2312.052,363.249,0.936219,0.222700,0.350265
2081,7LZL,85.14,0.669200,1.00,-1768.371,304.499,0.142246,0.676960,0.645567
2082,7M1D,42.19,0.368500,1.00,-2676.557,353.484,0.787270,0.318390,0.313874
2083,7M1E,51.79,0.431700,1.00,-1583.617,96.746,0.778056,0.383720,0.426958
2084,7M3U,48.15,0.328800,1.00,-1444.850,301.595,0.693304,0.262650,0.239605
2085,7MJ3,32.95,0.329300,1.00,-2895.696,651.816,0.869857,0.235180,0.180854
2086,7MY8,39.29,0.417800,1.00,-3525.063,205.708,0.826239,0.284630,0.391390
2087,7N0T,65.62,0.478900,1.00,-527.248,100.229,0.292243,0.209030,0.251184
2088,7N21,64.71,0.528900,1.00,-495.068,132.993,0.313199,0.150070,0.185279
2089,7N23,67.65,0.481500,1.00,-495.068,132.993,0.284121,0.194230,0.185279
2090,7N25,65.62,0.509100,1.00,-527.248,100.229,0.305077,0.240260,0.251184
2091,7NIP,67.68,0.592700,1.00,-4049.227,152.157,0.273770,0.533020,0.726048
2092,7NS1,86.29,0.739900,1.00,-2536.643,67.254,0.268590,0.675730,0.814267
2093,7OB2,52.50,0.458000,1.00,-250.607,57.806,0.285726,0.130440,0.057390
2094,7OD2,51.47,0.454400,1.00,-1974.244,227.574,0.540243,0.295330,0.371226
2095,7OFM,79.17,0.734700,1.00,-1840.069,123.824,0.288626,0.579250,0.504993
2096,7OFO,68.33,0.715700,1.00,-1983.948,93.792,0.337034,0.624630,0.502019
2097,7OSC,31.25,0.309700,1.00,-1400.923,164.975,0.895779,0.215710,0.059594
2099,7P3M,36.54,0.446800,1.00,-309.305,126.384,0.457841,0.186470,0.207059
2100,7P4X,79.84,0.662200,1.00,-1922.502,98.255,0.321348,0.610070,0.597192
2101,7P55,77.27,0.678100,1.00,-1701.185,44.597,0.201597,0.276760,0.514596
2102,7P5G,31.00,0.314000,1.00,-1252.836,235.108,0.885287,0.209950,0.071291
2103,7P5Q,39.00,0.408500,1.00,-1262.910,205.603,0.773833,0.168330,0.046092
2104,7P5S,37.00,0.372300,1.00,-1138.148,181.571,0.863559,0.153010,0.051373
2105,7PH8,88.71,0.738500,1.00,-2565.225,85.509,0.156450,0.646350,0.538462
2106,7PHT,77.50,0.777200,1.00,-2438.145,106.179,0.243150,0.560600,0.383516
2107,7PL4,72.58,0.633900,1.00,-2182.399,76.998,0.544816,0.544370,0.136470
2108,7PVB,85.87,0.679800,1.00,-2772.977,255.829,0.161287,0.748370,0.663539
2109,7PVM,49.19,0.428900,1.00,-1301.322,208.413,0.843652,0.304940,0.277727
2110,7QAL,45.71,0.386300,1.00,-2419.927,244.413,0.768020,0.312350,0.420508
2111,7QAM,46.43,0.396300,1.00,-2208.521,235.123,0.720750,0.345830,0.422325
2112,7QAO,40.71,0.351100,1.00,-2133.174,138.288,1.080756,0.333700,0.395284
2113,7QAP,42.86,0.380500,1.00,-2526.168,210.439,0.936581,0.321020,0.459955
2114,7QLF,51.47,0.403300,1.00,-561.890,130.877,0.367439,0.178110,0.041111
2115,7QXJ,76.79,0.563100,1.00,-1689.241,110.657,0.215303,0.479830,0.535803
2116,7RC7,40.62,0.388300,1.00,-1375.162,335.850,0.837523,0.203130,0.231735
2117,7RC8,42.19,0.386600,1.00,-1256.925,309.678,0.776546,0.211320,0.229993
2118,7RFA,56.03,0.467900,1.00,-1139.682,391.356,0.846550,0.311560,0.324479
2119,7RN3,55.83,0.480100,1.00,-1601.636,505.582,0.370232,0.278850,0.348372
2120,7S55,55.65,0.429600,1.00,-1074.301,557.748,0.595453,0.336700,0.317069
2121,7S7P,85.12,0.628700,1.00,-2482.073,225.877,0.222734,0.695260,0.693612
2122,7SAG,50.00,0.451300,1.00,-1493.178,230.970,0.676922,0.295500,0.119927
2123,7SKC,70.59,0.539300,1.00,-2125.972,252.676,0.295581,0.437650,0.496485
2124,7T6G,56.25,0.426400,1.00,-868.436,81.437,0.467621,0.292130,0.406807
2125,7T7W,54.55,0.476100,1.00,-306.390,118.093,0.445526,0.221940,0.215952
2126,7TB9,48.75,0.493000,1.00,-804.073,74.214,0.552486,0.242080,0.068849
2127,7TH8,57.58,0.459200,1.00,-1705.674,254.163,0.633371,0.392480,0.552104
2128,7UNX,68.75,0.466900,1.00,-2359.806,277.411,0.830042,0.509840,0.291711
2129,7UV3,60.94,0.556200,1.00,-3351.025,167.991,0.573605,0.527310,0.710788
2130,7V5E,50.00,0.439800,1.00,-879.913,125.855,0.525958,0.148430,0.034127
2131,7V5F,50.81,0.469800,1.00,-2128.910,221.339,0.474865,0.257810,0.463649
2132,7VOZ,79.31,0.738400,1.00,-1708.618,58.904,0.244420,0.495890,0.703398
2133,7VQH,43.06,0.467400,1.00,-629.699,95.822,0.522990,0.143380,0.036229
2134,7VQI,51.39,0.459700,1.00,-629.699,95.822,0.450637,0.188820,0.036229
2135,7W8K,48.00,0.469400,1.00,-1441.753,130.293,0.744787,0.224420,0.120525
2136,7W8O,41.35,0.412800,1.00,-1312.629,294.819,0.591929,0.176190,0.193063
2137,7W8R,29.81,0.322000,1.00,-1312.629,294.819,0.746682,0.177490,0.193063
2138,7W8T,44.23,0.385700,1.00,-1025.897,309.008,0.572650,0.172060,0.141357
2139,7W8Z,47.37,0.358600,1.00,-2339.053,267.849,0.668320,0.394450,0.295330
2140,7W96,38.89,0.312500,1.00,-716.714,384.708,1.104444,0.223430,0.168845
2141,7WE3,31.45,0.344700,1.00,-1298.461,272.314,0.798811,0.243600,0.176399
2142,7WEI,29.03,0.341000,1.00,-1298.461,272.314,0.946058,0.229690,0.176399
2143,7Y7L,65.56,0.546800,1.00,-2621.293,306.596,0.515388,0.517850,0.496052
2144,7YAB,68.18,0.511300,1.00,-2421.379,309.105,0.320985,0.529170,0.518900
2145,7YFS,50.00,0.468900,1.00,-391.372,161.709,0.634008,0.177990,0.063000
2146,7YHF,76.39,0.600700,1.00,-2020.149,264.953,0.242026,0.560620,0.489946
2147,7YHG,80.56,0.636400,1.00,-1931.959,267.251,0.234982,0.607900,0.490733
2148,7YHH,79.17,0.622600,1.00,-1945.540,292.081,0.250103,0.580510,0.479893
2149,7YHI,72.22,0.567600,1.00,-1907.061,272.462,0.298372,0.520420,0.535366
2150,7YRV,50.89,0.524200,1.00,-2159.289,125.810,0.672641,0.274090,0.294353
2151,7YRW,55.65,0.470200,1.00,-2102.110,163.375,0.503507,0.359950,0.154941
2152,7YRX,62.90,0.504200,1.00,-2164.845,192.421,0.346755,0.350980,0.524225
2153,7YSS,53.57,0.437200,1.00,-406.957,151.358,0.380193,0.227030,0.513148
2154,7YYI,75.00,0.679600,1.00,-2112.157,70.652,0.207992,0.557070,0.741494
2155,7Z07,78.45,0.688400,1.00,-2207.813,70.960,0.170757,0.545660,0.728473
2156,7Z08,71.55,0.695300,1.00,-2172.881,67.802,0.226924,0.444630,0.741528
2157,7Z0B,79.31,0.704700,1.00,-2316.364,72.558,0.189867,0.609660,0.717599
2159,7ZNF,81.67,0.668500,1.00,-1720.787,144.367,0.223020,0.556070,0.468270
2160,7ZRF,51.39,0.448300,1.00,-640.400,158.267,0.752814,0.215100,0.035429
2161,7ZRO,30.00,0.372400,1.00,-2025.509,154.461,0.889374,0.241160,0.240411
2162,7ZRU,71.43,0.572500,1.00,-1743.301,129.385,0.577537,0.421610,0.513624
2163,7ZWJ,48.53,0.439700,1.00,-433.871,96.315,0.709239,0.178930,0.037010
2164,7ZZV,27.78,0.349700,1.00,-2504.333,145.886,0.867432,0.260190,0.471311
2165,8A6I,33.93,0.348800,1.00,-2198.949,154.008,1.167424,0.287980,0.063320
2166,8AHK,35.98,0.378600,1.00,-2192.950,486.632,0.770459,0.262320,0.257424
2167,8B1L,83.33,0.655200,1.00,-1561.043,54.967,0.230677,0.495770,0.224339
2168,8B1X,65.00,0.602400,1.00,-1535.219,66.078,0.670940,0.532120,0.285032
2169,8B4R,73.75,0.613500,1.00,-902.927,88.021,0.238204,0.217590,0.210440
2170,8B6X,69.00,0.558200,1.00,-1912.554,79.946,0.383387,0.368690,0.377822
2171,8B6Y,79.00,0.652000,1.00,-1908.339,66.834,0.302281,0.431970,0.366565
2172,8B9Q,23.12,0.368800,1.00,-2179.497,151.564,0.998241,0.216080,0.064253
2173,8B9R,28.75,0.383600,1.00,-2179.497,151.564,1.066180,0.197010,0.064253
2174,8BOO,39.13,0.423300,1.00,-795.422,169.768,0.811664,0.171800,0.028397
2175,8BVC,57.14,0.481900,1.00,-2349.966,380.047,0.341658,0.486550,0.356494
2176,8BVZ,44.74,0.460900,1.00,-675.770,99.262,0.976476,0.176880,0.038364
2177,8BWW,62.50,0.553000,1.00,-1256.393,47.955,0.392369,0.282660,0.439163
2178,8CIQ,66.43,0.488200,1.00,-1907.144,255.877,0.319660,0.487810,0.431141
2183,8CJT,60.71,0.479400,1.00,-2254.012,202.090,0.401447,0.423570,0.436447
2184,8CM3,41.30,0.438000,1.00,-1005.887,241.536,0.645429,0.122540,0.105674
2185,8DFZ,63.95,0.399700,1.00,-3095.254,296.726,0.663650,0.514390,0.367977
2186,8DYM,31.03,0.257700,1.00,-1345.228,174.939,1.088980,0.322240,0.234378
2187,8DYN,50.00,0.427600,1.00,-1276.805,194.354,0.490153,0.184050,0.127259
2188,8EB1,71.88,0.548200,1.00,-1369.772,104.413,0.300545,0.382910,0.207021
2189,8EF4,58.75,0.519600,1.00,-568.316,167.529,0.456913,0.162830,0.059824
2190,8F04,46.05,0.433500,1.00,-681.722,170.888,0.626029,0.187000,0.048968
2191,8FD4,67.65,0.511300,1.00,-1483.381,417.831,0.425019,0.481970,0.440048
2192,8FEY,63.89,0.471500,1.00,-2196.556,293.948,0.456494,0.445380,0.455691
2193,8G21,49.22,0.387000,1.00,-2110.787,153.470,1.076868,0.424160,0.236921
2194,8GUC,27.08,0.344500,1.00,-2027.016,359.236,0.867313,0.243720,0.169996
2195,8GVN,51.79,0.452700,1.00,-406.957,151.358,0.430314,0.202080,0.513148
2196,8H0G,74.19,0.710800,1.00,-2158.530,73.063,0.253270,0.535080,0.758466
2197,8H0U,80.65,0.691400,1.00,-2158.530,73.063,0.193952,0.584260,0.758466
2198,8HJC,49.24,0.471600,1.00,-2302.562,364.336,0.543854,0.288710,0.263337
2199,8HJD,50.00,0.464200,1.00,-2302.562,364.336,0.554508,0.295200,0.263337
2200,8HR3,48.08,0.519800,1.00,-339.810,83.425,0.518196,0.251380,0.053453
2201,8HR4,55.77,0.488100,1.00,-381.955,75.643,0.384902,0.200480,0.054545
2202,8HVS,52.50,0.428000,1.00,-216.025,69.689,0.351761,0.300160,0.091424
2203,8HZW,56.25,0.546300,1.00,-622.224,76.227,0.616664,0.267150,0.052514
2204,8IKQ,58.93,0.518900,1.00,-399.199,86.209,0.416865,0.304570,0.024295
2205,8IL1,66.07,0.529100,1.00,-399.199,86.209,0.404604,0.306950,0.024295
2206,8IL2,60.00,0.460900,1.00,-289.567,112.644,0.328646,0.217640,0.020392
2207,8IL6,60.00,0.483900,1.00,-289.567,112.644,0.339497,0.182800,0.020392
2208,8JB4,26.04,0.342600,1.00,-1122.591,169.642,0.921325,0.171210,0.230592
2209,8K3M,48.53,0.428700,1.00,-619.857,124.995,0.380556,0.146690,0.024948
2210,8K3N,39.71,0.468300,1.00,-619.857,124.995,0.642971,0.190730,0.024948
2211,8OR5,65.83,0.676800,1.00,-1852.104,77.184,0.326468,0.365360,0.705310
2212,8ORY,75.83,0.662400,1.00,-2147.684,80.660,0.192683,0.486120,0.541932
2213,8ORZ,59.17,0.615400,1.00,-1310.617,190.657,0.451402,0.477920,0.614948
2214,8OS0,72.50,0.698200,1.00,-1833.817,77.649,0.303785,0.456270,0.734063
2215,8OSQ,25.71,0.262300,1.00,-731.522,310.427,1.176984,0.253980,0.254245
2216,8PWT,38.97,0.457000,1.00,-2693.423,87.419,0.840999,0.307680,0.252980
2221,8QNT,27.55,0.602400,1.00,-3444.917,172.618,1.748122,0.289810,0.685469
2222,8QTQ,70.59,0.572100,1.00,-1969.038,247.536,0.320959,0.512100,0.605949
2223,8R89,38.89,0.420600,1.00,-637.232,108.979,0.641267,0.104860,0.043251
2224,8RHS,46.88,0.433200,1.00,-3201.552,278.079,0.662198,0.400290,0.357227
2225,8RPQ,70.83,0.734700,1.00,-2580.939,58.627,0.252556,0.548730,0.796543
2226,8RQ6,70.16,0.640800,1.00,-2395.114,60.255,0.342595,0.504520,0.808785
2227,8S9Y,29.49,0.318500,1.00,-1548.341,336.889,0.782119,0.281460,0.236742
2228,8SED,39.86,0.493600,1.00,-2063.896,120.529,1.124536,0.295260,0.104651
2229,8SEM,61.54,0.479600,1.00,-1903.363,342.427,0.380155,0.442540,0.343983
2230,8SVB,41.67,0.401600,1.00,-1474.966,205.412,0.856536,0.251870,0.108689
2231,8T01,44.23,0.476600,1.00,-246.119,129.397,0.421734,0.180380,0.297668
2232,8T61,53.12,0.450000,1.00,-434.016,94.232,0.516039,0.263230,0.027354
2233,8T62,65.62,0.531100,1.00,-448.280,133.414,0.317208,0.301200,0.121323
2234,8T63,46.88,0.380900,1.00,-643.792,146.534,0.532733,0.123440,0.051860
2235,8TFV,40.48,0.362600,1.00,-624.025,167.009,0.797305,0.168260,0.017492
2236,8TV4,50.00,0.446600,1.00,-474.827,126.881,0.555763,0.277370,0.134928
2237,8TXS,59.38,0.442900,1.00,-634.017,87.571,0.338792,0.219970,0.099726
2238,8TYI,66.38,0.535700,1.00,-1562.869,366.004,0.487933,0.413860,0.350327
2239,8UKC,56.67,0.421300,1.00,-531.362,130.420,0.509150,0.206140,0.053724
2240,8ULM,63.64,0.500100,1.00,-1608.996,243.877,0.397734,0.391300,0.553072
2241,8UM1,46.43,0.420100,1.00,-3264.314,191.819,0.890671,0.413500,0.312321
2242,8UM2,51.19,0.418100,1.00,-3264.314,191.819,0.629131,0.423900,0.312321
2243,8UNG,49.39,0.375000,1.00,-2098.775,565.112,0.651438,0.375890,0.467344
2244,8UWF,46.15,0.387700,1.00,-1845.398,325.286,0.630615,0.371190,0.377581
2245,8UXR,51.09,0.401500,1.00,-1216.977,194.085,0.552718,0.166950,0.173449
2246,8V2M,45.54,0.406300,1.00,-1632.285,179.140,0.643492,0.327360,0.292852
2247,8V2V,34.76,0.365100,1.00,-2416.064,597.365,0.784927,0.315720,0.318814
2248,8VU6,63.04,0.455900,1.00,-2276.698,564.104,0.556505,0.509770,0.586063
2249,8VU7,68.33,0.555900,1.00,-2487.453,598.670,0.335312,0.573720,0.504078
2250,8VU8,66.28,0.523500,1.00,-2157.195,613.016,0.271652,0.494490,0.539400
2251,8VYC,37.50,0.353000,1.00,-931.959,118.744,0.813967,0.207690,0.085262
2252,8W0Q,50.00,0.493700,1.00,-925.960,121.298,0.450495,0.186680,0.093587
2253,8W16,56.67,0.428000,1.00,-550.311,133.964,0.405881,0.183660,0.120158
2254,8W17,53.33,0.435700,1.00,-413.749,164.543,0.383529,0.179680,0.119462
2255,8W2V,25.64,0.235900,1.00,-1709.047,396.599,1.450747,0.242060,0.217951
2256,8WGI,58.00,0.497000,1.00,-1546.272,152.963,0.401598,0.274320,0.330372
2257,8WGJ,44.79,0.477100,1.00,-1522.481,85.438,0.698447,0.223080,0.132451
2258,8WW0,35.94,0.325700,1.00,-1260.866,718.792,1.202359,0.277170,0.224906
2259,8WW1,36.67,0.367500,1.00,-1775.298,257.163,0.811662,0.243250,0.063735
2260,8X3N,50.00,0.464900,1.00,-522.595,148.782,0.454870,0.225350,0.031757
2261,8X40,57.81,0.449600,1.00,-522.595,148.782,0.423101,0.143350,0.031757
2262,8XTH,66.67,0.484500,1.00,-398.384,130.395,0.435741,0.273330,0.021487
2263,8XTN,37.12,0.356400,1.00,-1348.425,210.967,0.767000,0.226010,0.216704
2264,8XTO,53.57,0.494900,1.00,-689.915,103.255,0.396608,0.132830,0.020829
2265,8Y3S,56.82,0.619400,1.00,-332.623,72.860,0.326490,0.300350,0.040102
2266,8YD6,26.67,0.372500,1.00,-1613.309,254.441,0.833978,0.198000,0.556744
2267,8ZG2,50.00,0.524500,1.00,-208.991,49.104,0.405470,0.270300,0.039166
2268,8ZG3,54.55,0.535600,1.00,-175.171,56.750,0.507941,0.215900,0.120952
2269,8ZG4,54.55,0.482300,1.00,-247.597,80.000,0.336710,0.264750,0.037414
2270,8ZP3,29.55,0.237700,1.00,-1235.644,290.643,1.239028,0.184110,0.318642
2271,8ZUG,39.13,0.307100,1.00,-740.769,146.538,1.038869,0.188090,0.056334
2272,9AZI,93.52,0.694500,1.00,-1666.821,107.602,0.129868,0.670500,0.397580
2273,9BET,58.93,0.675000,1.00,-2746.483,83.693,0.526054,0.531290,0.408053
2274,9BF4,60.48,0.473200,1.00,-2214.363,149.047,0.466579,0.331770,0.461909
2275,9BHN,47.73,0.434800,1.00,-255.677,59.038,0.535080,0.327440,0.046216
2276,9BV0,66.67,0.571200,1.00,-1842.426,194.757,0.304722,0.386980,0.408784
2277,9BV4,53.47,0.426100,1.00,-2463.944,375.510,0.525047,0.363820,0.384291
2278,9BVS,63.46,0.488500,1.00,-612.913,104.516,0.369991,0.190620,0.175333
2279,9BVU,41.67,0.420300,1.00,-733.028,124.787,0.666077,0.150500,0.148886
2280,9BVV,51.92,0.489600,1.00,-513.325,120.329,0.414355,0.207300,0.274656
2281,9CRB,65.18,0.571300,1.00,-1346.733,247.858,0.280036,0.324520,0.267628
2282,9F1E,74.11,0.595500,1.00,-1279.080,131.406,0.398661,0.471810,0.363259
2283,9F1F,65.38,0.635200,1.00,-2274.049,191.486,0.490147,0.521530,0.491103
2284,9F1G,70.41,0.653100,1.00,-3035.842,199.462,0.426098,0.596720,0.606778
2285,9FJN,88.89,0.693700,1.00,-1152.552,37.540,0.175439,0.447640,0.191316
2286,9FJW,52.14,0.388000,1.00,-2077.428,145.876,0.636040,0.362240,0.308895
2287,9G0M,62.00,0.576800,1.00,-1370.551,158.927,0.471517,0.384730,0.242556
2288,9G0N,61.00,0.569900,1.00,-1370.551,158.927,0.548510,0.387340,0.242556
2289,9G20,66.00,0.580000,1.00,-1370.551,158.927,0.471232,0.393150,0.242556
2290,9G21,56.00,0.516500,1.00,-1370.551,158.927,0.491775,0.253070,0.242556
2291,9G22,64.00,0.527200,1.00,-1172.576,178.028,0.465697,0.409060,0.319558
2292,9G2N,62.00,0.503900,1.00,-1269.995,160.779,0.478089,0.362210,0.241234
2293,9G2O,59.00,0.492000,1.00,-1269.995,160.779,0.487146,0.383690,0.241234
2294,9G31,62.00,0.475500,1.00,-1296.883,140.265,0.396600,0.279380,0.245407
2295,9G32,55.00,0.466500,1.00,-1172.576,178.028,0.513095,0.328740,0.319558
2296,9G5P,67.00,0.580900,1.00,-1370.551,158.927,0.446168,0.457280,0.242556
2297,9GDL,63.00,0.498500,1.00,-1332.162,131.448,0.415004,0.308510,0.232814
2298,9GDN,61.00,0.511000,1.00,-1317.620,183.792,0.519306,0.365820,0.291134
2299,9GDT,60.00,0.508900,1.00,-1317.620,183.792,0.506736,0.375960,0.291134
2300,9GDU,60.00,0.518200,1.00,-1317.620,183.792,0.521783,0.386180,0.291134
2301,9GE1,59.00,0.509800,1.00,-1332.162,131.448,0.527295,0.376670,0.232814
2302,9GE9,53.00,0.496200,1.00,-1312.602,157.090,0.613628,0.325130,0.178736
2303,9GEB,60.00,0.504800,1.00,-1296.063,162.077,0.534294,0.328340,0.242979
2304,9GEC,59.00,0.500600,1.00,-1339.323,143.884,0.583436,0.329860,0.238895
2305,9IKO,53.12,0.432800,1.00,-416.899,139.456,0.446684,0.178850,0.044859
2306,9ILX,62.50,0.476400,1.00,-416.899,139.456,0.316201,0.208010,0.044859
2307,9J5F,48.44,0.457200,1.00,-2199.870,228.423,0.688432,0.276090,0.270146
2308,9J5H,57.86,0.434500,1.00,-2214.417,206.684,0.604459,0.286590,0.317872
2309,9KAR,46.67,0.486900,1.00,-471.524,82.619,0.660718,0.211080,0.046082
2310,9KK0,52.00,0.441200,1.00,-1082.317,194.604,0.707115,0.216780,0.191792
2311,9L1M,52.08,0.474900,1.00,-128.059,132.227,0.422361,0.284810,0.039246
2312,9NVH,54.29,0.409600,1.00,-1691.881,316.180,0.474032,0.338950,0.331198
2313,9NWZ,52.50,0.461900,1.00,-780.289,157.859,0.635360,0.152920,0.070746
2314,9NY3,48.75,0.419600,1.00,-865.955,184.537,0.645009,0.174950,0.077767
2315,9UV5,55.00,0.504300,1.00,-273.951,48.677,0.413346,0.350230,0.132860
